date,open,high,low,close,volume,dividends,stock_splits
2020-08-14 00:00:00+03:00,1.5794614882313582,1.6475988563047095,1.5709442608152155,1.6466524600982666,5796810,0.0,0.0
2020-08-17 00:00:00+03:00,1.6475989261440203,1.6542233614280775,1.6012276535277152,1.6050130128860474,3370010,0.0,0.0
2020-08-18 00:00:00+03:00,1.6078519871799442,1.617315497791541,1.578515059158416,1.5794614553451538,5704980,0.0,0.0
2020-08-19 00:00:00+03:00,1.585139432219562,1.6040665655187365,1.5794613937623563,1.5936566591262817,5869560,0.0,0.0
2020-08-20 00:00:00+03:00,1.6002812572811562,1.6144765240958296,1.5823006311081507,1.6050130128860474,5352790,0.0,0.0
2020-08-21 00:00:00+03:00,1.6069058213078518,1.6920775418336627,1.6069058213078518,1.6371891498565674,11233440,0.0,0.0
2020-08-24 00:00:00+03:00,1.659901342343467,1.6693649660358292,1.6173155433906052,1.620154619216919,3698100,0.0,0.0
2020-08-25 00:00:00+03:00,1.6267791438996133,1.64097441099935,1.5472855804527148,1.5832469463348389,3908790,0.0,0.0
2020-08-26 00:00:00+03:00,1.579461543257821,1.5993349617739048,1.561480804406614,1.5718907117843628,5819340,0.0,0.0
2020-08-27 00:00:00+03:00,1.5785151594914828,1.5870323872716563,1.5699980445252617,1.5756760835647583,5267120,0.0,0.0
2020-08-28 00:00:00+03:00,1.5785151720046997,1.5841933239031605,1.556749073479204,1.5785151720046997,5808440,0.0,0.0
2020-08-31 00:00:00+03:00,1.5756760199695061,1.5813541715937813,1.520787634585987,1.5293048620224,4764590,0.0,0.0
2020-09-01 00:00:00+03:00,1.5283583273784058,1.534982761797402,1.5037531563204916,1.5255192518234253,4062080,0.0,0.0
2020-09-02 00:00:00+03:00,1.5558025936574362,1.5614806320252328,1.5283583466976323,1.5302510261535645,2653400,0.0,0.0
2020-09-03 00:00:00+03:00,1.5558027530819618,1.5558027530819618,1.5283585033099207,1.5397146940231323,3076550,0.0,0.0
2020-09-04 00:00:00+03:00,1.5340364753453422,1.5709441190426572,1.5340364753453422,1.5529634952545166,4123730,0.0,0.0
2020-09-07 00:00:00+03:00,1.5576954013508462,1.5709442714470256,1.5520172497016558,1.5614807605743408,2507780,0.0,0.0
2020-09-08 00:00:00+03:00,1.5643197322530633,1.6050128488592204,1.5548562220104194,1.5946029424667358,7324840,0.0,0.0
2020-09-09 00:00:00+03:00,1.6154228888434417,1.6447598181473104,1.6059593778181873,1.6258327960968018,8587910,0.0,0.0
2020-09-10 00:00:00+03:00,1.6400280562541365,1.6457060951588285,1.6182619584179425,1.624886393547058,4544280,0.0,0.0
2020-09-11 00:00:00+03:00,1.622993582045357,1.6362424512271292,1.609744600049644,1.6220471858978271,2348930,0.0,0.0
2020-09-14 00:00:00+03:00,1.6116373476010595,1.6163691029106806,1.6031202331693193,1.6087983846664429,2473890,0.0,0.0
2020-09-15 00:00:00+03:00,1.6182618269287365,1.6447596781061093,1.6059592410806054,1.621100902557373,5279190,0.0,0.0
2020-09-16 00:00:00+03:00,1.6334035819933446,1.6750430999091794,1.6296182225527935,1.6731504201889038,6040440,0.0,0.0
2020-09-17 00:00:00+03:00,1.67220387112933,1.787658902912156,1.651384170480726,1.7526438236236572,22543870,0.0,0.0
2020-09-18 00:00:00+03:00,1.766839022193834,1.779141608004141,1.7015407341917157,1.708165168762207,10263450,0.0,0.0
2020-09-21 00:00:00+03:00,1.7091117092284256,1.726146051572354,1.6655795135510476,1.6845065355300903,12064700,0.0,0.0
2020-09-22 00:00:00+03:00,1.69396997770839,1.705326280685668,1.6892382224058393,1.6958627700805664,7601780,0.0,0.0
2020-09-23 00:00:00+03:00,1.7024871999327191,1.7460193937136945,1.6987017280134482,1.725199580192566,9314550,0.0,0.0
2020-09-24 00:00:00+03:00,1.7195215415345768,1.7460193937136945,1.7081652385907085,1.725199580192566,8910840,0.0,0.0
2020-09-25 00:00:00+03:00,1.7393949862592362,1.7942833710343542,1.729931362719026,1.790497899055481,10171200,0.0,0.0
2020-09-28 00:00:00+03:00,1.7933370810293339,1.8349765983789625,1.792390797589041,1.816049575805664,14126040,0.0,0.0
2020-09-29 00:00:00+03:00,1.8160494682675499,1.8425473208638772,1.7649464426573584,1.790497899055481,9709580,0.0,0.0
2020-09-30 00:00:00+03:00,1.7914444146329052,1.8151031930251504,1.7753564678889693,1.7895517349243164,8384110,0.0,0.0
2020-10-01 00:00:00+03:00,1.8207812309265137,1.8425473282469256,1.7971224540160546,1.8207812309265137,11141820,0.0,0.0
2020-10-02 00:00:00+03:00,1.823620394158156,1.862420835277305,1.8188886385491843,1.8434937000274658,7290040,0.0,0.0
2020-10-05 00:00:00+03:00,1.856742670422028,1.8983821871778352,1.852010914846183,1.8699915409088135,16895550,0.0,0.0
2020-10-06 00:00:00+03:00,1.8841867892324864,1.932450737870507,1.8690451273186912,1.8945966958999634,24667650,0.0,0.0
2020-10-07 00:00:00+03:00,1.8917573978920752,1.898381945104687,1.8501179992598888,1.8690450191497803,10276690,0.0,0.0
2020-10-08 00:00:00+03:00,1.8567426136070284,1.8728305595098316,1.8075322668728802,1.826459288597107,7983650,0.0,0.0
2020-10-09 00:00:00+03:00,1.823620206561266,1.852957020630624,1.8141566963168396,1.8255128860473633,9426120,0.0,0.0
2020-10-12 00:00:00+03:00,1.8302448105379476,1.870937930917456,1.8226739790790236,1.8680988550186157,14732130,0.0,0.0
2020-10-13 00:00:00+03:00,1.8643133720723735,1.89838205497144,1.826459217287886,1.8945966958999634,15171150,0.0,0.0
2020-10-14 00:00:00+03:00,1.9002746849009764,1.9362361613458912,1.8766160206963858,1.9116309881210327,12269640,0.0,0.0
2020-10-15 00:00:00+03:00,1.8927039610893446,1.9475924589920008,1.8860795261059025,1.93812894821167,13432720,0.0,0.0
2020-10-16 00:00:00+03:00,1.9494849187402332,1.9721975238683702,1.9343432571974362,1.9419142007827759,9785500,0.0,0.0
2020-10-19 00:00:00+03:00,1.9513775371283848,1.996802292080445,1.949484744993773,1.957055687904358,10011400,0.0,0.0
2020-10-20 00:00:00+03:00,1.960841341563809,1.968412059985583,1.9078456357277034,1.9438068866729736,10260030,0.0,0.0
2020-10-21 00:00:00+03:00,1.9532702389492567,1.968411900191513,1.9097380474882242,1.9343432188034058,6805810,0.0,0.0
2020-10-22 00:00:00+03:00,1.9305580668299784,1.9475925221638382,1.8964893817901611,1.8964893817901611,6902590,0.0,0.0
2020-10-23 00:00:00+03:00,1.9173091650009155,1.972197663784083,1.9002747099463193,1.9173091650009155,10618510,0.0,0.0
2020-10-26 00:00:00+03:00,1.9173090687383678,1.9173090687383678,1.7696781476695318,1.7781952619552612,7308410,0.0,0.0
2020-10-27 00:00:00+03:00,1.7980687993953866,1.8122640660310665,1.7422340162733416,1.8075323104858398,7096970,0.0,0.0
2020-10-28 00:00:00+03:00,1.8056397631505485,1.816995954728501,1.7176290809969872,1.7204680442810059,3102120,0.0,0.0
2020-10-30 00:00:00+03:00,1.7005946709817403,1.7005946709817403,1.6296182225527935,1.6731504201889038,7533800,0.0,0.0
2020-11-02 00:00:00+03:00,1.6390815483677392,1.6987016860960742,1.6371888688617802,1.6561158895492554,6700760,0.0,0.0
2020-11-03 00:00:00+03:00,1.675042879419315,1.7800880002417019,1.6580085385511967,1.7356094121932983,17496300,0.0,0.0
2020-11-04 00:00:00+03:00,1.7744099333019212,1.7772490090504587,1.7195215491479967,1.7554829120635986,9966970,0.0,0.0
2020-11-05 00:00:00+03:00,1.7564291687435227,1.8662060481969647,1.750751130146686,1.8368691205978394,11658110,0.0,0.0
2020-11-06 00:00:00+03:00,1.841600775718689,1.8671523428641708,1.8084784908556666,1.841600775718689,3480870,0.0,0.0
2020-11-09 00:00:00+03:00,1.8633670501187154,1.9267726631960878,1.8595816908964609,1.9154163599014282,11138320,0.0,0.0
2020-11-10 00:00:00+03:00,1.9210944089454067,1.9778754711303033,1.8709377814526265,1.975982904434204,13804590,0.0,0.0
2020-11-11 00:00:00+03:00,2.000588144841053,2.1255065761658423,1.9665194612408472,2.1103649139404297,26956020,0.0,0.0
2020-11-12 00:00:00+03:00,2.1122577431767127,2.136862690890855,2.011944257386904,2.0592620372772217,15114170,0.0,0.0
2020-11-13 00:00:00+03:00,2.072511068671164,2.138755649795089,2.0384423818247055,2.1027941703796387,16835340,0.0,0.0
2020-11-16 00:00:00+03:00,2.1160429496956765,2.1936438233374242,2.076296116732268,2.0819742679595947,33285670,0.0,0.0
2020-11-17 00:00:00+03:00,2.116043467719849,2.1236141874577372,2.0214081172286384,2.030871629714966,11205800,0.0,0.0
2020-11-18 00:00:00+03:00,2.017622585826784,2.0630475772760053,1.9532705710140328,1.9873392581939697,17251270,0.0,0.0
2020-11-19 00:00:00+03:00,1.9892317276708509,2.06115444989545,1.96273376388922,2.0233004093170166,17440980,0.0,0.0
2020-11-20 00:00:00+03:00,2.044120557947653,2.121721444142479,2.0403349727651414,2.1084723472595215,13656040,0.0,0.0
2020-11-23 00:00:00+03:00,2.1198285396265772,2.131184843318679,1.9892319496790265,2.0214078426361084,16447580,0.0,0.0
2020-11-24 00:00:00+03:00,2.0214078301871328,2.044120437431459,1.9854465780967883,2.017622470855713,7898790,0.0,0.0
2020-11-25 00:00:00+03:00,2.025193214416504,2.046012801489702,1.9986952504671418,2.025193214416504,12377250,0.0,0.0
2020-11-26 00:00:00+03:00,2.034656763057764,2.07440337129084,2.0062660062800166,2.0365493297576904,10888410,0.0,0.0
2020-11-27 00:00:00+03:00,2.053583758009724,2.0819742888027024,2.013836924648401,2.0289785861968994,11396710,0.0,0.0
2020-11-30 00:00:00+03:00,2.015729738199304,2.0176223048953883,1.9475923733267975,1.9778754711151123,9698350,0.0,0.0
2020-12-01 00:00:00+03:00,1.9740901530338706,2.049798237516524,1.9740901530338706,2.0460128784179688,10426320,0.0,0.0
2020-12-02 00:00:00+03:00,2.0592621637874635,2.080081753565237,2.0100518140801618,2.032764196395874,12535180,0.0,0.0
2020-12-03 00:00:00+03:00,2.0384419446612494,2.1179353798362457,2.013836774680738,2.106579303741455,16811510,0.0,0.0
2020-12-04 00:00:00+03:00,2.121720858197606,2.133076933725242,2.0592616530981185,2.083866596221924,15166690,0.0,0.0
2020-12-07 00:00:00+03:00,2.080081651318048,2.1311847910512944,2.0535839108568745,2.127399206161499,11409940,0.0,0.0
2020-12-08 00:00:00+03:00,2.148219057800277,2.2958501022256845,2.129292035534646,2.1955366134643555,37561540,0.0,0.0
2020-12-09 00:00:00+03:00,2.157682418823242,2.1936438940028453,2.1330772464641212,2.157682418823242,16583880,0.0,0.0
2020-12-10 00:00:00+03:00,2.1822880489015906,2.23149840394135,2.1406486392060664,2.1520047187805176,18114670,0.0,0.0
2020-12-11 00:00:00+03:00,2.1463262528429365,2.3185624703377936,2.131184815620792,2.250425100326538,40489090,0.0,0.0
2020-12-14 00:00:00+03:00,2.2807082532897627,2.4207683420099024,2.275030101947561,2.3261330127716064,32074690,0.0,0.0
2020-12-15 00:00:00+03:00,2.3374892117239723,2.346952721665046,2.290171662018603,2.301527738571167,10348770,0.0,0.0
2020-12-16 00:00:00+03:00,2.322347550692679,2.384806761429341,2.278815359838165,2.301527738571167,12988730,0.0,0.0
2020-12-17 00:00:00+03:00,2.3261329095435337,2.3261329095435337,2.278815359838165,2.301527738571167,5381230,0.0,0.0
2020-12-18 00:00:00+03:00,2.3109915131908565,2.4037340566119383,2.288279131856598,2.365880012512207,15579470,0.0,0.0
2020-12-21 00:00:00+03:00,2.3564165880716934,2.441588190425643,2.307206238682692,2.388592481613159,18511940,0.0,0.0
2020-12-22 00:00:00+03:00,2.3885928160921694,2.44726668507004,2.3564169180450536,2.4131979942321777,12164790,0.0,0.0
2020-12-23 00:00:00+03:00,2.43212449036246,2.4794420435547466,2.4245537721028505,2.460515022277832,15614620,0.0,0.0
2020-12-24 00:00:00+03:00,2.4624076827738084,2.708459171823442,2.449158813715136,2.6592488288879395,41383040,0.0,0.0
2020-12-25 00:00:00+03:00,2.6592488362925906,2.6838540078288546,2.5740772448709777,2.6024677753448486,13170440,0.0,0.0
2020-12-28 00:00:00+03:00,2.6062531418632764,2.657356277367192,2.543793929513509,2.545686721801758,11363230,0.0,0.0
2020-12-29 00:00:00+03:00,2.593004399348402,2.593004399348402,2.5154035217869497,2.51918888092041,14982420,0.0,0.0
2020-12-30 00:00:00+03:00,2.5456869851008577,2.646000248567909,2.5135108666399497,2.553257703781128,20701940,0.0,0.0
2020-12-31 00:00:00+03:00,2.5683991484565896,2.575969866493352,2.4889057065590507,2.4983692169189453,9614550,0.0,0.0
2021-01-04 00:00:00+03:00,2.5078327272644567,2.541901409685459,2.485120121898532,2.5002617835998535,13141880,0.0,0.0
2021-01-05 00:00:00+03:00,2.48701307673674,2.5948972823909755,2.47944213257741,2.540008783340454,17942610,0.0,0.0
2021-01-06 00:00:00+03:00,2.5702920212890885,2.6308584443639624,2.5608285106327675,2.5778627395629883,20749320,0.0,0.0
2021-01-07 00:00:00+03:00,2.58732635096049,2.6157168840348777,2.536223436552173,2.5437941551208496,13969120,0.0,0.0
2021-01-08 00:00:00+03:00,2.5835410762352957,2.7065667235842628,2.560828694157991,2.683854341506958,35582440,0.0,0.0
2021-01-11 00:00:00+03:00,2.685746772684731,2.76713300433762,2.630858278952374,2.7103519439697266,22313430,0.0,0.0
2021-01-12 00:00:00+03:00,2.697103214184015,2.7198158219055166,2.6195023309340044,2.62518048286438,11973970,0.0,0.0
2021-01-13 00:00:00+03:00,2.6403221687395155,2.7160302601182256,2.6308586573171766,2.689532518386841,13981850,0.0,0.0
2021-01-14 00:00:00+03:00,2.693317484427372,2.7236008068066484,2.647892726486335,2.6535706520080566,10687300,0.0,0.0
2021-01-15 00:00:00+03:00,2.649785657477401,2.6781761915013695,2.594897381948891,2.62518048286438,8013610,0.0,0.0
2021-01-18 00:00:00+03:00,2.642214778263577,2.7898455913520754,2.5778627696722345,2.7614550590515137,20111920,0.0,0.0
2021-01-19 00:00:00+03:00,2.80498700532931,2.9620815409021874,2.755776663447978,2.816343307495117,31168720,0.0,0.0
2021-01-20 00:00:00+03:00,2.8201288194174383,2.867446371630237,2.7425279435372936,2.8541975021362305,16057620,0.0,0.0
2021-01-21 00:00:00+03:00,2.933691422047243,2.962082183622058,2.8504126068541957,2.8523051738739014,18116020,0.0,0.0
2021-01-22 00:00:00+03:00,2.8447341792595107,2.863661201392572,2.7765968093293294,2.842841386795044,9007860,0.0,0.0
2021-01-25 00:00:00+03:00,2.9204422290428225,2.9204422290428225,2.79173843512009,2.8333778381347656,11783620,0.0,0.0
2021-01-26 00:00:00+03:00,2.820129156112671,2.8560904098366575,2.769026238747248,2.820129156112671,10562510,0.0,0.0
2021-01-27 00:00:00+03:00,2.827699670491814,2.8333778221499397,2.5494722698947125,2.5930044651031494,15512900,0.0,0.0
2021-01-28 00:00:00+03:00,2.5797553889080254,2.6592488288879395,2.4813347030370205,2.6592488288879395,15019670,0.0,0.0
2021-01-29 00:00:00+03:00,2.5835411174472234,2.6952106883528137,2.57597017288208,2.57597017288208,10083090,0.0,0.0
2021-02-01 00:00:00+03:00,2.5967898620588317,2.7273864495814526,2.570292121439813,2.661141872406006,13709110,0.0,0.0
2021-02-02 00:00:00+03:00,2.685746772684731,2.8012016856839312,2.6706051114610503,2.7103519439697266,20864020,0.0,0.0
2021-02-03 00:00:00+03:00,2.7103523834809993,2.7349575587559753,2.6781762635525386,2.7027814388275146,7539500,0.0,0.0
2021-02-04 00:00:00+03:00,2.706566599038664,2.8371631848224608,2.706566599038664,2.82959246635437,22127860,0.0,0.0
2021-02-05 00:00:00+03:00,2.84129880539831,2.909718066002673,2.769078525107337,2.850801467895508,19708140,0.012319,0.0
2021-02-08 00:00:00+03:00,2.8584036498339125,2.898314924937289,2.7842829692834785,2.81659197807312,12372610,0.0,0.0
2021-02-09 00:00:00+03:00,2.816591850668578,2.886911734723359,2.8032881684230113,2.841298818588257,14622030,0.0,0.0
2021-02-10 00:00:00+03:00,2.843199292161819,2.867906032220517,2.7614761267317642,2.8051884174346924,8509230,0.0,0.0
2021-02-11 00:00:00+03:00,2.8070890287076486,2.824193729686064,2.732968129158071,2.7443714141845703,7879910,0.0,0.0
2021-02-12 00:00:00+03:00,2.736769288690261,2.847000209736798,2.7082610770252433,2.810889959335327,10739010,0.0,0.0
2021-02-15 00:00:00+03:00,2.845099601002557,3.0902686366187013,2.8260942775050357,3.0313520431518555,31253130,0.0,0.0
2021-02-16 00:00:00+03:00,3.0560592027056557,3.082666566664044,2.9021157554328547,2.959131956100464,19065710,0.0,0.0
2021-02-17 00:00:00+03:00,2.99334181003839,2.99334181003839,2.8508016375369967,2.898314952850342,13018700,0.0,0.0
2021-02-18 00:00:00+03:00,2.8983145640251027,2.991440785482666,2.8431992162802007,2.9420268535614014,15388950,0.0,0.0
2021-02-19 00:00:00+03:00,2.959131850633297,3.232808652526002,2.923021599049537,3.2252066135406494,40362250,0.0,0.0
2021-02-22 00:00:00+03:00,3.2290076492094033,3.246112350292802,3.0693627906652328,3.0959701538085938,16362060,0.0,0.0
2021-02-23 00:00:00+03:00,3.094069628661322,3.1624888832722564,2.9078171881580763,2.940126419067383,15117940,0.0,0.0
2021-02-24 00:00:00+03:00,2.8679063070323294,2.9363255709114386,2.748172708524566,2.755774974822998,10571860,0.0,0.0
2021-02-25 00:00:00+03:00,2.8374978072918737,2.841298827007392,2.6322400239177273,2.7310678958892822,12460650,0.0,0.0
2021-02-26 00:00:00+03:00,2.613234519423044,2.7842826604951796,2.598030215043151,2.6531457901000977,7800710,0.0,0.0
2021-03-01 00:00:00+03:00,2.6816540943958516,2.8412989695063695,2.6797534711620976,2.8374979496002197,11364700,0.0,0.0
2021-03-02 00:00:00+03:00,2.8508011505216535,2.8565027926974893,2.7386696096012866,2.7576749324798584,9535780,0.0,0.0
2021-03-03 00:00:00+03:00,2.7614763913451275,2.848900981128283,2.7139630765850113,2.755774974822998,11029390,0.0,0.0
2021-03-04 00:00:00+03:00,2.742470728149936,2.803287944812178,2.6702504532845195,2.721565008163452,14240550,0.0,0.0
2021-03-05 00:00:00+03:00,2.6835546844712366,2.7519739539583234,2.6702510005602407,2.694957971572876,12866920,0.0,0.0
2021-03-08 00:00:00+03:00,2.7139629706298884,2.795685914139035,2.677852943446505,2.6911566257476807,11258210,0.0,0.0
2021-03-09 00:00:00+03:00,2.717763799972616,2.717763799972616,2.6645488479342356,2.693057060241699,9951200,0.0,0.0
2021-03-10 00:00:00+03:00,2.702559722913273,2.753874051958404,2.6398421089419664,2.683554172515869,13722590,0.0,0.0
2021-03-11 00:00:00+03:00,2.6949577408737233,2.7044604037911655,2.624638080596924,2.624638080596924,13045770,0.0,0.0
2021-03-12 00:00:00+03:00,2.626538427466997,2.6607480586337386,2.6018314590376086,2.622737407684326,9020650,0.0,0.0
2021-03-15 00:00:00+03:00,2.6284390546891143,2.6284390546891143,2.5809257409291364,2.5828261375427246,6381960,0.0,0.0
2021-03-16 00:00:00+03:00,2.5828261736761076,2.6284390914606157,2.5581192048630017,2.5942294597625732,7464820,0.0,0.0
2021-03-17 00:00:00+03:00,2.5942292746956213,2.599930917332111,2.5144067309074463,2.5163073539733887,6644840,0.0,0.0
2021-03-18 00:00:00+03:00,2.52581031610067,2.6569472060660546,2.5182082760568933,2.609433889389038,15948620,0.0,0.0
2021-03-19 00:00:00+03:00,2.5999310800168876,2.6094337428185317,2.482097880027423,2.5733234882354736,13431640,0.0,0.0
2021-03-22 00:00:00+03:00,2.3870708782357135,2.4592911495319933,2.316751003265381,2.316751003265381,3863720,0.0,0.0
2021-03-23 00:00:00+03:00,2.2293267314572445,2.4231812298448308,2.0905878121144736,2.2996466159820557,16977600,0.0,0.0
2021-03-24 00:00:00+03:00,2.3376572395882227,2.406076500182754,2.2483320308783217,2.3186519145965576,44674090,0.0,0.0
2021-03-25 00:00:00+03:00,2.3224527452145307,2.373767073202319,2.2616357555045106,2.2806410789489746,21199330,0.0,0.0
2021-03-26 00:00:00+03:00,2.2996466717652635,2.328154660271277,2.2084208366723974,2.2521331310272217,16768970,0.0,0.0
2021-03-29 00:00:00+03:00,2.2939446694831656,2.2939446694831656,2.225525417159748,2.236928701400757,8410880,0.0,0.0
2021-03-30 00:00:00+03:00,2.2388293521639784,2.2559342804693725,2.1647086758579683,2.1875150203704834,7093200,0.0,0.0
2021-03-31 00:00:00+03:00,2.195117024743024,2.2483319787993152,2.136200428009033,2.136200428009033,12781630,0.0,0.0
2021-04-01 00:00:00+03:00,2.109592794101529,2.2103210466368868,2.109592794101529,2.174211025238037,13127360,0.0,0.0
2021-04-02 00:00:00+03:00,2.185614484780321,2.2312274021931984,2.174211425348116,2.1913161277770996,9280080,0.0,0.0
2021-04-05 00:00:00+03:00,2.204619878974941,2.2692381240129396,2.1913161959428518,2.2445311546325684,10330800,0.0,0.0
2021-04-06 00:00:00+03:00,2.248332014590972,2.2977459498358743,2.1875150203704834,2.1875150203704834,14249900,0.0,0.0
2021-04-07 00:00:00+03:00,2.1875151909875705,2.2179238037502316,2.0981899759577636,2.1343002319335938,11229170,0.0,0.0
2021-04-08 00:00:00+03:00,2.138100886981255,2.174211136794189,2.11909556388855,2.11909556388855,9541320,0.0,0.0
2021-04-09 00:00:00+03:00,2.1190958703745135,2.1590071452661124,2.048775983512043,2.071582555770874,10573240,0.0,0.0
2021-04-12 00:00:00+03:00,2.0715822276275713,2.081084889043056,2.0202676747348978,2.027869939804077,8929550,0.0,0.0
2021-04-13 00:00:00+03:00,2.027870099142008,2.0886870916674836,1.9461471592352733,1.9594508409500122,15228820,0.0,0.0
2021-04-14 00:00:00+03:00,1.9803568042581292,2.0487758364390425,1.9803568042581292,2.0354721546173096,7157570,0.0,0.0
2021-04-15 00:00:00+03:00,2.046875415565875,2.0620797202788936,2.0031631244764485,2.01456618309021,6332420,0.0,0.0
2021-04-16 00:00:00+03:00,2.0221685092590906,2.0791844837186266,2.0221685092590906,2.046875476837158,6165630,0.0,0.0
2021-04-19 00:00:00+03:00,2.0791845723956603,2.090587858398454,1.9632519954255527,1.9955610036849976,9673220,0.0,0.0
2021-04-20 00:00:00+03:00,1.9879587636456166,2.0088647103560326,1.8919818335754275,1.936644434928894,5567680,0.0,0.0
2021-04-21 00:00:00+03:00,1.932843382856392,1.9385450258550279,1.8549215704655346,1.8796285390853882,11140830,0.0,0.0
2021-04-22 00:00:00+03:00,1.864424102299176,1.8995839295722936,1.8264134537270127,1.8891310691833496,9115670,0.0,0.0
2021-04-26 00:00:00+03:00,1.8815288971601998,1.9385448694229126,1.8777277643742853,1.9385448694229126,7929160,0.0,0.0
2021-04-27 00:00:00+03:00,1.9461474230329305,2.016467087252289,1.9442467997183395,1.9860584735870361,10004570,0.0,0.0
2021-04-28 00:00:00+03:00,1.9860583031463972,1.9993622120840782,1.9461472560173998,1.993660569190979,8205540,0.0,0.0
2021-04-29 00:00:00+03:00,1.997461443661113,2.1209962754893192,1.997461443661113,2.0829854011535645,12337050,0.0,0.0
2021-04-30 00:00:00+03:00,2.077283997949147,2.096289321952668,2.033571707428781,2.043074369430542,5384550,0.0,0.0
2021-05-03 00:00:00+03:00,2.0563778899595238,2.1057918191253795,2.0430742095106598,2.0962891578674316,7586930,0.0,0.0
2021-05-04 00:00:00+03:00,2.1000902081054553,2.30534796618518,2.1000902081054553,2.227426052093506,38218840,0.0,0.0
2021-05-05 00:00:00+03:00,2.219824122699344,2.29394502875179,2.2141224796858707,2.2521331310272217,18156190,0.0,0.0
2021-05-06 00:00:00+03:00,2.257834774040695,2.280641346094588,2.2255257657128173,2.2521331310272217,12567990,0.0,0.0
2021-05-07 00:00:00+03:00,2.2673373092419493,2.3205522634365083,2.235028302732826,2.2768399715423584,19904290,0.0,0.0
2021-05-10 00:00:00+03:00,2.3775685539948284,2.4782968235126224,2.3452593196986946,2.43078351020813,31257310,0.0,0.0
2021-05-11 00:00:00+03:00,2.3794685442016332,2.4687937392073405,2.377568147930831,2.4136781692504883,15496680,0.0,0.0
2021-05-12 00:00:00+03:00,2.4136786082100428,2.423181270976171,2.3718669373513497,2.411778211593628,3447810,0.0,0.0
2021-05-17 00:00:00+03:00,2.4288826241880614,2.489699613323685,2.4288826241880614,2.4497885704040527,7469000,0.0,0.0
2021-05-18 00:00:00+03:00,2.45549062297585,2.4687943061719304,2.3946733971171468,2.396574020385742,6345260,0.0,0.0
2021-05-20 00:00:00+03:00,2.3604634802645665,2.407976790650305,2.3167511893974204,2.3946731090545654,29192810,0.0,0.0
2021-05-21 00:00:00+03:00,2.402275183688169,2.4098772221210414,2.331955308658171,2.3566622734069824,5307780,0.0,0.0
2021-05-24 00:00:00+03:00,2.3319554955392863,2.34715980018481,2.303447509289431,2.3243534564971924,5078770,0.0,0.0
2021-05-25 00:00:00+03:00,2.3262539494473815,2.3699662421555203,2.162808064212199,2.208420753479004,14175940,0.0,0.0
2021-05-26 00:00:00+03:00,2.2084206784693126,2.2217245867348248,2.1457030629366707,2.1951169967651367,5732000,0.0,0.0
2021-05-27 00:00:00+03:00,2.187514958213855,2.206520282527819,2.162807991293434,2.1647086143493652,38657190,0.0,0.0
2021-05-28 00:00:00+03:00,2.1666089602876424,2.265436825663247,2.128598312546666,2.202719211578369,7325270,0.0,0.0
2021-05-31 00:00:00+03:00,2.212696265114119,2.224180699765563,2.149531075907638,2.161015510559082,4754440,0.016425,0.0
2021-06-01 00:00:00+03:00,2.1667581157912377,2.1916414029478126,2.1648441571965367,2.17441463470459,3981820,0.0,0.0
2021-06-02 00:00:00+03:00,2.159101849168141,2.1916414274232756,2.1476171847589476,2.1878132820129395,3998250,0.0,0.0
2021-06-03 00:00:00+03:00,2.1992979464221327,2.2280093792669313,2.1514453301692837,2.1878132820129395,7131360,0.0,0.0
2021-06-04 00:00:00+03:00,2.1897273968889177,2.2356655966605508,2.1820708781415274,2.2050399780273438,5747130,0.0,0.0
2021-06-07 00:00:00+03:00,2.2107823727742573,2.258634760635093,2.2107823727742573,2.250978469848633,5023610,0.0,0.0
2021-06-08 00:00:00+03:00,2.2490643213120878,2.2682052767819467,2.2203528881073,2.2203528881073,4839030,0.0,0.0
2021-06-09 00:00:00+03:00,2.2318374513759442,2.243322115407941,2.2012118327427372,2.2050399780273438,3080630,0.0,0.0
2021-06-10 00:00:00+03:00,2.2031260075539456,2.2758616802806366,2.1897273850412287,2.2490642070770264,63229120,0.0,0.0
2021-06-11 00:00:00+03:00,2.254806493488245,2.2873462980190964,2.2337515808732973,2.241407871246338,5845940,0.0,0.0
2021-06-14 00:00:00+03:00,2.2586346710675005,2.2720335216797416,2.1801568949947265,2.191641330718994,5127250,0.0,0.0
2021-06-15 00:00:00+03:00,2.20121178740241,2.2165245964036018,2.17250035609199,2.1973836421966553,5044000,0.0,0.0
2021-06-16 00:00:00+03:00,2.2012119225129063,2.208868441572546,2.1361327654859954,2.1629300117492676,5573440,0.0,0.0
2021-06-17 00:00:00+03:00,2.149531602859497,2.176328851793627,2.1227341257471575,2.149531602859497,6270210,0.0,0.0
2021-06-18 00:00:00+03:00,2.1571874305164034,2.1571874305164034,2.092108281000931,2.124647855758667,6250670,0.0,0.0
2021-06-21 00:00:00+03:00,2.1055070431781227,2.128476142883301,2.0806237567566064,2.128476142883301,6589190,0.0,0.0
2021-06-22 00:00:00+03:00,2.132304267663004,2.1648440724592435,2.0997646910449386,2.134218454360962,3404780,0.0,0.0
2021-06-23 00:00:00+03:00,2.1667579127762733,2.1667579127762733,2.1303901929244273,2.1437888145446777,5086820,0.0,0.0
2021-06-24 00:00:00+03:00,2.1418748210745866,2.161015776023132,2.132304343600314,2.1361327171325684,3253350,0.0,0.0
2021-06-25 00:00:00+03:00,2.1418745962463968,2.172500212220634,2.1074208353199193,2.1112492084503174,6234290,0.0,0.0
2021-06-28 00:00:00+03:00,2.111249366390953,2.120819843576591,2.05382627509895,2.0901942253112793,6977000,0.0,0.0
2021-06-29 00:00:00+03:00,2.082537889480591,2.0882799931243823,2.0423417949050306,2.082537889480591,2734610,0.0,0.0
2021-06-30 00:00:00+03:00,2.0882800135811843,2.0921083869521078,2.048084146790035,2.0767955780029297,3614520,0.0,0.0
2021-07-01 00:00:00+03:00,2.0767955984600457,2.101678884725297,2.0576546441295713,2.0710532665252686,5351370,0.0,0.0
2021-07-02 00:00:00+03:00,2.0787095411161296,2.1112493457720483,2.0557404417305545,2.0959365367889404,6286400,0.0,0.0
2021-07-05 00:00:00+03:00,2.107421260728835,2.170586463815024,2.1035931150038367,2.1418750286102295,7085470,0.0,0.0
2021-07-06 00:00:00+03:00,2.145703323790084,2.2088685245588158,2.1303905132736953,2.2031261920928955,8867700,0.0,0.0
2021-07-07 00:00:00+03:00,2.2012120496797754,2.272033771226519,2.199298090937934,2.210782527923584,9491510,0.0,0.0
2021-07-08 00:00:00+03:00,2.2069541647587356,2.233751638107336,2.176328546125529,2.2050399780273438,38570630,0.0,0.0
2021-07-09 00:00:00+03:00,2.2241810532794477,2.289260439360705,2.2050400976399347,2.277776002883911,10381090,0.0,0.0
2021-07-12 00:00:00+03:00,2.277775940240977,2.339026950967267,2.2222670335060712,2.231837511062622,12565750,0.0,0.0
2021-07-13 00:00:00+03:00,2.233751813125673,2.2356657718288493,2.1878133815765066,2.2031261920928955,7756750,0.0,0.0
2021-07-14 00:00:00+03:00,2.2031261259250092,2.2854322803227247,2.2012119391011273,2.2586348056793213,7766170,0.0,0.0
2021-07-16 00:00:00+03:00,2.275861886729863,2.319886131703636,2.2548067436012156,2.31797194480896,8410740,0.0,0.0
2021-07-19 00:00:00+03:00,2.306487077309027,2.333284319761736,2.2835177515745286,2.287346124649048,3158460,0.0,0.0
2021-07-26 00:00:00+03:00,2.2969167639782717,2.317971676491504,2.26054881443659,2.2854321002960205,7415020,0.0,0.0
2021-07-27 00:00:00+03:00,2.3045732618278993,2.375394980615252,2.291174638444251,2.354339838027954,12418360,0.0,0.0
2021-07-28 00:00:00+03:00,2.3485972682140104,2.358167745117303,2.272033452987671,2.272033452987671,8189500,0.0,0.0
2021-07-29 00:00:00+03:00,2.279690069480379,2.3084015042990855,2.258634926008714,2.268205404281616,7931500,0.0,0.0
2021-07-30 00:00:00+03:00,2.2662911572259774,2.2873462980190964,2.239493684563992,2.241407871246338,4486110,0.0,0.0
2021-08-02 00:00:00+03:00,2.2490640048989627,2.2873461386310856,2.241407715059432,2.262462854385376,5330710,0.0,0.0
2021-08-03 00:00:00+03:00,2.272033447965939,2.296916733495135,2.2471501624367427,2.25289249420166,5310500,0.0,0.0
2021-08-04 00:00:00+03:00,2.258634633923016,2.272033484314906,2.222266912460327,2.222266912460327,5569960,0.0,0.0
2021-08-05 00:00:00+03:00,2.218438828790733,2.2241809326285535,2.1725004008409226,2.2050399780273438,11240030,0.0,0.0
2021-08-06 00:00:00+03:00,2.2050399780273438,2.226095119359946,2.2050399780273438,2.2050399780273438,5032250,0.0,0.0
2021-08-09 00:00:00+03:00,2.2107823487228386,2.262463109592846,2.20121187125479,2.237579822540283,10065730,0.0,0.0
2021-08-10 00:00:00+03:00,2.2375796805242656,2.2567206342455135,2.222266871911634,2.2337515354156494,5609180,0.0,0.0
2021-08-11 00:00:00+03:00,2.2318373749112803,2.2394936652181823,2.164844036102295,2.164844036102295,7246260,0.0,0.0
2021-08-12 00:00:00+03:00,2.174414645723316,2.2375798432321896,2.1725004589407324,2.231837511062622,6274280,0.0,0.0
2021-08-13 00:00:00+03:00,2.2394936737451867,2.287346286969119,2.2260950515680076,2.2854321002960205,10554020,0.0,0.0
2021-08-16 00:00:00+03:00,2.293088288378153,2.310315283133339,2.262462900221422,2.2701191902160645,12251260,0.0,0.0
2021-08-17 00:00:00+03:00,2.2816039551279936,2.32371400833263,2.2662911462777156,2.2854321002960205,18244950,0.0,0.0
2021-08-18 00:00:00+03:00,2.302658846631313,2.40984827942707,2.29691674302075,2.3734805583953857,20634380,0.0,0.0
2021-08-19 00:00:00+03:00,2.3639101456560416,2.427075340690747,2.3332845274034044,2.419419050216675,13632350,0.0,0.0
2021-08-20 00:00:00+03:00,2.4309035399728405,2.436645872045148,2.327542247205841,2.36391019821167,13290360,0.0,0.0
2021-08-23 00:00:00+03:00,2.3773088084880913,2.41941909134587,2.3600820405394938,2.4079344272613525,7960220,0.0,0.0
2021-08-24 00:00:00+03:00,2.411762507560741,2.415590652759676,2.360081976929682,2.3619959354400635,10472770,0.0,0.0
2021-08-25 00:00:00+03:00,2.3658240966297277,2.384965279110126,2.3237140428004697,2.3371126651763916,7562590,0.0,0.0
2021-08-26 00:00:00+03:00,2.3371124646581007,2.3581676038553394,2.281603793215423,2.287346124649048,9468360,0.0,0.0
2021-08-27 00:00:00+03:00,2.296916809548861,2.296916809548861,2.260548859285643,2.293088436126709,4834710,0.0,0.0
2021-08-31 00:00:00+03:00,2.300744989811184,2.3179717577603665,2.2643770389944304,2.3064873218536377,11577620,0.0,0.0
2021-09-01 00:00:00+03:00,2.3160578407052563,2.3275422768178013,2.2892603667529516,2.2950026988983154,8046280,0.0,0.0
2021-09-02 00:00:00+03:00,2.2988307319065027,2.3466831171486278,2.2930884000418135,2.323714017868042,9563280,0.0,0.0
2021-09-03 00:00:00+03:00,2.3275422351050628,2.3332845671475164,2.300744989811184,2.3064873218536377,5207140,0.0,0.0
2021-09-06 00:00:00+03:00,2.3160578032780936,2.3485973806717446,2.3103154712255245,2.3256282806396484,10033640,0.0,0.0
2021-09-07 00:00:00+03:00,2.337112733339618,2.356253688200099,2.2969168650395164,2.3007450103759766,8252700,0.0,0.0
2021-09-08 00:00:00+03:00,2.308401381318365,2.323714191374854,2.2586348056793213,2.2586348056793213,10620300,0.0,0.0
2021-09-09 00:00:00+03:00,2.25863452704594,2.2758615218011267,2.2509782370512976,2.2701191902160645,6801880,0.0,0.0
2021-09-10 00:00:00+03:00,2.2739474891865745,2.2873463398517004,2.212696480547533,2.2299232482910156,5079840,0.0,0.0
2021-09-13 00:00:00+03:00,2.22992321871283,2.239493695816303,2.189727351785146,2.1973836421966553,7093390,0.0,0.0
2021-09-14 00:00:00+03:00,2.20121195016595,2.2107824279770902,2.189727513699496,2.195469617843628,3639780,0.0,0.0
2021-09-15 00:00:00+03:00,2.199297849380014,2.2088683265726576,2.1782427082849276,2.191641330718994,4923660,0.0,0.0
2021-09-16 00:00:00+03:00,2.195469353805271,2.2203526387572823,2.1801567736915675,2.182070732116699,4926430,0.0,0.0
2021-09-17 00:00:00+03:00,2.2031259129526717,2.205039871413346,2.170586109161377,2.170586109161377,5228970,0.0,0.0
2021-09-20 00:00:00+03:00,2.1629297621038064,2.1629297621038064,2.1093350475849793,2.124647855758667,5329890,0.0,0.0
2021-09-21 00:00:00+03:00,2.13230445093954,2.1399609702112925,2.1093353494806677,2.1265621185302734,4132440,0.0,0.0
2021-09-22 00:00:00+03:00,2.1342185786765384,2.1916414448219967,2.124648100985629,2.1629300117492676,6141290,0.0,0.0
2021-09-23 00:00:00+03:00,2.166757933171303,2.1801567830958337,2.130390212977139,2.1380465030670166,5600830,0.0,0.0
2021-09-24 00:00:00+03:00,2.1342186717565776,2.139961004257202,2.0844520943220943,2.139961004257202,5546620,0.0,0.0
2021-09-27 00:00:00+03:00,2.1418745319057892,2.1667578156151084,2.120819621211866,2.1476168632507324,9100060,0.0,0.0
2021-09-28 00:00:00+03:00,2.147617005284944,2.1629298138247988,2.126561865020373,2.151445150375366,5279540,0.0,0.0
2021-09-29 00:00:00+03:00,2.1610156877537032,2.1973836375773534,2.1533593973582885,2.1782426834106445,5691930,0.0,0.0
2021-09-30 00:00:00+03:00,2.164843965399702,2.203125872040285,2.164843965399702,2.182070732116699,6035390,0.0,0.0
2021-10-01 00:00:00+03:00,2.1839851703989446,2.2854322803227247,2.1839851703989446,2.2586348056793213,18632700,0.0,0.0
2021-10-04 00:00:00+03:00,2.2682052625913665,2.323714170013589,2.2528926808538303,2.2643771171569824,10893140,0.0,0.0
2021-10-05 00:00:00+03:00,2.2643768127561805,2.2892600970018906,2.2471500465281578,2.262462854385376,10252380,0.0,0.0
2021-10-06 00:00:00+03:00,2.2528926774062095,2.296916920279722,2.22226705762163,2.2452361583709717,10334500,0.0,0.0
2021-10-07 00:00:00+03:00,2.2624628802323987,2.300744786223709,2.2624628802323987,2.2758615016937256,7900370,0.0,0.0
2021-10-08 00:00:00+03:00,2.2758617679429327,2.333284633647702,2.2758617679429327,2.308401346206665,11154470,0.0,0.0
2021-10-11 00:00:00+03:00,2.314143444897315,2.3447690614540977,2.3103152998722574,2.3275420665740967,5978320,0.0,0.0
2021-10-12 00:00:00+03:00,2.30265906582709,2.335198873001389,2.281604151501697,2.296916961669922,10316180,0.0,0.0
2021-10-13 00:00:00+03:00,2.304573358625565,2.3179719825719878,2.254806780335193,2.268205404281616,7640250,0.0,0.0
2021-10-14 00:00:00+03:00,2.2605488710468844,2.287346344250495,2.245236061813132,2.2490642070770264,5849900,0.0,0.0
2021-10-15 00:00:00+03:00,2.254806391027869,2.275861530864224,2.21843867114125,2.226094961166382,5935360,0.0,0.0
2021-10-18 00:00:00+03:00,2.2260950781059106,2.2375797419250736,2.1973836467361765,2.216524600982666,3724300,0.0,0.0
2021-10-19 00:00:00+03:00,2.22800930462907,2.3505115509033203,2.226095117898934,2.3505115509033203,15114880,0.0,0.0
2021-10-20 00:00:00+03:00,2.358167755282427,2.3734805640293364,2.3007448936151453,2.3103153705596924,14578470,0.0,0.0
2021-10-21 00:00:00+03:00,2.3103153801938876,2.367738242100627,2.2854320943986663,2.348597288131714,15629890,0.0,0.0
2021-10-22 00:00:00+03:00,2.363910321914159,2.4155908569129907,2.346683324795754,2.3926217555999756,19950080,0.0,0.0
2021-10-25 00:00:00+03:00,2.3926217100422122,2.5189521071256333,2.360082131453509,2.5055534839630127,21159700,0.0,0.0
2021-10-26 00:00:00+03:00,2.5055533437640922,2.6070004474814676,2.4921547213511954,2.6031723022460938,21681810,0.0,0.0
2021-10-27 00:00:00+03:00,2.6031720699664174,2.651024451584188,2.5782887858895456,2.6223130226135254,15428350,0.0,0.0
2021-10-28 00:00:00+03:00,2.622313478500282,2.6357121020469654,2.607000668084847,2.6280558109283447,4826620,0.0,0.0
2021-11-01 00:00:00+03:00,2.5840312723299537,2.618485034797189,2.562976131883819,2.6012580394744873,10899350,0.0,0.0
2021-11-02 00:00:00+03:00,2.60317204393284,2.6318834726163676,2.566804097360147,2.608914375305176,8289770,0.0,0.0
2021-11-03 00:00:00+03:00,2.6089146315257525,2.691220780804086,2.478755868230466,2.685478448867798,21782940,0.0,0.0
2021-11-04 00:00:00+03:00,2.714189813167671,2.7658705711364746,2.6912207141694076,2.7658705711364746,12510810,0.0,0.0
2021-11-05 00:00:00+03:00,2.775441177798238,2.8175512326264105,2.7333308947918864,2.813723087310791,13084900,0.0,0.0
2021-11-08 00:00:00+03:00,2.815637045879511,2.8405203326983064,2.7907537590607157,2.813723087310791,10136030,0.0,0.0
2021-11-09 00:00:00+03:00,2.81372305477599,2.8730601051056106,2.6797361448531527,2.8634896278381348,17937210,0.0,0.0
2021-11-10 00:00:00+03:00,2.8692313766274493,2.9017711778530475,2.8462622796632586,2.8730597496032715,13611260,0.0,0.0
2021-11-11 00:00:00+03:00,2.8730601016781585,2.9668506875162617,2.861575437699618,2.945795774459839,13023710,0.0,0.0
2021-11-12 00:00:00+03:00,2.957280272398313,2.9725930819653934,2.9055997397653255,2.9285688400268555,7523040,0.0,0.0
2021-11-15 00:00:00+03:00,2.932396802570796,3.0108748040984628,2.932396802570796,2.936225175857544,13044880,0.0,0.0
2021-11-16 00:00:00+03:00,2.953452021813463,3.0625556434799583,2.9170843000434132,3.0395865440368652,16820380,0.0,0.0
2021-11-17 00:00:00+03:00,3.05107095366918,3.1104080025548466,2.9936480914616976,3.064469575881958,12851630,0.0,0.0
2021-11-18 00:00:00+03:00,3.007046750127641,3.1793155670166016,3.007046750127641,3.1793155670166016,16425820,0.0,0.0
2021-11-19 00:00:00+03:00,3.1869718058652228,3.244394896017249,3.158260374878295,3.2348244190216064,9461030,0.0,0.0
2021-11-22 00:00:00+03:00,3.261621771111356,3.3133023029598636,3.188886097905445,3.2252538204193115,12591000,0.0,0.0
2021-11-23 00:00:00+03:00,3.2252535994574507,3.4032647390766724,3.123806501266037,3.3267009258270264,24914720,0.0,0.0
2021-11-24 00:00:00+03:00,3.3267008645343297,3.447288913816384,3.3267008645343297,3.4453747272491455,9763140,0.0,0.0
2021-11-25 00:00:00+03:00,3.454945490652223,3.5793619234011773,3.4453750133775474,3.5161967277526855,9958020,0.0,0.0
2021-11-26 00:00:00+03:00,3.5161966360203953,3.552564357444111,3.468344250895416,3.539165735244751,10013970,0.0,0.0
2021-11-29 00:00:00+03:00,3.539165629307862,3.588932199619459,3.514282344152063,3.5870180130004883,8658410,0.0,0.0
2021-11-30 00:00:00+03:00,3.5870182229113334,3.6654962280310075,3.5736196003289487,3.655925750732422,8558930,0.0,0.0
2021-12-01 00:00:00+03:00,3.684637287420288,3.772685772342671,3.663582373671498,3.6903796195983887,9295820,0.0,0.0
2021-12-02 00:00:00+03:00,3.692293547533173,3.732489641783719,3.652097453282627,3.6961216926574707,5877900,0.0,0.0
2021-12-03 00:00:00+03:00,3.694207727506557,3.7324898655793897,3.669324668617579,3.7210052013397217,7219300,0.0,0.0
2021-12-06 00:00:00+03:00,3.7210050365029987,3.858820088561222,3.6942075638569345,3.8435070514678955,9917550,0.0,0.0
2021-12-07 00:00:00+03:00,3.8549918017444647,3.9009304576994372,3.807139415421663,3.845421552658081,8717520,0.0,0.0
2021-12-08 00:00:00+03:00,4.019604107690397,4.115309336828646,3.9124146709034044,4.0674567222595215,16397830,0.0,0.0
2021-12-09 00:00:00+03:00,4.0674566341890035,4.163161404898652,4.0674566341890035,4.153591156005859,6445360,0.0,0.0
2021-12-10 00:00:00+03:00,4.153591588408096,4.304805278778076,4.075113348806906,4.304805278778076,9902030,0.0,0.0
2021-12-13 00:00:00+03:00,4.323945771683038,4.593833543716468,4.323945771683038,4.545980930328369,12503870,0.0,0.0
2021-12-14 00:00:00+03:00,4.756531818320388,4.758446233336428,4.505785436006193,4.593833923339844,10825990,0.0,0.0
2021-12-15 00:00:00+03:00,4.624458643682641,4.639771680560034,4.404337902821696,4.480901718139648,11546670,0.0,0.0
2021-12-16 00:00:00+03:00,4.4981280305367655,4.5172689834019994,4.033002830275953,4.310546875,60779720,0.0,0.0
2021-12-17 00:00:00+03:00,4.364141846521356,4.459846621506314,3.8798751831054688,3.8798751831054688,39226340,0.0,0.0
2021-12-20 00:00:00+03:00,3.795655173861596,4.010034058101572,3.497055948476433,3.8569064140319824,19657150,0.0,0.0
2021-12-21 00:00:00+03:00,4.036831044589707,4.121051608489678,3.5200248227783355,3.6731526851654053,10539670,0.0,0.0
2021-12-22 00:00:00+03:00,3.650183106460993,3.72866110486723,3.4453747272491455,3.4453747272491455,8965900,0.0,0.0
2021-12-23 00:00:00+03:00,3.4932274861488852,3.780342020914152,3.397522489108351,3.759286880493164,13830830,0.0,0.0
2021-12-24 00:00:00+03:00,3.876047002404548,3.988978766115975,3.7401459117157687,3.86647629737854,13331490,0.0,0.0
2021-12-27 00:00:00+03:00,3.9717516953651577,4.10573836868735,3.7745996022344235,3.9908926486968994,30903160,0.0,0.0
2021-12-28 00:00:00+03:00,4.000463275433974,4.057886140858611,3.6348709409591797,3.6903796195983887,18264140,0.0,0.0
2021-12-29 00:00:00+03:00,3.684637325433414,3.7152629452471144,3.583190216500991,3.6597540378570557,7867700,0.0,0.0
2021-12-30 00:00:00+03:00,3.711434651696305,3.717176983704478,3.5200248777668777,3.636784791946411,7799880,0.0,0.0
2021-12-31 00:00:00+03:00,3.636784776680975,3.763115167617798,3.520024862991542,3.763115167617798,8162410,0.0,0.0
2022-01-03 00:00:00+03:00,3.826280351102312,3.8415931602858118,3.684637151377655,3.8071393966674805,7591590,0.0,0.0
2022-01-04 00:00:00+03:00,3.8301083172689876,3.8549916025064337,3.7229191143526914,3.7516305446624756,16721700,0.0,0.0
2022-01-05 00:00:00+03:00,3.7612013361646546,3.7803422913062,3.6386990863518522,3.6903796195983887,7187510,0.0,0.0
2022-01-06 00:00:00+03:00,3.6674105095212557,3.782256240071691,3.596588793139274,3.753544807434082,12831260,0.0,0.0
2022-01-07 00:00:00+03:00,3.7765138604513773,3.780342005554685,3.6942074857503506,3.701864004135132,6737060,0.0,0.0
2022-01-10 00:00:00+03:00,3.7133487758333756,3.7363178753007262,3.648269394468014,3.6540117263793945,6613310,0.0,0.0
2022-01-11 00:00:00+03:00,3.675066568246484,3.6827230867066643,3.5889322757720947,3.5889322757720947,5646920,0.0,0.0
2022-01-12 00:00:00+03:00,3.6176437589795523,3.623386090863293,3.5219389881777805,3.53342342376709,6999330,0.0,0.0
2022-01-13 00:00:00+03:00,3.533423316984175,3.6253001679910897,3.498969554901123,3.498969554901123,8178370,0.0,0.0
2022-01-14 00:00:00+03:00,3.5008839713087814,3.583190122748691,3.49131349388968,3.5621349811553955,5889900,0.0,0.0
2022-01-17 00:00:00+03:00,3.5812759191866177,3.6233859713143963,3.539165638880674,3.5429937839508057,7365760,0.0,0.0
2022-01-18 00:00:00+03:00,3.5410800478842024,3.5621349611812554,3.364983081817627,3.364983081817627,6919050,0.0,0.0
2022-01-19 00:00:00+03:00,3.3496699624503976,3.4568593902962585,3.3037315384401036,3.4453747272491455,9617170,0.0,0.0
2022-01-20 00:00:00+03:00,3.4587740425069926,3.53150971918184,3.3496704134056268,3.3688113689422607,8907210,0.0,0.0
2022-01-21 00:00:00+03:00,3.349670126193885,3.3515843128546954,3.3018177414553205,3.3420138359069824,5379840,0.0,0.0
2022-01-24 00:00:00+03:00,3.3113881720964065,3.3381854159040008,3.125720739364624,3.125720739364624,8968570,0.0,0.0
2022-01-25 00:00:00+03:00,3.150604171998794,3.190800267767413,3.0491570673936597,3.1486899852752686,6440740,0.0,0.0
2022-01-26 00:00:00+03:00,3.1601748242068455,3.301818032421944,3.1506043464157516,3.2865052223205566,5548800,0.0,0.0
2022-01-27 00:00:00+03:00,3.252051418543531,3.558306932449341,3.2233399855065668,3.558306932449341,12279620,0.0,0.0
2022-01-28 00:00:00+03:00,3.556392690481484,3.6712384134795464,3.4549453613527272,3.468344211578369,12595700,0.0,0.0
2022-01-31 00:00:00+03:00,3.5200248537312575,3.6367847671135247,3.5047120445400815,3.6233861446380615,10098860,0.0,0.0
2022-02-01 00:00:00+03:00,3.6463553512517617,3.778428077697754,3.6253004376524403,3.778428077697754,12652080,0.0,0.0
2022-02-02 00:00:00+03:00,3.8052254293445693,3.843507109947663,3.6559257112838104,3.768857479095459,12469920,0.0,0.0
2022-02-03 00:00:00+03:00,3.713348746380979,3.828194470985007,3.5736195076322725,3.5774476528167725,10076910,0.0,0.0
2022-02-04 00:00:00+03:00,3.6004168467305,3.6348706084693556,3.4817427531657574,3.529595136642456,6826330,0.0,0.0
2022-02-07 00:00:00+03:00,3.4721723567093377,3.5181107828154636,3.397522499853696,3.468344211578369,9866590,0.0,0.0
2022-02-08 00:00:00+03:00,3.474086600021291,3.531509462456807,3.414749550899989,3.431976318359375,9291720,0.0,0.0
2022-02-09 00:00:00+03:00,3.445374938823234,3.598502800082687,3.4300623580576435,3.514282464981079,15447270,0.0,0.0
2022-02-10 00:00:00+03:00,3.531509358532884,3.5946745509887847,3.4970555964498327,3.498969554901123,8526500,0.0,0.0
2022-02-11 00:00:00+03:00,3.4836571260302827,3.5334234705999155,3.4358045118169747,3.502798080444336,6035380,0.0,0.0
2022-02-14 00:00:00+03:00,3.474086366943768,3.474086366943768,3.366896711472751,3.3879518508911133,5342010,0.0,0.0
2022-02-15 00:00:00+03:00,3.386038210909897,3.481742984214264,3.3764677335794606,3.4090073108673096,5868310,0.0,0.0
2022-02-16 00:00:00+03:00,3.426234213847017,3.5659634621930905,3.426234213847017,3.4951417446136475,7951400,0.0,0.0
2022-02-17 00:00:00+03:00,3.497055652950705,3.5295952289300327,3.4185776507257066,3.4243199825286865,7157490,0.0,0.0
2022-02-18 00:00:00+03:00,3.4434607688600654,3.487485006303121,3.4090070078968844,3.4453747272491455,4983400,0.0,0.0
2022-02-21 00:00:00+03:00,3.4453751311823684,3.5123687025739265,3.3783817879689946,3.405179262161255,5643180,0.0,0.0
2022-02-22 00:00:00+03:00,3.368811167077097,3.368811167077097,3.2654498764659516,3.3381855487823486,4875440,0.0,0.0
2022-02-23 00:00:00+03:00,3.3400995328822827,3.4032647241722445,3.3324432428621136,3.3515841960906982,3243620,0.0,0.0
2022-02-24 00:00:00+03:00,3.0625555515289307,3.160174506453854,3.0166171258438395,3.0625555515289307,9109120,0.0,0.0
2022-02-25 00:00:00+03:00,3.110408031378848,3.1869718483650042,2.982163455384498,3.14103364944458,9446470,0.0,0.0
2022-02-28 00:00:00+03:00,3.0261875680568893,3.1180641901979538,2.9706788943561233,3.0931811332702637,10099100,0.0,0.0
2022-03-01 00:00:00+03:00,3.1008375255202663,3.1563464292277352,3.0261876677436366,3.064469575881958,7714770,0.0,0.0
2022-03-02 00:00:00+03:00,3.0625556700065855,3.1716590644399174,3.02235957449938,3.1544322967529297,7604280,0.0,0.0
2022-03-03 00:00:00+03:00,3.162088841516799,3.1984567947045157,3.0931815370495666,3.110408306121826,9209240,0.0,0.0
2022-03-04 00:00:00+03:00,3.062555668539663,3.1142361997540475,3.0223595730517108,3.052985191345215,6950740,0.0,0.0
2022-03-07 00:00:00+03:00,3.0491572813057184,3.08743919303646,2.9362255047931147,3.033844470977783,7330800,0.0,0.0
2022-03-08 00:00:00+03:00,3.0204454270073606,3.1180643869762954,3.007046804390376,3.0415005683898926,6068250,0.0,0.0
2022-03-09 00:00:00+03:00,3.043414622986502,3.1084937746880588,3.043414622986502,3.0759541988372803,6098690,0.0,0.0
2022-03-10 00:00:00+03:00,3.0970094737719416,3.1467760471243746,3.0357582363602766,3.0415005683898926,7221840,0.0,0.0
2022-03-11 00:00:00+03:00,3.0453288040614677,3.1218928530982817,3.02810203563955,3.119978666305542,6594440,0.0,0.0
2022-03-14 00:00:00+03:00,3.129549243818629,3.309474365487135,3.1276350569647824,3.2750205993652344,9732490,0.0,0.0
2022-03-15 00:00:00+03:00,3.2750203013725168,3.29033311027541,3.2061127753985827,3.2099411487579346,5690810,0.0,0.0
2022-03-16 00:00:00+03:00,3.2271680294958136,3.357326567474129,3.2271680294958136,3.282676935195923,9338760,0.0,0.0
2022-03-17 00:00:00+03:00,3.2979896612773416,3.403264909775949,3.2979896612773416,3.3439278602600098,10454780,0.0,0.0
2022-03-18 00:00:00+03:00,3.343927973672772,3.3860382570429675,3.315216541290283,3.315216541290283,8867580,0.0,0.0
2022-03-21 00:00:00+03:00,3.332443272270623,3.3496700390571092,3.2731062254671017,3.3018176555633545,9546250,0.0,0.0
2022-03-22 00:00:00+03:00,3.301817675775729,3.326700960980439,3.286504867328356,3.2960753440856934,8519160,0.0,0.0
2022-03-23 00:00:00+03:00,3.305645903153728,3.3075600898241246,3.2252537138477937,3.2348244190216064,7642740,0.0,0.0
2022-03-24 00:00:00+03:00,3.244394936993892,3.269277994954299,3.223339796066284,3.223339796066284,61386290,0.0,0.0
2022-03-25 00:00:00+03:00,3.2405665764939373,3.5219390155594112,3.2367384312677387,3.4645159244537354,30121580,0.0,0.0
2022-03-28 00:00:00+03:00,3.539165719716973,3.631042344389466,3.5315094294018357,3.564049005508423,19493010,0.0,0.0
2022-03-29 00:00:00+03:00,3.5870182267072814,3.6769808959517323,3.5736196041107178,3.5736196041107178,26146320,0.0,0.0
2022-03-30 00:00:00+03:00,3.579362193123647,3.62530062441068,3.531509803144359,3.548736572265625,11659200,0.0,0.0
2022-03-31 00:00:00+03:00,3.5659631774716134,3.594674608302237,3.4836570301215257,3.5066261291503906,10842830,0.0,0.0
2022-04-01 00:00:00+03:00,3.5085398774821,3.7056919645240844,3.477914490004031,3.6654958724975586,23143980,0.0,0.0
2022-04-04 00:00:00+03:00,3.698036093329274,3.7707717676131156,3.6520976646445518,3.6827232837677,17623160,0.0,0.0
2022-04-05 00:00:00+03:00,3.7994831104855242,3.843507123193159,3.759287014855398,3.826280355453491,25071620,0.0,0.0
2022-04-06 00:00:00+03:00,3.824366408882644,3.8951881231362258,3.7726856491455596,3.7822561264038086,18489150,0.0,0.0
2022-04-07 00:00:00+03:00,3.7841704824955436,3.809053770116331,3.751630903996753,3.7612013816833496,8472970,0.0,0.0
2022-04-08 00:00:00+03:00,3.768857515949889,3.868390434118853,3.7056923202074885,3.738231897354126,22603500,0.0,0.0
2022-04-11 00:00:00+03:00,3.7497166043081442,3.816709946097577,3.740146126909654,3.789912700653076,15559870,0.0,0.0
2022-04-12 00:00:00+03:00,3.8205380286941395,4.082769043810211,3.7688572721348503,4.0731987953186035,39182110,0.0,0.0
2022-04-13 00:00:00+03:00,4.07702741828811,4.105738621878109,3.887531375354892,3.927727699279785,21768820,0.0,0.0
2022-04-14 00:00:00+03:00,3.9449543952941895,4.017689834367276,3.9315553174337845,3.9449543952941895,9084500,0.0,0.0
2022-04-15 00:00:00+03:00,3.9468686126889505,3.996635185173453,3.876047127367292,3.9392123222351074,9730170,0.0,0.0
2022-04-18 00:00:00+03:00,3.9679236332981445,3.9908929616398874,3.900930519561994,3.9296417236328125,11406550,0.0,0.0
2022-04-19 00:00:00+03:00,3.9487829208374023,4.057886324444608,3.8722190968073362,3.9487829208374023,18813930,0.0,0.0
2022-04-20 00:00:00+03:00,3.952610742033416,4.034916886995537,3.9181567522224863,3.9908926486968994,12370480,0.0,0.0
2022-04-21 00:00:00+03:00,4.023432568175052,4.036831191018707,3.962181329727173,3.962181329727173,10732740,0.0,0.0
2022-04-22 00:00:00+03:00,3.9602673352531133,4.019604158216846,3.7726857044288855,3.789912700653076,11996090,0.0,0.0
2022-04-25 00:00:00+03:00,3.7899128589139486,3.8358510610737384,3.690379707270755,3.8320231437683105,9967330,0.0,0.0
2022-04-26 00:00:00+03:00,3.8664763287067228,3.8894456558701846,3.7056921794533335,3.734403610229492,10619560,0.0,0.0
2022-04-27 00:00:00+03:00,3.778428150247948,3.801397251060142,3.722919470936964,3.7612013816833496,7435070,0.0,0.0
2022-04-28 00:00:00+03:00,3.7899126966437975,3.8186241288088953,3.7286614588157114,3.7707717418670654,6557670,0.0,0.0
2022-04-29 00:00:00+03:00,3.797569249067481,3.923899650573731,3.7573733781723617,3.9238996505737305,8337990,0.0,0.0
2022-05-05 00:00:00+03:00,3.9698372235472656,3.988978632960324,3.9200711106847947,3.9449543952941895,11308160,0.0,0.0
2022-05-06 00:00:00+03:00,3.914329150109119,4.013861841623498,3.902844485915362,3.967923641204834,9204320,0.0,0.0
2022-05-09 00:00:00+03:00,3.9851505836580934,4.036831115475459,3.9047583917442172,3.921985387802124,6442330,0.0,0.0
2022-05-10 00:00:00+03:00,3.943040259785423,3.9506965502790745,3.9162430148794676,3.9334700107574463,1037370,0.0,0.0
2022-05-11 00:00:00+03:00,3.789912293489625,3.799482769859926,3.6310421119288443,3.6654958724975586,13095410,0.0,0.0
2022-05-12 00:00:00+03:00,3.692293558577204,3.69803589036991,3.5410798862007202,3.569791316986084,8588740,0.0,0.0
2022-05-13 00:00:00+03:00,3.608073306132452,3.6444412561882884,3.5889323518435403,3.590846538543701,5004980,0.0,0.0
2022-05-16 00:00:00+03:00,3.596588592555694,3.604245111072292,3.5200247764587402,3.5200247764587402,6451550,0.0,0.0
2022-05-17 00:00:00+03:00,3.541079819259974,3.56213473119765,3.439632720100483,3.441546678543091,6644560,0.0,0.0
2022-05-18 00:00:00+03:00,3.453031495901999,3.4740866369568097,3.397522591383942,3.401350736618042,5467090,0.0,0.0
2022-05-20 00:00:00+03:00,3.3994365572517258,3.430062173491334,3.3133020401000977,3.3133020401000977,4138570,0.0,0.0
2022-05-23 00:00:00+03:00,3.347756281239612,3.437718956273167,3.32095903432208,3.3764679431915283,5083570,0.0,0.0
2022-05-24 00:00:00+03:00,3.3936947121844856,3.439633143129359,3.368811423944953,3.3764679431915283,4269020,0.0,0.0
2022-05-25 00:00:00+03:00,3.4387635305357485,3.440690948818359,3.375154131553222,3.4059948921203613,2646220,0.024637,0.0
2022-05-26 00:00:00+03:00,3.409850151560225,3.512010672489512,3.409850151560225,3.469604253768921,5052780,0.0,0.0
2022-05-27 00:00:00+03:00,3.47924184749478,3.546706538257497,3.4117773865148666,3.41756010055542,5318310,0.0,0.0
2022-05-30 00:00:00+03:00,3.627663951451808,3.7587380409240723,3.627663951451808,3.7587380409240723,22555900,0.0,0.0
2022-05-31 00:00:00+03:00,3.7972892824765876,3.8512609004974365,3.6835633320428673,3.8512609004974365,16981780,0.0,0.0
2022-06-01 00:00:00+03:00,3.8551157569653514,3.8975221736764407,3.826202416362048,3.8743913173675537,8824160,0.0,0.0
2022-06-02 00:00:00+03:00,3.89366710272866,3.903305113269408,3.8011443614959717,3.8011443614959717,5735620,0.0,0.0
2022-06-03 00:00:00+03:00,3.8146372742661523,3.8493333315485248,3.731752312364602,3.7606656551361084,5832140,0.0,0.0
2022-06-06 00:00:00+03:00,3.768375843797668,3.8474057356382505,3.768375843797668,3.806926965713501,5753530,0.0,0.0
2022-06-07 00:00:00+03:00,3.8262025038748257,3.8743914059825064,3.7433175462930524,3.7587380409240723,7460700,0.0,0.0
2022-06-08 00:00:00+03:00,3.76837562261506,3.8300573681034566,3.627663760141896,3.6450119018554688,10640230,0.0,0.0
2022-06-09 00:00:00+03:00,3.645012040336779,3.693200941733944,3.571764864256527,3.6623599529266357,5829110,0.0,0.0
2022-06-10 00:00:00+03:00,3.662359978437168,3.816564693765031,3.662359978437168,3.7972891330718994,9174830,0.0,0.0
2022-06-13 00:00:00+03:00,3.806926890006238,3.92065260548319,3.7163315714794236,3.7491002082824707,10998550,0.0,0.0
2022-06-14 00:00:00+03:00,3.7722306522865017,3.793433859804577,3.7047661935434553,3.7336795330047607,5795680,0.0,0.0
2022-06-15 00:00:00+03:00,3.7375349348063964,3.895594492107154,3.691273449641881,3.8647539615631104,13364960,0.0,0.0
2022-06-16 00:00:00+03:00,3.8743915362405494,4.096060723171267,3.8743915362405494,4.0478715896606445,28490520,0.0,0.0
2022-06-17 00:00:00+03:00,4.059437061096095,4.097988184483159,3.914870118611785,4.0459442138671875,14178790,0.0,0.0
2022-06-20 00:00:00+03:00,4.045943784374709,4.198220843458509,3.9611314138394556,4.167379856109619,23365720,0.0,0.0
2022-06-21 00:00:00+03:00,4.178945638561446,4.221352057211746,4.123046372969149,4.124974250793457,10329750,0.0,0.0
2022-06-22 00:00:00+03:00,4.134611628422906,4.35628080368042,4.078712365172644,4.35628080368042,17124440,0.0,0.0
2022-06-23 00:00:00+03:00,4.344715375481661,4.470006748358867,4.294598826330779,4.35628080368042,21666940,0.0,0.0
2022-06-24 00:00:00+03:00,4.383266355970521,4.56831182252399,4.360135959879837,4.537471294403076,18125150,0.0,0.0
2022-06-27 00:00:00+03:00,4.512413501739502,4.512413501739502,4.512413501739502,4.512413501739502,242400,0.0,0.0
2022-06-28 00:00:00+03:00,4.629993630759237,4.9490047553128536,4.629993630759237,4.818894386291504,23103340,0.0,0.0
2022-06-29 00:00:00+03:00,4.924910791895286,4.95382390438129,4.689748757615941,4.714807033538818,24962250,0.0,0.0
2022-06-30 00:00:00+03:00,4.699386191265232,4.751430160093227,4.498920448452654,4.57216739654541,12990390,0.0,0.0
2022-07-01 00:00:00+03:00,4.693603641680945,4.895997269393857,4.635776956558062,4.786126613616943,27618070,0.0,0.0
2022-07-04 00:00:00+03:00,4.807329683265593,4.934548484821252,4.687821014623624,4.707096576690674,21449810,0.0,0.0
2022-07-05 00:00:00+03:00,4.693603779030101,4.7745613243974585,4.5818057016805644,4.680110931396484,11903150,0.0,0.0
2022-07-06 00:00:00+03:00,4.726371917678776,4.8429894533603735,4.666617815935652,4.718661785125732,13214870,0.0,0.0
2022-07-07 00:00:00+03:00,4.768778379400347,4.847808502592629,4.714806991473003,4.81503963470459,11189630,0.0,0.0
2022-07-08 00:00:00+03:00,4.847808781544643,5.218863473593217,4.82853321909492,5.194768905639648,15638050,0.0,0.0
2022-07-13 00:00:00+03:00,5.199587437348008,5.483902302248393,5.199587437348008,5.392343044281006,25605420,0.0,0.0
2022-07-14 00:00:00+03:00,5.421256630963837,5.599555682789885,5.233319568980135,5.41643762588501,30092160,0.0,0.0
2022-07-18 00:00:00+03:00,5.474264490191152,5.512815612972625,5.348973570934182,5.3827056884765625,19238860,0.0,0.0
2022-07-19 00:00:00+03:00,5.41161846860923,5.797130132326498,5.41161846860923,5.647744655609131,31718360,0.0,0.0
2022-07-20 00:00:00+03:00,5.681476771081,5.830862707363973,5.59955552530737,5.647744655609131,20601200,0.0,0.0
2022-07-21 00:00:00+03:00,5.691114780967594,5.744122456647046,5.594736520364073,5.647744655609131,17020420,0.0,0.0
2022-07-22 00:00:00+03:00,5.686295824076572,5.869413877378861,5.676657814108531,5.744122505187988,22598160,0.0,0.0
2022-07-25 00:00:00+03:00,5.768217264288633,5.82122494219648,5.51763451149017,5.561004638671875,19570130,0.0,0.0
2022-07-26 00:00:00+03:00,5.565823946290082,6.115177694937739,5.561004940882311,5.792312145233154,52698430,0.0,0.0
2022-07-27 00:00:00+03:00,5.85013883182331,6.158547824890997,5.7537605619240075,6.0380754470825195,41062470,0.0,0.0
2022-07-28 00:00:00+03:00,6.091083331570079,6.293476954551557,6.033256647799033,6.1007208824157715,31372390,0.0,0.0
2022-07-29 00:00:00+03:00,6.100720618912695,6.698263451636661,6.100720618912695,6.683806896209717,46248130,0.0,0.0
2022-08-01 00:00:00+03:00,7.006673111520219,7.343995659973806,6.939208418003251,7.339176654815674,46615080,0.0,0.0
2022-08-02 00:00:00+03:00,7.546389220405588,7.821066078296285,6.833193007087418,7.194610118865967,90233240,0.0,0.0
2022-08-03 00:00:00+03:00,7.421097641978904,7.686136941956496,7.372908970797458,7.551208019256592,51060190,0.0,0.0
2022-08-04 00:00:00+03:00,7.686137059461623,7.87407412076958,7.421097755432129,7.421097755432129,57985670,0.0,0.0
2022-08-05 00:00:00+03:00,7.512656873288248,7.864435964038844,6.944027154468809,7.7005934715271,74615060,0.0,0.0
2022-08-08 00:00:00+03:00,7.647585911041144,7.946357330312753,7.421097729173809,7.546389102935791,24953000,0.0,0.0
2022-08-09 00:00:00+03:00,7.556027139760435,7.604215811678586,7.28134982560794,7.421097755432129,16921920,0.0,0.0
2022-08-10 00:00:00+03:00,7.305444554243532,7.6909562360128065,7.160877616134351,7.536751747131348,23784130,0.0,0.0
2022-08-11 00:00:00+03:00,7.565665115281376,7.652405372998115,7.377728502982632,7.474106311798096,14318520,0.0,0.0
2022-08-12 00:00:00+03:00,7.546389312039069,7.830704183621041,7.406641378837072,7.758420944213867,24493490,0.0,0.0
2022-08-15 00:00:00+03:00,7.825885147049867,7.922263411960319,7.565664842836024,7.907806396484375,20115870,0.0,0.0
2022-08-16 00:00:00+03:00,7.782515021370623,7.782515021370623,7.1175079345703125,7.1175079345703125,47548910,0.0,0.0
2022-08-17 00:00:00+03:00,6.630799386554173,7.204247668265904,6.630799386554173,6.997035503387451,43147210,0.0,0.0
2022-08-18 00:00:00+03:00,6.997035393005614,6.997035393005614,6.327208857751,6.804279327392578,35471780,0.0,0.0
2022-08-19 00:00:00+03:00,6.804279491589796,6.939208419079023,6.6789881148527,6.746452808380127,12374850,0.0,0.0
2022-08-22 00:00:00+03:00,6.751271522744587,7.016310820713873,6.601885586213155,6.910295009613037,28126730,0.0,0.0
2022-08-23 00:00:00+03:00,6.910295140501467,7.016310953610357,6.804279327392578,6.804279327392578,19362010,0.0,0.0
2022-08-24 00:00:00+03:00,6.8139173656603225,6.842830476904213,6.650074870059549,6.65489387512207,14765870,0.0,0.0
2022-08-25 00:00:00+03:00,6.693445031678538,7.156058950103317,6.650074905019086,7.122326374053955,29480690,0.0,0.0
2022-08-26 00:00:00+03:00,7.156059192931779,7.556027437483537,6.842830745076667,7.0114922523498535,27185710,0.0,0.0
2022-08-29 00:00:00+03:00,7.011492087937387,7.069318770901051,6.838011579480765,6.871744155883789,10198260,0.0,0.0
2022-08-31 00:00:00+03:00,6.919933060658608,7.156059265136719,6.76572856758363,7.156059265136719,14198280,0.0,0.0
2022-09-01 00:00:00+03:00,7.199428982686871,7.329539369270472,6.987397803279011,7.0548624992370605,16380820,0.0,0.0
2022-09-02 00:00:00+03:00,7.040405095944296,7.165696470303073,6.98257841383231,7.050043106079102,7764010,0.0,0.0
2022-09-05 00:00:00+03:00,7.03558686098959,7.218704465977449,6.953665609490245,7.107870101928711,11461510,0.0,0.0
2022-09-06 00:00:00+03:00,7.117508311485544,7.657224509675602,6.968122360584908,7.565665245056152,30062330,0.0,0.0
2022-09-07 00:00:00+03:00,7.565664648793196,7.729507603025624,7.358452487507768,7.498200416564941,17578770,0.0,0.0
2022-09-08 00:00:00+03:00,7.56084588236615,7.888531341606613,7.56084588236615,7.609035015106201,24791590,0.0,0.0
2022-09-09 00:00:00+03:00,7.657224428159358,7.883712625023793,7.657224428159358,7.768059253692627,19335540,0.0,0.0
2022-09-12 00:00:00+03:00,7.902987699796095,8.38487720489502,7.507838452675984,8.38487720489502,46778810,0.0,0.0
2022-09-13 00:00:00+03:00,8.476436348117248,8.866766584359993,8.13429432639658,8.490893363952637,47822150,0.0,0.0
2022-09-14 00:00:00+03:00,8.47161754716435,9.24264094682038,8.365602185875023,9.170357704162598,42047400,0.0,0.0
2022-09-15 00:00:00+03:00,9.170357571349726,9.637790058289504,8.683649063110352,8.683649063110352,36871300,0.0,0.0
2022-09-16 00:00:00+03:00,8.48125537201346,9.10289234819937,8.057192097890583,8.784845352172852,66396190,0.0,0.0
2022-09-19 00:00:00+03:00,9.045065298034888,9.204088781544352,8.331869124667065,8.380057334899902,30801600,0.0,0.0
2022-09-20 00:00:00+03:00,8.389695698702175,8.611365335480228,8.04755461212611,8.115018844604492,22741740,0.0,0.0
2022-09-21 00:00:00+03:00,8.124656620508116,8.43306558195476,8.076467490499276,8.225852966308594,18182810,0.0,0.0
2022-09-22 00:00:00+03:00,8.293317468223353,8.389695731394808,8.129475891441862,8.1632080078125,10186880,0.0,0.0
2022-09-23 00:00:00+03:00,8.20175967233906,8.327051055105695,8.023460149405038,8.086106300354004,13515630,0.0,0.0
2022-09-26 00:00:00+03:00,8.095743032182893,8.43788504667181,8.066829920254518,8.153570175170898,15905150,0.0,0.0
2022-09-27 00:00:00+03:00,8.240310029143737,8.307774260071131,7.70059342433094,7.951176166534424,12424290,0.0,0.0
2022-09-28 00:00:00+03:00,7.951176508256876,8.02345974723296,7.6861371994018555,7.6861371994018555,8963890,0.0,0.0
2022-09-29 00:00:00+03:00,7.690956566967204,7.902987748303257,7.310263873985054,7.618673324584961,16058430,0.0,0.0
2022-09-30 00:00:00+03:00,7.681318297707537,7.902987482336182,7.594578501681116,7.8788933753967285,7920140,0.0,0.0
2022-10-03 00:00:00+03:00,7.951176001779293,8.259584958635418,7.927081896699106,8.182482719421387,17813290,0.0,0.0
2022-10-04 00:00:00+03:00,8.196940271354356,8.360782770208777,8.095743001294268,8.302955627441406,13772110,0.0,0.0
2022-10-05 00:00:00+03:00,8.327050454662102,8.635459424383622,8.115018828412943,8.61136531829834,14908510,0.0,0.0
2022-10-06 00:00:00+03:00,8.707742537195239,8.847490924058041,8.529443948799988,8.616183280944824,13889900,0.0,0.0
2022-10-07 00:00:00+03:00,8.674011150836703,8.68364916159581,8.476436525931481,8.481255531311035,12755170,0.0,0.0
2022-10-10 00:00:00+03:00,8.52944436305799,8.741475077440455,8.461979209271515,8.495711326599121,15496840,0.0,0.0
2022-10-11 00:00:00+03:00,8.524625148837123,8.529444153927377,8.100561892207137,8.211397171020508,17063020,0.0,0.0
2022-10-12 00:00:00+03:00,8.201759734250794,8.302956090827372,7.99454709653917,8.033098220825195,16772030,0.0,0.0
2022-10-13 00:00:00+03:00,8.090924944043971,8.616183640320433,8.076467928517896,8.54871940612793,18408840,0.0,0.0
2022-10-14 00:00:00+03:00,8.611365637841251,8.958325741652647,8.534262473418565,8.93904972076416,25691800,0.0,0.0
2022-10-17 00:00:00+03:00,8.972781853258029,9.247458689324805,8.722199121742973,8.837852478027344,33830090,0.0,0.0
2022-10-18 00:00:00+03:00,8.857128573803069,8.91495571801335,8.490893363952637,8.490893363952637,19345410,0.0,0.0
2022-10-19 00:00:00+03:00,8.577632224462796,8.80893986930676,8.519806002600225,8.71256160736084,14278010,0.0,0.0
2022-10-20 00:00:00+03:00,8.770389236184561,8.837853471820491,8.481255353395712,8.490893363952637,12177270,0.0,0.0
2022-10-21 00:00:00+03:00,8.52944460790347,8.587270833801819,8.355964091945845,8.38487720489502,11994460,0.0,0.0
2022-10-24 00:00:00+03:00,8.442704225166604,8.727019102504144,8.389696086267012,8.688467979431152,22034210,0.0,0.0
2022-10-25 00:00:00+03:00,8.760751409406076,8.86676677036237,8.399334278121215,8.481255531311035,16402160,0.0,0.0
2022-10-26 00:00:00+03:00,8.5390810007977,8.62582125167942,8.307774277867251,8.32223129272461,9357150,0.0,0.0
2022-10-27 00:00:00+03:00,8.35596319634943,8.46679755005139,8.240309837817229,8.283679962158203,9901490,0.0,0.0
2022-10-28 00:00:00+03:00,8.283680284786767,8.404152652841304,8.206578042762361,8.216215133666992,4126950,0.0,0.0
2022-10-31 00:00:00+03:00,8.370420959851897,8.500530425386236,8.206578457487335,8.293317794799805,10565480,0.0,0.0
2022-11-01 00:00:00+03:00,8.355964219842905,8.404153354916643,8.230672836303711,8.230672836303711,13659320,0.0,0.0
2022-11-02 00:00:00+03:00,8.240310579853157,8.28368070809959,8.095743179321289,8.095743179321289,10203900,0.0,0.0
2022-11-03 00:00:00+03:00,8.187302059030978,8.47643592747147,8.115018821703663,8.461978912353516,20801080,0.0,0.0
2022-11-04 00:00:00+03:00,8.572814757543897,8.780026473165302,8.534262714677078,8.630640983581543,24148640,0.0,0.0
2022-11-07 00:00:00+03:00,8.770390055348994,9.11735019562332,8.65473575612619,9.0884370803833,33719310,0.0,0.0
2022-11-08 00:00:00+03:00,9.208907719350927,9.25227784354969,8.751112372422288,8.780025482177734,30117030,0.0,0.0
2022-11-09 00:00:00+03:00,8.804120988815685,9.189632203789317,8.804120988815685,8.953506469726562,24976470,0.0,0.0
2022-11-10 00:00:00+03:00,8.914955846484087,9.411302367743168,8.833034593832226,9.175176620483398,26071160,0.0,0.0
2022-11-11 00:00:00+03:00,9.218546056470846,9.295649224797328,8.833034810494992,8.866766929626465,19646560,0.0,0.0
2022-11-14 00:00:00+03:00,8.866766247655216,9.136624099082686,8.79448300948569,9.00169563293457,16923980,0.0,0.0
2022-11-15 00:00:00+03:00,9.001696123993057,9.059522350030704,8.596908865204368,8.630640983581543,21240250,0.0,0.0
2022-11-16 00:00:00+03:00,8.635460372774926,8.982420501816605,8.534263094014019,8.659554481506348,22220550,0.0,0.0
2022-11-17 00:00:00+03:00,8.659554174161856,8.712562314447222,8.249948825477372,8.331870079040527,11150290,0.0,0.0
2022-11-18 00:00:00+03:00,8.32705039783961,8.722199617381676,8.32705039783961,8.71256160736084,9741780,0.0,0.0
2022-11-21 00:00:00+03:00,8.722200393676758,8.905318004714408,8.572814901583046,8.722200393676758,10948420,0.0,0.0
2022-11-22 00:00:00+03:00,8.72701944763446,8.924594076088498,8.640279187507064,8.866766929626465,18083940,0.0,0.0
2022-11-23 00:00:00+03:00,8.9438692065896,9.069160591703572,8.760751593965374,8.914956092834473,17135730,0.0,0.0
2022-11-24 00:00:00+03:00,9.049884914534726,9.348655882348455,8.98241976121287,9.2908296585083,29254830,0.0,0.0
2022-11-25 00:00:00+03:00,9.348655654973548,10.071489869313737,9.348655654973548,9.99438762664795,36003460,0.0,0.0
2022-11-28 00:00:00+03:00,10.216057509918597,10.273883733746223,9.685978889465332,9.685978889465332,30008080,0.0,0.0
2022-11-29 00:00:00+03:00,9.734167933617295,10.12931716299645,9.579962526838694,9.888372421264648,22410460,0.0,0.0
2022-11-30 00:00:00+03:00,9.849820758912784,10.428087555862014,9.705253370327078,10.312434196472168,31814880,0.0,0.0
2022-12-01 00:00:00+03:00,10.428088037067315,10.534104310748539,9.975112588337282,10.090765953063965,20903030,0.0,0.0
2022-12-02 00:00:00+03:00,10.11967927650681,10.216057542030807,9.613695680333974,9.73416805267334,17670580,0.0,0.0
2022-12-05 00:00:00+03:00,9.830545690490169,10.110041565837836,9.637790072859241,9.965475082397461,18198320,0.0,0.0
2022-12-06 00:00:00+03:00,9.91728579604204,10.302797025388843,9.811270437754487,10.071490287780762,16775360,0.0,0.0
2022-12-07 00:00:00+03:00,10.110040201848097,10.235331566187416,9.594418649575891,9.637788772583008,14969060,0.0,0.0
2022-12-08 00:00:00+03:00,9.637790316653977,9.714892565656703,9.266735168871284,9.705254554748535,10943620,0.0,0.0
2022-12-09 00:00:00+03:00,9.70525407733498,10.052215099911114,9.70525407733498,9.878734588623047,10093600,0.0,0.0
2022-12-12 00:00:00+03:00,9.936562250738477,10.26424635041881,9.936562250738477,10.196782112121582,22734740,0.0,0.0
2022-12-13 00:00:00+03:00,10.05221587877908,10.485916271472053,10.05221587877908,10.331711769104004,26249350,0.0,0.0
2022-12-14 00:00:00+03:00,10.408813213790049,10.582292805946853,9.878734588623047,9.878734588623047,16180980,0.0,0.0
2022-12-15 00:00:00+03:00,9.975113557547935,10.235333423683873,9.743805886488811,10.138956069946289,11038470,0.0,0.0
2022-12-16 00:00:00+03:00,10.158230574036809,10.350986189277007,10.11967945098877,10.11967945098877,3598140,0.0,0.0
2022-12-19 00:00:00+03:00,10.987079378321207,11.1220087587204,10.726859546496375,10.852150917053223,22122220,0.0,0.0
2022-12-20 00:00:00+03:00,10.987079590510747,11.08345785253309,10.832875106579978,10.890702247619629,12361200,0.0,0.0
2022-12-21 00:00:00+03:00,10.96780515282096,11.150922758779275,10.707584381103516,10.707584381103516,17092280,0.0,0.0
2022-12-22 00:00:00+03:00,10.726861108771804,10.88106561218304,10.437727205310061,10.524467468261719,10249260,0.0,0.0
2022-12-23 00:00:00+03:00,10.543741860298237,10.669033240650032,10.158230627778318,10.264245986938477,15515850,0.0,0.0
2022-12-26 00:00:00+03:00,10.457001863443125,10.688308588380641,10.331710490985833,10.44736385345459,11533070,0.0,0.0
2022-12-27 00:00:00+03:00,10.476277319943351,10.938891704654692,10.302796810785193,10.823237419128418,21354390,0.0,0.0
2022-12-28 00:00:00+03:00,10.842513444416463,11.256938696858382,10.110041204468828,10.379899978637695,28838320,0.0,0.0
2022-12-29 00:00:00+03:00,10.379900065442289,10.620844810666506,10.293159810100569,10.57265567779541,10729410,0.0,0.0
2022-12-30 00:00:00+03:00,10.601568431445026,10.832875158448696,10.447363946775914,10.640119552612305,9148460,0.0,0.0
2023-01-02 00:00:00+03:00,10.717223015367463,10.919616654325996,10.697947912154492,10.775050163269043,18663680,0.0,0.0
2023-01-03 00:00:00+03:00,10.78468574660334,10.909977116919883,10.505189895629883,10.505189895629883,11378100,0.0,0.0
2023-01-04 00:00:00+03:00,10.524466978122527,11.02563159086911,10.302797325443834,10.746135711669922,19137350,0.0,0.0
2023-01-05 00:00:00+03:00,10.832875744253817,10.9099779907578,10.19678175103031,10.264245986938477,12883600,0.0,0.0
2023-01-06 00:00:00+03:00,9.926923170773541,10.31243437542969,9.849820929842313,10.254608154296875,15090290,0.0,0.0
2023-01-09 00:00:00+03:00,10.34134827673671,10.408813432058599,9.878734795776065,9.917285919189453,10993560,0.0,0.0
2023-01-10 00:00:00+03:00,9.926922878574485,9.936560888189998,9.42575740814209,9.42575740814209,10301600,0.0,0.0
2023-01-11 00:00:00+03:00,9.445033366051153,9.546229708963452,8.635458946228027,8.635458946228027,9381100,0.0,0.0
2023-01-12 00:00:00+03:00,8.80894047351104,8.910136828277201,8.254766808008124,8.73183822631836,15413660,0.0,0.0
2023-01-13 00:00:00+03:00,8.72701930392627,8.886042805164076,8.567995802688461,8.77520751953125,6792120,0.0,0.0
2023-01-16 00:00:00+03:00,8.77520759238389,9.146262738063076,8.77520759238389,9.117349624633789,10142680,0.0,0.0
2023-01-17 00:00:00+03:00,9.131805366538522,9.32456096105289,9.064340219110113,9.233001708984375,9634480,0.0,0.0
2023-01-18 00:00:00+03:00,9.257096740736587,9.459490365029492,9.223364623209648,9.334199905395508,7688910,0.0,0.0
2023-01-19 00:00:00+03:00,9.334200289839428,9.517317900726775,9.23300301395937,9.363113403320312,7328980,0.0,0.0
2023-01-20 00:00:00+03:00,9.367931841239212,9.676340817368487,9.367931841239212,9.589600563049316,9415000,0.0,0.0
2023-01-23 00:00:00+03:00,9.637789874069892,9.926923754118242,9.358294004487115,9.579962730407715,8964450,0.0,0.0
2023-01-24 00:00:00+03:00,9.51731759434123,9.579962824721665,9.107711336834468,9.377569198608398,7345510,0.0,0.0
2023-01-25 00:00:00+03:00,9.396844672014142,9.512498034604723,8.85712806079354,9.059521675109863,5187160,0.0,0.0
2023-01-26 00:00:00+03:00,9.059521267288794,9.324561015534401,8.967962933816498,9.179993629455566,15416900,0.0,0.0
2023-01-27 00:00:00+03:00,9.088436034917837,9.213727412053828,8.664372770898908,8.943868637084961,5937510,0.0,0.0
2023-01-30 00:00:00+03:00,8.914955918353325,9.020971279468098,8.77520751953125,8.77520751953125,4856440,0.0,0.0
2023-01-31 00:00:00+03:00,8.770389556884766,8.775207643208132,8.52462579348415,8.770389556884766,4724770,0.0,0.0
2023-02-01 00:00:00+03:00,8.804121850676566,8.804121850676566,8.071649551391602,8.071649551391602,6213570,0.0,0.0
2023-02-02 00:00:00+03:00,8.081286728365301,8.307774451065038,7.657223934586481,8.115018844604492,11944030,0.0,0.0
2023-02-03 00:00:00+03:00,8.14875206163417,8.452342987060547,8.11983894654211,8.452342987060547,8870390,0.0,0.0
2023-02-06 00:00:00+03:00,8.187302381552053,8.394515010749286,7.912625517409215,8.148751258850098,2712540,0.0,0.0
2023-02-07 00:00:00+03:00,8.11501960537251,8.11501960537251,7.459649562835693,7.459649562835693,6717390,0.0,0.0
2023-02-08 00:00:00+03:00,6.915114402770996,6.915114402770996,6.915114402770996,6.915114402770996,50,0.0,0.0
2023-02-15 00:00:00+03:00,7.6620418143757965,8.20175838470459,7.6620418143757965,8.20175838470459,9977470,0.0,0.0
2023-02-16 00:00:00+03:00,8.312593590608506,8.746293941944439,7.613853931427002,7.613853931427002,12849350,0.0,0.0
2023-02-17 00:00:00+03:00,7.637948497515804,7.748782858132418,7.478925004721587,7.613853931427002,5909620,0.0,0.0
2023-02-20 00:00:00+03:00,7.642766910252602,7.758420733555704,7.584940228383859,7.743963718414307,7531760,0.0,0.0
2023-02-21 00:00:00+03:00,7.74396320551752,8.129475311573872,7.662041963404524,7.994545936584473,7304070,0.0,0.0
2023-02-22 00:00:00+03:00,7.999365996354959,8.037917120132013,7.753602237601997,7.768059253692627,4233650,0.0,0.0
2023-02-23 00:00:00+03:00,7.768058894799422,7.92708238792412,7.690956191241899,7.8355231285095215,4674870,0.0,0.0
2023-02-24 00:00:00+03:00,7.845160553358145,8.057191248947774,7.840341548576856,7.965632915496826,5834650,0.0,0.0
2023-02-27 00:00:00+03:00,7.999365417260968,8.115018780219698,7.80660981232975,8.018640518188477,5919700,0.0,0.0
2023-02-28 00:00:00+03:00,8.066830371269326,8.534262869959004,8.047555268616494,8.524625778198242,11879760,0.0,0.0
2023-03-01 00:00:00+03:00,8.50053053728933,9.372751199339056,8.2981369093,8.683649063110352,48251640,0.0,0.0
2023-03-02 00:00:00+03:00,8.683648478590678,9.261915291684588,8.577632206841711,9.011333465576172,9039030,0.0,0.0
2023-03-03 00:00:00+03:00,8.770388318641638,9.392025228428372,8.601726828065612,8.93423080444336,23317360,0.0,0.0
2023-03-06 00:00:00+03:00,8.992057655420657,9.310104639827337,8.992057655420657,9.247459411621094,9589510,0.0,0.0
2023-03-07 00:00:00+03:00,9.348655587492578,9.657065475060785,9.348655587492578,9.454671859741211,8334640,0.0,0.0
2023-03-08 00:00:00+03:00,9.449852828225538,9.60887631702144,9.300466430317854,9.604057312011719,6286190,0.0,0.0
2023-03-09 00:00:00+03:00,9.647428327562144,9.878735074570326,9.512498932241717,9.705254554748535,7663420,0.0,0.0
2023-03-10 00:00:00+03:00,9.666702270507812,10.052214388401868,9.440214556126033,9.666702270507812,10833020,0.0,0.0
2023-03-13 00:00:00+03:00,9.637789848175826,9.791994338685637,9.41612112285079,9.483585357666016,7090910,0.0,0.0
2023-03-14 00:00:00+03:00,9.517317682907347,9.830545675986903,9.49804166160705,9.522136688232422,7050340,0.0,0.0
2023-03-15 00:00:00+03:00,9.599238363733695,9.93656136335797,9.348655616534591,9.55104923248291,15551400,0.0,0.0
2023-03-16 00:00:00+03:00,9.76308165117964,9.820907878070555,9.45949074304277,9.560688018798828,6275260,0.0,0.0
2023-03-17 00:00:00+03:00,9.637790279216988,9.714892527920219,9.363113403320312,9.363113403320312,5436990,0.0,0.0
2023-03-20 00:00:00+03:00,9.39202675851561,9.445034900537546,9.21372814847491,9.300467491149902,5995200,0.0,0.0
2023-03-21 00:00:00+03:00,9.329381209692185,9.372751339131849,8.866766802046216,9.020971298217773,4486540,0.0,0.0
2023-03-22 00:00:00+03:00,9.107711464743971,9.247459862439444,9.006515109831765,9.175176620483398,2925150,0.0,0.0
2023-03-23 00:00:00+03:00,9.175176607031622,9.430577456177291,9.175176607031622,9.420939445495605,2750830,0.0,0.0
2023-03-24 00:00:00+03:00,9.526954313824817,9.555867422456663,9.295647606507744,9.445033073425293,6136330,0.0,0.0
2023-03-27 00:00:00+03:00,9.637789447077298,9.637789447077298,9.305285453796387,9.305285453796387,3891650,0.0,0.0
2023-03-28 00:00:00+03:00,9.310105217230426,9.33420024428967,9.011334234746196,9.069160461425781,3144970,0.0,0.0
2023-03-29 00:00:00+03:00,9.054703042052301,9.237820625305176,8.71738006553296,9.237820625305176,4400590,0.0,0.0
2023-03-30 00:00:00+03:00,9.2522784744062,9.300466687573875,8.93423148801704,8.99687671661377,4029520,0.0,0.0
2023-03-31 00:00:00+03:00,8.996876958788725,9.093255225980855,8.80412134353574,8.886042594909668,4526200,0.0,0.0
2023-04-03 00:00:00+03:00,8.886042951490913,8.924594076088498,8.664373295706312,8.866766929626465,2548640,0.0,0.0
2023-04-04 00:00:00+03:00,8.895678975934585,9.001695245205957,8.833033750654304,8.972782135009766,3927020,0.0,0.0
2023-04-05 00:00:00+03:00,9.05952176652055,9.165538039313372,8.963144422954894,9.006514549255371,3365220,0.0,0.0
2023-04-06 00:00:00+03:00,9.0065152572121,9.131806640914084,8.963145127502518,9.117349624633789,2584730,0.0,0.0
2023-04-07 00:00:00+03:00,9.141443614587482,9.271554002036039,9.045066264690666,9.073979377746582,3385350,0.0,0.0
2023-04-10 00:00:00+03:00,9.098073360673572,9.261915864295762,9.0836172639095,9.22818374633789,3767090,0.0,0.0
2023-04-11 00:00:00+03:00,9.252278910472928,9.517317771911621,9.252278910472928,9.517317771911621,5631030,0.0,0.0
2023-04-12 00:00:00+03:00,9.541411879631031,9.604058030311569,9.445034529622095,9.517317771911621,6968160,0.0,0.0
2023-04-13 00:00:00+03:00,9.54623093363558,9.57032596060904,9.170357704162598,9.170357704162598,5150740,0.0,0.0
2023-04-14 00:00:00+03:00,9.17035746698665,9.343837061052305,9.083617210388184,9.083617210388184,2826500,0.0,0.0
2023-04-17 00:00:00+03:00,9.16553726387707,9.16553726387707,8.818576282827367,8.847490310668945,2408700,0.0,0.0
2023-04-18 00:00:00+03:00,8.866765942911348,8.95832519831592,8.770388601708143,8.81857681274414,1949510,0.0,0.0
2023-04-19 00:00:00+03:00,8.794483685897406,8.92941308155461,8.789664680431294,8.866766929626465,1455090,0.0,0.0
2023-04-20 00:00:00+03:00,8.866766929626465,8.910137059690163,8.789664680431294,8.866766929626465,605360,0.0,0.0
2023-04-24 00:00:00+03:00,8.866766247655216,9.083616881295029,8.847491146404588,9.00169563293457,2686430,0.0,0.0
2023-04-25 00:00:00+03:00,9.020970881609992,9.069160014220952,8.81857725994897,8.943868637084961,4985300,0.0,0.0
2023-04-26 00:00:00+03:00,8.86676695715505,9.025790461505224,8.760751593965374,8.914956092834473,4607150,0.0,0.0
2023-04-27 00:00:00+03:00,8.93423207423145,9.252279081489077,8.91013704693538,9.06434154510498,7099200,0.0,0.0
2023-04-28 00:00:00+03:00,9.064341688291423,9.372751608633783,8.871586062534526,9.155900955200195,9605620,0.0,0.0
2023-05-02 00:00:00+03:00,9.218544660905334,9.300465903164827,8.765569245241009,8.837852478027344,6863920,0.0,0.0
2023-05-03 00:00:00+03:00,8.837853638444814,8.987239128368502,8.712562256236426,8.876404762268066,4882830,0.0,0.0
2023-05-04 00:00:00+03:00,8.895679271414581,9.049884675555846,8.88122317540191,9.006514549255371,4882620,0.0,0.0
2023-05-05 00:00:00+03:00,9.030608955482828,9.054703981523428,8.8282153323981,8.842672348022461,2299870,0.0,0.0
2023-05-08 00:00:00+03:00,9.155899471178628,9.233001708984375,8.857127610332975,9.233001708984375,7809130,0.0,0.0
2023-05-09 00:00:00+03:00,9.237822081606982,9.898011124597172,9.184813940592287,9.753443717956543,16482640,0.0,0.0
2023-05-10 00:00:00+03:00,9.791993969605612,9.849821110932801,9.382387732670772,9.55104923248291,8915150,0.0,0.0
2023-05-11 00:00:00+03:00,9.546230353370166,10.466639187789612,9.493223135513183,10.187143325805664,20887240,0.0,0.0
2023-05-12 00:00:00+03:00,10.640119884828385,10.688309017574898,10.110041262879262,10.129317283630371,19886340,0.0,0.0
2023-05-15 00:00:00+03:00,9.194451873199425,9.63779026201748,9.117349624633789,9.117349624633789,12084610,0.0,0.0
2023-05-16 00:00:00+03:00,9.107710989839592,9.367931750270182,8.972782523658907,9.199270248413086,5416110,0.0,0.0
2023-05-17 00:00:00+03:00,9.252278536237778,9.445034147590388,9.242640525887333,9.2908296585083,5294690,0.0,0.0
2023-05-18 00:00:00+03:00,9.29564909104607,9.396845446984418,8.958326066322316,9.020971298217773,5759970,0.0,0.0
2023-05-22 00:00:00+03:00,9.020971066021119,9.126987343758717,8.857128563273264,8.886042594909668,4104550,0.0,0.0
2023-05-23 00:00:00+03:00,8.886042979079345,9.045066483429519,8.857128946192903,8.914956092834473,5644840,0.0,0.0
2023-05-24 00:00:00+03:00,8.912158835148935,9.004538264790648,8.7711595316202,8.994813919067383,7574200,0.082124,0.0
2023-05-25 00:00:00+03:00,8.994814601161334,9.023986713178653,8.756573677062988,8.756573677062988,3255480,0.0,0.0
2023-05-26 00:00:00+03:00,8.75171140487736,8.94619369506836,8.741987058526632,8.94619369506836,3799460,0.0,0.0
2023-05-29 00:00:00+03:00,8.936468876101218,9.160124193516106,8.868400309975438,9.033710479736328,10280700,0.0,0.0
2023-05-30 00:00:00+03:00,9.111503071616873,9.408089117656873,9.043434507882301,9.267088890075684,14267600,0.0,0.0
2023-05-31 00:00:00+03:00,9.305985792060747,9.490744655886042,9.14553779314124,9.30112361907959,11829340,0.0,0.0
2023-06-01 00:00:00+03:00,9.354606934310741,9.908881691191132,9.354606934310741,9.821365356445312,18560570,0.0,0.0
2023-06-02 00:00:00+03:00,10.113087882907047,10.220053832951569,9.709536802179619,10.015847206115723,11606960,0.0,0.0
2023-06-05 00:00:00+03:00,10.210330107417352,10.472881898171723,10.093640731759207,10.424261093139648,13955610,0.0,0.0
2023-06-06 00:00:00+03:00,10.424260614362563,10.511777873927763,10.268674787297622,10.336743354797363,8527680,0.0,0.0
2023-06-07 00:00:00+03:00,10.531226055780104,10.735432693732823,10.346468110663224,10.492329597473145,22080750,0.0,0.0
2023-06-08 00:00:00+03:00,10.492328584507895,10.589570184569617,10.220053402645553,10.560397148132324,8212080,0.0,0.0
2023-06-09 00:00:00+03:00,10.667362953552875,10.696535062242353,10.365914739212887,10.589570045471191,9529020,0.0,0.0
2023-06-12 00:00:00+03:00,10.638190428153314,10.803500597603268,10.43398380279541,10.43398380279541,16679870,0.0,0.0
2023-06-13 00:00:00+03:00,10.44370815982517,10.531225417553175,9.928329886650392,10.083915710449219,8285300,0.0,0.0
2023-06-14 00:00:00+03:00,10.08391614892723,10.268675018245686,9.869985168219172,10.064468383789062,6185970,0.0,0.0
2023-06-15 00:00:00+03:00,10.083916288535745,10.239502121253931,9.967226913997106,10.21033000946045,4855370,0.0,0.0
2023-06-16 00:00:00+03:00,10.220053716333657,10.540949708076248,10.16170856903289,10.327018737792969,7977700,0.0,0.0
2023-06-19 00:00:00+03:00,10.327018855631426,10.385364003597955,9.918605601959731,10.015847206115723,5501390,0.0,0.0
2023-06-20 00:00:00+03:00,10.06446779657676,10.06446779657676,9.908881047725632,9.938054084777832,4373010,0.0,0.0
2023-06-21 00:00:00+03:00,10.015847540709498,10.064468344411742,9.724123645860736,9.782468795776367,7176020,0.0,0.0
2023-06-22 00:00:00+03:00,9.82136476224222,10.11308771514148,9.704674468244935,10.045019149780273,9791350,0.0,0.0
2023-06-23 00:00:00+03:00,10.15198349750197,10.404810905456543,10.083914936654427,10.404810905456543,10404320,0.0,0.0
2023-06-26 00:00:00+03:00,10.45343272895439,10.570122099296166,10.346467704648932,10.511777877807617,8414550,0.0,0.0
2023-06-27 00:00:00+03:00,10.50205377572729,10.69653606414795,10.414536514096818,10.69653606414795,4421390,0.0,0.0
2023-07-03 00:00:00+03:00,10.900742009737261,11.260534452412273,10.83267344493418,11.231362342834473,14642410,0.0,0.0
2023-07-04 00:00:00+03:00,11.377224887258091,11.45501780501921,11.095225328532852,11.270259857177734,13572970,0.0,0.0
2023-07-05 00:00:00+03:00,11.425844839536026,11.571706317605514,11.085500154221004,11.484189987182617,15185460,0.0,0.0
2023-07-06 00:00:00+03:00,11.513362365589138,11.69812030393973,11.318880081176758,11.318880081176758,13132250,0.0,0.0
2023-07-07 00:00:00+03:00,11.396673074821129,11.649499582646946,11.328603579276184,11.53281021118164,9775660,0.0,0.0
2023-07-10 00:00:00+03:00,11.591155201889668,11.941223311492427,11.513362288644611,11.9120512008667,11607510,0.0,0.0
2023-07-11 00:00:00+03:00,12.155154286598673,12.174602978592276,11.678672461131526,11.9120512008667,10767880,0.0,0.0
2023-07-12 00:00:00+03:00,11.892602103699087,12.583014880750518,11.727292864208836,12.456602096557617,17211360,0.0,0.0
2023-07-13 00:00:00+03:00,12.46632571684491,12.544118628700053,12.155154069424338,12.359360694885254,13069340,0.0,0.0
2023-07-14 00:00:00+03:00,12.359360641883047,12.660808869552481,12.359360641883047,12.602463722229004,10578850,0.0,0.0
2023-07-17 00:00:00+03:00,12.738601668215843,13.001152510433776,12.544118463770385,12.91363525390625,10562060,0.0,0.0
2023-07-18 00:00:00+03:00,12.933083894744977,13.11784182540842,12.281567573547363,12.281567573547363,12326230,0.0,0.0
2023-07-19 00:00:00+03:00,12.252395459060521,12.631635665893555,11.999568036262069,12.631635665893555,9034580,0.0,0.0
2023-07-20 00:00:00+03:00,12.738601929370496,12.835842606222112,12.262119181548305,12.74832534790039,11069450,0.0,0.0
2023-07-21 00:00:00+03:00,12.748325199490715,12.787221655251482,12.446877899185935,12.602463722229004,9120400,0.0,0.0
2023-07-24 00:00:00+03:00,12.641361028617071,12.758050403751309,12.456603083162376,12.738602638244629,14599090,0.0,0.0
2023-07-25 00:00:00+03:00,12.78722161073439,12.933084014852955,12.310739797482642,12.495498657226562,9503740,0.0,0.0
2023-07-26 00:00:00+03:00,12.54411815199445,12.631635406346792,12.223222170945613,12.446877479553223,12418200,0.0,0.0
2023-07-27 00:00:00+03:00,12.485774294435435,12.796945939013504,12.485774294435435,12.6705322265625,9370210,0.0,0.0
2023-07-28 00:00:00+03:00,12.82611847270681,13.117842362821458,12.77749859715827,13.001152992248535,13703530,0.0,0.0
2023-07-31 00:00:00+03:00,13.156738335579739,13.662393183488293,13.07894542472683,13.438737869262695,37092970,0.0,0.0
2023-08-01 00:00:00+03:00,13.42901471539132,13.42901471539132,12.962256313717203,13.273427963256836,12238940,0.0,0.0
2023-08-02 00:00:00+03:00,13.273427866237297,13.76935837458968,13.273427866237297,13.409565925598145,12350130,0.0,0.0
2023-08-03 00:00:00+03:00,13.89577297026579,14.313910593346149,13.808255707075508,14.002737998962402,16392560,0.0,0.0
2023-08-04 00:00:00+03:00,14.041633317491968,15.130735918378692,13.76935813095261,14.800115585327148,18101770,0.0,0.0
2023-08-07 00:00:00+03:00,14.877909567269793,16.278182983398438,14.877909567269793,16.278182983398438,17710400,0.0,0.0
2023-08-08 00:00:00+03:00,16.589353858927392,16.79356141303687,15.762803006063951,15.898941993713379,23819990,0.0,0.0
2023-08-09 00:00:00+03:00,16.560181866922793,17.056112354411166,16.142044287977935,16.919973373413086,21814480,0.0,0.0
2023-08-10 00:00:00+03:00,17.104732674132606,18.018800764474943,16.744939303502026,17.425628662109375,23943400,0.0,0.0
2023-08-11 00:00:00+03:00,17.804869503231075,19.16624641418457,17.697905406583512,19.16624641418457,20111860,0.0,0.0
2023-08-14 00:00:00+03:00,20.420658960790615,21.081899642944336,19.69134971219095,21.081899642944336,42638160,0.0,0.0
2023-08-15 00:00:00+03:00,21.295828703820288,22.559965789132537,19.72052183830788,20.206727981567383,28607370,0.0,0.0
2023-08-16 00:00:00+03:00,20.23590086700126,20.90686592051889,19.457971714176036,19.778867721557617,16856300,0.0,0.0
2023-08-17 00:00:00+03:00,19.77886633033166,21.607000638246465,19.642729201845345,21.091623306274414,25143620,0.0,0.0
2023-08-18 00:00:00+03:00,21.091623207803732,21.548656318966362,19.156522962410236,19.934452056884766,23932370,0.0,0.0
2023-08-21 00:00:00+03:00,19.44824630527018,20.85824490429399,19.224591917894607,20.79017448425293,16418590,0.0,0.0
2023-08-22 00:00:00+03:00,20.79017484424364,21.004106744332688,19.759418291540538,20.031694412231445,20705390,0.0,0.0
2023-08-23 00:00:00+03:00,20.04141887230873,20.372039215485255,19.545488357543945,19.545488357543945,11374740,0.0,0.0
2023-08-24 00:00:00+03:00,19.739970813736118,20.29424743509348,18.75783593007615,19.234317779541016,16217200,0.0,0.0
2023-08-25 00:00:00+03:00,19.399626837218896,20.060865667457907,18.845350247951192,19.89555549621582,8638550,0.0,0.0
2023-08-28 00:00:00+03:00,20.197004473256406,20.82907211474573,20.12893590713546,20.517900466918945,12125290,0.0,0.0
2023-08-29 00:00:00+03:00,20.994383618605116,21.101349574866333,20.13865967797425,20.39148712158203,9744110,0.0,0.0
2023-08-31 00:00:00+03:00,20.420658298573162,21.10134765041731,20.070589277084256,20.14838218688965,10606520,0.0,0.0
2023-09-01 00:00:00+03:00,20.177556791970897,20.9068660736084,20.177556791970897,20.9068660736084,10893750,0.0,0.0
2023-09-04 00:00:00+03:00,21.393072783860458,22.9975528717041,21.28610682642773,22.9975528717041,25232690,0.0,0.0
2023-09-05 00:00:00+03:00,24.893757206183807,25.282721785788517,22.45300191891131,22.978103637695312,25664760,0.0,0.0
2023-09-06 00:00:00+03:00,23.007274670795514,23.230929052727696,21.898725251888834,22.064035415649414,13475540,0.0,0.0
2023-09-07 00:00:00+03:00,22.07376109979926,23.668516761218388,22.07376109979926,23.444862365722656,12771350,0.0,0.0
2023-09-08 00:00:00+03:00,23.45458611507778,24.621479793235057,23.26982725384605,23.668516159057617,12118520,0.0,0.0
2023-09-11 00:00:00+03:00,23.872722896441815,24.407550811767578,22.7447246977543,24.407550811767578,12137930,0.0,0.0
2023-09-12 00:00:00+03:00,24.504791976220794,24.74789506386295,23.386516289283396,23.444862365722656,11239710,0.0,0.0
2023-09-13 00:00:00+03:00,23.44486082494481,23.67823955117629,22.705827264513847,22.90030860900879,6957340,0.0,0.0
2023-09-14 00:00:00+03:00,22.900309080319975,23.211482576428782,21.636173823533333,22.81279182434082,8039930,0.0,0.0
2023-09-15 00:00:00+03:00,22.812792820405924,22.910034426265163,22.03486368299073,22.287691116333008,11575190,0.0,0.0
2023-09-18 00:00:00+03:00,22.326586460730354,22.326586460730354,20.89714098705789,21.159692764282227,7965920,0.0,0.0
2023-09-19 00:00:00+03:00,21.013831350908685,21.538933052298262,20.585969400152077,21.266658782958984,8214200,0.0,0.0
2023-09-20 00:00:00+03:00,21.266657431223724,21.519482992474757,20.67348534547273,20.692934036254883,6684610,0.0,0.0
2023-09-21 00:00:00+03:00,20.692934320251013,21.636173579379868,20.38176082765364,21.577829360961914,6954790,0.0,0.0
2023-09-22 00:00:00+03:00,21.87927706021627,22.17100001246077,21.072174913961913,21.383346557617188,7273130,0.0,0.0
2023-09-25 00:00:00+03:00,21.393071660402576,21.97651944026852,20.99438274601888,21.830657958984375,11213530,0.0,0.0
2023-09-26 00:00:00+03:00,21.879278519047517,22.26824309955137,21.4416922067748,21.820934295654297,9192530,0.0,0.0
2023-09-27 00:00:00+03:00,21.840380567085596,22.02513943355575,20.858245722313818,20.994382858276367,9936360,0.0,0.0
2023-09-28 00:00:00+03:00,21.004106521606445,21.276380784680843,20.615141963836372,21.004106521606445,8207330,0.0,0.0
2023-09-29 00:00:00+03:00,21.004107410963496,21.169417586856515,20.67348705917746,21.072175979614258,10835140,0.0,0.0
2023-10-02 00:00:00+03:00,21.37362371411333,21.82093437435308,20.790175913888596,21.684795379638672,10801470,0.0,0.0
2023-10-03 00:00:00+03:00,21.684793426002685,22.36548277406148,21.50976077096087,21.92789649963379,13920800,0.0,0.0
2023-10-04 00:00:00+03:00,21.97651909193899,22.27796639577884,21.32500275478232,21.53893280029297,9280750,0.0,0.0
2023-10-05 00:00:00+03:00,21.53893253594561,22.75444793701172,21.39307105876354,22.75444793701172,12041480,0.0,0.0
2023-10-06 00:00:00+03:00,22.365484096746222,22.754448666613325,22.12238100873811,22.394657135009766,7183060,0.0,0.0
2023-10-09 00:00:00+03:00,21.986242667636137,22.316862997580234,21.393070571901855,21.44169044494629,9443950,0.0,0.0
2023-10-10 00:00:00+03:00,21.47086316717795,22.48217283330948,21.47086316717795,22.443275451660156,10174630,0.0,0.0
2023-10-11 00:00:00+03:00,22.55996821980663,22.676656668112873,21.54865844259549,21.762588500976562,10133360,0.0,0.0
2023-10-12 00:00:00+03:00,21.96679527167508,22.141829792521794,19.866384730973262,20.40121078491211,16602560,0.0,0.0
2023-10-13 00:00:00+03:00,20.401210698830038,20.49845230497117,19.720523165300854,19.83721160888672,7025650,0.0,0.0
2023-10-16 00:00:00+03:00,20.031694966975316,20.362315317424056,19.545488787460037,20.15810775756836,10472870,0.0,0.0
2023-10-17 00:00:00+03:00,20.216453150041396,20.829072099408112,20.041418634585387,20.167831420898438,8744870,0.0,0.0
2023-10-18 00:00:00+03:00,19.827486065157455,20.459555539531152,19.642729064851512,20.177555084228516,9444080,0.0,0.0
2023-10-19 00:00:00+03:00,20.197003680938394,20.37203818965678,19.720521882054598,19.963624954223633,5430020,0.0,0.0
2023-10-20 00:00:00+03:00,19.837210871033268,19.837210871033268,18.962040157774165,19.039833068847656,6605080,0.0,0.0
2023-10-23 00:00:00+03:00,19.224592473175147,20.56652069091797,18.952316349334428,20.56652069091797,7657940,0.0,0.0
2023-10-24 00:00:00+03:00,20.585968926480124,21.344451205178753,20.585968926480124,21.004106521606445,6954560,0.0,0.0
2023-10-25 00:00:00+03:00,21.218036989808496,21.782036073557354,19.40934944152832,19.40934944152832,9533060,0.0,0.0
2023-10-26 00:00:00+03:00,19.409348753960245,20.722105739120074,19.321833352696924,20.362314224243164,8295760,0.0,0.0
2023-10-27 00:00:00+03:00,20.362315114553706,20.654038077464676,19.876108939882517,20.430383682250977,3761530,0.0,0.0
2023-10-30 00:00:00+03:00,20.4303830351639,20.906864848682638,20.4303830351639,20.897140502929688,3797040,0.0,0.0
2023-10-31 00:00:00+03:00,21.60699964876506,21.733414280624064,19.97334861755371,19.97334861755371,6638940,0.0,0.0
2023-11-01 00:00:00+03:00,20.76100354862479,20.76100354862479,20.0803141779567,20.517900466918945,9422310,0.0,0.0
2023-11-02 00:00:00+03:00,21.50976290453,22.569690704345703,21.22776242087604,22.569690704345703,16727680,0.0,0.0
2023-11-03 00:00:00+03:00,23.094792620256094,23.25037844321421,21.49031266179469,22.75444793701172,24723760,0.0,0.0
2023-11-06 00:00:00+03:00,22.75444830033964,22.832241213060843,21.898726260406395,21.995967864990234,16084290,0.0,0.0
2023-11-07 00:00:00+03:00,21.811208185705205,21.947345314191516,20.916588795518145,21.091623306274414,13342440,0.0,0.0
2023-11-08 00:00:00+03:00,21.256933772905718,21.665347018885594,21.043001876845743,21.383346557617188,8493230,0.0,0.0
2023-11-09 00:00:00+03:00,21.393072406492163,21.47086532287205,20.722107343509762,20.87769317626953,7690370,0.0,0.0
2023-11-10 00:00:00+03:00,21.004107077843873,21.5000375976576,20.7415552988726,21.13051986694336,5420250,0.0,0.0
2023-11-13 00:00:00+03:00,21.247210620281486,21.42224514334851,20.128936767578125,20.128936767578125,5779050,0.0,0.0
2023-11-14 00:00:00+03:00,20.12893656072287,20.498452440833045,19.89555596254558,20.051143646240234,4346160,0.0,0.0
2023-11-15 00:00:00+03:00,20.099763585440893,20.37203971435056,19.681625973259024,19.808040618896484,4017640,0.0,0.0
2023-11-16 00:00:00+03:00,19.81776325172042,20.216454029111635,19.72052349866488,20.128936767578125,4752090,0.0,0.0
2023-11-17 00:00:00+03:00,20.12893670259241,20.37203979390522,19.739970272708398,20.021970748901367,5190530,0.0,0.0
2023-11-20 00:00:00+03:00,20.031694905691896,20.595693998014987,20.021970559563815,20.40121078491211,6421300,0.0,0.0
2023-11-21 00:00:00+03:00,20.615141096583777,20.663760968736167,20.138657446790013,20.342864990234375,6114300,0.0,0.0
2023-11-22 00:00:00+03:00,20.449831022959753,20.566519458521118,19.82748589929191,19.856658935546875,5484840,0.0,0.0
2023-11-23 00:00:00+03:00,19.8566602871429,20.177556288873156,19.70107445931789,19.730247497558594,4853520,0.0,0.0
2023-11-24 00:00:00+03:00,19.701073256342642,20.021969238478537,19.662175874396837,19.827486038208008,3609960,0.0,0.0
2023-11-27 00:00:00+03:00,19.93445191786082,20.109486426579203,19.769141754596706,19.963624954223633,4970960,0.0,0.0
2023-11-28 00:00:00+03:00,19.973350380006526,20.031694601158655,19.35100522037619,19.40934944152832,6753230,0.0,0.0
2023-11-29 00:00:00+03:00,19.545488883546245,19.623281798461946,18.757835388183594,18.757835388183594,7327960,0.0,0.0
2023-11-30 00:00:00+03:00,18.757835452627784,19.27321282019141,18.514732360839844,18.514732360839844,4971950,0.0,0.0
2023-12-01 00:00:00+03:00,18.718937611697886,19.214868129432467,18.56335178512186,19.059282302856445,4105740,0.0,0.0
2023-12-04 00:00:00+03:00,19.05928154895567,19.253762897118204,18.466109449391997,18.962039947509766,3992280,0.0,0.0
2023-12-05 00:00:00+03:00,19.09817741175518,19.205143360695217,18.80645445702875,18.903696060180664,3158080,0.0,0.0
2023-12-06 00:00:00+03:00,18.90369551654273,19.234315844913574,18.135488913937156,18.184110641479492,6207330,0.0,0.0
2023-12-07 00:00:00+03:00,18.18411094166942,18.53417811210698,17.73680031454186,18.475833892822266,6482440,0.0,0.0
2023-12-08 00:00:00+03:00,18.47583398587209,19.885832584580363,18.26190394426454,19.73996925354004,15340170,0.0,0.0
2023-12-11 00:00:00+03:00,19.739970603342773,20.00252239149327,18.75783573015063,19.156524658203125,8019400,0.0,0.0
2023-12-12 00:00:00+03:00,19.156523982338044,19.33155664686692,18.50500763550425,18.92314338684082,6294540,0.0,0.0
2023-12-13 00:00:00+03:00,18.97176408037274,19.03983264420275,18.184110641479492,18.184110641479492,4503210,0.0,0.0
2023-12-14 00:00:00+03:00,18.329972487326263,18.913420246591922,17.88266185848851,18.582799911499023,5438950,0.0,0.0
2023-12-15 00:00:00+03:00,18.573075954907996,19.710798460156628,18.37859274616849,19.438522338867188,8056250,0.0,0.0
2023-12-18 00:00:00+03:00,19.06900606843219,19.40934889450197,18.524453837261948,18.582799911499023,5532660,0.0,0.0
2023-12-19 00:00:00+03:00,18.475833018758312,19.4676939733214,18.203556917095153,19.107900619506836,13190290,0.0,0.0
2023-12-20 00:00:00+03:00,18.913421562818463,19.25376441257345,18.660594121050885,19.156524658203125,6765810,0.0,0.0
2023-12-21 00:00:00+03:00,19.156523362822544,19.234316273896034,18.427214125985078,19.039833068847656,5887450,0.0,0.0
2023-12-22 00:00:00+03:00,18.864798830688375,19.691349682118215,18.864798830688375,19.224592208862305,8814890,0.0,0.0
2023-12-25 00:00:00+03:00,19.156524668264495,19.166247159923092,18.213283470649767,18.45638656616211,2093050,0.0,0.0
2023-12-26 00:00:00+03:00,18.524453460629548,18.923142352830403,18.154937604954092,18.184110641479492,4379620,0.0,0.0
2023-12-27 00:00:00+03:00,18.106317012900508,18.368866912282765,17.77569669766295,17.843765258789062,4392150,0.0,0.0
2023-12-28 00:00:00+03:00,17.853490020846916,18.96203942445558,17.843765675497636,18.5925235748291,4037710,0.0,0.0
2023-12-29 00:00:00+03:00,18.592523546188847,20.021968925204877,18.534177474183046,19.535762786865234,9636740,0.0,0.0
2024-01-02 00:00:00+03:00,19.798316550747085,20.761004579538167,19.652453210697097,20.449832916259766,10296740,0.0,0.0
2024-01-03 00:00:00+03:00,20.274799069448164,20.83879819166816,20.216454844316296,20.440109252929688,9414130,0.0,0.0
2024-01-04 00:00:00+03:00,20.323417398700006,20.537349299091474,19.93445283625552,20.488727569580078,5289210,0.0,0.0
2024-01-05 00:00:00+03:00,20.48872718584545,20.838796212853687,20.294245835630324,20.79017448425293,4759490,0.0,0.0
2024-01-08 00:00:00+03:00,20.84852034688555,21.120794605368005,20.70265887202291,20.71238136291504,4379200,0.0,0.0
2024-01-09 00:00:00+03:00,20.85824469250696,20.994381821748192,20.3234168117049,20.71238136291504,6039630,0.0,0.0
2024-01-10 00:00:00+03:00,20.71238108464816,20.809622684826593,20.420658138842118,20.770727157592773,4550920,0.0,0.0
2024-01-11 00:00:00+03:00,20.770729269173867,21.32500403539124,20.73183188325643,20.848522186279297,7247880,0.0,0.0
2024-01-12 00:00:00+03:00,20.85824438724603,21.577829260135964,20.51789971439463,21.12079429626465,10225200,0.0,0.0
2024-01-15 00:00:00+03:00,21.13051961325759,21.94734612376432,21.120795267331395,21.645898818969727,7353330,0.0,0.0
2024-01-16 00:00:00+03:00,21.636174868497225,21.879277956907305,21.256934644090897,21.344451904296875,4658990,0.0,0.0
2024-01-17 00:00:00+03:00,21.218036061375066,21.704242210736474,21.218036061375066,21.44169044494629,4773790,0.0,0.0
2024-01-18 00:00:00+03:00,21.490313469875975,22.229347084080917,21.334727641067502,21.908451080322266,7862010,0.0,0.0
2024-01-19 00:00:00+03:00,21.947347912868505,22.122382444349746,21.451417358581477,21.675073623657227,4608670,0.0,0.0
2024-01-22 00:00:00+03:00,21.48058938992637,21.597277835614065,21.34445225171426,21.3930721282959,3215430,0.0,0.0
2024-01-23 00:00:00+03:00,21.5778305792782,21.743140753070445,20.936038576256383,21.237485885620117,5885190,0.0,0.0
2024-01-24 00:00:00+03:00,21.16941665485445,21.558381211969582,21.023555177777443,21.35417366027832,6113100,0.0,0.0
2024-01-25 00:00:00+03:00,21.441691320704308,21.733416135073835,21.208312582046293,21.402795791625977,6014200,0.0,0.0
2024-01-26 00:00:00+03:00,21.41251985199125,22.404380869106,21.28610521103169,22.26824188232422,15209050,0.0,0.0
2024-01-29 00:00:00+03:00,22.75444812986755,22.9975512121412,22.511345047593906,22.725276947021484,11725840,0.0,0.0
2024-01-30 00:00:00+03:00,22.725278254470613,23.211484446990717,22.453002118956757,23.055896759033203,7649310,0.0,0.0
2024-01-31 00:00:00+03:00,23.493481634984327,23.493481634984327,22.190448970475767,22.26824188232422,8771350,0.0,0.0
2024-02-01 00:00:00+03:00,22.30714076035097,23.172587194497257,22.122381886807233,22.91975975036621,13762580,0.0,0.0
2024-02-02 00:00:00+03:00,23.14341099162192,23.221203898049605,22.657204862766594,22.910032272338867,7907460,0.0,0.0
2024-02-05 00:00:00+03:00,22.910033915834536,23.20175872691269,22.676655179809604,23.07534408569336,9553000,0.0,0.0
2024-02-06 00:00:00+03:00,23.123966149446694,23.318447504916435,22.94893163121338,23.017000198364258,9295970,0.0,0.0
2024-02-07 00:00:00+03:00,23.921342869639037,24.529100555073313,23.8241012690237,24.02830696105957,18916040,0.0,0.0
2024-02-08 00:00:00+03:00,24.028307538112177,25.039617241232005,24.01858504707349,24.747894287109375,13668390,0.0,0.0
2024-02-09 00:00:00+03:00,24.893756059659456,25.47720382955955,24.796514455554554,25.03961753845215,9258830,0.0,0.0
2024-02-12 00:00:00+03:00,25.35565212412209,26.54685573883268,24.84513416955547,25.7689266204834,13707890,0.0,0.0
2024-02-13 00:00:00+03:00,26.06064983274073,26.230823104181344,24.52910151815124,24.674962997436523,10247810,0.0,0.0
2024-02-14 00:00:00+03:00,24.699272906785634,25.01530765715228,24.334618281622276,24.7965145111084,6638500,0.0,0.0
2024-02-15 00:00:00+03:00,25.088236562332447,25.817545786292452,24.9423750884863,25.42858123779297,8853740,0.0,0.0
2024-02-16 00:00:00+03:00,25.574444187244577,25.98772055083821,25.30703116064245,25.744617462158203,6267660,0.0,0.0
2024-02-19 00:00:00+03:00,25.987719411361315,26.206512552525826,25.185478512001207,25.720306396484375,7948200,0.0,0.0
2024-02-20 00:00:00+03:00,25.93909803551939,26.32806444942335,25.185478854356777,25.7689266204834,10417090,0.0,0.0
2024-02-21 00:00:00+03:00,25.963409882342344,26.0120297568185,24.747894473145216,25.52582359313965,12932300,0.0,0.0
2024-02-22 00:00:00+03:00,25.67168591834211,25.67168591834211,24.845135041869916,25.258411407470703,8761440,0.0,0.0
2024-02-23 00:00:00+03:00,25.30703015265844,25.671684771154183,24.96668547111656,25.234100341796875,8438410,0.0,0.0
2024-02-26 00:00:00+03:00,25.13686040305902,26.376685817062626,25.13686040305902,26.084962844848633,14340680,0.0,0.0
2024-02-27 00:00:00+03:00,26.08496147948692,26.789958934557383,25.234100691214945,25.2827205657959,11512430,0.0,0.0
2024-02-28 00:00:00+03:00,25.25841118771539,25.52582421328969,24.480480194091797,24.480480194091797,5243070,0.0,0.0
2024-02-29 00:00:00+03:00,24.504791897288182,25.404272576775078,24.504791897288182,24.845134735107422,8369580,0.0,0.0
2024-03-01 00:00:00+03:00,24.96668627853697,25.20978936539606,24.52910183502822,24.845134735107422,8579670,0.0,0.0
2024-03-04 00:00:00+03:00,24.942377524811974,25.37996384382231,24.674964487518743,24.869447708129883,5843270,0.0,0.0
2024-03-05 00:00:00+03:00,24.893756059659456,25.282720621349743,24.602031247344748,25.03961753845215,6670410,0.0,0.0
2024-03-06 00:00:00+03:00,25.01530651780443,25.477202726253015,24.626341972958507,24.77220344543457,6732970,0.0,0.0
2024-03-07 00:00:00+03:00,24.99099825819607,25.744617462158203,24.84513492120457,25.744617462158203,6544990,0.0,0.0
2024-03-08 00:00:00+03:00,25.695994900868364,26.25513272864796,25.452891820047547,26.01202964782715,11082790,0.0,0.0
2024-03-11 00:00:00+03:00,26.64409933635276,27.422030367651708,25.987721709542843,26.91151237487793,10309600,0.0,0.0
2024-03-12 00:00:00+03:00,26.911511614848024,27.324787985196576,26.400995491221604,27.057374954223633,8502740,0.0,0.0
2024-03-13 00:00:00+03:00,27.081684340197533,28.00547496060189,26.352375077111763,27.61651039123535,11199250,0.0,0.0
2024-03-14 00:00:00+03:00,27.71375115712484,27.90823436327709,25.234100479694867,26.2551326751709,20622590,0.0,0.0
2024-03-15 00:00:00+03:00,26.25513424092592,26.40099572687407,24.69927406311035,24.69927406311035,13715900,0.0,0.0
2024-03-18 00:00:00+03:00,24.845132954022475,25.015306215462164,24.0672038737329,24.11582374572754,6904460,0.0,0.0
2024-03-19 00:00:00+03:00,24.203342979472048,24.52910208362398,23.678241270993915,24.22279167175293,9038190,0.0,0.0
2024-03-20 00:00:00+03:00,24.222791197599435,24.74789475052821,23.969963767085137,24.3103084564209,7037340,0.0,0.0
2024-03-21 00:00:00+03:00,24.602031707763672,25.16116955078395,24.2616888691211,24.602031707763672,14801350,0.0,0.0
2024-03-22 00:00:00+03:00,24.626342932225505,26.13358129773821,24.067205102103095,25.52582359313965,17249840,0.0,0.0
2024-03-25 00:00:00+03:00,25.52582380757373,25.793236828897683,24.20334243774414,24.20334243774414,11631230,0.0,0.0
2024-03-26 00:00:00+03:00,24.504790832040065,25.307029870963305,24.154721808667432,24.577720642089844,11930000,0.0,0.0
2024-03-27 00:00:00+03:00,26.741340637459192,26.741340637459192,24.796515863825796,25.477205276489258,18256900,0.0,0.0
2024-03-28 00:00:00+03:00,25.23410076185951,26.57116771860154,25.23410076185951,26.546855926513672,15860410,0.0,0.0
2024-03-29 00:00:00+03:00,26.54685710636775,26.6927204464604,25.720308071066277,26.571168899536133,9358650,0.0,0.0
2024-04-01 00:00:00+03:00,27.203236067227817,27.324787611893957,25.7689274692215,26.8872013092041,9594480,0.0,0.0
2024-04-02 00:00:00+03:00,26.862891529628694,27.519269132804787,26.10927231920037,26.279443740844727,11570270,0.0,0.0
2024-04-03 00:00:00+03:00,26.279441439368632,26.741337642318157,25.81754523641911,26.47392463684082,7397600,0.0,0.0
2024-04-04 00:00:00+03:00,26.668407038336976,27.130303259624082,26.303752419646518,26.862890243530273,8577000,0.0,0.0
2024-04-05 00:00:00+03:00,26.93582372509187,28.491682052612305,26.93582372509187,28.491682052612305,8671410,0.0,0.0
2024-04-08 00:00:00+03:00,28.686165102906322,29.172371291091174,28.394442131887175,29.09943962097168,9265900,0.0,0.0
2024-04-09 00:00:00+03:00,29.09943962097168,29.09943962097168,29.09943962097168,29.09943962097168,0,0.0,0.0
2024-04-15 00:00:00+03:00,28.97788721763097,29.07512882334034,27.859613388796603,27.981164932250977,15469340,0.0,0.0
2024-04-16 00:00:00+03:00,27.616511771409787,28.46737262086617,27.470650282448872,28.175649642944336,10578050,0.0,0.0
2024-04-17 00:00:00+03:00,28.491680670650524,30.144782381870648,28.491680670650524,29.56133460998535,22312060,0.0,0.0
2024-04-18 00:00:00+03:00,29.56133378199298,29.9989200623328,29.22098910336526,29.828746795654297,9381760,0.0,0.0
2024-04-19 00:00:00+03:00,29.70719677928695,30.07185141334397,29.31823220723867,29.90167999267578,8400640,0.0,0.0
2024-04-22 00:00:00+03:00,30.14478166538389,30.48512634545505,29.148059416748506,29.220989227294922,12608680,0.0,0.0
2024-04-24 00:00:00+03:00,29.63426509816853,29.87736817222286,29.050817349492288,29.780126571655273,10765450,0.0,0.0
2024-04-25 00:00:00+03:00,29.780128179811964,31.019953553495,29.634266698448556,30.995643615722656,9219310,0.0,0.0
2024-04-26 00:00:00+03:00,30.99564370654878,31.11719525049603,30.436505862499683,30.63098907470703,7409840,0.0,0.0
2024-04-29 00:00:00+03:00,30.63098826875115,31.14150622368046,30.120472168551164,30.7768497467041,6760300,0.0,0.0
2024-04-30 00:00:00+03:00,30.825472760043493,31.652021787787703,30.728231152447293,31.579090118408203,6845140,0.0,0.0
2024-05-02 00:00:00+03:00,31.6277135155172,32.697365628502546,31.579089929915234,32.30839920043945,7939840,0.0,0.0
2024-05-03 00:00:00+03:00,32.30840076228262,32.67305541517276,32.016677781862306,32.25978088378906,4808090,0.0,0.0
2024-05-06 00:00:00+03:00,32.284092677765315,32.57581565818564,31.797886473911802,32.25978088378906,7613450,0.0,0.0
2024-05-07 00:00:00+03:00,32.3327102091775,32.6244331684212,31.506161206410574,32.57581329345703,5685450,0.0,0.0
2024-05-08 00:00:00+03:00,32.57581107413485,32.91615388515587,31.724950337123865,32.284088134765625,5841920,0.0,0.0
2024-05-09 00:00:00+03:00,32.284091681149405,33.353743812823204,32.1382283407126,33.25650405883789,5835390,0.0,0.0
2024-05-10 00:00:00+03:00,33.30512234774503,33.62115709731609,32.91615593143316,33.426673889160156,6220320,0.0,0.0
2024-05-13 00:00:00+03:00,33.69408965289387,34.52063867253732,32.79460525512695,32.79460525512695,7310510,0.0,0.0
2024-05-14 00:00:00+03:00,32.89184874765649,33.28081146513883,32.47857423744329,32.67305374145508,7748290,0.0,0.0
2024-05-15 00:00:00+03:00,33.256503136220765,34.42339869896617,33.18357146802567,33.64546585083008,7986190,0.0,0.0
2024-05-16 00:00:00+03:00,33.64546787164297,34.93391505561396,33.40236476936388,34.788055419921875,5977460,0.0,0.0
2024-05-17 00:00:00+03:00,34.86098007986252,36.2952904730796,34.520637252703814,35.73615264892578,8275520,0.0,0.0
2024-05-20 00:00:00+03:00,35.78477554119099,36.319601618747456,35.37150101350913,36.003570556640625,5787180,0.0,0.0
2024-05-21 00:00:00+03:00,36.27097778212346,37.41356148435288,35.906323172297576,36.611324310302734,11380980,0.0,0.0
2024-05-22 00:00:00+03:00,36.587012756284246,36.70856429368054,35.00684277013243,35.395809173583984,8658990,0.0,0.0
2024-05-23 00:00:00+03:00,35.39580919739016,35.76046380982429,35.006842793676995,35.27425765991211,6424280,0.0,0.0
2024-05-24 00:00:00+03:00,35.03115782445354,35.27426092189052,33.74271066614572,34.32615661621094,4555650,0.0,0.0
2024-05-27 00:00:00+03:00,34.034435023163546,34.228918250902005,32.33271327200537,32.600128173828125,11962630,0.0,0.0
2024-05-28 00:00:00+03:00,32.72167726515412,33.426674739513075,32.67305367978419,32.91615676879883,6928460,0.0,0.0
2024-05-29 00:00:00+03:00,33.05094615548654,33.418723737911336,32.511539782842256,32.85479736328125,5672590,0.287434,0.0
2024-05-30 00:00:00+03:00,32.97739045727644,33.149019250444354,31.996650220628812,32.094722747802734,5313740,0.0,0.0
2024-05-31 00:00:00+03:00,32.33990474298464,33.54131366378915,32.33990474298464,32.7812385559082,14360410,0.0,0.0
2024-06-03 00:00:00+03:00,33.05094572611909,35.30664745410839,32.14376178283531,35.06146240234375,10774850,0.0,0.0
2024-06-04 00:00:00+03:00,35.15953572351039,36.16479595502217,34.031686704564585,35.30664825439453,12182410,0.0,0.0
2024-06-05 00:00:00+03:00,35.33116825661757,35.77249836681585,34.252351759663725,35.30664825439453,6113500,0.0,0.0
2024-06-06 00:00:00+03:00,35.380202973151924,35.62538801975557,34.42397904666154,34.595611572265625,5826940,0.0,0.0
2024-06-07 00:00:00+03:00,34.71820345308151,34.71820345308151,32.68316685568569,33.247093200683594,9954540,0.0,0.0
2024-06-10 00:00:00+03:00,33.24709236891569,33.44323740468016,32.487017261034744,32.7812385559082,4348300,0.0,0.0
2024-06-11 00:00:00+03:00,32.83027539502069,33.05094417599547,31.481757673562047,32.02116775512695,11798280,0.0,0.0
2024-06-12 00:00:00+03:00,31.972129279675226,32.73220443725586,31.677907965563268,32.73220443725586,8131150,0.0,0.0
2024-06-13 00:00:00+03:00,33.24709348247157,34.8653125290885,33.14901722007769,34.03168487548828,5465420,0.0,0.0
2024-06-14 00:00:00+03:00,34.816275421935075,34.91434794071742,33.51679397132172,33.56583023071289,4822440,0.0,0.0
2024-06-20 00:00:00+03:00,34.2278327349353,34.620126550238716,33.61487014112361,34.4484977722168,4643980,0.0,0.0
2024-06-21 00:00:00+03:00,34.47301970597942,35.69894496236237,34.44849970436097,35.5027961730957,7317290,0.0,0.0
2024-06-24 00:00:00+03:00,35.64990344376257,35.870572225267765,34.27686945971311,34.350425720214844,6290450,0.0,0.0
2024-06-25 00:00:00+03:00,34.39946106544091,35.159532427143276,33.761978479679314,34.76723861694336,9169380,0.0,0.0
2024-06-26 00:00:00+03:00,34.963388363670184,35.13501714422584,33.68842315673828,33.68842315673828,7903080,0.0,0.0
2024-06-27 00:00:00+03:00,33.63938600102224,34.42397736354698,33.63938600102224,34.325904846191406,6681780,0.0,0.0
2024-06-28 00:00:00+03:00,35.03694061910945,35.993164517105434,35.012424359915784,35.67442321777344,12797750,0.0,0.0
2024-07-01 00:00:00+03:00,36.115760016281065,36.75323892630986,35.20857604428391,35.649906158447266,14795070,0.0,0.0
2024-07-02 00:00:00+03:00,35.99316509173871,37.26812656819474,35.797016308923894,37.24360656738281,11528980,0.0,0.0
2024-07-03 00:00:00+03:00,37.36620147145131,38.690203033949295,37.121016412606544,38.199832916259766,16946950,0.0,0.0
2024-07-04 00:00:00+03:00,38.22434651338022,38.98442163931675,37.68494016976082,38.788272857666016,8266180,0.0,0.0
2024-07-05 00:00:00+03:00,39.22960783305921,39.793534193904826,38.543088947735285,39.59738540649414,8418870,0.0,0.0
2024-07-08 00:00:00+03:00,39.8670911142609,40.749755060324034,39.05797969111611,40.50457000732422,9973960,0.0,0.0
2024-07-09 00:00:00+03:00,40.480053211817086,41.41175340792238,40.06323563424404,41.264644622802734,9890710,0.0,0.0
2024-07-10 00:00:00+03:00,42.17182993643423,43.15257016751409,41.06849717646938,42.85834884643555,11392100,0.0,0.0
2024-07-11 00:00:00+03:00,42.907383435877165,43.937159890092836,42.41701333946714,42.80931091308594,10233700,0.0,0.0
2024-07-12 00:00:00+03:00,42.85834861477753,44.525607746846845,42.63767981924108,43.74101257324219,10432820,0.0,0.0
2024-07-16 00:00:00+03:00,43.765529384697935,45.89863847200928,43.37323182649564,45.751529693603516,10060180,0.0,0.0
2024-07-17 00:00:00+03:00,45.99671473217325,46.83034236681964,44.99145457754662,45.751529693603516,8223600,0.0,0.0
2024-07-18 00:00:00+03:00,45.8250825363899,46.36449261804089,43.544864654541016,43.544864654541016,10424180,0.0,0.0
2024-07-19 00:00:00+03:00,43.54486712314187,44.69723612965581,43.12804953801326,43.839088439941406,7968650,0.0,0.0
2024-07-22 00:00:00+03:00,43.96167910284875,45.50634562707852,43.96167910284875,44.67271423339844,6946480,0.0,0.0
2024-07-23 00:00:00+03:00,44.59915897915183,44.86886402992082,43.42227373528301,44.03523635864258,4197750,0.0,0.0
2024-07-24 00:00:00+03:00,44.03523755512691,44.74627272105282,43.765532497029746,44.18234634399414,4296210,0.0,0.0
2024-07-25 00:00:00+03:00,43.96168119786755,44.18234625131906,41.82857196333709,42.735755920410156,6340180,0.0,0.0
2024-07-26 00:00:00+03:00,43.10353127896069,43.446788842441514,42.14730736716093,43.005455017089844,4696420,0.0,0.0
2024-07-29 00:00:00+03:00,42.66219762998587,42.76027015103532,41.80404997650914,41.902122497558594,4385250,0.0,0.0
2024-07-30 00:00:00+03:00,41.92664204111916,42.46604838346129,41.387235698777026,42.220863342285156,5708670,0.0,0.0
2024-07-31 00:00:00+03:00,42.19634801660981,42.51508558421024,41.656937921104976,41.80405044555664,3901640,0.0,0.0
2024-08-01 00:00:00+03:00,42.269902072182795,43.20160603133865,41.85308822607354,42.51508712768555,5322950,0.0,0.0
2024-08-02 00:00:00+03:00,42.41701409345615,42.88286419683568,40.62716246149844,40.94590377807617,5337670,0.0,0.0
2024-08-05 00:00:00+03:00,37.17005498396004,40.48005315072017,37.17005498396004,39.3767204284668,6982990,0.0,0.0
2024-08-06 00:00:00+03:00,40.21034948596196,40.48005454607815,36.973907470703125,36.973907470703125,14302280,0.0,0.0
2024-08-07 00:00:00+03:00,37.56234663595779,38.028200447469196,36.851311530528186,36.87582778930664,8805660,0.0,0.0
2024-08-08 00:00:00+03:00,36.87583051178442,38.543089622106095,36.82679424938052,38.17531204223633,7896730,0.0,0.0
2024-08-09 00:00:00+03:00,38.27338656726752,38.73923665075421,37.807532742553995,38.34693908691406,4797990,0.0,0.0
2024-08-12 00:00:00+03:00,38.56760677654269,38.788271811682435,36.80227527174455,36.87582778930664,6592570,0.0,0.0
2024-08-13 00:00:00+03:00,37.0474634927001,37.170056020814634,35.42924062509756,36.18931579589844,6977230,0.0,0.0
2024-08-14 00:00:00+03:00,36.72872217403002,36.75323843491847,35.60086941880349,35.96864700317383,4461560,0.0,0.0
2024-08-15 00:00:00+03:00,36.28738689734004,36.385459419490736,34.00716521568072,34.595611572265625,16036590,0.0,0.0
2024-08-16 00:00:00+03:00,34.88983117405275,35.35568124333181,33.8355347769601,34.325904846191406,9911960,0.0,0.0
2024-08-19 00:00:00+03:00,34.1787936572388,34.32590618021619,33.467758525710785,34.03168487548828,7876910,0.0,0.0
2024-08-20 00:00:00+03:00,33.93361043568044,34.27687176065541,33.001910210871266,33.418724060058594,7703780,0.0,0.0
2024-08-21 00:00:00+03:00,32.85479736328125,33.39420373592554,32.68316857306176,32.85479736328125,7510590,0.0,0.0
2024-08-22 00:00:00+03:00,32.90383070019005,33.1244994747591,32.11923934236242,32.21731185913086,5586610,0.0,0.0
2024-08-23 00:00:00+03:00,32.04568583669957,32.46249968060724,31.187538146972656,31.187538146972656,5801190,0.0,0.0
2024-08-26 00:00:00+03:00,31.212057548215235,31.80050017049843,31.015908760378515,31.113983154296875,5737120,0.0,0.0
2024-08-27 00:00:00+03:00,31.08946538716216,31.775984282008245,30.74620593973912,31.457242965698242,6077690,0.0,0.0
2024-08-28 00:00:00+03:00,31.874055573434543,32.6831669631594,31.874055573434543,32.36442565917969,6761570,0.0,0.0
2024-08-29 00:00:00+03:00,32.756724107427715,32.854796630730156,32.09472148084189,32.388946533203125,6475440,0.0,0.0
2024-09-02 00:00:00+03:00,32.56057620877542,34.178795334818545,32.56057620877542,34.08072280883789,6310830,0.0,0.0
2024-09-03 00:00:00+03:00,34.080723130655656,34.154279396449255,32.65864904314547,32.7567253112793,8232100,0.0,0.0
2024-09-04 00:00:00+03:00,32.33990530254114,32.58509034271575,31.481757661929983,31.800498962402344,7906090,0.0,0.0
2024-09-05 00:00:00+03:00,32.0702052171866,32.26635400499738,31.60435137848263,32.168277740478516,5884900,0.0,0.0
2024-09-06 00:00:00+03:00,31.99664804257985,32.36442560628767,31.506277957636097,31.530797958374023,6791600,0.0,0.0
2024-09-09 00:00:00+03:00,31.48176001412921,33.22257542592692,31.113984297001867,32.7567253112793,11167840,0.0,0.0
2024-09-10 00:00:00+03:00,32.854797927695486,33.149019250444354,31.89857769345489,32.094722747802734,7423360,0.0,0.0
2024-09-11 00:00:00+03:00,32.11924103588117,32.19279729794918,30.991390198056887,31.21205711364746,5040270,0.0,0.0
2024-09-12 00:00:00+03:00,31.432722358573766,31.726943667490495,30.40294590675175,31.16301918029785,8279260,0.0,0.0
2024-09-13 00:00:00+03:00,31.163019709077858,31.677907943725586,30.94235278833926,31.677907943725586,5210240,0.0,0.0
2024-09-16 00:00:00+03:00,31.87405704699959,32.364427155414965,31.187538146972656,31.187538146972656,5489180,0.0,0.0
2024-09-17 00:00:00+03:00,31.28561025164041,32.437981044393126,31.089463345006784,32.33990478515625,7822990,0.0,0.0
2024-09-18 00:00:00+03:00,32.339907001868085,32.683168320885585,31.70242810865332,31.849536895751953,4925060,0.0,0.0
2024-09-19 00:00:00+03:00,32.36442612926049,32.707683697777036,31.726943512041867,32.266353607177734,9808700,0.0,0.0
2024-09-20 00:00:00+03:00,32.315388135212956,32.73220194355217,32.070203101927916,32.43798065185547,8165100,0.0,0.0
2024-09-23 00:00:00+03:00,32.6586464908933,32.90383153022617,32.437981451984434,32.46249771118164,8134370,0.0,0.0
2024-09-24 00:00:00+03:00,32.462499361225596,32.78124067680507,31.432722891930144,31.677907943725586,12282050,0.0,0.0
2024-09-25 00:00:00+03:00,31.726943338878648,32.07020464674861,31.45724203400963,31.874055862426758,11248470,0.0,0.0
2024-09-26 00:00:00+03:00,31.9966476329399,32.6831664913173,31.972127632515896,32.46249771118164,6459890,0.0,0.0
2024-09-27 00:00:00+03:00,32.58509157630958,32.977389151931135,31.898576430812273,32.168277740478516,6970980,0.0,0.0
2024-09-30 00:00:00+03:00,32.11924200953974,32.11924200953974,30.451982897440367,30.574575424194336,7063400,0.0,0.0
2024-10-01 00:00:00+03:00,30.62361312855005,30.819760046242347,29.59383479586495,29.61835479736328,7374920,0.0,0.0
2024-10-02 00:00:00+03:00,29.765466016707833,30.304872388838763,29.422206565982005,29.91257667541504,8335320,0.0,0.0
2024-10-03 00:00:00+03:00,30.206796178765064,30.37842682912748,29.25057601928711,29.25057601928711,4858130,0.0,0.0
2024-10-04 00:00:00+03:00,29.42220545411184,30.378427505493164,29.324131061808778,30.378427505493164,3980660,0.0,0.0
2024-10-07 00:00:00+03:00,30.550056557436797,30.77072347440382,29.91257580778698,30.10872459411621,3252510,0.0,0.0
2024-10-08 00:00:00+03:00,30.157761291332353,30.427464473473602,29.716427451018678,30.010650634765625,3227750,0.0,0.0
2024-10-09 00:00:00+03:00,30.01065060023864,30.255835651105603,29.49576236754072,30.2313175201416,2522050,0.0,0.0
2024-10-10 00:00:00+03:00,30.255835814973725,30.697167786556452,29.986132631682032,30.40294647216797,4175480,0.0,0.0
2024-10-11 00:00:00+03:00,30.451982881703437,30.81976046177528,29.544798932438287,29.740947723388672,3938660,0.0,0.0
2024-10-14 00:00:00+03:00,29.520280372247107,29.71642728973367,28.564058303833008,28.564058303833008,6214440,0.0,0.0
2024-10-15 00:00:00+03:00,28.66213159841,29.152501679236128,28.269835907871776,28.809242248535156,3854810,0.0,0.0
2024-10-16 00:00:00+03:00,28.7356864194712,28.93183520299109,28.1472438101384,28.71116828918457,5121360,0.0,0.0
2024-10-17 00:00:00+03:00,28.71116849410135,29.127984194402647,28.564057840718196,28.88279914855957,4459930,0.0,0.0
2024-10-18 00:00:00+03:00,29.078945293310024,29.152501553361706,28.196279525756836,28.196279525756836,3072370,0.0,0.0
2024-10-21 00:00:00+03:00,28.1717619685375,28.73568644814641,27.779466271719684,28.490501403808594,4884240,0.0,0.0
2024-10-22 00:00:00+03:00,28.490501347381198,29.20153834867529,28.196280043003924,28.931835174560547,4586780,0.0,0.0
2024-10-23 00:00:00+03:00,29.59383525546439,30.23131789205168,28.245317459106445,28.245317459106445,7212880,0.0,0.0
2024-10-24 00:00:00+03:00,28.465984581356587,28.858280296198284,28.196281394316266,28.416948318481445,4123120,0.0,0.0
2024-10-25 00:00:00+03:00,28.416946815839324,28.588575597440386,27.82850233938601,28.539539337158203,3884510,0.0,0.0
2024-10-28 00:00:00+03:00,28.63761334484013,28.809242124142855,28.147243266131316,28.196279525756836,1357840,0.0,0.0
2024-10-30 00:00:00+03:00,28.441464565111243,28.465982694924005,27.95109448640243,28.196279525756836,2894990,0.0,0.0
2024-10-31 00:00:00+03:00,28.147245131441124,28.760207770448,28.098206997952463,28.416948318481445,5114720,0.0,0.0
2024-11-01 00:00:00+03:00,28.34339041049938,28.637613582534787,28.02465097906113,28.14724349975586,3974710,0.0,0.0
2024-11-04 00:00:00+03:00,28.12272467549935,28.12272467549935,27.36265138952084,27.460725784301758,3358610,0.0,0.0
2024-11-05 00:00:00+03:00,27.656874888204566,27.75494741348666,26.430949616043257,26.970355987548828,5300540,0.0,0.0
2024-11-06 00:00:00+03:00,27.215540342094485,29.667390823364258,27.215540342094485,29.667390823364258,8135060,0.0,0.0
2024-11-07 00:00:00+03:00,30.329389434117147,30.599094481138213,29.05442794349199,29.93709373474121,8456080,0.0,0.0
2024-11-08 00:00:00+03:00,29.5202799048943,30.304871303646173,29.127984205518363,29.93709373474121,7071320,0.0,0.0
2024-11-11 00:00:00+03:00,30.206796851309445,30.50102002821863,29.912575545013706,30.378427505493164,4895360,0.0,0.0
2024-11-12 00:00:00+03:00,31.334649289814802,32.683167028301746,30.9178335937326,32.143760681152344,15682990,0.0,0.0
2024-11-13 00:00:00+03:00,32.09472266495705,32.80576157942744,31.506280020978245,32.53605651855469,9955770,0.0,0.0
2024-11-14 00:00:00+03:00,32.85479768354893,33.66390912101607,32.65864888943158,33.198055267333984,8894120,0.0,0.0
2024-11-15 00:00:00+03:00,33.36968673113537,33.41872299278659,32.388946533203125,32.388946533203125,5003810,0.0,0.0
2024-11-18 00:00:00+03:00,32.38894740762935,32.56057619865568,31.825021030348225,32.19279861450195,4005870,0.0,0.0
2024-11-19 00:00:00+03:00,32.24183447713566,32.683168320885585,31.555315580327676,31.849536895751953,7623270,0.0,0.0
2024-11-20 00:00:00+03:00,31.996648272346047,32.48701836081112,31.1875368781333,31.261093139648438,5034950,0.0,0.0
2024-11-21 00:00:00+03:00,31.359168199639367,32.241834003560925,31.16301941182859,32.168277740478516,5306680,0.0,0.0
2024-11-22 00:00:00+03:00,32.33990771885795,33.02642663088636,31.604352543376176,32.7567253112793,7760670,0.0,0.0
2024-11-25 00:00:00+03:00,33.247092733727186,33.639386550787414,33.12450021441584,33.34516525268555,7317970,0.0,0.0
2024-11-26 00:00:00+03:00,33.09998067895307,33.44323824135518,33.09998067895307,33.247093200683594,4281030,0.0,0.0
2024-11-27 00:00:00+03:00,33.56583341639068,33.884574744524684,32.85479823466856,32.87931823730469,6144340,0.0,0.0
2024-11-28 00:00:00+03:00,33.09998199238454,33.09998199238454,31.579835419498202,31.677907943725586,10599530,0.0,0.0
2024-11-29 00:00:00+03:00,31.726943105548425,32.07020441089393,31.432721801842895,31.923091888427734,5394140,0.0,0.0
2024-12-02 00:00:00+03:00,31.87405656747781,31.898576569020502,31.11398328499142,31.50627899169922,6055790,0.0,0.0
2024-12-03 00:00:00+03:00,31.506280403739318,32.80576197797555,31.481760401097695,32.65864944458008,8885970,0.0,0.0
2024-12-04 00:00:00+03:00,32.92835282311947,33.07546160775727,32.413462723819784,32.60961151123047,4630610,0.0,0.0
2024-12-05 00:00:00+03:00,32.830274830417395,33.247092384681416,32.56057353549998,33.00190734863281,5803230,0.0,0.0
2024-12-06 00:00:00+03:00,33.32064697026063,35.30664738198827,33.14901818262137,35.282127380371094,15184570,0.0,0.0
2024-12-09 00:00:00+03:00,35.404721257911724,36.43450150552286,35.11049993340588,35.20857620239258,10110520,0.0,0.0
2024-12-10 00:00:00+03:00,35.1595349983297,35.67442510457728,34.301387315401726,34.6201286315918,6830150,0.0,0.0
2024-12-11 00:00:00+03:00,34.816278452553036,35.870574956756045,34.76724218889345,35.649906158447266,7657550,0.0,0.0
2024-12-12 00:00:00+03:00,36.875828725416525,37.61138384952372,36.2873861226215,36.679683685302734,10506610,0.0,0.0
2024-12-13 00:00:00+03:00,36.360943573297476,36.97390619678116,35.94412973757396,36.8267936706543,6005650,0.0,0.0
2024-12-16 00:00:00+03:00,36.875831285204846,37.43975766774481,36.53257369995117,36.53257369995117,5585660,0.0,0.0
2024-12-17 00:00:00+03:00,36.532572027789456,36.826793336143716,35.96864567106142,36.48353576660156,6647380,0.0,0.0
2024-12-18 00:00:00+03:00,36.38546030036094,37.09649919746149,36.09123898555902,36.728721618652344,4425900,0.0,0.0
2024-12-19 00:00:00+03:00,36.18931376211304,36.82679262774697,35.355682373046875,35.355682373046875,7005330,0.0,0.0
2024-12-20 00:00:00+03:00,35.012424819736,36.532571335098766,35.012424819736,35.576351165771484,6955100,0.0,0.0
2024-12-23 00:00:00+03:00,35.62538842940285,35.821537217186616,34.42397944249413,34.497535705566406,4436310,0.0,0.0
2024-12-24 00:00:00+03:00,34.52205531003915,34.865312878793496,34.227834002360154,34.595611572265625,3640720,0.0,0.0
2024-12-25 00:00:00+03:00,35.502794959361204,35.527311218914534,34.37494226555601,35.13501739501953,3212070,0.0,0.0
2024-12-26 00:00:00+03:00,35.135018130339446,35.99316579842967,35.1104981290461,35.600868225097656,5806290,0.0,0.0
2024-12-27 00:00:00+03:00,35.747979280396116,37.29264576768502,35.723459280111065,37.21908950805664,9038480,0.0,0.0
2024-12-30 00:00:00+03:00,37.2190919215771,37.93012708123031,33.51679611206055,33.51679611206055,9299260,0.0,0.0
2024-12-31 00:00:00+03:00,30.182278229922336,31.800499129452756,30.182278229922336,30.697166442871094,52896740,0.0,0.0
2025-01-02 00:00:00+03:00,31.285611149990128,32.07020441089393,30.599094151139408,31.923091888427734,23615980,0.0,0.0
2025-01-03 00:00:00+03:00,32.04568308417274,32.68316566684771,31.75146179264071,32.21731185913086,10548720,0.0,0.0
2025-01-06 00:00:00+03:00,32.2663546302227,32.31539089281883,30.991391225974613,31.187538146972656,12759100,0.0,0.0
2025-01-07 00:00:00+03:00,31.212057723609444,31.702427825343364,30.2313175201416,30.2313175201416,15515590,0.0,0.0
2025-01-08 00:00:00+03:00,30.40294572692835,30.42746385742415,29.716426849365234,29.716426849365234,11125040,0.0,0.0
2025-01-09 00:00:00+03:00,29.814500950184183,30.280352907499164,29.618354037523908,30.206796646118164,9671880,0.0,0.0
2025-01-10 00:00:00+03:00,30.231317554922462,30.672649524622646,29.937094371175515,30.010650634765625,6330660,0.0,0.0
2025-01-13 00:00:00+03:00,30.03516815765099,30.231316942844295,29.49576180428958,29.716426849365234,5961610,0.0,0.0
2025-01-14 00:00:00+03:00,29.81450227940573,30.476503049508434,29.569317224689215,29.91257667541504,9103660,0.0,0.0
2025-01-15 00:00:00+03:00,29.96161240544147,30.05968679970717,29.07894659827716,29.397687911987305,10075200,0.0,0.0
2025-01-16 00:00:00+03:00,29.814501347456087,30.42746396508723,29.471241907459955,30.329389572143555,10096260,0.0,0.0
2025-01-17 00:00:00+03:00,30.280352475562637,30.770722556138548,29.64287174493663,30.30487060546875,8807790,0.0,0.0
2025-01-20 00:00:00+03:00,30.746205181957016,31.236575274585952,30.133242566170846,30.991390228271484,8008310,0.0,0.0
2025-01-21 00:00:00+03:00,30.991390731182054,31.163019518141894,30.304871842115727,30.451982498168945,4684010,0.0,0.0
2025-01-22 00:00:00+03:00,30.329389279522708,31.359167589575705,30.05968610448982,30.819759368896484,7779920,0.0,0.0
2025-01-23 00:00:00+03:00,31.015908626768688,31.18753741242637,30.18227908797395,30.72168731689453,7078730,0.0,0.0
2025-01-24 00:00:00+03:00,30.746205613191588,31.08946505696896,30.550056825143525,30.8933162689209,6068920,0.0,0.0
2025-01-27 00:00:00+03:00,30.59909526216929,30.84428031436419,29.91257636777816,30.40294647216797,6856640,0.0,0.0
2025-01-28 00:00:00+03:00,30.672648165900686,30.672648165900686,30.231316215750407,30.30487060546875,4411020,0.0,0.0
2025-01-29 00:00:00+03:00,30.378427299136018,30.868797386706856,30.206796646118164,30.206796646118164,7206660,0.0,0.0
2025-01-30 00:00:00+03:00,30.280354108230213,30.844280479543873,30.25583597700212,30.574575424194336,6337600,0.0,0.0
2025-01-31 00:00:00+03:00,30.550056449961485,30.57457458051302,29.25057682459564,29.49576187133789,11316740,0.0,0.0
2025-02-03 00:00:00+03:00,29.324131247116597,29.71642694819443,29.029909938961588,29.275094985961914,4249460,0.0,0.0
2025-02-04 00:00:00+03:00,29.324131108709036,29.495761763167256,28.760206625638034,28.88279914855957,8835730,0.0,0.0
2025-02-05 00:00:00+03:00,28.931836283105053,29.177021336351707,28.58857683443704,28.6866512298584,8691010,0.0,0.0
2025-02-06 00:00:00+03:00,28.784724379795968,28.93183503125594,28.122723642305953,28.539539337158203,11495950,0.0,0.0
2025-02-07 00:00:00+03:00,28.539540361192287,29.888058144086468,28.465984097516298,29.78998374938965,9710090,0.0,0.0
2025-02-10 00:00:00+03:00,29.81450107248649,30.32938929242531,29.544797897338867,29.544797897338867,5420140,0.0,0.0
2025-02-11 00:00:00+03:00,29.667391258826704,30.084205098515238,29.27509555018806,29.569316864013672,7122400,0.0,0.0
2025-02-12 00:00:00+03:00,29.642872457877832,30.206796941735046,29.544798065281178,29.716426849365234,5806290,0.0,0.0
2025-02-13 00:00:00+03:00,30.35390987500318,31.383686334612253,30.35390987500318,31.113983154296875,12933160,0.0,0.0
2025-02-14 00:00:00+03:00,31.064945055502847,31.187537580379516,30.672649350020198,30.8933162689209,5609310,0.0,0.0
2025-02-17 00:00:00+03:00,30.917833562623635,31.163018605738195,30.52553786776302,30.868797302246094,6063580,0.0,0.0
2025-02-18 00:00:00+03:00,30.868797211705715,31.57983420877511,30.648130299427155,31.310129165649414,7702820,0.0,0.0
2025-02-19 00:00:00+03:00,31.57983580593462,32.04568591355569,30.86879877290432,30.966873168945312,11121690,0.0,0.0
2025-02-20 00:00:00+03:00,31.18753794742638,31.481759262347694,31.040427289965724,31.236576080322266,4626460,0.0,0.0
2025-02-21 00:00:00+03:00,31.236574720821267,31.33464911173107,29.839018859236717,30.47650146484375,4842590,0.0,0.0
2025-02-24 00:00:00+03:00,30.94235291253423,30.966872914302986,29.93709457026076,29.961612701416016,3462260,0.0,0.0
2025-02-25 00:00:00+03:00,29.96161172523852,30.01064985656482,29.495761636626003,29.544797897338867,4768790,0.0,0.0
2025-02-26 00:00:00+03:00,29.569317078934496,30.94235300445624,29.37317015849625,30.574575424194336,10536690,0.0,0.0
2025-02-27 00:00:00+03:00,30.55005659242755,31.04042668819882,30.353909676487117,30.942352294921875,5954970,0.0,0.0
2025-02-28 00:00:00+03:00,30.79524177482879,30.9178342993071,30.108724760118335,30.280353546142578,7507020,0.0,0.0
2025-03-03 00:00:00+03:00,30.402945319264283,31.18753670829025,30.1087240160329,31.08946418762207,10380430,0.0,0.0
2025-03-04 00:00:00+03:00,31.187537614467004,31.432722664488328,30.672649383544922,30.672649383544922,5521420,0.0,0.0
2025-03-05 00:00:00+03:00,31.113983218349198,32.02116902569473,30.648131249238084,31.947612762451172,11490170,0.0,0.0
2025-03-06 00:00:00+03:00,32.16827771055964,32.31539023658764,30.59909489198676,31.33465003967285,20364570,0.0,0.0
2025-03-07 00:00:00+03:00,31.334648994710133,31.383685254675196,30.868797042588362,31.138500213623047,10063230,0.0,0.0
2025-03-10 00:00:00+03:00,31.089464005701974,31.35916717718814,30.64813018282394,30.697166442871094,7914220,0.0,0.0
2025-03-11 00:00:00+03:00,30.893316444779483,30.893316444779483,30.010650634765625,30.010650634765625,9680960,0.0,0.0
2025-03-12 00:00:00+03:00,30.304872325177204,31.702428256493608,30.280354193879763,31.408206939697266,21909890,0.0,0.0
2025-03-13 00:00:00+03:00,31.77598219475791,32.707682339534344,31.604349676400066,32.33990478515625,12730250,0.0,0.0
2025-03-14 00:00:00+03:00,33.02642521680596,33.66390783808614,32.609611383458265,33.492279052734375,9317870,0.0,0.0
2025-03-17 00:00:00+03:00,33.663907833237516,33.786500357217825,32.85479642672211,33.271610260009766,7394990,0.0,0.0
2025-03-18 00:00:00+03:00,33.14901693912096,33.59035076308571,32.70768311515622,33.247093200683594,8554580,0.0,0.0
2025-03-19 00:00:00+03:00,30.10872459411621,31.947612451152295,29.937093938424766,30.10872459411621,13126990,0.0,0.0
2025-03-20 00:00:00+03:00,30.206796881010213,31.113982672438716,29.888057443978667,30.157760620117188,11921770,0.0,0.0
2025-03-21 00:00:00+03:00,30.15776187535623,30.15776187535623,27.141984939575195,27.141984939575195,11642730,0.0,0.0
2025-03-24 00:00:00+03:00,27.264575879644013,28.220797916075767,26.578058885482477,27.926576614379883,11780790,0.0,0.0
2025-03-25 00:00:00+03:00,27.460725144903822,30.133242519735905,27.460725144903822,29.93709373474121,11514250,0.0,0.0
2025-03-26 00:00:00+03:00,29.937094806763987,30.23131799479192,29.520280961991315,29.91257667541504,6882390,0.0,0.0
2025-03-27 00:00:00+03:00,30.40294516412647,30.45198142421034,29.2015380859375,29.2015380859375,7870620,0.0,0.0
2025-03-28 00:00:00+03:00,29.226057323140544,29.250577324724777,28.196280857461264,28.95635414123535,7942420,0.0,0.0
2025-04-02 00:00:00+03:00,28.6866512298584,29.10346507213231,28.36790991239235,28.6866512298584,6327150,0.0,0.0
2025-04-03 00:00:00+03:00,28.88280025912807,29.029910918167758,28.58857707043518,28.637615203857422,5001940,0.0,0.0
2025-04-04 00:00:00+03:00,28.637614225470973,28.931835533498457,28.000131607055664,28.000131607055664,6383380,0.0,0.0
2025-04-07 00:00:00+03:00,27.166503156020333,27.90205827536442,27.06842876598511,27.754945755004883,6599900,0.0,0.0
2025-04-08 00:00:00+03:00,28.441465238538285,28.441465238538285,27.730428233452137,28.049169540405273,5003710,0.0,0.0
2025-04-09 00:00:00+03:00,27.951095177738676,28.24531648399581,27.53428134877216,27.828502655029297,4007690,0.0,0.0
2025-04-10 00:00:00+03:00,28.637614708133018,28.68665097009291,27.877539553460277,27.90205955505371,6039930,0.0,0.0
2025-04-11 00:00:00+03:00,28.098205247361804,28.147243377795263,27.338131996470505,27.53428077697754,7814860,0.0,0.0
2025-04-14 00:00:00+03:00,27.75494665950156,27.9020591846553,27.485243481075475,27.558799743652344,3282120,0.0,0.0
2025-04-15 00:00:00+03:00,27.681392267538154,27.80398479142396,27.436207219766537,27.558799743652344,3414510,0.0,0.0
2025-04-16 00:00:00+03:00,27.558799808167855,27.607836069591585,26.994873448727592,27.11746597290039,3282950,0.0,0.0
2025-04-17 00:00:00+03:00,27.1174656491922,28.147243962319063,27.01939125690201,27.828502655029297,7247360,0.0,0.0
2025-04-18 00:00:00+03:00,27.951094825006248,28.098205476278334,27.240057828142177,27.264575958251953,2908590,0.0,0.0
2025-04-21 00:00:00+03:00,27.50976100057657,27.607835391629102,27.11746530697987,27.264575958251953,4657980,0.0,0.0
2025-04-22 00:00:00+03:00,27.48524284362793,27.951094797712486,27.19102154137106,27.48524284362793,5748380,0.0,0.0
2025-04-24 00:00:00+03:00,27.730428497161952,27.853021020907683,27.21554027155257,27.77946662902832,4946250,0.0,0.0
2025-04-25 00:00:00+03:00,27.82850282247521,28.19628039281629,27.60783590614787,28.000131607055664,5536860,0.0,0.0
2025-04-28 00:00:00+03:00,28.000132595251333,28.171763256502526,27.31361556208713,27.362651824951172,3807880,0.0,0.0
2025-04-29 00:00:00+03:00,27.362650027058063,27.632353196316195,26.676133039002213,26.700651168823242,4898610,0.0,0.0
2025-04-30 00:00:00+03:00,26.70065177037878,26.94583681533981,26.578059247898263,26.774206161499023,4275510,0.0,0.0
2025-05-02 00:00:00+03:00,26.872279948183856,26.97035433808138,26.651613038567785,26.700651168823242,3386080,0.0,0.0
2025-05-05 00:00:00+03:00,26.77420719575761,27.166504779340045,26.602578405900434,26.970355987548828,3331270,0.0,0.0
2025-05-06 00:00:00+03:00,26.945837490832556,27.117466278362382,26.455467388617635,26.62709617614746,5324500,0.0,0.0
2025-05-07 00:00:00+03:00,26.97035441340371,26.97035441340371,25.965096123026797,26.038650512695312,5758230,0.0,0.0
2025-05-08 00:00:00+03:00,26.136726342384613,26.381911396010384,25.499245577080305,26.357393264770508,3281110,0.0,0.0
2025-05-09 00:00:00+03:00,26.529021874111447,27.534282083649035,26.381911217056565,27.24005889892578,6164200,0.0,0.0
2025-05-12 00:00:00+03:00,28.662133044052485,29.961612701416016,28.490502384738697,29.961612701416016,18906150,0.0,0.0
2025-05-13 00:00:00+03:00,30.059687078233722,30.25583586858259,28.735687419912615,29.12798500061035,12427630,0.0,0.0
2025-05-14 00:00:00+03:00,29.226056242429603,29.47124128429768,28.515021117502908,28.980871200561523,10602620,0.0,0.0
2025-05-15 00:00:00+03:00,28.956354653341155,29.177021577207444,28.637615203857422,28.637615203857422,5741340,0.0,0.0
2025-05-16 00:00:00+03:00,28.637614931127874,28.980872508746966,27.509762191133138,28.907318115234375,9504710,0.0,0.0
2025-05-20 00:00:00+03:00,29.127983665313717,29.22605618537877,27.975612848415185,28.14724349975586,5500540,0.0,0.0
2025-05-21 00:00:00+03:00,28.07368834252682,28.122724604486713,27.607836371453896,27.90205955505371,3585940,0.0,0.0
2025-05-22 00:00:00+03:00,27.902060069523248,28.07368886016092,27.362651824951172,27.362651824951172,4724060,0.0,0.0
2025-05-23 00:00:00+03:00,27.338133234451085,27.632354547921757,26.406429290771484,26.406429290771484,6069120,0.0,0.0
2025-05-26 00:00:00+03:00,26.65161454376369,26.994873992484482,26.357393228067867,26.578060150146484,6274280,0.0,0.0
2025-05-27 00:00:00+03:00,26.62709648734045,26.725170883052332,26.13672637939453,26.13672637939453,4742750,0.0,0.0
2025-05-28 00:00:00+03:00,26.450000762939453,26.475000381469727,25.774999618530273,26.024999618530273,5455840,0.513274,0.0
2025-05-29 00:00:00+03:00,26.200000762939453,26.299999237060547,25.774999618530273,25.774999618530273,3009930,0.0,0.0
2025-05-30 00:00:00+03:00,25.950000762939453,25.950000762939453,25.25,25.600000381469727,8303820,0.0,0.0
2025-06-02 00:00:00+03:00,25.600000381469727,25.700000762939453,24.719999313354492,24.719999313354492,4723950,0.0,0.0
2025-06-03 00:00:00+03:00,24.829999923706055,25.649999618530273,24.829999923706055,25.549999237060547,10867890,0.0,0.0
2025-06-04 00:00:00+03:00,25.5,25.924999237060547,25.350000381469727,25.850000381469727,6436670,0.0,0.0
2025-06-05 00:00:00+03:00,25.875,26.125,25.600000381469727,26.0,1971470,0.0,0.0
2025-06-10 00:00:00+03:00,26.875,27.049999237060547,26.299999237060547,26.450000762939453,7288690,0.0,0.0
2025-06-11 00:00:00+03:00,26.375,26.5,26.125,26.174999237060547,4208570,0.0,0.0
2025-06-12 00:00:00+03:00,26.049999237060547,26.075000762939453,25.25,25.274999618530273,4404950,0.0,0.0
2025-06-13 00:00:00+03:00,24.690000534057617,24.700000762939453,23.8799991607666,24.700000762939453,9978600,0.0,0.0
2025-06-16 00:00:00+03:00,24.700000762939453,25.100000381469727,24.34000015258789,24.940000534057617,5911380,0.0,0.0
2025-06-17 00:00:00+03:00,24.920000076293945,24.940000534057617,24.440000534057617,24.6200008392334,5466440,0.0,0.0
2025-06-18 00:00:00+03:00,24.6200008392334,24.639999389648438,24.200000762939453,24.459999084472656,3170710,0.0,0.0
2025-06-19 00:00:00+03:00,24.5,24.8700008392334,24.5,24.700000762939453,3482540,0.0,0.0
2025-06-20 00:00:00+03:00,24.770000457763672,25.049999237060547,24.600000381469727,25.049999237060547,3016160,0.0,0.0
2025-06-23 00:00:00+03:00,24.790000915527344,24.790000915527344,24.299999237060547,24.299999237060547,2629850,0.0,0.0
2025-06-24 00:00:00+03:00,24.969999313354492,25.149999618530273,24.68000030517578,24.979999542236328,7542810,0.0,0.0
2025-06-25 00:00:00+03:00,25.075000762939453,25.100000381469727,24.700000762939453,24.799999237060547,3627230,0.0,0.0
2025-06-26 00:00:00+03:00,24.799999237060547,25.0,24.399999618530273,24.399999618530273,3480230,0.0,0.0
2025-06-27 00:00:00+03:00,24.420000076293945,24.670000076293945,24.209999084472656,24.510000228881836,4003650,0.0,0.0
2025-06-30 00:00:00+03:00,24.549999237060547,26.200000762939453,24.510000228881836,26.0,8008170,0.0,0.0
2025-07-01 00:00:00+03:00,26.0,27.424999237060547,25.5,26.700000762939453,9638950,0.0,0.0
2025-07-02 00:00:00+03:00,26.899999618530273,28.200000762939453,26.850000381469727,27.225000381469727,8186420,0.0,0.0
2025-07-03 00:00:00+03:00,27.5,28.399999618530273,27.225000381469727,27.600000381469727,8433460,0.0,0.0
2025-07-04 00:00:00+03:00,27.700000762939453,27.875,27.225000381469727,27.674999237060547,4213670,0.0,0.0
2025-07-07 00:00:00+03:00,27.274999618530273,27.299999237060547,26.424999237060547,26.649999618530273,4211040,0.0,0.0
2025-07-08 00:00:00+03:00,26.75,27.075000762939453,26.024999618530273,26.850000381469727,4581880,0.0,0.0
2025-07-09 00:00:00+03:00,26.850000381469727,27.325000762939453,26.575000762939453,26.899999618530273,5970020,0.0,0.0
2025-07-10 00:00:00+03:00,27.100000381469727,27.625,27.075000762939453,27.299999237060547,4791490,0.0,0.0
2025-07-11 00:00:00+03:00,27.575000762939453,27.75,27.024999618530273,27.350000381469727,3872440,0.0,0.0
2025-07-14 00:00:00+03:00,27.350000381469727,27.475000381469727,26.600000381469727,26.600000381469727,4167720,0.0,0.0
2025-07-16 00:00:00+03:00,26.600000381469727,26.825000762939453,25.625,25.825000762939453,4306950,0.0,0.0
2025-07-17 00:00:00+03:00,26.0,26.825000762939453,26.0,26.825000762939453,3696080,0.0,0.0
2025-07-18 00:00:00+03:00,26.799999237060547,27.225000381469727,26.399999618530273,27.100000381469727,6674080,0.0,0.0
2025-07-21 00:00:00+03:00,27.149999618530273,28.350000381469727,27.100000381469727,27.975000381469727,11355760,0.0,0.0
2025-07-22 00:00:00+03:00,28.174999237060547,28.75,27.75,27.825000762939453,6790410,0.0,0.0
2025-07-23 00:00:00+03:00,27.950000762939453,28.225000381469727,27.700000762939453,27.799999237060547,4542460,0.0,0.0
2025-07-24 00:00:00+03:00,27.975000381469727,28.299999237060547,27.674999237060547,27.950000762939453,6438880,0.0,0.0
2025-07-25 00:00:00+03:00,28.075000762939453,28.100000381469727,27.25,27.75,5952920,0.0,0.0
2025-07-28 00:00:00+03:00,27.899999618530273,28.375,27.850000381469727,27.899999618530273,8175580,0.0,0.0
2025-07-29 00:00:00+03:00,28.0,28.149999618530273,27.600000381469727,27.875,3584690,0.0,0.0
2025-07-30 00:00:00+03:00,27.875,28.274999618530273,27.725000381469727,27.950000762939453,9288370,0.0,0.0
2025-07-31 00:00:00+03:00,28.0,28.299999237060547,27.774999618530273,28.0,5098960,0.0,0.0
2025-08-01 00:00:00+03:00,28.399999618530273,29.600000381469727,28.399999618530273,28.825000762939453,15312580,0.0,0.0
2025-08-04 00:00:00+03:00,29.200000762939453,29.299999237060547,28.725000381469727,28.725000381469727,7916980,0.0,0.0
2025-08-05 00:00:00+03:00,29.0,29.75,28.875,29.600000381469727,13998590,0.0,0.0
2025-08-06 00:00:00+03:00,29.780000686645508,30.5,29.5,29.84000015258789,13713874,0.0,10.0
2025-08-07 00:00:00+03:00,30.0,31.739999771118164,30.0,30.639999389648438,14767354,0.0,0.0
2025-08-08 00:00:00+03:00,30.399999618530273,31.100000381469727,30.200000762939453,30.479999542236328,8920008,0.0,0.0
2025-08-11 00:00:00+03:00,31.100000381469727,31.280000686645508,30.5,30.540000915527344,6818055,0.0,0.0
2025-08-12 00:00:00+03:00,30.600000381469727,30.6200008392334,29.959999084472656,30.219999313354492,6609697,0.0,0.0
2025-08-13 00:00:00+03:00,30.360000610351562,30.360000610351562,29.459999084472656,29.600000381469727,7339837,0.0,0.0
2025-08-14 00:00:00+03:00,29.700000762939453,29.780000686645508,29.020000457763672,29.100000381469727,5261141,0.0,0.0
2025-08-15 00:00:00+03:00,28.600000381469727,29.84000015258789,28.1200008392334,29.34000015258789,10224226,0.0,0.0
2025-08-18 00:00:00+03:00,29.440000534057617,29.6200008392334,28.760000228881836,28.920000076293945,4840771,0.0,0.0
2025-08-19 00:00:00+03:00,29.100000381469727,29.34000015258789,28.81999969482422,29.1200008392334,5479465,0.0,0.0
2025-08-20 00:00:00+03:00,29.260000228881836,29.81999969482422,29.020000457763672,29.739999771118164,7196065,0.0,0.0
2025-08-21 00:00:00+03:00,30.18000030517578,30.200000762939453,29.719999313354492,29.719999313354492,6748631,0.0,0.0
2025-08-22 00:00:00+03:00,29.760000228881836,29.8799991607666,29.139999389648438,29.420000076293945,7375625,0.0,0.0
2025-08-25 00:00:00+03:00,29.700000762939453,29.860000610351562,29.239999771118164,29.420000076293945,7312247,0.0,0.0
2025-08-26 00:00:00+03:00,29.3799991607666,29.780000686645508,29.100000381469727,29.299999237060547,10160352,0.0,0.0
2025-08-27 00:00:00+03:00,29.3799991607666,29.579999923706055,28.700000762939453,29.31999969482422,8443561,0.0,0.0
2025-08-28 00:00:00+03:00,29.520000457763672,29.68000030517578,29.040000915527344,29.139999389648438,7304423,0.0,0.0
2025-08-29 00:00:00+03:00,29.15999984741211,29.260000228881836,28.540000915527344,28.700000762939453,4501707,0.0,0.0
2025-09-01 00:00:00+03:00,28.799999237060547,28.979999542236328,28.700000762939453,28.799999237060547,4650260,0.0,0.0
2025-09-02 00:00:00+03:00,28.940000534057617,28.959999084472656,26.3799991607666,27.200000762939453,13055342,0.0,0.0
2025-09-03 00:00:00+03:00,27.200000762939453,27.299999237060547,26.600000381469727,26.799999237060547,5244813,0.0,0.0
2025-09-04 00:00:00+03:00,26.899999618530273,27.84000015258789,26.799999237060547,27.520000457763672,5148199,0.0,0.0
2025-09-05 00:00:00+03:00,27.68000030517578,28.1200008392334,27.219999313354492,27.579999923706055,8337208,0.0,0.0
2025-09-08 00:00:00+03:00,27.020000457763672,27.31999969482422,26.639999389648438,26.799999237060547,7550439,0.0,0.0
2025-09-09 00:00:00+03:00,26.799999237060547,27.100000381469727,26.280000686645508,26.399999618530273,5049110,0.0,0.0
2025-09-10 00:00:00+03:00,26.520000457763672,26.65999984741211,26.0,26.579999923706055,4036830,0.0,0.0
2025-09-11 00:00:00+03:00,26.579999923706055,26.68000030517578,25.739999771118164,25.760000228881836,6066291,0.0,0.0
2025-09-12 00:00:00+03:00,25.760000228881836,25.940000534057617,25.420000076293945,25.559999465942383,3043719,0.0,0.0
2025-09-15 00:00:00+03:00,25.559999465942383,27.420000076293945,25.18000030517578,27.420000076293945,7441165,0.0,0.0
2025-09-16 00:00:00+03:00,27.420000076293945,27.520000457763672,26.940000534057617,27.459999084472656,4936004,0.0,0.0
2025-09-17 00:00:00+03:00,27.459999084472656,28.0,27.239999771118164,27.739999771118164,4118997,0.0,0.0
2025-09-18 00:00:00+03:00,27.8799991607666,28.399999618530273,27.440000534057617,27.5,4486692,0.0,0.0
2025-09-19 00:00:00+03:00,27.600000381469727,28.700000762939453,27.459999084472656,28.700000762939453,8451980,0.0,0.0
2025-09-22 00:00:00+03:00,28.959999084472656,29.18000030517578,28.280000686645508,28.31999969482422,7295387,0.0,0.0
2025-09-23 00:00:00+03:00,28.200000762939453,28.200000762939453,27.520000457763672,27.65999984741211,3894931,0.0,0.0
2025-09-24 00:00:00+03:00,27.65999984741211,27.68000030517578,26.940000534057617,27.5,4278287,0.0,0.0
2025-09-25 00:00:00+03:00,27.559999465942383,28.100000381469727,26.5,26.81999969482422,5997581,0.0,0.0
2025-09-26 00:00:00+03:00,26.81999969482422,26.81999969482422,26.139999389648438,26.18000030517578,4421978,0.0,0.0
2025-09-29 00:00:00+03:00,26.399999618530273,26.459999084472656,25.940000534057617,26.0,2950705,0.0,0.0
2025-09-30 00:00:00+03:00,26.0,26.139999389648438,25.559999465942383,25.860000610351562,2918607,0.0,0.0
2025-10-01 00:00:00+03:00,25.860000610351562,26.559999465942383,25.760000228881836,26.399999618530273,4116708,0.0,0.0
2025-10-02 00:00:00+03:00,26.479999542236328,26.520000457763672,25.68000030517578,25.700000762939453,2802207,0.0,0.0
2025-10-03 00:00:00+03:00,25.81999969482422,25.979999542236328,25.479999542236328,25.540000915527344,2753262,0.0,0.0
2025-10-06 00:00:00+03:00,25.600000381469727,25.81999969482422,25.15999984741211,25.15999984741211,2991793,0.0,0.0
2025-10-07 00:00:00+03:00,25.239999771118164,25.639999389648438,25.1200008392334,25.15999984741211,3545994,0.0,0.0
2025-10-08 00:00:00+03:00,25.18000030517578,26.0,25.18000030517578,25.459999084472656,6440720,0.0,0.0
2025-10-09 00:00:00+03:00,25.700000762939453,26.020000457763672,25.100000381469727,25.139999389648438,4337395,0.0,0.0
2025-10-10 00:00:00+03:00,25.260000228881836,25.479999542236328,25.100000381469727,25.100000381469727,4112165,0.0,0.0
2025-10-13 00:00:00+03:00,24.899999618530273,25.280000686645508,24.600000381469727,25.200000762939453,4028880,0.0,0.0
2025-10-14 00:00:00+03:00,25.239999771118164,25.639999389648438,24.31999969482422,24.34000015258789,5643897,0.0,0.0
2025-10-15 00:00:00+03:00,24.360000610351562,25.100000381469727,24.219999313354492,24.760000228881836,6199369,0.0,0.0
2025-10-16 00:00:00+03:00,24.799999237060547,25.280000686645508,24.479999542236328,24.579999923706055,4206672,0.0,0.0
2025-10-17 00:00:00+03:00,24.6200008392334,24.979999542236328,24.139999389648438,24.540000915527344,5384766,0.0,0.0
2025-10-20 00:00:00+03:00,24.940000534057617,25.639999389648438,23.899999618530273,25.639999389648438,6783369,0.0,0.0
2025-10-21 00:00:00+03:00,25.639999389648438,25.700000762939453,24.860000610351562,25.020000457763672,4022937,0.0,0.0
2025-10-22 00:00:00+03:00,25.139999389648438,25.84000015258789,25.139999389648438,25.600000381469727,6473303,0.0,0.0
2025-10-23 00:00:00+03:00,25.739999771118164,25.81999969482422,25.0,25.219999313354492,4232659,0.0,0.0
2025-10-24 00:00:00+03:00,25.3799991607666,26.559999465942383,25.1200008392334,26.299999237060547,10056801,0.0,0.0
2025-10-27 00:00:00+03:00,26.299999237060547,26.360000610351562,25.719999313354492,25.739999771118164,3436699,0.0,0.0
2025-10-28 00:00:00+03:00,25.739999771118164,25.799999237060547,25.420000076293945,25.520000457763672,1908596,0.0,0.0
2025-10-30 00:00:00+03:00,25.559999465942383,25.81999969482422,25.459999084472656,25.6200008392334,2285367,0.0,0.0
2025-10-31 00:00:00+03:00,25.739999771118164,25.739999771118164,25.299999237060547,25.65999984741211,3408012,0.0,0.0
2025-11-03 00:00:00+03:00,26.0,26.299999237060547,25.81999969482422,26.0,4634370,0.0,0.0
2025-11-04 00:00:00+03:00,26.139999389648438,26.139999389648438,25.299999237060547,25.420000076293945,3568673,0.0,0.0
2025-11-05 00:00:00+03:00,25.5,26.440000534057617,25.440000534057617,26.200000762939453,6908970,0.0,0.0
2025-11-06 00:00:00+03:00,26.239999771118164,26.700000762939453,26.020000457763672,26.459999084472656,5157003,0.0,0.0
2025-11-07 00:00:00+03:00,27.18000030517578,27.940000534057617,26.5,26.799999237060547,13633432,0.0,0.0
2025-11-10 00:00:00+03:00,27.0,27.1200008392334,26.15999984741211,26.34000015258789,7201465,0.0,0.0
2025-11-11 00:00:00+03:00,26.31999969482422,27.139999389648438,26.15999984741211,26.3799991607666,11368907,0.0,0.0
2025-11-12 00:00:00+03:00,26.799999237060547,27.0,26.280000686645508,26.5,3680029,0.0,0.0
2025-11-13 00:00:00+03:00,26.5,26.739999771118164,26.200000762939453,26.299999237060547,4475383,0.0,0.0
2025-11-14 00:00:00+03:00,26.299999237060547,26.600000381469727,25.860000610351562,26.479999542236328,4138149,0.0,0.0
2025-11-17 00:00:00+03:00,26.479999542236328,26.959999084472656,26.299999237060547,26.540000915527344,6109877,0.0,0.0
2025-11-18 00:00:00+03:00,26.540000915527344,27.31999969482422,26.299999237060547,26.81999969482422,7403266,0.0,0.0
2025-11-19 00:00:00+03:00,27.020000457763672,27.399999618530273,26.780000686645508,27.260000228881836,6188461,0.0,0.0
2025-11-20 00:00:00+03:00,27.399999618530273,27.799999237060547,27.100000381469727,27.34000015258789,6049356,0.0,0.0
2025-11-21 00:00:00+03:00,27.299999237060547,27.299999237060547,26.700000762939453,26.920000076293945,3054716,0.0,0.0
2025-11-24 00:00:00+03:00,26.8799991607666,28.18000030517578,26.8799991607666,27.700000762939453,11254723,0.0,0.0
2025-11-25 00:00:00+03:00,27.799999237060547,29.0,27.360000610351562,28.719999313354492,12137733,0.0,0.0
2025-11-26 00:00:00+03:00,28.739999771118164,29.280000686645508,28.399999618530273,28.459999084472656,6656714,0.0,0.0
2025-11-27 00:00:00+03:00,28.459999084472656,29.31999969482422,28.459999084472656,28.899999618530273,6272822,0.0,0.0
2025-11-28 00:00:00+03:00,28.899999618530273,29.1200008392334,27.84000015258789,27.920000076293945,3871890,0.0,0.0
2025-12-01 00:00:00+03:00,27.920000076293945,28.6200008392334,27.5,28.5,4263745,0.0,0.0
2025-12-02 00:00:00+03:00,28.540000915527344,28.639999389648438,28.139999389648438,28.600000381469727,3854328,0.0,0.0
2025-12-03 00:00:00+03:00,28.6200008392334,28.860000610351562,28.139999389648438,28.219999313354492,3551922,0.0,0.0
2025-12-04 00:00:00+03:00,28.139999389648438,28.31999969482422,27.799999237060547,28.020000457763672,3622219,0.0,0.0
2025-12-05 00:00:00+03:00,28.040000915527344,28.420000076293945,27.959999084472656,28.1200008392334,3054430,0.0,0.0
2025-12-08 00:00:00+03:00,28.200000762939453,28.860000610351562,28.200000762939453,28.65999984741211,4902561,0.0,0.0
2025-12-09 00:00:00+03:00,28.84000015258789,28.84000015258789,28.299999237060547,28.700000762939453,2717586,0.0,0.0
2025-12-10 00:00:00+03:00,29.0,29.260000228881836,28.639999389648438,28.739999771118164,6057728,0.0,0.0
2025-12-11 00:00:00+03:00,28.760000228881836,29.760000228881836,28.760000228881836,29.600000381469727,8629509,0.0,0.0
2025-12-12 00:00:00+03:00,29.739999771118164,29.959999084472656,29.34000015258789,29.780000686645508,6590241,0.0,0.0
2025-12-15 00:00:00+03:00,29.899999618530273,30.239999771118164,29.459999084472656,30.100000381469727,6976028,0.0,0.0
2025-12-16 00:00:00+03:00,30.360000610351562,30.440000534057617,29.68000030517578,29.84000015258789,4384835,0.0,0.0
2025-12-17 00:00:00+03:00,29.799999237060547,30.15999984741211,29.700000762939453,29.860000610351562,4184927,0.0,0.0
2025-12-18 00:00:00+03:00,29.8799991607666,30.1200008392334,29.579999923706055,30.079999923706055,3680895,0.0,0.0
2025-12-19 00:00:00+03:00,30.100000381469727,30.299999237060547,29.68000030517578,30.020000457763672,5838517,0.0,0.0
2025-12-22 00:00:00+03:00,29.899999618530273,30.0,29.059999465942383,29.280000686645508,5720681,0.0,0.0
2025-12-23 00:00:00+03:00,29.280000686645508,29.280000686645508,28.360000610351562,28.360000610351562,4423164,0.0,0.0
2025-12-24 00:00:00+03:00,28.200000762939453,28.68000030517578,27.920000076293945,28.600000381469727,4143482,0.0,0.0
2025-12-25 00:00:00+03:00,28.81999969482422,28.81999969482422,28.239999771118164,28.31999969482422,1798829,0.0,0.0
2025-12-26 00:00:00+03:00,28.479999542236328,28.639999389648438,27.959999084472656,28.3799991607666,3497807,0.0,0.0
2025-12-29 00:00:00+03:00,28.68000030517578,29.139999389648438,28.18000030517578,28.18000030517578,5952680,0.0,0.0
2025-12-30 00:00:00+03:00,28.1200008392334,28.540000915527344,27.760000228881836,28.34000015258789,3876263,0.0,0.0
2025-12-31 00:00:00+03:00,28.34000015258789,28.940000534057617,28.31999969482422,28.700000762939453,2827115,0.0,0.0
2026-01-02 00:00:00+03:00,28.799999237060547,29.3799991607666,28.6200008392334,29.34000015258789,4006706,0.0,0.0
2026-01-05 00:00:00+03:00,29.3799991607666,30.079999923706055,29.280000686645508,29.8799991607666,6227768,0.0,0.0
2026-01-06 00:00:00+03:00,29.940000534057617,30.260000228881836,29.700000762939453,30.219999313354492,5702681,0.0,0.0
2026-01-07 00:00:00+03:00,30.31999969482422,30.899999618530273,29.979999542236328,30.700000762939453,7186234,0.0,0.0
2026-01-08 00:00:00+03:00,30.700000762939453,31.0,30.079999923706055,31.0,4093115,0.0,0.0
2026-01-09 00:00:00+03:00,31.559999465942383,31.559999465942383,30.520000457763672,31.260000228881836,5170942,0.0,0.0
2026-01-12 00:00:00+03:00,31.260000228881836,31.479999542236328,30.920000076293945,31.079999923706055,4580566,0.0,0.0
2026-01-13 00:00:00+03:00,31.200000762939453,31.739999771118164,30.860000610351562,31.479999542236328,6110379,0.0,0.0
2026-01-14 00:00:00+03:00,31.559999465942383,32.939998626708984,31.559999465942383,32.939998626708984,8381371,0.0,0.0
2026-01-15 00:00:00+03:00,32.5,33.58000183105469,32.5,32.81999969482422,6285091,0.0,0.0
2026-01-16 00:00:00+03:00,32.81999969482422,34.2599983215332,32.58000183105469,34.2599983215332,7353677,0.0,0.0
2026-01-19 00:00:00+03:00,34.29999923706055,34.36000061035156,32.939998626708984,33.560001373291016,11140402,0.0,0.0
2026-01-20 00:00:00+03:00,33.619998931884766,33.619998931884766,32.29999923706055,32.29999923706055,10168215,0.0,0.0
2026-01-21 00:00:00+03:00,32.29999923706055,32.400001525878906,31.700000762939453,32.099998474121094,4879068,0.0,0.0
2026-01-22 00:00:00+03:00,32.20000076293945,32.779998779296875,32.02000045776367,32.52000045776367,7471253,0.0,0.0
2026-01-23 00:00:00+03:00,32.65999984741211,32.880001068115234,32.439998626708984,32.47999954223633,6400080,0.0,0.0
2026-01-26 00:00:00+03:00,32.31999969482422,33.040000915527344,32.15999984741211,33.040000915527344,7527441,0.0,0.0
2026-01-27 00:00:00+03:00,33.08000183105469,33.400001525878906,32.5,32.58000183105469,5185921,0.0,0.0
2026-01-28 00:00:00+03:00,32.599998474121094,33.779998779296875,32.599998474121094,33.63999938964844,8556494,0.0,0.0
2026-01-29 00:00:00+03:00,33.84000015258789,34.2599983215332,33.52000045776367,34.0,8204421,0.0,0.0
2026-01-30 00:00:00+03:00,34.099998474121094,35.279998779296875,33.91999816894531,35.0,11584984,0.0,0.0
2026-02-02 00:00:00+03:00,34.400001525878906,35.119998931884766,33.15999984741211,34.2400016784668,11014847,0.0,0.0
2026-02-03 00:00:00+03:00,35.060001373291016,35.380001068115234,34.599998474121094,35.099998474121094,7457620,0.0,0.0
2026-02-04 00:00:00+03:00,35.36000061035156,35.52000045776367,34.7400016784668,35.02000045776367,5905278,0.0,0.0
2026-02-05 00:00:00+03:00,35.099998474121094,35.5,34.29999923706055,34.400001525878906,8350600,0.0,0.0
2026-02-06 00:00:00+03:00,34.220001220703125,35.08000183105469,34.20000076293945,34.900001525878906,4809490,0.0,0.0
2026-02-09 00:00:00+03:00,34.900001525878906,36.20000076293945,34.900001525878906,35.91999816894531,9382540,0.0,0.0
2026-02-10 00:00:00+03:00,36.20000076293945,36.29999923706055,35.18000030517578,35.20000076293945,4008584,0.0,0.0
2026-02-11 00:00:00+03:00,35.0,35.13999938964844,34.18000030517578,34.79999923706055,7514606,0.0,0.0
2026-02-12 00:00:00+03:00,34.900001525878906,35.939998626708984,34.65999984741211,35.900001525878906,7849366,0.0,0.0
2026-02-13 00:00:00+03:00,36.099998474121094,37.560001373291016,35.41999816894531,35.959999084472656,15844362,0.0,0.0
2026-02-16 00:00:00+03:00,36.41999816894531,36.720001220703125,35.70000076293945,36.2599983215332,6442340,0.0,0.0
2026-02-17 00:00:00+03:00,36.2599983215332,36.400001525878906,35.939998626708984,36.0,3989404,0.0,0.0
2026-02-18 00:00:00+03:00,36.099998474121094,36.63999938964844,35.279998779296875,35.84000015258789,6643732,0.0,0.0
2026-02-19 00:00:00+03:00,35.900001525878906,36.040000915527344,34.400001525878906,34.720001220703125,4650940,0.0,0.0
2026-02-20 00:00:00+03:00,34.63999938964844,35.099998474121094,34.18000030517578,35.0,2969649,0.0,0.0
2026-02-23 00:00:00+03:00,35.119998931884766,35.720001220703125,35.0,35.099998474121094,3237971,0.0,0.0
2026-02-24 00:00:00+03:00,35.099998474121094,35.099998474121094,34.18000030517578,34.84000015258789,3899307,0.0,0.0
2026-02-25 00:00:00+03:00,34.959999084472656,35.02000045776367,33.81999969482422,33.86000061035156,2326702,0.0,0.0
2026-02-26 00:00:00+03:00,33.86000061035156,33.900001525878906,33.13999938964844,33.70000076293945,3090440,0.0,0.0
2026-02-27 00:00:00+03:00,33.68000030517578,33.97999954223633,32.81999969482422,33.779998779296875,2503039,0.0,0.0
2026-03-02 00:00:00+03:00,31.0,32.7400016784668,31.0,32.599998474121094,5281129,0.0,0.0
2026-03-03 00:00:00+03:00,32.599998474121094,33.040000915527344,31.31999969482422,31.31999969482422,4242302,0.0,0.0
2026-03-04 00:00:00+03:00,31.31999969482422,31.959999084472656,30.68000030517578,31.280000686645508,5832072,0.0,0.0
2026-03-05 00:00:00+03:00,31.559999465942383,32.0,30.860000610351562,30.920000076293945,3039816,0.0,0.0
2026-03-06 00:00:00+03:00,30.780000686645508,30.780000686645508,29.459999084472656,29.68000030517578,6686501,0.0,0.0
2026-03-09 00:00:00+03:00,28.399999618530273,29.219999313354492,27.979999542236328,29.079999923706055,5187920,0.0,0.0
2026-03-10 00:00:00+03:00,29.799999237060547,30.280000686645508,29.6200008392334,30.0,4243080,0.0,0.0
2026-03-11 00:00:00+03:00,30.020000457763672,30.420000076293945,29.18000030517578,29.420000076293945,2870166,0.0,0.0
2026-03-12 00:00:00+03:00,29.5,29.860000610351562,29.0,29.299999237060547,2997155,0.0,0.0
2026-03-13 00:00:00+03:00,29.18000030517578,29.18000030517578,28.520000457763672,28.940000534057617,3194057,0.0,0.0
2026-03-16 00:00:00+03:00,28.979999542236328,29.200000762939453,28.1200008392334,28.600000381469727,2829877,0.0,0.0
2026-03-17 00:00:00+03:00,28.719999313354492,29.200000762939453,28.600000381469727,29.100000381469727,5866077,0.0,0.0
2026-03-18 00:00:00+03:00,29.360000610351562,29.68000030517578,28.760000228881836,29.0,3696744,0.0,0.0
2026-03-19 00:00:00+03:00,28.940000534057617,29.31999969482422,28.65999984741211,29.31999969482422,1242949,0.0,0.0
2026-03-23 00:00:00+03:00,29.0,29.1200008392334,27.579999923706055,28.799999237060547,8094075,0.0,0.0
2026-03-24 00:00:00+03:00,28.799999237060547,28.84000015258789,27.700000762939453,27.719999313354492,4486891,0.0,0.0
2026-03-25 00:00:00+03:00,27.940000534057617,28.34000015258789,27.6200008392334,27.65999984741211,6865757,0.0,0.0
2026-03-26 00:00:00+03:00,27.540000915527344,27.81999969482422,27.280000686645508,27.420000076293945,4197935,0.0,0.0
2026-03-27 00:00:00+03:00,27.5,27.579999923706055,26.920000076293945,27.200000762939453,3412465,0.0,0.0
2026-03-30 00:00:00+03:00,27.200000762939453,27.399999618530273,26.860000610351562,26.959999084472656,3028223,0.0,0.0
2026-03-31 00:00:00+03:00,26.979999542236328,27.520000457763672,26.979999542236328,27.420000076293945,6771575,0.0,0.0
2026-04-01 00:00:00+03:00,27.940000534057617,28.18000030517578,27.6200008392334,28.100000381469727,7380491,0.0,0.0
2026-04-02 00:00:00+03:00,27.940000534057617,27.940000534057617,27.5,27.780000686645508,4330049,0.0,0.0
2026-04-03 00:00:00+03:00,28.0,28.260000228881836,27.700000762939453,27.959999084472656,5534468,0.0,0.0
2026-04-06 00:00:00+03:00,28.18000030517578,28.479999542236328,28.020000457763672,28.18000030517578,6040992,0.0,0.0
2026-04-07 00:00:00+03:00,28.15999984741211,28.399999618530273,27.360000610351562,27.540000915527344,5292312,0.0,0.0
2026-04-08 00:00:00+03:00,28.6200008392334,29.5,28.5,29.280000686645508,8822422,0.0,0.0
2026-04-09 00:00:00+03:00,29.0,29.239999771118164,28.760000228881836,29.059999465942383,5374098,0.0,0.0
2026-04-10 00:00:00+03:00,29.260000228881836,30.899999618530273,29.200000762939453,30.84000015258789,15511836,0.0,0.0
2026-04-13 00:00:00+03:00,30.299999237060547,30.34000015258789,29.540000915527344,30.020000457763672,9088027,0.0,0.0
2026-04-14 00:00:00+03:00,30.299999237060547,30.979999542236328,30.219999313354492,30.860000610351562,6065528,0.0,0.0
2026-04-15 00:00:00+03:00,30.940000534057617,31.360000610351562,30.780000686645508,31.100000381469727,4520960,0.0,0.0
2026-04-16 00:00:00+03:00,31.5,31.600000381469727,30.68000030517578,30.81999969482422,3073661,0.0,0.0
2026-04-17 00:00:00+03:00,30.920000076293945,32.13999938964844,30.6200008392334,32.040000915527344,8185629,0.0,0.0
2026-04-20 00:00:00+03:00,31.420000076293945,31.940000534057617,31.360000610351562,31.5,3003650,0.0,0.0
2026-04-21 00:00:00+03:00,31.700000762939453,32.08000183105469,31.65999984741211,31.959999084472656,3810107,0.0,0.0
2026-04-22 00:00:00+03:00,32.02000045776367,32.5,30.65999984741211,31.299999237060547,5675023,0.0,0.0
2026-04-24 00:00:00+03:00,31.299999237060547,31.299999237060547,30.5,31.040000915527344,4428072,0.0,0.0
2026-04-27 00:00:00+03:00,31.040000915527344,31.760000228881836,30.899999618530273,30.899999618530273,4329095,0.0,0.0
2026-04-28 00:00:00+03:00,30.899999618530273,31.020000457763672,30.139999389648438,30.139999389648438,2977864,0.0,0.0
2026-04-29 00:00:00+03:00,30.360000610351562,30.979999542236328,30.219999313354492,30.920000076293945,3958323,0.0,0.0
2026-04-30 00:00:00+03:00,30.899999618530273,31.65999984741211,30.100000381469727,31.3799991607666,4044498,0.0,0.0
2026-05-04 00:00:00+03:00,31.3799991607666,32.29999923706055,31.3799991607666,31.860000610351562,5345910,0.0,0.0
2026-05-05 00:00:00+03:00,32.29999923706055,33.81999969482422,32.29999923706055,33.540000915527344,6809711,0.0,0.0
2026-05-06 00:00:00+03:00,33.880001068115234,34.619998931884766,33.86000061035156,34.18000030517578,9456404,0.0,0.0
2026-05-07 00:00:00+03:00,34.5,36.0,34.41999816894531,36.0,6624392,0.0,0.0
2026-05-08 00:00:00+03:00,35.959999084472656,36.86000061035156,35.060001373291016,35.060001373291016,8017871,0.0,0.0
2026-05-11 00:00:00+03:00,35.20000076293945,36.34000015258789,35.099998474121094,36.0,6836955,0.0,0.0
2026-05-12 00:00:00+03:00,36.400001525878906,36.400001525878906,35.459999084472656,35.5,3905857,0.0,0.0
2026-05-13 00:00:00+03:00,35.97999954223633,37.15999984741211,35.70000076293945,36.79999923706055,7338299,0.0,0.0
2026-05-14 00:00:00+03:00,36.91999816894531,37.779998779296875,36.560001373291016,36.779998779296875,9087201,0.0,0.0
2026-05-15 00:00:00+03:00,36.779998779296875,36.779998779296875,35.0,35.7400016784668,5798652,0.0,0.0
2026-05-18 00:00:00+03:00,34.79999923706055,35.52000045776367,34.040000915527344,34.040000915527344,4351024,0.0,0.0
2026-05-20 00:00:00+03:00,33.34000015258789,34.400001525878906,32.939998626708984,34.29999923706055,3864430,0.698053,0.0
2026-05-21 00:00:00+03:00,34.41999816894531,34.41999816894531,31.600000381469727,32.220001220703125,3362859,0.0,0.0
2026-05-22 00:00:00+03:00,32.20000076293945,34.560001373291016,31.920000076293945,34.13999938964844,3960494,0.0,0.0
2026-05-25 00:00:00+03:00,34.13999938964844,34.7400016784668,33.560001373291016,33.81999969482422,2933612,0.0,0.0
2026-05-26 00:00:00+03:00,33.81999969482422,34.36000061035156,33.599998474121094,33.599998474121094,1319777,0.0,0.0
2026-05-27 00:00:00+03:00,33.599998474121094,33.599998474121094,33.599998474121094,33.599998474121094,0,0.0,0.0
2026-05-28 00:00:00+03:00,33.599998474121094,33.599998474121094,33.599998474121094,33.599998474121094,0,0.0,0.0
2026-05-29 00:00:00+03:00,33.599998474121094,33.599998474121094,33.599998474121094,33.599998474121094,0,0.0,0.0
2026-06-01 00:00:00+03:00,33.41999816894531,34.779998779296875,33.41999816894531,33.84000015258789,4295215,0.0,0.0
2026-06-02 00:00:00+03:00,34.20000076293945,35.2599983215332,34.15999984741211,34.79999923706055,4412797,0.0,0.0
2026-06-03 00:00:00+03:00,34.97999954223633,35.08000183105469,33.2599983215332,33.58000183105469,5807966,0.0,0.0
2026-06-04 00:00:00+03:00,33.65999984741211,34.29999923706055,31.68000030517578,32.900001525878906,9799656,0.0,0.0
2026-06-05 00:00:00+03:00,32.900001525878906,32.900001525878906,31.520000457763672,32.29999923706055,9484905,0.0,0.0
2026-06-08 00:00:00+03:00,31.81999969482422,33.18000030517578,31.68000030517578,33.18000030517578,3247689,0.0,0.0
2026-06-09 00:00:00+03:00,33.040000915527344,33.70000076293945,32.619998931884766,32.68000030517578,2339947,0.0,0.0
2026-06-10 00:00:00+03:00,32.599998474121094,32.70000076293945,31.979999542236328,32.279998779296875,2201727,0.0,0.0
2026-06-11 00:00:00+03:00,32.20000076293945,32.779998779296875,31.81999969482422,32.2599983215332,2031465,0.0,0.0
2026-06-12 00:00:00+03:00,33.0,34.08000183105469,32.720001220703125,33.279998779296875,3639770,0.0,0.0
2026-06-15 00:00:00+03:00,34.20000076293945,34.540000915527344,33.900001525878906,34.220001220703125,4353862,0.0,0.0
2026-06-16 00:00:00+03:00,34.47999954223633,34.5,33.7400016784668,34.15999984741211,3557607,0.0,0.0
2026-06-17 00:00:00+03:00,34.2599983215332,34.41999816894531,33.5,33.720001220703125,2789800,0.0,0.0
2026-06-18 00:00:00+03:00,33.400001525878906,34.380001068115234,33.400001525878906,34.34000015258789,4586409,0.0,0.0
2026-06-19 00:00:00+03:00,34.279998779296875,34.279998779296875,33.7400016784668,34.099998474121094,4645199,0.0,0.0
2026-06-22 00:00:00+03:00,34.02000045776367,34.13999938964844,33.220001220703125,33.36000061035156,3547609,0.0,0.0
2026-06-23 00:00:00+03:00,33.119998931884766,33.279998779296875,32.63999938964844,32.84000015258789,2706380,0.0,0.0
2026-06-24 00:00:00+03:00,33.0,33.18000030517578,32.5,32.779998779296875,2001229,0.0,0.0
2026-06-25 00:00:00+03:00,33.02000045776367,33.119998931884766,32.34000015258789,32.34000015258789,2284752,0.0,0.0
2026-06-26 00:00:00+03:00,32.560001373291016,33.060001373291016,32.41999816894531,33.060001373291016,4069178,0.0,0.0
2026-06-29 00:00:00+03:00,33.040000915527344,33.619998931884766,32.68000030517578,33.380001068115234,3263409,0.0,0.0
2026-06-30 00:00:00+03:00,33.58000183105469,34.63999938964844,33.34000015258789,34.58000183105469,6755318,0.0,0.0
2026-07-01 00:00:00+03:00,34.58000183105469,34.779998779296875,33.84000015258789,34.060001373291016,6533864,0.0,0.0
2026-07-02 00:00:00+03:00,34.20000076293945,34.459999084472656,33.599998474121094,34.0,3128397,0.0,0.0
2026-07-03 00:00:00+03:00,34.5,34.5,32.619998931884766,33.279998779296875,7723156,0.0,0.0
2026-07-06 00:00:00+03:00,33.279998779296875,33.7400016784668,32.560001373291016,32.84000015258789,2891143,0.0,0.0
2026-07-07 00:00:00+03:00,33.08000183105469,33.36000061035156,32.7599983215332,33.36000061035156,3518094,0.0,0.0
2026-07-08 00:00:00+03:00,32.939998626708984,33.400001525878906,32.2599983215332,32.34000015258789,5696912,0.0,0.0
2026-07-09 00:00:00+03:00,32.68000030517578,32.68000030517578,31.799999237060547,31.979999542236328,2652521,0.0,0.0
2026-07-10 00:00:00+03:00,31.899999618530273,33.41999816894531,31.8799991607666,33.400001525878906,3916673,0.0,0.0
2026-07-13 00:00:00+03:00,33.08000183105469,33.63999938964844,32.7599983215332,33.15999984741211,2100294,0.0,0.0
2026-07-14 00:00:00+03:00,32.97999954223633,33.720001220703125,32.63999938964844,32.79999923706055,5250300,0.0,0.0
2026-07-16 00:00:00+03:00,32.79999923706055,34.13999938964844,32.7400016784668,34.0,5509874,0.0,0.0
2026-07-17 00:00:00+03:00,34.0,34.540000915527344,33.86000061035156,33.900001525878906,7441597,0.0,0.0
2026-07-20 00:00:00+03:00,34.15999984741211,35.720001220703125,33.720001220703125,35.099998474121094,9996523,0.0,0.0
2026-07-21 00:00:00+03:00,35.18000030517578,35.5,34.779998779296875,35.040000915527344,3410077,0.0,0.0
2026-07-22 00:00:00+03:00,35.040000915527344,35.36000061035156,34.400001525878906,34.65999984741211,4130864,0.0,0.0
2026-07-23 00:00:00+03:00,34.959999084472656,35.0,34.0,34.5,4095290,0.0,0.0
2026-07-24 00:00:00+03:00,34.779998779296875,35.400001525878906,33.060001373291016,33.900001525878906,3577888,0.0,0.0
2026-07-27 00:00:00+03:00,35.099998474121094,35.099998474121094,34.0,34.15999984741211,2730390,0.0,0.0
2026-07-28 00:00:00+03:00,34.13999938964844,35.13999938964844,34.02000045776367,34.380001068115234,4893428,0.0,0.0
2026-07-29 00:00:00+03:00,34.380001068115234,35.20000076293945,34.220001220703125,35.0,3934647,0.0,0.0
2026-07-30 00:00:00+03:00,35.099998474121094,36.040000915527344,35.0,35.459999084472656,5000710,0.0,0.0
2026-08-03 00:00:00+03:00,35.70000076293945,36.119998931884766,34.900001525878906,35.02000045776367,3753205,0.0,0.0
2026-08-04 00:00:00+03:00,35.29999923706055,35.84000015258789,35.040000915527344,35.560001373291016,4210486,0.0,0.0
2026-08-05 00:00:00+03:00,35.5,35.959999084472656,34.720001220703125,35.2400016784668,5527285,0.0,0.0
2026-08-06 00:00:00+03:00,35.400001525878906,35.5,34.540000915527344,34.720001220703125,2616905,0.0,0.0
2026-08-07 00:00:00+03:00,34.5,35.279998779296875,34.5,35.2599983215332,2048479,0.0,0.0
2026-08-10 00:00:00+03:00,35.599998474121094,35.91999816894531,34.959999084472656,35.779998779296875,4533920,0.0,0.0
2026-08-11 00:00:00+03:00,35.84000015258789,35.900001525878906,34.65999984741211,35.29999923706055,4214924,0.0,0.0
2026-08-12 00:00:00+03:00,34.91999816894531,35.36000061035156,33.02000045776367,33.15999984741211,11210474,0.0,0.0
