date,open,high,low,close,volume,dividends,stock_splits
2020-08-14 00:00:00+03:00,2.4957261085510254,2.509695053100586,2.439851999282837,2.5050389766693115,2690776,0.0,0.0
2020-08-17 00:00:00+03:00,2.52366304397583,2.5469439029693604,2.3979458808898926,2.4631330966949463,7199092,0.0,0.0
2020-08-18 00:00:00+03:00,2.4631330966949463,2.491070032119751,2.435194969177246,2.4584760665893555,2729851,0.0,0.0
2020-08-19 00:00:00+03:00,2.4491639137268066,2.4677889347076416,2.411914110183716,2.4305388927459717,3908261,0.0,0.0
2020-08-20 00:00:00+03:00,2.4445080757141113,2.4817581176757812,2.421226978302002,2.4677889347076416,2864080,0.0,0.0
2020-08-21 00:00:00+03:00,2.4864139556884766,2.4864139556884766,2.435194969177246,2.4677889347076416,2388807,0.0,0.0
2020-08-24 00:00:00+03:00,2.4631330966949463,2.4817581176757812,2.439851999282837,2.4817581176757812,4079600,0.0,0.0
2020-08-25 00:00:00+03:00,2.472445011138916,2.5003819465637207,2.4491639137268066,2.4771010875701904,2924945,0.0,0.0
2020-08-26 00:00:00+03:00,2.4677889347076416,2.5562570095062256,2.4445080757141113,2.5562570095062256,4228289,0.0,0.0
2020-08-27 00:00:00+03:00,2.5562570095062256,2.6214439868927,2.5003819465637207,2.5888500213623047,3927375,0.0,0.0
2020-08-28 00:00:00+03:00,2.598162889480591,2.7471609115600586,2.5655689239501953,2.6959431171417236,7748408,0.0,0.0
2020-08-31 00:00:00+03:00,2.7052550315856934,2.770442008972168,2.681973934173584,2.7425050735473633,3685534,0.0,0.0
2020-09-01 00:00:00+03:00,2.756474018096924,2.7611300945281982,2.5003819465637207,2.5609130859375,5070969,0.0,0.0
2020-09-02 00:00:00+03:00,2.5702250003814697,2.579538106918335,2.509695053100586,2.532975912094116,3850282,0.0,0.0
2020-09-03 00:00:00+03:00,2.6773180961608887,2.719223976135254,2.551600933074951,2.551600933074951,8791554,0.0,0.0
2020-09-04 00:00:00+03:00,2.551600933074951,2.5562570095062256,2.491070032119751,2.528320074081421,2160222,0.0,0.0
2020-09-07 00:00:00+03:00,2.6540369987487793,2.6633501052856445,2.5655689239501953,2.5888500213623047,4720690,0.0,0.0
2020-09-08 00:00:00+03:00,2.593506097793579,2.598162889480591,2.542288064956665,2.551600933074951,2188109,0.0,0.0
2020-09-09 00:00:00+03:00,2.5469439029693604,2.6261000633239746,2.542288064956665,2.5841939449310303,4099461,0.0,0.0
2020-09-10 00:00:00+03:00,2.5888500213623047,2.612131118774414,2.5655689239501953,2.5888500213623047,1855598,0.0,0.0
2020-09-11 00:00:00+03:00,2.7145678997039795,2.751816987991333,2.6214439868927,2.6354119777679443,4997600,0.0,0.0
2020-09-14 00:00:00+03:00,2.6074750423431396,2.640069007873535,2.579538106918335,2.6074750423431396,13318692,0.0,0.0
2020-09-15 00:00:00+03:00,2.6074750423431396,2.6261000633239746,2.52366304397583,2.5888500213623047,1678362,0.0,0.0
2020-09-16 00:00:00+03:00,2.6074750423431396,2.612131118774414,2.5748820304870605,2.593506097793579,722193,0.0,0.0
2020-09-17 00:00:00+03:00,2.5841939449310303,2.6074750423431396,2.5702250003814697,2.5888500213623047,1210530,0.0,0.0
2020-09-18 00:00:00+03:00,2.6028189659118652,2.6028189659118652,2.5562570095062256,2.5609130859375,1278390,0.0,0.0
2020-09-21 00:00:00+03:00,2.5562570095062256,2.5562570095062256,2.435194969177246,2.4631330966949463,1581175,0.0,0.0
2020-09-22 00:00:00+03:00,2.453819990158081,2.509695053100586,2.351383924484253,2.4864139556884766,3356971,0.0,0.0
2020-09-23 00:00:00+03:00,2.509695053100586,2.528320074081421,2.491070032119751,2.509695053100586,788897,0.0,0.0
2020-09-24 00:00:00+03:00,2.5143508911132812,2.5190069675445557,2.491070032119751,2.4957261085510254,785710,0.0,0.0
2020-09-25 00:00:00+03:00,2.509695053100586,2.5655689239501953,2.4957261085510254,2.551600933074951,2033595,0.0,0.0
2020-09-28 00:00:00+03:00,2.551600933074951,2.579538106918335,2.509695053100586,2.5376319885253906,1757424,0.0,0.0
2020-09-29 00:00:00+03:00,2.542288064956665,2.686630964279175,2.5143508911132812,2.5841939449310303,7118790,0.0,0.0
2020-09-30 00:00:00+03:00,2.649380922317505,2.700598955154419,2.6261000633239746,2.63075590133667,3434467,0.0,0.0
2020-10-01 00:00:00+03:00,2.63075590133667,2.6726620197296143,2.598162889480591,2.6726620197296143,3145595,0.0,0.0
2020-10-02 00:00:00+03:00,2.6726620197296143,2.7145678997039795,2.6354119777679443,2.6586930751800537,4400026,0.0,0.0
2020-10-05 00:00:00+03:00,2.66800594329834,2.7052550315856934,2.6447250843048096,2.7052550315856934,2089675,0.0,0.0
2020-10-06 00:00:00+03:00,2.719223976135254,2.7657859325408936,2.691287040710449,2.709912061691284,5169650,0.0,0.0
2020-10-07 00:00:00+03:00,2.691287040710449,2.779755115509033,2.6586930751800537,2.779755115509033,2550441,0.0,0.0
2020-10-08 00:00:00+03:00,2.844942092895508,3.0637829303741455,2.844942092895508,2.9799718856811523,15541087,0.0,0.0
2020-10-09 00:00:00+03:00,2.970659017562866,2.970659017562866,2.826317071914673,2.8728790283203125,8091995,0.0,0.0
2020-10-12 00:00:00+03:00,2.8961598873138428,3.007909059524536,2.8542540073394775,2.9334099292755127,5905131,0.0,0.0
2020-10-13 00:00:00+03:00,2.9846279621124268,3.0218770503997803,2.9147849082946777,2.9753150939941406,6097766,0.0,0.0
2020-10-14 00:00:00+03:00,2.989284038543701,3.147594928741455,2.9613471031188965,3.1382830142974854,10831081,0.0,0.0
2020-10-15 00:00:00+03:00,3.156907081604004,3.2965939044952393,3.077752113342285,3.217437982559204,7569058,0.0,0.0
2020-10-16 00:00:00+03:00,3.315217971801758,3.482841968536377,3.273313045501709,3.343156099319458,21049354,0.0,0.0
2020-10-19 00:00:00+03:00,3.394373893737793,3.594590902328491,3.180187940597534,3.343156099319458,27960811,0.0,0.0
2020-10-20 00:00:00+03:00,3.3694000244140625,3.4201951026916504,3.2085490226745605,3.2254810333251953,6408677,0.0,1.818182
2020-10-21 00:00:00+03:00,3.2254810333251953,3.24241304397583,3.081562042236328,3.16621994972229,5985921,0.0,0.0
2020-10-22 00:00:00+03:00,3.1577539443969727,3.217015027999878,3.0646300315856934,3.1154251098632812,3635917,0.0,0.0
2020-10-23 00:00:00+03:00,3.0900280475616455,3.183151960372925,3.0646300315856934,3.1238911151885986,4682936,0.0,0.0
2020-10-26 00:00:00+03:00,3.0138349533081055,3.1154251098632812,2.810655117034912,2.8529839515686035,3618144,0.0,0.0
2020-10-27 00:00:00+03:00,2.751394033432007,2.886847972869873,2.675201892852783,2.8021891117095947,3434042,0.0,0.0
2020-10-28 00:00:00+03:00,2.8021891117095947,2.810655117034912,2.7090649604797363,2.7090649604797363,867017,0.0,0.0
2020-10-30 00:00:00+03:00,2.7090649604797363,2.8445188999176025,2.5736119747161865,2.8445188999176025,3872364,0.0,0.0
2020-11-02 00:00:00+03:00,2.861449956893921,2.9037790298461914,2.7937240600585938,2.8191208839416504,1799911,0.0,0.0
2020-11-03 00:00:00+03:00,2.8445188999176025,2.8953139781951904,2.8021891117095947,2.8783819675445557,2304159,0.0,0.0
2020-11-04 00:00:00+03:00,2.861449956893921,2.912245035171509,2.836052894592285,2.886847972869873,1468517,0.0,0.0
2020-11-05 00:00:00+03:00,2.886847972869873,2.9630401134490967,2.861449956893921,2.8699159622192383,3417593,0.0,0.0
2020-11-06 00:00:00+03:00,2.8699159622192383,2.937643051147461,2.836052894592285,2.9037790298461914,2702098,0.0,0.0
2020-11-09 00:00:00+03:00,2.836052894592285,2.886847972869873,2.7090649604797363,2.836052894592285,6084355,0.0,0.0
2020-11-10 00:00:00+03:00,2.8275868892669678,2.861449956893921,2.776792049407959,2.7852580547332764,1900506,0.0,0.0
2020-11-11 00:00:00+03:00,2.810655117034912,2.8529839515686035,2.7683260440826416,2.8021891117095947,2283435,0.0,0.0
2020-11-12 00:00:00+03:00,2.8021891117095947,2.912245035171509,2.6582698822021484,2.6836678981781006,4584244,0.0,0.0
2020-11-13 00:00:00+03:00,2.692133903503418,2.7852580547332764,2.692133903503418,2.751394033432007,2131398,0.0,0.0
2020-11-16 00:00:00+03:00,2.759860038757324,2.810655117034912,2.742928981781006,2.7683260440826416,1821906,0.0,0.0
2020-11-17 00:00:00+03:00,2.776792049407959,2.7852580547332764,2.692133903503418,2.7090649604797363,1600134,0.0,0.0
2020-11-18 00:00:00+03:00,2.692133903503418,2.759860038757324,2.6836678981781006,2.7090649604797363,1698532,0.0,0.0
2020-11-19 00:00:00+03:00,2.7090649604797363,2.742928981781006,2.6582698822021484,2.7090649604797363,2174973,0.0,0.0
2020-11-20 00:00:00+03:00,2.700598955154419,2.759860038757324,2.6836678981781006,2.725996971130371,2496928,0.0,0.0
2020-11-23 00:00:00+03:00,2.7344629764556885,2.751394033432007,2.692133903503418,2.7090649604797363,1921367,0.0,0.0
2020-11-24 00:00:00+03:00,2.7175309658050537,2.751394033432007,2.700598955154419,2.7344629764556885,1900599,0.0,0.0
2020-11-25 00:00:00+03:00,2.751394033432007,2.776792049407959,2.7090649604797363,2.742928981781006,3162107,0.0,0.0
2020-11-26 00:00:00+03:00,2.759860038757324,2.8275868892669678,2.751394033432007,2.8275868892669678,4484551,0.0,0.0
2020-11-27 00:00:00+03:00,2.8783819675445557,2.912245035171509,2.7937240600585938,2.861449956893921,6663472,0.0,0.0
2020-11-30 00:00:00+03:00,2.861449956893921,2.861449956893921,2.700598955154419,2.7175309658050537,2940807,0.0,0.0
2020-12-01 00:00:00+03:00,2.742928981781006,2.7683260440826416,2.7090649604797363,2.725996971130371,1731052,0.0,0.0
2020-12-02 00:00:00+03:00,2.742928981781006,2.8275868892669678,2.7175309658050537,2.751394033432007,4552592,0.0,0.0
2020-12-03 00:00:00+03:00,2.759860038757324,2.8191208839416504,2.7344629764556885,2.7683260440826416,3497372,0.0,0.0
2020-12-04 00:00:00+03:00,2.776792049407959,2.8275868892669678,2.759860038757324,2.8021891117095947,3924194,0.0,0.0
2020-12-07 00:00:00+03:00,2.810655117034912,2.861449956893921,2.7937240600585938,2.8021891117095947,4223381,0.0,0.0
2020-12-08 00:00:00+03:00,2.7937240600585938,2.810655117034912,2.759860038757324,2.7937240600585938,2757925,0.0,0.0
2020-12-09 00:00:00+03:00,2.8021891117095947,2.8191208839416504,2.776792049407959,2.810655117034912,2983898,0.0,0.0
2020-12-10 00:00:00+03:00,2.8191208839416504,2.861449956893921,2.7683260440826416,2.810655117034912,5088098,0.0,0.0
2020-12-11 00:00:00+03:00,2.7937240600585938,2.8445188999176025,2.7852580547332764,2.8275868892669678,3757735,0.0,0.0
2020-12-14 00:00:00+03:00,2.836052894592285,2.8699159622192383,2.810655117034912,2.8275868892669678,6523137,0.0,0.0
2020-12-15 00:00:00+03:00,2.810655117034912,2.810655117034912,2.7090649604797363,2.7175309658050537,4036987,0.0,0.0
2020-12-16 00:00:00+03:00,2.725996971130371,2.7344629764556885,2.632873058319092,2.6836678981781006,2674775,0.0,0.0
2020-12-17 00:00:00+03:00,2.6836678981781006,2.700598955154419,2.6582698822021484,2.675201892852783,2145433,0.0,0.0
2020-12-18 00:00:00+03:00,2.666735887527466,2.725996971130371,2.641339063644409,2.6836678981781006,2031862,0.0,0.0
2020-12-21 00:00:00+03:00,2.666735887527466,2.666735887527466,2.5397489070892334,2.615941047668457,2072112,0.0,0.0
2020-12-22 00:00:00+03:00,2.632873058319092,2.666735887527466,2.6074750423431396,2.615941047668457,1903558,0.0,0.0
2020-12-23 00:00:00+03:00,2.632873058319092,2.641339063644409,2.6074750423431396,2.615941047668457,1827401,0.0,0.0
2020-12-24 00:00:00+03:00,2.6244070529937744,2.632873058319092,2.5736119747161865,2.5905439853668213,2429734,0.0,0.0
2020-12-25 00:00:00+03:00,2.5990099906921387,2.615941047668457,2.565145969390869,2.582077980041504,1621773,0.0,0.0
2020-12-28 00:00:00+03:00,2.5905439853668213,2.5990099906921387,2.565145969390869,2.5905439853668213,1413145,0.0,0.0
2020-12-29 00:00:00+03:00,2.5990099906921387,2.7344629764556885,2.5905439853668213,2.6836678981781006,7689055,0.0,0.0
2020-12-30 00:00:00+03:00,2.7344629764556885,2.8275868892669678,2.6836678981781006,2.700598955154419,9025666,0.0,0.0
2020-12-31 00:00:00+03:00,2.6836678981781006,2.692133903503418,2.5990099906921387,2.675201892852783,3714830,0.0,0.0
2021-01-04 00:00:00+03:00,2.7090649604797363,2.7175309658050537,2.64980411529541,2.666735887527466,2233215,0.0,0.0
2021-01-05 00:00:00+03:00,2.666735887527466,2.7090649604797363,2.5990099906921387,2.632873058319092,3374222,0.0,0.0
2021-01-06 00:00:00+03:00,2.641339063644409,2.675201892852783,2.615941047668457,2.6244070529937744,2605109,0.0,0.0
2021-01-07 00:00:00+03:00,2.641339063644409,2.692133903503418,2.615941047668457,2.64980411529541,3403158,0.0,0.0
2021-01-08 00:00:00+03:00,2.675201892852783,2.6836678981781006,2.632873058319092,2.641339063644409,3541077,0.0,0.0
2021-01-11 00:00:00+03:00,2.641339063644409,2.7090649604797363,2.632873058319092,2.64980411529541,5011632,0.0,0.0
2021-01-12 00:00:00+03:00,2.6836678981781006,2.692133903503418,2.641339063644409,2.64980411529541,1535525,0.0,0.0
2021-01-13 00:00:00+03:00,2.64980411529541,2.6836678981781006,2.6244070529937744,2.641339063644409,3319121,0.0,0.0
2021-01-14 00:00:00+03:00,2.641339063644409,2.666735887527466,2.615941047668457,2.615941047668457,2520857,0.0,0.0
2021-01-15 00:00:00+03:00,2.615941047668457,2.615941047668457,2.531282901763916,2.5397489070892334,3461227,0.0,0.0
2021-01-18 00:00:00+03:00,2.548214912414551,2.582077980041504,2.497420072555542,2.565145969390869,2898403,0.0,0.0
2021-01-19 00:00:00+03:00,2.5736119747161865,2.666735887527466,2.565145969390869,2.615941047668457,8553148,0.0,0.0
2021-01-20 00:00:00+03:00,2.6244070529937744,2.7344629764556885,2.5990099906921387,2.700598955154419,12497508,0.0,0.0
2021-01-21 00:00:00+03:00,2.7344629764556885,2.759860038757324,2.64980411529541,2.666735887527466,7621195,0.0,0.0
2021-01-22 00:00:00+03:00,2.6582698822021484,2.692133903503418,2.5990099906921387,2.632873058319092,4927791,0.0,0.0
2021-01-25 00:00:00+03:00,2.64980411529541,2.776792049407959,2.641339063644409,2.759860038757324,11734116,0.0,0.0
2021-01-26 00:00:00+03:00,2.8445188999176025,2.9799718856811523,2.759860038757324,2.836052894592285,34716979,0.0,0.0
2021-01-27 00:00:00+03:00,2.8445188999176025,2.861449956893921,2.582077980041504,2.6074750423431396,13017359,0.0,0.0
2021-01-28 00:00:00+03:00,2.548214912414551,2.666735887527466,2.47202205657959,2.641339063644409,6262999,0.0,0.0
2021-01-29 00:00:00+03:00,2.632873058319092,2.692133903503418,2.5736119747161865,2.675201892852783,6498336,0.0,0.0
2021-02-01 00:00:00+03:00,2.700598955154419,2.937643051147461,2.700598955154419,2.8953139781951904,17529703,0.0,0.0
2021-02-02 00:00:00+03:00,2.920711040496826,3.056164026260376,2.8021891117095947,2.9461090564727783,22395341,0.0,0.0
2021-02-03 00:00:00+03:00,3.022300958633423,3.200083017349243,2.9461090564727783,3.098494052886963,27016885,0.0,0.0
2021-02-04 00:00:00+03:00,3.132356882095337,3.276276111602783,3.0646300315856934,3.132356882095337,18122442,0.0,0.0
2021-02-05 00:00:00+03:00,3.1492879390716553,3.267810106277466,3.098494052886963,3.250878095626831,21675628,0.0,0.0
2021-02-08 00:00:00+03:00,3.293207883834839,3.4794559478759766,3.2593441009521484,3.4455931186676025,26371739,0.0,0.0
2021-02-09 00:00:00+03:00,3.4455931186676025,3.5810461044311523,3.30167293548584,3.30167293548584,29371490,0.0,0.0
2021-02-10 00:00:00+03:00,3.30167293548584,3.3694000244140625,3.217015027999878,3.24241304397583,10618420,0.0,0.0
2021-02-11 00:00:00+03:00,3.250878095626831,3.487921953201294,3.2339470386505127,3.462523937225342,11666711,0.0,0.0
2021-02-12 00:00:00+03:00,3.462523937225342,3.7418971061706543,3.4032630920410156,3.733431100845337,32145885,0.0,0.0
2021-02-15 00:00:00+03:00,3.7588279247283936,4.063598155975342,3.6403069496154785,3.9958720207214355,24528233,0.0,0.0
2021-02-16 00:00:00+03:00,4.004336833953857,4.038200855255127,3.6657040119171143,3.750361919403076,18723426,0.0,0.0
2021-02-17 00:00:00+03:00,3.818089008331299,3.9958720207214355,3.8096230030059814,3.928144931793213,21432579,0.0,0.0
2021-02-18 00:00:00+03:00,3.928144931793213,4.029735088348389,3.733431100845337,3.733431100845337,15140266,0.0,0.0
2021-02-19 00:00:00+03:00,3.750361919403076,3.8604180812835693,3.657238006591797,3.733431100845337,16137486,0.0,0.0
2021-02-22 00:00:00+03:00,3.801156997680664,3.8350210189819336,3.6657040119171143,3.7080330848693848,12651229,0.0,0.0
2021-02-23 00:00:00+03:00,3.733431100845337,3.7588279247283936,3.3694000244140625,3.4540579319000244,8694799,0.0,0.0
2021-02-24 00:00:00+03:00,3.4540579319000244,3.5895121097564697,3.2593441009521484,3.4032630920410156,12596886,0.0,0.0
2021-02-25 00:00:00+03:00,3.4794559478759766,3.4963879585266113,3.132356882095337,3.217015027999878,7011228,0.0,0.0
2021-02-26 00:00:00+03:00,3.047698974609375,3.538717031478882,2.912245035171509,3.3101389408111572,2918794,0.0,0.0
2021-03-01 00:00:00+03:00,3.3101389408111572,3.4201951026916504,3.24241304397583,3.37786602973938,1702305,0.0,0.0
2021-03-02 00:00:00+03:00,3.37786602973938,3.3863320350646973,3.293207883834839,3.3355369567871094,1226228,0.0,0.0
2021-03-03 00:00:00+03:00,3.3440029621124268,3.462523937225342,3.327070951461792,3.360934019088745,1344767,0.0,0.0
2021-03-04 00:00:00+03:00,3.3524680137634277,3.437127113342285,3.3101389408111572,3.3947980403900146,1480780,0.0,0.0
2021-03-05 00:00:00+03:00,3.3947980403900146,3.521785020828247,3.3186049461364746,3.462523937225342,1618448,0.0,0.0
2021-03-08 00:00:00+03:00,3.4963879585266113,3.5133190155029297,3.3694000244140625,3.487921953201294,2298516,0.0,0.0
2021-03-09 00:00:00+03:00,3.4794559478759766,3.572580099105835,3.4455931186676025,3.572580099105835,2358076,0.0,0.0
2021-03-10 00:00:00+03:00,3.5641140937805176,3.6741700172424316,3.538717031478882,3.6403069496154785,2304705,0.0,0.0
2021-03-11 00:00:00+03:00,3.6403069496154785,3.6741700172424316,3.5133190155029297,3.6403069496154785,1772142,0.0,0.0
2021-03-12 00:00:00+03:00,3.597978115081787,3.6657040119171143,3.437127113342285,3.6657040119171143,2122648,0.0,0.0
2021-03-15 00:00:00+03:00,3.6657040119171143,3.818089008331299,3.6657040119171143,3.8096230030059814,5911136,0.0,0.0
2021-03-16 00:00:00+03:00,3.826555013656616,3.962007999420166,3.8096230030059814,3.894282102584839,10746501,0.0,0.0
2021-03-17 00:00:00+03:00,3.9366109371185303,4.156722068786621,3.750361919403076,4.063598155975342,29290641,0.0,0.0
2021-03-18 00:00:00+03:00,4.275244235992432,4.4699578285217285,4.232914924621582,4.351436138153076,34951039,0.0,0.0
2021-03-19 00:00:00+03:00,4.334505081176758,4.537684917449951,4.122859001159668,4.402231216430664,21023836,0.0,0.0
2021-03-22 00:00:00+03:00,4.156722068786621,4.376833915710449,3.9704740047454834,4.105926990509033,11165940,0.0,0.0
2021-03-23 00:00:00+03:00,4.097462177276611,4.393765926361084,3.818089008331299,4.3599019050598145,15432868,0.0,0.0
2021-03-24 00:00:00+03:00,4.402231216430664,4.791659832000732,4.385300159454346,4.791659832000732,20194021,0.0,0.0
2021-03-25 00:00:00+03:00,4.817057132720947,5.121827125549316,4.808590888977051,4.9609761238098145,21292279,0.0,0.0
2021-03-26 00:00:00+03:00,4.969441890716553,5.079497814178467,4.817057132720947,4.994840145111084,17647525,0.0,0.0
2021-03-29 00:00:00+03:00,5.020236968994141,5.367335796356201,4.994840145111084,5.248814105987549,21106905,0.0,0.0
2021-03-30 00:00:00+03:00,5.248814105987549,5.333473205566406,5.045635223388672,5.172622203826904,15743219,0.0,0.0
2021-03-31 00:00:00+03:00,5.50278902053833,5.663640022277832,5.3419389724731445,5.494324207305908,22772761,0.0,0.0
2021-04-01 00:00:00+03:00,5.50278902053833,5.799092769622803,5.291143894195557,5.71443510055542,21175545,0.0,0.0
2021-04-02 00:00:00+03:00,5.722900867462158,5.8160247802734375,5.257279872894287,5.528186798095703,14537036,0.0,0.0
2021-04-05 00:00:00+03:00,5.50278902053833,5.71443510055542,5.299609184265137,5.553584098815918,17171348,0.0,0.0
2021-04-06 00:00:00+03:00,5.663640022277832,5.705968856811523,5.485857963562012,5.604379177093506,10113181,0.0,0.0
2021-04-07 00:00:00+03:00,5.604379177093506,6.163124084472656,5.545118808746338,5.67210578918457,36321717,0.0,0.0
2021-04-08 00:00:00+03:00,5.663640022277832,5.959943771362305,5.6551737785339355,5.858354091644287,17949736,0.0,0.0
2021-04-09 00:00:00+03:00,5.858354091644287,6.2562479972839355,5.782162189483643,6.180056095123291,31881831,0.0,0.0
2021-04-12 00:00:00+03:00,6.180056095123291,6.493291854858398,6.070000171661377,6.425564765930176,22975060,0.0,0.0
2021-04-13 00:00:00+03:00,6.307043075561523,6.544086933135986,5.993807792663574,6.180056095123291,22103265,0.0,0.0
2021-04-14 00:00:00+03:00,6.213919162750244,6.323975086212158,5.562049865722656,5.562049865722656,19822810,0.0,0.0
2021-04-15 00:00:00+03:00,5.333473205566406,5.460460186004639,5.011771202087402,5.248814105987549,31902291,0.0,0.0
2021-04-16 00:00:00+03:00,5.240348815917969,5.5366530418396,5.104895114898682,5.164155960083008,16540910,0.0,0.0
2021-04-19 00:00:00+03:00,5.248814105987549,5.32500696182251,4.647740840911865,4.647740840911865,16559083,0.0,0.0
2021-04-20 00:00:00+03:00,4.385300159454346,4.563082218170166,4.190586090087891,4.190586090087891,7925154,0.0,0.0
2021-04-21 00:00:00+03:00,3.928144931793213,4.351436138153076,3.7757599353790283,3.7757599353790283,38955518,0.0,0.0
2021-04-22 00:00:00+03:00,3.5556480884552,3.750361919403076,3.4032630920410156,3.4032630920410156,30330398,0.0,0.0
2021-04-26 00:00:00+03:00,3.411729097366333,3.7418971061706543,3.411729097366333,3.7418971061706543,12490962,0.0,0.0
2021-04-27 00:00:00+03:00,3.843487024307251,4.097462177276611,3.4794559478759766,3.5133190155029297,22613167,0.0,0.0
2021-04-28 00:00:00+03:00,3.462523937225342,3.6149089336395264,3.293207883834839,3.3186049461364746,3254299,0.0,0.0
2021-04-29 00:00:00+03:00,3.327070951461792,3.470989942550659,3.3101389408111572,3.3524680137634277,1819190,0.0,0.0
2021-04-30 00:00:00+03:00,3.37786602973938,3.37786602973938,3.217015027999878,3.2847421169281006,2101266,0.0,0.0
2021-05-03 00:00:00+03:00,3.30167293548584,3.5641140937805176,3.293207883834839,3.4286611080169678,3956099,0.0,0.0
2021-05-04 00:00:00+03:00,3.4540579319000244,3.521785020828247,3.3355369567871094,3.3863320350646973,2639725,0.0,0.0
2021-05-05 00:00:00+03:00,3.3947980403900146,3.4286611080169678,3.3186049461364746,3.3440029621124268,1721803,0.0,0.0
2021-05-06 00:00:00+03:00,3.3524680137634277,3.4201951026916504,3.2847421169281006,3.327070951461792,2000396,0.0,0.0
2021-05-07 00:00:00+03:00,3.3524680137634277,3.3524680137634277,3.200083017349243,3.2593441009521484,1907975,0.0,0.0
2021-05-10 00:00:00+03:00,3.2593441009521484,3.3186049461364746,3.24241304397583,3.2847421169281006,1423285,0.0,0.0
2021-05-11 00:00:00+03:00,3.267810106277466,3.276276111602783,3.2254810333251953,3.267810106277466,1256063,0.0,0.0
2021-05-12 00:00:00+03:00,3.276276111602783,3.3440029621124268,3.2339470386505127,3.3440029621124268,735455,0.0,0.0
2021-05-17 00:00:00+03:00,3.3440029621124268,3.3694000244140625,3.24241304397583,3.2593441009521484,3990623,0.0,0.0
2021-05-18 00:00:00+03:00,3.2593441009521484,3.267810106277466,3.1577539443969727,3.183151960372925,4218559,0.0,0.0
2021-05-20 00:00:00+03:00,3.2593441009521484,3.37786602973938,3.2339470386505127,3.250878095626831,11602783,0.0,0.0
2021-05-21 00:00:00+03:00,3.2593441009521484,3.2847421169281006,3.200083017349243,3.217015027999878,3577269,0.0,0.0
2021-05-24 00:00:00+03:00,3.2085490226745605,3.2085490226745605,3.0138349533081055,3.098494052886963,7827966,0.0,0.0
2021-05-25 00:00:00+03:00,3.106959104537964,3.132356882095337,2.861449956893921,2.8783819675445557,4591817,0.0,0.0
2021-05-26 00:00:00+03:00,2.8783819675445557,2.937643051147461,2.7852580547332764,2.8783819675445557,4570741,0.0,0.0
2021-05-27 00:00:00+03:00,2.8783819675445557,3.056164026260376,2.8699159622192383,2.9545741081237793,7171529,0.0,0.0
2021-05-28 00:00:00+03:00,2.9545741081237793,2.9630401134490967,2.8191208839416504,2.836052894592285,3891635,0.0,0.0
2021-05-31 00:00:00+03:00,2.8445188999176025,2.886847972869873,2.776792049407959,2.810655117034912,2779434,0.0,0.0
2021-06-01 00:00:00+03:00,2.810655117034912,3.047698974609375,2.759860038757324,2.8021891117095947,17069724,0.0,0.0
2021-06-02 00:00:00+03:00,2.7344629764556885,2.886847972869873,2.692133903503418,2.8699159622192383,6174140,0.0,0.0
2021-06-03 00:00:00+03:00,2.861449956893921,2.920711040496826,2.742928981781006,2.836052894592285,6008689,0.0,0.0
2021-06-04 00:00:00+03:00,2.8191208839416504,2.836052894592285,2.759860038757324,2.7683260440826416,2248805,0.0,0.0
2021-06-07 00:00:00+03:00,2.776792049407959,2.8191208839416504,2.7090649604797363,2.7344629764556885,4620608,0.0,0.0
2021-06-08 00:00:00+03:00,2.7344629764556885,2.7852580547332764,2.7344629764556885,2.742928981781006,2297766,0.0,0.0
2021-06-09 00:00:00+03:00,2.751394033432007,2.759860038757324,2.6582698822021484,2.6582698822021484,3340923,0.0,0.0
2021-06-10 00:00:00+03:00,2.666735887527466,2.6836678981781006,2.6074750423431396,2.6074750423431396,3179858,0.0,0.0
2021-06-11 00:00:00+03:00,2.6074750423431396,2.861449956893921,2.5905439853668213,2.6582698822021484,14776097,0.0,0.0
2021-06-14 00:00:00+03:00,2.675201892852783,2.6836678981781006,2.5905439853668213,2.5990099906921387,3214539,0.0,0.0
2021-06-15 00:00:00+03:00,2.5990099906921387,2.692133903503418,2.5905439853668213,2.615941047668457,4500256,0.0,0.0
2021-06-16 00:00:00+03:00,2.615941047668457,2.615941047668457,2.5397489070892334,2.5397489070892334,2059894,0.0,0.0
2021-06-17 00:00:00+03:00,2.531282901763916,2.64980411529541,2.4889540672302246,2.505884885787964,5329836,0.0,0.0
2021-06-18 00:00:00+03:00,2.531282901763916,2.531282901763916,2.4127609729766846,2.421226978302002,3230557,0.0,0.0
2021-06-21 00:00:00+03:00,2.421226978302002,2.4296929836273193,2.3450350761413574,2.3619658946990967,3673165,0.0,0.0
2021-06-22 00:00:00+03:00,2.3788979053497314,2.47202205657959,2.370431900024414,2.404294967651367,4636173,0.0,0.0
2021-06-23 00:00:00+03:00,2.4127609729766846,2.5990099906921387,2.4127609729766846,2.5143508911132812,7849060,0.0,0.0
2021-06-24 00:00:00+03:00,2.5228168964385986,2.531282901763916,2.446624994277954,2.47202205657959,3276416,0.0,0.0
2021-06-25 00:00:00+03:00,2.4804880619049072,2.5228168964385986,2.421226978302002,2.4296929836273193,2845317,0.0,0.0
2021-06-28 00:00:00+03:00,2.4296929836273193,2.4635560512542725,2.311171054840088,2.311171054840088,2956528,0.0,0.0
2021-06-29 00:00:00+03:00,2.311171054840088,2.3281030654907227,2.2180469036102295,2.311171054840088,3431921,0.0,0.0
2021-06-30 00:00:00+03:00,2.311171054840088,2.387363910675049,2.2942399978637695,2.3450350761413574,2851498,0.0,0.0
2021-07-01 00:00:00+03:00,2.3788979053497314,2.395829916000366,2.33656907081604,2.3534998893737793,1654755,0.0,0.0
2021-07-02 00:00:00+03:00,2.3450350761413574,2.497420072555542,2.3281030654907227,2.3534998893737793,6874218,0.0,0.0
2021-07-05 00:00:00+03:00,2.3619658946990967,2.4381589889526367,2.3196370601654053,2.4127609729766846,4827246,0.0,0.0
2021-07-06 00:00:00+03:00,2.4127609729766846,2.47202205657959,2.395829916000366,2.455090045928955,4116643,0.0,0.0
2021-07-07 00:00:00+03:00,2.47202205657959,2.5736119747161865,2.4635560512542725,2.497420072555542,5171878,0.0,0.0
2021-07-08 00:00:00+03:00,2.497420072555542,2.497420072555542,2.404294967651367,2.404294967651367,3572964,0.0,0.0
2021-07-09 00:00:00+03:00,2.404294967651367,2.6074750423431396,2.395829916000366,2.455090045928955,16819352,0.0,0.0
2021-07-12 00:00:00+03:00,2.455090045928955,2.4804880619049072,2.33656907081604,2.3450350761413574,6229066,0.0,0.0
2021-07-13 00:00:00+03:00,2.3450350761413574,2.3619658946990967,2.2434449195861816,2.285773992538452,3884541,0.0,0.0
2021-07-14 00:00:00+03:00,2.2942399978637695,2.3534998893737793,2.2942399978637695,2.3534998893737793,2550341,0.0,0.0
2021-07-16 00:00:00+03:00,2.3619658946990967,2.404294967651367,2.311171054840088,2.3534998893737793,3691726,0.0,0.0
2021-07-19 00:00:00+03:00,2.3450350761413574,2.395829916000366,2.33656907081604,2.370431900024414,1295492,0.0,0.0
2021-07-26 00:00:00+03:00,2.395829916000366,2.455090045928955,2.3788979053497314,2.4127609729766846,5041858,0.0,0.0
2021-07-27 00:00:00+03:00,2.4127609729766846,2.4889540672302246,2.3788979053497314,2.4381589889526367,6347119,0.0,0.0
2021-07-28 00:00:00+03:00,2.4381589889526367,2.4804880619049072,2.387363910675049,2.4127609729766846,3758932,0.0,0.0
2021-07-29 00:00:00+03:00,2.421226978302002,2.455090045928955,2.4127609729766846,2.421226978302002,3140013,0.0,0.0
2021-07-30 00:00:00+03:00,2.421226978302002,2.4296929836273193,2.387363910675049,2.4127609729766846,2142008,0.0,0.0
2021-08-02 00:00:00+03:00,2.421226978302002,2.5143508911132812,2.4127609729766846,2.47202205657959,7766739,0.0,0.0
2021-08-03 00:00:00+03:00,2.4804880619049072,2.497420072555542,2.4127609729766846,2.4635560512542725,4684377,0.0,0.0
2021-08-04 00:00:00+03:00,2.455090045928955,2.47202205657959,2.421226978302002,2.4381589889526367,3489124,0.0,0.0
2021-08-05 00:00:00+03:00,2.4296929836273193,2.4804880619049072,2.421226978302002,2.455090045928955,4098444,0.0,0.0
2021-08-06 00:00:00+03:00,2.4635560512542725,2.4804880619049072,2.4127609729766846,2.421226978302002,3357220,0.0,0.0
2021-08-09 00:00:00+03:00,2.4296929836273193,2.4296929836273193,2.387363910675049,2.395829916000366,2774353,0.0,0.0
2021-08-10 00:00:00+03:00,2.387363910675049,2.421226978302002,2.3534998893737793,2.3619658946990967,2938187,0.0,0.0
2021-08-11 00:00:00+03:00,2.3619658946990967,2.3788979053497314,2.2942399978637695,2.3027050495147705,2388485,0.0,0.0
2021-08-12 00:00:00+03:00,2.311171054840088,2.3450350761413574,2.2688419818878174,2.2773079872131348,4204504,0.0,0.0
2021-08-13 00:00:00+03:00,2.285773992538452,2.3027050495147705,2.2603759765625,2.2688419818878174,2657003,0.0,0.0
2021-08-16 00:00:00+03:00,2.2688419818878174,2.3281030654907227,2.2603759765625,2.285773992538452,3768832,0.0,0.0
2021-08-17 00:00:00+03:00,2.2942399978637695,2.3450350761413574,2.2688419818878174,2.3027050495147705,4452651,0.0,0.0
2021-08-18 00:00:00+03:00,2.3027050495147705,2.3281030654907227,2.2688419818878174,2.3027050495147705,3828993,0.0,0.0
2021-08-19 00:00:00+03:00,2.2603759765625,2.2773079872131348,2.209580898284912,2.2434449195861816,5626131,0.0,0.0
2021-08-20 00:00:00+03:00,2.2349789142608643,2.2688419818878174,2.209580898284912,2.2434449195861816,2749621,0.0,0.0
2021-08-23 00:00:00+03:00,2.2519099712371826,2.3027050495147705,2.2519099712371826,2.285773992538452,2811784,0.0,0.0
2021-08-24 00:00:00+03:00,2.285773992538452,2.2942399978637695,2.2519099712371826,2.2688419818878174,1595805,0.0,0.0
2021-08-25 00:00:00+03:00,2.2688419818878174,2.2688419818878174,2.2180469036102295,2.2180469036102295,1961300,0.0,0.0
2021-08-26 00:00:00+03:00,2.2180469036102295,2.2434449195861816,2.150320053100586,2.1672520637512207,3155110,0.0,0.0
2021-08-27 00:00:00+03:00,2.175718069076538,2.1841840744018555,2.1333889961242676,2.175718069076538,1854802,0.0,0.0
2021-08-31 00:00:00+03:00,2.1841840744018555,2.387363910675049,2.150320053100586,2.387363910675049,12780347,0.0,0.0
2021-09-01 00:00:00+03:00,2.6244070529937744,2.6244070529937744,2.6244070529937744,2.6244070529937744,2528950,0.0,0.0
2021-09-02 00:00:00+03:00,2.886847972869873,2.886847972869873,2.4127609729766846,2.421226978302002,72668304,0.0,0.0
2021-09-03 00:00:00+03:00,2.421226978302002,2.5990099906921387,2.421226978302002,2.446624994277954,25242737,0.0,0.0
2021-09-06 00:00:00+03:00,2.4635560512542725,2.47202205657959,2.421226978302002,2.4296929836273193,7558913,0.0,0.0
2021-09-07 00:00:00+03:00,2.421226978302002,2.565145969390869,2.387363910675049,2.4296929836273193,27405660,0.0,0.0
2021-09-08 00:00:00+03:00,2.421226978302002,2.4381589889526367,2.33656907081604,2.370431900024414,4826733,0.0,0.0
2021-09-09 00:00:00+03:00,2.3450350761413574,2.4127609729766846,2.3450350761413574,2.4127609729766846,6777476,0.0,0.0
2021-09-10 00:00:00+03:00,2.421226978302002,2.455090045928955,2.3619658946990967,2.370431900024414,5140854,0.0,0.0
2021-09-13 00:00:00+03:00,2.370431900024414,2.395829916000366,2.33656907081604,2.3450350761413574,4118112,0.0,0.0
2021-09-14 00:00:00+03:00,2.3534998893737793,2.370431900024414,2.2773079872131348,2.3027050495147705,3728051,0.0,0.0
2021-09-15 00:00:00+03:00,2.3027050495147705,2.370431900024414,2.2773079872131348,2.285773992538452,4194503,0.0,0.0
2021-09-16 00:00:00+03:00,2.285773992538452,2.311171054840088,2.226512908935547,2.2349789142608643,3002665,0.0,0.0
2021-09-17 00:00:00+03:00,2.2434449195861816,2.2688419818878174,2.209580898284912,2.2180469036102295,2182968,0.0,0.0
2021-09-20 00:00:00+03:00,2.2011148929595947,2.2180469036102295,2.12492299079895,2.150320053100586,3801677,0.0,0.0
2021-09-21 00:00:00+03:00,2.1672520637512207,2.1841840744018555,2.1333889961242676,2.1587860584259033,2835157,0.0,0.0
2021-09-22 00:00:00+03:00,2.175718069076538,2.2688419818878174,2.1587860584259033,2.1841840744018555,7266886,0.0,0.0
2021-09-23 00:00:00+03:00,2.192650079727173,2.2688419818878174,2.1672520637512207,2.2011148929595947,6231501,0.0,0.0
2021-09-24 00:00:00+03:00,2.1841840744018555,2.2011148929595947,2.141855001449585,2.150320053100586,4313529,0.0,0.0
2021-09-27 00:00:00+03:00,2.1672520637512207,2.175718069076538,2.141855001449585,2.1587860584259033,2045094,0.0,0.0
2021-09-28 00:00:00+03:00,2.1587860584259033,2.1672520637512207,2.0741279125213623,2.091059923171997,4025321,0.0,0.0
2021-09-29 00:00:00+03:00,2.099524974822998,2.1079909801483154,2.0571959018707275,2.065661907196045,3791050,0.0,0.0
2021-09-30 00:00:00+03:00,2.0825939178466797,2.1587860584259033,2.0487310886383057,2.091059923171997,5957799,0.0,0.0
2021-10-01 00:00:00+03:00,2.0825939178466797,2.116456985473633,2.065661907196045,2.099524974822998,2807012,0.0,0.0
2021-10-04 00:00:00+03:00,2.099524974822998,2.1672520637512207,2.099524974822998,2.12492299079895,4918626,0.0,0.0
2021-10-05 00:00:00+03:00,2.12492299079895,2.141855001449585,2.0571959018707275,2.0825939178466797,5633050,0.0,0.0
2021-10-06 00:00:00+03:00,2.0741279125213623,2.0825939178466797,1.9894700050354004,2.0064010620117188,5351530,0.0,0.0
2021-10-07 00:00:00+03:00,2.014867067337036,2.0487310886383057,1.9979360103607178,2.014867067337036,5660133,0.0,0.0
2021-10-08 00:00:00+03:00,2.0233330726623535,2.0571959018707275,2.0064010620117188,2.0487310886383057,4067278,0.0,0.0
2021-10-11 00:00:00+03:00,2.065661907196045,2.099524974822998,2.0487310886383057,2.099524974822998,4550054,0.0,0.0
2021-10-12 00:00:00+03:00,2.0825939178466797,2.116456985473633,2.0825939178466797,2.099524974822998,3666554,0.0,0.0
2021-10-13 00:00:00+03:00,2.099524974822998,2.3027050495147705,2.091059923171997,2.2011148929595947,36109638,0.0,0.0
2021-10-14 00:00:00+03:00,2.192650079727173,2.3534998893737793,2.1841840744018555,2.2519099712371826,28362682,0.0,0.0
2021-10-15 00:00:00+03:00,2.2519099712371826,2.3196370601654053,2.1587860584259033,2.209580898284912,10873787,0.0,0.0
2021-10-18 00:00:00+03:00,2.226512908935547,2.3027050495147705,2.2180469036102295,2.2773079872131348,10498226,0.0,0.0
2021-10-19 00:00:00+03:00,2.2942399978637695,2.4296929836273193,2.2349789142608643,2.387363910675049,25423564,0.0,0.0
2021-10-20 00:00:00+03:00,2.4296929836273193,2.505884885787964,2.395829916000366,2.4296929836273193,15996215,0.0,0.0
2021-10-21 00:00:00+03:00,2.4381589889526367,2.446624994277954,2.3196370601654053,2.3788979053497314,11034183,0.0,0.0
2021-10-22 00:00:00+03:00,2.395829916000366,2.395829916000366,2.2349789142608643,2.2942399978637695,12704820,0.0,0.0
2021-10-25 00:00:00+03:00,2.2773079872131348,2.33656907081604,2.2603759765625,2.2942399978637695,8194249,0.0,0.0
2021-10-26 00:00:00+03:00,2.3027050495147705,2.3534998893737793,2.285773992538452,2.2942399978637695,7381223,0.0,0.0
2021-10-27 00:00:00+03:00,2.3027050495147705,2.311171054840088,2.209580898284912,2.2349789142608643,6187318,0.0,0.0
2021-10-28 00:00:00+03:00,2.2180469036102295,2.2688419818878174,2.2011148929595947,2.2603759765625,3751304,0.0,0.0
2021-11-01 00:00:00+03:00,2.390000104904175,2.390000104904175,2.2799999713897705,2.299999952316284,7481332,0.0,0.0
2021-11-02 00:00:00+03:00,2.299999952316284,2.3399999141693115,2.2799999713897705,2.309999942779541,6225274,0.0,0.0
2021-11-03 00:00:00+03:00,2.319999933242798,2.3299999237060547,2.2100000381469727,2.299999952316284,12528131,0.0,0.0
2021-11-04 00:00:00+03:00,2.3299999237060547,2.430000066757202,2.3299999237060547,2.380000114440918,14578178,0.0,0.0
2021-11-05 00:00:00+03:00,2.390000104904175,2.4200000762939453,2.3299999237060547,2.359999895095825,8234520,0.0,0.0
2021-11-08 00:00:00+03:00,2.369999885559082,2.4100000858306885,2.359999895095825,2.369999885559082,7173681,0.0,0.0
2021-11-09 00:00:00+03:00,2.380000114440918,2.390000104904175,2.309999942779541,2.3399999141693115,6474125,0.0,0.0
2021-11-10 00:00:00+03:00,2.319999933242798,2.319999933242798,2.2100000381469727,2.25,11204882,0.0,0.0
2021-11-11 00:00:00+03:00,2.2300000190734863,2.309999942779541,2.2300000190734863,2.25,7756049,0.0,0.0
2021-11-12 00:00:00+03:00,2.2699999809265137,2.2899999618530273,2.240000009536743,2.259999990463257,3634865,0.0,0.0
2021-11-15 00:00:00+03:00,2.2699999809265137,2.359999895095825,2.259999990463257,2.3299999237060547,5938386,0.0,0.0
2021-11-16 00:00:00+03:00,2.3299999237060547,2.3299999237060547,2.259999990463257,2.259999990463257,5455919,0.0,0.0
2021-11-17 00:00:00+03:00,2.259999990463257,2.2799999713897705,2.2200000286102295,2.240000009536743,3566964,0.0,0.0
2021-11-18 00:00:00+03:00,2.2300000190734863,2.2799999713897705,2.180000066757202,2.25,7945482,0.0,0.0
2021-11-19 00:00:00+03:00,2.25,2.3499999046325684,2.240000009536743,2.319999933242798,6284074,0.0,0.0
2021-11-22 00:00:00+03:00,2.359999895095825,2.4700000286102295,2.3499999046325684,2.440000057220459,10891335,0.0,0.0
2021-11-23 00:00:00+03:00,2.440000057220459,2.440000057220459,2.319999933242798,2.430000066757202,10431870,0.0,0.0
2021-11-24 00:00:00+03:00,2.440000057220459,2.549999952316284,2.430000066757202,2.5299999713897705,10199278,0.0,0.0
2021-11-25 00:00:00+03:00,2.5399999618530273,2.5799999237060547,2.4700000286102295,2.5299999713897705,8002019,0.0,0.0
2021-11-26 00:00:00+03:00,2.509999990463257,2.5999999046325684,2.4800000190734863,2.549999952316284,10431099,0.0,0.0
2021-11-29 00:00:00+03:00,2.559999942779541,2.619999885559082,2.5,2.5299999713897705,9367494,0.0,0.0
2021-11-30 00:00:00+03:00,2.5199999809265137,2.559999942779541,2.5,2.5299999713897705,5316428,0.0,0.0
2021-12-01 00:00:00+03:00,2.5299999713897705,2.559999942779541,2.4100000858306885,2.4100000858306885,9984735,0.0,0.0
2021-12-02 00:00:00+03:00,2.4200000762939453,2.4600000381469727,2.4000000953674316,2.430000066757202,6738649,0.0,0.0
2021-12-03 00:00:00+03:00,2.440000057220459,2.5399999618530273,2.440000057220459,2.509999990463257,9854676,0.0,0.0
2021-12-06 00:00:00+03:00,2.5799999237060547,2.7300000190734863,2.5199999809265137,2.7100000381469727,20269012,0.0,0.0
2021-12-07 00:00:00+03:00,2.7200000286102295,2.7300000190734863,2.6500000953674316,2.680000066757202,7307226,0.0,0.0
2021-12-08 00:00:00+03:00,2.690000057220459,2.740000009536743,2.630000114440918,2.6500000953674316,8739706,0.0,0.0
2021-12-09 00:00:00+03:00,2.6600000858306885,2.75,2.6500000953674316,2.6700000762939453,7811644,0.0,0.0
2021-12-10 00:00:00+03:00,2.6700000762939453,2.690000057220459,2.569999933242798,2.5999999046325684,9070397,0.0,0.0
2021-12-13 00:00:00+03:00,2.5999999046325684,2.630000114440918,2.559999942779541,2.5799999237060547,6100411,0.0,0.0
2021-12-14 00:00:00+03:00,2.5899999141693115,2.5999999046325684,2.5299999713897705,2.559999942779541,5677929,0.0,0.0
2021-12-15 00:00:00+03:00,2.569999933242798,2.609999895095825,2.450000047683716,2.4700000286102295,8444462,0.0,0.0
2021-12-16 00:00:00+03:00,2.4700000286102295,2.509999990463257,2.430000066757202,2.490000009536743,7082935,0.0,0.0
2021-12-17 00:00:00+03:00,2.5,2.5899999141693115,2.25,2.25,19125949,0.0,0.0
2021-12-20 00:00:00+03:00,2.119999885559082,2.2699999809265137,2.0299999713897705,2.119999885559082,11087785,0.0,0.0
2021-12-21 00:00:00+03:00,2.200000047683716,2.2300000190734863,2.130000114440918,2.130000114440918,8137444,0.0,0.0
2021-12-22 00:00:00+03:00,2.140000104904175,2.2100000381469727,2.0899999141693115,2.140000104904175,5421424,0.0,0.0
2021-12-23 00:00:00+03:00,2.180000066757202,2.2200000286102295,2.119999885559082,2.2200000286102295,5542603,0.0,0.0
2021-12-24 00:00:00+03:00,2.2200000286102295,2.259999990463257,2.200000047683716,2.25,5323513,0.0,0.0
2021-12-27 00:00:00+03:00,2.2699999809265137,2.4600000381469727,2.2100000381469727,2.430000066757202,18868581,0.0,0.0
2021-12-28 00:00:00+03:00,2.450000047683716,2.549999952316284,2.4100000858306885,2.5,10914313,0.0,0.0
2021-12-29 00:00:00+03:00,2.5,2.5899999141693115,2.430000066757202,2.5199999809265137,7445241,0.0,0.0
2021-12-30 00:00:00+03:00,2.5299999713897705,2.559999942779541,2.4700000286102295,2.5399999618530273,6429964,0.0,0.0
2021-12-31 00:00:00+03:00,2.5399999618530273,2.559999942779541,2.5,2.5299999713897705,4309072,0.0,0.0
2022-01-03 00:00:00+03:00,2.5399999618530273,2.5799999237060547,2.5199999809265137,2.569999933242798,5192389,0.0,0.0
2022-01-04 00:00:00+03:00,2.5799999237060547,2.690000057220459,2.569999933242798,2.690000057220459,8728088,0.0,0.0
2022-01-05 00:00:00+03:00,2.700000047683716,2.7799999713897705,2.6700000762939453,2.700000047683716,12428946,0.0,0.0
2022-01-06 00:00:00+03:00,2.6700000762939453,2.680000066757202,2.549999952316284,2.559999942779541,10630476,0.0,0.0
2022-01-07 00:00:00+03:00,2.559999942779541,2.640000104904175,2.509999990463257,2.5999999046325684,8462433,0.0,0.0
2022-01-10 00:00:00+03:00,2.5899999141693115,2.630000114440918,2.5399999618530273,2.569999933242798,6283039,0.0,0.0
2022-01-11 00:00:00+03:00,2.5799999237060547,2.5899999141693115,2.5299999713897705,2.5399999618530273,5237761,0.0,0.0
2022-01-12 00:00:00+03:00,2.559999942779541,2.559999942779541,2.490000009536743,2.490000009536743,3729147,0.0,0.0
2022-01-13 00:00:00+03:00,2.4800000190734863,2.509999990463257,2.4600000381469727,2.4600000381469727,3705870,0.0,0.0
2022-01-14 00:00:00+03:00,2.4700000286102295,2.5199999809265137,2.440000057220459,2.5199999809265137,3285697,0.0,0.0
2022-01-17 00:00:00+03:00,2.5299999713897705,2.569999933242798,2.5199999809265137,2.5399999618530273,2870538,0.0,0.0
2022-01-18 00:00:00+03:00,2.5299999713897705,2.549999952316284,2.4200000762939453,2.440000057220459,4046882,0.0,0.0
2022-01-19 00:00:00+03:00,2.4200000762939453,2.450000047683716,2.380000114440918,2.440000057220459,4513040,0.0,0.0
2022-01-20 00:00:00+03:00,2.200000047683716,2.299999952316284,2.200000047683716,2.240000009536743,29273747,0.0,0.0
2022-01-21 00:00:00+03:00,2.240000009536743,2.309999942779541,2.1600000858306885,2.299999952316284,7502911,0.0,0.0
2022-01-24 00:00:00+03:00,2.2899999618530273,2.309999942779541,2.200000047683716,2.2100000381469727,5299532,0.0,0.0
2022-01-25 00:00:00+03:00,2.2200000286102295,2.25,2.1700000762939453,2.2300000190734863,2991543,0.0,0.0
2022-01-26 00:00:00+03:00,2.240000009536743,2.2799999713897705,2.2200000286102295,2.240000009536743,3926057,0.0,0.0
2022-01-27 00:00:00+03:00,2.200000047683716,2.259999990463257,2.180000066757202,2.2300000190734863,2598117,0.0,0.0
2022-01-28 00:00:00+03:00,2.240000009536743,2.2699999809265137,2.2100000381469727,2.2699999809265137,4255179,0.0,0.0
2022-01-31 00:00:00+03:00,2.2799999713897705,2.299999952316284,2.25,2.2699999809265137,3463507,0.0,0.0
2022-02-01 00:00:00+03:00,2.2699999809265137,2.2799999713897705,2.240000009536743,2.240000009536743,2286370,0.0,0.0
2022-02-02 00:00:00+03:00,2.25,2.4600000381469727,2.2200000286102295,2.319999933242798,26495787,0.0,0.0
2022-02-03 00:00:00+03:00,2.309999942779541,2.430000066757202,2.2899999618530273,2.359999895095825,11503310,0.0,0.0
2022-02-04 00:00:00+03:00,2.369999885559082,2.369999885559082,2.2799999713897705,2.309999942779541,4638090,0.0,0.0
2022-02-07 00:00:00+03:00,2.319999933242798,2.3399999141693115,2.259999990463257,2.259999990463257,4313540,0.0,0.0
2022-02-08 00:00:00+03:00,2.2699999809265137,2.3499999046325684,2.2300000190734863,2.2799999713897705,10285565,0.0,0.0
2022-02-09 00:00:00+03:00,2.2799999713897705,2.299999952316284,2.25,2.2699999809265137,3700749,0.0,0.0
2022-02-10 00:00:00+03:00,2.2799999713897705,2.2799999713897705,2.240000009536743,2.25,2822260,0.0,0.0
2022-02-11 00:00:00+03:00,2.2300000190734863,2.2899999618530273,2.2200000286102295,2.2799999713897705,3271591,0.0,0.0
2022-02-14 00:00:00+03:00,2.2899999618530273,2.2899999618530273,2.190000057220459,2.2100000381469727,3510114,0.0,0.0
2022-02-15 00:00:00+03:00,2.2100000381469727,2.2799999713897705,2.200000047683716,2.2699999809265137,5895735,0.0,0.0
2022-02-16 00:00:00+03:00,2.2799999713897705,2.4000000953674316,2.2699999809265137,2.299999952316284,10841374,0.0,0.0
2022-02-17 00:00:00+03:00,2.309999942779541,2.3399999141693115,2.2300000190734863,2.240000009536743,6156206,0.0,0.0
2022-02-18 00:00:00+03:00,2.240000009536743,2.2799999713897705,2.2200000286102295,2.2799999713897705,3962433,0.0,0.0
2022-02-21 00:00:00+03:00,2.2899999618530273,2.309999942779541,2.240000009536743,2.25,2616996,0.0,0.0
2022-02-22 00:00:00+03:00,2.190000057220459,2.2100000381469727,2.1600000858306885,2.190000057220459,3881905,0.0,0.0
2022-02-23 00:00:00+03:00,2.200000047683716,2.2100000381469727,2.140000104904175,2.190000057220459,1837033,0.0,0.0
2022-02-24 00:00:00+03:00,2.0,2.0899999141693115,1.9800000190734863,1.9800000190734863,3369483,0.0,0.0
2022-02-25 00:00:00+03:00,1.9900000095367432,2.1500000953674316,1.9500000476837158,2.1500000953674316,5291036,0.0,0.0
2022-02-28 00:00:00+03:00,2.0999999046325684,2.1500000953674316,2.059999942779541,2.0899999141693115,2186516,0.0,0.0
2022-03-01 00:00:00+03:00,2.109999895095825,2.1600000858306885,2.0899999141693115,2.119999885559082,2551424,0.0,0.0
2022-03-02 00:00:00+03:00,2.119999885559082,2.1500000953674316,2.0799999237060547,2.0999999046325684,2881075,0.0,0.0
2022-03-03 00:00:00+03:00,2.0999999046325684,2.2100000381469727,2.0999999046325684,2.1700000762939453,3680305,0.0,0.0
2022-03-04 00:00:00+03:00,2.1700000762939453,2.200000047683716,2.119999885559082,2.1700000762939453,2469174,0.0,0.0
2022-03-07 00:00:00+03:00,2.1500000953674316,2.259999990463257,2.109999895095825,2.1500000953674316,3968795,0.0,0.0
2022-03-08 00:00:00+03:00,2.1600000858306885,2.2300000190734863,2.1500000953674316,2.190000057220459,3181878,0.0,0.0
2022-03-09 00:00:00+03:00,2.2100000381469727,2.2799999713897705,2.190000057220459,2.25,4127903,0.0,0.0
2022-03-10 00:00:00+03:00,2.2699999809265137,2.2799999713897705,2.180000066757202,2.200000047683716,3344244,0.0,0.0
2022-03-11 00:00:00+03:00,2.200000047683716,2.2300000190734863,2.1700000762939453,2.2200000286102295,2374531,0.0,0.0
2022-03-14 00:00:00+03:00,2.200000047683716,2.2100000381469727,2.1600000858306885,2.1700000762939453,3190315,0.0,0.0
2022-03-15 00:00:00+03:00,2.180000066757202,2.2300000190734863,2.1600000858306885,2.2100000381469727,3604152,0.0,0.0
2022-03-16 00:00:00+03:00,2.2200000286102295,2.25,2.1700000762939453,2.1700000762939453,2637950,0.0,0.0
2022-03-17 00:00:00+03:00,2.190000057220459,2.2100000381469727,2.180000066757202,2.190000057220459,1722001,0.0,0.0
2022-03-18 00:00:00+03:00,2.190000057220459,2.2699999809265137,2.190000057220459,2.25,3963831,0.0,0.0
2022-03-21 00:00:00+03:00,2.259999990463257,2.3299999237060547,2.240000009536743,2.309999942779541,4708376,0.0,0.0
2022-03-22 00:00:00+03:00,2.309999942779541,2.369999885559082,2.309999942779541,2.3499999046325684,5076263,0.0,0.0
2022-03-23 00:00:00+03:00,2.3499999046325684,2.3499999046325684,2.2699999809265137,2.2799999713897705,2820526,0.0,0.0
2022-03-24 00:00:00+03:00,2.2899999618530273,2.309999942779541,2.2699999809265137,2.2899999618530273,2855183,0.0,0.0
2022-03-25 00:00:00+03:00,2.299999952316284,2.4200000762939453,2.2799999713897705,2.4200000762939453,6826027,0.0,0.0
2022-03-28 00:00:00+03:00,2.4600000381469727,2.490000009536743,2.369999885559082,2.369999885559082,5838107,0.0,0.0
2022-03-29 00:00:00+03:00,2.390000104904175,2.430000066757202,2.369999885559082,2.380000114440918,3186290,0.0,0.0
2022-03-30 00:00:00+03:00,2.4000000953674316,2.4000000953674316,2.3499999046325684,2.3499999046325684,2530029,0.0,0.0
2022-03-31 00:00:00+03:00,2.359999895095825,2.390000104904175,2.319999933242798,2.319999933242798,2665881,0.0,0.0
2022-04-01 00:00:00+03:00,2.3299999237060547,2.3499999046325684,2.299999952316284,2.3499999046325684,2232038,0.0,0.0
2022-04-04 00:00:00+03:00,2.369999885559082,2.4000000953674316,2.3399999141693115,2.359999895095825,3482555,0.0,0.0
2022-04-05 00:00:00+03:00,2.359999895095825,2.359999895095825,2.319999933242798,2.3299999237060547,2180059,0.0,0.0
2022-04-06 00:00:00+03:00,2.3399999141693115,2.3399999141693115,2.2300000190734863,2.240000009536743,4359259,0.0,0.0
2022-04-07 00:00:00+03:00,2.25,2.299999952316284,2.2200000286102295,2.2799999713897705,5136022,0.0,0.0
2022-04-08 00:00:00+03:00,2.2799999713897705,2.309999942779541,2.259999990463257,2.2699999809265137,3806177,0.0,0.0
2022-04-11 00:00:00+03:00,2.2699999809265137,2.359999895095825,2.25,2.3499999046325684,6152181,0.0,0.0
2022-04-12 00:00:00+03:00,2.3499999046325684,2.4000000953674316,2.309999942779541,2.380000114440918,5081928,0.0,0.0
2022-04-13 00:00:00+03:00,2.390000104904175,2.430000066757202,2.3399999141693115,2.369999885559082,5501081,0.0,0.0
2022-04-14 00:00:00+03:00,2.369999885559082,2.450000047683716,2.369999885559082,2.4000000953674316,6072249,0.0,0.0
2022-04-15 00:00:00+03:00,2.4100000858306885,2.4100000858306885,2.3499999046325684,2.390000104904175,2862822,0.0,0.0
2022-04-18 00:00:00+03:00,2.4000000953674316,2.4600000381469727,2.380000114440918,2.4200000762939453,4424985,0.0,0.0
2022-04-19 00:00:00+03:00,2.430000066757202,2.4600000381469727,2.3499999046325684,2.390000104904175,4549501,0.0,0.0
2022-04-20 00:00:00+03:00,2.390000104904175,2.390000104904175,2.3499999046325684,2.380000114440918,2647503,0.0,0.0
2022-04-21 00:00:00+03:00,2.369999885559082,2.4100000858306885,2.369999885559082,2.380000114440918,2728360,0.0,0.0
2022-04-22 00:00:00+03:00,2.380000114440918,2.390000104904175,2.2799999713897705,2.299999952316284,3832038,0.0,0.0
2022-04-25 00:00:00+03:00,2.299999952316284,2.309999942779541,2.2300000190734863,2.259999990463257,2568673,0.0,0.0
2022-04-26 00:00:00+03:00,2.2699999809265137,2.2899999618530273,2.1600000858306885,2.190000057220459,3061335,0.0,0.0
2022-04-27 00:00:00+03:00,2.190000057220459,2.200000047683716,2.140000104904175,2.1700000762939453,1568937,0.0,0.0
2022-04-28 00:00:00+03:00,2.180000066757202,2.2200000286102295,2.180000066757202,2.200000047683716,1350878,0.0,0.0
2022-04-29 00:00:00+03:00,2.2200000286102295,2.309999942779541,2.200000047683716,2.309999942779541,5223044,0.0,0.0
2022-05-05 00:00:00+03:00,2.3399999141693115,2.359999895095825,2.2899999618530273,2.299999952316284,4990028,0.0,0.0
2022-05-06 00:00:00+03:00,2.299999952316284,2.359999895095825,2.2899999618530273,2.3399999141693115,3759620,0.0,0.0
2022-05-09 00:00:00+03:00,2.3499999046325684,2.390000104904175,2.3399999141693115,2.359999895095825,2579808,0.0,0.0
2022-05-10 00:00:00+03:00,2.369999885559082,2.380000114440918,2.359999895095825,2.359999895095825,208359,0.0,0.0
2022-05-11 00:00:00+03:00,2.3399999141693115,2.3399999141693115,2.2300000190734863,2.259999990463257,2681674,0.0,0.0
2022-05-12 00:00:00+03:00,2.240000009536743,2.240000009536743,2.1500000953674316,2.1700000762939453,4755977,0.0,0.0
2022-05-13 00:00:00+03:00,2.180000066757202,2.299999952316284,2.180000066757202,2.299999952316284,3832245,0.0,0.0
2022-05-16 00:00:00+03:00,2.299999952316284,2.299999952316284,2.190000057220459,2.200000047683716,3966293,0.0,0.0
2022-05-17 00:00:00+03:00,2.2100000381469727,2.2200000286102295,2.190000057220459,2.200000047683716,1800815,0.0,0.0
2022-05-18 00:00:00+03:00,2.2100000381469727,2.2300000190734863,2.200000047683716,2.200000047683716,1975688,0.0,0.0
2022-05-20 00:00:00+03:00,2.190000057220459,2.2100000381469727,2.1600000858306885,2.1700000762939453,2451101,0.0,0.0
2022-05-23 00:00:00+03:00,2.180000066757202,2.200000047683716,2.1500000953674316,2.1700000762939453,2029357,0.0,0.0
2022-05-24 00:00:00+03:00,2.1700000762939453,2.2699999809265137,2.1600000858306885,2.2200000286102295,6310316,0.0,0.0
2022-05-25 00:00:00+03:00,2.2200000286102295,2.2899999618530273,2.200000047683716,2.2200000286102295,7024615,0.0,0.0
2022-05-26 00:00:00+03:00,2.2300000190734863,2.25,2.200000047683716,2.2300000190734863,2845389,0.0,0.0
2022-05-27 00:00:00+03:00,2.2300000190734863,2.240000009536743,2.180000066757202,2.190000057220459,2132500,0.0,0.0
2022-05-30 00:00:00+03:00,2.200000047683716,2.2200000286102295,2.190000057220459,2.2100000381469727,2320110,0.0,0.0
2022-05-31 00:00:00+03:00,2.2200000286102295,2.2200000286102295,2.190000057220459,2.2100000381469727,2037739,0.0,0.0
2022-06-01 00:00:00+03:00,2.2200000286102295,2.2300000190734863,2.200000047683716,2.2100000381469727,2488874,0.0,0.0
2022-06-02 00:00:00+03:00,2.2100000381469727,2.2699999809265137,2.200000047683716,2.2300000190734863,5279727,0.0,0.0
2022-06-03 00:00:00+03:00,2.240000009536743,2.2699999809265137,2.2200000286102295,2.25,3430878,0.0,0.0
2022-06-06 00:00:00+03:00,2.259999990463257,2.319999933242798,2.25,2.309999942779541,5758636,0.0,0.0
2022-06-07 00:00:00+03:00,2.319999933242798,2.3399999141693115,2.2699999809265137,2.319999933242798,5130563,0.0,0.0
2022-06-08 00:00:00+03:00,2.3399999141693115,2.4200000762939453,2.2300000190734863,2.240000009536743,12916415,0.0,0.0
2022-06-09 00:00:00+03:00,2.25,2.369999885559082,2.2300000190734863,2.369999885559082,8071934,0.0,0.0
2022-06-10 00:00:00+03:00,2.3499999046325684,2.430000066757202,2.3299999237060547,2.359999895095825,6843398,0.0,0.0
2022-06-13 00:00:00+03:00,2.380000114440918,2.4000000953674316,2.309999942779541,2.319999933242798,4396765,0.0,0.0
2022-06-14 00:00:00+03:00,2.3399999141693115,2.380000114440918,2.2699999809265137,2.3499999046325684,4409045,0.0,0.0
2022-06-15 00:00:00+03:00,2.359999895095825,2.359999895095825,2.319999933242798,2.319999933242798,2414243,0.0,0.0
2022-06-16 00:00:00+03:00,2.3299999237060547,2.3399999141693115,2.240000009536743,2.259999990463257,2614491,0.0,0.0
2022-06-17 00:00:00+03:00,2.2699999809265137,2.299999952316284,2.25,2.2699999809265137,2522704,0.0,0.0
2022-06-20 00:00:00+03:00,2.2799999713897705,2.319999933242798,2.2799999713897705,2.2899999618530273,1733460,0.0,0.0
2022-06-21 00:00:00+03:00,2.299999952316284,2.3299999237060547,2.2899999618530273,2.309999942779541,2054654,0.0,0.0
2022-06-22 00:00:00+03:00,2.309999942779541,2.309999942779541,2.259999990463257,2.2799999713897705,2088374,0.0,0.0
2022-06-23 00:00:00+03:00,2.2699999809265137,2.2899999618530273,2.240000009536743,2.2699999809265137,2500961,0.0,0.0
2022-06-24 00:00:00+03:00,2.2699999809265137,2.299999952316284,2.25,2.2799999713897705,1613001,0.0,0.0
2022-06-27 00:00:00+03:00,2.240000009536743,2.240000009536743,2.240000009536743,2.240000009536743,8866,0.0,0.0
2022-06-28 00:00:00+03:00,2.259999990463257,2.2899999618530273,2.25,2.259999990463257,3806326,0.0,0.0
2022-06-29 00:00:00+03:00,2.259999990463257,2.3399999141693115,2.25,2.2799999713897705,8616643,0.0,0.0
2022-06-30 00:00:00+03:00,2.2899999618530273,2.2899999618530273,2.1500000953674316,2.190000057220459,4878881,0.0,0.0
2022-07-01 00:00:00+03:00,2.190000057220459,2.2300000190734863,2.190000057220459,2.2100000381469727,1607304,0.0,0.0
2022-07-04 00:00:00+03:00,2.2200000286102295,2.240000009536743,2.180000066757202,2.200000047683716,2135779,0.0,0.0
2022-07-05 00:00:00+03:00,2.200000047683716,2.240000009536743,2.1700000762939453,2.2100000381469727,2607554,0.0,0.0
2022-07-06 00:00:00+03:00,2.2200000286102295,2.240000009536743,2.180000066757202,2.240000009536743,3823875,0.0,0.0
2022-07-07 00:00:00+03:00,2.240000009536743,2.3299999237060547,2.2200000286102295,2.309999942779541,5512164,0.0,0.0
2022-07-08 00:00:00+03:00,2.3299999237060547,2.3399999141693115,2.2699999809265137,2.2799999713897705,991795,0.0,0.0
2022-07-13 00:00:00+03:00,2.2799999713897705,2.299999952316284,2.259999990463257,2.2899999618530273,2330271,0.0,0.0
2022-07-14 00:00:00+03:00,2.2899999618530273,2.319999933242798,2.25,2.259999990463257,3483406,0.0,0.0
2022-07-18 00:00:00+03:00,2.2699999809265137,2.2799999713897705,2.240000009536743,2.25,2219906,0.0,0.0
2022-07-19 00:00:00+03:00,2.25,2.309999942779541,2.240000009536743,2.299999952316284,4119236,0.0,0.0
2022-07-20 00:00:00+03:00,2.309999942779541,2.319999933242798,2.2699999809265137,2.2899999618530273,2792819,0.0,0.0
2022-07-21 00:00:00+03:00,2.2899999618530273,2.2899999618530273,2.259999990463257,2.2699999809265137,2377293,0.0,0.0
2022-07-22 00:00:00+03:00,2.2699999809265137,2.309999942779541,2.259999990463257,2.2799999713897705,5292371,0.0,0.0
2022-07-25 00:00:00+03:00,2.2899999618530273,2.299999952316284,2.259999990463257,2.2699999809265137,3425627,0.0,0.0
2022-07-26 00:00:00+03:00,2.2799999713897705,2.2899999618530273,2.259999990463257,2.2699999809265137,2439472,0.0,0.0
2022-07-27 00:00:00+03:00,2.2699999809265137,2.2799999713897705,2.259999990463257,2.2699999809265137,1694335,0.0,0.0
2022-07-28 00:00:00+03:00,2.2699999809265137,2.369999885559082,2.2699999809265137,2.3499999046325684,9300249,0.0,0.0
2022-07-29 00:00:00+03:00,2.359999895095825,2.4100000858306885,2.319999933242798,2.4100000858306885,9762703,0.0,0.0
2022-08-01 00:00:00+03:00,2.4200000762939453,2.490000009536743,2.4200000762939453,2.450000047683716,8064067,0.0,0.0
2022-08-02 00:00:00+03:00,2.4600000381469727,2.490000009536743,2.380000114440918,2.4200000762939453,7232546,0.0,0.0
2022-08-03 00:00:00+03:00,2.430000066757202,2.509999990463257,2.4200000762939453,2.4800000190734863,7500307,0.0,0.0
2022-08-04 00:00:00+03:00,2.490000009536743,2.509999990463257,2.430000066757202,2.4600000381469727,3759254,0.0,0.0
2022-08-05 00:00:00+03:00,2.4600000381469727,2.490000009536743,2.4100000858306885,2.4600000381469727,5380417,0.0,0.0
2022-08-08 00:00:00+03:00,2.4700000286102295,2.5399999618530273,2.4600000381469727,2.5299999713897705,5385511,0.0,0.0
2022-08-09 00:00:00+03:00,2.5399999618530273,2.5399999618530273,2.440000057220459,2.4700000286102295,3886611,0.0,0.0
2022-08-10 00:00:00+03:00,2.4700000286102295,2.5299999713897705,2.440000057220459,2.509999990463257,4757949,0.0,0.0
2022-08-11 00:00:00+03:00,2.5199999809265137,2.630000114440918,2.5199999809265137,2.5799999237060547,7464365,0.0,0.0
2022-08-12 00:00:00+03:00,2.5899999141693115,2.6700000762939453,2.549999952316284,2.630000114440918,5940007,0.0,0.0
2022-08-15 00:00:00+03:00,2.6500000953674316,2.7899999618530273,2.6500000953674316,2.759999990463257,10252269,0.0,0.0
2022-08-16 00:00:00+03:00,2.7699999809265137,2.9100000858306885,2.6700000762939453,2.7899999618530273,14937987,0.0,0.0
2022-08-17 00:00:00+03:00,2.799999952316284,2.8299999237060547,2.7300000190734863,2.75,5056016,0.0,0.0
2022-08-18 00:00:00+03:00,2.690000057220459,2.690000057220459,2.559999942779541,2.6700000762939453,10243566,0.0,0.0
2022-08-19 00:00:00+03:00,2.6700000762939453,2.690000057220459,2.5799999237060547,2.680000066757202,5860708,0.0,0.0
2022-08-22 00:00:00+03:00,2.700000047683716,2.8299999237060547,2.680000066757202,2.8299999237060547,8835206,0.0,0.0
2022-08-23 00:00:00+03:00,2.8399999141693115,2.9700000286102295,2.799999952316284,2.950000047683716,12563234,0.0,0.0
2022-08-24 00:00:00+03:00,2.9600000381469727,3.2300000190734863,2.859999895095825,3.1600000858306885,27396853,0.0,0.0
2022-08-25 00:00:00+03:00,3.1700000762939453,3.380000114440918,3.1600000858306885,3.299999952316284,14008262,0.0,0.0
2022-08-26 00:00:00+03:00,3.319999933242798,3.440000057220459,3.190000057220459,3.430000066757202,14139405,0.0,0.0
2022-08-29 00:00:00+03:00,3.430000066757202,3.450000047683716,3.0899999141693115,3.0899999141693115,15712040,0.0,0.0
2022-08-31 00:00:00+03:00,3.0799999237060547,3.140000104904175,3.009999990463257,3.0799999237060547,8207241,0.0,0.0
2022-09-01 00:00:00+03:00,3.0799999237060547,3.0899999141693115,2.9700000286102295,2.990000009536743,5039997,0.0,0.0
2022-09-02 00:00:00+03:00,2.990000009536743,3.180000066757202,2.9700000286102295,3.049999952316284,14486450,0.0,0.0
2022-09-05 00:00:00+03:00,3.049999952316284,3.119999885559082,3.0199999809265137,3.0299999713897705,8038548,0.0,0.0
2022-09-06 00:00:00+03:00,3.0399999618530273,3.049999952316284,2.890000104904175,3.0299999713897705,7238304,0.0,0.0
2022-09-07 00:00:00+03:00,3.0399999618530273,3.140000104904175,2.9800000190734863,3.0799999237060547,8637945,0.0,0.0
2022-09-08 00:00:00+03:00,3.0999999046325684,3.1500000953674316,3.0399999618530273,3.0799999237060547,8841170,0.0,0.0
2022-09-09 00:00:00+03:00,3.0999999046325684,3.1700000762939453,3.0399999618530273,3.0899999141693115,7391185,0.0,0.0
2022-09-12 00:00:00+03:00,3.109999895095825,3.319999933242798,3.0999999046325684,3.2799999713897705,10902611,0.0,0.0
2022-09-13 00:00:00+03:00,3.2899999618530273,3.3499999046325684,3.140000104904175,3.180000066757202,12046602,0.0,0.0
2022-09-14 00:00:00+03:00,3.180000066757202,3.359999895095825,3.0799999237060547,3.359999895095825,10289821,0.0,0.0
2022-09-15 00:00:00+03:00,3.569999933242798,3.690000057220459,3.559999942779541,3.690000057220459,7258125,0.0,0.0
2022-09-16 00:00:00+03:00,3.809999942779541,3.9000000953674316,3.4600000381469727,3.759999990463257,17940218,0.0,0.0
2022-09-19 00:00:00+03:00,3.799999952316284,3.859999895095825,3.5299999713897705,3.5299999713897705,7391869,0.0,0.0
2022-09-20 00:00:00+03:00,3.5399999618530273,3.7100000381469727,3.4800000190734863,3.6600000858306885,8505047,0.0,0.0
2022-09-21 00:00:00+03:00,3.5999999046325684,3.6700000762939453,3.5199999809265137,3.5999999046325684,5838631,0.0,0.0
2022-09-22 00:00:00+03:00,3.5899999141693115,3.7899999618530273,3.5399999618530273,3.75,8295106,0.0,0.0
2022-09-23 00:00:00+03:00,3.759999990463257,3.799999952316284,3.640000104904175,3.700000047683716,4923705,0.0,0.0
2022-09-26 00:00:00+03:00,3.700000047683716,3.890000104904175,3.619999885559082,3.8399999141693115,10111291,0.0,0.0
2022-09-27 00:00:00+03:00,3.8499999046325684,3.859999895095825,3.690000057220459,3.700000047683716,4236572,0.0,0.0
2022-09-28 00:00:00+03:00,3.7100000381469727,3.7799999713897705,3.5999999046325684,3.5999999046325684,7720810,0.0,0.0
2022-09-29 00:00:00+03:00,3.609999895095825,3.6600000858306885,3.4100000858306885,3.5,4004463,0.0,0.0
2022-09-30 00:00:00+03:00,3.5199999809265137,3.7300000190734863,3.5,3.680000066757202,6543376,0.0,0.0
2022-10-03 00:00:00+03:00,3.700000047683716,3.7200000286102295,3.619999885559082,3.640000104904175,3817223,0.0,0.0
2022-10-04 00:00:00+03:00,3.6500000953674316,3.6700000762939453,3.549999952316284,3.5799999237060547,3961967,0.0,0.0
2022-10-05 00:00:00+03:00,3.5799999237060547,3.7300000190734863,3.5399999618530273,3.6600000858306885,5978111,0.0,0.0
2022-10-06 00:00:00+03:00,3.680000066757202,3.859999895095825,3.6700000762939453,3.75,6388196,0.0,0.0
2022-10-07 00:00:00+03:00,3.759999990463257,4.03000020980835,3.690000057220459,3.9800000190734863,8756628,0.0,0.0
2022-10-10 00:00:00+03:00,4.0,4.210000038146973,3.990000009536743,4.119999885559082,7016300,0.0,0.0
2022-10-11 00:00:00+03:00,4.130000114440918,4.150000095367432,4.0,4.050000190734863,3871138,0.0,0.0
2022-10-12 00:00:00+03:00,4.090000152587891,4.099999904632568,3.880000114440918,4.0,4853694,0.0,0.0
2022-10-13 00:00:00+03:00,4.010000228881836,4.03000020980835,3.9100000858306885,3.990000009536743,2765205,0.0,0.0
2022-10-14 00:00:00+03:00,4.0,4.119999885559082,3.950000047683716,4.010000228881836,4210864,0.0,0.0
2022-10-17 00:00:00+03:00,4.010000228881836,4.170000076293945,3.950000047683716,4.139999866485596,7759588,0.0,0.0
2022-10-18 00:00:00+03:00,4.139999866485596,4.159999847412109,4.010000228881836,4.039999961853027,5528886,0.0,0.0
2022-10-19 00:00:00+03:00,4.039999961853027,4.170000076293945,4.039999961853027,4.050000190734863,6407866,0.0,0.0
2022-10-20 00:00:00+03:00,4.059999942779541,4.269999980926514,4.050000190734863,4.239999771118164,7723473,0.0,0.0
2022-10-21 00:00:00+03:00,4.25,4.400000095367432,4.179999828338623,4.260000228881836,6675817,0.0,0.0
2022-10-24 00:00:00+03:00,4.28000020980835,4.360000133514404,4.119999885559082,4.119999885559082,4743947,0.0,0.0
2022-10-25 00:00:00+03:00,4.119999885559082,4.190000057220459,3.9600000381469727,3.9800000190734863,5147857,0.0,0.0
2022-10-26 00:00:00+03:00,4.0,4.079999923706055,3.9800000190734863,4.039999961853027,3122675,0.0,0.0
2022-10-27 00:00:00+03:00,4.050000190734863,4.190000057220459,4.019999980926514,4.130000114440918,5276196,0.0,0.0
2022-10-28 00:00:00+03:00,4.130000114440918,4.159999847412109,4.0,4.0,1936301,0.0,0.0
2022-10-31 00:00:00+03:00,4.019999980926514,4.039999961853027,3.8499999046325684,3.9000000953674316,6495686,0.0,0.0
2022-11-01 00:00:00+03:00,3.9000000953674316,3.950000047683716,3.8299999237060547,3.8499999046325684,4735592,0.0,0.0
2022-11-02 00:00:00+03:00,3.8499999046325684,3.950000047683716,3.819999933242798,3.940000057220459,4737192,0.0,0.0
2022-11-03 00:00:00+03:00,3.9600000381469727,4.0,3.9100000858306885,3.990000009536743,3645237,0.0,0.0
2022-11-04 00:00:00+03:00,4.0,4.010000228881836,3.9200000762939453,3.940000057220459,6654556,0.0,0.0
2022-11-07 00:00:00+03:00,3.9600000381469727,3.9700000286102295,3.869999885559082,3.9000000953674316,5468751,0.0,0.0
2022-11-08 00:00:00+03:00,3.9100000858306885,3.9800000190734863,3.8499999046325684,3.859999895095825,4609825,0.0,0.0
2022-11-09 00:00:00+03:00,3.8399999141693115,3.950000047683716,3.819999933242798,3.8499999046325684,4560708,0.0,0.0
2022-11-10 00:00:00+03:00,3.680000066757202,3.690000057220459,3.5,3.559999942779541,10574543,0.0,0.0
2022-11-11 00:00:00+03:00,3.569999933242798,3.630000114440918,3.5199999809265137,3.569999933242798,5150759,0.0,0.0
2022-11-14 00:00:00+03:00,3.569999933242798,3.75,3.559999942779541,3.740000009536743,6049892,0.0,0.0
2022-11-15 00:00:00+03:00,3.740000009536743,3.7699999809265137,3.640000104904175,3.7200000286102295,4268843,0.0,0.0
2022-11-16 00:00:00+03:00,3.7200000286102295,3.7200000286102295,3.5899999141693115,3.6500000953674316,4672542,0.0,0.0
2022-11-17 00:00:00+03:00,3.6500000953674316,3.6600000858306885,3.4700000286102295,3.5399999618530273,4158135,0.0,0.0
2022-11-18 00:00:00+03:00,3.559999942779541,3.7300000190734863,3.5199999809265137,3.6700000762939453,12691608,0.0,0.0
2022-11-21 00:00:00+03:00,3.700000047683716,3.809999942779541,3.680000066757202,3.7699999809265137,18277733,0.0,0.0
2022-11-22 00:00:00+03:00,3.7899999618530273,4.059999942779541,3.7300000190734863,4.03000020980835,26311236,0.0,0.0
2022-11-23 00:00:00+03:00,4.059999942779541,4.190000057220459,4.019999980926514,4.039999961853027,16364394,0.0,0.0
2022-11-24 00:00:00+03:00,4.050000190734863,4.199999809265137,3.9600000381469727,4.150000095367432,24336115,0.0,0.0
2022-11-25 00:00:00+03:00,4.159999847412109,4.300000190734863,4.059999942779541,4.210000038146973,19095061,0.0,0.0
2022-11-28 00:00:00+03:00,4.239999771118164,4.460000038146973,4.230000019073486,4.300000190734863,18017989,0.0,0.0
2022-11-29 00:00:00+03:00,4.329999923706055,4.389999866485596,4.159999847412109,4.25,10813694,0.0,0.0
2022-11-30 00:00:00+03:00,4.260000228881836,4.679999828338623,4.21999979019165,4.679999828338623,27258421,0.0,0.0
2022-12-01 00:00:00+03:00,4.78000020980835,5.050000190734863,4.550000190734863,4.630000114440918,25626905,0.0,0.0
2022-12-02 00:00:00+03:00,4.619999885559082,4.840000152587891,4.539999961853027,4.599999904632568,20434622,0.0,0.0
2022-12-05 00:00:00+03:00,4.630000114440918,4.820000171661377,4.5,4.75,12865239,0.0,0.0
2022-12-06 00:00:00+03:00,4.760000228881836,4.789999961853027,4.53000020980835,4.590000152587891,8215219,0.0,0.0
2022-12-07 00:00:00+03:00,4.599999904632568,4.630000114440918,4.369999885559082,4.420000076293945,6271976,0.0,0.0
2022-12-08 00:00:00+03:00,4.420000076293945,4.420000076293945,4.199999809265137,4.369999885559082,6691354,0.0,0.0
2022-12-09 00:00:00+03:00,4.380000114440918,4.670000076293945,4.340000152587891,4.480000019073486,17381948,0.0,0.0
2022-12-12 00:00:00+03:00,4.5,4.659999847412109,4.5,4.599999904632568,15139924,0.0,0.0
2022-12-13 00:00:00+03:00,4.590000152587891,4.679999828338623,4.449999809265137,4.480000019073486,28494716,0.0,0.0
2022-12-14 00:00:00+03:00,4.5,4.550000190734863,4.340000152587891,4.440000057220459,19168406,0.0,0.0
2022-12-15 00:00:00+03:00,4.440000057220459,4.519999980926514,4.320000171661377,4.480000019073486,12219858,0.0,0.0
2022-12-16 00:00:00+03:00,4.480000019073486,4.5,4.420000076293945,4.429999828338623,1916217,0.0,0.0
2022-12-19 00:00:00+03:00,4.449999809265137,4.46999979019165,4.349999904632568,4.400000095367432,10018919,0.0,0.0
2022-12-20 00:00:00+03:00,4.409999847412109,4.559999942779541,4.329999923706055,4.53000020980835,19327830,0.0,0.0
2022-12-21 00:00:00+03:00,4.550000190734863,4.699999809265137,4.519999980926514,4.579999923706055,14650047,0.0,0.0
2022-12-22 00:00:00+03:00,4.610000133514404,4.610000133514404,4.409999847412109,4.489999771118164,8056530,0.0,0.0
2022-12-23 00:00:00+03:00,4.489999771118164,4.519999980926514,4.429999828338623,4.5,5662456,0.0,0.0
2022-12-26 00:00:00+03:00,4.510000228881836,4.730000019073486,4.480000019073486,4.679999828338623,15452099,0.0,0.0
2022-12-27 00:00:00+03:00,4.699999809265137,4.710000038146973,4.369999885559082,4.400000095367432,10262040,0.0,0.0
2022-12-28 00:00:00+03:00,4.409999847412109,4.409999847412109,4.190000057220459,4.309999942779541,7378275,0.0,0.0
2022-12-29 00:00:00+03:00,4.340000152587891,4.429999828338623,4.269999980926514,4.429999828338623,4232571,0.0,0.0
2022-12-30 00:00:00+03:00,4.449999809265137,4.489999771118164,4.360000133514404,4.440000057220459,5800066,0.0,0.0
2023-01-02 00:00:00+03:00,4.440000057220459,4.460000038146973,4.349999904632568,4.360000133514404,6334653,0.0,0.0
2023-01-03 00:00:00+03:00,4.360000133514404,4.380000114440918,4.159999847412109,4.170000076293945,5061275,0.0,0.0
2023-01-04 00:00:00+03:00,4.170000076293945,4.269999980926514,4.039999961853027,4.110000133514404,6064149,0.0,0.0
2023-01-05 00:00:00+03:00,4.119999885559082,4.139999866485596,3.809999942779541,3.9100000858306885,4136853,0.0,0.0
2023-01-06 00:00:00+03:00,3.740000009536743,3.869999885559082,3.559999942779541,3.859999895095825,6561551,0.0,0.0
2023-01-09 00:00:00+03:00,3.880000114440918,3.890000104904175,3.640000104904175,3.6600000858306885,5673988,0.0,0.0
2023-01-10 00:00:00+03:00,3.6700000762939453,3.7100000381469727,3.559999942779541,3.619999885559082,5129433,0.0,0.0
2023-01-11 00:00:00+03:00,3.630000114440918,3.6500000953674316,3.3299999237060547,3.369999885559082,5872155,0.0,0.0
2023-01-12 00:00:00+03:00,3.390000104904175,3.5,3.2300000190734863,3.450000047683716,7923293,0.0,0.0
2023-01-13 00:00:00+03:00,3.450000047683716,3.5399999618530273,3.380000114440918,3.5399999618530273,4629389,0.0,0.0
2023-01-16 00:00:00+03:00,3.559999942779541,3.6500000953674316,3.4600000381469727,3.6500000953674316,4759126,0.0,0.0
2023-01-17 00:00:00+03:00,3.6600000858306885,3.740000009536743,3.5899999141693115,3.7300000190734863,4907519,0.0,0.0
2023-01-18 00:00:00+03:00,3.75,3.7799999713897705,3.680000066757202,3.75,4978260,0.0,0.0
2023-01-19 00:00:00+03:00,3.759999990463257,3.759999990463257,3.6500000953674316,3.7100000381469727,4131846,0.0,0.0
2023-01-20 00:00:00+03:00,3.7100000381469727,3.8499999046325684,3.680000066757202,3.8499999046325684,8379364,0.0,0.0
2023-01-23 00:00:00+03:00,3.859999895095825,3.9100000858306885,3.700000047683716,3.799999952316284,7176590,0.0,0.0
2023-01-24 00:00:00+03:00,3.799999952316284,3.799999952316284,3.619999885559082,3.680000066757202,3654911,0.0,0.0
2023-01-25 00:00:00+03:00,3.690000057220459,3.7100000381469727,3.509999990463257,3.700000047683716,5186456,0.0,0.0
2023-01-26 00:00:00+03:00,3.690000057220459,3.7100000381469727,3.5999999046325684,3.700000047683716,2567323,0.0,0.0
2023-01-27 00:00:00+03:00,3.7100000381469727,3.740000009536743,3.5999999046325684,3.740000009536743,6416430,0.0,0.0
2023-01-30 00:00:00+03:00,3.759999990463257,3.7899999618530273,3.640000104904175,3.7699999809265137,3365956,0.0,0.0
2023-01-31 00:00:00+03:00,3.759999990463257,3.7899999618530273,3.619999885559082,3.7899999618530273,4801173,0.0,0.0
2023-02-01 00:00:00+03:00,3.7799999713897705,3.7899999618530273,3.5,3.5999999046325684,4004887,0.0,0.0
2023-02-02 00:00:00+03:00,3.5999999046325684,3.630000114440918,3.380000114440918,3.5899999141693115,5619401,0.0,0.0
2023-02-03 00:00:00+03:00,3.5899999141693115,3.799999952316284,3.5399999618530273,3.75,4599498,0.0,0.0
2023-02-06 00:00:00+03:00,3.6500000953674316,3.7799999713897705,3.5899999141693115,3.759999990463257,1318113,0.0,0.0
2023-02-07 00:00:00+03:00,3.759999990463257,3.759999990463257,3.5,3.619999885559082,3755931,0.0,0.0
2023-02-08 00:00:00+03:00,3.259999990463257,3.259999990463257,3.259999990463257,3.259999990463257,1000,0.0,0.0
2023-02-15 00:00:00+03:00,3.440000057220459,3.869999885559082,3.4000000953674316,3.8499999046325684,8311800,0.0,0.0
2023-02-16 00:00:00+03:00,3.8499999046325684,3.930000066757202,3.559999942779541,3.5999999046325684,5931315,0.0,0.0
2023-02-17 00:00:00+03:00,3.569999933242798,3.619999885559082,3.440000057220459,3.619999885559082,2305559,0.0,0.0
2023-02-20 00:00:00+03:00,3.640000104904175,3.680000066757202,3.5199999809265137,3.6700000762939453,3637936,0.0,0.0
2023-02-21 00:00:00+03:00,3.6700000762939453,3.799999952316284,3.619999885559082,3.690000057220459,5782031,0.0,0.0
2023-02-22 00:00:00+03:00,3.680000066757202,3.740000009536743,3.619999885559082,3.7100000381469727,2625840,0.0,0.0
2023-02-23 00:00:00+03:00,3.7100000381469727,3.799999952316284,3.640000104904175,3.6500000953674316,8694592,0.0,0.0
2023-02-24 00:00:00+03:00,3.6500000953674316,3.759999990463257,3.609999895095825,3.759999990463257,3402937,0.0,0.0
2023-02-27 00:00:00+03:00,3.7200000286102295,3.8299999237060547,3.680000066757202,3.8299999237060547,7033602,0.0,0.0
2023-02-28 00:00:00+03:00,3.819999933242798,3.9800000190734863,3.7699999809265137,3.809999942779541,14827632,0.0,0.0
2023-03-01 00:00:00+03:00,3.8299999237060547,3.9000000953674316,3.740000009536743,3.799999952316284,5923082,0.0,0.0
2023-03-02 00:00:00+03:00,3.799999952316284,4.010000228881836,3.759999990463257,3.9600000381469727,22702763,0.0,0.0
2023-03-03 00:00:00+03:00,3.940000057220459,4.050000190734863,3.75,3.8299999237060547,17545905,0.0,0.0
2023-03-06 00:00:00+03:00,3.8299999237060547,3.9100000858306885,3.799999952316284,3.8399999141693115,7022936,0.0,0.0
2023-03-07 00:00:00+03:00,3.8499999046325684,3.880000114440918,3.7799999713897705,3.819999933242798,5755798,0.0,0.0
2023-03-08 00:00:00+03:00,3.819999933242798,4.199999809265137,3.7899999618530273,4.199999809265137,34134164,0.0,0.0
2023-03-09 00:00:00+03:00,4.199999809265137,4.320000171661377,4.039999961853027,4.130000114440918,16225613,0.0,0.0
2023-03-10 00:00:00+03:00,4.119999885559082,4.150000095367432,4.010000228881836,4.119999885559082,7130860,0.0,0.0
2023-03-13 00:00:00+03:00,4.119999885559082,4.28000020980835,4.070000171661377,4.170000076293945,6755695,0.0,0.0
2023-03-14 00:00:00+03:00,4.199999809265137,4.340000152587891,4.139999866485596,4.309999942779541,24356924,0.0,0.0
2023-03-15 00:00:00+03:00,4.320000171661377,4.340000152587891,3.9700000286102295,4.019999980926514,19949161,0.0,0.0
2023-03-16 00:00:00+03:00,4.0,4.420000076293945,3.9600000381469727,4.420000076293945,16408563,0.0,0.0
2023-03-17 00:00:00+03:00,4.550000190734863,4.860000133514404,4.5,4.860000133514404,25379456,0.0,0.0
2023-03-20 00:00:00+03:00,5.340000152587891,5.340000152587891,5.300000190734863,5.340000152587891,5159803,0.0,0.0
2023-03-21 00:00:00+03:00,5.869999885559082,5.869999885559082,5.579999923706055,5.869999885559082,7806554,0.0,0.0
2023-03-22 00:00:00+03:00,6.199999809265137,6.440000057220459,5.519999980926514,5.570000171661377,85824235,0.0,0.0
2023-03-23 00:00:00+03:00,5.539999961853027,5.539999961853027,5.019999980926514,5.019999980926514,47607272,0.0,0.0
2023-03-24 00:00:00+03:00,5.010000228881836,5.519999980926514,5.0,5.519999980926514,18542243,0.0,0.0
2023-03-27 00:00:00+03:00,5.690000057220459,6.039999961853027,5.360000133514404,5.360000133514404,59597733,0.0,0.0
2023-03-28 00:00:00+03:00,5.25,5.25,4.829999923706055,4.900000095367432,31937406,0.0,0.0
2023-03-29 00:00:00+03:00,4.820000171661377,5.179999828338623,4.670000076293945,4.920000076293945,28355796,0.0,0.0
2023-03-30 00:00:00+03:00,4.940000057220459,5.059999942779541,4.849999904632568,4.949999809265137,14655867,0.0,0.0
2023-03-31 00:00:00+03:00,4.929999828338623,4.960000038146973,4.650000095367432,4.960000038146973,14514516,0.0,0.0
2023-04-03 00:00:00+03:00,5.0,5.03000020980835,4.78000020980835,4.880000114440918,9193619,0.0,0.0
2023-04-04 00:00:00+03:00,4.920000076293945,5.0,4.699999809265137,4.909999847412109,20294831,0.0,0.0
2023-04-05 00:00:00+03:00,4.920000076293945,5.150000095367432,4.840000152587891,4.909999847412109,15291163,0.0,0.0
2023-04-06 00:00:00+03:00,4.889999866485596,5.400000095367432,4.849999904632568,5.170000076293945,38160659,0.0,0.0
2023-04-07 00:00:00+03:00,5.190000057220459,5.480000019073486,5.059999942779541,5.119999885559082,19103685,0.0,0.0
2023-04-10 00:00:00+03:00,5.119999885559082,5.269999980926514,4.980000019073486,5.0,31782972,0.0,0.0
2023-04-11 00:00:00+03:00,5.0,5.059999942779541,4.869999885559082,5.010000228881836,19150820,0.0,0.0
2023-04-12 00:00:00+03:00,5.0,5.010000228881836,4.889999866485596,4.909999847412109,11610408,0.0,0.0
2023-04-13 00:00:00+03:00,4.909999847412109,5.039999961853027,4.880000114440918,4.920000076293945,8737734,0.0,0.0
2023-04-14 00:00:00+03:00,4.920000076293945,5.21999979019165,4.860000133514404,4.880000114440918,21633178,0.0,0.0
2023-04-17 00:00:00+03:00,4.900000095367432,5.039999961853027,4.800000190734863,4.869999885559082,20199233,0.0,0.0
2023-04-18 00:00:00+03:00,4.880000114440918,4.949999809265137,4.829999923706055,4.849999904632568,9609304,0.0,0.0
2023-04-19 00:00:00+03:00,4.860000133514404,4.880000114440918,4.730000019073486,4.78000020980835,9370609,0.0,0.0
2023-04-20 00:00:00+03:00,4.789999961853027,4.840000152587891,4.710000038146973,4.829999923706055,2583121,0.0,0.0
2023-04-24 00:00:00+03:00,4.829999923706055,5.019999980926514,4.820000171661377,4.929999828338623,14489403,0.0,0.0
2023-04-25 00:00:00+03:00,4.900000095367432,4.949999809265137,4.710000038146973,4.789999961853027,5403022,0.0,0.0
2023-04-26 00:00:00+03:00,4.809999942779541,4.949999809265137,4.71999979019165,4.849999904632568,15267417,0.0,0.0
2023-04-27 00:00:00+03:00,4.860000133514404,5.059999942779541,4.75,4.829999923706055,19270368,0.0,0.0
2023-04-28 00:00:00+03:00,4.829999923706055,4.929999828338623,4.739999771118164,4.789999961853027,24092855,0.0,0.0
2023-05-02 00:00:00+03:00,4.800000190734863,4.889999866485596,4.559999942779541,4.699999809265137,26478339,0.0,0.0
2023-05-03 00:00:00+03:00,4.739999771118164,4.75,4.329999923706055,4.590000152587891,14875544,0.0,0.0
2023-05-04 00:00:00+03:00,4.590000152587891,4.730000019073486,4.550000190734863,4.619999885559082,11343790,0.0,0.0
2023-05-05 00:00:00+03:00,4.619999885559082,4.639999866485596,4.489999771118164,4.5,5081312,0.0,0.0
2023-05-08 00:00:00+03:00,4.539999961853027,4.639999866485596,4.46999979019165,4.619999885559082,19019354,0.0,0.0
2023-05-09 00:00:00+03:00,4.650000095367432,4.650000095367432,4.360000133514404,4.389999866485596,8572001,0.0,0.0
2023-05-10 00:00:00+03:00,4.349999904632568,4.440000057220459,4.239999771118164,4.389999866485596,4510363,0.0,0.0
2023-05-11 00:00:00+03:00,4.199999809265137,4.489999771118164,4.159999847412109,4.349999904632568,16868544,0.0,0.0
2023-05-12 00:00:00+03:00,4.349999904632568,4.389999866485596,4.010000228881836,4.010000228881836,3616415,0.0,0.0
2023-05-15 00:00:00+03:00,3.940000057220459,4.210000038146973,3.799999952316284,4.070000171661377,5350791,0.0,0.0
2023-05-16 00:00:00+03:00,4.070000171661377,4.21999979019165,4.070000171661377,4.139999866485596,2595912,0.0,0.0
2023-05-17 00:00:00+03:00,4.150000095367432,4.25,4.139999866485596,4.199999809265137,3361620,0.0,0.0
2023-05-18 00:00:00+03:00,4.230000019073486,4.230000019073486,4.130000114440918,4.159999847412109,2562572,0.0,0.0
2023-05-22 00:00:00+03:00,4.179999828338623,4.570000171661377,4.130000114440918,4.199999809265137,16250190,0.0,0.0
2023-05-23 00:00:00+03:00,4.21999979019165,4.349999904632568,4.139999866485596,4.329999923706055,6273036,0.0,0.0
2023-05-24 00:00:00+03:00,4.340000152587891,4.380000114440918,4.170000076293945,4.190000057220459,5035252,0.0,0.0
2023-05-25 00:00:00+03:00,4.190000057220459,4.28000020980835,4.170000076293945,4.21999979019165,2405023,0.0,0.0
2023-05-26 00:00:00+03:00,4.21999979019165,4.420000076293945,4.21999979019165,4.389999866485596,5772053,0.0,0.0
2023-05-29 00:00:00+03:00,4.489999771118164,4.559999942779541,4.380000114440918,4.429999828338623,5381570,0.0,0.0
2023-05-30 00:00:00+03:00,4.440000057220459,4.710000038146973,4.429999828338623,4.559999942779541,8580914,0.0,0.0
2023-05-31 00:00:00+03:00,4.559999942779541,4.590000152587891,4.420000076293945,4.440000057220459,4236995,0.0,0.0
2023-06-01 00:00:00+03:00,4.46999979019165,4.699999809265137,4.460000038146973,4.570000171661377,9027144,0.0,0.0
2023-06-02 00:00:00+03:00,4.730000019073486,4.880000114440918,4.610000133514404,4.690000057220459,9166928,0.0,0.0
2023-06-05 00:00:00+03:00,4.75,4.949999809265137,4.690000057220459,4.949999809265137,11061720,0.0,0.0
2023-06-06 00:00:00+03:00,4.949999809265137,5.050000190734863,4.739999771118164,4.849999904632568,8282566,0.0,0.0
2023-06-07 00:00:00+03:00,4.849999904632568,4.920000076293945,4.75,4.800000190734863,7460384,0.0,0.0
2023-06-08 00:00:00+03:00,4.789999961853027,4.869999885559082,4.730000019073486,4.809999942779541,5704036,0.0,0.0
2023-06-09 00:00:00+03:00,4.820000171661377,4.900000095367432,4.769999980926514,4.900000095367432,5178204,0.0,0.0
2023-06-12 00:00:00+03:00,4.909999847412109,5.010000228881836,4.849999904632568,4.889999866485596,5718155,0.0,0.0
2023-06-13 00:00:00+03:00,4.889999866485596,4.929999828338623,4.769999980926514,4.860000133514404,5534065,0.0,0.0
2023-06-14 00:00:00+03:00,4.840000152587891,4.989999771118164,4.829999923706055,4.840000152587891,6833379,0.0,0.0
2023-06-15 00:00:00+03:00,4.829999923706055,4.940000057220459,4.760000228881836,4.849999904632568,4377168,0.0,0.0
2023-06-16 00:00:00+03:00,4.849999904632568,5.0,4.800000190734863,4.920000076293945,8170457,0.0,0.0
2023-06-19 00:00:00+03:00,4.920000076293945,5.309999942779541,4.869999885559082,5.070000171661377,16416915,0.0,0.0
2023-06-20 00:00:00+03:00,5.070000171661377,5.079999923706055,4.820000171661377,5.039999961853027,5985745,0.0,0.0
2023-06-21 00:00:00+03:00,5.050000190734863,5.170000076293945,4.849999904632568,4.869999885559082,5241556,0.0,0.0
2023-06-22 00:00:00+03:00,4.849999904632568,5.25,4.800000190734863,5.199999809265137,8559926,0.0,0.0
2023-06-23 00:00:00+03:00,5.210000038146973,5.300000190734863,5.099999904632568,5.199999809265137,6142928,0.0,0.0
2023-06-26 00:00:00+03:00,5.210000038146973,5.28000020980835,5.159999847412109,5.28000020980835,4202517,0.0,0.0
2023-06-27 00:00:00+03:00,5.309999942779541,5.78000020980835,5.269999980926514,5.78000020980835,5274957,0.0,0.0
2023-07-03 00:00:00+03:00,5.820000171661377,6.150000095367432,5.730000019073486,5.849999904632568,9718486,0.0,0.0
2023-07-04 00:00:00+03:00,5.849999904632568,5.989999771118164,5.760000228881836,5.809999942779541,6164337,0.0,0.0
2023-07-05 00:00:00+03:00,5.809999942779541,6.010000228881836,5.760000228881836,5.949999809265137,7512227,0.0,0.0
2023-07-06 00:00:00+03:00,5.949999809265137,6.059999942779541,5.829999923706055,5.840000152587891,5192022,0.0,0.0
2023-07-07 00:00:00+03:00,5.840000152587891,6.150000095367432,5.800000190734863,6.039999961853027,6451745,0.0,0.0
2023-07-10 00:00:00+03:00,6.039999961853027,6.329999923706055,6.0,6.139999866485596,11615875,0.0,0.0
2023-07-11 00:00:00+03:00,6.150000095367432,6.28000020980835,5.960000038146973,6.039999961853027,10191314,0.0,0.0
2023-07-12 00:00:00+03:00,6.119999885559082,6.199999809265137,5.920000076293945,6.159999847412109,12821685,0.0,0.0
2023-07-13 00:00:00+03:00,6.159999847412109,6.300000190734863,6.059999942779541,6.139999866485596,8621215,0.0,0.0
2023-07-14 00:00:00+03:00,6.199999809265137,6.28000020980835,5.980000019073486,6.159999847412109,9848501,0.0,0.0
2023-07-17 00:00:00+03:00,6.159999847412109,6.28000020980835,6.110000133514404,6.25,11283627,0.0,0.0
2023-07-18 00:00:00+03:00,6.309999942779541,6.639999866485596,6.170000076293945,6.440000057220459,15456316,0.0,0.0
2023-07-19 00:00:00+03:00,6.460000038146973,7.079999923706055,6.460000038146973,7.079999923706055,6950113,0.0,0.0
2023-07-20 00:00:00+03:00,7.440000057220459,7.78000020980835,7.440000057220459,7.78000020980835,2981916,0.0,0.0
2023-07-21 00:00:00+03:00,8.109999656677246,8.550000190734863,7.380000114440918,7.989999771118164,32667295,0.0,0.0
2023-07-24 00:00:00+03:00,8.0,8.449999809265137,7.699999809265137,8.09000015258789,18212506,0.0,0.0
2023-07-25 00:00:00+03:00,8.09000015258789,8.100000381469727,7.289999961853027,7.489999771118164,9624616,0.0,0.0
2023-07-26 00:00:00+03:00,7.269999980926514,7.869999885559082,7.199999809265137,7.849999904632568,10214448,0.0,0.0
2023-07-27 00:00:00+03:00,7.849999904632568,8.09000015258789,7.659999847412109,7.820000171661377,9460338,0.0,0.0
2023-07-28 00:00:00+03:00,7.840000152587891,8.039999961853027,7.739999771118164,8.039999961853027,11422351,0.0,0.0
2023-07-31 00:00:00+03:00,8.039999961853027,8.329999923706055,7.989999771118164,8.210000038146973,12817351,0.0,0.0
2023-08-01 00:00:00+03:00,8.1899995803833,8.210000038146973,7.900000095367432,7.929999828338623,7595776,0.0,0.0
2023-08-02 00:00:00+03:00,7.900000095367432,7.949999809265137,7.579999923706055,7.579999923706055,10203237,0.0,0.0
2023-08-03 00:00:00+03:00,7.579999923706055,7.739999771118164,7.389999866485596,7.440000057220459,5405613,0.0,0.0
2023-08-04 00:00:00+03:00,7.46999979019165,7.900000095367432,7.340000152587891,7.400000095367432,12127659,0.0,0.0
2023-08-07 00:00:00+03:00,7.409999847412109,7.519999980926514,7.25,7.260000228881836,4545221,0.0,0.0
2023-08-08 00:00:00+03:00,7.300000190734863,7.46999979019165,7.179999828338623,7.460000038146973,5806084,0.0,0.0
2023-08-09 00:00:00+03:00,7.440000057220459,7.5,7.239999771118164,7.28000020980835,6141695,0.0,0.0
2023-08-10 00:00:00+03:00,7.28000020980835,7.449999809265137,7.130000114440918,7.28000020980835,12255999,0.0,0.0
2023-08-11 00:00:00+03:00,7.28000020980835,7.53000020980835,7.230000019073486,7.360000133514404,7166735,0.0,0.0
2023-08-14 00:00:00+03:00,7.420000076293945,8.0,7.409999847412109,7.800000190734863,11933061,0.0,0.0
2023-08-15 00:00:00+03:00,7.800000190734863,7.980000019073486,7.550000190734863,7.599999904632568,6246786,0.0,0.0
2023-08-16 00:00:00+03:00,7.630000114440918,7.730000019073486,7.550000190734863,7.559999942779541,3872185,0.0,0.0
2023-08-17 00:00:00+03:00,7.579999923706055,7.730000019073486,7.510000228881836,7.639999866485596,4276734,0.0,0.0
2023-08-18 00:00:00+03:00,7.400000095367432,7.400000095367432,7.03000020980835,7.269999980926514,11619398,0.0,0.0
2023-08-21 00:00:00+03:00,7.269999980926514,7.360000133514404,7.179999828338623,7.28000020980835,6918684,0.0,0.0
2023-08-22 00:00:00+03:00,7.28000020980835,7.579999923706055,7.179999828338623,7.480000019073486,8926893,0.0,0.0
2023-08-23 00:00:00+03:00,7.480000019073486,7.789999961853027,7.349999904632568,7.550000190734863,4975864,0.0,0.0
2023-08-24 00:00:00+03:00,7.550000190734863,7.679999828338623,7.25,7.519999980926514,6000146,0.0,0.0
2023-08-25 00:00:00+03:00,7.519999980926514,7.880000114440918,7.429999828338623,7.710000038146973,8454816,0.0,0.0
2023-08-28 00:00:00+03:00,7.909999847412109,8.0600004196167,7.789999961853027,7.940000057220459,5627614,0.0,0.0
2023-08-29 00:00:00+03:00,7.949999809265137,8.210000038146973,7.699999809265137,8.130000114440918,9636118,0.0,0.0
2023-08-31 00:00:00+03:00,8.199999809265137,8.399999618530273,7.940000057220459,8.029999732971191,7470672,0.0,0.0
2023-09-01 00:00:00+03:00,8.050000190734863,8.199999809265137,7.880000114440918,8.199999809265137,7262174,0.0,0.0
2023-09-04 00:00:00+03:00,8.4399995803833,9.020000457763672,8.199999809265137,9.020000457763672,14379354,0.0,0.0
2023-09-05 00:00:00+03:00,9.199999809265137,9.779999732971191,8.819999694824219,8.880000114440918,17023979,0.0,0.0
2023-09-06 00:00:00+03:00,8.880000114440918,9.069999694824219,8.479999542236328,8.649999618530273,9460769,0.0,0.0
2023-09-07 00:00:00+03:00,8.680000305175781,8.970000267028809,8.529999732971191,8.770000457763672,7176150,0.0,0.0
2023-09-08 00:00:00+03:00,8.819999694824219,8.970000267028809,8.630000114440918,8.949999809265137,6154545,0.0,0.0
2023-09-11 00:00:00+03:00,8.949999809265137,9.050000190734863,8.319999694824219,8.319999694824219,9202571,0.0,0.0
2023-09-12 00:00:00+03:00,8.979999542236328,8.979999542236328,8.449999809265137,8.630000114440918,9658493,0.0,0.0
2023-09-13 00:00:00+03:00,8.699999809265137,8.850000381469727,8.279999732971191,8.59000015258789,6919656,0.0,0.0
2023-09-14 00:00:00+03:00,8.59000015258789,8.59000015258789,7.949999809265137,8.550000190734863,5281821,0.0,0.0
2023-09-15 00:00:00+03:00,8.470000267028809,8.779999732971191,8.050000190734863,8.65999984741211,6239187,0.0,0.0
2023-09-18 00:00:00+03:00,8.65999984741211,8.800000190734863,8.399999618530273,8.399999618530273,6972992,0.0,0.0
2023-09-19 00:00:00+03:00,8.399999618530273,8.550000190734863,8.210000038146973,8.479999542236328,3684516,0.0,0.0
2023-09-20 00:00:00+03:00,8.479999542236328,8.890000343322754,8.34000015258789,8.609999656677246,6903233,0.0,0.0
2023-09-21 00:00:00+03:00,8.649999618530273,8.779999732971191,8.380000114440918,8.729999542236328,4400342,0.0,0.0
2023-09-22 00:00:00+03:00,8.739999771118164,8.9399995803833,8.5600004196167,8.579999923706055,6577103,0.0,0.0
2023-09-25 00:00:00+03:00,8.630000114440918,8.6899995803833,8.510000228881836,8.59000015258789,4223676,0.0,0.0
2023-09-26 00:00:00+03:00,8.640000343322754,8.84000015258789,8.529999732971191,8.65999984741211,5614470,0.0,0.0
2023-09-27 00:00:00+03:00,8.720000267028809,9.09000015258789,8.699999809265137,8.880000114440918,6049974,0.0,0.0
2023-09-28 00:00:00+03:00,8.979999542236328,9.149999618530273,8.800000190734863,8.979999542236328,5498062,0.0,0.0
2023-09-29 00:00:00+03:00,9.039999961853027,9.25,8.949999809265137,9.25,5693067,0.0,0.0
2023-10-02 00:00:00+03:00,9.369999885559082,9.779999732971191,8.9399995803833,8.989999771118164,11119420,0.0,0.0
2023-10-03 00:00:00+03:00,9.0,9.130000114440918,8.75,9.079999923706055,6996890,0.0,0.0
2023-10-04 00:00:00+03:00,9.039999961853027,9.300000190734863,8.899999618530273,9.180000305175781,5762693,0.0,0.0
2023-10-05 00:00:00+03:00,9.1899995803833,10.09000015258789,9.149999618530273,10.09000015258789,20788449,0.0,0.0
2023-10-06 00:00:00+03:00,10.09000015258789,11.09000015258789,9.789999961853027,11.09000015258789,31125441,0.0,0.0
2023-10-09 00:00:00+03:00,10.6899995803833,11.449999809265137,10.470000267028809,10.569999694824219,23669578,0.0,0.0
2023-10-10 00:00:00+03:00,10.600000381469727,10.899999618530273,10.3100004196167,10.329999923706055,13575959,0.0,0.0
2023-10-11 00:00:00+03:00,10.350000381469727,10.369999885559082,9.649999618530273,10.109999656677246,11049611,0.0,0.0
2023-10-12 00:00:00+03:00,10.149999618530273,10.4399995803833,9.569999694824219,9.720000267028809,8709618,0.0,0.0
2023-10-13 00:00:00+03:00,9.699999809265137,9.979999542236328,9.350000381469727,9.850000381469727,6704396,0.0,0.0
2023-10-16 00:00:00+03:00,9.9399995803833,10.079999923706055,9.239999771118164,9.300000190734863,4177727,0.0,0.0
2023-10-17 00:00:00+03:00,9.3100004196167,9.84000015258789,9.020000457763672,9.760000228881836,3872946,0.0,0.0
2023-10-18 00:00:00+03:00,9.59000015258789,10.149999618530273,9.4399995803833,9.90999984741211,6342024,0.0,0.0
2023-10-19 00:00:00+03:00,10.100000381469727,10.430000305175781,9.789999961853027,10.289999961853027,10757999,0.0,0.0
2023-10-20 00:00:00+03:00,10.199999809265137,10.329999923706055,9.890000343322754,10.260000228881836,6806920,0.0,0.0
2023-10-23 00:00:00+03:00,10.260000228881836,10.59000015258789,10.069999694824219,10.380000114440918,7206694,0.0,0.0
2023-10-24 00:00:00+03:00,10.390000343322754,10.479999542236328,10.09000015258789,10.279999732971191,9163946,0.0,0.0
2023-10-25 00:00:00+03:00,10.279999732971191,10.319999694824219,9.770000457763672,9.819999694824219,5920233,0.0,0.0
2023-10-26 00:00:00+03:00,9.40999984741211,10.260000228881836,9.40999984741211,10.119999885559082,3443611,0.0,0.0
2023-10-27 00:00:00+03:00,10.119999885559082,10.539999961853027,9.989999771118164,10.489999771118164,5472315,0.0,0.0
2023-10-30 00:00:00+03:00,10.489999771118164,10.75,10.25,10.25,2963572,0.0,0.0
2023-10-31 00:00:00+03:00,10.359999656677246,10.359999656677246,9.949999809265137,10.0,1846146,0.0,0.0
2023-11-01 00:00:00+03:00,10.0,10.170000076293945,9.579999923706055,10.020000457763672,2220316,0.0,0.0
2023-11-02 00:00:00+03:00,10.15999984741211,10.699999809265137,10.09000015258789,10.569999694824219,3581887,0.0,0.0
2023-11-03 00:00:00+03:00,10.569999694824219,10.569999694824219,10.210000038146973,10.470000267028809,1909213,0.0,0.0
2023-11-06 00:00:00+03:00,10.4399995803833,10.800000190734863,10.239999771118164,10.729999542236328,2306119,0.0,0.0
2023-11-07 00:00:00+03:00,10.739999771118164,11.020000457763672,10.579999923706055,10.8100004196167,2810425,0.0,0.0
2023-11-08 00:00:00+03:00,10.989999771118164,11.039999961853027,10.5,10.59000015258789,1822782,0.0,0.0
2023-11-09 00:00:00+03:00,10.460000038146973,10.579999923706055,10.350000381469727,10.460000038146973,1040010,0.0,0.0
2023-11-10 00:00:00+03:00,9.770000457763672,9.989999771118164,9.600000381469727,9.880000114440918,6051906,0.0,0.0
2023-11-13 00:00:00+03:00,9.880000114440918,9.970000267028809,9.640000343322754,9.640000343322754,2092419,0.0,0.0
2023-11-14 00:00:00+03:00,9.65999984741211,9.699999809265137,9.40999984741211,9.649999618530273,1643674,0.0,0.0
2023-11-15 00:00:00+03:00,9.75,9.75,9.5,9.630000114440918,1254767,0.0,0.0
2023-11-16 00:00:00+03:00,9.600000381469727,9.75,9.59000015258789,9.699999809265137,1174271,0.0,0.0
2023-11-17 00:00:00+03:00,9.699999809265137,10.670000076293945,9.609999656677246,10.670000076293945,4608202,0.0,0.0
2023-11-20 00:00:00+03:00,10.890000343322754,11.720000267028809,10.869999885559082,11.220000267028809,10143739,0.0,0.0
2023-11-21 00:00:00+03:00,11.380000114440918,11.770000457763672,10.899999618530273,11.550000190734863,4868550,0.0,0.0
2023-11-22 00:00:00+03:00,11.550000190734863,12.449999809265137,11.300000190734863,12.300000190734863,6044611,0.0,0.0
2023-11-23 00:00:00+03:00,12.479999542236328,12.5600004196167,11.859999656677246,12.0,3028793,0.0,0.0
2023-11-24 00:00:00+03:00,11.8100004196167,12.09000015258789,11.479999542236328,11.550000190734863,2673206,0.0,0.0
2023-11-27 00:00:00+03:00,11.770000457763672,11.850000381469727,11.0,11.079999923706055,2338455,0.0,0.0
2023-11-28 00:00:00+03:00,11.079999923706055,11.470000267028809,10.90999984741211,11.09000015258789,3293510,0.0,0.0
2023-11-29 00:00:00+03:00,11.09000015258789,11.149999618530273,10.670000076293945,10.699999809265137,2794197,0.0,0.0
2023-11-30 00:00:00+03:00,10.699999809265137,10.949999809265137,10.489999771118164,10.899999618530273,1971379,0.0,0.0
2023-12-01 00:00:00+03:00,11.029999732971191,11.0600004196167,10.5,10.949999809265137,1828414,0.0,0.0
2023-12-04 00:00:00+03:00,10.949999809265137,11.020000457763672,10.649999618530273,10.75,1588099,0.0,0.0
2023-12-05 00:00:00+03:00,10.75,11.140000343322754,10.6899995803833,10.930000305175781,2301061,0.0,0.0
2023-12-06 00:00:00+03:00,10.930000305175781,10.979999542236328,10.329999923706055,10.359999656677246,2825483,0.0,0.0
2023-12-07 00:00:00+03:00,10.359999656677246,10.489999771118164,10.0,10.329999923706055,1778879,0.0,0.0
2023-12-08 00:00:00+03:00,10.329999923706055,10.569999694824219,10.279999732971191,10.5600004196167,1040600,0.0,0.0
2023-12-11 00:00:00+03:00,10.550000190734863,10.619999885559082,10.0600004196167,10.079999923706055,1137850,0.0,0.0
2023-12-12 00:00:00+03:00,9.979999542236328,10.239999771118164,9.579999923706055,9.949999809265137,1433470,0.0,0.0
2023-12-13 00:00:00+03:00,9.84000015258789,10.34000015258789,9.350000381469727,10.010000228881836,2937046,0.0,0.0
2023-12-14 00:00:00+03:00,10.149999618530273,10.149999618530273,9.649999618530273,9.90999984741211,1226965,0.0,0.0
2023-12-15 00:00:00+03:00,9.90999984741211,10.229999542236328,9.90999984741211,10.170000076293945,1194225,0.0,0.0
2023-12-18 00:00:00+03:00,10.170000076293945,10.260000228881836,9.710000038146973,9.850000381469727,1602055,0.0,0.0
2023-12-19 00:00:00+03:00,9.850000381469727,9.899999618530273,9.600000381469727,9.859999656677246,832231,0.0,0.0
2023-12-20 00:00:00+03:00,9.859999656677246,10.779999732971191,9.5,9.75,803184,0.0,0.0
2023-12-21 00:00:00+03:00,9.65999984741211,9.859999656677246,9.529999732971191,9.529999732971191,717447,0.0,0.0
2023-12-22 00:00:00+03:00,9.539999961853027,9.850000381469727,9.4399995803833,9.510000228881836,1466910,0.0,0.0
2023-12-25 00:00:00+03:00,9.5,9.600000381469727,9.25,9.289999961853027,961004,0.0,0.0
2023-12-26 00:00:00+03:00,9.329999923706055,10.09000015258789,9.319999694824219,9.859999656677246,1980290,0.0,0.0
2023-12-27 00:00:00+03:00,9.84000015258789,10.390000343322754,9.710000038146973,10.199999809265137,1927017,0.0,0.0
2023-12-28 00:00:00+03:00,10.180000305175781,11.220000267028809,10.0,11.130000114440918,2489532,0.0,0.0
2023-12-29 00:00:00+03:00,12.239999771118164,12.239999771118164,12.239999771118164,12.239999771118164,2140798,0.0,0.0
2024-01-02 00:00:00+03:00,12.5,12.920000076293945,11.65999984741211,11.90999984741211,7554904,0.0,0.0
2024-01-03 00:00:00+03:00,11.90999984741211,12.180000305175781,10.930000305175781,11.029999732971191,3714507,0.0,0.0
2024-01-04 00:00:00+03:00,10.90999984741211,11.220000267028809,10.90999984741211,11.119999885559082,1803185,0.0,0.0
2024-01-05 00:00:00+03:00,11.119999885559082,11.449999809265137,10.970000267028809,11.170000076293945,1984506,0.0,0.0
2024-01-08 00:00:00+03:00,11.180000305175781,11.600000381469727,11.130000114440918,11.369999885559082,1784717,0.0,0.0
2024-01-09 00:00:00+03:00,11.119999885559082,11.369999885559082,10.989999771118164,11.109999656677246,1426272,0.0,0.0
2024-01-10 00:00:00+03:00,11.130000114440918,11.399999618530273,10.979999542236328,11.399999618530273,1320000,0.0,0.0
2024-01-11 00:00:00+03:00,11.399999618530273,12.239999771118164,11.369999885559082,12.0600004196167,2502809,0.0,0.0
2024-01-12 00:00:00+03:00,12.0600004196167,13.260000228881836,11.800000190734863,13.260000228881836,5970166,0.0,0.0
2024-01-15 00:00:00+03:00,13.5,14.079999923706055,13.0,13.229999542236328,4207321,0.0,0.0
2024-01-16 00:00:00+03:00,13.229999542236328,14.5,13.149999618530273,13.25,4481934,0.0,0.0
2024-01-17 00:00:00+03:00,13.5,13.5,12.050000190734863,12.359999656677246,8014114,0.0,0.0
2024-01-18 00:00:00+03:00,12.399999618530273,12.65999984741211,11.920000076293945,12.0,3734413,0.0,0.0
2024-01-19 00:00:00+03:00,12.010000228881836,12.479999542236328,11.960000038146973,12.069999694824219,2774526,0.0,0.0
2024-01-22 00:00:00+03:00,12.130000114440918,12.270000457763672,11.930000305175781,12.119999885559082,1780858,0.0,0.0
2024-01-23 00:00:00+03:00,12.140000343322754,12.680000305175781,12.119999885559082,12.380000114440918,2561820,0.0,0.0
2024-01-24 00:00:00+03:00,12.510000228881836,12.59000015258789,12.09000015258789,12.109999656677246,1331459,0.0,0.0
2024-01-25 00:00:00+03:00,12.220000267028809,12.800000190734863,12.0600004196167,12.359999656677246,2860194,0.0,0.0
2024-01-26 00:00:00+03:00,12.380000114440918,13.430000305175781,12.300000190734863,13.430000305175781,3409506,0.0,0.0
2024-01-29 00:00:00+03:00,13.430000305175781,13.760000228881836,12.979999542236328,13.0,2765305,0.0,0.0
2024-01-30 00:00:00+03:00,13.050000190734863,13.279999732971191,12.800000190734863,12.899999618530273,1706213,0.0,0.0
2024-01-31 00:00:00+03:00,12.90999984741211,13.979999542236328,12.710000038146973,13.59000015258789,4848644,0.0,0.0
2024-02-01 00:00:00+03:00,13.680000305175781,13.859999656677246,13.399999618530273,13.479999542236328,2123006,0.0,0.0
2024-02-02 00:00:00+03:00,13.460000038146973,14.029999732971191,13.4399995803833,13.859999656677246,2617502,0.0,0.0
2024-02-05 00:00:00+03:00,13.859999656677246,14.819999694824219,13.640000343322754,14.609999656677246,3316362,0.0,0.0
2024-02-06 00:00:00+03:00,14.649999618530273,14.699999809265137,14.140000343322754,14.289999961853027,1988986,0.0,0.0
2024-02-07 00:00:00+03:00,14.289999961853027,14.470000267028809,13.760000228881836,13.760000228881836,1749767,0.0,0.0
2024-02-08 00:00:00+03:00,13.850000381469727,14.109999656677246,13.760000228881836,14.0,1223605,0.0,0.0
2024-02-09 00:00:00+03:00,14.100000381469727,14.399999618530273,13.84000015258789,14.300000190734863,2444336,0.0,0.0
2024-02-12 00:00:00+03:00,14.199999809265137,14.460000038146973,14.149999618530273,14.229999542236328,1542809,0.0,0.0
2024-02-13 00:00:00+03:00,14.300000190734863,14.3100004196167,13.920000076293945,14.199999809265137,1503701,0.0,0.0
2024-02-14 00:00:00+03:00,14.199999809265137,14.779999732971191,14.010000228881836,14.760000228881836,2862553,0.0,0.0
2024-02-15 00:00:00+03:00,14.760000228881836,14.979999542236328,14.420000076293945,14.420000076293945,1827501,0.0,0.0
2024-02-16 00:00:00+03:00,14.4399995803833,14.609999656677246,14.329999923706055,14.600000381469727,1266619,0.0,0.0
2024-02-19 00:00:00+03:00,14.619999885559082,14.949999809265137,14.470000267028809,14.640000343322754,1625466,0.0,0.0
2024-02-20 00:00:00+03:00,14.630000114440918,14.710000038146973,14.300000190734863,14.710000038146973,960849,0.0,0.0
2024-02-21 00:00:00+03:00,14.710000038146973,14.949999809265137,14.420000076293945,14.949999809265137,2026114,0.0,0.0
2024-02-22 00:00:00+03:00,14.960000038146973,15.100000381469727,14.5,14.6899995803833,2491984,0.0,0.0
2024-02-23 00:00:00+03:00,14.75,15.5,14.520000457763672,15.5,3415198,0.0,0.0
2024-02-26 00:00:00+03:00,15.699999809265137,15.869999885559082,15.029999732971191,15.569999694824219,1828930,0.0,0.0
2024-02-27 00:00:00+03:00,15.5600004196167,16.5,15.140000343322754,15.829999923706055,2959053,0.0,0.0
2024-02-28 00:00:00+03:00,15.829999923706055,16.260000228881836,15.479999542236328,16.040000915527344,1984322,0.0,0.0
2024-02-29 00:00:00+03:00,16.079999923706055,16.969999313354492,16.040000915527344,16.68000030517578,2613647,0.0,0.0
2024-03-01 00:00:00+03:00,16.790000915527344,17.0,16.209999084472656,16.350000381469727,1654672,0.0,0.0
2024-03-04 00:00:00+03:00,16.350000381469727,16.399999618530273,15.350000381469727,15.5,1575277,0.0,0.0
2024-03-05 00:00:00+03:00,15.5,15.84000015258789,15.350000381469727,15.550000190734863,1495502,0.0,0.0
2024-03-06 00:00:00+03:00,15.539999961853027,15.539999961853027,14.979999542236328,15.399999618530273,1260031,0.0,0.0
2024-03-07 00:00:00+03:00,15.199999809265137,16.1200008392334,15.199999809265137,16.100000381469727,1215882,0.0,0.0
2024-03-08 00:00:00+03:00,16.100000381469727,16.18000030517578,15.75,15.800000190734863,915337,0.0,0.0
2024-03-11 00:00:00+03:00,16.110000610351562,16.31999969482422,15.770000457763672,16.030000686645508,1293102,0.0,0.0
2024-03-12 00:00:00+03:00,16.030000686645508,16.540000915527344,15.75,16.3799991607666,1435396,0.0,0.0
2024-03-13 00:00:00+03:00,16.389999389648438,16.459999084472656,15.300000190734863,16.0,1285350,0.0,0.0
2024-03-14 00:00:00+03:00,16.260000228881836,16.600000381469727,15.859999656677246,16.600000381469727,1307080,0.0,0.0
2024-03-15 00:00:00+03:00,16.600000381469727,16.979999542236328,16.40999984741211,16.829999923706055,1180619,0.0,0.0
2024-03-18 00:00:00+03:00,16.829999923706055,16.989999771118164,16.290000915527344,16.600000381469727,1677243,0.0,0.0
2024-03-19 00:00:00+03:00,16.600000381469727,17.440000534057617,16.309999465942383,17.040000915527344,1848522,0.0,0.0
2024-03-20 00:00:00+03:00,17.040000915527344,18.399999618530273,17.0,18.1200008392334,2224404,0.0,0.0
2024-03-21 00:00:00+03:00,18.5,19.190000534057617,17.0,18.100000381469727,2022115,0.0,0.0
2024-03-22 00:00:00+03:00,18.100000381469727,18.219999313354492,17.510000228881836,17.940000534057617,792322,0.0,0.0
2024-03-25 00:00:00+03:00,17.940000534057617,18.1200008392334,17.5,17.739999771118164,1186119,0.0,0.0
2024-03-26 00:00:00+03:00,17.739999771118164,18.84000015258789,17.450000762939453,18.309999465942383,3206999,0.0,0.0
2024-03-27 00:00:00+03:00,18.260000228881836,20.139999389648438,17.959999084472656,20.139999389648438,4665433,0.0,0.0
2024-03-28 00:00:00+03:00,20.219999313354492,20.239999771118164,18.440000534057617,18.520000457763672,3626987,0.0,0.0
2024-03-29 00:00:00+03:00,18.649999618530273,19.270000457763672,17.90999984741211,18.68000030517578,2029196,0.0,0.0
2024-04-01 00:00:00+03:00,18.68000030517578,18.899999618530273,17.649999618530273,18.520000457763672,922204,0.0,0.0
2024-04-02 00:00:00+03:00,18.520000457763672,18.799999237060547,17.610000610351562,18.100000381469727,1183794,0.0,0.0
2024-04-03 00:00:00+03:00,18.100000381469727,18.100000381469727,17.239999771118164,17.299999237060547,936073,0.0,0.0
2024-04-04 00:00:00+03:00,17.360000610351562,17.780000686645508,17.360000610351562,17.610000610351562,480047,0.0,0.0
2024-04-05 00:00:00+03:00,17.6299991607666,18.5,17.6299991607666,18.25,638447,0.0,0.0
2024-04-08 00:00:00+03:00,18.260000228881836,20.059999465942383,18.219999313354492,20.059999465942383,1748530,0.0,0.0
2024-04-15 00:00:00+03:00,21.540000915527344,22.18000030517578,20.65999984741211,21.5,2183395,0.0,0.0
2024-04-16 00:00:00+03:00,21.299999237060547,21.440000534057617,20.15999984741211,20.15999984741211,983377,0.0,0.0
2024-04-17 00:00:00+03:00,20.15999984741211,22.15999984741211,20.15999984741211,22.15999984741211,2427477,0.0,0.0
2024-04-18 00:00:00+03:00,22.15999984741211,22.15999984741211,20.559999465942383,20.6200008392334,2415116,0.0,0.0
2024-04-19 00:00:00+03:00,20.579999923706055,21.5,20.399999618530273,20.719999313354492,1466567,0.0,0.0
2024-04-22 00:00:00+03:00,20.860000610351562,21.360000610351562,20.360000610351562,20.5,1087696,0.0,0.0
2024-04-24 00:00:00+03:00,20.5,20.700000762939453,20.040000915527344,20.200000762939453,846229,0.0,0.0
2024-04-25 00:00:00+03:00,20.399999618530273,21.979999542236328,19.75,21.5,3088091,0.0,0.0
2024-04-26 00:00:00+03:00,21.5,22.5,20.739999771118164,21.559999465942383,2963923,0.0,0.0
2024-04-29 00:00:00+03:00,21.579999923706055,22.81999969482422,21.020000457763672,21.020000457763672,3451024,0.0,0.0
2024-04-30 00:00:00+03:00,21.200000762939453,21.5,20.5,21.219999313354492,995018,0.0,0.0
2024-05-02 00:00:00+03:00,20.6200008392334,21.31999969482422,20.540000915527344,21.260000228881836,1422366,0.0,0.0
2024-05-03 00:00:00+03:00,23.3799991607666,23.3799991607666,23.3799991607666,23.3799991607666,6196224,0.0,0.0
2024-05-06 00:00:00+03:00,23.81999969482422,24.0,21.34000015258789,21.440000534057617,8461559,0.0,0.0
2024-05-07 00:00:00+03:00,21.200000762939453,21.600000381469727,19.940000534057617,20.65999984741211,5537078,0.0,0.0
2024-05-08 00:00:00+03:00,20.700000762939453,20.739999771118164,19.770000457763672,20.31999969482422,2298204,0.0,0.0
2024-05-09 00:00:00+03:00,20.31999969482422,20.780000686645508,20.1200008392334,20.420000076293945,2358069,0.0,0.0
2024-05-10 00:00:00+03:00,20.420000076293945,20.600000381469727,19.84000015258789,20.0,2416530,0.0,0.0
2024-05-13 00:00:00+03:00,19.989999771118164,19.989999771118164,18.0,18.489999771118164,4743114,0.0,0.0
2024-05-14 00:00:00+03:00,18.489999771118164,19.0,18.100000381469727,18.950000762939453,1151007,0.0,0.0
2024-05-15 00:00:00+03:00,18.950000762939453,19.31999969482422,18.75,18.760000228881836,880773,0.0,0.0
2024-05-16 00:00:00+03:00,18.760000228881836,18.940000534057617,18.399999618530273,18.700000762939453,926788,0.0,0.0
2024-05-17 00:00:00+03:00,18.799999237060547,18.979999542236328,18.0,18.760000228881836,1003091,0.0,0.0
2024-05-20 00:00:00+03:00,19.0,19.239999771118164,18.709999084472656,18.799999237060547,795571,0.0,0.0
2024-05-21 00:00:00+03:00,19.200000762939453,20.040000915527344,18.809999465942383,19.360000610351562,2947689,0.0,0.0
2024-05-22 00:00:00+03:00,19.049999237060547,20.479999542236328,19.049999237060547,20.15999984741211,2055555,0.0,0.0
2024-05-23 00:00:00+03:00,20.15999984741211,20.68000030517578,19.889999389648438,20.18000030517578,1065472,0.0,0.0
2024-05-24 00:00:00+03:00,20.280000686645508,20.780000686645508,19.799999237060547,19.889999389648438,1325830,0.0,0.0
2024-05-27 00:00:00+03:00,19.8799991607666,20.440000534057617,19.520000457763672,19.6200008392334,1360993,0.0,0.0
2024-05-28 00:00:00+03:00,19.649999618530273,19.8799991607666,19.290000915527344,19.34000015258789,750458,0.0,0.0
2024-05-29 00:00:00+03:00,19.459999084472656,19.75,19.1299991607666,19.209999084472656,942712,0.0,0.0
2024-05-30 00:00:00+03:00,19.209999084472656,19.530000686645508,18.399999618530273,18.549999237060547,1120449,0.0,0.0
2024-05-31 00:00:00+03:00,18.649999618530273,18.969999313354492,18.40999984741211,18.649999618530273,816863,0.0,0.0
2024-06-03 00:00:00+03:00,18.760000228881836,18.899999618530273,18.350000381469727,18.75,549856,0.0,0.0
2024-06-04 00:00:00+03:00,18.790000915527344,18.889999389648438,18.479999542236328,18.6299991607666,519501,0.0,0.0
2024-06-05 00:00:00+03:00,18.520000457763672,19.719999313354492,18.260000228881836,18.950000762939453,5646313,0.0,0.0
2024-06-06 00:00:00+03:00,19.049999237060547,19.209999084472656,18.6200008392334,18.6200008392334,651629,0.0,0.0
2024-06-07 00:00:00+03:00,18.6200008392334,19.030000686645508,17.899999618530273,17.899999618530273,1375505,0.0,0.0
2024-06-10 00:00:00+03:00,17.59000015258789,17.770000457763672,16.739999771118164,17.610000610351562,1513314,0.0,0.0
2024-06-11 00:00:00+03:00,17.700000762939453,17.989999771118164,17.149999618530273,17.350000381469727,690488,0.0,0.0
2024-06-12 00:00:00+03:00,17.350000381469727,17.989999771118164,17.299999237060547,17.889999389648438,1159218,0.0,0.0
2024-06-13 00:00:00+03:00,17.889999389648438,18.510000228881836,17.600000381469727,18.510000228881836,836714,0.0,0.0
2024-06-14 00:00:00+03:00,18.40999984741211,18.540000915527344,17.950000762939453,18.31999969482422,616543,0.0,0.0
2024-06-20 00:00:00+03:00,18.75,18.75,17.829999923706055,18.1299991607666,730542,0.0,0.0
2024-06-21 00:00:00+03:00,18.25,18.56999969482422,18.010000228881836,18.420000076293945,1160238,0.0,0.0
2024-06-24 00:00:00+03:00,18.420000076293945,18.799999237060547,17.1200008392334,17.3700008392334,2051742,0.0,0.0
2024-06-25 00:00:00+03:00,17.399999618530273,17.5,17.049999237060547,17.200000762939453,1101943,0.0,0.0
2024-06-26 00:00:00+03:00,17.209999084472656,17.299999237060547,16.549999237060547,16.6200008392334,755645,0.0,0.0
2024-06-27 00:00:00+03:00,16.860000610351562,17.219999313354492,16.399999618530273,16.670000076293945,821535,0.0,0.0
2024-06-28 00:00:00+03:00,16.8799991607666,17.09000015258789,16.350000381469727,16.450000762939453,535286,0.0,0.0
2024-07-01 00:00:00+03:00,16.559999465942383,16.670000076293945,14.850000381469727,15.199999809265137,1994983,0.0,0.0
2024-07-02 00:00:00+03:00,15.529999732971191,16.190000534057617,15.359999656677246,15.640000343322754,1031168,0.0,0.0
2024-07-03 00:00:00+03:00,15.800000190734863,15.800000190734863,14.949999809265137,15.010000228881836,619245,0.0,0.0
2024-07-04 00:00:00+03:00,15.390000343322754,15.399999618530273,15.029999732971191,15.300000190734863,558063,0.0,0.0
2024-07-05 00:00:00+03:00,15.329999923706055,15.609999656677246,14.930000305175781,15.569999694824219,585799,0.0,0.0
2024-07-08 00:00:00+03:00,15.829999923706055,15.949999809265137,15.390000343322754,15.399999618530273,604350,0.0,0.0
2024-07-09 00:00:00+03:00,15.670000076293945,16.100000381469727,15.270000457763672,15.5,809601,0.0,0.0
2024-07-10 00:00:00+03:00,15.600000381469727,15.649999618530273,15.0600004196167,15.199999809265137,564692,0.0,0.0
2024-07-11 00:00:00+03:00,15.420000076293945,15.649999618530273,15.3100004196167,15.5,559556,0.0,0.0
2024-07-12 00:00:00+03:00,15.649999618530273,15.649999618530273,15.239999771118164,15.3100004196167,424251,0.0,0.0
2024-07-16 00:00:00+03:00,15.300000190734863,15.899999618530273,15.300000190734863,15.489999771118164,803732,0.0,0.0
2024-07-17 00:00:00+03:00,15.550000190734863,15.880000114440918,15.350000381469727,15.5,734702,0.0,0.0
2024-07-18 00:00:00+03:00,15.869999885559082,15.869999885559082,15.4399995803833,15.5,979118,0.0,0.0
2024-07-19 00:00:00+03:00,15.5,15.569999694824219,14.949999809265137,15.039999961853027,745240,0.0,0.0
2024-07-22 00:00:00+03:00,15.039999961853027,15.170000076293945,14.520000457763672,14.670000076293945,1229255,0.0,0.0
2024-07-23 00:00:00+03:00,14.699999809265137,14.989999771118164,14.529999732971191,14.829999923706055,965648,0.0,0.0
2024-07-24 00:00:00+03:00,14.859999656677246,14.989999771118164,14.390000343322754,14.399999618530273,1789378,0.0,0.0
2024-07-25 00:00:00+03:00,14.399999618530273,15.84000015258789,14.0,15.84000015258789,11535828,0.0,0.0
2024-07-26 00:00:00+03:00,16.5,17.420000076293945,15.84000015258789,16.170000076293945,17806706,0.0,0.0
2024-07-29 00:00:00+03:00,16.059999465942383,16.15999984741211,14.970000267028809,15.109999656677246,5151551,0.0,0.0
2024-07-30 00:00:00+03:00,15.199999809265137,16.420000076293945,15.0,15.979999542236328,5516094,0.0,0.0
2024-07-31 00:00:00+03:00,15.739999771118164,17.399999618530273,15.329999923706055,16.200000762939453,9044880,0.0,0.0
2024-08-01 00:00:00+03:00,16.239999771118164,17.0,15.979999542236328,16.610000610351562,2968517,0.0,0.0
2024-08-02 00:00:00+03:00,16.399999618530273,17.18000030517578,16.209999084472656,16.3700008392334,2819615,0.0,0.0
2024-08-05 00:00:00+03:00,15.619999885559082,15.699999809265137,14.739999771118164,15.300000190734863,1751277,0.0,0.0
2024-08-06 00:00:00+03:00,15.5,15.930000305175781,15.3100004196167,15.630000114440918,1351554,0.0,0.0
2024-08-07 00:00:00+03:00,15.899999618530273,16.489999771118164,15.420000076293945,16.25,1717705,0.0,0.0
2024-08-08 00:00:00+03:00,16.239999771118164,16.440000534057617,16.100000381469727,16.360000610351562,1139878,0.0,0.0
2024-08-09 00:00:00+03:00,16.889999389648438,16.889999389648438,15.960000038146973,16.049999237060547,965605,0.0,0.0
2024-08-12 00:00:00+03:00,16.020000457763672,16.260000228881836,15.239999771118164,15.420000076293945,1084631,0.0,0.0
2024-08-13 00:00:00+03:00,15.420000076293945,15.770000457763672,15.199999809265137,15.569999694824219,809447,0.0,0.0
2024-08-14 00:00:00+03:00,15.869999885559082,16.3700008392334,14.020000457763672,14.029999732971191,13226426,0.0,0.0
2024-08-15 00:00:00+03:00,13.899999618530273,13.899999618530273,12.789999961853027,13.15999984741211,7625516,0.0,0.0
2024-08-16 00:00:00+03:00,13.300000190734863,13.9399995803833,13.119999885559082,13.350000381469727,6187163,0.0,0.0
2024-08-19 00:00:00+03:00,13.449999809265137,13.460000038146973,12.859999656677246,13.119999885559082,3080033,0.0,0.0
2024-08-20 00:00:00+03:00,13.130000114440918,13.130000114440918,12.579999923706055,12.640000343322754,2304619,0.0,0.0
2024-08-21 00:00:00+03:00,12.6899995803833,13.149999618530273,12.579999923706055,12.720000267028809,2107046,0.0,0.0
2024-08-22 00:00:00+03:00,12.819999694824219,12.890000343322754,12.399999618530273,12.4399995803833,1279483,0.0,0.0
2024-08-23 00:00:00+03:00,12.4399995803833,13.670000076293945,12.220000267028809,12.75,3877475,0.0,0.0
2024-08-26 00:00:00+03:00,12.90999984741211,14.020000457763672,12.850000381469727,13.899999618530273,6482670,0.0,0.0
2024-08-27 00:00:00+03:00,14.100000381469727,14.149999618530273,13.180000305175781,13.550000190734863,3732993,0.0,0.0
2024-08-28 00:00:00+03:00,13.550000190734863,13.569999694824219,13.0,13.0,2703761,0.0,0.0
2024-08-29 00:00:00+03:00,12.960000038146973,13.0,12.550000190734863,12.609999656677246,1936452,0.0,0.0
2024-09-02 00:00:00+03:00,12.640000343322754,12.770000457763672,12.550000190734863,12.600000381469727,1251618,0.0,0.0
2024-09-03 00:00:00+03:00,12.619999885559082,13.380000114440918,12.529999732971191,12.869999885559082,2444924,0.0,0.0
2024-09-04 00:00:00+03:00,12.729999542236328,13.399999618530273,12.5,12.989999771118164,2512296,0.0,0.0
2024-09-05 00:00:00+03:00,12.989999771118164,13.279999732971191,12.600000381469727,13.0,1324907,0.0,0.0
2024-09-06 00:00:00+03:00,13.079999923706055,13.359999656677246,12.869999885559082,12.970000267028809,1266163,0.0,0.0
2024-09-09 00:00:00+03:00,12.890000343322754,13.09000015258789,12.6899995803833,12.729999542236328,849923,0.0,0.0
2024-09-10 00:00:00+03:00,12.770000457763672,12.9399995803833,12.550000190734863,12.569999694824219,857198,0.0,0.0
2024-09-11 00:00:00+03:00,12.569999694824219,13.819999694824219,12.479999542236328,13.149999618530273,4463921,0.0,0.0
2024-09-12 00:00:00+03:00,13.619999885559082,13.899999618530273,12.800000190734863,13.100000381469727,3265610,0.0,0.0
2024-09-13 00:00:00+03:00,13.199999809265137,13.720000267028809,13.100000381469727,13.579999923706055,1444764,0.0,0.0
2024-09-16 00:00:00+03:00,13.270000457763672,13.649999618530273,13.270000457763672,13.479999542236328,1064049,0.0,0.0
2024-09-17 00:00:00+03:00,13.600000381469727,13.960000038146973,13.40999984741211,13.850000381469727,1271940,0.0,0.0
2024-09-18 00:00:00+03:00,13.84000015258789,13.84000015258789,13.380000114440918,13.460000038146973,754448,0.0,0.0
2024-09-19 00:00:00+03:00,13.460000038146973,13.600000381469727,13.369999885559082,13.460000038146973,497005,0.0,0.0
2024-09-20 00:00:00+03:00,13.460000038146973,13.600000381469727,13.239999771118164,13.369999885559082,708389,0.0,0.0
2024-09-23 00:00:00+03:00,13.369999885559082,13.699999809265137,13.199999809265137,13.199999809265137,631396,0.0,0.0
2024-09-24 00:00:00+03:00,13.199999809265137,13.300000190734863,12.800000190734863,12.800000190734863,591477,0.0,0.0
2024-09-25 00:00:00+03:00,12.819999694824219,13.119999885559082,12.710000038146973,12.949999809265137,774918,0.0,0.0
2024-09-26 00:00:00+03:00,12.960000038146973,13.699999809265137,12.890000343322754,13.199999809265137,1069514,0.0,0.0
2024-09-27 00:00:00+03:00,13.399999618530273,13.479999542236328,12.920000076293945,13.430000305175781,732377,0.0,0.0
2024-09-30 00:00:00+03:00,13.6899995803833,14.770000457763672,13.6899995803833,14.770000457763672,12721593,0.0,0.0
2024-10-01 00:00:00+03:00,14.75,14.760000228881836,13.300000190734863,13.3100004196167,6434253,0.0,0.0
2024-10-02 00:00:00+03:00,13.25,13.279999732971191,12.59000015258789,12.699999809265137,2047539,0.0,0.0
2024-10-03 00:00:00+03:00,12.800000190734863,13.420000076293945,12.699999809265137,12.899999618530273,2037533,0.0,0.0
2024-10-04 00:00:00+03:00,13.199999809265137,13.199999809265137,12.680000305175781,13.010000228881836,1019517,0.0,0.0
2024-10-07 00:00:00+03:00,13.170000076293945,14.130000114440918,12.829999923706055,13.609999656677246,2355021,0.0,0.0
2024-10-08 00:00:00+03:00,13.609999656677246,14.180000305175781,13.5,13.739999771118164,1858953,0.0,0.0
2024-10-09 00:00:00+03:00,13.800000190734863,13.850000381469727,13.210000038146973,13.399999618530273,936851,0.0,0.0
2024-10-10 00:00:00+03:00,13.399999618530273,13.739999771118164,13.399999618530273,13.609999656677246,653922,0.0,0.0
2024-10-11 00:00:00+03:00,13.880000114440918,13.880000114440918,13.34000015258789,13.5600004196167,744331,0.0,0.0
2024-10-14 00:00:00+03:00,13.510000228881836,13.550000190734863,12.850000381469727,12.899999618530273,981484,0.0,0.0
2024-10-15 00:00:00+03:00,13.039999961853027,13.550000190734863,12.989999771118164,13.380000114440918,696729,0.0,0.0
2024-10-16 00:00:00+03:00,13.380000114440918,14.59000015258789,13.319999694824219,14.119999885559082,4067571,0.0,0.0
2024-10-17 00:00:00+03:00,14.119999885559082,14.380000114440918,13.699999809265137,14.300000190734863,2118736,0.0,0.0
2024-10-18 00:00:00+03:00,14.3100004196167,14.479999542236328,14.15999984741211,14.300000190734863,868906,0.0,0.0
2024-10-21 00:00:00+03:00,14.300000190734863,15.420000076293945,14.300000190734863,14.699999809265137,3123286,0.0,0.0
2024-10-22 00:00:00+03:00,14.899999618530273,14.899999618530273,14.010000228881836,14.5,1706647,0.0,0.0
2024-10-23 00:00:00+03:00,14.479999542236328,14.600000381469727,13.859999656677246,14.109999656677246,1049043,0.0,0.0
2024-10-24 00:00:00+03:00,14.109999656677246,14.5,14.109999656677246,14.479999542236328,775172,0.0,0.0
2024-10-25 00:00:00+03:00,14.850000381469727,14.899999618530273,14.260000228881836,14.699999809265137,954332,0.0,0.0
2024-10-28 00:00:00+03:00,15.0,15.100000381469727,14.699999809265137,15.069999694824219,396978,0.0,0.0
2024-10-30 00:00:00+03:00,15.069999694824219,15.899999618530273,14.920000076293945,15.300000190734863,1596416,0.0,0.0
2024-10-31 00:00:00+03:00,15.300000190734863,15.850000381469727,15.199999809265137,15.3100004196167,977097,0.0,0.0
2024-11-01 00:00:00+03:00,15.399999618530273,15.4399995803833,14.829999923706055,15.100000381469727,1010443,0.0,0.0
2024-11-04 00:00:00+03:00,15.100000381469727,15.100000381469727,14.4399995803833,14.619999885559082,682079,0.0,0.0
2024-11-05 00:00:00+03:00,14.880000114440918,14.880000114440918,14.449999809265137,14.729999542236328,580844,0.0,0.0
2024-11-06 00:00:00+03:00,14.630000114440918,14.90999984741211,14.5,14.619999885559082,892818,0.0,0.0
2024-11-07 00:00:00+03:00,14.609999656677246,15.0,14.399999618530273,14.640000343322754,973177,0.0,0.0
2024-11-08 00:00:00+03:00,14.600000381469727,14.649999618530273,14.029999732971191,14.039999961853027,2848958,0.0,0.0
2024-11-11 00:00:00+03:00,14.050000190734863,14.09000015258789,13.390000343322754,13.4399995803833,2984693,0.0,0.0
2024-11-12 00:00:00+03:00,13.399999618530273,13.399999618530273,13.199999809265137,13.220000267028809,994866,0.0,0.0
2024-11-13 00:00:00+03:00,13.300000190734863,13.5600004196167,13.010000228881836,13.460000038146973,1093661,0.0,0.0
2024-11-14 00:00:00+03:00,13.550000190734863,13.699999809265137,13.239999771118164,13.329999923706055,1187159,0.0,0.0
2024-11-15 00:00:00+03:00,13.390000343322754,13.869999885559082,13.319999694824219,13.789999961853027,1487915,0.0,0.0
2024-11-18 00:00:00+03:00,13.800000190734863,14.399999618530273,13.800000190734863,14.020000457763672,1894735,0.0,0.0
2024-11-19 00:00:00+03:00,14.109999656677246,14.119999885559082,13.5,13.59000015258789,627899,0.0,0.0
2024-11-20 00:00:00+03:00,13.640000343322754,13.75,13.25,13.25,623191,0.0,0.0
2024-11-21 00:00:00+03:00,13.319999694824219,13.569999694824219,13.3100004196167,13.489999771118164,300264,0.0,0.0
2024-11-22 00:00:00+03:00,13.470000267028809,13.739999771118164,13.399999618530273,13.720000267028809,500371,0.0,0.0
2024-11-25 00:00:00+03:00,14.0,14.0,13.520000457763672,13.720000267028809,456717,0.0,0.0
2024-11-26 00:00:00+03:00,13.720000267028809,13.899999618530273,13.550000190734863,13.710000038146973,771873,0.0,0.0
2024-11-27 00:00:00+03:00,13.90999984741211,13.90999984741211,13.65999984741211,13.710000038146973,1321885,0.0,0.0
2024-11-28 00:00:00+03:00,13.710000038146973,13.789999961853027,13.5,13.630000114440918,743731,0.0,0.0
2024-11-29 00:00:00+03:00,13.640000343322754,13.800000190734863,13.5,13.65999984741211,1134594,0.0,0.0
2024-12-02 00:00:00+03:00,13.619999885559082,13.899999618530273,13.40999984741211,13.890000343322754,1971354,0.0,0.0
2024-12-03 00:00:00+03:00,13.880000114440918,13.880000114440918,13.5,13.59000015258789,2404285,0.0,0.0
2024-12-04 00:00:00+03:00,13.59000015258789,13.75,13.489999771118164,13.65999984741211,1346373,0.0,0.0
2024-12-05 00:00:00+03:00,13.65999984741211,13.770000457763672,13.550000190734863,13.699999809265137,894945,0.0,0.0
2024-12-06 00:00:00+03:00,13.710000038146973,13.770000457763672,13.649999618530273,13.649999618530273,681984,0.0,0.0
2024-12-09 00:00:00+03:00,13.75,14.180000305175781,13.600000381469727,14.180000305175781,1708031,0.0,0.0
2024-12-10 00:00:00+03:00,14.180000305175781,15.239999771118164,14.079999923706055,14.5600004196167,4375359,0.0,0.0
2024-12-11 00:00:00+03:00,14.5600004196167,14.609999656677246,14.0,14.140000343322754,1578290,0.0,0.0
2024-12-12 00:00:00+03:00,14.140000343322754,15.039999961853027,14.140000343322754,14.65999984741211,2736790,0.0,0.0
2024-12-13 00:00:00+03:00,14.619999885559082,14.90999984741211,14.430000305175781,14.800000190734863,955595,0.0,0.0
2024-12-16 00:00:00+03:00,14.970000267028809,16.280000686645508,14.949999809265137,16.280000686645508,6421674,0.0,0.0
2024-12-17 00:00:00+03:00,16.510000228881836,17.399999618530273,15.800000190734863,15.8100004196167,7797580,0.0,0.0
2024-12-18 00:00:00+03:00,15.8100004196167,16.209999084472656,15.050000190734863,15.270000457763672,2260056,0.0,0.0
2024-12-19 00:00:00+03:00,15.289999961853027,16.09000015258789,15.100000381469727,15.300000190734863,2085483,0.0,0.0
2024-12-20 00:00:00+03:00,15.390000343322754,16.309999465942383,15.390000343322754,15.899999618530273,2585385,0.0,0.0
2024-12-23 00:00:00+03:00,16.010000228881836,16.270000457763672,15.40999984741211,15.630000114440918,1145121,0.0,0.0
2024-12-24 00:00:00+03:00,15.630000114440918,15.760000228881836,14.899999618530273,15.300000190734863,947518,0.0,0.0
2024-12-25 00:00:00+03:00,15.420000076293945,15.65999984741211,15.15999984741211,15.479999542236328,489900,0.0,0.0
2024-12-26 00:00:00+03:00,15.479999542236328,15.539999961853027,15.100000381469727,15.430000305175781,906006,0.0,0.0
2024-12-27 00:00:00+03:00,15.329999923706055,15.520000457763672,14.899999618530273,14.899999618530273,838237,0.0,0.0
2024-12-30 00:00:00+03:00,14.949999809265137,15.979999542236328,14.949999809265137,15.680000305175781,1428680,0.0,0.0
2024-12-31 00:00:00+03:00,15.670000076293945,16.110000610351562,15.399999618530273,15.960000038146973,1391377,0.0,0.0
2025-01-02 00:00:00+03:00,15.960000038146973,16.459999084472656,15.300000190734863,15.34000015258789,703595,0.0,0.0
2025-01-03 00:00:00+03:00,15.329999923706055,15.869999885559082,15.050000190734863,15.800000190734863,1172529,0.0,0.0
2025-01-06 00:00:00+03:00,15.850000381469727,16.1200008392334,15.579999923706055,15.829999923706055,896129,0.0,0.0
2025-01-07 00:00:00+03:00,15.880000114440918,15.960000038146973,15.510000228881836,15.800000190734863,331863,0.0,0.0
2025-01-08 00:00:00+03:00,16.200000762939453,16.399999618530273,15.760000228881836,15.869999885559082,1559730,0.0,0.0
2025-01-09 00:00:00+03:00,15.920000076293945,15.920000076293945,15.449999809265137,15.699999809265137,563950,0.0,0.0
2025-01-10 00:00:00+03:00,15.779999732971191,15.850000381469727,15.0600004196167,15.140000343322754,1066717,0.0,0.0
2025-01-13 00:00:00+03:00,15.140000343322754,15.289999961853027,14.90999984741211,15.09000015258789,783897,0.0,0.0
2025-01-14 00:00:00+03:00,15.140000343322754,15.430000305175781,15.029999732971191,15.0600004196167,785113,0.0,0.0
2025-01-15 00:00:00+03:00,15.300000190734863,15.300000190734863,14.8100004196167,14.970000267028809,550633,0.0,0.0
2025-01-16 00:00:00+03:00,15.109999656677246,15.449999809265137,15.0,15.100000381469727,660285,0.0,0.0
2025-01-17 00:00:00+03:00,15.100000381469727,15.100000381469727,14.920000076293945,14.949999809265137,487233,0.0,0.0
2025-01-20 00:00:00+03:00,15.069999694824219,15.09000015258789,14.8100004196167,14.8100004196167,541140,0.0,0.0
2025-01-21 00:00:00+03:00,14.8100004196167,14.850000381469727,14.40999984741211,14.479999542236328,644333,0.0,0.0
2025-01-22 00:00:00+03:00,14.479999542236328,14.869999885559082,14.359999656677246,14.5,679459,0.0,0.0
2025-01-23 00:00:00+03:00,14.510000228881836,14.680000305175781,14.399999618530273,14.399999618530273,336354,0.0,0.0
2025-01-24 00:00:00+03:00,14.399999618530273,15.199999809265137,14.300000190734863,14.829999923706055,1356378,0.0,0.0
2025-01-27 00:00:00+03:00,14.829999923706055,14.850000381469727,14.300000190734863,14.460000038146973,576093,0.0,0.0
2025-01-28 00:00:00+03:00,14.479999542236328,14.739999771118164,14.100000381469727,14.170000076293945,712691,0.0,0.0
2025-01-29 00:00:00+03:00,14.180000305175781,14.300000190734863,13.649999618530273,13.649999618530273,489365,0.0,0.0
2025-01-30 00:00:00+03:00,13.649999618530273,15.010000228881836,13.649999618530273,13.979999542236328,4357745,0.0,0.0
2025-01-31 00:00:00+03:00,13.970000267028809,14.34000015258789,13.850000381469727,14.220000267028809,794891,0.0,0.0
2025-02-03 00:00:00+03:00,13.899999618530273,14.199999809265137,13.819999694824219,13.829999923706055,534919,0.0,0.0
2025-02-04 00:00:00+03:00,13.869999885559082,14.039999961853027,13.800000190734863,13.8100004196167,596446,0.0,0.0
2025-02-05 00:00:00+03:00,13.84000015258789,14.079999923706055,13.649999618530273,13.989999771118164,868986,0.0,0.0
2025-02-06 00:00:00+03:00,14.0,14.319999694824219,13.930000305175781,14.079999923706055,476180,0.0,0.0
2025-02-07 00:00:00+03:00,14.079999923706055,14.460000038146973,14.010000228881836,14.350000381469727,549075,0.0,0.0
2025-02-10 00:00:00+03:00,14.350000381469727,14.5,14.100000381469727,14.239999771118164,305331,0.0,0.0
2025-02-11 00:00:00+03:00,14.050000190734863,14.350000381469727,13.970000267028809,14.149999618530273,492278,0.0,0.0
2025-02-12 00:00:00+03:00,14.029999732971191,14.260000228881836,13.800000190734863,13.979999542236328,348685,0.0,0.0
2025-02-13 00:00:00+03:00,13.729999542236328,14.329999923706055,13.729999542236328,14.0,258603,0.0,0.0
2025-02-14 00:00:00+03:00,14.0,14.369999885559082,14.0,14.25,438874,0.0,0.0
2025-02-17 00:00:00+03:00,14.15999984741211,14.34000015258789,13.9399995803833,14.039999961853027,265731,0.0,0.0
2025-02-18 00:00:00+03:00,14.039999961853027,14.1899995803833,13.850000381469727,14.069999694824219,430644,0.0,0.0
2025-02-19 00:00:00+03:00,14.180000305175781,14.1899995803833,13.899999618530273,13.899999618530273,416647,0.0,0.0
2025-02-20 00:00:00+03:00,13.899999618530273,14.329999923706055,13.720000267028809,14.140000343322754,450557,0.0,0.0
2025-02-21 00:00:00+03:00,14.140000343322754,14.180000305175781,13.789999961853027,13.899999618530273,321181,0.0,0.0
2025-02-24 00:00:00+03:00,13.930000305175781,15.180000305175781,13.930000305175781,15.130000114440918,1577933,0.0,0.0
2025-02-25 00:00:00+03:00,15.130000114440918,15.130000114440918,14.140000343322754,14.149999618530273,1112323,0.0,0.0
2025-02-26 00:00:00+03:00,14.170000076293945,14.25,13.880000114440918,13.920000076293945,528423,0.0,0.0
2025-02-27 00:00:00+03:00,13.869999885559082,15.119999885559082,13.869999885559082,14.479999542236328,1916233,0.0,0.0
2025-02-28 00:00:00+03:00,14.479999542236328,15.079999923706055,14.130000114440918,14.699999809265137,1729193,0.0,0.0
2025-03-03 00:00:00+03:00,14.699999809265137,14.800000190734863,14.199999809265137,14.329999923706055,763240,0.0,0.0
2025-03-04 00:00:00+03:00,14.34000015258789,14.479999542236328,14.0600004196167,14.300000190734863,613854,0.0,0.0
2025-03-05 00:00:00+03:00,14.300000190734863,14.5,14.15999984741211,14.380000114440918,385448,0.0,0.0
2025-03-06 00:00:00+03:00,14.390000343322754,14.6899995803833,14.319999694824219,14.529999732971191,638906,0.0,0.0
2025-03-07 00:00:00+03:00,14.640000343322754,14.930000305175781,14.4399995803833,14.670000076293945,586009,0.0,0.0
2025-03-10 00:00:00+03:00,14.670000076293945,15.199999809265137,14.600000381469727,14.739999771118164,600698,0.0,0.0
2025-03-11 00:00:00+03:00,14.960000038146973,14.960000038146973,14.5,14.649999618530273,403348,0.0,0.0
2025-03-12 00:00:00+03:00,14.649999618530273,14.800000190734863,14.300000190734863,14.699999809265137,693362,0.0,0.0
2025-03-13 00:00:00+03:00,14.699999809265137,15.850000381469727,14.699999809265137,15.649999618530273,2205588,0.0,0.0
2025-03-14 00:00:00+03:00,15.920000076293945,16.559999465942383,15.319999694824219,15.359999656677246,2350397,0.0,0.0
2025-03-17 00:00:00+03:00,15.359999656677246,16.15999984741211,15.15999984741211,15.6899995803833,1166443,0.0,0.0
2025-03-18 00:00:00+03:00,15.539999961853027,15.630000114440918,15.149999618530273,15.319999694824219,567130,0.0,0.0
2025-03-19 00:00:00+03:00,14.699999809265137,15.0,14.199999809265137,14.930000305175781,946135,0.0,0.0
2025-03-20 00:00:00+03:00,14.430000305175781,15.489999771118164,14.430000305175781,15.069999694824219,783768,0.0,0.0
2025-03-21 00:00:00+03:00,14.930000305175781,15.5,14.069999694824219,14.880000114440918,1427474,0.0,0.0
2025-03-24 00:00:00+03:00,14.859999656677246,15.329999923706055,14.199999809265137,14.380000114440918,691843,0.0,0.0
2025-03-25 00:00:00+03:00,14.479999542236328,15.34000015258789,14.479999542236328,15.3100004196167,925792,0.0,0.0
2025-03-26 00:00:00+03:00,15.140000343322754,15.800000190734863,15.0,15.640000343322754,619647,0.0,0.0
2025-03-27 00:00:00+03:00,15.59000015258789,16.68000030517578,15.470000267028809,15.850000381469727,2795739,0.0,0.0
2025-03-28 00:00:00+03:00,15.850000381469727,16.200000762939453,15.170000076293945,16.030000686645508,781578,0.0,0.0
2025-04-02 00:00:00+03:00,16.030000686645508,16.030000686645508,15.569999694824219,15.619999885559082,794446,0.0,0.0
2025-04-03 00:00:00+03:00,15.619999885559082,15.8100004196167,15.3100004196167,15.34000015258789,566146,0.0,0.0
2025-04-04 00:00:00+03:00,15.34000015258789,15.850000381469727,15.180000305175781,15.270000457763672,581021,0.0,0.0
2025-04-07 00:00:00+03:00,15.279999732971191,15.279999732971191,14.699999809265137,15.069999694824219,710886,0.0,0.0
2025-04-08 00:00:00+03:00,15.100000381469727,15.350000381469727,15.0,15.09000015258789,504784,0.0,0.0
2025-04-09 00:00:00+03:00,15.0,15.739999771118164,14.930000305175781,15.149999618530273,701644,0.0,0.0
2025-04-10 00:00:00+03:00,15.430000305175781,15.699999809265137,15.199999809265137,15.350000381469727,534273,0.0,0.0
2025-04-11 00:00:00+03:00,15.350000381469727,16.0,15.109999656677246,15.890000343322754,806433,0.0,0.0
2025-04-14 00:00:00+03:00,16.299999237060547,16.350000381469727,15.579999923706055,15.600000381469727,862530,0.0,0.0
2025-04-15 00:00:00+03:00,15.600000381469727,16.510000228881836,15.529999732971191,16.299999237060547,1766227,0.0,0.0
2025-04-16 00:00:00+03:00,16.299999237060547,17.700000762939453,16.219999313354492,16.780000686645508,4660750,0.0,0.0
2025-04-17 00:00:00+03:00,16.780000686645508,17.690000534057617,16.399999618530273,17.25,2353978,0.0,0.0
2025-04-18 00:00:00+03:00,17.5,17.579999923706055,16.6299991607666,16.899999618530273,938741,0.0,0.0
2025-04-21 00:00:00+03:00,16.799999237060547,17.239999771118164,16.0,16.899999618530273,1421761,0.0,0.0
2025-04-22 00:00:00+03:00,16.899999618530273,18.260000228881836,16.719999313354492,18.100000381469727,3122823,0.0,0.0
2025-04-24 00:00:00+03:00,17.979999542236328,19.34000015258789,17.549999237060547,18.780000686645508,2995155,0.0,0.0
2025-04-25 00:00:00+03:00,18.399999618530273,18.84000015258789,18.290000915527344,18.299999237060547,1379195,0.0,0.0
2025-04-28 00:00:00+03:00,18.299999237060547,18.489999771118164,17.489999771118164,17.489999771118164,1361035,0.0,0.0
2025-04-29 00:00:00+03:00,17.5,18.520000457763672,17.5,17.600000381469727,1429831,0.0,0.0
2025-04-30 00:00:00+03:00,17.450000762939453,17.84000015258789,16.8799991607666,17.170000076293945,954512,0.0,0.0
2025-05-02 00:00:00+03:00,17.170000076293945,17.290000915527344,16.200000762939453,16.40999984741211,1688953,0.0,0.0
2025-05-05 00:00:00+03:00,16.40999984741211,16.6200008392334,16.0,16.200000762939453,1095880,0.0,0.0
2025-05-06 00:00:00+03:00,16.1299991607666,16.75,15.600000381469727,15.649999618530273,1157442,0.0,0.0
2025-05-07 00:00:00+03:00,15.649999618530273,15.6899995803833,15.399999618530273,15.539999961853027,726263,0.0,0.0
2025-05-08 00:00:00+03:00,15.539999961853027,15.760000228881836,15.399999618530273,15.670000076293945,333025,0.0,0.0
2025-05-09 00:00:00+03:00,15.619999885559082,16.170000076293945,15.430000305175781,16.059999465942383,1117723,0.0,0.0
2025-05-12 00:00:00+03:00,16.209999084472656,16.670000076293945,16.0,16.360000610351562,1136495,0.0,0.0
2025-05-13 00:00:00+03:00,16.56999969482422,16.56999969482422,15.680000305175781,15.899999618530273,1161484,0.0,0.0
2025-05-14 00:00:00+03:00,15.850000381469727,16.020000457763672,15.710000038146973,15.829999923706055,498403,0.0,0.0
2025-05-15 00:00:00+03:00,15.9399995803833,16.469999313354492,15.699999809265137,16.1299991607666,1209122,0.0,0.0
2025-05-16 00:00:00+03:00,16.1299991607666,16.3700008392334,16.0,16.280000686645508,535799,0.0,0.0
2025-05-20 00:00:00+03:00,16.280000686645508,16.670000076293945,16.0,16.170000076293945,795462,0.0,0.0
2025-05-21 00:00:00+03:00,16.149999618530273,16.149999618530273,15.600000381469727,15.600000381469727,1057135,0.0,0.0
2025-05-22 00:00:00+03:00,15.460000038146973,15.6899995803833,15.100000381469727,15.460000038146973,607454,0.0,0.0
2025-05-23 00:00:00+03:00,15.449999809265137,16.139999389648438,15.430000305175781,15.640000343322754,827522,0.0,0.0
2025-05-26 00:00:00+03:00,15.720000267028809,17.200000762939453,15.720000267028809,17.200000762939453,6375142,0.0,0.0
2025-05-27 00:00:00+03:00,17.799999237060547,18.0,15.479999542236328,16.280000686645508,6694999,0.0,0.0
2025-05-28 00:00:00+03:00,16.700000762939453,17.600000381469727,16.600000381469727,17.0,6342183,0.0,0.0
2025-05-29 00:00:00+03:00,17.0,17.329999923706055,15.9399995803833,16.18000030517578,2216848,0.0,0.0
2025-05-30 00:00:00+03:00,16.209999084472656,16.450000762939453,15.850000381469727,16.399999618530273,1264133,0.0,0.0
2025-06-02 00:00:00+03:00,16.5,16.600000381469727,15.539999961853027,15.539999961853027,1051346,0.0,0.0
2025-06-03 00:00:00+03:00,15.739999771118164,15.829999923706055,15.399999618530273,15.510000228881836,1337318,0.0,0.0
2025-06-04 00:00:00+03:00,15.5,16.8700008392334,15.350000381469727,16.610000610351562,1703326,0.0,0.0
2025-06-05 00:00:00+03:00,16.610000610351562,17.200000762939453,16.549999237060547,16.770000457763672,626296,0.0,0.0
2025-06-10 00:00:00+03:00,16.760000228881836,17.459999084472656,16.75,17.299999237060547,1252745,0.0,0.0
2025-06-11 00:00:00+03:00,17.18000030517578,17.260000228881836,16.700000762939453,16.700000762939453,886737,0.0,0.0
2025-06-12 00:00:00+03:00,16.700000762939453,17.139999389648438,16.350000381469727,16.350000381469727,1000661,0.0,0.0
2025-06-13 00:00:00+03:00,16.020000457763672,16.31999969482422,15.600000381469727,16.25,1397418,0.0,0.0
2025-06-16 00:00:00+03:00,16.200000762939453,16.639999389648438,15.949999809265137,16.18000030517578,615704,0.0,0.0
2025-06-17 00:00:00+03:00,16.18000030517578,16.6299991607666,16.020000457763672,16.540000915527344,788960,0.0,0.0
2025-06-18 00:00:00+03:00,16.510000228881836,16.700000762939453,15.6899995803833,15.6899995803833,835029,0.0,0.0
2025-06-19 00:00:00+03:00,15.6899995803833,15.930000305175781,15.619999885559082,15.680000305175781,662765,0.0,0.0
2025-06-20 00:00:00+03:00,15.699999809265137,16.1200008392334,15.600000381469727,15.600000381469727,620631,0.0,0.0
2025-06-23 00:00:00+03:00,15.670000076293945,15.670000076293945,15.079999923706055,15.119999885559082,659301,0.0,0.0
2025-06-24 00:00:00+03:00,15.25,15.6899995803833,15.25,15.539999961853027,563270,0.0,0.0
2025-06-25 00:00:00+03:00,16.09000015258789,16.09000015258789,15.460000038146973,15.460000038146973,575416,0.0,0.0
2025-06-26 00:00:00+03:00,15.489999771118164,15.779999732971191,15.430000305175781,15.630000114440918,511495,0.0,0.0
2025-06-27 00:00:00+03:00,15.649999618530273,16.780000686645508,15.5,16.299999237060547,1289046,0.0,0.0
2025-06-30 00:00:00+03:00,16.299999237060547,17.8700008392334,16.1200008392334,17.420000076293945,2713602,0.0,0.0
2025-07-01 00:00:00+03:00,17.610000610351562,17.84000015258789,17.0,17.229999542236328,1115027,0.0,0.0
2025-07-02 00:00:00+03:00,17.229999542236328,17.68000030517578,16.75,17.170000076293945,722198,0.0,0.0
2025-07-03 00:00:00+03:00,17.200000762939453,17.450000762939453,16.989999771118164,17.25,774609,0.0,0.0
2025-07-04 00:00:00+03:00,17.260000228881836,17.5,17.040000915527344,17.149999618530273,595277,0.0,0.0
2025-07-07 00:00:00+03:00,16.850000381469727,17.3799991607666,16.850000381469727,17.1200008392334,612123,0.0,0.0
2025-07-08 00:00:00+03:00,17.139999389648438,17.440000534057617,16.899999618530273,17.139999389648438,819654,0.0,0.0
2025-07-09 00:00:00+03:00,17.139999389648438,17.25,16.559999465942383,16.600000381469727,841269,0.0,0.0
2025-07-10 00:00:00+03:00,16.6200008392334,16.899999618530273,16.6200008392334,16.809999465942383,417490,0.0,0.0
2025-07-11 00:00:00+03:00,16.799999237060547,17.200000762939453,16.5,16.790000915527344,872211,0.0,0.0
2025-07-14 00:00:00+03:00,16.75,17.059999465942383,16.6200008392334,16.6200008392334,737972,0.0,0.0
2025-07-16 00:00:00+03:00,16.649999618530273,17.469999313354492,16.649999618530273,17.049999237060547,1711369,0.0,0.0
2025-07-17 00:00:00+03:00,17.059999465942383,17.399999618530273,16.920000076293945,17.239999771118164,973519,0.0,0.0
2025-07-18 00:00:00+03:00,17.100000381469727,17.420000076293945,16.84000015258789,17.15999984741211,1338449,0.0,0.0
2025-07-21 00:00:00+03:00,17.469999313354492,18.25,17.299999237060547,17.739999771118164,2088092,0.0,0.0
2025-07-22 00:00:00+03:00,17.780000686645508,18.239999771118164,17.649999618530273,17.790000915527344,1292897,0.0,0.0
2025-07-23 00:00:00+03:00,17.790000915527344,18.1200008392334,17.40999984741211,17.5,1201607,0.0,0.0
2025-07-24 00:00:00+03:00,17.360000610351562,17.84000015258789,17.149999618530273,17.59000015258789,698128,0.0,0.0
2025-07-25 00:00:00+03:00,17.6299991607666,19.200000762939453,17.360000610351562,18.760000228881836,4883726,0.0,0.0
2025-07-28 00:00:00+03:00,18.850000381469727,20.6200008392334,18.829999923706055,20.6200008392334,2126686,0.0,0.0
2025-07-29 00:00:00+03:00,21.739999771118164,22.68000030517578,21.0,21.3799991607666,18738725,0.0,0.0
2025-07-30 00:00:00+03:00,21.31999969482422,21.31999969482422,19.600000381469727,19.899999618530273,5976539,0.0,0.0
2025-07-31 00:00:00+03:00,19.93000030517578,21.200000762939453,19.799999237060547,20.040000915527344,4941690,0.0,0.0
2025-08-01 00:00:00+03:00,20.040000915527344,22.040000915527344,19.8700008392334,20.479999542236328,11721983,0.0,0.0
2025-08-04 00:00:00+03:00,20.479999542236328,21.739999771118164,20.479999542236328,20.899999618530273,5315079,0.0,0.0
2025-08-05 00:00:00+03:00,21.280000686645508,21.280000686645508,20.31999969482422,20.3799991607666,2537521,0.0,0.0
2025-08-06 00:00:00+03:00,20.200000762939453,21.799999237060547,19.950000762939453,20.860000610351562,7395997,0.0,0.0
2025-08-07 00:00:00+03:00,20.940000534057617,21.459999084472656,20.6200008392334,20.6200008392334,3155193,0.0,0.0
2025-08-08 00:00:00+03:00,20.700000762939453,21.34000015258789,20.299999237060547,20.34000015258789,3290419,0.0,0.0
2025-08-11 00:00:00+03:00,20.399999618530273,21.219999313354492,20.399999618530273,20.760000228881836,2620790,0.0,0.0
2025-08-12 00:00:00+03:00,20.979999542236328,22.31999969482422,20.600000381469727,20.84000015258789,5475507,0.0,0.0
2025-08-13 00:00:00+03:00,21.0,21.34000015258789,20.31999969482422,20.84000015258789,3028943,0.0,0.0
2025-08-14 00:00:00+03:00,20.860000610351562,21.639999389648438,20.760000228881836,21.1200008392334,2737860,0.0,0.0
2025-08-15 00:00:00+03:00,21.219999313354492,22.139999389648438,20.979999542236328,21.1200008392334,2881693,0.0,0.0
2025-08-18 00:00:00+03:00,21.5,21.65999984741211,20.899999618530273,21.200000762939453,2544943,0.0,0.0
2025-08-19 00:00:00+03:00,20.719999313354492,22.239999771118164,20.600000381469727,21.780000686645508,5906389,0.0,0.0
2025-08-20 00:00:00+03:00,21.579999923706055,23.940000534057617,21.579999923706055,23.520000457763672,11603262,0.0,0.0
2025-08-21 00:00:00+03:00,23.600000381469727,25.5,22.600000381469727,24.579999923706055,6249253,0.0,0.0
2025-08-22 00:00:00+03:00,24.600000381469727,26.440000534057617,24.360000610351562,25.34000015258789,6439736,0.0,0.0
2025-08-25 00:00:00+03:00,25.3799991607666,25.700000762939453,24.440000534057617,24.440000534057617,2543440,0.0,0.0
2025-08-26 00:00:00+03:00,24.440000534057617,25.139999389648438,24.040000915527344,24.040000915527344,2302800,0.0,0.0
2025-08-27 00:00:00+03:00,24.18000030517578,26.200000762939453,24.15999984741211,25.0,5201943,0.0,0.0
2025-08-28 00:00:00+03:00,25.0,25.5,24.18000030517578,24.18000030517578,3648040,0.0,0.0
2025-08-29 00:00:00+03:00,24.34000015258789,25.459999084472656,24.239999771118164,24.959999084472656,2580124,0.0,0.0
2025-09-01 00:00:00+03:00,25.139999389648438,26.31999969482422,24.6200008392334,25.579999923706055,2982400,0.0,0.0
2025-09-02 00:00:00+03:00,25.579999923706055,26.040000915527344,23.040000915527344,24.280000686645508,3254888,0.0,0.0
2025-09-03 00:00:00+03:00,24.280000686645508,24.780000686645508,24.0,24.280000686645508,2665901,0.0,0.0
2025-09-04 00:00:00+03:00,24.299999237060547,24.979999542236328,24.1200008392334,24.459999084472656,2407395,0.0,0.0
2025-09-05 00:00:00+03:00,24.479999542236328,24.860000610351562,22.34000015258789,22.34000015258789,3758418,0.0,0.0
2025-09-08 00:00:00+03:00,21.6200008392334,22.600000381469727,21.600000381469727,21.860000610351562,1651183,0.0,0.0
2025-09-09 00:00:00+03:00,22.0,22.360000610351562,21.3799991607666,21.3799991607666,1369032,0.0,0.0
2025-09-10 00:00:00+03:00,21.5,21.559999465942383,20.799999237060547,20.799999237060547,1614819,0.0,0.0
2025-09-11 00:00:00+03:00,20.799999237060547,21.540000915527344,20.34000015258789,20.34000015258789,1960948,0.0,0.0
2025-09-12 00:00:00+03:00,20.5,20.68000030517578,19.829999923706055,19.860000610351562,1514277,0.0,0.0
2025-09-15 00:00:00+03:00,20.0,21.84000015258789,19.65999984741211,21.219999313354492,1460126,0.0,0.0
2025-09-16 00:00:00+03:00,21.260000228881836,22.15999984741211,21.260000228881836,21.8799991607666,1262923,0.0,0.0
2025-09-17 00:00:00+03:00,21.8799991607666,22.020000457763672,21.3799991607666,21.420000076293945,1045456,0.0,0.0
2025-09-18 00:00:00+03:00,21.420000076293945,22.1200008392334,21.1200008392334,21.1200008392334,1461105,0.0,0.0
2025-09-19 00:00:00+03:00,21.15999984741211,21.360000610351562,20.260000228881836,20.739999771118164,1890326,0.0,0.0
2025-09-22 00:00:00+03:00,21.200000762939453,21.700000762939453,20.979999542236328,21.5,2178019,0.0,0.0
2025-09-23 00:00:00+03:00,21.420000076293945,21.440000534057617,19.729999542236328,19.75,3478363,0.0,0.0
2025-09-24 00:00:00+03:00,19.760000228881836,19.989999771118164,19.0,19.0,1979622,0.0,0.0
2025-09-25 00:00:00+03:00,19.020000457763672,19.190000534057617,18.59000015258789,18.75,1768934,0.0,0.0
2025-09-26 00:00:00+03:00,18.84000015258789,19.280000686645508,18.700000762939453,18.700000762939453,1633955,0.0,0.0
2025-09-29 00:00:00+03:00,18.700000762939453,18.760000228881836,18.200000762939453,18.399999618530273,1404372,0.0,0.0
2025-09-30 00:00:00+03:00,18.40999984741211,18.59000015258789,17.780000686645508,17.959999084472656,1549334,0.0,0.0
2025-10-01 00:00:00+03:00,17.889999389648438,18.90999984741211,17.889999389648438,18.5,2665764,0.0,0.0
2025-10-02 00:00:00+03:00,18.5,19.799999237060547,16.649999618530273,16.649999618530273,7532921,0.0,0.0
2025-10-03 00:00:00+03:00,16.670000076293945,16.959999084472656,15.449999809265137,16.219999313354492,8534711,0.0,0.0
2025-10-06 00:00:00+03:00,16.219999313354492,16.329999923706055,15.670000076293945,15.670000076293945,2388188,0.0,0.0
2025-10-07 00:00:00+03:00,15.649999618530273,16.1200008392334,15.460000038146973,15.680000305175781,3099716,0.0,0.0
2025-10-08 00:00:00+03:00,15.6899995803833,16.280000686645508,15.5,15.569999694824219,4478824,0.0,0.0
2025-10-09 00:00:00+03:00,15.699999809265137,15.970000267028809,15.619999885559082,15.729999542236328,1623149,0.0,0.0
2025-10-10 00:00:00+03:00,15.760000228881836,16.309999465942383,15.760000228881836,16.040000915527344,2160528,0.0,0.0
2025-10-13 00:00:00+03:00,16.049999237060547,16.559999465942383,15.25,15.520000457763672,2117195,0.0,0.0
2025-10-14 00:00:00+03:00,15.319999694824219,15.720000267028809,15.0,15.0,1534236,0.0,0.0
2025-10-15 00:00:00+03:00,15.15999984741211,15.539999961853027,15.100000381469727,15.3100004196167,1065336,0.0,0.0
2025-10-16 00:00:00+03:00,15.100000381469727,15.670000076293945,15.100000381469727,15.4399995803833,939827,0.0,0.0
2025-10-17 00:00:00+03:00,15.100000381469727,15.880000114440918,14.989999771118164,15.430000305175781,2233695,0.0,0.0
2025-10-20 00:00:00+03:00,15.510000228881836,15.850000381469727,15.449999809265137,15.75,1279204,0.0,0.0
2025-10-21 00:00:00+03:00,15.899999618530273,15.899999618530273,15.529999732971191,15.609999656677246,1108949,0.0,0.0
2025-10-22 00:00:00+03:00,15.619999885559082,15.920000076293945,15.609999656677246,15.75,1074938,0.0,0.0
2025-10-23 00:00:00+03:00,15.75,16.5,15.699999809265137,15.720000267028809,2095402,0.0,0.0
2025-10-24 00:00:00+03:00,15.760000228881836,16.809999465942383,15.760000228881836,16.540000915527344,2030929,0.0,0.0
2025-10-27 00:00:00+03:00,16.729999542236328,16.940000534057617,16.219999313354492,16.280000686645508,1088763,0.0,0.0
2025-10-28 00:00:00+03:00,16.31999969482422,16.440000534057617,16.030000686645508,16.110000610351562,518190,0.0,0.0
2025-10-30 00:00:00+03:00,16.110000610351562,16.469999313354492,16.079999923706055,16.15999984741211,1179551,0.0,0.0
2025-10-31 00:00:00+03:00,16.219999313354492,16.520000457763672,15.930000305175781,16.5,2269626,0.0,0.0
2025-11-03 00:00:00+03:00,16.6200008392334,16.709999084472656,16.3700008392334,16.3700008392334,1298242,0.0,0.0
2025-11-04 00:00:00+03:00,16.520000457763672,16.549999237060547,15.699999809265137,15.920000076293945,1193521,0.0,0.0
2025-11-05 00:00:00+03:00,15.920000076293945,16.079999923706055,15.739999771118164,15.899999618530273,967902,0.0,0.0
2025-11-06 00:00:00+03:00,15.930000305175781,16.190000534057617,15.930000305175781,16.049999237060547,920958,0.0,0.0
2025-11-07 00:00:00+03:00,16.049999237060547,16.079999923706055,15.800000190734863,15.949999809265137,766094,0.0,0.0
2025-11-10 00:00:00+03:00,15.920000076293945,16.0,15.720000267028809,15.800000190734863,517306,0.0,0.0
2025-11-11 00:00:00+03:00,15.770000457763672,15.800000190734863,15.09000015258789,15.350000381469727,1273164,0.0,0.0
2025-11-12 00:00:00+03:00,15.350000381469727,15.609999656677246,15.100000381469727,15.100000381469727,939575,0.0,0.0
2025-11-13 00:00:00+03:00,15.050000190734863,15.329999923706055,15.050000190734863,15.149999618530273,774349,0.0,0.0
2025-11-14 00:00:00+03:00,15.149999618530273,15.789999961853027,15.050000190734863,15.789999961853027,1159065,0.0,0.0
2025-11-17 00:00:00+03:00,16.0,16.15999984741211,15.760000228881836,15.890000343322754,1037503,0.0,0.0
2025-11-18 00:00:00+03:00,15.890000343322754,17.059999465942383,15.579999923706055,15.6899995803833,2812995,0.0,0.0
2025-11-19 00:00:00+03:00,15.6899995803833,15.84000015258789,15.40999984741211,15.5,1025826,0.0,0.0
2025-11-20 00:00:00+03:00,15.470000267028809,15.729999542236328,15.420000076293945,15.609999656677246,932165,0.0,0.0
2025-11-21 00:00:00+03:00,15.609999656677246,16.25,15.539999961853027,16.190000534057617,1884814,0.0,0.0
2025-11-24 00:00:00+03:00,16.170000076293945,16.559999465942383,15.8100004196167,15.850000381469727,1231604,0.0,0.0
2025-11-25 00:00:00+03:00,15.850000381469727,16.100000381469727,15.640000343322754,15.829999923706055,881118,0.0,0.0
2025-11-26 00:00:00+03:00,15.869999885559082,16.0,15.520000457763672,15.550000190734863,750725,0.0,0.0
2025-11-27 00:00:00+03:00,15.600000381469727,15.770000457763672,15.5,15.619999885559082,452526,0.0,0.0
2025-11-28 00:00:00+03:00,15.670000076293945,16.440000534057617,15.609999656677246,16.200000762939453,1900876,0.0,0.0
2025-12-01 00:00:00+03:00,16.510000228881836,16.530000686645508,15.720000267028809,16.229999542236328,1197170,0.0,0.0
2025-12-02 00:00:00+03:00,16.209999084472656,16.299999237060547,15.989999771118164,16.260000228881836,628196,0.0,0.0
2025-12-03 00:00:00+03:00,16.31999969482422,16.540000915527344,16.100000381469727,16.1299991607666,1088834,0.0,0.0
2025-12-04 00:00:00+03:00,16.1299991607666,16.350000381469727,16.0,16.1200008392334,632565,0.0,0.0
2025-12-05 00:00:00+03:00,16.09000015258789,16.299999237060547,15.989999771118164,16.290000915527344,551889,0.0,0.0
2025-12-08 00:00:00+03:00,16.3799991607666,16.450000762939453,16.030000686645508,16.059999465942383,689538,0.0,0.0
2025-12-09 00:00:00+03:00,16.3700008392334,16.510000228881836,15.859999656677246,16.3799991607666,1558227,0.0,0.0
2025-12-10 00:00:00+03:00,16.489999771118164,16.489999771118164,16.139999389648438,16.149999618530273,681347,0.0,0.0
2025-12-11 00:00:00+03:00,16.229999542236328,16.3700008392334,16.049999237060547,16.18000030517578,671860,0.0,0.0
2025-12-12 00:00:00+03:00,16.209999084472656,16.25,16.030000686645508,16.110000610351562,453094,0.0,0.0
2025-12-15 00:00:00+03:00,16.209999084472656,16.280000686645508,15.760000228881836,15.880000114440918,1145640,0.0,0.0
2025-12-16 00:00:00+03:00,15.970000267028809,16.0,15.8100004196167,15.890000343322754,413896,0.0,0.0
2025-12-17 00:00:00+03:00,15.90999984741211,15.920000076293945,15.600000381469727,15.649999618530273,567998,0.0,0.0
2025-12-18 00:00:00+03:00,15.699999809265137,15.800000190734863,15.6899995803833,15.779999732971191,514427,0.0,0.0
2025-12-19 00:00:00+03:00,15.779999732971191,16.100000381469727,15.640000343322754,15.899999618530273,1060325,0.0,0.0
2025-12-22 00:00:00+03:00,15.899999618530273,16.100000381469727,15.699999809265137,15.75,670641,0.0,0.0
2025-12-23 00:00:00+03:00,15.75,15.829999923706055,15.600000381469727,15.770000457763672,455443,0.0,0.0
2025-12-24 00:00:00+03:00,15.699999809265137,15.850000381469727,15.510000228881836,15.550000190734863,374652,0.0,0.0
2025-12-25 00:00:00+03:00,15.5600004196167,15.720000267028809,15.029999732971191,15.59000015258789,443062,0.0,0.0
2025-12-26 00:00:00+03:00,15.399999618530273,16.049999237060547,15.399999618530273,16.040000915527344,1309668,0.0,0.0
2025-12-29 00:00:00+03:00,16.040000915527344,16.229999542236328,15.5,15.609999656677246,784217,0.0,0.0
2025-12-30 00:00:00+03:00,15.619999885559082,16.100000381469727,15.449999809265137,15.949999809265137,953216,0.0,0.0
2025-12-31 00:00:00+03:00,15.949999809265137,16.790000915527344,15.8100004196167,16.690000534057617,1908263,0.0,0.0
2026-01-02 00:00:00+03:00,16.690000534057617,17.059999465942383,15.859999656677246,16.219999313354492,2748694,0.0,0.0
2026-01-05 00:00:00+03:00,16.139999389648438,16.139999389648438,15.399999618530273,15.600000381469727,1512818,0.0,0.0
2026-01-06 00:00:00+03:00,15.609999656677246,15.800000190734863,15.4399995803833,15.649999618530273,1294227,0.0,0.0
2026-01-07 00:00:00+03:00,15.670000076293945,16.579999923706055,15.670000076293945,16.270000457763672,3097984,0.0,0.0
2026-01-08 00:00:00+03:00,16.270000457763672,16.600000381469727,16.1200008392334,16.489999771118164,1427903,0.0,0.0
2026-01-09 00:00:00+03:00,16.610000610351562,17.899999618530273,16.34000015258789,17.5,5462127,0.0,0.0
2026-01-12 00:00:00+03:00,18.149999618530273,19.15999984741211,17.5,17.600000381469727,9759377,0.0,0.0
2026-01-13 00:00:00+03:00,17.59000015258789,17.610000610351562,16.729999542236328,16.950000762939453,4172420,0.0,0.0
2026-01-14 00:00:00+03:00,17.049999237060547,17.200000762939453,16.5,16.56999969482422,2702309,0.0,0.0
2026-01-15 00:00:00+03:00,16.40999984741211,17.399999618530273,16.40999984741211,17.110000610351562,2393952,0.0,0.0
2026-01-16 00:00:00+03:00,17.149999618530273,17.34000015258789,17.0,17.200000762939453,1601110,0.0,0.0
2026-01-19 00:00:00+03:00,17.200000762939453,17.280000686645508,16.770000457763672,16.770000457763672,1843416,0.0,0.0
2026-01-20 00:00:00+03:00,16.770000457763672,16.850000381469727,16.489999771118164,16.6200008392334,1148806,0.0,0.0
2026-01-21 00:00:00+03:00,16.530000686645508,17.149999618530273,16.149999618530273,17.06999969482422,2437932,0.0,0.0
2026-01-22 00:00:00+03:00,17.149999618530273,17.5,16.8799991607666,17.219999313354492,3914311,0.0,0.0
2026-01-23 00:00:00+03:00,17.229999542236328,17.420000076293945,17.030000686645508,17.170000076293945,3193234,0.0,0.0
2026-01-26 00:00:00+03:00,17.149999618530273,17.170000076293945,16.780000686645508,17.06999969482422,1953683,0.0,0.0
2026-01-27 00:00:00+03:00,17.06999969482422,17.15999984741211,16.729999542236328,16.729999542236328,1715345,0.0,0.0
2026-01-28 00:00:00+03:00,16.729999542236328,16.84000015258789,16.469999313354492,16.709999084472656,1640295,0.0,0.0
2026-01-29 00:00:00+03:00,16.739999771118164,16.860000610351562,16.440000534057617,16.670000076293945,1460934,0.0,0.0
2026-01-30 00:00:00+03:00,16.68000030517578,16.729999542236328,16.100000381469727,16.329999923706055,2118643,0.0,0.0
2026-02-02 00:00:00+03:00,16.329999923706055,16.469999313354492,15.859999656677246,16.329999923706055,1029037,0.0,0.0
2026-02-03 00:00:00+03:00,16.5,16.520000457763672,16.0,16.139999389648438,921299,0.0,0.0
2026-02-04 00:00:00+03:00,16.139999389648438,16.440000534057617,16.139999389648438,16.209999084472656,1321802,0.0,0.0
2026-02-05 00:00:00+03:00,16.149999618530273,16.309999465942383,16.0,16.030000686645508,908195,0.0,0.0
2026-02-06 00:00:00+03:00,16.0,16.350000381469727,15.819999694824219,16.15999984741211,872312,0.0,0.0
2026-02-09 00:00:00+03:00,16.190000534057617,16.670000076293945,16.190000534057617,16.489999771118164,2104733,0.0,0.0
2026-02-10 00:00:00+03:00,16.489999771118164,16.780000686645508,16.25,16.299999237060547,1461337,0.0,0.0
2026-02-11 00:00:00+03:00,16.290000915527344,16.549999237060547,15.65999984741211,16.309999465942383,1631303,0.0,0.0
2026-02-12 00:00:00+03:00,16.31999969482422,16.56999969482422,16.299999237060547,16.40999984741211,1180179,0.0,0.0
2026-02-13 00:00:00+03:00,16.3700008392334,16.719999313354492,16.3700008392334,16.610000610351562,1856426,0.0,0.0
2026-02-16 00:00:00+03:00,16.889999389648438,16.90999984741211,16.65999984741211,16.850000381469727,1632357,0.0,0.0
2026-02-17 00:00:00+03:00,16.850000381469727,18.059999465942383,16.739999771118164,17.149999618530273,6518449,0.0,0.0
2026-02-18 00:00:00+03:00,17.200000762939453,17.31999969482422,16.84000015258789,16.899999618530273,3552896,0.0,0.0
2026-02-19 00:00:00+03:00,16.809999465942383,16.959999084472656,15.899999618530273,16.100000381469727,2069680,0.0,0.0
2026-02-20 00:00:00+03:00,16.299999237060547,16.299999237060547,16.049999237060547,16.200000762939453,1103846,0.0,0.0
2026-02-23 00:00:00+03:00,16.360000610351562,16.489999771118164,15.220000267028809,15.399999618530273,3480699,0.0,0.0
2026-02-24 00:00:00+03:00,15.640000343322754,15.699999809265137,15.239999771118164,15.319999694824219,1438231,0.0,0.0
2026-02-25 00:00:00+03:00,15.300000190734863,15.359999656677246,15.0,15.020000457763672,1218825,0.0,0.0
2026-02-26 00:00:00+03:00,15.020000457763672,15.130000114440918,14.899999618530273,14.970000267028809,903352,0.0,0.0
2026-02-27 00:00:00+03:00,14.970000267028809,15.199999809265137,14.649999618530273,14.800000190734863,1372738,0.0,0.0
2026-03-02 00:00:00+03:00,13.319999694824219,14.350000381469727,13.319999694824219,14.140000343322754,954917,0.0,0.0
2026-03-03 00:00:00+03:00,14.029999732971191,14.5600004196167,14.029999732971191,14.050000190734863,901770,0.0,0.0
2026-03-04 00:00:00+03:00,14.170000076293945,14.300000190734863,14.0,14.020000457763672,712220,0.0,0.0
2026-03-05 00:00:00+03:00,14.029999732971191,14.59000015258789,14.029999732971191,14.59000015258789,945732,0.0,0.0
2026-03-06 00:00:00+03:00,14.59000015258789,14.59000015258789,14.100000381469727,14.199999809265137,964603,0.0,0.0
2026-03-09 00:00:00+03:00,14.199999809265137,14.390000343322754,13.819999694824219,14.039999961853027,858450,0.0,0.0
2026-03-10 00:00:00+03:00,14.180000305175781,14.5,14.180000305175781,14.40999984741211,737534,0.0,0.0
2026-03-11 00:00:00+03:00,14.300000190734863,14.640000343322754,14.260000228881836,14.420000076293945,423690,0.0,0.0
2026-03-12 00:00:00+03:00,14.050000190734863,14.420000076293945,13.920000076293945,14.170000076293945,909190,0.0,0.0
2026-03-13 00:00:00+03:00,14.130000114440918,14.3100004196167,13.899999618530273,14.25,565182,0.0,0.0
2026-03-16 00:00:00+03:00,14.399999618530273,14.399999618530273,14.0,14.029999732971191,461214,0.0,0.0
2026-03-17 00:00:00+03:00,14.050000190734863,14.319999694824219,14.050000190734863,14.180000305175781,500737,0.0,0.0
2026-03-18 00:00:00+03:00,14.1899995803833,14.260000228881836,13.989999771118164,14.020000457763672,534950,0.0,0.0
2026-03-19 00:00:00+03:00,13.930000305175781,14.09000015258789,13.90999984741211,14.020000457763672,209994,0.0,0.0
2026-03-23 00:00:00+03:00,14.0,14.029999732971191,13.359999656677246,14.020000457763672,1220996,0.0,0.0
2026-03-24 00:00:00+03:00,13.899999618530273,14.359999656677246,13.899999618530273,14.050000190734863,425683,0.0,0.0
2026-03-25 00:00:00+03:00,14.119999885559082,14.239999771118164,13.949999809265137,13.989999771118164,493779,0.0,0.0
2026-03-26 00:00:00+03:00,13.989999771118164,14.069999694824219,13.789999961853027,13.800000190734863,395752,0.0,0.0
2026-03-27 00:00:00+03:00,13.859999656677246,14.489999771118164,13.760000228881836,14.489999771118164,746360,0.0,0.0
2026-03-30 00:00:00+03:00,14.529999732971191,15.25,14.15999984741211,15.0,2209951,0.0,0.0
2026-03-31 00:00:00+03:00,15.520000457763672,16.260000228881836,14.569999694824219,14.90999984741211,5252559,0.0,0.0
2026-04-01 00:00:00+03:00,15.220000267028809,15.979999542236328,14.479999542236328,15.90999984741211,9950933,0.0,0.0
2026-04-02 00:00:00+03:00,15.869999885559082,17.479999542236328,15.600000381469727,16.56999969482422,7906339,0.0,0.0
2026-04-03 00:00:00+03:00,16.56999969482422,17.989999771118164,16.329999923706055,17.549999237060547,3162454,0.0,0.0
2026-04-06 00:00:00+03:00,17.579999923706055,19.299999237060547,17.270000457763672,18.670000076293945,8473370,0.0,0.0
2026-04-07 00:00:00+03:00,18.5,19.93000030517578,17.389999389648438,17.700000762939453,4566156,0.0,0.0
2026-04-08 00:00:00+03:00,18.139999389648438,19.469999313354492,17.5,17.899999618530273,5306536,0.0,0.0
2026-04-09 00:00:00+03:00,17.799999237060547,19.690000534057617,17.15999984741211,19.690000534057617,3327482,0.0,0.0
2026-04-10 00:00:00+03:00,21.639999389648438,21.639999389648438,21.639999389648438,21.639999389648438,36580818,0.0,0.0
2026-04-13 00:00:00+03:00,23.799999237060547,23.799999237060547,23.799999237060547,23.799999237060547,600032,0.0,0.0
2026-04-14 00:00:00+03:00,26.18000030517578,26.18000030517578,26.18000030517578,26.18000030517578,435517,0.0,0.0
2026-04-15 00:00:00+03:00,28.780000686645508,28.780000686645508,28.780000686645508,28.780000686645508,632653,0.0,0.0
2026-04-16 00:00:00+03:00,31.639999389648438,31.639999389648438,31.639999389648438,31.639999389648438,17161277,0.0,0.0
2026-04-17 00:00:00+03:00,34.79999923706055,34.79999923706055,34.79999923706055,34.79999923706055,2619542,0.0,0.0
2026-04-20 00:00:00+03:00,38.279998779296875,38.279998779296875,36.380001068115234,38.279998779296875,5560208,0.0,0.0
2026-04-21 00:00:00+03:00,42.0,42.099998474121094,40.119998931884766,42.099998474121094,5103550,0.0,0.0
2026-04-22 00:00:00+03:00,44.779998779296875,46.29999923706055,39.0,46.29999923706055,7410469,0.0,0.0
2026-04-24 00:00:00+03:00,46.0,50.900001525878906,44.0,50.900001525878906,5073944,0.0,0.0
2026-04-27 00:00:00+03:00,54.0,55.95000076293945,45.900001525878906,54.0,4128176,0.0,0.0
2026-04-28 00:00:00+03:00,51.04999923706055,54.95000076293945,48.599998474121094,48.599998474121094,3378263,0.0,0.0
2026-04-29 00:00:00+03:00,47.439998626708984,48.36000061035156,43.7400016784668,43.7400016784668,2115395,0.0,0.0
2026-04-30 00:00:00+03:00,42.97999954223633,48.099998474121094,42.540000915527344,48.099998474121094,3067771,0.0,0.0
2026-05-04 00:00:00+03:00,52.900001525878906,52.900001525878906,52.900001525878906,52.900001525878906,1172865,0.0,0.0
2026-05-05 00:00:00+03:00,58.150001525878906,58.150001525878906,55.25,58.150001525878906,3175698,0.0,0.0
2026-05-06 00:00:00+03:00,57.849998474121094,63.95000076293945,55.25,62.04999923706055,7674953,0.0,0.0
2026-05-07 00:00:00+03:00,60.099998474121094,68.0,58.0,61.45000076293945,3617487,0.0,0.0
2026-05-08 00:00:00+03:00,59.95000076293945,61.400001525878906,55.349998474121094,55.349998474121094,3788632,0.0,0.0
2026-05-11 00:00:00+03:00,54.0,60.0,51.349998474121094,58.0,3146170,0.0,0.0
2026-05-12 00:00:00+03:00,55.099998474121094,58.0,53.20000076293945,53.20000076293945,2472627,0.0,0.0
2026-05-13 00:00:00+03:00,52.5,58.5,49.0,58.5,50465945,0.0,0.0
2026-05-14 00:00:00+03:00,63.5,64.3499984741211,60.599998474121094,64.3499984741211,3978686,0.0,0.0
2026-05-15 00:00:00+03:00,64.3499984741211,70.75,64.0,70.75,4784330,0.0,0.0
2026-05-18 00:00:00+03:00,73.0,77.80000305175781,72.5,77.80000305175781,4584987,0.0,0.0
2026-05-20 00:00:00+03:00,78.0,85.19999694824219,73.94999694824219,81.5,5034470,0.0,0.0
2026-05-21 00:00:00+03:00,79.9000015258789,82.94999694824219,73.3499984741211,73.3499984741211,4043625,0.0,0.0
2026-05-22 00:00:00+03:00,68.0,80.6500015258789,68.0,80.6500015258789,5349980,0.0,0.0
2026-05-25 00:00:00+03:00,82.80000305175781,88.69999694824219,82.3499984741211,88.69999694824219,2556298,0.0,0.0
2026-05-26 00:00:00+03:00,88.69999694824219,96.94999694824219,88.19999694824219,95.0999984741211,2085264,0.0,0.0
2026-05-27 00:00:00+03:00,95.0999984741211,95.0999984741211,95.0999984741211,95.0999984741211,0,0.0,0.0
2026-05-28 00:00:00+03:00,95.0999984741211,95.0999984741211,95.0999984741211,95.0999984741211,0,0.0,0.0
2026-05-29 00:00:00+03:00,95.0999984741211,95.0999984741211,95.0999984741211,95.0999984741211,0,0.0,0.0
2026-06-01 00:00:00+03:00,95.0,99.05000305175781,85.5999984741211,96.0999984741211,19709791,0.0,0.0
2026-06-02 00:00:00+03:00,94.69999694824219,100.0,87.80000305175781,97.0,12425173,0.0,0.0
2026-06-03 00:00:00+03:00,91.9000015258789,91.9000015258789,87.30000305175781,89.9000015258789,2899205,0.0,0.0
2026-06-04 00:00:00+03:00,94.9000015258789,94.9000015258789,89.69999694824219,89.69999694824219,1389080,0.0,0.0
2026-06-05 00:00:00+03:00,87.0999984741211,87.0999984741211,84.75,84.75,744620,0.0,0.0
2026-06-08 00:00:00+03:00,80.05000305175781,93.19999694824219,80.05000305175781,90.4000015258789,2371247,0.0,0.0
2026-06-09 00:00:00+03:00,88.44999694824219,97.0,88.44999694824219,96.0,1556983,0.0,0.0
2026-06-10 00:00:00+03:00,95.94999694824219,103.5,95.94999694824219,103.5,1672071,0.0,0.0
2026-06-11 00:00:00+03:00,104.30000305175781,105.0,102.9000015258789,105.0,1823547,0.0,0.0
2026-06-12 00:00:00+03:00,110.0,110.0,105.0,109.0,1113772,0.0,0.0
2026-06-15 00:00:00+03:00,109.69999694824219,115.5,109.69999694824219,113.0,1154444,0.0,0.0
2026-06-16 00:00:00+03:00,115.5999984741211,116.30000305175781,113.0,113.0,698971,0.0,0.0
2026-06-17 00:00:00+03:00,110.0,119.9000015258789,110.0,119.9000015258789,1760715,0.0,0.0
2026-06-18 00:00:00+03:00,119.9000015258789,122.80000305175781,119.9000015258789,121.9000015258789,1522116,0.0,0.0
2026-06-19 00:00:00+03:00,120.4000015258789,120.4000015258789,109.80000305175781,109.80000305175781,515510,0.0,0.0
2026-06-22 00:00:00+03:00,101.30000305175781,110.0,101.30000305175781,110.0,1812525,0.0,0.0
2026-06-23 00:00:00+03:00,100.0,105.0999984741211,100.0,102.0,1317032,0.0,0.0
2026-06-24 00:00:00+03:00,106.0,112.0,106.0,112.0,1104391,0.0,0.0
2026-06-25 00:00:00+03:00,109.0,117.5,109.0,112.5,544822,0.0,0.0
2026-06-26 00:00:00+03:00,110.0,115.0,110.0,114.0,607831,0.0,0.0
2026-06-29 00:00:00+03:00,109.0999984741211,113.30000305175781,109.0999984741211,111.5,803186,0.0,0.0
2026-06-30 00:00:00+03:00,111.5,115.0,111.5,115.0,1082451,0.0,0.0
2026-07-01 00:00:00+03:00,115.0,115.0,113.9000015258789,113.9000015258789,465472,0.0,0.0
2026-07-02 00:00:00+03:00,110.5,110.5,104.9000015258789,108.0,781388,0.0,0.0
2026-07-03 00:00:00+03:00,105.69999694824219,114.5999984741211,103.19999694824219,103.4000015258789,4769294,0.0,0.0
2026-07-06 00:00:00+03:00,102.9000015258789,108.4000015258789,99.0,99.0,3259529,0.0,0.0
2026-07-07 00:00:00+03:00,96.0999984741211,105.0999984741211,92.0,92.0,5500513,0.0,0.0
2026-07-08 00:00:00+03:00,92.0999984741211,101.19999694824219,85.55000305175781,101.19999694824219,9865750,0.0,0.0
2026-07-09 00:00:00+03:00,100.0,103.4000015258789,96.25,96.5,4516414,0.0,0.0
2026-07-10 00:00:00+03:00,93.25,98.6500015258789,91.6500015258789,95.69999694824219,4169613,0.0,0.0
2026-07-13 00:00:00+03:00,94.80000305175781,105.19999694824219,94.4000015258789,102.4000015258789,6614768,0.0,0.0
2026-07-14 00:00:00+03:00,102.4000015258789,112.5999984741211,101.19999694824219,108.0,8686827,0.0,0.0
2026-07-16 00:00:00+03:00,106.80000305175781,111.0,104.0,105.9000015258789,6056707,0.0,0.0
2026-07-17 00:00:00+03:00,105.0999984741211,109.5999984741211,100.0999984741211,100.0999984741211,5333612,0.0,0.0
2026-07-20 00:00:00+03:00,99.0,104.30000305175781,94.94999694824219,100.19999694824219,6270537,0.0,0.0
2026-07-21 00:00:00+03:00,99.0,110.19999694824219,96.05000305175781,110.19999694824219,7148766,0.0,0.0
2026-07-22 00:00:00+03:00,113.0,121.19999694824219,108.0,121.19999694824219,9652930,0.0,0.0
2026-07-23 00:00:00+03:00,123.0,131.0,117.0,124.5,9346475,0.0,0.0
2026-07-24 00:00:00+03:00,125.0999984741211,130.0,115.0,130.0,6503154,0.0,0.0
2026-07-27 00:00:00+03:00,126.9000015258789,135.5,117.0,117.0,15088234,0.0,0.0
2026-07-28 00:00:00+03:00,105.30000305175781,128.6999969482422,105.30000305175781,128.6999969482422,17300199,0.0,0.0
2026-07-29 00:00:00+03:00,131.39999389648438,136.0,120.80000305175781,120.80000305175781,7784858,0.0,0.0
2026-07-30 00:00:00+03:00,121.0,125.0,112.80000305175781,117.9000015258789,8490075,0.0,0.0
2026-08-03 00:00:00+03:00,119.4000015258789,126.0,116.5999984741211,126.0,1486708,0.0,0.0
2026-08-04 00:00:00+03:00,124.0,126.19999694824219,120.5,120.69999694824219,1098601,0.0,0.0
2026-08-05 00:00:00+03:00,118.5,121.0,111.5,114.0,1659644,0.0,0.0
2026-08-06 00:00:00+03:00,113.0,123.0,108.5,121.9000015258789,3098832,0.0,0.0
2026-08-07 00:00:00+03:00,118.19999694824219,125.0,117.5999984741211,124.9000015258789,1393574,0.0,0.0
2026-08-10 00:00:00+03:00,123.5,124.9000015258789,120.30000305175781,124.9000015258789,1168456,0.0,0.0
2026-08-11 00:00:00+03:00,123.5,129.5,118.9000015258789,128.8000030517578,29369521,0.0,0.0
2026-08-12 00:00:00+03:00,126.80000305175781,134.8000030517578,125.0999984741211,134.8000030517578,32105510,0.0,0.0
