date,open,high,low,close,volume,dividends,stock_splits
2020-08-14 00:00:00+03:00,19.449731537798232,19.821382534154026,18.93649937023839,19.219661712646484,6805855,0.0,0.0
2020-08-17 00:00:00+03:00,19.131176815564856,19.272758002081265,18.688735185755853,19.02499008178711,5901483,0.0,0.0
2020-08-18 00:00:00+03:00,19.201967715087616,19.609013210869307,19.131177120700325,19.467432022094727,6413827,0.0,0.0
2020-08-19 00:00:00+03:00,19.591316317113968,20.246129776474145,19.555921861684745,20.210735321044922,7889114,0.0,0.0
2020-08-20 00:00:00+03:00,20.263824174571166,20.263824174571166,19.80368452294021,20.01605796813965,5327168,0.0,0.0
2020-08-21 00:00:00+03:00,20.35231471661695,20.51159397140063,19.697501315224716,19.82138442993164,6461081,0.0,0.0
2020-08-24 00:00:00+03:00,19.998360492838767,20.122243599728556,19.76829066020006,19.892173767089844,2807219,0.0,0.0
2020-08-25 00:00:00+03:00,19.821381930000378,20.01605730030778,19.201964746807622,19.34354591369629,3991114,0.0,0.0
2020-08-26 00:00:00+03:00,19.290454476594757,19.57361853875943,19.07808269580692,19.44973373413086,4154737,0.0,0.0
2020-08-27 00:00:00+03:00,19.609013863344355,19.75059505682994,19.3612459308541,19.538223266601562,3496418,0.0,0.0
2020-08-28 00:00:00+03:00,19.555919980466726,19.67980309422335,19.078082219781166,19.184268951416016,4705616,0.0,0.0
2020-08-31 00:00:00+03:00,19.0957801317367,19.131176271249156,18.35247807978336,18.564849853515625,5055754,0.0,0.0
2020-09-01 00:00:00+03:00,18.74182717551626,18.75952524527249,18.122408236294866,18.564849853515625,4482222,0.0,0.0
2020-09-02 00:00:00+03:00,18.7595251916698,18.777221573594634,18.281687436301937,18.35247802734375,4100693,0.0,0.0
2020-09-03 00:00:00+03:00,18.405570010111276,18.901105820684837,18.140105723417477,18.706430435180664,5720883,0.0,0.0
2020-09-04 00:00:00+03:00,18.617945304561136,19.520524981178173,18.529456637658814,19.50282859802246,9973074,0.0,0.0
2020-09-07 00:00:00+03:00,19.591312111861136,19.679800763111714,19.14887054338889,19.34354591369629,3837983,0.0,0.0
2020-09-08 00:00:00+03:00,19.414340693461394,19.48513129220679,18.93650288609421,18.989595413208008,3822476,0.0,0.0
2020-09-09 00:00:00+03:00,18.865710703741698,19.48512965660501,18.865710703741698,19.432035446166992,6093421,0.0,0.0
2020-09-10 00:00:00+03:00,19.53822295287852,20.210734455027097,19.30815309521341,20.12224578857422,10625547,0.0,0.0
2020-09-11 00:00:00+03:00,20.086852195371133,20.33461844671871,19.909874854882002,20.210735321044922,7256783,0.0,0.0
2020-09-14 00:00:00+03:00,20.246128908939692,20.42310624184545,20.086851334661628,20.12224578857422,4372354,0.0,0.0
2020-09-15 00:00:00+03:00,20.228431265220028,20.44080303880318,19.927570830698688,20.193035125732422,7223108,0.0,0.0
2020-09-16 00:00:00+03:00,20.352314647735103,20.582384494112766,20.263825985623562,20.423105239868164,5751892,0.0,0.0
2020-09-17 00:00:00+03:00,20.246129235552345,20.79475762618598,20.175338638804227,20.77705955505371,6582868,0.0,0.0
2020-09-18 00:00:00+03:00,20.794756039924195,21.219499588012695,20.759359900359737,21.219499588012695,5971288,0.0,0.0
2020-09-21 00:00:00+03:00,21.307990252694832,21.449571448703622,20.246129594847915,20.387712478637695,7286574,0.0,0.0
2020-09-22 00:00:00+03:00,20.42310442422922,20.70626678145279,20.246127107074095,20.546987533569336,5614403,0.0,0.0
2020-09-23 00:00:00+03:00,20.60008217914483,21.113314384464154,20.423104858228864,20.58238410949707,4545594,0.0,0.0
2020-09-24 00:00:00+03:00,20.24612667584267,20.741662478210063,20.24612667584267,20.493894577026367,6440918,0.0,0.0
2020-09-25 00:00:00+03:00,20.546988187954973,21.007127876988317,20.52929180590049,20.600082397460938,5275695,0.0,0.0
2020-09-28 00:00:00+03:00,20.423106106472527,20.670874033342095,20.299222986928207,20.511594772338867,5995036,0.0,0.0
2020-09-29 00:00:00+03:00,20.334614897169356,20.883243206693944,20.334614897169356,20.4408016204834,8002750,0.0,0.0
2020-09-30 00:00:00+03:00,20.617780430154745,21.62654855037819,20.582385975431293,21.608850479125977,12436036,0.0,0.0
2020-10-01 00:00:00+03:00,21.679637998889866,21.679637998889866,21.131009682416884,21.272592544555664,7619452,0.0,0.0
2020-10-02 00:00:00+03:00,21.06022136807183,21.307989293828065,21.00712884390296,21.131011962890625,3818411,0.0,0.0
2020-10-05 00:00:00+03:00,21.13101065591685,21.25489545502303,20.865546363710827,20.97173309326172,5941991,0.0,0.0
2020-10-06 00:00:00+03:00,21.00712776184082,21.166407013923976,20.812454058061867,21.00712776184082,6877263,0.0,0.0
2020-10-07 00:00:00+03:00,20.90094366772471,21.53805901719695,20.86554752664136,21.520360946655273,9364851,0.0,0.0
2020-10-08 00:00:00+03:00,21.60884895663408,21.661941478869014,21.219499855422598,21.449569702148438,7209828,0.0,0.0
2020-10-09 00:00:00+03:00,21.467267916347037,22.1043832507882,21.431871776098763,22.086685180664062,7048918,0.0,0.0
2020-10-12 00:00:00+03:00,22.29905883518073,22.93617417501014,22.29905883518073,22.918476104736328,11800853,0.0,0.0
2020-10-13 00:00:00+03:00,23.148545924816222,23.767964881346273,23.00696473837179,23.732568740844727,11465054,0.0,0.0
2020-10-14 00:00:00+03:00,23.60868470415164,24.369684817454832,23.43170738410598,24.245800018310547,9746183,0.0,0.0
2020-10-15 00:00:00+03:00,24.157313042298387,24.458173494680555,23.944941256107608,24.228103637695312,7537241,0.0,0.0
2020-10-16 00:00:00+03:00,24.245801320909028,24.493569244728043,24.17501072664372,24.369686126708984,4691009,0.0,0.0
2020-10-19 00:00:00+03:00,24.351987791134768,24.42277838462954,24.12191794033153,24.157312393188477,4626995,0.0,0.0
2020-10-20 00:00:00+03:00,24.157312698758652,24.652848547271077,24.139616315996776,24.58205795288086,7454763,0.0,0.0
2020-10-21 00:00:00+03:00,24.63515094835927,24.900615260459578,24.582058423495397,24.847522735595703,5479873,0.0,0.0
2020-10-22 00:00:00+03:00,24.882916214237277,25.325357812238945,24.81212562606824,25.183774948120117,8074904,0.0,0.0
2020-10-23 00:00:00+03:00,25.254569090682967,25.396150277485575,24.26349909528384,24.971405029296875,8889181,0.0,0.0
2020-10-26 00:00:00+03:00,25.732403934631357,25.75010200407436,24.3696846553551,24.42277717590332,23945279,0.0,0.0
2020-10-27 00:00:00+03:00,24.52896181748969,24.52896181748969,23.59098609343785,23.767963409423828,9176779,0.0,0.0
2020-10-28 00:00:00+03:00,23.537895687248998,23.555593757992877,22.635314332682075,22.77689552307129,5023952,0.0,0.0
2020-10-30 00:00:00+03:00,22.334453214709573,23.52019691467285,22.122081435462835,23.52019691467285,12939524,0.0,0.0
2020-11-02 00:00:00+03:00,23.785661388992583,24.068825451152527,23.18394218732752,23.343219757080078,7740155,0.0,0.0
2020-11-03 00:00:00+03:00,23.396311616799377,23.679473962720827,23.219334306708113,23.290124893188477,7293100,0.0,0.0
2020-11-04 00:00:00+03:00,23.396312985092926,23.874149049835623,23.290126255271876,23.644079208374023,7953732,0.0,0.0
2020-11-05 00:00:00+03:00,23.62638350291641,24.759032985268092,23.62638350291641,24.741334915161133,8677879,0.0,0.0
2020-11-06 00:00:00+03:00,24.635149111614073,25.183775765791832,24.405079270649562,25.059892654418945,6462879,0.0,0.0
2020-11-09 00:00:00+03:00,25.254569530332937,25.85628874082874,24.918312939987285,25.00680160522461,8353261,0.0,0.0
2020-11-10 00:00:00+03:00,24.91831245992743,24.91831245992743,24.26349905023589,24.759033203125,9738897,0.0,0.0
2020-11-11 00:00:00+03:00,24.865218621337277,25.024497869712473,24.35198642533986,24.617450714111328,11909342,0.0,0.0
2020-11-12 00:00:00+03:00,24.59975397948121,24.847521900150177,23.767964929384238,23.927244186401367,9527206,0.0,0.0
2020-11-13 00:00:00+03:00,23.92724331259805,24.88291713201952,23.821056582537523,24.652847290039062,9533648,0.0,0.0
2020-11-16 00:00:00+03:00,24.93600976021482,25.4315438978028,24.81212664776303,25.077590942382812,10864819,0.0,0.0
2020-11-17 00:00:00+03:00,25.0068005174497,25.183776152445148,24.70594008139852,24.882917404174805,6522526,0.0,0.0
2020-11-18 00:00:00+03:00,25.006800567309096,25.307661003960142,24.882917453787197,25.112985610961914,7215635,0.0,0.0
2020-11-19 00:00:00+03:00,24.865219059455058,25.873985399897748,24.59975307822537,25.484636306762695,8407647,0.0,0.0
2020-11-20 00:00:00+03:00,25.502335976724495,26.369521190041326,25.502335976724495,26.05096435546875,6727815,0.0,0.0
2020-11-23 00:00:00+03:00,26.21024397492093,26.634987552010923,25.34305706196935,25.67931365966797,8055427,0.0,0.0
2020-11-24 00:00:00+03:00,25.75010212420251,25.820892714523982,25.254567991952204,25.66161346435547,5886189,0.0,0.0
2020-11-25 00:00:00+03:00,25.750103339701614,26.10405630801685,25.325359777723328,25.37845230102539,4514958,0.0,0.0
2020-11-26 00:00:00+03:00,25.4846375638682,25.67931296392908,25.25456939834682,25.413846969604492,3055539,0.0,0.0
2020-11-27 00:00:00+03:00,25.484636911663856,25.838591561704877,25.307661274424202,25.325359344482422,5425979,0.0,0.0
2020-11-30 00:00:00+03:00,24.865221536434053,24.88291960783521,24.01573267476934,24.10422134399414,7473266,0.0,0.0
2020-12-01 00:00:00+03:00,24.422778092140152,24.812127195588975,23.980336466151314,24.741334915161133,6061551,0.0,0.0
2020-12-02 00:00:00+03:00,25.042196451950534,25.27226631006857,24.52896421085059,24.847522735595703,5828127,0.0,0.0
2020-12-03 00:00:00+03:00,24.81212712725997,25.466940529386488,24.794429057201747,25.325359344482422,8446098,0.0,0.0
2020-12-04 00:00:00+03:00,25.36075352578655,25.573125300873023,25.042195019266423,25.112985610961914,4745171,0.0,0.0
2020-12-07 00:00:00+03:00,25.148382530966437,25.148382530966437,24.635150303305117,24.776731491088867,5271743,0.0,0.0
2020-12-08 00:00:00+03:00,24.759032985268092,25.024498973529912,24.54666120732715,24.741334915161133,5597356,0.0,0.0
2020-12-09 00:00:00+03:00,24.90061335587562,27.024334441363848,24.882916974128506,26.475706100463867,25938881,0.0,0.0
2020-12-10 00:00:00+03:00,26.511099737612064,26.81196015922444,25.962473101340613,26.581892013549805,10399408,0.0,0.0
2020-12-11 00:00:00+03:00,26.511101609070373,27.626054717084667,26.33412597007531,27.41368293762207,16768306,0.0,0.0
2020-12-14 00:00:00+03:00,27.96231035435787,28.652519880095213,27.661449921686277,27.92691421508789,17480866,0.0,0.0
2020-12-15 00:00:00+03:00,27.98000820621419,28.01540265742787,27.502170456473493,27.89151954650879,9209910,0.0,0.0
2020-12-16 00:00:00+03:00,28.050799414933884,28.227775050466146,26.900450188960395,26.93584632873535,19927421,0.0,0.0
2020-12-17 00:00:00+03:00,26.95354299763209,27.024335277935243,25.89168410979764,26.36952018737793,14752979,0.0,0.0
2020-12-18 00:00:00+03:00,26.281033382530545,26.45800902109043,25.96247487022954,26.174846649169922,9264612,0.0,0.0
2020-12-21 00:00:00+03:00,25.661614262154963,26.670380627542905,25.325359369619267,26.36952018737793,16624656,0.0,0.0
2020-12-22 00:00:00+03:00,26.493404605150435,26.811961422981373,26.387217874019566,26.528799057006836,9125935,0.0,0.0
2020-12-23 00:00:00+03:00,26.511101352798484,27.165916442871094,26.511101352798484,27.165916442871094,8198888,0.0,0.0
2020-12-24 00:00:00+03:00,27.25440420005563,27.4667776713431,26.811962562471734,26.84735870361328,6709192,0.0,0.0
2020-12-25 00:00:00+03:00,26.776567628482923,26.829660151461347,26.45800911505062,26.599590301513672,4027817,0.0,0.0
2020-12-28 00:00:00+03:00,26.811961577538494,27.32519379077107,26.688078463655717,27.148218154907227,8594595,0.0,0.0
2020-12-29 00:00:00+03:00,27.34289098093258,27.378287119634983,26.84735685356448,27.059728622436523,5268188,0.0,0.0
2020-12-30 00:00:00+03:00,27.130519649857018,27.289798901026487,27.04203098945389,27.095125198364258,5351673,0.0,0.0
2020-12-31 00:00:00+03:00,26.97124164983275,27.14821897884865,26.61728867958184,27.024335861206055,4611537,0.0,0.0
2021-01-04 00:00:00+03:00,26.918149731011642,27.1836140427188,26.847359135371004,26.90045166015625,4199264,0.0,0.0
2021-01-05 00:00:00+03:00,26.865057206226396,27.25440463835944,26.58189482366385,26.90045166015625,7114070,0.0,0.0
2021-01-06 00:00:00+03:00,26.918148785542673,27.519869671243804,26.900450715308907,27.41368293762207,10158000,0.0,0.0
2021-01-07 00:00:00+03:00,27.661450617217387,28.333962090229644,27.48447329197911,28.192380905151367,13369095,0.0,0.0
2021-01-08 00:00:00+03:00,28.22777475637867,28.4932407385826,27.873821801220917,28.333961486816406,8735613,0.0,0.0
2021-01-11 00:00:00+03:00,28.404750547563836,29.30733185405629,28.156984321470024,28.953380584716797,11861588,0.0,0.0
2021-01-12 00:00:00+03:00,28.971080851617096,29.67898681954368,28.971080851617096,29.395824432373047,9334022,0.0,0.0
2021-01-13 00:00:00+03:00,29.59049318378463,30.015236717458684,29.519704282619728,29.855960845947266,7924322,0.0,0.0
2021-01-14 00:00:00+03:00,29.749772370557785,30.103727002349505,29.307330768598906,29.661285400390625,8935565,0.0,0.0
2021-01-15 00:00:00+03:00,29.413520543474686,29.6258906319199,28.917984711166355,29.201147079467773,6025147,0.0,0.0
2021-01-18 00:00:00+03:00,29.148053651431763,29.926751872929014,28.72331008758648,29.909053802490234,5607306,0.0,0.0
2021-01-19 00:00:00+03:00,30.174515034509966,31.324865866928473,29.732073445290986,30.988609313964844,13778550,0.0,0.0
2021-01-20 00:00:00+03:00,31.077097919339604,31.5726337405816,30.72314665464814,30.77623748779297,10278061,0.0,0.0
2021-01-21 00:00:00+03:00,30.88242699780727,31.395657531214244,30.67005353102945,30.864728927612305,10385627,0.0,0.0
2021-01-22 00:00:00+03:00,30.811633147047136,31.36025979288924,29.820564895560402,31.30716896057129,12227967,0.0,0.0
2021-01-25 00:00:00+03:00,31.855795942195645,32.12126023326829,31.183286179774175,31.749610900878906,13133978,0.0,0.0
2021-01-26 00:00:00+03:00,31.466448193066853,31.466448193066853,30.245308416935114,30.510772705078125,16007173,0.0,0.0
2021-01-27 00:00:00+03:00,30.475377964198877,31.147891125603593,29.21884536743164,29.21884536743164,15695080,0.0,0.0
2021-01-28 00:00:00+03:00,28.634819593209365,30.705446322307832,28.210074393762504,30.29840087890625,14889342,0.0,0.0
2021-01-29 00:00:00+03:00,29.820566025962762,30.670053130867018,29.201147079467773,29.201147079467773,9590594,0.0,0.0
2021-02-01 00:00:00+03:00,29.643588367914973,29.926750733026243,29.183448680718744,29.55510139465332,5290703,0.0,0.0
2021-02-02 00:00:00+03:00,29.732076060605113,30.900121688842773,29.732076060605113,30.900121688842773,8196629,0.0,0.0
2021-02-03 00:00:00+03:00,30.917816614426396,31.165586196364984,30.103725721723393,30.351491928100586,6048152,0.0,0.0
2021-02-04 00:00:00+03:00,30.369193381906637,30.847031155096644,30.227612194542388,30.28070640563965,4373085,0.0,0.0
2021-02-05 00:00:00+03:00,30.457681362625788,30.54617171737284,29.997545020188646,30.015239715576172,3896433,0.0,0.0
2021-02-08 00:00:00+03:00,30.174518879909552,30.723148950861997,30.03293768833902,30.616960525512695,5564102,0.0,0.0
2021-02-09 00:00:00+03:00,30.581565969633573,30.61695873378359,30.050634000643246,30.20991325378418,4945958,0.0,0.0
2021-02-10 00:00:00+03:00,30.24531026490814,30.61695961590363,30.050634866446632,30.28070640563965,4520941,0.0,0.0
2021-02-11 00:00:00+03:00,30.19221453099294,30.528471099858777,30.12142562866211,30.12142562866211,3019393,0.0,0.0
2021-02-12 00:00:00+03:00,30.10372854710726,30.28070587208462,29.57279657217517,29.820566177368164,3859536,0.0,0.0
2021-02-15 00:00:00+03:00,29.90905217054642,30.333795711216197,29.838263268215595,30.12142562866211,3668872,0.0,0.0
2021-02-16 00:00:00+03:00,30.15682092373879,30.280704031022356,29.271937728214457,29.448911666870117,4635657,0.0,0.0
2021-02-17 00:00:00+03:00,29.448911728822182,29.78516828898604,29.130353237673425,29.643587112426758,4782112,0.0,0.0
2021-02-18 00:00:00+03:00,29.643589712499054,30.103729420566456,29.395823475678842,29.9267520904541,6394512,0.0,0.0
2021-02-19 00:00:00+03:00,29.997543741429542,31.37795946101928,29.891355320259766,30.864728927612305,15935046,0.0,0.0
2021-02-22 00:00:00+03:00,31.16558706443791,31.731911766537888,30.847028575616303,31.059398651123047,8534088,0.0,0.0
2021-02-23 00:00:00+03:00,31.200980752859007,31.44875034905398,30.03293517621363,30.528470993041992,6930497,0.0,0.0
2021-02-24 00:00:00+03:00,30.086031216249232,30.634657899152945,29.30733299255371,29.30733299255371,6999556,0.0,0.0
2021-02-25 00:00:00+03:00,29.926751293466825,30.156822829154336,28.935682997017565,29.21884536743164,6147984,0.0,0.0
2021-02-26 00:00:00+03:00,28.56402968895199,29.92675067828328,28.404750436923052,29.36042594909668,7015076,0.0,0.0
2021-03-01 00:00:00+03:00,29.466611622632254,30.528472200366025,29.466611622632254,30.245309829711914,3539595,0.0,0.0
2021-03-02 00:00:00+03:00,30.422285297620643,30.65235344389308,30.121424875226527,30.47537612915039,4327726,0.0,0.0
2021-03-03 00:00:00+03:00,30.546169551159455,31.130192348825886,30.546169551159455,30.793935775756836,4734458,0.0,0.0
2021-03-04 00:00:00+03:00,30.758541067187515,31.749612762802794,30.758541067187515,31.5549373626709,10883597,0.0,0.0
2021-03-05 00:00:00+03:00,31.448753283404503,31.891194933281678,30.95321742033978,31.024009704589844,7028407,0.0,0.0
2021-03-08 00:00:00+03:00,31.11249285778048,31.572632522127083,30.953213613369677,31.059398651123047,5691390,0.0,0.0
2021-03-09 00:00:00+03:00,31.11249378907087,31.466448426259028,30.95321453989236,31.360260009765625,4212808,0.0,0.0
2021-03-10 00:00:00+03:00,31.254077130247442,31.572635650634766,31.006310892418114,31.572635650634766,4122462,0.0,0.0
2021-03-11 00:00:00+03:00,31.62572551647151,32.917654115558605,31.572631311849346,32.54600143432617,12200479,0.0,0.0
2021-03-12 00:00:00+03:00,32.54600471706458,32.54600471706458,31.74961182077245,32.050472259521484,3728946,0.0,0.0
2021-03-15 00:00:00+03:00,31.926587559904455,32.47521420018441,31.67881796787356,31.696516036987305,3692748,0.0,0.0
2021-03-16 00:00:00+03:00,31.696517125547885,31.961981420247888,31.448750900569433,31.82040023803711,3325092,0.0,0.0
2021-03-17 00:00:00+03:00,31.767308590182193,32.81147104805859,31.767308590182193,31.94428253173828,6599614,0.0,0.0
2021-03-18 00:00:00+03:00,31.94428363338672,32.19205323612077,31.0947965326,31.236377716064453,5278290,0.0,0.0
2021-03-19 00:00:00+03:00,31.006306943193078,31.519537424121868,30.333793846796382,30.95321273803711,4395437,0.0,0.0
2021-03-22 00:00:00+03:00,28.864890190110778,29.271939043772562,27.873821911739526,27.944612503051758,7671593,0.0,0.0
2021-03-23 00:00:00+03:00,27.873821589052074,29.643588039150618,25.166079392979928,29.112659454345703,7903821,0.0,0.0
2021-03-24 00:00:00+03:00,29.466611079614026,31.44875101322713,29.254240993317914,31.413354873657227,5819516,0.0,0.0
2021-03-25 00:00:00+03:00,31.4133578919979,32.22744892695739,31.39565982051244,31.731916427612305,8592481,0.0,0.0
2021-03-26 00:00:00+03:00,32.050471264686614,32.15665630578395,30.369191798764486,30.7585391998291,7760933,0.0,0.0
2021-03-29 00:00:00+03:00,30.852903583144464,31.533483505249023,30.68275860261832,31.533483505249023,3918724,2.219827,0.0
2021-03-30 00:00:00+03:00,31.268815061614028,32.195157950080464,30.815092710763967,32.0250129699707,4818133,0.0,0.0
2021-03-31 00:00:00+03:00,32.081724714509676,32.70558842320266,31.628005981445312,31.628005981445312,4079535,0.0,0.0
2021-04-01 00:00:00+03:00,31.892675230116538,32.27077233921205,31.7792428521358,32.043914794921875,3018758,0.0,0.0
2021-04-02 00:00:00+03:00,32.47873296649606,32.47873296649606,31.854869217332794,32.13844299316406,2185678,0.0,0.0
2021-04-05 00:00:00+03:00,31.79814824846592,32.27077233921205,31.79814824846592,32.043914794921875,1945537,0.0,0.0
2021-04-06 00:00:00+03:00,31.949388433677687,32.384201740206954,31.325524766011778,31.77924346923828,3516233,0.0,0.0
2021-04-07 00:00:00+03:00,31.665818119408122,32.08172607421875,31.38224434995378,32.08172607421875,3998564,0.0,0.0
2021-04-08 00:00:00+03:00,32.10062866896493,32.19515565441684,31.590193765032026,31.665815353393555,2894188,0.0,0.0
2021-04-09 00:00:00+03:00,31.552389228326078,31.628007217206683,30.380279751069814,31.06085968017578,3564567,0.0,0.0
2021-04-12 00:00:00+03:00,30.72056793793672,31.041952485213187,29.832034083530143,30.07779884338379,3638671,0.0,0.0
2021-04-13 00:00:00+03:00,30.15341820983112,30.833996287134855,29.548459918894466,30.210132598876953,4007313,0.0,0.0
2021-04-14 00:00:00+03:00,30.512613935987954,31.06085968017578,30.436995947107345,31.06085968017578,2435171,0.0,0.0
2021-04-15 00:00:00+03:00,31.041952859284915,31.174287038140058,30.229038782505118,30.436994552612305,3769404,0.0,0.0
2021-04-16 00:00:00+03:00,30.26685020886788,30.81509233352638,29.64298649138144,29.832035064697266,3638943,0.0,0.0
2021-04-19 00:00:00+03:00,29.832034505682003,30.077799269013457,28.90569164591435,29.283790588378906,5227959,0.0,0.0
2021-04-20 00:00:00+03:00,29.264886029606956,30.70166385508543,29.22707703573543,30.021085739135742,7406755,0.0,0.0
2021-04-21 00:00:00+03:00,30.021083896934847,30.26684865223185,28.33854140432518,28.697736740112305,5963942,0.0,0.0
2021-04-22 00:00:00+03:00,28.319636816306005,29.73750919689879,28.20620803549264,29.605175018310547,5470882,0.0,0.0
2021-04-26 00:00:00+03:00,29.60517593442112,30.077800075910393,29.47284175173789,29.850940704345703,4723516,0.0,0.0
2021-04-27 00:00:00+03:00,30.701663295427462,32.45982564989563,30.701663295427462,31.47676658630371,18702262,0.0,0.0
2021-04-28 00:00:00+03:00,31.49567034416176,32.157344818115234,30.947428252601995,32.157344818115234,7476454,0.0,0.0
2021-04-29 00:00:00+03:00,32.28968192363765,33.53740939657561,32.28968192363765,33.08369064331055,11587238,0.0,0.0
2021-04-30 00:00:00+03:00,32.93245207022832,33.386170837426874,32.49763870239258,32.49763870239258,6037376,0.0,0.0
2021-05-03 00:00:00+03:00,32.42201381566554,32.648874979167424,31.779244725885363,32.55434799194336,5081529,0.0,0.0
2021-05-04 00:00:00+03:00,32.36530195279005,32.4409199384241,31.665816655036355,31.949390411376953,5380646,0.0,0.0
2021-05-05 00:00:00+03:00,31.91157921705411,32.15734578042594,31.476765889040447,31.571292877197266,3923262,0.0,0.0
2021-05-06 00:00:00+03:00,31.47676640890293,31.665816782502976,30.79619011211311,30.966331481933594,7002332,0.0,0.0
2021-05-07 00:00:00+03:00,31.079764354183943,31.174287739539775,30.342468246231608,31.00414276123047,4880817,0.0,0.0
2021-05-10 00:00:00+03:00,30.947429864243432,31.552388178504312,30.947429864243432,31.47676658630371,3140476,0.0,0.0
2021-05-11 00:00:00+03:00,31.09866874812807,31.306620910362533,30.663851814359496,30.909618377685547,3088317,0.0,0.0
2021-05-12 00:00:00+03:00,30.720568943054005,31.117571487824495,30.701663544850266,30.83399772644043,959558,0.0,0.0
2021-05-17 00:00:00+03:00,30.909617762164295,31.249907701017264,30.19122889287354,30.531517028808594,4643765,0.0,0.0
2021-05-18 00:00:00+03:00,31.023045905196106,31.382241233952357,30.796188354492188,30.796188354492188,4700909,0.0,0.0
2021-05-20 00:00:00+03:00,30.626044624939713,30.92852377531339,30.285754679310354,30.909618377685547,3789209,0.0,0.0
2021-05-21 00:00:00+03:00,30.94742978137075,31.098669359530973,30.361373260893412,30.62604522705078,2711767,0.0,0.0
2021-05-24 00:00:00+03:00,30.739472372272854,30.966329924514575,30.36137164408894,30.663850784301758,3460195,0.0,0.0
2021-05-25 00:00:00+03:00,31.11757180226234,31.722533733387,30.021085739135742,30.021085739135742,11522341,0.0,0.0
2021-05-26 00:00:00+03:00,30.2479434579721,30.644945985056776,29.794224738802818,30.380277633666992,6215511,0.0,0.0
2021-05-27 00:00:00+03:00,30.436994368599752,30.493706955859984,29.77531987248838,29.926559448242188,4222358,0.0,0.0
2021-05-28 00:00:00+03:00,29.926560978895516,30.229040145874023,29.586271014585666,30.229040145874023,3769484,0.0,0.0
2021-05-31 00:00:00+03:00,30.247943368163973,30.45589913268757,29.869844436645508,29.869844436645508,3160351,0.0,0.0
2021-06-01 00:00:00+03:00,29.945464111277165,30.588233193920516,29.85093892802057,30.19122886657715,5927480,0.0,0.0
2021-06-02 00:00:00+03:00,29.945465893227162,30.11561087263018,29.850940704345703,29.850940704345703,3107483,0.0,0.0
2021-06-03 00:00:00+03:00,29.869846721357526,30.266851080547827,29.378317171328003,29.907655715942383,4699187,0.0,0.0
2021-06-04 00:00:00+03:00,29.813132328731555,29.964371912910696,29.52955675620712,29.567367553710938,3869362,0.0,0.0
2021-06-07 00:00:00+03:00,29.567364985384533,29.926558515879652,29.567364985384533,29.68079376220703,3604853,0.0,0.0
2021-06-08 00:00:00+03:00,29.642985190683135,29.813130161244228,29.51064921195899,29.548460006713867,3883387,0.0,0.0
2021-06-09 00:00:00+03:00,29.491747467735507,29.68079604461653,29.34050788506347,29.37831687927246,4112723,0.0,0.0
2021-06-10 00:00:00+03:00,29.416127969531797,29.85094132331731,29.37831717202798,29.567367553710938,5988304,0.0,0.0
2021-06-11 00:00:00+03:00,29.661889903971684,30.247944624352428,29.661889903971684,29.983274459838867,7687381,0.0,0.0
2021-06-14 00:00:00+03:00,30.09670359603711,30.115608993217183,29.35940933227539,29.35940933227539,5925754,0.0,0.0
2021-06-15 00:00:00+03:00,29.359410299911765,29.491746281615942,28.659926807456404,28.773357391357422,7844886,0.0,0.0
2021-06-16 00:00:00+03:00,28.773356728830876,29.132550264230474,28.641020750173823,28.88678550720215,6195340,0.0,0.0
2021-06-17 00:00:00+03:00,28.65992587982524,28.905690634557843,28.451971919475152,28.527591705322266,6966918,0.0,0.0
2021-06-18 00:00:00+03:00,28.60321233768104,28.73554651610044,27.563438899322694,27.60124969482422,8477737,0.0,0.0
2021-06-21 00:00:00+03:00,27.412198491072402,27.903728000164346,27.298767910928916,27.865917205810547,6485383,0.0,0.0
2021-06-22 00:00:00+03:00,27.884823466686214,28.017157645187584,27.620153306765502,27.941537857055664,7064681,0.0,0.0
2021-06-23 00:00:00+03:00,28.054969487603834,28.187303671043352,27.487820153991855,27.525630950927734,6471012,0.0,0.0
2021-06-24 00:00:00+03:00,27.544532775878906,27.828108325915302,27.506723784291466,27.544532775878906,4986123,0.0,0.0
2021-06-25 00:00:00+03:00,27.620153170799238,28.33854205597505,27.52562978828812,27.92263412475586,8087514,0.0,0.0
2021-06-28 00:00:00+03:00,27.979347579649144,28.206206935345474,27.39329289191187,27.676868438720703,6061162,0.0,0.0
2021-06-29 00:00:00+03:00,27.56343957496649,27.847013336507107,27.43110539330327,27.828109741210938,5116823,0.0,0.0
2021-06-30 00:00:00+03:00,27.847013345371117,28.31963748336792,27.75248996010616,28.168397903442383,10639868,0.0,0.0
2021-07-01 00:00:00+03:00,28.073874998768513,28.470879353598786,27.84701382207861,28.206209182739258,6145091,0.0,0.0
2021-07-02 00:00:00+03:00,29.888752557934815,30.815093672390958,29.86984715890642,30.607141494750977,28887169,0.0,0.0
2021-07-05 00:00:00+03:00,30.66385193598566,31.249908447265625,30.66385193598566,31.249908447265625,10987233,0.0,0.0
2021-07-06 00:00:00+03:00,31.212096371525487,31.62800428641925,30.947428026214524,30.9852352142334,9903635,0.0,0.0
2021-07-07 00:00:00+03:00,30.890713162851448,31.51457686491831,30.890713162851448,31.420053482055664,5568377,0.0,0.0
2021-07-08 00:00:00+03:00,31.476765030855077,31.703626190410375,30.985235523348425,31.174285888671875,7711953,0.0,0.0
2021-07-09 00:00:00+03:00,31.17428697674727,31.363337348669138,30.871807824006645,30.928524017333984,6312708,0.0,0.0
2021-07-12 00:00:00+03:00,30.81509294427711,31.023048722839583,30.342468797243193,30.550424575805664,7444648,0.0,0.0
2021-07-13 00:00:00+03:00,30.75837867778144,31.09866862203101,30.13451317901791,30.56932830810547,9710143,0.0,0.0
2021-07-14 00:00:00+03:00,30.626044624939713,31.249908323314905,30.550423034428345,30.909618377685547,6542031,0.0,0.0
2021-07-16 00:00:00+03:00,30.909618415884545,31.7981504704758,30.909618415884545,31.590194702148438,10972924,0.0,0.0
2021-07-19 00:00:00+03:00,31.43895533393633,31.49567152726367,30.758379043187894,30.928524017333984,2732884,0.0,0.0
2021-07-26 00:00:00+03:00,30.966331145995664,31.136476119806293,30.455899830399698,30.758378982543945,7127705,0.0,0.0
2021-07-27 00:00:00+03:00,30.777284896516754,31.060858655678942,30.626045317907856,30.815092086791992,5319798,0.0,0.0
2021-07-28 00:00:00+03:00,30.701662305806305,31.004141453186794,30.607138924438352,30.72056770324707,4091215,0.0,0.0
2021-07-29 00:00:00+03:00,30.890713490945224,31.703627573207356,30.890713490945224,31.628005981445312,8093306,0.0,0.0
2021-07-30 00:00:00+03:00,31.457862044990588,31.514578240685672,31.041954094068213,31.212099075317383,4453339,0.0,0.0
2021-08-02 00:00:00+03:00,31.457861129797855,31.628006106097057,31.306621551513672,31.306621551513672,3784847,0.0,0.0
2021-08-03 00:00:00+03:00,31.32552796718329,31.70362872809488,31.117572188098308,31.55238914489746,5836666,0.0,0.0
2021-08-04 00:00:00+03:00,31.60910070808204,31.76034028636622,31.28771615349865,31.306621551513672,6397585,0.0,0.0
2021-08-05 00:00:00+03:00,31.231003565289566,31.438955731782833,31.19319276925953,31.306621551513672,4350034,0.0,0.0
2021-08-06 00:00:00+03:00,31.3444330171842,31.590195984957973,31.079764650991514,31.193193435668945,6060274,0.0,0.0
2021-08-09 00:00:00+03:00,31.249908447265625,31.514576803433403,31.231003049562794,31.249908447265625,4227305,0.0,0.0
2021-08-10 00:00:00+03:00,30.928523836987168,31.306620972790263,30.569328493013703,31.079763412475586,11244970,0.0,0.0
2021-08-11 00:00:00+03:00,31.041953073707997,31.306621433246484,30.81509190422075,30.966331481933594,8884017,0.0,0.0
2021-08-12 00:00:00+03:00,31.098668452706764,31.646910555362567,30.94742887895662,31.38224220275879,11051290,0.0,0.0
2021-08-13 00:00:00+03:00,31.382242901210308,31.66581665757363,31.212097926225127,31.287715911865234,6928491,0.0,0.0
2021-08-16 00:00:00+03:00,31.344431829943854,31.66581637922012,31.249908447265625,31.249908447265625,6636986,0.0,0.0
2021-08-17 00:00:00+03:00,31.24990617823495,32.516538885668005,31.231000781904825,32.043914794921875,17465048,0.0,0.0
2021-08-18 00:00:00+03:00,32.100629460194874,32.15734565286398,31.231002807617188,31.231002807617188,8574578,0.0,0.0
2021-08-19 00:00:00+03:00,31.155382156372067,31.28771633741914,30.890713794277925,31.15538215637207,7329571,0.0,0.0
2021-08-20 00:00:00+03:00,31.060856801942684,31.193190974598163,30.90961723235988,30.9852352142334,4685341,0.0,0.0
2021-08-23 00:00:00+03:00,31.193192618316488,31.268814210010635,30.90961886113535,30.947429656982422,4849789,0.0,0.0
2021-08-24 00:00:00+03:00,31.023047400376957,31.17428697674727,30.833997028455087,30.928524017333984,5852169,0.0,0.0
2021-08-25 00:00:00+03:00,30.85290387849671,30.947430871825055,30.172325752795064,30.229040145874023,8831863,0.0,0.0
2021-08-26 00:00:00+03:00,30.1723237854151,30.512611924618483,29.832033843293786,30.05889320373535,10100083,0.0,0.0
2021-08-27 00:00:00+03:00,30.134512876720816,30.41808842839006,29.96436970922078,30.380277633666992,6720273,0.0,0.0
2021-08-31 00:00:00+03:00,30.47480629175719,30.531518881116146,30.210134320016564,30.361373901367188,9622802,0.0,0.0
2021-09-01 00:00:00+03:00,30.399183998371353,30.626045168092944,30.21013362457602,30.455900192260742,6305940,0.0,0.0
2021-09-02 00:00:00+03:00,30.512612052552836,30.77728401188795,30.39918327331543,30.39918327331543,5714005,0.0,0.0
2021-09-03 00:00:00+03:00,30.418089094189064,30.55042327278052,30.247944120046924,30.266849517822266,3837845,0.0,0.0
2021-09-06 00:00:00+03:00,30.304660071046328,30.39918345333126,30.247943878173828,30.247943878173828,3044156,0.0,0.0
2021-09-07 00:00:00+03:00,30.247944120046924,30.493707079454495,30.153418934088183,30.266849517822266,5995854,0.0,0.0
2021-09-08 00:00:00+03:00,30.266848652598842,30.380277430172423,30.03998929453376,30.19122886657715,7066062,0.0,0.0
2021-09-09 00:00:00+03:00,30.11561093386094,30.45590089335886,30.039991143185627,30.361373901367188,5833746,0.0,0.0
2021-09-10 00:00:00+03:00,30.399183756986282,30.644946716883556,30.34246756354725,30.436994552612305,6157083,0.0,0.0
2021-09-13 00:00:00+03:00,30.455900707495935,30.682758275219406,30.342468317798172,30.51261329650879,3989679,0.0,0.0
2021-09-14 00:00:00+03:00,30.56932867055586,30.644946655821293,30.191229729638867,30.266849517822266,5256740,0.0,0.0
2021-09-15 00:00:00+03:00,30.26684921339981,30.47480498100102,30.07779884338379,30.07779884338379,4095501,0.0,0.0
2021-09-16 00:00:00+03:00,30.172324892755693,30.247944682344833,29.945465523988265,30.153419494628906,4677500,0.0,0.0
2021-09-17 00:00:00+03:00,30.191230290882476,30.323566274851974,30.077799705039766,30.153419494628906,6227299,0.0,0.0
2021-09-20 00:00:00+03:00,29.888750938440964,30.03999051663716,29.718605962240744,29.964370727539062,8206434,0.0,0.0
2021-09-21 00:00:00+03:00,30.09670577150596,30.19123096132095,29.907655391875977,30.03999137878418,4963191,0.0,0.0
2021-09-22 00:00:00+03:00,30.096703683320552,30.24794325536394,30.00217850006396,30.19122886657715,4325481,0.0,0.0
2021-09-23 00:00:00+03:00,30.191229911319116,30.285755097846675,29.96437054540376,30.115610122680664,6092306,0.0,0.0
2021-09-24 00:00:00+03:00,30.021084936153105,30.361373083567152,30.002179538264,30.115610122680664,8910318,0.0,0.0
2021-09-27 00:00:00+03:00,30.210134902394536,30.833998638221946,30.210134902394536,30.73947525024414,9722286,0.0,0.0
2021-09-28 00:00:00+03:00,30.682756908365544,30.928523469259606,30.5315173346753,30.72056770324707,6881175,0.0,0.0
2021-09-29 00:00:00+03:00,30.815092810238948,31.26881516255368,30.72056942357775,30.871809005737305,13884061,0.0,0.0
2021-09-30 00:00:00+03:00,30.871806855923175,30.985235633185006,30.62604390421657,30.852901458740234,7181793,0.0,0.0
2021-10-01 00:00:00+03:00,30.739474822077202,31.231004365554774,30.739474822077202,30.871809005737305,5503926,0.0,0.0
2021-10-04 00:00:00+03:00,30.909617957419016,31.363336676810484,30.79618917903011,31.04195213317871,6416968,0.0,0.0
2021-10-05 00:00:00+03:00,31.09867012706367,31.117571919693727,30.663853174015028,30.701663970947266,5166660,0.0,0.0
2021-10-06 00:00:00+03:00,30.701662603646128,30.73947339889446,30.13451329534678,30.247943878173828,7214587,0.0,0.0
2021-10-07 00:00:00+03:00,30.38027902561476,30.418089822070225,30.210134047401187,30.323566436767578,5292854,0.0,0.0
2021-10-08 00:00:00+03:00,30.285756341871032,30.474806722691625,30.229040145874023,30.229040145874023,3546159,0.0,0.0
2021-10-11 00:00:00+03:00,30.266849517822266,30.455899889739744,30.115609941455467,30.266849517822266,5013794,0.0,0.0
2021-10-12 00:00:00+03:00,30.15341827408235,30.55042260408495,30.15341827408235,30.380277633666992,6822463,0.0,0.0
2021-10-13 00:00:00+03:00,30.45590016080022,31.287716035302886,30.45590016080022,30.966331481933594,11621955,0.0,0.0
2021-10-14 00:00:00+03:00,30.909619671057346,31.40114921244094,30.833998077381693,31.193193435668945,4613557,0.0,0.0
2021-10-15 00:00:00+03:00,31.19319351355821,31.24990970895657,30.531518990588246,30.701663970947266,6484484,0.0,0.0
2021-10-18 00:00:00+03:00,30.68275721198734,31.193192130431378,30.644946416731656,30.909618377685547,4637025,0.0,0.0
2021-10-19 00:00:00+03:00,31.004142277820797,31.0986692675388,30.833997302164352,30.966331481933594,4262670,0.0,0.0
2021-10-20 00:00:00+03:00,30.94742923465271,31.42005335878351,30.909618439321626,31.079763412475586,7216656,0.0,0.0
2021-10-21 00:00:00+03:00,31.0041415897686,31.722532272338867,30.871807412936153,31.722532272338867,10911427,0.0,0.0
2021-10-22 00:00:00+03:00,31.49567134813586,32.0061062676711,31.193192197115554,31.741437911987305,8119799,0.0,0.0
2021-10-25 00:00:00+03:00,31.438954546483533,31.703626502879274,31.249907785132656,31.36333656311035,6326722,0.0,0.0
2021-10-26 00:00:00+03:00,31.438954915314042,31.779244859075124,31.438954915314042,31.722532272338867,8361820,0.0,0.0
2021-10-27 00:00:00+03:00,31.7225308143792,32.02500994919033,31.51457505700816,31.609098434448242,6825981,0.0,0.0
2021-10-28 00:00:00+03:00,31.609099228458714,31.854865785313653,31.55238664290435,31.835960388183594,2223494,0.0,0.0
2021-11-01 00:00:00+03:00,31.930485737138483,32.23296489820156,31.703628169259193,32.006107330322266,5022774,0.0,0.0
2021-11-02 00:00:00+03:00,32.0628217287206,32.800117880524944,32.0628217287206,32.49763870239258,7484272,0.0,0.0
2021-11-03 00:00:00+03:00,32.53544331942449,32.932449462939566,31.344432100551153,32.61106491088867,9374412,0.0,0.0
2021-11-04 00:00:00+03:00,32.970262575342076,33.36726514091677,32.894640978564304,33.14040756225586,8137410,0.0,0.0
2021-11-05 00:00:00+03:00,33.1971189217313,33.83988804713807,33.140406332089334,33.70755386352539,7019622,0.0,0.0
2021-11-08 00:00:00+03:00,33.76426774957728,34.5393710055808,33.76426774957728,34.50156021118164,6802967,0.0,0.0
2021-11-09 00:00:00+03:00,34.501563030219316,34.8418529959443,34.25580005821578,34.407039642333984,6520203,0.0,0.0
2021-11-10 00:00:00+03:00,34.42594305957096,34.482659258479885,33.764272101481595,34.21799087524414,6265012,0.0,0.0
2021-11-11 00:00:00+03:00,34.08565157053663,34.69060984480532,34.06674617373627,34.44484329223633,5017975,0.0,0.0
2021-11-12 00:00:00+03:00,34.444845852793186,35.25775994646045,34.444845852793186,34.99309158325195,6906120,0.0,0.0
2021-11-15 00:00:00+03:00,35.787099682365934,37.43182963466283,35.598049309294716,37.28059005737305,9442062,0.0,0.0
2021-11-16 00:00:00+03:00,37.337305362407974,37.67759530466999,36.278628346576276,36.864681243896484,6922061,0.0,0.0
2021-11-17 00:00:00+03:00,37.110443971607616,37.809929249287194,36.732346842616245,37.507450103759766,5275701,0.0,0.0
2021-11-18 00:00:00+03:00,37.62088144201377,39.208898867016934,37.62088144201377,38.73627471923828,8936621,0.0,0.0
2021-11-19 00:00:00+03:00,39.171085192863636,39.605902117320184,38.37707653867822,38.811893463134766,4850547,0.0,0.0
2021-11-22 00:00:00+03:00,38.9253254115852,39.984002501462804,38.9253254115852,39.757144927978516,5215374,0.0,0.0
2021-11-23 00:00:00+03:00,39.738237242134254,42.57398198833313,39.60590306424538,41.231727600097656,12584831,0.0,0.0
2021-11-24 00:00:00+03:00,42.12026579085591,42.97098710229767,40.645677136186286,40.778011322021484,9356331,0.0,0.0
2021-11-25 00:00:00+03:00,40.79691557623026,41.779974651762565,40.79691557623026,41.66654586791992,4867670,0.0,0.0
2021-11-26 00:00:00+03:00,41.64763835227486,42.47945419927943,39.90838146315536,40.49443435668945,8150514,0.0,0.0
2021-11-29 00:00:00+03:00,40.66457997686307,41.5531120300293,40.32429003135892,41.5531120300293,5347439,0.0,0.0
2021-11-30 00:00:00+03:00,41.32625741509439,42.158073334671855,40.94815664740561,41.13720703125,6158515,0.0,0.0
2021-12-01 00:00:00+03:00,41.53420783288656,44.067473493930734,41.49640064238793,43.65156555175781,8291070,0.0,0.0
2021-12-02 00:00:00+03:00,43.764991274647734,44.23761537827424,43.235654586320926,43.72718048095703,4246134,0.0,0.0
2021-12-03 00:00:00+03:00,43.95404236850536,44.653527640077286,43.783897399902344,43.783897399902344,4034510,0.0,0.0
2021-12-06 00:00:00+03:00,43.84061593404457,44.99381637573242,43.84061593404457,44.99381637573242,3843283,0.0,0.0
2021-12-07 00:00:00+03:00,45.39082115946302,46.52511977467675,44.86148084414038,45.86344528198242,4780190,0.0,0.0
2021-12-08 00:00:00+03:00,46.33607273106396,47.73503980145579,45.59878020086944,46.48731231689453,5630575,0.0,0.0
2021-12-09 00:00:00+03:00,46.56292926317903,49.152911169038546,46.56292926317903,48.39671325683594,5547311,0.0,0.0
2021-12-10 00:00:00+03:00,47.82956164753345,48.11313901692482,46.35497663471133,47.01665115356445,5523621,0.0,0.0
2021-12-13 00:00:00+03:00,47.309676478472824,49.38922345017367,47.309676478472824,48.25492477416992,5945798,0.0,0.0
2021-12-14 00:00:00+03:00,49.01112202686915,50.8543568997229,48.63302487720431,49.861846923828125,5741568,0.0,0.0
2021-12-15 00:00:00+03:00,50.71257039060986,51.37424128532215,48.63302350567369,49.247432708740234,6962361,0.0,0.0
2021-12-16 00:00:00+03:00,50.14541887717464,52.03591537475586,49.15290893711168,52.03591537475586,7706847,0.0,0.0
2021-12-17 00:00:00+03:00,53.59557608810664,56.33679382873429,46.84650421142578,46.84650421142578,8812299,0.0,0.0
2021-12-20 00:00:00+03:00,44.44557344015915,51.18519451664097,44.44557344015915,50.57078170776367,8340156,0.0,0.0
2021-12-21 00:00:00+03:00,50.38173482351823,50.38173482351823,45.52315902709961,45.52315902709961,6245203,0.0,0.0
2021-12-22 00:00:00+03:00,43.95404215061918,46.203733919790274,42.74412558507174,44.426666259765625,8108235,0.0,0.0
2021-12-23 00:00:00+03:00,45.466439266478204,46.48730910467066,43.57594277130928,46.2037353515625,6722531,0.0,0.0
2021-12-24 00:00:00+03:00,46.61964219634965,49.53100846188797,46.39278464148235,49.43648147583008,5334124,0.0,0.0
2021-12-27 00:00:00+03:00,49.814582382291654,50.94888097809543,47.73503555762404,48.113136291503906,8544744,0.0,0.0
2021-12-28 00:00:00+03:00,48.44397219321372,48.68028425269281,46.14701868661008,46.827598571777344,4851785,0.0,0.0
2021-12-29 00:00:00+03:00,46.50621730219698,47.73503937686997,45.73111398098004,47.45146560668945,4179596,0.0,0.0
2021-12-30 00:00:00+03:00,47.640512120868145,48.207659615183026,46.12811279296875,46.12811279296875,3529887,0.0,0.0
2021-12-31 00:00:00+03:00,46.222639368463184,46.54402390727502,45.693299067527285,45.75001525878906,3330702,0.0,0.0
2022-01-03 00:00:00+03:00,46.03359304927833,47.167891733355894,46.03359304927833,47.111175537109375,4099307,0.0,0.0
2022-01-04 00:00:00+03:00,47.54598538296181,49.15290809969596,47.03555047191052,47.97134780883789,4622299,0.0,0.0
2022-01-05 00:00:00+03:00,48.3494493589895,48.91659686582411,47.545986184165244,48.86933517456055,3343541,0.0,0.0
2022-01-06 00:00:00+03:00,48.16039958560458,49.436483294732234,47.92408752051902,48.58576202392578,4137837,0.0,0.0
2022-01-07 00:00:00+03:00,48.680284803670375,49.5310096697582,47.49872449290167,48.86933517456055,3984943,0.0,0.0
2022-01-10 00:00:00+03:00,49.200169227411884,50.476256490444236,49.011118861869775,49.578269958496094,4020624,0.0,0.0
2022-01-11 00:00:00+03:00,50.00363296734797,50.2872067160769,48.113136501373916,48.63302230834961,4039714,0.0,0.0
2022-01-12 00:00:00+03:00,49.05838574374859,49.72005663578486,48.396711245876396,48.72754669189453,3725395,0.0,0.0
2022-01-13 00:00:00+03:00,48.58576181107906,51.23245620727539,48.396711438671616,51.23245620727539,7819444,0.0,0.0
2022-01-14 00:00:00+03:00,51.42150739255242,52.55580243325608,49.81458461044091,50.80709457397461,10268008,0.0,0.0
2022-01-17 00:00:00+03:00,51.46877168533322,52.272231314064705,51.04340922066048,51.374244689941406,5387632,0.0,0.0
2022-01-18 00:00:00+03:00,51.37424171109185,52.22496659110947,49.105648040771484,49.105648040771484,6997404,0.0,0.0
2022-01-19 00:00:00+03:00,49.247433678986496,51.13793022874929,48.727547848968925,50.665306091308594,7829163,0.0,0.0
2022-01-20 00:00:00+03:00,51.18519617030661,51.37424294298946,48.822075453410385,49.72005844116211,7321588,0.0,0.0
2022-01-21 00:00:00+03:00,49.57827176193232,50.28720795412629,48.86933556973835,49.247432708740234,5853381,0.0,0.0
2022-01-24 00:00:00+03:00,49.15290798113665,49.43648172909142,46.46840286254883,46.46840286254883,7920509,0.0,0.0
2022-01-25 00:00:00+03:00,46.92212525807266,48.20766352911621,45.6554923858193,47.45146560668945,6028078,0.0,0.0
2022-01-26 00:00:00+03:00,47.82956053487058,48.06587259997535,47.16788963724599,47.92408752441406,4172331,0.0,0.0
2022-01-27 00:00:00+03:00,47.22460085463117,49.05838473436094,46.12811304859965,48.63302230834961,7132314,0.0,0.0
2022-01-28 00:00:00+03:00,48.68028399883179,49.72005561278318,48.396710250102856,48.63302230834961,5277509,0.0,0.0
2022-01-31 00:00:00+03:00,49.05838473436094,49.247431496289664,48.49123363106722,48.63302230834961,3391673,0.0,0.0
2022-02-01 00:00:00+03:00,48.82207667359314,50.098160450275124,48.82207667359314,49.15291213989258,4283234,0.0,0.0
2022-02-02 00:00:00+03:00,49.483743554536424,49.531008850854455,48.065871205055885,48.63302230834961,3832181,0.0,0.0
2022-02-03 00:00:00+03:00,48.302186439503856,49.38922342125344,48.302186439503856,48.91659927368164,3712806,0.0,0.0
2022-02-04 00:00:00+03:00,49.05838875118878,50.19268383897892,48.86933836794504,49.15291213989258,5111217,0.0,0.0
2022-02-07 00:00:00+03:00,49.15290738028119,50.901615142822266,49.058384000730356,50.901615142822266,6727929,0.0,0.0
2022-02-08 00:00:00+03:00,50.90161715510626,51.23245620828478,50.23994626042109,50.57078170776367,4694974,0.0,0.0
2022-02-09 00:00:00+03:00,50.901614950860946,51.56328942272888,50.712568192472204,51.04340362548828,5049934,0.0,0.0
2022-02-10 00:00:00+03:00,51.13792861072326,51.61055273320993,50.85435485839844,50.85435485839844,5236916,0.0,0.0
2022-02-11 00:00:00+03:00,50.712571527647995,53.453789368757924,50.61804453640116,53.17021560668945,8381542,0.0,0.0
2022-02-14 00:00:00+03:00,52.50853866928509,53.075689773097515,50.75983087899411,51.1379280090332,8130160,0.0,0.0
2022-02-15 00:00:00+03:00,51.27971827983856,53.217476498278174,51.27971827983856,52.933902740478516,5233777,0.0,0.0
2022-02-16 00:00:00+03:00,53.075693870211865,53.12295556438558,52.31949234008789,52.31949234008789,4021240,0.0,0.0
2022-02-17 00:00:00+03:00,52.461275378140535,53.83188599657442,51.65781584621502,51.988651275634766,6178060,0.0,0.0
2022-02-18 00:00:00+03:00,52.50854172201762,52.650330407672975,51.56329343321141,52.22496795654297,2779822,0.0,0.0
2022-02-21 00:00:00+03:00,52.508542722618884,53.406529335264004,51.65782140998361,52.31949234008789,4274711,0.0,0.0
2022-02-22 00:00:00+03:00,51.5160323497431,52.319491962404655,50.75983443091409,51.9413948059082,3785729,0.0,0.0
2022-02-23 00:00:00+03:00,52.177703857421875,52.603066288938955,51.70507973481087,52.177703857421875,3266405,0.0,0.0
2022-02-24 00:00:00+03:00,48.68028790962454,50.94888529337839,47.404204134910586,50.476261138916016,8157887,0.0,0.0
2022-02-25 00:00:00+03:00,51.23245737456587,53.12295393004183,50.665306244421465,52.508541107177734,5148529,0.0,0.0
2022-02-28 00:00:00+03:00,51.894133486688325,53.02842857020202,51.752344798331045,52.31949234008789,4198428,0.0,0.0
2022-03-01 00:00:00+03:00,52.98116443846409,53.40652687812966,51.84686580130123,52.2722282409668,2937869,0.0,0.0
2022-03-02 00:00:00+03:00,52.224966354021745,53.028425932518466,51.752342224121094,51.752342224121094,3007327,0.0,0.0
2022-03-03 00:00:00+03:00,51.98865189566349,52.98116180159536,51.65781646229813,52.36675262451172,3818008,0.0,0.0
2022-03-04 00:00:00+03:00,52.13044459407861,52.36675666638933,51.23245799813068,51.56329345703125,2824877,0.0,0.0
2022-03-07 00:00:00+03:00,51.04340663039913,51.61055415062473,50.66530587969141,51.46876907348633,4099424,0.0,0.0
2022-03-08 00:00:00+03:00,51.043406225725846,51.84686580731492,50.90161754387555,51.61055374145508,3567266,0.0,0.0
2022-03-09 00:00:00+03:00,51.89413090542567,52.224966354021745,51.61055354281652,51.752342224121094,3356964,0.0,0.0
2022-03-10 00:00:00+03:00,52.08317747335498,53.40652647434571,51.46876827033752,51.89413070678711,4799857,0.0,0.0
2022-03-11 00:00:00+03:00,51.8468654093092,52.4612782181626,51.705080334383304,51.89413070678711,4120376,0.0,0.0
2022-03-14 00:00:00+03:00,52.17770715256081,54.96619037323186,52.08318015856748,54.30451583862305,6808063,0.0,0.0
2022-03-15 00:00:00+03:00,54.25725355638218,56.14775014572182,53.69010241607864,53.926414489746094,6815166,0.0,0.0
2022-03-16 00:00:00+03:00,53.926412890644215,54.5408257062946,53.122953306334615,53.45378875732422,3090714,0.0,0.0
2022-03-17 00:00:00+03:00,53.690098425614444,54.63534665002962,53.642836735560856,54.068199157714844,4343146,0.0,0.0
2022-03-18 00:00:00+03:00,54.02093968551915,54.39903682730671,52.933902740478516,52.933902740478516,2860896,0.0,0.0
2022-03-21 00:00:00+03:00,53.40652764494162,54.49356460571289,53.40652764494162,54.49356460571289,3711654,0.0,0.0
2022-03-22 00:00:00+03:00,54.54082272817454,55.67512130737305,54.16272199982978,55.67512130737305,3726479,0.0,0.0
2022-03-23 00:00:00+03:00,55.91143722804263,56.242272683848505,54.162725745799506,54.351776123046875,4686935,0.0,0.0
2022-03-24 00:00:00+03:00,54.63534907406025,54.91892283279908,54.16272494088354,54.777137756347656,3323892,0.0,0.0
2022-03-25 00:00:00+03:00,54.82439964881025,55.29702378371379,54.49356419671217,54.63534927368164,4372157,0.0,0.0
2022-03-28 00:00:00+03:00,55.34293768088455,55.34293768088455,54.45823931644698,54.80228805541992,3893082,2.219827,0.0
2022-03-29 00:00:00+03:00,55.048038774174934,56.276789639669914,54.94974020487536,56.0801887512207,3598685,0.0,0.0
2022-03-30 00:00:00+03:00,56.52253984990468,57.21064108500397,56.27678967664423,56.8665885925293,4674242,0.0,0.0
2022-03-31 00:00:00+03:00,57.11233917812524,59.47154235839844,56.86658900309054,59.47154235839844,5661590,0.0,0.0
2022-04-01 00:00:00+03:00,59.47154373377713,59.618995342148054,58.390244438557616,58.58684158325195,4424563,0.0,0.0
2022-04-04 00:00:00+03:00,58.63599446687763,60.012193225412,58.48854285888994,59.91389465332031,4685599,0.0,0.0
2022-04-05 00:00:00+03:00,60.20879390598737,61.58499640949285,59.37324479661985,61.240943908691406,5119409,0.0,0.0
2022-04-06 00:00:00+03:00,61.33924319135681,62.32224385948849,61.04433999103733,61.97819137573242,5445891,0.0,0.0
2022-04-07 00:00:00+03:00,62.174795590466054,62.81374755892474,61.4866943359375,61.4866943359375,3035564,0.0,0.0
2022-04-08 00:00:00+03:00,61.634143362245624,62.420543155972915,61.584994078234544,61.92904281616211,3371499,0.0,0.0
2022-04-11 00:00:00+03:00,62.07649395205213,62.912043023518244,61.535840582438794,62.223941802978516,5397991,0.0,0.0
2022-04-12 00:00:00+03:00,62.22394443439617,63.944199433419136,61.58499622032776,63.354393005371094,5848186,0.0,0.0
2022-04-13 00:00:00+03:00,63.64929578124313,63.74759435200771,62.46969418281764,62.86289596557617,4850088,0.0,0.0
2022-04-14 00:00:00+03:00,63.01034334750533,63.747593872241424,63.01034334750533,63.15779495239258,2250744,0.0,0.0
2022-04-15 00:00:00+03:00,63.30524510526826,63.74759241008389,62.96119636822279,63.2560920715332,1909287,0.0,0.0
2022-04-18 00:00:00+03:00,63.45269630589776,63.69844647362052,63.20694613817499,63.550994873046875,2630247,0.0,0.0
2022-04-19 00:00:00+03:00,63.89504503385475,68.7117499286546,63.89504503385475,67.92534637451172,12626865,0.0,0.0
2022-04-20 00:00:00+03:00,67.87619887143337,68.26939313740296,66.25424627535925,67.53214263916016,4564019,0.0,0.0
2022-04-21 00:00:00+03:00,67.82705165622951,71.70990161348128,67.82705165622951,70.28455352783203,7047067,0.0,0.0
2022-04-22 00:00:00+03:00,70.13709968929801,70.92350326312894,67.3355491445383,68.07279968261719,4747133,0.0,0.0
2022-04-25 00:00:00+03:00,68.07279867654319,68.61345206302396,65.76274852464385,67.08979797363281,5473823,0.0,0.0
2022-04-26 00:00:00+03:00,67.18809725045797,68.02364635677743,64.73059546734173,66.2542495727539,5913591,0.0,0.0
2022-04-27 00:00:00+03:00,66.10679894482352,67.23725128173828,65.61529858092149,67.23725128173828,3671217,0.0,0.0
2022-04-28 00:00:00+03:00,67.13894825141176,67.48299698336105,65.4186970919655,65.95934295654297,3011444,0.0,0.0
2022-04-29 00:00:00+03:00,66.15594785028776,67.0406424503104,65.71359305057652,66.20509338378906,3623496,0.0,0.0
2022-05-05 00:00:00+03:00,66.84404583933743,67.72874794597453,66.64744870439584,66.69659423828125,2622020,0.0,0.0
2022-05-06 00:00:00+03:00,66.15595005681868,67.18809629117074,65.51699810239113,66.84404754638672,4047648,0.0,0.0
2022-05-09 00:00:00+03:00,66.7457518778095,68.61345478743961,66.45084865534666,68.22025299072266,3536630,0.0,0.0
2022-05-10 00:00:00+03:00,68.4660015036013,69.69475240101087,68.4660015036013,69.64559936523438,697167,0.0,0.0
2022-05-11 00:00:00+03:00,69.30154734496,69.69474911352388,68.41684524061627,69.35070037841797,4799236,0.0,0.0
2022-05-12 00:00:00+03:00,68.22024719967982,70.33370011538983,67.82704543634077,69.94049835205078,6605978,0.0,0.0
2022-05-13 00:00:00+03:00,70.57945552538895,70.82520570827721,69.05580139160156,69.05580139160156,3030626,0.0,0.0
2022-05-16 00:00:00+03:00,69.0557996895348,69.49814700795065,68.36770219428784,68.9083480834961,2524335,0.0,0.0
2022-05-17 00:00:00+03:00,68.90834858077916,70.4811482239083,68.76089697367637,69.39984893798828,2964905,0.0,0.0
2022-05-18 00:00:00+03:00,69.25239975726721,69.49814994448208,68.51514919562264,68.71175384521484,2442107,0.0,0.0
2022-05-20 00:00:00+03:00,68.41685013923089,68.90835051020194,68.02364834251395,68.22025299072266,3360555,0.0,0.0
2022-05-23 00:00:00+03:00,68.5151470055844,68.56430004133645,67.04064592942663,68.07279968261719,2859538,0.0,0.0
2022-05-24 00:00:00+03:00,68.31854982637348,68.56430000560503,66.30339535679458,66.5,3549416,0.0,0.0
2022-05-25 00:00:00+03:00,73.13525390625,73.13525390625,71.36584963847532,73.13525390625,7336481,0.0,0.0
2022-05-26 00:00:00+03:00,75.1995517202524,80.36030526968149,75.10125315258423,79.86880493164062,22478872,0.0,0.0
2022-05-27 00:00:00+03:00,79.81965248843316,80.45860443255302,77.46045684814453,77.46045684814453,9455012,0.0,0.0
2022-05-30 00:00:00+03:00,77.80450984037475,78.44346181942137,76.87065464032185,77.16555786132812,6827158,0.0,0.0
2022-05-31 00:00:00+03:00,77.26385423050957,77.41130583680544,75.74020763131958,76.52660369873047,4655855,0.0,0.0
2022-06-01 00:00:00+03:00,76.57575199309949,77.46045407640072,75.88764703955418,76.33000183105469,4192550,0.0,0.0
2022-06-02 00:00:00+03:00,76.47745506640683,82.27715301513672,76.47745506640683,82.27715301513672,11774927,0.0,0.0
2022-06-03 00:00:00+03:00,82.42460970594414,82.8669645342396,80.2620110999454,81.14671325683594,8550813,0.0,0.0
2022-06-06 00:00:00+03:00,81.29415420633741,82.96525988210148,80.70435529123837,81.0975570678711,6236220,0.0,0.0
2022-06-07 00:00:00+03:00,80.90095690939907,81.09755404052648,79.42645592684404,79.72135162353516,3913974,0.0,0.0
2022-06-08 00:00:00+03:00,79.96710896249006,81.19585989153785,76.87065512134953,77.65705871582031,4250341,0.0,0.0
2022-06-09 00:00:00+03:00,78.05025311111405,78.44345487105993,76.37914750626905,77.90280151367188,4218534,0.0,0.0
2022-06-10 00:00:00+03:00,77.11640167236328,78.59090271772166,76.47745721913476,77.11640167236328,3940200,0.0,0.0
2022-06-13 00:00:00+03:00,76.52660300444691,79.2790079646646,75.88765104942851,77.36215209960938,4734343,0.0,0.0
2022-06-14 00:00:00+03:00,77.55875794658381,77.90280669704079,76.23170848070677,77.01810455322266,2721724,0.0,0.0
2022-06-15 00:00:00+03:00,77.06725246109926,79.72135121625928,77.06725246109926,77.90280151367188,4851243,0.0,0.0
2022-06-16 00:00:00+03:00,77.902804715289,78.24685345699379,75.93680333446152,76.6249008178711,4058624,0.0,0.0
2022-06-17 00:00:00+03:00,76.67405651461694,76.87065365964607,75.8876529350997,76.18255615234375,3211392,0.0,0.0
2022-06-20 00:00:00+03:00,76.47745689358544,76.67405403224963,74.16739926593065,75.2978515625,3858532,0.0,0.0
2022-06-21 00:00:00+03:00,75.29785011419924,76.47745542259581,75.19955154675785,75.39614868164062,2873748,0.0,0.0
2022-06-22 00:00:00+03:00,74.70805162516703,75.34700356663807,74.16739825168385,74.31484985351562,2916940,0.0,0.0
2022-06-23 00:00:00+03:00,74.31485149557214,74.95380345116143,72.05395438309492,72.8895034790039,4099892,0.0,0.0
2022-06-24 00:00:00+03:00,73.03695153007499,74.75720267311456,72.74204833424541,73.92164611816406,4320399,0.0,0.0
2022-06-27 00:00:00+03:00,71.85734558105469,71.85734558105469,71.85734558105469,71.85734558105469,32711,0.0,0.0
2022-06-28 00:00:00+03:00,77.95195440049032,79.27900377559227,75.00295245595272,76.33000183105469,10606765,0.0,0.0
2022-06-29 00:00:00+03:00,76.37915039704654,76.42830343128752,71.56245302943285,71.90650177001953,5524775,0.0,0.0
2022-06-30 00:00:00+03:00,71.75904793574892,71.95564506719981,69.89134518816618,71.26754760742188,5373785,0.0,0.0
2022-07-01 00:00:00+03:00,70.77604779805223,72.64375055932969,70.57945066515981,71.75904846191406,2399973,0.0,0.0
2022-07-04 00:00:00+03:00,71.80820342435379,72.59459947675248,69.25239562988281,69.25239562988281,2683625,0.0,0.0
2022-07-05 00:00:00+03:00,69.20324932348272,69.84220126497532,68.36770024600779,68.51514434814453,2747087,0.0,0.0
2022-07-06 00:00:00+03:00,68.5642954116617,70.13709495342295,68.46599684649534,69.4489974975586,2970142,0.0,0.0
2022-07-07 00:00:00+03:00,69.79305291426809,70.48115043607785,69.00664931817079,70.03880310058594,2131963,0.0,0.0
2022-07-08 00:00:00+03:00,70.03879836880223,70.23539550469431,69.64559659731808,69.84220123291016,560433,0.0,0.0
2022-07-13 00:00:00+03:00,69.79304551138404,69.79304551138404,65.6644458190412,66.0576400756836,4577340,0.0,0.0
2022-07-14 00:00:00+03:00,66.6474462978346,66.9914950214092,64.18994470130235,64.4848403930664,6171129,0.0,0.0
2022-07-18 00:00:00+03:00,65.1729504964801,65.46784621157667,64.28824835178982,64.92720031738281,5397534,0.0,0.0
2022-07-19 00:00:00+03:00,64.77975003184554,65.32039593707152,64.28824966362167,64.82889556884766,5275381,0.0,0.0
2022-07-20 00:00:00+03:00,64.9763417747085,66.2050925930642,64.18994575078077,65.46784210205078,6440335,0.0,0.0
2022-07-21 00:00:00+03:00,65.66444593067509,66.54914050932422,64.7305908203125,64.7305908203125,5019775,0.0,0.0
2022-07-22 00:00:00+03:00,64.87804489992978,66.30339288648761,64.82889186603467,65.61529541015625,4502931,0.0,0.0
2022-07-25 00:00:00+03:00,65.71359738030836,66.50000096514287,65.71359738030836,65.91020202636719,3077437,0.0,0.0
2022-07-26 00:00:00+03:00,65.95934682091429,66.20509700094728,64.28824859657009,65.1729507446289,3131768,0.0,0.0
2022-07-27 00:00:00+03:00,63.99334353179826,64.2390937047312,62.66629409790039,62.66629409790039,8030702,0.0,0.0
2022-07-28 00:00:00+03:00,64.28824599596857,64.28824599596857,62.223942317287,62.7154426574707,4025332,0.0,0.0
2022-07-29 00:00:00+03:00,62.46969213928164,63.79674530029297,61.732441633114234,63.79674530029297,4726457,0.0,0.0
2022-08-01 00:00:00+03:00,63.796748813215736,64.82889507886453,63.305248448706685,64.33739471435547,4080912,0.0,0.0
2022-08-02 00:00:00+03:00,64.3865442052869,65.3203918465523,63.30524496284803,63.79674530029297,4699174,0.0,0.0
2022-08-03 00:00:00+03:00,63.84589042649498,65.17294732888165,63.79674489288432,64.87804412841797,4739989,0.0,0.0
2022-08-04 00:00:00+03:00,65.41869852941922,66.74574795306866,65.41869852941922,65.86104583740234,6285560,0.0,0.0
2022-08-05 00:00:00+03:00,65.95934295654297,66.49999632082032,65.36954405895851,65.95934295654297,3666572,0.0,0.0
2022-08-08 00:00:00+03:00,66.45084289060898,67.38469801426056,65.91019702926317,67.04064178466797,5566689,0.0,0.0
2022-08-09 00:00:00+03:00,67.63045282516534,67.77789693403577,66.35254888381904,66.99150085449219,3629115,0.0,0.0
2022-08-10 00:00:00+03:00,66.49999745537558,68.56429738199012,65.86104551388298,68.51514434814453,4668490,0.0,0.0
2022-08-11 00:00:00+03:00,69.3015468229155,70.08795035411931,68.46599775832387,68.85919952392578,5944208,0.0,0.0
2022-08-12 00:00:00+03:00,69.10494970183804,69.20324826833043,66.8440451740135,67.53214263916016,3205938,0.0,0.0
2022-08-15 00:00:00+03:00,67.53214157906878,67.77789174129202,66.30339076795254,66.54914093017578,2474397,0.0,0.0
2022-08-16 00:00:00+03:00,66.4017021630449,67.38470289084897,64.48484624400675,67.23725128173828,3815227,0.0,0.0
2022-08-17 00:00:00+03:00,67.23724983016074,68.12195196602474,66.84404804758782,67.3355484008789,3431407,0.0,0.0
2022-08-18 00:00:00+03:00,67.33555034880942,69.4490034290406,66.10679943003552,69.30155181884766,7222668,0.0,0.0
2022-08-19 00:00:00+03:00,69.5473010399262,71.07095515799553,68.66259889071499,69.89134979248047,7105582,0.0,0.0
2022-08-22 00:00:00+03:00,69.89134901524702,73.08610132430972,69.79305044413898,72.053955078125,7481994,0.0,0.0
2022-08-23 00:00:00+03:00,72.10309890758333,73.23355119782535,71.41500142640996,71.90650177001953,6059507,0.0,0.0
2022-08-24 00:00:00+03:00,72.25055016171534,72.79120353695512,70.03879862615263,70.08795166015625,6644263,0.0,0.0
2022-08-25 00:00:00+03:00,70.23539733886719,71.46414821953107,69.89134859222135,70.23539733886719,4414612,0.0,0.0
2022-08-26 00:00:00+03:00,70.43200223053175,70.48114776611328,69.00664670406321,70.48114776611328,4857905,0.0,0.0
2022-08-29 00:00:00+03:00,70.28455037397383,70.48114751499996,69.2523966343361,70.23539733886719,3129039,0.0,0.0
2022-08-31 00:00:00+03:00,70.18625373282765,70.18625373282765,69.05580139160156,69.05580139160156,2709149,0.0,0.0
2022-09-01 00:00:00+03:00,68.46599697074404,69.64559475428071,67.6795934485864,68.1219482421875,3350291,0.0,0.0
2022-09-02 00:00:00+03:00,68.22024759228516,69.44899842247871,68.22024759228516,68.85919952392578,3380646,0.0,0.0
2022-09-05 00:00:00+03:00,69.00664258422653,72.15224916195439,69.00664258422653,70.77604675292969,7856915,0.0,0.0
2022-09-06 00:00:00+03:00,72.15225090235697,72.4962996379871,69.39984601791613,70.92350006103516,7846413,0.0,0.0
2022-09-07 00:00:00+03:00,71.02180215016706,72.0539559079389,70.28455160881585,71.46414947509766,6252481,0.0,0.0
2022-09-08 00:00:00+03:00,72.25054905601735,73.67589702390916,70.77604805487414,72.00479888916016,7771277,0.0,0.0
2022-09-09 00:00:00+03:00,72.15225074924908,74.16739762492072,71.80820201434905,72.25054931640625,6979979,0.0,0.0
2022-09-12 00:00:00+03:00,73.03695705108856,75.19955565164797,72.79120686922043,74.85550689697266,9040085,0.0,0.0
2022-09-13 00:00:00+03:00,75.54359882094654,75.69105041910555,69.69474792480469,69.69474792480469,7493647,0.0,0.0
2022-09-14 00:00:00+03:00,69.64559593098083,70.82520123414737,67.82704619242818,70.67774963378906,5184346,0.0,0.0
2022-09-15 00:00:00+03:00,71.02179730883606,72.54545132364602,69.69474792480469,69.69474792480469,4070121,0.0,0.0
2022-09-16 00:00:00+03:00,69.69474779854845,72.39799959433368,69.64559476601788,71.02179718017578,3347398,0.0,0.0
2022-09-19 00:00:00+03:00,71.75905110938085,72.74205180950936,68.4168472290039,68.4168472290039,3680489,0.0,0.0
2022-09-20 00:00:00+03:00,68.56430079954139,71.12010119320428,68.56430079954139,70.38285064697266,5986338,0.0,0.0
2022-09-21 00:00:00+03:00,70.18624877929688,70.72689464367367,69.30154668339861,70.18624877929688,2751909,0.0,0.0
2022-09-22 00:00:00+03:00,69.7930512202793,70.77605194169168,69.74389818432854,69.89134979248047,3145931,0.0,0.0
2022-09-23 00:00:00+03:00,69.94050187651506,71.75905168643676,69.79305027037,70.48114776611328,5306933,0.0,0.0
2022-09-26 00:00:00+03:00,70.28455057369021,71.21839824576824,66.79489506280872,68.9083480834961,4598883,0.0,0.0
2022-09-27 00:00:00+03:00,69.15409377189108,69.98964281894554,68.66259345012966,68.9574966430664,2320189,0.0,0.0
2022-09-28 00:00:00+03:00,69.0066493281257,69.0066493281257,67.87620447066094,68.46600341796875,3374359,0.0,0.0
2022-09-29 00:00:00+03:00,68.81004650266097,68.9574981022495,65.86104450968978,67.53214263916016,2757584,0.0,0.0
2022-09-30 00:00:00+03:00,67.08979374861916,67.5321410371917,66.0576400756836,66.0576400756836,2669976,0.0,0.0
2022-10-03 00:00:00+03:00,66.15595199846761,68.90834953722161,66.10679896218436,68.81005096435547,3626204,0.0,0.0
2022-10-04 00:00:00+03:00,68.95750281838633,69.49814872092027,67.97450208683328,69.05580139160156,4079490,0.0,0.0
2022-10-05 00:00:00+03:00,69.30154734496,70.92349995297353,68.85920004263811,69.35070037841797,6057457,0.0,0.0
2022-10-06 00:00:00+03:00,69.98964533497922,70.87434744589356,69.49814499554903,69.84220123291016,3838482,0.0,0.0
2022-10-07 00:00:00+03:00,70.33370340908046,71.365849649018,69.89134859222135,70.23539733886719,4193216,0.0,0.0
2022-10-10 00:00:00+03:00,70.38285113391002,71.56245651586184,69.84220522941997,70.87435150146484,4618556,0.0,0.0
2022-10-11 00:00:00+03:00,71.1692526913475,72.59460071670968,70.87434947934831,71.8082046508789,7439832,0.0,0.0
2022-10-12 00:00:00+03:00,71.80820518813316,72.1522539382395,69.39984893798828,69.39984893798828,4171772,0.0,0.0
2022-10-13 00:00:00+03:00,69.49814303029189,70.13709495342295,68.95749717202696,69.4489974975586,3439613,0.0,0.0
2022-10-14 00:00:00+03:00,70.77605122881505,71.16925301335962,70.08795373063722,70.72689819335938,2869213,0.0,0.0
2022-10-17 00:00:00+03:00,71.26754812998314,73.08609785818757,70.87434636449844,71.75904846191406,8623247,0.0,0.0
2022-10-18 00:00:00+03:00,72.34884907938812,72.59459925119289,70.87434804855941,71.90650177001953,5446782,0.0,0.0
2022-10-19 00:00:00+03:00,72.15225570398965,72.49630446251574,71.07095639160747,71.12010192871094,4097115,0.0,0.0
2022-10-20 00:00:00+03:00,71.21839696314184,71.80820337667434,70.4320009112653,70.57945251464844,7926095,0.0,0.0
2022-10-21 00:00:00+03:00,70.62859645481984,72.39800065607166,70.38284628796264,72.00479888916016,5814934,0.0,0.0
2022-10-24 00:00:00+03:00,70.87435150146484,71.70990062636794,70.43200417054568,70.87435150146484,5490228,0.0,0.0
2022-10-25 00:00:00+03:00,70.87434531792435,71.4149986749447,70.23539339590934,70.77604675292969,3078655,0.0,0.0
2022-10-26 00:00:00+03:00,70.77605292789396,71.12010168524225,70.38285113391002,70.87435150146484,3254327,0.0,0.0
2022-10-27 00:00:00+03:00,71.07095674864043,74.65890346233749,70.53030333988308,74.51145935058594,10388150,0.0,0.0
2022-10-28 00:00:00+03:00,74.1182538392843,74.1182538392843,72.29970405503617,72.39800262451172,3436508,0.0,0.0
2022-10-31 00:00:00+03:00,72.88950056253816,77.41130210626577,72.49629879793143,77.31300354003906,9191053,0.0,0.0
2022-11-01 00:00:00+03:00,77.31300394547812,78.34515014582111,76.03510007872976,76.23170471191406,6898901,0.0,0.0
2022-11-02 00:00:00+03:00,76.13340286948961,77.46045984308654,75.64190250880938,75.93680572509766,4661496,0.0,0.0
2022-11-03 00:00:00+03:00,75.9859568166136,79.81965353205737,75.88765074723287,78.4434585571289,8370039,0.0,0.0
2022-11-04 00:00:00+03:00,78.93496015949003,80.70435694095629,78.54175837481968,79.67221069335938,6737668,0.0,0.0
2022-11-07 00:00:00+03:00,79.77050412559707,80.36030301475625,79.08239917182823,79.22985076904297,4335398,0.0,0.0
2022-11-08 00:00:00+03:00,79.22985544312714,80.26200918482138,77.70620884788829,77.85365295410156,5473250,0.0,0.0
2022-11-09 00:00:00+03:00,77.85365270268427,79.27900822231143,77.50960395646399,77.60790252685547,4090252,0.0,0.0
2022-11-10 00:00:00+03:00,77.65705847192767,79.32815673030416,77.01810649088944,78.9841079711914,4215039,0.0,0.0
2022-11-11 00:00:00+03:00,79.62306020229678,80.01626199953218,77.01810673277537,77.65705871582031,4245497,0.0,0.0
2022-11-14 00:00:00+03:00,77.65705823609512,81.44160957424322,77.65705823609512,80.3111572265625,6075267,0.0,0.0
2022-11-15 00:00:00+03:00,80.70435726795877,83.84996405836696,79.91796119513194,83.06356048583984,11296747,0.0,0.0
2022-11-16 00:00:00+03:00,83.94826217175637,85.22615859551189,82.12971235737722,84.14485931396484,10015270,0.0,0.0
2022-11-17 00:00:00+03:00,84.19400719488408,84.63635448762209,80.55690028909464,80.80265045166016,4691231,0.0,0.0
2022-11-18 00:00:00+03:00,80.7043577201236,82.47376201837297,80.7043577201236,81.98226165771484,2482502,0.0,0.0
2022-11-21 00:00:00+03:00,83.75165774226407,87.33961184442039,82.71951149350146,87.29046630859375,8885076,0.0,0.0
2022-11-22 00:00:00+03:00,87.33961292278171,89.15816276422639,85.37361147263603,86.9464111328125,7000043,0.0,0.0
2022-11-23 00:00:00+03:00,87.48706038621542,89.15815853977998,85.86510776675568,88.8141098022461,6076768,0.0,0.0
2022-11-24 00:00:00+03:00,89.20731572946568,90.87841396088132,87.58536303444441,89.84626770019531,5806950,0.0,0.0
2022-11-25 00:00:00+03:00,90.38691409134972,91.46822089372398,88.42091263205162,90.3377685546875,4719597,0.0,0.0
2022-11-28 00:00:00+03:00,90.82926770849569,93.09016485672399,90.14116270709556,90.68181610107422,4901677,0.0,0.0
2022-11-29 00:00:00+03:00,90.87840956517577,91.61566007273437,88.6666580425,90.14115905761719,3033203,0.0,0.0
2022-11-30 00:00:00+03:00,89.94456531690514,94.36806852921195,89.40391192440975,90.43606567382812,8928593,0.0,0.0
2022-12-01 00:00:00+03:00,91.51736279738164,93.23761400597792,89.94456319231935,91.36991119384766,4981436,0.0,0.0
2022-12-02 00:00:00+03:00,91.22246675167128,91.41906388918736,88.66665896576191,89.55136108398438,5152401,0.0,0.0
2022-12-05 00:00:00+03:00,89.94456021304488,91.91056152917702,88.47005922594579,91.32076263427734,4258824,0.0,0.0
2022-12-06 00:00:00+03:00,91.91056457357223,93.3850656095119,91.12416102119104,91.36991119384766,3512564,0.0,0.0
2022-12-07 00:00:00+03:00,91.36991305393138,92.40206679998148,87.29046610454346,88.61751556396484,3752059,0.0,0.0
2022-12-08 00:00:00+03:00,88.91241026443186,89.35476507899978,84.88210889666952,87.63451385498047,3666441,0.0,0.0
2022-12-09 00:00:00+03:00,87.88026458654642,90.33776635071327,87.33961119854963,89.69881439208984,5316341,0.0,0.0
2022-12-12 00:00:00+03:00,90.04286441203001,92.89356799870276,90.04286441203001,92.5003662109375,4751204,0.0,0.0
2022-12-13 00:00:00+03:00,93.38506863433754,95.59682025988765,92.79526970079759,94.31891632080078,5605902,0.0,0.0
2022-12-14 00:00:00+03:00,94.26976502196092,95.49851584993303,89.60051187566687,90.23946380615234,3850979,0.0,0.0
2022-12-15 00:00:00+03:00,92.40206763892127,93.87656871826576,89.30561387235778,92.5003662109375,3449295,0.0,0.0
2022-12-16 00:00:00+03:00,92.94272177428003,94.66297304720652,92.3529153380878,93.23761749267578,1172450,0.0,0.0
2022-12-19 00:00:00+03:00,100.16777388108345,104.68957564859443,99.97116923920022,103.6082763671875,8036807,0.0,0.0
2022-12-20 00:00:00+03:00,102.92016739553353,107.04877471923828,101.15077068511717,107.04877471923828,4748955,0.0,0.0
2022-12-21 00:00:00+03:00,106.95048230557401,107.73687838888388,103.90317404618456,105.57427978515625,3343201,0.0,0.0
2022-12-22 00:00:00+03:00,105.77087691448429,106.95048228881483,103.01847937378047,104.00148010253906,3104242,0.0,0.0
2022-12-23 00:00:00+03:00,103.41166874131216,103.9031690822874,100.65927133167078,102.23207092285156,2235093,0.0,0.0
2022-12-26 00:00:00+03:00,102.42867202295155,106.16407775878906,102.33037345089272,106.16407775878906,3414542,0.0,0.0
2022-12-27 00:00:00+03:00,107.93347576941164,108.22837146841557,105.37766804651164,106.0657730102539,4194010,0.0,0.0
2022-12-28 00:00:00+03:00,106.06577963077758,106.95048178241139,101.64227637230893,103.50997924804688,4062426,0.0,0.0
2022-12-29 00:00:00+03:00,102.72357123120109,113.83148193359375,102.72357123120109,113.83148193359375,8261312,0.0,0.0
2022-12-30 00:00:00+03:00,115.60088427142912,120.81079113685568,109.40798417635457,110.29267883300781,12561064,0.0,0.0
2023-01-02 00:00:00+03:00,112.06207999920503,119.43458526231062,111.47228107809661,114.71617889404297,6562123,0.0,0.0
2023-01-03 00:00:00+03:00,114.61787958045151,119.9260848354011,113.2416771069905,116.8787841796875,7173868,0.0,0.0
2023-01-04 00:00:00+03:00,116.97708622101815,127.29859382875505,115.20768191695454,121.89208984375,10917047,0.0,0.0
2023-01-05 00:00:00+03:00,121.89208826051727,128.37989895801468,116.19068113232265,117.27198791503906,11152192,0.0,0.0
2023-01-06 00:00:00+03:00,113.63488248180435,117.27198966962159,108.03178134071614,112.94678497314453,14626424,0.0,0.0
2023-01-09 00:00:00+03:00,117.96008366261663,118.54988258098969,103.50997641382615,105.27937316894531,12353654,0.0,0.0
2023-01-10 00:00:00+03:00,105.27936938018698,107.73687103471842,100.06947037240025,100.26606750488281,10706539,0.0,0.0
2023-01-11 00:00:00+03:00,100.95416815256921,102.72357239952237,92.7952669019966,92.94271850585938,10813518,0.0,0.0
2023-01-12 00:00:00+03:00,94.85956828850458,99.47966861459311,86.35661066736697,98.8898696899414,23729201,0.0,0.0
2023-01-13 00:00:00+03:00,98.69327113622779,98.69327113622779,94.26976801507944,94.51551818847656,13912246,0.0,0.0
2023-01-16 00:00:00+03:00,95.2527667142184,103.21507066562675,94.22061300768215,102.82186889648438,13775290,0.0,0.0
2023-01-17 00:00:00+03:00,102.4286713828687,113.04508209228516,100.46266995517679,113.04508209228516,22759703,0.0,0.0
2023-01-18 00:00:00+03:00,115.20767530800981,118.35328194592914,111.17737406850996,112.35697937011719,16264759,0.0,0.0
2023-01-19 00:00:00+03:00,114.5195846945036,121.69549300142131,114.5195846945036,117.6651840209961,20347639,0.0,0.0
2023-01-20 00:00:00+03:00,118.54988615544748,120.8107908270307,114.51958467539511,116.0923843383789,8581841,0.0,0.0
2023-01-23 00:00:00+03:00,117.0753850451348,120.90908937904457,113.24168071122502,114.51958465576172,9336358,0.0,0.0
2023-01-24 00:00:00+03:00,114.51957742939521,115.01107776171021,109.50627553972218,113.43827819824219,7955927,0.0,0.0
2023-01-25 00:00:00+03:00,115.20767963979405,116.7804867677409,105.77087437061402,112.06208038330078,10577627,0.0,0.0
2023-01-26 00:00:00+03:00,112.25867757815612,118.35328645261569,108.62157796736427,113.63488006591797,18386306,0.0,0.0
2023-01-27 00:00:00+03:00,112.94678054212727,113.33998231723591,108.3266728090759,111.66887664794922,7945936,0.0,0.0
2023-01-30 00:00:00+03:00,111.86548313047217,112.3569834825398,108.9164810180664,108.9164810180664,5715892,0.0,0.0
2023-01-31 00:00:00+03:00,108.916478749009,109.7028747961141,104.7878713778321,105.37767028808594,6816482,0.0,0.0
2023-02-01 00:00:00+03:00,105.37767045511491,106.36067114032942,99.57797241210938,99.57797241210938,5473396,0.0,0.0
2023-02-02 00:00:00+03:00,99.77457112608913,106.16407568096183,95.35106797271571,102.62527465820312,11949660,0.0,0.0
2023-02-03 00:00:00+03:00,101.24907324984602,107.63857787240912,100.75757289426424,106.75387573242188,6552914,0.0,0.0
2023-02-06 00:00:00+03:00,104.6895736694336,110.09607747395833,100.26607055664063,103.21507263183594,1961212,0.0,0.0
2023-02-07 00:00:00+03:00,104.4929803210722,104.4929803210722,92.99186731082914,93.23761749267578,4215486,0.0,0.0
2023-02-08 00:00:00+03:00,86.35661315917969,86.35661315917969,86.35661315917969,86.35661315917969,115,0.0,0.0
2023-02-15 00:00:00+03:00,100.2660728954612,102.5269775390625,98.25091843052526,102.5269775390625,1634532,0.0,0.0
2023-02-16 00:00:00+03:00,108.1300781820422,111.57058066965263,102.72357427294008,105.18107604980469,8496648,0.0,0.0
2023-02-17 00:00:00+03:00,103.60827138079107,106.45897480344897,100.5609708254119,101.8388671875,4351829,0.0,0.0
2023-02-20 00:00:00+03:00,102.23207275633901,109.5062794331724,100.56097456693276,108.42498016357422,6817074,0.0,0.0
2023-02-21 00:00:00+03:00,107.73687720972919,115.99408474216214,105.9674804168723,113.53658294677734,11525909,0.0,0.0
2023-02-22 00:00:00+03:00,115.99407854650775,122.87508320604634,113.73317401563654,115.01107788085938,14939959,0.0,0.0
2023-02-23 00:00:00+03:00,115.60088295496051,118.3532879656716,112.75017937237409,113.53658294677734,5834829,0.0,0.0
2023-02-24 00:00:00+03:00,114.12638047182625,116.78048687796652,112.6518794127595,115.20767974853516,5460664,0.0,0.0
2023-02-27 00:00:00+03:00,117.27198646415805,117.66518074424461,113.14337902594761,117.37028503417969,6827758,0.0,0.0
2023-02-28 00:00:00+03:00,117.86178538398806,119.9260853532432,116.2889857645413,117.37028503417969,5383081,0.0,0.0
2023-03-01 00:00:00+03:00,118.05838106586559,119.53288209707881,117.0753803783901,117.46858215332031,4506365,0.0,0.0
2023-03-02 00:00:00+03:00,117.66518370555099,121.5971866029756,117.37028798806436,120.31929016113281,7950711,0.0,0.0
2023-03-03 00:00:00+03:00,120.61418499009841,129.55949751560277,119.53288570121227,124.0546875,19057941,0.0,0.0
2023-03-06 00:00:00+03:00,125.82408204869235,134.17958749723832,124.44787965134483,132.1152801513672,10981653,0.0,0.0
2023-03-07 00:00:00+03:00,133.19659486741241,143.81300542868033,132.90169165749379,136.8336944580078,14301392,0.0,0.0
2023-03-08 00:00:00+03:00,136.73539708154664,139.97928724284574,133.9829922482447,139.38949584960938,8950169,0.0,0.0
2023-03-09 00:00:00+03:00,140.56909607767517,142.92829169040766,136.0472869873047,136.0472869873047,6023618,0.0,0.0
2023-03-10 00:00:00+03:00,135.45749779941244,136.2439013496526,131.7220921853218,132.21359252929688,4318084,0.0,0.0
2023-03-13 00:00:00+03:00,132.1152934724284,134.86769854464586,128.96969410392313,130.1492919921875,4610842,0.0,0.0
2023-03-14 00:00:00+03:00,130.93568636280892,132.90168770459104,126.90539261179552,127.10198974609375,4286311,0.0,0.0
2023-03-15 00:00:00+03:00,127.79008771094213,127.79008771094213,121.40058332539503,121.79378509521484,4956254,0.0,0.0
2023-03-16 00:00:00+03:00,122.48188550206534,131.23059321643433,122.38358693218032,130.54249572753906,7042871,0.0,0.0
2023-03-17 00:00:00+03:00,131.230596775813,133.09829215338638,125.03768920898438,125.03768920898438,6734231,0.0,0.0
2023-03-20 00:00:00+03:00,125.03768559722424,126.21728343316592,119.33628605723925,120.02438354492188,5115325,0.0,0.0
2023-03-21 00:00:00+03:00,120.02438191675675,121.59718150991023,116.09237918402303,116.97708129882812,5951800,0.0,0.0
2023-03-22 00:00:00+03:00,116.97708482737188,121.99038696289062,115.40428518677585,121.99038696289062,5211121,0.0,0.0
2023-03-23 00:00:00+03:00,121.9903864628011,123.07168574254692,119.82778790330947,121.49888610839844,3574379,0.0,0.0
2023-03-24 00:00:00+03:00,121.69548974001088,123.36658793123115,119.53288369876681,120.51588439941406,3633754,0.0,0.0
2023-03-27 00:00:00+03:00,122.58018685405064,122.67849292586698,118.84478861573982,121.40058898925781,3319621,0.0,0.0
2023-03-28 00:00:00+03:00,120.71249174149519,121.10568603079555,114.71618133356023,115.60088348388672,4369262,0.0,0.0
2023-03-29 00:00:00+03:00,114.42128515877924,117.46858588686669,111.86548479005107,116.68218231201172,4197657,0.0,0.0
2023-03-30 00:00:00+03:00,116.58388470179263,120.02438724568862,115.01108503880882,116.0923843383789,3797172,0.0,0.0
2023-03-31 00:00:00+03:00,115.01108260720633,115.6991801015574,112.35698370076628,115.20767974853516,3797498,0.0,0.0
2023-04-03 00:00:00+03:00,114.42127898141034,115.69917534693327,110.58757488544171,115.01107788085938,3840029,0.0,0.0
2023-04-04 00:00:00+03:00,114.91278474909657,119.63118366754803,114.02808260823059,118.84478759765625,5030067,0.0,0.0
2023-04-05 00:00:00+03:00,119.04138418816389,121.10568417414473,116.48558384839238,116.78048706054688,5249203,0.0,0.0
2023-04-06 00:00:00+03:00,116.97708599553901,118.25498993486622,114.32298704425986,115.60088348388672,3237104,0.0,0.0
2023-04-07 00:00:00+03:00,115.7974824548257,117.96008093882415,115.10937748286257,115.99407958984375,3053336,0.0,0.0
2023-04-10 00:00:00+03:00,116.48558154666792,119.33628504226478,116.48558154666792,119.0413818359375,5092653,0.0,0.0
2023-04-11 00:00:00+03:00,119.53288072549653,122.28528561872538,118.5498800493005,119.13967895507812,7757815,0.0,0.0
2023-04-12 00:00:00+03:00,119.63118169756791,121.9903848677945,118.45158386230469,118.45158386230469,6823161,0.0,0.0
2023-04-13 00:00:00+03:00,119.13968091354766,119.92608446731172,118.15668022119264,119.53288269042969,4460960,0.0,0.0
2023-04-14 00:00:00+03:00,119.82778260286737,122.1869856995836,118.25498303828985,119.23798370361328,6709162,0.0,0.0
2023-04-17 00:00:00+03:00,119.92608580856553,120.22098901945027,116.28898620605469,116.28898620605469,4088873,0.0,0.0
2023-04-18 00:00:00+03:00,116.28898846272656,117.4685863297561,113.63488201235957,114.02808380126953,2615871,0.0,0.0
2023-04-19 00:00:00+03:00,114.0280795823894,115.89578238583405,113.63487780802734,114.32298278808594,2247727,0.0,0.0
2023-04-20 00:00:00+03:00,113.73317904078222,113.83148511145049,110.292676558999,110.98078155517578,1624830,0.0,0.0
2023-04-24 00:00:00+03:00,111.17737604863181,112.0620781656692,106.6555743945185,106.95047760009766,5761681,0.0,0.0
2023-04-25 00:00:00+03:00,107.63857620079803,107.93347940944739,101.6422734557621,102.13377380371094,4447482,0.0,0.0
2023-04-26 00:00:00+03:00,102.13377601318469,102.33037315673718,98.20177314453234,98.3000717163086,5009119,0.0,0.0
2023-04-27 00:00:00+03:00,98.20177042352081,98.98816647564134,96.38322064709821,97.16961669921875,5364914,0.0,0.0
2023-04-28 00:00:00+03:00,97.26791318596153,98.7915672226081,93.97486244514792,95.20361328125,5042775,0.0,0.0
2023-05-02 00:00:00+03:00,95.35106534461103,96.33406601826681,91.02586088058558,91.22246551513672,6049686,0.0,0.0
2023-05-03 00:00:00+03:00,91.17331232974153,93.13931367377909,87.53621284315204,92.54951477050781,5977078,0.0,0.0
2023-05-04 00:00:00+03:00,91.91056246242131,94.9087174998455,89.64965792603257,90.73096466064453,4460275,0.0,0.0
2023-05-05 00:00:00+03:00,90.97671377397639,91.22246393814197,88.27346196815505,88.42090606689453,2950836,0.0,0.0
2023-05-08 00:00:00+03:00,88.71581300146599,90.87841153735573,87.7328123033888,90.53436279296875,3891451,0.0,0.0
2023-05-09 00:00:00+03:00,90.68181755522411,94.7612720942339,90.04286557928516,90.5835189819336,7013100,0.0,0.0
2023-05-10 00:00:00+03:00,90.583513319607,92.74611179561705,88.96156071274947,90.97671508789062,3876779,0.0,0.0
2023-05-11 00:00:00+03:00,90.48521475808596,100.06947129955807,90.48521475808596,99.67626953125,12264521,0.0,0.0
2023-05-12 00:00:00+03:00,99.7745669329608,100.06947013067214,92.45121502002736,92.89356231689453,12380057,0.0,0.0
2023-05-15 00:00:00+03:00,86.50405894865409,91.12415909716813,86.50405894865409,88.07685852050781,3543603,0.0,0.0
2023-05-16 00:00:00+03:00,88.07685771549619,91.76311019382081,88.07685771549619,91.56651306152344,5802130,0.0,0.0
2023-05-17 00:00:00+03:00,92.40206689168818,93.3359145678411,91.07501743094973,91.76311492919922,3985151,0.0,0.0
2023-05-18 00:00:00+03:00,91.91056467692057,92.79526679941918,88.1751590484598,88.47006225585938,4032541,0.0,0.0
2023-05-22 00:00:00+03:00,88.71581566944522,89.6988163970845,85.3736116955316,85.6193618774414,3470851,0.0,0.0
2023-05-23 00:00:00+03:00,85.71765399590988,86.55321055124796,84.93125797283261,85.27530670166016,3724559,0.0,0.0
2023-05-24 00:00:00+03:00,85.47190369285063,85.81595992081583,83.55505542130071,83.70250701904297,3159965,0.0,0.0
2023-05-25 00:00:00+03:00,83.65335398656228,84.39060447557377,82.71950636702766,83.70250701904297,2985873,0.0,0.0
2023-05-26 00:00:00+03:00,83.8008120488701,87.53621781456499,83.8008120488701,87.1921615600586,4382776,0.0,0.0
2023-05-29 00:00:00+03:00,88.47006590753571,92.35291580026407,87.24131499215328,90.5835189819336,8330517,0.0,0.0
2023-05-30 00:00:00+03:00,91.51736433523051,98.49666785601777,91.51736433523051,97.31707000732422,8803677,0.0,0.0
2023-05-31 00:00:00+03:00,97.31707041717021,98.00516791518929,94.4172213187609,94.66297149658203,7428761,0.0,0.0
2023-06-01 00:00:00+03:00,95.44936454129294,101.05247291788976,95.44936454129294,99.08647155761719,6112636,0.0,0.0
2023-06-02 00:00:00+03:00,102.03547573769337,103.31337214884782,100.56097468656891,102.62527465820312,4884416,0.0,0.0
2023-06-05 00:00:00+03:00,105.4759802846106,108.42498244541387,103.50997884407508,107.73687744140625,7054564,0.0,0.0
2023-06-06 00:00:00+03:00,107.7368738161349,111.76717513367579,105.37767066693777,110.09607696533203,8558316,0.0,0.0
2023-06-07 00:00:00+03:00,112.65187777252092,119.23798690694385,112.16037742665503,117.9600830078125,9234826,0.0,0.0
2023-06-08 00:00:00+03:00,117.96008093882415,121.49888186704888,113.53657790361824,115.99407958984375,7989440,0.0,0.0
2023-06-09 00:00:00+03:00,116.97708319057902,118.05838245962754,113.8314839534015,115.7974853515625,4981608,0.0,0.0
2023-06-12 00:00:00+03:00,116.48558204892375,117.56688131061931,112.1603775024414,112.1603775024414,6272067,0.0,0.0
2023-06-13 00:00:00+03:00,111.96378231203279,114.22467944406351,109.50628053828186,112.55358123779297,6933779,0.0,0.0
2023-06-14 00:00:00+03:00,112.84848486642029,112.84848486642029,109.89948272705078,109.89948272705078,4310075,0.0,0.0
2023-06-15 00:00:00+03:00,110.88247966976544,112.45527925734154,109.50627721824885,112.25867462158203,3176634,0.0,0.0
2023-06-16 00:00:00+03:00,114.32298238724032,115.20767700182788,109.60457611083984,109.60457611083984,5393587,0.0,0.0
2023-06-19 00:00:00+03:00,109.80117090050041,110.58757442965792,104.49297332763672,104.49297332763672,4853198,0.0,0.0
2023-06-20 00:00:00+03:00,104.29637189280086,106.65557505289713,103.01847549336962,103.21507263183594,3814255,0.0,0.0
2023-06-21 00:00:00+03:00,104.00147521985181,112.06207781736092,104.00147521985181,109.60457611083984,9665535,0.0,0.0
2023-06-22 00:00:00+03:00,110.09607747395833,119.336285476177,106.65557505289713,117.9600830078125,12535682,0.0,0.0
2023-06-23 00:00:00+03:00,119.92608272475245,124.6444889793768,118.54988027551201,120.71248626708984,11067617,0.0,0.0
2023-06-26 00:00:00+03:00,121.40058640654449,128.67478558418054,121.10568319676999,126.31558990478516,7491280,0.0,0.0
2023-06-27 00:00:00+03:00,126.11899425894147,130.44419138887628,124.44788854992098,127.79009246826172,3291816,0.0,0.0
2023-07-03 00:00:00+03:00,128.57649494055659,134.6710962987208,128.57649494055659,134.17959594726562,6211587,0.0,0.0
2023-07-04 00:00:00+03:00,134.17959880506837,134.86769631188088,130.05099876479255,130.83740234375,5284539,0.0,0.0
2023-07-05 00:00:00+03:00,130.3458933337435,133.1965892440029,123.56317978957513,131.42718505859375,14521972,0.0,0.0
2023-07-06 00:00:00+03:00,132.90169683801037,139.3895077115139,132.90169683801037,135.94900512695312,8672671,0.0,0.0
2023-07-07 00:00:00+03:00,135.94899755768336,145.97560153169772,133.0982865752694,143.32150268554688,9434980,0.0,0.0
2023-07-10 00:00:00+03:00,145.28750867173287,149.31780260344973,141.94529724121094,141.94529724121094,7206247,0.0,0.0
2023-07-11 00:00:00+03:00,144.30450642504593,146.46710497513428,138.99629362093773,140.47079467773438,5623684,0.0,0.0
2023-07-12 00:00:00+03:00,140.569103161971,142.53510460479575,138.01329528653852,139.78269958496094,6054450,0.0,0.0
2023-07-13 00:00:00+03:00,143.5180974446059,148.03990651453836,141.74869324335407,144.0095977783203,10639857,0.0,0.0
2023-07-14 00:00:00+03:00,144.99260362981644,154.92091672558436,144.7960064891815,152.07020568847656,11615229,0.0,0.0
2023-07-17 00:00:00+03:00,154.62601300161077,157.86991830921946,150.4974130643817,151.57870483398438,8265076,0.0,0.0
2023-07-18 00:00:00+03:00,151.57869991764215,151.87360311775078,144.0095977783203,144.0095977783203,6106049,0.0,0.0
2023-07-19 00:00:00+03:00,143.7146958111596,148.23650491988528,140.76569378357328,148.13819885253906,5884782,0.0,0.0
2023-07-20 00:00:00+03:00,149.4161096467941,153.15151538784409,146.0739131939287,151.8736114501953,7786809,0.0,0.0
2023-07-21 00:00:00+03:00,151.8736128907206,152.36511325606273,147.64670674889805,150.2025146484375,4356075,0.0,0.0
2023-07-24 00:00:00+03:00,146.46710855315615,146.66370569898493,143.02660600324978,143.9113006591797,9937232,0.0,0.0
2023-07-25 00:00:00+03:00,144.20619658893807,146.46710115019695,139.6844024658203,139.6844024658203,5546259,0.0,0.0
2023-07-26 00:00:00+03:00,140.86400929382248,146.27051337349226,140.76570321988626,145.87730407714844,4736277,0.0,0.0
2023-07-27 00:00:00+03:00,146.66369470790278,147.84329249387633,143.81299880851674,145.18919372558594,4216741,0.0,0.0
2023-07-28 00:00:00+03:00,145.97559905267346,150.9889084542424,145.28750158563847,149.80929565429688,8960357,0.0,0.0
2023-07-31 00:00:00+03:00,152.36510548033664,155.41241358970336,151.48041086763016,151.77529907226562,8064643,0.0,0.0
2023-08-01 00:00:00+03:00,151.77529698833962,156.10050892287353,148.1381975202405,149.80929565429688,9779156,0.0,0.0
2023-08-02 00:00:00+03:00,149.12119555107458,151.38210004513508,142.53509419834145,147.35179138183594,6909612,0.0,0.0
2023-08-03 00:00:00+03:00,147.35179753605885,149.41610498628737,142.53510015139256,144.30450439453125,7911315,0.0,0.0
2023-08-04 00:00:00+03:00,145.09090996711703,147.450105657883,143.8130060515353,146.2705078125,5218601,0.0,0.0
2023-08-07 00:00:00+03:00,146.4671035715908,149.9076060044805,146.27050643244857,147.9416046142578,6161242,0.0,0.0
2023-08-08 00:00:00+03:00,147.94160203675966,150.7922980031565,145.38579427423838,145.48410034179688,4996377,0.0,0.0
2023-08-09 00:00:00+03:00,145.48410573294927,149.2195114475943,145.18920251874562,147.74501037597656,6932322,0.0,0.0
2023-08-10 00:00:00+03:00,148.23650202479374,159.04950924809646,147.1551953027036,148.3347930908203,16806585,0.0,0.0
2023-08-11 00:00:00+03:00,148.33479760776112,155.7073027572403,145.2875044789498,155.41241455078125,10842535,0.0,0.0
2023-08-14 00:00:00+03:00,158.65630791915606,161.2121157540413,151.7753029784348,152.56170654296875,7943782,0.0,0.0
2023-08-15 00:00:00+03:00,152.56170694504817,153.0532072992522,146.07391126919538,149.90760803222656,4844870,0.0,0.0
2023-08-16 00:00:00+03:00,149.90760902628446,153.8396118859903,146.56541259529476,150.89060974121094,7487063,0.0,0.0
2023-08-17 00:00:00+03:00,150.89060746850862,156.2971113191718,149.51441248809996,154.72430419921875,6520487,0.0,0.0
2023-08-18 00:00:00+03:00,154.72429844955852,155.2157987813543,147.05690527306382,149.3177947998047,5578499,0.0,0.0
2023-08-21 00:00:00+03:00,148.13820581547068,158.16481018066406,146.66370473237163,158.16481018066406,8329859,0.0,0.0
2023-08-22 00:00:00+03:00,158.75462003297443,161.9002194114566,152.75830949946084,155.31411743164062,8233785,0.0,0.0
2023-08-23 00:00:00+03:00,156.78860638990852,157.5750099234056,149.80929565429688,149.80929565429688,6285833,0.0,0.0
2023-08-24 00:00:00+03:00,149.90760444794725,154.82260787247012,146.27050491368036,146.46710205078125,7386558,0.0,0.0
2023-08-25 00:00:00+03:00,153.3481111093853,160.03251895249502,150.49741504365053,153.54470825195312,8377969,0.0,0.0
2023-08-28 00:00:00+03:00,156.49370339075716,159.24610826182925,153.54470138590847,155.6090087890625,6666625,0.0,0.0
2023-08-29 00:00:00+03:00,157.28010557353275,163.96451306028783,155.21579818812023,163.07980346679688,13276166,0.0,0.0
2023-08-31 00:00:00+03:00,166.32371494084705,168.48631347447525,158.26311222492353,160.0325164794922,9809708,0.0,0.0
2023-09-01 00:00:00+03:00,160.72061905446776,161.60531371005314,157.96821401573433,159.14781188964844,4559440,0.0,0.0
2023-09-04 00:00:00+03:00,159.93420329933207,161.90020460602182,155.8056035551635,156.29710388183594,5603461,0.0,0.0
2023-09-05 00:00:00+03:00,156.3954172693809,158.55801580811286,154.52770694093948,157.37841796875,4849743,0.0,0.0
2023-09-06 00:00:00+03:00,158.36141661057292,160.1308058469278,154.03620458990505,155.41241455078125,6818211,0.0,0.0
2023-09-07 00:00:00+03:00,155.51071409200534,159.44271705260928,155.51071409200534,157.9682159423828,4175216,0.0,0.0
2023-09-08 00:00:00+03:00,158.26310884915867,160.91720767469934,156.78860783503606,159.73760986328125,4444819,0.0,0.0
2023-09-11 00:00:00+03:00,160.62230892194458,161.21211534369385,153.8396100688298,155.21580505371094,3865298,0.0,0.0
2023-09-12 00:00:00+03:00,156.78860367735854,158.7546049773881,152.365100752292,155.80560302734375,4581337,0.0,0.0
2023-09-13 00:00:00+03:00,155.80561045953561,159.83591931660862,153.74130299627376,154.23280334472656,6332612,0.0,0.0
2023-09-14 00:00:00+03:00,154.33110845481187,159.2461119087868,152.3651070732219,159.0495147705078,5813627,0.0,0.0
2023-09-15 00:00:00+03:00,159.04951866941718,162.19511795719168,156.29711366783926,159.83592224121094,11947103,0.0,0.0
2023-09-18 00:00:00+03:00,159.24611686039896,159.7376172210792,151.8736114501953,151.8736114501953,4139738,0.0,0.0
2023-09-19 00:00:00+03:00,152.36511039714566,154.23280575064078,150.39910897266634,153.54470825195312,3916886,0.0,0.0
2023-09-20 00:00:00+03:00,154.52770076138665,156.49370208150455,150.69400418691666,151.48040771484375,4626755,0.0,0.0
2023-09-21 00:00:00+03:00,151.4804089821543,156.19880019039232,148.62969804449398,155.6090087890625,3640752,0.0,0.0
2023-09-22 00:00:00+03:00,155.70730732277931,156.59201696629773,152.85661124782135,154.0362091064453,3850360,0.0,0.0
2023-09-25 00:00:00+03:00,155.60000610351562,158.1999969482422,154.0,157.1999969482422,3805320,2.663793,0.0
2023-09-26 00:00:00+03:00,157.39999389648438,159.10000610351562,153.8000030517578,154.3000030517578,3646009,0.0,0.0
2023-09-27 00:00:00+03:00,154.3000030517578,157.0,152.5,154.3000030517578,3890608,0.0,0.0
2023-09-28 00:00:00+03:00,154.5,156.10000610351562,152.6999969482422,153.60000610351562,3373076,0.0,0.0
2023-09-29 00:00:00+03:00,154.3000030517578,164.3000030517578,154.0,163.0,12002727,0.0,0.0
2023-10-02 00:00:00+03:00,165.5,175.0,164.39999389648438,174.60000610351562,12291257,0.0,0.0
2023-10-03 00:00:00+03:00,174.60000610351562,176.60000610351562,170.1999969482422,175.0,10576511,0.0,0.0
2023-10-04 00:00:00+03:00,174.89999389648438,176.6999969482422,169.3000030517578,169.6999969482422,8033102,0.0,0.0
2023-10-05 00:00:00+03:00,169.39999389648438,171.1999969482422,162.1999969482422,170.5,7540603,0.0,0.0
2023-10-06 00:00:00+03:00,169.0,170.0,164.60000610351562,165.0,5667499,0.0,0.0
2023-10-09 00:00:00+03:00,162.3000030517578,162.60000610351562,156.8000030517578,157.10000610351562,4805471,0.0,0.0
2023-10-10 00:00:00+03:00,160.89999389648438,165.10000610351562,159.1999969482422,164.0,5122709,0.0,0.0
2023-10-11 00:00:00+03:00,163.10000610351562,163.39999389648438,158.10000610351562,160.60000610351562,4746937,0.0,0.0
2023-10-12 00:00:00+03:00,161.60000610351562,162.60000610351562,154.0,158.60000610351562,5495954,0.0,0.0
2023-10-13 00:00:00+03:00,157.39999389648438,160.39999389648438,155.0,157.39999389648438,3561400,0.0,0.0
2023-10-16 00:00:00+03:00,159.6999969482422,161.6999969482422,157.1999969482422,160.0,5742648,0.0,0.0
2023-10-17 00:00:00+03:00,160.10000610351562,165.0,156.3000030517578,165.0,6349188,0.0,0.0
2023-10-18 00:00:00+03:00,161.10000610351562,164.1999969482422,160.5,160.5,4873208,0.0,0.0
2023-10-19 00:00:00+03:00,161.1999969482422,163.8000030517578,154.5,156.60000610351562,4776345,0.0,0.0
2023-10-20 00:00:00+03:00,156.8000030517578,158.8000030517578,151.39999389648438,151.6999969482422,4763248,0.0,0.0
2023-10-23 00:00:00+03:00,151.5,154.10000610351562,146.1999969482422,148.60000610351562,6310127,0.0,0.0
2023-10-24 00:00:00+03:00,149.8000030517578,155.10000610351562,148.1999969482422,151.0,10958601,0.0,0.0
2023-10-25 00:00:00+03:00,151.0,152.89999389648438,140.60000610351562,142.0,4185480,0.0,0.0
2023-10-26 00:00:00+03:00,143.3000030517578,144.39999389648438,139.60000610351562,141.8000030517578,6402298,0.0,0.0
2023-10-27 00:00:00+03:00,141.89999389648438,143.8000030517578,138.6999969482422,141.89999389648438,4086584,0.0,0.0
2023-10-30 00:00:00+03:00,141.6999969482422,143.10000610351562,139.5,139.5,2459256,0.0,0.0
2023-10-31 00:00:00+03:00,141.0,141.39999389648438,135.5,135.8000030517578,3037184,0.0,0.0
2023-11-01 00:00:00+03:00,136.5,138.10000610351562,133.60000610351562,136.39999389648438,3446089,0.0,0.0
2023-11-02 00:00:00+03:00,136.6999969482422,139.3000030517578,136.3000030517578,137.6999969482422,2395034,0.0,0.0
2023-11-03 00:00:00+03:00,138.3000030517578,142.8000030517578,137.39999389648438,141.5,3695243,0.0,0.0
2023-11-06 00:00:00+03:00,143.0,144.0,141.10000610351562,142.5,2662164,0.0,0.0
2023-11-07 00:00:00+03:00,141.8000030517578,143.5,140.1999969482422,140.60000610351562,2692428,0.0,0.0
2023-11-08 00:00:00+03:00,141.1999969482422,146.1999969482422,141.1999969482422,143.39999389648438,4733140,0.0,0.0
2023-11-09 00:00:00+03:00,141.0,141.89999389648438,137.39999389648438,138.60000610351562,4243490,0.0,0.0
2023-11-10 00:00:00+03:00,138.89999389648438,140.0,138.1999969482422,139.39999389648438,2738749,0.0,0.0
2023-11-13 00:00:00+03:00,139.39999389648438,140.39999389648438,136.0,136.0,2119697,0.0,0.0
2023-11-14 00:00:00+03:00,136.3000030517578,141.0,136.3000030517578,139.89999389648438,3323435,0.0,0.0
2023-11-15 00:00:00+03:00,140.5,142.3000030517578,137.39999389648438,138.5,3856778,0.0,0.0
2023-11-16 00:00:00+03:00,138.0,139.1999969482422,137.6999969482422,138.6999969482422,2657499,0.0,0.0
2023-11-17 00:00:00+03:00,139.0,141.5,137.3000030517578,137.39999389648438,3531074,0.0,0.0
2023-11-20 00:00:00+03:00,138.5,143.3000030517578,138.1999969482422,143.1999969482422,3953314,0.0,0.0
2023-11-21 00:00:00+03:00,145.0,145.6999969482422,142.39999389648438,143.6999969482422,2728894,0.0,0.0
2023-11-22 00:00:00+03:00,143.8000030517578,146.3000030517578,142.6999969482422,145.8000030517578,3286392,0.0,0.0
2023-11-23 00:00:00+03:00,145.5,148.0,142.1999969482422,142.1999969482422,3889347,0.0,0.0
2023-11-24 00:00:00+03:00,141.5,143.1999969482422,140.3000030517578,142.1999969482422,1798636,0.0,0.0
2023-11-27 00:00:00+03:00,142.39999389648438,144.39999389648438,140.6999969482422,142.89999389648438,2499687,0.0,0.0
2023-11-28 00:00:00+03:00,143.1999969482422,145.60000610351562,141.60000610351562,142.5,2900669,0.0,0.0
2023-11-29 00:00:00+03:00,143.0,143.3000030517578,139.39999389648438,139.89999389648438,2680928,0.0,0.0
2023-11-30 00:00:00+03:00,139.89999389648438,140.60000610351562,135.6999969482422,135.89999389648438,4057408,0.0,0.0
2023-12-01 00:00:00+03:00,137.0,138.60000610351562,136.3000030517578,136.60000610351562,2741540,0.0,0.0
2023-12-04 00:00:00+03:00,137.10000610351562,138.5,134.89999389648438,137.39999389648438,1924574,0.0,0.0
2023-12-05 00:00:00+03:00,137.39999389648438,138.1999969482422,135.39999389648438,136.5,1480939,0.0,0.0
2023-12-06 00:00:00+03:00,136.39999389648438,138.1999969482422,133.10000610351562,133.10000610351562,2854652,0.0,0.0
2023-12-07 00:00:00+03:00,133.10000610351562,135.10000610351562,130.1999969482422,135.10000610351562,3053391,0.0,0.0
2023-12-08 00:00:00+03:00,134.60000610351562,135.39999389648438,132.60000610351562,133.1999969482422,2316220,0.0,0.0
2023-12-11 00:00:00+03:00,133.1999969482422,133.5,126.0999984741211,126.0999984741211,4720364,0.0,0.0
2023-12-12 00:00:00+03:00,126.0999984741211,127.19999694824219,124.19999694824219,126.19999694824219,2968838,0.0,0.0
2023-12-13 00:00:00+03:00,125.80000305175781,126.0,122.0999984741211,122.5,2900937,0.0,0.0
2023-12-14 00:00:00+03:00,123.5999984741211,126.0,122.30000305175781,124.5,3704240,0.0,0.0
2023-12-15 00:00:00+03:00,124.5,128.5,124.19999694824219,128.3000030517578,3192870,0.0,0.0
2023-12-18 00:00:00+03:00,127.9000015258789,129.0,124.5999984741211,125.0999984741211,1940942,0.0,0.0
2023-12-19 00:00:00+03:00,124.80000305175781,125.4000015258789,122.5,124.0,2615560,0.0,0.0
2023-12-20 00:00:00+03:00,124.0,125.4000015258789,122.5999984741211,124.5,1941751,0.0,0.0
2023-12-21 00:00:00+03:00,124.19999694824219,130.10000610351562,123.4000015258789,129.89999389648438,3437791,0.0,0.0
2023-12-22 00:00:00+03:00,129.89999389648438,130.0,124.9000015258789,125.69999694824219,2918568,0.0,0.0
2023-12-25 00:00:00+03:00,125.0,127.5,121.9000015258789,125.0,1888646,0.0,0.0
2023-12-26 00:00:00+03:00,126.0,126.9000015258789,122.5999984741211,125.0999984741211,2480115,0.0,0.0
2023-12-27 00:00:00+03:00,123.5,125.5999984741211,123.0,124.0,2452111,0.0,0.0
2023-12-28 00:00:00+03:00,124.19999694824219,126.0,123.69999694824219,124.19999694824219,3307977,0.0,0.0
2023-12-29 00:00:00+03:00,124.5,129.10000610351562,124.5,128.5,3717213,0.0,0.0
2024-01-02 00:00:00+03:00,129.60000610351562,130.5,127.19999694824219,128.39999389648438,3550273,0.0,0.0
2024-01-03 00:00:00+03:00,128.39999389648438,131.60000610351562,126.0999984741211,126.0999984741211,5532770,0.0,0.0
2024-01-04 00:00:00+03:00,126.5999984741211,128.6999969482422,124.5999984741211,128.6999969482422,3535838,0.0,0.0
2024-01-05 00:00:00+03:00,128.89999389648438,129.5,126.5999984741211,128.0,2351138,0.0,0.0
2024-01-08 00:00:00+03:00,128.8000030517578,132.6999969482422,128.8000030517578,132.0,4133080,0.0,0.0
2024-01-09 00:00:00+03:00,132.39999389648438,132.5,127.5,128.3000030517578,3594523,0.0,0.0
2024-01-10 00:00:00+03:00,128.39999389648438,130.8000030517578,127.69999694824219,130.10000610351562,3799283,0.0,0.0
2024-01-11 00:00:00+03:00,130.89999389648438,131.60000610351562,129.3000030517578,129.5,3167311,0.0,0.0
2024-01-12 00:00:00+03:00,129.0,134.10000610351562,127.30000305175781,132.3000030517578,5533469,0.0,0.0
2024-01-15 00:00:00+03:00,132.8000030517578,135.5,132.3000030517578,132.8000030517578,4525109,0.0,0.0
2024-01-16 00:00:00+03:00,133.0,133.39999389648438,130.89999389648438,131.1999969482422,2567844,0.0,0.0
2024-01-17 00:00:00+03:00,130.8000030517578,131.8000030517578,129.5,130.6999969482422,2627428,0.0,0.0
2024-01-18 00:00:00+03:00,132.0,133.1999969482422,128.60000610351562,128.60000610351562,3841478,0.0,0.0
2024-01-19 00:00:00+03:00,129.10000610351562,130.60000610351562,128.60000610351562,128.6999969482422,2399352,0.0,0.0
2024-01-22 00:00:00+03:00,128.6999969482422,133.89999389648438,128.39999389648438,131.5,5087505,0.0,0.0
2024-01-23 00:00:00+03:00,132.39999389648438,134.39999389648438,131.0,133.3000030517578,3930939,0.0,0.0
2024-01-24 00:00:00+03:00,134.39999389648438,135.5,131.89999389648438,133.5,3902777,0.0,0.0
2024-01-25 00:00:00+03:00,134.39999389648438,137.10000610351562,134.39999389648438,136.5,4011168,0.0,0.0
2024-01-26 00:00:00+03:00,137.0,139.3000030517578,135.8000030517578,139.3000030517578,4166469,0.0,0.0
2024-01-29 00:00:00+03:00,140.39999389648438,144.1999969482422,139.60000610351562,141.60000610351562,5925325,0.0,0.0
2024-01-30 00:00:00+03:00,141.6999969482422,142.0,140.0,140.5,3897084,0.0,0.0
2024-01-31 00:00:00+03:00,140.39999389648438,142.5,140.0,141.60000610351562,4201749,0.0,0.0
2024-02-01 00:00:00+03:00,142.0,147.0,141.89999389648438,146.0,6605917,0.0,0.0
2024-02-02 00:00:00+03:00,146.6999969482422,150.89999389648438,145.60000610351562,146.8000030517578,5325940,0.0,0.0
2024-02-05 00:00:00+03:00,146.8000030517578,147.6999969482422,143.89999389648438,145.3000030517578,4255257,0.0,0.0
2024-02-06 00:00:00+03:00,147.60000610351562,149.3000030517578,146.3000030517578,148.8000030517578,4924383,0.0,0.0
2024-02-07 00:00:00+03:00,149.0,156.5,148.0,156.5,7044227,0.0,0.0
2024-02-08 00:00:00+03:00,160.60000610351562,163.0,157.8000030517578,158.89999389648438,7643515,0.0,0.0
2024-02-09 00:00:00+03:00,160.0,161.5,158.0,160.6999969482422,3465316,0.0,0.0
2024-02-12 00:00:00+03:00,160.6999969482422,161.89999389648438,159.0,160.60000610351562,4821541,0.0,0.0
2024-02-13 00:00:00+03:00,161.60000610351562,162.10000610351562,156.60000610351562,156.60000610351562,3764476,0.0,0.0
2024-02-14 00:00:00+03:00,156.60000610351562,158.89999389648438,155.5,158.5,2865441,0.0,0.0
2024-02-15 00:00:00+03:00,158.60000610351562,160.60000610351562,157.6999969482422,159.5,4808167,0.0,0.0
2024-02-16 00:00:00+03:00,160.10000610351562,160.5,156.10000610351562,156.39999389648438,2581541,0.0,0.0
2024-02-19 00:00:00+03:00,156.89999389648438,160.10000610351562,154.3000030517578,155.0,5594894,0.0,0.0
2024-02-20 00:00:00+03:00,155.1999969482422,160.5,155.0,160.10000610351562,2870798,0.0,0.0
2024-02-21 00:00:00+03:00,161.5,162.8000030517578,158.10000610351562,160.6999969482422,4013090,0.0,0.0
2024-02-22 00:00:00+03:00,161.0,163.39999389648438,159.3000030517578,160.1999969482422,3719869,0.0,0.0
2024-02-23 00:00:00+03:00,160.1999969482422,161.1999969482422,157.5,160.3000030517578,3553694,0.0,0.0
2024-02-26 00:00:00+03:00,161.5,162.1999969482422,158.89999389648438,159.5,2851287,0.0,0.0
2024-02-27 00:00:00+03:00,159.1999969482422,162.8000030517578,157.89999389648438,161.0,4109824,0.0,0.0
2024-02-28 00:00:00+03:00,160.5,162.8000030517578,158.60000610351562,160.0,4348978,0.0,0.0
2024-02-29 00:00:00+03:00,160.0,169.0,160.0,169.0,7850422,0.0,0.0
2024-03-01 00:00:00+03:00,168.89999389648438,171.5,164.8000030517578,166.0,4846790,0.0,0.0
2024-03-04 00:00:00+03:00,163.10000610351562,164.10000610351562,158.1999969482422,158.5,4821944,0.0,0.0
2024-03-05 00:00:00+03:00,158.60000610351562,160.39999389648438,156.1999969482422,159.1999969482422,3716307,0.0,0.0
2024-03-06 00:00:00+03:00,157.6999969482422,158.6999969482422,154.8000030517578,154.8000030517578,2566960,0.0,0.0
2024-03-07 00:00:00+03:00,156.5,159.3000030517578,156.5,159.0,3633555,0.0,0.0
2024-03-08 00:00:00+03:00,159.60000610351562,159.89999389648438,155.60000610351562,156.0,4689017,0.0,0.0
2024-03-11 00:00:00+03:00,157.60000610351562,158.60000610351562,156.10000610351562,156.89999389648438,3628588,0.0,0.0
2024-03-12 00:00:00+03:00,156.89999389648438,159.10000610351562,152.0,154.8000030517578,3415239,0.0,0.0
2024-03-13 00:00:00+03:00,154.5,155.8000030517578,152.10000610351562,152.60000610351562,2326764,0.0,0.0
2024-03-14 00:00:00+03:00,153.3000030517578,155.89999389648438,152.10000610351562,152.6999969482422,2610974,0.0,0.0
2024-03-15 00:00:00+03:00,152.89999389648438,153.60000610351562,149.0,149.39999389648438,2792236,0.0,0.0
2024-03-18 00:00:00+03:00,149.5,149.5,146.0,148.0,2413817,0.0,0.0
2024-03-19 00:00:00+03:00,148.39999389648438,152.5,146.60000610351562,152.5,3246393,0.0,0.0
2024-03-20 00:00:00+03:00,152.5,152.5,149.0,149.0,3316622,0.0,0.0
2024-03-21 00:00:00+03:00,150.39999389648438,153.1999969482422,148.89999389648438,150.6999969482422,5642526,0.0,0.0
2024-03-22 00:00:00+03:00,149.3000030517578,149.89999389648438,144.60000610351562,145.3000030517578,3772931,0.0,0.0
2024-03-25 00:00:00+03:00,145.39999389648438,150.89999389648438,144.89999389648438,145.0,3509504,0.0,0.0
2024-03-26 00:00:00+03:00,145.10000610351562,147.39999389648438,144.0,145.3000030517578,3156791,0.0,0.0
2024-03-27 00:00:00+03:00,145.0,147.8000030517578,143.0,147.0,2767197,0.0,0.0
2024-03-28 00:00:00+03:00,147.39999389648438,149.39999389648438,146.39999389648438,149.0,2255556,0.0,0.0
2024-03-29 00:00:00+03:00,149.89999389648438,150.3000030517578,143.89999389648438,148.0,4680168,0.0,0.0
2024-04-01 00:00:00+03:00,150.39999389648438,150.6999969482422,144.10000610351562,147.39999389648438,3077894,0.0,0.0
2024-04-02 00:00:00+03:00,147.5,155.0,147.5,152.0,5771326,0.0,0.0
2024-04-03 00:00:00+03:00,151.3000030517578,154.5,149.5,151.0,2434782,0.0,0.0
2024-04-04 00:00:00+03:00,151.0,158.5,151.0,157.6999969482422,4249225,0.0,0.0
2024-04-05 00:00:00+03:00,159.89999389648438,166.0,158.39999389648438,165.5,5274128,0.0,0.0
2024-04-08 00:00:00+03:00,166.0,169.3000030517578,163.0,167.0,5704767,0.0,0.0
2024-04-15 00:00:00+03:00,167.60000610351562,168.89999389648438,160.8000030517578,161.89999389648438,5266374,0.0,0.0
2024-04-16 00:00:00+03:00,160.1999969482422,164.39999389648438,158.0,162.0,4610959,0.0,0.0
2024-04-17 00:00:00+03:00,163.5,168.0,162.60000610351562,164.39999389648438,5586278,0.0,0.0
2024-04-18 00:00:00+03:00,164.6999969482422,166.0,160.3000030517578,161.5,2908093,0.0,0.0
2024-04-19 00:00:00+03:00,159.6999969482422,163.0,158.1999969482422,162.6999969482422,2480680,0.0,0.0
2024-04-22 00:00:00+03:00,164.0,166.60000610351562,160.39999389648438,161.0,3702077,0.0,0.0
2024-04-24 00:00:00+03:00,162.5,163.6999969482422,160.10000610351562,162.10000610351562,2738297,0.0,0.0
2024-04-25 00:00:00+03:00,162.10000610351562,170.89999389648438,161.5,168.8000030517578,7118619,0.0,0.0
2024-04-26 00:00:00+03:00,170.1999969482422,173.89999389648438,167.8000030517578,168.1999969482422,5632119,0.0,0.0
2024-04-29 00:00:00+03:00,162.5,165.89999389648438,161.0,164.6999969482422,6994165,0.0,0.0
2024-04-30 00:00:00+03:00,165.0,174.1999969482422,164.6999969482422,173.0,10064030,0.0,0.0
2024-05-02 00:00:00+03:00,174.0,177.3000030517578,172.60000610351562,176.60000610351562,5891006,0.0,0.0
2024-05-03 00:00:00+03:00,178.10000610351562,187.10000610351562,172.8000030517578,173.5,10942275,0.0,0.0
2024-05-06 00:00:00+03:00,173.89999389648438,181.0,171.6999969482422,179.1999969482422,5581100,0.0,0.0
2024-05-07 00:00:00+03:00,179.6999969482422,184.60000610351562,178.89999389648438,183.89999389648438,4845011,0.0,0.0
2024-05-08 00:00:00+03:00,183.39999389648438,184.6999969482422,179.60000610351562,180.6999969482422,2582164,0.0,0.0
2024-05-09 00:00:00+03:00,181.60000610351562,183.60000610351562,176.89999389648438,183.0,4148869,0.0,0.0
2024-05-10 00:00:00+03:00,183.10000610351562,186.8000030517578,181.89999389648438,182.10000610351562,4565083,0.0,0.0
2024-05-13 00:00:00+03:00,181.5,186.6999969482422,180.60000610351562,182.6999969482422,3707116,0.0,0.0
2024-05-14 00:00:00+03:00,182.8000030517578,186.1999969482422,178.5,185.60000610351562,3389724,0.0,0.0
2024-05-15 00:00:00+03:00,186.0,187.8000030517578,183.5,185.0,4636007,0.0,0.0
2024-05-16 00:00:00+03:00,185.10000610351562,188.10000610351562,182.3000030517578,187.8000030517578,4224355,0.0,0.0
2024-05-17 00:00:00+03:00,189.1999969482422,190.89999389648438,187.5,188.39999389648438,4419254,0.0,0.0
2024-05-20 00:00:00+03:00,189.3000030517578,191.89999389648438,188.10000610351562,190.1999969482422,3611391,0.0,0.0
2024-05-21 00:00:00+03:00,190.5,193.8000030517578,189.0,191.10000610351562,7003650,0.0,0.0
2024-05-22 00:00:00+03:00,191.10000610351562,195.39999389648438,190.0,195.0,4150065,0.0,0.0
2024-05-23 00:00:00+03:00,194.3000030517578,196.10000610351562,190.0,190.39999389648438,3644773,0.0,0.0
2024-05-24 00:00:00+03:00,190.39999389648438,190.6999969482422,185.0,187.1999969482422,2239955,0.0,0.0
2024-05-27 00:00:00+03:00,187.0,188.5,185.10000610351562,185.89999389648438,1286508,0.0,0.0
2024-05-28 00:00:00+03:00,185.3000030517578,188.5,184.89999389648438,187.0,2459771,0.0,0.0
2024-05-29 00:00:00+03:00,187.1999969482422,190.0,184.0,184.0,2688720,0.0,0.0
2024-05-30 00:00:00+03:00,183.39999389648438,184.60000610351562,178.60000610351562,181.8000030517578,3527703,0.0,0.0
2024-05-31 00:00:00+03:00,181.89999389648438,186.6999969482422,179.1999969482422,181.0,3628302,0.0,0.0
2024-06-03 00:00:00+03:00,181.89999389648438,182.3000030517578,173.60000610351562,176.3000030517578,3822343,0.0,0.0
2024-06-04 00:00:00+03:00,177.60000610351562,179.89999389648438,176.0,176.5,2853473,0.0,0.0
2024-06-05 00:00:00+03:00,177.0,177.6999969482422,171.5,173.89999389648438,2897621,0.0,0.0
2024-06-06 00:00:00+03:00,174.1999969482422,177.8000030517578,173.5,173.89999389648438,1946030,0.0,0.0
2024-06-07 00:00:00+03:00,175.0,175.1999969482422,166.3000030517578,166.89999389648438,2454143,0.0,0.0
2024-06-10 00:00:00+03:00,166.60000610351562,168.0,162.8000030517578,166.39999389648438,2377752,0.0,0.0
2024-06-11 00:00:00+03:00,167.5,168.5,165.6999969482422,167.5,2273715,0.0,0.0
2024-06-12 00:00:00+03:00,167.1999969482422,170.0,166.8000030517578,168.1999969482422,2030499,0.0,0.0
2024-06-13 00:00:00+03:00,170.39999389648438,173.5,169.10000610351562,173.5,1638297,0.0,0.0
2024-06-14 00:00:00+03:00,175.5,176.5,171.89999389648438,175.10000610351562,1404881,0.0,0.0
2024-06-20 00:00:00+03:00,177.10000610351562,178.1999969482422,173.3000030517578,175.0,1714768,0.0,0.0
2024-06-21 00:00:00+03:00,174.89999389648438,176.0,173.0,173.60000610351562,1931304,0.0,0.0
2024-06-24 00:00:00+03:00,173.89999389648438,174.6999969482422,169.10000610351562,170.0,1864787,0.0,0.0
2024-06-25 00:00:00+03:00,169.6999969482422,176.1999969482422,168.5,173.6999969482422,3763488,0.0,0.0
2024-06-26 00:00:00+03:00,173.6999969482422,179.10000610351562,173.1999969482422,175.0,4477987,0.0,0.0
2024-06-27 00:00:00+03:00,175.0,180.5,173.6999969482422,180.0,4078610,0.0,0.0
2024-06-28 00:00:00+03:00,181.0,182.3000030517578,173.89999389648438,174.39999389648438,3665632,0.0,0.0
2024-07-01 00:00:00+03:00,174.8000030517578,175.60000610351562,164.8000030517578,165.39999389648438,3294686,0.0,0.0
2024-07-02 00:00:00+03:00,165.3000030517578,165.5,162.0,165.0,1989538,0.0,0.0
2024-07-03 00:00:00+03:00,165.5,169.5,164.8000030517578,169.39999389648438,2271669,0.0,0.0
2024-07-04 00:00:00+03:00,169.6999969482422,175.10000610351562,169.6999969482422,175.0,2242165,0.0,0.0
2024-07-05 00:00:00+03:00,175.0,176.5,172.60000610351562,173.89999389648438,1966046,0.0,0.0
2024-07-08 00:00:00+03:00,173.89999389648438,174.5,169.3000030517578,169.39999389648438,2395086,0.0,0.0
2024-07-09 00:00:00+03:00,169.39999389648438,170.89999389648438,166.10000610351562,166.5,3157875,0.0,0.0
2024-07-10 00:00:00+03:00,168.89999389648438,168.89999389648438,165.3000030517578,165.5,2337832,0.0,0.0
2024-07-11 00:00:00+03:00,167.0,170.10000610351562,166.6999969482422,169.8000030517578,2323284,0.0,0.0
2024-07-12 00:00:00+03:00,169.39999389648438,174.5,168.10000610351562,170.60000610351562,4134789,0.0,0.0
2024-07-16 00:00:00+03:00,171.0,172.89999389648438,169.6999969482422,172.3000030517578,2819850,0.0,0.0
2024-07-17 00:00:00+03:00,172.6999969482422,173.6999969482422,170.39999389648438,171.39999389648438,2265685,0.0,0.0
2024-07-18 00:00:00+03:00,171.1999969482422,173.0,169.0,169.39999389648438,2235834,0.0,0.0
2024-07-19 00:00:00+03:00,169.10000610351562,169.1999969482422,165.5,166.0,2533238,0.0,0.0
2024-07-22 00:00:00+03:00,170.0,182.60000610351562,170.0,178.0,13920162,0.0,0.0
2024-07-23 00:00:00+03:00,178.1999969482422,184.5,177.3000030517578,180.1999969482422,6869800,0.0,0.0
2024-07-24 00:00:00+03:00,180.10000610351562,180.6999969482422,174.3000030517578,178.0,4063094,0.0,0.0
2024-07-25 00:00:00+03:00,176.8000030517578,182.1999969482422,175.39999389648438,175.8000030517578,3477764,0.0,0.0
2024-07-26 00:00:00+03:00,176.6999969482422,193.3000030517578,176.10000610351562,190.8000030517578,11666278,0.0,0.0
2024-07-29 00:00:00+03:00,188.6999969482422,191.0,183.0,183.0,6358762,0.0,0.0
2024-07-30 00:00:00+03:00,183.8000030517578,184.6999969482422,177.39999389648438,178.0,5335370,0.0,0.0
2024-07-31 00:00:00+03:00,174.0,174.5,167.60000610351562,168.0,6706936,0.0,0.0
2024-08-01 00:00:00+03:00,169.89999389648438,171.0,166.1999969482422,167.39999389648438,3443876,0.0,0.0
2024-08-02 00:00:00+03:00,165.10000610351562,165.8000030517578,159.10000610351562,160.6999969482422,4679731,0.0,0.0
2024-08-05 00:00:00+03:00,148.0,156.5,147.60000610351562,151.39999389648438,3627212,0.0,0.0
2024-08-06 00:00:00+03:00,156.1999969482422,157.10000610351562,151.39999389648438,151.6999969482422,2026425,0.0,0.0
2024-08-07 00:00:00+03:00,152.5,157.5,151.0,157.5,2406645,0.0,0.0
2024-08-08 00:00:00+03:00,156.6999969482422,160.0,156.10000610351562,159.6999969482422,1820228,0.0,0.0
2024-08-09 00:00:00+03:00,160.0,161.3000030517578,152.39999389648438,153.10000610351562,2048241,0.0,0.0
2024-08-12 00:00:00+03:00,153.6999969482422,153.89999389648438,147.10000610351562,147.39999389648438,2510287,0.0,0.0
2024-08-13 00:00:00+03:00,147.6999969482422,150.10000610351562,146.60000610351562,149.1999969482422,2349753,0.0,0.0
2024-08-14 00:00:00+03:00,150.5,150.89999389648438,147.0,147.0,1695244,0.0,0.0
2024-08-15 00:00:00+03:00,147.1999969482422,153.39999389648438,144.5,153.39999389648438,2646971,0.0,0.0
2024-08-16 00:00:00+03:00,153.39999389648438,153.89999389648438,149.6999969482422,151.0,2164402,0.0,0.0
2024-08-19 00:00:00+03:00,151.0,154.5,149.89999389648438,153.60000610351562,1828299,0.0,0.0
2024-08-20 00:00:00+03:00,153.0,155.10000610351562,151.60000610351562,153.10000610351562,1749796,0.0,0.0
2024-08-21 00:00:00+03:00,153.10000610351562,154.89999389648438,149.89999389648438,150.5,1966900,0.0,0.0
2024-08-22 00:00:00+03:00,151.0,152.3000030517578,148.60000610351562,148.8000030517578,1820902,0.0,0.0
2024-08-23 00:00:00+03:00,148.8000030517578,149.3000030517578,141.89999389648438,142.5,3527095,0.0,0.0
2024-08-26 00:00:00+03:00,143.39999389648438,143.89999389648438,139.89999389648438,139.89999389648438,2084069,0.0,0.0
2024-08-27 00:00:00+03:00,139.6999969482422,141.39999389648438,139.1999969482422,141.0,1893962,0.0,0.0
2024-08-28 00:00:00+03:00,141.10000610351562,144.3000030517578,140.6999969482422,143.89999389648438,1741324,0.0,0.0
2024-08-29 00:00:00+03:00,144.39999389648438,146.3000030517578,142.5,144.10000610351562,2517002,0.0,0.0
2024-09-02 00:00:00+03:00,145.0,147.60000610351562,145.0,146.6999969482422,2054071,0.0,0.0
2024-09-03 00:00:00+03:00,146.89999389648438,150.3000030517578,145.0,147.8000030517578,2155362,0.0,0.0
2024-09-04 00:00:00+03:00,147.0,148.60000610351562,142.0,143.10000610351562,2707384,0.0,0.0
2024-09-05 00:00:00+03:00,143.8000030517578,146.0,143.39999389648438,145.1999969482422,1788097,0.0,0.0
2024-09-06 00:00:00+03:00,144.1999969482422,144.60000610351562,142.0,142.10000610351562,1490916,0.0,0.0
2024-09-09 00:00:00+03:00,142.3000030517578,143.5,138.0,138.0,1852134,0.0,0.0
2024-09-10 00:00:00+03:00,138.60000610351562,139.5,136.1999969482422,138.10000610351562,1197725,0.0,0.0
2024-09-11 00:00:00+03:00,137.8000030517578,138.3000030517578,133.8000030517578,133.89999389648438,1987072,0.0,0.0
2024-09-12 00:00:00+03:00,135.0,138.3000030517578,133.0,138.3000030517578,2023609,0.0,0.0
2024-09-13 00:00:00+03:00,138.3000030517578,141.8000030517578,137.10000610351562,141.8000030517578,1238176,0.0,0.0
2024-09-16 00:00:00+03:00,141.8000030517578,142.89999389648438,138.0,138.0,1334646,0.0,0.0
2024-09-17 00:00:00+03:00,138.10000610351562,142.0,137.89999389648438,141.1999969482422,1819242,0.0,0.0
2024-09-18 00:00:00+03:00,141.1999969482422,143.0,139.39999389648438,141.1999969482422,2060342,0.0,0.0
2024-09-19 00:00:00+03:00,143.3000030517578,145.1999969482422,142.10000610351562,144.89999389648438,2143558,0.0,0.0
2024-09-20 00:00:00+03:00,144.8000030517578,146.5,143.60000610351562,145.5,1960553,0.0,0.0
2024-09-23 00:00:00+03:00,146.5,147.1999969482422,143.6999969482422,145.8000030517578,1219852,0.0,0.0
2024-09-24 00:00:00+03:00,146.0,148.60000610351562,144.89999389648438,147.3000030517578,2366199,0.0,0.0
2024-09-25 00:00:00+03:00,147.3000030517578,149.5,145.10000610351562,145.8000030517578,1822674,0.0,0.0
2024-09-26 00:00:00+03:00,145.8000030517578,148.39999389648438,145.60000610351562,146.1999969482422,1512200,0.0,0.0
2024-09-27 00:00:00+03:00,147.0,148.60000610351562,145.8000030517578,147.89999389648438,1658765,0.0,0.0
2024-09-30 00:00:00+03:00,147.1999969482422,148.60000610351562,143.5,144.3000030517578,2499677,0.0,0.0
2024-10-01 00:00:00+03:00,145.0,145.3000030517578,137.8000030517578,138.8000030517578,2574589,0.0,0.0
2024-10-02 00:00:00+03:00,138.60000610351562,140.10000610351562,136.0,136.3000030517578,2103194,0.0,0.0
2024-10-03 00:00:00+03:00,136.8000030517578,140.6999969482422,135.8000030517578,138.6999969482422,1989148,0.0,0.0
2024-10-04 00:00:00+03:00,139.1999969482422,139.60000610351562,134.10000610351562,139.5,2441735,0.0,0.0
2024-10-07 00:00:00+03:00,139.10000610351562,143.1999969482422,139.10000610351562,141.3000030517578,1224235,0.0,0.0
2024-10-08 00:00:00+03:00,143.0,144.5,140.3000030517578,143.8000030517578,1773196,0.0,0.0
2024-10-09 00:00:00+03:00,143.8000030517578,144.60000610351562,140.5,144.39999389648438,1184586,0.0,0.0
2024-10-10 00:00:00+03:00,144.60000610351562,146.39999389648438,141.5,141.5,1877083,0.0,0.0
2024-10-11 00:00:00+03:00,142.5,144.8000030517578,139.10000610351562,140.10000610351562,2015893,0.0,0.0
2024-10-14 00:00:00+03:00,140.5,140.5,135.10000610351562,136.3000030517578,1291322,0.0,0.0
2024-10-15 00:00:00+03:00,136.60000610351562,141.1999969482422,136.3000030517578,140.3000030517578,1676713,0.0,0.0
2024-10-16 00:00:00+03:00,139.89999389648438,140.0,137.0,139.6999969482422,1987589,0.0,0.0
2024-10-17 00:00:00+03:00,139.6999969482422,143.60000610351562,139.39999389648438,143.1999969482422,1681497,0.0,0.0
2024-10-18 00:00:00+03:00,143.5,148.1999969482422,143.39999389648438,147.0,3846791,0.0,0.0
2024-10-21 00:00:00+03:00,147.0,147.10000610351562,139.0,139.0,2006607,0.0,0.0
2024-10-22 00:00:00+03:00,139.10000610351562,141.39999389648438,138.8000030517578,140.1999969482422,1988124,0.0,0.0
2024-10-23 00:00:00+03:00,140.3000030517578,142.89999389648438,139.3000030517578,139.3000030517578,1754152,0.0,0.0
2024-10-24 00:00:00+03:00,140.10000610351562,141.89999389648438,139.1999969482422,141.3000030517578,1674464,0.0,0.0
2024-10-25 00:00:00+03:00,139.6999969482422,140.39999389648438,138.1999969482422,139.39999389648438,1357225,0.0,0.0
2024-10-28 00:00:00+03:00,133.89999389648438,134.39999389648438,130.6999969482422,131.89999389648438,3191222,0.0,0.0
2024-10-30 00:00:00+03:00,132.10000610351562,133.1999969482422,131.5,131.5,2430093,0.0,0.0
2024-10-31 00:00:00+03:00,131.89999389648438,132.1999969482422,128.5,128.5,2576243,0.0,0.0
2024-11-01 00:00:00+03:00,128.6999969482422,130.10000610351562,128.3000030517578,128.60000610351562,1954195,0.0,0.0
2024-11-04 00:00:00+03:00,128.10000610351562,128.5,123.0,123.69999694824219,2111318,0.0,0.0
2024-11-05 00:00:00+03:00,124.30000305175781,126.0,123.30000305175781,124.80000305175781,1661729,0.0,0.0
2024-11-06 00:00:00+03:00,125.0,128.60000610351562,124.4000015258789,127.4000015258789,1919575,0.0,0.0
2024-11-07 00:00:00+03:00,127.69999694824219,132.39999389648438,127.5999984741211,132.1999969482422,3069414,0.0,0.0
2024-11-08 00:00:00+03:00,131.0,136.1999969482422,130.39999389648438,135.8000030517578,2942274,0.0,0.0
2024-11-11 00:00:00+03:00,135.89999389648438,138.1999969482422,135.6999969482422,137.6999969482422,2007607,0.0,0.0
2024-11-12 00:00:00+03:00,137.6999969482422,137.8000030517578,135.0,136.0,1392333,0.0,0.0
2024-11-13 00:00:00+03:00,134.5,138.5,134.0,137.1999969482422,1974503,0.0,0.0
2024-11-14 00:00:00+03:00,137.3000030517578,139.89999389648438,136.5,137.39999389648438,1542502,0.0,0.0
2024-11-15 00:00:00+03:00,137.39999389648438,140.3000030517578,137.3000030517578,138.5,2119527,0.0,0.0
2024-11-18 00:00:00+03:00,139.0,140.1999969482422,136.6999969482422,140.10000610351562,1692046,0.0,0.0
2024-11-19 00:00:00+03:00,140.5,142.1999969482422,135.1999969482422,136.60000610351562,2093093,0.0,0.0
2024-11-20 00:00:00+03:00,136.39999389648438,138.8000030517578,132.5,132.5,1511578,0.0,0.0
2024-11-21 00:00:00+03:00,133.5,139.10000610351562,133.0,138.3000030517578,1478135,0.0,0.0
2024-11-22 00:00:00+03:00,138.0,142.5,137.6999969482422,142.5,1348027,0.0,0.0
2024-11-25 00:00:00+03:00,145.0,146.0,142.60000610351562,144.0,5230125,0.0,0.0
2024-11-26 00:00:00+03:00,143.5,143.6999969482422,140.10000610351562,143.5,3211953,0.0,0.0
2024-11-27 00:00:00+03:00,145.10000610351562,146.1999969482422,142.8000030517578,143.1999969482422,2241676,0.0,0.0
2024-11-28 00:00:00+03:00,142.0,144.0,141.39999389648438,143.39999389648438,1271657,0.0,0.0
2024-11-29 00:00:00+03:00,143.39999389648438,145.0,141.6999969482422,142.89999389648438,1392316,0.0,0.0
2024-12-02 00:00:00+03:00,142.39999389648438,144.0,141.1999969482422,143.0,1202044,0.0,0.0
2024-12-03 00:00:00+03:00,143.0,146.8000030517578,142.8000030517578,142.8000030517578,2125634,0.0,0.0
2024-12-04 00:00:00+03:00,143.0,146.0,143.0,145.3000030517578,2174039,0.0,0.0
2024-12-05 00:00:00+03:00,146.0,147.0,144.1999969482422,145.10000610351562,1552372,0.0,0.0
2024-12-06 00:00:00+03:00,146.0,148.1999969482422,144.89999389648438,144.89999389648438,2361173,0.0,0.0
2024-12-09 00:00:00+03:00,146.1999969482422,150.10000610351562,146.10000610351562,150.0,3178199,0.0,0.0
2024-12-10 00:00:00+03:00,150.8000030517578,151.10000610351562,147.0,147.0,2545756,0.0,0.0
2024-12-11 00:00:00+03:00,148.0,150.8000030517578,147.89999389648438,148.8000030517578,2349975,0.0,0.0
2024-12-12 00:00:00+03:00,149.10000610351562,151.8000030517578,148.10000610351562,148.3000030517578,1857247,0.0,0.0
2024-12-13 00:00:00+03:00,148.10000610351562,151.60000610351562,146.10000610351562,151.5,1502064,0.0,0.0
2024-12-16 00:00:00+03:00,152.0,152.89999389648438,150.1999969482422,150.1999969482422,1195356,0.0,0.0
2024-12-17 00:00:00+03:00,149.60000610351562,151.10000610351562,147.5,148.8000030517578,1303529,0.0,0.0
2024-12-18 00:00:00+03:00,148.10000610351562,149.8000030517578,145.39999389648438,145.89999389648438,1285800,0.0,0.0
2024-12-19 00:00:00+03:00,146.0,146.1999969482422,142.5,142.6999969482422,1488492,0.0,0.0
2024-12-20 00:00:00+03:00,142.5,144.10000610351562,142.0,142.10000610351562,1190038,0.0,0.0
2024-12-23 00:00:00+03:00,142.5,143.8000030517578,139.39999389648438,139.39999389648438,1055534,0.0,0.0
2024-12-24 00:00:00+03:00,139.89999389648438,142.5,139.89999389648438,141.3000030517578,830787,0.0,0.0
2024-12-25 00:00:00+03:00,143.10000610351562,143.89999389648438,141.39999389648438,141.6999969482422,1156241,0.0,0.0
2024-12-26 00:00:00+03:00,142.39999389648438,144.60000610351562,140.8000030517578,141.3000030517578,1357486,0.0,0.0
2024-12-27 00:00:00+03:00,141.3000030517578,143.6999969482422,141.3000030517578,142.89999389648438,1485666,0.0,0.0
2024-12-30 00:00:00+03:00,143.0,143.39999389648438,141.8000030517578,142.6999969482422,925175,0.0,0.0
2024-12-31 00:00:00+03:00,142.39999389648438,143.89999389648438,139.39999389648438,142.0,1668492,0.0,0.0
2025-01-02 00:00:00+03:00,142.6999969482422,144.3000030517578,141.39999389648438,144.0,1313461,0.0,0.0
2025-01-03 00:00:00+03:00,144.10000610351562,146.60000610351562,143.8000030517578,145.0,2308410,0.0,0.0
2025-01-06 00:00:00+03:00,145.6999969482422,147.10000610351562,144.39999389648438,144.39999389648438,2009726,0.0,0.0
2025-01-07 00:00:00+03:00,144.0,146.1999969482422,143.1999969482422,145.1999969482422,1815047,0.0,0.0
2025-01-08 00:00:00+03:00,144.8000030517578,145.5,142.39999389648438,142.39999389648438,2424706,0.0,0.0
2025-01-09 00:00:00+03:00,142.6999969482422,144.5,141.10000610351562,142.6999969482422,1764586,0.0,0.0
2025-01-10 00:00:00+03:00,142.39999389648438,142.89999389648438,137.1999969482422,137.1999969482422,3859578,0.0,0.0
2025-01-13 00:00:00+03:00,137.1999969482422,137.1999969482422,131.8000030517578,131.89999389648438,2694614,0.0,0.0
2025-01-14 00:00:00+03:00,132.3000030517578,133.1999969482422,128.5,128.8000030517578,2985772,0.0,0.0
2025-01-15 00:00:00+03:00,129.1999969482422,129.1999969482422,127.0,128.39999389648438,2698774,0.0,0.0
2025-01-16 00:00:00+03:00,129.5,130.8000030517578,127.5999984741211,129.5,2174189,0.0,0.0
2025-01-17 00:00:00+03:00,129.5,130.3000030517578,128.0,128.0,2235515,0.0,0.0
2025-01-20 00:00:00+03:00,128.6999969482422,129.60000610351562,126.0,127.30000305175781,4475906,0.0,0.0
2025-01-21 00:00:00+03:00,127.19999694824219,127.80000305175781,125.80000305175781,126.0,2731371,0.0,0.0
2025-01-22 00:00:00+03:00,126.19999694824219,127.30000305175781,125.0,126.5999984741211,2612588,0.0,0.0
2025-01-23 00:00:00+03:00,127.4000015258789,130.10000610351562,127.30000305175781,130.10000610351562,4555925,0.0,0.0
2025-01-24 00:00:00+03:00,130.8000030517578,131.3000030517578,129.5,131.0,2236384,0.0,0.0
2025-01-27 00:00:00+03:00,130.0,132.60000610351562,129.0,130.6999969482422,3330362,0.0,0.0
2025-01-28 00:00:00+03:00,130.89999389648438,133.60000610351562,130.89999389648438,133.39999389648438,3911676,0.0,0.0
2025-01-29 00:00:00+03:00,133.39999389648438,134.5,128.60000610351562,128.8000030517578,3493399,0.0,0.0
2025-01-30 00:00:00+03:00,129.10000610351562,131.3000030517578,129.0,129.3000030517578,2584518,0.0,0.0
2025-01-31 00:00:00+03:00,129.3000030517578,131.5,126.69999694824219,127.0,2487069,0.0,0.0
2025-02-03 00:00:00+03:00,126.5,129.8000030517578,123.5,127.9000015258789,4280518,0.0,0.0
2025-02-04 00:00:00+03:00,128.1999969482422,132.0,126.0999984741211,130.8000030517578,4214261,0.0,0.0
2025-02-05 00:00:00+03:00,131.10000610351562,132.10000610351562,126.80000305175781,128.3000030517578,2770938,0.0,0.0
2025-02-06 00:00:00+03:00,129.0,130.0,126.5,127.4000015258789,3030171,0.0,0.0
2025-02-07 00:00:00+03:00,127.4000015258789,128.5,126.69999694824219,128.10000610351562,2325120,0.0,0.0
2025-02-10 00:00:00+03:00,128.89999389648438,130.6999969482422,128.10000610351562,128.39999389648438,3077288,0.0,0.0
2025-02-11 00:00:00+03:00,128.6999969482422,131.6999969482422,127.0,131.5,4208320,0.0,0.0
2025-02-12 00:00:00+03:00,131.6999969482422,132.10000610351562,127.0,127.19999694824219,3174962,0.0,0.0
2025-02-13 00:00:00+03:00,128.3000030517578,129.3000030517578,127.5,129.1999969482422,2811697,0.0,0.0
2025-02-14 00:00:00+03:00,129.3000030517578,130.10000610351562,128.1999969482422,128.39999389648438,1673437,0.0,0.0
2025-02-17 00:00:00+03:00,128.60000610351562,129.39999389648438,126.80000305175781,127.0999984741211,2274696,0.0,0.0
2025-02-18 00:00:00+03:00,126.9000015258789,128.60000610351562,126.0999984741211,128.39999389648438,2573869,0.0,0.0
2025-02-19 00:00:00+03:00,128.8000030517578,129.10000610351562,125.5,125.9000015258789,2479846,0.0,0.0
2025-02-20 00:00:00+03:00,125.69999694824219,128.10000610351562,125.4000015258789,127.4000015258789,2772300,0.0,0.0
2025-02-21 00:00:00+03:00,127.4000015258789,128.1999969482422,123.4000015258789,124.5999984741211,2836694,0.0,0.0
2025-02-24 00:00:00+03:00,126.5,126.5999984741211,124.0999984741211,124.4000015258789,1809498,0.0,0.0
2025-02-25 00:00:00+03:00,124.4000015258789,124.9000015258789,122.0999984741211,122.19999694824219,1482584,0.0,0.0
2025-02-26 00:00:00+03:00,122.19999694824219,124.5,120.4000015258789,123.80000305175781,2155990,0.0,0.0
2025-02-27 00:00:00+03:00,123.5999984741211,127.19999694824219,123.0,126.69999694824219,2332000,0.0,0.0
2025-02-28 00:00:00+03:00,126.0,127.5999984741211,123.5999984741211,127.5999984741211,2843397,0.0,0.0
2025-03-03 00:00:00+03:00,127.5999984741211,130.3000030517578,126.9000015258789,127.5999984741211,3071663,0.0,0.0
2025-03-04 00:00:00+03:00,127.0999984741211,127.30000305175781,125.19999694824219,126.0,1947239,0.0,0.0
2025-03-05 00:00:00+03:00,126.69999694824219,133.0,126.69999694824219,133.0,3550485,0.0,0.0
2025-03-06 00:00:00+03:00,134.3000030517578,140.60000610351562,133.10000610351562,140.60000610351562,4372290,0.0,0.0
2025-03-07 00:00:00+03:00,140.0,145.89999389648438,139.39999389648438,145.6999969482422,5427423,0.0,0.0
2025-03-10 00:00:00+03:00,145.6999969482422,146.1999969482422,140.10000610351562,142.3000030517578,3324416,0.0,0.0
2025-03-11 00:00:00+03:00,141.89999389648438,146.0,140.89999389648438,144.8000030517578,3627367,0.0,0.0
2025-03-12 00:00:00+03:00,146.0,148.10000610351562,143.5,148.0,3213585,0.0,0.0
2025-03-13 00:00:00+03:00,149.0,151.0,145.60000610351562,147.5,3708213,0.0,0.0
2025-03-14 00:00:00+03:00,147.60000610351562,148.6999969482422,145.89999389648438,147.39999389648438,2540274,0.0,0.0
2025-03-17 00:00:00+03:00,147.5,150.60000610351562,146.89999389648438,147.0,2875651,0.0,0.0
2025-03-18 00:00:00+03:00,146.89999389648438,151.0,145.0,150.1999969482422,3148214,0.0,0.0
2025-03-19 00:00:00+03:00,139.0,152.0,139.0,143.5,5940877,0.0,0.0
2025-03-20 00:00:00+03:00,145.10000610351562,152.39999389648438,144.89999389648438,148.1999969482422,4359205,0.0,0.0
2025-03-21 00:00:00+03:00,149.1999969482422,149.5,136.1999969482422,137.6999969482422,4068890,0.0,0.0
2025-03-24 00:00:00+03:00,138.8000030517578,144.3000030517578,133.1999969482422,141.1999969482422,2700719,0.0,0.0
2025-03-25 00:00:00+03:00,141.6999969482422,147.3000030517578,139.1999969482422,142.6999969482422,3369159,0.0,0.0
2025-03-26 00:00:00+03:00,140.60000610351562,143.89999389648438,139.10000610351562,141.1999969482422,2050762,0.0,0.0
2025-03-27 00:00:00+03:00,141.3000030517578,142.39999389648438,134.5,136.0,3055429,0.0,0.0
2025-03-28 00:00:00+03:00,138.1999969482422,138.1999969482422,132.60000610351562,137.10000610351562,2931182,0.0,0.0
2025-04-02 00:00:00+03:00,137.10000610351562,137.10000610351562,131.60000610351562,132.1999969482422,2678528,0.0,0.0
2025-04-03 00:00:00+03:00,131.60000610351562,135.8000030517578,131.5,133.0,3037555,0.0,0.0
2025-04-04 00:00:00+03:00,133.0,134.10000610351562,130.5,132.6999969482422,1536146,0.0,0.0
2025-04-07 00:00:00+03:00,129.0,132.6999969482422,126.19999694824219,132.10000610351562,3063919,0.0,0.0
2025-04-08 00:00:00+03:00,133.5,139.3000030517578,132.8000030517578,137.39999389648438,3733655,0.0,0.0
2025-04-09 00:00:00+03:00,136.5,137.39999389648438,133.60000610351562,135.10000610351562,2484264,0.0,0.0
2025-04-10 00:00:00+03:00,139.3000030517578,139.6999969482422,133.6999969482422,135.0,2125262,0.0,0.0
2025-04-11 00:00:00+03:00,133.5,134.60000610351562,129.89999389648438,131.0,2946520,0.0,0.0
2025-04-14 00:00:00+03:00,132.0,132.8000030517578,129.60000610351562,130.8000030517578,2090647,0.0,0.0
2025-04-15 00:00:00+03:00,130.89999389648438,132.3000030517578,127.0,127.0,1922150,0.0,0.0
2025-04-16 00:00:00+03:00,126.4000015258789,126.69999694824219,122.80000305175781,123.19999694824219,2638752,0.0,0.0
2025-04-17 00:00:00+03:00,123.19999694824219,125.30000305175781,120.30000305175781,124.30000305175781,4621043,0.0,0.0
2025-04-18 00:00:00+03:00,125.19999694824219,126.19999694824219,120.80000305175781,121.4000015258789,3220220,0.0,0.0
2025-04-21 00:00:00+03:00,122.0,124.30000305175781,121.0999984741211,121.69999694824219,3395900,0.0,0.0
2025-04-22 00:00:00+03:00,122.30000305175781,123.4000015258789,121.0999984741211,121.5999984741211,1964979,0.0,0.0
2025-04-24 00:00:00+03:00,122.0999984741211,124.0999984741211,120.5,123.80000305175781,2312268,0.0,0.0
2025-04-25 00:00:00+03:00,123.5,125.5,123.0999984741211,123.0999984741211,2319549,0.0,0.0
2025-04-28 00:00:00+03:00,122.0,122.5,118.0999984741211,118.5,2333460,0.0,0.0
2025-04-29 00:00:00+03:00,118.30000305175781,119.5999984741211,116.30000305175781,116.4000015258789,2135140,0.0,0.0
2025-04-30 00:00:00+03:00,116.0,116.69999694824219,113.69999694824219,113.69999694824219,1977316,0.0,0.0
2025-05-02 00:00:00+03:00,114.30000305175781,115.4000015258789,112.5,112.80000305175781,2040335,0.0,0.0
2025-05-05 00:00:00+03:00,113.0999984741211,114.0,110.69999694824219,112.30000305175781,2041307,0.0,0.0
2025-05-06 00:00:00+03:00,112.0999984741211,113.9000015258789,110.5999984741211,111.19999694824219,2641231,0.0,0.0
2025-05-07 00:00:00+03:00,110.5,113.19999694824219,110.30000305175781,112.5,2436619,0.0,0.0
2025-05-08 00:00:00+03:00,113.30000305175781,113.80000305175781,111.5,113.0,1398653,0.0,0.0
2025-05-09 00:00:00+03:00,113.5999984741211,116.69999694824219,113.0999984741211,116.0,2575911,0.0,0.0
2025-05-12 00:00:00+03:00,118.5999984741211,123.9000015258789,118.30000305175781,123.80000305175781,3073904,0.0,0.0
2025-05-13 00:00:00+03:00,124.0,124.0,120.5,121.0999984741211,2529447,0.0,0.0
2025-05-14 00:00:00+03:00,120.5999984741211,122.5,120.0,121.30000305175781,2145234,0.0,0.0
2025-05-15 00:00:00+03:00,120.9000015258789,122.30000305175781,115.0999984741211,116.0,3202502,0.0,0.0
2025-05-16 00:00:00+03:00,115.5,119.0,115.30000305175781,118.69999694824219,2947619,0.0,0.0
2025-05-20 00:00:00+03:00,118.69999694824219,119.30000305175781,115.9000015258789,116.0999984741211,1611212,0.0,0.0
2025-05-21 00:00:00+03:00,115.80000305175781,116.4000015258789,114.0,114.0,1976448,0.0,0.0
2025-05-22 00:00:00+03:00,115.0,116.9000015258789,113.69999694824219,115.0,2277221,0.0,0.0
2025-05-23 00:00:00+03:00,114.19999694824219,115.0,111.5999984741211,112.30000305175781,2304110,0.0,0.0
2025-05-26 00:00:00+03:00,112.4000015258789,112.80000305175781,111.0,111.0,1546551,0.0,0.0
2025-05-27 00:00:00+03:00,111.30000305175781,111.9000015258789,106.9000015258789,107.5999984741211,2994641,0.0,0.0
2025-05-28 00:00:00+03:00,107.69999694824219,108.0999984741211,105.9000015258789,106.5,2186542,0.0,0.0
2025-05-29 00:00:00+03:00,107.9000015258789,108.69999694824219,106.69999694824219,107.30000305175781,1866428,0.0,0.0
2025-05-30 00:00:00+03:00,106.9000015258789,108.19999694824219,104.30000305175781,105.4000015258789,2497957,0.0,0.0
2025-06-02 00:00:00+03:00,105.0,106.0,103.0999984741211,105.5,1971557,0.0,0.0
2025-06-03 00:00:00+03:00,106.0999984741211,109.30000305175781,106.0,108.69999694824219,2924376,0.0,0.0
2025-06-04 00:00:00+03:00,108.19999694824219,110.30000305175781,107.9000015258789,110.30000305175781,1437487,0.0,0.0
2025-06-05 00:00:00+03:00,110.30000305175781,111.0,109.19999694824219,111.0,467231,0.0,0.0
2025-06-10 00:00:00+03:00,111.69999694824219,112.5999984741211,110.9000015258789,112.0999984741211,2118514,0.0,0.0
2025-06-11 00:00:00+03:00,112.0999984741211,114.0999984741211,111.30000305175781,112.4000015258789,2212661,0.0,0.0
2025-06-12 00:00:00+03:00,111.0,112.69999694824219,109.5,109.9000015258789,1421635,0.0,0.0
2025-06-13 00:00:00+03:00,103.9000015258789,109.0,103.9000015258789,109.0,2072982,0.0,0.0
2025-06-16 00:00:00+03:00,109.0,112.5999984741211,106.80000305175781,112.30000305175781,2364008,0.0,0.0
2025-06-17 00:00:00+03:00,111.5999984741211,112.5999984741211,110.19999694824219,110.5999984741211,1178666,0.0,0.0
2025-06-18 00:00:00+03:00,109.0999984741211,111.69999694824219,107.9000015258789,110.5999984741211,1618702,0.0,0.0
2025-06-19 00:00:00+03:00,111.19999694824219,112.5999984741211,109.0999984741211,111.0999984741211,1528111,0.0,0.0
2025-06-20 00:00:00+03:00,111.0999984741211,113.4000015258789,108.5999984741211,109.0999984741211,2447794,0.0,0.0
2025-06-23 00:00:00+03:00,107.80000305175781,111.0,106.9000015258789,109.69999694824219,1467757,0.0,0.0
2025-06-24 00:00:00+03:00,113.0999984741211,117.30000305175781,112.9000015258789,117.19999694824219,2697924,0.0,0.0
2025-06-25 00:00:00+03:00,117.19999694824219,119.69999694824219,116.5,117.19999694824219,2009927,0.0,0.0
2025-06-26 00:00:00+03:00,116.5999984741211,121.30000305175781,116.5999984741211,120.0,2388435,0.0,0.0
2025-06-27 00:00:00+03:00,120.69999694824219,122.5999984741211,117.30000305175781,120.0999984741211,3535747,0.0,0.0
2025-06-30 00:00:00+03:00,119.80000305175781,124.5,118.5,122.5,4537484,0.0,0.0
2025-07-01 00:00:00+03:00,123.9000015258789,129.0,123.80000305175781,128.39999389648438,3452990,0.0,0.0
2025-07-02 00:00:00+03:00,128.0,130.3000030517578,125.19999694824219,126.0999984741211,2723927,0.0,0.0
2025-07-03 00:00:00+03:00,127.4000015258789,129.3000030517578,126.5999984741211,128.0,2002459,0.0,0.0
2025-07-04 00:00:00+03:00,128.5,128.89999389648438,125.4000015258789,128.10000610351562,1688927,0.0,0.0
2025-07-07 00:00:00+03:00,124.5,125.5,120.0,123.0999984741211,1888356,0.0,0.0
2025-07-08 00:00:00+03:00,123.5999984741211,124.5999984741211,121.4000015258789,122.5999984741211,1074309,0.0,0.0
2025-07-09 00:00:00+03:00,122.30000305175781,125.0,121.80000305175781,125.0,1854141,0.0,0.0
2025-07-10 00:00:00+03:00,125.5999984741211,128.3000030517578,125.5,127.5999984741211,1783380,0.0,0.0
2025-07-11 00:00:00+03:00,128.1999969482422,130.10000610351562,125.9000015258789,126.0999984741211,2580045,0.0,0.0
2025-07-14 00:00:00+03:00,126.0999984741211,126.30000305175781,122.4000015258789,122.69999694824219,1585339,0.0,0.0
2025-07-16 00:00:00+03:00,122.0,125.80000305175781,121.5,124.5,2371551,0.0,0.0
2025-07-17 00:00:00+03:00,124.0999984741211,129.3000030517578,124.0999984741211,128.1999969482422,2657956,0.0,0.0
2025-07-18 00:00:00+03:00,128.0,130.89999389648438,127.0,130.0,2314875,0.0,0.0
2025-07-21 00:00:00+03:00,130.0,132.0,129.60000610351562,130.3000030517578,2424543,0.0,0.0
2025-07-22 00:00:00+03:00,130.5,131.39999389648438,128.60000610351562,128.60000610351562,1972729,0.0,0.0
2025-07-23 00:00:00+03:00,128.10000610351562,128.60000610351562,123.9000015258789,125.69999694824219,3792693,0.0,0.0
2025-07-24 00:00:00+03:00,126.0,128.1999969482422,124.9000015258789,126.5999984741211,2892606,0.0,0.0
2025-07-25 00:00:00+03:00,126.5999984741211,127.5999984741211,125.19999694824219,126.0,2665002,0.0,0.0
2025-07-28 00:00:00+03:00,124.0,124.0999984741211,120.80000305175781,121.30000305175781,4121848,0.0,0.0
2025-07-29 00:00:00+03:00,121.30000305175781,122.5,119.5999984741211,121.5999984741211,2750524,0.0,0.0
2025-07-30 00:00:00+03:00,120.9000015258789,128.5,120.5,125.69999694824219,4570324,0.0,0.0
2025-07-31 00:00:00+03:00,126.0,126.80000305175781,123.9000015258789,125.0999984741211,2692600,0.0,0.0
2025-08-01 00:00:00+03:00,124.69999694824219,128.39999389648438,124.0999984741211,128.0,3497530,0.0,0.0
2025-08-04 00:00:00+03:00,129.39999389648438,133.8000030517578,128.89999389648438,133.1999969482422,4109714,0.0,0.0
2025-08-05 00:00:00+03:00,133.8000030517578,139.0,133.0,137.8000030517578,4827816,0.0,0.0
2025-08-06 00:00:00+03:00,137.8000030517578,138.89999389648438,136.10000610351562,138.0,1803597,0.0,0.0
2025-08-07 00:00:00+03:00,138.10000610351562,140.5,137.1999969482422,138.1999969482422,1890188,0.0,0.0
2025-08-08 00:00:00+03:00,138.3000030517578,139.89999389648438,135.0,136.5,1452169,0.0,0.0
2025-08-11 00:00:00+03:00,136.5,139.5,136.5,137.1999969482422,1241542,0.0,0.0
2025-08-12 00:00:00+03:00,137.0,139.89999389648438,135.39999389648438,138.5,1663620,0.0,0.0
2025-08-13 00:00:00+03:00,138.6999969482422,140.5,138.1999969482422,138.89999389648438,1881996,0.0,0.0
2025-08-14 00:00:00+03:00,138.89999389648438,141.1999969482422,137.89999389648438,139.0,2964823,0.0,0.0
2025-08-15 00:00:00+03:00,138.8000030517578,140.6999969482422,138.0,140.0,1424125,0.0,0.0
2025-08-18 00:00:00+03:00,140.3000030517578,146.60000610351562,139.8000030517578,145.3000030517578,2891361,0.0,0.0
2025-08-19 00:00:00+03:00,145.10000610351562,146.89999389648438,142.8000030517578,143.6999969482422,2301856,0.0,0.0
2025-08-20 00:00:00+03:00,143.3000030517578,145.6999969482422,141.6999969482422,145.10000610351562,1740616,0.0,0.0
2025-08-21 00:00:00+03:00,145.1999969482422,147.39999389648438,144.5,145.6999969482422,1737298,0.0,0.0
2025-08-22 00:00:00+03:00,146.1999969482422,146.89999389648438,143.60000610351562,145.8000030517578,1146479,0.0,0.0
2025-08-25 00:00:00+03:00,147.0,147.5,143.6999969482422,144.6999969482422,2005498,0.0,0.0
2025-08-26 00:00:00+03:00,144.6999969482422,145.60000610351562,142.3000030517578,142.3000030517578,1988825,0.0,0.0
2025-08-27 00:00:00+03:00,143.0,145.89999389648438,141.89999389648438,142.39999389648438,2302954,0.0,0.0
2025-08-28 00:00:00+03:00,142.3000030517578,144.89999389648438,140.8000030517578,141.1999969482422,1889234,0.0,0.0
2025-08-29 00:00:00+03:00,141.5,142.89999389648438,136.10000610351562,137.0,3321013,0.0,0.0
2025-09-01 00:00:00+03:00,137.6999969482422,137.8000030517578,133.10000610351562,135.39999389648438,2189804,0.0,0.0
2025-09-02 00:00:00+03:00,136.0,136.3000030517578,126.4000015258789,129.6999969482422,2989264,0.0,0.0
2025-09-03 00:00:00+03:00,129.6999969482422,129.8000030517578,125.5,126.5,2195040,0.0,0.0
2025-09-04 00:00:00+03:00,127.0999984741211,128.5,126.0999984741211,127.69999694824219,2875251,0.0,0.0
2025-09-05 00:00:00+03:00,128.0,128.60000610351562,125.4000015258789,125.4000015258789,2296747,0.0,0.0
2025-09-08 00:00:00+03:00,124.80000305175781,124.80000305175781,121.4000015258789,122.5999984741211,1982269,0.0,0.0
2025-09-09 00:00:00+03:00,122.5999984741211,126.19999694824219,121.5,121.80000305175781,3294301,0.0,0.0
2025-09-10 00:00:00+03:00,123.0,126.9000015258789,121.4000015258789,126.19999694824219,2825212,0.0,0.0
2025-09-11 00:00:00+03:00,126.19999694824219,127.30000305175781,121.9000015258789,121.9000015258789,2093007,0.0,0.0
2025-09-12 00:00:00+03:00,121.9000015258789,124.9000015258789,120.30000305175781,123.4000015258789,1633731,0.0,0.0
2025-09-15 00:00:00+03:00,123.69999694824219,132.1999969482422,121.69999694824219,131.89999389648438,3720741,0.0,0.0
2025-09-16 00:00:00+03:00,132.39999389648438,137.1999969482422,129.6999969482422,136.0,3685411,0.0,0.0
2025-09-17 00:00:00+03:00,136.0,137.1999969482422,134.1999969482422,135.39999389648438,2121867,0.0,0.0
2025-09-18 00:00:00+03:00,135.6999969482422,138.10000610351562,133.3000030517578,133.39999389648438,1857698,0.0,0.0
2025-09-19 00:00:00+03:00,133.39999389648438,136.5,133.3000030517578,136.5,2180936,0.0,0.0
2025-09-22 00:00:00+03:00,139.6999969482422,140.8000030517578,134.60000610351562,136.0,3684514,0.0,0.0
2025-09-23 00:00:00+03:00,133.8000030517578,136.6999969482422,133.60000610351562,135.1999969482422,2731009,0.0,0.0
2025-09-24 00:00:00+03:00,135.0,135.6999969482422,132.3000030517578,133.6999969482422,1568372,0.0,0.0
2025-09-25 00:00:00+03:00,134.10000610351562,135.89999389648438,130.5,132.6999969482422,3105115,0.0,0.0
2025-09-26 00:00:00+03:00,132.5,133.1999969482422,129.10000610351562,129.10000610351562,1767830,0.0,0.0
2025-09-29 00:00:00+03:00,129.10000610351562,131.39999389648438,126.5999984741211,126.5999984741211,2067241,0.0,0.0
2025-09-30 00:00:00+03:00,127.19999694824219,128.6999969482422,126.19999694824219,126.5,4704783,0.0,0.0
2025-10-01 00:00:00+03:00,126.80000305175781,127.19999694824219,119.69999694824219,121.5999984741211,12682139,0.0,0.0
2025-10-02 00:00:00+03:00,122.0,122.5,118.0,120.0999984741211,5650563,0.0,0.0
2025-10-03 00:00:00+03:00,120.30000305175781,120.5,117.0,117.0,2281851,0.0,0.0
2025-10-06 00:00:00+03:00,117.5999984741211,118.30000305175781,115.80000305175781,117.0999984741211,2118323,0.0,0.0
2025-10-07 00:00:00+03:00,117.19999694824219,117.5,115.4000015258789,116.5,3303176,0.0,0.0
2025-10-08 00:00:00+03:00,116.9000015258789,121.0999984741211,116.0999984741211,116.19999694824219,5227109,0.0,0.0
2025-10-09 00:00:00+03:00,117.30000305175781,118.5999984741211,113.19999694824219,114.19999694824219,4386440,0.0,0.0
2025-10-10 00:00:00+03:00,114.5,114.5999984741211,112.30000305175781,113.5,3989996,0.0,0.0
2025-10-13 00:00:00+03:00,112.4000015258789,113.30000305175781,111.0999984741211,111.4000015258789,2948492,0.0,0.0
2025-10-14 00:00:00+03:00,111.69999694824219,112.19999694824219,108.0,108.5,3557105,0.0,0.0
2025-10-15 00:00:00+03:00,108.69999694824219,110.19999694824219,107.30000305175781,109.0999984741211,5098186,0.0,0.0
2025-10-16 00:00:00+03:00,109.5,110.0999984741211,106.4000015258789,106.9000015258789,5507692,0.0,0.0
2025-10-17 00:00:00+03:00,106.4000015258789,107.5999984741211,103.9000015258789,105.80000305175781,3686899,0.0,0.0
2025-10-20 00:00:00+03:00,106.4000015258789,107.5999984741211,103.30000305175781,107.5,5731986,0.0,0.0
2025-10-21 00:00:00+03:00,108.19999694824219,108.30000305175781,105.9000015258789,106.5999984741211,3999619,0.0,0.0
2025-10-22 00:00:00+03:00,106.9000015258789,108.0,105.0999984741211,105.80000305175781,5896814,0.0,0.0
2025-10-23 00:00:00+03:00,106.0,107.19999694824219,105.4000015258789,106.0999984741211,4360262,0.0,0.0
2025-10-24 00:00:00+03:00,107.4000015258789,112.0,106.5999984741211,111.4000015258789,8129773,0.0,0.0
2025-10-27 00:00:00+03:00,110.5999984741211,111.69999694824219,109.19999694824219,109.5999984741211,4621097,0.0,0.0
2025-10-28 00:00:00+03:00,109.30000305175781,109.30000305175781,107.30000305175781,107.9000015258789,2157564,0.0,0.0
2025-10-30 00:00:00+03:00,107.9000015258789,108.5999984741211,106.80000305175781,107.5999984741211,3700033,0.0,0.0
2025-10-31 00:00:00+03:00,107.19999694824219,110.9000015258789,106.69999694824219,110.5999984741211,4828610,0.0,0.0
2025-11-03 00:00:00+03:00,111.9000015258789,114.9000015258789,111.9000015258789,113.0,4804910,0.0,0.0
2025-11-04 00:00:00+03:00,113.0,113.9000015258789,111.5,112.0999984741211,2692274,0.0,0.0
2025-11-05 00:00:00+03:00,112.19999694824219,114.0,111.0999984741211,112.69999694824219,3147025,0.0,0.0
2025-11-06 00:00:00+03:00,113.19999694824219,113.5,111.69999694824219,112.0999984741211,2564306,0.0,0.0
2025-11-07 00:00:00+03:00,112.0999984741211,112.19999694824219,107.19999694824219,108.30000305175781,4128867,0.0,0.0
2025-11-10 00:00:00+03:00,109.0,109.4000015258789,106.5999984741211,107.30000305175781,3079581,0.0,0.0
2025-11-11 00:00:00+03:00,107.19999694824219,107.9000015258789,101.9000015258789,104.5,3551513,0.0,0.0
2025-11-12 00:00:00+03:00,105.5,106.0999984741211,103.4000015258789,103.5999984741211,2736316,0.0,0.0
2025-11-13 00:00:00+03:00,103.5999984741211,105.0999984741211,103.4000015258789,104.5,3222797,0.0,0.0
2025-11-14 00:00:00+03:00,104.5999984741211,105.0,102.80000305175781,104.19999694824219,2148259,0.0,0.0
2025-11-17 00:00:00+03:00,104.5999984741211,106.80000305175781,104.5999984741211,105.9000015258789,2071976,0.0,0.0
2025-11-18 00:00:00+03:00,105.0,106.5999984741211,103.5999984741211,104.5999984741211,2188695,0.0,0.0
2025-11-19 00:00:00+03:00,105.0999984741211,106.69999694824219,104.69999694824219,106.0999984741211,2920825,0.0,0.0
2025-11-20 00:00:00+03:00,106.80000305175781,107.69999694824219,106.0999984741211,106.9000015258789,2044963,0.0,0.0
2025-11-21 00:00:00+03:00,106.0999984741211,107.5,105.5999984741211,107.5,2008773,0.0,0.0
2025-11-24 00:00:00+03:00,108.0,108.5,106.0,106.69999694824219,3078330,0.0,0.0
2025-11-25 00:00:00+03:00,106.9000015258789,108.19999694824219,105.80000305175781,106.0,3264762,0.0,0.0
2025-11-26 00:00:00+03:00,106.19999694824219,106.30000305175781,104.9000015258789,105.5,2926124,0.0,0.0
2025-11-27 00:00:00+03:00,106.19999694824219,108.0,105.4000015258789,105.80000305175781,3830971,0.0,0.0
2025-11-28 00:00:00+03:00,105.80000305175781,107.4000015258789,105.0,105.69999694824219,4663946,0.0,0.0
2025-12-01 00:00:00+03:00,105.69999694824219,109.19999694824219,105.19999694824219,109.19999694824219,3228720,0.0,0.0
2025-12-02 00:00:00+03:00,109.19999694824219,110.0,107.69999694824219,108.5999984741211,1955006,0.0,0.0
2025-12-03 00:00:00+03:00,109.0999984741211,110.9000015258789,106.69999694824219,106.80000305175781,3306713,0.0,0.0
2025-12-04 00:00:00+03:00,107.0,107.5999984741211,104.19999694824219,104.5,2830530,0.0,0.0
2025-12-05 00:00:00+03:00,104.0,106.5,103.80000305175781,105.69999694824219,2520039,0.0,0.0
2025-12-08 00:00:00+03:00,106.0999984741211,109.0999984741211,106.0999984741211,108.30000305175781,2055539,0.0,0.0
2025-12-09 00:00:00+03:00,108.4000015258789,108.80000305175781,106.5,107.0,1670035,0.0,0.0
2025-12-10 00:00:00+03:00,107.0999984741211,108.9000015258789,106.5,106.80000305175781,2169680,0.0,0.0
2025-12-11 00:00:00+03:00,107.30000305175781,109.0,107.19999694824219,108.4000015258789,2752265,0.0,0.0
2025-12-12 00:00:00+03:00,108.80000305175781,110.69999694824219,108.5,109.30000305175781,2869600,0.0,0.0
2025-12-15 00:00:00+03:00,110.0999984741211,111.19999694824219,108.9000015258789,109.69999694824219,2636494,0.0,0.0
2025-12-16 00:00:00+03:00,109.5999984741211,110.0999984741211,107.30000305175781,107.9000015258789,1922724,0.0,0.0
2025-12-17 00:00:00+03:00,107.69999694824219,108.5,107.0999984741211,107.5999984741211,1487624,0.0,0.0
2025-12-18 00:00:00+03:00,108.5,109.0,107.30000305175781,108.4000015258789,1991801,0.0,0.0
2025-12-19 00:00:00+03:00,108.5,108.5,106.80000305175781,107.69999694824219,1515238,0.0,0.0
2025-12-22 00:00:00+03:00,110.4000015258789,111.0999984741211,105.4000015258789,105.69999694824219,5377419,0.0,0.0
2025-12-23 00:00:00+03:00,106.4000015258789,106.4000015258789,102.5999984741211,104.4000015258789,4427913,0.0,0.0
2025-12-24 00:00:00+03:00,104.4000015258789,108.0,104.4000015258789,107.80000305175781,3562192,0.0,0.0
2025-12-25 00:00:00+03:00,108.30000305175781,108.4000015258789,106.9000015258789,108.19999694824219,1058723,0.0,0.0
2025-12-26 00:00:00+03:00,108.4000015258789,108.4000015258789,105.80000305175781,107.30000305175781,1432004,0.0,0.0
2025-12-29 00:00:00+03:00,107.0999984741211,107.0999984741211,102.5999984741211,102.69999694824219,3633573,0.0,0.0
2025-12-30 00:00:00+03:00,103.19999694824219,103.4000015258789,99.6500015258789,101.5,6244437,0.0,0.0
2025-12-31 00:00:00+03:00,101.4000015258789,102.5,101.0,101.0,2076949,0.0,0.0
2026-01-02 00:00:00+03:00,102.0999984741211,104.9000015258789,101.5999984741211,104.9000015258789,2297070,0.0,0.0
2026-01-05 00:00:00+03:00,105.30000305175781,107.30000305175781,104.4000015258789,107.0,2844569,0.0,0.0
2026-01-06 00:00:00+03:00,106.9000015258789,111.80000305175781,106.0999984741211,110.0999984741211,5459006,0.0,0.0
2026-01-07 00:00:00+03:00,110.19999694824219,112.19999694824219,109.5999984741211,109.9000015258789,5521809,0.0,0.0
2026-01-08 00:00:00+03:00,109.9000015258789,112.30000305175781,108.5,111.5,5119495,0.0,0.0
2026-01-09 00:00:00+03:00,111.80000305175781,112.19999694824219,108.30000305175781,109.19999694824219,4017499,0.0,0.0
2026-01-12 00:00:00+03:00,109.5,110.69999694824219,107.69999694824219,109.69999694824219,3092188,0.0,0.0
2026-01-13 00:00:00+03:00,109.69999694824219,113.0,109.19999694824219,112.19999694824219,5119864,0.0,0.0
2026-01-14 00:00:00+03:00,112.5,114.69999694824219,111.4000015258789,111.5,4766471,0.0,0.0
2026-01-15 00:00:00+03:00,111.0999984741211,112.4000015258789,108.30000305175781,111.19999694824219,5578679,0.0,0.0
2026-01-16 00:00:00+03:00,111.19999694824219,114.9000015258789,111.19999694824219,114.4000015258789,4192470,0.0,0.0
2026-01-19 00:00:00+03:00,116.0,116.19999694824219,113.69999694824219,114.30000305175781,4720705,0.0,0.0
2026-01-20 00:00:00+03:00,114.0999984741211,114.0999984741211,109.80000305175781,110.19999694824219,4836257,0.0,0.0
2026-01-21 00:00:00+03:00,110.19999694824219,111.0,108.69999694824219,110.0,3213800,0.0,0.0
2026-01-22 00:00:00+03:00,111.0,112.19999694824219,109.69999694824219,112.0,4065013,0.0,0.0
2026-01-23 00:00:00+03:00,112.69999694824219,115.4000015258789,112.30000305175781,114.4000015258789,4785030,0.0,0.0
2026-01-26 00:00:00+03:00,114.19999694824219,114.69999694824219,112.69999694824219,114.5,3194157,0.0,0.0
2026-01-27 00:00:00+03:00,115.0,116.0999984741211,112.19999694824219,113.0,5684151,0.0,0.0
2026-01-28 00:00:00+03:00,113.0,114.9000015258789,113.0,114.0,5586275,0.0,0.0
2026-01-29 00:00:00+03:00,114.0999984741211,117.4000015258789,113.69999694824219,116.69999694824219,9019748,0.0,0.0
2026-01-30 00:00:00+03:00,116.9000015258789,117.80000305175781,113.0999984741211,114.0,8126936,0.0,0.0
2026-02-02 00:00:00+03:00,113.5,115.5999984741211,111.0999984741211,115.0,6261165,0.0,0.0
2026-02-03 00:00:00+03:00,115.5,118.80000305175781,115.19999694824219,118.19999694824219,7208582,0.0,0.0
2026-02-04 00:00:00+03:00,119.0,122.80000305175781,117.5999984741211,120.5,9886859,0.0,0.0
2026-02-05 00:00:00+03:00,120.5,124.0999984741211,119.30000305175781,121.0,9211107,0.0,0.0
2026-02-06 00:00:00+03:00,121.0,123.4000015258789,117.5,123.0,6528538,0.0,0.0
2026-02-09 00:00:00+03:00,126.0,126.5,124.19999694824219,124.69999694824219,4834750,0.0,0.0
2026-02-10 00:00:00+03:00,124.69999694824219,124.80000305175781,122.30000305175781,123.0,2979162,0.0,0.0
2026-02-11 00:00:00+03:00,122.0,124.19999694824219,121.69999694824219,122.69999694824219,4301436,0.0,0.0
2026-02-12 00:00:00+03:00,123.0999984741211,132.0,123.0999984741211,131.3000030517578,6664457,0.0,0.0
2026-02-13 00:00:00+03:00,132.3000030517578,132.5,128.8000030517578,132.39999389648438,4261442,0.0,0.0
2026-02-16 00:00:00+03:00,132.6999969482422,135.39999389648438,132.5,135.3000030517578,3613892,0.0,0.0
2026-02-17 00:00:00+03:00,134.6999969482422,136.0,131.6999969482422,131.89999389648438,3561239,0.0,0.0
2026-02-18 00:00:00+03:00,131.89999389648438,133.39999389648438,126.80000305175781,127.9000015258789,5245970,0.0,0.0
2026-02-19 00:00:00+03:00,127.5999984741211,127.69999694824219,120.0,120.80000305175781,4255558,0.0,0.0
2026-02-20 00:00:00+03:00,120.4000015258789,121.5999984741211,119.30000305175781,120.5,2708809,0.0,0.0
2026-02-23 00:00:00+03:00,121.0999984741211,124.9000015258789,120.80000305175781,124.4000015258789,3735666,0.0,0.0
2026-02-24 00:00:00+03:00,124.4000015258789,124.4000015258789,120.19999694824219,121.0,2853950,0.0,0.0
2026-02-25 00:00:00+03:00,121.4000015258789,121.80000305175781,118.0,118.80000305175781,2549977,0.0,0.0
2026-02-26 00:00:00+03:00,118.80000305175781,119.80000305175781,117.69999694824219,118.5999984741211,2672692,0.0,0.0
2026-02-27 00:00:00+03:00,119.30000305175781,119.9000015258789,114.5,115.19999694824219,3888551,0.0,0.0
2026-03-02 00:00:00+03:00,109.5,113.9000015258789,108.0,110.9000015258789,2644514,0.0,0.0
2026-03-03 00:00:00+03:00,110.9000015258789,113.5999984741211,108.69999694824219,109.0999984741211,2379720,0.0,0.0
2026-03-04 00:00:00+03:00,109.0999984741211,112.30000305175781,107.9000015258789,111.4000015258789,2707594,0.0,0.0
2026-03-05 00:00:00+03:00,115.0,115.19999694824219,111.80000305175781,112.19999694824219,1331256,0.0,0.0
2026-03-06 00:00:00+03:00,113.0,113.80000305175781,108.5,109.0,1447708,0.0,0.0
2026-03-09 00:00:00+03:00,106.0,108.0999984741211,104.19999694824219,107.5999984741211,2244723,0.0,0.0
2026-03-10 00:00:00+03:00,111.80000305175781,114.30000305175781,110.0,114.0,1765666,0.0,0.0
2026-03-11 00:00:00+03:00,114.19999694824219,115.9000015258789,110.9000015258789,113.0999984741211,1483431,0.0,0.0
2026-03-12 00:00:00+03:00,111.9000015258789,115.0999984741211,111.0,111.80000305175781,1845324,0.0,0.0
2026-03-13 00:00:00+03:00,112.80000305175781,113.4000015258789,110.30000305175781,111.80000305175781,1831562,0.0,0.0
2026-03-16 00:00:00+03:00,112.4000015258789,114.0,111.0999984741211,113.0,1588659,0.0,0.0
2026-03-17 00:00:00+03:00,112.69999694824219,115.0,112.69999694824219,114.80000305175781,1548669,0.0,0.0
2026-03-18 00:00:00+03:00,115.0,115.9000015258789,112.5,113.0,1762274,0.0,0.0
2026-03-19 00:00:00+03:00,112.9000015258789,117.0,112.69999694824219,117.0,1480646,0.0,0.0
2026-03-23 00:00:00+03:00,113.0,116.5,109.80000305175781,116.0999984741211,2722242,0.0,0.0
2026-03-24 00:00:00+03:00,115.9000015258789,117.0999984741211,113.9000015258789,114.0,1510877,0.0,0.0
2026-03-25 00:00:00+03:00,115.80000305175781,116.19999694824219,113.19999694824219,114.5,2337085,0.0,0.0
2026-03-26 00:00:00+03:00,113.5999984741211,114.0,111.30000305175781,111.30000305175781,2177361,0.0,0.0
2026-03-27 00:00:00+03:00,111.9000015258789,112.30000305175781,109.69999694824219,110.5,1197200,0.0,0.0
2026-03-30 00:00:00+03:00,110.19999694824219,112.0999984741211,108.0,108.0,1542228,0.0,0.0
2026-03-31 00:00:00+03:00,108.0999984741211,109.69999694824219,106.0,108.5999984741211,3386262,0.0,0.0
2026-04-01 00:00:00+03:00,110.19999694824219,111.4000015258789,108.80000305175781,110.19999694824219,2411584,0.0,0.0
2026-04-02 00:00:00+03:00,108.9000015258789,111.0999984741211,108.0,110.80000305175781,1285267,0.0,0.0
2026-04-03 00:00:00+03:00,110.9000015258789,111.0,108.80000305175781,109.5999984741211,938348,0.0,0.0
2026-04-06 00:00:00+03:00,109.5999984741211,110.80000305175781,109.5,110.4000015258789,1261516,0.0,0.0
2026-04-07 00:00:00+03:00,110.5,110.9000015258789,106.9000015258789,106.9000015258789,1349251,0.0,0.0
2026-04-08 00:00:00+03:00,110.5,113.69999694824219,110.5,111.9000015258789,2662479,0.0,0.0
2026-04-09 00:00:00+03:00,112.0,113.5,110.5,113.4000015258789,1942958,0.0,0.0
2026-04-10 00:00:00+03:00,116.5999984741211,118.30000305175781,115.19999694824219,117.30000305175781,4178260,0.0,0.0
2026-04-13 00:00:00+03:00,115.0,120.80000305175781,114.5,119.19999694824219,4351460,0.0,0.0
2026-04-14 00:00:00+03:00,120.80000305175781,121.0,116.5999984741211,117.80000305175781,3126045,0.0,0.0
2026-04-15 00:00:00+03:00,118.0,119.19999694824219,117.5999984741211,118.5999984741211,1211663,0.0,0.0
2026-04-16 00:00:00+03:00,118.9000015258789,120.4000015258789,115.5,116.0,1968346,0.0,0.0
2026-04-17 00:00:00+03:00,115.9000015258789,119.30000305175781,114.9000015258789,118.69999694824219,2827250,0.0,0.0
2026-04-20 00:00:00+03:00,116.19999694824219,117.19999694824219,116.0999984741211,116.4000015258789,1646708,0.0,0.0
2026-04-21 00:00:00+03:00,120.0,120.5,116.5,116.5999984741211,3913556,0.0,0.0
2026-04-22 00:00:00+03:00,116.9000015258789,117.30000305175781,114.4000015258789,115.19999694824219,1517402,0.0,0.0
2026-04-24 00:00:00+03:00,113.30000305175781,119.9000015258789,112.4000015258789,117.19999694824219,7498629,0.0,0.0
2026-04-27 00:00:00+03:00,117.19999694824219,118.19999694824219,116.0,116.5,2698151,0.0,0.0
2026-04-28 00:00:00+03:00,116.4000015258789,117.30000305175781,114.0999984741211,115.0999984741211,2233067,0.0,0.0
2026-04-29 00:00:00+03:00,115.4000015258789,115.69999694824219,111.80000305175781,112.30000305175781,2187189,0.0,0.0
2026-04-30 00:00:00+03:00,111.5,112.69999694824219,110.80000305175781,111.9000015258789,2628629,0.0,0.0
2026-05-04 00:00:00+03:00,112.19999694824219,112.5999984741211,109.30000305175781,110.0,1534742,0.0,0.0
2026-05-05 00:00:00+03:00,110.0,111.80000305175781,109.30000305175781,111.30000305175781,2111803,0.0,0.0
2026-05-06 00:00:00+03:00,112.0,114.5999984741211,111.9000015258789,113.5,4675445,0.0,0.0
2026-05-07 00:00:00+03:00,113.5,115.69999694824219,113.5,115.0,2575795,0.0,0.0
2026-05-08 00:00:00+03:00,114.69999694824219,115.4000015258789,113.4000015258789,114.19999694824219,1833627,0.0,0.0
2026-05-11 00:00:00+03:00,113.69999694824219,116.69999694824219,112.5999984741211,116.4000015258789,2371470,0.0,0.0
2026-05-12 00:00:00+03:00,117.0,117.69999694824219,114.4000015258789,114.69999694824219,3772840,0.0,0.0
2026-05-13 00:00:00+03:00,115.5,115.9000015258789,113.19999694824219,113.4000015258789,1912014,0.0,0.0
2026-05-14 00:00:00+03:00,113.69999694824219,114.9000015258789,112.0,112.0999984741211,1389477,0.0,0.0
2026-05-15 00:00:00+03:00,112.0,112.0,110.0999984741211,110.9000015258789,1613981,0.0,0.0
2026-05-18 00:00:00+03:00,110.5999984741211,110.9000015258789,107.30000305175781,107.30000305175781,2030590,0.0,0.0
2026-05-20 00:00:00+03:00,107.5,108.5,106.5999984741211,107.69999694824219,1204969,0.0,0.0
2026-05-21 00:00:00+03:00,107.69999694824219,107.9000015258789,102.0,102.0,2332471,0.0,0.0
2026-05-22 00:00:00+03:00,101.80000305175781,105.4000015258789,100.4000015258789,104.0999984741211,4527015,0.0,0.0
2026-05-25 00:00:00+03:00,104.0999984741211,105.5999984741211,103.5,105.0,2430071,0.0,0.0
2026-05-26 00:00:00+03:00,105.0,105.4000015258789,103.69999694824219,103.69999694824219,903766,0.0,0.0
2026-05-27 00:00:00+03:00,103.69999694824219,103.69999694824219,103.69999694824219,103.69999694824219,0,0.0,0.0
2026-05-28 00:00:00+03:00,103.69999694824219,103.69999694824219,103.69999694824219,103.69999694824219,0,0.0,0.0
2026-05-29 00:00:00+03:00,103.69999694824219,103.69999694824219,103.69999694824219,103.69999694824219,0,0.0,0.0
2026-06-01 00:00:00+03:00,103.9000015258789,106.0,103.5,104.0,2052800,0.0,0.0
2026-06-02 00:00:00+03:00,104.19999694824219,107.69999694824219,104.19999694824219,107.69999694824219,1798787,0.0,0.0
2026-06-03 00:00:00+03:00,106.69999694824219,107.0999984741211,105.4000015258789,105.69999694824219,1205754,0.0,0.0
2026-06-04 00:00:00+03:00,106.0,106.80000305175781,103.5999984741211,105.5,1812921,0.0,0.0
2026-06-05 00:00:00+03:00,105.19999694824219,105.5,103.30000305175781,103.30000305175781,1207843,0.0,0.0
2026-06-08 00:00:00+03:00,101.5,103.9000015258789,101.4000015258789,103.19999694824219,1579022,0.0,0.0
2026-06-09 00:00:00+03:00,103.5999984741211,103.9000015258789,102.5,102.5,1136410,0.0,0.0
2026-06-10 00:00:00+03:00,102.5,102.9000015258789,101.30000305175781,102.0,1025826,0.0,0.0
2026-06-11 00:00:00+03:00,101.5,102.9000015258789,101.0,101.5,1101043,0.0,0.0
2026-06-12 00:00:00+03:00,103.0999984741211,104.69999694824219,101.30000305175781,102.9000015258789,1605243,0.0,0.0
2026-06-15 00:00:00+03:00,106.0999984741211,106.9000015258789,105.0,106.0999984741211,2260483,0.0,0.0
2026-06-16 00:00:00+03:00,106.0999984741211,107.4000015258789,104.69999694824219,105.5,1728712,0.0,0.0
2026-06-17 00:00:00+03:00,105.5,105.80000305175781,103.0,103.5999984741211,1527829,0.0,0.0
2026-06-18 00:00:00+03:00,103.5999984741211,104.9000015258789,102.5,103.80000305175781,3106791,0.0,0.0
2026-06-19 00:00:00+03:00,103.80000305175781,105.19999694824219,102.0999984741211,103.5,3903150,0.0,0.0
2026-06-22 00:00:00+03:00,103.69999694824219,104.5,102.80000305175781,103.0999984741211,2026388,0.0,0.0
2026-06-23 00:00:00+03:00,102.0999984741211,103.0,101.0,101.4000015258789,1942400,0.0,0.0
2026-06-24 00:00:00+03:00,101.0,101.5999984741211,99.5999984741211,100.80000305175781,2251741,0.0,0.0
2026-06-25 00:00:00+03:00,101.19999694824219,103.0,100.0999984741211,100.0999984741211,1922889,0.0,0.0
2026-06-26 00:00:00+03:00,100.19999694824219,104.80000305175781,100.19999694824219,104.0999984741211,3390775,0.0,0.0
2026-06-29 00:00:00+03:00,103.80000305175781,104.4000015258789,101.5,101.5999984741211,2330001,0.0,0.0
2026-06-30 00:00:00+03:00,101.4000015258789,102.0,99.19999694824219,99.3499984741211,3200419,0.0,0.0
2026-07-01 00:00:00+03:00,99.4000015258789,100.30000305175781,98.55000305175781,99.80000305175781,1740207,0.0,0.0
2026-07-02 00:00:00+03:00,99.80000305175781,100.5,99.4000015258789,99.75,1065303,0.0,0.0
2026-07-03 00:00:00+03:00,99.8499984741211,101.30000305175781,99.69999694824219,100.19999694824219,1187909,0.0,0.0
2026-07-06 00:00:00+03:00,101.5999984741211,102.69999694824219,99.44999694824219,99.5999984741211,1423670,0.0,0.0
2026-07-07 00:00:00+03:00,99.30000305175781,99.94999694824219,98.5999984741211,98.80000305175781,1261296,0.0,0.0
2026-07-08 00:00:00+03:00,98.19999694824219,98.55000305175781,96.6500015258789,96.80000305175781,1564427,0.0,0.0
2026-07-09 00:00:00+03:00,96.5,97.1500015258789,96.0,96.5,966441,0.0,0.0
2026-07-10 00:00:00+03:00,96.0999984741211,100.0,96.0999984741211,98.9000015258789,1875554,0.0,0.0
2026-07-13 00:00:00+03:00,98.19999694824219,98.8499984741211,97.5,97.5,594269,0.0,0.0
2026-07-14 00:00:00+03:00,97.30000305175781,98.19999694824219,97.05000305175781,97.94999694824219,686082,0.0,0.0
2026-07-16 00:00:00+03:00,97.9000015258789,99.6500015258789,97.9000015258789,98.8499984741211,1086025,0.0,0.0
2026-07-17 00:00:00+03:00,98.1500015258789,98.8499984741211,97.19999694824219,97.5999984741211,930881,0.0,0.0
2026-07-20 00:00:00+03:00,97.5999984741211,99.69999694824219,97.30000305175781,98.44999694824219,995373,0.0,0.0
2026-07-21 00:00:00+03:00,98.55000305175781,99.8499984741211,97.94999694824219,98.5999984741211,1253225,0.0,0.0
2026-07-22 00:00:00+03:00,98.9000015258789,99.25,97.9000015258789,98.55000305175781,1137111,0.0,0.0
2026-07-23 00:00:00+03:00,99.0,101.69999694824219,98.6500015258789,99.0,2284870,0.0,0.0
2026-07-24 00:00:00+03:00,98.55000305175781,99.6500015258789,98.25,99.0,982015,0.0,0.0
2026-07-27 00:00:00+03:00,99.55000305175781,100.5999984741211,99.0,99.30000305175781,1324515,0.0,0.0
2026-07-28 00:00:00+03:00,99.30000305175781,101.80000305175781,97.30000305175781,97.5,2605306,0.0,0.0
2026-07-29 00:00:00+03:00,97.44999694824219,100.0999984741211,97.4000015258789,98.3499984741211,2235831,0.0,0.0
2026-07-30 00:00:00+03:00,99.0,100.5,96.55000305175781,96.9000015258789,2527992,0.0,0.0
2026-08-03 00:00:00+03:00,97.69999694824219,98.75,96.0,96.4000015258789,1259764,0.0,0.0
2026-08-04 00:00:00+03:00,96.0999984741211,97.75,96.0999984741211,97.44999694824219,862701,0.0,0.0
2026-08-05 00:00:00+03:00,97.0999984741211,98.0999984741211,96.55000305175781,98.0999984741211,938791,0.0,0.0
2026-08-06 00:00:00+03:00,99.4000015258789,100.80000305175781,97.9000015258789,98.0,1835318,0.0,0.0
2026-08-07 00:00:00+03:00,98.0,98.5,96.80000305175781,97.9000015258789,891136,0.0,0.0
2026-08-10 00:00:00+03:00,97.9000015258789,99.0,97.44999694824219,97.44999694824219,717217,0.0,0.0
2026-08-11 00:00:00+03:00,97.30000305175781,97.4000015258789,96.1500015258789,97.0,1055145,0.0,0.0
2026-08-12 00:00:00+03:00,96.5,97.55000305175781,96.0999984741211,97.1500015258789,1559122,0.0,0.0
