date,open,high,low,close,volume,dividends,stock_splits
2020-08-14 00:00:00+03:00,3.9799986172275346,4.090720073960385,3.905186891555786,3.905186891555786,2792349,0.0,0.0
2020-08-17 00:00:00+03:00,3.905186891555786,4.288224022874205,3.725638236250277,3.905186891555786,14318067,0.0,0.0
2020-08-18 00:00:00+03:00,3.8842389063201685,4.054810342899282,3.8513222949641337,3.905186891555786,5205948,0.0,0.0
2020-08-19 00:00:00+03:00,3.920148378035994,3.9770060905711775,3.9081788965519193,3.929126024246216,2867652,0.0,0.0
2020-08-20 00:00:00+03:00,3.9500736948882786,4.0398480094834825,3.911170849780475,3.9650354385375977,4681002,0.0,0.0
2020-08-21 00:00:00+03:00,3.985983734637557,4.1595474231904115,3.965035750799062,4.039848327636719,7897371,0.0,0.0
2020-08-24 00:00:00+03:00,4.144584347285013,4.294208643113718,4.093712874366273,4.18947172164917,7727958,0.0,0.0
2020-08-25 00:00:00+03:00,4.231366716026163,4.24333619703848,3.8962092615052346,3.9919676780700684,5444034,0.0,0.0
2020-08-26 00:00:00+03:00,4.006931184782085,4.045833179928843,3.9201486914051578,3.95306658744812,2933877,0.0,0.0
2020-08-27 00:00:00+03:00,3.9859843675469406,4.048826616729821,3.9650363803822466,4.015908718109131,2258571,0.0,0.0
2020-08-28 00:00:00+03:00,4.027877871203259,4.069772553411387,3.926133642983518,3.974012851715088,2403777,0.0,0.0
2020-08-31 00:00:00+03:00,3.9650359426709323,4.003938792725028,3.8722693531666232,3.8902242183685303,2431380,0.0,0.0
2020-09-01 00:00:00+03:00,3.9051867689731243,3.914164415495475,3.8034421060826435,3.8513221740722656,2355759,0.0,0.0
2020-09-02 00:00:00+03:00,3.8692767062309654,3.9949607501891697,3.8602994885585207,3.9111709594726562,3889782,0.0,0.0
2020-09-03 00:00:00+03:00,3.950074269421044,3.982990880777079,3.8573068220632227,3.905186891555786,3382710,0.0,0.0
2020-09-04 00:00:00+03:00,3.893216283021087,3.9859837239428964,3.8602996739487376,3.932119131088257,3132096,0.0,0.0
2020-09-07 00:00:00+03:00,3.9590514750705212,4.081742841751817,3.947081136678598,4.045833110809326,3117666,0.0,0.0
2020-09-08 00:00:00+03:00,4.1206454700849,4.144584433266225,4.000945517245435,4.021893501281738,3393567,0.0,0.0
2020-09-09 00:00:00+03:00,4.024885323675368,4.060795048746134,3.994960552783063,4.0039381980896,3333138,0.0,0.0
2020-09-10 00:00:00+03:00,4.051817743237326,4.219396902365619,4.009923060474684,4.1236371994018555,11309025,0.0,0.0
2020-09-11 00:00:00+03:00,4.144583868304402,4.1715163754259095,4.039847815099429,4.057802677154541,3990366,0.0,0.0
2020-09-14 00:00:00+03:00,4.090719504158074,4.147577212535,4.072764641128482,4.081742286682129,2712834,0.0,0.0
2020-09-15 00:00:00+03:00,4.099697418311561,4.195457122154306,3.9979531878112327,4.105682373046875,7832859,0.0,0.0
2020-09-16 00:00:00+03:00,4.132614828839201,4.24034401265269,4.1026904836354,4.20742654800415,7174605,0.0,0.0
2020-09-17 00:00:00+03:00,4.2074265993785955,4.375005759879069,4.195457117997557,4.357050895690918,10492350,0.0,0.0
2020-09-18 00:00:00+03:00,4.369020359676956,4.389968343262989,4.2164038006464395,4.240344047546387,4568427,0.0,0.0
2020-09-21 00:00:00+03:00,4.234359358185393,4.2642845616661464,4.024885930364394,4.066781044006348,3609777,0.0,0.0
2020-09-22 00:00:00+03:00,4.099697418311561,4.249321714772128,4.039848299036156,4.105682373046875,7675179,0.0,0.0
2020-09-23 00:00:00+03:00,4.129622349389302,4.252313699382545,4.123636966968571,4.1834869384765625,6552690,0.0,0.0
2020-09-24 00:00:00+03:00,4.138599922999018,4.246329099300821,4.108674295648685,4.219396591186523,3625812,0.0,0.0
2020-09-25 00:00:00+03:00,4.255306656109783,4.330118376026795,4.204434326980923,4.309171676635742,7558140,0.0,0.0
2020-09-28 00:00:00+03:00,4.339096103283155,4.46178789130404,4.264284381967134,4.372013568878174,13805238,0.0,0.0
2020-09-29 00:00:00+03:00,4.410915337536199,4.533607547412816,4.354058483588694,4.42887020111084,15990990,0.0,0.0
2020-09-30 00:00:00+03:00,4.503681587896267,4.731110699295442,4.503681587896267,4.539591312408447,17042598,0.0,0.0
2020-10-01 00:00:00+03:00,4.5725088558241085,4.593455981459265,4.366028150219225,4.369019985198975,6388287,0.0,0.0
2020-10-02 00:00:00+03:00,4.3630363127781875,4.425878123891597,4.33011841939135,4.389968395233154,2552517,0.0,0.0
2020-10-05 00:00:00+03:00,4.413907788970888,4.713156384130432,4.401938307488457,4.689216136932373,12007713,0.0,0.0
2020-10-06 00:00:00+03:00,4.728118181545021,5.182975606045115,4.728118181545021,5.087215900421143,29041263,0.0,0.0
2020-10-07 00:00:00+03:00,5.057291154110319,5.063276108483403,4.838840105453919,4.868764877319336,13252350,0.0,0.0
2020-10-08 00:00:00+03:00,4.904674693820031,4.913651911506014,4.668268777693731,4.698193550109863,9422049,0.0,0.0
2020-10-09 00:00:00+03:00,4.728117674382702,4.9405841907647625,4.707170548705228,4.755050182342529,8817909,0.0,0.0
2020-10-12 00:00:00+03:00,4.997441157372235,5.0782378269669595,4.892704670404599,4.934598922729492,8562609,0.0,0.0
2020-10-13 00:00:00+03:00,4.96452468757841,5.0153961587829015,4.787967887465217,4.865772724151611,6594795,0.0,0.0
2020-10-14 00:00:00+03:00,4.8777419587124164,4.9076667297426955,4.770012783003411,4.805922508239746,4804851,0.0,0.0
2020-10-15 00:00:00+03:00,4.805923145624039,5.0483140371551745,4.758043933703316,4.9016828536987305,14117052,0.0,0.0
2020-10-16 00:00:00+03:00,4.937592710548388,5.0273670378518975,4.859787865474253,4.96452522277832,8886603,0.0,0.0
2020-10-19 00:00:00+03:00,4.98247955712073,5.206915565494137,4.9735019113084915,5.096192836761475,15886431,0.0,0.0
2020-10-20 00:00:00+03:00,5.120133588237626,5.176990447708392,5.015396659838875,5.081231594085693,8234100,0.0,0.0
2020-10-21 00:00:00+03:00,5.126118578294291,5.3236220816547295,5.096192948902415,5.293696880340576,11948280,0.0,0.0
2020-10-22 00:00:00+03:00,5.359531826470865,5.386464336507601,5.153050676448297,5.209907531738281,8281263,0.0,0.0
2020-10-23 00:00:00+03:00,5.182975195139089,5.248809265155066,4.925621729058814,5.051305770874023,6616839,0.0,0.0
2020-10-26 00:00:00+03:00,5.0183897196980505,5.0183897196980505,4.548569679260254,4.548569679260254,5633157,0.0,0.0
2020-10-27 00:00:00+03:00,4.488720709945461,4.662284411873284,4.351065883295451,4.575501918792725,4364868,0.0,0.0
2020-10-28 00:00:00+03:00,4.590464100698151,4.6323587796283325,4.4976975256773075,4.521636486053467,1289676,0.0,0.0
2020-10-30 00:00:00+03:00,4.455803151016695,4.584479471983831,4.309171964699884,4.4468255043029785,3342153,0.0,0.0
2020-11-02 00:00:00+03:00,4.503682302459269,4.6293663581931765,4.440840060553438,4.548569679260254,3318432,0.0,0.0
2020-11-03 00:00:00+03:00,4.572509447824377,4.704178885185817,4.461787994965597,4.569517612457275,4564923,0.0,0.0
2020-11-04 00:00:00+03:00,4.575501724913621,4.8388406004217925,4.554554596503985,4.784976005554199,10528287,0.0,0.0
2020-11-05 00:00:00+03:00,4.7999374501561185,5.027366581502772,4.787967969013249,4.928614616394043,10392168,0.0,0.0
2020-11-06 00:00:00+03:00,4.775998201459691,4.868764778317308,4.775998201459691,4.787967681884766,5387145,0.0,0.0
2020-11-09 00:00:00+03:00,4.847817615759829,4.8777419587124164,4.7969448628918165,4.805922508239746,4980663,0.0,0.0
2020-11-10 00:00:00+03:00,4.8029306838363945,4.946570025978281,4.761035572489951,4.823877811431885,6051072,0.0,0.0
2020-11-11 00:00:00+03:00,4.841832675689904,4.919637515552386,4.787968082915846,4.823877811431885,5091633,0.0,0.0
2020-11-12 00:00:00+03:00,4.832855240021313,4.865772703717915,4.644328959760825,4.698193550109863,8054322,0.0,0.0
2020-11-13 00:00:00+03:00,4.778990706627446,4.808915482080726,4.719141155720886,4.796945571899414,3443910,0.0,0.0
2020-11-16 00:00:00+03:00,4.808915396328641,5.278735432761738,4.808915396328641,5.251802921295166,43511127,0.0,0.0
2020-11-17 00:00:00+03:00,5.323622254485282,5.371501893217975,5.0303590391698005,5.138088226318359,19360773,0.0,0.0
2020-11-18 00:00:00+03:00,5.147065857557077,5.1829755865015095,4.901682709770122,5.021381378173828,12549585,0.0,0.0
2020-11-19 00:00:00+03:00,5.024373878723943,5.057291773926842,4.871757309466931,4.982480049133301,4620615,0.0,0.0
2020-11-20 00:00:00+03:00,4.997441364479329,5.063276293060908,4.967516591523028,5.012403964996338,4089870,0.0,0.0
2020-11-23 00:00:00+03:00,5.054299603202627,5.05729186677198,4.913652513498953,4.943577289581299,3301113,0.0,0.0
2020-11-24 00:00:00+03:00,4.913651724056671,5.003426037880296,4.859787135762497,4.970508575439453,3241884,0.0,0.0
2020-11-25 00:00:00+03:00,5.0034273660303175,5.0243744974440245,4.877743293314651,4.925622940063477,4259250,0.0,0.0
2020-11-26 00:00:00+03:00,4.928615115579007,4.991457359390817,4.889712264555311,4.943577289581299,3841665,0.0,0.0
2020-11-27 00:00:00+03:00,4.9944491936177275,4.9944491936177275,4.871756980110565,4.892704963684082,2359893,0.0,0.0
2020-11-30 00:00:00+03:00,4.832855202008662,4.880734409420169,4.599441550921026,4.716148376464844,3907332,0.0,0.0
2020-12-01 00:00:00+03:00,4.743080717102793,4.892705014277191,4.701186033755726,4.8717570304870605,6530088,0.0,0.0
2020-12-02 00:00:00+03:00,4.904674305685697,4.913651522661263,4.802930087522437,4.829862594604492,2748855,0.0,0.0
2020-12-03 00:00:00+03:00,4.85380270791922,4.9076677348835265,4.826870622514847,4.838840961456299,2802969,0.0,0.0
2020-12-04 00:00:00+03:00,4.844824866221029,4.871756948164467,4.799937492211667,4.808915138244629,1530588,0.0,0.0
2020-12-07 00:00:00+03:00,4.814900388002105,4.814900388002105,4.743080505955178,4.746072769165039,1850970,0.0,0.0
2020-12-08 00:00:00+03:00,4.749066212826867,4.997441627392204,4.749066212826867,4.937592506408691,6116328,0.0,0.0
2020-12-09 00:00:00+03:00,5.042328693977055,5.051306340586682,4.85978777907733,4.88372802734375,4599642,0.0,0.0
2020-12-10 00:00:00+03:00,4.8777419587124164,4.92262932929668,4.805922508239746,4.805922508239746,2833113,0.0,0.0
2020-12-11 00:00:00+03:00,4.820885759507598,5.299682588796146,4.802930894462193,5.117141246795654,23128377,0.0,0.0
2020-12-14 00:00:00+03:00,5.269757996146816,5.643817483502917,5.269757996146816,5.326614856719971,34413342,0.0,0.0
2020-12-15 00:00:00+03:00,5.341577273902091,5.401426395975691,5.102178645218943,5.117141246795654,7829244,0.0,0.0
2020-12-16 00:00:00+03:00,5.117140884382248,5.19195260273414,4.979486500705549,5.012403964996338,8012907,0.0,0.0
2020-12-17 00:00:00+03:00,5.018390219217471,5.132103948122545,4.988464584908498,5.0004353523254395,5328024,0.0,0.0
2020-12-18 00:00:00+03:00,4.991457267754313,5.042328744043724,4.96452518381352,4.982480049133301,2903214,0.0,0.0
2020-12-21 00:00:00+03:00,4.961531911145054,5.129111077039798,4.817892564938454,5.054299354553223,6806013,0.0,0.0
2020-12-22 00:00:00+03:00,5.0572913948639,5.159035195972154,5.0572913948639,5.111155986785889,4232577,0.0,0.0
2020-12-23 00:00:00+03:00,5.123125735132806,5.200930577821089,5.11115625327047,5.135096073150635,4952529,0.0,0.0
2020-12-24 00:00:00+03:00,5.135095967271997,5.138088230656449,5.027366780032483,5.087215900421143,4645446,0.0,0.0
2020-12-25 00:00:00+03:00,5.09619252761852,5.59593726954911,5.093200692658786,5.377486228942871,29177835,0.0,0.0
2020-12-28 00:00:00+03:00,5.497186230632873,5.760524257350892,5.404419639805178,5.694689750671387,18407409,0.0,0.0
2020-12-29 00:00:00+03:00,5.7784785724786,5.793441172974179,5.494193443839801,5.497185707092285,7915887,0.0,0.0
2020-12-30 00:00:00+03:00,5.49419403836105,5.506163948821677,5.401426590174542,5.443321704864502,5499501,0.0,0.0
2020-12-31 00:00:00+03:00,5.4433213040551145,5.4433213040551145,5.296690125748243,5.407411575317383,3577674,0.0,0.0
2021-01-04 00:00:00+03:00,5.428358321862336,5.580974872319814,5.395441714947422,5.539080619812012,5878761,0.0,0.0
2021-01-05 00:00:00+03:00,5.515140847873459,5.65578792974809,5.350554802621026,5.419381141662598,7520607,0.0,0.0
2021-01-06 00:00:00+03:00,5.461275784932656,5.631847198498207,5.449306304271643,5.539080619812012,8218419,0.0,0.0
2021-01-07 00:00:00+03:00,5.55703578173335,5.739576685775514,5.488208588745903,5.676734447479248,10603338,0.0,0.0
2021-01-08 00:00:00+03:00,5.712645180749556,6.206404206686438,5.604915557348587,5.990945816040039,20504958,0.0,0.0
2021-01-11 00:00:00+03:00,6.0328396027297915,6.391937294957474,5.8892006970698,6.14056921005249,15584478,0.0,0.0
2021-01-12 00:00:00+03:00,6.290193263908293,6.49966711678282,6.15852468211378,6.182463645935059,9331182,0.0,0.0
2021-01-13 00:00:00+03:00,6.14655382324178,6.19443431862849,5.913140581989544,6.002914905548096,6588438,0.0,0.0
2021-01-14 00:00:00+03:00,5.984959658915439,6.206403404306519,5.865260568475781,6.134583950042725,9923073,0.0,0.0
2021-01-15 00:00:00+03:00,6.08072031147634,6.152539776985772,5.892194000475192,5.967005729675293,5188968,0.0,0.0
2021-01-18 00:00:00+03:00,5.96401256840987,6.152538851038101,5.835336259443283,6.116629123687744,7068129,0.0,0.0
2021-01-19 00:00:00+03:00,6.164508238528194,6.643305880166815,6.0807193040599445,6.469741344451904,18170994,0.0,0.0
2021-01-20 00:00:00+03:00,6.463757514953613,6.721110584805647,6.284208861568474,6.463757514953613,10728081,0.0,0.0
2021-01-21 00:00:00+03:00,6.487696694344087,6.757020093657996,6.457772347840033,6.6373209953308105,8989182,0.0,0.0
2021-01-22 00:00:00+03:00,6.61338017635113,6.703154920419889,6.4517864075672335,6.505650997161865,3311112,0.0,0.0
2021-01-25 00:00:00+03:00,6.493681773581769,6.86474896103855,6.493681773581769,6.7330803871154785,10072281,0.0,0.0
2021-01-26 00:00:00+03:00,6.655275852199895,6.816869634750264,6.5415612808459676,6.589441776275635,6256785,0.0,0.0
2021-01-27 00:00:00+03:00,6.637320720916509,6.637320720916509,6.0029146698559135,6.062764644622803,6878298,0.0,0.0
2021-01-28 00:00:00+03:00,5.978974989081553,6.224358118597996,5.685711796459806,6.2064032554626465,6141225,0.0,0.0
2021-01-29 00:00:00+03:00,6.062765043792145,6.433832257695841,5.925111077344,6.098674774169922,4975317,0.0,0.0
2021-02-01 00:00:00+03:00,6.182463034714576,6.320117842127479,6.05079446593729,6.14056921005249,4197570,0.0,0.0
2021-02-02 00:00:00+03:00,6.164508544985734,6.391937682214996,6.134584199237967,6.242313385009766,5777214,0.0,0.0
2021-02-03 00:00:00+03:00,6.254283693967577,6.373983224991876,6.230344301456028,6.278223514556885,3881445,0.0,0.0
2021-02-04 00:00:00+03:00,6.284208382838621,6.421862339947441,6.266253518867905,6.296177864074707,4369611,0.0,0.0
2021-02-05 00:00:00+03:00,6.3320877064862655,6.397922208902364,6.224358520714466,6.242313385009766,3199599,0.0,0.0
2021-02-08 00:00:00+03:00,6.320118006750816,6.3261025332314915,6.008899941636674,6.116629123687744,5260209,0.0,0.0
2021-02-09 00:00:00+03:00,6.1345840352554255,6.272237991173119,6.116629171440074,6.1465535163879395,2546937,0.0,0.0
2021-02-10 00:00:00+03:00,6.248298913532099,6.254283440358996,6.104659995820749,6.122614860534668,2053212,0.0,0.0
2021-02-11 00:00:00+03:00,6.122615306521328,6.308148494002116,6.122615306521328,6.236328601837158,4857966,0.0,0.0
2021-02-12 00:00:00+03:00,6.188448417194781,6.2602678700247765,6.062764374742289,6.14056921005249,2412945,0.0,0.0
2021-02-15 00:00:00+03:00,6.194433916623051,6.367997169494629,6.158524189530095,6.367997169494629,4380330,0.0,0.0
2021-02-16 00:00:00+03:00,6.403907140187853,6.481711546647946,6.092688658192074,6.224358081817627,4419822,0.0,0.0
2021-02-17 00:00:00+03:00,6.296178258355145,6.296178258355145,6.104660125418618,6.164508819580078,2761569,0.0,0.0
2021-02-18 00:00:00+03:00,6.206403797707647,6.529591790458135,6.1944343159826945,6.421862602233887,10382568,0.0,0.0
2021-02-19 00:00:00+03:00,6.409893235236282,6.469742361240179,6.182464073570362,6.3201189041137695,6890940,0.0,0.0
2021-02-22 00:00:00+03:00,6.3799676692756995,6.9485392570495605,6.344057938857698,6.9485392570495605,11245614,0.0,0.0
2021-02-23 00:00:00+03:00,7.140058062600918,7.415366861343195,6.6552762573595405,6.840810298919678,19248792,0.0,0.0
2021-02-24 00:00:00+03:00,6.733080263291875,7.1819522808446665,6.32011797289709,6.385952472686768,5466825,0.0,0.0
2021-02-25 00:00:00+03:00,6.583455834662083,6.721109785894998,5.9849595383635625,6.272237777709961,4344837,0.0,0.0
2021-02-26 00:00:00+03:00,5.877230978058662,6.338073371654769,5.829351337805091,6.164508819580078,2966961,0.0,0.0
2021-03-01 00:00:00+03:00,6.2782225546281305,6.595425128936768,6.2782225546281305,6.595425128936768,3253329,0.0,0.0
2021-03-02 00:00:00+03:00,6.595425757990813,6.655275734099221,6.4218624967795925,6.523606300354004,2997138,0.0,0.0
2021-03-03 00:00:00+03:00,6.5415612808459676,6.703155491474079,6.529591799105163,6.589441776275635,4321722,0.0,0.0
2021-03-04 00:00:00+03:00,6.529591577649521,6.571486688671271,6.415877010152302,6.445802211761475,2111496,0.0,0.0
2021-03-05 00:00:00+03:00,6.379966808704146,6.493681367767008,6.3201176941580695,6.344057083129883,2349270,0.0,0.0
2021-03-08 00:00:00+03:00,6.421862003217105,6.451786346854824,6.182462973338336,6.224358081817627,2402115,0.0,0.0
2021-03-09 00:00:00+03:00,6.254282853533048,6.314132396963888,6.164508110309084,6.224358081817627,1780971,0.0,0.0
2021-03-10 00:00:00+03:00,6.224357997882339,6.397921671491278,6.2004177527551345,6.344057083129883,2886612,0.0,0.0
2021-03-11 00:00:00+03:00,6.350043050358699,6.403908075390402,6.164509010550699,6.194434642791748,2329545,0.0,0.0
2021-03-12 00:00:00+03:00,6.206403470482909,6.397922017228447,6.122614534359455,6.332087516784668,3351957,0.0,0.0
2021-03-15 00:00:00+03:00,6.332087472449045,6.613380336012013,6.272237927010115,6.553531646728516,7119918,0.0,0.0
2021-03-16 00:00:00+03:00,6.583456276462412,6.7809597849636365,6.4936819544164015,6.523606300354004,6149460,0.0,0.0
2021-03-17 00:00:00+03:00,6.523605972120152,6.882703670314005,6.439817037170766,6.451786518096924,7089504,0.0,0.0
2021-03-18 00:00:00+03:00,6.457771980429113,6.583456026521942,6.224358323893284,6.284208297729492,2222844,0.0,0.0
2021-03-19 00:00:00+03:00,6.3500432218930385,6.3500432218930385,6.032840586817879,6.218373775482178,1768503,0.0,0.0
2021-03-22 00:00:00+03:00,5.691697319320505,5.83533622794663,5.5989298820495605,5.5989298820495605,1135836,0.0,0.0
2021-03-23 00:00:00+03:00,5.236840307641336,5.739576953202551,5.039336793629974,5.601922988891602,4204308,0.0,0.0
2021-03-24 00:00:00+03:00,5.715636965601531,5.850298672600401,5.628855756699521,5.775486946105957,2783241,0.0,0.0
2021-03-25 00:00:00+03:00,5.772493619536497,5.94904955264403,5.655787227834516,5.778478145599365,2629866,0.0,0.0
2021-03-26 00:00:00+03:00,5.865261274745948,5.895186050959279,5.580975686680427,5.775486946105957,2289471,0.0,0.0
2021-03-29 00:00:00+03:00,5.784463823055014,5.80241868639309,5.679726478133004,5.685711860656738,1922883,0.0,0.0
2021-03-30 00:00:00+03:00,5.685712058595408,5.733591267752739,5.566012965507771,5.643816947937012,2064732,0.0,0.0
2021-03-31 00:00:00+03:00,5.655787516504319,5.760523577193203,5.6258618881187745,5.685711860656738,1882791,0.0,0.0
2021-04-01 00:00:00+03:00,5.691697740142512,5.8502984046936035,5.667757492190394,5.8502984046936035,3268647,0.0,0.0
2021-04-02 00:00:00+03:00,5.856283567678627,6.176479288582984,5.835336440114554,6.026854991912842,4584660,0.0,0.0
2021-04-05 00:00:00+03:00,6.1525394892765,6.397922651625615,6.1525394892765,6.2123894691467285,3536601,0.0,0.0
2021-04-06 00:00:00+03:00,6.224358625417184,6.260268354611838,6.020869731903076,6.020869731903076,2119080,0.0,0.0
2021-04-07 00:00:00+03:00,6.0627646744208725,6.07473415573981,5.835336395884252,5.975982189178467,1613034,0.0,0.0
2021-04-08 00:00:00+03:00,5.990945397159218,6.080719720318288,5.859275961781509,5.8892011642456055,1541496,0.0,0.0
2021-04-09 00:00:00+03:00,5.901170763152997,5.91314067314533,5.610900659877803,5.715636730194092,2198802,0.0,0.0
2021-04-12 00:00:00+03:00,5.721621336048072,5.733590816336733,5.4493061347524305,5.494193077087402,1289919,0.0,0.0
2021-04-13 00:00:00+03:00,5.494193337516765,5.55105019091315,5.242825249908336,5.317636966705322,1781889,0.0,0.0
2021-04-14 00:00:00+03:00,5.4014258131613735,5.616884598535961,5.3894563325003615,5.539080619812012,1719975,0.0,0.0
2021-04-15 00:00:00+03:00,5.557035716467385,5.625862052491032,5.422374023458511,5.5301032066345215,1061046,0.0,0.0
2021-04-16 00:00:00+03:00,5.476238250732422,5.5690048271459265,5.452298005763799,5.476238250732422,688500,0.0,0.0
2021-04-19 00:00:00+03:00,5.476238717496472,5.524118355359325,5.248809581492466,5.257787227630615,1022745,0.0,0.0
2021-04-20 00:00:00+03:00,5.275742474997655,5.386464787713673,5.012404447626161,5.060283660888672,1029195,0.0,0.0
2021-04-21 00:00:00+03:00,5.045321773339365,5.057291683338142,4.66826918030017,4.683231353759766,1017270,0.0,0.0
2021-04-22 00:00:00+03:00,4.608419148051351,4.883727477290897,4.500689541258144,4.868764877319336,1219773,0.0,0.0
2021-04-26 00:00:00+03:00,4.817892639883406,5.117141246795654,4.7909605563541735,5.117141246795654,974643,0.0,0.0
2021-04-27 00:00:00+03:00,5.135095981675137,5.260780461884834,5.087215914689986,5.203922748565674,1118160,0.0,0.0
2021-04-28 00:00:00+03:00,5.19195243661764,5.2966897807301985,5.114147601342906,5.168012619018555,844845,0.0,0.0
2021-04-29 00:00:00+03:00,5.197937673771649,5.326613975730361,5.18297507415169,5.290704250335693,698778,0.0,0.0
2021-04-30 00:00:00+03:00,5.3266144983025905,5.338583979864063,5.200930447090908,5.221877574920654,611334,0.0,0.0
2021-05-03 00:00:00+03:00,5.182975637810324,5.446313652676408,5.182975637810324,5.419381141662598,1206588,0.0,0.0
2021-05-04 00:00:00+03:00,5.4223739961714825,5.431351642096499,5.314644813537598,5.314644813537598,862710,0.0,0.0
2021-05-05 00:00:00+03:00,5.320629442203505,5.476239133226378,5.266764845518654,5.461276531219482,1627869,0.0,0.0
2021-05-06 00:00:00+03:00,5.476238199344876,5.506162970177732,5.368509024346595,5.39544153213501,1042305,0.0,0.0
2021-05-07 00:00:00+03:00,5.4074118126287,5.542073515343866,5.299682621687669,5.467261791229248,2240250,0.0,0.0
2021-05-10 00:00:00+03:00,5.452298139339767,5.631847198498207,5.449306304271643,5.539080619812012,2680149,0.0,0.0
2021-05-11 00:00:00+03:00,5.434343554035007,5.637832869150944,5.398433825983157,5.5091552734375,2270643,0.0,0.0
2021-05-12 00:00:00+03:00,5.509155077915505,5.536087587037411,5.4522982245568095,5.50017786026001,415977,0.0,0.0
2021-05-17 00:00:00+03:00,5.68571235847218,5.6946895768883685,5.497186062877006,5.601922988891602,1351182,0.0,0.0
2021-05-18 00:00:00+03:00,5.646810184643775,5.73059955154511,5.554042743457841,5.709652423858643,1586565,0.0,0.0
2021-05-20 00:00:00+03:00,5.685712617465966,5.805411722319287,5.580975686680427,5.775486946105957,1380255,0.0,0.0
2021-05-21 00:00:00+03:00,5.787455583344202,5.8473055551084565,5.6438166784964805,5.721621513366699,1651308,0.0,0.0
2021-05-24 00:00:00+03:00,5.733590897373111,5.844313621520996,5.721621416915278,5.844313621520996,1168350,0.0,0.0
2021-05-25 00:00:00+03:00,5.862268968065156,5.907155914738509,5.574990711429224,5.592945575714111,1949889,0.0,0.0
2021-05-26 00:00:00+03:00,5.59893043025487,5.679727110229214,5.461276462676788,5.613893032073975,1167000,0.0,0.0
2021-05-27 00:00:00+03:00,5.679727234145534,5.778479209688407,5.616885418136423,5.775486946105957,1405917,0.0,0.0
2021-05-28 00:00:00+03:00,5.820374084743626,5.820374084743626,5.536088080309102,5.715636730194092,958887,0.0,0.0
2021-05-31 00:00:00+03:00,5.736584246386487,5.799426482753834,5.688704182248971,5.784463882446289,1183608,0.0,0.0
2021-06-01 00:00:00+03:00,5.83533622794663,5.83533622794663,5.571997372643305,5.5989298820495605,3620952,0.0,0.0
2021-06-02 00:00:00+03:00,5.571997633837303,5.607907362677145,5.386464462909185,5.524118423461914,1186074,0.0,0.0
2021-06-03 00:00:00+03:00,5.610900466242263,5.610900466242263,5.3325998544859745,5.407411575317383,1920726,0.0,0.0
2021-06-04 00:00:00+03:00,5.455290465375728,5.455290465375728,5.341576759124708,5.3834710121154785,858123,0.0,0.0
2021-06-07 00:00:00+03:00,5.3475616031904085,5.413396962079077,5.3445693398323115,5.356539249420166,748104,0.0,0.0
2021-06-08 00:00:00+03:00,5.35653967882301,5.467261993503237,5.35653967882301,5.4253668785095215,1118874,0.0,0.0
2021-06-09 00:00:00+03:00,5.4463135674110585,5.560028136491609,5.407411575317383,5.407411575317383,2476173,0.0,0.0
2021-06-10 00:00:00+03:00,5.413396903402909,5.437335866163675,5.299682335473112,5.308659553527832,1481451,0.0,0.0
2021-06-11 00:00:00+03:00,5.311652131819291,5.350554981981578,5.3086598683161945,5.332600116729736,785967,0.0,0.0
2021-06-14 00:00:00+03:00,5.332599241791049,5.350554104096971,5.153050190654144,5.162027835845947,1159776,0.0,0.0
2021-06-15 00:00:00+03:00,5.239832183402297,5.3595317020245306,5.153050556796378,5.16502046585083,2173557,0.0,0.0
2021-06-16 00:00:00+03:00,5.16502033202263,5.179982931991864,5.051305770874023,5.051305770874023,892932,0.0,0.0
2021-06-17 00:00:00+03:00,4.9465704093061795,5.036344737553219,4.943577289581299,4.943577289581299,783093,0.0,0.0
2021-06-18 00:00:00+03:00,4.964525016794982,5.039336739071677,4.817892551422119,4.817892551422119,1379487,0.0,0.0
2021-06-21 00:00:00+03:00,4.7819821063723085,4.847817456633303,4.7191403033103105,4.829862594604492,784374,0.0,0.0
2021-06-22 00:00:00+03:00,4.841832657995368,4.931606978957384,4.811908312419091,4.90766716003418,891492,0.0,0.0
2021-06-23 00:00:00+03:00,4.910660111017127,4.949562104784838,4.871757261093912,4.88372802734375,706473,0.0,0.0
2021-06-24 00:00:00+03:00,5.0363444457186235,5.0363444457186235,4.949561957991846,5.003426551818848,1271817,0.0,0.0
2021-06-25 00:00:00+03:00,5.006418726712926,5.030358973846125,4.859787549037058,4.8717570304870605,665850,0.0,0.0
2021-06-28 00:00:00+03:00,4.86577282815782,4.8927049099822595,4.722133916886887,4.7430806159973145,678456,0.0,0.0
2021-06-29 00:00:00+03:00,4.746073311515093,4.758044078033327,4.632359591147092,4.713156700134277,687279,0.0,0.0
2021-06-30 00:00:00+03:00,4.713156260812601,4.764027732995665,4.671261150370467,4.695201396942139,668073,0.0,0.0
2021-07-01 00:00:00+03:00,4.7011863616938045,4.904675265937667,4.608419770421668,4.713156700134277,1229718,0.0,0.0
2021-07-02 00:00:00+03:00,4.713155930987583,4.781982262224665,4.671260823477253,4.755050182342529,822120,0.0,0.0
2021-07-05 00:00:00+03:00,4.755050940409666,4.880734998744581,4.743081030092055,4.844825267791748,1109685,0.0,0.0
2021-07-06 00:00:00+03:00,4.847817456633303,4.961531154738092,4.784975225493627,4.829862594604492,714735,0.0,0.0
2021-07-07 00:00:00+03:00,4.808915333103122,4.868765310233316,4.80592306968937,4.817892551422119,766155,0.0,0.0
2021-07-08 00:00:00+03:00,4.799937678765925,4.83285557280693,4.7430808212990225,4.770013332366943,446847,0.0,0.0
2021-07-09 00:00:00+03:00,4.778990570998193,4.80293081875914,4.668269119002245,4.686223983764648,472308,0.0,0.0
2021-07-12 00:00:00+03:00,4.695201753358641,4.722134265247664,4.578494915302462,4.58148717880249,559098,0.0,0.0
2021-07-13 00:00:00+03:00,4.563531891959504,4.60542700171138,4.410915337536199,4.42887020111084,798480,0.0,0.0
2021-07-14 00:00:00+03:00,4.434855949209935,4.590464779681248,4.434855949209935,4.551562786102295,669873,0.0,0.0
2021-07-16 00:00:00+03:00,4.542584446344646,4.608418941497803,4.524629584030149,4.608418941497803,308535,0.0,0.0
2021-07-19 00:00:00+03:00,4.554554424510008,4.60841944542124,4.54856946975073,4.572509288787842,135282,0.0,0.0
2021-07-26 00:00:00+03:00,4.572509168374043,4.596449414858436,4.5126596223573605,4.527622222900391,398262,0.0,0.0
2021-07-27 00:00:00+03:00,4.527622589401083,4.584479448680504,4.48273521221618,4.530614852905273,658812,0.0,0.0
2021-07-28 00:00:00+03:00,4.539592187359382,4.683231541170517,4.539592187359382,4.575501918792725,1308321,0.0,0.0
2021-07-29 00:00:00+03:00,4.5844789037110205,4.698193464907813,4.5844789037110205,4.665275573730469,1296879,0.0,0.0
2021-07-30 00:00:00+03:00,4.617396122726473,4.653305847076351,4.578494135386279,4.626373767852783,566565,0.0,0.0
2021-08-02 00:00:00+03:00,4.641337135952478,4.7819829375066405,4.641337135952478,4.764028072357178,1061646,0.0,0.0
2021-08-03 00:00:00+03:00,4.758043448455267,4.7640275466892925,4.686223567704348,4.734103202819824,481878,0.0,0.0
2021-08-04 00:00:00+03:00,4.734103610826427,4.859787663836578,4.7281182278434395,4.817892551422119,1180008,0.0,0.0
2021-08-05 00:00:00+03:00,4.781982276622729,4.931606560267491,4.7580433158873845,4.853801727294922,1383852,0.0,0.0
2021-08-06 00:00:00+03:00,4.853802447441867,4.958539803994982,4.832855746671204,4.8627800941467285,1121478,0.0,0.0
2021-08-09 00:00:00+03:00,4.892705258705184,5.021381578517817,4.874750393516601,4.880734920501709,993819,0.0,0.0
2021-08-10 00:00:00+03:00,4.9525536860080335,4.997441056717,4.838839983854754,4.853801727294922,1335984,0.0,0.0
2021-08-11 00:00:00+03:00,4.8358471884775165,4.871756916218442,4.611411176057868,4.695201396942139,843531,0.0,0.0
2021-08-12 00:00:00+03:00,4.704178286736797,4.868764741442178,4.704178286736797,4.805922508239746,846549,0.0,0.0
2021-08-13 00:00:00+03:00,4.799937368404224,4.916644195356103,4.799937368404224,4.865772724151611,844863,0.0,0.0
2021-08-16 00:00:00+03:00,4.910660242573461,5.033351610288409,4.907667550930827,4.994449615478516,1262379,0.0,0.0
2021-08-17 00:00:00+03:00,4.994449214291917,4.997441477616429,4.910659848117369,4.9585394859313965,784188,0.0,0.0
2021-08-18 00:00:00+03:00,4.964524774504125,4.976494255652709,4.856795163389652,4.877742290496826,578958,0.0,0.0
2021-08-19 00:00:00+03:00,4.874749905858358,4.874749905858358,4.770012988697045,4.832855224609375,511317,0.0,0.0
2021-08-20 00:00:00+03:00,4.811907940024835,4.892704608598919,4.790959957971605,4.835846900939941,661698,0.0,0.0
2021-08-23 00:00:00+03:00,4.847818067587057,4.913652141911859,4.847818067587057,4.8717570304870605,681333,0.0,0.0
2021-08-24 00:00:00+03:00,4.880734556144248,4.910659757302325,4.826869964599609,4.826869964599609,1277673,0.0,0.0
2021-08-25 00:00:00+03:00,4.826870103977351,4.844824968344017,4.7580437660217285,4.7580437660217285,668730,0.0,0.0
2021-08-26 00:00:00+03:00,4.758043870892004,4.787968217418266,4.644329299319041,4.686223983764648,648510,0.0,0.0
2021-08-27 00:00:00+03:00,4.674253304099246,4.713156150356785,4.644328959760825,4.698193550109863,577281,0.0,0.0
2021-08-31 00:00:00+03:00,4.707170585452224,4.823877407393074,4.707170585452224,4.787967681884766,800526,0.0,0.0
2021-09-01 00:00:00+03:00,4.787967523955936,4.877741834765544,4.787967523955936,4.811907768249512,1395540,0.0,0.0
2021-09-02 00:00:00+03:00,4.817892425103393,4.913652129154366,4.811908326510526,4.874750137329102,1238487,0.0,0.0
2021-09-03 00:00:00+03:00,4.8747502651385615,4.8777425285523135,4.811908452672357,4.817892551422119,625857,0.0,0.0
2021-09-06 00:00:00+03:00,4.817893306800811,4.955548147359301,4.817893306800811,4.925622940063477,1420500,0.0,0.0
2021-09-07 00:00:00+03:00,4.937591942567866,4.98846341134413,4.853801727294922,4.853801727294922,1361697,0.0,0.0
2021-09-08 00:00:00+03:00,4.844825245915337,4.859787847783668,4.731111526489258,4.731111526489258,747306,0.0,0.0
2021-09-09 00:00:00+03:00,4.653305997189761,4.787967681884766,4.653305997189761,4.787967681884766,759285,0.0,0.0
2021-09-10 00:00:00+03:00,4.787967828846008,4.826869818635214,4.740088621443027,4.7670207023620605,632532,0.0,0.0
2021-09-13 00:00:00+03:00,4.799937492211667,4.877742330904924,4.778990364930962,4.808915138244629,711510,0.0,0.0
2021-09-14 00:00:00+03:00,4.8208855516692894,4.853802160716804,4.773005485534668,4.773005485534668,1173450,0.0,0.0
2021-09-15 00:00:00+03:00,4.770013247521773,4.832855486843973,4.731111255432862,4.7580437660217285,1230570,0.0,0.0
2021-09-16 00:00:00+03:00,4.781982834419722,4.811908465179213,4.638343916320497,4.686223983764648,554175,0.0,0.0
2021-09-17 00:00:00+03:00,4.7041791055105255,4.7281184984237665,4.668269374024015,4.692208766937256,621225,0.0,0.0
2021-09-20 00:00:00+03:00,4.626374348219924,4.662284077074589,4.551562627144908,4.554554462432861,616938,0.0,0.0
2021-09-21 00:00:00+03:00,4.608419684073635,4.62338228578555,4.518644929957645,4.5336079597473145,586674,0.0,0.0
2021-09-22 00:00:00+03:00,4.554554750467155,4.620389257530808,4.494705198591106,4.593456745147705,1104657,0.0,0.0
2021-09-23 00:00:00+03:00,4.593456493202723,4.611411357780737,4.491712688671715,4.536599636077881,710952,0.0,0.0
2021-09-24 00:00:00+03:00,4.53659917524891,4.940584229333925,4.506674832069682,4.787967681884766,6202437,0.0,0.0
2021-09-27 00:00:00+03:00,4.937592408149139,5.2158930197845805,4.835847320614279,5.108163833618164,8138715,0.0,0.0
2021-09-28 00:00:00+03:00,5.218885021018353,5.616884708404541,5.218885021018353,5.616884708404541,10032312,0.0,0.0
2021-09-29 00:00:00+03:00,5.763516610348005,6.04480946510489,5.470252990722656,5.470252990722656,13502841,0.0,0.0
2021-09-30 00:00:00+03:00,5.476239051913645,5.76052420504589,5.227862773215925,5.329607009887695,5788590,0.0,0.0
2021-10-01 00:00:00+03:00,5.332599469242729,5.506163145602997,5.171005701596962,5.185967445373535,3599751,0.0,0.0
2021-10-04 00:00:00+03:00,5.236839784488464,5.239832047635689,5.03035864461034,5.051305770874023,2477772,0.0,0.0
2021-10-05 00:00:00+03:00,5.036344407819747,5.542073304539813,4.967516785219902,5.320629119873047,10133535,0.0,0.0
2021-10-06 00:00:00+03:00,5.329606935794072,5.368509785509073,5.081231516704845,5.117141246795654,3127824,0.0,0.0
2021-10-07 00:00:00+03:00,5.162028031441193,5.245816963966005,5.0572911166492025,5.069260597229004,2051700,0.0,0.0
2021-10-08 00:00:00+03:00,5.087215906097405,5.440329098598624,5.087215906097405,5.305667400360107,5503002,0.0,0.0
2021-10-11 00:00:00+03:00,5.263772653570934,5.446313560379878,5.194945031462538,5.338583946228027,3508821,0.0,0.0
2021-10-12 00:00:00+03:00,5.335592291070226,5.377486975957756,5.251802921295166,5.251802921295166,3290229,0.0,0.0
2021-10-13 00:00:00+03:00,5.266764640553371,5.5749908908937105,5.266764640553371,5.386464595794678,6111615,0.0,0.0
2021-10-14 00:00:00+03:00,5.365516298139969,5.383471161954772,5.206915643225781,5.311651706695557,2331258,0.0,0.0
2021-10-15 00:00:00+03:00,5.359532084720718,5.473245800779998,5.236840294112949,5.2667646408081055,2421147,0.0,0.0
2021-10-18 00:00:00+03:00,5.305667607711652,5.305667607711652,5.179983550880105,5.212900161743164,1058259,0.0,0.0
2021-10-19 00:00:00+03:00,5.326614475450529,5.518133028856208,5.326614475450529,5.356539249420166,4966002,0.0,0.0
2021-10-20 00:00:00+03:00,5.356539238651447,5.419381049822482,5.317637246607992,5.338583946228027,1383237,0.0,0.0
2021-10-21 00:00:00+03:00,5.362524347899769,5.407411724095823,5.242825676891698,5.386464595794678,1617702,0.0,0.0
2021-10-22 00:00:00+03:00,5.386464033729565,5.586959789738165,5.368509170740241,5.557035446166992,4048095,0.0,0.0
2021-10-25 00:00:00+03:00,5.557035753102785,5.925110678752925,5.488208560469945,5.763516902923584,8235252,0.0,0.0
2021-10-26 00:00:00+03:00,5.799426904060794,6.080719786347022,5.790449257608532,5.984960079193115,6076701,0.0,0.0
2021-10-27 00:00:00+03:00,5.984959590854448,6.020869317577979,5.853291020945875,5.937080383300781,2746407,0.0,0.0
2021-10-28 00:00:00+03:00,5.949050375175379,6.020869834791988,5.889201253572618,5.969998359680176,1175445,0.0,0.0
2021-11-01 00:00:00+03:00,5.975982522042773,6.242313663069879,5.969998423166578,6.164508819580078,3578958,0.0,0.0
2021-11-02 00:00:00+03:00,6.176479640943922,6.18844912303643,5.955035874716315,6.014885425567627,3003000,0.0,0.0
2021-11-03 00:00:00+03:00,6.014884630422174,6.116628853419195,5.715636059569659,5.940072059631348,2986803,0.0,0.0
2021-11-04 00:00:00+03:00,6.008899626786749,6.062764214989927,5.9550350385835715,5.961019992828369,2265894,0.0,0.0
2021-11-05 00:00:00+03:00,5.9610203998467295,6.00890003707433,5.889200944005328,5.895185470581055,1392648,0.0,0.0
2021-11-08 00:00:00+03:00,5.89518561487811,5.9520433275941835,5.814388511039993,5.925110816955566,2299548,0.0,0.0
2021-11-09 00:00:00+03:00,5.925110671926029,5.99693012776743,5.877230606620704,5.895185470581055,1809258,0.0,0.0
2021-11-10 00:00:00+03:00,5.895185533542077,5.937080644641394,5.808403904179078,5.862268924713135,991263,0.0,0.0
2021-11-11 00:00:00+03:00,5.86825249444887,5.975981669653356,5.760523319244385,5.760523319244385,2373930,0.0,0.0
2021-11-12 00:00:00+03:00,5.7754867582108025,5.910148460828695,5.7754867582108025,5.814388751983643,1127772,0.0,0.0
2021-11-15 00:00:00+03:00,5.85927583101161,6.056779337553594,5.841320966780521,6.026854991912842,3304515,0.0,0.0
2021-11-16 00:00:00+03:00,6.026854852363317,6.350042401039643,5.886207777026484,6.1465535163879395,8726430,0.0,0.0
2021-11-17 00:00:00+03:00,6.146553709478487,6.242313414246318,6.026855041693597,6.176479339599609,2820963,0.0,0.0
2021-11-18 00:00:00+03:00,6.200417836367588,6.314132396963888,5.98495948001656,6.224358081817627,5135589,0.0,0.0
2021-11-19 00:00:00+03:00,6.2842084997519185,6.547546509554968,6.212389042532905,6.541561126708984,4637247,0.0,0.0
2021-11-22 00:00:00+03:00,6.583456039428711,6.703155131180359,6.493681720614974,6.583456039428711,3599778,0.0,0.0
2021-11-23 00:00:00+03:00,6.595426123843668,6.82285527513135,6.290193411955761,6.745050430297852,5385135,0.0,0.0
2021-11-24 00:00:00+03:00,6.780960318105661,6.930584628024049,6.589442177427435,6.840810298919678,3696030,0.0,0.0
2021-11-25 00:00:00+03:00,6.9485393884996265,7.523095942212417,6.912629657402297,7.493170738220215,13517799,0.0,0.0
2021-11-26 00:00:00+03:00,7.541049823576085,7.7804480132374305,7.253771995982469,7.529079914093018,8739432,0.0,0.0
2021-11-29 00:00:00+03:00,7.511125229904354,7.714614563746806,7.391426125382635,7.541050434112549,5097408,0.0,0.0
2021-11-30 00:00:00+03:00,7.505140238685663,7.660749064942033,7.451276073059273,7.559005260467529,3713580,0.0,0.0
2021-12-01 00:00:00+03:00,7.5889290623633725,7.90014754870983,7.570974627160827,7.876206874847412,5292552,0.0,0.0
2021-12-02 00:00:00+03:00,7.88817713227377,8.21136468559974,7.810373149365615,7.9839372634887695,4473732,0.0,0.0
2021-12-03 00:00:00+03:00,8.043787000383935,8.145530804460023,7.8402976799208135,7.924087047576904,2997324,0.0,0.0
2021-12-06 00:00:00+03:00,7.936058190655579,7.977952448397424,7.648780345035454,7.846283435821533,3293013,0.0,0.0
2021-12-07 00:00:00+03:00,7.930072662673207,8.085681492876331,7.8163580894470215,7.8163580894470215,2991936,0.0,0.0
2021-12-08 00:00:00+03:00,7.888177571480655,7.95999703177416,7.672719190600139,7.732568740844727,2747898,0.0,0.0
2021-12-09 00:00:00+03:00,7.750523660610056,7.804387825157499,7.630824565887451,7.630824565887451,1719672,0.0,0.0
2021-12-10 00:00:00+03:00,7.60089965454028,7.7744637765972335,7.570975307794024,7.7684783935546875,2322873,0.0,0.0
2021-12-13 00:00:00+03:00,7.792418630026027,7.852267320142682,7.678704064031321,7.720599174499512,2345904,0.0,0.0
2021-12-14 00:00:00+03:00,7.72059929210689,8.001891735792933,7.6966586170779205,7.995906352996826,5496024,0.0,0.0
2021-12-15 00:00:00+03:00,8.037800694977737,8.055755985492484,7.7146131711106625,7.792418003082275,3715161,0.0,0.0
2021-12-16 00:00:00+03:00,7.810373075898627,8.025831442755933,7.6308244368508715,8.01984691619873,4782810,0.0,0.0
2021-12-17 00:00:00+03:00,8.055756909974791,8.378944470931017,7.4692304802320955,7.6248393058776855,7002444,0.0,0.0
2021-12-20 00:00:00+03:00,7.672718764400086,8.384929656982422,7.511124559638097,8.384929656982422,6893181,0.0,0.0
2021-12-21 00:00:00+03:00,8.67220722436755,8.773951023029069,8.127575935509244,8.558492660522461,7795671,0.0,0.0
2021-12-22 00:00:00+03:00,8.52856828490979,8.8816810280293,8.109620614297995,8.827816009521484,6464337,0.0,0.0
2021-12-23 00:00:00+03:00,8.971454603401408,9.70760440826416,8.833801082974583,9.70760440826416,9051651,0.0,0.0
2021-12-24 00:00:00+03:00,10.084658137559538,10.503605842590332,9.815335591360308,10.503605842590332,10708911,0.0,0.0
2021-12-27 00:00:00+03:00,10.503606296667584,11.550973892211914,10.222312972184513,11.550973892211914,10690557,0.0,0.0
2021-12-28 00:00:00+03:00,12.041739943966784,12.472657537003004,10.7789132224858,11.76044750213623,22610061,0.0,0.0
2021-12-29 00:00:00+03:00,11.76044750213623,12.089619581397981,11.305590090384412,11.76044750213623,9630900,0.0,0.0
2021-12-30 00:00:00+03:00,12.059695283459856,12.059695283459856,10.587394714355469,10.587394714355469,7038837,0.0,0.0
2021-12-31 00:00:00+03:00,9.905108732190905,10.922551857974742,9.54601146055735,10.33004093170166,13531971,0.0,0.0
2022-01-03 00:00:00+03:00,10.623303904282977,10.623303904282977,10.096627061002144,10.437769889831543,4114746,0.0,0.0
2022-01-04 00:00:00+03:00,10.497619359969692,10.533529086111972,10.258221185687816,10.473679542541504,3989598,0.0,0.0
2022-01-05 00:00:00+03:00,10.587395187791204,11.431274266644772,10.407846538689965,11.203845977783203,6476187,0.0,0.0
2022-01-06 00:00:00+03:00,11.16195134708013,11.185891166158171,10.904597007757989,10.982401847839355,2570526,0.0,0.0
2022-01-07 00:00:00+03:00,10.982401264158081,11.461198476427757,10.65322834125182,10.802852630615234,4760499,0.0,0.0
2022-01-10 00:00:00+03:00,10.796867248086098,10.982401264158081,10.497619525514686,10.802852630615234,2577198,0.0,0.0
2022-01-11 00:00:00+03:00,10.832777477301686,10.850732769566584,10.437770465183979,10.617319107055664,1888803,0.0,0.0
2022-01-12 00:00:00+03:00,10.629290024212604,10.665199753098912,10.246252059936523,10.246252059936523,2283708,0.0,0.0
2022-01-13 00:00:00+03:00,10.270192598471118,10.653229733417888,10.26420807131534,10.353981971740723,2576439,0.0,0.0
2022-01-14 00:00:00+03:00,10.383905881508838,11.365440210688812,10.204357232081586,11.23975658416748,6025050,0.0,0.0
2022-01-17 00:00:00+03:00,11.29960498014211,11.880146026074092,11.024297058273087,11.58089828491211,6485964,0.0,0.0
2022-01-18 00:00:00+03:00,11.5808986461826,11.820296846580302,10.88065848194157,10.970433235168457,2740605,0.0,0.0
2022-01-19 00:00:00+03:00,11.257710070579867,11.371423777538894,10.695123493716371,11.036266326904297,3166386,0.0,0.0
2022-01-20 00:00:00+03:00,11.191875457763672,11.371424097077549,10.886642342852358,11.191875457763672,2666814,0.0,0.0
2022-01-21 00:00:00+03:00,11.251725037700428,11.35346883887015,10.922552103233913,11.024296760559082,1804299,0.0,0.0
2022-01-24 00:00:00+03:00,11.149980743238533,11.221800196000503,10.533529156131838,10.904596328735352,2266290,0.0,0.0
2022-01-25 00:00:00+03:00,11.060206219353908,11.102100472887894,10.70110894839648,11.000356674194336,1520766,0.0,0.0
2022-01-26 00:00:00+03:00,11.000358430928667,11.574915012371468,10.970434081647738,11.539005279541016,3078690,0.0,0.0
2022-01-27 00:00:00+03:00,11.46119820248377,12.688115119934082,11.257709755998965,12.688115119934082,6201714,0.0,0.0
2022-01-28 00:00:00+03:00,12.867664276561984,13.687603478492198,12.478641802495854,13.202821731567383,7897986,0.0,0.0
2022-01-31 00:00:00+03:00,13.597829261322568,13.88510794723464,13.316536814430291,13.855183601379395,4442973,0.0,0.0
2022-02-01 00:00:00+03:00,14.034732436110245,14.33398017951537,13.346461342045243,14.21428108215332,5803023,0.0,0.0
2022-02-02 00:00:00+03:00,14.25019161334613,14.83671807958468,13.543966043009007,13.753439903259277,6793821,0.0,0.0
2022-02-03 00:00:00+03:00,13.765409522138944,14.160416557298603,13.370402486979284,13.932989120483398,5364573,0.0,0.0
2022-02-04 00:00:00+03:00,13.932988102025082,14.357919453436704,13.496085129021179,13.765408515930176,4883847,0.0,0.0
2022-02-07 00:00:00+03:00,13.765409021118948,13.855183772101817,13.484116570760609,13.579874992370605,1783455,0.0,0.0
2022-02-08 00:00:00+03:00,13.579875854370854,14.764898704250406,13.466162132883968,14.681108474731445,7018995,0.0,0.0
2022-02-09 00:00:00+03:00,14.866642085667053,16.144431918885985,14.693078816793038,15.560896873474121,11660463,0.0,0.0
2022-02-10 00:00:00+03:00,15.575860235536155,16.383829570524487,15.261649462954315,15.949919700622559,8658306,0.0,0.0
2022-02-11 00:00:00+03:00,15.830219623185824,16.45863941713039,14.734972522440717,15.351423263549805,8355069,0.0,0.0
2022-02-14 00:00:00+03:00,14.96240104637067,16.054656821038225,14.327995822820439,15.710521697998047,4357587,0.0,0.0
2022-02-15 00:00:00+03:00,15.90503200388288,16.189318439774123,15.411273424869316,15.560896873474121,2632374,0.0,0.0
2022-02-16 00:00:00+03:00,15.605783446499517,15.860143795761637,15.022250175476074,15.022250175476074,1796634,0.0,0.0
2022-02-17 00:00:00+03:00,15.052175915452844,15.411273214591306,14.304056114169969,14.573379516601562,3224367,0.0,0.0
2022-02-18 00:00:00+03:00,14.66315314624355,15.246688207136872,14.16640229055618,15.082100868225098,3850749,0.0,0.0
2022-02-21 00:00:00+03:00,15.112025478027448,15.366387577813988,14.573380354505572,15.126989364624023,1805637,0.0,0.0
2022-02-22 00:00:00+03:00,14.962400400745256,15.007286918735442,14.214280637554628,14.728986740112305,1985481,0.0,0.0
2022-02-23 00:00:00+03:00,14.932476571162345,14.962400917522675,14.22026651145854,14.244205474853516,1331259,0.0,0.0
2022-02-24 00:00:00+03:00,12.819786071777344,13.43025236058049,12.819786071777344,12.819786071777344,2099052,0.0,0.0
2022-02-25 00:00:00+03:00,12.819784754776862,13.747453146969011,12.179393327574385,13.29858112335205,2847501,0.0,0.0
2022-02-28 00:00:00+03:00,12.867664730749498,13.268657128076713,12.80781518310032,13.184866905212402,1605510,0.0,0.0
2022-03-01 00:00:00+03:00,13.238731094098137,13.526008904758298,12.801829851796848,12.813798904418945,990786,0.0,0.0
2022-03-02 00:00:00+03:00,12.813800057216797,13.017289380896806,12.275154113769531,12.275154113769531,1162989,0.0,0.0
2022-03-03 00:00:00+03:00,12.27515344907083,13.502070426940918,12.113559246709222,13.502070426940918,3149652,0.0,0.0
2022-03-04 00:00:00+03:00,13.837229153556393,14.597319742082663,13.633739822235821,14.292086601257324,4117083,0.0,0.0
2022-03-07 00:00:00+03:00,14.513528274094774,14.513528274094774,13.597828929835272,13.765408515930176,1805883,0.0,0.0
2022-03-08 00:00:00+03:00,13.60979891919642,13.915032016544188,13.154941536285625,13.424264907836914,2120082,0.0,0.0
2022-03-09 00:00:00+03:00,13.466160137562461,14.447692651525994,13.466160137562461,14.088595390319824,2758224,0.0,0.0
2022-03-10 00:00:00+03:00,14.196324832041809,14.717017154683377,14.100565560610372,14.477617263793945,2317530,0.0,0.0
2022-03-11 00:00:00+03:00,14.48360397646616,14.489588503048758,14.21428058867395,14.298069953918457,1422399,0.0,0.0
2022-03-14 00:00:00+03:00,14.363905489075867,15.72548380191972,14.363905489075867,15.665635108947754,4098279,0.0,0.0
2022-03-15 00:00:00+03:00,15.560896826149042,17.176837257872656,15.276612103433402,16.99728775024414,5507370,0.0,0.0
2022-03-16 00:00:00+03:00,16.982324817534657,18.059618390527714,16.787814857328048,17.35638427734375,5234793,0.0,0.0
2022-03-17 00:00:00+03:00,17.35638347077016,18.89751118175536,17.11698529063261,18.254127502441406,8779755,0.0,0.0
2022-03-18 00:00:00+03:00,18.269093387222444,18.688039392177387,17.506010534291136,17.93992042541504,3279366,0.0,0.0
2022-03-21 00:00:00+03:00,17.93991944875993,19.720443725585938,17.80525646674765,19.720443725585938,5738202,0.0,0.0
2022-03-22 00:00:00+03:00,19.84014477730439,20.99224923885016,18.777813355117278,19.750370025634766,10641804,0.0,0.0
2022-03-23 00:00:00+03:00,20.019692561235257,20.73788886202667,19.750370018632832,20.348865509033203,6202521,0.0,0.0
2022-03-24 00:00:00+03:00,20.01969313019442,20.34886608734745,19.61570930480957,19.61570930480957,3523815,0.0,0.0
2022-03-25 00:00:00+03:00,19.61570950011708,20.21420501348571,18.777814069089967,19.989768981933594,3687402,0.0,0.0
2022-03-28 00:00:00+03:00,20.18427814658775,20.618186269427227,19.675555739487496,20.09450340270996,2884242,0.0,0.0
2022-03-29 00:00:00+03:00,20.169315014633945,20.318940164114654,19.600743898615534,19.73540687561035,2253399,0.0,0.0
2022-03-30 00:00:00+03:00,19.76533219185397,20.45360243389214,19.705483498969418,20.348865509033203,2357397,0.0,0.0
2022-03-31 00:00:00+03:00,20.363826796896475,22.383750915527344,20.363826796896475,22.383750915527344,6029613,0.0,0.0
2022-04-01 00:00:00+03:00,22.71292516672884,24.448564682590998,22.668038646412818,23.939842224121094,9200565,0.0,0.0
2022-04-04 00:00:00+03:00,23.939840610371004,26.333824157714844,23.191720002690047,26.333824157714844,7191798,0.0,0.0
2022-04-05 00:00:00+03:00,27.231566996997234,28.832543348525824,26.932320137015374,28.817581176757812,9683463,0.0,0.0
2022-04-06 00:00:00+03:00,28.727811764824363,30.85247124510755,27.38119558834822,29.924802780151367,13143846,0.0,0.0
2022-04-07 00:00:00+03:00,29.924801913594955,31.421043207892378,28.428562331608497,30.822546005249023,2163888,0.0,0.0
2022-04-08 00:00:00+03:00,30.70284905746737,31.60059316192769,29.62555544719059,30.373674392700195,1717836,0.0,0.0
2022-04-11 00:00:00+03:00,30.373674838976747,30.79262255049671,28.997134315195186,29.924802780151367,1833195,0.0,0.0
2022-04-12 00:00:00+03:00,29.98465269380298,30.01457703890725,26.932321548461914,26.932321548461914,3311394,0.0,0.0
2022-04-13 00:00:00+03:00,26.27397423507231,26.27397423507231,24.23908805847168,24.23908805847168,910209,0.0,0.0
2022-04-14 00:00:00+03:00,21.815180660256004,26.663000106811523,21.815180660256004,26.663000106811523,2477478,0.0,0.0
2022-04-15 00:00:00+03:00,26.229087684528395,29.236530626525564,25.58570569753647,28.72780990600586,1948104,0.0,0.0
2022-04-18 00:00:00+03:00,28.727810882836923,30.074427017969903,28.099389334850482,28.742773056030273,1403238,0.0,0.0
2022-04-19 00:00:00+03:00,28.742771070555417,29.056980110532944,27.545778462351986,27.88991355895996,1140012,0.0,0.0
2022-04-20 00:00:00+03:00,27.919843336638245,28.069466790488338,25.18172265869736,26.94728660583496,1356129,0.0,0.0
2022-04-21 00:00:00+03:00,27.53081941790884,29.02705906391454,26.932323901968772,27.96472930908203,2093949,0.0,0.0
2022-04-22 00:00:00+03:00,27.740290626185303,28.12931224630044,25.899916020309416,26.333824157714844,1256106,0.0,0.0
2022-04-25 00:00:00+03:00,26.333824345854957,27.53081698423414,23.939840781407476,27.500892639160156,1545867,0.0,0.0
2022-04-26 00:00:00+03:00,27.50089492037877,27.650518370470955,26.13931655883789,26.13931655883789,898491,0.0,0.0
2022-04-27 00:00:00+03:00,25.944803787760296,26.932322626528535,25.39119481961648,25.810142517089844,592284,0.0,0.0
2022-04-28 00:00:00+03:00,25.735331137782858,26.633075267150993,25.28645907309879,25.600669860839844,547815,0.0,0.0
2022-04-29 00:00:00+03:00,25.42111958408616,26.019616793839145,24.98720970632409,25.959766387939453,435720,0.0,0.0
2022-05-05 00:00:00+03:00,25.944802166628595,27.785178458500784,25.73532833098065,27.605628967285156,989895,0.0,0.0
2022-05-06 00:00:00+03:00,27.530818523351694,28.473449144367347,26.827586100933317,28.234052658081055,964779,0.0,0.0
2022-05-09 00:00:00+03:00,28.23405213037662,28.249012591159477,27.24653329538669,27.545780181884766,635856,0.0,0.0
2022-05-10 00:00:00+03:00,27.605628432518614,27.80013837987157,26.633071846510557,27.17171859741211,124347,0.0,0.0
2022-05-11 00:00:00+03:00,27.02209481852305,27.23156693510998,25.720365329934673,25.944801330566406,664077,0.0,0.0
2022-05-12 00:00:00+03:00,25.60066974127058,26.722849897739547,24.38871482982189,26.13931655883789,680445,0.0,0.0
2022-05-13 00:00:00+03:00,26.348789752973328,26.917360903782022,26.139315900731546,26.812623977661133,492198,0.0,0.0
2022-05-16 00:00:00+03:00,26.827585723917565,27.680441580396067,26.22908852352424,26.663000106811523,588240,0.0,0.0
2022-05-17 00:00:00+03:00,26.663000192753216,27.635555149982988,26.648036307230836,27.32134437561035,576858,0.0,0.0
2022-05-18 00:00:00+03:00,27.83006463142712,28.06946280855064,27.42607913733691,27.515853881835938,784617,0.0,0.0
2022-05-20 00:00:00+03:00,27.530817519611723,29.8799146121299,27.530817519611723,29.730289459228516,1412136,0.0,0.0
2022-05-23 00:00:00+03:00,29.775175421493785,32.31878585019193,29.775175421493785,32.07938766479492,4871412,0.0,0.0
2022-05-24 00:00:00+03:00,32.498336277938314,34.26389666167101,31.57066443020577,34.0843505859375,4747605,0.0,0.0
2022-05-25 00:00:00+03:00,34.44344733111735,35.131717585322946,32.677886887457404,33.366153717041016,4817046,0.0,0.0
2022-05-26 00:00:00+03:00,33.63547742941028,33.63547742941028,32.22901266851346,33.156681060791016,3433932,0.0,0.0
2022-05-27 00:00:00+03:00,33.15667989531399,33.33622595876874,32.01953427903737,32.22901153564453,1899126,0.0,0.0
2022-05-30 00:00:00+03:00,32.31878290705324,33.75517188862924,31.72028578575251,32.378631591796875,3039702,0.0,0.0
2022-05-31 00:00:00+03:00,32.46840868705472,33.007057191102,31.570664604931142,31.81006622314453,1620420,0.0,0.0
2022-06-01 00:00:00+03:00,31.947319417079033,33.118320082663544,30.98649871056517,32.72798538208008,3192867,0.119041,0.0
2022-06-02 00:00:00+03:00,32.69796371459961,33.5987340837961,32.24757853000136,32.69796371459961,2587980,0.0,0.0
2022-06-03 00:00:00+03:00,32.75801086425781,32.96819082502629,32.127470981952364,32.75801086425781,1879395,0.0,0.0
2022-06-06 00:00:00+03:00,32.75800930628854,34.43944891246722,32.337652840909634,34.04911422729492,3732384,0.0,0.0
2022-06-07 00:00:00+03:00,34.01908833957869,34.49949866438752,33.50865279899001,33.628753662109375,2426877,0.0,0.0
2022-06-08 00:00:00+03:00,33.68881091153306,33.89898744308956,30.896420893552513,31.226701736450195,2231745,0.0,0.0
2022-06-09 00:00:00+03:00,31.22669793684831,33.44859821889246,31.016521430865662,32.81806182861328,2931279,0.0,0.0
2022-06-10 00:00:00+03:00,32.72798370308236,34.019088608828305,32.00736821016568,33.65877914428711,3108006,0.0,0.0
2022-06-13 00:00:00+03:00,33.418576733827464,34.01909141215942,31.767165663622094,31.887269973754883,2195850,0.0,0.0
2022-06-14 00:00:00+03:00,31.977345830425072,32.57785707636933,31.25673027359236,32.127471923828125,1491990,0.0,0.0
2022-06-15 00:00:00+03:00,32.18752639109542,32.63791155194455,31.767166449480754,31.977346420288086,1421508,0.0,0.0
2022-06-16 00:00:00+03:00,31.977345304911122,32.84809037700313,31.376830632669677,32.067420959472656,1914777,0.0,0.0
2022-06-17 00:00:00+03:00,32.187522888183594,32.427728052084284,31.617033476315893,32.187522888183594,1274574,0.0,0.0
2022-06-20 00:00:00+03:00,32.367678309738565,34.43944918108288,32.187523573933454,34.079139709472656,3834921,0.0,0.0
2022-06-21 00:00:00+03:00,34.169220498851864,35.88068198390523,34.079141408375826,34.229270935058594,3260445,0.0,0.0
2022-06-22 00:00:00+03:00,34.139192579739635,35.58042355167012,33.62875360386928,35.430294036865234,3498585,0.0,0.0
2022-06-23 00:00:00+03:00,35.64047701848493,36.42114643855808,34.61960585213201,35.730552673339844,4090062,0.0,0.0
2022-06-24 00:00:00+03:00,35.91070741921565,36.36109256582217,35.460322272609126,35.730552673339844,1303164,0.0,0.0
2022-06-27 00:00:00+03:00,35.130043029785156,35.130043029785156,35.130043029785156,35.130043029785156,16941,0.0,0.0
2022-06-28 00:00:00+03:00,40.53465850418449,42.75655876182853,39.573837885581305,42.516353607177734,6551676,0.0,0.0
2022-06-29 00:00:00+03:00,42.816614316004774,43.77743504960487,40.83491897583008,40.83491897583008,5165520,0.0,0.0
2022-06-30 00:00:00+03:00,40.83491914199966,42.7565640531856,40.024227933287875,40.11430358886719,3975354,0.0,0.0
2022-07-01 00:00:00+03:00,40.77486669635165,42.156047297525916,40.2644311342146,41.015071868896484,2874039,0.0,0.0
2022-07-04 00:00:00+03:00,41.345357110011136,41.645612723776786,39.30360794067383,39.30360794067383,1975437,0.0,0.0
2022-07-05 00:00:00+03:00,39.784018564610676,40.3845332323448,38.82319784516883,39.33363342285156,1628310,0.0,0.0
2022-07-06 00:00:00+03:00,39.54381917060439,42.60643625484705,39.03338012642549,42.486331939697266,3128151,0.0,0.0
2022-07-07 00:00:00+03:00,42.60643506523583,46.35964584350586,42.60643506523583,46.35964584350586,5369415,0.0,0.0
2022-07-08 00:00:00+03:00,46.47973990530044,50.773410866795494,46.47973990530044,50.05279541015625,3313686,0.0,0.0
2022-07-13 00:00:00+03:00,50.65331292641755,55.03705978393555,50.593259057781,55.03705978393555,5720511,0.0,0.0
2022-07-14 00:00:00+03:00,55.81773062245867,59.600962946523424,52.99531555175781,52.99531555175781,6624309,0.0,0.0
2022-07-18 00:00:00+03:00,53.80601197213543,58.27983474731445,53.7459580998886,58.27983474731445,6636717,0.0,0.0
2022-07-19 00:00:00+03:00,58.79026923079231,60.74194272871165,56.74852695276194,58.85032653808594,6214566,0.0,0.0
2022-07-20 00:00:00+03:00,60.20147756055014,60.65186266231902,54.946982415802836,57.37906265258789,3619914,0.0,0.0
2022-07-21 00:00:00+03:00,57.10883503316154,59.03047639410261,55.54749627314823,57.649295806884766,2858961,0.0,0.0
2022-07-22 00:00:00+03:00,58.24980781743678,58.85032590526149,56.89865242832873,57.73937225341797,1831038,0.0,0.0
2022-07-25 00:00:00+03:00,58.249807533487704,63.504302978515625,57.37906593165083,63.504302978515625,5006676,0.0,0.0
2022-07-26 00:00:00+03:00,65.69617568680773,69.0590479707141,62.42337905051529,65.81627655029297,5955015,0.0,0.0
2022-07-27 00:00:00+03:00,66.95726223765183,67.85803255083847,64.25495129809187,67.19746398925781,3606639,0.0,0.0
2022-07-28 00:00:00+03:00,67.25751077467703,73.7730860181365,66.35674051040755,73.7130355834961,4701867,0.0,0.0
2022-07-29 00:00:00+03:00,75.06418780931727,80.04844926959291,74.04330984655542,79.56803894042969,5449554,0.0,0.0
2022-08-01 00:00:00+03:00,81.06933046918266,87.52484893798828,80.76907139888974,87.52484893798828,4584114,0.0,0.0
2022-08-02 00:00:00+03:00,85.87343413780219,96.26231739260851,78.78737289402729,96.23229217529297,2569752,0.0,0.0
2022-08-03 00:00:00+03:00,96.23229351374864,105.84050750732422,96.23229351374864,105.84050750732422,2105217,0.0,0.0
2022-08-04 00:00:00+03:00,105.99063533240273,114.24770091859602,95.48165089000355,99.08473205566406,3370095,0.0,0.0
2022-08-05 00:00:00+03:00,98.00380542412202,98.03383064080579,89.17625427246094,89.17625427246094,1155735,0.0,0.0
2022-08-08 00:00:00+03:00,80.25863647460938,80.25863647460938,80.25863647460938,80.25863647460938,191616,0.0,0.0
2022-08-09 00:00:00+03:00,72.24176788330078,72.24176788330078,72.24176788330078,72.24176788330078,188052,0.0,0.0
2022-08-10 00:00:00+03:00,65.03560609320735,79.44792938232422,65.03560609320735,79.44792938232422,2432283,0.0,0.0
2022-08-11 00:00:00+03:00,79.4479295121117,87.37471008300781,79.4479295121117,87.37471008300781,1387929,0.0,0.0
2022-08-12 00:00:00+03:00,93.0195355087456,94.49079859220147,88.39558348959383,90.82766723632812,1613691,0.0,0.0
2022-08-15 00:00:00+03:00,90.97779571152591,91.57830692379507,81.7599097745205,87.46479034423828,1713681,0.0,0.0
2022-08-16 00:00:00+03:00,84.07188930197366,89.26632722706489,80.76906058783668,84.22201538085938,1312641,0.0,0.0
2022-08-17 00:00:00+03:00,84.22202737248699,84.37215347274784,79.26779046822305,80.25863647460938,1315611,0.0,0.0
2022-08-18 00:00:00+03:00,80.28865738693229,84.70243322111239,76.41534922935821,84.55230712890625,1632534,0.0,0.0
2022-08-19 00:00:00+03:00,84.5523004335886,88.57574123710253,81.8499897538702,85.002685546875,990876,0.0,0.0
2022-08-22 00:00:00+03:00,84.97266793367295,87.07446073551142,81.06932764516542,83.17112731933594,823188,0.0,0.0
2022-08-23 00:00:00+03:00,83.17112141978893,85.33296450578247,82.03014257121984,83.02098846435547,615843,0.0,0.0
2022-08-24 00:00:00+03:00,83.02098425572606,84.07188740116,80.76905876169795,80.82910919189453,674034,0.0,0.0
2022-08-25 00:00:00+03:00,80.82911274083067,83.11106355014991,79.5680399066704,80.79908752441406,590484,0.0,0.0
2022-08-26 00:00:00+03:00,80.76905729528723,85.66324286309562,79.4179020234014,83.9217529296875,1078476,0.0,0.0
2022-08-29 00:00:00+03:00,83.83169258493847,85.27292376350208,81.36959018060051,83.14110565185547,581463,0.0,0.0
2022-08-31 00:00:00+03:00,83.14109684770497,83.98180979192462,81.91004233973122,81.9700927734375,672015,0.0,0.0
2022-09-01 00:00:00+03:00,81.97009479572958,82.66068167272104,79.11765789031845,80.37873077392578,707448,0.0,0.0
2022-09-02 00:00:00+03:00,80.37872943020099,82.4805289882962,79.477959172779,80.91919708251953,664395,0.0,0.0
2022-09-05 00:00:00+03:00,80.91919809754538,84.0718940380688,80.91919809754538,83.2011489868164,884352,0.0,0.0
2022-09-06 00:00:00+03:00,84.07189331558791,91.51825714111328,81.97009374919041,91.51825714111328,1637763,0.0,0.0
2022-09-07 00:00:00+03:00,91.5783126166911,100.3157887525734,90.37729011749212,99.32493591308594,1833063,0.0,0.0
2022-09-08 00:00:00+03:00,100.76616854833621,104.00894011942921,95.78190688646525,99.50508880615234,3812187,0.0,0.0
2022-09-09 00:00:00+03:00,100.76616991485615,101.45675679368027,96.1121855798015,98.1839599609375,2714703,0.0,0.0
2022-09-12 00:00:00+03:00,98.18395131559618,98.54426076828479,88.36555480957031,88.36555480957031,4915461,0.0,0.0
2022-09-13 00:00:00+03:00,79.53801727294922,86.02356044216963,79.53801727294922,79.53801727294922,3958581,0.0,0.0
2022-09-14 00:00:00+03:00,72.09164692549643,81.66983564488835,71.61123657226562,71.61123657226562,7984305,0.0,0.0
2022-09-15 00:00:00+03:00,72.06161577197533,76.50541632755797,68.45853498337657,73.95323181152344,6018432,0.0,0.0
2022-09-16 00:00:00+03:00,74.10336649957965,78.66727531826407,71.46111290353247,78.06675720214844,4895493,0.0,0.0
2022-09-19 00:00:00+03:00,78.96752801461294,80.10850694474489,73.68301391601562,73.68301391601562,2677812,0.0,0.0
2022-09-20 00:00:00+03:00,74.07333809234218,76.11508722904574,71.4911350445973,72.6621322631836,2281536,0.0,0.0
2022-09-21 00:00:00+03:00,72.66213385068185,75.84485505822667,69.89977256657366,72.0616226196289,3077229,0.0,0.0
2022-09-22 00:00:00+03:00,72.06161920592557,73.35272413300927,71.31097504841999,71.76136016845703,1684812,0.0,0.0
2022-09-23 00:00:00+03:00,71.70130777368512,72.061617234323,68.12825212766117,68.69873809814453,2542665,0.0,0.0
2022-09-26 00:00:00+03:00,68.36846499627065,68.36846499627065,62.84373562348557,63.98471450805664,4748211,0.0,0.0
2022-09-27 00:00:00+03:00,63.9847114947145,67.79796892489279,63.9847114947145,64.765380859375,2670000,0.0,0.0
2022-09-28 00:00:00+03:00,64.76538201246541,65.09565939603698,58.7602424621582,58.7602424621582,3405429,0.0,0.0
2022-09-29 00:00:00+03:00,58.730217889243164,60.26153144645963,54.13629096225709,56.23809051513672,4525125,0.0,0.0
2022-09-30 00:00:00+03:00,56.47830118026166,61.01217467799067,55.427401301616165,60.801998138427734,3781317,0.0,0.0
2022-10-03 00:00:00+03:00,61.222354934720876,64.22492488006246,61.222354934720876,63.05392074584961,2387265,0.0,0.0
2022-10-04 00:00:00+03:00,63.23406633089646,64.25494428072682,60.561780902130984,61.46255111694336,1863597,0.0,0.0
2022-10-05 00:00:00+03:00,61.46255062386566,62.30327040059013,58.45998784679975,59.60095977783203,2760942,0.0,0.0
2022-10-06 00:00:00+03:00,59.63098463429636,60.05134452012811,57.76939379946913,58.09967803955078,1819524,0.0,0.0
2022-10-07 00:00:00+03:00,59.75109472072394,61.46255267436975,59.03047578168142,60.86204147338867,2874837,0.0,0.0
2022-10-10 00:00:00+03:00,60.89206906556979,62.39335056276186,59.03047808479872,60.35160827636719,2098434,0.0,0.0
2022-10-11 00:00:00+03:00,60.05135142882511,62.063075443675544,59.60096627592809,60.95212173461914,2070987,0.0,0.0
2022-10-12 00:00:00+03:00,60.95212100285924,61.70276520611977,59.06050475786795,59.39078903198242,1370892,0.0,0.0
2022-10-13 00:00:00+03:00,59.42081322761122,60.74194342899864,58.399942076826534,58.58009338378906,1147200,0.0,0.0
2022-10-14 00:00:00+03:00,58.76024234235699,62.06307114999157,58.55006582596722,61.252376556396484,2715468,0.0,0.0
2022-10-17 00:00:00+03:00,61.252372050703315,62.03304137024566,60.23150101581321,60.83201217651367,1977870,0.0,0.0
2022-10-18 00:00:00+03:00,60.65186946440042,60.862045995042514,59.51089053820437,59.81114959716797,1697820,0.0,0.0
2022-10-19 00:00:00+03:00,59.87119687040805,62.27324859817657,59.60096304438899,60.23150634765625,3081774,0.0,0.0
2022-10-20 00:00:00+03:00,60.23150479296412,60.952116856528434,59.75109445981074,60.141422271728516,1742184,0.0,0.0
2022-10-21 00:00:00+03:00,60.141422271728516,61.37247675707908,59.691037154876504,60.141422271728516,1837992,0.0,0.0
2022-10-24 00:00:00+03:00,60.1714533818329,66.14656066894531,60.1714533818329,66.14656066894531,6624438,0.0,0.0
2022-10-25 00:00:00+03:00,67.73792516603932,70.44023612009406,64.43510295741646,65.75623321533203,7043781,0.0,0.0
2022-10-26 00:00:00+03:00,65.75622583966278,66.65699605664446,63.26409169892548,65.09565734863281,3051870,0.0,0.0
2022-10-27 00:00:00+03:00,64.85545861219501,65.84630452208165,63.384202355929034,64.22492218017578,1716519,0.0,0.0
2022-10-28 00:00:00+03:00,64.22492903231351,64.67531420961633,62.903798720736454,63.08395004272461,631506,0.0,0.0
2022-10-31 00:00:00+03:00,63.68445225071865,68.00815208590761,63.65442703466397,66.20661163330078,3343794,0.0,0.0
2022-11-01 00:00:00+03:00,67.3475904452538,67.55777385136852,64.43510295741646,65.75623321533203,2188596,0.0,0.0
2022-11-02 00:00:00+03:00,65.756224389514,65.99642611016846,63.05391379816412,63.474273681640625,1697442,0.0,0.0
2022-11-03 00:00:00+03:00,63.504301382993205,64.49514726414807,62.483430285581,63.32415008544922,1927362,0.0,0.0
2022-11-04 00:00:00+03:00,63.65443198598514,63.92466582382872,62.72363647122568,63.05392074584961,1808295,0.0,0.0
2022-11-07 00:00:00+03:00,63.113969657023226,63.50430435899224,61.40250476082516,61.49258041381836,2008467,0.0,0.0
2022-11-08 00:00:00+03:00,61.55263916329283,61.85289134696997,60.05135075557927,61.222354888916016,1894296,0.0,0.0
2022-11-09 00:00:00+03:00,61.25237237099119,66.02645708413324,60.65186120715067,63.35417175292969,5897076,0.0,0.0
2022-11-10 00:00:00+03:00,63.56435145861875,64.88548158351811,62.183170901541885,63.7144775390625,2883978,0.0,0.0
2022-11-11 00:00:00+03:00,63.95469267717902,64.40507783687747,62.06307638091198,62.45341110229492,2108982,0.0,0.0
2022-11-14 00:00:00+03:00,63.11397197361634,64.73536127633416,62.93382066101749,63.14399719238281,2498628,0.0,0.0
2022-11-15 00:00:00+03:00,63.44425322821776,63.654429749564706,60.29155730169139,61.762813568115234,2449776,0.0,0.0
2022-11-16 00:00:00+03:00,61.912945020782196,62.753664923698594,60.56178950659491,60.801998138427734,2584647,0.0,0.0
2022-11-17 00:00:00+03:00,60.801995641097484,64.4651273016823,58.700195970134054,60.95212173461914,4220961,0.0,0.0
2022-11-18 00:00:00+03:00,62.09309676402504,63.534327788345124,61.10225086432572,61.6427116394043,1692051,0.0,0.0
2022-11-21 00:00:00+03:00,61.7628100199853,62.81370631101197,61.04219110067304,61.7928352355957,2435214,0.0,0.0
2022-11-22 00:00:00+03:00,61.70276246848681,64.01473854004624,61.07222603890939,63.504302978515625,4094781,0.0,0.0
2022-11-23 00:00:00+03:00,63.714483427392864,66.56692732575989,63.35418080102961,63.86461639404297,4629603,0.0,0.0
2022-11-24 00:00:00+03:00,64.10482482370938,68.9089359380551,64.0747996017176,68.24836730957031,7051608,0.0,0.0
2022-11-25 00:00:00+03:00,68.45853678095654,69.20918092240204,65.36589143989194,65.81627655029297,3985779,0.0,0.0
2022-11-28 00:00:00+03:00,66.08650833747915,68.24835130319882,64.16486021902773,65.24578857421875,6768186,0.0,0.0
2022-11-29 00:00:00+03:00,65.30584113605993,66.80712254956002,64.88548124070687,65.48599243164062,2504199,0.0,0.0
2022-11-30 00:00:00+03:00,65.48598812850594,67.22747802734375,65.18573598893457,67.22747802734375,2752956,0.0,0.0
2022-12-01 00:00:00+03:00,68.15827923115751,73.92321014404297,66.80712387059053,73.92321014404297,9025155,0.0,0.0
2022-12-02 00:00:00+03:00,75.39447987402441,75.6346885215685,69.98985746377656,72.63211822509766,8415111,0.0,0.0
2022-12-05 00:00:00+03:00,73.02243792283447,75.36443910982105,70.26007684358555,73.35272216796875,4137912,0.0,0.0
2022-12-06 00:00:00+03:00,74.46366804419391,78.03672365148705,73.53287262316219,75.0641860961914,5157615,0.0,0.0
2022-12-07 00:00:00+03:00,75.06419679886537,76.14511845084893,67.88805934573668,70.26008605957031,3105969,0.0,0.0
2022-12-08 00:00:00+03:00,70.26008136540847,70.56034041415757,67.13741062434597,69.11910247802734,2619111,0.0,0.0
2022-12-09 00:00:00+03:00,69.32929050582551,70.83057210520985,68.63869670926272,70.26008605957031,2068878,0.0,0.0
2022-12-12 00:00:00+03:00,70.3501567701171,74.3135473358276,70.3501567701171,73.77308654785156,2623476,0.0,0.0
2022-12-13 00:00:00+03:00,72.75221065937694,77.76650460227857,72.181724637204,75.84485626220703,4739007,0.0,0.0
2022-12-14 00:00:00+03:00,77.16597898060692,78.60720994117041,73.29267120361328,73.29267120361328,4732635,0.0,0.0
2022-12-15 00:00:00+03:00,74.16341217465134,77.61635987514012,73.59291936660449,76.86572265625,4381482,0.0,0.0
2022-12-16 00:00:00+03:00,78.75734697935727,79.568041584362,76.62552220717151,76.92578125,1575606,0.0,0.0
2022-12-19 00:00:00+03:00,79.59806154730002,80.22859793605454,76.86572574214509,77.55631256103516,2866425,0.0,0.0
2022-12-20 00:00:00+03:00,77.55631410310733,78.36700867071897,76.62551867283659,76.95580291748047,2093562,0.0,0.0
2022-12-21 00:00:00+03:00,77.10593935195256,77.4962740803521,74.4636787845805,74.64383697509766,2229069,0.0,0.0
2022-12-22 00:00:00+03:00,75.00413236254451,75.45451748681066,72.96239013111486,73.6529769897461,1896234,0.0,0.0
2022-12-23 00:00:00+03:00,76.47539585558138,76.50542107252649,73.0824913621305,73.26264953613281,1708890,0.0,0.0
2022-12-26 00:00:00+03:00,73.41278386249479,74.76393939370635,71.49114227294922,71.49114227294922,2492688,0.0,0.0
2022-12-27 00:00:00+03:00,71.82141163344083,76.26521246463395,70.23005451835493,73.26264953613281,3421998,0.0,0.0
2022-12-28 00:00:00+03:00,73.26264858757678,73.56290075314044,69.05904954636998,70.6504135131836,1893402,0.0,0.0
2022-12-29 00:00:00+03:00,71.13082424636191,71.85143632005749,70.44023051705824,71.0407485961914,1176639,0.0,0.0
2022-12-30 00:00:00+03:00,71.16084785193303,71.61123296491995,69.17915610372316,69.47940826416016,1567287,0.0,0.0
2023-01-02 00:00:00+03:00,69.92979122683957,70.9506622855969,69.20917919161784,69.23920440673828,1796862,0.0,0.0
2023-01-03 00:00:00+03:00,69.26923341360647,69.869744621218,64.55519878601142,65.6061019897461,5321742,0.0,0.0
2023-01-04 00:00:00+03:00,65.60610137702626,66.29668822848014,59.06050109863281,59.06050109863281,4794027,0.0,0.0
2023-01-05 00:00:00+03:00,56.89865298694463,58.73021874089527,54.136291747292255,55.24724197387695,4607109,0.0,0.0
2023-01-06 00:00:00+03:00,52.54493258110324,55.307297331151005,50.83347108713995,54.28642272949219,4597815,0.0,0.0
2023-01-09 00:00:00+03:00,54.49660285485673,55.15716796702364,50.44313652680954,51.04364776611328,3292584,0.0,0.0
2023-01-10 00:00:00+03:00,51.19376864393192,52.51489864503751,49.09197278917234,49.48230743408203,2677758,0.0,0.0
2023-01-11 00:00:00+03:00,50.17290630239048,50.74339232535688,47.41054153442383,47.41054153442383,1955538,0.0,0.0
2023-01-12 00:00:00+03:00,49.122002553211544,49.24210341743913,44.88838180204029,48.49146270751953,2581533,0.0,0.0
2023-01-13 00:00:00+03:00,48.941848489172074,50.41310814921516,47.98102781756519,48.91182327270508,2362731,0.0,0.0
2023-01-16 00:00:00+03:00,49.39223273066576,51.79428780315728,49.031926703299746,50.623287200927734,2686929,0.0,0.0
2023-01-17 00:00:00+03:00,51.223799348483375,52.63500857686423,50.653313362764834,51.46400451660156,2364300,0.0,0.0
2023-01-18 00:00:00+03:00,51.764264093476235,56.598396158891966,51.584109356468176,54.76683044433594,6499395,0.0,0.0
2023-01-19 00:00:00+03:00,54.76683368849738,55.78770830123825,52.84518877352409,53.26554870605469,2641587,0.0,0.0
2023-01-20 00:00:00+03:00,53.745957210724086,54.016191040949266,52.24467571654321,53.445701599121094,1397976,0.0,0.0
2023-01-23 00:00:00+03:00,54.736805258288655,58.79026794433594,54.34647056724614,58.79026794433594,4748652,0.0,0.0
2023-01-24 00:00:00+03:00,61.162303395903436,63.26409613467317,60.41165920501033,61.10225296020508,8308185,0.0,0.0
2023-01-25 00:00:00+03:00,61.882914918992284,62.39335048999566,55.99788293517137,57.439117431640625,5536509,0.0,0.0
2023-01-26 00:00:00+03:00,58.249811562298376,58.36991931098402,55.54750061035156,55.54750061035156,2728539,0.0,0.0
2023-01-27 00:00:00+03:00,55.63757457097972,59.36075980928204,55.547495485858704,56.478294372558594,4811076,0.0,0.0
2023-01-30 00:00:00+03:00,56.53834478529284,58.459989554487265,55.24723986706061,55.397369384765625,1840686,0.0,0.0
2023-01-31 00:00:00+03:00,55.24724452471051,55.33732361739399,52.184627532958984,52.184627532958984,2147676,0.0,0.0
2023-02-01 00:00:00+03:00,52.54493212094397,53.44570240550967,49.09198050883076,49.15203094482422,1817469,0.0,0.0
2023-02-02 00:00:00+03:00,49.242105537560725,50.20292967357839,46.38966865535498,49.03192901611328,2086308,0.0,0.0
2023-02-03 00:00:00+03:00,50.14287398562518,51.82431358559932,48.49146303807835,51.76426315307617,1895808,0.0,0.0
2023-02-06 00:00:00+03:00,50.98359267540503,51.193772620824966,48.49146198213921,49.872642517089844,500646,0.0,0.0
2023-02-07 00:00:00+03:00,49.30215745702211,49.392233105505774,44.88838195800781,44.88838195800781,1280778,0.0,0.0
2023-02-08 00:00:00+03:00,41.5855598449707,41.5855598449707,41.5855598449707,41.5855598449707,3,0.0,0.0
2023-02-15 00:00:00+03:00,44.88838325906138,49.36220932006836,43.47717744158688,49.36220932006836,1491153,0.0,0.0
2023-02-16 00:00:00+03:00,50.71336441777776,53.715930774166004,46.599847856654364,46.78000259399414,1933125,0.0,0.0
2023-02-17 00:00:00+03:00,46.53979715695132,46.840056218359194,44.88838606387222,46.35964584350586,916938,0.0,0.0
2023-02-20 00:00:00+03:00,46.53979580883843,50.98359680175781,45.60900030500157,50.98359680175781,2096295,0.0,0.0
2023-02-21 00:00:00+03:00,50.98358871483942,51.644153715392214,49.422253571366035,49.48230743408203,1644255,0.0,0.0
2023-02-22 00:00:00+03:00,49.482312018225755,49.542362450339546,48.07110281039152,48.49146270751953,953175,0.0,0.0
2023-02-23 00:00:00+03:00,48.341333979756776,51.01361948640756,48.191207897022984,49.272132873535156,1116807,0.0,0.0
2023-02-24 00:00:00+03:00,49.872646065884396,50.653315471898836,48.73167061077291,49.45228958129883,942960,0.0,0.0
2023-02-27 00:00:00+03:00,49.69249180913497,52.034496613911976,49.272135320439254,50.98359680175781,1992168,0.0,0.0
2023-02-28 00:00:00+03:00,50.98359262505243,52.725082617907496,50.35305622558102,51.6741828918457,1969671,0.0,0.0
2023-03-01 00:00:00+03:00,50.92354678951307,50.92354678951307,49.96272605964157,50.293006896972656,2090535,0.0,0.0
2023-03-02 00:00:00+03:00,50.413105278406874,50.743386076901515,48.6415901184082,48.6415901184082,1612482,0.0,0.0
2023-03-03 00:00:00+03:00,48.7016444897302,50.38308414154945,47.710798577883736,49.00190353393555,1732293,0.0,0.0
2023-03-06 00:00:00+03:00,49.90267272951441,50.142874461888475,49.00190248844856,49.272132873535156,1270053,0.0,0.0
2023-03-07 00:00:00+03:00,49.30215678452965,50.35305651666658,49.24210291686062,49.51233673095703,1729983,0.0,0.0
2023-03-08 00:00:00+03:00,49.54236339598026,49.93269808450189,48.94184875488281,48.94184875488281,1044948,0.0,0.0
2023-03-09 00:00:00+03:00,49.091977760498544,50.74338871102887,48.97187345906951,49.96272277832031,1944693,0.0,0.0
2023-03-10 00:00:00+03:00,49.96272675244214,50.89352227693263,49.00190600924756,49.632442474365234,1253019,0.0,0.0
2023-03-13 00:00:00+03:00,49.84261735439747,49.93269643748202,48.011051711054726,48.071102142333984,1253211,0.0,0.0
2023-03-14 00:00:00+03:00,48.071108559435324,48.46144328718835,46.68992783864199,46.840057373046875,1273530,0.0,0.0
2023-03-15 00:00:00+03:00,46.900105205715924,47.20036425783782,45.068539419669314,45.84920883178711,992097,0.0,0.0
2023-03-16 00:00:00+03:00,45.93928580499327,47.140311739473695,45.21867024430502,45.99933624267578,1049556,0.0,0.0
2023-03-17 00:00:00+03:00,46.23953721882651,47.05023179837969,45.36879220705924,46.68992233276367,1852704,0.0,0.0
2023-03-20 00:00:00+03:00,46.68992257722609,47.11028247725716,45.42884631329865,45.63902282714844,1147593,0.0,0.0
2023-03-21 00:00:00+03:00,45.63902212888107,46.029356806675835,44.167765937447996,44.828330993652344,1003875,0.0,0.0
2023-03-22 00:00:00+03:00,44.918408098135764,46.41969299023826,44.82833244779925,45.338768005371094,802773,0.0,0.0
2023-03-23 00:00:00+03:00,45.33876722834014,45.759127128371205,45.03851162953184,45.63902282714844,602514,0.0,0.0
2023-03-24 00:00:00+03:00,45.72910257815807,47.14030838012695,45.54894784178281,47.14030838012695,958206,0.0,0.0
2023-03-27 00:00:00+03:00,47.47059177041509,51.85433861604538,47.35048746963343,49.242103576660156,6367644,0.0,0.0
2023-03-28 00:00:00+03:00,49.24210759950401,49.42226234731142,44.91841083295641,45.21866989135742,3047583,0.0,0.0
2023-03-29 00:00:00+03:00,45.33877309837985,47.860929388945664,44.468027969317546,46.93013381958008,1949142,0.0,0.0
2023-03-30 00:00:00+03:00,48.49146811899198,50.683343497408075,47.320467381264926,48.281288146972656,3794862,0.0,0.0
2023-03-31 00:00:00+03:00,47.95100296979109,47.95100296979109,45.639023486232404,46.059383392333984,1282815,0.0,0.0
2023-04-03 00:00:00+03:00,45.038512664883726,46.41969326178472,44.76828227612759,45.36879348754883,955821,0.0,0.0
2023-04-04 00:00:00+03:00,45.63902452964699,46.329618274149446,45.24869326748517,45.789154052734375,999453,0.0,0.0
2023-04-05 00:00:00+03:00,46.23953998706933,46.23953998706933,45.188640179579366,45.48889923095703,889218,0.0,0.0
2023-04-06 00:00:00+03:00,45.789150318019324,45.9092546139263,44.91840534023189,45.06853485107422,616119,0.0,0.0
2023-04-07 00:00:00+03:00,45.488898849769704,45.87923355159018,45.008488494990296,45.09856414794922,830790,0.0,0.0
2023-04-10 00:00:00+03:00,45.278720162887645,46.90010601488928,45.218669725893584,45.93928527832031,1080354,0.0,0.0
2023-04-11 00:00:00+03:00,46.089408593820494,46.59984758601297,45.30874265143649,45.66905212402344,1295697,0.0,0.0
2023-04-12 00:00:00+03:00,45.90925571492299,47.29043625206601,45.60899668603752,45.87923049926758,1911966,0.0,0.0
2023-04-13 00:00:00+03:00,45.99933229465099,46.749976445920346,45.48889674582716,45.63902282714844,921594,0.0,0.0
2023-04-14 00:00:00+03:00,45.72910191210695,46.23953746093078,45.42884631329865,45.63902282714844,728442,0.0,0.0
2023-04-17 00:00:00+03:00,45.84920435216688,46.50976595549773,43.567250210891956,43.62730407714844,1431345,0.0,0.0
2023-04-18 00:00:00+03:00,43.927562460108646,45.639023879806025,43.927562460108646,44.28786849975586,1186800,0.0,0.0
2023-04-19 00:00:00+03:00,44.25783996432386,44.34791904460585,43.53722450289571,43.957584381103516,789447,0.0,0.0
2023-04-20 00:00:00+03:00,44.01763836501324,44.317897408645564,43.53722801860053,43.92756271362305,322035,0.0,0.0
2023-04-24 00:00:00+03:00,44.01764104254541,46.84005629461099,44.01764104254541,45.27872085571289,2364492,0.0,0.0
2023-04-25 00:00:00+03:00,45.578971101824415,45.87923012828195,43.56725074368776,43.687355041503906,1224126,0.0,0.0
2023-04-26 00:00:00+03:00,43.777432528004745,43.98761248089406,42.42627716064453,42.42627716064453,776964,0.0,0.0
2023-04-27 00:00:00+03:00,42.42627716064453,43.056817019312454,42.18607199108043,42.42627716064453,528375,0.0,0.0
2023-04-28 00:00:00+03:00,42.9367183756414,42.9367183756414,39.93415164225959,40.74484634399414,670761,0.0,0.0
2023-05-02 00:00:00+03:00,40.77486793818028,41.34535738795258,39.033377807067474,39.33363342285156,714618,0.0,0.0
2023-05-03 00:00:00+03:00,39.45373625946478,39.723966647209004,36.451169905104685,37.3519401550293,887646,0.0,0.0
2023-05-04 00:00:00+03:00,38.94330146987498,41.07512283325195,38.61301720575837,41.07512283325195,1467756,0.0,0.0
2023-05-05 00:00:00+03:00,41.345356124789625,44.85835806148361,39.483761742538135,39.54381561279297,5756979,0.0,0.0
2023-05-08 00:00:00+03:00,39.63389138643591,42.87666294358706,39.63389138643591,41.37538146972656,2365974,0.0,0.0
2023-05-09 00:00:00+03:00,41.76571567767182,43.41713022615366,40.95502444922566,42.75656509399414,1890711,0.0,0.0
2023-05-10 00:00:00+03:00,43.38710355745698,43.62731219484712,40.53466636340245,40.74484634399414,975267,0.0,0.0
2023-05-11 00:00:00+03:00,40.654766828246295,43.14690134911028,39.63389559257468,42.18607711791992,2110569,0.0,0.0
2023-05-12 00:00:00+03:00,42.18607442101746,42.72653866079201,40.14432864403425,40.83491897583008,1195248,0.0,0.0
2023-05-15 00:00:00+03:00,40.324480770151034,41.94586651177741,39.033375845674236,39.84407043457031,988356,0.0,0.0
2023-05-16 00:00:00+03:00,40.68478578652566,41.97589067872139,40.474609276609115,41.19522476196289,976632,0.0,0.0
2023-05-17 00:00:00+03:00,41.28530416771706,42.84663957954497,41.28530416771706,42.66648483276367,1262139,0.0,0.0
2023-05-18 00:00:00+03:00,42.72653700591515,43.32704822307332,40.834917394219104,41.04509735107422,1180305,0.0,0.0
2023-05-22 00:00:00+03:00,41.31532545306913,41.855789641962595,40.114299649137536,40.444583892822266,1135278,0.0,0.0
2023-05-23 00:00:00+03:00,40.53466450729087,43.867515387345776,40.3545097555808,42.75656509399414,3306900,0.0,0.0
2023-05-24 00:00:00+03:00,42.96674245714903,43.687357984086354,41.07512283325195,41.07512283325195,1618464,0.0,0.0
2023-05-25 00:00:00+03:00,41.73568819412312,42.546382814752654,40.92499700965948,41.10514831542969,891090,0.0,0.0
2023-05-26 00:00:00+03:00,41.22525231712674,43.23697280883789,41.0450975765234,43.23697280883789,1347960,0.0,0.0
2023-05-29 00:00:00+03:00,43.994417613532654,45.88730628689777,43.994417613532654,45.27669906616211,1667295,0.793651,0.0
2023-05-30 00:00:00+03:00,45.76518754991489,48.573990628694446,45.12404680525365,47.9328498840332,3236181,0.0,0.0
2023-05-31 00:00:00+03:00,48.116032556841645,49.55096408202064,45.795716709422365,48.696109771728516,1963017,0.0,0.0
2023-06-01 00:00:00+03:00,48.848763616224495,49.61202440128028,48.146562855428556,48.45186996459961,1338585,0.0,0.0
2023-06-02 00:00:00+03:00,49.55096221222424,49.91732932964919,48.23815078437659,48.635047912597656,1633569,0.0,0.0
2023-06-05 00:00:00+03:00,50.92483534874383,51.10801891352496,49.61202387740428,50.80271530151367,1701237,0.0,0.0
2023-06-06 00:00:00+03:00,50.8637766504211,50.894306663024125,48.848764373197874,49.15406799316406,1446567,0.0,0.0
2023-06-07 00:00:00+03:00,49.520435429634134,50.6195333596227,48.69611110865871,48.909828186035156,2198289,0.0,0.0
2023-06-08 00:00:00+03:00,48.909829642028946,49.30672331400258,47.749668157994904,48.238155364990234,1178052,0.0,0.0
2023-06-09 00:00:00+03:00,48.299215529353866,49.64255700219219,47.871788379456596,49.21512985229492,1156248,0.0,0.0
2023-06-12 00:00:00+03:00,49.73414409330481,50.802711904802834,49.245656949173046,49.550960540771484,1832487,0.0,0.0
2023-06-13 00:00:00+03:00,49.55096329128833,49.76467686545093,47.62754461776079,47.99391174316406,1256496,0.0,0.0
2023-06-14 00:00:00+03:00,47.993915103384275,48.360278760502084,46.28420639038086,46.28420639038086,1077468,0.0,0.0
2023-06-15 00:00:00+03:00,46.40632283809427,47.47489070067275,46.162082748288704,46.650569915771484,827079,0.0,0.0
2023-06-16 00:00:00+03:00,46.71163264122445,47.93285063059804,46.62004260224744,47.04746627807617,807603,0.0,0.0
2023-06-19 00:00:00+03:00,47.139057654747205,47.32223772432217,44.788211822509766,44.788211822509766,875958,0.0,0.0
2023-06-20 00:00:00+03:00,44.788208405306946,44.84926842383991,43.383803521499566,43.53645706176758,766254,0.0,0.0
2023-06-21 00:00:00+03:00,44.14706963645263,45.73465464445679,43.505928932346684,43.84176254272461,1360182,0.0,0.0
2023-06-22 00:00:00+03:00,43.963888619805886,45.97890088033418,43.04797427355993,45.734657287597656,1009422,0.0,0.0
2023-06-23 00:00:00+03:00,45.91783473072381,47.9023168651963,45.91783473072381,47.78019332885742,1211310,0.0,0.0
2023-06-26 00:00:00+03:00,48.238154654922646,50.192106948077814,48.238154654922646,49.61202621459961,1496604,0.0,0.0
2023-06-27 00:00:00+03:00,49.6730871535223,50.37528790349039,48.879292874640896,50.19210433959961,763041,0.0,0.0
2023-07-03 00:00:00+03:00,51.59650695261063,55.19910430908203,51.59650695261063,55.19910430908203,1604286,0.0,0.0
2023-07-04 00:00:00+03:00,60.60299386038699,60.694583892822266,58.007904508093915,60.694583892822266,1363701,0.0,0.0
2023-07-05 00:00:00+03:00,62.58748394073233,65.48787710075236,60.29769802811861,62.404296875,14262726,0.0,0.0
2023-07-06 00:00:00+03:00,62.43482362413273,63.93082213327502,59.931327751554825,60.541934967041016,5807541,0.0,0.0
2023-07-07 00:00:00+03:00,60.90830513126208,61.30520228689134,58.77116928859378,59.351253509521484,3457602,0.0,0.0
2023-07-10 00:00:00+03:00,59.47337731996615,63.656052243070256,59.076480139252254,61.91581344604492,7196022,0.0,0.0
2023-07-11 00:00:00+03:00,62.74013400962246,63.50339830983312,59.992390914310526,60.816715240478516,2549601,0.0,0.0
2023-07-12 00:00:00+03:00,60.87777497062554,62.43482658858763,60.2366307254449,61.06095504760742,2811372,0.0,0.0
2023-07-13 00:00:00+03:00,61.06094925747317,63.44232497178268,60.511402090766566,61.12200927734375,4215513,0.0,0.0
2023-07-14 00:00:00+03:00,61.45784656007384,67.10598226961343,60.725119331543034,64.69407653808594,10418826,0.0,0.0
2023-07-17 00:00:00+03:00,64.90779586298805,67.01439457994022,63.503394389062734,64.38877868652344,5622747,0.0,0.0
2023-07-18 00:00:00+03:00,64.60249243890006,65.0909796320571,61.06095504760742,61.06095504760742,3637956,0.0,0.0
2023-07-19 00:00:00+03:00,61.06095519554285,63.71710824544752,59.32071650851069,62.52641677856445,3967221,0.0,0.0
2023-07-20 00:00:00+03:00,64.1140038563853,64.17506388072275,61.64103793135917,63.80869674682617,3478869,0.0,0.0
2023-07-21 00:00:00+03:00,63.808696487680486,68.69357528142822,62.70960207832637,67.01439666748047,10057293,0.0,0.0
2023-07-24 00:00:00+03:00,68.32720427634547,71.68555432602334,67.68606707187281,68.9988784790039,5729961,0.0,0.0
2023-07-25 00:00:00+03:00,69.02940624709392,69.3652363496432,63.930817823625866,65.48786926269531,3696693,0.0,0.0
2023-07-26 00:00:00+03:00,65.64052247502845,67.86924820242618,64.11400097166039,67.47235107421875,2495397,0.0,0.0
2023-07-27 00:00:00+03:00,68.69357644695125,68.84622650976495,66.40379056538622,66.86174774169922,2262561,0.0,0.0
2023-07-28 00:00:00+03:00,67.4723561308678,67.77766324957096,66.49538173646413,66.70909881591797,2183049,0.0,0.0
2023-07-31 00:00:00+03:00,66.92280341041835,69.30417917465358,66.25113618988902,67.62500762939453,4624002,0.0,0.0
2023-08-01 00:00:00+03:00,67.65553989963762,68.05243703824493,65.94583129882812,65.94583129882812,2667447,0.0,0.0
2023-08-02 00:00:00+03:00,65.94583697244602,68.66305016540959,65.64052984235687,66.4953842163086,3313347,0.0,0.0
2023-08-03 00:00:00+03:00,66.5869686700104,69.12100156495038,66.25113854175976,66.92280578613281,4465320,0.0,0.0
2023-08-04 00:00:00+03:00,67.50288271652964,69.5789584401299,66.3427283025335,68.54092407226562,4483158,0.0,0.0
2023-08-07 00:00:00+03:00,68.84622568459667,75.37975311279297,68.78516566020305,75.37975311279297,4453182,0.0,0.0
2023-08-08 00:00:00+03:00,80.90576332857096,82.12697770394145,76.87573911895706,78.00536346435547,8403456,0.0,0.0
2023-08-09 00:00:00+03:00,77.85271339910305,81.18053340253431,73.97533924020456,76.29566192626953,5211771,0.0,0.0
2023-08-10 00:00:00+03:00,76.75362411752552,77.66953845311474,69.3041823969605,70.09797668457031,4269426,0.0,0.0
2023-08-11 00:00:00+03:00,70.09797704957523,77.0894546508789,68.69357552688373,77.0894546508789,6344850,0.0,0.0
2023-08-14 00:00:00+03:00,79.837202086439,79.837202086439,73.822698517238,73.88375854492188,6265374,0.0,0.0
2023-08-15 00:00:00+03:00,74.64702025962558,76.9368061571601,71.96033720813547,73.12049865722656,3967446,0.0,0.0
2023-08-16 00:00:00+03:00,73.18156106296094,73.51739121441585,71.38026229912289,71.44132232666016,2324958,0.0,0.0
2023-08-17 00:00:00+03:00,71.71609950872605,74.21959557956801,71.10548525701064,72.41829681396484,2611746,0.0,0.0
2023-08-18 00:00:00+03:00,73.02890177486897,74.12800320057359,67.41129555861873,69.54843139648438,2621799,0.0,0.0
2023-08-21 00:00:00+03:00,69.54842809185497,73.24261537243093,67.35023233276615,71.86874389648438,3233136,0.0,0.0
2023-08-22 00:00:00+03:00,71.86874677484488,74.25012269761923,71.3191995600311,72.38776397705078,3183495,0.0,0.0
2023-08-23 00:00:00+03:00,72.54041128144884,77.36422995664014,71.59396695085303,72.84571838378906,5417136,0.0,0.0
2023-08-24 00:00:00+03:00,73.88375871535779,74.1890658423537,68.69357948366083,68.84622955322266,3012378,0.0,0.0
2023-08-25 00:00:00+03:00,68.90728559865367,71.10548141266382,67.89978122202831,70.34222412109375,1696389,0.0,0.0
2023-08-28 00:00:00+03:00,70.55593712092949,72.54041594401488,70.55593712092949,71.3497314453125,1874685,0.0,0.0
2023-08-29 00:00:00+03:00,71.59396419936043,72.81518557391574,68.0218970943865,70.2200927734375,2293119,0.0,0.0
2023-08-31 00:00:00+03:00,72.35723431091562,77.2421132181584,71.86874711897853,72.63201141357422,4829499,0.0,0.0
2023-09-01 00:00:00+03:00,73.24261797568302,74.64701951293117,72.38776365077165,74.0058822631836,2433054,0.0,0.0
2023-09-04 00:00:00+03:00,75.25762629239661,81.39425659179688,75.25762629239661,81.39425659179688,12686265,0.0,0.0
2023-09-05 00:00:00+03:00,83.3482031413055,83.50085319872062,76.11247861388156,76.9062728881836,6837423,0.0,0.0
2023-09-06 00:00:00+03:00,77.24211219571035,78.15802654195248,74.18906204561262,74.2501220703125,4071735,0.0,0.0
2023-09-07 00:00:00+03:00,74.55543047472284,76.7841563542818,74.1890633322976,75.56293487548828,2574990,0.0,0.0
2023-09-08 00:00:00+03:00,75.71558037763263,76.32619457417276,73.39526459924633,73.975341796875,2562360,0.0,0.0
2023-09-11 00:00:00+03:00,74.3417155619133,74.95232981303035,71.13601520110163,71.44132232666016,2447346,0.0,0.0
2023-09-12 00:00:00+03:00,78.58545684814453,78.58545684814453,78.58545684814453,78.58545684814453,1345389,0.0,0.0
2023-09-13 00:00:00+03:00,81.82168384457513,86.4317855834961,81.39425668423418,86.4317855834961,21054756,0.0,0.0
2023-09-14 00:00:00+03:00,88.0193670233146,88.84369133013769,77.7916591822973,80.90576934814453,15992856,0.0,0.0
2023-09-15 00:00:00+03:00,81.51637060218127,82.00485775041865,76.78414916992188,76.78414916992188,4888497,0.0,0.0
2023-09-18 00:00:00+03:00,76.78415496202386,79.37924094908169,73.27314764157445,73.76163482666016,3181548,0.0,0.0
2023-09-19 00:00:00+03:00,73.76163488484148,75.22709644125452,72.14351627880683,74.2501220703125,3282300,0.0,0.0
2023-09-20 00:00:00+03:00,74.52489689004584,75.379751185443,72.35723114013672,72.35723114013672,2387946,0.0,0.0
2023-09-21 00:00:00+03:00,73.88375202167785,78.76863067169357,73.39526485546344,76.81468200683594,5803650,0.0,0.0
2023-09-22 00:00:00+03:00,76.7536236080884,78.28014516131452,74.097470654935,76.5093765258789,4963125,0.0,0.0
2023-09-25 00:00:00+03:00,77.05891870303944,78.49385012735503,76.1735344430341,78.15802001953125,4635225,0.0,0.0
2023-09-26 00:00:00+03:00,78.76863067169357,79.07393777102943,76.02088774128566,76.81468200683594,3092472,0.0,0.0
2023-09-27 00:00:00+03:00,76.96733362269336,77.54741083410518,75.86823922340024,76.02088928222656,2301795,0.0,0.0
2023-09-28 00:00:00+03:00,77.24211491162835,81.48584966833211,76.57044064056896,77.85272216796875,4876536,0.0,0.0
2023-09-29 00:00:00+03:00,78.12750296636507,78.89076032586877,76.96734143786819,78.46333312988281,2411646,0.0,0.0
2023-10-02 00:00:00+03:00,79.59295448518407,80.35621174727437,78.15802300603812,79.16552734375,3162309,0.0,0.0
2023-10-03 00:00:00+03:00,79.40977536841923,85.30215891665559,78.52439098608916,83.56192016601562,6905715,0.0,0.0
2023-10-04 00:00:00+03:00,86.70655739108058,87.01186450811905,81.18054119870379,81.57743835449219,3865596,0.0,0.0
2023-10-05 00:00:00+03:00,83.19555338915477,83.95881066690264,77.70006744758575,82.43228912353516,3565152,0.0,0.0
2023-10-06 00:00:00+03:00,80.60046603306762,84.56943070489578,80.20356886709757,82.98184204101562,3810240,0.0,0.0
2023-10-09 00:00:00+03:00,80.90576630921719,80.99735634256353,75.99035765304204,76.3261947631836,3739173,0.0,0.0
2023-10-10 00:00:00+03:00,79.3792383449867,80.84469985216825,78.24961395024414,79.74560546875,3403932,0.0,0.0
2023-10-11 00:00:00+03:00,79.74560479371803,80.23409195864359,77.39475900228783,77.54740905761719,2863374,0.0,0.0
2023-10-12 00:00:00+03:00,78.15802504515405,78.7075722448006,72.57094204977733,76.02088928222656,3209046,0.0,0.0
2023-10-13 00:00:00+03:00,75.83770761886909,75.83770761886909,72.54041051449698,73.24261474609375,2255847,0.0,0.0
2023-10-16 00:00:00+03:00,73.88375080296869,75.10497219229653,70.00638354835684,70.31168365478516,2504031,0.0,0.0
2023-10-17 00:00:00+03:00,70.586465334054,73.2731483727719,69.57896094150279,72.87625122070312,1936068,0.0,0.0
2023-10-18 00:00:00+03:00,71.44131961046261,74.64701984939363,70.52540525648232,72.38776397705078,2329311,0.0,0.0
2023-10-19 00:00:00+03:00,72.23511747843297,73.27315193406629,70.52540873653881,71.04442596435547,1902798,0.0,0.0
2023-10-20 00:00:00+03:00,70.06744760971092,71.04442198235665,66.5869702927726,66.61750030517578,1884960,0.0,0.0
2023-10-23 00:00:00+03:00,68.47985988293496,69.0294140889153,66.19007398425684,68.57145690917969,1504296,0.0,0.0
2023-10-24 00:00:00+03:00,68.8462208843761,72.17404788477504,68.08296364480107,72.08245086669922,2179041,0.0,0.0
2023-10-25 00:00:00+03:00,72.7846569312863,73.24261408186577,66.25113677978516,66.25113677978516,2205996,0.0,0.0
2023-10-26 00:00:00+03:00,67.4723551306368,72.87625122070312,65.7931834723421,72.87625122070312,2988096,0.0,0.0
2023-10-27 00:00:00+03:00,75.07444626028155,76.6314978512717,70.9223016964359,73.27314758300781,5421093,0.0,0.0
2023-10-30 00:00:00+03:00,73.2731454583663,74.46383686721343,71.47184683332334,72.35723114013672,1839642,0.0,0.0
2023-10-31 00:00:00+03:00,72.50988716038638,72.96784435716329,69.30418678294802,69.334716796875,1295775,0.0,0.0
2023-11-01 00:00:00+03:00,69.6094917763525,70.18956901105622,66.12901439238605,67.93031311035156,1230909,0.0,0.0
2023-11-02 00:00:00+03:00,68.9988822137093,70.03691659632558,68.08296787896037,69.60948944091797,1281186,0.0,0.0
2023-11-03 00:00:00+03:00,69.60948130869282,69.60948130869282,67.7776528532009,68.87674713134766,872103,0.0,0.0
2023-11-06 00:00:00+03:00,69.30418156007688,70.76964308174907,69.30418156007688,70.00638580322266,1107777,0.0,0.0
2023-11-07 00:00:00+03:00,70.00638354835684,70.7085807810135,68.9683492107575,70.31168365478516,1068507,0.0,0.0
2023-11-08 00:00:00+03:00,70.64752289465422,77.16578168801387,70.37275279056534,74.79966735839844,3971187,0.0,0.0
2023-11-09 00:00:00+03:00,74.49436298945837,74.79966308768144,71.19706602567845,71.74662017822266,2023629,0.0,0.0
2023-11-10 00:00:00+03:00,71.74663311420646,72.23512034730942,70.76965166012796,71.07495880126953,1024428,0.0,0.0
2023-11-13 00:00:00+03:00,71.07495582332136,71.6245030640528,68.2356225896487,68.60198974609375,1312338,0.0,0.0
2023-11-14 00:00:00+03:00,68.601981357046,69.39576861309037,67.83871712344452,68.9988784790039,1021293,0.0,0.0
2023-11-15 00:00:00+03:00,69.57895865022437,74.43330037734083,68.44932725647854,73.57845306396484,2307888,0.0,0.0
2023-11-16 00:00:00+03:00,73.12049611830834,73.12049611830834,71.25813745217059,71.47184753417969,1376127,0.0,0.0
2023-11-17 00:00:00+03:00,71.44132428937958,71.74663142332585,69.60949546144677,70.89177703857422,1131870,0.0,0.0
2023-11-20 00:00:00+03:00,71.04442206026975,72.81519073308408,70.9223020105231,71.655029296875,1412748,0.0,0.0
2023-11-21 00:00:00+03:00,71.83821956392023,72.87625400881527,71.28867232767416,72.41829681396484,1742670,0.0,0.0
2023-11-22 00:00:00+03:00,72.60147286490721,74.03641138523997,71.92980561076732,72.05192565917969,2803548,0.0,0.0
2023-11-23 00:00:00+03:00,71.44132313571463,72.75413470624963,71.04442596435547,71.04442596435547,1307361,0.0,0.0
2023-11-24 00:00:00+03:00,71.04442428200866,71.44132144396922,70.06744987773904,70.86124420166016,1102128,0.0,0.0
2023-11-27 00:00:00+03:00,71.13600872865878,71.59396588139236,70.7696416088976,71.28866577148438,920289,0.0,0.0
2023-11-28 00:00:00+03:00,71.44131623874136,71.86874338295092,70.52540192798827,70.64752197265625,1114308,0.0,0.0
2023-11-29 00:00:00+03:00,71.01389911959753,76.7078343544529,70.76965200790946,72.78466796875,8148237,0.0,0.0
2023-11-30 00:00:00+03:00,72.50988068392746,72.50988068392746,70.98335916030815,71.1360092163086,1869048,0.0,0.0
2023-12-01 00:00:00+03:00,71.74662830671947,74.0974742687317,70.83071393253952,71.5939712524414,1855833,0.0,0.0
2023-12-04 00:00:00+03:00,72.17405491637096,74.79967097739046,71.74662774590321,74.43330383300781,2435250,0.0,0.0
2023-12-05 00:00:00+03:00,74.64702162833032,75.13550882956963,72.60147579549458,73.05943298339844,1619469,0.0,0.0
2023-12-06 00:00:00+03:00,73.33420292473353,74.73860436453602,71.16653725039028,71.19706726074219,2945142,0.0,0.0
2023-12-07 00:00:00+03:00,71.28866626018068,71.68555640578181,69.33471060401685,71.1360092163086,1434135,0.0,0.0
2023-12-08 00:00:00+03:00,70.49487662332443,71.13601388850768,69.45684219860027,69.64002227783203,1474362,0.0,0.0
2023-12-11 00:00:00+03:00,70.06745093430486,70.5254081299539,66.58697345222316,66.89228057861328,1225953,0.0,0.0
2023-12-12 00:00:00+03:00,68.69357497743253,71.56343802416835,67.93031070394824,68.63251495361328,2320647,0.0,0.0
2023-12-13 00:00:00+03:00,68.35774213628187,68.35774213628187,65.9153060913086,65.9153060913086,1323345,0.0,0.0
2023-12-14 00:00:00+03:00,66.83121772913648,67.16705485519854,64.48037182244597,66.86174774169922,992688,0.0,0.0
2023-12-15 00:00:00+03:00,66.46485230504243,68.38827109759929,66.0984851569668,67.53341674804688,1261500,0.0,0.0
2023-12-18 00:00:00+03:00,67.53341121111039,69.21258975919224,66.22060676893797,66.25113677978516,1070766,0.0,0.0
2023-12-19 00:00:00+03:00,66.403792920572,67.22811726474664,65.18257141113281,65.18257141113281,729180,0.0,0.0
2023-12-20 00:00:00+03:00,65.45734448750908,65.91530165183966,63.50339578313107,63.717105865478516,835392,0.0,0.0
2023-12-21 00:00:00+03:00,63.717107804606314,65.12150935210268,62.83172346076382,64.75514221191406,878337,0.0,0.0
2023-12-22 00:00:00+03:00,64.75514250305163,64.75514250305163,61.06095504760742,61.06095504760742,857616,0.0,0.0
2023-12-25 00:00:00+03:00,61.06095349125732,61.06095349125732,55.565467467408006,56.695098876953125,1024011,0.0,0.0
2023-12-26 00:00:00+03:00,56.35926521335274,58.16056398640128,55.13804718668261,56.45085525512695,1073868,0.0,0.0
2023-12-27 00:00:00+03:00,56.4508515058576,58.130030111681975,55.56546718509985,56.93933868408203,878526,0.0,0.0
2023-12-28 00:00:00+03:00,57.21411665650834,59.80920963478791,57.030933088380756,58.89329528808594,1320261,0.0,0.0
2023-12-29 00:00:00+03:00,58.343742768667134,60.45034500175946,57.70260204713403,59.93132781982422,691854,0.0,0.0
2024-01-02 00:00:00+03:00,60.48087104556255,63.350733857583805,60.45034103614985,63.2591438293457,776112,0.0,0.0
2024-01-03 00:00:00+03:00,63.289678732495595,63.289678732495595,60.14503860473633,60.14503860473633,987123,0.0,0.0
2024-01-04 00:00:00+03:00,60.145037497469325,61.671566009521484,59.10700314054144,61.671566009521484,1118367,0.0,0.0
2024-01-05 00:00:00+03:00,62.37376815452913,62.55695522405745,60.90830653766354,62.1295280456543,822678,0.0,0.0
2024-01-08 00:00:00+03:00,62.19058024440747,67.01439166619257,61.91580316863965,66.06794738769531,1268871,0.0,0.0
2024-01-09 00:00:00+03:00,66.09848519794978,69.91479975995156,64.41931349902626,68.02190399169922,1320555,0.0,0.0
2024-01-10 00:00:00+03:00,68.02189853893016,74.79966578166,67.22811126708984,67.22811126708984,7054959,0.0,0.0
2024-01-11 00:00:00+03:00,68.08297114318601,69.54843275147121,65.6405281415052,65.82371520996094,1908132,0.0,0.0
2024-01-12 00:00:00+03:00,67.16704927142464,69.82319508293013,66.58696510521267,67.28916931152344,2736663,0.0,0.0
2024-01-15 00:00:00+03:00,69.60949062466041,70.52540497498488,65.21309894795412,65.39628601074219,1698715,0.0,3.0
2024-01-16 00:00:00+03:00,65.39628752629797,65.945834751654,62.41956581875804,62.6943359375,1346687,0.0,0.0
2024-01-17 00:00:00+03:00,62.648545701045656,64.48037448184891,60.86250844703914,60.99989700317383,1232412,0.0,0.0
2024-01-18 00:00:00+03:00,60.99989577397548,61.82422010630058,59.99239136241019,60.17557144165039,1369754,0.0,0.0
2024-01-19 00:00:00+03:00,60.22136846906766,61.091484305791354,59.62602274442265,60.35875701904297,745835,0.0,0.0
2024-01-22 00:00:00+03:00,60.72512072312666,61.3662579362674,59.71760940551758,59.71760940551758,712120,0.0,0.0
2024-01-23 00:00:00+03:00,60.08397758362116,60.90830186355946,58.664314590050665,59.076473236083984,842728,0.0,0.0
2024-01-24 00:00:00+03:00,59.21386495751566,59.76341217766693,58.52692918535857,59.351253509521484,775172,0.0,0.0
2024-01-25 00:00:00+03:00,59.58023243648736,61.27467261979651,59.35125384447606,61.183082580566406,1229264,0.0,0.0
2024-01-26 00:00:00+03:00,61.45784992323534,64.11400286820682,61.32046137665769,62.74013137817383,1750667,0.0,0.0
2024-01-29 00:00:00+03:00,62.87752553189251,63.47287129490481,61.503653919343684,61.824222564697266,1452029,0.0,0.0
2024-01-30 00:00:00+03:00,61.824216429057614,63.472864995647825,61.457849304496264,63.01490783691406,1154883,0.0,0.0
2024-01-31 00:00:00+03:00,63.014913597855795,66.67857120266433,62.09899919665366,65.02992248535156,2954382,0.0,0.0
2024-02-01 00:00:00+03:00,65.07571005296487,66.2663943814971,64.66354444903855,64.70934295654297,1449033,0.0,0.0
2024-02-02 00:00:00+03:00,65.02991644767677,66.08321930884024,63.97661358651331,65.16730499267578,1642184,0.0,0.0
2024-02-05 00:00:00+03:00,65.16731020134675,65.76265595201258,64.57196445068091,64.9383316040039,1004450,0.0,0.0
2024-02-06 00:00:00+03:00,65.02991887303801,66.95333761114503,64.29718459762965,65.39628601074219,1743332,0.0,0.0
2024-02-07 00:00:00+03:00,65.48787329517788,67.77765907472954,65.39628326157013,65.85424041748047,1779654,0.0,0.0
2024-02-08 00:00:00+03:00,66.03742709741327,69.56369615345464,65.48787985286579,67.96084594726562,2071312,0.0,0.0
2024-02-09 00:00:00+03:00,68.69357651059447,69.38051227570041,67.09072639201393,68.28141784667969,1440895,0.0,0.0
2024-02-12 00:00:00+03:00,71.39551740748807,71.44131591796875,68.41879591090604,68.69357299804688,2201472,0.0,0.0
2024-02-13 00:00:00+03:00,69.93005574589758,75.56293011573584,69.472098593681,70.80017852783203,7599767,0.0,0.0
2024-02-14 00:00:00+03:00,71.71609943845004,74.46384260486005,70.29642934065599,71.44132232666016,2741463,0.0,0.0
2024-02-15 00:00:00+03:00,71.48711890725588,73.82269634279496,71.48711890725588,71.9908676147461,2276042,0.0,0.0
2024-02-16 00:00:00+03:00,72.35722265289998,72.81517975829809,70.34221418429668,72.26563262939453,1784970,0.0,0.0
2024-02-19 00:00:00+03:00,72.31143217211641,73.86849069599013,69.33471065668118,69.42630767822266,1996785,0.0,0.0
2024-02-20 00:00:00+03:00,69.5636926143785,70.52540548431338,69.24312398702419,69.79267120361328,1123084,0.0,0.0
2024-02-21 00:00:00+03:00,69.79266135909361,69.97584839736541,68.28140847360959,68.87674713134766,1113645,0.0,0.0
2024-02-22 00:00:00+03:00,68.87675382252634,71.57870524958633,68.55618520924715,70.93756103515625,1931327,0.0,0.0
2024-02-23 00:00:00+03:00,71.02916031648375,71.89927614990067,68.96835303830188,69.70108032226562,1307083,0.0,0.0
2024-02-26 00:00:00+03:00,70.06744038017091,71.89926888684204,68.23561187349978,70.47959899902344,1811678,0.0,0.0
2024-02-27 00:00:00+03:00,70.47960996989968,70.66279704180447,67.04493098524819,67.13652801513672,1546989,0.0,0.0
2024-02-28 00:00:00+03:00,67.09072420332167,67.77765994601779,65.94583129882812,65.94583129882812,1030169,0.0,0.0
2024-02-29 00:00:00+03:00,66.03742940769055,67.18232245216464,65.44208362698951,66.724365234375,793292,0.0,0.0
2024-03-01 00:00:00+03:00,66.8159528595724,67.77766577723618,66.26640561570983,66.4953842163086,845254,0.0,0.0
2024-03-04 00:00:00+03:00,66.49537915013175,66.95333631643827,64.52616193743938,64.57196044921875,998341,0.0,0.0
2024-03-05 00:00:00+03:00,65.67105409642033,67.09072409075915,64.20559257870164,64.52616119384766,1253675,0.0,0.0
2024-03-06 00:00:00+03:00,64.5719616645438,65.39628597698471,62.74013296484044,62.87752151489258,1335805,0.0,0.0
2024-03-07 00:00:00+03:00,63.335475864078134,66.58696746826172,63.335475864078134,66.58696746826172,1158634,0.0,0.0
2024-03-08 00:00:00+03:00,66.63276019754312,67.64026445244036,64.98411178925963,66.03741455078125,913909,0.0,0.0
2024-03-11 00:00:00+03:00,67.22811853337359,69.10573886556011,66.35799565837486,66.4953842163086,1605288,0.0,0.0
2024-03-12 00:00:00+03:00,66.49537640164078,66.7701534852159,63.56445345357329,63.97661209106445,1024777,0.0,0.0
2024-03-13 00:00:00+03:00,64.1597961732482,64.8925233824167,63.56445051163734,64.06819915771484,885843,0.0,0.0
2024-03-14 00:00:00+03:00,64.2055916320896,65.5794630949212,62.740130135976855,64.38877868652344,1096483,0.0,0.0
2024-03-15 00:00:00+03:00,64.98412413577172,67.96084594726562,64.20559829034009,67.96084594726562,2004942,0.0,0.0
2024-03-18 00:00:00+03:00,74.73860958683017,74.73860958683017,68.14402905982558,69.01414489746094,8204689,0.0,0.0
2024-03-19 00:00:00+03:00,69.10573103891235,71.94507095506232,66.81594529225691,70.06744384765625,2929840,0.0,0.0
2024-03-20 00:00:00+03:00,70.25063108811518,70.70858828422512,67.86925506591797,67.86925506591797,1968207,0.0,0.0
2024-03-21 00:00:00+03:00,68.23561710781522,69.60948859320746,65.94583129882812,65.94583129882812,1571831,0.0,0.0
2024-03-22 00:00:00+03:00,66.12900970415491,72.5404098079655,65.53367099909832,71.48711395263672,6056432,0.0,0.0
2024-03-25 00:00:00+03:00,72.49462489605669,78.6312484741211,72.49462489605669,78.6312484741211,5501261,0.0,0.0
2024-03-26 00:00:00+03:00,80.96683185519174,84.58469082822829,78.76863596555532,80.69205474853516,11015149,0.0,0.0
2024-03-27 00:00:00+03:00,80.87524244387862,88.3857375549538,75.19656910254689,84.355712890625,8889295,0.0,0.0
2024-03-28 00:00:00+03:00,84.72207452833038,91.36245334271302,83.02763443533811,88.84368896484375,10487817,0.0,0.0
2024-03-29 00:00:00+03:00,89.30165270709196,90.53813573161571,81.97433761317673,82.98184204101562,5792626,0.0,0.0
2024-04-01 00:00:00+03:00,83.07342846719241,87.14925150354752,82.84444988047152,83.34820556640625,4404661,0.0,0.0
2024-04-02 00:00:00+03:00,84.3557036638799,87.01185646946956,83.16501929438894,84.21831512451172,4682562,0.0,0.0
2024-04-03 00:00:00+03:00,84.12672865377395,84.12672865377395,77.89851548831331,78.08169555664062,4090038,0.0,0.0
2024-04-04 00:00:00+03:00,79.04340798871551,84.5846853883573,76.93680227415545,80.92102813720703,5645688,0.0,0.0
2024-04-05 00:00:00+03:00,85.18002836273592,88.98107403671186,83.62297687598502,87.10344696044922,5741307,0.0,0.0
2024-04-08 00:00:00+03:00,91.362451150175,95.80463409423828,90.67551542724135,95.80463409423828,3058049,0.0,0.0
2024-04-15 00:00:00+03:00,92.59894192415273,103.0403671977676,92.04939469667238,98.00283813476562,6434332,0.0,0.0
2024-04-16 00:00:00+03:00,98.00283536689226,102.67399715035667,94.98031521930663,98.4607925415039,5292310,0.0,0.0
2024-04-17 00:00:00+03:00,99.92624665698496,100.93375096848506,95.255085221578,95.62145233154297,4520607,0.0,0.0
2024-04-18 00:00:00+03:00,96.17100204119527,105.14696502685547,95.16349770309992,105.14696502685547,5112231,0.0,0.0
2024-04-19 00:00:00+03:00,107.89471424771504,113.02383325875161,105.05537414550781,105.05537414550781,9284199,0.0,0.0
2024-04-22 00:00:00+03:00,105.33014721458582,107.98630015061494,101.20853275836289,102.49081420898438,5139839,0.0,0.0
2024-04-24 00:00:00+03:00,102.94877245299993,104.50582402434786,99.01033802494793,100.47579956054688,3810928,0.0,0.0
2024-04-25 00:00:00+03:00,101.30012705368625,106.79561322644903,100.47580273019743,100.75057983398438,4439659,0.0,0.0
2024-04-26 00:00:00+03:00,101.20853189026768,102.49081332989064,97.63646466127213,98.82715606689453,2945758,0.0,0.0
2024-04-29 00:00:00+03:00,101.1169464695998,108.62744140625,97.5448790776332,108.62744140625,7146578,0.0,0.0
2024-04-30 00:00:00+03:00,112.19950750539276,114.48929337284976,106.24606425000458,107.80311584472656,8537139,0.0,0.0
2024-05-02 00:00:00+03:00,109.90972187822507,111.55837050154722,104.87219295880642,107.07038879394531,3451557,0.0,0.0
2024-05-03 00:00:00+03:00,107.07038820587815,108.99380693060861,103.0403636949031,104.8721923828125,2627363,0.0,0.0
2024-05-06 00:00:00+03:00,105.33014870583396,107.43675447509938,103.49832003268902,104.78060150146484,2696828,0.0,0.0
2024-05-07 00:00:00+03:00,105.69651160895772,108.81062162627816,104.41423019148795,106.52083587646484,3652418,0.0,0.0
2024-05-08 00:00:00+03:00,107.07039048644626,107.43675762940603,102.2160415649414,102.2160415649414,2271510,0.0,0.0
2024-05-09 00:00:00+03:00,102.1244468688815,105.05536990315363,101.48330963884439,103.22354125976562,3193568,0.0,0.0
2024-05-10 00:00:00+03:00,103.49831942149571,105.33014808382306,101.94126785366616,102.58240509033203,2619456,0.0,0.0
2024-05-13 00:00:00+03:00,102.76558292723749,102.9487699822107,93.14848265909974,94.52235412597656,3553710,0.0,0.0
2024-05-14 00:00:00+03:00,93.42325582756253,95.98781858660493,91.59142728192404,95.52986145019531,2486030,0.0,0.0
2024-05-15 00:00:00+03:00,95.43826950799061,95.80463663417585,92.69052654340886,93.88121795654297,2232726,0.0,0.0
2024-05-16 00:00:00+03:00,94.33917704515126,95.07191131249536,92.14098123099085,93.33167266845703,1774204,0.0,0.0
2024-05-17 00:00:00+03:00,93.42327040520267,97.54488527602044,92.50735598946538,94.7971420288086,3380422,0.0,0.0
2024-05-20 00:00:00+03:00,93.60643981472535,96.2625927149282,91.31665403659731,94.52235412597656,3750563,0.0,0.0
2024-05-21 00:00:00+03:00,95.25510083858053,95.89623814522965,90.9960973362041,92.04940032958984,2479520,0.0,0.0
2024-05-22 00:00:00+03:00,92.04938592094567,93.42325735260158,91.68301880826314,92.14097595214844,1630124,0.0,0.0
2024-05-23 00:00:00+03:00,92.23256895904647,94.9803119110086,91.49984169791293,93.14848327636719,2201406,0.0,0.0
2024-05-24 00:00:00+03:00,94.24758838366351,94.52235849702222,90.58393096923828,90.58393096923828,2155345,0.0,0.0
2024-05-27 00:00:00+03:00,91.04188323732835,93.4232590307335,89.94278187953795,90.12596893310547,1846360,0.0,0.0
2024-05-28 00:00:00+03:00,90.35495920831521,92.32417661494286,89.80541195220046,91.95780944824219,1464261,0.0,0.0
2024-05-29 00:00:00+03:00,92.97078430011707,93.06422084853772,86.8973159790039,86.8973159790039,1645892,1.984127,0.0
2024-05-30 00:00:00+03:00,86.89732227349589,90.02749320921009,86.89732227349589,89.60702514648438,1529013,0.0,0.0
2024-05-31 00:00:00+03:00,89.65373856330702,96.33455552960851,88.90623900385326,92.31672668457031,3008146,0.0,0.0
2024-06-03 00:00:00+03:00,92.50359153557723,93.4379712480578,87.9251295186721,88.48575592041016,1873959,0.0,0.0
2024-06-04 00:00:00+03:00,88.48576492014827,90.54140477393209,87.64482879638672,87.64482879638672,2315486,0.0,0.0
2024-06-05 00:00:00+03:00,87.73825823856845,95.30673264012192,83.01963774165,92.50359344482422,6863538,0.0,0.0
2024-06-06 00:00:00+03:00,93.06422196551101,94.55922814443954,87.97185516357422,87.97185516357422,2855793,0.0,0.0
2024-06-07 00:00:00+03:00,88.11201756494845,88.43904906761485,84.56137149063635,84.6548080444336,1461723,0.0,0.0
2024-06-10 00:00:00+03:00,84.60809208860414,84.74824335286445,80.45009778258309,81.61807250976562,1153262,0.0,0.0
2024-06-11 00:00:00+03:00,81.52463092529453,82.41228881166245,80.54352936351816,80.96400451660156,1000752,0.0,0.0
2024-06-12 00:00:00+03:00,80.96400580995102,86.66372079209017,80.73041087520144,81.15087890625,2600200,0.0,0.0
2024-06-13 00:00:00+03:00,82.03855185132925,85.2621594104138,82.03855185132925,85.028564453125,1759110,0.0,0.0
2024-06-14 00:00:00+03:00,85.86950049759017,87.27107012335469,84.79496235875368,86.0563735961914,1278686,0.0,0.0
2024-06-20 00:00:00+03:00,86.80387862873796,88.1120116807981,85.4957455766778,87.7382583618164,1689806,0.0,0.0
2024-06-21 00:00:00+03:00,87.83169610338106,92.83062631755719,87.13091129404557,91.7093734741211,3689231,0.0,0.0
2024-06-24 00:00:00+03:00,91.98968505859375,93.06422321462964,88.85951427003415,91.98968505859375,2134658,0.0,0.0
2024-06-25 00:00:00+03:00,92.69046785808196,93.2511014081171,88.85951232910156,88.85951232910156,1726515,0.0,0.0
2024-06-26 00:00:00+03:00,88.95294907992292,89.70045572916666,84.09417724609375,84.09417724609375,1472408,0.0,0.0
2024-06-27 00:00:00+03:00,84.18761066874978,91.19545851235412,84.18761066874978,88.48575592041016,2980529,0.0,0.0
2024-06-28 00:00:00+03:00,88.25216564332976,88.9996723042097,86.47684979905567,87.13091278076172,1300814,0.0,0.0
2024-07-01 00:00:00+03:00,87.36450191231116,88.11200852348924,81.8983820954195,82.59916687011719,1584419,0.0,0.0
2024-07-02 00:00:00+03:00,82.692610084734,86.00966113737383,78.62805948937034,84.42121124267578,1358792,0.0,0.0
2024-07-03 00:00:00+03:00,84.51464209242188,85.54246547854427,82.13197810425537,83.6737060546875,1284545,0.0,0.0
2024-07-04 00:00:00+03:00,83.81385860651534,84.37449214535617,82.59916923944722,83.86058044433594,1348830,0.0,0.0
2024-07-05 00:00:00+03:00,84.09417741754082,84.5613672920827,83.11307582950214,83.15979766845703,1094210,0.0,0.0
2024-07-08 00:00:00+03:00,83.25323486328125,85.6359060934243,83.15979831339858,83.25323486328125,1873246,0.0,0.0
2024-07-09 00:00:00+03:00,83.39339243570963,84.8883986054454,83.15979749891493,84.09417724609375,1629905,0.0,0.0
2024-07-10 00:00:00+03:00,84.60809333191102,88.62592217520934,82.87948500727755,84.6548080444336,3769498,0.0,0.0
2024-07-11 00:00:00+03:00,84.5146461446109,86.14981071888613,84.32777304476588,86.10309600830078,1968916,0.0,0.0
2024-07-12 00:00:00+03:00,87.0374751124212,87.97185486214391,86.00965881347656,86.00965881347656,1950663,0.0,0.0
2024-07-16 00:00:00+03:00,86.24325410367875,86.99075362926347,84.14089965820312,84.14089965820312,1528373,0.0,0.0
2024-07-17 00:00:00+03:00,84.23433628013603,85.58918407243853,83.58026617484204,84.18761444091797,1625428,0.0,0.0
2024-07-18 00:00:00+03:00,84.37449838304185,86.05637773764856,84.18761814669527,84.6548080444336,1797544,0.0,0.0
2024-07-19 00:00:00+03:00,84.74824293847799,85.02855972313196,83.34667327271208,83.48683166503906,1194328,0.0,0.0
2024-07-22 00:00:00+03:00,83.72042409215695,84.5613672920827,82.92620273118608,83.15979766845703,1445518,0.0,0.0
2024-07-23 00:00:00+03:00,85.2154262904338,86.43012275908913,83.62698364257812,83.62698364257812,2417143,0.0,0.0
2024-07-24 00:00:00+03:00,84.09417626959464,84.84168291015837,82.03854370117188,82.03854370117188,1254202,0.0,0.0
2024-07-25 00:00:00+03:00,82.13198396748439,85.86950308201153,81.15088234842023,82.5057373046875,3620215,0.0,0.0
2024-07-26 00:00:00+03:00,84.60809312180726,84.65480783421383,82.5057385872055,82.69261169433594,1464208,0.0,0.0
2024-07-29 00:00:00+03:00,82.59917368288355,83.34667322696389,80.45009734505464,80.59025573730469,1655960,0.0,0.0
2024-07-30 00:00:00+03:00,81.01072313829029,82.3188562409231,80.45009670251962,80.49681854248047,1138387,0.0,0.0
2024-07-31 00:00:00+03:00,80.45009267772235,80.91728253895042,78.02070682508672,78.11414337158203,1120751,0.0,0.0
2024-08-01 00:00:00+03:00,78.58133487165065,79.93618977471893,78.58133487165065,79.23540496826172,1030723,0.0,0.0
2024-08-02 00:00:00+03:00,78.44117955603518,78.9550912857271,76.7593002319336,76.7593002319336,1208901,0.0,0.0
2024-08-05 00:00:00+03:00,73.90943817886246,74.51678645344974,70.68583083269047,71.85380554199219,1221896,0.0,0.0
2024-08-06 00:00:00+03:00,73.2553724700988,75.59132180187012,72.08739780421314,72.46115112304688,1234775,0.0,0.0
2024-08-07 00:00:00+03:00,73.6291284063814,74.28319139102807,71.76036887453164,72.83489990234375,951596,0.0,0.0
2024-08-08 00:00:00+03:00,72.78818066462397,75.21756647919551,72.74145882773259,73.20864868164062,1427416,0.0,0.0
2024-08-09 00:00:00+03:00,73.48896638182914,74.23646588035525,71.4333267211914,71.4333267211914,1118716,0.0,0.0
2024-08-12 00:00:00+03:00,71.76036965671051,72.46115448879264,68.95723032838201,69.09738159179688,1050522,0.0,0.0
2024-08-13 00:00:00+03:00,69.050667451273,69.65801573651717,67.78925616884403,69.14410400390625,799728,0.0,0.0
2024-08-14 00:00:00+03:00,69.19082455586606,71.29317903034037,68.81707122354248,68.95722961425781,1046437,0.0,0.0
2024-08-15 00:00:00+03:00,69.14410196259668,71.15301986428734,67.92940542796926,69.84488677978516,1629637,0.0,0.0
2024-08-16 00:00:00+03:00,70.03176215875811,70.5456738929226,68.20972442626953,68.20972442626953,848252,0.0,0.0
2024-08-19 00:00:00+03:00,68.25644914189343,69.79817015181624,67.41550587272951,69.5645751953125,991769,0.0,0.0
2024-08-20 00:00:00+03:00,68.02284651028671,68.11628305659518,66.3409601617282,66.6679916381836,1651914,0.0,0.0
2024-08-21 00:00:00+03:00,66.66799302069975,68.67691088737325,65.87377166748047,65.87377166748047,973802,0.0,0.0
2024-08-22 00:00:00+03:00,66.06064236025732,66.80814897653026,64.37876316677036,64.61235809326172,852185,0.0,0.0
2024-08-23 00:00:00+03:00,64.61236152999352,65.03282956854211,63.11735534667969,63.11735534667969,810702,0.0,0.0
2024-08-26 00:00:00+03:00,63.537823640699045,64.00501352041006,61.57562757166311,62.22969055175781,921177,0.0,0.0
2024-08-27 00:00:00+03:00,62.55672105641553,68.06956297591802,62.08953118406365,64.00501251220703,3752322,0.0,0.0
2024-08-28 00:00:00+03:00,63.77141814689528,66.90158889392293,63.53782320862826,64.0517349243164,1775596,0.0,0.0
2024-08-29 00:00:00+03:00,64.05173869337035,65.64018151555553,63.21079544037437,64.56564331054688,1434188,0.0,0.0
2024-09-02 00:00:00+03:00,64.89267128848078,66.90158919228674,64.89267128848078,66.01393127441406,1507989,0.0,0.0
2024-09-03 00:00:00+03:00,66.20080579257467,66.90159062551389,65.12626762298414,65.21971130371094,1273758,0.0,0.0
2024-09-04 00:00:00+03:00,64.93938774963723,65.87376742948813,63.67797660758877,64.42547607421875,867892,0.0,0.0
2024-09-05 00:00:00+03:00,64.56563797114173,68.34987873230101,64.37876487648639,65.78033447265625,2254987,0.0,0.0
2024-09-06 00:00:00+03:00,65.78033593743785,66.29424052355935,64.05173482275323,65.03282928466797,1007445,0.0,0.0
2024-09-09 00:00:00+03:00,64.89266578723083,71.01285552978516,64.56563432567285,71.01285552978516,4873470,0.0,0.0
2024-09-10 00:00:00+03:00,73.62912475209934,74.56350447165008,66.5745550179906,66.62127685546875,5485519,0.0,0.0
2024-09-11 00:00:00+03:00,66.62127234499671,71.43332187189077,65.68689268870644,67.97611999511719,5195262,0.0,0.0
2024-09-12 00:00:00+03:00,68.91050926626545,71.38661712666811,67.08847153377687,68.20972442626953,2858315,0.0,0.0
2024-09-13 00:00:00+03:00,68.20971604922084,69.79815863996251,67.41549475385001,69.0506591796875,1869979,0.0,0.0
2024-09-16 00:00:00+03:00,69.14410922726135,71.10630549579798,67.41550792233032,68.8637924194336,2085539,0.0,0.0
2024-09-17 00:00:00+03:00,69.23753426630881,69.7047241157829,68.2097180232161,68.3498764038086,1252801,0.0,0.0
2024-09-18 00:00:00+03:00,68.3498805578338,69.37769686339297,66.99502563476562,66.99502563476562,2160117,0.0,0.0
2024-09-19 00:00:00+03:00,67.41549974915075,70.21863897257697,66.99502458838582,68.7236328125,2529451,0.0,0.0
2024-09-20 00:00:00+03:00,69.19081901454952,69.37769210136918,67.32205963134766,67.32205963134766,1096683,0.0,0.0
2024-09-23 00:00:00+03:00,67.36877453068986,67.88268621403563,66.20079991285976,66.43439483642578,878275,0.0,0.0
2024-09-24 00:00:00+03:00,66.48112115303164,67.6023740102131,65.73361449574278,66.01393127441406,921411,0.0,0.0
2024-09-25 00:00:00+03:00,66.013926397621,66.66798932786585,64.42547665041722,64.47219848632812,1059166,0.0,0.0
2024-09-26 00:00:00+03:00,64.70579593618945,66.24752390771178,64.70579593618945,64.79923248291016,970184,0.0,0.0
2024-09-27 00:00:00+03:00,64.75252451572328,65.82705560801517,64.65908083052199,65.64018249511719,777445,0.0,0.0
2024-09-30 00:00:00+03:00,65.64018021094556,66.80815494779512,64.19188868575128,64.37876892089844,735602,0.0,0.0
2024-10-01 00:00:00+03:00,64.70579648187955,64.84595486751842,60.45436584709295,61.01499938964844,1117720,0.0,0.0
2024-10-02 00:00:00+03:00,60.8281206289485,61.94938061227697,59.893740873884,60.267494201660156,962933,0.0,0.0
2024-10-03 00:00:00+03:00,60.2674940269412,61.902658593563636,59.84702598988185,61.201873779296875,938140,0.0,0.0
2024-10-04 00:00:00+03:00,61.20187112194078,62.0428142882979,59.98717464511924,61.80921936035156,623905,0.0,0.0
2024-10-07 00:00:00+03:00,62.13625653080178,63.86485773034434,61.99609813543301,62.04281997680664,690388,0.0,0.0
2024-10-08 00:00:00+03:00,61.94938349274661,64.28533298902285,61.80922509721961,62.089534759521484,1201786,0.0,0.0
2024-10-09 00:00:00+03:00,62.089532162094144,62.83703882113251,60.73468436243291,62.22969055175781,591693,0.0,0.0
2024-10-10 00:00:00+03:00,62.229690663306954,63.07063387404458,61.01500125113201,61.24859619140625,502565,0.0,0.0
2024-10-11 00:00:00+03:00,61.248593895292046,61.85593501423532,59.706865921528674,60.033897399902344,532382,0.0,0.0
2024-10-14 00:00:00+03:00,60.40765476693066,61.2953127147202,59.05280336040176,59.09952163696289,728666,0.0,0.0
2024-10-15 00:00:00+03:00,59.099519801541035,62.32312712103345,59.099519801541035,61.71578598022461,1570756,0.0,0.0
2024-10-16 00:00:00+03:00,62.46328515301851,63.58454513549805,60.734684033208325,63.58454513549805,909938,0.0,0.0
2024-10-17 00:00:00+03:00,63.39766499612814,64.00501326306083,62.65016546884713,63.11735534667969,731524,0.0,0.0
2024-10-18 00:00:00+03:00,63.16406983349344,63.724696259156495,61.201873779296875,61.201873779296875,573390,0.0,0.0
2024-10-21 00:00:00+03:00,61.20187139588422,61.57562470802159,59.84702365923165,59.940460205078125,608572,0.0,0.0
2024-10-22 00:00:00+03:00,59.940464983601906,62.463287566336454,59.940464983601906,61.528907775878906,898748,0.0,0.0
2024-10-23 00:00:00+03:00,62.51000756588236,62.51000756588236,59.00608345488842,59.37983322143555,1107964,0.0,0.0
2024-10-24 00:00:00+03:00,59.47327340047397,60.92155775732846,59.47327340047397,60.31421661376953,663049,0.0,0.0
2024-10-25 00:00:00+03:00,60.12733323344393,61.52890280591932,60.12733323344393,60.92155456542969,560764,0.0,0.0
2024-10-28 00:00:00+03:00,61.29531032878209,61.715785494593206,60.734683903119034,61.201873779296875,339116,0.0,0.0
2024-10-30 00:00:00+03:00,61.34203143798168,62.18297463084562,61.0617146641098,61.575626373291016,796168,0.0,0.0
2024-10-31 00:00:00+03:00,62.6501693241033,65.87377682801595,62.6501693241033,63.1640739440918,3182325,0.0,0.0
2024-11-01 00:00:00+03:00,63.25750734706233,64.28533079331966,62.69688091285498,62.74360275268555,1080622,0.0,0.0
2024-11-04 00:00:00+03:00,63.21078893543573,64.7525168858125,61.34202951164607,62.323123931884766,1198138,0.0,0.0
2024-11-05 00:00:00+03:00,60.68795904250457,61.15514889542224,59.052798121668445,59.847023010253906,1175412,0.0,0.0
2024-11-06 00:00:00+03:00,59.84702535786405,62.136252875459235,59.566708583616936,61.108436584472656,1283108,0.0,0.0
2024-11-07 00:00:00+03:00,61.34203208100437,62.0428168942784,60.54781071837748,61.669063568115234,896407,0.0,0.0
2024-11-08 00:00:00+03:00,61.85593715062243,62.65016564821308,61.43546911087006,62.18297576904297,1019572,0.0,0.0
2024-11-11 00:00:00+03:00,62.229687386445576,62.74359907948832,61.715782822154296,62.323123931884766,879709,0.0,0.0
2024-11-12 00:00:00+03:00,62.32312531227359,62.36984715040375,59.800302885780376,61.01499938964844,811101,0.0,0.0
2024-11-13 00:00:00+03:00,60.968281470721145,61.295312972399884,60.17406007271504,60.547813415527344,554028,0.0,0.0
2024-11-14 00:00:00+03:00,60.73468261837069,61.528903965322144,60.54780952335328,61.01499938964844,644198,0.0,0.0
2024-11-15 00:00:00+03:00,61.06171394629369,62.88375869753832,61.06171394629369,61.949378967285156,1335368,0.0,0.0
2024-11-18 00:00:00+03:00,62.65016122453731,63.3042241576919,61.76249623954028,62.13624954223633,766903,0.0,0.0
2024-11-19 00:00:00+03:00,62.18297397702644,62.60344200466158,60.3609292235204,61.4821891784668,725147,0.0,0.0
2024-11-20 00:00:00+03:00,61.575629393734474,61.80922434050224,59.5199931493029,59.56671142578125,747838,0.0,0.0
2024-11-21 00:00:00+03:00,59.753585397866324,60.92155651458881,59.56670873601542,60.68796157836914,782737,0.0,0.0
2024-11-22 00:00:00+03:00,61.24859626326254,61.57562775427978,60.17405811099004,61.295310974121094,762821,0.0,0.0
2024-11-25 00:00:00+03:00,61.715785889872855,62.69688035887901,61.66906405045511,62.18297576904297,935760,0.0,0.0
2024-11-26 00:00:00+03:00,62.136254478647636,63.5845459683725,61.48219149353104,62.74360275268555,1092169,0.0,0.0
2024-11-27 00:00:00+03:00,63.11735816963108,63.49110438561165,61.80922502744272,62.04281997680664,901562,0.0,0.0
2024-11-28 00:00:00+03:00,62.089530223821846,62.79031502151172,61.62234035869527,61.949378967285156,742921,0.0,0.0
2024-11-29 00:00:00+03:00,61.94938163781847,62.65016646571799,61.52890646382761,61.85593795776367,830936,0.0,0.0
2024-12-02 00:00:00+03:00,61.71578403472187,62.55672008894843,60.9215555610054,61.949378967285156,869756,0.0,0.0
2024-12-03 00:00:00+03:00,62.13625084100638,63.070630552901214,61.66906098505897,62.323123931884766,1113789,0.0,0.0
2024-12-04 00:00:00+03:00,62.60344433933835,65.0795521456745,62.22969100708446,63.25750732421875,2226492,0.0,0.0
2024-12-05 00:00:00+03:00,63.958290905589344,66.90158853783835,63.81813964637651,65.92049407958984,2831906,0.0,0.0
2024-12-06 00:00:00+03:00,67.08847007540618,67.882691451053,65.40658364447604,66.10736846923828,1586503,0.0,0.0
2024-12-09 00:00:00+03:00,66.57455647245366,67.0417463424358,65.50001834574442,65.87377166748047,1312814,0.0,0.0
2024-12-10 00:00:00+03:00,65.87377200161454,65.87377200161454,63.81813941476697,64.00501251220703,1143866,0.0,0.0
2024-12-11 00:00:00+03:00,64.09844849255673,64.61236019908755,63.11735404656832,63.44438552856445,752410,0.0,0.0
2024-12-12 00:00:00+03:00,64.23860687249649,64.9393916747419,63.63125861813346,63.958290100097656,661105,0.0,0.0
2024-12-13 00:00:00+03:00,64.42547597346582,66.24752062357636,63.91157142760224,65.35985565185547,1401475,0.0,0.0
2024-12-16 00:00:00+03:00,65.59345751161028,66.2942423445495,64.84595796705963,65.21971130371094,998045,0.0,0.0
2024-12-17 00:00:00+03:00,65.35986218867146,65.78033736325038,63.724697587952356,64.23860931396484,614489,0.0,0.0
2024-12-18 00:00:00+03:00,64.23860761854384,64.61236094316571,62.88375983663524,63.07063293457031,630862,0.0,0.0
2024-12-19 00:00:00+03:00,62.60343938841856,62.93047085499585,61.80921807565903,62.13624954223633,597542,0.0,0.0
2024-12-20 00:00:00+03:00,62.93047529846406,63.1173555273832,61.62234221103738,62.18297576904297,611656,0.0,0.0
2024-12-23 00:00:00+03:00,62.416570966003995,62.977197397569526,61.24859626326254,61.295310974121094,691007,0.0,0.0
2024-12-24 00:00:00+03:00,61.24859424561358,61.94937904417323,60.687960703764574,61.4821891784668,426753,0.0,0.0
2024-12-25 00:00:00+03:00,62.136253443631254,62.229689992984106,61.669063568115234,61.669063568115234,332978,0.0,0.0
2024-12-26 00:00:00+03:00,61.94938342281149,62.9771997742623,61.66906663207395,62.04281997680664,566402,0.0,0.0
2024-12-27 00:00:00+03:00,62.55672644888761,62.883765090726456,61.99609997948896,62.27641677856445,519903,0.0,0.0
2024-12-30 00:00:00+03:00,67.18190472331268,67.18190472331268,62.08953086370125,62.55672073364258,2101854,0.0,0.0
2024-12-31 00:00:00+03:00,62.60344397340723,62.60344397340723,61.15515249267095,61.76250076293945,1038633,0.0,0.0
2025-01-02 00:00:00+03:00,62.18297267081599,62.46328230710072,61.20187112194078,61.80921936035156,761011,0.0,0.0
2025-01-03 00:00:00+03:00,61.85593278302647,62.60343938841856,61.62233785993535,62.13624954223633,838015,0.0,0.0
2025-01-06 00:00:00+03:00,62.22969413092845,63.491105452948524,62.22969413092845,63.1640739440918,838265,0.0,0.0
2025-01-07 00:00:00+03:00,63.164067098340404,63.25750364377959,62.18297267810171,62.323123931884766,858320,0.0,0.0
2025-01-08 00:00:00+03:00,62.463286914074786,62.55672346639443,61.01500253124028,61.43547058105469,588156,0.0,0.0
2025-01-09 00:00:00+03:00,61.482191111951416,61.99609570313873,61.43546927241083,61.76250076293945,387176,0.0,0.0
2025-01-10 00:00:00+03:00,61.85593863086909,62.32312852121932,61.201875635879574,61.43547058105469,429988,0.0,0.0
2025-01-13 00:00:00+03:00,61.43546964816112,61.43546964816112,59.70686850586438,59.893741607666016,588992,0.0,0.0
2025-01-14 00:00:00+03:00,60.22077597128057,60.594529321454786,59.56671295503984,59.75358963012695,327501,0.0,0.0
2025-01-15 00:00:00+03:00,59.75358419495694,60.17405578456293,59.51998926343981,60.033897399902344,333942,0.0,0.0
2025-01-16 00:00:00+03:00,60.40765259067019,60.734684079192405,59.660145935117875,60.267494201660156,356571,0.0,0.0
2025-01-17 00:00:00+03:00,60.26749662623009,60.641249969042406,59.94046512455135,60.547813415527344,343180,0.0,0.0
2025-01-20 00:00:00+03:00,60.73468276953263,61.24859447523703,60.17405635433343,60.59452438354492,628834,0.0,0.0
2025-01-21 00:00:00+03:00,60.26749364008195,60.314215478900536,59.70686721801758,59.70686721801758,421589,0.0,0.0
2025-01-22 00:00:00+03:00,59.753585408689204,60.734683428114344,59.33311381054247,60.17405700683594,452724,0.0,0.0
2025-01-23 00:00:00+03:00,60.174059035049794,60.54781237141695,59.84702753901051,59.987178802490234,598999,0.0,0.0
2025-01-24 00:00:00+03:00,59.987178158566834,60.174058389120354,59.70686850586438,59.893741607666016,510052,0.0,0.0
2025-01-27 00:00:00+03:00,59.800303272956135,59.800303272956135,59.14623674303301,59.192955017089844,423326,0.0,0.0
2025-01-28 00:00:00+03:00,59.33311462402344,59.800304502952756,59.09951968455878,59.33311462402344,314788,0.0,0.0
2025-01-29 00:00:00+03:00,59.333116366091446,59.333116366091446,58.4454548571881,58.58561325073242,369613,0.0,0.0
2025-01-30 00:00:00+03:00,58.44545210057274,59.099518632303436,58.258575439453125,58.258575439453125,377411,0.0,0.0
2025-01-31 00:00:00+03:00,58.72576440562956,58.72576440562956,57.46435320015692,57.65122985839844,341633,0.0,0.0
2025-02-03 00:00:00+03:00,57.4643554246617,57.4643554246617,55.54887762338149,56.01606750488281,591477,0.0,0.0
2025-02-04 00:00:00+03:00,56.06278610229492,56.76357092857361,55.96934955120814,56.06278610229492,285205,0.0,0.0
2025-02-05 00:00:00+03:00,56.062787750512115,56.15622430434588,53.91371493295103,54.33418655395508,612476,0.0,0.0
2025-02-06 00:00:00+03:00,54.42761767035625,54.988244066103206,54.33418112585699,54.61449432373047,307080,0.0,0.0
2025-02-07 00:00:00+03:00,55.12840665016405,57.557792636115806,54.98824825835393,56.10950469970703,1325281,0.0,0.0
2025-02-10 00:00:00+03:00,56.10950127902412,56.436536318518264,55.54887487471382,55.689029693603516,441693,0.0,0.0
2025-02-11 00:00:00+03:00,55.12840826441553,55.92262966959313,55.12840826441553,55.829193115234375,303084,0.0,0.0
2025-02-12 00:00:00+03:00,55.40871909548064,56.10950391599105,54.70793427497024,55.034969329833984,307447,0.0,0.0
2025-02-13 00:00:00+03:00,55.128405306117635,55.548876906920825,54.70793370531444,54.98824691772461,302921,0.0,0.0
2025-02-14 00:00:00+03:00,55.17512366848682,55.36200033184925,52.41870268592463,54.52105712890625,400498,0.0,0.0
2025-02-17 00:00:00+03:00,54.52105966162261,55.17512623158713,54.10059160499461,54.33418655395508,308651,0.0,0.0
2025-02-18 00:00:00+03:00,54.287464822616336,54.287464822616336,53.21293019384745,53.86699676513672,396290,0.0,0.0
2025-02-19 00:00:00+03:00,53.86699310708433,54.24074286217148,52.46542350566194,52.932613372802734,501049,0.0,0.0
2025-02-20 00:00:00+03:00,52.93261353669337,54.38090141643888,52.79245515036684,53.91371154785156,381163,0.0,0.0
2025-02-21 00:00:00+03:00,54.3809043585212,54.661217581963754,52.371986389160156,52.371986389160156,409053,0.0,0.0
2025-02-24 00:00:00+03:00,54.00715159617124,55.78247463761696,53.44652514328104,53.86699676513672,810453,0.0,0.0
2025-02-25 00:00:00+03:00,53.49324052598741,53.72683546278212,52.32526584201389,52.558860778808594,370439,0.0,0.0
2025-02-26 00:00:00+03:00,53.30636196374533,53.30636196374533,51.858074120112825,52.32526397705078,402689,0.0,0.0
2025-02-27 00:00:00+03:00,52.3252676904729,53.11948907788147,51.9515143526477,52.792457580566406,428613,0.0,0.0
2025-02-28 00:00:00+03:00,52.699019166635765,53.35308213816025,52.41870239098142,52.558860778808594,303280,0.0,0.0
2025-03-03 00:00:00+03:00,52.65229732777613,53.35308213816025,52.51214250432483,52.558860778808594,485629,0.0,0.0
2025-03-04 00:00:00+03:00,52.74574118534068,53.119490972117774,51.57776641845703,51.57776641845703,368365,0.0,0.0
2025-03-05 00:00:00+03:00,51.344165990356224,52.41870052268808,51.344165990356224,52.32526397705078,703654,0.0,0.0
2025-03-06 00:00:00+03:00,53.259646855804114,54.33418501636458,52.79245697110408,54.147308349609375,673319,0.0,0.0
2025-03-07 00:00:00+03:00,54.14730609820742,56.43653715092839,53.53995784760006,56.24966049194336,1020019,0.0,0.0
2025-03-10 00:00:00+03:00,56.24966049194336,57.93154329405695,55.59559396768369,56.24966049194336,1306890,0.0,0.0
2025-03-11 00:00:00+03:00,56.24966226254851,57.37091868737732,55.408719052832936,56.95044708251953,814256,0.0,0.0
2025-03-12 00:00:00+03:00,56.99716544963416,57.230760390001514,55.96934913776818,56.48325729370117,729798,0.0,0.0
2025-03-13 00:00:00+03:00,56.76357077806469,58.865925251326345,56.62341238743021,58.44545364379883,1365462,0.0,0.0
2025-03-14 00:00:00+03:00,59.19295461608148,60.59452421454632,58.21185661003125,59.613426208496094,1509773,0.0,0.0
2025-03-17 00:00:00+03:00,59.98717799338936,61.108437987367395,59.80030489210228,60.31421661376953,865690,0.0,0.0
2025-03-18 00:00:00+03:00,59.800304921673465,59.800304921673465,58.6790484915169,58.91264343261719,815590,0.0,0.0
2025-03-19 00:00:00+03:00,56.062784741103385,56.90372793797028,53.02605056762695,53.02605056762695,945132,0.0,0.0
2025-03-20 00:00:00+03:00,53.02605095075857,56.249661809538885,53.02605095075857,54.52105712890625,909732,0.0,0.0
2025-03-21 00:00:00+03:00,54.521057066790064,55.081687056238636,50.456506574073394,53.07276916503906,684518,0.0,0.0
2025-03-24 00:00:00+03:00,52.138390385840104,54.848093141093614,50.45650751488577,52.69902038574219,776166,0.0,0.0
2025-03-25 00:00:00+03:00,54.007146543727266,54.427618126247246,52.93261201548259,53.72683334350586,631769,0.0,0.0
2025-03-26 00:00:00+03:00,53.726837479377934,54.75465381410259,52.79245769712788,53.773555755615234,518083,0.0,0.0
2025-03-27 00:00:00+03:00,54.427621567554205,55.82919122165431,53.91371340725935,54.147308349609375,608334,0.0,0.0
2025-03-28 00:00:00+03:00,54.147309108243086,55.36200211260651,53.02605265637838,55.22184371948242,388003,0.0,0.0
2025-04-02 00:00:00+03:00,55.22184252308827,55.22184252308827,53.72683632924233,54.567779541015625,484894,0.0,0.0
2025-04-03 00:00:00+03:00,54.75465133615541,56.950445863696935,54.66121478790932,54.89480972290039,1026050,0.0,0.0
2025-04-04 00:00:00+03:00,56.76356822999435,59.566707401845925,56.156219983676195,56.67013168334961,2806004,0.0,0.0
2025-04-07 00:00:00+03:00,56.24966122076193,56.343097769277186,54.10058852552847,55.87590789794922,1166306,0.0,0.0
2025-04-08 00:00:00+03:00,56.48325615642591,56.997164302011505,55.45543630087889,55.87590789794922,807999,0.0,0.0
2025-04-09 00:00:00+03:00,55.03496860450383,55.64231330231617,53.91371219358954,54.00714874267578,628063,0.0,0.0
2025-04-10 00:00:00+03:00,55.92262376859859,56.01606387747355,54.1940227447324,54.61449432373047,566058,0.0,0.0
2025-04-11 00:00:00+03:00,55.03496655694103,56.71684932855049,54.567776700139746,54.70793151855469,944467,0.0,0.0
2025-04-14 00:00:00+03:00,55.96934627054359,55.96934627054359,54.70793151855469,54.70793151855469,524354,0.0,0.0
2025-04-15 00:00:00+03:00,54.801375226488496,55.12840672197013,54.0538685550288,54.194026947021484,555878,0.0,0.0
2025-04-16 00:00:00+03:00,54.521057066790064,54.61449718055277,53.02605089034565,53.07276916503906,429882,0.0,0.0
2025-04-17 00:00:00+03:00,53.07276619065277,54.567775847687415,52.65229461322504,53.63339614868164,520757,0.0,0.0
2025-04-18 00:00:00+03:00,55.12840350122247,55.31528015816957,54.00714712391568,54.28746032714844,724657,0.0,0.0
2025-04-21 00:00:00+03:00,54.287459086485136,54.84808904451401,53.44651949600535,53.63339614868164,540501,0.0,0.0
2025-04-22 00:00:00+03:00,54.19402524973327,54.61449684816672,52.97933229321787,53.02605056762695,383422,0.0,0.0
2025-04-24 00:00:00+03:00,53.02605210454401,53.44652371516448,52.46542566663401,53.212928771972656,437042,0.0,0.0
2025-04-25 00:00:00+03:00,53.493238808410254,54.14730532330964,53.119485495788965,53.30636215209961,488693,0.0,0.0
2025-04-28 00:00:00+03:00,53.353082792613066,53.680117846762734,52.51214314846231,52.65229797363281,442542,0.0,0.0
2025-04-29 00:00:00+03:00,53.259645675864455,53.259645675864455,52.04495271543044,52.091670989990234,328965,0.0,0.0
2025-04-30 00:00:00+03:00,52.09167240145122,52.465425736808434,51.01713423558121,51.29745101928711,487141,0.0,0.0
2025-05-02 00:00:00+03:00,51.34416726632336,53.25964501449585,51.34416726632336,51.998233795166016,285492,0.0,0.0
2025-05-05 00:00:00+03:00,52.605578250021146,53.68011636861927,51.48432185765264,53.399803161621094,597634,0.0,0.0
2025-05-06 00:00:00+03:00,53.44652514328104,54.47434149503842,53.30636674787046,53.86699676513672,647555,0.0,0.0
2025-05-07 00:00:00+03:00,53.68011669211934,53.773553240223215,51.484322167919885,51.531044006347656,609699,0.0,0.0
2025-05-08 00:00:00+03:00,52.18510982435165,52.18510982435165,51.43760670553336,51.9047966003418,207586,0.0,0.0
2025-05-09 00:00:00+03:00,52.93261265431201,53.82027053833008,51.90479282192807,53.82027053833008,561399,0.0,0.0
2025-05-12 00:00:00+03:00,54.24074311253029,55.642312720421906,54.24074311253029,55.36199951171875,1228745,0.0,0.0
2025-05-13 00:00:00+03:00,55.268564724929455,56.52997598648071,54.24074484109514,56.06278610229492,981642,0.0,0.0
2025-05-14 00:00:00+03:00,56.156221606413546,56.529974932544356,54.70793370531444,54.98824691772461,907782,0.0,0.0
2025-05-15 00:00:00+03:00,54.988244066103206,55.735750679600066,54.240741016982035,54.61449432373047,549921,0.0,0.0
2025-05-16 00:00:00+03:00,54.61449829974328,57.55779243825432,54.52105818406576,57.04388427734375,1641452,0.0,0.0
2025-05-20 00:00:00+03:00,57.18403891050091,59.800301383138056,56.52997240124769,56.576690673828125,2026234,0.0,0.0
2025-05-21 00:00:00+03:00,56.67013581872745,58.07170550692969,56.38981902958618,56.716854095458984,1007078,0.0,0.0
2025-05-22 00:00:00+03:00,56.81028657726418,57.74466630243094,55.08168551145597,56.20294189453125,871322,0.0,0.0
2025-05-23 00:00:00+03:00,55.875908220833736,56.71685141983389,55.40871834680607,55.92262649536133,601282,0.0,0.0
2025-05-26 00:00:00+03:00,56.39049555057005,56.825384439753904,54.60262351198285,54.94086837768555,676166,1.984127,0.0
2025-05-27 00:00:00+03:00,54.94087061464581,55.2791191807131,53.636207580566406,53.636207580566406,491138,0.0,0.0
2025-05-28 00:00:00+03:00,53.68452630830953,58.99982601579746,53.68452630830953,54.409339904785156,3866877,0.0,0.0
2025-05-29 00:00:00+03:00,54.45765957485618,55.08583282734894,53.10467641912244,53.491241455078125,905534,0.0,0.0
2025-05-30 00:00:00+03:00,53.491243210115925,54.84423009683347,53.05635799122135,54.21605682373047,535708,0.0,0.0
2025-06-02 00:00:00+03:00,55.08583315169786,55.32743768306496,52.33154296875,52.33154296875,645864,0.0,0.0
2025-06-03 00:00:00+03:00,52.81475430365801,53.732848613076776,52.52482590427026,53.39460372924805,400820,0.0,0.0
2025-06-04 00:00:00+03:00,53.53956511066084,55.230796813964844,53.49124125557812,55.230796813964844,568932,0.0,0.0
2025-06-05 00:00:00+03:00,55.085832645889575,55.18247298291201,54.505983250569855,54.650943756103516,251353,0.0,0.0
2025-06-10 00:00:00+03:00,55.085835102771156,55.76232855187811,54.98919476143847,55.1341552734375,509924,0.0,0.0
2025-06-11 00:00:00+03:00,55.279119383253295,56.003933001862585,54.844230474769184,55.42407989501953,518360,0.0,0.0
2025-06-12 00:00:00+03:00,54.79591132684985,55.37576075792206,53.58788860662208,53.73284912109375,460646,0.0,0.0
2025-06-13 00:00:00+03:00,50.73695153896297,52.47650342583747,49.7705334144113,52.0416145324707,537443,0.0,0.0
2025-06-16 00:00:00+03:00,51.703371666659685,52.81475402758946,51.51008729694241,51.89665603637695,514035,0.0,0.0
2025-06-17 00:00:00+03:00,51.896656272335285,52.47650569753078,50.73695373535156,50.73695373535156,675283,0.0,0.0
2025-06-18 00:00:00+03:00,50.398709186099985,50.688633900621106,49.1423626121872,49.28732681274414,533484,0.0,0.0
2025-06-19 00:00:00+03:00,49.383967658926615,52.57315061095546,49.383967658926615,49.625572204589844,1072592,0.0,0.0
2025-06-20 00:00:00+03:00,50.012140794233844,52.08994135500821,49.81885642099554,50.4953498840332,876312,0.0,0.0
2025-06-23 00:00:00+03:00,49.28732681274414,50.20542481422165,49.04572226954441,49.28732681274414,588684,0.0,0.0
2025-06-24 00:00:00+03:00,50.736951200539224,51.26848042817874,49.72221291384695,50.54366683959961,561826,0.0,0.0
2025-06-25 00:00:00+03:00,50.930235386121076,52.18657819801402,50.39870616031167,51.703369140625,833065,0.0,0.0
2025-06-26 00:00:00+03:00,52.186581538990225,52.28322188201791,50.88191847515258,51.36512756347656,453410,0.0,0.0
2025-06-27 00:00:00+03:00,51.89665360145277,51.89665360145277,50.591986932019005,50.83359146118164,330855,0.0,0.0
2025-06-30 00:00:00+03:00,51.026876287412136,52.669787838026906,50.64031124918033,52.33154296875,1001369,0.0,0.0
2025-07-01 00:00:00+03:00,52.5731490851382,53.8778121192176,52.5731490851382,53.636207580566406,870612,0.0,0.0
2025-07-02 00:00:00+03:00,54.07109451293945,55.56904186055771,53.732845959224,54.07109451293945,1031429,0.0,0.0
2025-07-03 00:00:00+03:00,54.50598389860422,55.085833300817896,54.26437936658309,54.989192962646484,515372,0.0,0.0
2025-07-04 00:00:00+03:00,54.98919288353876,55.32743775324471,53.92613073221956,55.279117584228516,569554,0.0,0.0
2025-07-07 00:00:00+03:00,54.650946058023116,56.00393295288086,53.63620773017617,56.00393295288086,617954,0.0,0.0
2025-07-08 00:00:00+03:00,56.05225212582669,56.53546119587693,54.747589111328125,54.747589111328125,614842,0.0,0.0
2025-07-09 00:00:00+03:00,54.79590928101462,55.37575869043784,54.119415845625774,54.747589111328125,650931,0.0,0.0
2025-07-10 00:00:00+03:00,55.18247471578893,56.245536889381455,55.13415454576033,55.95561218261719,556020,0.0,0.0
2025-07-11 00:00:00+03:00,56.197218015032,56.342178528459996,55.27912001695033,55.7623291015625,537795,0.0,0.0
2025-07-14 00:00:00+03:00,56.29385649168856,56.68042522120415,55.32743835449219,55.32743835449219,420192,0.0,0.0
2025-07-16 00:00:00+03:00,55.52072428516219,56.24553790850218,53.636208127159655,54.264381408691406,684692,0.0,0.0
2025-07-17 00:00:00+03:00,54.361019704754504,55.520722195774454,54.361019704754504,54.989192962646484,614704,0.0,0.0
2025-07-18 00:00:00+03:00,55.76232606482427,55.76232606482427,54.26437872142122,54.650943756103516,651957,0.0,0.0
2025-07-21 00:00:00+03:00,54.989194394485445,60.111209869384766,54.84423019686107,60.111209869384766,2850114,0.0,0.0
2025-07-22 00:00:00+03:00,62.04404347973663,64.36344855919657,60.884344626599415,61.3675537109375,5440868,0.0,0.0
2025-07-23 00:00:00+03:00,62.18900698232236,63.05878479901482,60.64273940441655,61.60915756225586,1737382,0.0,0.0
2025-07-24 00:00:00+03:00,61.60915662960729,64.50841105923587,61.12594755800253,63.59031677246094,2688496,0.0,0.0
2025-07-25 00:00:00+03:00,63.78359903776353,63.78359903776353,61.512517819389345,61.65747833251953,1276546,0.0,0.0
2025-07-28 00:00:00+03:00,61.947402532219876,62.140690587977794,61.07762840086549,61.31923294067383,664716,0.0,0.0
2025-07-29 00:00:00+03:00,61.31923194847721,61.70579699395997,59.96624507280592,60.062889099121094,768493,0.0,0.0
2025-07-30 00:00:00+03:00,60.062887513151,63.39702707124418,60.062887513151,61.415870666503906,1662444,0.0,0.0
2025-07-31 00:00:00+03:00,61.17426797329472,62.91381990073296,61.125947803258896,61.85076141357422,1103753,0.0,0.0
2025-08-01 00:00:00+03:00,61.89908510120277,62.76885553265821,61.46419251228974,62.43061065673828,715898,0.0,0.0
2025-08-04 00:00:00+03:00,63.30038846137902,63.493669140994605,61.85076124470622,62.43061065673828,1162183,0.0,0.0
2025-08-05 00:00:00+03:00,62.81717812925811,63.4936678675299,61.80243983525784,62.04404067993164,1424248,0.0,0.0
2025-08-06 00:00:00+03:00,62.237330189991845,62.52725121040683,61.17426801550689,62.140689849853516,1465451,0.0,0.0
2025-08-07 00:00:00+03:00,62.430610489424275,64.12184223767672,62.189005953959644,63.010459899902344,2429301,0.0,0.0
2025-08-08 00:00:00+03:00,63.010459899902344,64.41177062950838,62.237329810326685,63.010459899902344,1591385,0.0,0.0
2025-08-11 00:00:00+03:00,63.78359883547171,64.99162154068898,63.05878521234135,63.10710906982422,1186216,0.0,0.0
2025-08-12 00:00:00+03:00,62.962144144197886,64.79834010958194,62.09236633183856,63.05878448486328,1850418,0.0,0.0
2025-08-13 00:00:00+03:00,63.05878466049195,63.54199373835012,62.140690361835574,62.47893524169922,1369006,0.0,0.0
2025-08-14 00:00:00+03:00,62.47893626805943,62.52725275272772,60.69106043865858,60.78770446777344,1165697,0.0,0.0
2025-08-15 00:00:00+03:00,60.78770237249698,62.76885513206138,60.3044933033566,61.22258758544922,860062,0.0,0.0
2025-08-18 00:00:00+03:00,61.22258900194575,61.850762280999234,60.78770377893164,61.0293083190918,826415,0.0,0.0
2025-08-19 00:00:00+03:00,61.02930578476009,61.51251484501443,60.15952800166526,60.836021423339844,1200159,0.0,0.0
2025-08-20 00:00:00+03:00,60.884344626599415,61.560838081991285,60.111210828977015,61.3675537109375,1361798,0.0,0.0
2025-08-21 00:00:00+03:00,61.3675540302027,62.81718129075867,61.17426965814335,62.285648345947266,1404647,0.0,0.0
2025-08-22 00:00:00+03:00,61.99572599117316,63.25206516619408,61.7057975959916,63.05878448486328,1557119,0.0,0.0
2025-08-25 00:00:00+03:00,63.10710640796815,63.783596145081326,62.817178021671,62.913818359375,1470968,0.0,0.0
2025-08-26 00:00:00+03:00,63.01046006877034,63.05878392526689,62.092365780818355,62.43061065673828,996779,0.0,0.0
2025-08-27 00:00:00+03:00,62.52725006542668,62.817178453717915,60.4977734669436,60.884342193603516,814102,0.0,0.0
2025-08-28 00:00:00+03:00,60.8843427567441,62.38229382146191,60.691058391626385,61.512516021728516,958468,0.0,0.0
2025-08-29 00:00:00+03:00,62.1890074955553,63.3003898608796,60.44945553440693,61.94740295410156,1877435,0.0,0.0
2025-09-01 00:00:00+03:00,61.99572544101056,63.25206460488247,61.99572544101056,62.43061065673828,1375244,0.0,0.0
2025-09-02 00:00:00+03:00,63.01045878180139,63.39702750632232,58.08172782041871,59.38639450073242,2122406,0.0,0.0
2025-09-03 00:00:00+03:00,59.62800216674805,60.449456141300814,58.854868363652606,59.62800216674805,833134,0.0,0.0
2025-09-04 00:00:00+03:00,59.72464020843256,61.464192120019405,59.53135584345788,61.22258758544922,1019942,0.0,0.0
2025-09-05 00:00:00+03:00,61.22258923618417,61.512517634759796,59.869606018066406,59.869606018066406,772153,0.0,0.0
2025-09-08 00:00:00+03:00,59.86960316136667,59.86960316136667,57.59851837158203,57.59851837158203,792982,0.0,0.0
2025-09-09 00:00:00+03:00,57.695163561948156,59.82128420235186,57.695163561948156,58.2750129699707,805601,0.0,0.0
2025-09-10 00:00:00+03:00,58.70990142541132,59.19311049064104,57.405238423928104,57.64684295654297,881775,0.0,0.0
2025-09-11 00:00:00+03:00,57.743485422850696,58.275014676872196,56.05225363222327,56.34217834472656,682578,0.0,0.0
2025-09-12 00:00:00+03:00,56.3421778825765,56.82538696164936,54.989194673128125,55.42407989501953,584279,0.0,0.0
2025-09-15 00:00:00+03:00,56.197216185729395,58.5166175044122,55.03751368309168,58.2750129699707,1018223,0.0,0.0
2025-09-16 00:00:00+03:00,58.61326200693836,59.772960832417105,58.178373104087505,59.193111419677734,698060,0.0,0.0
2025-09-17 00:00:00+03:00,59.193113309997294,59.9179269423646,58.90318859436892,59.04814910888672,679254,0.0,0.0
2025-09-18 00:00:00+03:00,59.43471538895498,59.8696042876561,58.468297252549206,58.564937591552734,709706,0.0,0.0
2025-09-19 00:00:00+03:00,58.6615833647826,59.48303733056305,57.74348537052681,59.28975296020508,1293735,0.0,0.0
2025-09-22 00:00:00+03:00,59.917925547758955,60.691059333637305,59.38639630037963,59.53135681152344,844767,0.0,0.0
2025-09-23 00:00:00+03:00,59.386397777665564,59.386397777665564,58.51661994279554,58.75822448730469,624545,0.0,0.0
2025-09-24 00:00:00+03:00,58.806542125654175,59.57967958405289,57.985088184346324,58.564937591552734,737847,0.0,0.0
2025-09-25 00:00:00+03:00,58.8065443025314,59.19311304604061,57.50188124472516,57.550201416015625,537101,0.0,0.0
2025-09-26 00:00:00+03:00,57.55019965431075,57.985088555797766,56.53546134190282,56.82538604736328,525326,0.0,0.0
2025-09-29 00:00:00+03:00,56.10057343313524,56.7770668822422,54.89255073351307,55.1341552734375,669220,0.0,0.0
2025-09-30 00:00:00+03:00,56.63210005567077,59.14478936624064,55.520721435546875,55.520721435546875,3263896,0.0,0.0
2025-10-01 00:00:00+03:00,56.19721546190457,57.16363358722301,54.6026240804921,55.56904220581055,1552824,0.0,0.0
2025-10-02 00:00:00+03:00,55.52072283090068,58.0817286876656,55.08583393096924,57.98508834838867,1484532,0.0,0.0
2025-10-03 00:00:00+03:00,58.4682978014825,58.56493814139334,56.05225243778487,56.24553680419922,994310,0.0,0.0
2025-10-06 00:00:00+03:00,56.48714288026104,57.018672137444085,54.89255142211914,54.89255142211914,984756,0.0,0.0
2025-10-07 00:00:00+03:00,55.327440279719646,56.05225390783824,54.74759085186187,55.47240447998047,751497,0.0,0.0
2025-10-08 00:00:00+03:00,55.66568470559678,56.14889378702242,54.55430603027344,54.55430603027344,718526,0.0,0.0
2025-10-09 00:00:00+03:00,55.279120354073164,55.42408086838522,54.1194178066129,54.31270217895508,549434,0.0,0.0
2025-10-10 00:00:00+03:00,54.69926468660041,55.617362647473264,53.63620621817453,54.119415283203125,647440,0.0,0.0
2025-10-13 00:00:00+03:00,53.58788510136572,53.82948962960759,52.47650279681609,52.57314682006836,570567,0.0,0.0
2025-10-14 00:00:00+03:00,53.15299968024391,53.29796388128168,51.075199127197266,51.075199127197266,487146,0.0,0.0
2025-10-15 00:00:00+03:00,51.316802978515625,52.37986516972678,51.316802978515625,51.316802978515625,429370,0.0,0.0
2025-10-16 00:00:00+03:00,51.41344770075448,52.959715307724466,51.075199127197266,51.075199127197266,653651,0.0,0.0
2025-10-17 00:00:00+03:00,51.22016212499537,51.944975739971724,49.91549909267502,50.97855758666992,680102,0.0,0.0
2025-10-20 00:00:00+03:00,51.461766531148335,52.04161594700308,50.39870803988375,51.84833526611328,597382,0.0,0.0
2025-10-21 00:00:00+03:00,51.99329577678063,52.718109389895396,51.65505089863081,51.84833526611328,437662,0.0,0.0
2025-10-22 00:00:00+03:00,52.13825928701738,52.71810869523147,51.848334582910326,52.08993911743164,535349,0.0,0.0
2025-10-23 00:00:00+03:00,52.66978733278163,52.66978733278163,51.31680049546765,51.41344451904297,502544,0.0,0.0
2025-10-24 00:00:00+03:00,51.944976823519816,54.60262680053711,51.7516924515091,54.60262680053711,1187617,0.0,0.0
2025-10-27 00:00:00+03:00,55.08583533539489,55.279119705469206,53.877812630671315,53.97445297241211,413383,0.0,0.0
2025-10-28 00:00:00+03:00,53.97445125059225,54.36101997840909,53.53956604003906,53.53956604003906,163915,0.0,0.0
2025-10-30 00:00:00+03:00,54.07109571402573,54.989193685086384,53.97445168799203,54.1677360534668,446513,0.0,0.0
2025-10-31 00:00:00+03:00,54.16773460011753,55.56904160397095,53.87780990298053,55.520721435546875,481833,0.0,0.0
2025-11-03 00:00:00+03:00,56.148892693532005,56.92203015803049,55.5690432817508,56.53546142578125,608546,0.0,0.0
2025-11-04 00:00:00+03:00,56.68042522120415,56.68042522120415,55.037513650651796,55.32743835449219,482425,0.0,0.0
2025-11-05 00:00:00+03:00,55.85896858033147,56.680426223428995,53.10467831525743,56.58378219604492,592999,0.0,0.0
2025-11-06 00:00:00+03:00,57.40524124561333,57.40524124561333,55.810649777337986,56.1005744934082,401830,0.0,0.0
2025-11-07 00:00:00+03:00,56.24553680419922,57.30859528958911,55.56904336504535,56.24553680419922,770964,0.0,0.0
2025-11-10 00:00:00+03:00,56.535462526800025,56.728746896688826,54.55430603027344,54.55430603027344,391631,0.0,0.0
2025-11-11 00:00:00+03:00,54.79591152056607,55.23080043870405,52.08994135500821,53.15299987792969,471613,0.0,0.0
2025-11-12 00:00:00+03:00,54.07109733331704,54.07109733331704,52.47650587863709,52.52482604980469,330073,0.0,0.0
2025-11-13 00:00:00+03:00,53.008034097822765,53.008034097822765,51.80001140929816,51.84833526611328,333851,0.0,0.0
2025-11-14 00:00:00+03:00,51.65505025502412,52.18657949403372,50.73695228586612,51.51008605957031,539926,0.0,0.0
2025-11-17 00:00:00+03:00,51.7033721155061,53.05635902867981,51.7033721155061,52.814754486083984,400839,0.0,0.0
2025-11-18 00:00:00+03:00,52.71811060783951,52.81475463710985,51.70337226335393,51.944976806640625,357192,0.0,0.0
2025-11-19 00:00:00+03:00,51.99329376220703,52.6214670105372,51.89665342550664,51.99329376220703,419493,0.0,0.0
2025-11-20 00:00:00+03:00,54.8925503812358,57.16363525390625,54.45766147484421,57.16363525390625,2527688,0.0,0.0
2025-11-21 00:00:00+03:00,57.163636797901496,57.646845887700856,53.00803567635276,53.15299987792969,3189170,0.0,0.0
2025-11-24 00:00:00+03:00,53.20131638154171,54.07109415784946,52.283218436904086,52.57314682006836,1178318,0.0,0.0
2025-11-25 00:00:00+03:00,52.81475454303353,53.20131959964802,51.89665654286088,52.234901428222656,955877,0.0,0.0
2025-11-26 00:00:00+03:00,52.28321853485481,52.52482306354932,51.703369140625,51.703369140625,567744,0.0,0.0
2025-11-27 00:00:00+03:00,52.18657941068335,52.669788479300784,51.800010681152344,51.800010681152344,461550,0.0,0.0
2025-11-28 00:00:00+03:00,51.848334620098335,52.08993915479293,51.461765889949916,51.51008605957031,316098,0.0,0.0
2025-12-01 00:00:00+03:00,51.51008720840764,52.42818519804213,51.17184232692832,52.186580657958984,447623,0.0,0.0
2025-12-02 00:00:00+03:00,52.23490022798017,52.66978913244735,51.99329569067536,52.13825988769531,487683,0.0,0.0
2025-12-03 00:00:00+03:00,52.283219749769785,52.766428818387226,51.800010681152344,51.800010681152344,529777,0.0,0.0
2025-12-04 00:00:00+03:00,52.186578775292716,52.37986313770491,51.75168988151342,52.33154296875,459366,0.0,0.0
2025-12-05 00:00:00+03:00,52.331542890443856,52.76642809697983,51.944974166197916,52.62146759033203,405529,0.0,0.0
2025-12-08 00:00:00+03:00,52.76642801888823,53.24963708018424,52.66978768126605,52.91139221191406,437474,0.0,0.0
2025-12-09 00:00:00+03:00,52.91139542809585,53.24964031692601,52.621470711013885,52.863075256347656,357114,0.0,0.0
2025-12-10 00:00:00+03:00,52.8630733274071,53.44292274041269,52.66978896087435,52.718109130859375,466624,0.0,0.0
2025-12-11 00:00:00+03:00,55.085834902807115,55.665684321883795,53.2496389314098,53.346282958984375,1445552,0.0,0.0
2025-12-12 00:00:00+03:00,54.07109579765849,54.554304868796464,53.39460236074679,53.877811431884766,584056,0.0,0.0
2025-12-15 00:00:00+03:00,53.877812031815125,54.505985305926274,53.636207493555865,53.92613220214844,407688,0.0,0.0
2025-12-16 00:00:00+03:00,53.92613368429011,54.11941805752841,52.86307516136863,53.15299987792969,415199,0.0,0.0
2025-12-17 00:00:00+03:00,53.34628425116799,53.829493340967346,53.056359534606926,53.15299987792969,385850,0.0,0.0
2025-12-18 00:00:00+03:00,53.15299726518737,54.11941539728169,53.15299726518737,53.249637603759766,383194,0.0,0.0
2025-12-19 00:00:00+03:00,53.34628415636071,53.73284921555752,53.10467961189041,53.44292449951172,408381,0.0,0.0
2025-12-22 00:00:00+03:00,53.58788555660407,53.926130424379124,53.15299666475573,53.201316833496094,540964,0.0,0.0
2025-12-23 00:00:00+03:00,53.20131748155118,53.587886209368015,51.41344541023165,53.53956604003906,426528,0.0,0.0
2025-12-24 00:00:00+03:00,54.11941735453196,54.16773752556567,53.104679016453034,53.39460372924805,362239,0.0,0.0
2025-12-25 00:00:00+03:00,53.636205647681855,53.781169840285585,53.249636925133615,53.491241455078125,315278,0.0,0.0
2025-12-26 00:00:00+03:00,53.49124329596323,54.45766144900028,53.394602955296605,53.92613220214844,678997,0.0,0.0
2025-12-29 00:00:00+03:00,53.92613091987317,54.31269964653308,53.63620621817453,54.119415283203125,555074,0.0,0.0
2025-12-30 00:00:00+03:00,54.554303320695205,55.520721435546875,53.63620537426761,55.520721435546875,709243,0.0,0.0
2025-12-31 00:00:00+03:00,55.95561292113621,56.052253262468895,54.94087090417941,55.1341552734375,586378,0.0,0.0
2026-01-02 00:00:00+03:00,55.42408097199323,56.77706789432489,55.27912045741019,56.68042755126953,673089,0.0,0.0
2026-01-05 00:00:00+03:00,56.970348882806306,58.081727508294556,56.535459991705444,57.30859375,894643,0.0,0.0
2026-01-06 00:00:00+03:00,57.30859375,57.74348264110086,56.922028714149,57.30859375,462593,0.0,0.0
2026-01-07 00:00:00+03:00,57.30859375,57.985087170979945,57.11530938877822,57.30859375,526666,0.0,0.0
2026-01-08 00:00:00+03:00,57.11531054852579,58.564937757235505,57.01867020924886,57.98508834838867,656920,0.0,0.0
2026-01-09 00:00:00+03:00,58.13005128587991,58.3233319602509,57.40523769721104,57.59851837158203,366482,0.0,0.0
2026-01-12 00:00:00+03:00,57.64684475519768,58.323334518352546,57.55020072718075,57.791805267333984,464757,0.0,0.0
2026-01-13 00:00:00+03:00,58.3233326985905,58.51661706200091,57.64684295654297,57.64684295654297,500100,0.0,0.0
2026-01-14 00:00:00+03:00,57.64684227808994,58.323332012175776,57.11530936331884,57.88844680786133,583307,0.0,0.0
2026-01-15 00:00:00+03:00,58.03340975731758,58.37165832519531,57.550200677428855,58.37165832519531,648730,0.0,0.0
2026-01-16 00:00:00+03:00,58.419979095458984,59.096472551564936,57.98509018177711,58.419979095458984,729420,0.0,0.0
2026-01-19 00:00:00+03:00,58.51661874839366,59.14479202593269,58.081729839835305,58.661582946777344,534666,0.0,0.0
2026-01-20 00:00:00+03:00,58.75822090308279,58.75822090308279,57.30859372445446,57.88844680786133,456569,0.0,0.0
2026-01-21 00:00:00+03:00,57.45356009872315,57.79180497861074,56.100573205987395,56.29385757446289,519394,0.0,0.0
2026-01-22 00:00:00+03:00,56.438819654390834,57.45355794256447,56.438819654390834,57.30859375,299771,0.0,0.0
2026-01-23 00:00:00+03:00,57.501880506758525,59.434716826313434,57.115311768210454,58.37165832519531,742396,0.0,0.0
2026-01-26 00:00:00+03:00,58.37165639351346,58.90318562648273,57.88844732961548,58.22669219970703,449102,0.0,0.0
2026-01-27 00:00:00+03:00,58.226691674904245,58.5166163733114,57.598518422861616,57.88844680786133,646945,0.0,0.0
2026-01-28 00:00:00+03:00,57.88844800911175,58.66158178310507,57.30859491367228,57.98508834838867,858303,0.0,0.0
2026-01-29 00:00:00+03:00,57.98508758904137,58.6615810148987,57.45355835679367,58.51661682128906,1000155,0.0,0.0
2026-01-30 00:00:00+03:00,58.661583637883055,59.04814869380592,57.55020126809523,58.419979095458984,918190,0.0,0.0
2026-02-02 00:00:00+03:00,57.98508834838867,58.90318631789002,56.19721626561708,57.98508834838867,725681,0.0,0.0
2026-02-03 00:00:00+03:00,57.98508932521365,60.06288983400422,57.98508932521365,59.241432189941406,1255624,0.0,0.0
2026-02-04 00:00:00+03:00,59.24143142157321,60.40113393035455,59.24143142157321,59.7729606628418,923658,0.0,0.0
2026-02-05 00:00:00+03:00,60.20784932212842,63.73527331750801,59.86960444811689,61.512516021728516,2923097,0.0,0.0
2026-02-06 00:00:00+03:00,61.12594596839918,62.14068794165455,59.43471426176363,61.415870666503906,1021771,0.0,0.0
2026-02-09 00:00:00+03:00,61.464191328324446,62.57557364766912,61.464191328324446,62.33396911621094,842648,0.0,0.0
2026-02-10 00:00:00+03:00,62.33397169506464,62.72054043602772,61.51251772875902,61.94740295410156,855172,0.0,0.0
2026-02-11 00:00:00+03:00,61.75412145291698,63.25206516619408,61.609157255326195,63.05878448486328,841482,0.0,0.0
2026-02-12 00:00:00+03:00,63.1554228347532,64.41176934335714,62.672213773472485,64.07352447509766,815154,0.0,0.0
2026-02-13 00:00:00+03:00,64.2668050997185,64.8949783535257,63.68695570127536,63.78359603881836,773082,0.0,0.0
2026-02-16 00:00:00+03:00,64.75001502591444,68.56736370876514,64.75001502591444,66.48957061767578,1951482,0.0,0.0
2026-02-17 00:00:00+03:00,67.06942397771844,69.9686785527796,66.73117908526511,67.98751831054688,2400561,0.0,0.0
2026-02-18 00:00:00+03:00,68.51904969550652,68.51904969550652,65.90971621381881,66.68285369873047,1405660,0.0,0.0
2026-02-19 00:00:00+03:00,66.68285120107035,67.06941992904694,64.75001493437267,65.90971374511719,1447391,0.0,0.0
2026-02-20 00:00:00+03:00,65.95803577491364,66.87613002690216,65.32986253099175,66.3446044921875,532918,0.0,0.0
2026-02-23 00:00:00+03:00,66.53788885032574,67.79423540776915,66.48957236623049,67.21438598632812,782856,0.0,0.0
2026-02-24 00:00:00+03:00,67.21438598632812,67.50430701045593,65.3781900074437,67.21438598632812,635382,0.0,0.0
2026-02-25 00:00:00+03:00,71.80487402782549,71.80487402782549,66.1996456107774,67.35934448242188,1812972,0.0,0.0
2026-02-26 00:00:00+03:00,66.58621079465682,67.9875141373135,65.95803753398187,67.06941986083984,721692,0.0,0.0
2026-02-27 00:00:00+03:00,67.06941897715598,69.05057169849222,66.1996411948494,67.60094451904297,1170211,0.0,0.0
2026-03-02 00:00:00+03:00,62.43061025249389,65.7647572531636,61.85076084421642,64.75001525878906,1142286,0.0,0.0
2026-03-03 00:00:00+03:00,64.75001410915493,65.7164322301871,61.5125148783342,63.49366760253906,638192,0.0,0.0
2026-03-04 00:00:00+03:00,62.14068980697448,63.39702897427651,61.464192680102315,61.85076141357422,965067,0.0,0.0
2026-03-05 00:00:00+03:00,67.64927223437687,67.64927223437687,62.62390067481166,62.86550521850586,2164984,0.0,0.0
2026-03-06 00:00:00+03:00,63.107108890766334,64.94329749893828,62.09236687198884,63.68695831298828,1018627,0.0,0.0
2026-03-09 00:00:00+03:00,58.03341059360542,63.39703072034395,58.03341059360542,62.285648345947266,782434,0.0,0.0
2026-03-10 00:00:00+03:00,63.10710502440069,64.89497703887524,62.43060792893397,64.55673217773438,1081447,0.0,0.0
2026-03-11 00:00:00+03:00,64.55673702436528,65.5231551991421,62.47893647395803,62.86550521850586,1023383,0.0,0.0
2026-03-12 00:00:00+03:00,62.720537579475085,65.08825902861172,62.47893304902501,63.78359603881836,731152,0.0,0.0
2026-03-13 00:00:00+03:00,63.92856303473487,63.92856303473487,62.14069090565041,63.10710906982422,514727,0.0,0.0
2026-03-16 00:00:00+03:00,63.300390393411114,65.61979548551672,62.67221710570962,64.94329833984375,633645,0.0,0.0
2026-03-17 00:00:00+03:00,65.0399433236514,67.11773641180325,64.46008654509393,65.90971374511719,886541,0.0,0.0
2026-03-18 00:00:00+03:00,67.16606077708829,68.2774431135045,63.92856148045562,64.170166015625,1097964,0.0,0.0
2026-03-19 00:00:00+03:00,63.30038702777445,64.46008582557413,63.30038702777445,64.07352447509766,148457,0.0,0.0
2026-03-23 00:00:00+03:00,63.88023637636136,64.02520056926843,61.2225865414106,63.78359603881836,968954,0.0,0.0
2026-03-24 00:00:00+03:00,63.7835982359559,63.83192209298456,62.18900680541992,62.18900680541992,427542,0.0,0.0
2026-03-25 00:00:00+03:00,62.81718059544185,63.68695841678505,62.189007314850336,62.527252197265625,392190,0.0,0.0
2026-03-26 00:00:00+03:00,62.43061113522621,62.720539530056996,60.20785012327717,60.4011344909668,545414,0.0,0.0
2026-03-27 00:00:00+03:00,60.49777391173414,60.88434264123619,58.70990183262061,58.85486602783203,426406,0.0,0.0
2026-03-30 00:00:00+03:00,58.85486545741145,59.09646998936044,58.03340783682932,58.22669219970703,451353,0.0,0.0
2026-03-31 00:00:00+03:00,58.27501250513056,60.884342193603516,58.27501250513056,60.884342193603516,415647,0.0,0.0
2026-04-01 00:00:00+03:00,61.46419405316802,61.802442624160335,60.59441991331511,61.3675537109375,564004,0.0,0.0
2026-04-02 00:00:00+03:00,60.69105791051794,60.98098261259991,60.30449286993951,60.594417572021484,313742,0.0,0.0
2026-04-03 00:00:00+03:00,60.787701281265214,60.8843416187214,60.11120785929424,60.256168365478516,217850,0.0,0.0
2026-04-06 00:00:00+03:00,60.25617080280097,61.270912820099355,60.25617080280097,60.7393798828125,378871,0.0,0.0
2026-04-07 00:00:00+03:00,60.980984749300006,61.36755349001594,58.951508077023185,59.28975296020508,420571,0.0,0.0
2026-04-08 00:00:00+03:00,61.85076141357422,62.38229434374625,60.73937906978699,61.85076141357422,590045,0.0,0.0
2026-04-09 00:00:00+03:00,61.802441207460646,65.47482942692929,61.4158724742144,65.37818908691406,1204532,0.0,0.0
2026-04-10 00:00:00+03:00,65.6197963642676,67.02109978597957,64.4117736306588,66.77949523925781,923986,0.0,0.0
2026-04-13 00:00:00+03:00,65.52315216715215,68.61568723406111,64.31512950458065,67.6492691040039,1422925,0.0,0.0
2026-04-14 00:00:00+03:00,67.64926837429866,69.09889555374791,67.2626996518085,67.60094451904297,859917,0.0,0.0
2026-04-15 00:00:00+03:00,67.60094955923492,68.61569160978058,67.21438818110863,67.98751831054688,654220,0.0,0.0
2026-04-16 00:00:00+03:00,68.37408672225857,68.61569126898033,66.53789069253605,66.77949523925781,653781,0.0,0.0
2026-04-17 00:00:00+03:00,67.40766425754951,68.90561530143579,67.11773587060857,68.80896759033203,787971,0.0,0.0
2026-04-20 00:00:00+03:00,68.71232619844311,68.90561424450064,67.16605869590813,68.13247680664062,644925,0.0,0.0
2026-04-21 00:00:00+03:00,68.1808046243648,69.53378415948228,67.2143864574606,67.26270294189453,581537,0.0,0.0
2026-04-22 00:00:00+03:00,67.50430645347743,68.0841558701341,65.71643434662542,66.58621215820312,433257,0.0,0.0
2026-04-24 00:00:00+03:00,66.6828523265372,67.40766593878217,66.29628359203616,67.16606140136719,305066,0.0,0.0
2026-04-27 00:00:00+03:00,67.11773928101556,68.56736654300886,67.11773928101556,67.89087677001953,483651,0.0,0.0
2026-04-28 00:00:00+03:00,67.55262909122538,68.42240688710606,65.71643316062958,66.48957061767578,497375,0.0,0.0
2026-04-29 00:00:00+03:00,67.55263048791625,67.64927082874881,64.26680728731137,66.00636291503906,403122,0.0,0.0
2026-04-30 00:00:00+03:00,66.2962869861078,70.06531943737622,66.05468243632374,68.61569213867188,1045384,0.0,0.0
2026-05-04 00:00:00+03:00,69.67874959889645,70.06531834717315,66.48957401528132,67.35934448242188,939371,0.0,0.0
2026-05-05 00:00:00+03:00,67.64927175251651,70.40356205637474,66.58621324247122,70.21028137207031,1331799,0.0,0.0
2026-05-06 00:00:00+03:00,67.8425478397212,69.96867208892833,67.06941778170632,67.50430297851562,2426855,0.0,0.0
2026-05-07 00:00:00+03:00,67.5043098175563,67.89087857232053,64.17016997573442,66.24797058105469,1146436,0.0,0.0
2026-05-08 00:00:00+03:00,66.24797050006242,72.8679336895084,65.7164375412632,68.61569213867188,2193313,0.0,0.0
2026-05-11 00:00:00+03:00,69.58210912401317,69.82371366958266,68.32576253777759,68.51905059814453,1198663,0.0,0.0
2026-05-12 00:00:00+03:00,68.3499984741211,68.6500015258789,65.75,66.25,1012865,2.380952,0.0
2026-05-13 00:00:00+03:00,66.25,66.80000305175781,63.54999923706055,63.95000076293945,950126,0.0,0.0
2026-05-14 00:00:00+03:00,64.75,65.3499984741211,64.1500015258789,64.55000305175781,683992,0.0,0.0
2026-05-15 00:00:00+03:00,64.5,64.5,62.79999923706055,63.04999923706055,598960,0.0,0.0
2026-05-18 00:00:00+03:00,63.20000076293945,63.20000076293945,60.849998474121094,60.849998474121094,569160,0.0,0.0
2026-05-20 00:00:00+03:00,61.099998474121094,63.5,60.25,61.0,1165586,0.0,0.0
2026-05-21 00:00:00+03:00,61.54999923706055,61.75,57.900001525878906,57.900001525878906,332075,0.0,0.0
2026-05-22 00:00:00+03:00,57.900001525878906,61.5,57.79999923706055,60.599998474121094,678541,0.0,0.0
2026-05-25 00:00:00+03:00,61.5,61.75,60.599998474121094,61.0,458281,0.0,0.0
2026-05-26 00:00:00+03:00,61.20000076293945,61.25,60.150001525878906,60.150001525878906,173716,0.0,0.0
2026-05-27 00:00:00+03:00,60.150001525878906,60.150001525878906,60.150001525878906,60.150001525878906,0,0.0,0.0
2026-05-28 00:00:00+03:00,60.150001525878906,60.150001525878906,60.150001525878906,60.150001525878906,0,0.0,0.0
2026-05-29 00:00:00+03:00,60.150001525878906,60.150001525878906,60.150001525878906,60.150001525878906,0,0.0,0.0
2026-06-01 00:00:00+03:00,60.400001525878906,62.29999923706055,60.400001525878906,61.400001525878906,428759,0.0,0.0
2026-06-02 00:00:00+03:00,62.099998474121094,63.04999923706055,59.04999923706055,61.95000076293945,912671,0.0,0.0
2026-06-03 00:00:00+03:00,61.5,64.75,61.45000076293945,63.5,1066118,0.0,0.0
2026-06-04 00:00:00+03:00,64.3499984741211,64.5,62.099998474121094,63.04999923706055,698640,0.0,0.0
2026-06-05 00:00:00+03:00,63.70000076293945,68.44999694824219,63.5,67.05000305175781,2742656,0.0,0.0
2026-06-08 00:00:00+03:00,66.75,66.75,63.900001525878906,64.05000305175781,1066843,0.0,0.0
2026-06-09 00:00:00+03:00,64.1500015258789,64.55000305175781,62.099998474121094,62.099998474121094,565967,0.0,0.0
2026-06-10 00:00:00+03:00,62.04999923706055,62.650001525878906,61.20000076293945,61.54999923706055,544486,0.0,0.0
2026-06-11 00:00:00+03:00,61.54999923706055,62.20000076293945,60.099998474121094,61.099998474121094,616194,0.0,0.0
2026-06-12 00:00:00+03:00,62.45000076293945,62.45000076293945,60.150001525878906,60.849998474121094,949045,0.0,0.0
2026-06-15 00:00:00+03:00,62.0,62.599998474121094,61.599998474121094,62.099998474121094,563615,0.0,0.0
2026-06-16 00:00:00+03:00,62.099998474121094,62.20000076293945,61.29999923706055,61.400001525878906,531770,0.0,0.0
2026-06-17 00:00:00+03:00,61.650001525878906,61.79999923706055,59.95000076293945,60.04999923706055,639097,0.0,0.0
2026-06-18 00:00:00+03:00,60.099998474121094,61.79999923706055,59.95000076293945,61.20000076293945,576133,0.0,0.0
2026-06-19 00:00:00+03:00,61.099998474121094,61.599998474121094,60.150001525878906,60.25,449489,0.0,0.0
2026-06-22 00:00:00+03:00,60.75,61.04999923706055,60.20000076293945,60.29999923706055,469057,0.0,0.0
2026-06-23 00:00:00+03:00,60.20000076293945,60.95000076293945,59.0,59.0,576444,0.0,0.0
2026-06-24 00:00:00+03:00,58.79999923706055,59.25,58.45000076293945,58.45000076293945,365441,0.0,0.0
2026-06-25 00:00:00+03:00,58.70000076293945,60.5,58.400001525878906,58.75,430855,0.0,0.0
2026-06-26 00:00:00+03:00,58.75,59.54999923706055,58.5,59.400001525878906,269954,0.0,0.0
2026-06-29 00:00:00+03:00,59.45000076293945,59.54999923706055,57.900001525878906,57.900001525878906,391600,0.0,0.0
2026-06-30 00:00:00+03:00,58.20000076293945,58.29999923706055,57.349998474121094,57.45000076293945,297235,0.0,0.0
2026-07-01 00:00:00+03:00,57.5,59.70000076293945,57.349998474121094,58.150001525878906,559944,0.0,0.0
2026-07-02 00:00:00+03:00,58.150001525878906,58.900001525878906,56.20000076293945,56.54999923706055,631910,0.0,0.0
2026-07-03 00:00:00+03:00,56.650001525878906,58.900001525878906,56.400001525878906,57.400001525878906,522501,0.0,0.0
2026-07-06 00:00:00+03:00,57.5,58.20000076293945,56.0,56.099998474121094,411440,0.0,0.0
2026-07-07 00:00:00+03:00,56.29999923706055,57.70000076293945,56.150001525878906,57.0,441581,0.0,0.0
2026-07-08 00:00:00+03:00,57.45000076293945,57.45000076293945,53.849998474121094,53.849998474121094,455204,0.0,0.0
2026-07-09 00:00:00+03:00,53.900001525878906,54.5,52.849998474121094,53.349998474121094,685250,0.0,0.0
2026-07-10 00:00:00+03:00,53.5,54.45000076293945,53.45000076293945,53.95000076293945,358004,0.0,0.0
2026-07-13 00:00:00+03:00,53.75,54.0,52.29999923706055,52.650001525878906,308721,0.0,0.0
2026-07-14 00:00:00+03:00,52.20000076293945,53.29999923706055,52.20000076293945,52.900001525878906,344449,0.0,0.0
2026-07-16 00:00:00+03:00,53.0,54.400001525878906,53.0,54.0,399623,0.0,0.0
2026-07-17 00:00:00+03:00,54.0,54.75,53.599998474121094,54.0,283230,0.0,0.0
2026-07-20 00:00:00+03:00,54.5,55.650001525878906,53.900001525878906,55.150001525878906,413192,0.0,0.0
2026-07-21 00:00:00+03:00,55.650001525878906,55.650001525878906,53.75,53.95000076293945,235513,0.0,0.0
2026-07-22 00:00:00+03:00,54.0,54.25,52.5,53.70000076293945,235664,0.0,0.0
2026-07-23 00:00:00+03:00,53.70000076293945,54.45000076293945,53.5,54.099998474121094,270648,0.0,0.0
2026-07-24 00:00:00+03:00,54.099998474121094,54.400001525878906,52.349998474121094,52.599998474121094,393817,0.0,0.0
2026-07-27 00:00:00+03:00,52.75,53.54999923706055,52.04999923706055,52.599998474121094,512356,0.0,0.0
2026-07-28 00:00:00+03:00,52.75,52.900001525878906,51.29999923706055,51.70000076293945,403202,0.0,0.0
2026-07-29 00:00:00+03:00,51.70000076293945,51.79999923706055,50.599998474121094,50.849998474121094,307409,0.0,0.0
2026-07-30 00:00:00+03:00,50.849998474121094,51.45000076293945,50.04999923706055,50.150001525878906,306224,0.0,0.0
2026-08-03 00:00:00+03:00,51.900001525878906,51.900001525878906,50.150001525878906,50.400001525878906,251431,0.0,0.0
2026-08-04 00:00:00+03:00,50.75,51.099998474121094,50.45000076293945,50.900001525878906,274530,0.0,0.0
2026-08-05 00:00:00+03:00,50.900001525878906,51.29999923706055,50.400001525878906,50.79999923706055,217714,0.0,0.0
2026-08-06 00:00:00+03:00,50.849998474121094,51.04999923706055,50.349998474121094,50.400001525878906,257384,0.0,0.0
2026-08-07 00:00:00+03:00,50.54999923706055,50.79999923706055,49.81999969482422,50.45000076293945,262122,0.0,0.0
2026-08-10 00:00:00+03:00,50.45000076293945,51.150001525878906,50.45000076293945,50.5,266129,0.0,0.0
2026-08-11 00:00:00+03:00,50.400001525878906,50.5,49.779998779296875,50.400001525878906,268576,0.0,0.0
2026-08-12 00:00:00+03:00,49.70000076293945,49.70000076293945,47.099998474121094,47.459999084472656,1942346,0.0,0.0
