date,open,high,low,close,volume,dividends,stock_splits
2022-08-17 00:00:00+03:00,1.1070078611373901,1.1070078611373901,1.1070078611373901,1.1070078611373901,4014970,0.0,0.0
2022-08-18 00:00:00+03:00,1.2168775796890259,1.2168775796890259,1.2168775796890259,1.2168775796890259,5832260,0.0,0.0
2022-08-19 00:00:00+03:00,1.3378269672393799,1.3378269672393799,1.293509738087794,1.3378269672393799,317888450,0.0,0.0
2022-08-22 00:00:00+03:00,1.332287236362663,1.3332105555117026,1.2131846793534724,1.2233407497406006,398091510,0.0,0.0
2022-08-23 00:00:00+03:00,1.2187244210648163,1.2353433959461269,1.191026056220578,1.2011821269989014,157526640,0.0,0.0
2022-08-24 00:00:00+03:00,1.2048750690794905,1.29166310191158,1.1882560957779278,1.2528854608535767,258971110,0.0,0.0
2022-08-25 00:00:00+03:00,1.2510389104457738,1.2658113553536818,1.224263867808074,1.2298035621643066,89197690,0.0,0.0
2022-08-26 00:00:00+03:00,1.230726840800441,1.2362665354700388,1.2048751157807758,1.209491491317749,44145280,0.0,0.0
2022-08-29 00:00:00+03:00,1.205798374227823,1.2270337226417798,1.1910259292277483,1.1919492483139038,37962260,0.0,0.0
2022-08-31 00:00:00+03:00,1.1928725629461612,1.2030285225406074,1.1808699651862988,1.1873328685760498,33030650,0.0,0.0
2022-09-01 00:00:00+03:00,1.1873329227423108,1.1882561318040672,1.1707139489368856,1.1744070053100586,26121350,0.0,0.0
2022-09-02 00:00:00+03:00,1.177176818140271,1.2251872099636667,1.1734837618752731,1.1845630407333374,60881110,0.0,0.0
2022-09-05 00:00:00+03:00,1.1910258484105847,1.199335389432933,1.180869889467352,1.1864094734191895,31221160,0.0,0.0
2022-09-06 00:00:00+03:00,1.187332797441915,1.1901026444610268,1.1660974503794739,1.169790506362915,30353730,0.0,0.0
2022-09-07 00:00:00+03:00,1.1753302004011386,1.180869894439362,1.1633276033603621,1.169790506362915,22086550,0.0,0.0
2022-09-08 00:00:00+03:00,1.1734837338478166,1.2039518325270966,1.170713886683688,1.1781001091003418,44056330,0.0,0.0
2022-09-09 00:00:00+03:00,1.191025944228619,1.19933548591947,1.1808699844683395,1.1845630407333374,26728000,0.0,0.0
2022-09-12 00:00:00+03:00,1.1873328987350646,1.1891794268843152,1.1697906061595054,1.172560453414917,26751990,0.0,0.0
2022-09-13 00:00:00+03:00,1.1725603685045731,1.1753302155594076,1.1411689519882202,1.1411689519882202,24065810,0.0,0.0
2022-09-14 00:00:00+03:00,1.1347060950298171,1.1744069442615095,1.1162405939976876,1.1568647623062134,29334960,0.0,0.0
2022-09-15 00:00:00+03:00,1.1568647623062134,1.1707138880803107,1.1448621646227155,1.1568647623062134,21505970,0.0,0.0
2022-09-16 00:00:00+03:00,1.158711314201355,1.1679440649070973,1.150401882591415,1.158711314201355,15376400,0.0,0.0
2022-09-19 00:00:00+03:00,1.1596347408670535,1.2113381936405476,1.1550183650859587,1.170714020729065,41279780,0.0,0.0
2022-09-20 00:00:00+03:00,1.181793098609248,1.1947190146249762,1.160557751632957,1.165174126625061,24690680,0.0,0.0
2022-09-21 00:00:00+03:00,1.1688674318004004,1.1790233919541737,1.1587113615835523,1.1624044179916382,17436400,0.0,0.0
2022-09-22 00:00:00+03:00,1.1633277344616515,1.1937958349793616,1.1587113589305764,1.1836397647857666,40120720,0.0,0.0
2022-09-23 00:00:00+03:00,1.1891793880229684,1.2805836840861102,1.1836396936931775,1.246422529220581,110092600,0.0,0.0
2022-09-26 00:00:00+03:00,1.2833534751157358,1.3599854330525838,1.282430266143198,1.3535224199295044,107733820,0.0,0.0
2022-09-27 00:00:00+03:00,1.3553691733080335,1.4264613331424685,1.2972027106302155,1.301819086074829,79771610,0.0,0.0
2022-09-28 00:00:00+03:00,1.3008958294626622,1.3747578338760658,1.263964717192892,1.298125982284546,67161900,0.0,0.0
2022-09-29 00:00:00+03:00,1.301819061661429,1.3165915068323892,1.2261104177390947,1.2528854608535767,38537220,0.0,0.0
2022-09-30 00:00:00+03:00,1.2611949613325197,1.3138216166822585,1.2464225166441767,1.3008958101272583,39798410,0.0,0.0
2022-10-03 00:00:00+03:00,1.300895835196343,1.3572156578350194,1.2852000711388614,1.3498294353485107,40152430,0.0,0.0
2022-10-04 00:00:00+03:00,1.3572157817388455,1.393223468311093,1.3221313042722758,1.3544459342956543,48949720,0.0,0.0
2022-10-05 00:00:00+03:00,1.3590621814534822,1.3664484039156028,1.324900916324058,1.3452130556106567,39456870,0.0,0.0
2022-10-06 00:00:00+03:00,1.351675991877887,1.4172285664873945,1.33875018480199,1.4033794403076172,62229740,0.0,0.0
2022-10-07 00:00:00+03:00,1.4033794968060573,1.46062264203747,1.381220938051564,1.40707266330719,52850290,0.0,0.0
2022-10-10 00:00:00+03:00,1.4079958847479068,1.444926999768124,1.394146757888979,1.420921802520752,32279500,0.0,0.0
2022-10-11 00:00:00+03:00,1.4264613175587588,1.4763182378537554,1.4033794405878541,1.450466513633728,43943130,0.0,0.0
2022-10-12 00:00:00+03:00,1.451389785086062,1.4929371622696153,1.431077645968093,1.4467734098434448,35196770,0.0,0.0
2022-10-13 00:00:00+03:00,1.446773505675442,1.5908045768737793,1.4292312125536828,1.5908045768737793,98253480,0.0,0.0
2022-10-14 00:00:00+03:00,1.636044925129051,1.7496078895804787,1.634198397021734,1.7172932624816895,177394310,0.0,0.0
2022-10-17 00:00:00+03:00,1.7209863287235745,1.8890225887298584,1.7191398006054988,1.8890225887298584,102076650,0.0,0.0
2022-10-18 00:00:00+03:00,1.8834828847867815,2.0459795596170056,1.7893087405474424,1.957344889640808,143216020,0.0,0.0
2022-10-19 00:00:00+03:00,1.9573449471541406,2.02566747975257,1.8576313257217407,1.8576313257217407,69678710,0.0,0.0
2022-10-20 00:00:00+03:00,1.8539380004368142,1.9167208368294868,1.7689967166087952,1.8160837888717651,76057930,0.0,0.0
2022-10-21 00:00:00+03:00,1.8114673128127445,1.9056413420382905,1.780999215399551,1.85578453540802,63052540,0.0,0.0
2022-10-24 00:00:00+03:00,1.8557846142888572,1.892715616344176,1.8022346392960313,1.8142372369766235,45433400,0.0,0.0
2022-10-25 00:00:00+03:00,1.817007069747533,1.826239820188213,1.7265259833531872,1.7320656776428223,31619270,0.0,0.0
2022-10-26 00:00:00+03:00,1.73206567725233,1.8456285296597061,1.7246794548888378,1.82162344455719,38988660,0.0,0.0
2022-10-27 00:00:00+03:00,1.8280863473760096,1.9351862964611175,1.7994647769985732,1.920413851737976,59041930,0.0,0.0
2022-10-28 00:00:00+03:00,1.9185674423157035,1.9241071366274491,1.8520915508270264,1.8520915508270264,11992710,0.0,0.0
2022-10-31 00:00:00+03:00,1.8465518834733454,1.8502449396930463,1.8003881304117395,1.8114674091339111,23929040,0.0,0.0
2022-11-01 00:00:00+03:00,1.8280864301580397,1.868710489891675,1.760687216846056,1.8151605129241943,34729190,0.0,0.0
2022-11-02 00:00:00+03:00,1.9388793501967774,1.985043322446428,1.9093346809134069,1.962884545326233,57393660,0.0,0.0
2022-11-03 00:00:00+03:00,1.9554985743295725,2.112455563016438,1.9001020677787317,2.084757089614868,60201560,0.0,0.0
2022-11-04 00:00:00+03:00,2.086603786843381,2.193703746559818,2.051519199627465,2.1309211254119873,34191280,0.0,0.0
2022-11-07 00:00:00+03:00,2.1733916432537814,2.1881638680773756,2.073677804937698,2.1013760566711426,30568100,0.0,0.0
2022-11-08 00:00:00+03:00,2.1013761392432584,2.116148584773463,2.0404399390100068,2.047826051712036,24649930,0.0,0.0
2022-11-09 00:00:00+03:00,2.03490006079994,2.068138005212117,1.9481120336886661,1.9831966161727905,24995960,0.0,0.0
2022-11-10 00:00:00+03:00,1.9591917817003595,2.101376335570683,1.9388796396828372,2.044133186340332,30161050,0.0,0.0
2022-11-11 00:00:00+03:00,2.0644450963667347,2.095836404944821,2.0182813425383306,2.053365707397461,23148630,0.0,0.0
2022-11-14 00:00:00+03:00,2.0533658197836346,2.258333206176758,2.0367469555462714,2.258333206176758,42372220,0.0,0.0
2022-11-15 00:00:00+03:00,2.313729514138023,2.483612298965454,2.2638724854760706,2.483612298965454,57734400,0.0,0.0
2022-11-16 00:00:00+03:00,2.563014006959933,2.729203736264202,2.551934618297603,2.6294898986816406,57578580,0.0,0.0
2022-11-17 00:00:00+03:00,2.6313364741004035,2.6682676984751525,2.367279529571533,2.367279529571533,46794140,0.0,0.0
2022-11-18 00:00:00+03:00,2.330348442557526,2.5851726269738284,2.2989571340863493,2.557474374771118,53053630,0.0,0.0
2022-11-21 00:00:00+03:00,2.58517260593544,2.812298536300659,2.5759398552763404,2.812298536300659,49700780,0.0,0.0
2022-11-22 00:00:00+03:00,2.9323246021445226,3.0929744243621826,2.904626129217879,3.0929744243621826,16685510,0.0,0.0
2022-11-23 00:00:00+03:00,3.2314658853640825,3.397655621103841,3.094821040450535,3.305327892303467,105107970,0.0,0.0
2022-11-24 00:00:00+03:00,3.333026030920747,3.4530520082186644,3.092974296451049,3.142831325531006,55085610,0.0,0.0
2022-11-25 00:00:00+03:00,3.142831286928241,3.2960949882287736,3.076355395722233,3.1483709812164307,42200830,0.0,0.0
2022-11-28 00:00:00+03:00,3.200074488367043,3.277629549493683,2.9563294759484093,3.118826150894165,45250590,0.0,0.0
2022-11-29 00:00:00+03:00,3.118826161742789,3.266550392195857,2.969255513236317,3.2222330570220947,40177590,0.0,0.0
2022-11-30 00:00:00+03:00,3.18160897182378,3.259164032577061,3.12067277404401,3.1945347785949707,37635070,0.0,0.0
2022-12-01 00:00:00+03:00,3.257317668101456,3.3219469231462933,3.164989940768405,3.2499313354492188,41308440,0.0,0.0
2022-12-02 00:00:00+03:00,3.2647036643766545,3.2942485536812756,3.174222578460085,3.266550302505493,29722410,0.0,0.0
2022-12-05 00:00:00+03:00,3.323793471512705,3.3976557002998904,3.1797625105984553,3.369957447052002,41822510,0.0,0.0
2022-12-06 00:00:00+03:00,3.4198140875366136,3.554612290614699,3.203767546926328,3.2130002975463867,42957720,0.0,0.0
2022-12-07 00:00:00+03:00,3.2148471469131787,3.227772954605166,2.893547052026208,2.9360177516937256,52032940,0.0,0.0
2022-12-08 00:00:00+03:00,2.9341710134634233,3.00803302076044,2.8326107534300253,2.8953933715820312,22729240,0.0,0.0
2022-12-09 00:00:00+03:00,2.9452505323331453,3.026498876014166,2.856616075647557,2.869541883468628,29961030,0.0,0.0
2022-12-12 00:00:00+03:00,2.9083192236551683,3.0006467272112145,2.8750812783497652,2.9415571689605713,22569070,0.0,0.0
2022-12-13 00:00:00+03:00,2.9304778518006445,2.9544830473346426,2.8547692089917587,2.878774404525757,21528300,0.0,0.0
2022-12-14 00:00:00+03:00,2.884313968606701,2.8972397748099943,2.7513621901553234,2.7679810523986816,20638520,0.0,0.0
2022-12-15 00:00:00+03:00,2.771674376300609,2.8455363788785326,2.6830397090557434,2.753208875656128,13406350,0.0,0.0
2022-12-16 00:00:00+03:00,2.755055563501294,2.974795174769687,2.755055563501294,2.9360177516937256,16592320,0.0,0.0
2022-12-19 00:00:00+03:00,2.923091629065114,2.952636520082356,2.7882934215039357,2.8529226779937744,19771970,0.0,0.0
2022-12-20 00:00:00+03:00,2.8824675471701413,2.921245188820679,2.8196847092657538,2.8769278526306152,15514450,0.0,0.0
2022-12-21 00:00:00+03:00,2.9674088954925537,2.9674088954925537,2.9674088954925537,2.9674088954925537,27516930,0.0,0.0
2022-12-22 00:00:00+03:00,2.9674089120793257,2.982181357321553,2.886160573310145,2.891700267791748,12133740,0.0,0.0
2022-12-23 00:00:00+03:00,2.8917000794646777,2.8953931355031823,2.804912271992245,2.8104517459869385,8918460,0.0,0.0
2022-12-26 00:00:00+03:00,2.8122985398226774,2.849229542505327,2.7661347864693653,2.7698278427124023,15653740,0.0,0.0
2022-12-27 00:00:00+03:00,2.7698276337524534,2.8159913836231034,2.6479552460434896,2.6701138019561768,16367430,0.0,0.0
2022-12-28 00:00:00+03:00,2.6775003726145714,2.7015055687117386,2.537162252325099,2.575939893722534,11758890,0.0,0.0
2022-12-29 00:00:00+03:00,2.5777864864721116,2.67750032539582,2.570400153889167,2.6664209365844727,9634320,0.0,0.0
2022-12-30 00:00:00+03:00,2.666421001291883,2.747669340919134,2.666421001291883,2.688579559326172,6840440,0.0,0.0
2023-01-02 00:00:00+03:00,2.701505675101222,2.7199711774222215,2.566707244006547,2.6682677268981934,13684800,0.0,0.0
2023-01-03 00:00:00+03:00,2.6682675853351157,2.6867330866764405,2.5205433544783773,2.539008855819702,14615790,0.0,0.0
2023-01-04 00:00:00+03:00,2.5390088448050507,2.5390088448050507,2.418982866480993,2.4356019496917725,9184170,0.0,0.0
2023-01-05 00:00:00+03:00,2.4411414531591675,2.4762258147608702,2.204782791351223,2.269412040710449,10302940,0.0,0.0
2023-01-06 00:00:00+03:00,2.0312070867723593,2.3358880727440656,2.0312070867723593,2.3044967651367188,15746650,0.0,0.0
2023-01-09 00:00:00+03:00,2.3174228589699166,2.4429883250861164,2.2509469592242337,2.308190107345581,16023370,0.0,0.0
2023-01-10 00:00:00+03:00,2.313729574564845,2.3211156870867056,2.1807777881622314,2.1807777881622314,9097710,0.0,0.0
2023-01-11 00:00:00+03:00,2.18816392632459,2.230634624138303,1.9813501317754039,2.020127773284912,12961470,0.0,0.0
2023-01-12 00:00:00+03:00,2.0589055622707106,2.0995296247790898,1.8760969507937664,2.0644452571868896,11672420,0.0,0.0
2023-01-13 00:00:00+03:00,2.0644451095102663,2.1733917013146065,2.0367468570368796,2.114301919937134,8782110,0.0,0.0
2023-01-16 00:00:00+03:00,2.1512329835417483,2.3248088359832764,2.1050692281253016,2.3248088359832764,11869830,0.0,0.0
2023-01-17 00:00:00+03:00,2.358046922091762,2.481765969958792,2.241714207599898,2.308190107345581,28757540,0.0,0.0
2023-01-18 00:00:00+03:00,2.3081896687702437,2.370972499962162,2.27864478113568,2.302649974822998,13382730,0.0,0.0
2023-01-19 00:00:00+03:00,2.3728190580804265,2.4854587012016696,2.308189805170957,2.4226760864257812,28192740,0.0,0.0
2023-01-20 00:00:00+03:00,2.42267623362983,2.42267623362983,2.3580467566672803,2.391284704208374,8692020,0.0,0.0
2023-01-23 00:00:00+03:00,2.393131201854421,2.575939792527108,2.317422560243591,2.3377346992492676,39965350,0.0,0.0
2023-01-24 00:00:00+03:00,2.345121073143976,2.3525074063909543,2.2177089708636473,2.262026309967041,12953220,0.0,0.0
2023-01-25 00:00:00+03:00,2.2620259582152307,2.3414276524845548,2.162312125833013,2.2121689319610596,11950410,0.0,0.0
2023-01-26 00:00:00+03:00,2.2177089619454615,2.2712590522976157,2.190010707664534,2.201090097427368,16503180,0.0,0.0
2023-01-27 00:00:00+03:00,2.193703577363578,2.273105276897841,2.0552123177547963,2.1623122692108154,12958320,0.0,0.0
2023-01-30 00:00:00+03:00,2.1383069712724208,2.180777666213516,2.0755241378428497,2.103222608566284,6425810,0.0,0.0
2023-01-31 00:00:00+03:00,2.1013759242020664,2.116148368220555,2.0182811742399593,2.033053398132324,9902600,0.0,0.0
2023-02-01 00:00:00+03:00,2.0349001742688184,2.045979563066055,1.8742501373395815,1.9148741960525513,8958490,0.0,0.0
2023-02-02 00:00:00+03:00,1.9148743316614991,1.9554986133775667,1.7560709216609267,1.898255467414856,12071830,0.0,0.0
2023-02-03 00:00:00+03:00,1.9001021263156808,2.049672786661274,1.8705572338612417,2.0367469787597656,9181090,0.0,0.0
2023-02-06 00:00:00+03:00,1.9388793068031167,2.021974278891849,1.8520914987785118,1.9758105278015137,2665140,0.0,0.0
2023-02-07 00:00:00+03:00,1.9407260409937803,1.9407260409937803,1.7782294750213623,1.7782294750213623,5793170,0.0,0.0
2023-02-08 00:00:00+03:00,1.7782294750213623,1.7782294750213623,1.7782294750213623,1.7782294750213623,0,0.0,0.0
2023-02-15 00:00:00+03:00,1.8797896999019204,1.9554983377456665,1.8290094649775013,1.9554983377456665,6499790,0.0,0.0
2023-02-16 00:00:00+03:00,1.9868897347826509,2.119841516619678,1.9351862885267106,1.9702708721160889,16541800,0.0,0.0
2023-02-17 00:00:00+03:00,1.938879286500513,1.9721172309627355,1.844705257274967,1.85578453540802,10205540,0.0,0.0
2023-02-20 00:00:00+03:00,1.881636575381516,1.9979692837685588,1.8483986272529107,1.9647313356399536,8922780,0.0,0.0
2023-02-21 00:00:00+03:00,1.9610379989624267,2.031206941622677,1.924106999680834,1.9961223602294922,9046440,0.0,0.0
2023-02-22 00:00:00+03:00,2.0053552169265068,2.0053552169265068,1.9388793266263196,1.9518053531646729,6549870,0.0,0.0
2023-02-23 00:00:00+03:00,1.9518053865838223,2.0496725855968574,1.9407259979687108,2.0312070846557617,12290530,0.0,0.0
2023-02-24 00:00:00+03:00,2.0330536098337455,2.116148588574638,2.012741689803607,2.099529504776001,10138920,0.0,0.0
2023-02-27 00:00:00+03:00,2.1087622868474396,2.2306346893310547,2.092143422929742,2.2306346893310547,19587210,0.0,0.0
2023-02-28 00:00:00+03:00,2.2306345038690703,2.3100364208221436,2.1955501406815556,2.3100364208221436,18114130,0.0,0.0
2023-03-01 00:00:00+03:00,2.3100364604515082,2.4577604681982517,2.252793319399191,2.4411416053771973,30654850,0.0,0.0
2023-03-02 00:00:00+03:00,2.433755169623095,2.4965380023265733,2.3968241692537986,2.400517225265503,19252870,0.0,0.0
2023-03-03 00:00:00+03:00,2.391284690963922,2.4374486657175285,2.32480879624992,2.424522638320923,26040010,0.0,0.0
2023-03-06 00:00:00+03:00,2.44483486741892,2.4651470082449847,2.400517529287366,2.4042108058929443,19763010,0.0,0.0
2023-03-07 00:00:00+03:00,2.4208293626652226,2.5039241134668306,2.4023638624870878,2.4429879188537598,23292220,0.0,0.0
2023-03-08 00:00:00+03:00,2.369126295529725,2.389438437011734,2.2287883837704072,2.2380211353302,38558940,0.0,0.0
2023-03-09 00:00:00+03:00,2.2712590522976157,2.3063434196696604,2.1844710127831175,2.201090097427368,18301540,0.0,0.0
2023-03-10 00:00:00+03:00,2.2029364109039307,2.2546398604621145,2.1844709089278758,2.2029364109039307,13038140,0.0,0.0
2023-03-13 00:00:00+03:00,2.2084760042108034,2.2509467008326673,2.132767361531561,2.1438467502593994,20791460,0.0,0.0
2023-03-14 00:00:00+03:00,2.1696984464612368,2.2620261757501874,2.1512329446286755,2.1844708919525146,27372370,0.0,0.0
2023-03-15 00:00:00+03:00,2.1844708430572393,2.2269415403467323,2.0589053893811418,2.0866036415100098,13711230,0.0,0.0
2023-03-16 00:00:00+03:00,2.0958363319195934,2.2952640056610107,2.0958363319195934,2.2952640056610107,32452760,0.0,0.0
2023-03-17 00:00:00+03:00,2.372819151763002,2.5242364406585693,2.324808759655704,2.5242364406585693,73512630,0.0,0.0
2023-03-20 00:00:00+03:00,2.5371623277074833,2.7144314564514493,2.2731053829193115,2.2731053829193115,99092200,0.0,0.0
2023-03-21 00:00:00+03:00,2.2564867196199185,2.2638728330829814,2.114302164383528,2.1752383708953857,45551370,0.0,0.0
2023-03-22 00:00:00+03:00,2.2158624356524235,2.391284704208374,2.186317544476752,2.391284704208374,36029660,0.0,0.0
2023-03-23 00:00:00+03:00,2.465147010748391,2.4817658749857543,2.258333206176758,2.258333206176758,45395310,0.0,0.0
2023-03-24 00:00:00+03:00,2.278645016886605,2.3451209108789772,2.2066296484999883,2.2084760665893555,25154410,0.0,0.0
2023-03-27 00:00:00+03:00,2.215862385841825,2.234327887379995,2.1475398540496826,2.1475398540496826,15584600,0.0,0.0
2023-03-28 00:00:00+03:00,2.1346140242428646,2.2454070322908137,2.0773708820343018,2.0773708820343018,27291720,0.0,0.0
2023-03-29 00:00:00+03:00,2.114301653198996,2.197396620262123,2.09583615387966,2.1290740966796875,25329990,0.0,0.0
2023-03-30 00:00:00+03:00,2.1290743298152393,2.1549261637687778,2.0773708820343018,2.0773708820343018,18909640,0.0,0.0
2023-03-31 00:00:00+03:00,2.0773711459190998,2.0866038977625823,1.988736684196433,2.001662492752075,10050430,0.0,0.0
2023-04-03 00:00:00+03:00,2.009048474108251,2.025667336462699,1.896408613187351,1.9333398342132568,12168940,0.0,0.0
2023-04-04 00:00:00+03:00,1.9333400146276079,1.9573449913516427,1.885329620927239,1.9037951231002808,16194620,0.0,0.0
2023-04-05 00:00:00+03:00,1.903794987607688,2.0570586887614284,1.901948349471349,2.0219743251800537,23803240,0.0,0.0
2023-04-06 00:00:00+03:00,2.0238207820598872,2.029360476449167,1.946265720988387,1.957344889640808,19193050,0.0,0.0
2023-04-07 00:00:00+03:00,1.9591915269522902,2.1530795097351074,1.9573448887812952,2.1530795097351074,48093440,0.0,0.0
2023-04-10 00:00:00+03:00,2.188163982864903,2.367279529571533,2.1530796168791926,2.367279529571533,72409510,0.0,0.0
2023-04-11 00:00:00+03:00,2.3525072391906834,2.4152898566339633,2.245407065667642,2.2509467601776123,63305900,0.0,0.0
2023-04-12 00:00:00+03:00,2.254639857678577,2.455914181170924,2.254639857678577,2.391284704208374,59020350,0.0,0.0
2023-04-13 00:00:00+03:00,2.396824319390589,2.603638110514339,2.396824319390589,2.539008855819702,68336620,0.0,0.0
2023-04-14 00:00:00+03:00,2.5667071914861657,2.6590349213280877,2.4596072361906374,2.4854588508605957,44682390,0.0,0.0
2023-04-17 00:00:00+03:00,2.485458802851646,2.5390088895281138,2.3820519059169194,2.387591600418091,28201510,0.0,0.0
2023-04-18 00:00:00+03:00,2.391284370900847,2.500230949315313,2.3654327598200537,2.4263689517974854,32421200,0.0,0.0
2023-04-19 00:00:00+03:00,2.42452262092543,2.533469213140253,2.376512228406878,2.5002312660217285,42047850,0.0,0.0
2023-04-20 00:00:00+03:00,2.500231464916458,2.535316053048288,2.4023642539978027,2.4023642539978027,10461260,0.0,0.0
2023-04-24 00:00:00+03:00,2.4282158048879188,2.5205433099639807,2.3912845827313585,2.492845058441162,36020470,0.0,0.0
2023-04-25 00:00:00+03:00,2.50577072269146,2.520543166689149,2.343274278969123,2.372818946838379,18340870,0.0,0.0
2023-04-26 00:00:00+03:00,2.374665974255932,2.3820520874028057,2.2343280634560636,2.271259069442749,14440030,0.0,0.0
2023-04-27 00:00:00+03:00,2.310036306630284,2.4005171672997503,2.260179281234741,2.260179281234741,19927650,0.0,0.0
2023-04-28 00:00:00+03:00,2.289724178610461,2.289724178610461,2.1050689603110135,2.1419999599456787,11270800,0.0,0.0
2023-05-02 00:00:00+03:00,2.1272275059716907,2.178930949240084,2.0053551197052,2.0053551197052,10585160,0.0,0.0
2023-05-03 00:00:00+03:00,1.9850432572335799,2.0035087574763564,1.8050044097403855,1.85578453540802,16692890,0.0,0.0
2023-05-04 00:00:00+03:00,1.8188536383859661,2.0404398740300977,1.8105440967661997,2.025667428970337,33351730,0.0,0.0
2023-05-05 00:00:00+03:00,2.153079500823886,2.226941505339776,2.0478259682878326,2.1438467502593994,39213380,0.0,0.0
2023-05-08 00:00:00+03:00,2.1420001897879146,2.2620261716058003,2.068138182592997,2.13276743888855,27452540,0.0,0.0
2023-05-09 00:00:00+03:00,2.1290746243422265,2.337735082515751,2.1216885108343893,2.2454073429107666,40826400,0.0,0.0
2023-05-10 00:00:00+03:00,2.2620264284926552,2.319269578619988,2.160465936939789,2.2454073429107666,18766160,0.0,0.0
2023-05-11 00:00:00+03:00,2.234328000879007,2.4688400584273835,2.2195555548728345,2.446681499481201,37453960,0.0,0.0
2023-05-12 00:00:00+03:00,2.442988316984935,2.474379848504509,2.3358883544725604,2.4023642539978027,33161570,0.0,0.0
2023-05-15 00:00:00+03:00,2.2971105021828064,2.531622767702003,2.2971105021828064,2.378358840942383,16106830,0.0,0.0
2023-05-16 00:00:00+03:00,2.3783587930325765,2.590712276350319,2.3635863480896724,2.511310577392578,52182560,0.0,0.0
2023-05-17 00:00:00+03:00,2.5113108032008173,2.6682677971902926,2.5113108032008173,2.6479556560516357,35914780,0.0,0.0
2023-05-18 00:00:00+03:00,2.64795531659844,2.852922459535937,2.6257967600953362,2.8289172649383545,61653480,0.0,0.0
2023-05-22 00:00:00+03:00,2.817838167429002,2.912012310086999,2.716277692333948,2.747669219970703,32522840,0.0,0.0
2023-05-23 00:00:00+03:00,2.7402829172004557,2.7956796406366453,2.596251964569092,2.596251964569092,28611850,0.0,0.0
2023-05-24 00:00:00+03:00,2.5962519739536765,2.756902010234435,2.4688398838043213,2.4688398838043213,45033590,0.0,0.0
2023-05-25 00:00:00+03:00,2.4651468701801234,2.6221036328373284,2.3802054752798854,2.4208295345306396,47231440,0.0,0.0
2023-05-26 00:00:00+03:00,2.4300623986891834,2.4928452387579023,2.4042107834483972,2.428215980529785,17062530,0.0,0.0
2023-05-29 00:00:00+03:00,2.4466814113578343,2.5648607550245366,2.4466814113578343,2.5611674785614014,18209970,0.0,0.0
2023-05-30 00:00:00+03:00,2.575939768947679,2.63872260340117,2.5390087675489657,2.5833261013031006,16137650,0.0,0.0
2023-05-31 00:00:00+03:00,2.5980983655205976,2.7550553439931855,2.539008806403631,2.7144312858581543,30742740,0.0,0.0
2023-06-01 00:00:00+03:00,2.716277667421213,2.7919863084813974,2.675653609831461,2.6775002479553223,21515010,0.0,0.0
2023-06-02 00:00:00+03:00,2.710738373152814,2.773520991763711,2.6184106432305563,2.6313364505767822,14912040,0.0,0.0
2023-06-05 00:00:00+03:00,2.6571881653305045,2.697812223779968,2.537162187892779,2.553781270980835,26289640,0.0,0.0
2023-06-06 00:00:00+03:00,2.5630140692368886,2.6756537162450327,2.537162235105341,2.557474374771118,31801630,0.0,0.0
2023-06-07 00:00:00+03:00,2.585172697095305,2.5944054480799754,2.5205434402026126,2.5371623039245605,27150890,0.0,0.0
2023-06-08 00:00:00+03:00,2.537162131471094,2.5851725213785235,2.446681266021859,2.5408554077148438,21348940,0.0,0.0
2023-06-09 00:00:00+03:00,2.5704003201414736,2.60733132506646,2.5205435075179734,2.5925590991973877,17969970,0.0,0.0
2023-06-12 00:00:00+03:00,2.6313364382421276,2.6738071365744824,2.5704002380371094,2.5704002380371094,23070020,0.0,0.0
2023-06-13 00:00:00+03:00,2.58332629614019,2.6128709674117707,2.531622846257239,2.5556278228759766,15759690,0.0,0.0
2023-06-14 00:00:00+03:00,2.555627739426173,2.575939879114621,2.413443421985463,2.4208295345306396,21014910,0.0,0.0
2023-06-15 00:00:00+03:00,2.439295200143269,2.5851728037978186,2.4319090871011313,2.535315990447998,25485450,0.0,0.0
2023-06-16 00:00:00+03:00,2.5556277365738143,2.5925589596369023,2.5057709266341646,2.557474374771118,15554490,0.0,0.0
2023-06-19 00:00:00+03:00,2.557474479506803,2.7550555294118744,2.503924390979521,2.701505661010742,50567440,0.0,0.0
2023-06-20 00:00:00+03:00,2.7328967031085694,2.742129453316661,2.6442622570856673,2.649801731109619,29274080,0.0,0.0
2023-06-21 00:00:00+03:00,2.6516487365865857,2.812298788566279,2.6516487365865857,2.6756539344787598,52129210,0.0,0.0
2023-06-22 00:00:00+03:00,2.6756538314089546,2.740283089330346,2.6239503810466114,2.6590349674224854,31530110,0.0,0.0
2023-06-23 00:00:00+03:00,2.6959658026028683,2.7956796406366453,2.673807025177938,2.7328968048095703,25561460,0.0,0.0
2023-06-26 00:00:00+03:00,2.7513624439624085,2.8436899541116913,2.7495158057089637,2.7864468097686768,22217080,0.0,0.0
2023-06-27 00:00:00+03:00,2.7864469537498278,2.8122987900031307,2.7587486992738204,2.7790608406066895,4929140,0.0,0.0
2023-07-03 00:00:00+03:00,2.815991657299501,2.9249382496580467,2.815991657299501,2.8344571590423584,20241750,0.0,0.0
2023-07-04 00:00:00+03:00,2.8473831955708357,2.889853893741974,2.7365899646292755,2.7495157718658447,22368450,0.0,0.0
2023-07-05 00:00:00+03:00,2.7809074789555535,2.8215315414951334,2.7513625861306816,2.7790608406066895,23842150,0.0,0.0
2023-07-06 00:00:00+03:00,2.7901400303465835,2.9877210742064113,2.7901400303465835,2.961869239807129,41070890,0.0,0.0
2023-07-07 00:00:00+03:00,2.9766415356708795,3.257317543029785,2.9526363406935854,3.257317543029785,47861810,0.0,0.0
2023-07-10 00:00:00+03:00,3.3588778087582516,3.582310676574707,3.277629473177165,3.582310676574707,71975820,0.0,0.0
2023-07-11 00:00:00+03:00,3.658019161392271,3.8722190624100015,3.619241741120429,3.7835848331451416,76272670,0.0,0.0
2023-07-12 00:00:00+03:00,3.78358485166457,3.785431269709712,3.630320927484719,3.665405511856079,24482930,0.0,0.0
2023-07-13 00:00:00+03:00,3.6598658403929525,3.8315952668567292,3.6229348377451225,3.73557448387146,36928900,0.0,0.0
2023-07-14 00:00:00+03:00,3.735574552794179,3.859293369921839,3.6063158210157638,3.6210882663726807,23627010,0.0,0.0
2023-07-17 00:00:00+03:00,3.6007763949290967,3.637707398753822,3.4807504123725916,3.530607223510742,38352900,0.0,0.0
2023-07-18 00:00:00+03:00,3.554612354701634,3.7115693381985855,3.4825969866172493,3.508448600769043,41770040,0.0,0.0
2023-07-19 00:00:00+03:00,3.5139881783951097,3.859293222427368,3.4198140354542876,3.859293222427368,51422270,0.0,0.0
2023-07-20 00:00:00+03:00,4.0310231720109115,4.05502836910728,3.704183383969113,3.8020505905151367,57779440,0.0,0.0
2023-07-21 00:00:00+03:00,3.805743430230776,3.8463672666135316,3.691256932498536,3.71156907081604,26567850,0.0,0.0
2023-07-24 00:00:00+03:00,3.715262408724239,4.082726001739502,3.715262408724239,4.082726001739502,45823990,0.0,0.0
2023-07-25 00:00:00+03:00,4.117811331026187,4.490814685821533,4.117811331026187,4.490814685821533,109207700,0.0,0.0
2023-07-26 00:00:00+03:00,4.237836548585632,4.583141804279931,4.073493462004143,4.337550163269043,66037810,0.0,0.0
2023-07-27 00:00:00+03:00,4.348629661804081,4.418798389404865,4.223063991028638,4.250762462615967,22668750,0.0,0.0
2023-07-28 00:00:00+03:00,4.256302058010873,4.557289760919026,4.256302058010873,4.328317642211914,25195330,0.0,0.0
2023-07-31 00:00:00+03:00,4.428229014854965,4.547247041914281,4.2317545254778794,4.320545673370361,24351010,0.105772,0.0
2023-08-01 00:00:00+03:00,4.318656776819771,4.318656776819771,4.118404202441782,4.20341682434082,17442520,0.0,0.0
2023-08-02 00:00:00+03:00,4.203416396869892,4.390444776608305,4.09006594558867,4.190192222595215,24853880,0.0,0.0
2023-08-03 00:00:00+03:00,4.190192495633753,4.324324187013659,4.108957955214061,4.265759468078613,23153680,0.0,0.0
2023-08-04 00:00:00+03:00,4.312989149800694,4.345105068783516,4.186414513099366,4.26198148727417,13727020,0.0,0.0
2023-08-07 00:00:00+03:00,4.346994134651858,4.675710350183693,4.316767257845731,4.613367557525635,31866170,0.0,0.0
2023-08-08 00:00:00+03:00,4.613367619368879,4.722939992958101,4.312988787156068,4.477346897125244,34183560,0.0,0.0
2023-08-09 00:00:00+03:00,4.547246983086607,4.864628534610386,4.47734712886117,4.534022808074951,41611700,0.0,0.0
2023-08-10 00:00:00+03:00,4.543468018511029,4.647372819883195,4.175078841446523,4.220418930053711,21289530,0.0,0.0
2023-08-11 00:00:00+03:00,4.220419174809175,4.43767443550595,4.09006601839111,4.363996505737305,17178720,0.0,0.0
2023-08-14 00:00:00+03:00,4.4206714970197005,4.435785160236989,4.233643123910049,4.29787540435791,15252110,0.0,0.0
2023-08-15 00:00:00+03:00,4.307321049755907,4.439563238230332,4.201527208893438,4.29787540435791,14028010,0.0,0.0
2023-08-16 00:00:00+03:00,4.303542844403722,4.566138174584668,4.21852978626443,4.515130519866943,24374310,0.0,0.0
2023-08-17 00:00:00+03:00,4.517019618845567,4.770169307272784,4.356439595965726,4.711604595184326,25396610,0.0,0.0
2023-08-18 00:00:00+03:00,4.711605249601376,4.770169969824162,4.475458230311361,4.526465892791748,20659060,0.0,0.0
2023-08-21 00:00:00+03:00,4.496238822988357,4.658707884256333,4.3961121011042685,4.556692123413086,16646720,0.0,0.0
2023-08-22 00:00:00+03:00,4.556692029930806,4.654929260425732,4.441452548323005,4.5056843757629395,13532830,0.0,0.0
2023-08-23 00:00:00+03:00,4.505684818503533,4.765446612998003,4.45845523753557,4.596365451812744,24485260,0.0,0.0
2023-08-24 00:00:00+03:00,4.6001433722428615,4.66626469324716,4.441452832413057,4.481125354766846,17642320,0.0,0.0
2023-08-25 00:00:00+03:00,4.481125289191621,4.72293984910214,4.41500396915492,4.7172722816467285,16449980,0.0,0.0
2023-08-28 00:00:00+03:00,5.072437230805085,5.185787677764893,5.001593314058865,5.185787677764893,13207570,0.0,0.0
2023-08-29 00:00:00+03:00,5.4786103787766365,5.700588226318359,5.469164282924831,5.700588226318359,15139540,0.0,0.0
2023-08-31 00:00:00+03:00,6.267341613769531,6.267341613769531,6.045363307031111,6.267341613769531,44848000,0.0,0.0
2023-09-01 00:00:00+03:00,6.050086401563439,6.139822064321065,5.643913269042969,5.643913269042969,79065700,0.0,0.0
2023-09-04 00:00:00+03:00,5.7619869966867885,5.880060502563217,5.299139069850234,5.445549964904785,52377510,0.0,0.0
2023-09-05 00:00:00+03:00,5.445549781531143,5.544731541144079,5.242463664544397,5.393597602844238,20152250,0.0,0.0
2023-09-06 00:00:00+03:00,5.403043206733538,5.506948013713412,5.129112720489502,5.129112720489502,20382560,0.0,0.0
2023-09-07 00:00:00+03:00,5.129112709842624,5.639190196990967,5.086606627925812,5.639190196990967,27778630,0.0,0.0
2023-09-08 00:00:00+03:00,5.79504749148319,5.9745188118752655,5.483333078767522,5.596683979034424,33528510,0.0,0.0
2023-09-11 00:00:00+03:00,5.591961177127485,5.667528147021423,5.388874607726523,5.535285949707031,12516090,0.0,0.0
2023-09-12 00:00:00+03:00,5.535285762656373,5.573069246326547,5.318030506345544,5.488056182861328,8355520,0.0,0.0
2023-09-13 00:00:00+03:00,5.488055866957012,5.828107650829121,5.360536729514114,5.6533589363098145,21589690,0.0,0.0
2023-09-14 00:00:00+03:00,5.643913095338034,5.7856013825445025,5.369982616932364,5.724203109741211,13580600,0.0,0.0
2023-09-15 00:00:00+03:00,5.724203566661794,5.96979667747883,5.544731781929657,5.8470001220703125,16515980,0.0,0.0
2023-09-18 00:00:00+03:00,5.85172256722204,5.983964755344874,5.563622951507568,5.563622951507568,10926150,0.0,0.0
2023-09-19 00:00:00+03:00,5.563623114640124,6.116207122802734,5.506947889497119,6.116207122802734,31548460,0.0,0.0
2023-09-20 00:00:00+03:00,6.2012202914348835,6.668791244646202,6.139822017212994,6.267341613769531,43308210,0.0,0.0
2023-09-21 00:00:00+03:00,6.139821914426465,6.890769436026508,5.950904497225357,6.876600742340088,29622400,0.0,0.0
2023-09-22 00:00:00+03:00,6.876601199332233,7.514197862569152,6.659345929905695,7.136362552642822,30096010,0.0,0.0
2023-09-25 00:00:00+03:00,6.631008082891417,7.783405303955078,6.626285034549082,7.783405303955078,13311590,0.0,0.0
2023-09-26 00:00:00+03:00,7.830634132551825,8.45406204044159,7.466968003087675,8.34071159362793,13048680,0.0,0.0
2023-09-27 00:00:00+03:00,8.118734589351101,8.685486882160209,7.79285145796751,8.31237506866455,10888950,0.0,0.0
2023-09-28 00:00:00+03:00,8.279314113375818,8.501291968248191,7.882587082791224,8.043167114257812,6443080,0.0,0.0
2023-09-29 00:00:00+03:00,8.118734113848154,8.184854985595935,7.717284033602387,7.934538841247559,6079930,0.0,0.0
2023-10-02 00:00:00+03:00,7.934538639738115,8.642979621887207,7.651162967541913,8.642979621887207,6699660,0.0,0.0
2023-10-03 00:00:00+03:00,8.652425944640598,9.327806509458103,8.652425944640598,9.209733009338379,8304620,0.0,0.0
2023-10-04 00:00:00+03:00,9.209732773358846,9.393927140560649,8.926356200166563,9.153057098388672,5595730,0.0,0.0
2023-10-05 00:00:00+03:00,9.143611688538678,9.195563413476327,8.298205036797176,8.831897735595703,4123800,0.0,0.0
2023-10-06 00:00:00+03:00,8.028997671567573,9.025538259068684,8.028997671567573,8.59575080871582,4763290,0.0,0.0
2023-10-09 00:00:00+03:00,8.02899818085038,8.392664785240878,7.840080756760943,7.854249000549316,4958640,0.0,0.0
2023-10-10 00:00:00+03:00,7.85424847116036,8.444615944666467,7.7550671680093854,8.34071159362793,3960940,0.0,0.0
2023-10-11 00:00:00+03:00,8.34071196212,8.89329597776801,8.34071196212,8.444616317749023,4538690,0.0,0.0
2023-10-12 00:00:00+03:00,8.605196618040814,8.699655781252236,7.807020382304596,8.118734359741211,6051240,0.0,0.0
2023-10-13 00:00:00+03:00,8.118734589351101,8.463509013413645,7.627548368087173,8.31237506866455,5813230,0.0,0.0
2023-10-16 00:00:00+03:00,8.312373930644652,8.501291335716957,7.9723217006852565,8.019551277160645,3262640,0.0,0.0
2023-10-17 00:00:00+03:00,8.057335003362711,8.203746784974701,7.660607990223702,7.953430652618408,2773730,0.0,0.0
2023-10-18 00:00:00+03:00,7.9250937659347045,7.9250937659347045,7.500028889161917,7.570873260498047,3449340,0.0,0.0
2023-10-19 00:00:00+03:00,7.523643373921391,8.123456954956055,7.485859890909798,8.123456954956055,4554360,0.0,0.0
2023-10-20 00:00:00+03:00,7.981768378102784,8.123457117859576,7.755067475487087,7.915647506713867,2664020,0.0,0.0
2023-10-23 00:00:00+03:00,7.910924869425156,8.123457539681755,7.679500906717616,8.028998374938965,3134720,0.0,0.0
2023-10-24 00:00:00+03:00,8.071505308810119,8.567413696201058,7.726730871830535,8.40683364868164,4404060,0.0,0.0
2023-10-25 00:00:00+03:00,8.406832942164943,8.454062522906632,7.566150188446045,7.566150188446045,4339110,0.0,0.0
2023-10-26 00:00:00+03:00,7.566149885733426,7.981768197807382,7.193037203714133,7.745621204376221,3801870,0.0,0.0
2023-10-27 00:00:00+03:00,7.745621391230474,7.962877098859418,7.263881747225103,7.792850971221924,4303510,0.0,0.0
2023-10-30 00:00:00+03:00,7.792851165911966,8.491846084594727,7.632271130426827,8.491846084594727,4248240,0.0,0.0
2023-10-31 00:00:00+03:00,8.501292005413717,8.987755150022055,8.48712286110614,8.572135925292969,6727400,0.0,0.0
2023-11-01 00:00:00+03:00,8.661872457766998,8.954694247693746,8.359604571176973,8.813006401062012,4952700,0.0,0.0
2023-11-02 00:00:00+03:00,8.817729258126054,9.691473362280773,8.572136155184202,9.530893325805664,5573160,0.0,0.0
2023-11-03 00:00:00+03:00,9.568677352132683,10.248781021512382,9.568677352132683,10.20155143737793,5166510,0.0,0.0
2023-11-06 00:00:00+03:00,10.721073832577412,11.221705205040385,10.333792007720392,11.155584335327148,21283270,0.0,0.0
2023-11-07 00:00:00+03:00,11.174476197213227,11.335056232574377,10.409360405978884,10.79664134979248,24143900,0.0,0.0
2023-11-08 00:00:00+03:00,10.900545349525201,11.731782887372669,10.730519223356833,11.476743698120117,23348390,0.0,0.0
2023-11-09 00:00:00+03:00,11.335055860199347,12.090726431045164,11.136692346612687,11.476743698120117,12569180,0.0,0.0
2023-11-10 00:00:00+03:00,11.47674367620277,12.496898629606157,11.268934967759737,12.232414245605469,21896480,0.0,0.0
2023-11-13 00:00:00+03:00,12.232415038918903,13.054206532410403,12.04349760952362,12.959748268127441,22286940,0.0,0.0
2023-11-14 00:00:00+03:00,12.978638860215655,13.649296373996602,11.760120380340897,12.780275344848633,31746480,0.0,0.0
2023-11-15 00:00:00+03:00,12.780275594223156,13.148665244472756,12.232414617439236,12.326873779296875,14235390,0.0,0.0
2023-11-16 00:00:00+03:00,12.32687381004796,12.97863914583774,12.32687381004796,12.846397399902344,11492790,0.0,0.0
2023-11-17 00:00:00+03:00,12.84639697715612,13.280907486993646,12.38354817912556,12.742491722106934,12253760,0.0,0.0
2023-11-20 00:00:00+03:00,12.874735199692225,13.41315009867612,12.449670758345498,12.959748268127441,15254580,0.0,0.0
2023-11-21 00:00:00+03:00,12.959748012088154,13.488716803944373,12.874734945332499,13.4131498336792,10860500,0.0,0.0
2023-11-22 00:00:00+03:00,13.394258719476015,14.754465103149414,13.347029137225482,14.754465103149414,20138150,0.0,0.0
2023-11-23 00:00:00+03:00,15.302326785577062,15.604594666495151,14.565547474595208,15.207867622375488,26603240,0.0,0.0
2023-11-24 00:00:00+03:00,15.179528256202502,15.179528256202502,14.452195994127177,14.924489974975586,12180090,0.0,0.0
2023-11-27 00:00:00+03:00,14.924490673132714,16.199683940578492,14.820585415954712,15.887969970703125,20596470,0.0,0.0
2023-11-28 00:00:00+03:00,15.887969570587224,16.24691401271247,15.018948554992676,15.018948554992676,17631890,0.0,0.0
2023-11-29 00:00:00+03:00,15.047286996278368,15.491242703787112,13.517054557800293,13.517054557800293,21309960,0.0,0.0
2023-11-30 00:00:00+03:00,13.16755623501747,13.205339718730015,12.411886560766577,12.761384010314941,19710150,0.0,0.0
2023-12-01 00:00:00+03:00,12.846397040466845,14.036577224731445,12.846397040466845,14.036577224731445,18355740,0.0,0.0
2023-12-04 00:00:00+03:00,14.178266709904067,15.085071265188194,14.017686670887027,14.225496292114258,17149530,0.0,0.0
2023-12-05 00:00:00+03:00,14.263278688834417,14.537209163745999,13.318690720059402,13.43204116821289,12149110,0.0,0.0
2023-12-06 00:00:00+03:00,13.507607727311282,13.696525135217394,12.685816327297749,12.82750415802002,9809120,0.0,0.0
2023-12-07 00:00:00+03:00,12.827504811009444,13.50760841492166,12.19463078668531,12.997530937194824,12864470,0.0,0.0
2023-12-08 00:00:00+03:00,12.865288734436035,13.205340097605374,12.392994724063952,12.865288734436035,3304990,0.0,0.0
2023-12-11 00:00:00+03:00,12.751938511482555,12.893626356833954,11.62787914276123,11.62787914276123,3298770,0.0,0.0
2023-12-12 00:00:00+03:00,11.627878471052952,12.742491678808436,11.627878471052952,12.723600387573242,3531460,0.0,0.0
2023-12-13 00:00:00+03:00,12.723599895140772,13.120326904847916,12.090725898742676,12.090725898742676,2542090,0.0,0.0
2023-12-14 00:00:00+03:00,12.657478258800335,12.657478258800335,11.901808614142439,12.374102592468262,1773110,0.0,0.0
2023-12-15 00:00:00+03:00,12.374102655963023,12.723600093617982,12.07183389571957,12.137955665588379,2146410,0.0,0.0
2023-12-18 00:00:00+03:00,12.137956597536123,12.468561868946805,11.618432998657227,11.618432998657227,2273260,0.0,0.0
2023-12-19 00:00:00+03:00,11.61843191520461,11.835686710372329,10.532155236878225,11.335055351257324,3696460,0.0,0.0
2023-12-20 00:00:00+03:00,11.240596457394695,11.79790350257432,11.2217051664684,11.65621566772461,2014230,0.0,0.0
2023-12-21 00:00:00+03:00,11.514526975053231,11.854579221289514,11.193367821472378,11.6751070022583,1683140,0.0,0.0
2023-12-22 00:00:00+03:00,10.99500494565618,11.684553772157672,10.569939613342285,10.569939613342285,2473500,0.0,0.0
2023-12-25 00:00:00+03:00,10.569939560943029,10.569939560943029,9.52144718170166,9.52144718170166,1645900,0.0,0.0
2023-12-26 00:00:00+03:00,8.572135925292969,9.110551698199773,8.572135925292969,8.572135925292969,4166490,0.0,0.0
2023-12-27 00:00:00+03:00,7.896755409421703,9.417542676298117,7.71728408456569,9.356143951416016,7114310,0.0,0.0
2023-12-28 00:00:00+03:00,9.200287102051439,9.870944632536135,8.77994572125918,9.393927574157715,3838460,0.0,0.0
2023-12-29 00:00:00+03:00,9.299469068148104,9.719810437890096,8.90746508603957,9.71036434173584,2593460,0.0,0.0
2024-01-02 00:00:00+03:00,9.823714616296089,10.673844337463379,9.710364166972976,10.673844337463379,2345160,0.0,0.0
2024-01-03 00:00:00+03:00,10.768303026133216,11.646770169610216,10.390468179922319,11.051679611206055,4557300,0.0,0.0
2024-01-04 00:00:00+03:00,11.061125385665786,11.372839349925552,10.673844454363003,10.957221031188965,2442730,0.0,0.0
2024-01-05 00:00:00+03:00,11.023341673471844,11.8167957117931,10.739965102524355,11.410622596740723,3080190,0.0,0.0
2024-01-08 00:00:00+03:00,11.24059729053066,11.71289130947446,11.174476416143921,11.62787914276123,2341770,0.0,0.0
2024-01-09 00:00:00+03:00,11.627878940251346,11.627878940251346,11.108355348295264,11.325610160827637,1869980,0.0,0.0
2024-01-10 00:00:00+03:00,11.335056337458393,11.50508247078566,11.023342360244635,11.089463233947754,1982190,0.0,0.0
2024-01-11 00:00:00+03:00,11.335055866404044,11.335055866404044,10.569939199056877,10.957221031188965,2615660,0.0,0.0
2024-01-12 00:00:00+03:00,10.957220496340463,11.486189239821329,10.484926524960777,11.080016136169434,3942260,0.0,0.0
2024-01-15 00:00:00+03:00,11.080016479426986,12.185184478759766,10.872207774179103,12.185184478759766,6529000,0.0,0.0
2024-01-16 00:00:00+03:00,12.185185269532445,13.205340273454727,12.090727006697772,12.657479286193848,5036140,0.0,0.0
2024-01-17 00:00:00+03:00,12.600804650417716,13.025869090029076,12.043497560354872,12.68581771850586,3287660,0.0,0.0
2024-01-18 00:00:00+03:00,12.685816668336663,13.016421915852865,12.27964355479723,12.666924476623535,2786450,0.0,0.0
2024-01-19 00:00:00+03:00,12.666924398716821,13.224231439216485,12.468560891095402,13.148664474487305,2974320,0.0,0.0
2024-01-22 00:00:00+03:00,13.15811134142844,13.904335837484197,13.016422598635474,13.866552352905273,2924420,0.0,0.0
2024-01-23 00:00:00+03:00,13.866552093577898,14.26327912465182,13.195894579222388,14.055469512939453,3684050,0.0,0.0
2024-01-24 00:00:00+03:00,14.05546934729125,14.216049377063415,13.413149228202597,13.762646675109863,2674880,0.0,0.0
2024-01-25 00:00:00+03:00,13.715417832557394,13.942118730410584,13.318690810899664,13.460378646850586,7889910,0.0,0.0
2024-01-26 00:00:00+03:00,13.743755832273413,13.838214093508512,13.280907919982234,13.620959281921387,11497230,0.0,0.0
2024-01-29 00:00:00+03:00,13.696525617135572,14.981164936926985,13.554837781427954,14.971719741821289,26539330,0.0,0.0
2024-01-30 00:00:00+03:00,14.943381286271874,16.29414236161615,14.641113426379727,15.954090118408203,36977520,0.0,0.0
2024-01-31 00:00:00+03:00,15.916308077020284,16.398048170697727,15.132300113190398,15.330662727355957,18919370,0.0,0.0
2024-02-01 00:00:00+03:00,16.530289930706843,16.530289930706843,13.800430297851562,13.800430297851562,59874410,0.0,0.0
2024-02-02 00:00:00+03:00,13.318690878302212,14.046023154469367,12.67637076363826,13.224231719970703,33010810,0.0,0.0
2024-02-05 00:00:00+03:00,13.063651691304715,13.517054390134945,12.988084724971225,13.224231719970703,13974420,0.0,0.0
2024-02-06 00:00:00+03:00,13.233678342991999,13.403703573598841,12.81805911077676,12.846397399902344,14973550,0.0,0.0
2024-02-07 00:00:00+03:00,12.874734783074903,13.460379245663917,12.515791228424344,12.855842590332031,24914450,0.0,0.0
2024-02-08 00:00:00+03:00,12.93140869765782,13.101434817692661,12.61024954990096,12.874733924865723,11992800,0.0,0.0
2024-02-09 00:00:00+03:00,13.06365157842648,13.554837756179294,12.874734164225124,13.450932502746582,16830100,0.0,0.0
2024-02-12 00:00:00+03:00,13.460378646850586,13.88544305553264,13.413149067923849,13.460378646850586,11366850,0.0,0.0
2024-02-13 00:00:00+03:00,13.507608832067318,13.620959286081655,12.846397399902344,12.846397399902344,10290860,0.0,0.0
2024-02-14 00:00:00+03:00,12.865288734436035,13.12032793243504,12.468561693657138,12.865288734436035,8040250,0.0,0.0
2024-02-15 00:00:00+03:00,13.120327143491632,13.913780276508657,12.940854925877725,13.677633285522461,15812040,0.0,0.0
2024-02-16 00:00:00+03:00,13.592622004504067,13.668188974440252,13.139219284057617,13.139219284057617,9677870,0.0,0.0
2024-02-19 00:00:00+03:00,13.167555888358802,13.75320122172908,12.988084570656435,13.43204116821289,16235560,0.0,0.0
2024-02-20 00:00:00+03:00,13.507609100296106,14.102699671310457,13.337582965483621,13.696526527404785,15186380,0.0,0.0
2024-02-21 00:00:00+03:00,13.715417862046385,14.367183169982965,13.715417862046385,14.234940528869629,16811760,0.0,0.0
2024-02-22 00:00:00+03:00,14.282170275983665,15.651822678947475,14.282170275983665,15.538473129272461,24254590,0.0,0.0
2024-02-23 00:00:00+03:00,15.585701131767484,15.963535950387717,14.480533161266722,14.622220993041992,20982430,0.0,0.0
2024-02-26 00:00:00+03:00,14.782801679035057,15.632930509465641,14.754464291575186,15.292880058288574,14755950,0.0,0.0
2024-02-27 00:00:00+03:00,15.292879300150844,15.651821925726274,14.830030523495507,15.103960990905762,14994380,0.0,0.0
2024-02-28 00:00:00+03:00,15.00950342949876,15.49124261797435,14.650559886536055,14.782801628112793,11505590,0.0,0.0
2024-02-29 00:00:00+03:00,14.782801840012398,15.226759353084258,14.537209644636961,14.58443832397461,9484710,0.0,0.0
2024-03-01 00:00:00+03:00,14.584438345380502,14.641114021829903,13.224232019717332,13.554838180541992,17921910,0.0,0.0
2024-03-04 00:00:00+03:00,13.5642829936283,13.743755213302041,12.79916723851605,12.950301170349121,11586200,0.0,0.0
2024-03-05 00:00:00+03:00,12.950301428877665,13.413149329563664,12.704708334331471,12.761384010314941,9752670,0.0,0.0
2024-03-06 00:00:00+03:00,12.780274963512548,13.356474200915745,12.166293144226074,12.166293144226074,12591070,0.0,0.0
2024-03-07 00:00:00+03:00,12.204077259658426,12.846397399902344,12.204077259658426,12.846397399902344,9645270,0.0,0.0
2024-03-08 00:00:00+03:00,13.035314602868556,13.413149443194879,12.742491925993669,13.054205894470215,7816910,0.0,0.0
2024-03-11 00:00:00+03:00,13.252569499790505,14.35773754119873,12.874734656928428,14.35773754119873,15612260,0.0,0.0
2024-03-12 00:00:00+03:00,14.763910407596608,15.245649598381787,14.074360705727566,14.54665470123291,19618390,0.0,0.0
2024-03-13 00:00:00+03:00,14.631667373783822,14.96227352213968,14.168819486749047,14.688343048095703,13617650,0.0,0.0
2024-03-14 00:00:00+03:00,14.59388411080181,14.59388411080181,13.224231719970703,13.224231719970703,31092750,0.0,0.0
2024-03-15 00:00:00+03:00,13.129772237126158,13.42259490005305,12.326873014469825,12.374102592468262,13096820,0.0,0.0
2024-03-18 00:00:00+03:00,12.723601061090399,12.723601061090399,12.147401784232706,12.657479286193848,7518090,0.0,0.0
2024-03-19 00:00:00+03:00,12.657478339932165,13.40370279443694,11.892362594604492,11.892362594604492,10456020,0.0,0.0
2024-03-20 00:00:00+03:00,10.711628262082627,12.156847676557945,10.711628262082627,11.316164016723633,34017880,0.0,0.0
2024-03-21 00:00:00+03:00,11.523974388166254,11.760121408009125,10.20155143737793,10.20155143737793,13926830,0.0,0.0
2024-03-22 00:00:00+03:00,10.390467896858357,11.221705436706543,10.390467896858357,11.221705436706543,15040940,0.0,0.0
2024-03-25 00:00:00+03:00,11.448406171004153,12.015159317430111,10.730519092419083,10.919437408447266,20616650,0.0,0.0
2024-03-26 00:00:00+03:00,10.91943781800152,11.146138724743034,10.012633290206136,10.267671585083008,10477260,0.0,0.0
2024-03-27 00:00:00+03:00,10.305455525803476,10.739966066710219,9.965404150635775,10.125984191894531,8585270,0.0,0.0
2024-03-28 00:00:00+03:00,10.1354285437739,10.39046772953323,9.823714583954246,9.908727645874023,7611960,0.0,0.0
2024-03-29 00:00:00+03:00,10.125983233633328,10.163766716187473,9.823714472370874,10.135428428649902,7124860,0.0,0.0
2024-04-01 00:00:00+03:00,10.154321165649083,10.40936036220765,9.757594127110867,10.012633323669434,4920110,0.0,0.0
2024-04-02 00:00:00+03:00,10.031523845587344,10.721073512341667,10.022077749959237,10.069307327270508,8223550,0.0,0.0
2024-04-03 00:00:00+03:00,10.13542932648375,10.248780685016554,9.597014427185059,9.597014427185059,4203190,0.0,0.0
2024-04-04 00:00:00+03:00,9.597014180104543,9.81426989406479,8.978309276591148,9.13888931274414,9136000,0.0,0.0
2024-04-05 00:00:00+03:00,9.148334558733866,9.90872723483358,9.030261066705355,9.540338516235352,6838520,0.0,0.0
2024-04-08 00:00:00+03:00,9.71980979517697,10.409359454743594,9.63479673706869,10.296008110046387,6558470,0.0,0.0
2024-04-09 00:00:00+03:00,10.296008110046387,10.296008110046387,10.296008110046387,10.296008110046387,0,0.0,0.0
2024-04-15 00:00:00+03:00,10.248780312146353,10.806086483705075,9.842607177864352,10.522710800170898,7096310,0.0,0.0
2024-04-16 00:00:00+03:00,10.56049501563862,10.569940211801999,10.012634001669511,10.20155143737793,4571310,0.0,0.0
2024-04-17 00:00:00+03:00,10.220441147467751,10.721073400587782,10.003186355261484,10.296008110046387,5260620,0.0,0.0
2024-04-18 00:00:00+03:00,10.352684934213363,10.673845011318802,10.220442284573078,10.607723236083984,5609400,0.0,0.0
2024-04-19 00:00:00+03:00,10.607722752171599,10.900545427006362,10.296008785866796,10.721074104309082,4687040,0.0,0.0
2024-04-22 00:00:00+03:00,10.853316434354262,11.032788667591996,10.31490153629978,10.362131118774414,8460470,0.0,0.0
2024-04-24 00:00:00+03:00,10.362130731807012,10.513264669418346,9.899281921835643,10.00318717956543,8145950,0.0,0.0
2024-04-25 00:00:00+03:00,10.003186949160693,10.296008721330718,9.644243405186705,9.937066078186035,6766860,0.0,0.0
2024-04-26 00:00:00+03:00,10.022079011580074,10.031525108397293,9.729257216881246,9.899282455444336,4877490,0.0,0.0
2024-04-29 00:00:00+03:00,9.899282215585785,9.927620505350811,9.337252981019711,9.441157341003418,10065020,0.0,0.0
2024-04-30 00:00:00+03:00,9.441156449431103,10.0598613042707,9.356143389822908,9.587567329406738,14313490,0.0,0.0
2024-05-02 00:00:00+03:00,9.663134872895792,10.040970615946419,9.663134872895792,9.993741035461426,15182490,0.0,0.0
2024-05-03 00:00:00+03:00,10.012633690338644,10.551048590573618,9.918174525006833,10.381022453308105,15018850,0.0,0.0
2024-05-06 00:00:00+03:00,10.456588866018341,10.626614994190776,10.163767090642835,10.229887962341309,9156000,0.0,0.0
2024-05-07 00:00:00+03:00,10.471980283622136,10.82974866162885,10.056194988195156,10.762063026428223,13125380,0.250369,0.0
2024-05-08 00:00:00+03:00,10.76206262958412,10.878095537998394,10.02718662081281,10.423632621765137,11597930,0.0,0.0
2024-05-09 00:00:00+03:00,10.423632479033042,10.423632479033042,10.007848126778848,10.239913940429688,7247530,0.0,0.0
2024-05-10 00:00:00+03:00,10.239914281848588,10.249583921610004,9.746773719787598,9.746773719787598,6933080,0.0,0.0
2024-05-13 00:00:00+03:00,9.795120766730406,9.978839307150704,8.876526220333757,9.350327491760254,8494530,0.0,0.0
2024-05-14 00:00:00+03:00,9.567890036491818,9.635575670820478,8.417228720018967,8.765327453613281,30699540,0.0,0.0
2024-05-15 00:00:00+03:00,8.891029890590636,9.24396436170801,8.765327341201209,8.929707527160645,13263980,0.0,0.0
2024-05-16 00:00:00+03:00,8.915203539631802,9.084418536886728,8.702476088164252,8.862021446228027,8174310,0.0,0.0
2024-05-17 00:00:00+03:00,8.88619471086596,9.069914168743681,8.770161805855189,8.95388126373291,8121810,0.0,0.0
2024-05-20 00:00:00+03:00,8.953881455727487,8.992559091560427,8.586443454240772,8.639625549316406,11290180,0.0,0.0
2024-05-21 00:00:00+03:00,8.219005693999925,8.63479098301892,8.219005693999925,8.417228698730469,9950200,0.0,0.0
2024-05-22 00:00:00+03:00,8.431732825488218,8.862021635038918,8.431732825488218,8.547765731811523,9713150,0.0,0.0
2024-05-23 00:00:00+03:00,8.547766094758634,8.73631946027173,8.383385906617306,8.523591995239258,9970810,0.0,0.0
2024-05-24 00:00:00+03:00,8.538096665201119,8.634791221364507,8.112642646806995,8.209336280822754,9205990,0.0,0.0
2024-05-27 00:00:00+03:00,8.219005668897381,8.605782037398216,8.025617484646963,8.31086540222168,8381180,0.0,0.0
2024-05-28 00:00:00+03:00,8.373716011901394,8.383385651414786,7.866071925366819,7.899914741516113,10678830,0.0,0.0
2024-05-29 00:00:00+03:00,7.928922707679891,8.02561725815001,7.7597077054309676,7.8467326164245605,7968040,0.0,0.0
2024-05-30 00:00:00+03:00,7.84673267585542,7.982104863109377,7.663014135147804,7.953096866607666,5760900,0.0,0.0
2024-05-31 00:00:00+03:00,7.9966095468951615,8.11264245830658,7.924088170383868,7.986939907073975,4164800,0.0,0.0
2024-06-03 00:00:00+03:00,7.986940210439879,8.07396512784079,7.648510181024701,8.04495620727539,6502860,0.0,0.0
2024-06-04 00:00:00+03:00,8.04495575960027,8.330203674253426,7.85156757733057,8.219005584716797,6404280,0.0,0.0
2024-06-05 00:00:00+03:00,8.219005789590403,8.330203881898846,7.851567773045119,7.904749870300293,4375780,0.0,0.0
2024-06-06 00:00:00+03:00,7.895080108173049,7.895080108173049,7.160204547534021,7.343923091888428,34774560,0.0,0.0
2024-06-07 00:00:00+03:00,7.3487578567892795,7.508303222743595,6.821774482727051,6.821774482727051,13690880,0.0,0.0
2024-06-10 00:00:00+03:00,6.444667167175739,6.76375789270481,6.140080439786957,6.207766532897949,23240360,0.0,0.0
2024-06-11 00:00:00+03:00,6.236774451932325,6.52685717758797,6.217435634293534,6.478509902954102,17328250,0.0,0.0
2024-06-12 00:00:00+03:00,6.473675907876628,6.700906912624048,6.318964897004779,6.522022724151611,16322020,0.0,0.0
2024-06-13 00:00:00+03:00,6.541361179192423,6.671898544132312,6.444667090944606,6.599377632141113,7376920,0.0,0.0
2024-06-14 00:00:00+03:00,6.67189889692693,6.807270627632018,6.52685752634886,6.71057653427124,7502950,0.0,0.0
2024-06-20 00:00:00+03:00,6.72991500069499,6.841113086971248,6.61871645334495,6.720245361328125,14531290,0.0,0.0
2024-06-21 00:00:00+03:00,6.739584148503532,6.768592605399135,6.594543247246861,6.613882064819336,12955990,0.0,0.0
2024-06-24 00:00:00+03:00,6.6138822145883305,6.6235513930566325,6.057890389910326,6.193262577056885,10335580,0.0,0.0
2024-06-25 00:00:00+03:00,6.193262545046068,6.251278998777387,5.9757002672113835,6.01921272277832,11473970,0.0,0.0
2024-06-26 00:00:00+03:00,6.019212821298424,6.043386459350586,5.8016510009765625,5.8016510009765625,6418960,0.0,0.0
2024-06-27 00:00:00+03:00,5.9273533400635605,6.0868987000539985,5.849998069895322,5.94185733795166,8538040,0.0,0.0
2024-06-28 00:00:00+03:00,5.975700365019293,6.033716819700203,5.709791729666904,5.8016510009765625,7634100,0.0,0.0
2024-07-01 00:00:00+03:00,5.806485613218155,5.849998067941703,5.511568069458008,5.511568069458008,14175900,0.0,0.0
2024-07-02 00:00:00+03:00,5.511568212980009,5.7678081283414775,5.4535517588624485,5.762973308563232,6810220,0.0,0.0
2024-07-03 00:00:00+03:00,5.801651116158842,5.8113207560012,5.477725558620736,5.637270927429199,10007070,0.0,0.0
2024-07-04 00:00:00+03:00,5.637270715183396,6.1980968948582476,5.535741806030273,5.535741806030273,7900610,0.0,0.0
2024-07-05 00:00:00+03:00,5.569585182252922,5.704956909841712,5.395535357136396,5.439047813415527,12946360,0.0,0.0
2024-07-08 00:00:00+03:00,5.472890630044276,5.8016510009765625,5.371361719084234,5.439047813415527,15943460,0.0,0.0
2024-07-09 00:00:00+03:00,5.4970642680964374,5.622766817108641,5.294006446176354,5.439047813415527,17470400,0.0,0.0
2024-07-10 00:00:00+03:00,5.501898860711521,5.501898860711521,5.066774776963178,5.095783233642578,20862110,0.0,0.0
2024-07-11 00:00:00+03:00,5.14413093948743,5.245659854775794,4.902395470807878,4.9362382888793945,22371510,0.0,0.0
2024-07-12 00:00:00+03:00,4.955576841621056,5.115122205489782,4.825039474233667,5.037766933441162,19643430,0.0,0.0
2024-07-16 00:00:00+03:00,5.03776691930249,5.124791830649844,4.955576827713053,4.984585285186768,6877460,0.0,0.0
2024-07-17 00:00:00+03:00,4.989419781857077,5.163469609365265,4.907229687994611,5.047436237335205,11332490,0.0,0.0
2024-07-18 00:00:00+03:00,5.0861144033108365,5.269832950907925,5.047436304735135,5.206982135772705,13141250,0.0,0.0
2024-07-19 00:00:00+03:00,5.255328881937184,5.28433734021315,5.037767058625752,5.047436237335205,9177450,0.0,0.0
2024-07-22 00:00:00+03:00,5.124791771692545,5.550245761871338,5.047436039677161,5.550245761871338,21340630,0.0,0.0
2024-07-23 00:00:00+03:00,5.859667307298403,6.101402759552002,5.7339647614688225,6.101402759552002,36888070,0.0,0.0
2024-07-24 00:00:00+03:00,6.410824614315928,6.71057653427124,6.381816155770791,6.71057653427124,14040800,0.0,0.0
2024-07-25 00:00:00+03:00,7.232724851994777,7.290741306025963,6.072394849223466,6.193262577056885,119861460,0.0,0.0
2024-07-26 00:00:00+03:00,6.449501997229324,6.812105178833008,6.309295452118851,6.812105178833008,43226720,0.0,0.0
2024-07-29 00:00:00+03:00,7.121526498807291,7.343923142590125,6.502683844353504,6.845948219299316,105102870,0.0,0.0
2024-07-30 00:00:00+03:00,7.058675772978452,7.203716683336164,6.8169403076171875,6.8169403076171875,35952770,0.0,0.0
2024-07-31 00:00:00+03:00,6.8169399353673406,6.860451929454327,6.3624770271035,6.531692028045654,31663120,0.0,0.0
2024-08-01 00:00:00+03:00,6.551030822072022,7.184377446240668,6.415659098452384,6.720245361328125,58092130,0.0,0.0
2024-08-02 00:00:00+03:00,6.72024560311825,6.72024560311825,6.343138414644291,6.391485691070557,24250980,0.0,0.0
2024-08-05 00:00:00+03:00,6.09656799237528,6.173923725064883,5.753303628774763,5.898344993591309,16819940,0.0,0.0
2024-08-06 00:00:00+03:00,6.154584716633609,6.488179916483397,6.014378165398225,6.159419536590576,27578080,0.0,0.0
2024-08-07 00:00:00+03:00,6.236774655604341,6.357642385062362,5.975700378417969,5.975700378417969,14687250,0.0,0.0
2024-08-08 00:00:00+03:00,6.004708968672329,6.062725424761698,5.811320781707764,5.811320781707764,12686690,0.0,0.0
2024-08-09 00:00:00+03:00,5.825824652361016,6.164254202644379,5.796816194417278,5.854832649230957,25007500,0.0,0.0
2024-08-12 00:00:00+03:00,5.9176840147441,5.951527293043742,5.57441963935382,5.584089279174805,14231980,0.0,0.0
2024-08-13 00:00:00+03:00,5.574419752728599,5.758138763399619,5.405205202084055,5.540576934814453,14972550,0.0,0.0
2024-08-14 00:00:00+03:00,5.608262618209794,5.656609431511908,5.511568069458008,5.511568069458008,12386250,0.0,0.0
2024-08-15 00:00:00+03:00,5.506733767772027,5.613097034779833,5.352022764815045,5.550245761871338,12772760,0.0,0.0
2024-08-16 00:00:00+03:00,5.6324358180484815,5.835493633564492,5.323014736175537,5.323014736175537,20456000,0.0,0.0
2024-08-19 00:00:00+03:00,5.414874385614522,5.501899301551827,5.31818029072519,5.419709205627441,10618310,0.0,0.0
2024-08-20 00:00:00+03:00,5.419708882058755,5.521237790899504,5.313345153493734,5.361692428588867,9766450,0.0,0.0
2024-08-21 00:00:00+03:00,5.352023001840366,5.410039457615943,5.124791998654475,5.2214860916137695,11340940,0.0,0.0
2024-08-22 00:00:00+03:00,5.221485979493506,5.327849710001699,5.119957068797912,5.144130706787109,10554900,0.0,0.0
2024-08-23 00:00:00+03:00,5.148965122229595,5.240824855385404,5.032932211892172,5.061940670013428,11242770,0.0,0.0
2024-08-26 00:00:00+03:00,5.095783298725462,5.124791755775355,4.916899119960169,4.945907115936279,8437780,0.0,0.0
2024-08-27 00:00:00+03:00,4.945907214663391,5.177973492473555,4.916899218108241,4.970080852508545,15113360,0.0,0.0
2024-08-28 00:00:00+03:00,4.970080881485592,5.115122248328355,4.834709154266784,4.902395248413086,11830550,0.0,0.0
2024-08-29 00:00:00+03:00,4.93140306990075,5.390700331020281,4.878221437080183,5.148964881896973,63169420,0.0,0.0
2024-09-02 00:00:00+03:00,5.158634910336744,5.661444664001465,5.158634910336744,5.661444664001465,24186260,0.0,0.0
2024-09-03 00:00:00+03:00,5.883840919978571,6.227105279177134,5.685617923736572,5.685617923736572,67161820,0.0,0.0
2024-09-04 00:00:00+03:00,5.579254204040294,5.6566094747743225,5.390700385820763,5.497064113616943,18841820,0.0,0.0
2024-09-05 00:00:00+03:00,5.608262919842546,5.772642647199207,5.419709092923987,5.463221549987793,21982470,0.0,0.0
2024-09-06 00:00:00+03:00,5.598593062192688,5.598593062192688,5.3375187910413,5.361692428588867,11719340,0.0,0.0
2024-09-09 00:00:00+03:00,5.327849896133792,5.371361892745915,5.182808524205281,5.192477703094482,11452540,0.0,0.0
2024-09-10 00:00:00+03:00,5.206981830473183,5.608262641832494,5.206981830473183,5.323014736175537,29099960,0.0,0.0
2024-09-11 00:00:00+03:00,5.318180157306941,5.410039429878861,5.047436237335205,5.047436237335205,15363580,0.0,0.0
2024-09-12 00:00:00+03:00,5.144130934245995,5.173138932256648,4.912064644791697,5.057106018066406,9944220,0.0,0.0
2024-09-13 00:00:00+03:00,5.061940725225747,5.119957181027264,5.008758628269002,5.100618362426758,10433110,0.0,0.0
2024-09-16 00:00:00+03:00,5.443882824505608,5.60826301574707,5.2746678132690885,5.60826301574707,21513300,0.0,0.0
2024-09-17 00:00:00+03:00,5.840328478498822,6.169088840484619,5.816154841104493,6.169088840484619,22596240,0.0,0.0
2024-09-18 00:00:00+03:00,6.468840800066566,6.652559800313234,5.927353438795553,5.966031074523926,84485640,0.0,0.0
2024-09-19 00:00:00+03:00,6.091733838471782,6.304460842565864,5.787147100440813,5.825824737548828,27427120,0.0,0.0
2024-09-20 00:00:00+03:00,5.917683807271198,5.917683807271198,5.588923903138657,5.656609535217285,20719120,0.0,0.0
2024-09-23 00:00:00+03:00,5.685618091614742,5.729130547893874,5.5067339077468205,5.559915542602539,12195630,0.0,0.0
2024-09-24 00:00:00+03:00,5.559915528770873,5.617931983307452,5.371361705721642,5.385866165161133,11929440,0.0,0.0
2024-09-25 00:00:00+03:00,5.371361789520077,5.642105709321778,5.202147243083591,5.2891716957092285,27423460,0.0,0.0
2024-09-26 00:00:00+03:00,5.076444612632115,5.3907005232703,5.076444612632115,5.144130706787109,20030500,0.0,0.0
2024-09-27 00:00:00+03:00,5.221485824591413,5.371361545745352,5.095783279635749,5.202147006988525,16604210,0.0,0.0
2024-09-30 00:00:00+03:00,5.202147174866695,5.2504939898972225,5.042601809225744,5.076444625854492,12078400,0.0,0.0
2024-10-01 00:00:00+03:00,5.105452934451929,5.366527203419291,4.778626316576385,4.825039386749268,39297930,0.0,0.0
2024-10-02 00:00:00+03:00,4.797965329620438,4.9990894103494,4.65485816531237,4.873386859893799,27187760,0.0,0.0
2024-10-03 00:00:00+03:00,4.8927254100606286,5.206981768968053,4.77669250572886,5.163469314575195,37512780,0.0,0.0
2024-10-04 00:00:00+03:00,5.124791710341719,5.298841067876705,4.999089166029561,5.269832611083984,39785710,0.0,0.0
2024-10-07 00:00:00+03:00,5.2698326297741,5.313345084580614,4.960411548614502,4.960411548614502,40886720,0.0,0.0
2024-10-08 00:00:00+03:00,4.989419814463137,5.042601911470987,4.854048084129511,4.858882904052734,18971350,0.0,0.0
2024-10-09 00:00:00+03:00,4.878221820604715,4.979750735661632,4.823105978950617,4.883056640625,14578260,0.0,0.0
2024-10-10 00:00:00+03:00,4.907229477079158,4.941072753792148,4.819238156417216,4.825039386749268,10968800,0.0,0.0
2024-10-11 00:00:00+03:00,4.825039614578535,4.863717712801657,4.679998705805496,4.68193244934082,15622120,0.0,0.0
2024-10-14 00:00:00+03:00,4.6993375142016305,4.72641176793275,4.445998668670654,4.445998668670654,18699760,0.0,0.0
2024-10-15 00:00:00+03:00,4.445998530282967,4.796031457582557,4.445998530282967,4.560097694396973,22338270,0.0,0.0
2024-10-16 00:00:00+03:00,4.496279824851262,4.623916123236736,4.488544389419316,4.573635101318359,15001780,0.0,0.0
2024-10-17 00:00:00+03:00,4.573634849596298,4.699337397473868,4.544626391980786,4.610378742218018,14213060,0.0,0.0
2024-10-18 00:00:00+03:00,4.660659601366701,4.697403031653211,4.544626235961914,4.544626235961914,12632170,0.0,0.0
2024-10-21 00:00:00+03:00,4.5504281822601556,4.633585147797628,4.449866602849441,4.451800346374512,11993340,0.0,0.0
2024-10-22 00:00:00+03:00,4.478874473243495,4.538824670487984,4.422791762939677,4.498213291168213,12292630,0.0,0.0
2024-10-23 00:00:00+03:00,4.544626303367743,4.945907115936279,4.544626303367743,4.945907115936279,13987620,0.0,0.0
2024-10-24 00:00:00+03:00,5.139295738096062,5.221485828234122,4.8173039406558695,4.892725467681885,71570640,0.0,0.0
2024-10-25 00:00:00+03:00,4.892725695539665,4.9217341538520705,4.683866178911757,4.687734127044678,23894020,0.0,0.0
2024-10-28 00:00:00+03:00,4.712874762808871,4.732213581841198,4.679998816561297,4.697403430938721,7124120,0.0,0.0
2024-10-30 00:00:00+03:00,4.7090066184682655,5.032932169575361,4.707072874967707,4.834709167480469,31118980,0.0,0.0
2024-10-31 00:00:00+03:00,4.83470908330648,4.921733994349609,4.784428064577009,4.8076348304748535,14315870,0.0,0.0
2024-11-01 00:00:00+03:00,4.821172196746937,4.854048142688623,4.745750664900463,4.776692867279053,12652910,0.0,0.0
2024-11-04 00:00:00+03:00,4.7863618195513755,4.7902297675682455,4.591039896712144,4.621982097625732,10354610,0.0,0.0
2024-11-05 00:00:00+03:00,4.627783583915123,4.672262913736378,4.3976514994212,4.5233540534973145,10527060,0.0,0.0
2024-11-06 00:00:00+03:00,4.558164034511311,4.64518848625894,4.538824755152063,4.587172031402588,9697580,0.0,0.0
2024-11-07 00:00:00+03:00,4.6316512448644325,4.6316512448644325,4.459535628064198,4.509816646575928,15130030,0.0,0.0
2024-11-08 00:00:00+03:00,4.513684540292189,4.596841501967722,4.49047777477389,4.589105606079102,10486210,0.0,0.0
2024-11-11 00:00:00+03:00,4.604577118630482,4.979750563241575,4.604577118630482,4.761221408843994,25921150,0.0,0.0
2024-11-12 00:00:00+03:00,4.761221324343862,4.761221324343862,4.608444523865035,4.616180419921875,8848250,0.0,0.0
2024-11-13 00:00:00+03:00,4.616180333315525,4.656791712019946,4.554295932464596,4.583303928375244,9636510,0.0,0.0
2024-11-14 00:00:00+03:00,4.604576909408131,4.621981983443382,4.548494200454842,4.600708961486816,8639640,0.0,0.0
2024-11-15 00:00:00+03:00,4.606510991036309,4.666461652312417,4.569767096844347,4.596841812133789,10484360,0.0,0.0
2024-11-18 00:00:00+03:00,4.604577147889667,4.676130730086583,4.592973764598534,4.631651401519775,11331700,0.0,0.0
2024-11-19 00:00:00+03:00,4.757354096538797,4.9072298288921115,4.641321182250977,4.641321182250977,29653800,0.0,0.0
2024-11-20 00:00:00+03:00,4.656791680740527,4.6858001375301095,4.467270992578668,4.476940631866455,13579160,0.0,0.0
2024-11-21 00:00:00+03:00,4.494345344573135,4.573634820841171,4.49241160110219,4.560097694396973,8049190,0.0,0.0
2024-11-22 00:00:00+03:00,4.563965320587158,4.581370395578073,4.49627968630105,4.563965320587158,9404240,0.0,0.0
2024-11-25 00:00:00+03:00,4.629717373650843,4.629717373650843,4.534957030691591,4.556229591369629,12064770,0.0,0.0
2024-11-26 00:00:00+03:00,4.5562298853935745,4.633585159477015,4.5194859918818,4.563965320587158,14463610,0.0,0.0
2024-11-27 00:00:00+03:00,4.6045772036097015,4.786362007124556,4.579436693199289,4.608444690704346,29181260,0.0,0.0
2024-11-28 00:00:00+03:00,4.6355191371157005,4.643254571930541,4.550427970931123,4.589105606079102,10687900,0.0,0.0
2024-11-29 00:00:00+03:00,4.5891057333815235,4.612312499543582,4.546560610182807,4.60457706451416,9621240,0.0,0.0
2024-12-02 00:00:00+03:00,4.598775511893929,4.631651457567436,4.496279726704957,4.608444690704346,13035220,0.0,0.0
2024-12-03 00:00:00+03:00,4.621982222826365,4.689667856901638,4.612312583059154,4.631651401519775,15129810,0.0,0.0
2024-12-04 00:00:00+03:00,4.670329010395014,4.670329010395014,4.573634918672573,4.64325475692749,15943000,0.0,0.0
2024-12-05 00:00:00+03:00,4.6509900934200985,4.726411621686328,4.62391584052672,4.678064346313477,18606450,0.0,0.0
2024-12-06 00:00:00+03:00,4.705138980546695,4.902395104564187,4.654857962554611,4.830841064453125,31772960,0.0,0.0
2024-12-09 00:00:00+03:00,4.921733866665433,4.994254316604123,4.796031323102848,4.854047775268555,25527420,0.0,0.0
2024-12-10 00:00:00+03:00,4.844378634780513,4.854047813013096,4.674196763793526,4.7186760902404785,18884030,0.0,0.0
2024-12-11 00:00:00+03:00,4.714808281636351,4.7708909924787966,4.591039937944224,4.60457706451416,15169100,0.0,0.0
2024-12-12 00:00:00+03:00,4.602643125197781,4.738014846211311,4.602643125197781,4.618113994598389,12628590,0.0,0.0
2024-12-13 00:00:00+03:00,4.618114178333347,4.799899436928706,4.596841616792723,4.790229797363281,12010920,0.0,0.0
2024-12-16 00:00:00+03:00,4.839543831688862,4.868551827559659,4.774758815765381,4.774758815765381,12750260,0.0,0.0
2024-12-17 00:00:00+03:00,4.774758856970759,4.788295983303791,4.635519184582729,4.757353782653809,10727910,0.0,0.0
2024-12-18 00:00:00+03:00,4.765089531943222,4.794097991052085,4.621982363203006,4.641321182250977,10815670,0.0,0.0
2024-12-19 00:00:00+03:00,4.625849710152328,4.637453093444158,4.515618491027543,4.569766998291016,12710900,0.0,0.0
2024-12-20 00:00:00+03:00,4.5871721880385845,4.58910593161102,4.4692055307913225,4.529155731201172,10341530,0.0,0.0
2024-12-23 00:00:00+03:00,4.534957126026787,4.585238144208056,4.459535598754883,4.459535598754883,9177870,0.0,0.0
2024-12-24 00:00:00+03:00,4.476940867780191,4.563965320587158,4.447932409461999,4.563965320587158,9183940,0.0,0.0
2024-12-25 00:00:00+03:00,4.59297372270553,4.631651359273988,4.525287628173828,4.525287628173828,8152700,0.0,0.0
2024-12-26 00:00:00+03:00,4.525287782982486,4.575568804456339,4.502081476891808,4.529155731201172,8775000,0.0,0.0
2024-12-27 00:00:00+03:00,4.5562297032277375,4.558163907754153,4.471138997352786,4.515618324279785,10263950,0.0,0.0
2024-12-30 00:00:00+03:00,4.517552236653146,4.596841715135005,4.5136847496032715,4.5136847496032715,13251980,0.0,0.0
2024-12-31 00:00:00+03:00,4.513684719933292,4.552362356620611,4.447932368705811,4.519485950469971,9212430,0.0,0.0
2025-01-02 00:00:00+03:00,4.519486035249246,4.602643462868077,4.519486035249246,4.552362442016602,9401610,0.0,0.0
2025-01-03 00:00:00+03:00,4.554296072652505,4.608444579258503,4.515618436198565,4.592973709106445,12163690,0.0,0.0
2025-01-06 00:00:00+03:00,4.592973737111629,4.778626485437299,4.592973737111629,4.70513916015625,25569090,0.0,0.0
2025-01-07 00:00:00+03:00,4.7186762868902905,4.815370378614723,4.672262754003524,4.70513916015625,19961880,0.0,0.0
2025-01-08 00:00:00+03:00,4.718676098791233,4.792163421142881,4.577502684393733,4.589105606079102,17864920,0.0,0.0
2025-01-09 00:00:00+03:00,4.589105800675054,5.047436211580001,4.575568673906613,4.8173041343688965,58758300,0.0,0.0
2025-01-10 00:00:00+03:00,4.799899699782619,5.086114499345125,4.712874783223281,4.868552207946777,56224440,0.0,0.0
2025-01-13 00:00:00+03:00,4.868551808102614,4.999089172220856,4.6355191260532305,4.656791687011719,31979200,0.0,0.0
2025-01-14 00:00:00+03:00,4.687733898458094,4.736080711856178,4.583303914699527,4.589105606079102,16789220,0.0,0.0
2025-01-15 00:00:00+03:00,4.577502994883162,4.625849811560582,4.523354025358829,4.534957408905029,11767270,0.0,0.0
2025-01-16 00:00:00+03:00,4.583303957816151,4.647122563591837,4.5484942702850155,4.633584976196289,8818400,0.0,0.0
2025-01-17 00:00:00+03:00,4.635519390024152,4.823105884618968,4.592973804610626,4.738015174865723,16834120,0.0,0.0
2025-01-20 00:00:00+03:00,4.75735411886604,4.902395492943432,4.720610224180305,4.747684478759766,16827710,0.0,0.0
2025-01-21 00:00:00+03:00,4.728345623065265,4.743816954900929,4.6355194763465395,4.647122859954834,10526360,0.0,0.0
2025-01-22 00:00:00+03:00,4.654857954689691,4.67032882431937,4.569766788505112,4.589105606079102,12919420,0.0,0.0
2025-01-23 00:00:00+03:00,4.6181141083687605,4.70707276229825,4.5891056511857595,4.695469379425049,11369110,0.0,0.0
2025-01-24 00:00:00+03:00,4.7186762302902565,4.809568629313598,4.616180448184404,4.784428119659424,17029660,0.0,0.0
2025-01-27 00:00:00+03:00,4.7573538231831165,4.815370276993424,4.6181141496088625,4.621982097625732,12602800,0.0,0.0
2025-01-28 00:00:00+03:00,4.643254908144406,4.749618643039939,4.641321164569121,4.703205108642578,15915140,0.0,0.0
2025-01-29 00:00:00+03:00,4.705138972596819,4.730279481550383,4.579436427828997,4.589105606079102,11455570,0.0,0.0
2025-01-30 00:00:00+03:00,4.59103973910508,4.639386551750397,4.548494156675231,4.556229591369629,7182780,0.0,0.0
2025-01-31 00:00:00+03:00,4.562031353690273,4.612312371597401,4.5426925361162835,4.589105606079102,7195640,0.0,0.0
2025-02-03 00:00:00+03:00,4.589105531025777,4.589105531025777,4.447932118937121,4.494345188140869,7134220,0.0,0.0
2025-02-04 00:00:00+03:00,4.494345539932801,4.573635019647383,4.473072977606357,4.484676361083984,7252870,0.0,0.0
2025-02-05 00:00:00+03:00,4.486610021403063,4.50594883981573,4.297089324314641,4.33383321762085,11945790,0.0,0.0
2025-02-06 00:00:00+03:00,4.349304365899664,4.389915744534481,4.335767239688059,4.341568470001221,6859620,0.0,0.0
2025-02-07 00:00:00+03:00,4.349304354852742,4.416989985738853,4.328031332796724,4.409254550933838,9040620,0.0,0.0
2025-02-10 00:00:00+03:00,4.424725993398576,4.434395171880671,4.291288010614366,4.306758880615234,9960010,0.0,0.0
2025-02-11 00:00:00+03:00,4.328031398956455,4.343502729876766,4.239072744654474,4.262279510498047,7514880,0.0,0.0
2025-02-12 00:00:00+03:00,4.264213441771518,4.277750568751896,4.072758998351067,4.074693202972412,12598720,0.0,0.0
2025-02-13 00:00:00+03:00,4.07469310350327,4.113370739952691,4.028279570904928,4.047618389129639,8706710,0.0,0.0
2025-02-14 00:00:00+03:00,4.04568444981243,4.09016377568378,4.022477684636499,4.061155319213867,6465430,0.0,0.0
2025-02-17 00:00:00+03:00,4.061155516254075,4.1675192470393085,4.061155516254075,4.109502792358398,6533020,0.0,0.0
2025-02-18 00:00:00+03:00,4.109502934775815,4.119172574761305,4.030213915619566,4.05728816986084,5354630,0.0,0.0
2025-02-19 00:00:00+03:00,4.055353839630387,4.086296041122379,3.9470563649453103,3.9547922611236572,7025760,0.0,0.0
2025-02-20 00:00:00+03:00,3.956725840710795,4.190725855177299,3.9219161536455336,4.105634689331055,20812530,0.0,0.0
2025-02-21 00:00:00+03:00,4.105634946169991,4.132709661218678,3.935453525978906,3.9509243965148926,9976130,0.0,0.0
2025-02-24 00:00:00+03:00,4.043750802110948,4.059221671878541,3.9451225088527364,3.964461326599121,5268790,0.0,0.0
2025-02-25 00:00:00+03:00,3.9644613814773737,3.9644613814773737,3.821353989851021,3.8232879638671875,7826570,0.0,0.0
2025-02-26 00:00:00+03:00,3.8194201744732164,3.8348912747006265,3.722725855686124,3.759469747543335,7519790,0.0,0.0
2025-02-27 00:00:00+03:00,3.7556020391965745,3.8755026628092004,3.740130938931776,3.846494436264038,6391320,0.0,0.0
2025-02-28 00:00:00+03:00,3.8252219103374916,3.912246590774191,3.8020151444581898,3.8348913192749023,5092180,0.0,0.0
2025-03-03 00:00:00+03:00,3.8368251462622576,3.931585494233815,3.829089711158697,3.8310234546661377,5833020,0.0,0.0
2025-03-04 00:00:00+03:00,3.8310234704356483,3.84069287962335,3.6279658774939136,3.6453707218170166,10089890,0.0,0.0
2025-03-05 00:00:00+03:00,3.6453706041049143,3.7265938230883613,3.6260317863539777,3.691783905029297,6299800,0.0,0.0
2025-03-06 00:00:00+03:00,3.7188582233569334,4.0592217445373535,3.7188582233569334,4.0592217445373535,40637770,0.0,0.0
2025-03-07 00:00:00+03:00,4.281618296348335,4.436328837952637,4.07082504509034,4.094031810760498,38729580,0.0,0.0
2025-03-10 00:00:00+03:00,4.1269078116762525,4.289353790387015,4.082428484244028,4.132709503173828,18073220,0.0,0.0
2025-03-11 00:00:00+03:00,4.285486564064366,4.302891178541785,4.119172627216059,4.15785026550293,18126930,0.0,0.0
2025-03-12 00:00:00+03:00,4.159783882669066,4.182990649365404,4.070825225098173,4.080494403839111,9170610,0.0,0.0
2025-03-13 00:00:00+03:00,4.090163835941058,4.1887916672442245,4.080494196617374,4.161717414855957,9308340,0.0,0.0
2025-03-14 00:00:00+03:00,4.167519372422427,4.2294037770400905,4.157850193554935,4.181056499481201,8771740,0.0,0.0
2025-03-17 00:00:00+03:00,4.181056402103924,4.26808131525358,4.171387223461628,4.221668243408203,13118730,0.0,0.0
2025-03-18 00:00:00+03:00,4.221668355933638,4.237139226603196,4.115304621590545,4.175254821777344,8221020,0.0,0.0
2025-03-19 00:00:00+03:00,3.8039490742458058,4.049552473367721,3.759469747543335,3.759469747543335,10559140,0.0,0.0
2025-03-20 00:00:00+03:00,3.7227259324227675,3.8619656068027215,3.668577195779107,3.761403799057007,9341830,0.0,0.0
2025-03-21 00:00:00+03:00,3.8348913891059055,4.036015006451635,3.6453706938373216,3.867767333984375,53767750,0.0,0.0
2025-03-24 00:00:00+03:00,3.9431888205744277,4.039882910659321,3.6840482902878797,3.8542301654815674,19716750,0.0,0.0
2025-03-25 00:00:00+03:00,3.9451225088527364,4.022477779838275,3.836825037258226,3.964461326599121,13890220,0.0,0.0
2025-03-26 00:00:00+03:00,3.947056238658042,4.157849950760721,3.8967756815503183,3.9702630043029785,20017310,0.0,0.0
2025-03-27 00:00:00+03:00,3.9644615322284533,4.320296166077446,3.9509244052112167,4.124973773956299,27294660,0.0,0.0
2025-03-28 00:00:00+03:00,4.1539819049628885,4.16558528751208,3.945122402298759,4.066956996917725,14420230,0.0,0.0
2025-04-02 00:00:00+03:00,4.066957388974735,4.175254868084173,4.036015186218636,4.101767539978027,13680520,0.0,0.0
2025-04-03 00:00:00+03:00,4.10176735728237,4.302890974628099,4.076626847479929,4.109502792358398,17053010,0.0,0.0
2025-04-04 00:00:00+03:00,4.167519306092137,4.167519306092137,3.9760648646101275,3.9992716312408447,10465990,0.0,0.0
2025-04-07 00:00:00+03:00,3.8619657526013853,3.948990667642708,3.7672054022633206,3.9141805171966553,11624000,0.0,0.0
2025-04-08 00:00:00+03:00,3.966395742215852,3.985734560991443,3.9083788248152698,3.945122718811035,8841890,0.0,0.0
2025-04-09 00:00:00+03:00,3.92578385337218,3.9644614904636257,3.8290897606435657,3.8445608615875244,9449870,0.0,0.0
2025-04-10 00:00:00+03:00,3.935453499092724,3.9605940093473033,3.8658334294718943,3.8697011470794678,7221560,0.0,0.0
2025-04-11 00:00:00+03:00,3.8929077460606796,3.929651638091656,3.8290896014063662,3.877436876296997,9448030,0.0,0.0
2025-04-14 00:00:00+03:00,3.9083786575180235,3.9876681338556454,3.860031843185425,3.860031843185425,9093930,0.0,0.0
2025-04-15 00:00:00+03:00,3.867767333984375,3.8987095353622863,3.848428515757405,3.867767333984375,7115460,0.0,0.0
2025-04-16 00:00:00+03:00,3.858097946411453,3.8948416090330844,3.7652715722963483,3.769139289855957,6094510,0.0,0.0
2025-04-17 00:00:00+03:00,3.8097509284388082,3.834891438565492,3.74206483323455,3.819420337677002,6735800,0.0,0.0
2025-04-18 00:00:00+03:00,3.8368250972320688,3.8387590712516944,3.74786644199342,3.761403799057007,5387960,0.0,0.0
2025-04-21 00:00:00+03:00,3.7614037985309325,3.786544077561173,3.718858214400288,3.730461597442627,6704330,0.0,0.0
2025-04-22 00:00:00+03:00,3.7788086706376567,3.7962137453305007,3.689850014750403,3.718858242034912,6560370,0.0,0.0
2025-04-24 00:00:00+03:00,3.7710731877380037,3.856163894478373,3.684048276451547,3.829089641571045,9891650,0.0,0.0
2025-04-25 00:00:00+03:00,3.829089595356144,4.211998462677002,3.8232879039354843,4.211998462677002,45650780,0.0,0.0
2025-04-28 00:00:00+03:00,4.422791583674601,4.544626177769489,4.010874271392822,4.010874271392822,87594770,0.0,0.0
2025-04-29 00:00:00+03:00,3.999271603344865,4.010874525505487,3.85616397857666,3.85616397857666,19579470,0.0,0.0
2025-04-30 00:00:00+03:00,3.8813044678260415,3.906444977675055,3.7401310484002552,3.7439987659454346,14716260,0.0,0.0
2025-05-02 00:00:00+03:00,3.753668195142311,4.008940782005306,3.749800477576456,3.88710618019104,21874270,0.0,0.0
2025-05-05 00:00:00+03:00,3.958659726529154,3.958659726529154,3.7691392621332915,3.780742645263672,10947000,0.0,0.0
2025-05-06 00:00:00+03:00,3.780742581514928,3.8252219087155375,3.759469789646886,3.7730069160461426,8494120,0.0,0.0
2025-05-07 00:00:00+03:00,3.790412061076495,4.076626847479929,3.765271551274054,3.867767333984375,37875390,0.0,0.0
2025-05-08 00:00:00+03:00,3.832957345272663,3.9064448993043657,3.8174862448654263,3.8348913192749023,5839240,0.0,0.0
2025-05-09 00:00:00+03:00,3.8194203980312693,3.923850157776097,3.8136187062892946,3.8832383155822754,16263090,0.0,0.0
2025-05-12 00:00:00+03:00,3.834891376380086,4.01861037946354,3.834891376380086,3.966395616531372,23987210,0.0,0.0
2025-05-13 00:00:00+03:00,3.96639572759535,4.016676287367501,3.863899711818242,3.9818665981292725,10896820,0.0,0.0
2025-05-14 00:00:00+03:00,3.987668276683373,4.001205403624316,3.9122467456634267,3.92578387260437,8406800,0.0,0.0
2025-05-15 00:00:00+03:00,3.8890398125521015,4.0572879424954875,3.8890398125521015,3.9586596488952637,13241020,0.0,0.0
2025-05-16 00:00:00+03:00,3.9605937459569738,4.0998329537912355,3.898709346203675,4.061155319213867,12869690,0.0,0.0
2025-05-20 00:00:00+03:00,4.059221830478396,4.467271223621859,3.8600319538006103,3.968329429626465,67377770,0.0,0.0
2025-05-21 00:00:00+03:00,3.966395727074177,4.155915965921954,3.9644615224523356,4.012808799743652,21274800,0.0,0.0
2025-05-22 00:00:00+03:00,4.016676103239805,4.078560504686277,3.979932672137637,3.9896018505096436,11514170,0.0,0.0
2025-05-23 00:00:00+03:00,3.9915357213629887,4.037949254466068,3.906445012463678,3.9122467041015625,9175330,0.0,0.0
2025-05-26 00:00:00+03:00,3.958659620362657,3.9992714602298283,3.927717419869407,3.9393208026885986,6842550,0.0,0.0
2025-05-27 00:00:00+03:00,3.962527724055115,4.055353868109169,3.9161146520280883,3.9741311073303223,10230220,0.0,0.0
2025-05-28 00:00:00+03:00,3.996000051498413,4.019999980926514,3.8580000400543213,3.8580000400543213,9245500,0.135869,0.0
2025-05-29 00:00:00+03:00,3.9040000438690186,4.0279998779296875,3.9040000438690186,3.9040000438690186,8638080,0.0,0.0
2025-05-30 00:00:00+03:00,3.9779999256134033,3.9800000190734863,3.822000026702881,3.8359999656677246,7107300,0.0,0.0
2025-06-02 00:00:00+03:00,3.8440001010894775,3.888000011444092,3.747999906539917,3.7660000324249268,7105950,0.0,0.0
2025-06-03 00:00:00+03:00,3.7760000228881836,3.868000030517578,3.7760000228881836,3.809999942779541,7083290,0.0,0.0
2025-06-04 00:00:00+03:00,3.828000068664551,3.9059998989105225,3.7860000133514404,3.859999895095825,11590820,0.0,0.0
2025-06-05 00:00:00+03:00,3.859999895095825,3.9200000762939453,3.8320000171661377,3.8919999599456787,4504690,0.0,0.0
2025-06-10 00:00:00+03:00,3.9140000343322754,3.9600000381469727,3.9000000953674316,3.921999931335449,9532430,0.0,0.0
2025-06-11 00:00:00+03:00,3.9260001182556152,4.01200008392334,3.9200000762939453,3.930000066757202,11134140,0.0,0.0
2025-06-12 00:00:00+03:00,3.9119999408721924,3.9119999408721924,3.828000068664551,3.8380000591278076,6476860,0.0,0.0
2025-06-13 00:00:00+03:00,3.509999990463257,3.686000108718872,3.509999990463257,3.638000011444092,11697600,0.0,0.0
2025-06-16 00:00:00+03:00,3.5759999752044678,3.7160000801086426,3.5759999752044678,3.6700000762939453,6980810,0.0,0.0
2025-06-17 00:00:00+03:00,3.6740000247955322,3.7079999446868896,3.555999994277954,3.6500000953674316,7454960,0.0,0.0
2025-06-18 00:00:00+03:00,3.6419999599456787,3.6419999599456787,3.549999952316284,3.5799999237060547,6215900,0.0,0.0
2025-06-19 00:00:00+03:00,3.5799999237060547,3.6700000762939453,3.568000078201294,3.5840001106262207,7797490,0.0,0.0
2025-06-20 00:00:00+03:00,3.619999885559082,3.7119998931884766,3.6059999465942383,3.6500000953674316,9771340,0.0,0.0
2025-06-23 00:00:00+03:00,3.5999999046325684,3.7019999027252197,3.5179998874664307,3.6679999828338623,7448730,0.0,0.0
2025-06-24 00:00:00+03:00,3.684000015258789,4.033999919891357,3.684000015258789,4.033999919891357,38514050,0.0,0.0
2025-06-25 00:00:00+03:00,4.131999969482422,4.177999973297119,3.7660000324249268,3.7660000324249268,58453320,0.0,0.0
2025-06-26 00:00:00+03:00,3.7799999713897705,3.7960000038146973,3.6740000247955322,3.6740000247955322,9136800,0.0,0.0
2025-06-27 00:00:00+03:00,3.7019999027252197,3.7200000286102295,3.6459999084472656,3.6700000762939453,5596000,0.0,0.0
2025-06-30 00:00:00+03:00,3.690000057220459,3.8540000915527344,3.681999921798706,3.8399999141693115,15352710,0.0,0.0
2025-07-01 00:00:00+03:00,3.888000011444092,4.119999885559082,3.8399999141693115,4.046000003814697,27113840,0.0,0.0
2025-07-02 00:00:00+03:00,4.046000003814697,4.085999965667725,3.859999895095825,3.880000114440918,21530530,0.0,0.0
2025-07-03 00:00:00+03:00,3.9059998989105225,4.046000003814697,3.885999917984009,3.930000066757202,15188660,0.0,0.0
2025-07-04 00:00:00+03:00,3.944000005722046,3.9560000896453857,3.880000114440918,3.9240000247955322,7882620,0.0,0.0
2025-07-07 00:00:00+03:00,3.869999885559082,3.9800000190734863,3.8559999465942383,3.859999895095825,6227940,0.0,0.0
2025-07-08 00:00:00+03:00,3.864000082015991,3.9539999961853027,3.802000045776367,3.8399999141693115,9236230,0.0,0.0
2025-07-09 00:00:00+03:00,3.8519999980926514,3.921999931335449,3.8399999141693115,3.885999917984009,6035000,0.0,0.0
2025-07-10 00:00:00+03:00,3.8959999084472656,3.98799991607666,3.8959999084472656,3.930000066757202,7467920,0.0,0.0
2025-07-11 00:00:00+03:00,3.937999963760376,3.9619998931884766,3.8359999656677246,3.885999917984009,10557490,0.0,0.0
2025-07-14 00:00:00+03:00,3.9000000953674316,3.947999954223633,3.865999937057495,3.878000020980835,7609040,0.0,0.0
2025-07-16 00:00:00+03:00,3.881999969482422,3.9539999961853027,3.7880001068115234,3.8399999141693115,10778810,0.0,0.0
2025-07-17 00:00:00+03:00,3.874000072479248,3.9200000762939453,3.859999895095825,3.9040000438690186,7137140,0.0,0.0
2025-07-18 00:00:00+03:00,3.9100000858306885,3.927999973297119,3.865999937057495,3.8959999084472656,7603180,0.0,0.0
2025-07-21 00:00:00+03:00,3.9179999828338623,4.047999858856201,3.9000000953674316,4.00600004196167,15052790,0.0,0.0
2025-07-22 00:00:00+03:00,4.007999897003174,4.0960001945495605,3.9839999675750732,4.067999839782715,12229570,0.0,0.0
2025-07-23 00:00:00+03:00,4.070000171661377,4.085999965667725,3.996000051498413,4.01800012588501,9327130,0.0,0.0
2025-07-24 00:00:00+03:00,4.035999774932861,4.119999885559082,3.9820001125335693,4.079999923706055,13119780,0.0,0.0
2025-07-25 00:00:00+03:00,4.159999847412109,4.306000232696533,4.090000152587891,4.118000030517578,24298050,0.0,0.0
2025-07-28 00:00:00+03:00,4.168000221252441,4.381999969482422,4.105999946594238,4.25600004196167,26325670,0.0,0.0
2025-07-29 00:00:00+03:00,4.25600004196167,4.288000106811523,4.199999809265137,4.21999979019165,10196220,0.0,0.0
2025-07-30 00:00:00+03:00,4.230000019073486,4.260000228881836,4.184000015258789,4.193999767303467,9833300,0.0,0.0
2025-07-31 00:00:00+03:00,4.193999767303467,4.389999866485596,4.193999767303467,4.2820000648498535,17281560,0.0,0.0
2025-08-01 00:00:00+03:00,4.2820000648498535,4.449999809265137,4.26800012588501,4.389999866485596,22234950,0.0,0.0
2025-08-04 00:00:00+03:00,4.5,4.828000068664551,4.489999771118164,4.828000068664551,22120660,0.0,0.0
2025-08-05 00:00:00+03:00,4.978000164031982,5.010000228881836,4.638000011444092,4.638000011444092,89660700,0.0,0.0
2025-08-06 00:00:00+03:00,4.645999908447266,4.75600004196167,4.515999794006348,4.656000137329102,28606670,0.0,0.0
2025-08-07 00:00:00+03:00,4.6579999923706055,4.736000061035156,4.590000152587891,4.5920000076293945,16155310,0.0,0.0
2025-08-08 00:00:00+03:00,4.6020002365112305,4.691999912261963,4.547999858856201,4.570000171661377,12646410,0.0,0.0
2025-08-11 00:00:00+03:00,4.559999942779541,4.627999782562256,4.539999961853027,4.572000026702881,12225830,0.0,0.0
2025-08-12 00:00:00+03:00,4.570000171661377,4.5980000495910645,4.449999809265137,4.510000228881836,10532860,0.0,0.0
2025-08-13 00:00:00+03:00,4.513999938964844,4.544000148773193,4.446000099182129,4.449999809265137,9140300,0.0,0.0
2025-08-14 00:00:00+03:00,4.4019999504089355,4.495999813079834,4.360000133514404,4.388000011444092,11303020,0.0,0.0
2025-08-15 00:00:00+03:00,4.306000232696533,4.386000156402588,4.254000186920166,4.329999923706055,11216650,0.0,0.0
2025-08-18 00:00:00+03:00,4.443999767303467,4.599999904632568,4.414000034332275,4.550000190734863,21530120,0.0,0.0
2025-08-19 00:00:00+03:00,4.550000190734863,4.664000034332275,4.519999980926514,4.573999881744385,13080510,0.0,0.0
2025-08-20 00:00:00+03:00,4.573999881744385,4.691999912261963,4.526000022888184,4.604000091552734,10138820,0.0,0.0
2025-08-21 00:00:00+03:00,4.638000011444092,4.688000202178955,4.570000171661377,4.630000114440918,13381510,0.0,0.0
2025-08-22 00:00:00+03:00,4.613999843597412,4.665999889373779,4.550000190734863,4.579999923706055,11287640,0.0,0.0
2025-08-25 00:00:00+03:00,4.599999904632568,4.748000144958496,4.5960001945495605,4.705999851226807,15772150,0.0,0.0
2025-08-26 00:00:00+03:00,4.796000003814697,4.803999900817871,4.619999885559082,4.650000095367432,11802540,0.0,0.0
2025-08-27 00:00:00+03:00,4.650000095367432,4.677999973297119,4.453999996185303,4.460000038146973,11410630,0.0,0.0
2025-08-28 00:00:00+03:00,4.464000225067139,4.5279998779296875,4.447999954223633,4.464000225067139,5944080,0.0,0.0
2025-08-29 00:00:00+03:00,4.4720001220703125,4.501999855041504,4.4019999504089355,4.414000034332275,5678630,0.0,0.0
2025-09-01 00:00:00+03:00,4.434000015258789,4.5,4.3979997634887695,4.453999996185303,8016670,0.0,0.0
2025-09-02 00:00:00+03:00,4.539999961853027,4.539999961853027,4.150000095367432,4.254000186920166,14160750,0.0,0.0
2025-09-03 00:00:00+03:00,4.254000186920166,4.320000171661377,4.184000015258789,4.27400016784668,8492510,0.0,0.0
2025-09-04 00:00:00+03:00,4.263999938964844,4.489999771118164,4.263999938964844,4.395999908447266,7408600,0.0,0.0
2025-09-05 00:00:00+03:00,4.406000137329102,4.441999912261963,4.289999961853027,4.289999961853027,6289810,0.0,0.0
2025-09-08 00:00:00+03:00,4.150000095367432,4.329999923706055,4.133999824523926,4.203999996185303,6374420,0.0,0.0
2025-09-09 00:00:00+03:00,4.208000183105469,4.329999923706055,4.171999931335449,4.171999931335449,7015840,0.0,0.0
2025-09-10 00:00:00+03:00,4.171999931335449,4.21999979019165,4.139999866485596,4.1579999923706055,5015780,0.0,0.0
2025-09-11 00:00:00+03:00,4.5,4.572000026702881,4.421999931335449,4.572000026702881,9599910,0.0,0.0
2025-09-12 00:00:00+03:00,4.763999938964844,4.998000144958496,4.5,4.5,118123560,0.0,0.0
2025-09-15 00:00:00+03:00,4.498000144958496,4.699999809265137,4.276000022888184,4.599999904632568,42719280,0.0,0.0
2025-09-16 00:00:00+03:00,4.618000030517578,4.949999809265137,4.604000091552734,4.822000026702881,42034810,0.0,0.0
2025-09-17 00:00:00+03:00,4.817999839782715,4.877999782562256,4.702000141143799,4.803999900817871,23402760,0.0,0.0
2025-09-18 00:00:00+03:00,4.803999900817871,5.28000020980835,4.803999900817871,5.28000020980835,21032200,0.0,0.0
2025-09-19 00:00:00+03:00,5.574999809265137,5.699999809265137,5.139999866485596,5.485000133514404,79342060,0.0,0.0
2025-09-22 00:00:00+03:00,5.525000095367432,6.03000020980835,5.525000095367432,6.03000020980835,22106540,0.0,0.0
2025-09-23 00:00:00+03:00,6.269999980926514,6.545000076293945,6.025000095367432,6.179999828338623,111084690,0.0,0.0
2025-09-24 00:00:00+03:00,6.179999828338623,6.389999866485596,5.610000133514404,5.744999885559082,63710700,0.0,0.0
2025-09-25 00:00:00+03:00,5.744999885559082,5.974999904632568,5.519999980926514,5.570000171661377,46082840,0.0,0.0
2025-09-26 00:00:00+03:00,5.670000076293945,5.804999828338623,5.440000057220459,5.574999809265137,35789220,0.0,0.0
2025-09-29 00:00:00+03:00,5.574999809265137,5.619999885559082,5.244999885559082,5.260000228881836,30614280,0.0,0.0
2025-09-30 00:00:00+03:00,5.349999904632568,5.630000114440918,5.190000057220459,5.255000114440918,33640370,0.0,0.0
2025-10-01 00:00:00+03:00,5.255000114440918,5.545000076293945,5.175000190734863,5.394999980926514,29168630,0.0,0.0
2025-10-02 00:00:00+03:00,5.400000095367432,5.429999828338623,5.239999771118164,5.25,13601670,0.0,0.0
2025-10-03 00:00:00+03:00,5.25,5.289999961853027,5.105000019073486,5.110000133514404,12039730,0.0,0.0
2025-10-06 00:00:00+03:00,5.135000228881836,5.260000228881836,4.998000144958496,4.998000144958496,12366800,0.0,0.0
2025-10-07 00:00:00+03:00,5.090000152587891,5.15500020980835,4.961999893188477,5.050000190734863,14599750,0.0,0.0
2025-10-08 00:00:00+03:00,5.074999809265137,5.195000171661377,4.927999973297119,4.927999973297119,15380030,0.0,0.0
2025-10-09 00:00:00+03:00,4.953999996185303,5.065000057220459,4.8480000495910645,4.940000057220459,16137970,0.0,0.0
2025-10-10 00:00:00+03:00,4.96999979019165,5.03000020980835,4.814000129699707,4.831999778747559,10758660,0.0,0.0
2025-10-13 00:00:00+03:00,4.771999835968018,5.105000019073486,4.75,4.953999996185303,30955590,0.0,0.0
2025-10-14 00:00:00+03:00,4.9679999351501465,5.159999847412109,4.938000202178955,5.045000076293945,26833050,0.0,0.0
2025-10-15 00:00:00+03:00,5.059999942779541,5.545000076293945,4.980000019073486,5.545000076293945,42681190,0.0,0.0
2025-10-16 00:00:00+03:00,5.635000228881836,5.769999980926514,5.335000038146973,5.360000133514404,40947990,0.0,0.0
2025-10-17 00:00:00+03:00,5.360000133514404,5.480000019073486,5.139999866485596,5.289999961853027,18571730,0.0,0.0
2025-10-20 00:00:00+03:00,5.364999771118164,5.760000228881836,5.210000038146973,5.550000190734863,38011520,0.0,0.0
2025-10-21 00:00:00+03:00,5.550000190734863,5.684999942779541,5.360000133514404,5.610000133514404,18381210,0.0,0.0
2025-10-22 00:00:00+03:00,5.610000133514404,5.800000190734863,5.315000057220459,5.315000057220459,33620200,0.0,0.0
2025-10-23 00:00:00+03:00,5.349999904632568,5.380000114440918,5.139999866485596,5.144999980926514,12386580,0.0,0.0
2025-10-24 00:00:00+03:00,5.199999809265137,5.380000114440918,5.110000133514404,5.255000114440918,13236590,0.0,0.0
2025-10-27 00:00:00+03:00,5.204999923706055,5.255000114440918,5.130000114440918,5.130000114440918,7594970,0.0,0.0
2025-10-28 00:00:00+03:00,5.125,5.239999771118164,5.114999771118164,5.125,5283900,0.0,0.0
2025-10-30 00:00:00+03:00,5.135000228881836,5.335000038146973,5.135000228881836,5.199999809265137,10033430,0.0,0.0
2025-10-31 00:00:00+03:00,5.204999923706055,5.269999980926514,5.110000133514404,5.230000019073486,9399690,0.0,0.0
2025-11-03 00:00:00+03:00,5.300000190734863,5.480000019073486,5.25,5.429999828338623,13198990,0.0,0.0
2025-11-04 00:00:00+03:00,5.434999942779541,5.539999961853027,5.224999904632568,5.239999771118164,9208680,0.0,0.0
2025-11-05 00:00:00+03:00,5.25,5.289999961853027,5.164999961853027,5.25,9281840,0.0,0.0
2025-11-06 00:00:00+03:00,5.275000095367432,5.394999980926514,5.230000019073486,5.284999847412109,12606770,0.0,0.0
2025-11-07 00:00:00+03:00,5.295000076293945,5.295000076293945,5.079999923706055,5.110000133514404,9370700,0.0,0.0
2025-11-10 00:00:00+03:00,5.0,5.03000020980835,4.835999965667725,4.894000053405762,16162390,0.0,0.0
2025-11-11 00:00:00+03:00,4.9019999504089355,4.906000137329102,4.599999904632568,4.639999866485596,16101050,0.0,0.0
2025-11-12 00:00:00+03:00,4.708000183105469,4.757999897003174,4.460000038146973,4.460000038146973,10158210,0.0,0.0
2025-11-13 00:00:00+03:00,4.501999855041504,4.544000148773193,4.423999786376953,4.446000099182129,6038890,0.0,0.0
2025-11-14 00:00:00+03:00,4.434000015258789,4.478000164031982,4.343999862670898,4.392000198364258,5308210,0.0,0.0
2025-11-17 00:00:00+03:00,4.409999847412109,4.572000026702881,4.409999847412109,4.550000190734863,5712920,0.0,0.0
2025-11-18 00:00:00+03:00,4.550000190734863,4.550000190734863,4.449999809265137,4.449999809265137,4220860,0.0,0.0
2025-11-19 00:00:00+03:00,4.480000019073486,4.501999855041504,4.374000072479248,4.388000011444092,4757210,0.0,0.0
2025-11-20 00:00:00+03:00,4.427999973297119,4.440000057220459,4.302000045776367,4.309999942779541,7174910,0.0,0.0
2025-11-21 00:00:00+03:00,4.308000087738037,4.3420000076293945,4.269999980926514,4.289999961853027,5471990,0.0,0.0
2025-11-24 00:00:00+03:00,4.289999961853027,4.611999988555908,4.271999835968018,4.539999961853027,23510540,0.0,0.0
2025-11-25 00:00:00+03:00,4.544000148773193,4.71999979019165,4.446000099182129,4.599999904632568,23144260,0.0,0.0
2025-11-26 00:00:00+03:00,4.949999809265137,5.059999942779541,4.705999851226807,5.059999942779541,89300690,0.0,0.0
2025-11-27 00:00:00+03:00,4.998000144958496,5.034999847412109,4.71999979019165,4.71999979019165,29442820,0.0,0.0
2025-11-28 00:00:00+03:00,4.7179999351501465,5.190000057220459,4.685999870300293,5.050000190734863,77596170,0.0,0.0
2025-12-01 00:00:00+03:00,5.110000133514404,5.260000228881836,4.800000190734863,4.820000171661377,26220509,0.0,10.0
2025-12-02 00:00:00+03:00,4.820000171661377,4.909999847412109,4.559999942779541,4.559999942779541,13006508,0.0,0.0
2025-12-03 00:00:00+03:00,4.480000019073486,4.559999942779541,4.400000095367432,4.400000095367432,15551379,0.0,0.0
2025-12-04 00:00:00+03:00,4.429999828338623,4.659999847412109,4.400000095367432,4.539999961853027,23130745,0.0,0.0
2025-12-05 00:00:00+03:00,4.579999923706055,4.690000057220459,4.440000057220459,4.46999979019165,10650328,0.0,0.0
2025-12-08 00:00:00+03:00,4.489999771118164,4.510000228881836,4.369999885559082,4.380000114440918,9309978,0.0,0.0
2025-12-09 00:00:00+03:00,4.380000114440918,4.519999980926514,4.340000152587891,4.480000019073486,9037975,0.0,0.0
2025-12-10 00:00:00+03:00,4.46999979019165,4.480000019073486,4.389999866485596,4.389999866485596,7475709,0.0,0.0
2025-12-11 00:00:00+03:00,4.400000095367432,4.46999979019165,4.349999904632568,4.369999885559082,6393217,0.0,0.0
2025-12-12 00:00:00+03:00,4.429999828338623,4.429999828338623,4.329999923706055,4.349999904632568,3910761,0.0,0.0
2025-12-15 00:00:00+03:00,4.360000133514404,4.440000057220459,4.360000133514404,4.400000095367432,4600852,0.0,0.0
2025-12-16 00:00:00+03:00,4.400000095367432,4.480000019073486,4.349999904632568,4.389999866485596,5082561,0.0,0.0
2025-12-17 00:00:00+03:00,4.409999847412109,4.730000019073486,4.369999885559082,4.5,24399542,0.0,0.0
2025-12-18 00:00:00+03:00,4.5,4.510000228881836,4.400000095367432,4.409999847412109,6493409,0.0,0.0
2025-12-19 00:00:00+03:00,4.409999847412109,4.480000019073486,4.369999885559082,4.400000095367432,5209459,0.0,0.0
2025-12-22 00:00:00+03:00,4.400000095367432,4.449999809265137,4.320000171661377,4.320000171661377,5930817,0.0,0.0
2025-12-23 00:00:00+03:00,4.320000171661377,4.340000152587891,4.230000019073486,4.25,4484695,0.0,0.0
2025-12-24 00:00:00+03:00,4.25,4.309999942779541,4.199999809265137,4.210000038146973,3938355,0.0,0.0
2025-12-25 00:00:00+03:00,4.230000019073486,4.28000020980835,4.170000076293945,4.170000076293945,4248118,0.0,0.0
2025-12-26 00:00:00+03:00,4.210000038146973,4.260000228881836,4.170000076293945,4.199999809265137,4978005,0.0,0.0
2025-12-29 00:00:00+03:00,4.139999866485596,4.230000019073486,4.090000152587891,4.099999904632568,3312999,0.0,0.0
2025-12-30 00:00:00+03:00,4.070000171661377,4.130000114440918,4.039999961853027,4.059999942779541,2885097,0.0,0.0
2025-12-31 00:00:00+03:00,4.059999942779541,4.179999828338623,4.059999942779541,4.119999885559082,3316800,0.0,0.0
2026-01-02 00:00:00+03:00,4.159999847412109,4.230000019073486,4.150000095367432,4.199999809265137,4212900,0.0,0.0
2026-01-05 00:00:00+03:00,4.199999809265137,4.25,4.150000095367432,4.179999828338623,4706967,0.0,0.0
2026-01-06 00:00:00+03:00,4.159999847412109,4.269999980926514,4.0,4.190000057220459,6744635,0.0,0.0
2026-01-07 00:00:00+03:00,4.199999809265137,4.300000190734863,4.139999866485596,4.139999866485596,6277633,0.0,0.0
2026-01-08 00:00:00+03:00,4.150000095367432,4.179999828338623,4.079999923706055,4.150000095367432,3761082,0.0,0.0
2026-01-09 00:00:00+03:00,4.159999847412109,4.190000057220459,4.119999885559082,4.150000095367432,3394045,0.0,0.0
2026-01-12 00:00:00+03:00,4.150000095367432,4.269999980926514,4.139999866485596,4.199999809265137,7379450,0.0,0.0
2026-01-13 00:00:00+03:00,4.199999809265137,4.380000114440918,4.190000057220459,4.28000020980835,8536955,0.0,0.0
2026-01-14 00:00:00+03:00,4.28000020980835,4.340000152587891,4.139999866485596,4.159999847412109,6534964,0.0,0.0
2026-01-15 00:00:00+03:00,4.119999885559082,4.239999771118164,4.119999885559082,4.239999771118164,4233262,0.0,0.0
2026-01-16 00:00:00+03:00,4.239999771118164,4.25,4.139999866485596,4.210000038146973,4350831,0.0,0.0
2026-01-19 00:00:00+03:00,4.239999771118164,4.340000152587891,4.230000019073486,4.300000190734863,6389362,0.0,0.0
2026-01-20 00:00:00+03:00,4.320000171661377,4.369999885559082,4.25,4.309999942779541,6962086,0.0,0.0
2026-01-21 00:00:00+03:00,4.349999904632568,4.360000133514404,4.239999771118164,4.260000228881836,6498762,0.0,0.0
2026-01-22 00:00:00+03:00,4.269999980926514,4.400000095367432,4.269999980926514,4.400000095367432,6010632,0.0,0.0
2026-01-23 00:00:00+03:00,4.460000038146973,4.460000038146973,4.300000190734863,4.380000114440918,6751024,0.0,0.0
2026-01-26 00:00:00+03:00,4.380000114440918,4.460000038146973,4.340000152587891,4.429999828338623,5134126,0.0,0.0
2026-01-27 00:00:00+03:00,4.429999828338623,4.610000133514404,4.400000095367432,4.539999961853027,10372456,0.0,0.0
2026-01-28 00:00:00+03:00,4.590000152587891,4.739999771118164,4.5,4.599999904632568,16743113,0.0,0.0
2026-01-29 00:00:00+03:00,4.599999904632568,4.630000114440918,4.5,4.510000228881836,7530318,0.0,0.0
2026-01-30 00:00:00+03:00,4.510000228881836,4.679999828338623,4.460000038146973,4.539999961853027,9427111,0.0,0.0
2026-02-02 00:00:00+03:00,4.519999980926514,4.989999771118164,4.429999828338623,4.989999771118164,25361618,0.0,0.0
2026-02-03 00:00:00+03:00,5.110000133514404,5.349999904632568,4.679999828338623,4.690000057220459,65346202,0.0,0.0
2026-02-04 00:00:00+03:00,4.710000038146973,4.840000152587891,4.670000076293945,4.769999980926514,24780286,0.0,0.0
2026-02-05 00:00:00+03:00,4.78000020980835,4.880000114440918,4.679999828338623,4.699999809265137,9764680,0.0,0.0
2026-02-06 00:00:00+03:00,4.679999828338623,4.769999980926514,4.579999923706055,4.639999866485596,6256761,0.0,0.0
2026-02-09 00:00:00+03:00,4.690000057220459,4.809999942779541,4.650000095367432,4.78000020980835,7255535,0.0,0.0
2026-02-10 00:00:00+03:00,4.789999961853027,4.809999942779541,4.710000038146973,4.800000190734863,5573250,0.0,0.0
2026-02-11 00:00:00+03:00,4.789999961853027,4.860000133514404,4.739999771118164,4.760000228881836,5911945,0.0,0.0
2026-02-12 00:00:00+03:00,4.800000190734863,4.820000171661377,4.71999979019165,4.800000190734863,5430088,0.0,0.0
2026-02-13 00:00:00+03:00,4.78000020980835,4.869999885559082,4.769999980926514,4.800000190734863,5867731,0.0,0.0
2026-02-16 00:00:00+03:00,4.820000171661377,4.940000057220459,4.809999942779541,4.900000095367432,13221464,0.0,0.0
2026-02-17 00:00:00+03:00,4.900000095367432,4.940000057220459,4.849999904632568,4.920000076293945,7888512,0.0,0.0
2026-02-18 00:00:00+03:00,4.980000019073486,5.03000020980835,4.659999847412109,4.659999847412109,24098579,0.0,0.0
2026-02-19 00:00:00+03:00,4.659999847412109,4.730000019073486,4.420000076293945,4.420000076293945,7173185,0.0,0.0
2026-02-20 00:00:00+03:00,4.420000076293945,4.570000171661377,4.420000076293945,4.519999980926514,5442912,0.0,0.0
2026-02-23 00:00:00+03:00,4.590000152587891,4.650000095367432,4.460000038146973,4.460000038146973,4435474,0.0,0.0
2026-02-24 00:00:00+03:00,4.460000038146973,4.650000095367432,4.409999847412109,4.489999771118164,18528818,0.0,0.0
2026-02-25 00:00:00+03:00,4.510000228881836,4.519999980926514,4.260000228881836,4.300000190734863,8216407,0.0,0.0
2026-02-26 00:00:00+03:00,4.300000190734863,4.550000190734863,4.260000228881836,4.329999923706055,9357291,0.0,0.0
2026-02-27 00:00:00+03:00,4.349999904632568,4.539999961853027,4.28000020980835,4.349999904632568,11362697,0.0,0.0
2026-03-02 00:00:00+03:00,3.9200000762939453,4.170000076293945,3.9200000762939453,4.079999923706055,9246104,0.0,0.0
2026-03-03 00:00:00+03:00,4.079999923706055,4.179999828338623,4.059999942779541,4.070000171661377,5639768,0.0,0.0
2026-03-04 00:00:00+03:00,4.050000190734863,4.230000019073486,4.050000190734863,4.150000095367432,4805075,0.0,0.0
2026-03-05 00:00:00+03:00,4.150000095367432,4.510000228881836,4.150000095367432,4.440000057220459,13913330,0.0,0.0
2026-03-06 00:00:00+03:00,4.440000057220459,4.489999771118164,4.269999980926514,4.320000171661377,7273246,0.0,0.0
2026-03-09 00:00:00+03:00,4.059999942779541,4.289999961853027,4.059999942779541,4.230000019073486,5606483,0.0,0.0
2026-03-10 00:00:00+03:00,4.28000020980835,4.53000020980835,4.28000020980835,4.510000228881836,6235366,0.0,0.0
2026-03-11 00:00:00+03:00,4.550000190734863,4.550000190734863,4.429999828338623,4.519999980926514,4818234,0.0,0.0
2026-03-12 00:00:00+03:00,4.320000171661377,4.420000076293945,4.260000228881836,4.289999961853027,8057748,0.0,0.0
2026-03-13 00:00:00+03:00,4.289999961853027,4.300000190734863,4.099999904632568,4.150000095367432,6760485,0.0,0.0
2026-03-16 00:00:00+03:00,4.150000095367432,4.269999980926514,4.059999942779541,4.159999847412109,8322802,0.0,0.0
2026-03-17 00:00:00+03:00,4.179999828338623,4.230000019073486,4.139999866485596,4.159999847412109,4520025,0.0,0.0
2026-03-18 00:00:00+03:00,4.159999847412109,4.179999828338623,4.070000171661377,4.070000171661377,4851882,0.0,0.0
2026-03-19 00:00:00+03:00,4.070000171661377,4.090000152587891,4.039999961853027,4.079999923706055,1428048,0.0,0.0
2026-03-23 00:00:00+03:00,4.010000228881836,4.070000171661377,3.9000000953674316,4.059999942779541,6635588,0.0,0.0
2026-03-24 00:00:00+03:00,4.010000228881836,4.090000152587891,4.0,4.010000228881836,2888983,0.0,0.0
2026-03-25 00:00:00+03:00,4.03000020980835,4.079999923706055,3.930000066757202,3.9700000286102295,3605126,0.0,0.0
2026-03-26 00:00:00+03:00,3.9700000286102295,4.0,3.7799999713897705,3.9100000858306885,3096570,0.0,0.0
2026-03-27 00:00:00+03:00,3.9200000762939453,3.940000057220459,3.819999933242798,3.8299999237060547,2456911,0.0,0.0
2026-03-30 00:00:00+03:00,3.8299999237060547,3.890000104904175,3.759999990463257,3.859999895095825,3630957,0.0,0.0
2026-03-31 00:00:00+03:00,3.869999885559082,3.9200000762939453,3.8299999237060547,3.9000000953674316,3088917,0.0,0.0
2026-04-01 00:00:00+03:00,3.9200000762939453,4.03000020980835,3.9200000762939453,3.9700000286102295,6829107,0.0,0.0
2026-04-02 00:00:00+03:00,3.9800000190734863,3.9800000190734863,3.880000114440918,3.9600000381469727,5211928,0.0,0.0
2026-04-03 00:00:00+03:00,3.9600000381469727,3.9600000381469727,3.869999885559082,3.890000104904175,3998465,0.0,0.0
2026-04-06 00:00:00+03:00,3.9000000953674316,3.9700000286102295,3.880000114440918,3.9700000286102295,6053985,0.0,0.0
2026-04-07 00:00:00+03:00,3.9600000381469727,4.010000228881836,3.809999942779541,3.809999942779541,6737272,0.0,0.0
2026-04-08 00:00:00+03:00,3.940000057220459,4.010000228881836,3.9000000953674316,3.9100000858306885,6680847,0.0,0.0
2026-04-09 00:00:00+03:00,3.940000057220459,3.9700000286102295,3.9200000762939453,3.9200000762939453,4857362,0.0,0.0
2026-04-10 00:00:00+03:00,3.940000057220459,4.079999923706055,3.940000057220459,4.079999923706055,10032857,0.0,0.0
2026-04-13 00:00:00+03:00,4.039999961853027,4.119999885559082,3.930000066757202,4.119999885559082,8540773,0.0,0.0
2026-04-14 00:00:00+03:00,4.139999866485596,4.239999771118164,4.0,4.179999828338623,30974892,0.0,0.0
2026-04-15 00:00:00+03:00,4.150000095367432,4.590000152587891,4.099999904632568,4.590000152587891,75022204,0.0,0.0
2026-04-16 00:00:00+03:00,4.75,5.03000020980835,4.389999866485596,4.409999847412109,97348809,0.0,0.0
2026-04-17 00:00:00+03:00,4.46999979019165,4.75,4.409999847412109,4.610000133514404,49268403,0.0,0.0
2026-04-20 00:00:00+03:00,4.5,4.739999771118164,4.5,4.610000133514404,27237199,0.0,0.0
2026-04-21 00:00:00+03:00,4.630000114440918,4.880000114440918,4.519999980926514,4.75,35431661,0.0,0.0
2026-04-22 00:00:00+03:00,4.840000152587891,4.929999828338623,4.699999809265137,4.789999961853027,34292605,0.0,0.0
2026-04-24 00:00:00+03:00,4.869999885559082,4.869999885559082,4.570000171661377,4.570000171661377,17208394,0.0,0.0
2026-04-27 00:00:00+03:00,4.53000020980835,4.880000114440918,4.53000020980835,4.789999961853027,22310742,0.0,0.0
2026-04-28 00:00:00+03:00,4.800000190734863,4.800000190734863,4.429999828338623,4.460000038146973,21441167,0.0,0.0
2026-04-29 00:00:00+03:00,4.489999771118164,4.550000190734863,4.369999885559082,4.429999828338623,10661348,0.0,0.0
2026-04-30 00:00:00+03:00,4.429999828338623,4.639999866485596,4.400000095367432,4.46999979019165,20882824,0.0,0.0
2026-05-04 00:00:00+03:00,4.480000019073486,4.619999885559082,4.429999828338623,4.550000190734863,17657312,0.0,0.0
2026-05-05 00:00:00+03:00,4.559999942779541,4.809999942779541,4.53000020980835,4.630000114440918,28265178,0.0,0.0
2026-05-06 00:00:00+03:00,4.639999866485596,4.980000019073486,4.639999866485596,4.889999866485596,33424616,0.0,0.0
2026-05-07 00:00:00+03:00,4.909999847412109,5.03000020980835,4.849999904632568,4.96999979019165,23641446,0.0,0.0
2026-05-08 00:00:00+03:00,4.699999809265137,4.949999809265137,4.699999809265137,4.889999866485596,20374148,0.0,0.0
2026-05-11 00:00:00+03:00,4.880000114440918,4.940000057220459,4.739999771118164,4.809999942779541,19214947,0.0,0.0
2026-05-12 00:00:00+03:00,4.809999942779541,5.059999942779541,4.650000095367432,4.980000019073486,29245081,0.0,0.0
2026-05-13 00:00:00+03:00,4.989999771118164,5.090000152587891,4.630000114440918,4.730000019073486,50454122,0.0,0.0
2026-05-14 00:00:00+03:00,4.739999771118164,4.96999979019165,4.739999771118164,4.789999961853027,23171916,0.0,0.0
2026-05-15 00:00:00+03:00,4.900000095367432,4.920000076293945,4.679999828338623,4.760000228881836,15969640,0.0,0.0
2026-05-18 00:00:00+03:00,4.869999885559082,4.869999885559082,4.670000076293945,4.730000019073486,13377370,0.0,0.0
2026-05-20 00:00:00+03:00,4.730000019073486,4.840000152587891,4.690000057220459,4.730000019073486,17246386,0.0,0.0
2026-05-21 00:00:00+03:00,4.71999979019165,4.730000019073486,4.320000171661377,4.320000171661377,18041377,0.0,0.0
2026-05-22 00:00:00+03:00,4.25,4.559999942779541,4.239999771118164,4.519999980926514,15764626,0.0,0.0
2026-05-25 00:00:00+03:00,4.510000228881836,4.96999979019165,4.510000228881836,4.96999979019165,29277459,0.0,0.0
2026-05-26 00:00:00+03:00,5.099999904632568,5.449999809265137,5.010000228881836,5.400000095367432,44450319,0.0,0.0
2026-05-27 00:00:00+03:00,5.400000095367432,5.400000095367432,5.400000095367432,5.400000095367432,0,0.0,0.0
2026-05-28 00:00:00+03:00,5.400000095367432,5.400000095367432,5.400000095367432,5.400000095367432,0,0.0,0.0
2026-05-29 00:00:00+03:00,5.400000095367432,5.400000095367432,5.400000095367432,5.400000095367432,0,0.0,0.0
2026-06-01 00:00:00+03:00,5.400000095367432,5.940000057220459,5.360000133514404,5.699999809265137,79533037,0.0,0.0
2026-06-02 00:00:00+03:00,5.760000228881836,5.849999904632568,5.360000133514404,5.46999979019165,52202762,0.0,0.0
2026-06-03 00:00:00+03:00,5.46999979019165,5.710000038146973,5.369999885559082,5.610000133514404,41842660,0.0,0.0
2026-06-04 00:00:00+03:00,5.590000152587891,5.730000019073486,5.260000228881836,5.289999961853027,27403523,0.0,0.0
2026-06-05 00:00:00+03:00,5.289999961853027,5.550000190734863,5.139999866485596,5.210000038146973,25467471,0.0,0.0
2026-06-08 00:00:00+03:00,5.190000057220459,5.489999771118164,5.079999923706055,5.199999809265137,30492203,0.0,0.0
2026-06-09 00:00:00+03:00,5.28000020980835,5.440000057220459,5.150000095367432,5.230000019073486,22325700,0.0,0.0
2026-06-10 00:00:00+03:00,5.309999942779541,5.449999809265137,5.179999828338623,5.25,16285976,0.0,0.0
2026-06-11 00:00:00+03:00,5.25,5.489999771118164,5.079999923706055,5.309999942779541,24191679,0.0,0.0
2026-06-12 00:00:00+03:00,5.309999942779541,5.389999866485596,5.230000019073486,5.349999904632568,17385605,0.0,0.0
2026-06-15 00:00:00+03:00,5.539999961853027,5.599999904632568,5.409999847412109,5.46999979019165,20073562,0.0,0.0
2026-06-16 00:00:00+03:00,5.489999771118164,5.5,5.239999771118164,5.329999923706055,13767707,0.0,0.0
2026-06-17 00:00:00+03:00,5.329999923706055,5.360000133514404,5.070000171661377,5.090000152587891,14317679,0.0,0.0
2026-06-18 00:00:00+03:00,5.099999904632568,5.21999979019165,5.059999942779541,5.21999979019165,11637581,0.0,0.0
2026-06-19 00:00:00+03:00,5.190000057220459,5.210000038146973,5.050000190734863,5.050000190734863,11008530,0.0,0.0
2026-06-22 00:00:00+03:00,5.099999904632568,5.139999866485596,4.980000019073486,4.980000019073486,13438691,0.0,0.0
2026-06-23 00:00:00+03:00,4.949999809265137,4.989999771118164,4.820000171661377,4.889999866485596,10947748,0.0,0.0
2026-06-24 00:00:00+03:00,4.889999866485596,4.889999866485596,4.710000038146973,4.800000190734863,10829084,0.0,0.0
2026-06-25 00:00:00+03:00,4.809999942779541,4.940000057220459,4.679999828338623,4.820000171661377,10924334,0.0,0.0
2026-06-26 00:00:00+03:00,4.860000133514404,5.079999923706055,4.690000057220459,5.050000190734863,11112605,0.0,0.0
2026-06-29 00:00:00+03:00,5.050000190734863,5.190000057220459,4.929999828338623,5.079999923706055,11891866,0.0,0.0
2026-06-30 00:00:00+03:00,5.079999923706055,5.099999904632568,4.820000171661377,4.820000171661377,7829640,0.0,0.0
2026-07-01 00:00:00+03:00,4.820000171661377,5.0,4.739999771118164,4.75,9446730,0.0,0.0
2026-07-02 00:00:00+03:00,4.71999979019165,4.920000076293945,4.71999979019165,4.739999771118164,6745041,0.0,0.0
2026-07-03 00:00:00+03:00,4.739999771118164,4.920000076293945,4.730000019073486,4.860000133514404,9696099,0.0,0.0
2026-07-06 00:00:00+03:00,4.900000095367432,4.900000095367432,4.739999771118164,4.75,5946353,0.0,0.0
2026-07-07 00:00:00+03:00,4.75,4.880000114440918,4.659999847412109,4.739999771118164,9468833,0.0,0.0
2026-07-08 00:00:00+03:00,4.739999771118164,4.880000114440918,4.590000152587891,4.800000190734863,7926499,0.0,0.0
2026-07-09 00:00:00+03:00,4.800000190734863,4.829999923706055,4.630000114440918,4.630000114440918,6372138,0.0,0.0
2026-07-10 00:00:00+03:00,4.630000114440918,4.699999809265137,4.610000133514404,4.630000114440918,4178052,0.0,0.0
2026-07-13 00:00:00+03:00,4.630000114440918,4.789999961853027,4.579999923706055,4.590000152587891,2501677,0.0,0.0
2026-07-14 00:00:00+03:00,4.590000152587891,4.800000190734863,4.590000152587891,4.599999904632568,5279411,0.0,0.0
2026-07-16 00:00:00+03:00,4.599999904632568,4.679999828338623,4.599999904632568,4.639999866485596,2028136,0.0,0.0
2026-07-17 00:00:00+03:00,4.630000114440918,4.650000095367432,4.449999809265137,4.53000020980835,5227855,0.0,0.0
2026-07-20 00:00:00+03:00,4.53000020980835,4.739999771118164,4.480000019073486,4.699999809265137,7688200,0.0,0.0
2026-07-21 00:00:00+03:00,4.699999809265137,4.840000152587891,4.510000228881836,4.510000228881836,3513987,0.0,0.0
2026-07-22 00:00:00+03:00,4.559999942779541,4.590000152587891,4.449999809265137,4.449999809265137,4209445,0.0,0.0
2026-07-23 00:00:00+03:00,4.449999809265137,4.650000095367432,4.449999809265137,4.460000038146973,8139203,0.0,0.0
2026-07-24 00:00:00+03:00,4.480000019073486,4.489999771118164,4.340000152587891,4.340000152587891,4009110,0.0,0.0
2026-07-27 00:00:00+03:00,4.360000133514404,4.460000038146973,4.28000020980835,4.300000190734863,7810317,0.0,0.0
2026-07-28 00:00:00+03:00,4.300000190734863,4.349999904632568,4.150000095367432,4.21999979019165,4128431,0.0,0.0
2026-07-29 00:00:00+03:00,4.21999979019165,4.230000019073486,4.079999923706055,4.110000133514404,4870421,0.0,0.0
2026-07-30 00:00:00+03:00,4.110000133514404,4.309999942779541,4.099999904632568,4.21999979019165,7315743,0.0,0.0
2026-08-03 00:00:00+03:00,4.300000190734863,4.340000152587891,4.190000057220459,4.260000228881836,7839351,0.0,0.0
2026-08-04 00:00:00+03:00,4.260000228881836,4.449999809265137,4.210000038146973,4.389999866485596,4918427,0.0,0.0
2026-08-05 00:00:00+03:00,4.369999885559082,4.460000038146973,4.360000133514404,4.360000133514404,2920780,0.0,0.0
2026-08-06 00:00:00+03:00,4.369999885559082,4.460000038146973,4.340000152587891,4.449999809265137,4917165,0.0,0.0
2026-08-07 00:00:00+03:00,4.489999771118164,4.619999885559082,4.340000152587891,4.46999979019165,9622675,0.0,0.0
2026-08-10 00:00:00+03:00,4.519999980926514,4.840000152587891,4.449999809265137,4.650000095367432,18235833,0.0,0.0
2026-08-11 00:00:00+03:00,4.699999809265137,4.960000038146973,4.590000152587891,4.869999885559082,13666842,0.0,0.0
2026-08-12 00:00:00+03:00,4.920000076293945,5.0,4.71999979019165,4.940000057220459,12096068,0.0,0.0
