date,open,high,low,close,volume,dividends,stock_splits
2020-08-14 00:00:00+03:00,14.320037556648163,14.557911931650896,13.79671375015841,14.120223045349121,1821018,0.0,0.0
2020-08-17 00:00:00+03:00,14.12973817875361,14.824330915281772,14.12973817875361,14.167798042297363,2261920,0.0,0.0
2020-08-18 00:00:00+03:00,14.129738544481182,14.472277325241068,14.015558043475806,14.044103622436523,1237638,0.0,0.0
2020-08-19 00:00:00+03:00,14.034588183661363,15.147840335908,14.034588183661363,14.462761878967285,7422278,0.0,0.0
2020-08-20 00:00:00+03:00,14.49130773282221,14.49130773282221,14.158284123699355,14.205859184265137,1685190,0.0,0.0
2020-08-21 00:00:00+03:00,14.234403649207694,14.377127921396369,13.882349658046007,13.95846939086914,1526235,0.0,0.0
2020-08-24 00:00:00+03:00,14.224888455750104,14.253433128704081,13.94895419741155,13.95846939086914,1139841,0.0,0.0
2020-08-25 00:00:00+03:00,14.082163717216854,14.41518731043496,13.64447481426894,13.7396240234375,3604970,0.0,0.0
2020-08-26 00:00:00+03:00,13.577869875992256,14.177312507559893,13.577869875992256,14.025073051452637,1822056,0.0,0.0
2020-08-27 00:00:00+03:00,14.110708270126807,14.605487420334779,14.08216359835904,14.339067459106445,3419143,0.0,0.0
2020-08-28 00:00:00+03:00,14.672092099038903,14.843361946141842,14.310522925943122,14.519852638244629,3257092,0.0,0.0
2020-08-31 00:00:00+03:00,14.567426760838936,15.65213421044861,14.443731980034602,15.300079345703125,12397328,0.0,0.0
2020-09-01 00:00:00+03:00,15.461834672480672,15.614074130222713,15.052690449234877,15.2620210647583,8616596,0.0,0.0
2020-09-02 00:00:00+03:00,15.319109932784377,15.385714466626982,14.938510392809746,15.04317569732666,3427043,0.0,0.0
2020-09-03 00:00:00+03:00,15.081235800112932,15.119295663973016,14.814815845673607,14.852875709533691,2234320,0.0,0.0
2020-09-04 00:00:00+03:00,14.948025644267142,15.366684141725182,14.85287553204459,14.995600700378418,4675813,0.0,0.0
2020-09-07 00:00:00+03:00,15.033660970726494,15.376199750646087,15.014630584799367,15.2620210647583,3756018,0.0,0.0
2020-09-08 00:00:00+03:00,15.376200291320993,15.604559485963874,15.204930441629445,15.38571548461914,7206315,0.0,0.0
2020-09-09 00:00:00+03:00,15.461835392450185,15.65213563090768,15.10026620976725,15.12881088256836,5060494,0.0,0.0
2020-09-10 00:00:00+03:00,15.290564354778645,15.290564354778645,14.986085448733915,15.04317569732666,2856352,0.0,0.0
2020-09-11 00:00:00+03:00,15.119295791268263,15.15735565544879,14.871906220385478,14.91948127746582,1532366,0.0,0.0
2020-09-14 00:00:00+03:00,15.033660991969809,15.033660991969809,14.729181168636735,14.824331283569336,1871872,0.0,0.0
2020-09-15 00:00:00+03:00,14.843361305506093,15.18590007750932,14.653061080307797,14.948025703430176,3152525,0.0,0.0
2020-09-16 00:00:00+03:00,14.986085486534565,15.06220521323775,14.84336122582077,14.881421089172363,1473965,0.0,0.0
2020-09-17 00:00:00+03:00,14.852876263319676,14.852876263319676,14.672092130098463,14.748211860656738,1506301,0.0,0.0
2020-09-18 00:00:00+03:00,14.80530186566903,14.995601188894852,14.738696421975929,14.776756286621094,1923196,0.0,0.0
2020-09-21 00:00:00+03:00,14.805301726525546,14.957541183675424,14.67209174781003,14.757726669311523,1982845,0.0,0.0
2020-09-22 00:00:00+03:00,14.748210951792428,15.15735515889356,14.748210951792428,14.976570129394531,3338338,0.0,0.0
2020-09-23 00:00:00+03:00,15.05269069073289,15.395230383566767,15.005116539989304,15.071721076965332,4433072,0.0,0.0
2020-09-24 00:00:00+03:00,15.119296057257825,15.414260690410183,14.957541404790202,15.00511646270752,5068845,0.0,0.0
2020-09-25 00:00:00+03:00,15.11929594955874,15.338140851451998,14.995601162822332,15.052690505981445,3025496,0.0,0.0
2020-09-28 00:00:00+03:00,15.100266640232126,15.252507016821811,15.014631711968807,15.11929702758789,3367302,0.0,0.0
2020-09-29 00:00:00+03:00,15.214445808390474,15.471350585856818,14.843362339719693,15.12881088256836,5422954,0.0,0.0
2020-09-30 00:00:00+03:00,15.223960168064046,15.395230010328763,15.166869918169562,15.195415496826172,2967235,0.0,0.0
2020-10-01 00:00:00+03:00,15.309596177877786,15.32862656500213,15.005117243238686,15.100266456604004,2735299,0.0,0.0
2020-10-02 00:00:00+03:00,15.100266071939007,15.300080594560532,15.06220620607866,15.109781265258789,2218773,0.0,0.0
2020-10-05 00:00:00+03:00,15.270852638476756,16.557021404156192,15.270852638476756,16.009920120239258,15299239,0.137814,0.0
2020-10-06 00:00:00+03:00,16.12509719192943,16.201883299291943,15.587594440391838,15.645183563232422,3707222,0.0,0.0
2020-10-07 00:00:00+03:00,15.549203055250018,15.577996702702421,15.347638369456718,15.357236862182617,2261885,0.0,0.0
2020-10-08 00:00:00+03:00,15.414826779434147,15.472417738747103,15.222861491871104,15.270853042602539,2539454,0.0,0.0
2020-10-09 00:00:00+03:00,15.309245244658115,15.587595124911438,15.270852189290851,15.434022903442383,3014637,0.0,0.0
2020-10-12 00:00:00+03:00,15.568398239723823,15.817953558898164,15.462818480987782,15.597193717956543,4045933,0.0,0.0
2020-10-13 00:00:00+03:00,15.597193691599342,15.654782817242165,15.338039880118698,15.395630836486816,2476007,0.0,0.0
2020-10-14 00:00:00+03:00,15.395631568129057,15.702776027120843,15.376434581760723,15.58759593963623,4051157,0.0,0.0
2020-10-15 00:00:00+03:00,15.587595050042717,16.125097822602733,15.520407432313375,16.067508697509766,8703807,0.0,0.0
2020-10-16 00:00:00+03:00,16.1634933185331,17.05613307997826,16.153894824990896,16.2498779296875,10181705,0.0,0.0
2020-10-19 00:00:00+03:00,16.42264487248595,16.51862613313463,16.03871250699045,16.077106475830078,3027384,0.0,0.0
2020-10-20 00:00:00+03:00,16.09630417541889,16.18268877842098,15.817953381139867,16.067508697509766,3261649,0.0,0.0
2020-10-21 00:00:00+03:00,16.12509827439462,16.182689231826448,15.798756838515594,15.808355331420898,2341976,0.0,0.0
2020-10-22 00:00:00+03:00,15.80835533409738,16.12509827712473,15.721970728660345,15.846749305725098,3313641,0.0,0.0
2020-10-23 00:00:00+03:00,15.894739868392957,16.34585987937287,15.856347727662405,15.923535346984863,5786316,0.0,0.0
2020-10-26 00:00:00+03:00,15.93313283888575,16.940950726859388,15.232458464999564,15.645183563232422,12559124,0.0,0.0
2020-10-27 00:00:00+03:00,15.453220488685826,15.568398743896077,14.829332170545765,15.021297454833984,4315851,0.0,0.0
2020-10-28 00:00:00+03:00,15.05969008398756,15.366835445488281,14.445401191711426,14.445401191711426,1621871,0.0,0.0
2020-10-30 00:00:00+03:00,14.445401242437466,14.45499973525365,13.629547660314982,13.850308418273926,3057887,0.0,0.0
2020-11-02 00:00:00+03:00,14.099862510174843,14.205444098077916,13.869504179888816,13.917495727539062,2175473,0.0,0.0
2020-11-03 00:00:00+03:00,14.013479034270015,14.167051256777743,13.466376847382918,13.687137603759766,1838950,0.0,0.0
2020-11-04 00:00:00+03:00,13.735129938117923,14.38781192112507,13.735129938117923,14.119060516357422,4040235,0.0,0.0
2020-11-05 00:00:00+03:00,14.301427053385234,14.570179368652308,14.272632489379008,14.387811660766602,3878653,0.0,0.0
2020-11-06 00:00:00+03:00,14.387811862466162,14.666161759395644,14.320624240388847,14.435803413391113,3514214,0.0,0.0
2020-11-09 00:00:00+03:00,14.493392119819028,14.963707261675063,14.176649194457811,14.30142593383789,6447208,0.0,0.0
2020-11-10 00:00:00+03:00,14.301426552875714,14.407008142807966,14.109461273947966,14.167051315307617,2128206,0.0,0.0
2020-11-11 00:00:00+03:00,14.215042863880218,14.378212664446814,14.090265203736518,14.167051315307617,2093996,0.0,0.0
2020-11-12 00:00:00+03:00,14.176649223174186,14.215042277375659,13.936692405574318,13.9846830368042,2197947,0.0,0.0
2020-11-13 00:00:00+03:00,14.003880294068138,14.589374610873584,13.965487239119627,14.512588500976562,3605293,0.0,0.0
2020-11-16 00:00:00+03:00,14.877324013494523,15.203665460893726,14.608572610197468,14.714153289794922,3986688,0.0,0.0
2020-11-17 00:00:00+03:00,15.078886970988714,16.00991971146231,14.877323200687474,15.913936614990234,15941898,0.0,0.0
2020-11-18 00:00:00+03:00,16.31706471003484,16.38425233063069,14.886922199254123,15.299647331237793,7596779,0.0,0.0
2020-11-19 00:00:00+03:00,15.280451238386263,15.395631324044794,14.781340585074881,15.059690475463867,5015502,0.0,0.0
2020-11-20 00:00:00+03:00,15.088485408969458,15.357236796608568,14.944510764783667,15.155673027038574,3817775,0.0,0.0
2020-11-23 00:00:00+03:00,15.338039534410143,15.60679183256132,14.896519863224553,15.184467315673828,3351146,0.0,0.0
2020-11-24 00:00:00+03:00,15.251656193452945,15.299646826373406,15.011699367400043,15.078886985778809,2353006,0.0,0.0
2020-11-25 00:00:00+03:00,15.155673870064712,15.395631623721885,15.06928926182067,15.270853042602539,3999499,0.0,0.0
2020-11-26 00:00:00+03:00,15.357236831907242,15.414825957423812,15.069288458236452,15.117280006408691,2419320,0.0,0.0
2020-11-27 00:00:00+03:00,15.117280812552103,15.443622259090624,15.078887755039496,15.270853042602539,4349855,0.0,0.0
2020-11-30 00:00:00+03:00,15.65478299600078,16.653004282409754,15.645184503163156,16.240278244018555,12325628,0.0,0.0
2020-12-01 00:00:00+03:00,16.509031071723577,16.57621869297963,15.549203726407681,15.702775955200195,6473678,0.0,0.0
2020-12-02 00:00:00+03:00,15.72197036464748,15.74116735001687,15.405227428953722,15.472416877746582,3706353,0.0,0.0
2020-12-03 00:00:00+03:00,15.577996692700621,16.06750883705544,15.501210581668019,15.913936614990234,4838724,0.0,0.0
2020-12-04 00:00:00+03:00,15.952330868333476,16.09630460022825,15.530006334813518,15.568398475646973,2801871,0.0,0.0
2020-12-07 00:00:00+03:00,15.501211350332985,15.558800478781809,15.184468397776381,15.309246063232422,2388653,0.0,0.0
2020-12-08 00:00:00+03:00,15.2516564353059,15.462818701882497,15.050092661610663,15.088485717773438,2064892,0.0,0.0
2020-12-09 00:00:00+03:00,15.088485825192105,15.222861065037138,14.954109669984401,14.973306655883789,1529227,0.0,0.0
2020-12-10 00:00:00+03:00,14.982903859203198,15.222860684775487,14.752545526340834,14.838930130004883,2617907,0.0,0.0
2020-12-11 00:00:00+03:00,14.77174227340524,15.040493657408115,14.762143780850193,14.829331398010254,1468265,0.0,0.0
2020-12-14 00:00:00+03:00,14.867724487273168,14.925314527374084,14.75254532243397,14.790938377380371,1407498,0.0,0.0
2020-12-15 00:00:00+03:00,14.781339850597654,15.19406587683833,14.77174227340524,14.829331398010254,2910932,0.0,0.0
2020-12-16 00:00:00+03:00,14.877323605231057,14.954109718351623,14.541383673806576,14.656563758850098,1274622,0.0,0.0
2020-12-17 00:00:00+03:00,14.714152778638226,15.02129722887922,14.608572102708552,14.771742820739746,2409170,0.0,0.0
2020-12-18 00:00:00+03:00,14.781340362706853,14.886921953745043,14.69495667280651,14.810135841369629,1389664,0.0,0.0
2020-12-21 00:00:00+03:00,15.165271839946579,15.501210852748342,14.781340362706853,14.810135841369629,3990166,0.0,0.0
2020-12-22 00:00:00+03:00,14.838930678351034,14.86772524218222,14.685358450767804,14.742947578430176,1529912,0.0,0.0
2020-12-23 00:00:00+03:00,14.781340222208978,15.184467766029464,14.694956533129721,14.96370792388916,5429972,0.0,0.0
2020-12-24 00:00:00+03:00,14.992502416754379,15.1076815836837,14.800537138538845,15.040493965148926,3072313,0.0,0.0
2020-12-25 00:00:00+03:00,15.04049358833566,15.117279697698132,14.858125892077817,14.90611743927002,1772062,0.0,0.0
2020-12-28 00:00:00+03:00,15.021297527661789,15.117280627952594,14.915716849632052,14.944511413574219,2382301,0.0,0.0
2020-12-29 00:00:00+03:00,15.030895542738357,15.136477132772985,14.896520305039964,14.96370792388916,3096204,0.0,0.0
2020-12-30 00:00:00+03:00,14.982904470618005,15.011699949922855,14.906118356530435,14.944511413574219,1476400,0.0,0.0
2020-12-31 00:00:00+03:00,14.954109367036716,14.973306352547201,14.74294710323463,14.762144088745117,1448823,0.0,0.0
2021-01-04 00:00:00+03:00,14.762144803644881,14.858126989757572,14.685358688609652,14.752546310424805,1705046,0.0,0.0
2021-01-05 00:00:00+03:00,14.800537642530012,15.309245875964487,14.762144585579536,14.982904434204102,8023112,0.0,0.0
2021-01-06 00:00:00+03:00,15.078887534261632,15.242058255141824,14.896520742587542,14.982904434204102,3301556,0.0,0.0
2021-01-07 00:00:00+03:00,14.992502912224504,15.299647367519826,14.963708348381237,15.26125431060791,4901026,0.0,0.0
2021-01-08 00:00:00+03:00,15.549203297358297,15.645184564661173,15.34763860842654,15.366835594177246,6465143,0.0,0.0
2021-01-11 00:00:00+03:00,15.434023043788383,15.827552093721971,14.877323278219505,15.280450820922852,6068808,0.0,0.0
2021-01-12 00:00:00+03:00,15.395630524095496,15.434022663503267,15.098082747740287,15.146074295043945,1951084,0.0,0.0
2021-01-13 00:00:00+03:00,15.232458897118004,15.338039568895951,14.982903583429083,15.146074295043945,3485213,0.0,0.0
2021-01-14 00:00:00+03:00,15.136478135630615,15.213264252363583,14.896521291999408,14.925315856933594,1989876,0.0,0.0
2021-01-15 00:00:00+03:00,14.858127064449802,14.915717108697079,14.560581096033184,14.675760269165039,1711841,0.0,0.0
2021-01-18 00:00:00+03:00,14.685358725425198,14.771743333897069,14.435803393253726,14.714153289794922,1623064,0.0,0.0
2021-01-19 00:00:00+03:00,14.819733144585028,15.088485448287098,14.7237509635737,14.838930130004883,3188913,0.0,0.0
2021-01-20 00:00:00+03:00,14.98290444158584,15.779561975585402,14.867725270677665,15.539605140686035,5543275,0.0,0.0
2021-01-21 00:00:00+03:00,15.731569486619545,16.00992029343428,15.222861253695996,15.26125431060791,6352517,0.0,0.0
2021-01-22 00:00:00+03:00,15.251655954477526,15.60679194162774,15.021296709400584,15.386032104492188,3428693,0.0,0.0
2021-01-25 00:00:00+03:00,15.645185382825222,15.741168485872855,15.42442552732346,15.520408630371094,3132755,0.0,0.0
2021-01-26 00:00:00+03:00,15.405227902532811,15.70277569272952,15.165271985577368,15.45322036743164,3968681,0.0,0.0
2021-01-27 00:00:00+03:00,15.510809175774837,15.645184413278914,14.445401191711426,14.445401191711426,3903875,0.0,0.0
2021-01-28 00:00:00+03:00,14.30142667739425,14.65656359070598,13.639146230486565,14.570178985595703,3185516,0.0,0.0
2021-01-29 00:00:00+03:00,14.531785867101215,14.570178923056247,14.291829038541593,14.36861515045166,1465070,0.0,0.0
2021-02-01 00:00:00+03:00,14.426204373856445,14.579776598710813,14.36861524721739,14.53178596496582,1687358,0.0,0.0
2021-02-02 00:00:00+03:00,14.570178950199029,14.762144230331808,14.512588908477866,14.608572006225586,1476477,0.0,0.0
2021-02-03 00:00:00+03:00,14.646964950150792,15.059690070436785,14.550981853137687,15.002100944519043,2939179,0.0,0.0
2021-02-04 00:00:00+03:00,15.002101445766819,16.182689550877974,15.002101445766819,15.741168022155762,10233543,0.0,0.0
2021-02-05 00:00:00+03:00,15.875545170273115,16.17309113471794,15.587595868243122,15.702775955200195,4520264,0.0,0.0
2021-02-08 00:00:00+03:00,16.029118540263976,16.739390606678747,15.92353693893019,16.269075393676758,7713343,0.0,0.0
2021-02-09 00:00:00+03:00,16.26907307490922,16.336260691372726,15.808354590669703,16.1730899810791,3363505,0.0,0.0
2021-02-10 00:00:00+03:00,16.2882693344493,16.451440055816015,15.981124877929688,15.981124877929688,2946981,0.0,0.0
2021-02-11 00:00:00+03:00,15.971526036520455,15.971526036520455,15.2708525315245,15.328442573547363,3135809,0.0,0.0
2021-02-12 00:00:00+03:00,15.32844230456086,15.357236867385668,15.0308954374957,15.078886985778809,1565673,0.0,0.0
2021-02-15 00:00:00+03:00,15.203665161429802,15.232459725232363,15.021297454833984,15.021297454833984,1814434,0.0,0.0
2021-02-16 00:00:00+03:00,15.05009253566069,15.146074717583051,14.589374950200336,14.685358047485352,1915063,0.0,0.0
2021-02-17 00:00:00+03:00,14.742946761799686,15.136476717386937,14.445400816179296,14.867724418640137,3421697,0.0,0.0
2021-02-18 00:00:00+03:00,14.925315359020772,15.021297544053631,14.656563959421003,14.66616153717041,1305707,0.0,0.0
2021-02-19 00:00:00+03:00,14.714152886009186,14.771742928530946,14.618169786927142,14.656563758850098,1146154,0.0,0.0
2021-02-22 00:00:00+03:00,14.69495623334602,14.781339920663012,14.47419548034668,14.47419548034668,1277353,0.0,0.0
2021-02-23 00:00:00+03:00,14.502990886907707,14.60857248093362,14.07106876373291,14.07106876373291,1402631,0.0,0.0
2021-02-24 00:00:00+03:00,13.975086014476911,14.14785430755978,13.648744583129883,13.648744583129883,1357172,0.0,0.0
2021-02-25 00:00:00+03:00,13.917495411251776,13.984683027217644,13.27441106729596,13.427983283996582,1205935,0.0,0.0
2021-02-26 00:00:00+03:00,12.909677994948003,13.36079711694991,12.81369580678258,13.168831825256348,781948,0.0,0.0
2021-03-01 00:00:00+03:00,13.437582632789551,14.253436230211129,13.351198026549305,14.061470031738281,1416124,0.0,0.0
2021-03-02 00:00:00+03:00,14.061470234054081,14.349418620543666,13.831111891007488,14.109461784362793,1156359,0.0,0.0
2021-03-03 00:00:00+03:00,14.205444062200383,14.55098155675673,14.138255529514675,14.234238624572754,1162397,0.0,0.0
2021-03-04 00:00:00+03:00,14.243837942154649,14.359017113677945,14.099863291228512,14.109461784362793,702231,0.0,0.0
2021-03-05 00:00:00+03:00,14.090265380963572,14.176649986408266,13.975086212158203,13.975086212158203,838580,0.0,0.0
2021-03-08 00:00:00+03:00,14.023077268679584,14.138256440956884,13.735129795667682,13.754325866699219,1209470,0.0,0.0
2021-03-09 00:00:00+03:00,13.821513001613045,14.205444477712811,13.792718438398428,14.051872253417969,1230135,0.0,0.0
2021-03-10 00:00:00+03:00,14.205444290398122,15.213263143247127,14.205444290398122,14.800537109375,6368658,0.0,0.0
2021-03-11 00:00:00+03:00,14.877323676315754,15.098083523751516,14.493393108878482,14.541383743286133,3321365,0.0,0.0
2021-03-12 00:00:00+03:00,14.550982071116385,14.819733465271357,14.493392944335938,14.493392944335938,1700842,0.0,0.0
2021-03-15 00:00:00+03:00,14.53178596496582,14.896520456676276,14.407008303430981,14.53178596496582,2161225,0.0,0.0
2021-03-16 00:00:00+03:00,14.53178596496582,14.694956682714253,14.53178596496582,14.53178596496582,987507,0.0,0.0
2021-03-17 00:00:00+03:00,14.560580574962144,14.646965180560313,14.195846082082461,14.215043067932129,1054801,0.0,0.0
2021-03-18 00:00:00+03:00,14.301426747434006,14.790938901881134,14.234239127735929,14.493392944335938,3640390,0.0,0.0
2021-03-19 00:00:00+03:00,14.387810775365631,14.771742238393822,14.263033118533668,14.31102466583252,1856370,0.0,0.0
2021-03-22 00:00:00+03:00,13.4471815045038,13.53356611317693,12.88088321685791,12.88088321685791,897475,0.0,0.0
2021-03-23 00:00:00+03:00,12.285789784182318,13.178428562441345,11.59471386281835,12.775301933288574,1530175,0.0,0.0
2021-03-24 00:00:00+03:00,12.813694940758403,13.610351533966025,12.813694940758403,13.370394706726074,1457232,0.0,0.0
2021-03-25 00:00:00+03:00,13.370394571588937,13.639145959079817,13.168830802130117,13.245616912841797,1318398,0.0,0.0
2021-03-26 00:00:00+03:00,13.351198139072205,13.456779732194638,12.861685976493686,13.14963436126709,743076,0.0,0.0
2021-03-29 00:00:00+03:00,13.178428683103002,14.464597440203367,13.149634119763302,14.253436088562012,3654939,0.0,0.0
2021-03-30 00:00:00+03:00,14.359016883139299,14.637366772025606,13.811915598346856,13.821513175964355,2756167,0.0,0.0
2021-03-31 00:00:00+03:00,13.821512932266428,14.84852877897,13.821512932266428,14.128658294677734,4281232,0.0,0.0
2021-04-01 00:00:00+03:00,14.291829329182193,15.434023453594236,14.272632343132955,15.376434326171875,5581189,0.0,0.0
2021-04-02 00:00:00+03:00,15.38603307499824,15.616391419242879,15.069289207458496,15.069289207458496,3829830,0.0,0.0
2021-04-05 00:00:00+03:00,15.338039876730818,15.769962895769822,15.222860710107966,15.357236862182617,3139216,0.0,0.0
2021-04-06 00:00:00+03:00,15.462819342114397,15.741168324297453,14.915717124938965,14.915717124938965,2274323,0.0,0.0
2021-04-07 00:00:00+03:00,14.915715735149583,15.222860168550438,14.752545026064725,15.174869537353516,1337858,0.0,0.0
2021-04-08 00:00:00+03:00,15.069289595710037,15.683579444885254,15.059691102278537,15.683579444885254,3253683,0.0,0.0
2021-04-09 00:00:00+03:00,15.673979736439744,15.923535054137426,14.819733109872745,14.877323150634766,3611501,0.0,0.0
2021-04-12 00:00:00+03:00,14.877323741488757,15.741167979688193,14.877323741488757,15.26125431060791,5097897,0.0,0.0
2021-04-13 00:00:00+03:00,15.33804053207713,15.520408240210632,14.493393274087092,14.627768516540527,2334238,0.0,0.0
2021-04-14 00:00:00+03:00,14.733349800109863,14.973306631281929,14.24383764483181,14.733349800109863,1756066,0.0,0.0
2021-04-15 00:00:00+03:00,14.74294752003137,14.963708282829808,14.416606995391028,14.541383743286133,1484476,0.0,0.0
2021-04-16 00:00:00+03:00,14.541383815897246,14.723751522862594,14.435803138165458,14.464597702026367,724382,0.0,0.0
2021-04-19 00:00:00+03:00,14.464597771633239,14.579776942993826,13.840710364589393,13.869504928588867,980902,0.0,0.0
2021-04-20 00:00:00+03:00,13.965488406959702,14.01347995849921,13.427984677370087,13.485574722290039,711169,0.0,0.0
2021-04-21 00:00:00+03:00,13.48557454090575,13.888702103835119,12.813695574477702,13.159233093261719,1212186,0.0,0.0
2021-04-22 00:00:00+03:00,13.140035868190017,13.341599645995132,12.756105298733933,13.14963436126709,800083,0.0,0.0
2021-04-26 00:00:00+03:00,13.140035646395754,13.811915504647079,13.120839575928306,13.696736335754395,699517,0.0,0.0
2021-04-27 00:00:00+03:00,14.320624336601748,14.637367293326685,13.965488321951444,14.080667495727539,1674341,0.0,0.0
2021-04-28 00:00:00+03:00,14.080666616873916,14.205444276183952,13.629547527885729,13.725530624389648,499463,0.0,0.0
2021-04-29 00:00:00+03:00,13.725530419299997,13.955888749032168,13.65834188660614,13.677538871765137,472166,0.0,0.0
2021-04-30 00:00:00+03:00,13.696736477771575,13.696736477771575,13.43758265855395,13.504770278930664,427956,0.0,0.0
2021-05-03 00:00:00+03:00,13.504770007481236,13.706333779922566,13.466376951557299,13.571958541870117,658247,0.0,0.0
2021-05-04 00:00:00+03:00,13.58155605563612,13.629547604156642,13.351197721172806,13.370394706726074,670865,0.0,0.0
2021-05-05 00:00:00+03:00,13.370395585127728,13.58155694791055,13.274412481780836,13.447181701660156,675928,0.0,0.0
2021-05-06 00:00:00+03:00,13.456779956139144,13.571959128892752,13.360796854496453,13.437582969665527,542635,0.0,0.0
2021-05-07 00:00:00+03:00,13.456779549048415,13.475975619578621,13.303206407993423,13.341599464416504,545588,0.0,0.0
2021-05-10 00:00:00+03:00,13.24561766465102,13.303206793272164,13.178429127442756,13.197626113891602,831467,0.0,0.0
2021-05-11 00:00:00+03:00,13.149633509075505,13.159232001530526,12.909676689875724,13.034454345703125,626884,0.0,0.0
2021-05-12 00:00:00+03:00,13.034455373084914,13.14963454553577,12.861686156727282,12.957669258117676,494358,0.0,0.0
2021-05-17 00:00:00+03:00,12.957668684265233,13.044053288618358,12.804096461131966,12.813694953918457,859941,0.0,0.0
2021-05-18 00:00:00+03:00,12.823292051849327,12.938471214892457,12.7944974899292,12.7944974899292,498678,0.0,0.0
2021-05-20 00:00:00+03:00,12.804097084953497,12.804097084953497,12.612131796684276,12.640926361083984,580528,0.0,0.0
2021-05-21 00:00:00+03:00,12.650524237998699,13.159232455968308,12.650524237998699,12.813694953918457,1743026,0.0,0.0
2021-05-24 00:00:00+03:00,12.832890853826383,12.99606156758074,12.717711688004949,12.727310180664062,743586,0.0,0.0
2021-05-25 00:00:00+03:00,12.775302603148369,12.813695661050431,12.045833587646484,12.045833587646484,1189360,0.0,0.0
2021-05-26 00:00:00+03:00,12.045832229494453,12.333780588975465,11.969046122347862,12.228199005126953,649555,0.0,0.0
2021-05-27 00:00:00+03:00,12.218601890524411,12.218601890524411,12.0266366010141,12.045833587646484,346097,0.0,0.0
2021-05-28 00:00:00+03:00,12.045832461764018,12.055430954183072,11.767482589149795,11.959447860717773,522513,0.0,0.0
2021-05-31 00:00:00+03:00,11.978645072421514,11.997842059090157,11.719492159933775,11.767483711242676,350453,0.0,0.0
2021-06-01 00:00:00+03:00,11.805876844642507,11.901859032510814,11.61391155354318,11.69069766998291,470976,0.0,0.0
2021-06-02 00:00:00+03:00,11.61391155354318,11.748286799631352,11.49873146352087,11.69069766998291,572953,0.0,0.0
2021-06-03 00:00:00+03:00,11.690697156038851,11.873063945725363,11.556321000495384,11.709893226623535,626109,0.0,0.0
2021-06-04 00:00:00+03:00,11.709893502224341,11.844269660930449,11.63310738735305,11.681098937988281,470080,0.0,0.0
2021-06-07 00:00:00+03:00,11.681098358156985,11.87306363580636,11.633106809903978,11.815474510192871,508773,0.0,0.0
2021-06-08 00:00:00+03:00,11.815475024993825,12.468156997439097,11.805876531852487,12.276191711425781,1470625,0.0,0.0
2021-06-09 00:00:00+03:00,12.276191728979976,12.400969393907726,11.940251791454285,11.997841835021973,628297,0.0,0.0
2021-06-10 00:00:00+03:00,12.007440567016602,12.161012799101552,11.911457464282154,12.007440567016602,543832,0.0,0.0
2021-06-11 00:00:00+03:00,12.01703841299452,12.084226032071555,11.90185832977295,11.90185832977295,355068,0.0,0.0
2021-06-14 00:00:00+03:00,11.94025125414298,12.045832843372123,11.777081454662996,11.815474510192871,323320,0.0,0.0
2021-06-15 00:00:00+03:00,11.815474545206637,11.911456726634434,11.70029446291304,11.777081489562988,363112,0.0,0.0
2021-06-16 00:00:00+03:00,11.777082279818286,12.026636700566055,11.661902189795978,11.69069766998291,822621,0.0,0.0
2021-06-17 00:00:00+03:00,11.700294529862358,11.921055287598522,11.661901473999023,11.661901473999023,721593,0.0,0.0
2021-06-18 00:00:00+03:00,11.700294916002878,11.80587650963351,11.498731137227574,11.517928123474121,494929,0.0,0.0
2021-06-21 00:00:00+03:00,11.469936273719664,11.469936273719664,11.181987895079127,11.30676555633545,573176,0.0,0.0
2021-06-22 00:00:00+03:00,11.325963146296047,11.498731450407051,11.249177029943889,11.450740814208984,402121,0.0,0.0
2021-06-23 00:00:00+03:00,11.594713450582557,11.844268762669504,11.43154274001514,11.6043119430542,665990,0.0,0.0
2021-06-24 00:00:00+03:00,11.594713724453023,11.709892890745419,11.575517654418945,11.575517654418945,280368,0.0,0.0
2021-06-25 00:00:00+03:00,11.604312585696581,11.81547485495367,11.604312585696581,11.671500205993652,495861,0.0,0.0
2021-06-28 00:00:00+03:00,11.700294895390664,11.709893388497028,11.191586660468293,11.277971267700195,668136,0.0,0.0
2021-06-29 00:00:00+03:00,11.239577803641277,11.24917629640007,10.922834865502328,11.181987762451172,560890,0.0,0.0
2021-06-30 00:00:00+03:00,11.181988276848545,11.421945114681026,11.124399148371857,11.162792205810547,471589,0.0,0.0
2021-07-01 00:00:00+03:00,11.181987727528442,11.29716780954893,11.133997094609661,11.220380783081055,360232,0.0,0.0
2021-07-02 00:00:00+03:00,11.220381297415347,11.297168327403083,11.086006054502858,11.20118522644043,252474,0.0,0.0
2021-07-05 00:00:00+03:00,11.181987895079127,11.316364049208088,11.153193331823871,11.30676555633545,225247,0.0,0.0
2021-07-06 00:00:00+03:00,11.306765385146761,11.661901377793555,11.287569315054782,11.537124633789062,719243,0.0,0.0
2021-07-07 00:00:00+03:00,11.498731210596073,11.652304355460268,11.402749024838979,11.441142082214355,335715,0.0,0.0
2021-07-08 00:00:00+03:00,11.460337573577604,11.546722177143696,11.258773803710938,11.258773803710938,289461,0.0,0.0
2021-07-09 00:00:00+03:00,11.229979753932835,11.277971304257532,11.143595146420918,11.239578247070312,323013,0.0,0.0
2021-07-12 00:00:00+03:00,11.325962775303438,11.325962775303438,10.798057556152344,10.798057556152344,620959,0.0,0.0
2021-07-13 00:00:00+03:00,10.77886054837588,10.798057534477927,10.558100700378418,10.558100700378418,447610,0.0,0.0
2021-07-14 00:00:00+03:00,10.567699322333505,10.75006611571405,10.567699322333505,10.682878494262695,273524,0.0,0.0
2021-07-16 00:00:00+03:00,10.711672308221125,10.83644996457972,10.634886198979316,10.73086929321289,298506,0.0,0.0
2021-07-19 00:00:00+03:00,10.740467170507767,10.903637886047363,10.7020741148139,10.903637886047363,174351,0.0,0.0
2021-07-26 00:00:00+03:00,10.84604876018789,11.133997135573216,10.82685177465963,10.903637886047363,433044,0.0,0.0
2021-07-27 00:00:00+03:00,10.87484415005205,10.913237208665365,10.673280363491466,10.778861045837402,462984,0.0,0.0
2021-07-28 00:00:00+03:00,10.769262956240555,10.942031254113811,10.769262956240555,10.836450576782227,404586,0.0,0.0
2021-07-29 00:00:00+03:00,10.855647252952018,10.932433364339753,10.855647252952018,10.903637886047363,286136,0.0,0.0
2021-07-30 00:00:00+03:00,10.913236075369511,11.018816746751318,10.913236075369511,11.0092191696167,397602,0.0,0.0
2021-08-02 00:00:00+03:00,11.028415307632796,11.210783004760742,11.028415307632796,11.210783004760742,382526,0.0,0.0
2021-08-03 00:00:00+03:00,11.23957790178464,11.345158576965332,11.172390282611715,11.345158576965332,383903,0.0,0.0
2021-08-04 00:00:00+03:00,11.402748920669257,12.074627876281738,11.393150427572428,12.074627876281738,1819594,0.0,0.0
2021-08-05 00:00:00+03:00,12.07462793227113,12.362576318972446,11.940251774380464,12.276191711425781,1676990,0.0,0.0
2021-08-06 00:00:00+03:00,12.343378914871346,12.669720347728799,12.093824509182696,12.458558082580566,1742534,0.0,0.0
2021-08-09 00:00:00+03:00,12.64092526896079,12.64092526896079,12.29538777992919,12.51614761352539,1265039,0.0,0.0
2021-08-10 00:00:00+03:00,12.554540977449475,12.573737962772594,12.324182645747914,12.448960304260254,910783,0.0,0.0
2021-08-11 00:00:00+03:00,12.333781372445431,12.420165061950684,11.997841445817478,12.420165061950684,826173,0.0,0.0
2021-08-12 00:00:00+03:00,12.391369711654107,12.496951295502619,12.17060988244831,12.228199005126953,963034,0.0,0.0
2021-08-13 00:00:00+03:00,12.218601091313738,12.525746449802764,12.103421925141346,12.410567283630371,873779,0.0,0.0
2021-08-16 00:00:00+03:00,12.410567519934164,12.592934307672152,12.285789858697578,12.3817720413208,972423,0.0,0.0
2021-08-17 00:00:00+03:00,12.38177184035317,12.496951922211817,12.228199618358502,12.372174263000488,1314736,0.0,0.0
2021-08-18 00:00:00+03:00,12.477755139306687,12.669720419915796,12.33378140769052,12.3817720413208,1172769,0.0,0.0
2021-08-19 00:00:00+03:00,12.381771942867603,12.381771942867603,12.084225989130076,12.21860122680664,484117,0.0,0.0
2021-08-20 00:00:00+03:00,12.21860126210421,12.35297741553162,12.16101213589436,12.180208206176758,404714,0.0,0.0
2021-08-23 00:00:00+03:00,12.209003960414824,12.352977694554108,12.141815424502171,12.151413917541504,379800,0.0,0.0
2021-08-24 00:00:00+03:00,12.161012004905363,12.247396608652327,12.084225893877539,12.09382438659668,518947,0.0,0.0
2021-08-25 00:00:00+03:00,12.093824767727877,12.122619331430098,11.911457061767578,11.911457061767578,386142,0.0,0.0
2021-08-26 00:00:00+03:00,11.901858262763822,12.09382445681054,11.84426913683993,12.017038345336914,290188,0.0,0.0
2021-08-27 00:00:00+03:00,12.045832940483152,12.06502901072152,11.479534680330126,11.940251350402832,315318,0.0,0.0
2021-08-31 00:00:00+03:00,11.997841017392732,12.007439509893675,11.70989264990278,11.844268798828125,337573,0.0,0.0
2021-09-01 00:00:00+03:00,11.805876218103345,11.911456893764118,11.805876218103345,11.825072288513184,258329,0.0,0.0
2021-09-02 00:00:00+03:00,11.815475225176518,11.892261340882786,11.7962782385686,11.805876731872559,204209,0.0,0.0
2021-09-03 00:00:00+03:00,11.805876289556817,11.825072360082839,11.681098627368343,11.748286247253418,319550,0.0,0.0
2021-09-06 00:00:00+03:00,11.757884400205452,11.99784122469944,11.757884400205452,11.892260551452637,815717,0.0,0.0
2021-09-07 00:00:00+03:00,11.901858734196722,12.093824935847225,11.83467111283666,11.997841835021973,1083361,0.0,0.0
2021-09-08 00:00:00+03:00,11.997842059090157,12.093825161707962,11.748286724574033,11.767483711242676,781302,0.0,0.0
2021-09-09 00:00:00+03:00,11.796276914547642,11.997840674493638,11.671499261689396,11.949849128723145,627573,0.0,0.0
2021-09-10 00:00:00+03:00,12.141815060496324,12.151413553247899,11.671499900020967,11.777081489562988,2192747,0.0,0.0
2021-09-13 00:00:00+03:00,11.89226000608863,12.036233728037514,11.834669968091518,11.949849128723145,1684501,0.0,0.0
2021-09-14 00:00:00+03:00,12.017037658946876,12.045832220264133,11.825071475864899,11.949849128723145,1614937,0.0,0.0
2021-09-15 00:00:00+03:00,11.988242970202409,11.988242970202409,11.815474675580955,11.863465309143066,1893015,0.0,0.0
2021-09-16 00:00:00+03:00,11.930653068774568,12.55454041818126,11.873063030733324,12.228199005126953,4349825,0.0,0.0
2021-09-17 00:00:00+03:00,12.381772087309253,12.381772087309253,11.997841524665038,12.06502914428711,1758334,0.0,0.0
2021-09-20 00:00:00+03:00,12.074627781684615,12.650524547905057,11.834670948319877,11.911457061767578,1687645,0.0,0.0
2021-09-21 00:00:00+03:00,11.911457412128003,12.055432065599284,11.777082167323384,11.805876731872559,2092125,0.0,0.0
2021-09-22 00:00:00+03:00,11.834670889193324,11.949850058789437,11.66190167711782,11.709893226623535,1368094,0.0,0.0
2021-09-23 00:00:00+03:00,11.719491415334671,11.729089908059152,11.46993609667407,11.498730659484863,1068829,0.0,0.0
2021-09-24 00:00:00+03:00,11.479535101181265,11.479535101181265,10.961228370666504,10.961228370666504,1404526,0.0,0.0
2021-09-27 00:00:00+03:00,11.047613052644685,11.05721154586167,10.874843836189754,10.884442329406738,684852,0.0,0.0
2021-09-28 00:00:00+03:00,10.884442241533366,11.969047251503442,10.8076561271428,11.757884979248047,4641161,0.0,0.0
2021-09-29 00:00:00+03:00,12.045833063731907,12.516148231417224,12.045833063731907,12.343379020690918,5595586,0.0,0.0
2021-09-30 00:00:00+03:00,12.477755040090281,12.708113374989527,12.036234440518735,12.21860122680664,4993216,0.0,0.0
2021-10-01 00:00:00+03:00,12.256995252192958,12.832891091987996,12.23779826651846,12.698514938354492,5180525,0.0,0.0
2021-10-04 00:00:00+03:00,13.053651324866502,13.120838941296824,11.997840954707218,12.477754592895508,4942940,0.0,0.0
2021-10-05 00:00:00+03:00,12.50655022227931,12.516148715549306,12.21860183171834,12.362576484680176,2026696,0.0,0.0
2021-10-06 00:00:00+03:00,12.36257650604846,12.381772577258932,12.00744049270908,12.084226608276367,1141185,0.0,0.0
2021-10-07 00:00:00+03:00,12.141815118269196,12.429763494647995,12.113020555240114,12.25699520111084,1262058,0.0,0.0
2021-10-08 00:00:00+03:00,12.287228528799314,12.474294239391602,12.287228528799314,12.306920051574707,930130,0.320708,0.0
2021-10-11 00:00:00+03:00,12.356147719206039,12.81888816854576,12.336456196749957,12.671204566955566,1486980,0.0,0.0
2021-10-12 00:00:00+03:00,12.641668043500136,12.661358626734382,12.425065994262695,12.425065994262695,1022724,0.0,0.0
2021-10-13 00:00:00+03:00,12.454602688560596,12.493984795079182,12.07062738474025,12.316765785217285,1109218,0.0,0.0
2021-10-14 00:00:00+03:00,12.169082162462846,12.218310030269675,12.02139949798584,12.02139949798584,597813,0.0,0.0
2021-10-15 00:00:00+03:00,12.03124460631985,12.070626710639086,11.775260458773092,11.922943115234375,640656,0.0,0.0
2021-10-18 00:00:00+03:00,12.011553030028718,12.021398790799582,11.814642509328593,11.942634582519531,432340,0.0,0.0
2021-10-19 00:00:00+03:00,11.942635160741517,12.208464141821368,11.932789399493956,12.060781478881836,887375,0.0,0.0
2021-10-20 00:00:00+03:00,12.011553251934945,12.080472639660803,11.873716354370117,11.873716354370117,637252,0.0,0.0
2021-10-21 00:00:00+03:00,11.883561340640822,12.523521727264292,11.873716518495428,12.425065994262695,2207635,0.0,0.0
2021-10-22 00:00:00+03:00,12.43491147402642,12.45460205681519,12.169081564302267,12.208463668823242,1580370,0.0,0.0
2021-10-25 00:00:00+03:00,12.080472821602278,12.218309721243038,12.021399193939482,12.119854927062988,918008,0.0,0.0
2021-10-26 00:00:00+03:00,12.139545644351012,12.4841397751444,12.139545644351012,12.375838279724121,1780240,0.0,0.0
2021-10-27 00:00:00+03:00,12.375838072082423,12.523521670920383,12.090317574394508,12.139545440673828,1267446,0.0,0.0
2021-10-28 00:00:00+03:00,12.198618723772475,12.365992901033065,12.139545098115562,12.247845649719238,525878,0.0,0.0
2021-11-01 00:00:00+03:00,12.267537477003186,12.523521629657465,12.228155371898177,12.454602241516113,1614258,0.0,0.0
2021-11-02 00:00:00+03:00,12.43491218894149,12.749969043222714,12.28722858428955,12.28722858428955,1714250,0.0,0.0
2021-11-03 00:00:00+03:00,12.297074345721711,12.641668484299416,11.952481146087496,12.28722858428955,1275691,0.0,0.0
2021-11-04 00:00:00+03:00,12.336455926201088,12.572749495774588,12.336455926201088,12.454602241516113,945170,0.0,0.0
2021-11-05 00:00:00+03:00,12.454602338585792,12.651513804588987,12.238001228291807,12.425065994262695,1859131,0.0,0.0
2021-11-08 00:00:00+03:00,12.454602541791031,12.681050355811971,12.43491195823552,12.661358833312988,1607142,0.0,0.0
2021-11-09 00:00:00+03:00,12.690895727621161,12.710586310572435,12.474293681496489,12.484139442443848,1359233,0.0,0.0
2021-11-10 00:00:00+03:00,12.503829778660814,12.93703386236187,12.484139196098088,12.56290340423584,4452591,0.0,0.0
2021-11-11 00:00:00+03:00,12.553058225725689,12.68105030462199,12.356147696248097,12.375838279724121,1830699,0.0,0.0
2021-11-12 00:00:00+03:00,12.434911658435334,12.62197642294826,12.375838031306097,12.454602241516113,1558114,0.0,0.0
2021-11-15 00:00:00+03:00,12.523521849865542,12.690896034240723,12.44475763827057,12.690896034240723,1902852,0.0,0.0
2021-11-16 00:00:00+03:00,12.700741009638994,12.700741009638994,12.484139894612591,12.641668319702148,1965882,0.0,0.0
2021-11-17 00:00:00+03:00,12.681050398248571,12.799196716807423,12.582594663311124,12.651514053344727,1643666,0.0,0.0
2021-11-18 00:00:00+03:00,12.700741208283167,12.99610747941746,12.503830673841469,12.877961158752441,3136099,0.0,0.0
2021-11-19 00:00:00+03:00,12.966570550998224,13.183172598617212,12.92718844588054,13.06502628326416,1964844,0.0,0.0
2021-11-22 00:00:00+03:00,13.15363550242423,14.128344261084093,13.15363550242423,13.911742210388184,3127099,0.0,0.0
2021-11-23 00:00:00+03:00,13.951124318455628,14.000352185296332,13.31116486635686,13.60653018951416,2293013,0.0,0.0
2021-11-24 00:00:00+03:00,13.685294033388153,14.07911601859495,13.626221345920369,14.029888153076172,2191358,0.0,0.0
2021-11-25 00:00:00+03:00,14.039734065586769,14.354790905999824,13.911741989433104,13.980660438537598,1542971,0.0,0.0
2021-11-26 00:00:00+03:00,13.97081449954885,14.276026514018142,13.685294006826224,14.03973388671875,1817647,0.0,0.0
2021-11-29 00:00:00+03:00,14.216953068847388,14.669847746412879,13.921587750431874,13.980660438537598,2520152,0.0,0.0
2021-11-30 00:00:00+03:00,13.970814901825833,14.010197007509703,13.60653018951416,13.60653018951416,1580602,0.0,0.0
2021-12-01 00:00:00+03:00,13.685293913034641,14.079115894778024,13.675449091172215,14.069270133972168,1572186,0.0,0.0
2021-12-02 00:00:00+03:00,14.069270354657919,14.128343981476235,13.911741935067,14.000351905822754,879619,0.0,0.0
2021-12-03 00:00:00+03:00,14.02988833394544,14.325254591922453,14.02988833394544,14.276026725769043,1242997,0.0,0.0
2021-12-06 00:00:00+03:00,14.335100825924389,14.728921890258789,14.26618143545826,14.728921890258789,1566722,0.0,0.0
2021-12-07 00:00:00+03:00,14.847068138956784,15.014442325238859,14.689539713972119,14.748612403869629,1647911,0.0,0.0
2021-12-08 00:00:00+03:00,14.797840321780155,14.866759712153131,14.305563522555792,14.433555603027344,1391908,0.0,0.0
2021-12-09 00:00:00+03:00,14.492628872012714,14.620620949304415,14.226798956343,14.246490478515625,1350734,0.0,0.0
2021-12-10 00:00:00+03:00,14.207108180325715,14.541856541170228,14.118498209638233,14.305562973022461,1237283,0.0,0.0
2021-12-13 00:00:00+03:00,14.344945531939008,14.561547585037292,14.236644974861603,14.463091850280762,1592838,0.0,0.0
2021-12-14 00:00:00+03:00,14.53201096261946,14.906141433027345,14.49262885725776,14.856913566589355,1951338,0.0,0.0
2021-12-15 00:00:00+03:00,14.915986168933035,15.053824006373894,14.187416754481594,14.276026725769043,1585608,0.0,0.0
2021-12-16 00:00:00+03:00,14.305563344029379,14.571393262985977,14.138189159266364,14.492629051208496,1448947,0.0,0.0
2021-12-17 00:00:00+03:00,14.620620658397662,14.965213839071135,13.04533459578241,13.114253044128418,3184726,0.0,0.0
2021-12-20 00:00:00+03:00,12.553057946186252,13.478537883593495,11.932789087936778,12.464447975158691,1468232,0.0,0.0
2021-12-21 00:00:00+03:00,12.9468794369286,13.242245704090056,11.982017361670454,12.63182258605957,1340598,0.0,0.0
2021-12-22 00:00:00+03:00,12.641667757497395,12.740122549328111,12.129699459781293,12.208463668823242,968356,0.0,0.0
2021-12-23 00:00:00+03:00,12.365993504951932,12.44475771704548,11.804797320106074,12.060781478881836,858953,0.0,0.0
2021-12-24 00:00:00+03:00,12.119854990365372,12.700740814208984,12.031245017880096,12.700740814208984,1000747,0.0,0.0
2021-12-27 00:00:00+03:00,12.681050220082675,12.818888059269815,12.405375480651855,12.405375480651855,1216196,0.0,0.0
2021-12-28 00:00:00+03:00,12.602285953692567,12.602285953692567,12.070627060501234,12.119854927062988,512419,0.0,0.0
2021-12-29 00:00:00+03:00,12.129700129737598,12.39553005414426,12.041090154935377,12.297074317932129,403023,0.0,0.0
2021-12-30 00:00:00+03:00,12.365993277917102,12.375838100040445,12.119854884907907,12.12969970703125,307933,0.0,0.0
2021-12-31 00:00:00+03:00,12.129699501498665,12.434911516793502,12.08047257488572,12.19861888885498,431920,0.0,0.0
2022-01-03 00:00:00+03:00,12.247845806503594,12.503829956054688,12.149391014406325,12.503829956054688,523732,0.0,0.0
2022-01-04 00:00:00+03:00,12.553057643482765,12.651513373126665,12.405374987960338,12.56290340423584,1039791,0.0,0.0
2022-01-05 00:00:00+03:00,12.572749716848266,12.83857869624543,12.543212433292553,12.690896034240723,754905,0.0,0.0
2022-01-06 00:00:00+03:00,12.602286213429759,12.74996887721535,12.513676239581015,12.641668319702148,746340,0.0,0.0
2022-01-07 00:00:00+03:00,12.69089628560375,12.700741108040514,12.513676336533214,12.61213207244873,799394,0.0,0.0
2022-01-10 00:00:00+03:00,12.651513804314533,12.917342781103548,12.62197652104862,12.730278015136719,963385,0.0,0.0
2022-01-11 00:00:00+03:00,12.74996813633451,12.868114448286379,12.553057616414728,12.572749137878418,944425,0.0,0.0
2022-01-12 00:00:00+03:00,12.612131385630425,12.86811459497243,12.58259410309819,12.82873249053955,1214408,0.0,0.0
2022-01-13 00:00:00+03:00,12.858269839211395,13.439155647848448,12.858269839211395,13.419465065002441,2484293,0.0,0.0
2022-01-14 00:00:00+03:00,13.429310702429262,13.626221223796144,13.252090763727356,13.458847045898438,1602468,0.0,0.0
2022-01-17 00:00:00+03:00,13.488383629546103,13.990506172180176,13.478537868566585,13.990506172180176,2272097,0.0,0.0
2022-01-18 00:00:00+03:00,13.960969894203664,14.010196821447146,13.350546794738662,13.360391616821289,1309994,0.0,0.0
2022-01-19 00:00:00+03:00,13.340701115330866,14.276026822831108,13.301319009929069,14.246490478515625,2900145,0.0,0.0
2022-01-20 00:00:00+03:00,14.27602720025286,14.54185712295044,13.783750400244141,14.128344535827637,2406102,0.0,0.0
2022-01-21 00:00:00+03:00,14.079116350139833,14.2760268779085,13.832977955693135,14.226799011230469,1326664,0.0,0.0
2022-01-24 00:00:00+03:00,14.295718029098381,14.443400686355774,13.586839208587334,13.734521865844727,1414124,0.0,0.0
2022-01-25 00:00:00+03:00,13.734521893090422,13.86251396780767,13.301318742384186,13.724676132202148,1016523,0.0,0.0
2022-01-26 00:00:00+03:00,13.783750186797835,14.295718501571763,13.77390442560369,13.892050743103027,1577868,0.0,0.0
2022-01-27 00:00:00+03:00,13.685294033388153,14.12834388411373,13.488383510256474,14.029888153076172,1078641,0.0,0.0
2022-01-28 00:00:00+03:00,14.079115928964622,14.108652272510481,13.714831228754262,13.754213333129883,870063,0.0,0.0
2022-01-31 00:00:00+03:00,13.911742615975657,14.039734697893696,13.744368427232335,13.783750534057617,578969,0.0,0.0
2022-02-01 00:00:00+03:00,13.951124094484735,14.177570963795757,13.85266836238393,13.980660438537598,1086036,0.0,0.0
2022-02-02 00:00:00+03:00,14.000352591068413,14.11849891154426,13.783750534057617,13.783750534057617,664375,0.0,0.0
2022-02-03 00:00:00+03:00,13.79359629549981,13.901896854533463,13.665604213581771,13.783750534057617,558831,0.0,0.0
2022-02-04 00:00:00+03:00,13.882205713417026,13.882205713417026,13.547457349365827,13.655757904052734,493669,0.0,0.0
2022-02-07 00:00:00+03:00,13.665603541019294,13.793595616638113,13.586839331245168,13.69513988494873,435332,0.0,0.0
2022-02-08 00:00:00+03:00,13.724676779315597,13.960970357058137,13.586839876154555,13.823132514953613,874697,0.0,0.0
2022-02-09 00:00:00+03:00,13.862514593651037,13.921588222704207,13.803441903541346,13.832978248596191,695313,0.0,0.0
2022-02-10 00:00:00+03:00,13.86251384320907,13.951123812520219,13.72467600884246,13.764058113098145,555425,0.0,0.0
2022-02-11 00:00:00+03:00,13.734522366124853,13.734522366124853,13.43915610190791,13.576993942260742,736284,0.0,0.0
2022-02-14 00:00:00+03:00,13.527765520961685,13.62622125131568,13.094562373079649,13.44900131225586,651869,0.0,0.0
2022-02-15 00:00:00+03:00,13.449001890479865,13.616376075911656,13.449001890479865,13.567148208618164,827041,0.0,0.0
2022-02-16 00:00:00+03:00,13.567148460379977,13.724676887487586,13.468693662909466,13.488384246826172,437705,0.0,0.0
2022-02-17 00:00:00+03:00,13.488384044899902,13.537611912369941,13.232399885210473,13.252091407775879,422438,0.0,0.0
2022-02-18 00:00:00+03:00,13.261936613120273,13.36039140498967,13.035488807828134,13.124098777770996,324242,0.0,0.0
2022-02-21 00:00:00+03:00,13.13394466274658,13.242245216509303,12.956724721186268,13.084716796875,355176,0.0,0.0
2022-02-22 00:00:00+03:00,12.799196872127103,12.799196872127103,12.493984841272015,12.602286338806152,426424,0.0,0.0
2022-02-23 00:00:00+03:00,12.681050024985913,12.94687899918287,12.523521604877576,12.769659996032715,451631,0.0,0.0
2022-02-24 00:00:00+03:00,11.991862894939349,12.110009211768375,11.49958610534668,11.49958610534668,548806,0.0,0.0
2022-02-25 00:00:00+03:00,11.499586499916003,12.07062752032136,11.450358631478956,11.972171783447266,649952,0.0,0.0
2022-02-28 00:00:00+03:00,11.913098991674886,12.050935895400118,11.696496935750757,11.706342697143555,434383,0.0,0.0
2022-03-01 00:00:00+03:00,11.78510661669984,11.991862906078556,11.706342405407327,11.794951438903809,439890,0.0,0.0
2022-03-02 00:00:00+03:00,11.79495138398579,12.001707672401835,11.686650828698703,11.814642906188965,482643,0.0,0.0
2022-03-03 00:00:00+03:00,11.913098815942305,12.208464141821368,11.86387094864797,12.060781478881836,564953,0.0,0.0
2022-03-04 00:00:00+03:00,11.991863306399482,12.031245413360422,11.834334878555728,11.972171783447266,445299,0.0,0.0
2022-03-07 00:00:00+03:00,11.972171389908755,12.986261315026288,11.952480806547284,12.700740814208984,1922905,0.0,0.0
2022-03-08 00:00:00+03:00,12.6219761540869,13.508074908489924,12.503829841288516,12.848423957824707,1025211,0.0,0.0
2022-03-09 00:00:00+03:00,13.09456286302816,13.124099207662125,12.82873294449209,12.986261367797852,486423,0.0,0.0
2022-03-10 00:00:00+03:00,13.005953003339323,13.793596065664374,13.005953003339323,13.557303428649902,1480160,0.0,0.0
2022-03-11 00:00:00+03:00,13.547457070010411,13.7935954574498,13.232399295606458,13.439155578613281,1035065,0.0,0.0
2022-03-14 00:00:00+03:00,13.74436762514523,14.620620624551176,13.74436762514523,14.344944953918457,2374086,0.0,0.0
2022-03-15 00:00:00+03:00,14.35479141782297,15.043978750271373,14.246490859805364,14.423709869384766,2055104,0.0,0.0
2022-03-16 00:00:00+03:00,14.472936909654887,14.67969319146182,14.010196481050151,14.079115867614746,699161,0.0,0.0
2022-03-17 00:00:00+03:00,14.098807256388469,14.748612482381063,14.098807256388469,14.423709869384766,1082039,0.0,0.0
2022-03-18 00:00:00+03:00,14.423709609755988,14.453246893273782,14.11849852495318,14.207108497619629,508580,0.0,0.0
2022-03-21 00:00:00+03:00,14.276026565285393,14.797839687181318,14.276026565285393,14.630465507507324,1414315,0.0,0.0
2022-03-22 00:00:00+03:00,14.640311741420707,14.70923019212131,14.463091795112334,14.482783317565918,703860,0.0,0.0
2022-03-23 00:00:00+03:00,14.551702020966532,14.591084127614126,14.315409381080968,14.404019355773926,732226,0.0,0.0
2022-03-24 00:00:00+03:00,14.413864259149465,14.47293694613266,14.276026424616294,14.374482154846191,398553,0.0,0.0
2022-03-25 00:00:00+03:00,14.374483038241326,14.541857226552207,14.19726308851369,14.394173622131348,371872,0.0,0.0
2022-03-28 00:00:00+03:00,14.463091239673476,15.024287401783392,14.394172791619608,14.965213775634766,1478675,0.0,0.0
2022-03-29 00:00:00+03:00,14.9652141769389,15.211352571095604,14.650157332880227,14.8372220993042,1619256,0.0,0.0
2022-03-30 00:00:00+03:00,14.856913539173814,15.181816142544164,14.847067778115692,14.866759300231934,752829,0.0,0.0
2022-03-31 00:00:00+03:00,15.01444249656984,15.043978841855637,14.620621429614255,14.699385643005371,477461,0.0,0.0
2022-04-01 00:00:00+03:00,14.778149082595833,14.955368083974713,14.719075456173913,14.945523262023926,464580,0.0,0.0
2022-04-04 00:00:00+03:00,14.965214429653024,15.11289803200702,14.738767553897759,14.758458137512207,744979,0.0,0.0
2022-04-05 00:00:00+03:00,14.758457805793906,14.787995088966897,14.472937307725848,14.56154727935791,747731,0.0,0.0
2022-04-06 00:00:00+03:00,14.561547068610988,14.66000279987578,14.325254440307617,14.325254440307617,615864,0.0,0.0
2022-04-07 00:00:00+03:00,14.37448291292877,14.650157657590238,14.37448291292877,14.433555603027344,516815,0.0,0.0
2022-04-08 00:00:00+03:00,14.433554869128836,14.669847495395397,14.295717973278391,14.364636421203613,566377,0.0,0.0
2022-04-11 00:00:00+03:00,14.47293742981768,14.89629576943406,14.404018979719558,14.827377319335938,1402475,0.0,0.0
2022-04-12 00:00:00+03:00,14.837222418117118,15.359036500981034,14.6304661250251,15.33934497833252,1843569,0.0,0.0
2022-04-13 00:00:00+03:00,15.437800706214617,15.910385982228462,15.378727077241146,15.644556999206543,1938029,0.0,0.0
2022-04-14 00:00:00+03:00,15.654400611607223,16.06791316562946,15.644555789992145,16.03837776184082,1448876,0.0,0.0
2022-04-15 00:00:00+03:00,16.09745173995642,16.136832907465912,15.772549126983515,15.93007755279541,739055,0.0,0.0
2022-04-18 00:00:00+03:00,15.930077250691516,15.98914993977896,15.62486522726151,15.723320960998535,760654,0.0,0.0
2022-04-19 00:00:00+03:00,15.76270378056255,16.146679093850715,15.644557458093614,16.09745216369629,2457361,0.0,0.0
2022-04-20 00:00:00+03:00,16.245134771551438,17.101697249412616,16.245134771551438,16.707874298095703,3135782,0.0,0.0
2022-04-21 00:00:00+03:00,16.796482742216725,16.97370267856634,16.48142591221156,16.5897274017334,1587623,0.0,0.0
2022-04-22 00:00:00+03:00,16.58972753729034,17.1509227550585,16.235287661694937,16.540498733520508,2305203,0.0,0.0
2022-04-25 00:00:00+03:00,16.451888764621657,16.71771867131821,15.76270241282563,16.540498733520508,1254429,0.0,0.0
2022-04-26 00:00:00+03:00,16.481425661752112,16.65864559540861,15.811928969221706,16.048221588134766,1155924,0.0,0.0
2022-04-27 00:00:00+03:00,16.048222792231115,16.067914314756358,15.615019625053986,15.96945858001709,840430,0.0,0.0
2022-04-28 00:00:00+03:00,16.04822299267182,16.40266289100532,15.998996063630823,16.205751419067383,704148,0.0,0.0
2022-04-29 00:00:00+03:00,16.254979783071228,16.53065546069519,16.195907094254277,16.353435516357422,787308,0.0,0.0
2022-05-05 00:00:00+03:00,16.54049893901098,17.288759864626808,16.54049893901098,17.09185028076172,1148868,0.0,0.0
2022-05-06 00:00:00+03:00,16.816174962846183,17.131231805952645,16.540499286184573,16.973703384399414,648977,0.0,0.0
2022-05-09 00:00:00+03:00,17.003240640949542,17.623508565105574,16.73741072578828,17.59397315979004,1829894,0.0,0.0
2022-05-10 00:00:00+03:00,18.361923858929153,18.46037959233231,17.475826014074585,17.554590225219727,756925,0.0,0.0
2022-05-11 00:00:00+03:00,17.229687342547262,17.564435704004843,16.776793605214582,17.03277587890625,1314543,0.0,0.0
2022-05-12 00:00:00+03:00,17.032776275981984,17.072159320783058,16.19590723071545,16.30420684814453,1020350,0.0,0.0
2022-05-13 00:00:00+03:00,16.323898228861633,16.973703439343883,15.516564596316227,16.954011917114258,927135,0.0,0.0
2022-05-16 00:00:00+03:00,16.954012589105524,17.03277680325901,16.146678924560547,16.146678924560547,912143,0.0,0.0
2022-05-17 00:00:00+03:00,16.432199385972073,16.432199385972073,15.772548427914135,15.851312637329102,922656,0.0,0.0
2022-05-18 00:00:00+03:00,15.83162172667165,16.03837895804695,15.654401779174805,15.654401779174805,525734,0.0,0.0
2022-05-20 00:00:00+03:00,15.654401729568598,15.880848604925012,15.260580668538541,15.368881225585938,800752,0.0,0.0
2022-05-23 00:00:00+03:00,15.418108390310893,15.605174089982748,14.984905242919922,14.984905242919922,561803,0.0,0.0
2022-05-24 00:00:00+03:00,15.162125080714514,15.250735055040684,15.004596654776204,15.024288177490234,302272,0.0,0.0
2022-05-25 00:00:00+03:00,15.024287347228192,15.211352107956618,14.866758929995113,14.984905242919922,464534,0.0,0.0
2022-05-26 00:00:00+03:00,14.984905973579593,15.181816504722244,14.92583234476506,15.053824424743652,381718,0.0,0.0
2022-05-27 00:00:00+03:00,15.103051863482413,15.634710751945262,15.103051863482413,15.191661834716797,619246,0.0,0.0
2022-05-30 00:00:00+03:00,15.221198705826964,15.930077561302538,15.221198705826964,15.624865531921387,842917,0.0,0.0
2022-05-31 00:00:00+03:00,15.674092788959086,15.7430112378671,15.457490742320902,15.51656436920166,523527,0.0,0.0
2022-06-01 00:00:00+03:00,15.516564548444373,15.900539841302807,15.487027265191065,15.762702941894531,803107,0.0,0.0
2022-06-02 00:00:00+03:00,15.84146674530276,16.018686684491378,15.585482597351074,15.585482597351074,805845,0.0,0.0
2022-06-03 00:00:00+03:00,15.713475102789062,15.831621419177736,15.555946680937495,15.752857208251953,717588,0.0,0.0
2022-06-06 00:00:00+03:00,15.831621551110487,16.323898342970747,15.831621551110487,16.31405258178711,1300798,0.0,0.0
2022-06-07 00:00:00+03:00,16.343590398887756,16.402663090031123,16.028533542273813,16.146678924560547,724359,0.0,0.0
2022-06-08 00:00:00+03:00,16.22544222536909,16.22544222536909,15.191661738061159,15.221198081970215,758873,0.0,0.0
2022-06-09 00:00:00+03:00,15.22119795832623,15.447644824695265,14.886449600264665,15.260580062866211,746317,0.0,0.0
2022-06-10 00:00:00+03:00,15.063669700969458,15.33934443569213,14.76830344429487,14.90614128112793,512726,0.0,0.0
2022-06-13 00:00:00+03:00,14.906141866734725,14.994750902169118,14.699385572834174,14.719076156616211,610616,0.0,0.0
2022-06-14 00:00:00+03:00,14.778149259539878,15.043978234262784,14.74861197650354,14.886449813842773,392988,0.0,0.0
2022-06-15 00:00:00+03:00,14.896295450891673,15.063669630930951,14.797839719476766,14.92583179473877,647836,0.0,0.0
2022-06-16 00:00:00+03:00,14.96521371285572,15.201506338572102,14.60092901347377,14.679693222045898,571422,0.0,0.0
2022-06-17 00:00:00+03:00,14.787995047758507,14.975059812615564,14.66000297119591,14.876604080200195,453908,0.0,0.0
2022-06-20 00:00:00+03:00,14.925832317367648,15.319654317873539,14.896295972486335,15.06367015838623,635347,0.0,0.0
2022-06-21 00:00:00+03:00,15.073515423481494,15.240888664928436,15.06366966253066,15.221198081970215,478559,0.0,0.0
2022-06-22 00:00:00+03:00,15.20150696213292,15.23104424576665,14.984905849146378,15.093206405639648,531340,0.0,0.0
2022-06-23 00:00:00+03:00,15.112898225459116,15.467337185547436,15.093206702649132,15.299962997436523,831055,0.0,0.0
2022-06-24 00:00:00+03:00,15.457491045837157,15.526410435041885,15.221198411561282,15.418108940124512,579328,0.0,0.0
2022-06-27 00:00:00+03:00,15.221198081970215,15.221198081970215,15.221198081970215,15.221198081970215,6150,0.0,0.0
2022-06-28 00:00:00+03:00,15.378726409811984,15.930076813509945,15.349190066078851,15.555946350097656,1448067,0.0,0.0
2022-06-29 00:00:00+03:00,15.743010578746759,16.314051545931104,15.683937893282673,16.03837776184082,2420047,0.0,0.0
2022-06-30 00:00:00+03:00,16.03837900925916,16.03837900925916,15.240889242976898,15.33934497833252,1100483,0.0,0.0
2022-07-01 00:00:00+03:00,15.260580186830103,15.447644950178711,15.06366966253066,15.221198081970215,467047,0.0,0.0
2022-07-04 00:00:00+03:00,15.260580689167439,15.615019644573612,15.06367015838623,15.06367015838623,854380,0.0,0.0
2022-07-05 00:00:00+03:00,15.083360053644425,15.122742158003414,14.600929040510946,14.66984748840332,606114,0.0,0.0
2022-07-06 00:00:00+03:00,14.807685384767119,15.152279503550192,14.719075414854704,14.955368041992188,433544,0.0,0.0
2022-07-07 00:00:00+03:00,15.132588731524582,15.752857612697774,15.043978757222199,15.624865531921387,681369,0.0,0.0
2022-07-08 00:00:00+03:00,15.703629105287696,16.01868688319146,15.270425951717256,15.526410102844238,351929,0.0,0.0
2022-07-13 00:00:00+03:00,15.595328108350326,16.835865784910787,15.595328108350326,16.5897274017334,1855899,0.0,0.0
2022-07-14 00:00:00+03:00,16.786637085457013,17.495516835243627,16.73741015967154,17.17061424255371,2007272,0.0,0.0
2022-07-18 00:00:00+03:00,17.426598747305054,18.883737564086914,17.41675298636758,18.883737564086914,3951603,0.0,0.0
2022-07-19 00:00:00+03:00,19.356323651030173,19.53354359972337,18.411153095182414,18.62775421142578,3061473,0.0,0.0
2022-07-20 00:00:00+03:00,18.755745325430148,19.37601514493391,18.430842712604786,18.63759994506836,2078886,0.0,0.0
2022-07-21 00:00:00+03:00,18.706517869509597,19.080647400629548,18.519452165006165,18.804973602294922,1087900,0.0,0.0
2022-07-22 00:00:00+03:00,18.982194337388712,19.100339719348863,18.480071769340604,18.558835983276367,1047627,0.0,0.0
2022-07-25 00:00:00+03:00,18.75574512913785,19.00188352651702,18.578527060449883,18.696672439575195,851651,0.0,0.0
2022-07-26 00:00:00+03:00,18.814819539361853,20.557477951049805,18.814819539361853,20.557477951049805,2960695,0.0,0.0
2022-07-27 00:00:00+03:00,20.970989731621955,21.699561006568718,19.986436187829625,20.203039169311523,4389650,0.0,0.0
2022-07-28 00:00:00+03:00,20.596861468611234,22.211528778076172,20.557478423069664,22.211528778076172,5187066,0.0,0.0
2022-07-29 00:00:00+03:00,22.250912051052683,24.02310780502424,21.896472149103577,22.743188858032227,7170146,0.0,0.0
2022-08-01 00:00:00+03:00,22.782569634398808,23.727742064050837,22.19183897848912,22.8613338470459,3069409,0.0,0.0
2022-08-02 00:00:00+03:00,23.097625231848326,23.235464004917645,21.955543271484583,22.0343074798584,1706163,0.0,0.0
2022-08-03 00:00:00+03:00,21.955543463614077,22.526584448793038,21.8570896107004,21.975234985351562,1480247,0.0,0.0
2022-08-04 00:00:00+03:00,22.073691464563723,24.160945892333984,22.073691464563723,24.160945892333984,4516909,0.0,0.0
2022-08-05 00:00:00+03:00,24.377547215189043,24.594148329851087,23.176392506429963,23.4914493560791,3184705,0.0,0.0
2022-08-08 00:00:00+03:00,23.609594806136723,24.594148403168816,22.762879989652255,22.8613338470459,2230251,0.0,0.0
2022-08-09 00:00:00+03:00,23.294537278435715,23.373301488793327,22.290292187960947,22.467512130737305,1399236,0.0,0.0
2022-08-10 00:00:00+03:00,22.605350043981,23.235465633010122,22.093383592621507,22.152456283569336,2357051,0.0,0.0
2022-08-11 00:00:00+03:00,22.44782038132576,22.605348800445547,21.660178285726808,21.935853958129883,2354324,0.0,0.0
2022-08-12 00:00:00+03:00,21.994927413185593,22.99917252852545,21.837398988569962,22.290292739868164,2350365,0.0,0.0
2022-08-15 00:00:00+03:00,22.30998351809578,22.940097195536016,21.975235157483933,22.52658462524414,1873166,0.0,0.0
2022-08-16 00:00:00+03:00,22.644731521606445,22.84164298164472,21.660177977188773,22.644731521606445,1466419,0.0,0.0
2022-08-17 00:00:00+03:00,23.314228041453138,23.60959335120623,22.093381881713867,22.093381881713867,2879173,0.0,0.0
2022-08-18 00:00:00+03:00,22.19183903881377,22.27060325167497,21.167902393731264,21.640487670898438,1799326,0.0,0.0
2022-08-19 00:00:00+03:00,21.660179039663326,21.738943251964805,20.695316969498464,21.08913803100586,1485930,0.0,0.0
2022-08-22 00:00:00+03:00,21.089137781428498,21.640487261013963,20.675625202267668,21.16790199279785,1397227,0.0,0.0
2022-08-23 00:00:00+03:00,21.266357829470817,22.09338299179763,21.16790209531059,21.738943099975586,1959114,0.0,0.0
2022-08-24 00:00:00+03:00,21.75863457362873,21.817707262837725,21.12851900314739,21.148210525512695,1235365,0.0,0.0
2022-08-25 00:00:00+03:00,21.14821016756978,21.817706893563273,21.14821016756978,21.266357421875,1308966,0.0,0.0
2022-08-26 00:00:00+03:00,21.305738456820276,22.309983539624913,21.24666576897497,21.916162490844727,2040610,0.0,0.0
2022-08-29 00:00:00+03:00,21.896471776162798,21.95554446618586,21.502650712864124,21.660179138183594,1009704,0.0,0.0
2022-08-31 00:00:00+03:00,22.054000368272508,23.589903465696562,22.054000368272508,23.41268539428711,3270352,0.0,0.0
2022-09-01 00:00:00+03:00,23.432375027043456,25.14549995076319,22.62504137212207,24.613840103149414,4270348,0.0,0.0
2022-09-02 00:00:00+03:00,24.791058806129318,25.854376570017845,24.613838865833415,25.007659912109375,2857574,0.0,0.0
2022-09-05 00:00:00+03:00,25.184880862087496,26.917695413058528,25.184880862087496,25.89375877380371,2964031,0.0,0.0
2022-09-06 00:00:00+03:00,25.992214810896105,26.011906333699944,24.692604352034348,25.204572677612305,2849945,0.0,0.0
2022-09-07 00:00:00+03:00,25.20457130595284,25.30302703672699,24.20032623225284,24.416927337646484,1641627,0.0,0.0
2022-09-08 00:00:00+03:00,24.45631132863298,25.106116547876475,23.96403453357658,24.121562957763672,1420815,0.0,0.0
2022-09-09 00:00:00+03:00,24.25939930088658,24.318473867011765,23.45206567604473,23.688358306884766,1448676,0.0,0.0
2022-09-12 00:00:00+03:00,23.747433971033335,24.397239205360567,23.412685592393608,23.94434356689453,2591051,0.0,0.0
2022-09-13 00:00:00+03:00,24.121562952539545,24.279091376692524,22.920408248901367,22.920408248901367,1363283,0.0,0.0
2022-09-14 00:00:00+03:00,22.565968131004933,23.629285922397337,22.231219763540018,23.589902877807617,1313835,0.0,0.0
2022-09-15 00:00:00+03:00,23.6095951006052,23.904962310130944,23.235465555336972,23.373302459716797,1096076,0.0,0.0
2022-09-16 00:00:00+03:00,23.530829478683856,24.259398880624182,22.999171537975776,23.826196670532227,1514739,0.0,0.0
2022-09-19 00:00:00+03:00,23.806505952595465,24.88951527016404,23.530830273140232,23.570213317871094,1772790,0.0,0.0
2022-09-20 00:00:00+03:00,23.668668490938565,24.909204324373004,22.644731886843417,23.137008666992188,1352189,0.0,0.0
2022-09-21 00:00:00+03:00,23.274845123291016,24.318473229501006,23.11731670686061,23.274845123291016,2033320,0.0,0.0
2022-09-22 00:00:00+03:00,23.43237512868413,24.436620259941527,23.294538224432436,23.983726501464844,1807748,0.0,0.0
2022-09-23 00:00:00+03:00,24.22001752825143,25.716539363987547,24.16094484149225,25.106115341186523,4061842,0.0,0.0
2022-09-26 00:00:00+03:00,25.342408661629783,26.248198020972847,23.86557830691089,24.279090881347656,2998459,0.0,0.0
2022-09-27 00:00:00+03:00,24.81075015027082,25.755920654565738,24.27909033318978,24.456310272216797,2144570,0.0,0.0
2022-09-28 00:00:00+03:00,24.456311526917553,25.303028222203316,23.845887469828224,24.062490463256836,2058149,0.0,0.0
2022-09-29 00:00:00+03:00,24.220019070229487,24.416928664592035,21.71925201094064,22.802261352539062,1933883,0.0,0.0
2022-09-30 00:00:00+03:00,22.802260414090604,23.235464508478447,22.349366675597732,23.097625732421875,954113,0.0,0.0
2022-10-03 00:00:00+03:00,23.137008674877492,23.747432708740234,22.80226031403129,23.747432708740234,1692150,0.0,0.0
2022-10-04 00:00:00+03:00,23.964034424056567,24.495692383786498,23.530830320578414,24.160945892333984,1678222,0.0,0.0
2022-10-05 00:00:00+03:00,24.416927552545747,24.515383284186434,23.196081362707147,23.747432708740234,1321195,0.0,0.0
2022-10-06 00:00:00+03:00,23.767122681281645,24.98796888799548,23.629285781811557,24.85013198852539,2676144,0.0,0.0
2022-10-07 00:00:00+03:00,24.810751226861036,25.460556446231912,24.318474431708136,25.322717666625977,2272490,0.0,0.0
2022-10-10 00:00:00+03:00,25.637775174568684,26.149741590003522,25.40148067158417,25.71653938293457,2111067,0.0,0.0
2022-10-11 00:00:00+03:00,25.696847898022778,25.775612106501008,25.086423873901367,25.086423873901367,1622712,0.0,0.0
2022-10-12 00:00:00+03:00,25.165189237474898,25.204572282465143,24.10187143526855,24.121562957763672,1412127,0.0,0.0
2022-10-13 00:00:00+03:00,24.88951584450065,24.909205489433496,24.180636046082885,24.594148635864258,1556542,0.0,0.0
2022-10-14 00:00:00+03:00,24.85013248986088,25.95283334152861,24.57445680747221,25.89375877380371,2353130,0.0,0.0
2022-10-17 00:00:00+03:00,26.346654296314338,27.567500522686895,26.248198561727353,27.134296417236328,3618001,0.0,0.0
2022-10-18 00:00:00+03:00,27.173678363346433,28.059776183022397,26.77985731881121,27.48873519897461,2554484,0.0,0.0
2022-10-19 00:00:00+03:00,27.54780889783043,28.768655119666587,27.173679361254404,28.374834060668945,3241377,0.0,0.0
2022-10-20 00:00:00+03:00,28.43390670192414,28.532362435978655,27.60688341837225,27.784101486206055,1998561,0.0,0.0
2022-10-21 00:00:00+03:00,27.606884113884007,28.000705182136826,27.153988476978025,27.567501068115234,1788900,0.0,0.0
2022-10-24 00:00:00+03:00,27.646264974526833,27.862866090187,27.05553243976905,27.665956497192383,2060101,0.0,0.0
2022-10-25 00:00:00+03:00,27.744720307334013,27.90224873059843,26.32696262006734,26.58294677734375,1857015,0.0,0.0
2022-10-26 00:00:00+03:00,26.6814013294607,27.350898037621516,26.20881608060137,26.957075119018555,1228559,0.0,0.0
2022-10-27 00:00:00+03:00,27.094913975857857,27.744719164529847,26.898002515944647,26.93738555908203,1432793,0.0,0.0
2022-10-28 00:00:00+03:00,26.878312722740652,26.976768459028285,26.18912632450116,26.386035919189453,553680,0.0,0.0
2022-10-31 00:00:00+03:00,26.976767026757244,27.74471947556371,26.681401711463074,26.838930130004883,1556783,0.0,0.0
2022-11-01 00:00:00+03:00,26.83893035504751,27.508427078407312,26.582946203298945,27.370588302612305,1675460,0.0,0.0
2022-11-02 00:00:00+03:00,27.606883966389283,28.13854193621837,26.898004169434543,27.016151428222656,2044081,0.0,0.0
2022-11-03 00:00:00+03:00,27.09491568289659,28.217306192609104,26.89800421057753,28.197614669799805,2452138,0.0,0.0
2022-11-04 00:00:00+03:00,28.197614214166837,29.142786636983935,27.62657320713313,28.94587516784668,1984867,0.0,0.0
2022-11-07 00:00:00+03:00,29.41845976827517,29.87135538579011,28.473289244936534,29.162477493286133,2912843,0.0,0.0
2022-11-08 00:00:00+03:00,29.20185916680332,29.457843324126454,28.217305582277554,28.3945255279541,1648709,0.0,0.0
2022-11-09 00:00:00+03:00,28.394525734508875,28.689891060860454,27.370589097767766,27.72502899169922,1646876,0.0,0.0
2022-11-10 00:00:00+03:00,26.602637556256266,26.937385915809628,26.149741943613,26.819238662719727,2784006,0.0,0.0
2022-11-11 00:00:00+03:00,26.85862127667304,27.035839336642297,26.248197254933878,26.34665298461914,1654264,0.0,0.0
2022-11-14 00:00:00+03:00,26.346653895559232,26.838930683119262,26.208816995966234,26.661710739135742,1725173,0.0,0.0
2022-11-15 00:00:00+03:00,26.87831111676815,26.937385681743226,25.696847985569594,26.287580490112305,1769304,0.0,0.0
2022-11-16 00:00:00+03:00,26.661709883325212,26.760165613254284,25.6771563398082,25.71653938293457,2154012,0.0,0.0
2022-11-17 00:00:00+03:00,25.71653992857493,25.755921094650017,24.41692764613301,24.928895950317383,2183687,0.0,0.0
2022-11-18 00:00:00+03:00,24.968278517254333,25.755920602576893,24.751675535375483,25.696847915649414,1747027,0.0,0.0
2022-11-21 00:00:00+03:00,26.208817898570295,26.405727493643518,25.2636454574031,25.77561378479004,1363399,0.0,0.0
2022-11-22 00:00:00+03:00,26.090668838592194,26.46479835793198,25.61808358956714,26.34665298461914,2375051,0.0,0.0
2022-11-23 00:00:00+03:00,26.504182262639834,26.54356342906215,25.893758221055137,26.07097816467285,1887531,0.0,0.0
2022-11-24 00:00:00+03:00,26.189124987271928,27.075222812842114,26.011905046580516,26.819238662719727,3632420,0.0,0.0
2022-11-25 00:00:00+03:00,27.05553215013468,27.626573156113817,27.03584062767993,27.153987884521484,2829240,0.0,0.0
2022-11-28 00:00:00+03:00,27.58719203485892,28.158233041785426,27.23275214163318,27.744720458984375,3303219,0.0,0.0
2022-11-29 00:00:00+03:00,27.941629854162198,29.241242160909657,27.606883363659364,27.80379295349121,3988216,0.0,0.0
2022-11-30 00:00:00+03:00,27.646264685809623,28.57174558466888,27.46904473944435,28.35514259338379,2414985,0.0,0.0
2022-12-01 00:00:00+03:00,28.55205334218175,29.3396954418458,28.17792381431305,28.5914363861084,2955869,0.0,0.0
2022-12-02 00:00:00+03:00,28.689890201822458,30.974054165683523,28.236996464592405,30.422704696655273,6296104,0.0,0.0
2022-12-05 00:00:00+03:00,31.013437630093122,32.076757294467754,30.107648265463816,30.89529037475586,3891502,0.0,0.0
2022-12-06 00:00:00+03:00,30.895290350197612,31.111893338495936,29.713827187198675,30.3045597076416,1902672,0.0,0.0
2022-12-07 00:00:00+03:00,30.42270586496146,30.50147007784738,27.88255765203195,28.256689071655273,2430486,0.0,0.0
2022-12-08 00:00:00+03:00,28.256688681913122,28.67020126333238,26.976767892812116,28.374834060668945,1866396,0.0,0.0
2022-12-09 00:00:00+03:00,28.571744780120977,29.024638516624208,28.21730489737105,28.611125946044922,1422756,0.0,0.0
2022-12-12 00:00:00+03:00,28.748964894955474,29.891046881944003,28.611126118672793,29.772899627685547,2023438,0.0,0.0
2022-12-13 00:00:00+03:00,29.67444471740134,32.5296516418457,29.59568050500965,32.5296516418457,4394232,0.0,0.0
2022-12-14 00:00:00+03:00,33.47481967270033,34.32153630063947,32.03737243519946,33.317291259765625,4463800,0.0,0.0
2022-12-15 00:00:00+03:00,34.45937392640676,35.14856215608964,32.35242995011597,33.080997467041016,2171700,0.0,0.0
2022-12-16 00:00:00+03:00,33.82926194539444,34.28215569530255,33.218839771354205,33.77018737792969,606355,0.0,0.0
2022-12-19 00:00:00+03:00,32.667489274765394,32.92347156234898,31.742010227933683,32.293357849121094,2150125,0.0,0.0
2022-12-20 00:00:00+03:00,32.39181507113752,33.04162029949095,32.05706669557521,32.411502838134766,2603721,0.0,0.0
2022-12-21 00:00:00+03:00,32.64779674109013,33.474821903043335,32.11613690359725,32.60841369628906,2247970,0.0,0.0
2022-12-22 00:00:00+03:00,32.88408993008026,33.652040493911144,32.09644408886797,33.04161834716797,2043190,0.0,0.0
2022-12-23 00:00:00+03:00,33.04162043835278,35.24701841715911,32.588722924259976,34.77443313598633,2268021,0.0,0.0
2022-12-26 00:00:00+03:00,34.872884464380235,37.314580540283664,34.754739091602225,36.822303771972656,2652831,0.0,0.0
2022-12-27 00:00:00+03:00,36.9798326534498,37.472109427962195,35.26670782560622,35.44392776489258,1576176,0.0,0.0
2022-12-28 00:00:00+03:00,35.7589848010019,35.81805936635379,33.96709763217239,34.16400909423828,1063744,0.0,0.0
2022-12-29 00:00:00+03:00,34.38060754768371,35.99527849562484,33.57327395159998,35.640838623046875,1072571,0.0,0.0
2022-12-30 00:00:00+03:00,35.83775209256313,36.03465980547289,34.91226931648218,35.01072692871094,788962,0.0,0.0
2023-01-02 00:00:00+03:00,35.247016015634955,37.1373607673031,35.16825368535954,36.76322937011719,1340564,0.0,0.0
2023-01-03 00:00:00+03:00,36.92075938933174,38.594501232802884,35.601457436922,37.472110748291016,2347853,0.0,0.0
2023-01-04 00:00:00+03:00,37.66901916882844,37.90531368590448,35.68022419740231,36.03466033935547,1296556,0.0,0.0
2023-01-05 00:00:00+03:00,36.58600940949215,36.80261239021861,33.06130968801092,34.321537017822266,1280842,0.0,0.0
2023-01-06 00:00:00+03:00,32.47057683386255,34.32153862820101,31.033129498879244,33.8095703125,1578097,0.0,0.0
2023-01-09 00:00:00+03:00,33.98678959386177,35.306091524273675,32.88409065010332,34.02617263793945,2488382,0.0,0.0
2023-01-10 00:00:00+03:00,34.38061016740012,35.46362138899705,31.919226148917044,32.391815185546875,1500718,0.0,0.0
2023-01-11 00:00:00+03:00,32.39181432563602,32.982544972080156,29.162477903076642,29.63506317138672,1780801,0.0,0.0
2023-01-12 00:00:00+03:00,30.225794633315317,31.072509406471404,27.764410766689863,29.969810485839844,1866950,0.0,0.0
2023-01-13 00:00:00+03:00,29.969810863432144,31.52540541162303,28.7095816318029,29.241241455078125,1203281,0.0,0.0
2023-01-16 00:00:00+03:00,29.260931250869664,31.367877155140462,29.08371318674541,31.013437271118164,828579,0.0,0.0
2023-01-17 00:00:00+03:00,31.03313052989676,32.37212405301975,30.79683788661982,32.25397491455078,921942,0.0,0.0
2023-01-18 00:00:00+03:00,32.23428471689559,34.853196996450365,32.07675629992138,34.2624626159668,1388568,0.0,0.0
2023-01-19 00:00:00+03:00,34.26246451362926,34.616904410395684,33.51420543050209,33.67173385620117,749698,0.0,0.0
2023-01-20 00:00:00+03:00,33.9670968593853,36.8616828918457,33.82925996580724,36.8616828918457,1852763,0.0,0.0
2023-01-23 00:00:00+03:00,36.92075906279951,38.87017469062246,35.99528005437058,36.34971618652344,2943623,0.0,0.0
2023-01-24 00:00:00+03:00,36.52693718166304,36.86168555703013,33.27791104179061,34.8335075378418,1479408,0.0,0.0
2023-01-25 00:00:00+03:00,34.97134242570142,35.483310720623,32.31304709874367,34.24277114868164,1090480,0.0,0.0
2023-01-26 00:00:00+03:00,34.26246350125354,35.12887169488513,32.96285308869306,33.98678970336914,957007,0.0,0.0
2023-01-27 00:00:00+03:00,33.47482109852839,33.86864402552647,30.796836086685396,31.643550872802734,1564012,0.0,0.0
2023-01-30 00:00:00+03:00,31.702625916412323,32.391814171159645,30.24548519590829,30.284868240356445,855774,0.0,0.0
2023-01-31 00:00:00+03:00,29.792591071320423,31.6238594233564,29.280622767359016,30.403013229370117,1331651,0.0,0.0
2023-02-01 00:00:00+03:00,30.42270548651644,31.19065796101636,27.646264669466873,27.76441192626953,1004565,0.0,0.0
2023-02-02 00:00:00+03:00,27.567499589859906,27.961320636994817,24.98796844482422,24.98796844482422,4646633,0.0,0.0
2023-02-03 00:00:00+03:00,24.98796834851586,25.736229274131684,23.432373809913365,25.637775421142578,5635262,0.0,0.0
2023-02-06 00:00:00+03:00,24.791058400957805,26.326961395275525,23.570212238511736,25.145498275756836,1144660,0.0,0.0
2023-02-07 00:00:00+03:00,24.830439714174407,24.830439714174407,22.644731521606445,22.644731521606445,1502639,0.0,0.0
2023-02-08 00:00:00+03:00,20.636241912841797,20.636241912841797,20.636241912841797,20.636241912841797,4000,0.0,0.0
2023-02-15 00:00:00+03:00,22.21152823375357,24.909204816970952,22.053999811221672,24.81075096130371,1925204,0.0,0.0
2023-02-16 00:00:00+03:00,25.303028222203316,26.366346033030734,23.37330219343536,24.062490463256836,3921742,0.0,0.0
2023-02-17 00:00:00+03:00,24.0034149607019,24.43661905280505,23.117317132494417,24.35785484313965,1475847,0.0,0.0
2023-02-20 00:00:00+03:00,24.41692747614961,26.3860345912548,24.062489472393754,26.208816528320312,2802614,0.0,0.0
2023-02-21 00:00:00+03:00,25.696848579128478,27.1736789356544,25.696848579128478,26.090669631958008,4178123,0.0,0.0
2023-02-22 00:00:00+03:00,25.99221328315978,26.68140151769013,25.598392239665376,25.677156448364258,2060630,0.0,0.0
2023-02-23 00:00:00+03:00,25.87406771547804,25.95283192358765,25.637775091149223,25.736228942871094,1320638,0.0,0.0
2023-02-24 00:00:00+03:00,25.775613138641884,26.66171098897596,25.637776237757254,26.58294677734375,1717420,0.0,0.0
2023-02-27 00:00:00+03:00,26.40572631912056,28.059776609175998,26.40572631912056,27.961320877075195,2271388,0.0,0.0
2023-02-28 00:00:00+03:00,27.961321431926795,28.236997111702046,27.469044639541156,27.784101486206055,2247852,0.0,0.0
2023-03-01 00:00:00+03:00,27.784101778713097,28.55205425895888,27.31151650374044,28.296070098876953,2599975,0.0,0.0
2023-03-02 00:00:00+03:00,28.296069903891013,28.9458751219724,27.862865799207775,28.35514259338379,1520441,0.0,0.0
2023-03-03 00:00:00+03:00,28.059776042063177,28.236995980685474,26.66170993257122,27.52811622619629,2432737,0.0,0.0
2023-03-06 00:00:00+03:00,27.58719259099962,27.78410218618254,27.272135736397363,27.567501068115234,1927665,0.0,0.0
2023-03-07 00:00:00+03:00,28.040085087178458,28.53236186979558,27.7250282467654,27.961320877075195,2023791,0.0,0.0
2023-03-08 00:00:00+03:00,27.823484676270386,29.044330902415307,27.705337419210643,28.94587516784668,2290392,0.0,0.0
2023-03-09 00:00:00+03:00,28.19761430983478,30.028884594208712,28.177924665163808,29.516916275024414,2911854,0.0,0.0
2023-03-10 00:00:00+03:00,29.32000678163517,29.55629941946345,28.768655415482225,28.886802673339844,1363881,0.0,0.0
2023-03-13 00:00:00+03:00,28.945875157790855,30.777145435315525,28.926183635306582,29.556299209594727,2715713,0.0,0.0
2023-03-14 00:00:00+03:00,29.969811588952016,31.446641963285643,29.69413590970378,30.22579574584961,4385745,0.0,0.0
2023-03-15 00:00:00+03:00,30.206104684923762,30.284868897642603,28.748965810681707,29.477535247802734,2489487,0.0,0.0
2023-03-16 00:00:00+03:00,29.47753516303139,30.599925660518863,29.201859480364753,29.497224807739258,3504829,0.0,0.0
2023-03-17 00:00:00+03:00,29.930428915390564,30.540852970621355,29.280623692857084,29.497224807739258,2444072,0.0,0.0
2023-03-20 00:00:00+03:00,29.497224596170014,30.63930848594765,28.965566635131836,28.965566635131836,3148632,0.0,0.0
2023-03-21 00:00:00+03:00,29.0640223712325,29.24124231755136,27.153987884521484,27.153987884521484,1674711,0.0,0.0
2023-03-22 00:00:00+03:00,27.350899254165128,28.41421705033748,27.33120773178175,28.3945255279541,1593286,0.0,0.0
2023-03-23 00:00:00+03:00,28.394525333602065,28.82772943363659,28.197613866889938,28.453598022460938,784924,0.0,0.0
2023-03-24 00:00:00+03:00,28.591435801558006,28.926182278656185,27.547807693481445,27.547807693481445,2134268,0.0,0.0
2023-03-27 00:00:00+03:00,27.764412078561342,27.78410172323067,26.93738691006721,27.114606857299805,1458722,0.0,0.0
2023-03-28 00:00:00+03:00,27.17367823404436,27.508426589778164,25.696847915649414,25.696847915649414,2173687,0.0,0.0
2023-03-29 00:00:00+03:00,25.696849571183357,26.13005368496361,24.869824389369676,25.77561378479004,1600218,0.0,0.0
2023-03-30 00:00:00+03:00,25.814993788311572,26.189125194484042,25.53931999206543,25.53931999206543,1310932,0.0,0.0
2023-03-31 00:00:00+03:00,24.909204181068667,25.775612360762654,24.810750327914832,25.007659912109375,1122697,0.0,0.0
2023-04-03 00:00:00+03:00,25.007660763705523,25.401481823392434,24.41692823523169,25.342409133911133,903282,0.0,0.0
2023-04-04 00:00:00+03:00,25.20457246722099,26.070978806600976,25.125808254550083,25.874069213867188,900655,0.0,0.0
2023-04-05 00:00:00+03:00,25.874069213867188,26.3072714446137,25.677157743246436,25.874069213867188,1041898,0.0,0.0
2023-04-06 00:00:00+03:00,25.893759222142325,26.307271813941636,25.20457282106813,25.755922317504883,916372,0.0,0.0
2023-04-07 00:00:00+03:00,25.775612789694385,26.189125364637118,25.40148138109115,26.090669631958008,519998,0.0,0.0
2023-04-10 00:00:00+03:00,26.366345913367816,26.701094285431918,26.18912596605306,26.504182815551758,805850,0.0,0.0
2023-04-11 00:00:00+03:00,26.52387476777351,27.764412541185134,26.504183244889123,27.567501068115234,1166614,0.0,0.0
2023-04-12 00:00:00+03:00,27.567499963682362,28.768654643203522,27.409971542692272,27.921939849853516,1666260,0.0,0.0
2023-04-13 00:00:00+03:00,27.98101334829334,28.335453244725404,27.665956497192383,27.665956497192383,619870,0.0,0.0
2023-04-14 00:00:00+03:00,27.764411591147276,28.98525779989981,27.764411591147276,28.473289489746094,1342192,0.0,0.0
2023-04-17 00:00:00+03:00,28.51267120044485,29.516916317707718,28.29607008565533,28.906494140625,1266147,0.0,0.0
2023-04-18 00:00:00+03:00,28.906494297435827,28.926183942242083,27.961321864917863,28.256689071655273,1088780,0.0,0.0
2023-04-19 00:00:00+03:00,28.315762036739084,28.74896615076068,27.29182538139477,27.567501068115234,1193570,0.0,0.0
2023-04-20 00:00:00+03:00,27.567499656416906,28.000703748254644,27.39027971530661,27.409971237182617,256331,0.0,0.0
2023-04-24 00:00:00+03:00,27.46904439319871,28.748965168655197,27.075223338399375,27.862865447998047,3399375,0.0,0.0
2023-04-25 00:00:00+03:00,27.84317604134601,27.84317604134601,26.248198408435133,26.58294677734375,1723084,0.0,0.0
2023-04-26 00:00:00+03:00,26.602638814053794,26.72078419484284,25.16518957661597,25.22426414489746,1271074,0.0,0.0
2023-04-27 00:00:00+03:00,25.106116032434283,25.559009773202284,24.889514923095703,24.889514923095703,722805,0.0,0.0
2023-04-28 00:00:00+03:00,24.987968024245113,25.18487948344174,23.74743221612166,23.90496063232422,923879,0.0,0.0
2023-05-02 00:00:00+03:00,23.62928605170276,23.80650599755244,22.270602930000102,22.349367141723633,1276498,0.0,0.0
2023-05-03 00:00:00+03:00,22.585660199173198,22.585660199173198,20.6756256818074,22.211528778076172,1136785,0.0,0.0
2023-05-04 00:00:00+03:00,22.231219200822697,23.314228487096795,22.053999260428608,22.565967559814453,788585,0.0,0.0
2023-05-05 00:00:00+03:00,22.585660045350696,22.684115780647105,21.601106448160532,21.660179138183594,787290,0.0,0.0
2023-05-08 00:00:00+03:00,21.89647203069284,22.034308934977886,20.872537254213817,21.5814151763916,1503523,0.0,0.0
2023-05-09 00:00:00+03:00,21.601106349908953,21.75863477451191,21.069446508458753,21.08913803100586,1084975,0.0,0.0
2023-05-10 00:00:00+03:00,21.16790114504843,21.73894212407845,20.87253583371412,21.44357681274414,1624255,0.0,0.0
2023-05-11 00:00:00+03:00,20.321185682133965,23.314229524435195,19.887983450659018,22.250911712646484,4658812,0.0,0.0
2023-05-12 00:00:00+03:00,22.250911159640825,22.940097535069935,21.817707061045414,22.428131103515625,1715512,0.0,0.0
2023-05-15 00:00:00+03:00,21.542031193667825,22.82195195595387,20.222731143137437,21.876779556274414,987545,0.0,0.0
2023-05-16 00:00:00+03:00,21.778326791818877,22.644733146818165,21.660179531739114,22.13276481628418,1212190,0.0,0.0
2023-05-17 00:00:00+03:00,22.447820857897636,23.373301748289716,22.132764012969336,22.388748168945312,1613166,0.0,0.0
2023-05-18 00:00:00+03:00,22.54627709735967,22.959789685079237,22.05400029664052,22.231220245361328,920779,0.0,0.0
2023-05-22 00:00:00+03:00,22.349366202742754,22.565967306410506,21.364812658619936,21.423885345458984,736382,0.0,0.0
2023-05-23 00:00:00+03:00,21.423885291218692,21.778325167129342,21.364812604529202,21.44357681274414,417679,0.0,0.0
2023-05-24 00:00:00+03:00,21.44357679250075,21.97523472797797,20.77408008436237,20.833152770996094,732162,0.0,0.0
2023-05-25 00:00:00+03:00,20.85284550359143,21.325430779881664,20.81346245829043,21.049755096435547,471586,0.0,0.0
2023-05-26 00:00:00+03:00,21.06944565832421,21.463266703941255,20.89222571832482,21.36481285095215,938664,0.0,0.0
2023-05-29 00:00:00+03:00,21.44357721161546,22.70380456649593,21.44357721161546,22.52658462524414,1082549,0.0,0.0
2023-05-30 00:00:00+03:00,22.60534884304581,23.64897696903976,22.60534884304581,23.137008666992188,1767954,0.0,0.0
2023-05-31 00:00:00+03:00,23.23546489995541,23.51113870093938,22.841643842916216,22.979480743408203,950240,0.0,0.0
2023-06-01 00:00:00+03:00,23.018861474319834,23.767122407469873,22.959788786354196,23.727741241455078,928708,0.0,0.0
2023-06-02 00:00:00+03:00,24.062490623116013,24.239710572412438,23.25515696777628,23.41268539428711,1731946,0.0,0.0
2023-06-05 00:00:00+03:00,23.708049939530234,24.27909093619609,23.609594206749176,24.2593994140625,2026488,0.0,0.0
2023-06-06 00:00:00+03:00,24.25939935925855,24.633530767404,23.826197140619577,24.279090881347656,1460954,0.0,0.0
2023-06-07 00:00:00+03:00,24.37754637325439,25.224263035858357,24.37754637325439,24.968278884887695,1794160,0.0,0.0
2023-06-08 00:00:00+03:00,24.968280114317608,25.578702300015735,24.180636100727575,24.5744571685791,2010435,0.0,0.0
2023-06-09 00:00:00+03:00,24.61383846355829,25.362099378196884,24.51538273412669,25.145498275756836,1703874,0.0,0.0
2023-06-12 00:00:00+03:00,25.440865462398165,26.83893166534946,25.440865462398165,25.755922317504883,2525996,0.0,0.0
2023-06-13 00:00:00+03:00,25.775613182439756,25.89375856114535,25.145499488311405,25.36210060119629,1275997,0.0,0.0
2023-06-14 00:00:00+03:00,25.381791708045395,25.893758137199026,24.51538351491727,24.889514923095703,1433846,0.0,0.0
2023-06-15 00:00:00+03:00,24.92889644339516,25.381792068481445,24.88951527654114,25.381792068481445,789328,0.0,0.0
2023-06-16 00:00:00+03:00,25.440865357756902,26.405727442024375,25.165189671728918,26.386035919189453,1868452,0.0,0.0
2023-06-19 00:00:00+03:00,26.523873421531356,27.626572356670817,25.8149936567691,26.189125061035156,2716610,0.0,0.0
2023-06-20 00:00:00+03:00,26.18912487179385,26.60263743895485,25.02735137939453,25.02735137939453,1680243,0.0,0.0
2023-06-21 00:00:00+03:00,25.047042702527477,25.401480701650062,23.806505010881285,23.865577697753906,1490216,0.0,0.0
2023-06-22 00:00:00+03:00,23.924651625648174,25.34240932934114,23.530830562924283,25.283336639404297,1220218,0.0,0.0
2023-06-23 00:00:00+03:00,25.834684799075422,26.642018405626708,25.421172235001976,26.307270050048828,2127877,0.0,0.0
2023-06-26 00:00:00+03:00,26.858622401375165,26.858622401375165,25.61808466232187,26.602638244628906,1340607,0.0,0.0
2023-06-27 00:00:00+03:00,26.602637311336593,26.917694146159892,26.445108893924946,26.89800262451172,624478,0.0,0.0
2023-07-03 00:00:00+03:00,26.9373857366253,27.803792034602786,26.917694214926822,27.48873519897461,1460667,0.0,0.0
2023-07-04 00:00:00+03:00,27.528117771564215,28.138541830210336,26.838931377872036,27.646265029907227,1586681,0.0,0.0
2023-07-05 00:00:00+03:00,27.6659560471042,28.650509629720812,27.09491504430204,28.414216995239258,2509760,0.0,0.0
2023-07-06 00:00:00+03:00,28.55205414749239,28.847419473725463,28.13854156403392,28.335453033447266,2000607,0.0,0.0
2023-07-07 00:00:00+03:00,28.236997800582376,28.611127345652612,27.941630591212945,28.17792510986328,1655958,0.0,0.0
2023-07-10 00:00:00+03:00,28.355141932585944,28.67020065094139,28.315760766470824,28.571744918823242,1525156,0.0,0.0
2023-07-11 00:00:00+03:00,29.004947358781184,29.83197251032036,28.276377940117992,29.71382713317871,2173216,0.0,0.0
2023-07-12 00:00:00+03:00,29.753209307327282,29.81228387578585,29.103404077378823,29.398771286010742,1460435,0.0,0.0
2023-07-13 00:00:00+03:00,29.438151345627535,29.950119652341346,28.689890407635094,29.142786026000977,1526446,0.0,0.0
2023-07-14 00:00:00+03:00,29.53660716110346,30.540852255273837,28.84741890952295,30.324249267578125,1902793,0.0,0.0
2023-07-17 00:00:00+03:00,30.81652575282169,31.387566743914082,30.36363201549081,31.03312873840332,2904656,0.0,0.0
2023-07-18 00:00:00+03:00,31.092200968140247,31.387566281360954,29.064021185237145,29.33969497680664,2624454,0.0,0.0
2023-07-19 00:00:00+03:00,29.33969566968667,29.812282811041925,28.61112625236791,29.733518600463867,1691271,0.0,0.0
2023-07-20 00:00:00+03:00,29.831972816341114,30.422705341769905,29.142786434913305,29.615371704101562,2466059,0.0,0.0
2023-07-21 00:00:00+03:00,29.438151703980722,29.63506317138672,29.004947602419687,29.63506317138672,1959634,0.0,0.0
2023-07-24 00:00:00+03:00,29.9304276223007,30.225794814801358,29.103402487917858,29.30031394958496,2469174,0.0,0.0
2023-07-25 00:00:00+03:00,29.536606762495413,29.635062493947775,28.630817413330078,28.630817413330078,1283527,0.0,0.0
2023-07-26 00:00:00+03:00,28.63081718020222,29.43815079134144,28.61112565849471,29.320005416870117,856276,0.0,0.0
2023-07-27 00:00:00+03:00,29.418460236329654,30.87560096649052,29.418460236329654,29.615371704101562,1192562,0.0,0.0
2023-07-28 00:00:00+03:00,29.71382658372553,30.225794882904037,29.71382658372553,29.89104652404785,1425022,0.0,0.0
2023-07-31 00:00:00+03:00,29.969812308188757,30.22579647122964,29.63506393174199,29.989501953125,2125926,0.0,0.0
2023-08-01 00:00:00+03:00,29.9895010920855,30.875600814819336,29.556298869734427,30.875600814819336,2495553,0.0,0.0
2023-08-02 00:00:00+03:00,30.875599336417302,33.94740530185233,30.619615192983247,33.19914627075195,7681034,0.0,0.0
2023-08-03 00:00:00+03:00,33.199149243432544,33.75049686652507,31.99799262608268,32.25397491455078,2895641,0.0,0.0
2023-08-04 00:00:00+03:00,32.27366483469095,33.12038150612797,31.899537182109693,32.76594161987305,1597108,0.0,0.0
2023-08-07 00:00:00+03:00,32.90377836345141,34.53814088808252,32.62810456689859,34.04586410522461,2518703,0.0,0.0
2023-08-08 00:00:00+03:00,34.04586363894656,34.36092047519883,32.72656172872502,32.962852478027344,1402493,0.0,0.0
2023-08-09 00:00:00+03:00,32.96285171713257,33.61265689637489,32.54934103751186,33.21883773803711,1881795,0.0,0.0
2023-08-10 00:00:00+03:00,34.53814070571478,35.18794590542518,32.588721350809806,32.884090423583984,2985246,0.0,0.0
2023-08-11 00:00:00+03:00,32.23428511264228,32.903778076171875,31.092201258727396,32.903778076171875,4774225,0.0,0.0
2023-08-14 00:00:00+03:00,33.080997852678514,34.36092047519883,32.608412598300106,32.962852478027344,2847405,0.0,0.0
2023-08-15 00:00:00+03:00,32.96285505504216,33.632351823362505,32.56903585682517,33.3566780090332,1822994,0.0,0.0
2023-08-16 00:00:00+03:00,33.47482123433801,34.104934915472334,33.14007287176368,34.04586410522461,2900110,0.0,0.0
2023-08-17 00:00:00+03:00,34.06555242608549,34.26246389358936,33.55358786865881,33.86864471435547,1401792,0.0,0.0
2023-08-18 00:00:00+03:00,33.88833249171375,33.986790103384,32.33273978506227,32.647796630859375,2232483,0.0,0.0
2023-08-21 00:00:00+03:00,32.49026708918063,34.951650959573094,32.352430193362444,34.223079681396484,3728361,0.0,0.0
2023-08-22 00:00:00+03:00,34.24277306786953,36.72384859503415,34.24277306786953,34.85319900512695,2849746,0.0,0.0
2023-08-23 00:00:00+03:00,35.64083936105859,37.60994646657814,35.54238175231836,36.62539291381836,3678545,0.0,0.0
2023-08-24 00:00:00+03:00,36.66477549549221,37.03890313667139,34.06555099409577,34.321537017822266,2765448,0.0,0.0
2023-08-25 00:00:00+03:00,34.32153997927515,36.05435270728244,33.69142625999977,35.77867889404297,1974960,0.0,0.0
2023-08-28 00:00:00+03:00,35.81806143587064,37.17674271550312,35.56207539366234,35.93620681762695,2038982,0.0,0.0
2023-08-29 00:00:00+03:00,36.31033694901872,37.76747579138863,35.73929407193889,37.550872802734375,2415720,0.0,0.0
2023-08-31 00:00:00+03:00,37.609947704401065,38.3975898213771,36.74353949784049,37.45241928100586,1846346,0.0,0.0
2023-09-01 00:00:00+03:00,37.511490533209674,40.66206279390938,37.21612520534462,39.71689224243164,3182064,0.0,0.0
2023-09-04 00:00:00+03:00,39.75627573600508,41.23310614775799,39.34276126771181,39.57905578613281,2039431,0.0,0.0
2023-09-05 00:00:00+03:00,39.57905385768461,40.93773882191349,38.33851426902275,40.189476013183594,1937325,0.0,0.0
2023-09-06 00:00:00+03:00,40.22886141701775,40.46515218201394,38.90955941917137,39.46091079711914,1247949,0.0,0.0
2023-09-07 00:00:00+03:00,39.46090923530765,41.15433883666992,39.46090923530765,41.15433883666992,2079842,0.0,0.0
2023-09-08 00:00:00+03:00,41.154338613176805,45.26977285007187,40.81959024802067,42.43425750732422,2449200,0.0,0.0
2023-09-11 00:00:00+03:00,42.51302540680264,46.667842864990234,42.51302540680264,46.667842864990234,3976459,0.0,0.0
2023-09-12 00:00:00+03:00,47.06166049131518,48.36127091972483,44.71842191339979,47.160118103027344,4849930,0.0,0.0
2023-09-13 00:00:00+03:00,47.19949818327945,49.2276799492679,42.946226936124624,44.50182342529297,3774457,0.0,0.0
2023-09-14 00:00:00+03:00,44.816879164148325,45.82112426088083,42.09950919516066,43.635414123535156,1543274,0.0,0.0
2023-09-15 00:00:00+03:00,44.521512723548085,46.41185373638184,43.79294144415982,43.98985290527344,2164803,0.0,0.0
2023-09-18 00:00:00+03:00,44.04892993293242,44.18676683668572,41.646616733435664,43.22190475463867,1445447,0.0,0.0
2023-09-19 00:00:00+03:00,43.221902418252355,45.28946337433648,41.646614482202494,45.191009521484375,1441857,0.0,0.0
2023-09-20 00:00:00+03:00,45.19101225514011,45.762051396617856,42.946227467739874,43.12344741821289,880352,0.0,0.0
2023-09-21 00:00:00+03:00,43.22190233828144,44.265526697368266,42.86746245943168,43.98985290527344,853274,0.0,0.0
2023-09-22 00:00:00+03:00,44.30491164753029,45.03348295827464,43.39912414550781,43.39912414550781,893841,0.0,0.0
2023-09-25 00:00:00+03:00,44.30491089820862,47.39640852440425,43.596031121989654,47.25857162475586,1711037,0.0,0.0
2023-09-26 00:00:00+03:00,47.25857227135337,51.984428747333936,46.27401868236685,48.2628173828125,4295081,0.0,0.0
2023-09-27 00:00:00+03:00,48.28250662284187,50.70450743586855,47.770538330078125,47.770538330078125,1434358,0.0,0.0
2023-09-28 00:00:00+03:00,47.77054025754896,50.50759801413207,47.43579188938043,48.361270904541016,1122162,0.0,0.0
2023-09-29 00:00:00+03:00,48.45972946756688,49.08984317160161,47.4554843433463,48.0659065246582,685523,0.0,0.0
2023-10-02 00:00:00+03:00,48.44003496541904,49.670726891594455,48.223431984564584,49.01107406616211,702833,0.0,0.0
2023-10-03 00:00:00+03:00,49.3753634045757,52.1813395976093,49.0898419657691,52.0828857421875,1903533,0.0,0.0
2023-10-04 00:00:00+03:00,52.18133853032039,52.722842235612355,49.621500783972664,51.19678497314453,1139335,0.0,0.0
2023-10-05 00:00:00+03:00,51.19678679990097,53.16589398451254,49.2276796152894,52.4274787902832,1484972,0.0,0.0
2023-10-06 00:00:00+03:00,52.42747664885603,54.00276082989244,51.49215002321465,53.11666488647461,1228447,0.0,0.0
2023-10-09 00:00:00+03:00,52.20000076293945,54.70000076293945,50.04999923706055,51.70000076293945,1265560,0.833333,0.0
2023-10-10 00:00:00+03:00,51.70000076293945,55.79999923706055,51.5,54.900001525878906,1565644,0.0,0.0
2023-10-11 00:00:00+03:00,56.650001525878906,56.650001525878906,53.79999923706055,53.849998474121094,859657,0.0,0.0
2023-10-12 00:00:00+03:00,54.20000076293945,54.849998474121094,50.54999923706055,52.849998474121094,993241,0.0,0.0
2023-10-13 00:00:00+03:00,52.849998474121094,53.45000076293945,49.900001525878906,50.79999923706055,855700,0.0,0.0
2023-10-16 00:00:00+03:00,51.0,52.29999923706055,47.0,48.0,1063621,0.0,0.0
2023-10-17 00:00:00+03:00,47.70000076293945,52.79999923706055,45.36000061035156,51.79999923706055,1599014,0.0,0.0
2023-10-18 00:00:00+03:00,51.150001525878906,51.70000076293945,49.02000045776367,49.7400016784668,857958,0.0,0.0
2023-10-19 00:00:00+03:00,49.7400016784668,50.5,47.79999923706055,47.79999923706055,1434489,0.0,0.0
2023-10-20 00:00:00+03:00,47.0,47.7599983215332,45.720001220703125,47.63999938964844,682157,0.0,0.0
2023-10-23 00:00:00+03:00,48.47999954223633,49.5,46.36000061035156,49.220001220703125,776515,0.0,0.0
2023-10-24 00:00:00+03:00,49.220001220703125,50.849998474121094,48.7400016784668,50.599998474121094,628352,0.0,0.0
2023-10-25 00:00:00+03:00,50.70000076293945,51.0,47.0,48.540000915527344,619875,0.0,0.0
2023-10-26 00:00:00+03:00,48.560001373291016,49.97999954223633,46.2400016784668,49.040000915527344,1013617,0.0,0.0
2023-10-27 00:00:00+03:00,49.97999954223633,49.97999954223633,46.959999084472656,48.79999923706055,536727,0.0,0.0
2023-10-30 00:00:00+03:00,48.20000076293945,49.0,47.70000076293945,48.41999816894531,588868,0.0,0.0
2023-10-31 00:00:00+03:00,48.79999923706055,48.79999923706055,45.599998474121094,46.060001373291016,565512,0.0,0.0
2023-11-01 00:00:00+03:00,46.119998931884766,46.119998931884766,43.86000061035156,44.779998779296875,501209,0.0,0.0
2023-11-02 00:00:00+03:00,45.13999938964844,46.41999816894531,44.779998779296875,45.65999984741211,532511,0.0,0.0
2023-11-03 00:00:00+03:00,45.7599983215332,45.880001068115234,43.880001068115234,44.959999084472656,496342,0.0,0.0
2023-11-06 00:00:00+03:00,45.400001525878906,47.400001525878906,45.2599983215332,47.040000915527344,623188,0.0,0.0
2023-11-07 00:00:00+03:00,47.040000915527344,47.70000076293945,46.02000045776367,46.2599983215332,341511,0.0,0.0
2023-11-08 00:00:00+03:00,48.060001373291016,48.86000061035156,45.97999954223633,47.13999938964844,732139,0.0,0.0
2023-11-09 00:00:00+03:00,46.97999954223633,47.0,45.0,45.29999923706055,538687,0.0,0.0
2023-11-10 00:00:00+03:00,45.41999816894531,45.79999923706055,44.15999984741211,45.0,568913,0.0,0.0
2023-11-13 00:00:00+03:00,45.0,45.0,43.040000915527344,43.08000183105469,498386,0.0,0.0
2023-11-14 00:00:00+03:00,43.13999938964844,43.13999938964844,41.380001068115234,42.20000076293945,613523,0.0,0.0
2023-11-15 00:00:00+03:00,42.5,43.08000183105469,41.63999938964844,41.86000061035156,382830,0.0,0.0
2023-11-16 00:00:00+03:00,42.20000076293945,42.65999984741211,41.70000076293945,41.900001525878906,437391,0.0,0.0
2023-11-17 00:00:00+03:00,42.0,44.400001525878906,41.959999084472656,43.20000076293945,972734,0.0,0.0
2023-11-20 00:00:00+03:00,43.20000076293945,43.779998779296875,43.15999984741211,43.5,920395,0.0,0.0
2023-11-21 00:00:00+03:00,43.5,43.900001525878906,42.70000076293945,43.7400016784668,914128,0.0,0.0
2023-11-22 00:00:00+03:00,43.7400016784668,44.0,42.939998626708984,42.939998626708984,542120,0.0,0.0
2023-11-23 00:00:00+03:00,43.220001220703125,44.0,42.599998474121094,43.02000045776367,986420,0.0,0.0
2023-11-24 00:00:00+03:00,43.060001373291016,43.13999938964844,42.0,42.040000915527344,687052,0.0,0.0
2023-11-27 00:00:00+03:00,42.20000076293945,42.91999816894531,41.560001373291016,41.91999816894531,657659,0.0,0.0
2023-11-28 00:00:00+03:00,41.959999084472656,42.65999984741211,41.939998626708984,42.31999969482422,626890,0.0,0.0
2023-11-29 00:00:00+03:00,42.52000045776367,42.720001220703125,40.81999969482422,40.81999969482422,576513,0.0,0.0
2023-11-30 00:00:00+03:00,40.81999969482422,41.18000030517578,40.220001220703125,40.68000030517578,269528,0.0,0.0
2023-12-01 00:00:00+03:00,40.880001068115234,41.099998474121094,39.97999954223633,40.29999923706055,353795,0.0,0.0
2023-12-04 00:00:00+03:00,40.29999923706055,40.5,39.439998626708984,40.060001373291016,526878,0.0,0.0
2023-12-05 00:00:00+03:00,40.060001373291016,40.380001068115234,39.70000076293945,39.97999954223633,654792,0.0,0.0
2023-12-06 00:00:00+03:00,40.099998474121094,40.13999938964844,38.29999923706055,38.400001525878906,515258,0.0,0.0
2023-12-07 00:00:00+03:00,38.400001525878906,39.220001220703125,37.2400016784668,39.02000045776367,652530,0.0,0.0
2023-12-08 00:00:00+03:00,39.18000030517578,39.380001068115234,37.2599983215332,39.31999969482422,340166,0.0,0.0
2023-12-11 00:00:00+03:00,39.70000076293945,39.900001525878906,37.02000045776367,37.099998474121094,609440,0.0,0.0
2023-12-12 00:00:00+03:00,37.279998779296875,37.34000015258789,36.220001220703125,36.619998931884766,689328,0.0,0.0
2023-12-13 00:00:00+03:00,36.560001373291016,38.040000915527344,35.65999984741211,36.68000030517578,507084,0.0,0.0
2023-12-14 00:00:00+03:00,37.099998474121094,37.5,36.0,37.20000076293945,565777,0.0,0.0
2023-12-15 00:00:00+03:00,37.47999954223633,38.13999938964844,36.97999954223633,37.34000015258789,699230,0.0,0.0
2023-12-18 00:00:00+03:00,36.779998779296875,37.939998626708984,35.779998779296875,36.2400016784668,508788,0.0,0.0
2023-12-19 00:00:00+03:00,36.2400016784668,36.2400016784668,34.86000061035156,35.20000076293945,647977,0.0,0.0
2023-12-20 00:00:00+03:00,35.20000076293945,35.81999969482422,34.63999938964844,35.70000076293945,565208,0.0,0.0
2023-12-21 00:00:00+03:00,36.68000030517578,38.0,35.099998474121094,38.0,969972,0.0,0.0
2023-12-22 00:00:00+03:00,37.97999954223633,38.2599983215332,36.400001525878906,36.900001525878906,418918,0.0,0.0
2023-12-25 00:00:00+03:00,36.880001068115234,36.939998626708984,34.939998626708984,35.15999984741211,248261,0.0,0.0
2023-12-26 00:00:00+03:00,35.15999984741211,37.2599983215332,34.63999938964844,35.79999923706055,485751,0.0,0.0
2023-12-27 00:00:00+03:00,35.70000076293945,36.380001068115234,35.0,35.619998931884766,418510,0.0,0.0
2023-12-28 00:00:00+03:00,35.70000076293945,37.91999816894531,35.70000076293945,36.68000030517578,569396,0.0,0.0
2023-12-29 00:00:00+03:00,36.97999954223633,37.619998931884766,36.34000015258789,37.13999938964844,464321,0.0,0.0
2024-01-02 00:00:00+03:00,37.97999954223633,38.880001068115234,37.459999084472656,38.84000015258789,627130,0.0,0.0
2024-01-03 00:00:00+03:00,39.15999984741211,39.18000030517578,37.20000076293945,37.31999969482422,463081,0.0,0.0
2024-01-04 00:00:00+03:00,36.97999954223633,37.7400016784668,36.279998779296875,37.70000076293945,363644,0.0,0.0
2024-01-05 00:00:00+03:00,37.91999816894531,38.68000030517578,37.29999923706055,38.36000061035156,526063,0.0,0.0
2024-01-08 00:00:00+03:00,38.5,40.439998626708984,38.41999816894531,40.400001525878906,490466,0.0,0.0
2024-01-09 00:00:00+03:00,40.400001525878906,40.5,39.08000183105469,39.52000045776367,411445,0.0,0.0
2024-01-10 00:00:00+03:00,39.47999954223633,39.959999084472656,39.099998474121094,39.84000015258789,215525,0.0,0.0
2024-01-11 00:00:00+03:00,39.900001525878906,40.400001525878906,38.959999084472656,39.380001068115234,287762,0.0,0.0
2024-01-12 00:00:00+03:00,39.380001068115234,40.02000045776367,38.20000076293945,39.70000076293945,331278,0.0,0.0
2024-01-15 00:00:00+03:00,39.70000076293945,40.439998626708984,39.13999938964844,39.459999084472656,414159,0.0,0.0
2024-01-16 00:00:00+03:00,39.29999923706055,39.79999923706055,38.79999923706055,39.08000183105469,525948,0.0,0.0
2024-01-17 00:00:00+03:00,39.29999923706055,39.29999923706055,38.41999816894531,38.560001373291016,311383,0.0,0.0
2024-01-18 00:00:00+03:00,38.560001373291016,39.2400016784668,38.380001068115234,38.7599983215332,535041,0.0,0.0
2024-01-19 00:00:00+03:00,38.7599983215332,39.0,38.400001525878906,38.86000061035156,214681,0.0,0.0
2024-01-22 00:00:00+03:00,38.599998474121094,39.900001525878906,38.31999969482422,39.5,423843,0.0,0.0
2024-01-23 00:00:00+03:00,39.540000915527344,40.97999954223633,39.540000915527344,40.900001525878906,957313,0.0,0.0
2024-01-24 00:00:00+03:00,41.41999816894531,42.380001068115234,40.439998626708984,41.040000915527344,818922,0.0,0.0
2024-01-25 00:00:00+03:00,41.040000915527344,41.52000045776367,40.7400016784668,41.47999954223633,362806,0.0,0.0
2024-01-26 00:00:00+03:00,41.47999954223633,42.619998931884766,41.2599983215332,42.220001220703125,495931,0.0,0.0
2024-01-29 00:00:00+03:00,42.220001220703125,42.65999984741211,41.779998779296875,41.91999816894531,541865,0.0,0.0
2024-01-30 00:00:00+03:00,41.91999816894531,42.040000915527344,41.0,41.560001373291016,547877,0.0,0.0
2024-01-31 00:00:00+03:00,41.560001373291016,42.880001068115234,41.31999969482422,42.599998474121094,501281,0.0,0.0
2024-02-01 00:00:00+03:00,42.599998474121094,43.31999969482422,42.47999954223633,42.81999969482422,458757,0.0,0.0
2024-02-02 00:00:00+03:00,42.84000015258789,43.15999984741211,41.560001373291016,42.119998931884766,645402,0.0,0.0
2024-02-05 00:00:00+03:00,42.08000183105469,42.65999984741211,41.880001068115234,42.15999984741211,618300,0.0,0.0
2024-02-06 00:00:00+03:00,42.15999984741211,42.540000915527344,41.65999984741211,41.939998626708984,819301,0.0,0.0
2024-02-07 00:00:00+03:00,42.0,43.02000045776367,41.900001525878906,42.20000076293945,721423,0.0,0.0
2024-02-08 00:00:00+03:00,42.20000076293945,45.34000015258789,42.20000076293945,44.220001220703125,1761003,0.0,0.0
2024-02-09 00:00:00+03:00,44.220001220703125,44.97999954223633,43.34000015258789,43.959999084472656,807177,0.0,0.0
2024-02-12 00:00:00+03:00,44.58000183105469,46.52000045776367,44.220001220703125,44.5,1063340,0.0,0.0
2024-02-13 00:00:00+03:00,44.52000045776367,45.459999084472656,42.540000915527344,42.540000915527344,773992,0.0,0.0
2024-02-14 00:00:00+03:00,42.540000915527344,43.939998626708984,42.220001220703125,43.939998626708984,703270,0.0,0.0
2024-02-15 00:00:00+03:00,44.0,45.79999923706055,44.0,45.560001373291016,890826,0.0,0.0
2024-02-16 00:00:00+03:00,45.560001373291016,48.15999984741211,44.900001525878906,48.15999984741211,1394705,0.0,0.0
2024-02-19 00:00:00+03:00,49.400001525878906,49.400001525878906,44.84000015258789,45.63999938964844,1778913,0.0,0.0
2024-02-20 00:00:00+03:00,45.63999938964844,46.13999938964844,44.65999984741211,45.34000015258789,1145536,0.0,0.0
2024-02-21 00:00:00+03:00,45.34000015258789,45.599998474121094,44.220001220703125,45.20000076293945,805842,0.0,0.0
2024-02-22 00:00:00+03:00,45.20000076293945,46.58000183105469,45.02000045776367,46.15999984741211,912683,0.0,0.0
2024-02-23 00:00:00+03:00,46.20000076293945,46.599998474121094,45.29999923706055,45.68000030517578,669929,0.0,0.0
2024-02-26 00:00:00+03:00,45.720001220703125,47.84000015258789,45.70000076293945,47.18000030517578,904581,0.0,0.0
2024-02-27 00:00:00+03:00,47.31999969482422,47.31999969482422,45.0,46.439998626708984,1017273,0.0,0.0
2024-02-28 00:00:00+03:00,46.380001068115234,46.439998626708984,45.31999969482422,45.36000061035156,648410,0.0,0.0
2024-02-29 00:00:00+03:00,45.36000061035156,46.599998474121094,45.34000015258789,46.439998626708984,541958,0.0,0.0
2024-03-01 00:00:00+03:00,46.63999938964844,47.52000045776367,46.2400016784668,46.97999954223633,603012,0.0,0.0
2024-03-04 00:00:00+03:00,47.060001373291016,51.650001525878906,47.060001373291016,49.0,2214995,0.0,0.0
2024-03-05 00:00:00+03:00,48.939998626708984,48.959999084472656,46.52000045776367,47.5,881536,0.0,0.0
2024-03-06 00:00:00+03:00,46.68000030517578,47.5,45.400001525878906,45.400001525878906,717967,0.0,0.0
2024-03-07 00:00:00+03:00,45.599998474121094,46.959999084472656,45.599998474121094,46.7400016784668,556140,0.0,0.0
2024-03-08 00:00:00+03:00,46.7599983215332,48.779998779296875,46.060001373291016,48.400001525878906,670915,0.0,0.0
2024-03-11 00:00:00+03:00,49.119998931884766,49.34000015258789,45.220001220703125,46.65999984741211,1180954,0.0,0.0
2024-03-12 00:00:00+03:00,47.060001373291016,47.2599983215332,44.439998626708984,45.0,715191,0.0,0.0
2024-03-13 00:00:00+03:00,44.900001525878906,46.29999923706055,44.0,45.560001373291016,869986,0.0,0.0
2024-03-14 00:00:00+03:00,45.560001373291016,46.220001220703125,44.34000015258789,45.619998931884766,390682,0.0,0.0
2024-03-15 00:00:00+03:00,45.459999084472656,45.779998779296875,45.220001220703125,45.279998779296875,201096,0.0,0.0
2024-03-18 00:00:00+03:00,45.279998779296875,45.29999923706055,43.08000183105469,43.779998779296875,477984,0.0,0.0
2024-03-19 00:00:00+03:00,43.599998474121094,44.97999954223633,43.099998474121094,44.880001068115234,403218,0.0,0.0
2024-03-20 00:00:00+03:00,44.880001068115234,47.58000183105469,44.5,47.58000183105469,721137,0.0,0.0
2024-03-21 00:00:00+03:00,47.70000076293945,48.0,45.70000076293945,46.7599983215332,553800,0.0,0.0
2024-03-22 00:00:00+03:00,46.79999923706055,46.900001525878906,44.68000030517578,44.900001525878906,387921,0.0,0.0
2024-03-25 00:00:00+03:00,44.7599983215332,45.220001220703125,44.040000915527344,44.47999954223633,447334,0.0,0.0
2024-03-26 00:00:00+03:00,44.08000183105469,44.29999923706055,42.060001373291016,42.18000030517578,326718,0.0,0.0
2024-03-27 00:00:00+03:00,42.119998931884766,42.439998626708984,41.47999954223633,41.560001373291016,399345,0.0,0.0
2024-03-28 00:00:00+03:00,41.599998474121094,45.060001373291016,40.63999938964844,40.79999923706055,637778,0.0,0.0
2024-03-29 00:00:00+03:00,41.0,42.20000076293945,40.880001068115234,42.08000183105469,215499,0.0,0.0
2024-04-01 00:00:00+03:00,42.099998474121094,42.2400016784668,39.58000183105469,41.880001068115234,521224,0.0,0.0
2024-04-02 00:00:00+03:00,41.84000015258789,42.0,40.02000045776367,40.400001525878906,222128,0.0,0.0
2024-04-03 00:00:00+03:00,40.47999954223633,41.099998474121094,39.91999816894531,40.220001220703125,215826,0.0,0.0
2024-04-04 00:00:00+03:00,40.31999969482422,41.959999084472656,40.220001220703125,40.81999969482422,582486,0.0,0.0
2024-04-05 00:00:00+03:00,40.97999954223633,42.459999084472656,40.84000015258789,42.459999084472656,1056754,0.0,0.0
2024-04-08 00:00:00+03:00,42.91999816894531,44.119998931884766,42.279998779296875,43.65999984741211,476747,0.0,0.0
2024-04-15 00:00:00+03:00,43.619998931884766,45.68000030517578,42.70000076293945,43.91999816894531,581257,0.0,0.0
2024-04-16 00:00:00+03:00,43.47999954223633,43.58000183105469,41.63999938964844,41.959999084472656,471346,0.0,0.0
2024-04-17 00:00:00+03:00,41.939998626708984,41.959999084472656,39.65999984741211,40.15999984741211,1037408,0.0,0.0
2024-04-18 00:00:00+03:00,40.29999923706055,40.380001068115234,37.65999984741211,38.0,1463370,0.0,0.0
2024-04-19 00:00:00+03:00,37.880001068115234,38.84000015258789,37.63999938964844,38.439998626708984,860787,0.0,0.0
2024-04-22 00:00:00+03:00,39.02000045776367,39.779998779296875,38.81999969482422,38.81999969482422,619474,0.0,0.0
2024-04-24 00:00:00+03:00,38.86000061035156,39.439998626708984,37.279998779296875,38.560001373291016,788656,0.0,0.0
2024-04-25 00:00:00+03:00,38.599998474121094,39.540000915527344,38.599998474121094,39.18000030517578,551344,0.0,0.0
2024-04-26 00:00:00+03:00,39.31999969482422,39.599998474121094,38.880001068115234,39.2599983215332,528612,0.0,0.0
2024-04-29 00:00:00+03:00,39.47999954223633,39.7599983215332,38.880001068115234,39.34000015258789,626926,0.0,0.0
2024-04-30 00:00:00+03:00,39.34000015258789,41.65999984741211,38.97999954223633,40.70000076293945,1400910,0.0,0.0
2024-05-02 00:00:00+03:00,39.099998474121094,39.720001220703125,38.939998626708984,39.31999969482422,1735699,0.0,0.0
2024-05-03 00:00:00+03:00,39.31999969482422,39.7599983215332,39.18000030517578,39.65999984741211,953665,0.0,0.0
2024-05-06 00:00:00+03:00,40.0,41.08000183105469,39.459999084472656,40.86000061035156,979164,0.0,0.0
2024-05-07 00:00:00+03:00,40.79999923706055,40.79999923706055,39.2400016784668,40.15999984741211,566801,0.0,0.0
2024-05-08 00:00:00+03:00,40.15999984741211,40.65999984741211,39.400001525878906,39.619998931884766,549460,0.0,0.0
2024-05-09 00:00:00+03:00,39.81999969482422,40.84000015258789,39.439998626708984,40.279998779296875,763182,0.0,0.0
2024-05-10 00:00:00+03:00,40.29999923706055,40.880001068115234,39.81999969482422,40.68000030517578,601897,0.0,0.0
2024-05-13 00:00:00+03:00,40.560001373291016,41.29999923706055,39.099998474121094,39.20000076293945,603658,0.0,0.0
2024-05-14 00:00:00+03:00,39.15999984741211,39.47999954223633,38.52000045776367,38.79999923706055,867152,0.0,0.0
2024-05-15 00:00:00+03:00,38.900001525878906,40.099998474121094,38.599998474121094,39.7400016784668,873006,0.0,0.0
2024-05-16 00:00:00+03:00,39.97999954223633,40.65999984741211,39.52000045776367,39.84000015258789,827780,0.0,0.0
2024-05-17 00:00:00+03:00,40.0,40.880001068115234,39.939998626708984,40.65999984741211,750570,0.0,0.0
2024-05-20 00:00:00+03:00,40.65999984741211,41.0,40.20000076293945,40.86000061035156,972753,0.0,0.0
2024-05-21 00:00:00+03:00,41.279998779296875,41.29999923706055,39.220001220703125,39.29999923706055,1227632,0.0,0.0
2024-05-22 00:00:00+03:00,39.439998626708984,40.2599983215332,39.380001068115234,40.2599983215332,917961,0.0,0.0
2024-05-23 00:00:00+03:00,39.97999954223633,40.29999923706055,39.119998931884766,39.279998779296875,721729,0.0,0.0
2024-05-24 00:00:00+03:00,39.279998779296875,39.380001068115234,38.060001373291016,38.220001220703125,792990,0.0,0.0
2024-05-27 00:00:00+03:00,38.20000076293945,38.220001220703125,36.29999923706055,37.7599983215332,558636,0.0,0.0
2024-05-28 00:00:00+03:00,37.7599983215332,39.099998474121094,37.68000030517578,38.15999984741211,435778,0.0,0.0
2024-05-29 00:00:00+03:00,38.15999984741211,38.560001373291016,37.02000045776367,37.02000045776367,323035,0.0,0.0
2024-05-30 00:00:00+03:00,37.119998931884766,37.29999923706055,35.97999954223633,36.31999969482422,541504,0.0,0.0
2024-05-31 00:00:00+03:00,36.400001525878906,36.84000015258789,35.5,35.939998626708984,435019,0.0,0.0
2024-06-03 00:00:00+03:00,35.97999954223633,36.47999954223633,35.0,35.939998626708984,300148,0.0,0.0
2024-06-04 00:00:00+03:00,35.939998626708984,38.02000045776367,35.939998626708984,36.81999969482422,965301,0.0,0.0
2024-06-05 00:00:00+03:00,36.91999816894531,37.15999984741211,35.41999816894531,35.70000076293945,512783,0.0,0.0
2024-06-06 00:00:00+03:00,35.70000076293945,37.380001068115234,35.70000076293945,36.58000183105469,1076456,0.0,0.0
2024-06-07 00:00:00+03:00,36.720001220703125,37.81999969482422,35.939998626708984,35.959999084472656,674798,0.0,0.0
2024-06-10 00:00:00+03:00,35.97999954223633,36.380001068115234,34.939998626708984,34.959999084472656,344924,0.0,0.0
2024-06-11 00:00:00+03:00,34.5,35.15999984741211,33.2400016784668,33.31999969482422,930852,0.0,0.0
2024-06-12 00:00:00+03:00,33.400001525878906,33.599998474121094,32.70000076293945,33.0,636245,0.0,0.0
2024-06-13 00:00:00+03:00,33.15999984741211,34.31999969482422,33.15999984741211,34.220001220703125,655740,0.0,0.0
2024-06-14 00:00:00+03:00,34.31999969482422,34.720001220703125,34.099998474121094,34.099998474121094,333819,0.0,0.0
2024-06-20 00:00:00+03:00,34.400001525878906,35.959999084472656,34.400001525878906,35.779998779296875,498818,0.0,0.0
2024-06-21 00:00:00+03:00,35.84000015258789,36.7599983215332,35.20000076293945,36.0,387364,0.0,0.0
2024-06-24 00:00:00+03:00,36.0,36.279998779296875,34.13999938964844,34.439998626708984,825595,0.0,0.0
2024-06-25 00:00:00+03:00,34.5,35.58000183105469,34.41999816894531,35.0,452824,0.0,0.0
2024-06-26 00:00:00+03:00,35.18000030517578,35.2400016784668,34.2599983215332,34.279998779296875,400430,0.0,0.0
2024-06-27 00:00:00+03:00,34.459999084472656,34.939998626708984,34.34000015258789,34.81999969482422,196877,0.0,0.0
2024-06-28 00:00:00+03:00,35.0,35.5,34.439998626708984,34.900001525878906,307314,0.0,0.0
2024-07-01 00:00:00+03:00,34.939998626708984,35.15999984741211,33.119998931884766,33.2400016784668,464639,0.0,0.0
2024-07-02 00:00:00+03:00,33.2599983215332,34.20000076293945,33.08000183105469,34.15999984741211,289115,0.0,0.0
2024-07-03 00:00:00+03:00,34.20000076293945,34.400001525878906,33.720001220703125,34.08000183105469,206745,0.0,0.0
2024-07-04 00:00:00+03:00,34.29999923706055,34.65999984741211,34.02000045776367,34.560001373291016,306839,0.0,0.0
2024-07-05 00:00:00+03:00,34.560001373291016,35.220001220703125,34.31999969482422,34.97999954223633,236561,0.0,0.0
2024-07-08 00:00:00+03:00,35.040000915527344,36.47999954223633,34.91999816894531,35.400001525878906,483597,0.0,0.0
2024-07-09 00:00:00+03:00,35.560001373291016,35.58000183105469,34.2599983215332,35.119998931884766,334301,0.0,0.0
2024-07-10 00:00:00+03:00,35.119998931884766,35.2599983215332,34.5,34.97999954223633,209928,0.0,0.0
2024-07-11 00:00:00+03:00,35.119998931884766,36.29999923706055,35.08000183105469,36.279998779296875,399179,0.0,0.0
2024-07-12 00:00:00+03:00,36.2599983215332,36.880001068115234,35.81999969482422,36.7400016784668,429551,0.0,0.0
2024-07-16 00:00:00+03:00,36.81999969482422,38.459999084472656,36.81999969482422,37.15999984741211,670726,0.0,0.0
2024-07-17 00:00:00+03:00,37.0,38.0,36.7599983215332,37.0,350490,0.0,0.0
2024-07-18 00:00:00+03:00,37.040000915527344,37.959999084472656,36.97999954223633,37.02000045776367,450628,0.0,0.0
2024-07-19 00:00:00+03:00,37.060001373291016,37.060001373291016,36.279998779296875,36.52000045776367,379180,0.0,0.0
2024-07-22 00:00:00+03:00,36.560001373291016,38.20000076293945,36.400001525878906,37.47999954223633,740357,0.0,0.0
2024-07-23 00:00:00+03:00,37.52000045776367,38.2599983215332,37.2599983215332,37.65999984741211,676466,0.0,0.0
2024-07-24 00:00:00+03:00,37.70000076293945,38.119998931884766,37.13999938964844,37.29999923706055,378762,0.0,0.0
2024-07-25 00:00:00+03:00,37.13999938964844,37.7599983215332,36.86000061035156,37.2599983215332,301512,0.0,0.0
2024-07-26 00:00:00+03:00,37.2599983215332,37.52000045776367,36.79999923706055,36.86000061035156,227317,0.0,0.0
2024-07-29 00:00:00+03:00,36.86000061035156,36.86000061035156,35.70000076293945,36.7400016784668,849085,0.0,0.0
2024-07-30 00:00:00+03:00,36.7400016784668,37.720001220703125,36.060001373291016,37.400001525878906,1974488,0.0,0.0
2024-07-31 00:00:00+03:00,37.0,38.779998779296875,36.099998474121094,38.7599983215332,1872224,0.0,0.0
2024-08-01 00:00:00+03:00,38.86000061035156,38.97999954223633,38.0,38.84000015258789,1475298,0.0,0.0
2024-08-02 00:00:00+03:00,38.560001373291016,38.86000061035156,37.68000030517578,38.86000061035156,1358594,0.0,0.0
2024-08-05 00:00:00+03:00,35.65999984741211,38.81999969482422,35.65999984741211,38.36000061035156,2594140,0.0,0.0
2024-08-06 00:00:00+03:00,38.880001068115234,39.5,35.900001525878906,37.13999938964844,2331202,0.0,0.0
2024-08-07 00:00:00+03:00,37.29999923706055,37.29999923706055,36.29999923706055,37.220001220703125,1436436,0.0,0.0
2024-08-08 00:00:00+03:00,37.220001220703125,38.939998626708984,36.91999816894531,38.79999923706055,2358164,0.0,0.0
2024-08-09 00:00:00+03:00,38.70000076293945,39.5,37.81999969482422,39.34000015258789,1322738,0.0,0.0
2024-08-12 00:00:00+03:00,40.29999923706055,40.81999969482422,39.20000076293945,40.060001373291016,1808325,0.0,0.0
2024-08-13 00:00:00+03:00,40.040000915527344,40.619998931884766,38.599998474121094,39.040000915527344,3135170,0.0,0.0
2024-08-14 00:00:00+03:00,39.13999938964844,39.36000061035156,37.779998779296875,38.84000015258789,875787,0.0,0.0
2024-08-15 00:00:00+03:00,38.84000015258789,39.20000076293945,36.86000061035156,36.86000061035156,3065057,0.0,0.0
2024-08-16 00:00:00+03:00,37.040000915527344,37.91999816894531,36.040000915527344,36.040000915527344,2084583,0.0,0.0
2024-08-19 00:00:00+03:00,36.2400016784668,36.380001068115234,36.0,36.2400016784668,544573,0.0,0.0
2024-08-20 00:00:00+03:00,36.31999969482422,36.5,35.58000183105469,35.7599983215332,713611,0.0,0.0
2024-08-21 00:00:00+03:00,35.7599983215332,35.900001525878906,35.20000076293945,35.20000076293945,490103,0.0,0.0
2024-08-22 00:00:00+03:00,35.279998779296875,35.84000015258789,34.68000030517578,35.220001220703125,2506059,0.0,0.0
2024-08-23 00:00:00+03:00,35.2400016784668,35.2400016784668,33.97999954223633,34.099998474121094,702305,0.0,0.0
2024-08-26 00:00:00+03:00,34.279998779296875,34.5,33.20000076293945,33.79999923706055,358094,0.0,0.0
2024-08-27 00:00:00+03:00,33.779998779296875,33.81999969482422,33.220001220703125,33.5,406401,0.0,0.0
2024-08-28 00:00:00+03:00,33.439998626708984,34.81999969482422,33.34000015258789,34.459999084472656,593054,0.0,0.0
2024-08-29 00:00:00+03:00,34.36000061035156,34.70000076293945,33.779998779296875,34.34000015258789,1196970,0.0,0.0
2024-09-02 00:00:00+03:00,34.34000015258789,34.68000030517578,32.63999938964844,34.119998931884766,1965672,0.0,0.0
2024-09-03 00:00:00+03:00,34.119998931884766,34.63999938964844,33.81999969482422,34.29999923706055,801136,0.0,0.0
2024-09-04 00:00:00+03:00,34.2400016784668,34.2400016784668,33.619998931884766,33.70000076293945,298228,0.0,0.0
2024-09-05 00:00:00+03:00,33.70000076293945,34.41999816894531,33.70000076293945,34.119998931884766,278744,0.0,0.0
2024-09-06 00:00:00+03:00,34.119998931884766,34.380001068115234,34.02000045776367,34.119998931884766,255301,0.0,0.0
2024-09-09 00:00:00+03:00,33.959999084472656,34.279998779296875,33.779998779296875,33.86000061035156,276429,0.0,0.0
2024-09-10 00:00:00+03:00,33.86000061035156,34.20000076293945,33.560001373291016,33.560001373291016,295677,0.0,0.0
2024-09-11 00:00:00+03:00,33.2400016784668,33.459999084472656,31.5,31.5,538665,0.0,0.0
2024-09-12 00:00:00+03:00,31.600000381469727,32.5,30.799999237060547,31.200000762939453,470388,0.0,0.0
2024-09-13 00:00:00+03:00,29.479999542236328,30.280000686645508,29.360000610351562,30.219999313354492,1303807,0.0,0.0
2024-09-16 00:00:00+03:00,30.3799991607666,31.0,29.899999618530273,30.100000381469727,514349,0.0,0.0
2024-09-17 00:00:00+03:00,30.200000762939453,30.760000228881836,30.040000915527344,30.5,366776,0.0,0.0
2024-09-18 00:00:00+03:00,30.520000457763672,30.959999084472656,29.899999618530273,30.18000030517578,717420,0.0,0.0
2024-09-19 00:00:00+03:00,30.280000686645508,30.600000381469727,30.139999389648438,30.440000534057617,854284,0.0,0.0
2024-09-20 00:00:00+03:00,30.639999389648438,30.920000076293945,30.1200008392334,30.260000228881836,678402,0.0,0.0
2024-09-23 00:00:00+03:00,30.219999313354492,30.5,29.899999618530273,29.899999618530273,521531,0.0,0.0
2024-09-24 00:00:00+03:00,29.959999084472656,30.18000030517578,29.6200008392334,29.799999237060547,680878,0.0,0.0
2024-09-25 00:00:00+03:00,29.84000015258789,30.299999237060547,29.3799991607666,29.459999084472656,566579,0.0,0.0
2024-09-26 00:00:00+03:00,29.799999237060547,29.799999237060547,29.219999313354492,29.219999313354492,272502,0.0,0.0
2024-09-27 00:00:00+03:00,29.280000686645508,29.600000381469727,29.020000457763672,29.239999771118164,656212,0.0,0.0
2024-09-30 00:00:00+03:00,29.059999465942383,29.459999084472656,28.899999618530273,29.18000030517578,336348,0.0,0.0
2024-10-01 00:00:00+03:00,29.200000762939453,29.200000762939453,27.739999771118164,28.0,346209,0.0,0.0
2024-10-02 00:00:00+03:00,27.81999969482422,29.15999984741211,26.5,27.040000915527344,474691,0.0,0.0
2024-10-03 00:00:00+03:00,27.059999465942383,27.8799991607666,26.979999542236328,27.0,315245,0.0,0.0
2024-10-04 00:00:00+03:00,27.280000686645508,27.459999084472656,26.459999084472656,27.1200008392334,487534,0.0,0.0
2024-10-07 00:00:00+03:00,26.760000228881836,28.399999618530273,26.760000228881836,28.020000457763672,947190,0.0,0.0
2024-10-08 00:00:00+03:00,27.959999084472656,28.479999542236328,27.399999618530273,28.479999542236328,518869,0.0,0.0
2024-10-09 00:00:00+03:00,28.5,28.760000228881836,27.399999618530273,28.540000915527344,557818,0.0,0.0
2024-10-10 00:00:00+03:00,28.540000915527344,29.139999389648438,28.059999465942383,28.639999389648438,1188612,0.0,0.0
2024-10-11 00:00:00+03:00,28.639999389648438,29.1200008392334,27.540000915527344,27.579999923706055,1269041,0.0,0.0
2024-10-14 00:00:00+03:00,27.559999465942383,27.559999465942383,26.399999618530273,26.399999618530273,484689,0.0,0.0
2024-10-15 00:00:00+03:00,26.420000076293945,26.860000610351562,26.420000076293945,26.760000228881836,330087,0.0,0.0
2024-10-16 00:00:00+03:00,26.719999313354492,27.0,26.6200008392334,26.780000686645508,161790,0.0,0.0
2024-10-17 00:00:00+03:00,27.200000762939453,27.479999542236328,27.0,27.420000076293945,324655,0.0,0.0
2024-10-18 00:00:00+03:00,27.579999923706055,27.68000030517578,26.700000762939453,26.799999237060547,267346,0.0,0.0
2024-10-21 00:00:00+03:00,26.799999237060547,27.0,26.360000610351562,26.360000610351562,253887,0.0,0.0
2024-10-22 00:00:00+03:00,26.360000610351562,26.540000915527344,26.059999465942383,26.219999313354492,649571,0.0,0.0
2024-10-23 00:00:00+03:00,26.299999237060547,26.600000381469727,25.65999984741211,25.84000015258789,390680,0.0,0.0
2024-10-24 00:00:00+03:00,25.920000076293945,26.3799991607666,25.920000076293945,26.18000030517578,208969,0.0,0.0
2024-10-25 00:00:00+03:00,26.219999313354492,26.84000015258789,26.1200008392334,26.6200008392334,285843,0.0,0.0
2024-10-28 00:00:00+03:00,26.84000015258789,27.040000915527344,26.6200008392334,26.780000686645508,90276,0.0,0.0
2024-10-30 00:00:00+03:00,26.84000015258789,27.5,26.84000015258789,27.219999313354492,255525,0.0,0.0
2024-10-31 00:00:00+03:00,27.219999313354492,27.420000076293945,27.0,27.040000915527344,223276,0.0,0.0
2024-11-01 00:00:00+03:00,27.100000381469727,27.459999084472656,27.0,27.34000015258789,215184,0.0,0.0
2024-11-04 00:00:00+03:00,27.34000015258789,27.780000686645508,26.860000610351562,26.979999542236328,318443,0.0,0.0
2024-11-05 00:00:00+03:00,27.0,27.040000915527344,26.420000076293945,26.799999237060547,224063,0.0,0.0
2024-11-06 00:00:00+03:00,26.600000381469727,27.139999389648438,26.200000762939453,26.8799991607666,838368,0.0,0.0
2024-11-07 00:00:00+03:00,26.940000534057617,27.600000381469727,26.700000762939453,27.3799991607666,520145,0.0,0.0
2024-11-08 00:00:00+03:00,27.3799991607666,28.639999389648438,27.34000015258789,28.18000030517578,429083,0.0,0.0
2024-11-11 00:00:00+03:00,28.440000534057617,28.68000030517578,27.899999618530273,28.280000686645508,326301,0.0,0.0
2024-11-12 00:00:00+03:00,28.299999237060547,28.299999237060547,27.700000762939453,27.719999313354492,184949,0.0,0.0
2024-11-13 00:00:00+03:00,27.719999313354492,28.280000686645508,27.6200008392334,27.760000228881836,431985,0.0,0.0
2024-11-14 00:00:00+03:00,27.81999969482422,28.540000915527344,27.81999969482422,28.200000762939453,322025,0.0,0.0
2024-11-15 00:00:00+03:00,28.200000762939453,28.479999542236328,28.100000381469727,28.139999389648438,207055,0.0,0.0
2024-11-18 00:00:00+03:00,28.15999984741211,28.3799991607666,27.780000686645508,28.15999984741211,257960,0.0,0.0
2024-11-19 00:00:00+03:00,28.15999984741211,28.420000076293945,27.260000228881836,27.31999969482422,415921,0.0,0.0
2024-11-20 00:00:00+03:00,27.579999923706055,27.65999984741211,26.479999542236328,26.479999542236328,282743,0.0,0.0
2024-11-21 00:00:00+03:00,26.600000381469727,27.440000534057617,26.459999084472656,27.399999618530273,226901,0.0,0.0
2024-11-22 00:00:00+03:00,27.579999923706055,28.059999465942383,27.020000457763672,27.8799991607666,279298,0.0,0.0
2024-11-25 00:00:00+03:00,27.8799991607666,28.719999313354492,27.8799991607666,28.440000534057617,416226,0.0,0.0
2024-11-26 00:00:00+03:00,28.520000457763672,29.34000015258789,28.020000457763672,28.360000610351562,446631,0.0,0.0
2024-11-27 00:00:00+03:00,28.440000534057617,28.860000610351562,28.1200008392334,28.139999389648438,437555,0.0,0.0
2024-11-28 00:00:00+03:00,28.079999923706055,28.520000457763672,28.040000915527344,28.200000762939453,240906,0.0,0.0
2024-11-29 00:00:00+03:00,28.65999984741211,28.799999237060547,27.959999084472656,28.559999465942383,291975,0.0,0.0
2024-12-02 00:00:00+03:00,28.559999465942383,29.299999237060547,28.200000762939453,29.0,367209,0.0,0.0
2024-12-03 00:00:00+03:00,29.020000457763672,29.639999389648438,28.84000015258789,28.8799991607666,477262,0.0,0.0
2024-12-04 00:00:00+03:00,28.899999618530273,29.399999618530273,28.780000686645508,29.1200008392334,513437,0.0,0.0
2024-12-05 00:00:00+03:00,29.15999984741211,29.559999465942383,28.8799991607666,29.239999771118164,353888,0.0,0.0
2024-12-06 00:00:00+03:00,29.280000686645508,29.760000228881836,29.15999984741211,29.479999542236328,337375,0.0,0.0
2024-12-09 00:00:00+03:00,29.65999984741211,30.260000228881836,29.540000915527344,30.18000030517578,490352,0.0,0.0
2024-12-10 00:00:00+03:00,30.18000030517578,30.18000030517578,29.520000457763672,29.780000686645508,345016,0.0,0.0
2024-12-11 00:00:00+03:00,29.799999237060547,30.399999618530273,29.15999984741211,29.239999771118164,333538,0.0,0.0
2024-12-12 00:00:00+03:00,29.260000228881836,29.780000686645508,29.200000762939453,29.280000686645508,267692,0.0,0.0
2024-12-13 00:00:00+03:00,29.280000686645508,29.8799991607666,28.81999969482422,29.8799991607666,187522,0.0,0.0
2024-12-16 00:00:00+03:00,30.18000030517578,30.219999313354492,29.479999542236328,29.520000457763672,398519,0.0,0.0
2024-12-17 00:00:00+03:00,29.920000076293945,29.920000076293945,28.579999923706055,28.979999542236328,440224,0.0,0.0
2024-12-18 00:00:00+03:00,29.0,29.139999389648438,28.3799991607666,28.3799991607666,412267,0.0,0.0
2024-12-19 00:00:00+03:00,28.100000381469727,28.299999237060547,27.899999618530273,28.0,257620,0.0,0.0
2024-12-20 00:00:00+03:00,28.0,28.399999618530273,27.65999984741211,27.979999542236328,170095,0.0,0.0
2024-12-23 00:00:00+03:00,27.979999542236328,28.31999969482422,27.600000381469727,27.6200008392334,125266,0.0,0.0
2024-12-24 00:00:00+03:00,27.700000762939453,28.0,27.6200008392334,28.0,104367,0.0,0.0
2024-12-25 00:00:00+03:00,28.399999618530273,28.84000015258789,28.34000015258789,28.799999237060547,158699,0.0,0.0
2024-12-26 00:00:00+03:00,28.920000076293945,29.399999618530273,28.459999084472656,29.15999984741211,345924,0.0,0.0
2024-12-27 00:00:00+03:00,29.299999237060547,29.700000762939453,28.639999389648438,28.940000534057617,819102,0.0,0.0
2024-12-30 00:00:00+03:00,28.940000534057617,29.719999313354492,28.81999969482422,29.31999969482422,512217,0.0,0.0
2024-12-31 00:00:00+03:00,29.360000610351562,29.5,28.65999984741211,29.0,384329,0.0,0.0
2025-01-02 00:00:00+03:00,28.979999542236328,29.700000762939453,28.979999542236328,29.280000686645508,420079,0.0,0.0
2025-01-03 00:00:00+03:00,29.31999969482422,29.860000610351562,29.280000686645508,29.860000610351562,485321,0.0,0.0
2025-01-06 00:00:00+03:00,30.0,30.5,29.899999618530273,30.020000457763672,420688,0.0,0.0
2025-01-07 00:00:00+03:00,30.020000457763672,30.200000762939453,29.760000228881836,29.920000076293945,310312,0.0,0.0
2025-01-08 00:00:00+03:00,29.920000076293945,29.940000534057617,29.31999969482422,29.399999618530273,395455,0.0,0.0
2025-01-09 00:00:00+03:00,29.31999969482422,29.899999618530273,29.31999969482422,29.780000686645508,298249,0.0,0.0
2025-01-10 00:00:00+03:00,29.799999237060547,29.979999542236328,29.5,29.65999984741211,256928,0.0,0.0
2025-01-13 00:00:00+03:00,29.65999984741211,29.65999984741211,28.3799991607666,28.440000534057617,319224,0.0,0.0
2025-01-14 00:00:00+03:00,28.459999084472656,28.600000381469727,28.200000762939453,28.360000610351562,251848,0.0,0.0
2025-01-15 00:00:00+03:00,28.420000076293945,28.700000762939453,28.100000381469727,28.700000762939453,241517,0.0,0.0
2025-01-16 00:00:00+03:00,28.979999542236328,29.15999984741211,28.540000915527344,29.100000381469727,203086,0.0,0.0
2025-01-17 00:00:00+03:00,29.15999984741211,29.15999984741211,28.719999313354492,28.8799991607666,171679,0.0,0.0
2025-01-20 00:00:00+03:00,28.8799991607666,29.260000228881836,28.719999313354492,28.8799991607666,322970,0.0,0.0
2025-01-21 00:00:00+03:00,28.81999969482422,28.81999969482422,28.31999969482422,28.420000076293945,237843,0.0,0.0
2025-01-22 00:00:00+03:00,28.420000076293945,28.8799991607666,28.31999969482422,28.8799991607666,221777,0.0,0.0
2025-01-23 00:00:00+03:00,29.0,29.459999084472656,28.84000015258789,28.860000610351562,249572,0.0,0.0
2025-01-24 00:00:00+03:00,28.860000610351562,29.139999389648438,28.520000457763672,29.020000457763672,198641,0.0,0.0
2025-01-27 00:00:00+03:00,29.020000457763672,29.239999771118164,28.0,28.760000228881836,561381,0.0,0.0
2025-01-28 00:00:00+03:00,28.760000228881836,28.760000228881836,28.219999313354492,28.219999313354492,343107,0.0,0.0
2025-01-29 00:00:00+03:00,28.219999313354492,28.8799991607666,28.219999313354492,28.360000610351562,475325,0.0,0.0
2025-01-30 00:00:00+03:00,28.579999923706055,28.760000228881836,28.139999389648438,28.299999237060547,297882,0.0,0.0
2025-01-31 00:00:00+03:00,28.299999237060547,28.399999618530273,27.5,27.579999923706055,443039,0.0,0.0
2025-02-03 00:00:00+03:00,27.219999313354492,27.420000076293945,26.520000457763672,26.799999237060547,259194,0.0,0.0
2025-02-04 00:00:00+03:00,26.8799991607666,27.34000015258789,26.739999771118164,27.100000381469727,161444,0.0,0.0
2025-02-05 00:00:00+03:00,27.100000381469727,27.100000381469727,26.420000076293945,26.700000762939453,253733,0.0,0.0
2025-02-06 00:00:00+03:00,26.799999237060547,27.600000381469727,26.799999237060547,27.079999923706055,243362,0.0,0.0
2025-02-07 00:00:00+03:00,27.079999923706055,27.68000030517578,27.020000457763672,27.559999465942383,275369,0.0,0.0
2025-02-10 00:00:00+03:00,27.559999465942383,27.799999237060547,27.360000610351562,27.479999542236328,122685,0.0,0.0
2025-02-11 00:00:00+03:00,27.479999542236328,27.700000762939453,27.0,27.399999618530273,226858,0.0,0.0
2025-02-12 00:00:00+03:00,27.420000076293945,27.639999389648438,26.81999969482422,26.81999969482422,168510,0.0,0.0
2025-02-13 00:00:00+03:00,27.020000457763672,27.440000534057617,26.780000686645508,27.239999771118164,216390,0.0,0.0
2025-02-14 00:00:00+03:00,27.100000381469727,27.5,26.780000686645508,27.280000686645508,233231,0.0,0.0
2025-02-17 00:00:00+03:00,27.260000228881836,27.719999313354492,27.079999923706055,27.479999542236328,226815,0.0,0.0
2025-02-18 00:00:00+03:00,27.479999542236328,27.479999542236328,26.799999237060547,27.200000762939453,292085,0.0,0.0
2025-02-19 00:00:00+03:00,27.219999313354492,27.31999969482422,26.579999923706055,26.600000381469727,189936,0.0,0.0
2025-02-20 00:00:00+03:00,26.600000381469727,27.31999969482422,26.559999465942383,27.239999771118164,225404,0.0,0.0
2025-02-21 00:00:00+03:00,27.219999313354492,27.459999084472656,26.239999771118164,26.5,178051,0.0,0.0
2025-02-24 00:00:00+03:00,26.540000915527344,27.18000030517578,26.520000457763672,26.799999237060547,130266,0.0,0.0
2025-02-25 00:00:00+03:00,26.860000610351562,27.18000030517578,26.31999969482422,26.31999969482422,209924,0.0,0.0
2025-02-26 00:00:00+03:00,26.399999618530273,26.559999465942383,26.0,26.399999618530273,175614,0.0,0.0
2025-02-27 00:00:00+03:00,26.399999618530273,26.739999771118164,26.31999969482422,26.559999465942383,157696,0.0,0.0
2025-02-28 00:00:00+03:00,26.559999465942383,27.079999923706055,26.3799991607666,26.600000381469727,207799,0.0,0.0
2025-03-03 00:00:00+03:00,26.65999984741211,27.139999389648438,26.0,26.360000610351562,324094,0.0,0.0
2025-03-04 00:00:00+03:00,26.360000610351562,26.360000610351562,25.780000686645508,25.81999969482422,161989,0.0,0.0
2025-03-05 00:00:00+03:00,25.920000076293945,26.600000381469727,25.920000076293945,26.219999313354492,235331,0.0,0.0
2025-03-06 00:00:00+03:00,26.360000610351562,27.18000030517578,26.31999969482422,27.040000915527344,373720,0.0,0.0
2025-03-07 00:00:00+03:00,26.799999237060547,27.239999771118164,26.219999313354492,27.239999771118164,602394,0.0,0.0
2025-03-10 00:00:00+03:00,27.239999771118164,28.0,26.84000015258789,27.399999618530273,653333,0.0,0.0
2025-03-11 00:00:00+03:00,27.299999237060547,27.579999923706055,26.719999313354492,27.479999542236328,312117,0.0,0.0
2025-03-12 00:00:00+03:00,27.459999084472656,27.600000381469727,26.959999084472656,27.559999465942383,369872,0.0,0.0
2025-03-13 00:00:00+03:00,27.540000915527344,28.719999313354492,27.3799991607666,28.520000457763672,778089,0.0,0.0
2025-03-14 00:00:00+03:00,28.520000457763672,28.780000686645508,28.100000381469727,28.3799991607666,397198,0.0,0.0
2025-03-17 00:00:00+03:00,28.399999618530273,28.780000686645508,28.100000381469727,28.440000534057617,507021,0.0,0.0
2025-03-18 00:00:00+03:00,28.420000076293945,28.420000076293945,27.81999969482422,28.18000030517578,302856,0.0,0.0
2025-03-19 00:00:00+03:00,25.799999237060547,26.899999618530273,25.3799991607666,25.3799991607666,555205,0.0,0.0
2025-03-20 00:00:00+03:00,25.420000076293945,26.399999618530273,25.1200008392334,25.459999084472656,467614,0.0,0.0
2025-03-21 00:00:00+03:00,25.459999084472656,25.479999542236328,23.1200008392334,23.280000686645508,363554,0.0,0.0
2025-03-24 00:00:00+03:00,23.420000076293945,23.959999084472656,22.280000686645508,23.200000762939453,506529,0.0,0.0
2025-03-25 00:00:00+03:00,23.360000610351562,25.059999465942383,23.200000762939453,24.739999771118164,354777,0.0,0.0
2025-03-26 00:00:00+03:00,24.6200008392334,24.979999542236328,23.6200008392334,24.799999237060547,187487,0.0,0.0
2025-03-27 00:00:00+03:00,24.799999237060547,25.440000534057617,24.780000686645508,25.0,220727,0.0,0.0
2025-03-28 00:00:00+03:00,25.440000534057617,27.5,24.200000762939453,25.799999237060547,364941,0.0,0.0
2025-04-02 00:00:00+03:00,25.799999237060547,26.18000030517578,25.440000534057617,25.520000457763672,197545,0.0,0.0
2025-04-03 00:00:00+03:00,25.520000457763672,26.059999465942383,25.34000015258789,25.360000610351562,135831,0.0,0.0
2025-04-04 00:00:00+03:00,25.360000610351562,25.459999084472656,24.8799991607666,24.940000534057617,110058,0.0,0.0
2025-04-07 00:00:00+03:00,24.5,25.1200008392334,24.239999771118164,25.020000457763672,316153,0.0,0.0
2025-04-08 00:00:00+03:00,25.1200008392334,25.860000610351562,25.0,25.780000686645508,225249,0.0,0.0
2025-04-09 00:00:00+03:00,25.780000686645508,26.079999923706055,24.81999969482422,24.84000015258789,280185,0.0,0.0
2025-04-10 00:00:00+03:00,25.31999969482422,25.579999923706055,25.079999923706055,25.100000381469727,210539,0.0,0.0
2025-04-11 00:00:00+03:00,25.100000381469727,25.360000610351562,24.860000610351562,25.020000457763672,112834,0.0,0.0
2025-04-14 00:00:00+03:00,25.079999923706055,25.639999389648438,25.079999923706055,25.6200008392334,145655,0.0,0.0
2025-04-15 00:00:00+03:00,25.600000381469727,26.139999389648438,25.219999313354492,25.700000762939453,315167,0.0,0.0
2025-04-16 00:00:00+03:00,25.520000457763672,25.68000030517578,24.920000076293945,25.100000381469727,199662,0.0,0.0
2025-04-17 00:00:00+03:00,25.1200008392334,25.459999084472656,24.760000228881836,25.260000228881836,212390,0.0,0.0
2025-04-18 00:00:00+03:00,25.18000030517578,25.600000381469727,25.0,25.059999465942383,293038,0.0,0.0
2025-04-21 00:00:00+03:00,25.100000381469727,25.700000762939453,24.860000610351562,25.540000915527344,309756,0.0,0.0
2025-04-22 00:00:00+03:00,25.559999465942383,27.3799991607666,25.559999465942383,25.81999969482422,810782,0.0,0.0
2025-04-24 00:00:00+03:00,25.81999969482422,26.280000686645508,25.579999923706055,26.200000762939453,366380,0.0,0.0
2025-04-25 00:00:00+03:00,26.139999389648438,26.799999237060547,26.100000381469727,26.100000381469727,225116,0.0,0.0
2025-04-28 00:00:00+03:00,26.280000686645508,26.399999618530273,25.860000610351562,25.860000610351562,322172,0.0,0.0
2025-04-29 00:00:00+03:00,25.860000610351562,26.459999084472656,25.700000762939453,25.860000610351562,235837,0.0,0.0
2025-04-30 00:00:00+03:00,25.899999618530273,26.34000015258789,25.260000228881836,25.280000686645508,163650,0.0,0.0
2025-05-02 00:00:00+03:00,25.280000686645508,26.1200008392334,25.280000686645508,25.600000381469727,155039,0.0,0.0
2025-05-05 00:00:00+03:00,25.959999084472656,26.059999465942383,25.579999923706055,25.979999542236328,245842,0.0,0.0
2025-05-06 00:00:00+03:00,25.920000076293945,26.399999618530273,25.81999969482422,25.860000610351562,184826,0.0,0.0
2025-05-07 00:00:00+03:00,26.020000457763672,26.020000457763672,25.360000610351562,25.399999618530273,169391,0.0,0.0
2025-05-08 00:00:00+03:00,25.520000457763672,25.520000457763672,25.020000457763672,25.15999984741211,129887,0.0,0.0
2025-05-09 00:00:00+03:00,25.440000534057617,25.440000534057617,24.700000762939453,25.1200008392334,251386,0.0,0.0
2025-05-12 00:00:00+03:00,25.600000381469727,25.959999084472656,25.31999969482422,25.84000015258789,285776,0.0,0.0
2025-05-13 00:00:00+03:00,25.979999542236328,26.280000686645508,25.420000076293945,25.920000076293945,295818,0.0,0.0
2025-05-14 00:00:00+03:00,25.8799991607666,26.299999237060547,25.719999313354492,25.84000015258789,208445,0.0,0.0
2025-05-15 00:00:00+03:00,25.739999771118164,27.799999237060547,25.739999771118164,27.020000457763672,1166740,0.0,0.0
2025-05-16 00:00:00+03:00,27.059999465942383,27.520000457763672,26.360000610351562,26.799999237060547,339855,0.0,0.0
2025-05-20 00:00:00+03:00,26.799999237060547,27.299999237060547,25.8799991607666,26.420000076293945,194628,0.0,0.0
2025-05-21 00:00:00+03:00,26.299999237060547,26.5,25.540000915527344,25.579999923706055,334325,0.0,0.0
2025-05-22 00:00:00+03:00,25.600000381469727,25.799999237060547,25.459999084472656,25.540000915527344,181209,0.0,0.0
2025-05-23 00:00:00+03:00,25.540000915527344,25.700000762939453,25.200000762939453,25.299999237060547,282326,0.0,0.0
2025-05-26 00:00:00+03:00,25.31999969482422,27.0,25.280000686645508,25.5,238492,0.0,0.0
2025-05-27 00:00:00+03:00,25.399999618530273,25.600000381469727,24.600000381469727,24.6200008392334,290222,0.0,0.0
2025-05-28 00:00:00+03:00,24.6200008392334,25.280000686645508,23.899999618530273,24.020000457763672,217424,0.0,0.0
2025-05-29 00:00:00+03:00,24.1200008392334,24.31999969482422,23.81999969482422,23.959999084472656,191996,0.0,0.0
2025-05-30 00:00:00+03:00,24.100000381469727,24.100000381469727,23.31999969482422,23.520000457763672,200702,0.0,0.0
2025-06-02 00:00:00+03:00,23.540000915527344,23.799999237060547,22.860000610351562,22.860000610351562,220531,0.0,0.0
2025-06-03 00:00:00+03:00,23.360000610351562,23.600000381469727,23.200000762939453,23.3799991607666,217487,0.0,0.0
2025-06-04 00:00:00+03:00,23.260000228881836,24.260000228881836,23.260000228881836,24.260000228881836,217190,0.0,0.0
2025-06-05 00:00:00+03:00,24.040000915527344,24.739999771118164,23.959999084472656,24.540000915527344,250081,0.0,0.0
2025-06-10 00:00:00+03:00,24.899999618530273,25.700000762939453,24.639999389648438,25.700000762939453,428231,0.0,0.0
2025-06-11 00:00:00+03:00,26.18000030517578,26.200000762939453,25.299999237060547,25.639999389648438,381256,0.0,0.0
2025-06-12 00:00:00+03:00,25.600000381469727,25.600000381469727,24.739999771118164,24.739999771118164,256825,0.0,0.0
2025-06-13 00:00:00+03:00,23.540000915527344,23.940000534057617,22.3799991607666,23.860000610351562,355097,0.0,0.0
2025-06-16 00:00:00+03:00,23.68000030517578,24.780000686645508,23.3799991607666,24.440000534057617,266063,0.0,0.0
2025-06-17 00:00:00+03:00,24.440000534057617,24.559999465942383,24.0,24.280000686645508,186274,0.0,0.0
2025-06-18 00:00:00+03:00,24.0,24.079999923706055,23.34000015258789,23.440000534057617,237024,0.0,0.0
2025-06-19 00:00:00+03:00,23.399999618530273,24.5,22.899999618530273,22.920000076293945,221539,0.0,0.0
2025-06-20 00:00:00+03:00,23.040000915527344,23.5,23.040000915527344,23.420000076293945,116207,0.0,0.0
2025-06-23 00:00:00+03:00,23.420000076293945,23.979999542236328,22.559999465942383,23.719999313354492,177542,0.0,0.0
2025-06-24 00:00:00+03:00,24.100000381469727,24.6200008392334,23.739999771118164,24.3799991607666,257611,0.0,0.0
2025-06-25 00:00:00+03:00,24.0,26.799999237060547,24.0,26.5,914010,0.0,0.0
2025-06-26 00:00:00+03:00,26.5,26.860000610351562,25.479999542236328,25.5,856993,0.0,0.0
2025-06-27 00:00:00+03:00,25.520000457763672,25.65999984741211,24.6200008392334,24.700000762939453,375872,0.0,0.0
2025-06-30 00:00:00+03:00,24.760000228881836,25.639999389648438,24.760000228881836,25.559999465942383,543542,0.0,0.0
2025-07-01 00:00:00+03:00,25.579999923706055,26.059999465942383,25.479999542236328,25.760000228881836,360258,0.0,0.0
2025-07-02 00:00:00+03:00,25.760000228881836,26.280000686645508,25.540000915527344,25.979999542236328,346965,0.0,0.0
2025-07-03 00:00:00+03:00,26.020000457763672,26.479999542236328,25.84000015258789,25.940000534057617,248813,0.0,0.0
2025-07-04 00:00:00+03:00,25.940000534057617,26.200000762939453,25.739999771118164,26.040000915527344,192672,0.0,0.0
2025-07-07 00:00:00+03:00,25.719999313354492,26.200000762939453,25.059999465942383,25.860000610351562,259855,0.0,0.0
2025-07-08 00:00:00+03:00,25.8799991607666,26.0,24.600000381469727,25.440000534057617,269117,0.0,0.0
2025-07-09 00:00:00+03:00,25.239999771118164,25.760000228881836,25.239999771118164,25.6200008392334,224496,0.0,0.0
2025-07-10 00:00:00+03:00,25.68000030517578,26.440000534057617,25.6200008392334,26.079999923706055,308734,0.0,0.0
2025-07-11 00:00:00+03:00,26.1200008392334,26.559999465942383,25.700000762939453,26.15999984741211,322202,0.0,0.0
2025-07-14 00:00:00+03:00,26.18000030517578,28.299999237060547,26.18000030517578,27.940000534057617,925913,0.0,0.0
2025-07-16 00:00:00+03:00,27.940000534057617,28.139999389648438,27.18000030517578,27.8799991607666,981773,0.0,0.0
2025-07-17 00:00:00+03:00,27.899999618530273,28.200000762939453,27.200000762939453,27.68000030517578,794698,0.0,0.0
2025-07-18 00:00:00+03:00,27.780000686645508,28.540000915527344,27.700000762939453,28.34000015258789,1084096,0.0,0.0
2025-07-21 00:00:00+03:00,28.5,29.139999389648438,28.34000015258789,29.0,834451,0.0,0.0
2025-07-22 00:00:00+03:00,29.100000381469727,29.15999984741211,28.15999984741211,28.299999237060547,760004,0.0,0.0
2025-07-23 00:00:00+03:00,27.899999618530273,28.260000228881836,27.020000457763672,28.0,1212193,0.0,0.0
2025-07-24 00:00:00+03:00,27.899999618530273,28.139999389648438,27.1200008392334,27.700000762939453,765728,0.0,0.0
2025-07-25 00:00:00+03:00,27.780000686645508,27.84000015258789,27.299999237060547,27.299999237060547,288071,0.0,0.0
2025-07-28 00:00:00+03:00,27.31999969482422,27.68000030517578,27.31999969482422,27.360000610351562,279257,0.0,0.0
2025-07-29 00:00:00+03:00,27.3799991607666,27.700000762939453,27.299999237060547,27.299999237060547,264682,0.0,0.0
2025-07-30 00:00:00+03:00,27.399999618530273,27.959999084472656,27.280000686645508,27.65999984741211,356236,0.0,0.0
2025-07-31 00:00:00+03:00,27.700000762939453,27.780000686645508,27.399999618530273,27.6200008392334,278842,0.0,0.0
2025-08-01 00:00:00+03:00,27.65999984741211,27.920000076293945,27.3799991607666,27.600000381469727,488161,0.0,0.0
2025-08-04 00:00:00+03:00,27.600000381469727,28.81999969482422,27.600000381469727,28.3799991607666,1055025,0.0,0.0
2025-08-05 00:00:00+03:00,28.700000762939453,28.780000686645508,27.959999084472656,28.34000015258789,699421,0.0,0.0
2025-08-06 00:00:00+03:00,28.360000610351562,28.459999084472656,27.81999969482422,28.100000381469727,576420,0.0,0.0
2025-08-07 00:00:00+03:00,28.239999771118164,29.020000457763672,28.200000762939453,28.6200008392334,882176,0.0,0.0
2025-08-08 00:00:00+03:00,28.6200008392334,28.639999389648438,28.059999465942383,28.200000762939453,545776,0.0,0.0
2025-08-11 00:00:00+03:00,28.700000762939453,28.860000610351562,28.280000686645508,28.700000762939453,604682,0.0,0.0
2025-08-12 00:00:00+03:00,28.700000762939453,29.079999923706055,28.399999618530273,28.600000381469727,420267,0.0,0.0
2025-08-13 00:00:00+03:00,28.600000381469727,28.600000381469727,27.860000610351562,27.920000076293945,570123,0.0,0.0
2025-08-14 00:00:00+03:00,27.84000015258789,28.600000381469727,27.360000610351562,27.520000457763672,908098,0.0,0.0
2025-08-15 00:00:00+03:00,27.299999237060547,27.520000457763672,26.8799991607666,27.34000015258789,757549,0.0,0.0
2025-08-18 00:00:00+03:00,27.34000015258789,27.84000015258789,27.200000762939453,27.639999389648438,641639,0.0,0.0
2025-08-19 00:00:00+03:00,27.979999542236328,27.979999542236328,27.360000610351562,27.579999923706055,474425,0.0,0.0
2025-08-20 00:00:00+03:00,27.579999923706055,28.020000457763672,27.440000534057617,28.0,984574,0.0,0.0
2025-08-21 00:00:00+03:00,28.020000457763672,29.299999237060547,28.020000457763672,28.739999771118164,1183723,0.0,0.0
2025-08-22 00:00:00+03:00,28.739999771118164,29.139999389648438,28.68000030517578,28.81999969482422,992211,0.0,0.0
2025-08-25 00:00:00+03:00,28.920000076293945,29.479999542236328,28.8799991607666,29.399999618530273,808045,0.0,0.0
2025-08-26 00:00:00+03:00,29.520000457763672,29.639999389648438,28.780000686645508,28.860000610351562,632529,0.0,0.0
2025-08-27 00:00:00+03:00,28.860000610351562,28.979999542236328,28.5,28.600000381469727,478170,0.0,0.0
2025-08-28 00:00:00+03:00,28.600000381469727,28.959999084472656,28.5,28.68000030517578,443489,0.0,0.0
2025-08-29 00:00:00+03:00,28.760000228881836,28.799999237060547,28.040000915527344,28.100000381469727,382124,0.0,0.0
2025-09-01 00:00:00+03:00,28.040000915527344,28.81999969482422,28.040000915527344,28.81999969482422,265891,0.0,0.0
2025-09-02 00:00:00+03:00,28.81999969482422,29.200000762939453,27.18000030517578,28.0,708913,0.0,0.0
2025-09-03 00:00:00+03:00,27.65999984741211,28.139999389648438,27.31999969482422,27.65999984741211,960299,0.0,0.0
2025-09-04 00:00:00+03:00,27.799999237060547,28.34000015258789,27.739999771118164,28.34000015258789,397728,0.0,0.0
2025-09-05 00:00:00+03:00,28.34000015258789,28.360000610351562,27.31999969482422,27.31999969482422,490069,0.0,0.0
2025-09-08 00:00:00+03:00,26.639999389648438,26.84000015258789,26.479999542236328,26.65999984741211,355474,0.0,0.0
2025-09-09 00:00:00+03:00,26.739999771118164,27.020000457763672,26.3799991607666,26.479999542236328,256948,0.0,0.0
2025-09-10 00:00:00+03:00,26.739999771118164,26.760000228881836,26.200000762939453,26.260000228881836,275352,0.0,0.0
2025-09-11 00:00:00+03:00,26.81999969482422,27.15999984741211,26.260000228881836,26.420000076293945,544548,0.0,0.0
2025-09-12 00:00:00+03:00,26.399999618530273,26.5,25.6200008392334,25.84000015258789,268966,0.0,0.0
2025-09-15 00:00:00+03:00,25.739999771118164,27.700000762939453,25.739999771118164,27.360000610351562,535699,0.0,0.0
2025-09-16 00:00:00+03:00,27.299999237060547,27.920000076293945,27.200000762939453,27.719999313354492,600512,0.0,0.0
2025-09-17 00:00:00+03:00,27.8799991607666,28.18000030517578,27.5,28.040000915527344,512350,0.0,0.0
2025-09-18 00:00:00+03:00,28.34000015258789,28.440000534057617,27.959999084472656,28.040000915527344,814629,0.0,0.0
2025-09-19 00:00:00+03:00,28.059999465942383,28.34000015258789,27.940000534057617,28.1200008392334,632062,0.0,0.0
2025-09-22 00:00:00+03:00,28.639999389648438,28.68000030517578,28.0,28.200000762939453,883251,0.0,0.0
2025-09-23 00:00:00+03:00,28.100000381469727,28.239999771118164,27.81999969482422,27.81999969482422,384834,0.0,0.0
2025-09-24 00:00:00+03:00,27.81999969482422,28.299999237060547,27.81999969482422,27.899999618530273,482892,0.0,0.0
2025-09-25 00:00:00+03:00,28.479999542236328,30.0,28.059999465942383,28.399999618530273,3049806,0.0,0.0
2025-09-26 00:00:00+03:00,28.5,28.5,27.5,27.520000457763672,919444,0.0,0.0
2025-09-29 00:00:00+03:00,27.31999969482422,27.459999084472656,26.799999237060547,26.920000076293945,510606,0.0,0.0
2025-09-30 00:00:00+03:00,27.040000915527344,27.200000762939453,26.3799991607666,26.65999984741211,425325,0.0,0.0
2025-10-01 00:00:00+03:00,26.68000030517578,27.420000076293945,26.68000030517578,27.260000228881836,534982,0.0,0.0
2025-10-02 00:00:00+03:00,27.239999771118164,27.739999771118164,26.959999084472656,27.0,395428,0.0,0.0
2025-10-03 00:00:00+03:00,27.040000915527344,28.059999465942383,26.940000534057617,26.940000534057617,733707,0.0,0.0
2025-10-06 00:00:00+03:00,26.940000534057617,27.219999313354492,26.299999237060547,26.479999542236328,329600,0.0,0.0
2025-10-07 00:00:00+03:00,26.479999542236328,26.700000762939453,26.059999465942383,26.440000534057617,477397,0.0,0.0
2025-10-08 00:00:00+03:00,26.5,27.1200008392334,26.399999618530273,26.8799991607666,382732,0.0,0.0
2025-10-09 00:00:00+03:00,27.399999618530273,27.459999084472656,26.65999984741211,26.700000762939453,306294,0.0,0.0
2025-10-10 00:00:00+03:00,26.700000762939453,27.239999771118164,26.6200008392334,26.959999084472656,349535,0.0,0.0
2025-10-13 00:00:00+03:00,26.639999389648438,27.020000457763672,26.1200008392334,26.139999389648438,355490,0.0,0.0
2025-10-14 00:00:00+03:00,26.1200008392334,26.280000686645508,25.420000076293945,25.700000762939453,289523,0.0,0.0
2025-10-15 00:00:00+03:00,25.700000762939453,26.399999618530273,25.520000457763672,26.299999237060547,325798,0.0,0.0
2025-10-16 00:00:00+03:00,26.299999237060547,26.520000457763672,25.84000015258789,25.940000534057617,354080,0.0,0.0
2025-10-17 00:00:00+03:00,25.8799991607666,25.8799991607666,24.979999542236328,25.399999618530273,279253,0.0,0.0
2025-10-20 00:00:00+03:00,25.8799991607666,26.1200008392334,25.3799991607666,25.760000228881836,356579,0.0,0.0
2025-10-21 00:00:00+03:00,25.760000228881836,26.639999389648438,25.760000228881836,26.5,373339,0.0,0.0
2025-10-22 00:00:00+03:00,26.520000457763672,27.139999389648438,26.440000534057617,26.639999389648438,483603,0.0,0.0
2025-10-23 00:00:00+03:00,26.799999237060547,26.899999618530273,26.3799991607666,26.3799991607666,404010,0.0,0.0
2025-10-24 00:00:00+03:00,26.420000076293945,27.399999618530273,26.420000076293945,27.299999237060547,633500,0.0,0.0
2025-10-27 00:00:00+03:00,27.399999618530273,27.6200008392334,26.68000030517578,26.700000762939453,247892,0.0,0.0
2025-10-28 00:00:00+03:00,26.719999313354492,27.280000686645508,26.6200008392334,26.719999313354492,142049,0.0,0.0
2025-10-30 00:00:00+03:00,26.760000228881836,27.940000534057617,26.719999313354492,27.3799991607666,688018,0.0,0.0
2025-10-31 00:00:00+03:00,27.799999237060547,27.920000076293945,27.18000030517578,27.700000762939453,592321,0.0,0.0
2025-11-03 00:00:00+03:00,28.440000534057617,29.5,27.760000228881836,28.81999969482422,1030259,0.0,0.0
2025-11-04 00:00:00+03:00,28.84000015258789,28.920000076293945,28.1200008392334,28.520000457763672,469406,0.0,0.0
2025-11-05 00:00:00+03:00,28.8799991607666,29.139999389648438,28.5,28.860000610351562,498638,0.0,0.0
2025-11-06 00:00:00+03:00,29.079999923706055,29.600000381469727,28.31999969482422,28.559999465942383,691622,0.0,0.0
2025-11-07 00:00:00+03:00,28.920000076293945,28.920000076293945,27.799999237060547,27.899999618530273,390112,0.0,0.0
2025-11-10 00:00:00+03:00,28.0,28.899999618530273,27.780000686645508,28.020000457763672,464985,0.0,0.0
2025-11-11 00:00:00+03:00,28.079999923706055,28.15999984741211,26.34000015258789,26.459999084472656,627071,0.0,0.0
2025-11-12 00:00:00+03:00,26.559999465942383,26.760000228881836,25.860000610351562,25.860000610351562,424431,0.0,0.0
2025-11-13 00:00:00+03:00,26.0,26.200000762939453,25.360000610351562,25.440000534057617,272708,0.0,0.0
2025-11-14 00:00:00+03:00,25.459999084472656,25.520000457763672,24.81999969482422,25.020000457763672,244544,0.0,0.0
2025-11-17 00:00:00+03:00,25.1200008392334,26.18000030517578,25.1200008392334,25.8799991607666,313131,0.0,0.0
2025-11-18 00:00:00+03:00,25.8799991607666,25.899999618530273,25.420000076293945,25.65999984741211,189254,0.0,0.0
2025-11-19 00:00:00+03:00,27.100000381469727,27.1200008392334,25.6200008392334,25.639999389648438,801730,0.0,0.0
2025-11-20 00:00:00+03:00,25.700000762939453,26.079999923706055,25.260000228881836,25.360000610351562,389858,0.0,0.0
2025-11-21 00:00:00+03:00,25.15999984741211,25.65999984741211,25.139999389648438,25.600000381469727,367308,0.0,0.0
2025-11-24 00:00:00+03:00,25.639999389648438,25.65999984741211,25.260000228881836,25.520000457763672,220978,0.0,0.0
2025-11-25 00:00:00+03:00,25.600000381469727,27.139999389648438,25.360000610351562,25.579999923706055,430646,0.0,0.0
2025-11-26 00:00:00+03:00,25.760000228881836,26.040000915527344,25.700000762939453,25.84000015258789,233701,0.0,0.0
2025-11-27 00:00:00+03:00,25.84000015258789,26.1200008392334,25.3799991607666,25.520000457763672,385927,0.0,0.0
2025-11-28 00:00:00+03:00,25.559999465942383,25.700000762939453,25.31999969482422,25.3799991607666,127331,0.0,0.0
2025-12-01 00:00:00+03:00,25.420000076293945,26.18000030517578,25.399999618530273,26.18000030517578,266820,0.0,0.0
2025-12-02 00:00:00+03:00,26.899999618530273,28.059999465942383,26.440000534057617,27.6200008392334,1022892,0.0,0.0
2025-12-03 00:00:00+03:00,27.6200008392334,27.739999771118164,26.799999237060547,26.940000534057617,373303,0.0,0.0
2025-12-04 00:00:00+03:00,27.079999923706055,27.5,26.8799991607666,27.219999313354492,243747,0.0,0.0
2025-12-05 00:00:00+03:00,27.219999313354492,27.280000686645508,26.799999237060547,27.15999984741211,137873,0.0,0.0
2025-12-08 00:00:00+03:00,27.15999984741211,27.600000381469727,27.15999984741211,27.399999618530273,187733,0.0,0.0
2025-12-09 00:00:00+03:00,27.559999465942383,27.68000030517578,27.15999984741211,27.440000534057617,164151,0.0,0.0
2025-12-10 00:00:00+03:00,27.479999542236328,27.639999389648438,27.0,27.040000915527344,132148,0.0,0.0
2025-12-11 00:00:00+03:00,27.079999923706055,27.600000381469727,27.079999923706055,27.399999618530273,134145,0.0,0.0
2025-12-12 00:00:00+03:00,27.399999618530273,28.0,27.3799991607666,27.780000686645508,248574,0.0,0.0
2025-12-15 00:00:00+03:00,27.799999237060547,28.1200008392334,27.520000457763672,27.65999984741211,257093,0.0,0.0
2025-12-16 00:00:00+03:00,27.65999984741211,27.799999237060547,27.200000762939453,27.399999618530273,98373,0.0,0.0
2025-12-17 00:00:00+03:00,27.399999618530273,27.940000534057617,26.420000076293945,27.020000457763672,525142,0.0,0.0
2025-12-18 00:00:00+03:00,27.059999465942383,27.299999237060547,26.5,26.559999465942383,193399,0.0,0.0
2025-12-19 00:00:00+03:00,26.600000381469727,26.799999237060547,26.420000076293945,26.68000030517578,148709,0.0,0.0
2025-12-22 00:00:00+03:00,26.459999084472656,26.739999771118164,25.799999237060547,26.079999923706055,180648,0.0,0.0
2025-12-23 00:00:00+03:00,26.079999923706055,26.18000030517578,25.719999313354492,25.799999237060547,142264,0.0,0.0
2025-12-24 00:00:00+03:00,25.799999237060547,26.0,25.6200008392334,25.8799991607666,171506,0.0,0.0
2025-12-25 00:00:00+03:00,25.8799991607666,26.479999542236328,25.8799991607666,26.079999923706055,116977,0.0,0.0
2025-12-26 00:00:00+03:00,26.079999923706055,26.280000686645508,25.799999237060547,26.0,301509,0.0,0.0
2025-12-29 00:00:00+03:00,25.899999618530273,26.139999389648438,25.579999923706055,25.600000381469727,259454,0.0,0.0
2025-12-30 00:00:00+03:00,25.600000381469727,25.81999969482422,25.399999618530273,25.739999771118164,228536,0.0,0.0
2025-12-31 00:00:00+03:00,25.760000228881836,26.5,25.760000228881836,25.899999618530273,164493,0.0,0.0
2026-01-02 00:00:00+03:00,25.899999618530273,26.420000076293945,25.899999618530273,26.15999984741211,172166,0.0,0.0
2026-01-05 00:00:00+03:00,26.280000686645508,26.780000686645508,26.15999984741211,26.399999618530273,190100,0.0,0.0
2026-01-06 00:00:00+03:00,26.399999618530273,26.600000381469727,26.280000686645508,26.600000381469727,236556,0.0,0.0
2026-01-07 00:00:00+03:00,26.959999084472656,26.959999084472656,26.299999237060547,26.540000915527344,188894,0.0,0.0
2026-01-08 00:00:00+03:00,26.399999618530273,26.68000030517578,25.940000534057617,26.540000915527344,285525,0.0,0.0
2026-01-09 00:00:00+03:00,26.719999313354492,26.719999313354492,26.360000610351562,26.479999542236328,139745,0.0,0.0
2026-01-12 00:00:00+03:00,26.479999542236328,29.1200008392334,26.420000076293945,27.440000534057617,947129,0.0,0.0
2026-01-13 00:00:00+03:00,27.440000534057617,28.0,27.239999771118164,27.600000381469727,281326,0.0,0.0
2026-01-14 00:00:00+03:00,27.600000381469727,28.979999542236328,27.5,28.360000610351562,785450,0.0,0.0
2026-01-15 00:00:00+03:00,28.420000076293945,31.0,28.059999465942383,30.020000457763672,1363087,0.0,0.0
2026-01-16 00:00:00+03:00,30.059999465942383,30.280000686645508,29.0,29.639999389648438,869760,0.0,0.0
2026-01-19 00:00:00+03:00,29.639999389648438,29.959999084472656,29.3799991607666,29.68000030517578,577306,0.0,0.0
2026-01-20 00:00:00+03:00,29.540000915527344,30.600000381469727,29.540000915527344,29.799999237060547,640784,0.0,0.0
2026-01-21 00:00:00+03:00,29.81999969482422,30.079999923706055,29.600000381469727,29.920000076293945,274128,0.0,0.0
2026-01-22 00:00:00+03:00,29.920000076293945,30.399999618530273,29.920000076293945,30.34000015258789,461979,0.0,0.0
2026-01-23 00:00:00+03:00,30.34000015258789,30.579999923706055,30.020000457763672,30.5,450778,0.0,0.0
2026-01-26 00:00:00+03:00,31.0,32.68000030517578,30.940000534057617,32.34000015258789,1772356,0.0,0.0
2026-01-27 00:00:00+03:00,32.400001525878906,32.459999084472656,30.799999237060547,30.8799991607666,737364,0.0,0.0
2026-01-28 00:00:00+03:00,31.200000762939453,33.0,31.200000762939453,32.099998474121094,1399209,0.0,0.0
2026-01-29 00:00:00+03:00,32.099998474121094,32.63999938964844,31.260000228881836,31.8799991607666,625430,0.0,0.0
2026-01-30 00:00:00+03:00,31.860000610351562,32.86000061035156,31.68000030517578,32.18000030517578,520612,0.0,0.0
2026-02-02 00:00:00+03:00,32.0,33.720001220703125,31.540000915527344,32.779998779296875,1262417,0.0,0.0
2026-02-03 00:00:00+03:00,32.79999923706055,33.47999954223633,32.619998931884766,32.70000076293945,699135,0.0,0.0
2026-02-04 00:00:00+03:00,33.0,34.0,32.7400016784668,32.900001525878906,774322,0.0,0.0
2026-02-05 00:00:00+03:00,33.2400016784668,33.439998626708984,31.719999313354492,31.719999313354492,1198711,0.0,0.0
2026-02-06 00:00:00+03:00,31.219999313354492,32.220001220703125,30.979999542236328,31.559999465942383,893406,0.0,0.0
2026-02-09 00:00:00+03:00,32.0,32.97999954223633,31.81999969482422,32.540000915527344,543207,0.0,0.0
2026-02-10 00:00:00+03:00,33.29999923706055,33.29999923706055,31.6200008392334,31.979999542236328,819363,0.0,0.0
2026-02-11 00:00:00+03:00,32.040000915527344,32.279998779296875,31.5,31.920000076293945,755009,0.0,0.0
2026-02-12 00:00:00+03:00,31.940000534057617,32.68000030517578,31.8799991607666,32.619998931884766,585065,0.0,0.0
2026-02-13 00:00:00+03:00,32.58000183105469,32.81999969482422,32.2400016784668,32.7400016784668,411007,0.0,0.0
2026-02-16 00:00:00+03:00,32.7599983215332,33.41999816894531,32.7599983215332,33.060001373291016,432654,0.0,0.0
2026-02-17 00:00:00+03:00,33.18000030517578,33.2599983215332,32.65999984741211,33.08000183105469,434095,0.0,0.0
2026-02-18 00:00:00+03:00,32.599998474121094,33.060001373291016,31.100000381469727,31.979999542236328,427594,0.0,0.0
2026-02-19 00:00:00+03:00,32.0,32.119998931884766,30.420000076293945,30.559999465942383,440511,0.0,0.0
2026-02-20 00:00:00+03:00,30.239999771118164,31.18000030517578,30.239999771118164,30.979999542236328,274749,0.0,0.0
2026-02-23 00:00:00+03:00,31.020000457763672,32.040000915527344,31.020000457763672,31.479999542236328,282691,0.0,0.0
2026-02-24 00:00:00+03:00,31.5,31.739999771118164,31.0,31.260000228881836,309146,0.0,0.0
2026-02-25 00:00:00+03:00,31.200000762939453,31.799999237060547,29.920000076293945,30.15999984741211,518350,0.0,0.0
2026-02-26 00:00:00+03:00,30.1200008392334,30.260000228881836,29.579999923706055,29.799999237060547,219331,0.0,0.0
2026-02-27 00:00:00+03:00,32.34000015258789,32.34000015258789,28.540000915527344,29.020000457763672,552737,0.0,0.0
2026-03-02 00:00:00+03:00,26.1200008392334,28.1200008392334,26.1200008392334,27.600000381469727,574485,0.0,0.0
2026-03-03 00:00:00+03:00,27.5,28.65999984741211,26.520000457763672,27.18000030517578,302646,0.0,0.0
2026-03-04 00:00:00+03:00,28.079999923706055,28.3799991607666,26.81999969482422,27.520000457763672,778368,0.0,0.0
2026-03-05 00:00:00+03:00,27.600000381469727,30.219999313354492,27.600000381469727,28.799999237060547,1056039,0.0,0.0
2026-03-06 00:00:00+03:00,29.079999923706055,29.079999923706055,27.6200008392334,27.6200008392334,306741,0.0,0.0
2026-03-09 00:00:00+03:00,27.959999084472656,28.239999771118164,27.0,27.360000610351562,707961,0.0,0.0
2026-03-10 00:00:00+03:00,27.479999542236328,28.739999771118164,27.479999542236328,28.139999389648438,479831,0.0,0.0
2026-03-11 00:00:00+03:00,28.139999389648438,28.559999465942383,27.579999923706055,27.780000686645508,319261,0.0,0.0
2026-03-12 00:00:00+03:00,27.899999618530273,28.0,27.3799991607666,27.600000381469727,378409,0.0,0.0
2026-03-13 00:00:00+03:00,27.260000228881836,27.600000381469727,26.440000534057617,26.860000610351562,449690,0.0,0.0
2026-03-16 00:00:00+03:00,26.84000015258789,27.3799991607666,26.6200008392334,26.920000076293945,305627,0.0,0.0
2026-03-17 00:00:00+03:00,27.260000228881836,27.780000686645508,27.0,27.3799991607666,576313,0.0,0.0
2026-03-18 00:00:00+03:00,27.440000534057617,27.540000915527344,27.020000457763672,27.139999389648438,189963,0.0,0.0
2026-03-19 00:00:00+03:00,27.18000030517578,27.34000015258789,27.040000915527344,27.200000762939453,62183,0.0,0.0
2026-03-23 00:00:00+03:00,26.979999542236328,27.18000030517578,26.100000381469727,27.079999923706055,493769,0.0,0.0
2026-03-24 00:00:00+03:00,27.139999389648438,27.139999389648438,26.1200008392334,26.5,169383,0.0,0.0
2026-03-25 00:00:00+03:00,26.719999313354492,27.059999465942383,26.719999313354492,26.780000686645508,258387,0.0,0.0
2026-03-26 00:00:00+03:00,26.780000686645508,26.84000015258789,26.15999984741211,26.420000076293945,202916,0.0,0.0
2026-03-27 00:00:00+03:00,26.420000076293945,26.520000457763672,25.81999969482422,25.979999542236328,223992,0.0,0.0
2026-03-30 00:00:00+03:00,25.979999542236328,26.059999465942383,25.100000381469727,25.600000381469727,320776,0.0,0.0
2026-03-31 00:00:00+03:00,25.639999389648438,26.979999542236328,25.399999618530273,25.899999618530273,305647,0.0,0.0
2026-04-01 00:00:00+03:00,26.079999923706055,26.31999969482422,25.639999389648438,25.81999969482422,553131,0.0,0.0
2026-04-02 00:00:00+03:00,25.479999542236328,25.979999542236328,25.3799991607666,25.979999542236328,384109,0.0,0.0
2026-04-03 00:00:00+03:00,25.979999542236328,26.100000381469727,25.860000610351562,26.020000457763672,185383,0.0,0.0
2026-04-06 00:00:00+03:00,26.040000915527344,26.5,26.020000457763672,26.299999237060547,302612,0.0,0.0
2026-04-07 00:00:00+03:00,26.299999237060547,26.5,25.479999542236328,25.600000381469727,341105,0.0,0.0
2026-04-08 00:00:00+03:00,26.100000381469727,26.940000534057617,26.100000381469727,26.360000610351562,686430,0.0,0.0
2026-04-09 00:00:00+03:00,26.440000534057617,26.8799991607666,26.420000076293945,26.6200008392334,331731,0.0,0.0
2026-04-10 00:00:00+03:00,26.760000228881836,27.260000228881836,26.760000228881836,27.100000381469727,287095,0.0,0.0
2026-04-13 00:00:00+03:00,26.84000015258789,27.040000915527344,26.5,27.020000457763672,249540,0.0,0.0
2026-04-14 00:00:00+03:00,27.059999465942383,27.520000457763672,27.020000457763672,27.299999237060547,294759,0.0,0.0
2026-04-15 00:00:00+03:00,27.399999618530273,27.459999084472656,27.260000228881836,27.3799991607666,294680,0.0,0.0
2026-04-16 00:00:00+03:00,27.420000076293945,27.799999237060547,27.040000915527344,27.3799991607666,345922,0.0,0.0
2026-04-17 00:00:00+03:00,27.700000762939453,27.979999542236328,27.399999618530273,27.899999618530273,503203,0.0,0.0
2026-04-20 00:00:00+03:00,27.579999923706055,29.600000381469727,26.719999313354492,28.959999084472656,797314,0.0,0.0
2026-04-21 00:00:00+03:00,29.459999084472656,29.479999542236328,28.299999237060547,28.65999984741211,486510,0.0,0.0
2026-04-22 00:00:00+03:00,28.760000228881836,29.299999237060547,28.18000030517578,28.31999969482422,330949,0.0,0.0
2026-04-24 00:00:00+03:00,28.31999969482422,28.3799991607666,27.420000076293945,27.8799991607666,352742,0.0,0.0
2026-04-27 00:00:00+03:00,27.860000610351562,28.479999542236328,27.520000457763672,27.739999771118164,383737,0.0,0.0
2026-04-28 00:00:00+03:00,27.860000610351562,27.959999084472656,27.31999969482422,27.399999618530273,252271,0.0,0.0
2026-04-29 00:00:00+03:00,27.440000534057617,28.059999465942383,27.299999237060547,27.3799991607666,226337,0.0,0.0
2026-04-30 00:00:00+03:00,27.540000915527344,28.479999542236328,27.34000015258789,28.059999465942383,484684,0.0,0.0
2026-05-04 00:00:00+03:00,28.040000915527344,28.719999313354492,27.760000228881836,28.559999465942383,348588,0.0,0.0
2026-05-05 00:00:00+03:00,28.600000381469727,29.399999618530273,28.100000381469727,28.81999969482422,280940,0.0,0.0
2026-05-06 00:00:00+03:00,28.81999969482422,29.799999237060547,28.780000686645508,29.799999237060547,436238,0.0,0.0
2026-05-07 00:00:00+03:00,29.8799991607666,30.600000381469727,29.760000228881836,30.360000610351562,451620,0.0,0.0
2026-05-08 00:00:00+03:00,30.139999389648438,33.380001068115234,29.280000686645508,33.380001068115234,2270508,0.0,0.0
2026-05-11 00:00:00+03:00,35.0,36.70000076293945,30.520000457763672,30.940000534057617,4635346,0.0,0.0
2026-05-12 00:00:00+03:00,31.139999389648438,31.520000457763672,30.520000457763672,30.520000457763672,926238,0.0,0.0
2026-05-13 00:00:00+03:00,30.860000610351562,30.940000534057617,29.780000686645508,29.780000686645508,585911,0.0,0.0
2026-05-14 00:00:00+03:00,29.81999969482422,30.979999542236328,29.280000686645508,29.739999771118164,1223289,0.0,0.0
2026-05-15 00:00:00+03:00,29.780000686645508,29.81999969482422,28.5,28.780000686645508,601622,0.0,0.0
2026-05-18 00:00:00+03:00,28.780000686645508,28.8799991607666,28.15999984741211,28.219999313354492,380664,0.0,0.0
2026-05-20 00:00:00+03:00,28.219999313354492,28.459999084472656,27.520000457763672,27.520000457763672,415793,0.0,0.0
2026-05-21 00:00:00+03:00,27.5,27.68000030517578,26.0,26.0,382962,0.0,0.0
2026-05-22 00:00:00+03:00,26.0,27.079999923706055,25.600000381469727,26.799999237060547,351142,0.0,0.0
2026-05-25 00:00:00+03:00,27.020000457763672,27.6200008392334,27.020000457763672,27.559999465942383,268223,0.0,0.0
2026-05-26 00:00:00+03:00,27.219999313354492,27.600000381469727,27.219999313354492,27.559999465942383,126912,0.0,0.0
2026-05-27 00:00:00+03:00,27.559999465942383,27.559999465942383,27.559999465942383,27.559999465942383,0,0.0,0.0
2026-05-28 00:00:00+03:00,27.559999465942383,27.559999465942383,27.559999465942383,27.559999465942383,0,0.0,0.0
2026-05-29 00:00:00+03:00,27.559999465942383,27.559999465942383,27.559999465942383,27.559999465942383,0,0.0,0.0
2026-06-01 00:00:00+03:00,27.6200008392334,28.020000457763672,27.239999771118164,27.239999771118164,399647,0.0,0.0
2026-06-02 00:00:00+03:00,27.440000534057617,27.959999084472656,27.3799991607666,27.799999237060547,330870,0.0,0.0
2026-06-03 00:00:00+03:00,27.920000076293945,28.15999984741211,27.520000457763672,27.65999984741211,370744,0.0,0.0
2026-06-04 00:00:00+03:00,27.68000030517578,28.020000457763672,27.239999771118164,27.440000534057617,371208,0.0,0.0
2026-06-05 00:00:00+03:00,27.559999465942383,27.559999465942383,27.239999771118164,27.34000015258789,126397,0.0,0.0
2026-06-08 00:00:00+03:00,27.34000015258789,27.639999389648438,27.059999465942383,27.31999969482422,197555,0.0,0.0
2026-06-09 00:00:00+03:00,27.360000610351562,27.559999465942383,27.139999389648438,27.18000030517578,264744,0.0,0.0
2026-06-10 00:00:00+03:00,27.18000030517578,27.399999618530273,26.860000610351562,27.0,250580,0.0,0.0
2026-06-11 00:00:00+03:00,27.139999389648438,27.280000686645508,26.559999465942383,26.760000228881836,223886,0.0,0.0
2026-06-12 00:00:00+03:00,26.860000610351562,27.18000030517578,26.84000015258789,26.8799991607666,257139,0.0,0.0
2026-06-15 00:00:00+03:00,27.15999984741211,27.520000457763672,27.15999984741211,27.3799991607666,475609,0.0,0.0
2026-06-16 00:00:00+03:00,27.31999969482422,27.639999389648438,26.920000076293945,27.3799991607666,312163,0.0,0.0
2026-06-17 00:00:00+03:00,27.3799991607666,27.579999923706055,27.020000457763672,27.100000381469727,171926,0.0,0.0
2026-06-18 00:00:00+03:00,27.299999237060547,27.440000534057617,26.899999618530273,27.100000381469727,399742,0.0,0.0
2026-06-19 00:00:00+03:00,27.260000228881836,27.260000228881836,26.84000015258789,26.860000610351562,190967,0.0,0.0
2026-06-22 00:00:00+03:00,26.920000076293945,27.139999389648438,26.760000228881836,26.760000228881836,201558,0.0,0.0
2026-06-23 00:00:00+03:00,26.719999313354492,27.059999465942383,26.5,26.559999465942383,330110,0.0,0.0
2026-06-24 00:00:00+03:00,26.559999465942383,26.780000686645508,26.299999237060547,26.420000076293945,164511,0.0,0.0
2026-06-25 00:00:00+03:00,26.6200008392334,26.639999389648438,25.559999465942383,25.8799991607666,376403,0.0,0.0
2026-06-26 00:00:00+03:00,25.8799991607666,26.059999465942383,25.34000015258789,25.799999237060547,321002,0.0,0.0
2026-06-29 00:00:00+03:00,25.899999618530273,26.899999618530273,25.700000762939453,25.940000534057617,322973,0.0,0.0
2026-06-30 00:00:00+03:00,26.0,26.399999618530273,25.520000457763672,25.68000030517578,166251,0.0,0.0
2026-07-01 00:00:00+03:00,25.760000228881836,25.899999618530273,25.5,25.68000030517578,188843,0.0,0.0
2026-07-02 00:00:00+03:00,25.899999618530273,25.979999542236328,25.399999618530273,25.399999618530273,195587,0.0,0.0
2026-07-03 00:00:00+03:00,25.459999084472656,25.700000762939453,25.399999618530273,25.520000457763672,176887,0.0,0.0
2026-07-06 00:00:00+03:00,25.799999237060547,28.059999465942383,25.799999237060547,28.059999465942383,1241738,0.0,0.0
2026-07-07 00:00:00+03:00,28.920000076293945,29.600000381469727,26.700000762939453,26.700000762939453,3865630,0.0,0.0
2026-07-08 00:00:00+03:00,26.760000228881836,26.760000228881836,25.559999465942383,25.559999465942383,653476,0.0,0.0
2026-07-09 00:00:00+03:00,25.719999313354492,26.299999237060547,25.299999237060547,25.459999084472656,502466,0.0,0.0
2026-07-10 00:00:00+03:00,25.399999618530273,25.639999389648438,25.299999237060547,25.3799991607666,394470,0.0,0.0
2026-07-13 00:00:00+03:00,25.399999618530273,25.520000457763672,24.959999084472656,24.979999542236328,323159,0.0,0.0
2026-07-14 00:00:00+03:00,25.0,25.18000030517578,24.780000686645508,24.959999084472656,386341,0.0,0.0
2026-07-16 00:00:00+03:00,24.959999084472656,25.440000534057617,24.959999084472656,25.200000762939453,284119,0.0,0.0
2026-07-17 00:00:00+03:00,25.15999984741211,25.3799991607666,24.860000610351562,24.979999542236328,252553,0.0,0.0
2026-07-20 00:00:00+03:00,25.100000381469727,26.059999465942383,24.81999969482422,25.280000686645508,297533,0.0,0.0
2026-07-21 00:00:00+03:00,25.299999237060547,25.34000015258789,24.899999618530273,24.940000534057617,244500,0.0,0.0
2026-07-22 00:00:00+03:00,25.18000030517578,25.8799991607666,24.940000534057617,25.15999984741211,163691,0.0,0.0
2026-07-23 00:00:00+03:00,25.15999984741211,25.579999923706055,25.040000915527344,25.200000762939453,324081,0.0,0.0
2026-07-24 00:00:00+03:00,25.219999313354492,25.399999618530273,24.940000534057617,25.0,137057,0.0,0.0
2026-07-27 00:00:00+03:00,25.200000762939453,25.399999618530273,24.8799991607666,25.139999389648438,287440,0.0,0.0
2026-07-28 00:00:00+03:00,25.139999389648438,25.139999389648438,24.260000228881836,24.6200008392334,305986,0.0,0.0
2026-07-29 00:00:00+03:00,24.6200008392334,24.700000762939453,23.860000610351562,23.8799991607666,204481,0.0,0.0
2026-07-30 00:00:00+03:00,23.8799991607666,24.219999313354492,23.719999313354492,23.799999237060547,161904,0.0,0.0
2026-08-03 00:00:00+03:00,23.799999237060547,24.3799991607666,23.15999984741211,23.200000762939453,298504,0.0,0.0
2026-08-04 00:00:00+03:00,23.34000015258789,23.579999923706055,23.239999771118164,23.540000915527344,254198,0.0,0.0
2026-08-05 00:00:00+03:00,23.520000457763672,25.8799991607666,23.399999618530273,24.239999771118164,446890,0.0,0.0
2026-08-06 00:00:00+03:00,24.31999969482422,24.5,24.0,24.079999923706055,244646,0.0,0.0
2026-08-07 00:00:00+03:00,24.200000762939453,24.299999237060547,24.0,24.299999237060547,148222,0.0,0.0
2026-08-10 00:00:00+03:00,24.299999237060547,24.700000762939453,24.200000762939453,24.299999237060547,123689,0.0,0.0
2026-08-11 00:00:00+03:00,24.219999313354492,24.219999313354492,23.84000015258789,24.020000457763672,173608,0.0,0.0
2026-08-12 00:00:00+03:00,24.020000457763672,24.139999389648438,23.6200008392334,23.8799991607666,247697,0.0,0.0
