date,open,high,low,close,volume,dividends,stock_splits
2020-08-14 00:00:00+03:00,0.4173069894313812,0.42160001397132874,0.41015300154685974,0.41253799200057983,1609546,0.0,0.0
2020-08-17 00:00:00+03:00,0.4130150079727173,0.4206460118293762,0.41206100583076477,0.41444599628448486,2490506,0.0,0.0
2020-08-18 00:00:00+03:00,0.41826099157333374,0.43066099286079407,0.4130150079727173,0.4206460118293762,3760165,0.0,0.0
2020-08-19 00:00:00+03:00,0.4244610071182251,0.45021501183509827,0.4244610071182251,0.4339999854564667,20738751,0.0,0.0
2020-08-20 00:00:00+03:00,0.4373379945755005,0.47692298889160156,0.428276002407074,0.44115298986434937,13915408,0.0,0.0
2020-08-21 00:00:00+03:00,0.44830700755119324,0.45069199800491333,0.4268459975719452,0.4292300045490265,7083217,0.0,0.0
2020-08-24 00:00:00+03:00,0.42875298857688904,0.44830700755119324,0.42875298857688904,0.4359070062637329,10874981,0.0,0.0
2020-08-25 00:00:00+03:00,0.4339999854564667,0.44830700755119324,0.4292300045490265,0.43972301483154297,14900682,0.0,0.0
2020-08-26 00:00:00+03:00,0.4440149962902069,0.4616610109806061,0.438291996717453,0.44115298986434937,26262325,0.0,0.0
2020-08-27 00:00:00+03:00,0.4416300058364868,0.44353801012039185,0.4339999854564667,0.438291996717453,9201273,0.0,0.0
2020-08-28 00:00:00+03:00,0.4392459988594055,0.4430609941482544,0.4339999854564667,0.4349530041217804,8415863,0.0,0.0
2020-08-31 00:00:00+03:00,0.4349530041217804,0.4349530041217804,0.42398399114608765,0.4268459975719452,4694446,0.0,0.0
2020-09-01 00:00:00+03:00,0.4244610071182251,0.43209201097488403,0.41587600111961365,0.4268459975719452,3228172,0.0,0.0
2020-09-02 00:00:00+03:00,0.428276002407074,0.44258400797843933,0.4254150092601776,0.43447598814964294,7416541,0.0,0.0
2020-09-03 00:00:00+03:00,0.43447598814964294,0.44115298986434937,0.42970699071884155,0.430184006690979,5770154,0.0,0.0
2020-09-04 00:00:00+03:00,0.428276002407074,0.43972301483154297,0.4268459975719452,0.4349530041217804,6479975,0.0,0.0
2020-09-07 00:00:00+03:00,0.4421069920063019,0.4473530054092407,0.4349530041217804,0.4430609941482544,12130005,0.0,0.0
2020-09-08 00:00:00+03:00,0.44592300057411194,0.4497379958629608,0.4373379945755005,0.438291996717453,8156723,0.0,0.0
2020-09-09 00:00:00+03:00,0.4392459988594055,0.48169198632240295,0.43876901268959045,0.45498400926589966,57809549,0.0,0.0
2020-09-10 00:00:00+03:00,0.45641499757766724,0.46547600626945496,0.4521229863166809,0.4554609954357147,21106693,0.0,0.0
2020-09-11 00:00:00+03:00,0.4554609954357147,0.48502999544143677,0.4521229863166809,0.46595299243927,27790370,0.0,0.0
2020-09-14 00:00:00+03:00,0.47596898674964905,0.4907529950141907,0.4721530079841614,0.4883689880371094,18042195,0.0,0.0
2020-09-15 00:00:00+03:00,0.4859839975833893,0.49552300572395325,0.46213799715042114,0.475492000579834,12583055,0.0,0.0
2020-09-16 00:00:00+03:00,0.4740610122680664,0.4888460040092468,0.46881499886512756,0.4750150144100189,12546005,0.0,0.0
2020-09-17 00:00:00+03:00,0.4721530079841614,0.5041069984436035,0.46547600626945496,0.49695301055908203,28535375,0.0,0.0
2020-09-18 00:00:00+03:00,0.5055379867553711,0.5150759816169739,0.483599990606308,0.4883689880371094,10527692,0.0,0.0
2020-09-21 00:00:00+03:00,0.48741498589515686,0.5360609889030457,0.4778760075569153,0.5360609889030457,49450864,0.0,0.0
2020-09-22 00:00:00+03:00,0.5613380074501038,0.5694460272789001,0.4964759945869446,0.5017229914665222,69611263,0.0,0.0
2020-09-23 00:00:00+03:00,0.5055379867553711,0.506492018699646,0.4888460040092468,0.4950459897518158,18573643,0.0,0.0
2020-09-24 00:00:00+03:00,0.4878920018672943,0.5055379867553711,0.48741498589515686,0.4998149871826172,10794863,0.0,0.0
2020-09-25 00:00:00+03:00,0.506492018699646,0.5169839859008789,0.4998149871826172,0.504584014415741,18362561,0.0,0.0
2020-09-28 00:00:00+03:00,0.5079230070114136,0.554660975933075,0.5022000074386597,0.554660975933075,42917253,0.0,0.0
2020-09-29 00:00:00+03:00,0.5584759712219238,0.6099839806556702,0.5584759712219238,0.6099839806556702,61936399,0.0,0.0
2020-09-30 00:00:00+03:00,0.6672149896621704,0.6672149896621704,0.5551379919052124,0.5584759712219238,125951078,0.0,0.0
2020-10-01 00:00:00+03:00,0.5684919953346252,0.5684919953346252,0.548937976360321,0.5551379919052124,21906256,0.0,0.0
2020-10-02 00:00:00+03:00,0.5532299876213074,0.5818459987640381,0.5532299876213074,0.5618150234222412,29374818,0.0,0.0
2020-10-05 00:00:00+03:00,0.5699229836463928,0.585660994052887,0.5680149793624878,0.5770760178565979,22807240,0.0,0.0
2020-10-06 00:00:00+03:00,0.5818459987640381,0.585660994052887,0.5708760023117065,0.578029990196228,27196480,0.0,0.0
2020-10-07 00:00:00+03:00,0.5785070061683655,0.6366919875144958,0.5723069906234741,0.6128460168838501,31009401,0.0,0.0
2020-10-08 00:00:00+03:00,0.6118919849395752,0.6438459753990173,0.5980610251426697,0.6099839806556702,42565729,0.0,0.0
2020-10-09 00:00:00+03:00,0.6133229732513428,0.6133229732513428,0.5994920134544373,0.6004459857940674,11751831,0.0,0.0
2020-10-12 00:00:00+03:00,0.6047379970550537,0.6171380281448364,0.5961530208587646,0.6075999736785889,20627601,0.0,0.0
2020-10-13 00:00:00+03:00,0.6071230173110962,0.6133229732513428,0.5971069931983948,0.6052150130271912,15716432,0.0,0.0
2020-10-14 00:00:00+03:00,0.6042609810829163,0.6071230173110962,0.5975840091705322,0.6037840247154236,10246850,0.0,0.0
2020-10-15 00:00:00+03:00,0.6037840247154236,0.6037840247154236,0.5770760178565979,0.5827999711036682,11726376,0.0,0.0
2020-10-16 00:00:00+03:00,0.5842300057411194,0.6176149845123291,0.580892026424408,0.6056920289993286,25989472,0.0,0.0
2020-10-19 00:00:00+03:00,0.6047379970550537,0.6462299823760986,0.5985379815101624,0.6433690190315247,46902675,0.0,0.0
2020-10-20 00:00:00+03:00,0.6443229913711548,0.6791380047798157,0.6366919875144958,0.6571999788284302,32385409,0.0,0.0
2020-10-21 00:00:00+03:00,0.6605380177497864,0.6629229784011841,0.6390759944915771,0.6505230069160461,9809568,0.0,0.0
2020-10-22 00:00:00+03:00,0.6514760255813599,0.6529070138931274,0.6247689723968506,0.6285840272903442,9883941,0.0,0.0
2020-10-23 00:00:00+03:00,0.6281070113182068,0.6443229913711548,0.6157069802284241,0.6376460194587708,11794375,0.0,0.0
2020-10-26 00:00:00+03:00,0.6285840272903442,0.6343070268630981,0.5756459832191467,0.5842300057411194,13063300,0.0,0.0
2020-10-27 00:00:00+03:00,0.5813689827919006,0.5961530208587646,0.5484610199928284,0.580892026424408,7405155,0.0,0.0
2020-10-28 00:00:00+03:00,0.5894759893417358,0.5913839936256409,0.573261022567749,0.5913839936256409,1159851,0.0,0.0
2020-10-30 00:00:00+03:00,0.5842300057411194,0.6304919719696045,0.578029990196228,0.6133229732513428,11148379,0.0,0.0
2020-11-02 00:00:00+03:00,0.6204760074615479,0.6438459753990173,0.6056920289993286,0.6290609836578369,20039393,0.0,0.0
2020-11-03 00:00:00+03:00,0.6290609836578369,0.6438459753990173,0.6118919849395752,0.6309689879417419,9664367,0.0,0.0
2020-11-04 00:00:00+03:00,0.6319230198860168,0.6567230224609375,0.6281070113182068,0.6433690190315247,19748529,0.0,0.0
2020-11-05 00:00:00+03:00,0.65242999792099,0.65242999792099,0.625245988368988,0.6343070268630981,6980244,0.0,0.0
2020-11-06 00:00:00+03:00,0.6290609836578369,0.6343070268630981,0.6176149845123291,0.6266760230064392,4766156,0.0,0.0
2020-11-09 00:00:00+03:00,0.6295379996299744,0.6433690190315247,0.6228610277175903,0.6343070268630981,27376257,0.0,0.0
2020-11-10 00:00:00+03:00,0.6319230198860168,0.6595839858055115,0.6200000047683716,0.6490920186042786,13627584,0.0,0.0
2020-11-11 00:00:00+03:00,0.6510000228881836,0.6552919745445251,0.6323999762535095,0.6352609992027283,9002876,0.0,0.0
2020-11-12 00:00:00+03:00,0.6295379996299744,0.6366919875144958,0.5913839936256409,0.6033070087432861,11437168,0.0,0.0
2020-11-13 00:00:00+03:00,0.6128460168838501,0.6238150000572205,0.6028299927711487,0.616661012172699,4783454,0.0,0.0
2020-11-16 00:00:00+03:00,0.6152300238609314,0.6338300108909607,0.6152300238609314,0.616661012172699,11639968,0.0,0.0
2020-11-17 00:00:00+03:00,0.6195229887962341,0.6195229887962341,0.5956760048866272,0.5985379815101624,4238146,0.0,0.0
2020-11-18 00:00:00+03:00,0.6004459857940674,0.6581529974937439,0.5923380255699158,0.6028299927711487,22388975,0.0,0.0
2020-11-19 00:00:00+03:00,0.6066460013389587,0.6137999892234802,0.5918610095977783,0.6033070087432861,9116207,0.0,0.0
2020-11-20 00:00:00+03:00,0.6075999736785889,0.6295379996299744,0.6033070087432861,0.6238150000572205,10929476,0.0,0.0
2020-11-23 00:00:00+03:00,0.6300150156021118,0.6414610147476196,0.6004459857940674,0.6228610277175903,11877407,0.0,0.0
2020-11-24 00:00:00+03:00,0.6276299953460693,0.6352609992027283,0.6133229732513428,0.6262000203132629,13704032,0.0,0.0
2020-11-25 00:00:00+03:00,0.6309689879417419,0.6366919875144958,0.614753007888794,0.6200000047683716,9426530,0.0,0.0
2020-11-26 00:00:00+03:00,0.6247689723968506,0.6257230043411255,0.6161839962005615,0.6223840117454529,5773404,0.0,0.0
2020-11-27 00:00:00+03:00,0.6209530234336853,0.6266760230064392,0.6099839806556702,0.6171380281448364,4872902,0.0,0.0
2020-11-30 00:00:00+03:00,0.6085529923439026,0.6152300238609314,0.5913839936256409,0.5961530208587646,5974317,0.0,0.0
2020-12-01 00:00:00+03:00,0.6009230017662048,0.6128460168838501,0.5990149974822998,0.6033070087432861,5504115,0.0,0.0
2020-12-02 00:00:00+03:00,0.6075999736785889,0.6238150000572205,0.6028299927711487,0.618569016456604,10936437,0.0,0.0
2020-12-03 00:00:00+03:00,0.618569016456604,0.6486150026321411,0.6085529923439026,0.6295379996299744,28462470,0.0,0.0
2020-12-04 00:00:00+03:00,0.6247689723968506,0.6304919719696045,0.6052150130271912,0.6152300238609314,9784428,0.0,0.0
2020-12-07 00:00:00+03:00,0.616661012172699,0.6238150000572205,0.6023529767990112,0.6137999892234802,9651388,0.0,0.0
2020-12-08 00:00:00+03:00,0.6133229732513428,0.6219069957733154,0.6109380125999451,0.6219069957733154,9380233,0.0,0.0
2020-12-09 00:00:00+03:00,0.6242920160293579,0.6839069724082947,0.6242920160293579,0.6839069724082947,26128530,0.0,0.0
2020-12-10 00:00:00+03:00,0.7144299745559692,0.7521070241928101,0.6796150207519531,0.683430016040802,133671065,0.0,0.0
2020-12-11 00:00:00+03:00,0.6924920082092285,0.7358919978141785,0.6676920056343079,0.6738920211791992,47102791,0.0,0.0
2020-12-14 00:00:00+03:00,0.6762760281562805,0.6858149766921997,0.6576759815216064,0.6710299849510193,29210704,0.0,0.0
2020-12-15 00:00:00+03:00,0.6715070009231567,0.6743689775466919,0.6581529974937439,0.6662610173225403,14269386,0.0,0.0
2020-12-16 00:00:00+03:00,0.6700760126113892,0.6839069724082947,0.6505230069160461,0.6533839702606201,22590454,0.0,0.0
2020-12-17 00:00:00+03:00,0.6538609862327576,0.6715070009231567,0.6495689749717712,0.666737973690033,13953695,0.0,0.0
2020-12-18 00:00:00+03:00,0.6633999943733215,0.6762760281562805,0.661969006061554,0.6633999943733215,9553238,0.0,0.0
2020-12-21 00:00:00+03:00,0.6633999943733215,0.7344610095024109,0.6533839702606201,0.7344610095024109,32945730,0.0,0.0
2020-12-22 00:00:00+03:00,0.7630760073661804,0.807906985282898,0.7630760073661804,0.807906985282898,24923032,0.0,0.0
2020-12-23 00:00:00+03:00,0.8412920236587524,0.8885070085525513,0.7535380125045776,0.7602149844169617,133301508,0.0,0.0
2020-12-24 00:00:00+03:00,0.7821530103683472,0.8346149921417236,0.7630760073661804,0.7797690033912659,42750958,0.0,0.0
2020-12-25 00:00:00+03:00,0.7926459908485413,0.79550701379776,0.7702299952507019,0.7835839986801147,12188736,0.0,0.0
2020-12-28 00:00:00+03:00,0.7878760099411011,0.8059999942779541,0.7821530103683472,0.7864459753036499,15071800,0.0,0.0
2020-12-29 00:00:00+03:00,0.7940760254859924,0.8675230145454407,0.7869229912757874,0.8675230145454407,57929442,0.0,0.0
2020-12-30 00:00:00+03:00,0.8727689981460571,0.8866000175476074,0.8279380202293396,0.8503530025482178,53536218,0.0,0.0
2020-12-31 00:00:00+03:00,0.8522610068321228,0.9061530232429504,0.8350920081138611,0.8479689955711365,32371801,0.0,0.0
2021-01-04 00:00:00+03:00,0.8522610068321228,0.8856459856033325,0.8479689955711365,0.876583993434906,21834714,0.0,0.0
2021-01-05 00:00:00+03:00,0.8813530206680298,0.8823069930076599,0.8393840193748474,0.8489230275154114,9047873,0.0,0.0
2021-01-06 00:00:00+03:00,0.8579840064048767,0.8660920262336731,0.8451070189476013,0.8498759865760803,12490336,0.0,0.0
2021-01-07 00:00:00+03:00,0.8555999994277954,0.9381070137023926,0.8374760150909424,0.9009069800376892,32901425,0.0,0.0
2021-01-08 00:00:00+03:00,0.9104459881782532,0.9381070137023926,0.8827840089797974,0.9066299796104431,19695648,0.0,0.0
2021-01-11 00:00:00+03:00,0.9175999760627747,0.9233229756355286,0.8832610249519348,0.8918460011482239,9940638,0.0,0.0
2021-01-12 00:00:00+03:00,0.8942300081253052,0.9090149998664856,0.8679999709129333,0.8918460011482239,15001265,0.0,0.0
2021-01-13 00:00:00+03:00,0.8975690007209778,0.9204609990119934,0.8889840245246887,0.905676007270813,16143713,0.0,0.0
2021-01-14 00:00:00+03:00,0.9133070111274719,0.914260983467102,0.8918460011482239,0.8975690007209778,9005896,0.0,0.0
2021-01-15 00:00:00+03:00,0.8937529921531677,0.912352979183197,0.8679999709129333,0.8894609808921814,7383265,0.0,0.0
2021-01-18 00:00:00+03:00,0.9009069800376892,0.9891380071640015,0.892799973487854,0.9719690084457397,69042135,0.0,0.0
2021-01-19 00:00:00+03:00,0.9919999837875366,1.0110759735107422,0.9500300288200378,0.957660973072052,20805576,0.0,0.0
2021-01-20 00:00:00+03:00,0.9643380045890808,1.0578149557113647,0.9557530283927917,1.0578149557113647,48796754,0.0,0.0
2021-01-21 00:00:00+03:00,1.0568610429763794,1.0664000511169434,1.0053529739379883,1.0358760356903076,26047007,0.0,0.0
2021-01-22 00:00:00+03:00,1.0482759475708008,1.1379380226135254,1.027292013168335,1.1112300157546997,57643925,0.0,0.0
2021-01-25 00:00:00+03:00,1.0807069540023804,1.1350760459899902,1.0807069540023804,1.095015048980713,32969067,0.0,0.0
2021-01-26 00:00:00+03:00,1.1093230247497559,1.1446150541305542,1.0540000200271606,1.0730760097503662,29920168,0.0,0.0
2021-01-27 00:00:00+03:00,1.0778460502624512,1.0969229936599731,0.9662460088729858,0.9919999837875366,26688809,0.0,0.0
2021-01-28 00:00:00+03:00,0.9633839726448059,1.0253839492797852,0.9304760098457336,1.017753005027771,18199118,0.0,0.0
2021-01-29 00:00:00+03:00,0.9958149790763855,1.0253839492797852,0.9719690084457397,1.0101230144500732,14610426,0.0,0.0
2021-02-01 00:00:00+03:00,1.0206149816513062,1.0349229574203491,0.9853230118751526,1.0053529739379883,12802084,0.0,0.0
2021-02-02 00:00:00+03:00,1.0053529739379883,1.0244300365447998,0.9891380071640015,1.0044000148773193,15531350,0.0,0.0
2021-02-03 00:00:00+03:00,1.0044000148773193,1.0206149816513062,0.9862759709358215,0.9977229833602905,11334657,0.0,0.0
2021-02-04 00:00:00+03:00,0.9977229833602905,1.0377839803695679,0.9891380071640015,1.0034459829330444,24234053,0.0,0.0
2021-02-05 00:00:00+03:00,1.0053529739379883,1.021569013595581,0.9767379760742188,0.9900919795036316,14525171,0.0,0.0
2021-02-08 00:00:00+03:00,1.0015380382537842,1.0015380382537842,0.9748299717903137,0.9872300028800964,12048483,0.0,0.0
2021-02-09 00:00:00+03:00,0.9862759709358215,0.9967690110206604,0.959568977355957,0.9948610067367554,12548144,0.0,0.0
2021-02-10 00:00:00+03:00,0.9948610067367554,1.0015380382537842,0.957660973072052,0.957660973072052,16292395,0.0,0.0
2021-02-11 00:00:00+03:00,0.957660973072052,0.9900919795036316,0.9495530128479004,0.9881839752197266,12442907,0.0,0.0
2021-02-12 00:00:00+03:00,0.9891380071640015,0.9900919795036316,0.9419230222702026,0.9872300028800964,9504509,0.0,0.0
2021-02-15 00:00:00+03:00,0.9929530024528503,1.0024919509887695,0.9729229807853699,0.9748299717903137,13141950,0.0,0.0
2021-02-16 00:00:00+03:00,0.9738759994506836,0.9967690110206604,0.9304760098457336,0.9710149765014648,17493281,0.0,0.0
2021-02-17 00:00:00+03:00,0.9710149765014648,0.9843689799308777,0.9514610171318054,0.9586150050163269,13570007,0.0,0.0
2021-02-18 00:00:00+03:00,0.9586150050163269,1.0540000200271606,0.9586150050163269,1.0540000200271606,35653273,0.0,0.0
2021-02-19 00:00:00+03:00,1.0969229936599731,1.1150460243225098,1.0024919509887695,1.0206149816513062,55346741,0.0,0.0
2021-02-22 00:00:00+03:00,1.0206149816513062,1.0549529790878296,0.9796000123023987,0.9910460114479065,17706355,0.0,0.0
2021-02-23 00:00:00+03:00,1.0082149505615234,1.089292049407959,1.0082149505615234,1.0435069799423218,72869020,0.0,0.0
2021-02-24 00:00:00+03:00,1.0158460140228271,1.0349229574203491,0.9834150075912476,0.9834150075912476,17073926,0.0,0.0
2021-02-25 00:00:00+03:00,1.0005840063095093,1.0063070058822632,0.9395380020141602,0.9681529998779297,11240931,0.0,0.0
2021-02-26 00:00:00+03:00,0.9390609860420227,1.023476004600525,0.9252300262451172,0.9767379760742188,14677166,0.0,0.0
2021-03-01 00:00:00+03:00,0.9767379760742188,1.0740300416946411,0.9767379760742188,1.0740300416946411,28618848,0.0,0.0
2021-03-02 00:00:00+03:00,1.0683070421218872,1.1007380485534668,1.0291999578475952,1.0587689876556396,22585527,0.0,0.0
2021-03-03 00:00:00+03:00,1.0730760097503662,1.164646029472351,1.0587689876556396,1.164646029472351,26830907,0.0,0.0
2021-03-04 00:00:00+03:00,1.164646029472351,1.2352299690246582,1.1112300157546997,1.1579689979553223,49273078,0.0,0.0
2021-03-05 00:00:00+03:00,1.1436610221862793,1.179906964302063,1.1198149919509888,1.1627379655838013,17429623,0.0,0.0
2021-03-08 00:00:00+03:00,1.185629963874817,1.2781529426574707,1.1675070524215698,1.2543070316314697,65030713,0.0,0.0
2021-03-09 00:00:00+03:00,1.2600300312042236,1.2628920078277588,1.1713229417800903,1.2161530256271362,22872492,0.0,0.0
2021-03-10 00:00:00+03:00,1.2171070575714111,1.2180609703063965,1.1627379655838013,1.1779999732971191,19202676,0.0,0.0
2021-03-11 00:00:00+03:00,1.1770459413528442,1.2953230142593384,1.1684609651565552,1.2857840061187744,67185043,0.0,0.0
2021-03-12 00:00:00+03:00,1.2810150384902954,1.2810150384902954,1.2171070575714111,1.255260944366455,22490669,0.0,0.0
2021-03-15 00:00:00+03:00,1.2495379447937012,1.3258459568023682,1.222830057144165,1.2905529737472534,33727512,0.0,0.0
2021-03-16 00:00:00+03:00,1.2905529737472534,1.3086769580841064,1.2533529996871948,1.266706943511963,14344849,0.0,0.0
2021-03-17 00:00:00+03:00,1.2686150074005127,1.3067690134048462,1.2161530256271362,1.2333229780197144,13716361,0.0,0.0
2021-03-18 00:00:00+03:00,1.2266459465026855,1.2686150074005127,1.2190150022506714,1.2380919456481934,12545187,0.0,0.0
2021-03-19 00:00:00+03:00,1.2342770099639893,1.2524000406265259,1.2161530256271362,1.2304610013961792,10767479,0.0,0.0
2021-03-22 00:00:00+03:00,1.1398459672927856,1.1827689409255981,1.107414960861206,1.107414960861206,5713101,0.0,0.0
2021-03-23 00:00:00+03:00,1.0206149816513062,1.160830020904541,0.9977229833602905,1.1207690238952637,15882790,0.0,0.0
2021-03-24 00:00:00+03:00,1.1150460243225098,1.1732300519943237,1.103600025177002,1.166553020477295,17039539,0.0,0.0
2021-03-25 00:00:00+03:00,1.166553020477295,1.2066149711608887,1.1446150541305542,1.1484299898147583,12097526,0.0,0.0
2021-03-26 00:00:00+03:00,1.1636919975280762,1.1684609651565552,1.1007380485534668,1.1388920545578003,4871770,0.0,0.0
2021-03-29 00:00:00+03:00,1.1398459672927856,1.184677004814148,1.1188609600067139,1.1818150281906128,11639842,0.0,0.0
2021-03-30 00:00:00+03:00,1.179906964302063,1.179906964302063,1.1512919664382935,1.1684609651565552,3837578,0.0,0.0
2021-03-31 00:00:00+03:00,1.1684609651565552,1.2323689460754395,1.1636919975280762,1.1932610273361206,9932313,0.0,0.0
2021-04-01 00:00:00+03:00,1.2161530256271362,1.2638460397720337,1.1932610273361206,1.25621497631073,14182936,0.0,0.0
2021-04-02 00:00:00+03:00,1.2590769529342651,1.2638460397720337,1.2123379707336426,1.247630000114441,10201078,0.0,0.0
2021-04-05 00:00:00+03:00,1.250491976737976,1.322983980178833,1.2400000095367432,1.2924610376358032,15622497,0.0,0.0
2021-04-06 00:00:00+03:00,1.2991379499435425,1.3639999628067017,1.2771999835968018,1.3210769891738892,13522620,0.0,0.0
2021-04-07 00:00:00+03:00,1.3210769891738892,1.3687690496444702,1.2867380380630493,1.307723045349121,10599025,0.0,0.0
2021-04-08 00:00:00+03:00,1.3163069486618042,1.326799988746643,1.2524000406265259,1.2829229831695557,5784768,0.0,0.0
2021-04-09 00:00:00+03:00,1.2848299741744995,1.3067690134048462,1.2237839698791504,1.2638460397720337,5848804,0.0,0.0
2021-04-12 00:00:00+03:00,1.2638460397720337,1.2686150074005127,1.2161530256271362,1.2342770099639893,3966551,0.0,0.0
2021-04-13 00:00:00+03:00,1.2400000095367432,1.241907000541687,1.183722972869873,1.2075690031051636,3249664,0.0,0.0
2021-04-14 00:00:00+03:00,1.2218769788742065,1.327752947807312,1.2218769788742065,1.327752947807312,22754380,0.0,0.0
2021-04-15 00:00:00+03:00,1.2934149503707886,1.317260980606079,1.2686150074005127,1.3029530048370361,5744783,0.0,0.0
2021-04-16 00:00:00+03:00,1.2991379499435425,1.4212299585342407,1.2686150074005127,1.3821229934692383,16712421,0.0,0.0
2021-04-19 00:00:00+03:00,1.388800024986267,1.388800024986267,1.3258459568023682,1.3353840112686157,4727743,0.0,0.0
2021-04-20 00:00:00+03:00,1.3258459568023682,1.3334770202636719,1.2686150074005127,1.2991379499435425,3669857,0.0,0.0
2021-04-21 00:00:00+03:00,1.2781529426574707,1.2829229831695557,1.1970770359039307,1.2524000406265259,6460014,0.0,0.0
2021-04-22 00:00:00+03:00,1.2495379447937012,1.2781529426574707,1.2075690031051636,1.2638460397720337,4300190,0.0,0.0
2021-04-26 00:00:00+03:00,1.260983943939209,1.3163069486618042,1.2495379447937012,1.2962770462036133,5730462,0.0,0.0
2021-04-27 00:00:00+03:00,1.3000919818878174,1.3210769891738892,1.251446008682251,1.2781529426574707,6181981,0.0,0.0
2021-04-28 00:00:00+03:00,1.266706943511963,1.2743380069732666,1.2352299690246582,1.240952968597412,3149836,0.0,0.0
2021-04-29 00:00:00+03:00,1.2743380069732666,1.3477840423583984,1.246677041053772,1.3058149814605713,14829434,0.0,0.0
2021-04-30 00:00:00+03:00,1.2896000146865845,1.2934149503707886,1.2743380069732666,1.2829229831695557,2523551,0.0,0.0
2021-05-03 00:00:00+03:00,1.2829229831695557,1.3420610427856445,1.2743380069732666,1.3306150436401367,9937157,0.0,0.0
2021-05-04 00:00:00+03:00,1.3334770202636719,1.3496919870376587,1.2924610376358032,1.3105839490890503,5089541,0.0,0.0
2021-05-05 00:00:00+03:00,1.3105839490890503,1.322983980178833,1.2915070056915283,1.3153530359268188,3625301,0.0,0.0
2021-05-06 00:00:00+03:00,1.3067690134048462,1.3744920492172241,1.3048609495162964,1.3124920129776,8849602,0.0,0.0
2021-05-07 00:00:00+03:00,1.3115379810333252,1.331568956375122,1.2972300052642822,1.3010460138320923,3067203,0.0,0.0
2021-05-10 00:00:00+03:00,1.3067690134048462,1.332522988319397,1.2915070056915283,1.2962770462036133,4839249,0.0,0.0
2021-05-11 00:00:00+03:00,1.2752920389175415,1.2800610065460205,1.241907000541687,1.247630000114441,4027022,0.0,0.0
2021-05-12 00:00:00+03:00,1.2543070316314697,1.260983943939209,1.2438149452209473,1.251446008682251,888067,0.0,0.0
2021-05-17 00:00:00+03:00,1.2543070316314697,1.260983943939209,1.2380919456481934,1.2495379447937012,2231303,0.0,0.0
2021-05-18 00:00:00+03:00,1.2628920078277588,1.270522952079773,1.237138032913208,1.260983943939209,3449256,0.0,0.0
2021-05-20 00:00:00+03:00,1.247630000114441,1.2638460397720337,1.237138032913208,1.2447689771652222,2818441,0.0,0.0
2021-05-21 00:00:00+03:00,1.241907000541687,1.2676609754562378,1.241907000541687,1.2495379447937012,2246085,0.0,0.0
2021-05-24 00:00:00+03:00,1.2495379447937012,1.2915070056915283,1.2400000095367432,1.2400000095367432,7485839,0.0,0.0
2021-05-25 00:00:00+03:00,1.2438149452209473,1.2819689512252808,1.1951689720153809,1.2085230350494385,9550407,0.0,0.0
2021-05-26 00:00:00+03:00,1.2113840579986572,1.2304610013961792,1.183722972869873,1.2018460035324097,4715707,0.0,0.0
2021-05-27 00:00:00+03:00,1.2028000354766846,1.2247380018234253,1.1875380277633667,1.1923069953918457,4011170,0.0,0.0
2021-05-28 00:00:00+03:00,1.2056610584259033,1.2304610013961792,1.1655999422073364,1.2247380018234253,8959934,0.0,0.0
2021-05-31 00:00:00+03:00,1.2161530256271362,1.2209229469299316,1.183722972869873,1.1961230039596558,1940228,0.0,0.0
2021-06-01 00:00:00+03:00,1.1961230039596558,1.2171070575714111,1.180860996246338,1.2056610584259033,2733375,0.0,0.0
2021-06-02 00:00:00+03:00,1.1913529634475708,1.2485840320587158,1.179906964302063,1.247630000114441,5048402,0.0,0.0
2021-06-03 00:00:00+03:00,1.247630000114441,1.264799952507019,1.2113840579986572,1.2638460397720337,5350233,0.0,0.0
2021-06-04 00:00:00+03:00,1.2590769529342651,1.2714769840240479,1.246677041053772,1.2590769529342651,2429070,0.0,0.0
2021-06-07 00:00:00+03:00,1.2495379447937012,1.2867380380630493,1.2495379447937012,1.2724299430847168,2565675,0.0,0.0
2021-06-08 00:00:00+03:00,1.2829229831695557,1.2829229831695557,1.25621497631073,1.2676609754562378,1713336,0.0,0.0
2021-06-09 00:00:00+03:00,1.2571690082550049,1.319169044494629,1.2571690082550049,1.3020000457763672,7423712,0.0,0.0
2021-06-10 00:00:00+03:00,1.3020000457763672,1.3020000457763672,1.2400000095367432,1.2619379758834839,6129814,0.0,0.0
2021-06-11 00:00:00+03:00,1.2724299430847168,1.2752920389175415,1.2400000095367432,1.255260944366455,1946959,0.0,0.0
2021-06-14 00:00:00+03:00,1.2533529996871948,1.3563690185546875,1.2447689771652222,1.313446044921875,8134036,0.0,0.0
2021-06-15 00:00:00+03:00,1.3010460138320923,1.3163069486618042,1.2695690393447876,1.2762459516525269,3683235,0.0,0.0
2021-06-16 00:00:00+03:00,1.2524000406265259,1.3516000509262085,1.2524000406265259,1.303907036781311,13672832,0.0,0.0
2021-06-17 00:00:00+03:00,1.2934149503707886,1.3296610116958618,1.2876919507980347,1.2972300052642822,3942480,0.0,0.0
2021-06-18 00:00:00+03:00,1.2962770462036133,1.326799988746643,1.2695690393447876,1.2810150384902954,7531444,0.0,0.0
2021-06-21 00:00:00+03:00,1.2876919507980347,1.2876919507980347,1.2400000095367432,1.2400000095367432,1970506,0.0,0.0
2021-06-22 00:00:00+03:00,1.2485840320587158,1.2810150384902954,1.2295069694519043,1.266706943511963,4527354,0.0,0.0
2021-06-23 00:00:00+03:00,1.2638460397720337,1.2762459516525269,1.2400000095367432,1.245723009109497,1145467,0.0,0.0
2021-06-24 00:00:00+03:00,1.251446008682251,1.2543070316314697,1.236184000968933,1.2400000095367432,1936056,0.0,0.0
2021-06-25 00:00:00+03:00,1.2447689771652222,1.2581230401992798,1.2256920337677002,1.2256920337677002,2659149,0.0,0.0
2021-06-28 00:00:00+03:00,1.2237839698791504,1.2743380069732666,1.2199690341949463,1.2619379758834839,3511404,0.0,0.0
2021-06-29 00:00:00+03:00,1.2752920389175415,1.2752920389175415,1.2400000095367432,1.2686150074005127,2271498,0.0,0.0
2021-06-30 00:00:00+03:00,1.2686150074005127,1.3115379810333252,1.2686150074005127,1.2972300052642822,2431440,0.0,0.0
2021-07-01 00:00:00+03:00,1.2953230142593384,1.3582769632339478,1.2781529426574707,1.2934149503707886,6689757,0.0,0.0
2021-07-02 00:00:00+03:00,1.2886459827423096,1.2915070056915283,1.2714769840240479,1.2848299741744995,1489149,0.0,0.0
2021-07-05 00:00:00+03:00,1.2829229831695557,1.3353840112686157,1.2791069746017456,1.322983980178833,3694578,0.0,0.0
2021-07-06 00:00:00+03:00,1.322983980178833,1.3649530410766602,1.3105839490890503,1.3449230194091797,5937917,0.0,0.0
2021-07-07 00:00:00+03:00,1.3382459878921509,1.3639999628067017,1.322983980178833,1.3353840112686157,3072864,0.0,0.0
2021-07-08 00:00:00+03:00,1.3353840112686157,1.3620920181274414,1.3258459568023682,1.3344299793243408,2944122,0.0,0.0
2021-07-09 00:00:00+03:00,1.3306150436401367,1.3449230194091797,1.2791069746017456,1.3010460138320923,2413764,0.0,0.0
2021-07-12 00:00:00+03:00,1.2991379499435425,1.309630036354065,1.2638460397720337,1.2638460397720337,1222943,0.0,0.0
2021-07-13 00:00:00+03:00,1.2781529426574707,1.2838770151138306,1.2447689771652222,1.2533529996871948,1140204,0.0,0.0
2021-07-14 00:00:00+03:00,1.246677041053772,1.2743380069732666,1.245723009109497,1.2676609754562378,785220,0.0,0.0
2021-07-16 00:00:00+03:00,1.264799952507019,1.2791069746017456,1.2543070316314697,1.2771999835968018,671072,0.0,0.0
2021-07-19 00:00:00+03:00,1.2657530307769775,1.2943689823150635,1.2638460397720337,1.2714769840240479,216848,0.0,0.0
2021-07-26 00:00:00+03:00,1.2810150384902954,1.2991379499435425,1.2714769840240479,1.2829229831695557,2297707,0.0,0.0
2021-07-27 00:00:00+03:00,1.2876919507980347,1.309630036354065,1.266706943511963,1.2714769840240479,2766085,0.0,0.0
2021-07-28 00:00:00+03:00,1.2743380069732666,1.2972300052642822,1.264799952507019,1.2848299741744995,2367320,0.0,0.0
2021-07-29 00:00:00+03:00,1.2943689823150635,1.3344299793243408,1.2896000146865845,1.3210769891738892,5757196,0.0,0.0
2021-07-30 00:00:00+03:00,1.313446044921875,1.3554149866104126,1.2972300052642822,1.3344299793243408,4559959,0.0,0.0
2021-08-02 00:00:00+03:00,1.3382459878921509,1.4250459671020508,1.3296610116958618,1.3735380172729492,9770883,0.0,0.0
2021-08-03 00:00:00+03:00,1.3716299533843994,1.3830770254135132,1.3458770513534546,1.3821229934692383,8097678,0.0,0.0
2021-08-04 00:00:00+03:00,1.3821229934692383,1.3868919610977173,1.3592300415039062,1.3735380172729492,1478749,0.0,0.0
2021-08-05 00:00:00+03:00,1.3697229623794556,1.4364919662475586,1.3592300415039062,1.409783959388733,7326925,0.0,0.0
2021-08-06 00:00:00+03:00,1.4088300466537476,1.4364919662475586,1.395477056503296,1.4364919662475586,2167770,0.0,0.0
2021-08-09 00:00:00+03:00,1.5051690340042114,1.5166150331497192,1.4422149658203125,1.4565229415893555,8790788,0.0,0.0
2021-08-10 00:00:00+03:00,1.4555690288543701,1.4975379705429077,1.446984052658081,1.4775069952011108,5351848,0.0,0.0
2021-08-11 00:00:00+03:00,1.4784610271453857,1.4880000352859497,1.4546149969100952,1.4631999731063843,2166785,0.0,0.0
2021-08-12 00:00:00+03:00,1.4784610271453857,1.480368971824646,1.4374459981918335,1.4422149658203125,1199291,0.0,0.0
2021-08-13 00:00:00+03:00,1.4393529891967773,1.4622459411621094,1.4364919662475586,1.452707052230835,1234307,0.0,0.0
2021-08-16 00:00:00+03:00,1.452707052230835,1.4689229726791382,1.4364919662475586,1.4536609649658203,986007,0.0,0.0
2021-08-17 00:00:00+03:00,1.4479379653930664,1.4965840578079224,1.4307689666748047,1.4403070211410522,7240412,0.0,0.0
2021-08-18 00:00:00+03:00,1.4460300207138062,1.4784610271453857,1.4412610530853271,1.4631999731063843,4007333,0.0,0.0
2021-08-19 00:00:00+03:00,1.4498460292816162,1.5003999471664429,1.4450769424438477,1.4689229726791382,2160515,0.0,0.0
2021-08-20 00:00:00+03:00,1.4727380275726318,1.4736920595169067,1.4507999420166016,1.4641530513763428,905974,0.0,0.0
2021-08-23 00:00:00+03:00,1.4631999731063843,1.4822770357131958,1.4364919662475586,1.4488919973373413,965417,0.0,0.0
2021-08-24 00:00:00+03:00,1.4479379653930664,1.4631999731063843,1.4240920543670654,1.446984052658081,3352552,0.0,0.0
2021-08-25 00:00:00+03:00,1.4450769424438477,1.4498460292816162,1.4307689666748047,1.4307689666748047,949083,0.0,0.0
2021-08-26 00:00:00+03:00,1.4259999990463257,1.4899070262908936,1.4259999990463257,1.4403070211410522,3504862,0.0,0.0
2021-08-27 00:00:00+03:00,1.4403070211410522,1.5108920335769653,1.4336299896240234,1.5108920335769653,6947933,0.0,0.0
2021-08-31 00:00:00+03:00,1.5252000093460083,1.5748000144958496,1.4984920024871826,1.551906943321228,6242159,0.0,0.0
2021-09-01 00:00:00+03:00,1.5595380067825317,1.5643069744110107,1.5023070573806763,1.5223380327224731,3830386,0.0,0.0
2021-09-02 00:00:00+03:00,1.53855299949646,1.53855299949646,1.4784610271453857,1.4870460033416748,2267053,0.0,0.0
2021-09-03 00:00:00+03:00,1.4784610271453857,1.4956300258636475,1.4603379964828491,1.469877004623413,2050351,0.0,0.0
2021-09-06 00:00:00+03:00,1.4784610271453857,1.5099380016326904,1.4775069952011108,1.4870460033416748,3605298,0.0,0.0
2021-09-07 00:00:00+03:00,1.4822770357131958,1.4918149709701538,1.4546149969100952,1.469877004623413,2249545,0.0,0.0
2021-09-08 00:00:00+03:00,1.461292028427124,1.471783995628357,1.4116920232772827,1.4145530462265015,1604766,0.0,0.0
2021-09-09 00:00:00+03:00,1.398337960243225,1.481323003768921,1.398337960243225,1.4679689407348633,3536062,0.0,0.0
2021-09-10 00:00:00+03:00,1.469877004623413,1.4822770357131958,1.4393529891967773,1.4488919973373413,1390349,0.0,0.0
2021-09-13 00:00:00+03:00,1.4317229986190796,1.4488919973373413,1.4193229675292969,1.4259999990463257,1303983,0.0,0.0
2021-09-14 00:00:00+03:00,1.4307689666748047,1.4460300207138062,1.3868919610977173,1.4021530151367188,3114107,0.0,0.0
2021-09-15 00:00:00+03:00,1.4059690237045288,1.4059690237045288,1.3582769632339478,1.3763999938964844,2831630,0.0,0.0
2021-09-16 00:00:00+03:00,1.3744920492172241,1.390707015991211,1.3659069538116455,1.3735380172729492,1737911,0.0,0.0
2021-09-17 00:00:00+03:00,1.3735380172729492,1.3821229934692383,1.3496919870376587,1.3544609546661377,2069075,0.0,0.0
2021-09-20 00:00:00+03:00,1.3449230194091797,1.3449230194091797,1.322983980178833,1.3334770202636719,957617,0.0,0.0
2021-09-21 00:00:00+03:00,1.3363380432128906,1.3439689874649048,1.2800610065460205,1.2915070056915283,1431593,0.0,0.0
2021-09-22 00:00:00+03:00,1.2934149503707886,1.317260980606079,1.2600300312042236,1.309630036354065,1828995,0.0,0.0
2021-09-23 00:00:00+03:00,1.3115379810333252,1.332522988319397,1.2924610376358032,1.3258459568023682,1132509,0.0,0.0
2021-09-24 00:00:00+03:00,1.3258459568023682,1.3487379550933838,1.3029530048370361,1.3458770513534546,1124856,0.0,0.0
2021-09-27 00:00:00+03:00,1.3544609546661377,1.3563690185546875,1.3248920440673828,1.3334770202636719,773814,0.0,0.0
2021-09-28 00:00:00+03:00,1.326799988746643,1.3306150436401367,1.2924610376358032,1.3048609495162964,768258,0.0,0.0
2021-09-29 00:00:00+03:00,1.3067690134048462,1.3392000198364258,1.2991379499435425,1.3334770202636719,1858957,0.0,0.0
2021-09-30 00:00:00+03:00,1.3334770202636719,1.3496919870376587,1.326799988746643,1.337291955947876,2256065,0.0,0.0
2021-10-01 00:00:00+03:00,1.3258459568023682,1.3353840112686157,1.3210769891738892,1.328706979751587,1066754,0.0,0.0
2021-10-04 00:00:00+03:00,1.332522988319397,1.3392000198364258,1.3201229572296143,1.322983980178833,1091203,0.0,0.0
2021-10-05 00:00:00+03:00,1.322983980178833,1.3592300415039062,1.3163069486618042,1.3477840423583984,3770314,0.0,0.0
2021-10-06 00:00:00+03:00,1.3430149555206299,1.3439689874649048,1.2762459516525269,1.2876919507980347,2375603,0.0,0.0
2021-10-07 00:00:00+03:00,1.3010460138320923,1.3210769891738892,1.2781529426574707,1.2962770462036133,3581311,0.0,0.0
2021-10-08 00:00:00+03:00,1.2962770462036133,1.2962770462036133,1.25621497631073,1.2733839750289917,1392446,0.0,0.0
2021-10-11 00:00:00+03:00,1.2724299430847168,1.2953230142593384,1.2590769529342651,1.2876919507980347,1652509,0.0,0.0
2021-10-12 00:00:00+03:00,1.2819689512252808,1.2962770462036133,1.2657530307769775,1.2848299741744995,991103,0.0,0.0
2021-10-13 00:00:00+03:00,1.2867380380630493,1.2934149503707886,1.260983943939209,1.2733839750289917,889304,0.0,0.0
2021-10-14 00:00:00+03:00,1.2838770151138306,1.3353840112686157,1.2628920078277588,1.2791069746017456,6443701,0.0,0.0
2021-10-15 00:00:00+03:00,1.2829229831695557,1.3086769580841064,1.247630000114441,1.2724299430847168,2486375,0.0,0.0
2021-10-18 00:00:00+03:00,1.2733839750289917,1.2867380380630493,1.2571690082550049,1.2686150074005127,1279807,0.0,0.0
2021-10-19 00:00:00+03:00,1.2676609754562378,1.2972300052642822,1.2676609754562378,1.2876919507980347,2507280,0.0,0.0
2021-10-20 00:00:00+03:00,1.2876919507980347,1.3067690134048462,1.2390459775924683,1.2724299430847168,2854401,0.0,0.0
2021-10-21 00:00:00+03:00,1.2657530307769775,1.2962770462036133,1.2581230401992798,1.2905529737472534,1477869,0.0,0.0
2021-10-22 00:00:00+03:00,1.2924610376358032,1.3115379810333252,1.2676609754562378,1.2972300052642822,1753993,0.0,0.0
2021-10-25 00:00:00+03:00,1.2972300052642822,1.317260980606079,1.2924610376358032,1.307723045349121,1058682,0.0,0.0
2021-10-26 00:00:00+03:00,1.3153530359268188,1.331568956375122,1.3058149814605713,1.331568956375122,1934945,0.0,0.0
2021-10-27 00:00:00+03:00,1.332522988319397,1.3353840112686157,1.3124920129776,1.322983980178833,1427945,0.0,0.0
2021-10-28 00:00:00+03:00,1.3592300415039062,1.4298150539398193,1.337291955947876,1.3449230194091797,15906065,0.0,0.0
2021-11-01 00:00:00+03:00,1.3496919870376587,1.3535070419311523,1.3000919818878174,1.319169044494629,6944033,0.0,0.0
2021-11-02 00:00:00+03:00,1.3201229572296143,1.3201229572296143,1.2934149503707886,1.2972300052642822,2386841,0.0,0.0
2021-11-03 00:00:00+03:00,1.2962770462036133,1.2962770462036133,1.266706943511963,1.2924610376358032,1599062,0.0,0.0
2021-11-04 00:00:00+03:00,1.2972300052642822,1.3010460138320923,1.2848299741744995,1.2991379499435425,3485949,0.0,0.0
2021-11-05 00:00:00+03:00,1.3000919818878174,1.3020000457763672,1.2791069746017456,1.2838770151138306,2332472,0.0,0.0
2021-11-08 00:00:00+03:00,1.2810150384902954,1.3000919818878174,1.2743380069732666,1.2819689512252808,2198174,0.0,0.0
2021-11-09 00:00:00+03:00,1.2819689512252808,1.3573230504989624,1.2762459516525269,1.331568956375122,7425662,0.0,0.0
2021-11-10 00:00:00+03:00,1.3306150436401367,1.3353840112686157,1.2876919507980347,1.3020000457763672,2975741,0.0,0.0
2021-11-11 00:00:00+03:00,1.3010460138320923,1.3201229572296143,1.2876919507980347,1.2972300052642822,1321261,0.0,0.0
2021-11-12 00:00:00+03:00,1.3143999576568604,1.3143999576568604,1.2934149503707886,1.2943689823150635,1264061,0.0,0.0
2021-11-15 00:00:00+03:00,1.2943689823150635,1.319169044494629,1.2943689823150635,1.3153530359268188,3366098,0.0,0.0
2021-11-16 00:00:00+03:00,1.3153530359268188,1.3821229934692383,1.307723045349121,1.3525530099868774,6466996,0.0,0.0
2021-11-17 00:00:00+03:00,1.3554149866104126,1.3630460500717163,1.318215012550354,1.3344299793243408,2193204,0.0,0.0
2021-11-18 00:00:00+03:00,1.3344299793243408,1.3544609546661377,1.3210769891738892,1.3420610427856445,2833601,0.0,0.0
2021-11-19 00:00:00+03:00,1.3535070419311523,1.4012000560760498,1.3535070419311523,1.393568992614746,3916019,0.0,0.0
2021-11-22 00:00:00+03:00,1.3964300155639648,1.4355380535125732,1.395477056503296,1.4298150539398193,1626174,0.0,0.0
2021-11-23 00:00:00+03:00,1.4307689666748047,1.4536609649658203,1.3601839542388916,1.390707015991211,2297183,0.0,0.0
2021-11-24 00:00:00+03:00,1.398337960243225,1.45175302028656,1.390707015991211,1.405014991760254,3350435,0.0,0.0
2021-11-25 00:00:00+03:00,1.4212299585342407,1.5452300310134888,1.4212299585342407,1.5452300310134888,7575141,0.0,0.0
2021-11-26 00:00:00+03:00,1.5404609441757202,1.54236900806427,1.4212299585342407,1.4212299585342407,3344606,0.0,0.0
2021-11-29 00:00:00+03:00,1.4231380224227905,1.4784610271453857,1.4031070470809937,1.4403070211410522,2142651,0.0,0.0
2021-11-30 00:00:00+03:00,1.4384000301361084,1.476552963256836,1.4288610219955444,1.4336299896240234,1651230,0.0,0.0
2021-12-01 00:00:00+03:00,1.4450769424438477,1.4593839645385742,1.4364919662475586,1.4507999420166016,1597888,0.0,0.0
2021-12-02 00:00:00+03:00,1.4460300207138062,1.4622459411621094,1.4250459671020508,1.4298150539398193,1578703,0.0,0.0
2021-12-03 00:00:00+03:00,1.4298150539398193,1.45175302028656,1.4259999990463257,1.4326770305633545,1511186,0.0,0.0
2021-12-06 00:00:00+03:00,1.4326770305633545,1.4584300518035889,1.409783959388733,1.4326770305633545,1998540,0.0,0.0
2021-12-07 00:00:00+03:00,1.4393529891967773,1.480368971824646,1.4279069900512695,1.4727380275726318,3309023,0.0,0.0
2021-12-08 00:00:00+03:00,1.4832299947738647,1.6167689561843872,1.4784610271453857,1.557629942893982,11997804,0.0,0.0
2021-12-09 00:00:00+03:00,1.5643069744110107,1.6072299480438232,1.552860975265503,1.556676983833313,3939964,0.0,0.0
2021-12-10 00:00:00+03:00,1.5719380378723145,1.6873530149459839,1.556676983833313,1.6549229621887207,10215671,0.0,0.0
2021-12-13 00:00:00+03:00,1.6930769681930542,1.8199379444122314,1.6740000247955322,1.8199379444122314,9056763,0.0,0.0
2021-12-14 00:00:00+03:00,1.8199379444122314,1.96778404712677,1.8199379444122314,1.838060975074768,12330499,0.0,0.0
2021-12-15 00:00:00+03:00,1.8409229516983032,1.9839999675750732,1.7646150588989258,1.8847999572753906,8262023,0.0,0.0
2021-12-16 00:00:00+03:00,1.8857530355453491,2.072706937789917,1.8857530355453491,2.072706937789917,9835778,0.0,0.0
2021-12-17 00:00:00+03:00,2.146152973175049,2.2796919345855713,1.8657230138778687,1.8657230138778687,16121634,0.0,0.0
2021-12-20 00:00:00+03:00,1.779876947402954,1.9706460237503052,1.6797230243682861,1.7970459461212158,6952651,0.0,0.0
2021-12-21 00:00:00+03:00,1.9458459615707397,1.9458459615707397,1.7178770303726196,1.8590459823608398,6304559,0.0,0.0
2021-12-22 00:00:00+03:00,1.8590459823608398,1.987815022468567,1.82470703125,1.9029229879379272,5674101,0.0,0.0
2021-12-23 00:00:00+03:00,1.9181840419769287,1.9553840160369873,1.7922769784927368,1.8371069431304932,4423186,0.0,0.0
2021-12-24 00:00:00+03:00,1.8371069431304932,1.8933839797973633,1.8094459772109985,1.8933839797973633,3131511,0.0,0.0
2021-12-27 00:00:00+03:00,1.8981529474258423,2.001168966293335,1.848552942276001,1.9553840160369873,5600881,0.0,0.0
2021-12-28 00:00:00+03:00,2.0030770301818848,2.019292116165161,1.8313839435577393,1.8313839435577393,3937511,0.0,0.0
2021-12-29 00:00:00+03:00,1.8313839435577393,1.853322982788086,1.7808300256729126,1.8113529682159424,1696541,0.0,0.0
2021-12-30 00:00:00+03:00,1.8123070001602173,1.8161230087280273,1.767477035522461,1.7693840265274048,1511543,0.0,0.0
2021-12-31 00:00:00+03:00,1.7684299945831299,1.853322982788086,1.752215027809143,1.771291971206665,2430790,0.0,0.0
2022-01-03 00:00:00+03:00,1.779876947402954,1.7932300567626953,1.7426769733428955,1.7741529941558838,2023198,0.0,0.0
2022-01-04 00:00:00+03:00,1.7789230346679688,1.8256609439849854,1.7598459720611572,1.7817840576171875,2112646,0.0,0.0
2022-01-05 00:00:00+03:00,1.8027689456939697,1.8037229776382446,1.7455379962921143,1.7646150588989258,2252103,0.0,0.0
2022-01-06 00:00:00+03:00,1.761752963066101,1.7970459461212158,1.7274149656295776,1.7369530200958252,3725946,0.0,0.0
2022-01-07 00:00:00+03:00,1.7245529890060425,1.7445839643478394,1.6692299842834473,1.7131069898605347,4275406,0.0,0.0
2022-01-10 00:00:00+03:00,1.7169229984283447,1.8170770406723022,1.7169229984283447,1.749353051185608,5245604,0.0,0.0
2022-01-11 00:00:00+03:00,1.7732000350952148,1.7751070261001587,1.704522967338562,1.7159689664840698,2426932,0.0,0.0
2022-01-12 00:00:00+03:00,1.7302769422531128,1.8504610061645508,1.7283689975738525,1.7693840265274048,13645742,0.0,0.0
2022-01-13 00:00:00+03:00,1.7598459720611572,1.7884609699249268,1.7226459980010986,1.7646150588989258,3702777,0.0,0.0
2022-01-14 00:00:00+03:00,1.7503069639205933,1.8123070001602173,1.7445839643478394,1.779876947402954,3550362,0.0,0.0
2022-01-17 00:00:00+03:00,1.7817840576171875,1.82470703125,1.7789230346679688,1.7875070571899414,2070082,0.0,0.0
2022-01-18 00:00:00+03:00,1.7875070571899414,1.7875070571899414,1.700706958770752,1.700706958770752,1774311,0.0,0.0
2022-01-19 00:00:00+03:00,1.6940300464630127,1.752215027809143,1.6215380430221558,1.7379070520401,2514933,0.0,0.0
2022-01-20 00:00:00+03:00,1.7302769422531128,1.7445839643478394,1.6930769681930542,1.7121529579162598,1766532,0.0,0.0
2022-01-21 00:00:00+03:00,1.7455379962921143,1.7503069639205933,1.68544602394104,1.7207380533218384,1991725,0.0,0.0
2022-01-24 00:00:00+03:00,1.7283689975738525,1.7283689975738525,1.6377530097961426,1.6406149864196777,2614551,0.0,0.0
2022-01-25 00:00:00+03:00,1.6549229621887207,1.6568299531936646,1.5919690132141113,1.6301230192184448,1439645,0.0,0.0
2022-01-26 00:00:00+03:00,1.6119999885559082,1.6644610166549683,1.6119999885559082,1.6253529787063599,1798340,0.0,0.0
2022-01-27 00:00:00+03:00,1.59483003616333,1.6387070417404175,1.5748000144958496,1.6320300102233887,1239822,0.0,0.0
2022-01-28 00:00:00+03:00,1.6320300102233887,1.6501530408859253,1.5786149501800537,1.6129529476165771,1311804,0.0,0.0
2022-01-31 00:00:00+03:00,1.6406149864196777,1.6406149864196777,1.6062769889831543,1.6119999885559082,1093887,0.0,0.0
2022-02-01 00:00:00+03:00,1.6119999885559082,1.680677056312561,1.5881530046463013,1.6606459617614746,2991215,0.0,0.0
2022-02-02 00:00:00+03:00,1.6635069847106934,1.6787689924240112,1.6253529787063599,1.6406149864196777,1009051,0.0,0.0
2022-02-03 00:00:00+03:00,1.6406149864196777,1.6644610166549683,1.6110459566116333,1.623445987701416,946588,0.0,0.0
2022-02-04 00:00:00+03:00,1.6377530097961426,1.6377530097961426,1.5738459825515747,1.6215380430221558,1365964,0.0,0.0
2022-02-07 00:00:00+03:00,1.6215380430221558,1.6778149604797363,1.613906979560852,1.6778149604797363,980766,0.0,0.0
2022-02-08 00:00:00+03:00,1.6940300464630127,1.8447380065917969,1.6787689924240112,1.8447380065917969,12779208,0.0,0.0
2022-02-09 00:00:00+03:00,1.8771690130233765,1.9477529525756836,1.7884609699249268,1.8056299686431885,12586305,0.0,0.0
2022-02-10 00:00:00+03:00,1.8027689456939697,1.8600000143051147,1.7979999780654907,1.838060975074768,4732649,0.0,0.0
2022-02-11 00:00:00+03:00,1.8409229516983032,1.9220000505447388,1.8008610010147095,1.8361530303955078,4314406,0.0,0.0
2022-02-14 00:00:00+03:00,1.8361530303955078,1.8361530303955078,1.705476999282837,1.7226459980010986,5357844,0.0,0.0
2022-02-15 00:00:00+03:00,1.7236000299453735,1.7531689405441284,1.7073839902877808,1.7255070209503174,2197104,0.0,0.0
2022-02-16 00:00:00+03:00,1.8180299997329712,1.8971999883651733,1.8151689767837524,1.8151689767837524,30149828,0.0,0.0
2022-02-17 00:00:00+03:00,1.8123070001602173,1.818984031677246,1.7464920282363892,1.7474459409713745,7862043,0.0,0.0
2022-02-18 00:00:00+03:00,1.756983995437622,1.7884609699249268,1.7178770303726196,1.7312300205230713,2544896,0.0,0.0
2022-02-21 00:00:00+03:00,1.7655689716339111,1.834246039390564,1.752215027809143,1.8132610321044922,7717910,0.0,0.0
2022-02-22 00:00:00+03:00,1.7741529941558838,1.9887690544128418,1.7550770044326782,1.97160005569458,15625348,0.0,0.0
2022-02-23 00:00:00+03:00,2.0641229152679443,2.0641229152679443,1.8933839797973633,1.9172300100326538,10993008,0.0,0.0
2022-02-24 00:00:00+03:00,1.8123070001602173,1.8886150121688843,1.7255070209503174,1.7379070520401,6621214,0.0,0.0
2022-02-25 00:00:00+03:00,1.771291971206665,1.900061011314392,1.771291971206665,1.8876609802246094,6706280,0.0,0.0
2022-02-28 00:00:00+03:00,1.8781230449676514,1.9553840160369873,1.8351999521255493,1.8456920385360718,4605040,0.0,0.0
2022-03-01 00:00:00+03:00,1.8724000453948975,1.9220000505447388,1.7894150018692017,1.8666770458221436,4687464,0.0,0.0
2022-03-02 00:00:00+03:00,1.8647689819335938,1.901015043258667,1.8361530303955078,1.8771690130233765,3543254,0.0,0.0
2022-03-03 00:00:00+03:00,1.8771690130233765,1.9076919555664062,1.8228000402450562,1.8361530303955078,4243283,0.0,0.0
2022-03-04 00:00:00+03:00,1.8313839435577393,1.8351999521255493,1.7312300205230713,1.7608000040054321,6006251,0.0,0.0
2022-03-07 00:00:00+03:00,1.7188299894332886,1.7865530252456665,1.6978460550308228,1.7646150588989258,3464059,0.0,0.0
2022-03-08 00:00:00+03:00,1.7608000040054321,1.8046770095825195,1.698799967765808,1.7474459409713745,2808020,0.0,0.0
2022-03-09 00:00:00+03:00,1.7636610269546509,1.7894150018692017,1.7369530200958252,1.7894150018692017,3824117,0.0,0.0
2022-03-10 00:00:00+03:00,1.7941839694976807,1.7941839694976807,1.743630051612854,1.7560299634933472,2359982,0.0,0.0
2022-03-11 00:00:00+03:00,1.7550770044326782,1.766523003578186,1.7188299894332886,1.7474459409713745,1365041,0.0,0.0
2022-03-14 00:00:00+03:00,1.7474459409713745,1.8266149759292603,1.7474459409713745,1.785599946975708,3302440,0.0,0.0
2022-03-15 00:00:00+03:00,1.766523003578186,1.8132610321044922,1.7512609958648682,1.7608000040054321,3448711,0.0,0.0
2022-03-16 00:00:00+03:00,1.762706995010376,1.7817840576171875,1.7503069639205933,1.757938027381897,2871259,0.0,0.0
2022-03-17 00:00:00+03:00,1.7598459720611572,1.7789230346679688,1.7503069639205933,1.761752963066101,2472515,0.0,0.0
2022-03-18 00:00:00+03:00,1.7598459720611572,1.7732000350952148,1.7407690286636353,1.752215027809143,2024057,0.0,0.0
2022-03-21 00:00:00+03:00,1.7588920593261719,1.7979999780654907,1.7455379962921143,1.7903690338134766,3377525,0.0,0.0
2022-03-22 00:00:00+03:00,1.8075380325317383,1.8075380325317383,1.7751070261001587,1.7903690338134766,2236985,0.0,0.0
2022-03-23 00:00:00+03:00,1.7941839694976807,1.8724000453948975,1.7817840576171875,1.7884609699249268,5176180,0.0,0.0
2022-03-24 00:00:00+03:00,1.7836920022964478,1.853322982788086,1.7741529941558838,1.830430030822754,2948923,0.0,0.0
2022-03-25 00:00:00+03:00,1.830430030822754,1.8590459823608398,1.8018150329589844,1.8199379444122314,2653740,0.0,0.0
2022-03-28 00:00:00+03:00,1.8275690078735352,1.904829978942871,1.8275690078735352,1.8743070363998413,4898672,0.0,0.0
2022-03-29 00:00:00+03:00,1.9134149551391602,1.9372609853744507,1.8323379755020142,1.8514150381088257,3823928,0.0,0.0
2022-03-30 00:00:00+03:00,1.8600000143051147,1.8895690441131592,1.8361530303955078,1.8638149499893188,2709682,0.0,0.0
2022-03-31 00:00:00+03:00,1.8647689819335938,1.9076919555664062,1.852368950843811,1.8743070363998413,4119406,0.0,0.0
2022-04-01 00:00:00+03:00,1.8847999572753906,1.8867069482803345,1.8132610321044922,1.8275690078735352,3816820,0.0,0.0
2022-04-04 00:00:00+03:00,1.8275690078735352,1.8466459512710571,1.8170770406723022,1.8323379755020142,2985554,0.0,0.0
2022-04-05 00:00:00+03:00,1.8361530303955078,1.8418769836425781,1.8027689456939697,1.8161230087280273,2434899,0.0,0.0
2022-04-06 00:00:00+03:00,1.8104000091552734,1.906738042831421,1.8094459772109985,1.8542770147323608,4215249,0.0,0.0
2022-04-07 00:00:00+03:00,1.8695379495620728,1.934399962425232,1.847599983215332,1.8809839487075806,3893206,0.0,0.0
2022-04-08 00:00:00+03:00,1.8867069482803345,2.0412299633026123,1.8819379806518555,1.9496610164642334,12992786,0.0,0.0
2022-04-11 00:00:00+03:00,1.9534770250320435,2.0421841144561768,1.910552978515625,2.0030770301818848,6554452,0.0,0.0
2022-04-12 00:00:00+03:00,2.028830051422119,2.046952962875366,1.9553840160369873,1.9639689922332764,4385151,0.0,0.0
2022-04-13 00:00:00+03:00,1.9696919918060303,2.0030770301818848,1.9076919555664062,1.9515689611434937,4703525,0.0,0.0
2022-04-14 00:00:00+03:00,1.9639689922332764,1.9668300151824951,1.9124610424041748,1.9162770509719849,2956556,0.0,0.0
2022-04-15 00:00:00+03:00,1.9172300100326538,1.9601529836654663,1.9124610424041748,1.9448920488357544,2100862,0.0,0.0
2022-04-18 00:00:00+03:00,1.9448920488357544,1.9887690544128418,1.9410769939422607,1.973507046699524,3447578,0.0,0.0
2022-04-19 00:00:00+03:00,1.9792300462722778,2.1700000762939453,1.976369023323059,2.1700000762939453,25364340,0.0,0.0
2022-04-20 00:00:00+03:00,2.234860897064209,2.274923086166382,2.0460000038146973,2.065077066421509,16774402,0.0,0.0
2022-04-21 00:00:00+03:00,2.074615001678467,2.0879690647125244,2.0173840522766113,2.033600091934204,5426430,0.0,0.0
2022-04-22 00:00:00+03:00,2.0316920280456543,2.072706937789917,1.9305839538574219,1.9420299530029297,5635981,0.0,0.0
2022-04-25 00:00:00+03:00,1.8905229568481445,2.0040299892425537,1.8838460445404053,1.9363069534301758,3087059,0.0,0.0
2022-04-26 00:00:00+03:00,1.9458459615707397,1.9658770561218262,1.8971999883651733,1.9038770198822021,3390944,0.0,0.0
2022-04-27 00:00:00+03:00,1.906738042831421,1.9611070156097412,1.8704919815063477,1.9076919555664062,2428127,0.0,0.0
2022-04-28 00:00:00+03:00,2.0984609127044678,2.0984609127044678,2.0793840885162354,2.0984609127044678,11344994,0.0,0.0
2022-04-29 00:00:00+03:00,2.14520001411438,2.2796919345855713,2.1127688884735107,2.1661839485168457,20493659,0.0,0.0
2022-05-05 00:00:00+03:00,2.1642770767211914,2.2558460235595703,2.0984609127044678,2.169045925140381,10411217,0.0,0.0
2022-05-06 00:00:00+03:00,2.1614151000976562,2.370306968688965,2.146152973175049,2.276829957962036,12178252,0.0,0.0
2022-05-09 00:00:00+03:00,2.2892301082611084,2.5038459300994873,2.222460985183716,2.5038459300994873,7043923,0.0,0.0
2022-05-10 00:00:00+03:00,2.632615089416504,2.697000026702881,2.5157690048217773,2.6373839378356934,8872751,0.0,0.0
2022-05-11 00:00:00+03:00,2.5753839015960693,2.83292293548584,2.508615016937256,2.83292293548584,32052147,0.0,0.0
2022-05-12 00:00:00+03:00,2.8853840827941895,2.9974610805511475,2.670768976211548,2.7518460750579834,39982252,0.0,0.0
2022-05-13 00:00:00+03:00,2.7899999618530273,2.956923007965088,2.718461036682129,2.878230094909668,23379806,0.0,0.0
2022-05-16 00:00:00+03:00,2.878230094909668,2.9020769596099854,2.718461036682129,2.718461036682129,10826000,0.0,0.0
2022-05-17 00:00:00+03:00,2.718461036682129,2.8138461112976074,2.6040000915527344,2.656461000442505,10979484,0.0,0.0
2022-05-18 00:00:00+03:00,2.656461000442505,2.735153913497925,2.5539228916168213,2.5896921157836914,10864791,0.0,0.0
2022-05-20 00:00:00+03:00,2.5873069763183594,2.644537925720215,2.4752299785614014,2.544384002685547,7081414,0.0,0.0
2022-05-23 00:00:00+03:00,2.549154043197632,2.618307113647461,2.472846031188965,2.494307041168213,4747390,0.0,0.0
2022-05-24 00:00:00+03:00,2.510999917984009,2.5634610652923584,2.4418458938598633,2.494307041168213,5198657,0.0,0.0
2022-05-25 00:00:00+03:00,2.5253069400787354,2.5253069400787354,2.437077045440674,2.446614980697632,3936106,0.0,0.0
2022-05-26 00:00:00+03:00,2.460922956466675,2.5992300510406494,2.434691905975342,2.5038459300994873,12832508,0.0,0.0
2022-05-27 00:00:00+03:00,2.496691942214966,2.508615016937256,2.4561541080474854,2.4561541080474854,4587301,0.0,0.0
2022-05-30 00:00:00+03:00,2.5038459300994873,2.522922992706299,2.470460891723633,2.472846031188965,4891312,0.0,0.0
2022-05-31 00:00:00+03:00,2.506230115890503,2.718461036682129,2.4656920433044434,2.718461036682129,20359109,0.0,0.0
2022-06-01 00:00:00+03:00,2.806691884994507,2.8472299575805664,2.668384075164795,2.6755380630493164,17045095,0.0,0.0
2022-06-02 00:00:00+03:00,2.6755380630493164,2.7375380992889404,2.6421539783477783,2.6636149883270264,6786230,0.0,0.0
2022-06-03 00:00:00+03:00,2.6421539783477783,2.83292293548584,2.6421539783477783,2.7661540508270264,14683624,0.0,0.0
2022-06-06 00:00:00+03:00,2.8114609718322754,2.83292293548584,2.7232298851013184,2.7279999256134033,6216641,0.0,0.0
2022-06-07 00:00:00+03:00,2.7518460750579834,2.9998459815979004,2.7232298851013184,2.866307020187378,22590035,0.0,0.0
2022-06-08 00:00:00+03:00,2.928307056427002,2.930691957473755,2.7279999256134033,2.744692087173462,8903091,0.0,0.0
2022-06-09 00:00:00+03:00,2.7494609355926514,2.933077096939087,2.732769012451172,2.9092299938201904,10503642,0.0,0.0
2022-06-10 00:00:00+03:00,2.8615379333496094,2.9092299938201904,2.718461036682129,2.83292293548584,6874860,0.0,0.0
2022-06-13 00:00:00+03:00,2.8138461112976074,3.0332300662994385,2.8019230365753174,2.8901538848876953,13881252,0.0,0.0
2022-06-14 00:00:00+03:00,2.9092299938201904,2.980768918991089,2.7661540508270264,2.966460943222046,12357484,0.0,0.0
2022-06-15 00:00:00+03:00,2.9640769958496094,3.092845916748047,2.8853840827941895,2.9092299938201904,10438600,0.0,0.0
2022-06-16 00:00:00+03:00,2.9092299938201904,2.9760000705718994,2.821000099182129,2.8996920585632324,5686262,0.0,0.0
2022-06-17 00:00:00+03:00,2.871077060699463,2.9092299938201904,2.7899999618530273,2.85676908493042,5074402,0.0,0.0
2022-06-20 00:00:00+03:00,2.8615379333496094,2.9354610443115234,2.8233840465545654,2.8257689476013184,4929264,0.0,0.0
2022-06-21 00:00:00+03:00,2.84484601020813,2.8877689838409424,2.8233840465545654,2.830538034439087,3132182,0.0,0.0
2022-06-22 00:00:00+03:00,2.830538034439087,2.84484601020813,2.7899999618530273,2.8233840465545654,4261651,0.0,0.0
2022-06-23 00:00:00+03:00,2.8138461112976074,3.02846097946167,2.8138461112976074,2.942615032196045,12323705,0.0,0.0
2022-06-24 00:00:00+03:00,2.942615032196045,2.9473841190338135,2.8376920223236084,2.85676908493042,8013472,0.0,0.0
2022-06-27 00:00:00+03:00,2.770922899246216,2.770922899246216,2.770922899246216,2.770922899246216,67012,0.0,0.0
2022-06-28 00:00:00+03:00,2.8138461112976074,2.8973069190979004,2.67315411567688,2.780461072921753,6616999,0.0,0.0
2022-06-29 00:00:00+03:00,2.780461072921753,2.821000099182129,2.7017691135406494,2.7136919498443604,3307682,0.0,0.0
2022-06-30 00:00:00+03:00,2.706537961959839,2.792383909225464,2.685076951980591,2.74230694770813,3397277,0.0,0.0
2022-07-01 00:00:00+03:00,2.718461036682129,2.7876150608062744,2.692229986190796,2.7494609355926514,3037638,0.0,0.0
2022-07-04 00:00:00+03:00,2.7756919860839844,2.7995378971099854,2.670768976211548,2.6755380630493164,4222902,0.0,0.0
2022-07-05 00:00:00+03:00,2.692229986190796,2.708923101425171,2.55869197845459,2.623076915740967,3137172,0.0,0.0
2022-07-06 00:00:00+03:00,2.644537925720215,2.7279999256134033,2.630229949951172,2.7017691135406494,2456999,0.0,0.0
2022-07-07 00:00:00+03:00,2.8758459091186523,2.956923007965088,2.7995378971099854,2.854383945465088,12157137,0.0,0.0
2022-07-08 00:00:00+03:00,2.854383945465088,2.8615379333496094,2.7852299213409424,2.8281540870666504,2132796,0.0,0.0
2022-07-13 00:00:00+03:00,2.8281540870666504,2.8376920223236084,2.7232298851013184,2.7399230003356934,3712317,0.0,0.0
2022-07-14 00:00:00+03:00,2.7375380992889404,2.7756919860839844,2.7017691135406494,2.7113070487976074,2353041,0.0,0.0
2022-07-18 00:00:00+03:00,2.732769012451172,2.8758459091186523,2.706537961959839,2.8114609718322754,6198504,0.0,0.0
2022-07-19 00:00:00+03:00,2.8376920223236084,2.944999933242798,2.816230058670044,2.933077096939087,10389494,0.0,0.0
2022-07-20 00:00:00+03:00,2.8480000495910645,3.22590708732605,2.8480000495910645,3.22590708732605,28564945,0.0,5.7419354
2022-07-21 00:00:00+03:00,3.242337942123413,3.505229949951172,3.1492300033569336,3.308060884475708,33654193,0.0,0.0
2022-07-22 00:00:00+03:00,3.308060884475708,3.3902149200439453,3.1875689029693604,3.2039999961853027,13455813,0.0,0.0
2022-07-25 00:00:00+03:00,3.2724609375,3.302583932876587,3.135538101196289,3.1684000492095947,7182631,0.0,0.0
2022-07-26 00:00:00+03:00,3.176614999771118,3.2039999961853027,3.108154058456421,3.108154058456421,4956863,0.0,0.0
2022-07-27 00:00:00+03:00,3.108154058456421,3.1464920043945312,3.0177841186523438,3.023261070251465,6451844,0.0,0.0
2022-07-28 00:00:00+03:00,3.034214973449707,3.2532920837402344,3.0123069286346436,3.1492300033569336,17618373,0.0,0.0
2022-07-29 00:00:00+03:00,3.165661096572876,3.206737995147705,3.0835070610046387,3.1108920574188232,6612456,0.0,0.0
2022-08-01 00:00:00+03:00,3.1218459606170654,3.143754005432129,3.0780301094055176,3.0889840126037598,4885688,0.0,0.0
2022-08-02 00:00:00+03:00,3.094460964202881,3.108154058456421,3.0150458812713623,3.0506460666656494,5057489,0.0,0.0
2022-08-03 00:00:00+03:00,3.034214973449707,3.1026771068573,3.0260000228881836,3.0424299240112305,4398484,0.0,0.0
2022-08-04 00:00:00+03:00,3.0670769214630127,3.165661096572876,3.0533840656280518,3.1136300563812256,7275577,0.0,0.0
2022-08-05 00:00:00+03:00,3.14101505279541,3.379261016845703,3.14101505279541,3.2916300296783447,24309410,0.0,0.0
2022-08-08 00:00:00+03:00,3.3244919776916504,3.4066460132598877,3.2176918983459473,3.4011690616607666,12589980,0.0,0.0
2022-08-09 00:00:00+03:00,3.398430109024048,3.559999942779541,3.2888920307159424,3.516184091567993,15379904,0.0,0.0
2022-08-10 00:00:00+03:00,3.2834150791168213,3.3956921100616455,3.2039999961853027,3.266983985900879,20392657,0.0,0.0
2022-08-11 00:00:00+03:00,3.2998459339141846,3.313538074493408,3.1629230976104736,3.1985230445861816,8554306,0.0,0.0
2022-08-12 00:00:00+03:00,3.231384038925171,3.261507034301758,3.1464920043945312,3.1519689559936523,4786585,0.0,0.0
2022-08-15 00:00:00+03:00,3.2039999961853027,3.214953899383545,3.1026771068573,3.1547069549560547,4224623,0.0,0.0
2022-08-16 00:00:00+03:00,3.1574459075927734,3.171138048171997,3.0424299240112305,3.1136300563812256,4837036,0.0,0.0
2022-08-17 00:00:00+03:00,3.1163690090179443,3.135538101196289,3.072554111480713,3.0835070610046387,3019538,0.0,0.0
2022-08-18 00:00:00+03:00,3.094460964202881,3.1547069549560547,3.0670769214630127,3.1108920574188232,4305490,0.0,0.0
2022-08-19 00:00:00+03:00,3.1492300033569336,3.176614999771118,3.0889840126037598,3.094460964202881,3759643,0.0,0.0
2022-08-22 00:00:00+03:00,3.094460964202881,3.099937915802002,3.0533840656280518,3.0670769214630127,3898272,0.0,0.0
2022-08-23 00:00:00+03:00,3.0752921104431152,3.1273229122161865,3.0533840656280518,3.072554111480713,5085515,0.0,0.0
2022-08-24 00:00:00+03:00,3.072554111480713,3.201261043548584,3.0479071140289307,3.072554111480713,9585147,0.0,0.0
2022-08-25 00:00:00+03:00,3.0917229652404785,3.1163690090179443,3.072554111480713,3.0780301094055176,3926350,0.0,0.0
2022-08-26 00:00:00+03:00,3.0807690620422363,3.0889840126037598,3.0479071140289307,3.058861017227173,3707530,0.0,0.0
2022-08-29 00:00:00+03:00,3.058861017227173,3.058861017227173,3.0123069286346436,3.0260000228881836,3110257,0.0,0.0
2022-08-31 00:00:00+03:00,3.0260000228881836,3.0533840656280518,3.0123069286346436,3.0205230712890625,3991288,0.0,0.0
2022-09-01 00:00:00+03:00,3.0205230712890625,3.135538101196289,2.9821839332580566,3.0752921104431152,7914439,0.0,0.0
2022-09-02 00:00:00+03:00,3.1245839595794678,3.130060911178589,3.0479071140289307,3.0533840656280518,4488519,0.0,0.0
2022-09-05 00:00:00+03:00,3.0533840656280518,3.1218459606170654,3.036953926086426,3.0780301094055176,6217603,0.0,0.0
2022-09-06 00:00:00+03:00,3.0807690620422363,3.094460964202881,3.0205230712890625,3.0479071140289307,4780771,0.0,0.0
2022-09-07 00:00:00+03:00,3.0533840656280518,3.058861017227173,3.0150458812713623,3.0260000228881836,3429713,0.0,0.0
2022-09-08 00:00:00+03:00,3.034214973449707,3.0615999698638916,3.0123069286346436,3.0177841186523438,4867280,0.0,0.0
2022-09-09 00:00:00+03:00,3.036953926086426,3.1026771068573,3.0177841186523438,3.058861017227173,6481010,0.0,0.0
2022-09-12 00:00:00+03:00,3.072554111480713,3.094460964202881,3.0479071140289307,3.0533840656280518,4270766,0.0,0.0
2022-09-13 00:00:00+03:00,3.135538101196289,3.135538101196289,2.9301540851593018,2.9301540851593018,6831225,0.0,0.0
2022-09-14 00:00:00+03:00,2.932892084121704,3.0314769744873047,2.902769088745117,2.9958770275115967,3411236,0.0,0.0
2022-09-15 00:00:00+03:00,3.0123069286346436,3.036953926086426,2.9493229389190674,2.963015079498291,3564373,0.0,0.0
2022-09-16 00:00:00+03:00,2.9849228858947754,2.993138074874878,2.9520609378814697,2.9602770805358887,1918668,0.0,0.0
2022-09-19 00:00:00+03:00,2.9767069816589355,2.9767069816589355,2.921937942504883,2.9246768951416016,2222313,0.0,0.0
2022-09-20 00:00:00+03:00,2.9246768951416016,2.963015079498291,2.8534770011901855,2.9055070877075195,1979176,0.0,0.0
2022-09-21 00:00:00+03:00,2.9055070877075195,2.9849228858947754,2.8726460933685303,2.9137229919433594,4388021,0.0,0.0
2022-09-22 00:00:00+03:00,2.9164609909057617,2.9520609378814697,2.8890769481658936,2.938369035720825,2305787,0.0,0.0
2022-09-23 00:00:00+03:00,2.9356300830841064,3.176614999771118,2.9164609909057617,3.176614999771118,16629967,0.0,0.0
2022-09-26 00:00:00+03:00,3.209476947784424,3.2697229385375977,3.094460964202881,3.0971999168395996,9333345,0.0,0.0
2022-09-27 00:00:00+03:00,3.1218459606170654,3.2176918983459473,3.028738021850586,3.0670769214630127,7060851,0.0,0.0
2022-09-28 00:00:00+03:00,3.069814920425415,3.2039999961853027,3.0670769214630127,3.0889840126037598,6616386,0.0,0.0
2022-09-29 00:00:00+03:00,3.0889840126037598,3.14101505279541,2.9602770805358887,3.0424299240112305,2999377,0.0,0.0
2022-09-30 00:00:00+03:00,3.0424299240112305,3.1163690090179443,3.0260000228881836,3.039691925048828,2301255,0.0,0.0
2022-10-03 00:00:00+03:00,3.0424299240112305,3.0917229652404785,3.036953926086426,3.0533840656280518,4390541,0.0,0.0
2022-10-04 00:00:00+03:00,3.0533840656280518,3.143754005432129,3.039691925048828,3.1191070079803467,7183774,0.0,0.0
2022-10-05 00:00:00+03:00,3.1218459606170654,3.201261043548584,3.0561230182647705,3.0807690620422363,6331620,0.0,0.0
2022-10-06 00:00:00+03:00,3.0807690620422363,3.1218459606170654,3.0451691150665283,3.0862460136413574,4420638,0.0,0.0
2022-10-07 00:00:00+03:00,3.0889840126037598,3.2998459339141846,3.0615999698638916,3.2916300296783447,19065893,0.0,0.0
2022-10-10 00:00:00+03:00,3.343661069869995,3.505229949951172,3.3409230709075928,3.381999969482422,12857755,0.0,0.0
2022-10-11 00:00:00+03:00,3.384737968444824,3.398430109024048,3.2998459339141846,3.313538074493408,7816435,0.0,0.0
2022-10-12 00:00:00+03:00,3.313538074493408,3.338184118270874,3.165661096572876,3.2039999961853027,6541000,0.0,0.0
2022-10-13 00:00:00+03:00,3.2039999961853027,3.280677080154419,3.176614999771118,3.2176918983459473,4420058,0.0,0.0
2022-10-14 00:00:00+03:00,3.2642459869384766,3.2642459869384766,3.201261043548584,3.2286460399627686,3804267,0.0,0.0
2022-10-17 00:00:00+03:00,3.231384038925171,3.316277027130127,3.231384038925171,3.28615403175354,8470974,0.0,0.0
2022-10-18 00:00:00+03:00,3.313538074493408,3.3409230709075928,3.2176918983459473,3.2231690883636475,6243914,0.0,0.0
2022-10-19 00:00:00+03:00,3.22590708732605,3.379261016845703,3.2176918983459473,3.3272299766540527,11058456,0.0,0.0
2022-10-20 00:00:00+03:00,3.3299689292907715,3.3546149730682373,3.28615403175354,3.3244919776916504,6050396,0.0,0.0
2022-10-21 00:00:00+03:00,3.338184118270874,3.4970149993896484,3.3244919776916504,3.475106954574585,12405866,0.0,0.0
2022-10-24 00:00:00+03:00,3.559999942779541,3.8064610958099365,3.494277000427246,3.7955069541931152,16535498,0.0,0.0
2022-10-25 00:00:00+03:00,3.8721840381622314,3.8721840381622314,3.5024919509887695,3.5791690349578857,10456578,0.0,0.0
2022-10-26 00:00:00+03:00,3.6092920303344727,3.6421539783477783,3.510706901550293,3.516184091567993,6393567,0.0,0.0
2022-10-27 00:00:00+03:00,3.505229949951172,3.529876947402954,3.332706928253174,3.42307710647583,8337666,0.0,0.0
2022-10-28 00:00:00+03:00,3.41759991645813,3.4422459602355957,3.368307113647461,3.41759991645813,1952260,0.0,0.0
2022-10-31 00:00:00+03:00,3.4778459072113037,3.5791690349578857,3.4668920040130615,3.505229949951172,9728863,0.0,0.0
2022-11-01 00:00:00+03:00,3.5079689025878906,3.6284608840942383,3.434030055999756,3.6147689819335938,14570914,0.0,0.0
2022-11-02 00:00:00+03:00,3.6147689819335938,3.7489540576934814,3.565476894378662,3.718830108642578,15380266,0.0,0.0
2022-11-03 00:00:00+03:00,3.7818150520324707,3.9269540309906006,3.7763381004333496,3.8009839057922363,21769839,0.0,0.0
2022-11-04 00:00:00+03:00,3.798245906829834,3.828368902206421,3.6722769737243652,3.7955069541931152,10692565,0.0,0.0
2022-11-07 00:00:00+03:00,3.7955069541931152,3.8009839057922363,3.6941840648651123,3.696923017501831,6968076,0.0,0.0
2022-11-08 00:00:00+03:00,3.688707113265991,3.6941840648651123,3.559999942779541,3.612030029296875,5699407,0.0,0.0
2022-11-09 00:00:00+03:00,3.6394150257110596,3.683229923248291,3.5627379417419434,3.5928609371185303,5153009,0.0,0.0
2022-11-10 00:00:00+03:00,3.590122938156128,3.6777539253234863,3.590122938156128,3.6092920303344727,4392239,0.0,0.0
2022-11-11 00:00:00+03:00,3.6366770267486572,3.688707113265991,3.587383985519409,3.620245933532715,6553898,0.0,0.0
2022-11-14 00:00:00+03:00,3.6147689819335938,3.7790770530700684,3.450460910797119,3.721569061279297,11098858,0.0,0.0
2022-11-15 00:00:00+03:00,3.727046012878418,3.8776609897613525,3.6147689819335938,3.8447999954223633,12362981,0.0,0.0
2022-11-16 00:00:00+03:00,3.8502769470214844,3.858491897583008,3.6750149726867676,3.683229923248291,7318492,0.0,0.0
2022-11-17 00:00:00+03:00,3.685969114303589,3.7462151050567627,3.505229949951172,3.5791690349578857,3830646,0.0,0.0
2022-11-18 00:00:00+03:00,3.6065540313720703,3.727046012878418,3.505229949951172,3.6750149726867676,6423087,0.0,0.0
2022-11-21 00:00:00+03:00,3.6750149726867676,3.768122911453247,3.6585841178894043,3.727046012878418,6024630,0.0,0.0
2022-11-22 00:00:00+03:00,3.727046012878418,3.863969087600708,3.696923017501831,3.798245906829834,7828734,0.0,0.0
2022-11-23 00:00:00+03:00,3.8009839057922363,3.825629949569702,3.617506980895996,3.721569061279297,6135535,0.0,0.0
2022-11-24 00:00:00+03:00,3.721569061279297,4.0584001541137695,3.6804919242858887,3.9762461185455322,19305594,0.0,0.0
2022-11-25 00:00:00+03:00,3.9872000217437744,4.261045932769775,3.8831379413604736,4.189846038818359,19952563,0.0,0.0
2022-11-28 00:00:00+03:00,4.192584037780762,4.299384117126465,4.069354057312012,4.107691764831543,10691531,0.0,0.0
2022-11-29 00:00:00+03:00,4.110429763793945,4.343200206756592,4.020061016082764,4.271999835968018,9961275,0.0,0.0
2022-11-30 00:00:00+03:00,4.36510705947876,4.5102458000183105,4.258306980133057,4.395230770111084,10935774,0.0,0.0
2022-12-01 00:00:00+03:00,4.521200180053711,4.545845985412598,4.329506874084473,4.343200206756592,6852883,0.0,0.0
2022-12-02 00:00:00+03:00,4.343200206756592,4.392491817474365,4.167938232421875,4.203537940979004,8339291,0.0,0.0
2022-12-05 00:00:00+03:00,4.200799942016602,4.304861068725586,4.1241230964660645,4.159722805023193,7007079,0.0,0.0
2022-12-06 00:00:00+03:00,4.176154136657715,4.2665228843688965,4.110429763793945,4.2227067947387695,6015494,0.0,0.0
2022-12-07 00:00:00+03:00,4.24187707901001,4.244615077972412,3.946122884750366,3.970768928527832,4887948,0.0,0.0
2022-12-08 00:00:00+03:00,3.9762461185455322,4.025537967681885,3.8228919506073,3.935168981552124,3295364,0.0,0.0
2022-12-09 00:00:00+03:00,3.9570770263671875,4.146029949188232,3.9570770263671875,4.118646144866943,3630611,0.0,0.0
2022-12-12 00:00:00+03:00,4.1296000480651855,4.184369087219238,4.110429763793945,4.121384143829346,4337332,0.0,0.0
2022-12-13 00:00:00+03:00,4.126861095428467,4.187107086181641,4.074830055236816,4.0803070068359375,6291024,0.0,0.0
2022-12-14 00:00:00+03:00,4.083045959472656,4.2227067947387695,4.052923202514648,4.189846038818359,10717451,0.0,0.0
2022-12-15 00:00:00+03:00,4.176154136657715,4.310338020324707,4.083045959472656,4.121384143829346,7108483,0.0,0.0
2022-12-16 00:00:00+03:00,4.121384143829346,4.176154136657715,4.102214813232422,4.107691764831543,1296611,0.0,0.0
2022-12-19 00:00:00+03:00,4.176154136657715,4.217229843139648,4.14329195022583,4.178892135620117,4714544,0.0,0.0
2022-12-20 00:00:00+03:00,4.178892135620117,4.2665228843688965,4.096737861633301,4.1816301345825195,8568197,0.0,0.0
2022-12-21 00:00:00+03:00,4.189846038818359,4.5047688484191895,4.170677185058594,4.291169166564941,16979456,0.0,0.0
2022-12-22 00:00:00+03:00,4.345938205718994,4.4390459060668945,4.211753845214844,4.261045932769775,11577890,0.0,0.0
2022-12-23 00:00:00+03:00,4.261045932769775,4.307600021362305,4.189846038818359,4.228184223175049,3772585,0.0,0.0
2022-12-26 00:00:00+03:00,4.228184223175049,4.354154109954834,4.228184223175049,4.280214786529541,5148277,0.0,0.0
2022-12-27 00:00:00+03:00,4.302123069763184,4.32676887512207,4.121384143829346,4.14329195022583,3641935,0.0,0.0
2022-12-28 00:00:00+03:00,4.137814998626709,4.23366117477417,4.000892162322998,4.022799968719482,3646634,0.0,0.0
2022-12-29 00:00:00+03:00,4.036491870880127,4.156983852386475,4.025537967681885,4.107691764831543,2058341,0.0,0.0
2022-12-30 00:00:00+03:00,4.135076999664307,4.214491844177246,4.107691764831543,4.140553951263428,2848263,0.0,0.0
2023-01-02 00:00:00+03:00,4.14329195022583,4.230923175811768,4.14329195022583,4.2254462242126465,3174906,0.0,0.0
2023-01-03 00:00:00+03:00,4.217229843139648,4.219968795776367,4.066615104675293,4.074830055236816,2975988,0.0,0.0
2023-01-04 00:00:00+03:00,4.121384143829346,4.121384143829346,3.905045986175537,3.9379069805145264,3008915,0.0,0.0
2023-01-05 00:00:00+03:00,3.9324300289154053,3.9516000747680664,3.7078769207000732,3.721569061279297,2735557,0.0,0.0
2023-01-06 00:00:00+03:00,3.6147689819335938,3.7653839588165283,3.4367690086364746,3.751692056655884,2259516,0.0,0.0
2023-01-09 00:00:00+03:00,3.833846092224121,3.86122989654541,3.587383985519409,3.622983932495117,2298480,0.0,0.0
2023-01-10 00:00:00+03:00,3.6640610694885254,3.6640610694885254,3.483323097229004,3.483323097229004,2453589,0.0,0.0
2023-01-11 00:00:00+03:00,3.4860610961914062,3.559999942779541,3.313538074493408,3.313538074493408,2125134,0.0,0.0
2023-01-12 00:00:00+03:00,3.3272299766540527,3.4860610961914062,3.176614999771118,3.4367690086364746,2433526,0.0,0.0
2023-01-13 00:00:00+03:00,3.450460910797119,3.7790770530700684,3.42307710647583,3.7790770530700684,8447352,0.0,0.0
2023-01-16 00:00:00+03:00,3.8064610958099365,3.858491897583008,3.666800022125244,3.8064610958099365,5364416,0.0,0.0
2023-01-17 00:00:00+03:00,3.8092000484466553,4.0584001541137695,3.768122911453247,3.9543380737304688,5588243,0.0,0.0
2023-01-18 00:00:00+03:00,3.9570770263671875,4.041968822479248,3.869446039199829,3.9269540309906006,3279527,0.0,0.0
2023-01-19 00:00:00+03:00,3.9269540309906006,3.970768928527832,3.863969087600708,3.863969087600708,1638609,0.0,0.0
2023-01-20 00:00:00+03:00,3.863969087600708,3.8913540840148926,3.7653839588165283,3.7736001014709473,2740644,0.0,0.0
2023-01-23 00:00:00+03:00,3.7736001014709473,3.8009839057922363,3.6448919773101807,3.716092109680176,2562570,0.0,0.0
2023-01-24 00:00:00+03:00,3.7051379680633545,3.751692056655884,3.5709540843963623,3.685969114303589,1369334,0.0,0.0
2023-01-25 00:00:00+03:00,3.685969114303589,3.7653839588165283,3.559999942779541,3.6777539253234863,1644974,0.0,0.0
2023-01-26 00:00:00+03:00,3.685969114303589,3.7653839588165283,3.620245933532715,3.6695380210876465,2847043,0.0,0.0
2023-01-27 00:00:00+03:00,3.622983932495117,3.653106927871704,3.55452299118042,3.55452299118042,1272707,0.0,0.0
2023-01-30 00:00:00+03:00,3.5572609901428223,3.87492299079895,3.5024919509887695,3.587383985519409,2500962,0.0,0.0
2023-01-31 00:00:00+03:00,3.5736920833587646,3.683229923248291,3.483323097229004,3.647629976272583,1893325,0.0,0.0
2023-02-01 00:00:00+03:00,3.6777539253234863,3.7106149196624756,3.42307710647583,3.42307710647583,1832375,0.0,0.0
2023-02-02 00:00:00+03:00,3.42307710647583,3.4915380477905273,3.22590708732605,3.381999969482422,2066160,0.0,0.0
2023-02-03 00:00:00+03:00,3.381999969482422,3.5380918979644775,3.214953899383545,3.5380918979644775,1530994,0.0,0.0
2023-02-06 00:00:00+03:00,3.5709540843963623,3.5736920833587646,3.2176918983459473,3.368307113647461,440360,0.0,0.0
2023-02-07 00:00:00+03:00,3.368307113647461,3.381999969482422,3.039691925048828,3.0670769214630127,1123674,0.0,0.0
2023-02-08 00:00:00+03:00,2.8835999965667725,2.8835999965667725,2.8835999965667725,2.8835999965667725,1825,0.0,0.0
2023-02-15 00:00:00+03:00,3.069814920425415,3.3546149730682373,3.069814920425415,3.343661069869995,1548785,0.0,0.0
2023-02-16 00:00:00+03:00,3.4203379154205322,3.510706901550293,3.201261043548584,3.2231690883636475,2201118,0.0,0.0
2023-02-17 00:00:00+03:00,3.2231690883636475,3.3272299766540527,3.1026771068573,3.3272299766540527,1580515,0.0,0.0
2023-02-20 00:00:00+03:00,3.3272299766540527,3.392954111099243,3.171138048171997,3.310800075531006,1182488,0.0,0.0
2023-02-21 00:00:00+03:00,3.3244919776916504,3.349138021469116,3.247814893722534,3.297106981277466,2010592,0.0,0.0
2023-02-22 00:00:00+03:00,3.28615403175354,3.310800075531006,3.2286460399627686,3.28615403175354,1083947,0.0,0.0
2023-02-23 00:00:00+03:00,3.297106981277466,3.3409230709075928,3.245076894760132,3.2587690353393555,1602209,0.0,0.0
2023-02-24 00:00:00+03:00,3.584645986557007,3.584645986557007,3.3409230709075928,3.3710460662841797,9678963,0.0,0.0
2023-02-27 00:00:00+03:00,3.321753978729248,3.412122964859009,3.2998459339141846,3.373784065246582,3028390,0.0,0.0
2023-02-28 00:00:00+03:00,3.373784065246582,3.4778459072113037,3.351876974105835,3.41759991645813,2820313,0.0,0.0
2023-03-01 00:00:00+03:00,3.41759991645813,3.524399995803833,3.3902149200439453,3.505229949951172,2911532,0.0,0.0
2023-03-02 00:00:00+03:00,3.505229949951172,3.55452299118042,3.444983959197998,3.480583906173706,1850133,0.0,0.0
2023-03-03 00:00:00+03:00,3.480583906173706,3.5326149463653564,3.4066460132598877,3.447722911834717,1701568,0.0,0.0
2023-03-06 00:00:00+03:00,3.4559381008148193,3.5216610431671143,3.4367690086364746,3.480583906173706,1831038,0.0,0.0
2023-03-07 00:00:00+03:00,3.4915380477905273,3.7407379150390625,3.4860610961914062,3.584645986557007,6283779,0.0,0.0
2023-03-08 00:00:00+03:00,3.587383985519409,3.940645933151245,3.549046039581299,3.940645933151245,11839606,0.0,0.0
2023-03-09 00:00:00+03:00,4.006369113922119,4.236400127410889,3.8092000484466553,3.9023070335388184,21131856,0.0,0.0
2023-03-10 00:00:00+03:00,3.905045986175537,3.9187378883361816,3.7462151050567627,3.790030002593994,5790900,0.0,0.0
2023-03-13 00:00:00+03:00,3.787292003631592,3.9680299758911133,3.601077079772949,3.8146770000457764,4075350,0.0,0.0
2023-03-14 00:00:00+03:00,3.8146770000457764,3.8475379943847656,3.6695380210876465,3.696923017501831,2846251,0.0,0.0
2023-03-15 00:00:00+03:00,3.696923017501831,3.732522964477539,3.524399995803833,3.581907033920288,2115928,0.0,0.0
2023-03-16 00:00:00+03:00,3.581907033920288,3.631200075149536,3.5435690879821777,3.549046039581299,2388048,0.0,0.0
2023-03-17 00:00:00+03:00,3.5627379417419434,3.631200075149536,3.464154005050659,3.469630002975464,2466691,0.0,0.0
2023-03-20 00:00:00+03:00,3.469630002975464,3.7462151050567627,3.4367690086364746,3.5709540843963623,5294921,0.0,0.0
2023-03-21 00:00:00+03:00,3.6284608840942383,3.6394150257110596,3.447722911834717,3.488800048828125,2017797,0.0,0.0
2023-03-22 00:00:00+03:00,3.494277000427246,3.5380918979644775,3.4778459072113037,3.499753952026367,1307270,0.0,0.0
2023-03-23 00:00:00+03:00,3.499753952026367,3.54082989692688,3.453200101852417,3.4668920040130615,1348406,0.0,0.0
2023-03-24 00:00:00+03:00,3.4668920040130615,3.4915380477905273,3.439507007598877,3.453200101852417,1459845,0.0,0.0
2023-03-27 00:00:00+03:00,3.4614150524139404,3.4915380477905273,3.2888920307159424,3.403907060623169,1712508,0.0,0.0
2023-03-28 00:00:00+03:00,3.41759991645813,3.480583906173706,3.2998459339141846,3.338184118270874,2069753,0.0,0.0
2023-03-29 00:00:00+03:00,3.2998459339141846,3.376523017883301,3.2039999961853027,3.3628299236297607,2225457,0.0,0.0
2023-03-30 00:00:00+03:00,3.384737968444824,3.4778459072113037,3.316277027130127,3.349138021469116,2059123,0.0,0.0
2023-03-31 00:00:00+03:00,3.464154005050659,3.631200075149536,3.343661069869995,3.412122964859009,12366110,0.0,0.0
2023-04-03 00:00:00+03:00,3.4258151054382324,3.4258151054382324,3.2176918983459473,3.321753978729248,4221052,0.0,0.0
2023-04-04 00:00:00+03:00,3.3190150260925293,3.346400022506714,3.2751998901367188,3.321753978729248,2121066,0.0,0.0
2023-04-05 00:00:00+03:00,3.3190150260925293,3.346400022506714,3.2751998901367188,3.28615403175354,2626770,0.0,0.0
2023-04-06 00:00:00+03:00,3.3354458808898926,3.3354458808898926,3.280677080154419,3.2888920307159424,1894319,0.0,0.0
2023-04-07 00:00:00+03:00,3.2943689823150635,3.346400022506714,3.28615403175354,3.2916300296783447,3578162,0.0,0.0
2023-04-10 00:00:00+03:00,3.2943689823150635,3.3354458808898926,3.28615403175354,3.313538074493408,4273936,0.0,0.0
2023-04-11 00:00:00+03:00,3.3244919776916504,3.4203379154205322,3.310800075531006,3.357353925704956,7648239,0.0,0.0
2023-04-12 00:00:00+03:00,3.357353925704956,3.392954111099243,3.3272299766540527,3.3354458808898926,3356570,0.0,0.0
2023-04-13 00:00:00+03:00,3.3354458808898926,3.3546149730682373,3.2888920307159424,3.297106981277466,2719063,0.0,0.0
2023-04-14 00:00:00+03:00,3.310800075531006,3.3272299766540527,3.266983985900879,3.2888920307159424,2906339,0.0,0.0
2023-04-17 00:00:00+03:00,3.3190150260925293,3.332706928253174,3.231384038925171,3.231384038925171,2801076,0.0,0.0
2023-04-18 00:00:00+03:00,3.242337942123413,3.2532920837402344,3.1985230445861816,3.22590708732605,2733388,0.0,0.0
2023-04-19 00:00:00+03:00,3.236860990524292,3.250554084777832,3.2039999961853027,3.236860990524292,1077802,0.0,0.0
2023-04-20 00:00:00+03:00,3.2560300827026367,3.2560300827026367,3.206737995147705,3.209476947784424,443906,0.0,0.0
2023-04-24 00:00:00+03:00,3.22590708732605,3.2532920837402344,3.206737995147705,3.2231690883636475,1562103,0.0,0.0
2023-04-25 00:00:00+03:00,3.2204298973083496,3.2724609375,3.138277053833008,3.165661096572876,2384477,0.0,0.0
2023-04-26 00:00:00+03:00,3.165661096572876,3.2039999961853027,3.0479071140289307,3.0506460666656494,1762719,0.0,0.0
2023-04-27 00:00:00+03:00,3.22590708732605,3.280677080154419,3.0971999168395996,3.135538101196289,6219269,0.0,0.0
2023-04-28 00:00:00+03:00,3.135538101196289,3.245076894760132,3.0670769214630127,3.0889840126037598,2263186,0.0,0.0
2023-05-02 00:00:00+03:00,3.0889840126037598,3.0889840126037598,2.82061505317688,2.9849228858947754,3045801,0.0,0.0
2023-05-03 00:00:00+03:00,2.9821839332580566,3.0123069286346436,2.82061505317688,2.8425230979919434,1678278,0.0,0.0
2023-05-04 00:00:00+03:00,2.8069229125976562,2.9109840393066406,2.8069229125976562,2.8343069553375244,1627884,0.0,0.0
2023-05-05 00:00:00+03:00,2.837045907974243,3.0670769214630127,2.7439379692077637,2.9000298976898193,5394773,0.0,0.0
2023-05-08 00:00:00+03:00,2.9821839332580566,3.0424299240112305,2.8945529460906982,2.9356300830841064,1446604,0.0,0.0
2023-05-09 00:00:00+03:00,2.9356300830841064,2.9356300830841064,2.826092004776001,2.856215000152588,3137772,0.0,0.0
2023-05-10 00:00:00+03:00,2.856215000152588,2.8589529991149902,2.7576301097869873,2.7795379161834717,1780634,0.0,0.0
2023-05-11 00:00:00+03:00,2.8753840923309326,2.8835999965667725,2.787753105163574,2.8753840923309326,3240983,0.0,0.0
2023-05-12 00:00:00+03:00,2.8753840923309326,2.8890769481658936,2.801445960998535,2.815138101577759,1629115,0.0,0.0
2023-05-15 00:00:00+03:00,2.801445960998535,2.957537889480591,2.754892110824585,2.8041839599609375,1865390,0.0,0.0
2023-05-16 00:00:00+03:00,2.8124001026153564,2.861691951751709,2.7932300567626953,2.8233530521392822,1648345,0.0,0.0
2023-05-17 00:00:00+03:00,2.8233530521392822,2.8945529460906982,2.8233530521392822,2.8753840923309326,2171836,0.0,0.0
2023-05-18 00:00:00+03:00,2.8753840923309326,2.968492031097412,2.8343069553375244,2.927414894104004,6178373,0.0,0.0
2023-05-22 00:00:00+03:00,2.9301540851593018,3.009568929672241,2.8753840923309326,2.8945529460906982,3320145,0.0,0.0
2023-05-23 00:00:00+03:00,2.8945529460906982,2.9301540851593018,2.826092004776001,2.8534770011901855,2713673,0.0,0.0
2023-05-24 00:00:00+03:00,2.8890769481658936,2.9000298976898193,2.8096609115600586,2.8753840923309326,2139869,0.0,0.0
2023-05-25 00:00:00+03:00,2.8835999965667725,2.963015079498291,2.8480000495910645,2.921937942504883,1391682,0.0,0.0
2023-05-26 00:00:00+03:00,2.921937942504883,3.1328001022338867,2.8808610439300537,2.9849228858947754,6995562,0.0,0.0
2023-05-29 00:00:00+03:00,3.009568929672241,3.0506460666656494,2.9849228858947754,3.0314769744873047,4175943,0.0,0.0
2023-05-30 00:00:00+03:00,3.0314769744873047,3.138277053833008,3.0260000228881836,3.1273229122161865,4495359,0.0,0.0
2023-05-31 00:00:00+03:00,3.143754005432129,3.1492300033569336,3.072554111480713,3.094460964202881,2930269,0.0,0.0
2023-06-01 00:00:00+03:00,3.1218459606170654,3.176614999771118,3.094460964202881,3.1492300033569336,2166654,0.0,0.0
2023-06-02 00:00:00+03:00,3.1492300033569336,3.2204298973083496,3.1163690090179443,3.171138048171997,2688513,0.0,0.0
2023-06-05 00:00:00+03:00,3.1820919513702393,3.261507034301758,3.1820919513702393,3.247814893722534,2931981,0.0,0.0
2023-06-06 00:00:00+03:00,3.2532920837402344,3.2724609375,3.160183906555176,3.206737995147705,2597834,0.0,0.0
2023-06-07 00:00:00+03:00,3.2231690883636475,3.3299689292907715,3.212214946746826,3.2751998901367188,3618023,0.0,0.0
2023-06-08 00:00:00+03:00,3.2751998901367188,3.357353925704956,3.201261043548584,3.2231690883636475,2610783,0.0,0.0
2023-06-09 00:00:00+03:00,3.231384038925171,3.3546149730682373,3.2231690883636475,3.346400022506714,2838991,0.0,0.0
2023-06-12 00:00:00+03:00,3.3354458808898926,3.42307710647583,3.3053228855133057,3.310800075531006,2992775,0.0,0.0
2023-06-13 00:00:00+03:00,3.316277027130127,3.3354458808898926,3.1875689029693604,3.1875689029693604,2125558,0.0,0.0
2023-06-14 00:00:00+03:00,3.1875689029693604,3.2642459869384766,3.028738021850586,3.14101505279541,2284797,0.0,0.0
2023-06-15 00:00:00+03:00,3.14101505279541,3.2532920837402344,3.094460964202881,3.1985230445861816,4959474,0.0,0.0
2023-06-16 00:00:00+03:00,3.1930460929870605,3.332706928253174,3.1903069019317627,3.2560300827026367,5343737,0.0,0.0
2023-06-19 00:00:00+03:00,3.2587690353393555,3.2751998901367188,3.094460964202881,3.1492300033569336,2653957,0.0,0.0
2023-06-20 00:00:00+03:00,3.1492300033569336,3.2231690883636475,3.0807690620422363,3.1245839595794678,2096304,0.0,0.0
2023-06-21 00:00:00+03:00,3.1574459075927734,3.195784091949463,3.0752921104431152,3.1245839595794678,2141326,0.0,0.0
2023-06-22 00:00:00+03:00,3.28615403175354,3.3409230709075928,3.1985230445861816,3.2204298973083496,8159818,0.0,0.0
2023-06-23 00:00:00+03:00,3.3272299766540527,3.54082989692688,3.2560300827026367,3.54082989692688,12405687,0.0,0.0
2023-06-26 00:00:00+03:00,3.6050000190734863,3.805000066757202,3.6050000190734863,3.625,11366078,0.0,1.8258426
2023-06-27 00:00:00+03:00,3.700000047683716,3.9749999046325684,3.5999999046325684,3.9049999713897705,4684438,0.0,0.0
2023-07-03 00:00:00+03:00,4.050000190734863,4.144999980926514,3.950000047683716,4.039999961853027,7187760,0.0,0.0
2023-07-04 00:00:00+03:00,4.019999980926514,4.039999961853027,3.9000000953674316,3.944999933242798,4700218,0.0,0.0
2023-07-05 00:00:00+03:00,4.03000020980835,4.03000020980835,3.934999942779541,3.990000009536743,4683248,0.0,0.0
2023-07-06 00:00:00+03:00,3.950000047683716,4.0,3.8949999809265137,3.924999952316284,4685916,0.0,0.0
2023-07-07 00:00:00+03:00,3.9749999046325684,3.9800000190734863,3.884999990463257,3.934999942779541,3544712,0.0,0.0
2023-07-10 00:00:00+03:00,3.944999933242798,4.090000152587891,3.934999942779541,4.074999809265137,6028730,0.0,0.0
2023-07-11 00:00:00+03:00,4.105000019073486,4.335000038146973,3.924999952316284,4.224999904632568,10493522,0.0,0.0
2023-07-12 00:00:00+03:00,4.224999904632568,4.275000095367432,4.065000057220459,4.135000228881836,4533382,0.0,0.0
2023-07-13 00:00:00+03:00,4.15500020980835,4.224999904632568,4.019999980926514,4.034999847412109,4828258,0.0,0.0
2023-07-14 00:00:00+03:00,4.034999847412109,4.184999942779541,3.9749999046325684,4.09499979019165,6144442,0.0,0.0
2023-07-17 00:00:00+03:00,4.150000095367432,4.195000171661377,4.09499979019165,4.114999771118164,5173316,0.0,0.0
2023-07-18 00:00:00+03:00,4.144999980926514,4.15500020980835,3.9549999237060547,3.9549999237060547,4748566,0.0,0.0
2023-07-19 00:00:00+03:00,4.010000228881836,4.019999980926514,3.924999952316284,4.010000228881836,2481742,0.0,0.0
2023-07-20 00:00:00+03:00,4.019999980926514,4.059999942779541,3.9600000381469727,4.010000228881836,2833712,0.0,0.0
2023-07-21 00:00:00+03:00,4.019999980926514,4.170000076293945,3.9649999141693115,4.144999980926514,8975934,0.0,0.0
2023-07-24 00:00:00+03:00,4.199999809265137,4.375,4.090000152587891,4.230000019073486,10723362,0.0,0.0
2023-07-25 00:00:00+03:00,4.275000095367432,4.309999942779541,4.090000152587891,4.119999885559082,4217158,0.0,0.0
2023-07-26 00:00:00+03:00,4.235000133514404,4.275000095367432,4.125,4.269999980926514,5744072,0.0,0.0
2023-07-27 00:00:00+03:00,4.34499979019165,4.34499979019165,4.195000171661377,4.289999961853027,5071300,0.0,0.0
2023-07-28 00:00:00+03:00,4.275000095367432,4.389999866485596,4.235000133514404,4.244999885559082,6773130,0.0,0.0
2023-07-31 00:00:00+03:00,4.25,4.28000020980835,4.125,4.224999904632568,5009696,0.0,0.0
2023-08-01 00:00:00+03:00,4.224999904632568,4.25,4.139999866485596,4.170000076293945,3491204,0.0,0.0
2023-08-02 00:00:00+03:00,4.164999961853027,4.269999980926514,4.125,4.164999961853027,4792218,0.0,0.0
2023-08-03 00:00:00+03:00,4.164999961853027,4.210000038146973,4.090000152587891,4.114999771118164,4677640,0.0,0.0
2023-08-04 00:00:00+03:00,4.15500020980835,4.25,3.950000047683716,4.210000038146973,4490886,0.0,0.0
2023-08-07 00:00:00+03:00,4.255000114440918,4.460000038146973,4.135000228881836,4.434999942779541,10181744,0.0,0.0
2023-08-08 00:00:00+03:00,4.679999828338623,4.849999904632568,4.639999866485596,4.724999904632568,18026138,0.0,0.0
2023-08-09 00:00:00+03:00,4.900000095367432,4.974999904632568,4.704999923706055,4.75,11209620,0.0,0.0
2023-08-10 00:00:00+03:00,4.829999923706055,4.829999923706055,4.425000190734863,4.559999942779541,9940062,0.0,0.0
2023-08-11 00:00:00+03:00,4.545000076293945,4.679999828338623,4.449999809265137,4.65500020980835,3975460,0.0,0.0
2023-08-14 00:00:00+03:00,4.699999809265137,4.945000171661377,4.690000057220459,4.75,7327192,0.0,0.0
2023-08-15 00:00:00+03:00,4.724999904632568,4.800000190734863,4.505000114440918,4.684999942779541,3712762,0.0,0.0
2023-08-16 00:00:00+03:00,4.739999771118164,4.875,4.625,4.875,6762040,0.0,0.0
2023-08-17 00:00:00+03:00,4.894999980926514,4.925000190734863,4.755000114440918,4.804999828338623,5074528,0.0,0.0
2023-08-18 00:00:00+03:00,4.809999942779541,4.855000019073486,4.59499979019165,4.65500020980835,5516006,0.0,0.0
2023-08-21 00:00:00+03:00,4.690000057220459,4.735000133514404,4.599999904632568,4.699999809265137,4849208,0.0,0.0
2023-08-22 00:00:00+03:00,4.769999980926514,5.144999980926514,4.75,5.144999980926514,11066468,0.0,0.0
2023-08-23 00:00:00+03:00,5.144999980926514,5.480000019073486,5.0,5.065000057220459,8869706,0.0,0.0
2023-08-24 00:00:00+03:00,5.079999923706055,5.269999980926514,4.804999828338623,4.804999828338623,9255290,0.0,0.0
2023-08-25 00:00:00+03:00,4.800000190734863,4.900000095367432,4.599999904632568,4.849999904632568,4294900,0.0,0.0
2023-08-28 00:00:00+03:00,4.875,5.090000152587891,4.875,4.954999923706055,4330720,0.0,0.0
2023-08-29 00:00:00+03:00,4.989999771118164,5.025000095367432,4.78000020980835,4.840000152587891,4544474,0.0,0.0
2023-08-31 00:00:00+03:00,4.849999904632568,4.960000038146973,4.815000057220459,4.90500020980835,3715638,0.0,0.0
2023-09-01 00:00:00+03:00,4.925000190734863,5.175000190734863,4.925000190734863,5.09499979019165,8332236,0.0,0.0
2023-09-04 00:00:00+03:00,5.09499979019165,5.295000076293945,5.014999866485596,5.065000057220459,7261154,0.0,0.0
2023-09-05 00:00:00+03:00,5.065000057220459,5.099999904632568,4.985000133514404,5.045000076293945,3967534,0.0,0.0
2023-09-06 00:00:00+03:00,5.090000152587891,5.130000114440918,4.960000038146973,5.059999942779541,5136972,0.0,0.0
2023-09-07 00:00:00+03:00,5.059999942779541,5.159999847412109,5.005000114440918,5.125,5475036,0.0,0.0
2023-09-08 00:00:00+03:00,5.15500020980835,5.360000133514404,5.039999961853027,5.300000190734863,6184702,0.0,0.0
2023-09-11 00:00:00+03:00,5.5,5.829999923706055,5.5,5.829999923706055,14080584,0.0,0.0
2023-09-12 00:00:00+03:00,6.164999961853027,6.409999847412109,5.829999923706055,5.829999923706055,33054654,0.0,0.0
2023-09-13 00:00:00+03:00,5.829999923706055,6.0,5.539999961853027,5.614999771118164,10510210,0.0,0.0
2023-09-14 00:00:00+03:00,5.614999771118164,5.764999866485596,5.375,5.525000095367432,7632680,0.0,0.0
2023-09-15 00:00:00+03:00,5.650000095367432,5.764999866485596,5.53000020980835,5.539999961853027,4354620,0.0,0.0
2023-09-18 00:00:00+03:00,5.534999847412109,5.610000133514404,5.295000076293945,5.364999771118164,3933874,0.0,0.0
2023-09-19 00:00:00+03:00,5.414999961853027,5.445000171661377,5.28000020980835,5.375,2834168,0.0,0.0
2023-09-20 00:00:00+03:00,5.389999866485596,5.894999980926514,5.150000095367432,5.420000076293945,10121394,0.0,0.0
2023-09-21 00:00:00+03:00,5.625,5.889999866485596,5.510000228881836,5.800000190734863,8215008,0.0,0.0
2023-09-22 00:00:00+03:00,5.809999942779541,6.15500020980835,5.684999942779541,5.96999979019165,6273078,0.0,0.0
2023-09-25 00:00:00+03:00,6.045000076293945,6.489999771118164,6.045000076293945,6.380000114440918,7155136,0.0,0.0
2023-09-26 00:00:00+03:00,6.380000114440918,6.599999904632568,6.130000114440918,6.204999923706055,6348192,0.0,0.0
2023-09-27 00:00:00+03:00,6.215000152587891,6.550000190734863,6.204999923706055,6.244999885559082,6387448,0.0,0.0
2023-09-28 00:00:00+03:00,6.244999885559082,6.289999961853027,6.059999942779541,6.090000152587891,4433852,0.0,0.0
2023-09-29 00:00:00+03:00,6.099999904632568,6.255000114440918,6.074999809265137,6.21999979019165,5051936,0.0,0.0
2023-10-02 00:00:00+03:00,6.21999979019165,6.235000133514404,6.125,6.170000076293945,6067052,0.0,0.0
2023-10-03 00:00:00+03:00,6.170000076293945,6.195000171661377,6.03000020980835,6.074999809265137,4728654,0.0,0.0
2023-10-04 00:00:00+03:00,6.074999809265137,6.230000019073486,5.994999885559082,6.059999942779541,5002558,0.0,0.0
2023-10-05 00:00:00+03:00,6.079999923706055,6.164999961853027,5.800000190734863,6.0,4629770,0.0,0.0
2023-10-06 00:00:00+03:00,5.965000152587891,6.400000095367432,5.920000076293945,6.364999771118164,7849334,0.0,0.0
2023-10-09 00:00:00+03:00,6.199999809265137,6.275000095367432,5.885000228881836,5.929999828338623,5568600,0.0,0.0
2023-10-10 00:00:00+03:00,5.980000019073486,6.125,5.965000152587891,6.09499979019165,4442324,0.0,0.0
2023-10-11 00:00:00+03:00,6.09499979019165,6.105000019073486,5.804999828338623,5.804999828338623,3067306,0.0,0.0
2023-10-12 00:00:00+03:00,5.889999866485596,6.054999828338623,5.525000095367432,5.684999942779541,4030438,0.0,0.0
2023-10-13 00:00:00+03:00,5.684999942779541,5.684999942779541,5.449999809265137,5.525000095367432,2443292,0.0,0.0
2023-10-16 00:00:00+03:00,5.53000020980835,5.699999809265137,5.269999980926514,5.269999980926514,2461348,0.0,0.0
2023-10-17 00:00:00+03:00,5.284999847412109,5.489999771118164,5.269999980926514,5.489999771118164,2089334,0.0,0.0
2023-10-18 00:00:00+03:00,5.369999885559082,5.434999942779541,5.204999923706055,5.21999979019165,1208412,0.0,0.0
2023-10-19 00:00:00+03:00,5.230000019073486,5.349999904632568,5.130000114440918,5.170000076293945,2342174,0.0,0.0
2023-10-20 00:00:00+03:00,5.059999942779541,5.239999771118164,4.885000228881836,4.945000171661377,2502462,0.0,0.0
2023-10-23 00:00:00+03:00,5.0,5.320000171661377,4.985000133514404,5.150000095367432,2688452,0.0,0.0
2023-10-24 00:00:00+03:00,5.150000095367432,5.550000190734863,4.900000095367432,5.449999809265137,3354550,0.0,0.0
2023-10-25 00:00:00+03:00,5.449999809265137,5.525000095367432,5.110000133514404,5.110000133514404,1774304,0.0,0.0
2023-10-26 00:00:00+03:00,5.125,5.364999771118164,5.0,5.204999923706055,2267634,0.0,0.0
2023-10-27 00:00:00+03:00,5.204999923706055,5.260000228881836,5.054999828338623,5.179999828338623,1326038,0.0,0.0
2023-10-30 00:00:00+03:00,5.170000076293945,5.269999980926514,5.119999885559082,5.170000076293945,2033834,0.0,0.0
2023-10-31 00:00:00+03:00,5.25,5.449999809265137,5.03000020980835,5.065000057220459,3121490,0.0,0.0
2023-11-01 00:00:00+03:00,5.125,5.144999980926514,4.875,5.010000228881836,2736060,0.0,0.0
2023-11-02 00:00:00+03:00,5.125,5.175000190734863,4.985000133514404,5.010000228881836,1569096,0.0,0.0
2023-11-03 00:00:00+03:00,5.070000171661377,5.070000171661377,4.914999961853027,5.0,1578142,0.0,0.0
2023-11-06 00:00:00+03:00,5.054999828338623,5.150000095367432,5.039999961853027,5.090000152587891,2553216,0.0,0.0
2023-11-07 00:00:00+03:00,5.090000152587891,5.184999942779541,5.045000076293945,5.070000171661377,2910816,0.0,0.0
2023-11-08 00:00:00+03:00,5.085000038146973,5.304999828338623,5.085000038146973,5.230000019073486,3757992,0.0,0.0
2023-11-09 00:00:00+03:00,5.230000019073486,5.349999904632568,5.079999923706055,5.269999980926514,2585374,0.0,0.0
2023-11-10 00:00:00+03:00,5.269999980926514,5.315000057220459,5.175000190734863,5.190000057220459,1348176,0.0,0.0
2023-11-13 00:00:00+03:00,5.215000152587891,5.704999923706055,5.085000038146973,5.09499979019165,3168888,0.0,0.0
2023-11-14 00:00:00+03:00,5.09499979019165,5.105000019073486,5.005000114440918,5.070000171661377,1417270,0.0,0.0
2023-11-15 00:00:00+03:00,5.125,5.139999866485596,5.0,5.025000095367432,1650506,0.0,0.0
2023-11-16 00:00:00+03:00,5.244999885559082,5.269999980926514,5.054999828338623,5.059999942779541,3461322,0.0,0.0
2023-11-17 00:00:00+03:00,5.079999923706055,5.195000171661377,5.050000190734863,5.164999961853027,2820796,0.0,0.0
2023-11-20 00:00:00+03:00,5.184999942779541,5.300000190734863,5.184999942779541,5.25,2993894,0.0,0.0
2023-11-21 00:00:00+03:00,5.255000114440918,5.340000152587891,5.21999979019165,5.275000095367432,2269410,0.0,0.0
2023-11-22 00:00:00+03:00,5.284999847412109,5.369999885559082,5.260000228881836,5.275000095367432,2163476,0.0,0.0
2023-11-23 00:00:00+03:00,5.309999942779541,5.340000152587891,5.210000038146973,5.224999904632568,2364620,0.0,0.0
2023-11-24 00:00:00+03:00,5.190000057220459,5.690000057220459,5.190000057220459,5.315000057220459,9223852,0.0,0.0
2023-11-27 00:00:00+03:00,5.349999904632568,5.795000076293945,5.340000152587891,5.644999980926514,9619560,0.0,0.0
2023-11-28 00:00:00+03:00,5.675000190734863,5.945000171661377,5.5,5.550000190734863,6362088,0.0,0.0
2023-11-29 00:00:00+03:00,5.619999885559082,5.639999866485596,5.349999904632568,5.389999866485596,3224314,0.0,0.0
2023-11-30 00:00:00+03:00,5.389999866485596,5.570000171661377,5.255000114440918,5.559999942779541,3346316,0.0,0.0
2023-12-01 00:00:00+03:00,5.610000133514404,5.650000095367432,5.329999923706055,5.369999885559082,2371040,0.0,0.0
2023-12-04 00:00:00+03:00,5.400000095367432,5.434999942779541,5.289999961853027,5.329999923706055,2314366,0.0,0.0
2023-12-05 00:00:00+03:00,5.329999923706055,5.434999942779541,5.315000057220459,5.429999828338623,1760906,0.0,0.0
2023-12-06 00:00:00+03:00,5.440000057220459,5.5,5.15500020980835,5.15500020980835,2548830,0.0,0.0
2023-12-07 00:00:00+03:00,5.195000171661377,5.224999904632568,5.065000057220459,5.15500020980835,1655034,0.0,0.0
2023-12-08 00:00:00+03:00,5.170000076293945,5.215000152587891,5.110000133514404,5.144999980926514,1971144,0.0,0.0
2023-12-11 00:00:00+03:00,5.144999980926514,5.190000057220459,4.860000133514404,4.860000133514404,2109056,0.0,0.0
2023-12-12 00:00:00+03:00,4.940000057220459,4.940000057220459,4.769999980926514,4.840000152587891,1520574,0.0,0.0
2023-12-13 00:00:00+03:00,4.840000152587891,4.889999866485596,4.5,4.5,1504208,0.0,0.0
2023-12-14 00:00:00+03:00,4.510000228881836,4.800000190734863,4.505000114440918,4.695000171661377,1604482,0.0,0.0
2023-12-15 00:00:00+03:00,4.695000171661377,4.784999847412109,4.650000095367432,4.775000095367432,1467862,0.0,0.0
2023-12-18 00:00:00+03:00,4.775000095367432,4.795000076293945,4.644999980926514,4.644999980926514,1262962,0.0,0.0
2023-12-19 00:00:00+03:00,4.525000095367432,4.75,4.505000114440918,4.65500020980835,932784,0.0,0.0
2023-12-20 00:00:00+03:00,4.65500020980835,4.744999885559082,4.590000152587891,4.610000133514404,607086,0.0,0.0
2023-12-21 00:00:00+03:00,4.605000019073486,4.675000190734863,4.554999828338623,4.659999847412109,711484,0.0,0.0
2023-12-22 00:00:00+03:00,4.619999885559082,4.679999828338623,4.53000020980835,4.545000076293945,1028464,0.0,0.0
2023-12-25 00:00:00+03:00,4.550000190734863,4.550000190734863,4.335000038146973,4.375,1033256,0.0,0.0
2023-12-26 00:00:00+03:00,4.385000228881836,4.5,4.320000171661377,4.369999885559082,1207374,0.0,0.0
2023-12-27 00:00:00+03:00,4.400000095367432,4.449999809265137,4.320000171661377,4.349999904632568,1248900,0.0,0.0
2023-12-28 00:00:00+03:00,4.360000133514404,4.550000190734863,4.360000133514404,4.550000190734863,1021946,0.0,0.0
2023-12-29 00:00:00+03:00,4.644999980926514,4.730000019073486,4.53000020980835,4.724999904632568,762868,0.0,0.0
2024-01-02 00:00:00+03:00,4.659999847412109,4.869999885559082,4.659999847412109,4.795000076293945,1655370,0.0,0.0
2024-01-03 00:00:00+03:00,4.795000076293945,4.809999942779541,4.460000038146973,4.460000038146973,1522380,0.0,0.0
2024-01-04 00:00:00+03:00,4.570000171661377,4.65500020980835,4.460000038146973,4.619999885559082,1687280,0.0,0.0
2024-01-05 00:00:00+03:00,4.614999771118164,4.695000171661377,4.590000152587891,4.684999942779541,1012818,0.0,0.0
2024-01-08 00:00:00+03:00,4.690000057220459,5.150000095367432,4.679999828338623,4.965000152587891,10623552,0.0,0.0
2024-01-09 00:00:00+03:00,4.965000152587891,4.989999771118164,4.690000057220459,4.804999828338623,3228604,0.0,0.0
2024-01-10 00:00:00+03:00,4.784999847412109,4.784999847412109,4.644999980926514,4.715000152587891,2473124,0.0,0.0
2024-01-11 00:00:00+03:00,4.715000152587891,4.75,4.480000019073486,4.684999942779541,2212244,0.0,0.0
2024-01-12 00:00:00+03:00,4.650000095367432,4.71999979019165,4.579999923706055,4.670000076293945,2690926,0.0,0.0
2024-01-15 00:00:00+03:00,4.670000076293945,4.760000228881836,4.650000095367432,4.684999942779541,2237088,0.0,0.0
2024-01-16 00:00:00+03:00,4.684999942779541,4.735000133514404,4.659999847412109,4.724999904632568,2592878,0.0,0.0
2024-01-17 00:00:00+03:00,4.715000152587891,4.804999828338623,4.679999828338623,4.789999961853027,2265762,0.0,0.0
2024-01-18 00:00:00+03:00,4.815000057220459,4.849999904632568,4.695000171661377,4.764999866485596,3016064,0.0,0.0
2024-01-19 00:00:00+03:00,4.75,4.920000076293945,4.704999923706055,4.744999885559082,2342876,0.0,0.0
2024-01-22 00:00:00+03:00,4.739999771118164,4.949999809265137,4.710000038146973,4.889999866485596,4428950,0.0,0.0
2024-01-23 00:00:00+03:00,4.889999866485596,4.949999809265137,4.775000095367432,4.775000095367432,2810596,0.0,0.0
2024-01-24 00:00:00+03:00,4.78000020980835,4.849999904632568,4.75,4.84499979019165,1760398,0.0,0.0
2024-01-25 00:00:00+03:00,4.875,4.974999904632568,4.849999904632568,4.940000057220459,2402090,0.0,0.0
2024-01-26 00:00:00+03:00,4.940000057220459,5.045000076293945,4.889999866485596,5.005000114440918,2458954,0.0,0.0
2024-01-29 00:00:00+03:00,5.050000190734863,5.119999885559082,4.989999771118164,5.014999866485596,2489910,0.0,0.0
2024-01-30 00:00:00+03:00,5.019999980926514,5.059999942779541,4.920000076293945,5.019999980926514,1797604,0.0,0.0
2024-01-31 00:00:00+03:00,5.019999980926514,5.105000019073486,4.96999979019165,5.065000057220459,2017738,0.0,0.0
2024-02-01 00:00:00+03:00,5.070000171661377,5.195000171661377,5.050000190734863,5.184999942779541,3934972,0.0,0.0
2024-02-02 00:00:00+03:00,5.184999942779541,5.210000038146973,5.039999961853027,5.039999961853027,4776198,0.0,0.0
2024-02-05 00:00:00+03:00,5.03000020980835,5.144999980926514,4.989999771118164,5.144999980926514,3195366,0.0,0.0
2024-02-06 00:00:00+03:00,5.144999980926514,5.295000076293945,5.085000038146973,5.239999771118164,3248306,0.0,0.0
2024-02-07 00:00:00+03:00,5.255000114440918,5.364999771118164,5.195000171661377,5.260000228881836,3481362,0.0,0.0
2024-02-08 00:00:00+03:00,5.269999980926514,5.400000095367432,5.190000057220459,5.364999771118164,3931154,0.0,0.0
2024-02-09 00:00:00+03:00,5.385000228881836,5.425000190734863,5.260000228881836,5.369999885559082,2084782,0.0,0.0
2024-02-12 00:00:00+03:00,5.425000190734863,5.735000133514404,5.40500020980835,5.474999904632568,6320562,0.0,0.0
2024-02-13 00:00:00+03:00,5.480000019073486,5.670000076293945,5.400000095367432,5.445000171661377,3846000,0.0,0.0
2024-02-14 00:00:00+03:00,5.460000038146973,5.775000095367432,5.355000019073486,5.724999904632568,4056580,0.0,0.0
2024-02-15 00:00:00+03:00,5.75,5.974999904632568,5.739999771118164,5.800000190734863,4698312,0.0,0.0
2024-02-16 00:00:00+03:00,5.804999828338623,5.960000038146973,5.75,5.960000038146973,3060956,0.0,0.0
2024-02-19 00:00:00+03:00,6.014999866485596,6.260000228881836,5.775000095367432,5.775000095367432,5220882,0.0,0.0
2024-02-20 00:00:00+03:00,5.795000076293945,6.0,5.704999923706055,5.855000019073486,2600476,0.0,0.0
2024-02-21 00:00:00+03:00,5.900000095367432,5.900000095367432,5.519999980926514,5.644999980926514,3404340,0.0,0.0
2024-02-22 00:00:00+03:00,5.650000095367432,5.875,5.605000019073486,5.824999809265137,2888820,0.0,0.0
2024-02-23 00:00:00+03:00,5.824999809265137,5.965000152587891,5.605000019073486,5.880000114440918,3320448,0.0,0.0
2024-02-26 00:00:00+03:00,5.934999942779541,5.949999809265137,5.650000095367432,5.650000095367432,3028494,0.0,0.0
2024-02-27 00:00:00+03:00,5.659999847412109,5.829999923706055,5.510000228881836,5.59499979019165,2957780,0.0,0.0
2024-02-28 00:00:00+03:00,5.599999904632568,5.840000152587891,5.454999923706055,5.744999885559082,3252250,0.0,0.0
2024-02-29 00:00:00+03:00,5.744999885559082,5.90500020980835,5.599999904632568,5.75,2589272,0.0,0.0
2024-03-01 00:00:00+03:00,5.949999809265137,5.989999771118164,5.675000190734863,5.695000171661377,3191848,0.0,0.0
2024-03-04 00:00:00+03:00,5.715000152587891,5.840000152587891,5.639999866485596,5.679999828338623,3440790,0.0,0.0
2024-03-05 00:00:00+03:00,5.695000171661377,6.135000228881836,5.639999866485596,5.985000133514404,7808132,0.0,0.0
2024-03-06 00:00:00+03:00,5.985000133514404,6.005000114440918,5.46999979019165,5.579999923706055,3367704,0.0,0.0
2024-03-07 00:00:00+03:00,5.605000019073486,5.730000019073486,5.590000152587891,5.664999961853027,3371344,0.0,0.0
2024-03-08 00:00:00+03:00,5.699999809265137,5.699999809265137,5.510000228881836,5.625,2591362,0.0,0.0
2024-03-11 00:00:00+03:00,5.699999809265137,5.775000095367432,5.610000133514404,5.650000095367432,3896432,0.0,0.0
2024-03-12 00:00:00+03:00,5.704999923706055,5.704999923706055,5.324999809265137,5.34499979019165,2417840,0.0,0.0
2024-03-13 00:00:00+03:00,5.389999866485596,5.425000190734863,5.255000114440918,5.315000057220459,1654428,0.0,0.0
2024-03-14 00:00:00+03:00,5.255000114440918,5.445000171661377,5.255000114440918,5.34499979019165,1096394,0.0,0.0
2024-03-15 00:00:00+03:00,5.34499979019165,5.525000095367432,5.275000095367432,5.300000190734863,1690228,0.0,0.0
2024-03-18 00:00:00+03:00,5.309999942779541,5.349999904632568,5.085000038146973,5.09499979019165,1067946,0.0,0.0
2024-03-19 00:00:00+03:00,5.125,5.25,5.085000038146973,5.25,1216950,0.0,0.0
2024-03-20 00:00:00+03:00,5.215000152587891,5.34499979019165,5.144999980926514,5.195000171661377,1771434,0.0,0.0
2024-03-21 00:00:00+03:00,5.224999904632568,5.434999942779541,5.130000114440918,5.175000190734863,1361692,0.0,0.0
2024-03-22 00:00:00+03:00,5.184999942779541,5.25,5.090000152587891,5.114999771118164,1001994,0.0,0.0
2024-03-25 00:00:00+03:00,5.114999771118164,5.199999809265137,5.039999961853027,5.074999809265137,1318234,0.0,0.0
2024-03-26 00:00:00+03:00,5.079999923706055,5.579999923706055,4.980000019073486,5.579999923706055,6198984,0.0,0.0
2024-03-27 00:00:00+03:00,5.739999771118164,6.135000228881836,5.25,5.300000190734863,25463836,0.0,0.0
2024-03-28 00:00:00+03:00,5.380000114440918,5.434999942779541,5.010000228881836,5.050000190734863,8862934,0.0,0.0
2024-03-29 00:00:00+03:00,5.085000038146973,5.105000019073486,5.03000020980835,5.079999923706055,2222370,0.0,0.0
2024-04-01 00:00:00+03:00,5.079999923706055,5.195000171661377,4.940000057220459,4.989999771118164,2594576,0.0,0.0
2024-04-02 00:00:00+03:00,5.014999866485596,5.099999904632568,4.84499979019165,4.869999885559082,2225852,0.0,0.0
2024-04-03 00:00:00+03:00,4.800000190734863,5.0,4.789999961853027,4.84499979019165,1550116,0.0,0.0
2024-04-04 00:00:00+03:00,5.144999980926514,5.324999809265137,5.070000171661377,5.324999809265137,6889760,0.0,0.0
2024-04-05 00:00:00+03:00,5.429999828338623,5.489999771118164,5.110000133514404,5.239999771118164,10242034,0.0,0.0
2024-04-08 00:00:00+03:00,5.239999771118164,5.489999771118164,5.215000152587891,5.355000019073486,4437762,0.0,0.0
2024-04-09 00:00:00+03:00,5.355000019073486,5.355000019073486,5.355000019073486,5.355000019073486,0,0.0,0.0
2024-04-15 00:00:00+03:00,5.5,5.699999809265137,5.340000152587891,5.630000114440918,3601408,0.0,0.0
2024-04-16 00:00:00+03:00,5.630000114440918,5.635000228881836,5.349999904632568,5.445000171661377,3068424,0.0,0.0
2024-04-17 00:00:00+03:00,5.480000019073486,5.639999866485596,5.46999979019165,5.53000020980835,3653832,0.0,0.0
2024-04-18 00:00:00+03:00,5.53000020980835,5.65500020980835,5.53000020980835,5.625,2304574,0.0,0.0
2024-04-19 00:00:00+03:00,5.505000114440918,5.795000076293945,5.505000114440918,5.724999904632568,3615004,0.0,0.0
2024-04-22 00:00:00+03:00,5.730000019073486,5.869999885559082,5.710000038146973,5.800000190734863,3770882,0.0,0.0
2024-04-24 00:00:00+03:00,5.824999809265137,6.210000038146973,5.755000114440918,5.84499979019165,8095898,0.0,0.0
2024-04-25 00:00:00+03:00,5.84499979019165,6.144999980926514,5.824999809265137,6.039999961853027,4650102,0.0,0.0
2024-04-26 00:00:00+03:00,6.045000076293945,6.099999904632568,5.869999885559082,5.90500020980835,3973114,0.0,0.0
2024-04-29 00:00:00+03:00,5.909999847412109,6.25,5.824999809265137,6.199999809265137,6225106,0.0,0.0
2024-04-30 00:00:00+03:00,6.199999809265137,6.820000171661377,6.125,6.820000171661377,17552072,0.0,0.0
2024-05-02 00:00:00+03:00,6.925000190734863,7.275000095367432,6.5,6.514999866485596,18169170,0.0,0.0
2024-05-03 00:00:00+03:00,6.514999866485596,7.164999961853027,6.465000152587891,6.949999809265137,29036314,0.0,0.0
2024-05-06 00:00:00+03:00,6.974999904632568,7.539999961853027,6.869999885559082,7.090000152587891,20688044,0.0,0.0
2024-05-07 00:00:00+03:00,7.21999979019165,7.364999771118164,6.724999904632568,6.804999828338623,10443894,0.0,0.0
2024-05-08 00:00:00+03:00,6.849999904632568,7.065000057220459,6.724999904632568,6.75,7784886,0.0,0.0
2024-05-09 00:00:00+03:00,6.775000095367432,6.804999828338623,6.605000019073486,6.650000095367432,5196528,0.0,0.0
2024-05-10 00:00:00+03:00,6.684999942779541,6.820000171661377,6.5,6.735000133514404,5279980,0.0,0.0
2024-05-13 00:00:00+03:00,6.760000228881836,7.050000190734863,6.570000171661377,6.84499979019165,9338542,0.0,0.0
2024-05-14 00:00:00+03:00,6.985000133514404,7.525000095367432,6.985000133514404,7.525000095367432,26879686,0.0,0.0
2024-05-15 00:00:00+03:00,7.659999847412109,8.274999618530273,7.525000095367432,7.59499979019165,25489262,0.0,0.0
2024-05-16 00:00:00+03:00,7.650000095367432,7.945000171661377,7.53000020980835,7.590000152587891,9663424,0.0,0.0
2024-05-17 00:00:00+03:00,7.650000095367432,8.260000228881836,7.550000190734863,7.900000095367432,32319642,0.0,0.0
2024-05-20 00:00:00+03:00,8.100000381469727,8.199999809265137,7.71999979019165,8.050000190734863,13888700,0.0,0.0
2024-05-21 00:00:00+03:00,8.045000076293945,8.680000305175781,7.650000095367432,8.3149995803833,17138074,0.0,0.0
2024-05-22 00:00:00+03:00,8.380000114440918,8.475000381469727,8.029999732971191,8.25,9779600,0.0,0.0
2024-05-23 00:00:00+03:00,8.300000190734863,9.0,8.21500015258789,8.75,22630424,0.0,0.0
2024-05-24 00:00:00+03:00,8.75,9.524999618530273,8.694999694824219,9.3149995803833,25346718,0.0,0.0
2024-05-27 00:00:00+03:00,9.399999618530273,9.854999542236328,8.720000267028809,8.854999542236328,23672004,0.0,0.0
2024-05-28 00:00:00+03:00,8.854999542236328,9.149999618530273,8.725000381469727,8.9399995803833,14646526,0.0,0.0
2024-05-29 00:00:00+03:00,9.005000114440918,9.1850004196167,8.600000381469727,8.800000190734863,11662340,0.0,0.0
2024-05-30 00:00:00+03:00,8.949999809265137,9.34000015258789,8.789999961853027,8.800000190734863,12935250,0.0,0.0
2024-05-31 00:00:00+03:00,8.800000190734863,9.095000267028809,8.399999618530273,8.539999961853027,15869204,0.0,0.0
2024-06-03 00:00:00+03:00,8.6899995803833,8.75,8.359999656677246,8.454999923706055,10341044,0.0,0.0
2024-06-04 00:00:00+03:00,8.454999923706055,8.574999809265137,8.3100004196167,8.475000381469727,6234380,0.0,0.0
2024-06-05 00:00:00+03:00,8.475000381469727,8.545000076293945,8.055000305175781,8.095000267028809,6657902,0.0,0.0
2024-06-06 00:00:00+03:00,8.220000267028809,8.600000381469727,8.220000267028809,8.350000381469727,8988736,0.0,0.0
2024-06-07 00:00:00+03:00,8.505000114440918,8.585000038146973,7.949999809265137,7.980000019073486,5229116,0.0,0.0
2024-06-10 00:00:00+03:00,8.140000343322754,8.225000381469727,7.855000019073486,8.074999809265137,6817154,0.0,0.0
2024-06-11 00:00:00+03:00,8.125,8.300000190734863,7.795000076293945,8.255000114440918,7193132,0.0,0.0
2024-06-12 00:00:00+03:00,8.255000114440918,8.4399995803833,8.149999618530273,8.364999771118164,5744938,0.0,0.0
2024-06-13 00:00:00+03:00,8.489999771118164,8.539999961853027,8.140000343322754,8.404999732971191,6355004,0.0,0.0
2024-06-14 00:00:00+03:00,8.404999732971191,8.524999618530273,8.21500015258789,8.425000190734863,5560156,0.0,0.0
2024-06-20 00:00:00+03:00,8.5,9.265000343322754,8.364999771118164,8.619999885559082,7680648,0.0,0.0
2024-06-21 00:00:00+03:00,8.619999885559082,8.619999885559082,8.354999542236328,8.595000267028809,5437178,0.0,0.0
2024-06-24 00:00:00+03:00,8.585000038146973,8.585000038146973,8.324999809265137,8.40999984741211,3409988,0.0,0.0
2024-06-25 00:00:00+03:00,8.414999961853027,8.600000381469727,8.369999885559082,8.5,5364668,0.0,0.0
2024-06-26 00:00:00+03:00,8.5,8.5600004196167,7.894999980926514,8.050000190734863,8367084,0.0,0.0
2024-06-27 00:00:00+03:00,8.039999961853027,8.395000457763672,7.934999942779541,8.359999656677246,7177310,0.0,0.0
2024-06-28 00:00:00+03:00,8.359999656677246,8.635000228881836,8.295000076293945,8.539999961853027,7061794,0.0,0.0
2024-07-01 00:00:00+03:00,8.5649995803833,8.864999771118164,7.974999904632568,8.104999542236328,8184114,0.0,0.0
2024-07-02 00:00:00+03:00,8.140000343322754,8.225000381469727,8.085000038146973,8.194999694824219,8372038,0.0,0.0
2024-07-03 00:00:00+03:00,8.199999809265137,8.574999809265137,7.954999923706055,8.039999961853027,8223412,0.0,0.0
2024-07-04 00:00:00+03:00,8.074999809265137,8.114999771118164,7.929999828338623,8.0600004196167,3466896,0.0,0.0
2024-07-05 00:00:00+03:00,8.0600004196167,8.100000381469727,7.875,8.010000228881836,3416822,0.0,0.0
2024-07-08 00:00:00+03:00,8.010000228881836,8.109999656677246,7.914999961853027,8.055000305175781,3881094,0.0,0.0
2024-07-09 00:00:00+03:00,8.055000305175781,8.395000457763672,8.0,8.385000228881836,12027004,0.0,0.0
2024-07-10 00:00:00+03:00,8.385000228881836,8.489999771118164,7.945000171661377,8.489999771118164,9526298,0.0,0.0
2024-07-11 00:00:00+03:00,8.5,8.765000343322754,8.430000305175781,8.710000038146973,16629424,0.0,0.0
2024-07-12 00:00:00+03:00,8.729999542236328,8.824999809265137,8.5649995803833,8.600000381469727,8627928,0.0,0.0
2024-07-16 00:00:00+03:00,8.694999694824219,8.8149995803833,8.449999809265137,8.625,6764240,0.0,0.0
2024-07-17 00:00:00+03:00,8.630000114440918,8.755000114440918,8.5600004196167,8.649999618530273,6864572,0.0,0.0
2024-07-18 00:00:00+03:00,8.675000190734863,8.71500015258789,8.585000038146973,8.680000305175781,12833406,0.0,0.0
2024-07-19 00:00:00+03:00,8.640000343322754,8.680000305175781,8.3100004196167,8.494999885559082,14286534,0.0,0.0
2024-07-22 00:00:00+03:00,8.5,8.6899995803833,8.470000267028809,8.680000305175781,9081632,0.0,0.0
2024-07-23 00:00:00+03:00,8.680000305175781,8.854999542236328,8.59000015258789,8.694999694824219,15201814,0.0,0.0
2024-07-24 00:00:00+03:00,8.6899995803833,8.994999885559082,8.550000190734863,8.854999542236328,15300920,0.0,0.0
2024-07-25 00:00:00+03:00,8.854999542236328,8.944999694824219,8.470000267028809,8.489999771118164,12148304,0.0,0.0
2024-07-26 00:00:00+03:00,8.489999771118164,8.604999542236328,8.414999961853027,8.545000076293945,5187968,0.0,0.0
2024-07-29 00:00:00+03:00,8.545000076293945,8.630000114440918,8.125,8.5,5736652,0.0,0.0
2024-07-30 00:00:00+03:00,8.505000114440918,8.75,8.484999656677246,8.550000190734863,7848548,0.0,0.0
2024-07-31 00:00:00+03:00,8.550000190734863,8.78499984741211,8.46500015258789,8.739999771118164,12424006,0.0,0.0
2024-08-01 00:00:00+03:00,8.760000228881836,9.34000015258789,8.71500015258789,9.25,19442532,0.0,0.0
2024-08-02 00:00:00+03:00,9.239999771118164,9.420000076293945,8.494999885559082,8.600000381469727,17477038,0.0,0.0
2024-08-05 00:00:00+03:00,7.980000019073486,8.680000305175781,7.980000019073486,8.119999885559082,9269270,0.0,0.0
2024-08-06 00:00:00+03:00,8.260000228881836,8.425000190734863,8.0,8.050000190734863,6936366,0.0,0.0
2024-08-07 00:00:00+03:00,8.069999694824219,8.15999984741211,7.835000038146973,8.069999694824219,8230980,0.0,0.0
2024-08-08 00:00:00+03:00,8.069999694824219,8.175000190734863,8.015000343322754,8.074999809265137,5097698,0.0,0.0
2024-08-09 00:00:00+03:00,8.085000038146973,8.199999809265137,7.684999942779541,8.085000038146973,4519064,0.0,0.0
2024-08-12 00:00:00+03:00,8.085000038146973,8.125,7.804999828338623,7.815000057220459,7518596,0.0,0.0
2024-08-13 00:00:00+03:00,7.849999904632568,7.875,7.525000095367432,7.699999809265137,5402514,0.0,0.0
2024-08-14 00:00:00+03:00,7.724999904632568,8.380000114440918,7.715000152587891,8.220000267028809,16271806,0.0,0.0
2024-08-15 00:00:00+03:00,8.260000228881836,8.430000305175781,8.005000114440918,8.295000076293945,8693038,0.0,0.0
2024-08-16 00:00:00+03:00,8.3100004196167,8.399999618530273,8.095000267028809,8.109999656677246,5312694,0.0,0.0
2024-08-19 00:00:00+03:00,8.109999656677246,8.4399995803833,8.039999961853027,8.149999618530273,7790022,0.0,0.0
2024-08-20 00:00:00+03:00,8.154999732971191,8.239999771118164,8.0600004196167,8.09000015258789,4921668,0.0,0.0
2024-08-21 00:00:00+03:00,8.09000015258789,8.220000267028809,8.0600004196167,8.119999885559082,8226110,0.0,0.0
2024-08-22 00:00:00+03:00,8.125,8.175000190734863,7.994999885559082,7.994999885559082,4363686,0.0,0.0
2024-08-23 00:00:00+03:00,8.024999618530273,8.199999809265137,7.949999809265137,8.015000343322754,6239064,0.0,0.0
2024-08-26 00:00:00+03:00,8.045000076293945,8.100000381469727,7.71999979019165,7.71999979019165,4430102,0.0,0.0
2024-08-27 00:00:00+03:00,7.75,8.350000381469727,7.65500020980835,8.010000228881836,7111622,0.0,0.0
2024-08-28 00:00:00+03:00,8.104999542236328,8.489999771118164,8.045000076293945,8.100000381469727,9417292,0.0,0.0
2024-08-29 00:00:00+03:00,8.119999885559082,8.694999694824219,8.050000190734863,8.329999923706055,13212334,0.0,0.0
2024-09-02 00:00:00+03:00,8.329999923706055,8.40999984741211,8.204999923706055,8.345000267028809,6066106,0.0,0.0
2024-09-03 00:00:00+03:00,8.385000228881836,8.600000381469727,8.25,8.524999618530273,7873502,0.0,0.0
2024-09-04 00:00:00+03:00,8.524999618530273,8.654999732971191,8.305000305175781,8.380000114440918,6463276,0.0,0.0
2024-09-05 00:00:00+03:00,8.399999618530273,8.4350004196167,8.154999732971191,8.154999732971191,5239342,0.0,0.0
2024-09-06 00:00:00+03:00,8.25,8.270000457763672,7.974999904632568,8.055000305175781,4351352,0.0,0.0
2024-09-09 00:00:00+03:00,8.029999732971191,8.079999923706055,7.800000190734863,7.849999904632568,5418944,0.0,0.0
2024-09-10 00:00:00+03:00,7.929999828338623,7.96999979019165,7.639999866485596,7.84499979019165,3999708,0.0,0.0
2024-09-11 00:00:00+03:00,8.0,8.0600004196167,7.380000114440918,7.429999828338623,4643146,0.0,2.0
2024-09-12 00:00:00+03:00,7.5,7.650000095367432,6.96999979019165,7.099999904632568,6151125,0.0,0.0
2024-09-13 00:00:00+03:00,7.170000076293945,7.449999809265137,7.010000228881836,7.349999904632568,7584980,0.0,0.0
2024-09-16 00:00:00+03:00,7.599999904632568,7.610000133514404,7.300000190734863,7.550000190734863,3912934,0.0,0.0
2024-09-17 00:00:00+03:00,7.570000171661377,7.989999771118164,7.429999828338623,7.849999904632568,6354299,0.0,0.0
2024-09-18 00:00:00+03:00,7.820000171661377,8.109999656677246,7.809999942779541,8.020000457763672,3958901,0.0,0.0
2024-09-19 00:00:00+03:00,8.050000190734863,8.199999809265137,7.949999809265137,8.130000114440918,3808778,0.0,0.0
2024-09-20 00:00:00+03:00,8.149999618530273,8.300000190734863,8.0600004196167,8.09000015258789,5591611,0.0,0.0
2024-09-23 00:00:00+03:00,8.09000015258789,8.170000076293945,8.0,8.020000457763672,3458189,0.0,0.0
2024-09-24 00:00:00+03:00,8.010000228881836,8.130000114440918,7.690000057220459,7.710000038146973,4514195,0.0,0.0
2024-09-25 00:00:00+03:00,7.710000038146973,7.789999961853027,7.449999809265137,7.449999809265137,2107378,0.0,0.0
2024-09-26 00:00:00+03:00,7.480000019073486,7.699999809265137,7.21999979019165,7.360000133514404,2842119,0.0,0.0
2024-09-27 00:00:00+03:00,7.409999847412109,7.440000057220459,7.150000095367432,7.28000020980835,1933418,0.0,0.0
2024-09-30 00:00:00+03:00,7.269999980926514,7.269999980926514,7.019999980926514,7.079999923706055,2591177,0.0,0.0
2024-10-01 00:00:00+03:00,7.010000228881836,7.170000076293945,6.75,6.769999980926514,4599158,0.0,0.0
2024-10-02 00:00:00+03:00,6.760000228881836,6.980000019073486,6.590000152587891,6.590000152587891,3258072,0.0,0.0
2024-10-03 00:00:00+03:00,6.650000095367432,6.820000171661377,6.5,6.610000133514404,3099209,0.0,0.0
2024-10-04 00:00:00+03:00,6.710000038146973,6.710000038146973,6.360000133514404,6.449999809265137,3057584,0.0,0.0
2024-10-07 00:00:00+03:00,6.5,6.650000095367432,6.420000076293945,6.5,3274016,0.0,0.0
2024-10-08 00:00:00+03:00,6.510000228881836,6.599999904632568,6.369999885559082,6.599999904632568,3062012,0.0,0.0
2024-10-09 00:00:00+03:00,6.599999904632568,6.610000133514404,6.269999980926514,6.360000133514404,3248050,0.0,0.0
2024-10-10 00:00:00+03:00,6.389999866485596,6.449999809265137,6.099999904632568,6.099999904632568,4412537,0.0,0.0
2024-10-11 00:00:00+03:00,6.179999828338623,6.5,6.099999904632568,6.210000038146973,9957603,0.0,0.0
2024-10-14 00:00:00+03:00,6.25,6.28000020980835,5.989999771118164,6.019999980926514,5395759,0.0,0.0
2024-10-15 00:00:00+03:00,6.03000020980835,6.25,6.0,6.199999809265137,3388120,0.0,0.0
2024-10-16 00:00:00+03:00,6.150000095367432,6.300000190734863,6.150000095367432,6.25,1800162,0.0,0.0
2024-10-17 00:00:00+03:00,6.25,6.349999904632568,6.210000038146973,6.25,3239064,0.0,0.0
2024-10-18 00:00:00+03:00,6.260000228881836,6.449999809265137,6.119999885559082,6.159999847412109,4195801,0.0,0.0
2024-10-21 00:00:00+03:00,6.179999828338623,6.230000019073486,6.039999961853027,6.070000171661377,3276897,0.0,0.0
2024-10-22 00:00:00+03:00,6.090000152587891,6.199999809265137,6.059999942779541,6.179999828338623,4821849,0.0,0.0
2024-10-23 00:00:00+03:00,6.179999828338623,6.210000038146973,5.989999771118164,6.019999980926514,4372887,0.0,0.0
2024-10-24 00:00:00+03:00,6.039999961853027,6.179999828338623,6.039999961853027,6.159999847412109,2379097,0.0,0.0
2024-10-25 00:00:00+03:00,6.159999847412109,6.25,6.059999942779541,6.139999866485596,2999348,0.0,0.0
2024-10-28 00:00:00+03:00,6.150000095367432,6.190000057220459,6.119999885559082,6.150000095367432,673066,0.0,0.0
2024-10-30 00:00:00+03:00,6.159999847412109,6.260000228881836,6.159999847412109,6.179999828338623,3257961,0.0,0.0
2024-10-31 00:00:00+03:00,6.360000133514404,6.380000114440918,6.059999942779541,6.130000114440918,5338337,0.0,0.0
2024-11-01 00:00:00+03:00,6.139999866485596,6.260000228881836,6.070000171661377,6.199999809265137,5916243,0.0,0.0
2024-11-04 00:00:00+03:00,6.199999809265137,6.199999809265137,5.809999942779541,5.849999904632568,6292316,0.0,0.0
2024-11-05 00:00:00+03:00,5.889999866485596,5.940000057220459,5.71999979019165,5.900000095367432,5299105,0.0,0.0
2024-11-06 00:00:00+03:00,5.909999847412109,5.989999771118164,5.869999885559082,5.909999847412109,3619096,0.0,0.0
2024-11-07 00:00:00+03:00,5.929999828338623,6.150000095367432,5.849999904632568,6.090000152587891,5552268,0.0,0.0
2024-11-08 00:00:00+03:00,6.079999923706055,6.21999979019165,6.050000190734863,6.130000114440918,4177601,0.0,0.0
2024-11-11 00:00:00+03:00,6.159999847412109,6.28000020980835,6.150000095367432,6.25,4677378,0.0,0.0
2024-11-12 00:00:00+03:00,6.269999980926514,6.340000152587891,6.070000171661377,6.099999904632568,3381194,0.0,0.0
2024-11-13 00:00:00+03:00,6.110000133514404,6.139999866485596,5.989999771118164,6.059999942779541,3240712,0.0,0.0
2024-11-14 00:00:00+03:00,6.099999904632568,6.289999961853027,6.099999904632568,6.239999771118164,4694168,0.0,0.0
2024-11-15 00:00:00+03:00,6.25,6.429999828338623,6.130000114440918,6.349999904632568,6666017,0.0,0.0
2024-11-18 00:00:00+03:00,6.420000076293945,6.46999979019165,6.260000228881836,6.269999980926514,3555044,0.0,0.0
2024-11-19 00:00:00+03:00,6.260000228881836,6.329999923706055,6.090000152587891,6.130000114440918,4292911,0.0,0.0
2024-11-20 00:00:00+03:00,6.150000095367432,6.179999828338623,5.929999828338623,6.0,4963572,0.0,0.0
2024-11-21 00:00:00+03:00,6.010000228881836,6.489999771118164,5.96999979019165,6.46999979019165,10413020,0.0,0.0
2024-11-22 00:00:00+03:00,6.610000133514404,7.110000133514404,6.480000019073486,7.110000133514404,18084114,0.0,0.0
2024-11-25 00:00:00+03:00,7.5,7.820000171661377,7.46999979019165,7.820000171661377,35226337,0.0,0.0
2024-11-26 00:00:00+03:00,7.789999961853027,8.539999961853027,7.510000228881836,7.800000190734863,46148876,0.0,0.0
2024-11-27 00:00:00+03:00,8.039999961853027,8.539999961853027,8.0,8.140000343322754,39951488,0.0,0.0
2024-11-28 00:00:00+03:00,8.350000381469727,8.619999885559082,8.239999771118164,8.539999961853027,26451722,0.0,0.0
2024-11-29 00:00:00+03:00,8.779999732971191,8.949999809265137,8.119999885559082,8.260000228881836,28094685,0.0,0.0
2024-12-02 00:00:00+03:00,8.359999656677246,8.869999885559082,8.359999656677246,8.869999885559082,26938059,0.0,0.0
2024-12-03 00:00:00+03:00,8.880000114440918,9.329999923706055,8.699999809265137,9.140000343322754,30011912,0.0,0.0
2024-12-04 00:00:00+03:00,9.199999809265137,9.210000038146973,8.6899995803833,8.6899995803833,18485844,0.0,0.0
2024-12-05 00:00:00+03:00,8.859999656677246,9.5,8.75,9.399999618530273,28832108,0.0,0.0
2024-12-06 00:00:00+03:00,9.399999618530273,9.630000114440918,9.09000015258789,9.170000076293945,27822872,0.0,0.0
2024-12-09 00:00:00+03:00,9.40999984741211,9.770000457763672,9.270000457763672,9.729999542236328,25598397,0.0,0.0
2024-12-10 00:00:00+03:00,9.75,10.25,9.550000190734863,9.989999771118164,34750688,0.0,0.0
2024-12-11 00:00:00+03:00,9.989999771118164,10.34000015258789,9.0,9.0,21040483,0.0,0.0
2024-12-12 00:00:00+03:00,8.100000381469727,8.100000381469727,8.100000381469727,8.100000381469727,2867060,0.0,0.0
2024-12-13 00:00:00+03:00,7.599999904632568,8.390000343322754,7.400000095367432,7.800000190734863,71196063,0.0,0.0
2024-12-16 00:00:00+03:00,7.809999942779541,7.849999904632568,7.289999961853027,7.300000190734863,26028852,0.0,0.0
2024-12-17 00:00:00+03:00,7.300000190734863,7.630000114440918,7.260000228881836,7.369999885559082,20246737,0.0,0.0
2024-12-18 00:00:00+03:00,7.449999809265137,7.519999980926514,7.25,7.25,10581669,0.0,0.0
2024-12-19 00:00:00+03:00,7.199999809265137,7.5,7.199999809265137,7.25,11492369,0.0,0.0
2024-12-20 00:00:00+03:00,7.28000020980835,7.349999904632568,7.179999828338623,7.179999828338623,9221929,0.0,0.0
2024-12-23 00:00:00+03:00,7.25,7.800000190734863,7.210000038146973,7.5,19294077,0.0,0.0
2024-12-24 00:00:00+03:00,7.429999828338623,7.5,7.210000038146973,7.300000190734863,9294412,0.0,0.0
2024-12-25 00:00:00+03:00,7.420000076293945,7.420000076293945,7.21999979019165,7.260000228881836,5989901,0.0,0.0
2024-12-26 00:00:00+03:00,7.269999980926514,7.309999942779541,7.139999866485596,7.159999847412109,5744855,0.0,0.0
2024-12-27 00:00:00+03:00,7.179999828338623,7.25,7.110000133514404,7.130000114440918,6180512,0.0,0.0
2024-12-30 00:00:00+03:00,7.239999771118164,7.340000152587891,7.199999809265137,7.25,6185761,0.0,0.0
2024-12-31 00:00:00+03:00,7.300000190734863,7.300000190734863,7.150000095367432,7.190000057220459,6453916,0.0,0.0
2025-01-02 00:00:00+03:00,7.300000190734863,7.409999847412109,7.21999979019165,7.309999942779541,8503820,0.0,0.0
2025-01-03 00:00:00+03:00,7.309999942779541,7.349999904632568,7.199999809265137,7.239999771118164,4529258,0.0,0.0
2025-01-06 00:00:00+03:00,7.239999771118164,7.329999923706055,7.210000038146973,7.25,8354536,0.0,0.0
2025-01-07 00:00:00+03:00,7.25,7.260000228881836,7.119999885559082,7.130000114440918,6899066,0.0,0.0
2025-01-08 00:00:00+03:00,7.150000095367432,7.179999828338623,7.070000171661377,7.079999923706055,3878701,0.0,0.0
2025-01-09 00:00:00+03:00,7.119999885559082,7.239999771118164,7.119999885559082,7.230000019073486,4989414,0.0,0.0
2025-01-10 00:00:00+03:00,7.230000019073486,7.25,7.119999885559082,7.139999866485596,3293814,0.0,0.0
2025-01-13 00:00:00+03:00,7.190000057220459,7.210000038146973,7.0,7.019999980926514,3827153,0.0,0.0
2025-01-14 00:00:00+03:00,7.070000171661377,7.139999866485596,6.96999979019165,6.980000019073486,2897306,0.0,0.0
2025-01-15 00:00:00+03:00,6.989999771118164,7.050000190734863,6.900000095367432,7.0,3880971,0.0,0.0
2025-01-16 00:00:00+03:00,7.0,7.150000095367432,6.960000038146973,7.019999980926514,4123802,0.0,0.0
2025-01-17 00:00:00+03:00,7.019999980926514,7.019999980926514,6.849999904632568,6.900000095367432,4093068,0.0,0.0
2025-01-20 00:00:00+03:00,6.980000019073486,7.039999961853027,6.900000095367432,6.949999809265137,3752349,0.0,0.0
2025-01-21 00:00:00+03:00,6.929999828338623,6.929999828338623,6.760000228881836,6.78000020980835,3585463,0.0,0.0
2025-01-22 00:00:00+03:00,6.78000020980835,7.039999961853027,6.699999809265137,7.0,5292751,0.0,0.0
2025-01-23 00:00:00+03:00,6.980000019073486,7.090000152587891,6.880000114440918,6.900000095367432,4019831,0.0,0.0
2025-01-24 00:00:00+03:00,6.920000076293945,6.96999979019165,6.840000152587891,6.940000057220459,2136316,0.0,0.0
2025-01-27 00:00:00+03:00,6.940000057220459,6.940000057220459,6.699999809265137,6.699999809265137,2896671,0.0,0.0
2025-01-28 00:00:00+03:00,6.710000038146973,6.789999961853027,6.659999847412109,6.690000057220459,2322583,0.0,0.0
2025-01-29 00:00:00+03:00,6.690000057220459,6.789999961853027,6.539999961853027,6.539999961853027,2781190,0.0,0.0
2025-01-30 00:00:00+03:00,6.590000152587891,6.639999866485596,6.5,6.559999942779541,2890603,0.0,0.0
2025-01-31 00:00:00+03:00,6.559999942779541,6.570000171661377,6.480000019073486,6.489999771118164,1742697,0.0,0.0
2025-02-03 00:00:00+03:00,6.46999979019165,6.46999979019165,6.340000152587891,6.360000133514404,2241486,0.0,0.0
2025-02-04 00:00:00+03:00,6.420000076293945,6.579999923706055,6.320000171661377,6.369999885559082,2949998,0.0,0.0
2025-02-05 00:00:00+03:00,6.380000114440918,6.46999979019165,6.159999847412109,6.21999979019165,4685971,0.0,0.0
2025-02-06 00:00:00+03:00,6.21999979019165,6.360000133514404,6.21999979019165,6.320000171661377,2195573,0.0,0.0
2025-02-07 00:00:00+03:00,6.320000171661377,6.400000095367432,6.21999979019165,6.389999866485596,1687447,0.0,0.0
2025-02-10 00:00:00+03:00,6.400000095367432,6.400000095367432,6.289999961853027,6.309999942779541,2272173,0.0,0.0
2025-02-11 00:00:00+03:00,6.289999961853027,6.360000133514404,6.210000038146973,6.28000020980835,2344746,0.0,0.0
2025-02-12 00:00:00+03:00,6.210000038146973,6.309999942779541,6.139999866485596,6.170000076293945,3278577,0.0,0.0
2025-02-13 00:00:00+03:00,6.170000076293945,6.25,6.159999847412109,6.239999771118164,1731442,0.0,0.0
2025-02-14 00:00:00+03:00,6.260000228881836,6.320000171661377,6.150000095367432,6.28000020980835,2945229,0.0,0.0
2025-02-17 00:00:00+03:00,6.28000020980835,6.46999979019165,6.260000228881836,6.329999923706055,3714147,0.0,0.0
2025-02-18 00:00:00+03:00,6.329999923706055,6.329999923706055,6.190000057220459,6.25,4778120,0.0,0.0
2025-02-19 00:00:00+03:00,6.269999980926514,6.429999828338623,6.159999847412109,6.179999828338623,6443873,0.0,0.0
2025-02-20 00:00:00+03:00,6.190000057220459,6.309999942779541,6.159999847412109,6.300000190734863,4732270,0.0,0.0
2025-02-21 00:00:00+03:00,6.289999961853027,6.349999904632568,6.070000171661377,6.130000114440918,3772679,0.0,0.0
2025-02-24 00:00:00+03:00,6.179999828338623,6.329999923706055,6.130000114440918,6.300000190734863,4643526,0.0,0.0
2025-02-25 00:00:00+03:00,6.340000152587891,6.340000152587891,6.130000114440918,6.179999828338623,2321945,0.0,0.0
2025-02-26 00:00:00+03:00,6.190000057220459,6.210000038146973,6.090000152587891,6.099999904632568,2704260,0.0,0.0
2025-02-27 00:00:00+03:00,6.099999904632568,6.21999979019165,6.059999942779541,6.199999809265137,3858139,0.0,0.0
2025-02-28 00:00:00+03:00,6.199999809265137,6.260000228881836,6.150000095367432,6.210000038146973,1701685,0.0,0.0
2025-03-03 00:00:00+03:00,6.300000190734863,6.349999904632568,6.159999847412109,6.159999847412109,3740355,0.0,0.0
2025-03-04 00:00:00+03:00,6.25,6.769999980926514,6.210000038146973,6.670000076293945,25969223,0.0,0.0
2025-03-05 00:00:00+03:00,6.670000076293945,6.849999904632568,6.46999979019165,6.510000228881836,15008138,0.0,0.0
2025-03-06 00:00:00+03:00,6.489999771118164,6.679999828338623,6.46999979019165,6.610000133514404,7672399,0.0,0.0
2025-03-07 00:00:00+03:00,6.619999885559082,6.71999979019165,6.559999942779541,6.659999847412109,6817684,0.0,0.0
2025-03-10 00:00:00+03:00,6.690000057220459,6.75,6.550000190734863,6.579999923706055,6116560,0.0,0.0
2025-03-11 00:00:00+03:00,6.550000190734863,6.739999771118164,6.489999771118164,6.739999771118164,6015061,0.0,0.0
2025-03-12 00:00:00+03:00,6.869999885559082,7.409999847412109,6.739999771118164,7.300000190734863,30733665,0.0,0.0
2025-03-13 00:00:00+03:00,7.300000190734863,7.420000076293945,7.039999961853027,7.150000095367432,15777036,0.0,0.0
2025-03-14 00:00:00+03:00,7.199999809265137,7.230000019073486,7.039999961853027,7.050000190734863,7213729,0.0,0.0
2025-03-17 00:00:00+03:00,7.110000133514404,7.179999828338623,6.980000019073486,7.070000171661377,8087651,0.0,0.0
2025-03-18 00:00:00+03:00,7.050000190734863,7.25,7.039999961853027,7.150000095367432,9079317,0.0,0.0
2025-03-19 00:00:00+03:00,6.949999809265137,6.989999771118164,6.440000057220459,6.480000019073486,7579394,0.0,0.0
2025-03-20 00:00:00+03:00,6.579999923706055,6.699999809265137,6.349999904632568,6.440000057220459,6194781,0.0,0.0
2025-03-21 00:00:00+03:00,6.420000076293945,6.420000076293945,5.849999904632568,5.889999866485596,3652802,0.0,0.0
2025-03-24 00:00:00+03:00,5.900000095367432,6.139999866485596,5.730000019073486,5.96999979019165,4025919,0.0,0.0
2025-03-25 00:00:00+03:00,5.989999771118164,6.369999885559082,5.989999771118164,6.239999771118164,5672243,0.0,0.0
2025-03-26 00:00:00+03:00,6.230000019073486,6.619999885559082,6.090000152587891,6.480000019073486,5097555,0.0,0.0
2025-03-27 00:00:00+03:00,6.5,6.690000057220459,6.489999771118164,6.550000190734863,2815297,0.0,0.0
2025-03-28 00:00:00+03:00,6.550000190734863,6.579999923706055,6.300000190734863,6.5,2678407,0.0,0.0
2025-04-02 00:00:00+03:00,6.5,6.570000171661377,6.46999979019165,6.53000020980835,2615077,0.0,0.0
2025-04-03 00:00:00+03:00,6.5,6.78000020980835,6.46999979019165,6.679999828338623,3541018,0.0,0.0
2025-04-04 00:00:00+03:00,6.679999828338623,6.960000038146973,6.619999885559082,6.849999904632568,3075237,0.0,0.0
2025-04-07 00:00:00+03:00,6.659999847412109,7.21999979019165,6.480000019073486,7.079999923706055,10849471,0.0,0.0
2025-04-08 00:00:00+03:00,7.139999866485596,7.199999809265137,6.949999809265137,6.960000038146973,5532068,0.0,0.0
2025-04-09 00:00:00+03:00,6.960000038146973,7.130000114440918,6.789999961853027,6.909999847412109,5089457,0.0,0.0
2025-04-10 00:00:00+03:00,7.010000228881836,7.090000152587891,6.820000171661377,6.880000114440918,5676787,0.0,0.0
2025-04-11 00:00:00+03:00,6.869999885559082,6.940000057220459,6.789999961853027,6.809999942779541,2569062,0.0,0.0
2025-04-14 00:00:00+03:00,6.809999942779541,6.889999866485596,6.769999980926514,6.809999942779541,3535794,0.0,0.0
2025-04-15 00:00:00+03:00,6.820000171661377,6.820000171661377,6.599999904632568,6.610000133514404,3391962,0.0,0.0
2025-04-16 00:00:00+03:00,6.75,6.75,6.420000076293945,6.420000076293945,2712704,0.0,0.0
2025-04-17 00:00:00+03:00,6.429999828338623,6.579999923706055,6.110000133514404,6.46999979019165,3446196,0.0,0.0
2025-04-18 00:00:00+03:00,6.46999979019165,6.5,6.21999979019165,6.320000171661377,2073647,0.0,0.0
2025-04-21 00:00:00+03:00,6.329999923706055,6.389999866485596,6.210000038146973,6.230000019073486,2905316,0.0,0.0
2025-04-22 00:00:00+03:00,6.289999961853027,6.309999942779541,6.079999923706055,6.269999980926514,3165450,0.0,0.0
2025-04-24 00:00:00+03:00,6.269999980926514,6.369999885559082,6.210000038146973,6.320000171661377,2012068,0.0,0.0
2025-04-25 00:00:00+03:00,6.349999904632568,6.539999961853027,6.329999923706055,6.369999885559082,4746059,0.0,0.0
2025-04-28 00:00:00+03:00,6.369999885559082,6.400000095367432,6.260000228881836,6.260000228881836,3319503,0.0,0.0
2025-04-29 00:00:00+03:00,6.349999904632568,6.349999904632568,6.090000152587891,6.159999847412109,3404957,0.0,0.0
2025-04-30 00:00:00+03:00,6.159999847412109,6.309999942779541,6.090000152587891,6.159999847412109,3686696,0.0,0.0
2025-05-02 00:00:00+03:00,6.25,6.25,6.119999885559082,6.179999828338623,3898108,0.0,0.0
2025-05-05 00:00:00+03:00,6.21999979019165,6.239999771118164,6.070000171661377,6.070000171661377,3547643,0.0,0.0
2025-05-06 00:00:00+03:00,6.159999847412109,6.25,6.110000133514404,6.150000095367432,3091451,0.0,0.0
2025-05-07 00:00:00+03:00,6.190000057220459,6.239999771118164,6.119999885559082,6.159999847412109,3579955,0.0,0.0
2025-05-08 00:00:00+03:00,6.179999828338623,6.21999979019165,6.099999904632568,6.210000038146973,1394441,0.0,0.0
2025-05-09 00:00:00+03:00,6.190000057220459,6.199999809265137,6.139999866485596,6.190000057220459,2573797,0.0,0.0
2025-05-12 00:00:00+03:00,6.25,6.329999923706055,6.210000038146973,6.289999961853027,3669739,0.0,0.0
2025-05-13 00:00:00+03:00,6.300000190734863,6.449999809265137,6.21999979019165,6.309999942779541,3847895,0.0,0.0
2025-05-14 00:00:00+03:00,6.329999923706055,6.409999847412109,6.269999980926514,6.269999980926514,2521232,0.0,0.0
2025-05-15 00:00:00+03:00,6.28000020980835,6.340000152587891,6.190000057220459,6.190000057220459,1792738,0.0,0.0
2025-05-16 00:00:00+03:00,6.179999828338623,6.239999771118164,6.150000095367432,6.210000038146973,1731202,0.0,0.0
2025-05-20 00:00:00+03:00,6.25,6.260000228881836,6.130000114440918,6.159999847412109,2422039,0.0,0.0
2025-05-21 00:00:00+03:00,6.159999847412109,6.199999809265137,6.130000114440918,6.130000114440918,1813217,0.0,0.0
2025-05-22 00:00:00+03:00,6.159999847412109,6.28000020980835,6.150000095367432,6.21999979019165,2394861,0.0,0.0
2025-05-23 00:00:00+03:00,6.289999961853027,6.289999961853027,6.130000114440918,6.159999847412109,2117796,0.0,0.0
2025-05-26 00:00:00+03:00,6.199999809265137,6.210000038146973,6.070000171661377,6.110000133514404,1938007,0.0,0.0
2025-05-27 00:00:00+03:00,6.119999885559082,6.139999866485596,6.010000228881836,6.099999904632568,2198512,0.0,0.0
2025-05-28 00:00:00+03:00,6.079999923706055,6.090000152587891,5.989999771118164,6.019999980926514,2373308,0.0,0.0
2025-05-29 00:00:00+03:00,6.019999980926514,6.130000114440918,5.989999771118164,6.099999904632568,2686669,0.0,0.0
2025-05-30 00:00:00+03:00,6.190000057220459,6.480000019073486,6.099999904632568,6.179999828338623,13042336,0.0,0.0
2025-06-02 00:00:00+03:00,6.159999847412109,6.179999828338623,6.0,6.0,4680674,0.0,0.0
2025-06-03 00:00:00+03:00,6.090000152587891,6.099999904632568,6.0,6.039999961853027,3959818,0.0,0.0
2025-06-04 00:00:00+03:00,6.050000190734863,6.170000076293945,6.03000020980835,6.139999866485596,3316530,0.0,0.0
2025-06-05 00:00:00+03:00,6.139999866485596,6.159999847412109,6.099999904632568,6.110000133514404,1007765,0.0,0.0
2025-06-10 00:00:00+03:00,6.130000114440918,6.199999809265137,6.090000152587891,6.170000076293945,2776522,0.0,0.0
2025-06-11 00:00:00+03:00,6.170000076293945,6.190000057220459,6.090000152587891,6.159999847412109,2406245,0.0,0.0
2025-06-12 00:00:00+03:00,6.139999866485596,6.150000095367432,5.960000038146973,6.0,3519285,0.0,0.0
2025-06-13 00:00:00+03:00,5.699999809265137,5.869999885559082,5.679999828338623,5.820000171661377,2466886,0.0,0.0
2025-06-16 00:00:00+03:00,5.820000171661377,5.880000114440918,5.690000057220459,5.840000152587891,3628626,0.0,0.0
2025-06-17 00:00:00+03:00,5.840000152587891,5.900000095367432,5.760000228881836,5.769999980926514,2406441,0.0,0.0
2025-06-18 00:00:00+03:00,5.78000020980835,5.849999904632568,5.650000095367432,5.670000076293945,2164958,0.0,0.0
2025-06-19 00:00:00+03:00,5.710000038146973,5.809999942779541,5.630000114440918,5.679999828338623,1415098,0.0,0.0
2025-06-20 00:00:00+03:00,5.699999809265137,5.78000020980835,5.650000095367432,5.710000038146973,1618750,0.0,0.0
2025-06-23 00:00:00+03:00,5.670000076293945,5.679999828338623,5.559999942779541,5.599999904632568,2174379,0.0,0.0
2025-06-24 00:00:00+03:00,5.730000019073486,5.800000190734863,5.670000076293945,5.760000228881836,3273608,0.0,0.0
2025-06-25 00:00:00+03:00,5.78000020980835,6.019999980926514,5.739999771118164,6.019999980926514,4995052,0.0,0.0
2025-06-26 00:00:00+03:00,6.039999961853027,6.550000190734863,5.96999979019165,6.119999885559082,21741768,0.0,0.0
2025-06-27 00:00:00+03:00,6.150000095367432,6.179999828338623,5.889999866485596,6.170000076293945,5592269,0.0,0.0
2025-06-30 00:00:00+03:00,6.199999809265137,6.210000038146973,6.039999961853027,6.179999828338623,5478224,0.0,0.0
2025-07-01 00:00:00+03:00,6.179999828338623,6.25,6.130000114440918,6.170000076293945,5007966,0.0,0.0
2025-07-02 00:00:00+03:00,6.21999979019165,6.21999979019165,6.119999885559082,6.130000114440918,3068588,0.0,0.0
2025-07-03 00:00:00+03:00,6.170000076293945,6.199999809265137,6.099999904632568,6.150000095367432,2732621,0.0,0.0
2025-07-04 00:00:00+03:00,6.170000076293945,6.239999771118164,6.110000133514404,6.179999828338623,2504063,0.0,0.0
2025-07-07 00:00:00+03:00,6.179999828338623,6.179999828338623,6.03000020980835,6.03000020980835,2196639,0.0,0.0
2025-07-08 00:00:00+03:00,6.039999961853027,6.110000133514404,5.980000019073486,5.989999771118164,2844176,0.0,0.0
2025-07-09 00:00:00+03:00,6.019999980926514,6.050000190734863,5.949999809265137,6.050000190734863,2029471,0.0,0.0
2025-07-10 00:00:00+03:00,6.070000171661377,6.139999866485596,6.059999942779541,6.110000133514404,1819574,0.0,0.0
2025-07-11 00:00:00+03:00,6.139999866485596,6.170000076293945,6.050000190734863,6.099999904632568,2744439,0.0,0.0
2025-07-14 00:00:00+03:00,6.099999904632568,6.159999847412109,6.090000152587891,6.099999904632568,1675428,0.0,0.0
2025-07-16 00:00:00+03:00,6.099999904632568,6.170000076293945,5.909999847412109,6.0,4741900,0.0,0.0
2025-07-17 00:00:00+03:00,6.019999980926514,6.099999904632568,6.0,6.070000171661377,2419659,0.0,0.0
2025-07-18 00:00:00+03:00,6.070000171661377,6.139999866485596,6.010000228881836,6.099999904632568,3247169,0.0,0.0
2025-07-21 00:00:00+03:00,6.130000114440918,6.25,6.130000114440918,6.199999809265137,4334165,0.0,0.0
2025-07-22 00:00:00+03:00,6.25,6.329999923706055,6.210000038146973,6.28000020980835,3512486,0.0,0.0
2025-07-23 00:00:00+03:00,6.289999961853027,6.349999904632568,6.239999771118164,6.28000020980835,3930296,0.0,0.0
2025-07-24 00:00:00+03:00,6.289999961853027,6.349999904632568,6.260000228881836,6.269999980926514,4042928,0.0,0.0
2025-07-25 00:00:00+03:00,6.28000020980835,6.389999866485596,6.25,6.269999980926514,5502440,0.0,0.0
2025-07-28 00:00:00+03:00,6.329999923706055,6.510000228881836,6.300000190734863,6.449999809265137,8288466,0.0,0.0
2025-07-29 00:00:00+03:00,6.480000019073486,7.090000152587891,6.46999979019165,7.090000152587891,12677738,0.0,0.0
2025-07-30 00:00:00+03:00,7.289999961853027,7.789999961853027,6.679999828338623,6.75,41818551,0.0,0.0
2025-07-31 00:00:00+03:00,6.789999961853027,7.289999961853027,6.570000171661377,7.0,20245603,0.0,0.0
2025-08-01 00:00:00+03:00,7.0,7.090000152587891,6.849999904632568,6.869999885559082,5108435,0.0,0.0
2025-08-04 00:00:00+03:00,7.0,7.03000020980835,6.760000228881836,6.809999942779541,5416069,0.0,0.0
2025-08-05 00:00:00+03:00,6.869999885559082,7.269999980926514,6.840000152587891,7.21999979019165,16480508,0.0,0.0
2025-08-06 00:00:00+03:00,7.210000038146973,7.25,7.050000190734863,7.139999866485596,7194260,0.0,0.0
2025-08-07 00:00:00+03:00,7.21999979019165,7.849999904632568,7.21999979019165,7.849999904632568,20688902,0.0,0.0
2025-08-08 00:00:00+03:00,8.15999984741211,8.420000076293945,7.610000133514404,7.619999885559082,21958855,0.0,0.0
2025-08-11 00:00:00+03:00,7.639999866485596,8.050000190734863,7.510000228881836,7.699999809265137,13897479,0.0,0.0
2025-08-12 00:00:00+03:00,7.900000095367432,7.949999809265137,7.429999828338623,7.429999828338623,6833657,0.0,0.0
2025-08-13 00:00:00+03:00,7.440000057220459,7.570000171661377,7.230000019073486,7.230000019073486,5394751,0.0,0.0
2025-08-14 00:00:00+03:00,7.230000019073486,7.869999885559082,7.199999809265137,7.739999771118164,16909615,0.0,0.0
2025-08-15 00:00:00+03:00,7.71999979019165,8.199999809265137,7.639999866485596,7.900000095367432,14742035,0.0,0.0
2025-08-18 00:00:00+03:00,8.0,8.229999542236328,7.869999885559082,8.050000190734863,8128907,0.0,0.0
2025-08-19 00:00:00+03:00,8.09000015258789,8.130000114440918,7.900000095367432,7.900000095367432,5595661,0.0,0.0
2025-08-20 00:00:00+03:00,7.940000057220459,8.229999542236328,7.929999828338623,8.09000015258789,9076718,0.0,0.0
2025-08-21 00:00:00+03:00,8.300000190734863,8.390000343322754,8.15999984741211,8.220000267028809,9070895,0.0,0.0
2025-08-22 00:00:00+03:00,8.319999694824219,8.319999694824219,8.050000190734863,8.050000190734863,4782527,0.0,0.0
2025-08-25 00:00:00+03:00,8.170000076293945,8.239999771118164,8.0,8.0600004196167,5830099,0.0,0.0
2025-08-26 00:00:00+03:00,8.130000114440918,8.130000114440918,7.809999942779541,7.809999942779541,4573332,0.0,0.0
2025-08-27 00:00:00+03:00,7.909999847412109,7.96999979019165,7.670000076293945,7.690000057220459,4550032,0.0,0.0
2025-08-28 00:00:00+03:00,7.71999979019165,7.789999961853027,7.570000171661377,7.599999904632568,3585808,0.0,0.0
2025-08-29 00:00:00+03:00,7.699999809265137,7.75,7.400000095367432,7.420000076293945,3611864,0.0,0.0
2025-09-01 00:00:00+03:00,7.46999979019165,8.0600004196167,7.429999828338623,7.920000076293945,8956850,0.0,0.0
2025-09-02 00:00:00+03:00,7.880000114440918,7.929999828338623,7.309999942779541,7.539999961853027,7377030,0.0,0.0
2025-09-03 00:00:00+03:00,7.559999942779541,7.679999828338623,7.309999942779541,7.489999771118164,3691513,0.0,0.0
2025-09-04 00:00:00+03:00,7.449999809265137,7.639999866485596,7.449999809265137,7.559999942779541,3200637,0.0,0.0
2025-09-05 00:00:00+03:00,7.599999904632568,8.0600004196167,7.559999942779541,7.710000038146973,9726251,0.0,0.0
2025-09-08 00:00:00+03:00,7.699999809265137,7.699999809265137,7.300000190734863,7.300000190734863,4384527,0.0,0.0
2025-09-09 00:00:00+03:00,7.309999942779541,7.389999866485596,7.150000095367432,7.210000038146973,4447705,0.0,0.0
2025-09-10 00:00:00+03:00,7.260000228881836,7.320000171661377,7.039999961853027,7.059999942779541,2820216,0.0,0.0
2025-09-11 00:00:00+03:00,7.059999942779541,7.170000076293945,6.820000171661377,6.820000171661377,4030973,0.0,0.0
2025-09-12 00:00:00+03:00,6.920000076293945,6.960000038146973,6.679999828338623,6.960000038146973,4283497,0.0,0.0
2025-09-15 00:00:00+03:00,6.960000038146973,7.25,6.760000228881836,7.210000038146973,4389554,0.0,0.0
2025-09-16 00:00:00+03:00,7.21999979019165,7.420000076293945,7.130000114440918,7.380000114440918,4792488,0.0,0.0
2025-09-17 00:00:00+03:00,7.380000114440918,7.5,7.300000190734863,7.380000114440918,4030853,0.0,0.0
2025-09-18 00:00:00+03:00,7.380000114440918,7.559999942779541,7.25,7.300000190734863,3576600,0.0,0.0
2025-09-19 00:00:00+03:00,7.320000171661377,7.489999771118164,7.150000095367432,7.460000038146973,4862983,0.0,0.0
2025-09-22 00:00:00+03:00,7.550000190734863,7.590000152587891,7.349999904632568,7.380000114440918,4749406,0.0,0.0
2025-09-23 00:00:00+03:00,7.380000114440918,7.380000114440918,7.179999828338623,7.21999979019165,2968033,0.0,0.0
2025-09-24 00:00:00+03:00,7.230000019073486,7.289999961853027,7.110000133514404,7.190000057220459,2041739,0.0,0.0
2025-09-25 00:00:00+03:00,7.190000057220459,7.25,7.039999961853027,7.059999942779541,1566118,0.0,0.0
2025-09-26 00:00:00+03:00,7.079999923706055,7.159999847412109,6.949999809265137,6.96999979019165,2038050,0.0,0.0
2025-09-29 00:00:00+03:00,6.949999809265137,7.070000171661377,6.909999847412109,6.909999847412109,1792915,0.0,0.0
2025-09-30 00:00:00+03:00,6.909999847412109,6.980000019073486,6.809999942779541,6.949999809265137,4044579,0.0,0.0
2025-10-01 00:00:00+03:00,6.949999809265137,7.03000020980835,6.769999980926514,6.920000076293945,3503485,0.0,0.0
2025-10-02 00:00:00+03:00,6.920000076293945,7.070000171661377,6.769999980926514,6.769999980926514,1719177,0.0,0.0
2025-10-03 00:00:00+03:00,6.789999961853027,7.329999923706055,6.789999961853027,7.099999904632568,10422680,0.0,0.0
2025-10-06 00:00:00+03:00,7.139999866485596,7.25,6.909999847412109,6.920000076293945,5094536,0.0,0.0
2025-10-07 00:00:00+03:00,6.949999809265137,7.340000152587891,6.909999847412109,7.010000228881836,6596521,0.0,0.0
2025-10-08 00:00:00+03:00,7.010000228881836,7.360000133514404,6.900000095367432,7.28000020980835,8976124,0.0,0.0
2025-10-09 00:00:00+03:00,7.340000152587891,7.5,7.130000114440918,7.369999885559082,11474673,0.0,0.0
2025-10-10 00:00:00+03:00,7.400000095367432,7.429999828338623,7.170000076293945,7.400000095367432,8446491,0.0,0.0
2025-10-13 00:00:00+03:00,7.420000076293945,7.809999942779541,7.28000020980835,7.610000133514404,12369259,0.0,0.0
2025-10-14 00:00:00+03:00,7.699999809265137,7.730000019073486,7.300000190734863,7.300000190734863,7155487,0.0,0.0
2025-10-15 00:00:00+03:00,7.5,7.769999980926514,7.369999885559082,7.679999828338623,8720687,0.0,0.0
2025-10-16 00:00:00+03:00,7.679999828338623,8.0,7.630000114440918,7.71999979019165,9967688,0.0,0.0
2025-10-17 00:00:00+03:00,7.71999979019165,7.800000190734863,7.260000228881836,7.550000190734863,8214006,0.0,0.0
2025-10-20 00:00:00+03:00,7.53000020980835,7.909999847412109,7.53000020980835,7.849999904632568,7075603,0.0,0.0
2025-10-21 00:00:00+03:00,7.900000095367432,7.909999847412109,7.610000133514404,7.610000133514404,5935082,0.0,0.0
2025-10-22 00:00:00+03:00,7.619999885559082,7.849999904632568,7.570000171661377,7.570000171661377,8351706,0.0,0.0
2025-10-23 00:00:00+03:00,7.599999904632568,7.650000095367432,7.349999904632568,7.349999904632568,5079334,0.0,0.0
2025-10-24 00:00:00+03:00,7.380000114440918,7.570000171661377,7.380000114440918,7.5,6025592,0.0,0.0
2025-10-27 00:00:00+03:00,7.5,7.570000171661377,7.400000095367432,7.449999809265137,3773665,0.0,0.0
2025-10-28 00:00:00+03:00,7.489999771118164,7.570000171661377,7.440000057220459,7.46999979019165,1401861,0.0,0.0
2025-10-30 00:00:00+03:00,7.489999771118164,7.71999979019165,7.400000095367432,7.599999904632568,5054406,0.0,0.0
2025-10-31 00:00:00+03:00,7.659999847412109,7.670000076293945,7.349999904632568,7.380000114440918,4976516,0.0,0.0
2025-11-03 00:00:00+03:00,7.480000019073486,7.579999923706055,7.380000114440918,7.389999866485596,4014852,0.0,0.0
2025-11-04 00:00:00+03:00,7.420000076293945,7.420000076293945,7.150000095367432,7.159999847412109,4376188,0.0,0.0
2025-11-05 00:00:00+03:00,7.170000076293945,7.260000228881836,7.119999885559082,7.139999866485596,3529341,0.0,0.0
2025-11-06 00:00:00+03:00,7.150000095367432,7.269999980926514,7.119999885559082,7.159999847412109,3603659,0.0,0.0
2025-11-07 00:00:00+03:00,7.179999828338623,7.420000076293945,6.929999828338623,6.980000019073486,5237973,0.0,0.0
2025-11-10 00:00:00+03:00,7.199999809265137,7.210000038146973,6.929999828338623,6.960000038146973,2201757,0.0,0.0
2025-11-11 00:00:00+03:00,6.96999979019165,7.139999866485596,6.659999847412109,6.78000020980835,4607247,0.0,0.0
2025-11-12 00:00:00+03:00,6.809999942779541,6.900000095367432,6.710000038146973,6.710000038146973,1611191,0.0,0.0
2025-11-13 00:00:00+03:00,6.800000190734863,7.380000114440918,6.800000190734863,7.0,28006002,0.0,0.0
2025-11-14 00:00:00+03:00,6.960000038146973,7.010000228881836,6.769999980926514,6.809999942779541,4470488,0.0,0.0
2025-11-17 00:00:00+03:00,6.900000095367432,7.090000152587891,6.849999904632568,6.96999979019165,3929551,0.0,0.0
2025-11-18 00:00:00+03:00,7.0,7.190000057220459,6.96999979019165,6.989999771118164,4638948,0.0,0.0
2025-11-19 00:00:00+03:00,6.989999771118164,7.179999828338623,6.980000019073486,7.0,3138932,0.0,0.0
2025-11-20 00:00:00+03:00,7.059999942779541,7.090000152587891,6.909999847412109,6.949999809265137,2037853,0.0,0.0
2025-11-21 00:00:00+03:00,6.949999809265137,6.980000019073486,6.840000152587891,6.880000114440918,1602223,0.0,0.0
2025-11-24 00:00:00+03:00,6.880000114440918,7.0,6.789999961853027,6.800000190734863,1790092,0.0,0.0
2025-11-25 00:00:00+03:00,6.809999942779541,6.849999904632568,6.679999828338623,6.769999980926514,2266537,0.0,0.0
2025-11-26 00:00:00+03:00,6.710000038146973,6.820000171661377,6.699999809265137,6.739999771118164,2276234,0.0,0.0
2025-11-27 00:00:00+03:00,6.75,6.789999961853027,6.630000114440918,6.659999847412109,1511933,0.0,0.0
2025-11-28 00:00:00+03:00,6.849999904632568,6.989999771118164,6.670000076293945,6.699999809265137,4097096,0.0,0.0
2025-12-01 00:00:00+03:00,6.900000095367432,6.900000095367432,6.730000019073486,6.78000020980835,1799626,0.0,0.0
2025-12-02 00:00:00+03:00,6.78000020980835,6.840000152587891,6.760000228881836,6.820000171661377,1525353,0.0,0.0
2025-12-03 00:00:00+03:00,6.820000171661377,6.860000133514404,6.71999979019165,6.769999980926514,1480803,0.0,0.0
2025-12-04 00:00:00+03:00,6.78000020980835,6.809999942779541,6.630000114440918,6.639999866485596,1584854,0.0,0.0
2025-12-05 00:00:00+03:00,6.630000114440918,6.730000019073486,6.579999923706055,6.730000019073486,2041157,0.0,0.0
2025-12-08 00:00:00+03:00,6.75,6.800000190734863,6.690000057220459,6.769999980926514,1856120,0.0,0.0
2025-12-09 00:00:00+03:00,6.789999961853027,6.789999961853027,6.699999809265137,6.75,1293465,0.0,0.0
2025-12-10 00:00:00+03:00,6.75,6.78000020980835,6.679999828338623,6.679999828338623,1374978,0.0,0.0
2025-12-11 00:00:00+03:00,6.710000038146973,6.820000171661377,6.679999828338623,6.730000019073486,1626323,0.0,0.0
2025-12-12 00:00:00+03:00,6.78000020980835,6.789999961853027,6.690000057220459,6.789999961853027,1502170,0.0,0.0
2025-12-15 00:00:00+03:00,6.900000095367432,7.050000190734863,6.769999980926514,6.820000171661377,5329957,0.0,0.0
2025-12-16 00:00:00+03:00,6.820000171661377,6.840000152587891,6.730000019073486,6.769999980926514,1294762,0.0,0.0
2025-12-17 00:00:00+03:00,6.760000228881836,6.78000020980835,6.699999809265137,6.710000038146973,1290110,0.0,0.0
2025-12-18 00:00:00+03:00,6.730000019073486,6.760000228881836,6.699999809265137,6.710000038146973,1144163,0.0,0.0
2025-12-19 00:00:00+03:00,6.71999979019165,6.71999979019165,6.659999847412109,6.679999828338623,935680,0.0,0.0
2025-12-22 00:00:00+03:00,6.699999809265137,6.710000038146973,6.550000190734863,6.559999942779541,1699529,0.0,0.0
2025-12-23 00:00:00+03:00,6.550000190734863,6.579999923706055,6.440000057220459,6.460000038146973,1788561,0.0,0.0
2025-12-24 00:00:00+03:00,6.460000038146973,6.590000152587891,6.429999828338623,6.46999979019165,1066954,0.0,0.0
2025-12-25 00:00:00+03:00,6.46999979019165,6.5,6.429999828338623,6.429999828338623,667204,0.0,0.0
2025-12-26 00:00:00+03:00,6.429999828338623,6.460000038146973,6.329999923706055,6.369999885559082,938568,0.0,0.0
2025-12-29 00:00:00+03:00,6.380000114440918,6.460000038146973,6.25,6.260000228881836,981387,0.0,0.0
2025-12-30 00:00:00+03:00,6.449999809265137,6.610000133514404,6.28000020980835,6.300000190734863,2500022,0.0,0.0
2025-12-31 00:00:00+03:00,6.309999942779541,6.360000133514404,6.28000020980835,6.289999961853027,843872,0.0,0.0
2026-01-02 00:00:00+03:00,6.289999961853027,6.440000057220459,6.289999961853027,6.400000095367432,1467046,0.0,0.0
2026-01-05 00:00:00+03:00,6.400000095367432,6.449999809265137,6.329999923706055,6.369999885559082,2022209,0.0,0.0
2026-01-06 00:00:00+03:00,6.360000133514404,6.429999828338623,6.340000152587891,6.409999847412109,1343266,0.0,0.0
2026-01-07 00:00:00+03:00,6.409999847412109,6.449999809265137,6.320000171661377,6.320000171661377,1013189,0.0,0.0
2026-01-08 00:00:00+03:00,6.309999942779541,6.349999904632568,6.199999809265137,6.349999904632568,1261824,0.0,0.0
2026-01-09 00:00:00+03:00,6.349999904632568,6.349999904632568,6.289999961853027,6.309999942779541,859058,0.0,0.0
2026-01-12 00:00:00+03:00,6.349999904632568,6.409999847412109,6.320000171661377,6.349999904632568,1304261,0.0,0.0
2026-01-13 00:00:00+03:00,6.329999923706055,6.53000020980835,6.320000171661377,6.489999771118164,2802996,0.0,0.0
2026-01-14 00:00:00+03:00,6.550000190734863,6.960000038146973,6.550000190734863,6.650000095367432,12854413,0.0,0.0
2026-01-15 00:00:00+03:00,6.650000095367432,6.820000171661377,6.510000228881836,6.699999809265137,4124070,0.0,0.0
2026-01-16 00:00:00+03:00,6.659999847412109,6.829999923706055,6.590000152587891,6.730000019073486,4358456,0.0,0.0
2026-01-19 00:00:00+03:00,6.730000019073486,6.78000020980835,6.659999847412109,6.699999809265137,2448918,0.0,0.0
2026-01-20 00:00:00+03:00,6.690000057220459,7.019999980926514,6.599999904632568,6.71999979019165,6606842,0.0,0.0
2026-01-21 00:00:00+03:00,6.739999771118164,6.860000133514404,6.699999809265137,6.699999809265137,3658123,0.0,0.0
2026-01-22 00:00:00+03:00,6.699999809265137,6.800000190734863,6.690000057220459,6.78000020980835,1916827,0.0,0.0
2026-01-23 00:00:00+03:00,6.789999961853027,6.869999885559082,6.710000038146973,6.789999961853027,3536568,0.0,0.0
2026-01-26 00:00:00+03:00,6.71999979019165,6.889999866485596,6.71999979019165,6.860000133514404,2447979,0.0,0.0
2026-01-27 00:00:00+03:00,6.769999980926514,6.909999847412109,6.769999980926514,6.800000190734863,2228720,0.0,0.0
2026-01-28 00:00:00+03:00,6.840000152587891,6.929999828338623,6.789999961853027,6.900000095367432,3204957,0.0,0.0
2026-01-29 00:00:00+03:00,6.929999828338623,6.949999809265137,6.800000190734863,6.849999904632568,2922739,0.0,0.0
2026-01-30 00:00:00+03:00,6.820000171661377,6.920000076293945,6.769999980926514,6.889999866485596,2311606,0.0,0.0
2026-02-02 00:00:00+03:00,6.760000228881836,6.989999771118164,6.670000076293945,6.909999847412109,2703173,0.0,0.0
2026-02-03 00:00:00+03:00,6.960000038146973,7.159999847412109,6.949999809265137,7.119999885559082,4070392,0.0,0.0
2026-02-04 00:00:00+03:00,7.130000114440918,7.210000038146973,6.96999979019165,6.96999979019165,3760597,0.0,0.0
2026-02-05 00:00:00+03:00,6.949999809265137,7.039999961853027,6.769999980926514,6.820000171661377,2999564,0.0,0.0
2026-02-06 00:00:00+03:00,6.800000190734863,6.920000076293945,6.710000038146973,6.840000152587891,1919964,0.0,0.0
2026-02-09 00:00:00+03:00,6.860000133514404,7.090000152587891,6.860000133514404,7.090000152587891,3023905,0.0,0.0
2026-02-10 00:00:00+03:00,7.130000114440918,7.130000114440918,7.0,7.099999904632568,1430400,0.0,0.0
2026-02-11 00:00:00+03:00,7.03000020980835,7.329999923706055,7.0,7.170000076293945,6447949,0.0,0.0
2026-02-12 00:00:00+03:00,7.25,7.309999942779541,7.179999828338623,7.25,3241836,0.0,0.0
2026-02-13 00:00:00+03:00,7.25,7.260000228881836,7.099999904632568,7.110000133514404,2499409,0.0,0.0
2026-02-16 00:00:00+03:00,7.119999885559082,7.440000057220459,7.119999885559082,7.329999923706055,2699341,0.0,0.0
2026-02-17 00:00:00+03:00,7.340000152587891,7.389999866485596,7.230000019073486,7.28000020980835,1478350,0.0,0.0
2026-02-18 00:00:00+03:00,7.28000020980835,7.679999828338623,7.170000076293945,7.199999809265137,5593226,0.0,0.0
2026-02-19 00:00:00+03:00,7.159999847412109,7.400000095367432,6.849999904632568,6.849999904632568,3539798,0.0,0.0
2026-02-20 00:00:00+03:00,6.900000095367432,7.119999885559082,6.869999885559082,6.929999828338623,1040164,0.0,0.0
2026-02-23 00:00:00+03:00,6.940000057220459,7.230000019073486,6.909999847412109,7.159999847412109,2706545,0.0,0.0
2026-02-24 00:00:00+03:00,7.179999828338623,7.5,7.079999923706055,7.289999961853027,4693228,0.0,0.0
2026-02-25 00:00:00+03:00,7.289999961853027,7.610000133514404,6.820000171661377,6.820000171661377,8625897,0.0,0.0
2026-02-26 00:00:00+03:00,7.199999809265137,7.21999979019165,6.849999904632568,6.96999979019165,2742824,0.0,0.0
2026-02-27 00:00:00+03:00,6.980000019073486,7.059999942779541,6.789999961853027,6.809999942779541,2626043,0.0,0.0
2026-03-02 00:00:00+03:00,6.150000095367432,6.960000038146973,6.150000095367432,6.360000133514404,2733115,0.0,0.0
2026-03-03 00:00:00+03:00,6.340000152587891,6.5,6.210000038146973,6.21999979019165,1497192,0.0,0.0
2026-03-04 00:00:00+03:00,6.21999979019165,6.519999980926514,6.170000076293945,6.429999828338623,2154302,0.0,0.0
2026-03-05 00:00:00+03:00,6.389999866485596,6.579999923706055,6.389999866485596,6.449999809265137,1709035,0.0,0.0
2026-03-06 00:00:00+03:00,6.449999809265137,6.5,6.269999980926514,6.309999942779541,812869,0.0,0.0
2026-03-09 00:00:00+03:00,6.210000038146973,6.5,6.170000076293945,6.380000114440918,749018,0.0,0.0
2026-03-10 00:00:00+03:00,6.409999847412109,6.630000114440918,6.409999847412109,6.480000019073486,2580209,0.0,0.0
2026-03-11 00:00:00+03:00,6.480000019073486,6.550000190734863,6.429999828338623,6.440000057220459,1033382,0.0,0.0
2026-03-12 00:00:00+03:00,6.460000038146973,6.539999961853027,6.139999866485596,6.409999847412109,1350498,0.0,0.0
2026-03-13 00:00:00+03:00,6.400000095367432,6.429999828338623,6.21999979019165,6.329999923706055,1154655,0.0,0.0
2026-03-16 00:00:00+03:00,6.329999923706055,6.389999866485596,6.019999980926514,6.190000057220459,1877410,0.0,0.0
2026-03-17 00:00:00+03:00,6.210000038146973,6.360000133514404,6.199999809265137,6.309999942779541,1031307,0.0,0.0
2026-03-18 00:00:00+03:00,6.309999942779541,6.389999866485596,6.28000020980835,6.320000171661377,649903,0.0,0.0
2026-03-19 00:00:00+03:00,6.320000171661377,6.329999923706055,6.25,6.289999961853027,228414,0.0,0.0
2026-03-23 00:00:00+03:00,6.210000038146973,6.659999847412109,6.099999904632568,6.510000228881836,8303831,0.0,0.0
2026-03-24 00:00:00+03:00,6.599999904632568,6.869999885559082,6.539999961853027,6.550000190734863,5756331,0.0,0.0
2026-03-25 00:00:00+03:00,6.599999904632568,6.78000020980835,6.449999809265137,6.460000038146973,4519653,0.0,0.0
2026-03-26 00:00:00+03:00,6.46999979019165,6.539999961853027,6.409999847412109,6.409999847412109,1228096,0.0,0.0
2026-03-27 00:00:00+03:00,6.449999809265137,6.519999980926514,6.309999942779541,6.320000171661377,1431452,0.0,0.0
2026-03-30 00:00:00+03:00,6.320000171661377,6.380000114440918,6.239999771118164,6.260000228881836,1500375,0.0,0.0
2026-03-31 00:00:00+03:00,6.269999980926514,6.360000133514404,6.269999980926514,6.340000152587891,1192133,0.0,0.0
2026-04-01 00:00:00+03:00,6.400000095367432,6.46999979019165,6.349999904632568,6.409999847412109,2870178,0.0,0.0
2026-04-02 00:00:00+03:00,6.360000133514404,6.400000095367432,6.289999961853027,6.369999885559082,1635395,0.0,0.0
2026-04-03 00:00:00+03:00,6.400000095367432,6.590000152587891,6.389999866485596,6.460000038146973,2299594,0.0,0.0
2026-04-06 00:00:00+03:00,6.510000228881836,6.53000020980835,6.429999828338623,6.429999828338623,1892834,0.0,0.0
2026-04-07 00:00:00+03:00,6.429999828338623,6.559999942779541,6.230000019073486,6.260000228881836,1166258,0.0,0.0
2026-04-08 00:00:00+03:00,6.380000114440918,6.5,6.369999885559082,6.420000076293945,1591717,0.0,0.0
2026-04-09 00:00:00+03:00,6.389999866485596,6.5,6.389999866485596,6.409999847412109,1840510,0.0,0.0
2026-04-10 00:00:00+03:00,6.429999828338623,6.53000020980835,6.429999828338623,6.5,1748759,0.0,0.0
2026-04-13 00:00:00+03:00,6.440000057220459,6.440000057220459,6.309999942779541,6.389999866485596,2005003,0.0,0.0
2026-04-14 00:00:00+03:00,6.429999828338623,6.539999961853027,6.380000114440918,6.429999828338623,3739193,0.0,0.0
2026-04-15 00:00:00+03:00,6.440000057220459,6.570000171661377,6.429999828338623,6.539999961853027,3940620,0.0,0.0
2026-04-16 00:00:00+03:00,6.539999961853027,6.71999979019165,6.539999961853027,6.619999885559082,4539124,0.0,0.0
2026-04-17 00:00:00+03:00,6.670000076293945,6.739999771118164,6.590000152587891,6.679999828338623,4108870,0.0,0.0
2026-04-20 00:00:00+03:00,6.639999866485596,6.670000076293945,6.550000190734863,6.579999923706055,3615661,0.0,0.0
2026-04-21 00:00:00+03:00,6.590000152587891,6.809999942779541,6.590000152587891,6.730000019073486,6428907,0.0,0.0
2026-04-22 00:00:00+03:00,6.739999771118164,6.760000228881836,6.53000020980835,6.590000152587891,3465137,0.0,0.0
2026-04-24 00:00:00+03:00,6.539999961853027,6.679999828338623,6.519999980926514,6.639999866485596,2860001,0.0,0.0
2026-04-27 00:00:00+03:00,6.639999866485596,6.78000020980835,6.630000114440918,6.639999866485596,2163612,0.0,0.0
2026-04-28 00:00:00+03:00,6.670000076293945,6.670000076293945,6.539999961853027,6.599999904632568,1638238,0.0,0.0
2026-04-29 00:00:00+03:00,6.570000171661377,6.670000076293945,6.570000171661377,6.590000152587891,2396107,0.0,0.0
2026-04-30 00:00:00+03:00,6.590000152587891,6.670000076293945,6.519999980926514,6.550000190734863,3464402,0.0,0.0
2026-05-04 00:00:00+03:00,6.670000076293945,6.670000076293945,6.360000133514404,6.429999828338623,5670977,0.0,0.0
2026-05-05 00:00:00+03:00,6.429999828338623,6.5,6.349999904632568,6.389999866485596,3290534,0.0,0.0
2026-05-06 00:00:00+03:00,6.409999847412109,6.489999771118164,6.409999847412109,6.480000019073486,3185838,0.0,0.0
2026-05-07 00:00:00+03:00,6.460000038146973,6.599999904632568,6.409999847412109,6.599999904632568,3218594,0.0,0.0
2026-05-08 00:00:00+03:00,6.599999904632568,6.730000019073486,6.570000171661377,6.730000019073486,3361453,0.0,0.0
2026-05-11 00:00:00+03:00,6.800000190734863,6.800000190734863,6.610000133514404,6.639999866485596,4782916,0.0,0.0
2026-05-12 00:00:00+03:00,6.710000038146973,6.710000038146973,6.590000152587891,6.639999866485596,10475143,0.0,0.0
2026-05-13 00:00:00+03:00,6.679999828338623,6.690000057220459,6.480000019073486,6.489999771118164,3023646,0.0,0.0
2026-05-14 00:00:00+03:00,6.510000228881836,6.659999847412109,6.510000228881836,6.659999847412109,2859473,0.0,0.0
2026-05-15 00:00:00+03:00,6.630000114440918,6.630000114440918,6.480000019073486,6.519999980926514,1618298,0.0,0.0
2026-05-18 00:00:00+03:00,6.519999980926514,6.539999961853027,6.329999923706055,6.329999923706055,1453710,0.0,0.0
2026-05-20 00:00:00+03:00,6.340000152587891,6.409999847412109,6.300000190734863,6.349999904632568,1477959,0.0,0.0
2026-05-21 00:00:00+03:00,6.349999904632568,6.360000133514404,6.039999961853027,6.039999961853027,2073217,0.0,0.0
2026-05-22 00:00:00+03:00,5.900000095367432,6.260000228881836,5.900000095367432,6.21999979019165,2770284,0.0,0.0
2026-05-25 00:00:00+03:00,6.28000020980835,6.349999904632568,6.230000019073486,6.289999961853027,1346456,0.0,0.0
2026-05-26 00:00:00+03:00,6.300000190734863,6.309999942779541,6.210000038146973,6.289999961853027,564522,0.0,0.0
2026-05-27 00:00:00+03:00,6.289999961853027,6.289999961853027,6.289999961853027,6.289999961853027,0,0.0,0.0
2026-05-28 00:00:00+03:00,6.289999961853027,6.289999961853027,6.289999961853027,6.289999961853027,0,0.0,0.0
2026-05-29 00:00:00+03:00,6.289999961853027,6.289999961853027,6.289999961853027,6.289999961853027,0,0.0,0.0
2026-06-01 00:00:00+03:00,6.329999923706055,6.409999847412109,6.309999942779541,6.389999866485596,1960577,0.0,0.0
2026-06-02 00:00:00+03:00,6.420000076293945,6.46999979019165,6.389999866485596,6.449999809265137,898602,0.0,0.0
2026-06-03 00:00:00+03:00,6.449999809265137,6.460000038146973,6.320000171661377,6.329999923706055,1033721,0.0,0.0
2026-06-04 00:00:00+03:00,6.400000095367432,6.550000190734863,6.349999904632568,6.550000190734863,6351142,0.0,0.0
2026-06-05 00:00:00+03:00,6.599999904632568,6.619999885559082,6.340000152587891,6.369999885559082,3127574,0.0,0.0
2026-06-08 00:00:00+03:00,6.360000133514404,6.639999866485596,6.090000152587891,6.550000190734863,4189451,0.0,0.0
2026-06-09 00:00:00+03:00,6.550000190734863,6.559999942779541,6.409999847412109,6.449999809265137,1944559,0.0,0.0
2026-06-10 00:00:00+03:00,6.460000038146973,6.550000190734863,6.409999847412109,6.5,1610314,0.0,0.0
2026-06-11 00:00:00+03:00,6.539999961853027,6.570000171661377,6.340000152587891,6.360000133514404,1522013,0.0,0.0
2026-06-12 00:00:00+03:00,6.400000095367432,6.460000038146973,6.28000020980835,6.360000133514404,1312356,0.0,0.0
2026-06-15 00:00:00+03:00,6.389999866485596,6.599999904632568,6.389999866485596,6.570000171661377,2211923,0.0,0.0
2026-06-16 00:00:00+03:00,6.559999942779541,6.559999942779541,6.429999828338623,6.489999771118164,1448665,0.0,0.0
2026-06-17 00:00:00+03:00,6.420000076293945,6.599999904632568,6.409999847412109,6.420000076293945,1443400,0.0,0.0
2026-06-18 00:00:00+03:00,6.420000076293945,6.599999904632568,6.420000076293945,6.599999904632568,1739120,0.0,0.0
2026-06-19 00:00:00+03:00,6.630000114440918,6.630000114440918,6.480000019073486,6.539999961853027,2884887,0.0,0.0
2026-06-22 00:00:00+03:00,6.579999923706055,6.650000095367432,6.510000228881836,6.559999942779541,3103451,0.0,0.0
2026-06-23 00:00:00+03:00,6.599999904632568,6.599999904632568,6.5,6.539999961853027,816712,0.0,0.0
2026-06-24 00:00:00+03:00,6.5,6.579999923706055,6.420000076293945,6.449999809265137,1143614,0.0,0.0
2026-06-25 00:00:00+03:00,6.449999809265137,6.570000171661377,6.420000076293945,6.539999961853027,1516864,0.0,0.0
2026-06-26 00:00:00+03:00,6.559999942779541,6.590000152587891,6.489999771118164,6.5,1010747,0.0,0.0
2026-06-29 00:00:00+03:00,6.510000228881836,6.599999904632568,6.429999828338623,6.46999979019165,1791380,0.0,0.0
2026-06-30 00:00:00+03:00,6.46999979019165,6.559999942779541,6.409999847412109,6.449999809265137,1968503,0.0,0.0
2026-07-01 00:00:00+03:00,6.420000076293945,6.940000057220459,6.380000114440918,6.46999979019165,4902420,0.0,0.0
2026-07-02 00:00:00+03:00,6.480000019073486,6.519999980926514,6.300000190734863,6.309999942779541,2740573,0.0,0.0
2026-07-03 00:00:00+03:00,6.309999942779541,6.440000057220459,6.260000228881836,6.260000228881836,2679143,0.0,0.0
2026-07-06 00:00:00+03:00,6.260000228881836,6.420000076293945,6.210000038146973,6.21999979019165,2234150,0.0,0.0
2026-07-07 00:00:00+03:00,6.199999809265137,6.619999885559082,6.190000057220459,6.489999771118164,8956334,0.0,0.0
2026-07-08 00:00:00+03:00,6.53000020980835,6.550000190734863,6.329999923706055,6.340000152587891,3177446,0.0,0.0
2026-07-09 00:00:00+03:00,6.360000133514404,6.46999979019165,6.050000190734863,6.300000190734863,2666498,0.0,0.0
2026-07-10 00:00:00+03:00,6.360000133514404,6.389999866485596,6.300000190734863,6.369999885559082,825953,0.0,0.0
2026-07-13 00:00:00+03:00,6.369999885559082,6.460000038146973,6.28000020980835,6.440000057220459,1532078,0.0,0.0
2026-07-14 00:00:00+03:00,6.460000038146973,6.53000020980835,6.349999904632568,6.369999885559082,2171031,0.0,0.0
2026-07-16 00:00:00+03:00,6.369999885559082,6.869999885559082,6.360000133514404,6.71999979019165,8597734,0.0,0.0
2026-07-17 00:00:00+03:00,6.800000190734863,7.25,6.690000057220459,6.949999809265137,18887223,0.0,0.0
2026-07-20 00:00:00+03:00,7.079999923706055,7.28000020980835,6.900000095367432,7.179999828338623,13212165,0.0,0.0
2026-07-21 00:00:00+03:00,7.179999828338623,7.400000095367432,6.980000019073486,7.159999847412109,16251546,0.0,0.0
2026-07-22 00:00:00+03:00,7.21999979019165,7.21999979019165,6.710000038146973,6.760000228881836,10657182,0.0,0.0
2026-07-23 00:00:00+03:00,6.760000228881836,7.119999885559082,6.659999847412109,7.010000228881836,11437970,0.0,0.0
2026-07-24 00:00:00+03:00,7.010000228881836,7.079999923706055,6.820000171661377,6.849999904632568,4625397,0.0,0.0
2026-07-27 00:00:00+03:00,7.050000190734863,7.099999904632568,6.75,6.849999904632568,7427082,0.0,0.0
2026-07-28 00:00:00+03:00,6.849999904632568,6.900000095367432,6.610000133514404,6.710000038146973,4005347,0.0,0.0
2026-07-29 00:00:00+03:00,6.809999942779541,6.809999942779541,6.300000190734863,6.329999923706055,5272317,0.0,0.0
2026-07-30 00:00:00+03:00,6.320000171661377,6.409999847412109,6.230000019073486,6.230000019073486,2251918,0.0,0.0
2026-08-03 00:00:00+03:00,6.300000190734863,6.369999885559082,6.190000057220459,6.239999771118164,1657085,0.0,0.0
2026-08-04 00:00:00+03:00,6.239999771118164,6.289999961853027,6.210000038146973,6.230000019073486,1443177,0.0,0.0
2026-08-05 00:00:00+03:00,6.25,6.269999980926514,6.130000114440918,6.210000038146973,2393002,0.0,0.0
2026-08-06 00:00:00+03:00,6.190000057220459,6.25,6.139999866485596,6.190000057220459,1464039,0.0,0.0
2026-08-07 00:00:00+03:00,6.150000095367432,6.199999809265137,6.099999904632568,6.119999885559082,1686242,0.0,0.0
2026-08-10 00:00:00+03:00,6.210000038146973,6.630000114440918,6.03000020980835,6.239999771118164,16583434,0.0,0.0
2026-08-11 00:00:00+03:00,6.349999904632568,6.539999961853027,6.25,6.440000057220459,7630720,0.0,0.0
2026-08-12 00:00:00+03:00,6.480000019073486,6.599999904632568,6.300000190734863,6.489999771118164,11751534,0.0,0.0
