date,open,high,low,close,volume,dividends,stock_splits
2020-08-14 00:00:00+03:00,74.31415547958109,74.31415547958109,70.74299086003552,71.890869140625,26786,0.0,0.0
2020-08-17 00:00:00+03:00,71.42321362251808,76.56738815088218,70.99807544619357,74.65426635742188,21249,0.0,0.0
2020-08-18 00:00:00+03:00,74.69678278901458,76.05722377433098,72.52858179316183,75.9296875,22188,0.0,0.0
2020-08-19 00:00:00+03:00,75.88717212677003,78.60805413479684,74.82432657877604,76.5248794555664,31089,0.0,0.0
2020-08-20 00:00:00+03:00,76.52487289096412,79.33078749180368,72.95371475089,76.18476104736328,88579,0.0,0.0
2020-08-21 00:00:00+03:00,76.86498366418891,81.41396085860887,75.844648147595,76.14225006103516,203020,0.0,0.0
2020-08-24 00:00:00+03:00,75.75962505095062,78.69308248868263,74.9093486609577,75.29197692871094,63371,0.0,0.0
2020-08-25 00:00:00+03:00,75.20694402460818,75.63208221917824,71.50824302926735,73.08125305175781,47720,0.0,0.0
2020-08-26 00:00:00+03:00,72.78365325927734,73.80398875746852,71.42321241544941,72.78365325927734,34152,0.0,0.0
2020-08-27 00:00:00+03:00,72.7836630211825,74.61175869108963,72.31601486466315,73.76148223876953,48839,0.0,0.0
2020-08-28 00:00:00+03:00,73.97404474546576,74.3991829336581,72.27349199269644,72.86868286132812,21874,0.0,0.0
2020-08-31 00:00:00+03:00,72.69863574476126,72.741152161672,69.80769454638111,70.57294464111328,39739,0.0,0.0
2020-09-01 00:00:00+03:00,71.04059267253848,71.04059267253848,68.02210899121575,69.85020446777344,29669,0.0,0.0
2020-09-02 00:00:00+03:00,70.82802368607462,73.29381995095642,69.72266181850469,71.890869140625,50610,0.0,0.0
2020-09-03 00:00:00+03:00,72.35852720442959,72.65612267523213,70.23283600284768,70.65797424316406,26383,0.0,0.0
2020-09-04 00:00:00+03:00,70.27534275228966,75.1644318432214,69.72266181850469,71.890869140625,105587,0.0,0.0
2020-09-07 00:00:00+03:00,72.31600731877911,73.12376726935892,71.08310269930688,72.27349090576172,41452,0.0,0.0
2020-09-08 00:00:00+03:00,71.67830113335881,73.16628479222491,71.50824196580346,72.4860610961914,37354,0.0,0.0
2020-09-09 00:00:00+03:00,72.78365663262157,80.0535222566863,72.35851844377788,76.39733123779297,314756,0.0,0.0
2020-09-10 00:00:00+03:00,76.60990035842116,80.26609137856519,74.82432126208563,76.95001220703125,131715,0.0,0.0
2020-09-11 00:00:00+03:00,78.05537181441831,78.05537181441831,75.07940457837765,75.9721908569336,35455,0.0,0.0
2020-09-14 00:00:00+03:00,77.37515698377446,77.97034790419646,75.50455138779573,76.7374496459961,68234,0.0,0.0
2020-09-15 00:00:00+03:00,76.60990041456506,80.7762559671306,76.56739048789136,79.37329864501953,133169,0.0,0.0
2020-09-16 00:00:00+03:00,80.35111998546697,87.23835754394531,80.35111998546697,87.23835754394531,203111,0.0,0.0
2020-09-17 00:00:00+03:00,90.12930375960049,95.91118621826172,87.57847440791367,95.91118621826172,274426,0.0,0.0
2020-09-18 00:00:00+03:00,97.01652303111571,101.01282547152339,88.0886220192874,96.59138488769531,367809,0.0,0.0
2020-09-21 00:00:00+03:00,95.23095485261683,102.88344229613068,92.34001385431502,95.74111938476562,223830,0.0,0.0
2020-09-22 00:00:00+03:00,96.59139799636303,105.26422119140625,96.50637165355845,105.26422119140625,267501,0.0,0.0
2020-09-23 00:00:00+03:00,110.1107982122897,115.72262786683865,106.36958060495519,114.70228576660156,469426,0.0,0.0
2020-09-24 00:00:00+03:00,113.08676049845789,126.26604461669922,110.28084580102694,126.26604461669922,427310,0.0,0.0
2020-09-25 00:00:00+03:00,134.3436462375499,138.85011291503906,131.79281751152047,138.85011291503906,442241,0.0,0.0
2020-09-28 00:00:00+03:00,141.82610042474215,152.7096405029297,141.82610042474215,152.7096405029297,244100,0.0,0.0
2020-09-29 00:00:00+03:00,167.50444250951838,167.92958068847656,165.80388979368573,167.92958068847656,66867,0.0,0.0
2020-09-30 00:00:00+03:00,184.68003994783257,184.68003994783257,151.1791534423828,151.1791534423828,590730,0.0,0.0
2020-10-01 00:00:00+03:00,145.39724850018786,146.2475248072065,136.12924194335938,136.12924194335938,467374,0.0,0.0
2020-10-02 00:00:00+03:00,135.7891329224406,149.73367309570312,129.66714568807086,149.73367309570312,500835,0.0,0.0
2020-10-05 00:00:00+03:00,152.53957728352958,164.6985321044922,151.43422836959584,164.6985321044922,330626,0.0,0.0
2020-10-06 00:00:00+03:00,170.05527557340417,175.15693384060629,150.75400439066036,154.66526794433594,484025,0.0,0.0
2020-10-07 00:00:00+03:00,154.6652490999739,158.06635419705248,142.76138126019887,145.3122100830078,196570,0.0,0.0
2020-10-08 00:00:00+03:00,147.86303890581675,157.21607792278283,141.06082871165958,145.3122100830078,184026,0.0,0.0
2020-10-09 00:00:00+03:00,145.65234361403552,147.94808719988586,140.46565260873226,142.67637634277344,84581,0.0,0.0
2020-10-12 00:00:00+03:00,142.676394363245,144.12186176844463,132.9832348137741,134.93887329101562,48930,0.0,0.0
2020-10-13 00:00:00+03:00,131.96289109981876,148.7133331298828,126.69118015788528,148.7133331298828,99111,0.0,0.0
2020-10-14 00:00:00+03:00,149.05347364997968,149.64866460755815,136.0442405523256,146.24755859375,58296,0.0,0.0
2020-10-15 00:00:00+03:00,142.33627111059388,144.54699504806334,140.29561284076735,141.14588928222656,23903,0.0,0.0
2020-10-16 00:00:00+03:00,140.89078213790006,145.39724918103863,136.04420976003615,142.0811767578125,24235,0.0,0.0
2020-10-19 00:00:00+03:00,155.60058608784655,155.60058608784655,148.11815093796483,151.859375,61588,0.0,0.0
2020-10-20 00:00:00+03:00,151.9443860312804,158.83162987720377,144.37693146285565,149.05345153808594,32527,0.0,0.0
2020-10-21 00:00:00+03:00,148.62830652603458,150.49891187541127,141.48597749997725,145.5673065185547,27328,0.0,0.0
2020-10-22 00:00:00+03:00,136.0442222907529,145.3972625732422,136.0442222907529,145.3972625732422,7759,0.0,0.0
2020-10-23 00:00:00+03:00,144.54699725360126,144.54699725360126,141.57102966308594,141.57102966308594,8390,0.0,0.0
2020-10-26 00:00:00+03:00,141.57103062610474,141.57103062610474,127.79655456542969,127.79655456542969,8614,0.0,0.0
2020-10-27 00:00:00+03:00,123.29007829938615,136.89450073242188,123.29007829938615,136.89450073242188,12775,0.0,0.0
2020-10-28 00:00:00+03:00,140.29559326171875,140.29559326171875,140.29559326171875,140.29559326171875,2901,0.0,0.0
2020-10-30 00:00:00+03:00,135.87416494600564,135.87416494600564,132.6431121826172,132.6431121826172,6412,0.0,0.0
2020-11-02 00:00:00+03:00,132.21797199369226,135.19393920898438,132.21797199369226,135.19393920898438,5940,0.0,0.0
2020-11-03 00:00:00+03:00,136.21428357227538,136.29931640625,136.21428357227538,136.29931640625,7407,0.0,0.0
2020-11-04 00:00:00+03:00,140.97583637933815,144.88710021972656,140.97583637933815,144.88710021972656,8756,0.0,0.0
2020-11-05 00:00:00+03:00,150.49892959594726,153.0497589111328,150.49892959594726,153.0497589111328,29012,0.0,0.0
2020-11-06 00:00:00+03:00,156.96104231317457,158.91666782431088,149.1384883718719,154.32518005371094,74988,0.0,0.0
2020-11-09 00:00:00+03:00,152.96473504061848,156.19578829068217,146.24755597337753,151.0091094970703,100727,0.0,0.0
2020-11-10 00:00:00+03:00,152.6246022395327,167.84454345703125,149.64863506494572,167.84454345703125,245954,0.0,0.0
2020-11-11 00:00:00+03:00,176.43235763536148,184.5950164794922,170.9055608901574,184.5950164794922,191888,0.0,0.0
2020-11-12 00:00:00+03:00,189.61164756350553,202.3657942606023,166.14401245117188,166.14401245117188,694375,0.0,0.0
2020-11-13 00:00:00+03:00,166.144028924435,174.3066888095843,162.4878502214398,172.52110290527344,191012,0.0,0.0
2020-11-16 00:00:00+03:00,172.18095240980813,183.65968257046202,168.52476168972547,177.70774841308594,385577,0.0,0.0
2020-11-17 00:00:00+03:00,175.15691106213578,177.70773986401153,162.31773423635326,165.293701171875,341303,0.0,0.0
2020-11-18 00:00:00+03:00,165.2086943680756,172.69112870560218,164.18836536163727,164.8685760498047,130174,0.0,0.0
2020-11-19 00:00:00+03:00,164.95361984439546,171.7558309719994,161.12737608511824,169.97024536132812,124363,0.0,0.0
2020-11-20 00:00:00+03:00,170.3953921723928,182.80943329762815,168.94992482952836,174.9868927001953,222777,0.0,0.0
2020-11-23 00:00:00+03:00,178.1328976690981,186.21052310039371,174.30665404374753,180.93881225585938,302116,0.0,0.0
2020-11-24 00:00:00+03:00,182.8094344642182,199.2197723388672,181.78910533181383,199.2197723388672,376852,0.0,0.0
2020-11-25 00:00:00+03:00,203.21606236171112,216.82048494659554,191.31219259993725,199.04971313476562,468812,0.0,0.0
2020-11-26 00:00:00+03:00,199.89998729364646,204.49147467462808,193.01274324798575,195.30848693847656,162152,0.0,0.0
2020-11-27 00:00:00+03:00,198.7095948727833,200.4101476966397,184.9351195943841,187.9110870361328,97115,0.0,0.0
2020-11-30 00:00:00+03:00,188.67630960679708,188.67630960679708,173.45636871780198,174.3916778564453,78455,0.0,0.0
2020-12-01 00:00:00+03:00,178.9831564070854,193.09774780273438,178.9831564070854,193.09774780273438,206362,0.0,0.0
2020-12-02 00:00:00+03:00,194.71329387413016,206.10699234346515,194.71329387413016,196.7539520263672,259671,0.0,0.0
2020-12-03 00:00:00+03:00,197.17908341578166,199.81494533110103,187.40090524000436,189.86671447753906,97397,0.0,0.0
2020-12-04 00:00:00+03:00,191.90737090534418,202.02566732367225,186.8907455959006,201.0053253173828,193750,0.0,0.0
2020-12-07 00:00:00+03:00,205.2567202506761,221.41197204589844,205.2567202506761,221.41197204589844,202664,0.0,0.0
2020-12-08 00:00:00+03:00,242.32879150268724,243.5191733589897,210.10331880481257,218.01087951660156,513737,0.0,0.0
2020-12-09 00:00:00+03:00,218.52102060677336,228.7243367440546,212.14394802097257,227.70399475097656,90771,0.0,0.0
2020-12-10 00:00:00+03:00,229.489593746669,252.53208923339844,222.34727722065216,252.53208923339844,154852,0.0,0.0
2020-12-11 00:00:00+03:00,252.53204387691343,277.78525864395345,240.03297274002057,277.7002258300781,191964,0.0,0.0
2020-12-14 00:00:00+03:00,277.70029124736783,293.3453725961538,260.94983495455523,276.33984375,186009,0.0,0.0
2020-12-15 00:00:00+03:00,273.3638346591427,300.9978148346392,264.4359333716746,291.644775390625,129687,0.0,0.0
2020-12-16 00:00:00+03:00,296.40635898782676,323.78524356883094,289.85922031172987,323.6152038574219,174055,0.0,0.0
2020-12-17 00:00:00+03:00,329.73716615289385,356.0957336425781,319.27877717343387,356.0957336425781,193047,0.0,0.0
2020-12-18 00:00:00+03:00,356.09576861214913,391.55230712890625,352.43959023872236,391.55230712890625,138445,0.0,0.0
2020-12-21 00:00:00+03:00,391.977403495766,430.66497802734375,373.4413891544921,430.66497802734375,159421,0.0,0.0
2020-12-22 00:00:00+03:00,442.39883199589906,473.6889953613281,433.81106050399626,473.6889953613281,107391,0.0,0.0
2020-12-23 00:00:00+03:00,501.66308553238684,521.0493774414062,473.6889706821336,521.0493774414062,199412,0.0,0.0
2020-12-24 00:00:00+03:00,539.5003638746637,573.001274052847,512.7166578667016,533.123291015625,440003,0.0,0.0
2020-12-25 00:00:00+03:00,510.1658247502757,513.5669302486109,474.70928955078125,474.70928955078125,77316,0.0,0.0
2020-12-28 00:00:00+03:00,427.26385498046875,471.90336221723413,427.26385498046875,427.26385498046875,886422,0.0,0.0
2020-12-29 00:00:00+03:00,427.2638813246523,469.9477660174306,391.12713514296524,441.3784484863281,1347123,0.0,0.0
2020-12-30 00:00:00+03:00,446.48012945471135,458.2989925062458,413.31937486924147,420.2916259765625,466099,0.0,0.0
2020-12-31 00:00:00+03:00,412.38405259537194,415.7851581837874,383.814760463007,387.9811096191406,249917,0.0,0.0
2021-01-04 00:00:00+03:00,386.87576737415503,406.09201947076645,367.5744824466871,383.9848327636719,355188,0.0,0.0
2021-01-05 00:00:00+03:00,381.77414533423195,388.5763572778263,353.6299882279345,366.2991027832031,275542,0.0,0.0
2021-01-06 00:00:00+03:00,373.86656258522737,402.60589599609375,373.1012930273774,402.60589599609375,63855,0.0,0.0
2021-01-07 00:00:00+03:00,442.8239440917969,442.8239440917969,442.8239440917969,442.8239440917969,23664,0.0,0.0
2021-01-08 00:00:00+03:00,486.3581139585585,486.3581139585585,409.57816334060544,442.5688781738281,127801,0.0,0.0
2021-01-11 00:00:00+03:00,433.6409697837018,433.6409697837018,399.6299133300781,399.6299133300781,30283,0.0,0.0
2021-01-12 00:00:00+03:00,421.73707122242934,421.73707122242934,416.2953077511698,416.3803405761719,13078,0.0,0.0
2021-01-13 00:00:00+03:00,429.3895871197736,459.1492614746094,429.3895871197736,459.1492614746094,25533,0.0,0.0
2021-01-14 00:00:00+03:00,456.59841831394886,456.59841831394886,414.93487548828125,414.93487548828125,23594,0.0,0.0
2021-01-15 00:00:00+03:00,414.6797778499655,427.6889953613281,414.6797778499655,427.6889953613281,14972,0.0,0.0
2021-01-18 00:00:00+03:00,428.5392909601768,428.5392909601768,415.87017822265625,415.87017822265625,15238,0.0,0.0
2021-01-19 00:00:00+03:00,415.7851519960346,420.8868103027344,414.93487561158463,420.8868103027344,15043,0.0,0.0
2021-01-20 00:00:00+03:00,426.3286142344729,442.3988342285156,426.3286142344729,442.3988342285156,15110,0.0,0.0
2021-01-21 00:00:00+03:00,437.9773648257247,446.3951221739932,437.9773648257247,445.4598388671875,14378,0.0,0.0
2021-01-22 00:00:00+03:00,442.1437136517554,442.1437136517554,437.4671936035156,437.4671936035156,11012,0.0,0.0
2021-01-25 00:00:00+03:00,446.3951002774765,450.64648218488105,446.3951002774765,450.2213439941406,19247,0.0,0.0
2021-01-26 00:00:00+03:00,457.44871605003436,457.44871605003436,418.5060662154604,424.71307373046875,118582,0.0,0.0
2021-01-27 00:00:00+03:00,424.7130580343734,425.138196230604,382.2842712402344,382.2842712402344,174558,0.0,0.0
2021-01-28 00:00:00+03:00,361.3674944651973,414.934911291803,351.92942059654825,399.4598693847656,273084,0.0,0.0
2021-01-29 00:00:00+03:00,380.07354955881186,409.0679798938014,377.52272036714197,390.19183349609375,103590,0.0,0.0
2021-02-01 00:00:00+03:00,398.6095989853656,403.03104701125403,378.713134765625,378.713134765625,83288,0.0,0.0
2021-02-02 00:00:00+03:00,379.2232965349871,413.7445255796414,366.4691497905369,388.91644287109375,244705,0.0,0.0
2021-02-03 00:00:00+03:00,389.6816388121509,403.71119851465966,380.92380283175294,395.20843505859375,126748,0.0,0.0
2021-02-04 00:00:00+03:00,399.20472646935093,399.45979898231417,386.02544369986225,392.487548828125,78339,0.0,0.0
2021-02-05 00:00:00+03:00,393.2528315143458,420.5467089020978,386.79072574194834,393.5079040527344,241592,0.0,0.0
2021-02-08 00:00:00+03:00,394.1881650408697,432.79071044921875,391.80737542614986,432.79071044921875,411898,0.0,0.0
2021-02-09 00:00:00+03:00,437.892347063337,469.6076464810009,435.4265247386481,446.3951110839844,360648,0.0,0.0
2021-02-10 00:00:00+03:00,450.9015924664218,461.70011379455923,432.19551050789454,439.5929260253906,258862,0.0,0.0
2021-02-11 00:00:00+03:00,442.14376549165416,443.4191801998031,421.7371301612701,423.43768310546875,124453,0.0,0.0
2021-02-12 00:00:00+03:00,423.4376059194712,429.3895401392228,408.13263221153846,414.50970458984375,121169,0.0,0.0
2021-02-15 00:00:00+03:00,414.6798028255582,433.2158176160404,404.6465259260728,408.9829406738281,140199,0.0,0.0
2021-02-16 00:00:00+03:00,408.9829337569068,417.65576310573823,388.57630088753933,398.0143737792969,158211,0.0,0.0
2021-02-17 00:00:00+03:00,408.8979368571862,411.53379902408216,390.02181536353805,394.4432373046875,128169,0.0,0.0
2021-02-18 00:00:00+03:00,397.8443188432805,408.1326683817456,383.814758367658,386.0254821777344,163134,0.0,0.0
2021-02-19 00:00:00+03:00,392.827689648815,424.6280212402344,379.2232674964751,424.6280212402344,257190,0.0,0.0
2021-02-22 00:00:00+03:00,450.64649932314643,467.05682373046875,434.91638566752715,467.05682373046875,389804,0.0,0.0
2021-02-23 00:00:00+03:00,471.9033933697325,478.45053190934766,420.8868103027344,420.8868103027344,392962,0.0,0.0
2021-02-24 00:00:00+03:00,420.0365273457288,440.44316025321365,399.2047562526714,419.61138916015625,205669,0.0,0.0
2021-02-25 00:00:00+03:00,441.2934233063858,441.2934233063858,405.58181679604246,425.22320556640625,172741,0.0,0.0
2021-02-26 00:00:00+03:00,403.8812656752204,433.72597070742216,403.0309893264304,417.4856872558594,149908,0.0,0.0
2021-03-01 00:00:00+03:00,425.1381625354645,459.2342224121094,425.1381625354645,459.2342224121094,253547,0.0,0.0
2021-03-02 00:00:00+03:00,459.23424515926837,480.4061474609375,417.91083447265623,425.13818359375,471797,0.0,0.0
2021-03-03 00:00:00+03:00,426.8387756347656,442.99402809902966,419.2713204596017,426.8387756347656,441120,0.0,0.0
2021-03-04 00:00:00+03:00,417.4856872558594,429.21949048981054,414.33965438598665,417.4856872558594,137433,0.0,0.0
2021-03-05 00:00:00+03:00,414.1696407190365,423.6077139735361,406.857258470128,415.1049499511719,114592,0.0,0.0
2021-03-08 00:00:00+03:00,418.16592191198936,426.4136133471065,413.82953304343175,413.99957275390625,141699,0.0,0.0
2021-03-09 00:00:00+03:00,414.4246798859657,419.0161668986061,406.00694937139593,406.5171203613281,84850,0.0,0.0
2021-03-10 00:00:00+03:00,411.1086619224046,425.1382232910079,405.5818650196215,417.1456298828125,180469,0.0,0.0
2021-03-11 00:00:00+03:00,417.7407553565099,433.5559004661665,414.8498209909194,416.6354064941406,156918,0.0,0.0
2021-03-12 00:00:00+03:00,416.63541090706946,425.0531415704148,415.27496355933056,417.4856872558594,93941,0.0,0.0
2021-03-15 00:00:00+03:00,417.5707871938584,437.04211352097303,417.48575435563765,423.1826171875,264073,0.0,0.0
2021-03-16 00:00:00+03:00,426.0735058598314,435.3415133568548,420.886814671178,421.7370910644531,145384,0.0,0.0
2021-03-17 00:00:00+03:00,424.8831060321368,425.64834956386966,408.1326514175258,412.384033203125,92540,0.0,0.0
2021-03-18 00:00:00+03:00,410.0033422337844,416.6354886119285,403.7963081609462,404.13641357421875,68921,0.0,0.0
2021-03-19 00:00:00+03:00,403.8812932266395,403.8812932266395,376.9275207519531,376.9275207519531,293350,0.0,0.0
2021-03-22 00:00:00+03:00,339.2602844238281,357.0310560373057,339.2602844238281,339.2602844238281,103394,0.0,0.0
2021-03-23 00:00:00+03:00,313.7519643600895,352.77964254203556,305.3342339205912,341.4709777832031,225785,0.0,0.0
2021-03-24 00:00:00+03:00,343.5116519880608,371.5707720761945,341.4709938985989,363.833251953125,143099,0.0,0.0
2021-03-25 00:00:00+03:00,372.4210509051294,384.32492011214265,363.4931489998694,370.2103271484375,136594,0.0,0.0
2021-03-26 00:00:00+03:00,374.1216007699506,380.24360098008174,335.85916432756926,355.67059326171875,110260,0.0,0.0
2021-03-29 00:00:00+03:00,354.04900360757813,354.22005221291334,340.2804260253906,340.2804260253906,81540,2.403777,0.0
2021-03-30 00:00:00+03:00,340.79354021824116,374.23150634765625,323.86077249868333,374.23150634765625,179727,0.0,0.0
2021-03-31 00:00:00+03:00,384.835875241811,410.49160025793174,369.35691592908086,376.9681091308594,367032,0.0,0.0
2021-04-01 00:00:00+03:00,376.9680880364647,386.97383067219124,368.15963337984164,375.00115966796875,161029,0.0,0.0
2021-04-02 00:00:00+03:00,377.8232621946014,380.04676336005747,362.6008773127914,366.8768310546875,84198,0.0,0.0
2021-04-05 00:00:00+03:00,366.8768390419364,370.7251974934253,348.83230863861854,357.38421630859375,73353,0.0,0.0
2021-04-06 00:00:00+03:00,357.4697801005445,376.711574483947,355.75939837757534,363.7981872558594,151857,0.0,0.0
2021-04-07 00:00:00+03:00,359.60772462150726,367.7320370683665,353.1082694443495,359.4366760253906,80094,0.0,0.0
2021-04-08 00:00:00+03:00,360.0353413969333,365.1664864049656,352.5951706959452,353.02276611328125,49731,0.0,0.0
2021-04-09 00:00:00+03:00,353.1082599830807,357.9828577599257,335.5768493832832,344.98394775390625,63735,0.0,0.0
2021-04-12 00:00:00+03:00,345.4115335485793,345.4115335485793,330.53121994040197,330.873291015625,46476,0.0,0.0
2021-04-13 00:00:00+03:00,330.9588244937384,360.97602542330577,320.01239319271735,344.98394775390625,192033,0.0,0.0
2021-04-14 00:00:00+03:00,344.04324209076134,352.7661985301195,335.23478745165295,343.01702880859375,77661,0.0,0.0
2021-04-15 00:00:00+03:00,343.0170363330147,345.32603584230566,329.2484591838383,332.84027099609375,39161,0.0,0.0
2021-04-16 00:00:00+03:00,332.8402584717335,336.08997296179456,321.63725415333676,325.9132080078125,41934,0.0,0.0
2021-04-19 00:00:00+03:00,329.67604061612144,332.07056432392795,301.02714992704216,301.9678649902344,56324,0.0,0.0
2021-04-20 00:00:00+03:00,300.086425212376,313.68395274810507,287.7716837856469,291.70556640625,85496,0.0,0.0
2021-04-21 00:00:00+03:00,289.9096829927885,292.8173265110988,262.88564832600264,277.93701171875,96400,0.0,0.0
2021-04-22 00:00:00+03:00,278.7921888875888,290.76485957601284,267.6747089626236,278.3645935058594,104786,0.0,0.0
2021-04-26 00:00:00+03:00,274.088626234876,305.3030875689571,271.9506494311719,302.2243957519531,86581,0.0,0.0
2021-04-27 00:00:00+03:00,302.7375605554039,312.9143264391493,291.70560382263193,293.758056640625,61029,0.0,0.0
2021-04-28 00:00:00+03:00,293.7580381548366,301.112684213318,285.4626770019531,285.4626770019531,38860,0.0,0.0
2021-04-29 00:00:00+03:00,285.37718390645614,313.9405517578125,285.37718390645614,313.9405517578125,77793,0.0,0.0
2021-04-30 00:00:00+03:00,318.98615271303834,331.8140140821954,298.20502773434424,305.3031005859375,162480,0.0,0.0
2021-05-03 00:00:00+03:00,311.97357659679255,335.49132233005366,307.01348066329956,328.39324951171875,137716,0.0,0.0
2021-05-04 00:00:00+03:00,322.83453216942985,347.97713687235864,321.1241505420421,334.3796081542969,160038,0.0,0.0
2021-05-05 00:00:00+03:00,336.9451570510864,341.22111082077026,323.26210498809814,328.39324951171875,50041,0.0,0.0
2021-05-06 00:00:00+03:00,328.4788179277645,337.71486887151946,320.6110514954146,323.4331970214844,50083,0.0,0.0
2021-05-07 00:00:00+03:00,325.05803210231653,339.42522727104836,318.9006478309444,326.5118408203125,69007,0.0,0.0
2021-05-10 00:00:00+03:00,329.24846985526204,350.6282406250843,324.1173248705047,331.8995666503906,160567,0.0,0.0
2021-05-11 00:00:00+03:00,331.0443497069043,331.0443497069043,324.202823600219,325.40008544921875,42620,0.0,0.0
2021-05-12 00:00:00+03:00,332.15608634431345,336.68861303650914,324.1172984107873,324.7159423828125,33099,0.0,0.0
2021-05-17 00:00:00+03:00,326.6828811488201,339.9383383682094,325.3145706677934,331.81402587890625,123180,0.0,0.0
2021-05-18 00:00:00+03:00,333.780927027325,336.1754766983938,328.3932359395319,328.8208312988281,53658,0.0,0.0
2021-05-20 00:00:00+03:00,328.8208555594954,330.18916602986843,322.74899578983184,323.2621154785156,52676,0.0,0.0
2021-05-21 00:00:00+03:00,325.74214059515594,326.6828556084628,320.2689251973019,321.8082580566406,33970,0.0,0.0
2021-05-24 00:00:00+03:00,322.83450941983585,326.682867810271,313.94053080383367,316.1640319824219,43167,0.0,0.0
2021-05-25 00:00:00+03:00,316.4205928722956,319.4137606427092,286.4889151681595,297.00775146484375,66803,0.0,0.0
2021-05-26 00:00:00+03:00,298.46159568996546,306.67143276815654,288.1993058668148,299.23126220703125,49498,0.0,0.0
2021-05-27 00:00:00+03:00,299.40231213947817,307.0990295410156,291.534546134121,307.0990295410156,35767,0.0,0.0
2021-05-28 00:00:00+03:00,307.099026341601,308.7238836675492,298.461593905747,302.05340576171875,23577,0.0,0.0
2021-05-31 00:00:00+03:00,301.62580217432884,301.62580217432884,294.18563185947244,296.6656799316406,20864,0.0,0.0
2021-06-01 00:00:00+03:00,295.04079882213574,318.8150904328115,293.159368796104,306.07275390625,122043,0.0,0.0
2021-06-02 00:00:00+03:00,300.3430324635977,306.158319717209,299.0602462077993,300.941650390625,35827,0.0,0.0
2021-06-03 00:00:00+03:00,300.3430259302175,306.1583130573285,295.4684278248799,299.23126220703125,32495,0.0,0.0
2021-06-04 00:00:00+03:00,298.0339818022831,302.90857960539114,296.06705348080504,301.62579345703125,29414,0.0,0.0
2021-06-07 00:00:00+03:00,300.94162651792175,305.217580364719,298.119507418376,302.6520080566406,38866,0.0,0.0
2021-06-08 00:00:00+03:00,302.65201882211136,303.2506628212975,297.0077543238997,297.5208740234375,24286,0.0,0.0
2021-06-09 00:00:00+03:00,297.52085346008323,298.1194974178937,291.96211364571593,292.0476379394531,19039,0.0,0.0
2021-06-10 00:00:00+03:00,292.04766616272747,295.21188264834115,287.3441166344844,287.6861877441406,30246,0.0,0.0
2021-06-11 00:00:00+03:00,297.43531835483867,297.43531835483867,286.4888877114714,289.1399841308594,52386,0.0,0.0
2021-06-14 00:00:00+03:00,289.1400083078585,290.76486557226855,274.7727875264532,279.3908386230469,34623,0.0,0.0
2021-06-15 00:00:00+03:00,279.3908253967507,281.6143004436575,271.6085844375262,272.1217041015625,26516,0.0,0.0
2021-06-16 00:00:00+03:00,272.20719763896375,274.17415196771947,264.0828857421875,264.0828857421875,27935,0.0,0.0
2021-06-17 00:00:00+03:00,264.0829300449363,282.2129869164888,261.688406049835,275.3714599609375,66187,0.0,0.0
2021-06-18 00:00:00+03:00,271.6085941000608,275.4569525697137,259.80694580078125,259.80694580078125,34764,0.0,0.0
2021-06-21 00:00:00+03:00,262.2870152258582,262.2870152258582,248.00531916560226,249.88674926757812,50236,0.0,0.0
2021-06-22 00:00:00+03:00,249.9722719026486,253.99167928693464,237.74305333928564,248.51846313476562,47279,0.0,0.0
2021-06-23 00:00:00+03:00,250.5708686440678,264.424968066458,245.4397245762712,252.28125,105225,0.0,0.0
2021-06-24 00:00:00+03:00,254.76133520483833,260.6621465307507,249.88676328271603,253.99166870117188,59766,0.0,0.0
2021-06-25 00:00:00+03:00,255.53097451179835,255.616498802737,246.46597383598635,247.15011596679688,29427,0.0,0.0
2021-06-28 00:00:00+03:00,247.32116986446903,251.25502634870605,239.53892899207196,240.73619079589844,30731,0.0,0.0
2021-06-29 00:00:00+03:00,240.82173897225215,248.00533660599672,231.24359139502434,243.2162628173828,84592,0.0,0.0
2021-06-30 00:00:00+03:00,243.30178660934277,253.5640763784539,241.1638095741113,247.0646209716797,71193,0.0,0.0
2021-07-01 00:00:00+03:00,247.74880619712408,258.4386921031382,244.15699409336165,247.4922332763672,107233,0.0,0.0
2021-07-02 00:00:00+03:00,248.09084435307926,252.11022526051835,243.9859130517373,250.57089233398438,60710,0.0,0.0
2021-07-05 00:00:00+03:00,252.4523251825335,275.62797411936936,252.11022799661254,259.122802734375,331505,0.0,0.0
2021-07-06 00:00:00+03:00,259.1228323814853,262.54359584526725,254.24823400625434,254.8468780517578,78319,0.0,0.0
2021-07-07 00:00:00+03:00,256.5572240099336,260.32005807574257,252.87991423846472,253.56405639648438,66914,0.0,0.0
2021-07-08 00:00:00+03:00,253.64958956084544,253.73511385817625,243.8148956298828,243.8148956298828,55258,0.0,0.0
2021-07-09 00:00:00+03:00,245.0121587183645,249.7157080131324,242.10451528308738,243.90042114257812,50142,0.0,0.0
2021-07-12 00:00:00+03:00,244.07144015264646,245.18320381090032,235.6050567626953,235.6050567626953,50453,0.0,0.0
2021-07-13 00:00:00+03:00,235.77609356653,236.97335536310257,226.796590944711,232.61187744140625,66393,0.0,0.0
2021-07-14 00:00:00+03:00,232.61190679165,255.87310791015625,232.5263824886001,255.87310791015625,175706,0.0,0.0
2021-07-16 00:00:00+03:00,255.8730935953603,279.6473870054092,248.43292331826106,268.1878356933594,446150,0.0,0.0
2021-07-19 00:00:00+03:00,268.18785447068404,278.6211671307484,261.94494563714267,265.7933044433594,116751,0.0,0.0
2021-07-26 00:00:00+03:00,265.9643110935403,272.03617036068323,250.65640258789062,250.65640258789062,111575,0.0,0.0
2021-07-27 00:00:00+03:00,251.59712617706924,262.8001039937128,246.72252851915314,248.94602966308594,175268,0.0,0.0
2021-07-28 00:00:00+03:00,252.02469725319185,268.8719375501822,251.42605335348733,258.6096496582031,307969,0.0,0.0
2021-07-29 00:00:00+03:00,260.9187007836558,262.2870111914687,252.6233401411998,253.47853088378906,88839,0.0,0.0
2021-07-30 00:00:00+03:00,253.47854899927685,260.40559972897927,250.74195408642368,253.99166870117188,83167,0.0,0.0
2021-08-02 00:00:00+03:00,254.1627027656301,264.082894642619,253.90612988017995,261.7738952636719,101479,0.0,0.0
2021-08-03 00:00:00+03:00,262.11598369585965,273.31898854494534,259.29386445756165,262.5435791015625,145596,0.0,0.0
2021-08-04 00:00:00+03:00,262.5435733750187,265.53674114965247,260.7476674905681,261.517333984375,62683,0.0,0.0
2021-08-05 00:00:00+03:00,261.08974187091354,264.6815536849778,256.72828965171675,262.3725280761719,74560,0.0,0.0
2021-08-06 00:00:00+03:00,263.2277332250167,275.79904916099906,262.20151986389493,269.47064208984375,264425,0.0,0.0
2021-08-09 00:00:00+03:00,271.00994298233303,296.40911865234375,268.1878239515987,296.40911865234375,298692,0.0,0.0
2021-08-10 00:00:00+03:00,303.4216858006772,309.4935457083525,288.2848242797326,289.4820861816406,321991,0.0,0.0
2021-08-11 00:00:00+03:00,289.8241648889601,315.39436529409943,289.56761808122957,307.44110107421875,373682,0.0,0.0
2021-08-12 00:00:00+03:00,308.72387398103194,331.21538123061407,296.409131872927,299.82989501953125,471442,0.0,0.0
2021-08-13 00:00:00+03:00,300.17196664313565,311.2894468891777,296.7512034905073,308.5528259277344,160404,0.0,0.0
2021-08-16 00:00:00+03:00,312.1446347896402,339.3396911621094,312.1446347896402,339.3396911621094,440872,0.0,0.0
2021-08-17 00:00:00+03:00,339.3397274578406,365.16650222302627,327.7946506896653,356.6145935058594,614768,0.0,0.0
2021-08-18 00:00:00+03:00,359.5222107713614,369.4424293723258,344.38534911581223,349.7730407714844,311798,0.0,0.0
2021-08-19 00:00:00+03:00,343.7867072735107,346.0102086098755,318.1309828501144,325.9987487792969,346413,0.0,0.0
2021-08-20 00:00:00+03:00,326.16976070051226,341.9907902482925,323.2621172465365,339.5107421875,232502,0.0,0.0
2021-08-23 00:00:00+03:00,342.9315293743736,373.46185302734375,342.9315293743736,373.46185302734375,493166,0.0,0.0
2021-08-24 00:00:00+03:00,384.8358533785358,399.2885724301927,374.9156350495521,383.0399475097656,412412,0.0,0.0
2021-08-25 00:00:00+03:00,384.4082200792101,394.242913140191,368.58719211154516,377.13909912109375,332164,0.0,0.0
2021-08-26 00:00:00+03:00,378.8494940254126,388.2565920711903,377.7377565138879,380.55987548828125,245383,0.0,0.0
2021-08-27 00:00:00+03:00,384.4082849380818,410.4916057180851,378.935068748178,401.939697265625,464170,0.0,0.0
2021-08-31 00:00:00+03:00,406.55770220983914,413.99787262948445,393.38776907356834,396.4664611816406,452711,0.0,0.0
2021-09-01 00:00:00+03:00,397.23609139198345,400.65685428879283,389.96697023626365,391.5918273925781,197759,0.0,0.0
2021-09-02 00:00:00+03:00,395.0126253199443,395.52574501964017,376.3694763183594,376.3694763183594,218816,0.0,0.0
2021-09-03 00:00:00+03:00,376.3694629912758,390.7366574839121,374.4025085618159,385.17791748046875,222625,0.0,0.0
2021-09-06 00:00:00+03:00,387.14491556857695,390.8222258539,363.45611813546503,363.6271667480469,248634,0.0,0.0
2021-09-07 00:00:00+03:00,363.6271199562825,377.8232656297685,353.6213776699332,367.7320251464844,253400,0.0,0.0
2021-09-08 00:00:00+03:00,373.7183785048329,373.7183785048329,351.1413466706644,352.0820617675781,124941,0.0,0.0
2021-09-09 00:00:00+03:00,348.23372749723325,379.2771451747912,348.23372749723325,371.15283203125,334925,0.0,0.0
2021-09-10 00:00:00+03:00,373.7183804766127,384.4082655016874,368.7582842643189,377.0536193847656,233571,0.0,0.0
2021-09-13 00:00:00+03:00,376.2839672681627,378.1653975438448,366.2782240628272,368.5872497558594,159226,0.0,0.0
2021-09-14 00:00:00+03:00,369.4424553786415,372.8632188543697,359.180164951457,360.1208801269531,128305,0.0,0.0
2021-09-15 00:00:00+03:00,363.11403071179734,369.7845087294477,358.83807657270023,359.3511962890625,106382,0.0,0.0
2021-09-16 00:00:00+03:00,361.91673776270966,383.55305341335344,361.74568917246046,371.2383117675781,230934,0.0,0.0
2021-09-17 00:00:00+03:00,374.57356225861355,377.73777858917987,350.3716735839844,350.3716735839844,459040,0.0,0.0
2021-09-20 00:00:00+03:00,347.63507461938775,347.63507461938775,320.3544921875,320.3544921875,183762,0.0,0.0
2021-09-21 00:00:00+03:00,324.97248423413663,333.9519870879746,306.58588315246834,308.2962646484375,163545,0.0,0.0
2021-09-22 00:00:00+03:00,311.2039359064171,315.4798900301611,296.9222647921238,307.7831726074219,134508,0.0,0.0
2021-09-23 00:00:00+03:00,307.8686961860611,316.16405760597104,301.88236042688766,302.9085998535156,126771,0.0,0.0
2021-09-24 00:00:00+03:00,301.9678490683311,304.10582587269715,293.8435372117401,298.37603759765625,92800,0.0,0.0
2021-09-27 00:00:00+03:00,301.0271297744416,302.3099158388214,286.0612923566782,289.1399841308594,77449,0.0,0.0
2021-09-28 00:00:00+03:00,289.3110485435653,309.579081737547,281.35778423108553,284.3509521484375,269243,0.0,0.0
2021-09-29 00:00:00+03:00,288.4558543947611,289.7386406303115,280.50259017368967,283.4957580566406,105979,0.0,0.0
2021-09-30 00:00:00+03:00,284.5220115876645,287.77172643946693,278.7922223455163,283.4102478027344,103790,0.0,0.0
2021-10-01 00:00:00+03:00,283.495747746648,286.3178669228848,279.81843777781205,284.7785339355469,54750,0.0,0.0
2021-10-04 00:00:00+03:00,284.60750938694235,287.08758377372726,279.2198173776494,283.06817626953125,58450,0.0,0.0
2021-10-05 00:00:00+03:00,282.46948803302837,293.24489646417834,275.3714154044887,275.4569396972656,161322,0.0,0.0
2021-10-06 00:00:00+03:00,275.285870081857,277.08177569957945,267.67467837644557,269.98370361328125,58182,0.0,0.0
2021-10-07 00:00:00+03:00,271.00994559451567,280.50256821411466,263.3987530791077,274.3451843261719,81738,0.0,0.0
2021-10-08 00:00:00+03:00,275.2859280979629,279.5618823278112,272.3782844413367,277.1673583984375,62197,0.0,0.0
2021-10-11 00:00:00+03:00,277.93700759475297,291.9621313737101,277.5949364973836,284.7785339355469,130808,0.0,0.0
2021-10-12 00:00:00+03:00,283.7523075382471,288.1993103027344,279.6474019851458,288.1993103027344,81531,0.0,0.0
2021-10-13 00:00:00+03:00,290.67932110572906,296.323585088999,278.79217529296875,278.79217529296875,134654,0.0,0.0
2021-10-14 00:00:00+03:00,275.0293636688671,283.92334267765335,274.51624397447813,280.24603271484375,61774,0.0,0.0
2021-10-15 00:00:00+03:00,280.9301762051052,282.2129623978226,271.6941260568809,277.0818176269531,55942,0.0,0.0
2021-10-18 00:00:00+03:00,277.0817938494536,281.7853428191203,276.7397227804205,278.79217529296875,52837,0.0,0.0
2021-10-19 00:00:00+03:00,278.87773603352167,285.20614298196665,278.6211631244511,284.3509521484375,61480,0.0,0.0
2021-10-20 00:00:00+03:00,284.7785068448288,287.087532204532,281.3577439998459,281.78533935546875,57936,0.0,0.0
2021-10-21 00:00:00+03:00,282.127416357548,282.72606030735795,271.7796033140395,278.9632263183594,88834,0.0,0.0
2021-10-22 00:00:00+03:00,279.0487057025664,287.34406565639074,279.0487057025664,282.55499267578125,99616,0.0,0.0
2021-10-25 00:00:00+03:00,278.8777462513752,288.7979655034525,277.93703108035544,283.06817626953125,133828,0.0,0.0
2021-10-26 00:00:00+03:00,283.1536655547398,294.78426509804916,282.38399909122796,285.3771667480469,170864,0.0,0.0
2021-10-27 00:00:00+03:00,285.633693674508,311.203890373604,285.633693674508,303.67822265625,416862,0.0,0.0
2021-10-28 00:00:00+03:00,304.19139475702445,306.2438475704222,296.3236285242541,297.6064147949219,69062,0.0,0.0
2021-11-01 00:00:00+03:00,297.34984097961745,301.96786591501626,290.42279052734375,290.42279052734375,117643,0.0,0.0
2021-11-02 00:00:00+03:00,290.76489405329494,292.13320465674593,282.38403401698275,283.06817626953125,86161,0.0,0.0
2021-11-03 00:00:00+03:00,283.32470902891015,290.42280851402046,269.38510906278043,283.1536865234375,111702,0.0,0.0
2021-11-04 00:00:00+03:00,285.6336965379856,293.41593720225325,285.6336965379856,288.79791259765625,105632,0.0,0.0
2021-11-05 00:00:00+03:00,288.7979435247031,302.3099477218702,286.14684682571783,297.5208740234375,221199,0.0,0.0
2021-11-08 00:00:00+03:00,298.46159280756467,326.59736524797694,298.46159280756467,318.1309814453125,351027,0.0,0.0
2021-11-09 00:00:00+03:00,324.71599542629195,326.76844836824506,299.4878638563288,306.9280090332031,256969,0.0,0.0
2021-11-10 00:00:00+03:00,301.9679047429542,318.72965119926164,301.4547849956312,308.7239074707031,177107,0.0,0.0
2021-11-11 00:00:00+03:00,308.7238597767085,312.999813513228,302.7375245455812,304.1058349609375,89330,0.0,0.0
2021-11-12 00:00:00+03:00,304.1058156274304,316.42055638602767,304.1058156274304,311.2038879394531,209723,0.0,0.0
2021-11-15 00:00:00+03:00,317.2757869207723,323.1765982233481,313.59847691871335,316.9337158203125,177601,0.0,0.0
2021-11-16 00:00:00+03:00,316.8481721282832,317.5323142873307,307.01347852646063,308.2962646484375,94522,0.0,0.0
2021-11-17 00:00:00+03:00,308.2962933149347,311.2894612111962,302.39548182483264,304.2768859863281,82383,0.0,0.0
2021-11-18 00:00:00+03:00,304.8755112794242,311.2894420917543,298.8891758545828,302.4809875488281,120289,0.0,0.0
2021-11-19 00:00:00+03:00,303.6782532309415,310.34873092026294,303.6782532309415,307.8686828613281,99404,0.0,0.0
2021-11-22 00:00:00+03:00,312.23015629111114,321.55173049263703,309.8356064688574,318.21649169921875,149644,0.0,0.0
2021-11-23 00:00:00+03:00,318.3875292587317,321.72279430830406,303.59273863232823,310.43426513671875,195932,0.0,0.0
2021-11-24 00:00:00+03:00,310.4342677591426,319.8413667821469,310.4342677591426,319.3282470703125,188188,0.0,0.0
2021-11-25 00:00:00+03:00,322.40694305186963,346.1812376969899,322.40694305186963,336.0899963378906,249487,0.0,0.0
2021-11-26 00:00:00+03:00,335.66237023179985,335.83341882157663,322.0648424917614,323.8607482910156,127184,0.0,0.0
2021-11-29 00:00:00+03:00,323.86075997592405,334.03752507440885,323.86075997592405,327.79461669921875,89798,0.0,0.0
2021-11-30 00:00:00+03:00,327.70910097951264,329.2484338673446,317.7033589135546,318.98614501953125,111174,0.0,0.0
2021-12-01 00:00:00+03:00,321.5517339151373,324.1173062602048,317.6178510996967,323.2621154785156,112147,0.0,0.0
2021-12-02 00:00:00+03:00,324.0317683442541,329.93257927024536,323.689697265625,323.689697265625,111977,0.0,0.0
2021-12-03 00:00:00+03:00,323.68972026265857,331.814032924469,320.18343273631206,329.6760559082031,126228,0.0,0.0
2021-12-06 00:00:00+03:00,336.6031007367241,346.4377948384673,334.9782434526282,343.5301513671875,221204,0.0,0.0
2021-12-07 00:00:00+03:00,349.7730096186939,349.7730096186939,339.68176941377817,341.39215087890625,149099,0.0,0.0
2021-12-08 00:00:00+03:00,342.9314971375608,359.5221927769148,342.1618306678949,357.0421447753906,254522,0.0,0.0
2021-12-09 00:00:00+03:00,364.2257911642429,365.16650635344257,348.66133278196133,349.08892822265625,163281,0.0,0.0
2021-12-10 00:00:00+03:00,349.088907905841,354.6476483113585,336.08999682590496,351.9965515136719,156148,0.0,0.0
2021-12-13 00:00:00+03:00,356.61454362401054,364.3112603928741,353.3648292053862,356.0158996582031,185126,0.0,0.0
2021-12-14 00:00:00+03:00,356.78564371122644,363.45612210103303,351.5689741508113,353.45037841796875,139458,0.0,0.0
2021-12-15 00:00:00+03:00,357.89735102832765,358.41047072975914,340.53698816808657,341.22113037109375,136526,0.0,0.0
2021-12-16 00:00:00+03:00,342.247385026567,351.91103109106285,341.306669881744,349.0033874511719,108260,0.0,0.0
2021-12-17 00:00:00+03:00,351.22687408467027,359.094613832372,314.111572265625,314.111572265625,273678,0.0,0.0
2021-12-20 00:00:00+03:00,302.30994018554685,324.8014472196996,285.7192443030966,299.3167724609375,180076,0.0,0.0
2021-12-21 00:00:00+03:00,327.538058563701,327.538058563701,292.47523767306984,316.1640319824219,132243,0.0,0.0
2021-12-22 00:00:00+03:00,314.36813685425255,328.9063801561783,309.5790632527714,315.22332763671875,99795,0.0,0.0
2021-12-23 00:00:00+03:00,320.69649619567844,323.00552140762636,289.5675615179541,308.12518310546875,81316,0.0,0.0
2021-12-24 00:00:00+03:00,312.14464057191327,312.14464057191327,304.8755188051701,309.0659484863281,65678,0.0,0.0
2021-12-27 00:00:00+03:00,310.9473886307089,335.234802797379,308.7238872700353,331.3864440917969,258494,0.0,0.0
2021-12-28 00:00:00+03:00,325.1434875520716,345.58253836342357,322.32134281765053,327.62353515625,224319,0.0,0.0
2021-12-29 00:00:00+03:00,330.189163892606,330.4457106861116,318.55856411724574,319.2427062988281,71719,0.0,0.0
2021-12-30 00:00:00+03:00,319.32821986126424,324.9724840138057,312.1446228027344,312.1446228027344,49280,0.0,0.0
2021-12-31 00:00:00+03:00,316.4205933073776,329.0774066003319,310.947377453623,324.80145263671875,63574,0.0,0.0
2022-01-03 00:00:00+03:00,324.1173169916413,331.8995585823512,318.9861721316153,326.5118408203125,69839,0.0,0.0
2022-01-04 00:00:00+03:00,328.0511807783159,341.22111326355486,326.68287034255127,336.60308837890625,176434,0.0,0.0
2022-01-05 00:00:00+03:00,339.510766215264,344.0432672644388,334.80721655736994,337.8003845214844,139409,0.0,0.0
2022-01-06 00:00:00+03:00,337.37274181659404,338.65552790715145,326.5118091438682,333.5243835449219,114445,0.0,0.0
2022-01-07 00:00:00+03:00,333.524400780238,336.9451638651635,324.97249306792423,330.1036376953125,56084,0.0,0.0
2022-01-10 00:00:00+03:00,331.8995441024039,338.6555459870202,331.8140198054643,334.6361389160156,78728,0.0,0.0
2022-01-11 00:00:00+03:00,334.63612129182854,336.688599916879,325.14352509354455,325.8276672363281,81979,0.0,0.0
2022-01-12 00:00:00+03:00,328.7353070875875,330.1036174573397,324.97247314453125,324.97247314453125,76001,0.0,0.0
2022-01-13 00:00:00+03:00,324.9724826637756,326.25526877955366,319.1571960449219,319.1571960449219,57414,0.0,0.0
2022-01-14 00:00:00+03:00,319.1571756823725,321.6372234616438,315.565364348015,317.8743896484375,61885,0.0,0.0
2022-01-17 00:00:00+03:00,317.8744276391618,327.19600204682007,316.59164145191477,320.2689514160156,99214,0.0,0.0
2022-01-18 00:00:00+03:00,320.35447997597896,321.2096707788522,304.44792582286664,305.04656982421875,75373,0.0,0.0
2022-01-19 00:00:00+03:00,314.4536380689097,314.4536380689097,303.678229781161,309.57904052734375,82634,0.0,0.0
2022-01-20 00:00:00+03:00,310.7763404940427,314.7102235075577,299.3167886620794,307.7831726074219,64349,0.0,0.0
2022-01-21 00:00:00+03:00,308.21075063698447,308.29627493430644,301.6257973168159,307.01348876953125,52722,0.0,0.0
2022-01-24 00:00:00+03:00,307.95420876620557,308.46732845998844,292.3042016467624,292.4752502441406,87136,0.0,0.0
2022-01-25 00:00:00+03:00,292.3897580764946,294.44221097882075,283.92337354292766,289.3110656738281,72730,0.0,0.0
2022-01-26 00:00:00+03:00,291.62005283131316,294.1856251436121,288.1137654515011,290.7648620605469,56231,0.0,0.0
2022-01-27 00:00:00+03:00,288.7124246670575,309.750123957835,285.2061371022025,302.737548828125,142667,0.0,0.0
2022-01-28 00:00:00+03:00,307.01347965235277,309.0659322353725,302.5664773071846,305.1320495605469,65613,0.0,0.0
2022-01-31 00:00:00+03:00,307.441056514927,311.4604632425007,303.67822265625,303.67822265625,51066,0.0,0.0
2022-02-01 00:00:00+03:00,304.78996727741657,310.7763023152381,304.44789620921097,309.57904052734375,72599,0.0,0.0
2022-02-02 00:00:00+03:00,310.605312753689,335.23479765204974,309.2370022374796,318.1309814453125,304195,0.0,0.0
2022-02-03 00:00:00+03:00,318.98613892251893,321.46618679366753,306.6713977601935,309.9211120605469,92498,0.0,0.0
2022-02-04 00:00:00+03:00,312.5722215162601,329.24844126883755,311.54598216906885,312.99981689453125,192989,0.0,0.0
2022-02-07 00:00:00+03:00,313.0853613743394,318.13098194355865,306.32935918176764,314.2826232910156,57315,0.0,0.0
2022-02-08 00:00:00+03:00,316.33509700291313,318.131003046232,310.43428523059737,311.7170715332031,63827,0.0,0.0
2022-02-09 00:00:00+03:00,314.62470520690493,317.2758020338667,311.5460129594124,313.3419189453125,66179,0.0,0.0
2022-02-10 00:00:00+03:00,314.11155108242514,319.2426955668536,311.4604806441508,312.1446228027344,61645,0.0,0.0
2022-02-11 00:00:00+03:00,311.8025755811873,316.42060075085357,307.270048614123,314.62469482421875,60253,0.0,0.0
2022-02-14 00:00:00+03:00,310.43426144297916,312.0591187487679,303.1651396185568,305.04656982421875,47977,0.0,0.0
2022-02-15 00:00:00+03:00,305.0466047107274,311.0329410154645,301.0271970382048,306.9280090332031,47233,0.0,0.0
2022-02-16 00:00:00+03:00,308.7238640719381,312.8287692767676,305.6451721191406,305.6451721191406,56774,0.0,0.0
2022-02-17 00:00:00+03:00,307.8686728597689,319.1572013039674,305.3031005859375,305.3031005859375,140858,0.0,0.0
2022-02-18 00:00:00+03:00,307.783141916514,314.9667389084137,306.07276043756883,311.6315002441406,71162,0.0,0.0
2022-02-21 00:00:00+03:00,313.08534706369795,328.649803465767,313.08534706369795,318.21649169921875,236221,0.0,0.0
2022-02-22 00:00:00+03:00,314.53918069695465,315.3943715374557,308.21077369691733,308.8094177246094,96259,0.0,0.0
2022-02-23 00:00:00+03:00,312.91427911446016,318.9861384439205,308.723849807655,309.57904052734375,75315,0.0,0.0
2022-02-24 00:00:00+03:00,282.2129666178148,293.6725182244435,278.62115478515625,278.62115478515625,64820,0.0,0.0
2022-02-25 00:00:00+03:00,278.62113585014447,301.1981925239212,277.1673272344705,296.7511901855469,165288,0.0,0.0
2022-02-28 00:00:00+03:00,289.05446688887,305.8162104251727,277.08179666270377,295.0408020019531,200000,0.0,0.0
2022-03-01 00:00:00+03:00,299.5733375854903,303.0796252113893,292.47526412929597,296.5801696777344,65653,0.0,0.0
2022-03-02 00:00:00+03:00,298.0340279867483,299.74440978294194,292.0476917000704,294.1856689453125,61591,0.0,0.0
2022-03-03 00:00:00+03:00,299.3167724609375,300.4285100335947,295.382889660352,299.3167724609375,47005,0.0,0.0
2022-03-04 00:00:00+03:00,298.46158577545344,298.46158577545344,292.133179147736,292.4752502441406,42180,0.0,0.0
2022-03-07 00:00:00+03:00,292.4752506510417,292.4752506510417,285.12060462552637,288.62689208984375,49771,0.0,0.0
2022-03-08 00:00:00+03:00,287.2585546411992,290.7648417764081,284.77850679865855,285.6336975097656,56180,0.0,0.0
2022-03-09 00:00:00+03:00,286.146847276914,292.56077828536985,286.0613229771308,289.4820861816406,81710,0.0,0.0
2022-03-10 00:00:00+03:00,290.7648549235402,293.0738803872732,288.1992826742148,288.71240234375,41977,0.0,0.0
2022-03-11 00:00:00+03:00,289.0545029457455,297.6064113169214,287.7717166900691,292.2187194824219,66377,0.0,0.0
2022-03-14 00:00:00+03:00,293.67251957719026,297.69192683232984,290.42280493141743,294.8697814941406,74118,0.0,0.0
2022-03-15 00:00:00+03:00,295.12632302707283,319.07166321428605,294.2711323061009,309.9211120605469,191181,0.0,0.0
2022-03-16 00:00:00+03:00,311.7170774494279,335.1493024687537,308.2963139108882,329.3340148925781,316464,0.0,0.0
2022-03-17 00:00:00+03:00,333.52437432273877,345.49704417022167,324.5448719371266,331.6429443359375,236428,0.0,0.0
2022-03-18 00:00:00+03:00,332.66921871967196,344.64188983040566,329.5905266429558,344.21429443359375,178138,0.0,0.0
2022-03-21 00:00:00+03:00,345.49703674675015,372.0079479822681,345.49703674675015,363.8836364746094,293365,0.0,0.0
2022-03-22 00:00:00+03:00,365.59404928707386,365.59404928707386,351.39787747520387,352.3385925292969,161858,0.0,0.0
2022-03-23 00:00:00+03:00,352.50964634091514,357.04214698910096,328.39325615284974,330.1036376953125,235527,0.0,0.0
2022-03-24 00:00:00+03:00,330.27468693682266,332.8402592555499,321.5517306138097,322.40692138671875,145045,0.0,0.0
2022-03-25 00:00:00+03:00,322.83456060895594,325.8277287205621,319.4137970528345,321.6372985839844,95952,0.0,0.0
2022-03-28 00:00:00+03:00,321.63724044708067,331.4719338932791,320.2689300522874,322.1503601074219,115442,0.0,0.0
2022-03-29 00:00:00+03:00,324.54489819669084,326.4263283357223,318.13096740228985,318.21649169921875,72305,0.0,0.0
2022-03-30 00:00:00+03:00,318.30201930735115,323.77523508917267,318.1309707117139,319.0716857910156,63504,0.0,0.0
2022-03-31 00:00:00+03:00,321.72278994045837,335.8334381641916,318.98616893651473,321.4662170410156,169399,0.0,0.0
2022-04-01 00:00:00+03:00,323.60418657152104,329.24845095034,321.89380500814264,323.2621154785156,58499,0.0,0.0
2022-04-04 00:00:00+03:00,325.6566293511319,328.13670342149413,324.4593675127488,324.886962890625,69230,0.0,0.0
2022-04-05 00:00:00+03:00,325.82770874023436,327.11049499511716,318.1309912109375,320.6965637207031,80498,0.0,0.0
2022-04-06 00:00:00+03:00,318.9861414150929,342.9314817894162,318.9006171226575,325.8276672363281,304389,0.0,0.0
2022-04-07 00:00:00+03:00,328.39326598384946,334.12305476197093,327.4525508876628,328.4787902832031,98528,0.0,0.0
2022-04-08 00:00:00+03:00,330.8733202499339,332.92577298096654,328.4787964134545,329.84710693359375,56400,0.0,0.0
2022-04-11 00:00:00+03:00,333.52440789493846,338.6555526317836,329.5905250436868,332.1560974121094,141397,0.0,0.0
2022-04-12 00:00:00+03:00,332.3271003365547,333.52436205760466,324.886931051315,327.7090759277344,93319,0.0,0.0
2022-04-13 00:00:00+03:00,330.53123418376356,330.53123418376356,321.8938021458371,322.7489929199219,79983,0.0,0.0
2022-04-14 00:00:00+03:00,325.8276637837543,330.8732838037803,324.28833092962753,328.8208312988281,81182,0.0,0.0
2022-04-15 00:00:00+03:00,329.7615881517086,331.72851661471105,327.62361108394384,328.22222900390625,52681,0.0,0.0
2022-04-18 00:00:00+03:00,329.24846969488016,341.13561701744027,329.24846969488016,336.0899963378906,149623,0.0,0.0
2022-04-19 00:00:00+03:00,336.08995834992163,348.74677076956084,334.2940525894505,341.7342224121094,223726,0.0,0.0
2022-04-20 00:00:00+03:00,346.6943531156974,372.52112631213794,345.0694957778021,362.6864318847656,498543,0.0,0.0
2022-04-21 00:00:00+03:00,367.5480197932867,368.41487833053503,346.4833679199219,346.4833679199219,253223,5.708317,0.0
2022-04-22 00:00:00+03:00,345.009734719969,364.0806245788618,334.6941223144531,334.6941223144531,246517,0.0,0.0
2022-04-25 00:00:00+03:00,334.6941019653295,336.0810809798069,325.93882504426614,328.8861389160156,86189,0.0,0.0
2022-04-26 00:00:00+03:00,332.0068515340482,333.82725992733936,319.52409269414926,320.91107177734375,71195,0.0,0.0
2022-04-27 00:00:00+03:00,323.6849847455383,329.9263770312776,313.7161111905869,320.7376708984375,56513,0.0,0.0
2022-04-28 00:00:00+03:00,325.07196391163524,337.20798389766964,324.8119169222756,328.5393981933594,71798,0.0,0.0
2022-04-29 00:00:00+03:00,329.406266936457,334.6074185196642,327.06573814224373,331.1399841308594,43912,0.0,0.0
2022-05-05 00:00:00+03:00,334.6941005477022,346.7434294294922,334.6941005477022,346.65673828125,80830,0.0,0.0
2022-05-06 00:00:00+03:00,342.7558764429852,355.32532582371635,338.8550128420686,352.29132080078125,129825,0.0,0.0
2022-05-09 00:00:00+03:00,364.7740885363858,371.0154810422307,358.8794606343073,360.17974853515625,150841,0.0,0.0
2022-05-10 00:00:00+03:00,361.48006885745053,363.38716853151504,357.1457754658744,358.61944580078125,20332,0.0,0.0
2022-05-11 00:00:00+03:00,360.873214553563,362.4335758627864,345.26976018787485,349.1706237792969,77813,0.0,0.0
2022-05-12 00:00:00+03:00,343.27598353794644,346.74341771509745,333.3071102786374,333.74053955078125,68057,0.0,0.0
2022-05-13 00:00:00+03:00,340.6754140740872,343.2759897540421,335.73430970040346,338.1615295410156,52282,0.0,0.0
2022-05-16 00:00:00+03:00,338.2482343275365,339.28844876881016,328.19266933534226,328.6260986328125,62590,0.0,0.0
2022-05-17 00:00:00+03:00,329.83966365158955,332.00680993050935,324.20508332639815,325.50537109375,58954,0.0,0.0
2022-05-18 00:00:00+03:00,325.5053965756546,330.273118762515,323.16486782942604,323.5982971191406,57308,0.0,0.0
2022-05-20 00:00:00+03:00,324.81191321268494,326.37224803987095,317.2702331542969,317.2702331542969,55236,0.0,0.0
2022-05-23 00:00:00+03:00,319.87081232844173,328.79944501762856,317.7036659034523,320.7376708984375,85911,0.0,0.0
2022-05-24 00:00:00+03:00,326.545645975044,326.6323106717092,320.7376827595205,321.1711120605469,38978,0.0,0.0
2022-05-25 00:00:00+03:00,322.9048224509484,325.0719689103508,321.604534575307,322.0379638671875,40345,0.0,0.0
2022-05-26 00:00:00+03:00,322.03795452511866,327.5858440093638,320.7376666871976,322.5580749511719,43211,0.0,0.0
2022-05-27 00:00:00+03:00,323.2515605935679,325.9388274941117,322.0379638671875,322.0379638671875,43369,0.0,0.0
2022-05-30 00:00:00+03:00,322.73145670338585,339.2017706395072,322.73145670338585,331.57342529296875,133897,0.0,0.0
2022-05-31 00:00:00+03:00,335.04085769266044,346.830140252938,330.96661158396773,341.54229736328125,193758,0.0,0.0
2022-06-01 00:00:00+03:00,348.47715334285846,349.86413237839156,338.594970703125,338.594970703125,137143,0.0,0.0
2022-06-02 00:00:00+03:00,339.808535696277,343.0159227629342,333.48047915921217,336.0810546875,107477,0.0,0.0
2022-06-03 00:00:00+03:00,336.687830198283,344.8362946643456,336.687830198283,340.0685729980469,124608,0.0,0.0
2022-06-06 00:00:00+03:00,342.8425817656935,355.84546097298914,342.8425817656935,345.8765869140625,156494,0.0,0.0
2022-06-07 00:00:00+03:00,345.8765869140625,350.9043562924466,341.9757231518738,345.8765869140625,101854,0.0,0.0
2022-06-08 00:00:00+03:00,347.61030838337354,350.21088425656586,325.9388427734375,325.9388427734375,96461,0.0,0.0
2022-06-09 00:00:00+03:00,328.7127897831915,332.44027115966554,323.85837636063997,328.6260986328125,71117,0.0,0.0
2022-06-10 00:00:00+03:00,325.50541515730254,330.4465199238842,323.771697899474,324.3785095214844,50972,0.0,0.0
2022-06-13 00:00:00+03:00,324.7252256113029,329.40625659839526,320.7376708984375,320.7376708984375,69284,0.0,0.0
2022-06-14 00:00:00+03:00,322.8181389542834,330.1864370909213,319.8708249905133,323.68499755859375,67725,0.0,0.0
2022-06-15 00:00:00+03:00,323.945041985884,326.0254971589274,321.51782223864774,322.1246337890625,42713,0.0,0.0
2022-06-16 00:00:00+03:00,322.9048327903904,324.291811859704,316.8368225097656,316.8368225097656,44886,0.0,0.0
2022-06-17 00:00:00+03:00,317.3569312199052,325.5920877244824,317.3569312199052,323.5982971191406,45201,0.0,0.0
2022-06-20 00:00:00+03:00,324.2918247960894,334.17400807071954,324.2918247960894,330.7065734863281,97390,0.0,0.0
2022-06-21 00:00:00+03:00,331.74679480676934,342.1490979442138,331.13998320864846,336.4278259277344,129744,0.0,0.0
2022-06-22 00:00:00+03:00,336.4278157522695,337.0346008776129,331.05328204537597,333.2204284667969,65214,0.0,0.0
2022-06-23 00:00:00+03:00,333.22041913332396,342.84255426580256,332.61363402497653,333.74053955078125,119069,0.0,0.0
2022-06-24 00:00:00+03:00,334.6941364676729,367.1146453078723,334.6941364676729,356.71234130859375,493418,0.0,0.0
2022-06-27 00:00:00+03:00,348.1304016113281,348.1304016113281,348.1304016113281,348.1304016113281,3264,0.0,0.0
2022-06-28 00:00:00+03:00,358.0125936357958,376.7367442596908,353.2448714445201,363.2137451171875,440390,0.0,0.0
2022-06-29 00:00:00+03:00,367.11460492112474,375.3497613479268,344.1428527832031,344.1428527832031,237070,0.0,0.0
2022-06-30 00:00:00+03:00,349.86414763923074,350.0375034922186,327.41251445929794,331.57342529296875,155198,0.0,0.0
2022-07-01 00:00:00+03:00,331.6601156735101,334.43404740468213,327.67256070212295,329.0595397949219,86134,0.0,0.0
2022-07-04 00:00:00+03:00,330.27313257032824,334.607425648679,321.86459341655757,322.4714050292969,80124,0.0,0.0
2022-07-05 00:00:00+03:00,324.98527260053197,329.23287430262644,319.87081232844173,320.7376708984375,98440,0.0,0.0
2022-07-06 00:00:00+03:00,324.9852679602725,342.8425595380973,322.47138343406374,335.04083251953125,129740,0.0,0.0
2022-07-07 00:00:00+03:00,339.2017732579722,339.8085848841787,329.40628126527525,331.920166015625,83924,0.0,0.0
2022-07-08 00:00:00+03:00,332.26689146026206,333.7405616649683,328.6261012056629,328.97283935546875,37534,0.0,0.0
2022-07-13 00:00:00+03:00,329.8396895661646,353.6783005072146,327.67254311697826,339.8085632324219,164338,0.0,0.0
2022-07-14 00:00:00+03:00,339.6351680908253,349.3439943977939,335.99437806652963,336.2544250488281,86025,0.0,0.0
2022-07-18 00:00:00+03:00,342.6691775210202,349.43069014854865,340.24198413950154,342.8425598144531,119822,0.0,0.0
2022-07-19 00:00:00+03:00,343.7961255510103,358.0126012794547,343.7961255510103,349.8641357421875,134619,0.0,0.0
2022-07-20 00:00:00+03:00,351.0776970603249,354.1983929917456,343.10258817496344,343.2759704589844,88205,0.0,0.0
2022-07-21 00:00:00+03:00,344.1428554586404,357.49247226867004,344.1428554586404,352.29132080078125,148651,0.0,0.0
2022-07-22 00:00:00+03:00,353.7649796378314,356.1054818507856,346.0499438317109,347.1768493652344,83132,0.0,0.0
2022-07-25 00:00:00+03:00,347.6102667464164,350.47088928251065,345.44312044500487,346.1365966796875,48613,0.0,0.0
2022-07-26 00:00:00+03:00,347.5236061667431,364.94746925333357,344.74967452963404,353.9383544921875,333790,0.0,0.0
2022-07-27 00:00:00+03:00,354.5451668844963,358.44603057882455,349.3440152920587,349.8641357421875,173937,0.0,0.0
2022-07-28 00:00:00+03:00,352.89812532092975,353.5049104407123,345.9632568359375,345.9632568359375,76894,0.0,0.0
2022-07-29 00:00:00+03:00,347.17685097545836,349.7774266381959,345.00970458984375,345.00970458984375,50342,0.0,0.0
2022-08-01 00:00:00+03:00,346.7434345200647,351.9445860378657,346.7434345200647,347.95703125,69871,0.0,0.0
2022-08-02 00:00:00+03:00,348.99726869191466,350.9910328389635,342.5825205074701,344.4895935058594,75164,0.0,0.0
2022-08-03 00:00:00+03:00,344.31623600525546,350.21086372378716,344.31623600525546,346.65673828125,73429,0.0,0.0
2022-08-04 00:00:00+03:00,350.2108475054483,351.07770603887764,347.0901514942181,348.043701171875,77126,0.0,0.0
2022-08-05 00:00:00+03:00,349.7774528959958,371.88234768867954,348.65054727264885,354.6318664550781,293785,0.0,0.0
2022-08-08 00:00:00+03:00,356.88571623505965,370.66876345786704,356.2789045992271,365.38092041015625,186071,0.0,0.0
2022-08-09 00:00:00+03:00,377.95034450954864,401.78895568847656,377.95034450954864,390.08636474609375,417675,0.0,0.0
2022-08-10 00:00:00+03:00,390.086369998222,401.6155787963994,380.55092539826546,382.9781188964844,192989,0.0,0.0
2022-08-11 00:00:00+03:00,385.2319600565717,394.76740474338993,376.04325352202545,378.6438293457031,108887,0.0,0.0
2022-08-12 00:00:00+03:00,381.4177813091845,393.90053977023643,373.442671663677,391.0399169921875,166617,0.0,0.0
2022-08-15 00:00:00+03:00,394.42065246471554,406.1232432521302,387.139045710098,389.39288330078125,123569,0.0,0.0
2022-08-16 00:00:00+03:00,391.8200699369055,398.0614621636877,373.6160401389519,390.2597351074219,98225,0.0,0.0
2022-08-17 00:00:00+03:00,391.99348470086085,396.1543955604253,386.6189505906995,388.0926208496094,87324,0.0,0.0
2022-08-18 00:00:00+03:00,388.3526579207264,391.8200923664472,383.3248885562015,384.2784118652344,73395,0.0,0.0
2022-08-19 00:00:00+03:00,384.88517876457024,391.0398794816449,378.2103576501725,378.8171691894531,112446,0.0,0.0
2022-08-22 00:00:00+03:00,378.81720819827336,386.6189355982378,378.81720819827336,382.9781188964844,58755,0.0,0.0
2022-08-23 00:00:00+03:00,384.3650575732852,394.4206215678782,384.0183194605935,388.7860412597656,124728,0.0,0.0
2022-08-24 00:00:00+03:00,391.9934291343335,394.24724009869624,377.95031067872213,378.8171691894531,80377,0.0,0.0
2022-08-25 00:00:00+03:00,380.6375979802784,390.5197802472599,380.55090683362283,384.0183410644531,64182,0.0,0.0
2022-08-26 00:00:00+03:00,384.2784007292802,385.7520709077764,378.1237259300217,379.770751953125,56995,0.0,0.0
2022-08-29 00:00:00+03:00,380.5509271820847,381.4177857861441,372.66250859425895,373.6160583496094,54420,0.0,0.0
2022-08-31 00:00:00+03:00,374.22283419173067,377.51688599059133,371.8823056026721,372.31573486328125,59023,0.0,0.0
2022-09-01 00:00:00+03:00,373.1826075287379,390.0863493331755,372.3157489746642,386.18548583984375,125044,0.0,0.0
2022-09-02 00:00:00+03:00,386.0988031150647,390.8665252664628,381.41777211184956,383.1514892578125,74861,0.0,0.0
2022-09-05 00:00:00+03:00,383.1514977861095,392.8603246013736,383.1514977861095,387.3124084472656,84756,0.0,0.0
2022-09-06 00:00:00+03:00,391.3866465804938,402.56911690619444,385.75206584345455,386.2721862792969,143470,0.0,0.0
2022-09-07 00:00:00+03:00,385.83876799179524,388.439343790723,380.11749594326926,384.1917419433594,65479,0.0,0.0
2022-09-08 00:00:00+03:00,385.4053028933239,398.32148953738397,381.677795388438,382.28460693359375,113060,0.0,0.0
2022-09-09 00:00:00+03:00,386.53223924307775,399.7085003673823,381.93789930672693,397.8880920410156,158047,0.0,0.0
2022-09-12 00:00:00+03:00,405.6031132925435,437.6768798828125,402.6557994913495,437.6768798828125,284274,0.0,0.0
2022-09-13 00:00:00+03:00,455.10076406050706,473.39145931920837,442.0978850873497,445.9987487792969,331565,0.0,0.0
2022-09-14 00:00:00+03:00,445.9987173611847,490.5552673339844,442.09785394403144,490.5552673339844,267676,0.0,0.0
2022-09-15 00:00:00+03:00,505.3785174560547,539.5327643276006,498.4436492919922,520.1151123046875,371631,0.0,0.0
2022-09-16 00:00:00+03:00,511.4465755014262,532.2511819625012,490.3819220413579,512.48681640625,234544,0.0,0.0
2022-09-19 00:00:00+03:00,520.9820063443091,532.2511678792109,505.378551911368,505.8119812011719,139975,0.0,0.0
2022-09-20 00:00:00+03:00,507.9791529465155,556.349853515625,499.65733133141015,556.349853515625,282421,0.0,0.0
2022-09-21 00:00:00+03:00,569.5260841040262,597.7856525018128,563.2846917786508,563.5447387695312,282405,0.0,0.0
2022-09-22 00:00:00+03:00,563.8915117051866,619.8905553474194,535.8919898840702,577.3278198242188,455773,0.0,0.0
2022-09-23 00:00:00+03:00,556.9566708403273,597.7856912278829,528.7837653114392,542.6535034179688,258493,0.0,0.0
2022-09-26 00:00:00+03:00,542.6534817200487,550.4552090930207,504.3383211510165,508.4125671386719,127937,0.0,0.0
2022-09-27 00:00:00+03:00,506.93883229529314,529.9972997802191,493.06909651206297,504.3382568359375,128784,0.0,0.0
2022-09-28 00:00:00+03:00,498.2703326150077,526.0098089238054,498.2703326150077,510.23297119140625,80804,0.0,0.0
2022-09-29 00:00:00+03:00,522.108887621082,527.1366565670838,462.8157952802616,479.3727722167969,106146,0.0,0.0
2022-09-30 00:00:00+03:00,480.2397071079434,505.3786087435578,470.35749702557376,496.71002197265625,89677,0.0,0.0
2022-10-03 00:00:00+03:00,496.70997802478905,517.5145844342043,490.2085385218468,497.2300720214844,75629,0.0,0.0
2022-10-04 00:00:00+03:00,497.57683475675424,506.24542072812625,490.208536681088,493.4159240722656,65547,0.0,0.0
2022-10-05 00:00:00+03:00,494.97619158211404,515.7807950811871,489.77504070734574,511.4465026855469,101480,0.0,0.0
2022-10-06 00:00:00+03:00,511.6199257871604,519.248270430412,502.77795801275295,514.047119140625,54307,0.0,0.0
2022-10-07 00:00:00+03:00,514.0471638954442,551.4087494163784,507.54572421717126,540.7463989257812,148031,0.0,0.0
2022-10-10 00:00:00+03:00,541.786566025723,552.535632659211,515.7808108564883,532.5111694335938,80930,0.0,0.0
2022-10-11 00:00:00+03:00,535.2851469680858,535.2851469680858,517.514546947283,523.9293212890625,58540,0.0,0.0
2022-10-12 00:00:00+03:00,525.3163286994485,528.7837632123161,511.5332553472589,515.7808837890625,64306,0.0,0.0
2022-10-13 00:00:00+03:00,515.3474173382142,528.783725107335,512.0533653701349,515.43408203125,44122,0.0,0.0
2022-10-14 00:00:00+03:00,518.3813706180291,539.1859741210938,516.8210359370678,539.1859741210938,92384,0.0,0.0
2022-10-17 00:00:00+03:00,539.1861024326157,580.7086546355828,539.1861024326157,573.6004028320312,117571,0.0,0.0
2022-10-18 00:00:00+03:00,573.6003519925794,593.9715292982376,557.996897035054,575.5941162109375,107555,0.0,0.0
2022-10-19 00:00:00+03:00,579.148173653253,633.1535034179688,579.148173653253,633.1535034179688,153363,0.0,0.0
2022-10-20 00:00:00+03:00,638.8748068328774,667.4811414671854,624.1382102030824,636.2742309570312,134095,0.0,0.0
2022-10-21 00:00:00+03:00,636.2742070727866,676.1497023389286,615.8163654476102,651.6176147460938,149775,0.0,0.0
2022-10-24 00:00:00+03:00,673.3757789899329,679.097077742419,651.7043130536654,655.69189453125,87504,0.0,0.0
2022-10-25 00:00:00+03:00,658.8124944203896,662.6266931832043,612.0887976657207,617.550048828125,99452,0.0,0.0
2022-10-26 00:00:00+03:00,617.9834688040809,679.2703247070312,616.5097987174878,679.2703247070312,137571,0.0,0.0
2022-10-27 00:00:00+03:00,679.6171192179254,697.3010552182577,654.9116499606412,657.0787963867188,124315,0.0,0.0
2022-10-28 00:00:00+03:00,664.6204743008418,664.6204743008418,634.7138537213349,635.8407592773438,41616,0.0,0.0
2022-10-31 00:00:00+03:00,636.2741350121602,662.9733660630543,624.1381160882225,643.9891967773438,97863,0.0,0.0
2022-11-01 00:00:00+03:00,659.6793740575912,708.3101188396903,645.8096368894946,679.5304565429688,199006,0.0,0.0
2022-11-02 00:00:00+03:00,684.8183001756248,694.0069802549474,671.8154210583662,675.4562377929688,126410,0.0,0.0
2022-11-03 00:00:00+03:00,684.6448581265558,693.0533964703797,668.3479283035181,680.4839477539062,78622,0.0,0.0
2022-11-04 00:00:00+03:00,684.5582168618421,686.55198097229,664.0136583646139,665.7473754882812,68921,0.0,0.0
2022-11-07 00:00:00+03:00,667.4811312373968,712.2977320593922,667.4811312373968,685.5117797851562,225529,0.0,0.0
2022-11-08 00:00:00+03:00,693.4002259080663,711.4308744820482,685.7718277843212,707.3566284179688,153064,0.0,0.0
2022-11-09 00:00:00+03:00,711.6909093786966,741.1641017281189,700.0749829950902,715.3317260742188,158614,0.0,0.0
2022-11-10 00:00:00+03:00,718.5390790289935,754.1669445565755,715.9385033581087,753.6468505859375,156349,0.0,0.0
2022-11-11 00:00:00+03:00,765.8695722477743,828.9768676757812,765.8695722477743,828.9768676757812,215860,0.0,0.0
2022-11-14 00:00:00+03:00,837.1253339786377,901.5329153285107,834.7848052513036,839.8992919921875,249339,0.0,0.0
2022-11-15 00:00:00+03:00,856.4562578044954,873.7934290151127,821.4351507955093,846.053955078125,164415,0.0,0.0
2022-11-16 00:00:00+03:00,850.0415070170269,854.9826115317248,797.5098979462791,799.503662109375,129080,0.0,0.0
2022-11-17 00:00:00+03:00,801.8442401327349,849.0880359027176,761.9687427855935,828.7168579101562,143373,0.0,0.0
2022-11-18 00:00:00+03:00,810.9461948930884,866.8585728413559,807.9121898881438,854.2891235351562,159409,0.0,0.0
2022-11-21 00:00:00+03:00,855.5894756875776,873.6201247758189,824.2091824108828,828.7168579101562,100535,0.0,0.0
2022-11-22 00:00:00+03:00,833.9178747493315,897.3718744509997,821.7818557820856,891.56396484375,209164,0.0,0.0
2022-11-23 00:00:00+03:00,891.1306254167678,949.210150614164,876.3940294711597,893.731201171875,246254,0.0,0.0
2022-11-24 00:00:00+03:00,918.5233301679315,927.5386805631125,886.449562709207,893.64453125,108942,0.0,0.0
2022-11-25 00:00:00+03:00,903.2666442999958,937.0741290674622,897.1986342135276,916.8762817382812,127181,0.0,0.0
2022-11-28 00:00:00+03:00,924.8514490471118,947.4764370388455,888.9634823269314,889.3969116210938,89096,0.0,0.0
2022-11-29 00:00:00+03:00,891.3039530403531,921.817438663761,874.6603105677293,904.9136962890625,100846,0.0,0.0
2022-11-30 00:00:00+03:00,905.867210339681,994.5468848368549,900.1459649116015,964.7269287109375,348399,0.0,0.0
2022-12-01 00:00:00+03:00,965.6805287913354,1061.034979569654,964.8136701478961,1011.1039428710938,160542,0.0,0.0
2022-12-02 00:00:00+03:00,1011.6240042317708,1057.5675108506944,969.5813613823784,975.2159423828125,117951,0.0,0.0
2022-12-05 00:00:00+03:00,988.218824964599,1010.150390336947,932.8265380859376,932.8265380859375,107287,0.0,0.0
2022-12-06 00:00:00+03:00,934.9935660842091,953.3710299546225,897.7186502195206,917.3096313476562,98594,0.0,0.0
2022-12-07 00:00:00+03:00,928.4055568212962,969.1479108554706,878.9946168224036,901.9663696289062,119641,0.0,0.0
2022-12-08 00:00:00+03:00,905.520524745584,919.5636983680552,860.7906395632408,901.8797607421875,73523,0.0,0.0
2022-12-09 00:00:00+03:00,909.0746213203174,991.1661987304688,907.5143392454167,991.1661987304688,164293,0.0,0.0
2022-12-12 00:00:00+03:00,1040.8369092780013,1060.42799510336,1010.2368691693281,1022.026123046875,134011,0.0,0.0
2022-12-13 00:00:00+03:00,1019.8590289296417,1039.190015876463,992.6396507678968,1035.029052734375,111103,0.0,0.0
2022-12-14 00:00:00+03:00,1038.4099363602713,1138.5321044921875,1030.5215442770543,1138.5321044921875,260185,0.0,0.0
2022-12-15 00:00:00+03:00,1170.2591511033336,1213.6020826256793,1084.0933820733696,1116.513916015625,249384,0.0,0.0
2022-12-16 00:00:00+03:00,1099.4367380001336,1109.4056112952846,1044.5645496223547,1080.4525146484375,48232,0.0,0.0
2022-12-19 00:00:00+03:00,1070.5703599663057,1146.8539159800991,1066.2360670109765,1072.3040771484375,129362,0.0,0.0
2022-12-20 00:00:00+03:00,1072.3906996321493,1117.4673445932485,1064.502307927496,1069.443359375,96925,0.0,0.0
2022-12-21 00:00:00+03:00,1076.2048445668963,1157.2561155834126,1071.8705519991684,1139.9189453125,203456,0.0,0.0
2022-12-22 00:00:00+03:00,1139.9190007194422,1191.063655504573,1118.1608721354087,1121.8016357421875,132952,0.0,0.0
2022-12-23 00:00:00+03:00,1050.1992294890347,1123.7088835872019,1009.8903032230503,1074.037841796875,190990,0.0,0.0
2022-12-26 00:00:00+03:00,1066.3227071616477,1073.9511049145142,1013.0975697318157,1024.6268310546875,149782,0.0,0.0
2022-12-27 00:00:00+03:00,1024.6268587273955,1058.9544379070069,987.3519391628624,987.5252685546875,120590,0.0,0.0
2022-12-28 00:00:00+03:00,988.2186745574035,1026.3604479613734,940.541457802441,1009.89013671875,103650,0.0,0.0
2022-12-29 00:00:00+03:00,1013.5310447336736,1035.9827039017243,997.58093095992,1018.2987670898438,50111,0.0,0.0
2022-12-30 00:00:00+03:00,1031.3884462672004,1034.6824455896324,991.2528491389526,1007.2897338867188,59259,0.0,0.0
2023-01-02 00:00:00+03:00,1020.2059101583949,1090.5081216378005,1020.2059101583949,1054.9669189453125,101574,0.0,0.0
2023-01-03 00:00:00+03:00,1059.0410899304572,1079.2389372682596,1026.7939929271113,1027.3140869140625,125282,0.0,0.0
2023-01-04 00:00:00+03:00,1028.094246777774,1040.2302665542402,976.7762626215093,983.8844604492188,87166,0.0,0.0
2023-01-05 00:00:00+03:00,983.8844580203337,990.1257972771734,888.5300171549269,920.2570190429688,86487,0.0,0.0
2023-01-06 00:00:00+03:00,888.7901842877291,928.4055808444884,845.1871534298565,905.260498046875,107174,0.0,0.0
2023-01-09 00:00:00+03:00,920.6037745153415,975.2158628340482,900.6660279862898,907.6875610351562,149466,0.0,0.0
2023-01-10 00:00:00+03:00,914.4490974306641,918.8700548328305,855.5893812452865,862.0908203125,73712,0.0,0.0
2023-01-11 00:00:00+03:00,866.8586050135472,875.8739556692282,783.8135612350194,785.2872314453125,90767,0.0,0.0
2023-01-12 00:00:00+03:00,790.8350464427502,830.710539836511,713.7713529118557,806.6985473632812,117004,0.0,0.0
2023-01-13 00:00:00+03:00,807.0453742312199,829.7570806291641,781.4730449725507,814.1536254882812,56885,0.0,0.0
2023-01-16 00:00:00+03:00,814.5870455787547,861.6574574726004,814.5870455787547,847.7877197265625,63596,0.0,0.0
2023-01-17 00:00:00+03:00,849.6081111039213,888.530084250738,848.3078231757495,866.5985717773438,84140,0.0,0.0
2023-01-18 00:00:00+03:00,866.5117919076192,908.467767205456,856.0228245375837,875.353759765625,98124,0.0,0.0
2023-01-19 00:00:00+03:00,875.3537799062084,887.9232821734207,862.5242835566827,865.5582885742188,58673,0.0,0.0
2023-01-20 00:00:00+03:00,865.5582936706544,877.954360804949,856.8897078552246,866.8585815429688,53520,0.0,0.0
2023-01-23 00:00:00+03:00,867.8121131970163,897.1986405585611,847.7877009335969,849.4347534179688,78853,0.0,0.0
2023-01-24 00:00:00+03:00,849.4347640130032,866.7719360274835,820.6550478871959,834.6114501953125,56563,0.0,0.0
2023-01-25 00:00:00+03:00,848.5678718597337,849.2613481311228,766.3029727402553,806.178466796875,69276,0.0,0.0
2023-01-26 00:00:00+03:00,808.4322760503761,829.5836461867005,796.9897853266034,800.5438842773438,39085,0.0,0.0
2023-01-27 00:00:00+03:00,801.8441631930788,803.491215610744,765.436103891339,787.3676147460938,51967,0.0,0.0
2023-01-30 00:00:00+03:00,797.5099079774571,805.74506463592,774.10472589551,788.3212280273438,38259,0.0,0.0
2023-01-31 00:00:00+03:00,788.3212384767506,806.1785046198435,761.4486216560891,788.4945678710938,62867,0.0,0.0
2023-02-01 00:00:00+03:00,798.2900520810023,805.9183966649118,754.1669311523438,754.1669311523438,60513,0.0,0.0
2023-02-02 00:00:00+03:00,755.9873485048023,771.1573736959456,709.9571789455017,748.2723388671875,60028,0.0,0.0
2023-02-03 00:00:00+03:00,747.6655260639184,788.841308658743,736.8297938021225,788.2344970703125,52114,0.0,0.0
2023-02-06 00:00:00+03:00,762.8355165678879,787.1075557314116,728.1611749057112,754.1669311523438,15358,0.0,0.0
2023-02-07 00:00:00+03:00,749.8326451872805,749.8326451872805,678.750244140625,678.750244140625,48307,0.0,0.0
2023-02-08 00:00:00+03:00,619.6304931640625,619.6304931640625,619.6304931640625,619.6304931640625,2,0.0,0.0
2023-02-15 00:00:00+03:00,684.8182412988406,746.625244140625,678.7502315658129,746.625244140625,32670,0.0,0.0
2023-02-16 00:00:00+03:00,797.2498389016012,799.6770323203702,703.88916015625,703.88916015625,48546,0.0,0.0
2023-02-17 00:00:00+03:00,703.8892221531424,706.489798097058,676.1497454180433,688.892578125,37515,0.0,0.0
2023-02-20 00:00:00+03:00,693.4868803014392,722.0932141138735,690.8863045003088,721.5731201171875,38764,0.0,0.0
2023-02-21 00:00:00+03:00,721.4864736951629,740.6440823989288,714.7249865268917,722.9601440429688,59413,0.0,0.0
2023-02-22 00:00:00+03:00,721.2263404988062,730.7617849044394,704.7560274345306,715.2449951171875,32081,0.0,0.0
2023-02-23 00:00:00+03:00,719.4926420741396,720.3595006790482,693.4868839268815,701.6353759765625,62760,0.0,0.0
2023-02-24 00:00:00+03:00,736.3096401784612,770.7238807274067,725.8206204533092,757.6343383789062,183583,0.0,0.0
2023-02-27 00:00:00+03:00,750.6995224876059,801.8441781767153,739.0835964726417,760.0615844726562,211453,0.0,0.0
2023-02-28 00:00:00+03:00,757.6344477500112,774.9716204674028,741.8576099954144,743.1578979492188,176166,0.0,0.0
2023-03-01 00:00:00+03:00,759.0213155514933,793.4356101300497,750.7861594313554,774.1046752929688,164190,0.0,0.0
2023-03-02 00:00:00+03:00,773.9313092223972,773.9313092223972,749.8326519159993,751.826416015625,60057,0.0,0.0
2023-03-03 00:00:00+03:00,780.0860512651041,826.9830789164271,773.8446589556632,781.9064331054688,444350,0.0,0.0
2023-03-06 00:00:00+03:00,781.9064776585479,787.8878233185895,756.5941952944831,771.7642211914062,178837,0.0,0.0
2023-03-07 00:00:00+03:00,780.0861044388134,797.9433711022208,768.730224609375,768.730224609375,131124,0.0,0.0
2023-03-08 00:00:00+03:00,774.4514033037864,784.4202760311346,758.5011857764918,765.0026245117188,78477,0.0,0.0
2023-03-09 00:00:00+03:00,771.2441100522187,786.847564913934,755.0338435863333,778.4390258789062,80521,0.0,0.0
2023-03-10 00:00:00+03:00,778.7858070761162,810.4261467753694,769.7704562448432,787.9744873046875,167452,0.0,0.0
2023-03-13 00:00:00+03:00,787.974493760969,825.2494148079676,782.5132949800396,794.9093627929688,212554,0.0,0.0
2023-03-14 00:00:00+03:00,794.9093007879007,807.9988439012399,762.5754870300971,763.702392578125,115158,0.0,0.0
2023-03-15 00:00:00+03:00,764.5693356867662,776.7053568881433,719.4060208080394,723.306884765625,97282,0.0,0.0
2023-03-16 00:00:00+03:00,736.8298334460816,741.1641265839997,711.6909332461564,714.378173828125,87704,0.0,0.0
2023-03-17 00:00:00+03:00,723.826940666515,729.0280923359751,700.5084228515625,700.5084228515625,92108,0.0,0.0
2023-03-20 00:00:00+03:00,704.6693385977494,704.7560032894737,658.8125,658.8125,103275,0.0,0.0
2023-03-21 00:00:00+03:00,662.7134579688433,664.7072223423743,632.7201689352341,635.4074096679688,108909,0.0,0.0
2023-03-22 00:00:00+03:00,636.2741390715919,698.947998046875,636.2741390715919,698.947998046875,158877,0.0,0.0
2023-03-23 00:00:00+03:00,709.0902954247405,758.5012328809877,698.9480397861624,725.5606079101562,231740,0.0,0.0
2023-03-24 00:00:00+03:00,725.387279756038,745.325027936929,711.6909241961527,733.015625,90852,0.0,0.0
2023-03-27 00:00:00+03:00,745.4983480874595,763.7023775175021,730.7617528345678,734.2291870117188,89422,0.0,0.0
2023-03-28 00:00:00+03:00,739.6904245727532,741.8575710486542,660.8930104543032,662.1932983398438,153402,0.0,0.0
2023-03-29 00:00:00+03:00,666.1987953432028,723.2838524076327,640.3072227199432,701.5455932617188,117106,14.532763,0.0
2023-03-30 00:00:00+03:00,702.6059090443142,715.7726119995117,667.700948335696,706.9359130859375,98096,0.0,0.0
2023-03-31 00:00:00+03:00,705.3453182168305,741.4873844199926,689.4392601690515,725.4929809570312,104727,0.0,0.0
2023-04-03 00:00:00+03:00,725.4929551457784,741.2222678686526,706.9358880835844,733.4459838867188,78272,0.0,0.0
2023-04-04 00:00:00+03:00,742.2827118664253,762.1652845057046,716.6562849091321,724.6093139648438,76635,0.0,0.0
2023-04-05 00:00:00+03:00,733.4460232817759,734.7715281431285,711.2659301757812,711.2659301757812,48372,0.0,0.0
2023-04-06 00:00:00+03:00,714.0052911830694,719.1305659021002,699.866572545781,709.4985961914062,43819,0.0,0.0
2023-04-07 00:00:00+03:00,707.4660963517554,715.7726149385951,698.9828869338626,706.05224609375,36026,0.0,0.0
2023-04-10 00:00:00+03:00,706.3173649951677,718.1585636434318,706.052274802879,715.7726440429688,48042,0.0,0.0
2023-04-11 00:00:00+03:00,717.5399522129381,784.6988639964151,714.6238523566942,762.6071166992188,169884,0.0,0.0
2023-04-12 00:00:00+03:00,762.6954831888601,819.1620124147212,752.0914441932002,797.2470092773438,234177,0.0,0.0
2023-04-13 00:00:00+03:00,805.0232627654134,815.6273013528833,776.4807363544599,787.9684448242188,208939,0.0,0.0
2023-04-14 00:00:00+03:00,790.0892215204822,797.0702351763757,771.4438085465365,775.0668334960938,91165,0.0,0.0
2023-04-17 00:00:00+03:00,774.9784580425573,784.6104809764643,757.3050610518491,759.2491455078125,43025,0.0,0.0
2023-04-18 00:00:00+03:00,758.8073393025057,829.324185177379,747.5847210016651,820.9293212890625,278580,0.0,0.0
2023-04-19 00:00:00+03:00,822.2548527022755,846.5557752700483,783.0198870552445,794.4192504882812,283106,0.0,0.0
2023-04-20 00:00:00+03:00,797.423765970667,839.4864330417325,787.7917421649521,830.3846435546875,120360,0.0,0.0
2023-04-24 00:00:00+03:00,830.3846116991176,900.54796905022,804.5814399600891,854.5087890625,298904,0.0,0.0
2023-04-25 00:00:00+03:00,854.5088170909349,865.9965261107717,790.8845825195312,790.8845825195312,121210,0.0,0.0
2023-04-26 00:00:00+03:00,790.7962139170695,827.1150251795051,770.5601516629578,808.2044677734375,159805,0.0,0.0
2023-04-27 00:00:00+03:00,814.7436389452712,821.7246526533728,773.2994995117188,773.2994995117188,66556,0.0,0.0
2023-04-28 00:00:00+03:00,780.280508386934,790.884547006009,741.3106880358052,754.1239013671875,62822,0.0,0.0
2023-05-02 00:00:00+03:00,754.1239304562797,764.3744799428118,688.909047285468,690.057861328125,74115,0.0,0.0
2023-05-03 00:00:00+03:00,702.3408216033976,711.9728450307354,641.6326890433625,664.7848510742188,78740,0.0,0.0
2023-05-04 00:00:00+03:00,679.1003351560813,727.8789256445845,669.8218009737275,707.7312622070312,105431,0.0,0.0
2023-05-05 00:00:00+03:00,708.1730641972509,749.3520590772907,705.7871447315991,728.1439819335938,147611,0.0,0.0
2023-05-08 00:00:00+03:00,730.4414723023938,742.9895948883683,700.7501870843904,718.423583984375,73159,0.0,0.0
2023-05-09 00:00:00+03:00,777.6295222611795,790.2659912109375,744.0500656180832,790.2659912109375,171007,0.0,0.0
2023-05-10 00:00:00+03:00,810.7671147828461,858.4852882959509,777.6294942876344,821.81298828125,315305,0.0,0.0
2023-05-11 00:00:00+03:00,819.9573559920188,839.3980946030729,790.8845934951514,805.906982421875,238413,0.0,0.0
2023-05-12 00:00:00+03:00,812.8879645327207,813.32979948378,751.6495971679688,751.6495971679688,101270,0.0,0.0
2023-05-15 00:00:00+03:00,745.8173464668598,790.972853808122,708.703213111874,746.6126708984375,112052,0.0,0.0
2023-05-16 00:00:00+03:00,737.8643795262988,781.1642053907162,737.8643795262988,756.4214477539062,97099,0.0,0.0
2023-05-17 00:00:00+03:00,768.6160890191488,781.1642127254812,761.2816394377851,764.4628295898438,76256,0.0,0.0
2023-05-18 00:00:00+03:00,771.4437939187756,771.4437939187756,731.6786499023438,731.6786499023438,56350,0.0,0.0
2023-05-22 00:00:00+03:00,732.5623231342931,755.5377397826546,725.4929641655666,745.1987915039062,67625,0.0,0.0
2023-05-23 00:00:00+03:00,745.2871656634007,760.8397332949955,737.9526628332892,738.30615234375,93231,0.0,0.0
2023-05-24 00:00:00+03:00,740.0735430729127,746.8778121066587,715.7726207630558,722.8419799804688,57281,0.0,0.0
2023-05-25 00:00:00+03:00,728.9393765059915,749.1753863658373,715.8610178616276,743.6082763671875,114790,0.0,0.0
2023-05-26 00:00:00+03:00,734.3297002187032,750.3241041248251,729.0276807225393,737.8643798828125,76958,0.0,0.0
2023-05-29 00:00:00+03:00,755.4493629485021,765.4348212895227,739.2781618321975,759.0723876953125,69636,0.0,0.0
2023-05-30 00:00:00+03:00,767.0254608793584,812.9762949412554,755.0959174209813,801.4885864257812,138378,0.0,0.0
2023-05-31 00:00:00+03:00,801.4886068386502,809.5299814303137,786.4662183973525,795.3029174804688,82126,0.0,0.0
2023-06-01 00:00:00+03:00,797.0702155547934,865.9964647934563,797.0702155547934,841.518798828125,235007,0.0,0.0
2023-06-02 00:00:00+03:00,857.1598775353023,894.9809417570893,844.876843283245,853.360107421875,262049,0.0,0.0
2023-06-05 00:00:00+03:00,873.772775081815,938.6341125456651,870.4148402920398,910.4451293945312,316769,0.0,0.0
2023-06-06 00:00:00+03:00,914.5983946250606,936.5134524461488,879.2515967651549,886.4093017578125,160058,0.0,0.0
2023-06-07 00:00:00+03:00,897.2784054217216,954.3634573129507,896.3947355538392,919.0166625976562,210026,0.0,0.0
2023-06-08 00:00:00+03:00,927.8533995591355,942.0804634450699,893.3902732897961,903.375732421875,164716,0.0,0.0
2023-06-09 00:00:00+03:00,905.761595497997,949.9450879613139,905.761595497997,935.452880859375,171351,0.0,0.0
2023-06-12 00:00:00+03:00,961.4328776041666,963.2002174527037,898.2504780189663,901.3433227539062,138304,0.0,0.0
2023-06-13 00:00:00+03:00,901.4316657307148,905.7616699218751,874.8332226562501,883.669921875,94489,0.0,0.0
2023-06-14 00:00:00+03:00,886.3208868560057,943.3175939369751,872.7123491727793,901.52001953125,221928,0.0,0.0
2023-06-15 00:00:00+03:00,911.0637042483405,917.5145379307316,879.6934215123404,889.5021362304688,107441,0.0,0.0
2023-06-16 00:00:00+03:00,900.9014557791229,919.0166885829208,891.004342192013,892.506591796875,107169,0.0,0.0
2023-06-19 00:00:00+03:00,916.365698216777,936.6901061810836,901.2549643042433,907.2638549804688,184234,0.0,0.0
2023-06-20 00:00:00+03:00,906.203475136332,914.5983391185798,883.4931481026334,892.506591796875,74252,0.0,0.0
2023-06-21 00:00:00+03:00,893.3902571253076,896.9249366787212,874.8331894698857,875.2750244140625,54777,0.0,0.0
2023-06-22 00:00:00+03:00,870.3265294765304,939.3411289475264,866.8801951999279,919.900390625,218204,0.0,0.0
2023-06-23 00:00:00+03:00,933.1554102422908,1009.1510213036895,921.8443924247431,1002.96533203125,271870,0.0,0.0
2023-06-26 00:00:00+03:00,1011.8020086017284,1103.2618408203125,1011.8020086017284,1103.2618408203125,265209,0.0,0.0
2023-06-27 00:00:00+03:00,1127.4743600449885,1213.5438232421875,1122.2606864630402,1213.5438232421875,129655,0.0,0.0
2023-07-03 00:00:00+03:00,1271.8662224545806,1334.871826171875,1268.0663984610703,1334.871826171875,271022,0.0,0.0
2023-07-04 00:00:00+03:00,1369.6883986283592,1462.473741761248,1308.1849927542457,1356.433349609375,448167,0.0,0.0
2023-07-05 00:00:00+03:00,1352.0149616577903,1391.7801075889017,1243.3235627794188,1283.884033203125,497277,0.0,0.0
2023-07-06 00:00:00+03:00,1307.9198971878236,1342.5598246321708,1242.6166650223379,1250.8348388671875,203041,0.0,0.0
2023-07-07 00:00:00+03:00,1259.2295894116428,1310.1289533465203,1224.7664638066924,1248.1837158203125,157429,0.0,0.0
2023-07-10 00:00:00+03:00,1263.6479618413393,1372.9578857421875,1225.6501559957605,1372.9578857421875,313767,0.0,0.0
2023-07-11 00:00:00+03:00,1405.4769856902092,1471.7522286495087,1360.8516554309476,1369.6883544921875,262899,0.0,0.0
2023-07-12 00:00:00+03:00,1369.6883789062501,1409.4535253906251,1325.5048828125,1325.5048828125,144995,0.0,0.0
2023-07-13 00:00:00+03:00,1332.1324469170386,1341.0574918199225,1281.3214248953275,1297.4041748046875,129517,0.0,0.0
2023-07-14 00:00:00+03:00,1306.9477294921876,1427.1268310546875,1264.354885174597,1427.1268310546875,267957,0.0,0.0
2023-07-17 00:00:00+03:00,1502.2388524741507,1564.095746399557,1489.3372933151097,1495.611328125,328541,0.0,0.0
2023-07-18 00:00:00+03:00,1497.3787316898013,1616.2323400771002,1454.9625740497243,1549.5152587890625,349197,0.0,0.0
2023-07-19 00:00:00+03:00,1549.956996866914,1673.4056381330565,1549.956996866914,1655.2904052734375,263454,0.0,0.0
2023-07-20 00:00:00+03:00,1658.6484383648033,1714.3196432752895,1621.5343017578125,1621.5343017578125,227033,0.0,0.0
2023-07-21 00:00:00+03:00,1622.9481774063509,1658.8251551128967,1560.5611017092735,1603.7725830078125,187437,0.0,0.0
2023-07-24 00:00:00+03:00,1626.92461992927,1680.5634472057711,1581.769109929283,1590.2523193359375,264653,0.0,0.0
2023-07-25 00:00:00+03:00,1610.0465967573882,1749.224609375,1583.5364991159383,1749.224609375,330415,0.0,0.0
2023-07-26 00:00:00+03:00,1767.339812007999,1856.2370908478906,1739.946044921875,1739.946044921875,405075,0.0,0.0
2023-07-27 00:00:00+03:00,1762.0377243589744,1784.1294711538462,1722.0074360187236,1723.15625,127890,0.0,0.0
2023-07-28 00:00:00+03:00,1736.3229788992974,1766.6327912379238,1683.9213115621371,1715.2032470703125,140360,0.0,0.0
2023-07-31 00:00:00+03:00,1733.937172570582,1772.465269571466,1692.5814826825624,1700.4461669921875,151704,0.0,0.0
2023-08-01 00:00:00+03:00,1703.1854597174695,1767.2515302090142,1665.7178327801653,1700.887939453125,159624,0.0,0.0
2023-08-02 00:00:00+03:00,1714.4080507131878,1748.7828333881203,1676.32189739124,1687.0142822265625,132789,0.0,0.0
2023-08-03 00:00:00+03:00,1696.6461852114492,1765.8375806000474,1687.8978317449807,1713.4359130859375,209988,0.0,0.0
2023-08-04 00:00:00+03:00,1716.9706942802343,1802.6866785031796,1695.4974715795295,1719.6217041015625,306579,0.0,0.0
2023-08-07 00:00:00+03:00,1736.411394525268,1780.7715814053981,1714.4963373395483,1731.109375,137965,0.0,0.0
2023-08-08 00:00:00+03:00,1731.1093021593008,1757.619398670163,1709.1059004813135,1724.3934326171875,108394,0.0,0.0
2023-08-09 00:00:00+03:00,1793.8500058747893,1868.9619519335859,1743.480818517714,1825.1318359375,390432,0.0,0.0
2023-08-10 00:00:00+03:00,1829.1967801893363,1904.3087252695748,1652.5511371854848,1680.1217041015625,328939,0.0,0.0
2023-08-11 00:00:00+03:00,1686.9259459245186,1767.33991191673,1681.8890703235031,1747.0155029296875,213318,0.0,0.0
2023-08-14 00:00:00+03:00,1776.1765205240547,1784.924874214041,1691.34420909604,1700.180908203125,158141,0.0,0.0
2023-08-15 00:00:00+03:00,1702.8319244384766,1722.3610079657444,1632.2266767292501,1661.2994384765625,92803,0.0,0.0
2023-08-16 00:00:00+03:00,1661.2994035050676,1687.5443562529217,1632.1382969541808,1634.789306640625,77398,0.0,0.0
2023-08-17 00:00:00+03:00,1634.789344520764,1758.5031327547676,1590.6058487229054,1707.338623046875,235153,0.0,0.0
2023-08-18 00:00:00+03:00,1709.1942777456336,1764.7771360398033,1634.789315299927,1669.25244140625,195006,0.0,0.0
2023-08-21 00:00:00+03:00,1669.2524996132174,1749.666463332012,1633.7290115359376,1706.8084716796875,145215,0.0,0.0
2023-08-22 00:00:00+03:00,1723.156372397945,1873.3802612736633,1720.6820534332226,1788.1944580078125,313907,0.0,0.0
2023-08-23 00:00:00+03:00,1847.4004255886377,1865.4272057050553,1692.2279009593467,1695.4974365234375,188617,0.0,0.0
2023-08-24 00:00:00+03:00,1712.0220740408608,1789.4315351736604,1631.2546241632479,1635.6729736328125,174454,0.0,0.0
2023-08-25 00:00:00+03:00,1639.2077046933102,1755.4986448107875,1638.3240347716426,1732.611572265625,156197,0.0,0.0
2023-08-28 00:00:00+03:00,1767.3398537404094,1785.0132522778133,1723.156357396899,1727.57470703125,187382,0.0,0.0
2023-08-29 00:00:00+03:00,1740.8297244277828,1833.6150650698728,1716.4404564615488,1772.0233154296875,328847,0.0,0.0
2023-08-31 00:00:00+03:00,1796.3241791158505,1806.6630735863764,1747.4571914977057,1764.777099609375,182561,0.0,0.0
2023-09-01 00:00:00+03:00,1793.8499101976383,1941.24609375,1773.702193181464,1941.24609375,305808,0.0,0.0
2023-09-04 00:00:00+03:00,2129.6444037700553,2135.2998046875,2117.9800045405027,2135.2998046875,31511,0.0,0.0
2023-09-05 00:00:00+03:00,2348.794677734375,2348.794677734375,2348.794677734375,2348.794677734375,18240,0.0,0.0
2023-09-06 00:00:00+03:00,2583.6738539611506,2583.6738539611506,2120.807560692149,2138.48095703125,538500,0.0,0.0
2023-09-07 00:00:00+03:00,2138.4810627924307,2312.917406990441,2138.4810627924307,2235.508056640625,251133,0.0,0.0
2023-09-08 00:00:00+03:00,2244.610250829669,2289.235585780638,2035.7105336153465,2048.700439453125,216493,0.0,0.0
2023-09-11 00:00:00+03:00,2048.7001273989677,2092.530238970588,1944.0737017463234,1952.910400390625,167668,0.0,0.0
2023-09-12 00:00:00+03:00,1953.7940231873927,2120.7191702610703,1953.7940231873927,1988.433837890625,151132,0.0,0.0
2023-09-13 00:00:00+03:00,2005.0469439311114,2015.827673245028,1864.5434339773667,1871.61279296875,129390,0.0,0.0
2023-09-14 00:00:00+03:00,1873.3801823163933,2058.774169921875,1779.7995186163334,2058.774169921875,308801,0.0,0.0
2023-09-15 00:00:00+03:00,2076.8009358154645,2252.474553390234,2018.567176262621,2174.534912109375,317383,0.0,0.0
2023-09-18 00:00:00+03:00,2154.3872695312502,2279.8683984375,2043.4866943359375,2043.4866943359375,380899,0.0,0.0
2023-09-19 00:00:00+03:00,2043.4866387950983,2070.5270239654214,1951.1431344690063,1982.1600341796875,150702,0.0,0.0
2023-09-20 00:00:00+03:00,1994.4430028989773,2111.9711018735293,1952.9989700827887,1958.56591796875,131522,0.0,0.0
2023-09-21 00:00:00+03:00,1961.747215020519,2014.1488842273454,1911.378029769992,1991.7919921875,89955,0.0,0.0
2023-09-22 00:00:00+03:00,2008.581667721325,2054.444048893425,1960.0682768689944,1970.5838623046875,94116,0.0,0.0
2023-09-25 00:00:00+03:00,1988.3458226268933,2001.4239651756345,1941.8646973856157,1954.501220703125,133986,0.0,0.0
2023-09-26 00:00:00+03:00,1965.635259087476,2149.8804350955825,1947.6084792415652,1997.093994140625,198139,0.0,0.0
2023-09-27 00:00:00+03:00,2032.4408099618377,2054.5325578962056,1917.563720703125,1917.563720703125,101303,0.0,0.0
2023-09-28 00:00:00+03:00,1944.6041224258959,2023.4274365545095,1913.49876848731,1935.148681640625,124093,0.0,0.0
2023-09-29 00:00:00+03:00,1952.0269745968658,1973.853579829426,1922.2473395900315,1938.6834716796875,77530,0.0,0.0
2023-10-02 00:00:00+03:00,2132.47216796875,2132.47216796875,2065.843543541036,2132.47216796875,66112,0.0,0.0
2023-10-03 00:00:00+03:00,2173.8278166767523,2303.373902129063,2099.15771484375,2099.15771484375,344900,0.0,0.0
2023-10-04 00:00:00+03:00,2104.901690955111,2191.2361965923533,2032.4407595284445,2095.269775390625,181008,0.0,0.0
2023-10-05 00:00:00+03:00,2103.134559703841,2168.0843034594013,2052.146844828718,2131.765380859375,119913,0.0,0.0
2023-10-06 00:00:00+03:00,2127.8769867111273,2344.9063869340257,2058.9507388027105,2302.490234375,433209,0.0,0.0
2023-10-09 00:00:00+03:00,2205.0213089244035,2324.0515885833765,2104.3711886290075,2125.932861328125,196065,0.0,0.0
2023-10-10 00:00:00+03:00,2160.0426925751326,2306.820354378501,2160.0426925751326,2277.8359375,274546,0.0,0.0
2023-10-11 00:00:00+03:00,2301.960006955509,2454.481512522228,2251.590824461665,2287.8212890625,387385,0.0,0.0
2023-10-12 00:00:00+03:00,2403.582075031133,2516.603366454541,2330.060784119301,2483.55419921875,592793,0.0,0.0
2023-10-13 00:00:00+03:00,2489.1215014909203,2536.1326986098898,2376.895420402608,2386.79248046875,262117,0.0,0.0
2023-10-16 00:00:00+03:00,2460.1369597927724,2474.2756779525007,2148.113037109375,2148.113037109375,194659,0.0,0.0
2023-10-17 00:00:00+03:00,2148.112952926767,2362.8447265625,2041.2773543149956,2362.8447265625,293855,0.0,0.0
2023-10-18 00:00:00+03:00,2259.190608561516,2317.1592259926797,2175.0650594072345,2209.1748046875,142484,0.0,0.0
2023-10-19 00:00:00+03:00,2242.754282886197,2341.7253150703004,2229.764378059979,2276.333740234375,173359,0.0,0.0
2023-10-20 00:00:00+03:00,2253.3582477673594,2262.194946778212,2134.239501953125,2134.239501953125,106291,0.0,0.0
2023-10-23 00:00:00+03:00,2191.501278264736,2218.011374372777,2098.0089628424344,2173.827880859375,97564,0.0,0.0
2023-10-24 00:00:00+03:00,2173.8276611817387,2306.5548191352214,2158.5401308230503,2204.756103515625,180833,0.0,0.0
2023-10-25 00:00:00+03:00,2231.2664027157143,2350.119999216809,2027.40380859375,2027.40380859375,269555,0.0,0.0
2023-10-26 00:00:00+03:00,2053.3835011708784,2229.675628851562,1951.1429469621514,2218.01123046875,231077,0.0,0.0
2023-10-27 00:00:00+03:00,2244.874902668952,2253.093075795393,2103.134338583026,2138.304443359375,125539,0.0,0.0
2023-10-30 00:00:00+03:00,2134.416288327541,2209.174851601633,2085.4610599119414,2142.192626953125,97241,0.0,0.0
2023-10-31 00:00:00+03:00,2182.3995303199367,2182.6646744404857,2041.2774890516282,2054.709228515625,58773,0.0,0.0
2023-11-01 00:00:00+03:00,2067.7875461726553,2090.409581691629,1954.677800057228,1990.4664306640625,74432,0.0,0.0
2023-11-02 00:00:00+03:00,2010.3489230201558,2149.968760311226,1997.1823284575785,2067.43408203125,173974,0.0,0.0
2023-11-03 00:00:00+03:00,2084.577254767167,2089.614129954184,1992.498896072491,2014.767333984375,70700,0.0,0.0
2023-11-06 00:00:00+03:00,2001.5121672874272,2085.460801235465,1915.7961936773256,2013.883544921875,98745,0.0,0.0
2023-11-07 00:00:00+03:00,2016.5347028152532,2129.6444495112887,1997.0939651018723,2005.9306640625,90196,0.0,0.0
2023-11-08 00:00:00+03:00,2031.5570999385534,2040.3937989378512,1961.747177844101,1966.16552734375,58053,0.0,0.0
2023-11-09 00:00:00+03:00,1961.7473122269187,2120.807905110182,1921.9821640061027,2035.0919189453125,134871,0.0,0.0
2023-11-10 00:00:00+03:00,2014.7673455692552,2079.275247423008,2002.3959671315492,2011.232666015625,44815,0.0,0.0
2023-11-13 00:00:00+03:00,2020.06944140625,2042.1611894531252,1963.5145664062502,1988.25732421875,62447,0.0,0.0
2023-11-14 00:00:00+03:00,2001.5124393360582,2007.6981289940504,1952.910592023262,2005.047119140625,62182,0.0,0.0
2023-11-15 00:00:00+03:00,2019.1856827450397,2031.5570611075912,1970.5838391778723,1977.6531982421875,53838,0.0,0.0
2023-11-16 00:00:00+03:00,1977.6529938760953,2043.044558463598,1962.6306074168042,2042.160888671875,81175,0.0,0.0
2023-11-17 00:00:00+03:00,2047.4631843898608,2119.0404472019363,2001.5123490043309,2032.4407958984375,97707,0.0,0.0
2023-11-20 00:00:00+03:00,2035.9752490039841,2235.684626727465,2019.1855225582046,2218.01123046875,303863,0.0,0.0
2023-11-21 00:00:00+03:00,2231.2662041360772,2251.1487742719432,2082.809680454944,2125.225830078125,187942,0.0,0.0
2023-11-22 00:00:00+03:00,2125.2259668051615,2142.0156937778424,2073.089446205783,2082.809814453125,94566,0.0,0.0
2023-11-23 00:00:00+03:00,2077.507665291479,2129.6441826254636,2046.5792228052173,2085.460693359375,59940,0.0,0.0
2023-11-24 00:00:00+03:00,2072.205990016536,2091.646728515625,2046.5795619950095,2091.646728515625,45640,0.0,0.0
2023-11-27 00:00:00+03:00,2096.948831715303,2253.358415876116,2078.391762408088,2103.134521484375,203062,0.0,0.0
2023-11-28 00:00:00+03:00,2106.668903514105,2122.5749606715103,2031.5569669374695,2043.9283447265625,75134,0.0,0.0
2023-11-29 00:00:00+03:00,2050.114230854853,2075.7406587405385,1981.1879765416295,1984.72265625,58017,0.0,0.0
2023-11-30 00:00:00+03:00,1989.1409759654284,2054.532549586682,1980.3042768274213,2030.6734619140625,68303,0.0,0.0
2023-12-01 00:00:00+03:00,2045.6957755004162,2115.505696133044,2028.0223778719028,2090.762939453125,86136,0.0,0.0
2023-12-04 00:00:00+03:00,2104.017977768899,2299.7508555831832,2100.4832982598373,2224.638916015625,330145,0.0,0.0
2023-12-05 00:00:00+03:00,2226.848241427529,2350.5620326179474,2197.6871335040732,2271.03173828125,233509,0.0,0.0
2023-12-06 00:00:00+03:00,2293.123312366326,2430.092142199382,2271.031565619059,2324.0517578125,242738,0.0,0.0
2023-12-07 00:00:00+03:00,2359.398706699047,2430.092300907258,2165.8749925540687,2259.98583984375,193084,0.0,0.0
2023-12-08 00:00:00+03:00,2301.9602595486112,2485.32177734375,2275.450160590278,2485.32177734375,287224,0.0,0.0
2023-12-11 00:00:00+03:00,2606.826249243508,2699.611590318277,2491.949160293794,2509.62255859375,366332,0.0,0.0
2023-12-12 00:00:00+03:00,2509.622672943376,2628.918116903713,2410.2098029764293,2584.734619140625,212463,0.0,0.0
2023-12-13 00:00:00+03:00,2589.152782043407,2827.743652743653,2564.851860027641,2697.40234375,361309,0.0,0.0
2023-12-14 00:00:00+03:00,2757.0501562500003,2821.1162255859376,2562.6427734375,2651.009765625,237798,0.0,0.0
2023-12-15 00:00:00+03:00,2651.009744993398,2699.611590318277,2509.62255859375,2509.62255859375,154228,0.0,0.0
2023-12-18 00:00:00+03:00,2430.0923269546447,2461.0207747522495,2259.98586406782,2271.03173828125,162858,0.0,0.0
2023-12-19 00:00:00+03:00,2271.031471607582,2363.8168041051676,2143.7830156108926,2202.105224609375,159939,0.0,0.0
2023-12-20 00:00:00+03:00,2202.1053873697915,2244.52154250372,2033.3244367327009,2078.3916015625,134478,0.0,0.0
2023-12-21 00:00:00+03:00,2078.3916562500003,2284.286748046875,1988.25732421875,2209.1748046875,197570,0.0,0.0
2023-12-22 00:00:00+03:00,2205.640032582938,2206.523702467787,2028.0223857283027,2050.997802734375,100675,0.0,0.0
2023-12-25 00:00:00+03:00,2037.7428215176594,2037.7428215176594,1845.9864501953125,1845.9864501953125,76260,0.0,0.0
2023-12-26 00:00:00+03:00,1862.7761809731444,2029.789794921875,1777.94386912617,2029.789794921875,165174,0.0,0.0
2023-12-27 00:00:00+03:00,2027.1388446873932,2072.206011679136,1936.1208407628937,1938.7718505859375,131507,0.0,0.0
2023-12-28 00:00:00+03:00,1961.7472540631609,2120.8078422304443,1956.4452344575845,2089.87939453125,109604,0.0,0.0
2023-12-29 00:00:00+03:00,2057.1837716090427,2149.0854521276597,2036.8593614943484,2076.62451171875,107109,0.0,0.0
2024-01-02 00:00:00+03:00,2076.6244734029174,2235.685071365694,2067.7877735160964,2195.919921875,132222,0.0,0.0
2024-01-03 00:00:00+03:00,2220.220560718371,2224.638910092935,2054.5324591722238,2058.067138671875,88479,0.0,0.0
2024-01-04 00:00:00+03:00,2049.2305833297514,2209.174841882009,2045.6959035827404,2088.112060546875,104549,0.0,0.0
2024-01-05 00:00:00+03:00,2096.065078174509,2138.4812348997943,2067.787640357652,2091.646728515625,49699,0.0,0.0
2024-01-08 00:00:00+03:00,2094.2976597377233,2127.8771158854165,2071.322242373512,2078.3916015625,53140,0.0,0.0
2024-01-09 00:00:00+03:00,2089.879456493992,2107.5528557032435,2012.1164999732855,2035.0919189453125,49881,0.0,0.0
2024-01-10 00:00:00+03:00,2035.0917794288314,2074.856924923533,1968.8165369376622,2040.393798828125,45880,0.0,0.0
2024-01-11 00:00:00+03:00,2040.3938943568337,2113.738499480964,2032.4408648855424,2048.346923828125,71344,0.0,0.0
2024-01-12 00:00:00+03:00,2022.7203807139026,2065.1365354864092,1997.09395387218,2046.5794677734375,45710,0.0,0.0
2024-01-15 00:00:00+03:00,2057.183461292913,2134.0627401298902,2036.8590542440566,2097.832275390625,65415,0.0,0.0
2024-01-16 00:00:00+03:00,2107.552948444024,2131.4120384264093,2068.6714684727294,2116.3896484375,50187,0.0,0.0
2024-01-17 00:00:00+03:00,2107.552683131974,2275.449961872047,2078.3915768244874,2197.68701171875,120065,0.0,0.0
2024-01-18 00:00:00+03:00,2222.4298070606433,2282.0775255404023,2143.7831856577022,2149.085205078125,94188,0.0,0.0
2024-01-19 00:00:00+03:00,2160.573051860692,2196.803520215002,2131.4119431852714,2180.8974609375,52148,0.0,0.0
2024-01-22 00:00:00+03:00,2180.8970264585496,2213.5928084597517,2125.225830078125,2125.225830078125,63827,0.0,0.0
2024-01-23 00:00:00+03:00,2156.154582921915,2168.525961676385,2059.834562619256,2069.554931640625,71800,0.0,0.0
2024-01-24 00:00:00+03:00,2081.0424861753945,2097.832213240079,2035.091654208889,2079.275146484375,53599,0.0,0.0
2024-01-25 00:00:00+03:00,2080.1589078217553,2196.803332559424,2073.0895487467446,2163.223876953125,108501,0.0,0.0
2024-01-26 00:00:00+03:00,2163.223972641941,2192.385080116281,2120.8078163156288,2171.177001953125,81095,0.0,0.0
2024-01-29 00:00:00+03:00,2184.431777577191,2277.658942841914,2182.6644379513195,2218.01123046875,101600,0.0,0.0
2024-01-30 00:00:00+03:00,2244.5217820489183,2262.195181907571,2206.523972352815,2246.73095703125,60091,0.0,0.0
2024-01-31 00:00:00+03:00,2246.7307002626617,2377.072009324114,2237.894001343241,2306.37841796875,100607,0.0,0.0
2024-02-01 00:00:00+03:00,2317.4244031020007,2427.8831449085787,2308.5877037574746,2401.373046875,83479,0.0,0.0
2024-02-02 00:00:00+03:00,2412.4188961392997,2589.15288120445,2390.327148006156,2500.785888671875,153122,0.0,0.0
2024-02-05 00:00:00+03:00,2500.7858641928237,2562.6427583601376,2480.9032910676156,2489.739990234375,97712,0.0,0.0
2024-02-06 00:00:00+03:00,2500.7859892524957,2514.041038665495,2430.092392383167,2434.5107421875,61558,0.0,0.0
2024-02-07 00:00:00+03:00,2461.02046195183,2463.229636513726,2390.326875971167,2399.16357421875,70400,0.0,0.0
2024-02-08 00:00:00+03:00,2399.163766832208,2637.754638671875,2390.3270678751833,2637.754638671875,205137,0.0,0.0
2024-02-09 00:00:00+03:00,2668.6832648904915,2677.519964443109,2547.1786460420008,2584.734619140625,179682,0.0,0.0
2024-02-12 00:00:00+03:00,2651.0097097327107,2781.3510204612357,2606.826214570499,2779.141845703125,221609,0.0,0.0
2024-02-13 00:00:00+03:00,2871.927159007003,2986.804245367283,2834.371188466142,2898.437255859375,269795,0.0,0.0
2024-02-14 00:00:00+03:00,2931.574834615642,2973.5491540261146,2803.44270167841,2836.580322265625,176720,0.0,0.0
2024-02-15 00:00:00+03:00,2871.927158124772,3119.3547286709063,2852.0445854916006,3028.778564453125,266170,0.0,0.0
2024-02-16 00:00:00+03:00,3048.6610254311463,3269.578491042099,3028.7784535261603,3194.466552734375,225031,0.0,0.0
2024-02-19 00:00:00+03:00,3282.833702026691,3413.1750132107923,3216.558459051724,3331.435546875,213647,0.0,0.0
2024-02-20 00:00:00+03:00,3393.2924288617883,3413.1750016871506,3185.6300015746738,3260.741943359375,132281,0.0,0.0
2024-02-21 00:00:00+03:00,3260.741814265839,3388.8739451787246,3181.211526113014,3225.39501953125,140980,0.0,0.0
2024-02-22 00:00:00+03:00,3267.3693382785746,3327.0170543931936,3121.563809998395,3225.39501953125,99861,0.0,0.0
2024-02-23 00:00:00+03:00,3265.16014172988,3293.8794122593035,3128.1913130510893,3194.466552734375,95840,0.0,0.0
2024-02-26 00:00:00+03:00,3194.4666359567454,3384.455661331766,3163.5381899654626,3318.180419921875,149734,0.0,0.0
2024-02-27 00:00:00+03:00,3353.5271562351472,3534.6794795627375,3262.950994571352,3486.07763671875,226906,0.0,0.0
2024-02-28 00:00:00+03:00,3481.659208263756,3605.372987237595,3391.08304865791,3472.822509765625,209813,0.0,0.0
2024-02-29 00:00:00+03:00,3517.005924893363,3819.662841796875,3508.169226589611,3819.662841796875,227570,0.0,0.0
2024-03-01 00:00:00+03:00,3888.14765625,4144.41193359375,3866.055908203125,3976.5146484375,226598,0.0,0.0
2024-03-04 00:00:00+03:00,4053.8356469904334,4104.646665999033,3592.11812643403,3640.719970703125,167968,0.0,0.0
2024-03-05 00:00:00+03:00,3640.7198556753306,3921.2850387279805,3581.072139593271,3676.066650390625,156666,0.0,0.0
2024-03-06 00:00:00+03:00,3684.9035995911217,3782.1072916666667,3446.3127190420564,3545.7255859375,124984,0.0,0.0
2024-03-07 00:00:00+03:00,3521.4243449660967,3605.3729805424528,3437.4757093897406,3512.587646484375,129779,0.0,0.0
2024-03-08 00:00:00+03:00,3618.6281172023528,3649.556562648527,3461.7767152967563,3486.07763671875,102818,0.0,0.0
2024-03-11 00:00:00+03:00,3558.9804225902462,3581.072169471626,3461.776736312176,3517.006103515625,79848,0.0,0.0
2024-03-12 00:00:00+03:00,3574.444571981625,3603.1638423374725,3406.5472991320553,3463.98583984375,116301,0.0,0.0
2024-03-13 00:00:00+03:00,3497.1236656288047,3508.169539493709,3366.78235402293,3402.129150390625,77522,0.0,0.0
2024-03-14 00:00:00+03:00,3384.4556909212283,3594.327290554072,3269.5786048064087,3309.34375,138255,0.0,0.0
2024-03-15 00:00:00+03:00,3309.3439128725877,3313.7622625559957,3203.303520470796,3205.5126953125,86260,0.0,0.0
2024-03-18 00:00:00+03:00,3225.395199856561,3269.578695745007,3110.5181105466013,3152.492431640625,84467,0.0,0.0
2024-03-19 00:00:00+03:00,3152.492533507367,3214.3494297499783,3117.1457356544465,3176.79345703125,70435,0.0,0.0
2024-03-20 00:00:00+03:00,3185.6298754548375,3262.950988936751,3163.5381287457194,3225.39501953125,96608,0.0,0.0
2024-03-21 00:00:00+03:00,3269.578633544595,3446.312613736195,3256.3235850302253,3300.507080078125,132608,0.0,0.0
2024-03-22 00:00:00+03:00,3313.76228751717,3444.103604159512,3203.3035445999312,3216.55859375,223756,0.0,0.0
2024-03-25 00:00:00+03:00,3216.5585059392033,3304.92549786061,3148.074087200113,3243.068603515625,116950,0.0,0.0
2024-03-26 00:00:00+03:00,3256.323773161967,3289.461396362394,2933.7842406778104,3006.68701171875,127466,0.0,0.0
2024-03-27 00:00:00+03:00,3030.987842090137,3044.2428909622513,2880.7639548728416,2942.620849609375,69693,0.0,0.0
2024-03-28 00:00:00+03:00,2960.2940705128203,3048.6610576923076,2951.4573717948715,3015.5234375,68106,0.0,0.0
2024-03-29 00:00:00+03:00,3090.63545275702,3117.1455495640853,2986.804240262681,3048.6611328125,81838,0.0,0.0
2024-04-01 00:00:00+03:00,3075.1714574945095,3079.5898072897603,2933.784264046486,3017.73291015625,54413,0.0,0.0
2024-04-02 00:00:00+03:00,3008.8959306612483,3156.910635032984,2977.967484971632,3066.33447265625,74183,0.0,0.0
2024-04-03 00:00:00+03:00,3050.870206945083,3050.870206945083,2849.835312787224,2854.253662109375,75641,0.0,0.0
2024-04-04 00:00:00+03:00,2854.2537106232403,2913.9014274861097,2746.004150390625,2746.004150390625,96610,0.0,0.0
2024-04-05 00:00:00+03:00,2772.5142917445355,2918.31982421875,2772.5142917445355,2918.31982421875,77578,0.0,0.0
2024-04-08 00:00:00+03:00,2918.3200397631085,3039.8246591325037,2871.927366912976,3017.73291015625,64321,0.0,0.0
2024-04-15 00:00:00+03:00,3249.6960118543107,3391.0831938792435,3203.3033427523796,3278.415283203125,197944,0.0,0.0
2024-04-16 00:00:00+03:00,3256.323505975551,3364.5730662149012,3095.053752965907,3156.91064453125,159866,0.0,0.0
2024-04-17 00:00:00+03:00,3225.394889370858,3267.369206424314,2931.5746699966635,3000.05908203125,161294,0.0,0.0
2024-04-18 00:00:00+03:00,3019.050371584195,3099.6778295790255,2992.1745522525853,3032.48828125,83411,46.1987,0.0
2024-04-19 00:00:00+03:00,2987.695257312523,3023.529683187336,2936.18327011748,2992.174560546875,80701,0.0,0.0
2024-04-22 00:00:00+03:00,3019.0503078553734,3081.7605516387193,2931.703896871427,2938.4228515625,65377,0.0,0.0
2024-04-24 00:00:00+03:00,2956.340054773758,2976.4969187835786,2839.878173828125,2839.878173828125,72758,0.0,0.0
2024-04-25 00:00:00+03:00,2839.8783235497235,2889.1506603936464,2819.72145847721,2837.638671875,64745,0.0,0.0
2024-04-26 00:00:00+03:00,2839.8781099281523,2855.5556704719197,2795.0850798031024,2815.241943359375,63088,0.0,0.0
2024-04-29 00:00:00+03:00,2821.9611167907715,2945.1419591903687,2821.9611167907715,2866.754150390625,80446,0.0,0.0
2024-04-30 00:00:00+03:00,2864.5142638168863,2945.141717685071,2833.159142868148,2895.869384765625,74386,0.0,0.0
2024-05-02 00:00:00+03:00,2924.985133872028,2983.2160783442127,2848.836975716095,2873.47314453125,89347,0.0,0.0
2024-05-03 00:00:00+03:00,2884.671149114173,2895.86940668061,2813.0023006889764,2844.357421875,65063,0.0,0.0
2024-05-06 00:00:00+03:00,2875.712734006486,2913.786812260466,2821.961094118514,2848.8369140625,72433,0.0,0.0
2024-05-07 00:00:00+03:00,2848.8368999548557,2848.8368999548557,2748.052575664,2790.60595703125,72934,0.0,0.0
2024-05-08 00:00:00+03:00,2795.0853548516443,2857.7956031976746,2781.6474444917803,2792.845703125,83355,0.0,0.0
2024-05-09 00:00:00+03:00,2790.6060431985297,2790.6060431985297,2589.0373883928573,2665.185546875,112948,0.0,0.0
2024-05-10 00:00:00+03:00,2557.682258340192,2658.466585507713,2557.682258340192,2636.070068359375,60402,0.0,0.0
2024-05-13 00:00:00+03:00,2636.069750799649,2638.3094022446785,2436.740772192029,2472.5751953125,68394,0.0,0.0
2024-05-14 00:00:00+03:00,2490.492401612634,2544.244036179813,2490.492401612634,2512.888916015625,45257,0.0,0.0
2024-05-15 00:00:00+03:00,2512.8891133589514,2557.68214568264,2472.5753842676313,2477.0546875,48570,0.0,0.0
2024-05-16 00:00:00+03:00,2486.0131039826765,2510.6492698780003,2443.4597265271173,2472.5751953125,45927,0.0,0.0
2024-05-17 00:00:00+03:00,2483.773681640625,2517.3684564148443,2463.6168167760934,2483.773681640625,68627,0.0,0.0
2024-05-20 00:00:00+03:00,2486.0130987320354,2550.9629905007105,2486.0130987320354,2512.888916015625,64155,0.0,0.0
2024-05-21 00:00:00+03:00,2521.8477198236887,2575.599358612116,2474.8150358838157,2477.0546875,72373,0.0,0.0
2024-05-22 00:00:00+03:00,2479.2944238281248,2575.599446614583,2468.096165364583,2519.608154296875,86637,0.0,0.0
2024-05-23 00:00:00+03:00,2519.608027899443,2533.045937381574,2400.906494140625,2400.906494140625,78354,0.0,0.0
2024-05-24 00:00:00+03:00,2441.2202712016615,2441.2202712016615,2360.592812703258,2367.311767578125,60246,0.0,0.0
2024-05-27 00:00:00+03:00,2374.0307311717997,2405.385854036333,2324.758395241819,2326.998046875,53212,0.0,0.0
2024-05-28 00:00:00+03:00,2329.2378373579545,2349.3947032581677,2266.527587890625,2266.527587890625,51036,0.0,0.0
2024-05-29 00:00:00+03:00,2266.5272390484092,2291.16340469024,2231.5886768654495,2235.172119140625,45954,0.0,0.0
2024-05-30 00:00:00+03:00,2228.90134423749,2253.089582297945,2192.1710568123544,2210.984130859375,45542,0.0,0.0
2024-05-31 00:00:00+03:00,2228.901460841445,2241.891441220143,2185.004285768603,2185.900146484375,63796,0.0,0.0
2024-06-03 00:00:00+03:00,2182.316378268267,2205.608753405777,2154.5447002196966,2188.58740234375,42245,0.0,0.0
2024-06-04 00:00:00+03:00,2202.0253354734664,2405.385689888632,2191.275008367819,2300.1220703125,179902,0.0,0.0
2024-06-05 00:00:00+03:00,2293.4034284497448,2329.237857019272,2080.188578461057,2103.48095703125,152811,0.0,0.0
2024-06-06 00:00:00+03:00,2118.7103865408253,2253.089480824599,2109.7517802552406,2163.50341796875,150893,0.0,0.0
2024-06-07 00:00:00+03:00,2176.045441232386,2232.4846601692493,2118.710361677478,2153.64892578125,77650,0.0,0.0
2024-06-10 00:00:00+03:00,2155.4406929514116,2172.462045057013,2047.937416494982,2058.687744140625,60530,0.0,0.0
2024-06-11 00:00:00+03:00,2077.5008127520164,2121.397983870968,2049.729133064516,2082.8759765625,77157,0.0,0.0
2024-06-12 00:00:00+03:00,2087.355225976815,2097.209692708894,2047.0414984364902,2079.29248046875,76471,0.0,0.0
2024-06-13 00:00:00+03:00,2093.6262448375187,2166.190954222131,2093.6262448375187,2111.54345703125,62774,0.0,0.0
2024-06-14 00:00:00+03:00,2118.7106282199024,2142.8988679501085,2047.0417697600326,2064.958984375,84418,0.0,0.0
2024-06-20 00:00:00+03:00,2082.8761753408794,2150.0657293841336,1988.8107996803237,2145.58642578125,108300,0.0,0.0
2024-06-21 00:00:00+03:00,2148.273733992638,2222.6301643184884,2127.6689400469204,2159.919921875,89552,0.0,0.0
2024-06-24 00:00:00+03:00,2181.420765041076,2212.775888973905,2130.356706064755,2172.462158203125,82543,0.0,0.0
2024-06-25 00:00:00+03:00,2174.2537532758106,2189.4833840156907,2123.189697265625,2123.189697265625,48492,0.0,0.0
2024-06-26 00:00:00+03:00,2117.8145947588987,2135.7318079125275,2025.5409470177117,2029.1243896484375,62532,0.0,0.0
2024-06-27 00:00:00+03:00,2034.4994248427354,2077.500733690138,2029.12426123681,2069.43798828125,42027,0.0,0.0
2024-06-28 00:00:00+03:00,2073.9174288195386,2112.4394372166184,2046.1457483472252,2062.271240234375,56394,0.0,0.0
2024-07-01 00:00:00+03:00,2081.980272855413,2123.189865175271,1943.1218639515453,1953.8721923828125,86769,0.0,0.0
2024-07-02 00:00:00+03:00,1961.0389372216775,1981.6437319023987,1935.058978711203,1977.1644287109375,44889,0.0,0.0
2024-07-03 00:00:00+03:00,1987.0188187052595,2008.5194731907989,1921.6209946450774,1947.6009521484375,72049,0.0,0.0
2024-07-04 00:00:00+03:00,1957.4555361243822,1983.435495185072,1944.91348692267,1971.789306640625,77337,0.0,0.0
2024-07-05 00:00:00+03:00,1981.6436845195087,2051.520812635477,1973.5809389676663,2014.79052734375,120801,0.0,0.0
2024-07-08 00:00:00+03:00,2040.770513910571,2067.64633279438,1991.4981792902543,2008.51953125,130483,0.0,0.0
2024-07-09 00:00:00+03:00,1972.6851137115243,2030.0201942190345,1946.7051553565586,1968.205810546875,146339,0.0,0.0
2024-07-10 00:00:00+03:00,1973.5809717620978,1985.2271599749472,1904.599703116759,1910.8707275390625,87792,0.0,0.0
2024-07-11 00:00:00+03:00,1918.9334527125873,2059.5835703950693,1912.6624283573174,2023.7491455078125,156920,0.0,0.0
2024-07-12 00:00:00+03:00,2033.603783784851,2033.603783784851,1952.9763209916189,1994.1859130859375,78951,0.0,0.0
2024-07-16 00:00:00+03:00,2001.3526627238414,2024.6450392819524,1971.7892617077775,1993.2899169921875,67560,0.0,0.0
2024-07-17 00:00:00+03:00,1995.0816279642168,1999.56093112534,1954.767899514109,1976.2685546875,62385,0.0,0.0
2024-07-18 00:00:00+03:00,1976.2685931027743,2008.5195764897642,1973.5810111538583,1987.0189208984375,78612,0.0,0.0
2024-07-19 00:00:00+03:00,1993.289881121868,2005.8319298120728,1942.225825740319,1966.4140625,61334,0.0,0.0
2024-07-22 00:00:00+03:00,2002.2487096944476,2150.0657285309503,1984.331495290023,2055.1044921875,195298,0.0,0.0
2024-07-23 00:00:00+03:00,2055.1042425982428,2107.064158060622,2026.4367030327924,2087.355224609375,122541,0.0,0.0
2024-07-24 00:00:00+03:00,2069.438041878241,2157.232383048833,2064.062878133103,2073.021484375,150086,0.0,0.0
2024-07-25 00:00:00+03:00,2071.22970352342,2133.939945412105,1990.6022496665396,2020.1656494140625,127979,0.0,0.0
2024-07-26 00:00:00+03:00,2038.082893986468,2059.5835486922592,1981.6436753837656,1989.7064208984375,65909,0.0,0.0
2024-07-29 00:00:00+03:00,1979.8519898867926,1980.7478505157007,1934.163097812482,1943.1217041015625,59945,0.0,0.0
2024-07-30 00:00:00+03:00,1949.3928375807195,1975.372797272742,1942.2259521484375,1942.2259521484375,54550,0.0,0.0
2024-07-31 00:00:00+03:00,1938.6424376605307,1947.601044119221,1893.8494053670804,1896.5369873046875,61451,0.0,0.0
2024-08-01 00:00:00+03:00,1912.6624309757121,1939.5382496779469,1912.6624309757121,1934.1630859375,63262,0.0,0.0
2024-08-02 00:00:00+03:00,1899.224586123512,1938.642454892113,1872.3487665085565,1881.307373046875,72297,0.0,0.0
2024-08-05 00:00:00+03:00,1700.3435350813218,1814.1178390620005,1700.3435350813218,1751.4075927734375,88542,0.0,0.0
2024-08-06 00:00:00+03:00,1791.72137709769,1845.4730184106209,1742.4490392275036,1754.9910888671875,77731,0.0,0.0
2024-08-07 00:00:00+03:00,1772.0122835148868,1805.1591260275516,1737.9695803937718,1801.57568359375,80832,0.0,0.0
2024-08-08 00:00:00+03:00,1798.8882408945587,1817.7013151270219,1780.0751666620959,1786.34619140625,50032,0.0,0.0
2024-08-09 00:00:00+03:00,1801.5757622862864,1807.8467868193566,1746.9282627838181,1749.6158447265625,51519,0.0,0.0
2024-08-12 00:00:00+03:00,1756.7827214387175,1792.617147169237,1723.635877637987,1724.53173828125,75778,0.0,0.0
2024-08-13 00:00:00+03:00,1689.593174686525,1737.0737888214062,1638.5291179754263,1651.0711669921875,126826,0.0,0.0
2024-08-14 00:00:00+03:00,1668.0924597770108,1671.6759022255114,1594.6318895827494,1598.21533203125,93330,0.0,0.0
2024-08-15 00:00:00+03:00,1598.2153760348806,1664.5090631574037,1569.5478356575734,1650.17529296875,88554,0.0,0.0
2024-08-16 00:00:00+03:00,1660.9256391483257,1677.9469914373324,1622.4036313363636,1626.8829345703125,64113,0.0,0.0
2024-08-19 00:00:00+03:00,1631.3623007047818,1654.6546784194024,1609.8616443528242,1647.48779296875,59194,0.0,0.0
2024-08-20 00:00:00+03:00,1651.967019090048,1651.967019090048,1617.0284541526773,1625.987060546875,51797,0.0,0.0
2024-08-21 00:00:00+03:00,1625.98702319091,1647.487678043021,1607.1739501953125,1607.1739501953125,52493,0.0,0.0
2024-08-22 00:00:00+03:00,1612.5491757513007,1744.2406917709902,1612.5491757513007,1635.841552734375,199697,0.0,0.0
2024-08-23 00:00:00+03:00,1651.0710970005975,1666.300727303913,1576.7146666961755,1581.1939697265625,89160,0.0,0.0
2024-08-26 00:00:00+03:00,1594.6318578220496,1612.5490697076907,1524.7547314680496,1539.0885009765625,70705,0.0,0.0
2024-08-27 00:00:00+03:00,1527.4423913355859,1558.7975137383692,1524.7548094153474,1552.5264892578125,66809,0.0,0.0
2024-08-28 00:00:00+03:00,1554.3182121683994,1583.8816133220346,1542.672023835149,1544.4637451171875,56290,0.0,0.0
2024-08-29 00:00:00+03:00,1556.1099418744648,1673.4676864833048,1541.7761715405607,1634.9456787109375,115611,0.0,0.0
2024-09-02 00:00:00+03:00,1643.9042790540725,1797.9923095703125,1643.9042790540725,1797.9923095703125,121863,0.0,0.0
2024-09-03 00:00:00+03:00,1908.1831595624362,1977.1644287109375,1906.3914382858518,1977.1644287109375,62763,0.0,0.0
2024-09-04 00:00:00+03:00,2028.2284529433139,2148.273776571584,1926.100341796875,1926.100341796875,710954,0.0,0.0
2024-09-05 00:00:00+03:00,1926.10048551086,2012.9989725315822,1885.786754418772,1894.745361328125,243816,0.0,0.0
2024-09-06 00:00:00+03:00,1899.224576056433,1915.350067739931,1854.4315436022719,1864.2860107421875,112465,0.0,0.0
2024-09-09 00:00:00+03:00,1849.9521345805786,2028.2283935546875,1846.368692189139,2028.2283935546875,132078,0.0,0.0
2024-09-10 00:00:00+03:00,2073.91746872032,2221.7344805297594,2073.0216080426867,2122.2939453125,530688,0.0,0.0
2024-09-11 00:00:00+03:00,2150.065418896754,2181.4205395889985,1930.579574051044,1945.8092041015625,368760,0.0,0.0
2024-09-12 00:00:00+03:00,1984.3314036160814,2095.4181277914286,1912.6625493094057,1999.56103515625,311939,0.0,0.0
2024-09-13 00:00:00+03:00,2004.0403174470891,2023.7492521738823,1953.8721199607069,1973.5810546875,171333,0.0,0.0
2024-09-16 00:00:00+03:00,1973.5808885410238,2009.4153123002798,1902.8079016164932,1905.4954833984375,104316,0.0,0.0
2024-09-17 00:00:00+03:00,1921.6211644614616,1978.0603874736164,1895.6412046622156,1909.9749755859375,81197,0.0,0.0
2024-09-18 00:00:00+03:00,1923.4128135816802,1923.4128135816802,1838.3060519187738,1864.2860107421875,68230,0.0,0.0
2024-09-19 00:00:00+03:00,1898.328571863511,1906.3913170955882,1859.8065668658087,1903.7037353515625,74921,0.0,0.0
2024-09-20 00:00:00+03:00,1894.7452981339814,1898.3287407782063,1850.8481257422247,1874.1405029296875,53327,0.0,0.0
2024-09-23 00:00:00+03:00,1866.0777184030696,1874.1404641858962,1791.7212850725587,1797.9923095703125,59219,0.0,0.0
2024-09-24 00:00:00+03:00,1809.6384828629032,1867.8694241431451,1797.9922946068548,1805.1591796875,81602,0.0,0.0
2024-09-25 00:00:00+03:00,1811.43025336674,1828.4516058959034,1756.7827531415319,1767.5330810546875,86884,0.0,0.0
2024-09-26 00:00:00+03:00,1780.9709070469933,1861.5983625974104,1763.9495553196828,1778.2833251953125,124190,0.0,0.0
2024-09-27 00:00:00+03:00,1779.179262532471,1823.9722953253329,1769.3247953180414,1799.7840576171875,69570,0.0,0.0
2024-09-30 00:00:00+03:00,1783.6585864035192,1823.9723163825038,1754.0951844189306,1768.428955078125,59314,0.0,0.0
2024-10-01 00:00:00+03:00,1764.8454652813928,1778.283374915515,1657.3421882084144,1667.1966552734375,73731,0.0,0.0
2024-10-02 00:00:00+03:00,1657.342157131288,1687.8014183974847,1610.7574046065167,1616.132568359375,62766,0.0,0.0
2024-10-03 00:00:00+03:00,1621.50778931346,1647.4877483687587,1567.7561498887046,1603.590576171875,61563,0.0,0.0
2024-10-04 00:00:00+03:00,1619.7160592643052,1643.904296875,1582.089911869891,1643.904296875,51583,0.0,0.0
2024-10-07 00:00:00+03:00,1660.0297033375707,1719.156503348515,1660.0297033375707,1662.71728515625,70895,0.0,0.0
2024-10-08 00:00:00+03:00,1662.7173027663935,1680.6345150806865,1622.403575059234,1639.4249267578125,38046,0.0,0.0
2024-10-09 00:00:00+03:00,1630.4662939025745,1646.5917847213912,1608.06977887644,1637.6331787109375,42309,0.0,0.0
2024-10-10 00:00:00+03:00,1637.6333200198565,1685.113935972292,1611.653360347769,1614.3409423828125,89825,0.0,0.0
2024-10-11 00:00:00+03:00,1617.0285345087284,1630.4664447678038,1558.7975900527354,1574.0272216796875,44919,0.0,0.0
2024-10-14 00:00:00+03:00,1574.9229549851736,1582.9857004885107,1520.275457684778,1524.7547607421875,55412,0.0,0.0
2024-10-15 00:00:00+03:00,1524.7548545841705,1591.048543913917,1524.7548545841705,1588.3609619140625,75234,0.0,0.0
2024-10-16 00:00:00+03:00,1585.6733085611072,1620.61187298703,1569.5478172876044,1608.06982421875,69744,0.0,0.0
2024-10-17 00:00:00+03:00,1608.9656333943708,1754.9909108126794,1599.111166820129,1677.9468994140625,163986,0.0,0.0
2024-10-18 00:00:00+03:00,1686.9055750932312,1797.9922937929448,1675.2593868424547,1739.7613525390625,171097,0.0,0.0
2024-10-21 00:00:00+03:00,1749.6158905412105,1844.5771216714556,1739.7614231597702,1785.4503173828125,223376,0.0,0.0
2024-10-22 00:00:00+03:00,1785.4503311078165,1818.5971761911028,1715.5731982295379,1729.0111083984375,130292,0.0,0.0
2024-10-23 00:00:00+03:00,1729.0110811552777,1756.7827617334194,1669.88427734375,1669.88427734375,69077,0.0,0.0
2024-10-24 00:00:00+03:00,1697.65589564366,1722.7399933101624,1685.1138468104086,1706.614501953125,55701,0.0,0.0
2024-10-25 00:00:00+03:00,1698.5518398375593,1711.0938892878366,1666.3008555368463,1695.8642578125,39332,0.0,0.0
2024-10-28 00:00:00+03:00,1694.9684026372247,1771.1165602609901,1694.9684026372247,1729.0111083984375,40676,0.0,0.0
2024-10-30 00:00:00+03:00,1746.9282743946608,1778.283397268411,1720.9483154421248,1758.574462890625,83117,0.0,0.0
2024-10-31 00:00:00+03:00,1758.5744798901392,1797.0964883645538,1743.3448486328125,1743.3448486328125,89868,0.0,0.0
2024-11-01 00:00:00+03:00,1748.7199892101505,1760.366177662882,1714.677284502166,1725.4276123046875,44804,0.0,0.0
2024-11-04 00:00:00+03:00,1724.53173828125,1740.6572298599838,1667.1966571124187,1724.53173828125,43993,0.0,0.0
2024-11-05 00:00:00+03:00,1724.5317432978381,1724.5317432978381,1675.2594077750427,1700.343505859375,39361,0.0,0.0
2024-11-06 00:00:00+03:00,1706.6144959156443,1772.012321743383,1703.9269140323124,1738.865478515625,103611,0.0,0.0
2024-11-07 00:00:00+03:00,1756.7827265491223,1772.9082181747644,1713.78141554741,1765.7413330078125,77177,0.0,0.0
2024-11-08 00:00:00+03:00,1782.7627297580832,1814.117853145788,1755.886909711479,1809.6385498046875,102919,0.0,0.0
2024-11-11 00:00:00+03:00,1814.117781352343,1903.7038446290019,1791.7212655331782,1829.347412109375,177389,0.0,0.0
2024-11-12 00:00:00+03:00,1791.7212951628906,1809.6385081145195,1749.6158447265625,1749.6158447265625,73384,0.0,0.0
2024-11-13 00:00:00+03:00,1741.5531122057318,1779.1792596916582,1729.0110630437564,1750.51171875,63372,0.0,0.0
2024-11-14 00:00:00+03:00,1750.5116887591214,1785.4502536831774,1750.5116887591214,1764.845458984375,50853,0.0,0.0
2024-11-15 00:00:00+03:00,1771.1164985680068,1779.1792443884985,1750.511703693417,1757.6785888671875,44653,0.0,0.0
2024-11-18 00:00:00+03:00,1759.4702654912514,1800.6798541942032,1758.574404867274,1779.17919921875,71516,0.0,0.0
2024-11-19 00:00:00+03:00,1780.971041457632,1800.6799765240646,1717.3649328341453,1729.906982421875,67009,0.0,0.0
2024-11-20 00:00:00+03:00,1729.9068693263644,1738.8654755890593,1675.2593711239263,1681.5303955078125,42854,0.0,0.0
2024-11-21 00:00:00+03:00,1686.0097958579584,1729.0111083984375,1663.613278909792,1729.0111083984375,47199,0.0,0.0
2024-11-22 00:00:00+03:00,1737.0737874715535,1795.3047292898366,1711.0938288141656,1789.9295654296875,100394,0.0,0.0
2024-11-25 00:00:00+03:00,1818.5970391330948,1893.8493304075678,1808.7425724185805,1858.9107666015625,134430,0.0,0.0
2024-11-26 00:00:00+03:00,1863.390201430723,1935.0590553319046,1819.4930284162492,1933.267333984375,112820,0.0,0.0
2024-11-27 00:00:00+03:00,1952.0803254289463,2042.5622496457079,1916.2458999965654,1935.954833984375,214623,0.0,0.0
2024-11-28 00:00:00+03:00,1935.9548277614006,1987.9147444713317,1915.350033204014,1968.205810546875,91415,0.0,0.0
2024-11-29 00:00:00+03:00,1968.2058191603758,2041.6663913821103,1957.4554915181707,1993.2899169921875,106596,0.0,0.0
2024-12-02 00:00:00+03:00,1985.2271533832186,2073.9173556327396,1972.685104580256,2016.582275390625,102467,0.0,0.0
2024-12-03 00:00:00+03:00,2016.5822935502986,2037.1870881978582,1993.2899169921875,1993.2899169921875,100859,0.0,0.0
2024-12-04 00:00:00+03:00,1993.2898739406041,2027.332577405657,1984.3312677655902,2006.727783203125,61756,0.0,0.0
2024-12-05 00:00:00+03:00,2016.5822230280244,2021.957386661151,1976.2684957795743,2004.93603515625,46585,0.0,0.0
2024-12-06 00:00:00+03:00,2009.4154371394027,2030.9160927307294,1974.476871803497,1987.0189208984375,68523,0.0,0.0
2024-12-09 00:00:00+03:00,1990.6023272947068,2050.624989728886,1990.6023272947068,2033.6036376953125,95646,0.0,0.0
2024-12-10 00:00:00+03:00,2033.6037234518021,2041.6664694919193,1957.45556640625,1957.45556640625,63289,0.0,0.0
2024-12-11 00:00:00+03:00,1967.3098366268382,1969.997418370864,1869.6610332605696,1903.7037353515625,57308,0.0,0.0
2024-12-12 00:00:00+03:00,1918.037531714177,1944.0174889396376,1890.2658533007536,1905.4954833984375,32848,0.0,0.0
2024-12-13 00:00:00+03:00,1903.7039090362634,1921.621122297781,1890.265999090125,1915.35009765625,34171,0.0,0.0
2024-12-16 00:00:00+03:00,1926.1003478022262,1944.9134209668061,1893.849365234375,1893.849365234375,48087,0.0,0.0
2024-12-17 00:00:00+03:00,1908.183180813584,1909.9749021101225,1854.4315419174266,1872.3487548828125,36725,0.0,0.0
2024-12-18 00:00:00+03:00,1872.3487727620861,1966.4141417286023,1872.3487727620861,1914.4542236328125,112312,0.0,0.0
2024-12-19 00:00:00+03:00,1912.6626000629549,1978.9562920557692,1895.6412467134485,1953.8721923828125,86963,0.0,0.0
2024-12-20 00:00:00+03:00,1957.4554492405484,2014.7905287606377,1953.8720067705428,2006.727783203125,191293,0.0,0.0
2024-12-23 00:00:00+03:00,2012.9989821944375,2021.9575891467937,1911.7667236328125,1911.7667236328125,68733,0.0,0.0
2024-12-24 00:00:00+03:00,1923.4129482897695,2006.727994489559,1920.7253661542923,1930.579833984375,98216,0.0,0.0
2024-12-25 00:00:00+03:00,1941.3299358439897,1951.1844025234006,1897.4327660902493,1899.2244873046875,55619,0.0,0.0
2024-12-26 00:00:00+03:00,1906.3914885756722,1914.4542345329942,1859.80673415559,1866.0777587890625,65150,0.0,0.0
2024-12-27 00:00:00+03:00,1876.8280328747858,1890.2659424180422,1856.223238241793,1862.4942626953125,77330,0.0,0.0
2024-12-30 00:00:00+03:00,1862.4943081375457,1871.4529147182939,1835.618488395301,1840.99365234375,33574,0.0,0.0
2024-12-31 00:00:00+03:00,1829.3474941281727,1845.4729862409577,1805.159255958995,1826.659912109375,43950,0.0,0.0
2025-01-02 00:00:00+03:00,1828.451583294923,1848.1605175587586,1802.4716244925944,1806.950927734375,48457,0.0,0.0
2025-01-03 00:00:00+03:00,1806.9509260473224,1833.8267454729146,1802.4716228097236,1815.013671875,63840,0.0,0.0
2025-01-06 00:00:00+03:00,1818.5971660529826,1843.6812648950927,1815.909584034185,1826.659912109375,53829,0.0,0.0
2025-01-07 00:00:00+03:00,1825.7639064200482,1836.5142336413635,1800.6798095703125,1800.6798095703125,61665,0.0,0.0
2025-01-08 00:00:00+03:00,1800.679827044087,1810.5342937592536,1774.6998693404657,1777.387451171875,45277,0.0,0.0
2025-01-09 00:00:00+03:00,1787.2420387248926,1793.513063422173,1768.4289646330517,1785.4503173828125,34718,0.0,0.0
2025-01-10 00:00:00+03:00,1788.1379167193825,1804.263408954327,1763.053817687247,1770.220703125,36042,0.0,0.0
2025-01-13 00:00:00+03:00,1771.1164673812748,1776.4916311669538,1702.1351987983924,1706.614501953125,47431,0.0,0.0
2025-01-14 00:00:00+03:00,1710.198051392814,1733.4904292535857,1705.7187479580502,1713.781494140625,39710,0.0,0.0
2025-01-15 00:00:00+03:00,1718.26074397795,1726.3234899090248,1688.6973422306755,1710.197998046875,31459,0.0,0.0
2025-01-16 00:00:00+03:00,1733.4902772903442,1733.4902772903442,1702.1351559956868,1720.0523681640625,27809,0.0,0.0
2025-01-17 00:00:00+03:00,1720.0524787303666,1724.5317820603937,1705.7187080742801,1711.0938720703125,29602,0.0,0.0
2025-01-20 00:00:00+03:00,1711.9896657388042,1749.6158122385582,1705.7186413221787,1706.614501953125,42108,0.0,0.0
2025-01-21 00:00:00+03:00,1701.2393292857412,1703.0310505382802,1679.7386742552737,1681.5303955078125,38567,0.0,0.0
2025-01-22 00:00:00+03:00,1684.2179892438396,1709.3020869559818,1679.738686080957,1690.489013671875,35702,0.0,0.0
2025-01-23 00:00:00+03:00,1694.9683570498512,1712.8855701264881,1686.0097505115327,1693.1766357421875,41551,0.0,0.0
2025-01-24 00:00:00+03:00,1698.5517996651786,1702.135242280506,1675.2594226655506,1693.1766357421875,32272,0.0,0.0
2025-01-27 00:00:00+03:00,1692.2807124438662,1692.2807124438662,1654.6545663757654,1664.509033203125,32822,0.0,0.0
2025-01-28 00:00:00+03:00,1666.3007693728885,1677.9469575459248,1657.3421630859375,1657.3421630859375,22540,0.0,0.0
2025-01-29 00:00:00+03:00,1657.3422101807582,1668.988398684731,1627.77880859375,1627.77880859375,31135,0.0,0.0
2025-01-30 00:00:00+03:00,1627.7788165994452,1686.0097594056995,1627.7788165994452,1652.8629150390625,60619,0.0,0.0
2025-01-31 00:00:00+03:00,1656.4463942651612,1660.9256976569004,1613.4450817044647,1614.3409423828125,43525,0.0,0.0
2025-02-03 00:00:00+03:00,1608.0698677663054,1609.8615890674378,1576.7147449964887,1594.6319580078125,38904,0.0,0.0
2025-02-04 00:00:00+03:00,1595.5278186583787,1610.757449718004,1591.0485154055477,1594.6319580078125,25420,0.0,0.0
2025-02-05 00:00:00+03:00,1592.840201171875,1595.527783063616,1557.0057759486608,1567.756103515625,32774,0.0,0.0
2025-02-06 00:00:00+03:00,1576.714793892203,1623.299549166291,1576.714793892203,1614.3409423828125,35214,0.0,0.0
2025-02-07 00:00:00+03:00,1603.5905972439355,1631.3622779783277,1603.5905972439355,1629.570556640625,32783,0.0,0.0
2025-02-10 00:00:00+03:00,1635.8415590246325,1681.5304525132724,1622.4036491750326,1668.9884033203125,49912,0.0,0.0
2025-02-11 00:00:00+03:00,1660.9257343771426,1663.613316471604,1625.9871671491446,1633.154052734375,34298,0.0,0.0
2025-02-12 00:00:00+03:00,1630.4663398763928,1653.7587161603412,1600.0070785819985,1608.06982421875,33129,0.0,0.0
2025-02-13 00:00:00+03:00,1615.2366901335167,1639.4249267578125,1595.5277565877946,1639.4249267578125,42502,0.0,0.0
2025-02-14 00:00:00+03:00,1626.8829179879294,1661.821482856613,1626.8829179879294,1642.112548828125,30592,0.0,0.0
2025-02-17 00:00:00+03:00,1643.0083901810085,1654.654578333873,1600.007080078125,1600.007080078125,34975,0.0,0.0
2025-02-18 00:00:00+03:00,1601.7988513507673,1625.98708903895,1581.1940562830562,1619.716064453125,39820,0.0,0.0
2025-02-19 00:00:00+03:00,1619.7160108612804,1670.7800665134337,1612.5491258574693,1616.132568359375,73725,0.0,0.0
2025-02-20 00:00:00+03:00,1618.8202361647477,1669.884294527443,1610.75749010748,1654.6546630859375,46310,0.0,0.0
2025-02-21 00:00:00+03:00,1660.9256701660156,1665.4049734836155,1592.8402597384984,1612.5491943359375,40094,0.0,0.0
2025-02-24 00:00:00+03:00,1612.5492447472268,1622.4037123540154,1567.756210170915,1574.923095703125,35569,0.0,0.0
2025-02-25 00:00:00+03:00,1581.194007049704,1581.194007049704,1526.5465087890625,1526.5465087890625,44615,0.0,0.0
2025-02-26 00:00:00+03:00,1526.54658888432,1548.0472450657894,1514.0045394451297,1531.9217529296875,33328,0.0,0.0
2025-02-27 00:00:00+03:00,1531.9217094089672,1567.7561353600543,1531.9217094089672,1545.359619140625,26231,0.0,0.0
2025-02-28 00:00:00+03:00,1545.3595716803507,1608.0698151688287,1545.3595716803507,1582.9857177734375,50617,0.0,0.0
2025-03-03 00:00:00+03:00,1594.631961471783,1608.9657319119788,1575.8188877690259,1578.5064697265625,40053,0.0,0.0
2025-03-04 00:00:00+03:00,1578.506504058838,1582.0899467468262,1540.880355834961,1548.0472412109375,41799,0.0,0.0
2025-03-05 00:00:00+03:00,1551.630691424046,1590.1527005067446,1551.630691424046,1573.13134765625,42375,0.0,0.0
2025-03-06 00:00:00+03:00,1585.6733766951652,1671.67600051592,1585.6733766951652,1661.821533203125,75667,0.0,0.0
2025-03-07 00:00:00+03:00,1686.9056111653645,1703.9269635881697,1648.3836030505952,1693.1766357421875,55619,0.0,0.0
2025-03-10 00:00:00+03:00,1730.8027695291821,1743.3448185837415,1673.467688136911,1692.28076171875,70940,0.0,0.0
2025-03-11 00:00:00+03:00,1690.489022277354,1737.9696360456103,1665.4049244375203,1715.5731201171875,72913,0.0,0.0
2025-03-12 00:00:00+03:00,1721.844144577146,1737.9696360456103,1704.8227924715445,1715.5731201171875,38471,0.0,0.0
2025-03-13 00:00:00+03:00,1724.531680504644,1769.3247111671024,1720.0523774383983,1745.136474609375,67737,0.0,0.0
2025-03-14 00:00:00+03:00,1755.8869226635948,1811.4302845029533,1745.1365945656544,1810.534423828125,75955,0.0,0.0
2025-03-17 00:00:00+03:00,1812.3260947562553,1948.496913541698,1811.430234106351,1856.2232666015625,137029,0.0,0.0
2025-03-18 00:00:00+03:00,1839.2019176687447,1856.2232700485333,1805.1592129091673,1840.0977783203125,70882,0.0,0.0
2025-03-19 00:00:00+03:00,1666.3009011649779,1777.3876279093097,1661.8215976672227,1674.3636474609375,87769,0.0,0.0
2025-03-20 00:00:00+03:00,1674.3635262077796,1775.595777926067,1674.3635262077796,1739.7613525390625,103526,0.0,0.0
2025-03-21 00:00:00+03:00,1719.1565794226242,1739.7613742776111,1565.964408979024,1634.9456787109375,83603,0.0,0.0
2025-03-24 00:00:00+03:00,1612.5491346334265,1683.322124431227,1555.2140542909049,1641.2166748046875,103051,0.0,0.0
2025-03-25 00:00:00+03:00,1658.2380060061716,1704.8227582008344,1645.6959573383779,1680.634521484375,91156,0.0,0.0
2025-03-26 00:00:00+03:00,1677.9469262369792,1700.3434415364584,1651.9669684895832,1679.7386474609375,60834,0.0,0.0
2025-03-27 00:00:00+03:00,1702.1352557137427,1729.0110755408018,1688.697345800213,1694.072509765625,54710,0.0,0.0
2025-03-28 00:00:00+03:00,1690.4891122890099,1733.4904251612263,1666.3008737983882,1729.906982421875,33858,0.0,0.0
2025-04-02 00:00:00+03:00,1729.9068451378735,1845.4728643107298,1707.5103297942965,1818.5970458984375,96998,0.0,0.0
2025-04-03 00:00:00+03:00,1818.5971045860877,1938.6424307016225,1818.5971045860877,1863.39013671875,98905,0.0,0.0
2025-04-04 00:00:00+03:00,1863.3901570140586,1926.100402682801,1770.2206491633556,1832.0350341796875,88403,0.0,0.0
2025-04-07 00:00:00+03:00,1777.3875246791708,1836.5143274154739,1730.8027710081442,1815.013671875,67079,0.0,0.0
2025-04-08 00:00:00+03:00,1850.8480926205414,1863.3901416508838,1758.5744461830216,1773.8040771484375,54091,0.0,0.0
2025-04-09 00:00:00+03:00,1766.6371443601,1773.8040293270778,1737.0737438713152,1737.9696044921875,72572,0.0,0.0
2025-04-10 00:00:00+03:00,1782.7626492767097,1795.304698065591,1737.0737572600704,1738.865478515625,49406,0.0,0.0
2025-04-11 00:00:00+03:00,1737.0738449376145,1737.0738449376145,1708.4063034017693,1711.98974609375,34427,0.0,0.0
2025-04-14 00:00:00+03:00,1720.052428607853,1782.7626734008477,1720.052428607853,1756.78271484375,71491,0.0,0.0
2025-04-15 00:00:00+03:00,1773.8040788206335,1839.201905969071,1762.1578904243365,1765.7413330078125,90316,0.0,0.0
2025-04-16 00:00:00+03:00,1793.5130772091566,1799.7841019546431,1722.740083652951,1729.0111083984375,59767,0.0,0.0
2025-04-17 00:00:00+03:00,1729.0110146398044,1755.8868335202158,1698.5517532420047,1722.739990234375,63288,0.0,0.0
2025-04-18 00:00:00+03:00,1724.5317467222822,1729.90691060817,1683.3221569304771,1684.218017578125,42956,0.0,0.0
2025-04-21 00:00:00+03:00,1686.9056077233402,1737.0738042355583,1685.1138864193324,1709.3021240234375,55317,0.0,0.0
2025-04-22 00:00:00+03:00,1720.0524571371611,1729.9069243395095,1676.155285053973,1685.1138916015625,47330,0.0,0.0
2025-04-24 00:00:00+03:00,1732.7949525753181,1852.99951171875,1692.1103325575411,1852.99951171875,111933,58.566593,0.0
2025-04-25 00:00:00+03:00,1941.7659198740216,2037.9295654296875,1890.910145782083,2037.9295654296875,250084,0.0,0.0
2025-04-28 00:00:00+03:00,2172.9285520026488,2230.2568797576123,1947.3138427734375,1947.3138427734375,330647,0.0,0.0
2025-04-29 00:00:00+03:00,1923.272940730787,2089.710022140182,1895.5334271625543,2021.285888671875,281187,0.0,0.0
2025-04-30 00:00:00+03:00,2024.9844412173866,2071.2169627063677,1935.2933495287625,1960.2589111328125,117822,0.0,0.0
2025-05-02 00:00:00+03:00,1995.3956623547183,2015.7379721655634,1877.0404052734375,1877.0404052734375,84529,0.0,0.0
2025-05-05 00:00:00+03:00,1900.1566916537952,1941.7659622739511,1850.2255669096078,1856.6981201171875,79912,0.0,0.0
2025-05-06 00:00:00+03:00,1864.0952165233416,1969.5053626957924,1835.431053967675,1881.66357421875,149116,0.0,0.0
2025-05-07 00:00:00+03:00,1902.0059575768157,1909.403161106526,1819.7120683087862,1820.63671875,59527,0.0,0.0
2025-05-08 00:00:00+03:00,1821.5612928739574,1854.8487073630247,1816.0133904591128,1828.95849609375,34422,0.0,0.0
2025-05-09 00:00:00+03:00,1828.9585793713175,1849.3008891519894,1793.8218624774297,1824.3353271484375,57638,0.0,0.0
2025-05-12 00:00:00+03:00,1846.5269131691534,1877.965027865073,1833.5818071178924,1844.6776123046875,100256,0.0,0.0
2025-05-13 00:00:00+03:00,1873.3417846499908,1941.7659169619844,1852.0748246070739,1883.512939453125,121449,0.0,0.0
2025-05-14 00:00:00+03:00,1882.5882160649385,1896.4579720772047,1855.7733544412238,1860.3966064453125,50906,0.0,0.0
2025-05-15 00:00:00+03:00,1860.3966763655267,1890.910140739315,1840.9790172185703,1848.376220703125,46116,0.0,0.0
2025-05-16 00:00:00+03:00,1851.1501531781607,1857.6227061613013,1840.054348064206,1854.8487548828125,29457,0.0,0.0
2025-05-20 00:00:00+03:00,1865.9445913763834,1889.0608524192028,1837.2804276832871,1838.205078125,42660,0.0,0.0
2025-05-21 00:00:00+03:00,1840.9789822948221,1852.9994377291932,1802.1436647376236,1812.3148193359375,35101,0.0,0.0
2025-05-22 00:00:00+03:00,1812.3148178894578,1831.732476652559,1775.3288011978361,1794.7464599609375,34012,0.0,0.0
2025-05-23 00:00:00+03:00,1789.1986141204834,1848.3762427012127,1765.1577025095623,1775.328857421875,54886,0.0,0.0
2025-05-26 00:00:00+03:00,1785.4999322190226,1793.821785864787,1737.4181111546056,1748.513916015625,37308,0.0,0.0
2025-05-27 00:00:00+03:00,1747.5892759689011,1776.2534386964335,1717.0758124202378,1720.7744140625,40817,0.0,0.0
2025-05-28 00:00:00+03:00,1721.6990426401487,1798.4450257438716,1710.603237854068,1758.68505859375,69535,0.0,0.0
2025-05-29 00:00:00+03:00,1764.2330755418345,1779.9521333427838,1719.849853515625,1719.849853515625,36158,0.0,0.0
2025-05-30 00:00:00+03:00,1724.4730658105257,1761.4590833078023,1697.658203125,1697.658203125,48298,0.0,0.0
2025-06-02 00:00:00+03:00,1693.9596185135747,1695.8089194071486,1645.8777952806568,1656.0489501953125,40824,0.0,0.0
2025-06-03 00:00:00+03:00,1663.4461677307868,1695.8089336399462,1662.5215172762394,1681.0145263671875,29501,0.0,0.0
2025-06-04 00:00:00+03:00,1681.0145400628812,1705.9801025390625,1674.5419868283157,1705.9801025390625,40310,0.0,0.0
2025-06-05 00:00:00+03:00,1701.3567981969843,1705.9800503659978,1691.1856434251545,1693.9595947265625,10241,0.0,0.0
2025-06-10 00:00:00+03:00,1701.356819058642,1736.4935359739834,1701.356819058642,1722.623779296875,61565,0.0,0.0
2025-06-11 00:00:00+03:00,1724.4730745260708,1762.3837426523812,1708.7540170102836,1736.4935302734375,62828,0.0,0.0
2025-06-12 00:00:00+03:00,1703.206044514974,1719.8497517903647,1654.1995730929905,1664.3707275390625,72499,0.0,0.0
2025-06-13 00:00:00+03:00,1562.6592780412946,1625.5355093470982,1562.6592780412946,1618.1383056640625,58662,0.0,0.0
2025-06-16 00:00:00+03:00,1616.2890112777936,1643.103874737208,1599.6453029236745,1621.8369140625,28794,0.0,0.0
2025-06-17 00:00:00+03:00,1629.2341038582983,1639.40525887671,1596.871337890625,1596.871337890625,26353,0.0,0.0
2025-06-18 00:00:00+03:00,1596.8713305119618,1596.8713305119618,1562.6592637899337,1575.6043701171875,35643,0.0,0.0
2025-06-19 00:00:00+03:00,1577.4536266705259,1603.3438385971228,1571.9057241148264,1584.850830078125,34595,0.0,0.0
2025-06-20 00:00:00+03:00,1627.3847219154889,1627.3847219154889,1570.056396484375,1570.056396484375,62813,0.0,0.0
2025-06-23 00:00:00+03:00,1559.885337294353,1571.9057933612328,1516.4267653602483,1555.2620849609375,29075,0.0,0.0
2025-06-24 00:00:00+03:00,1619.0629193385666,1657.8982377921473,1590.3987557180665,1648.6517333984375,73103,0.0,0.0
2025-06-25 00:00:00+03:00,1648.6516689705352,1681.9390834870464,1626.4600592928612,1646.8023681640625,54294,0.0,0.0
2025-06-26 00:00:00+03:00,1669.918631716872,1669.918631716872,1615.3642578125,1615.3642578125,29235,0.0,0.0
2025-06-27 00:00:00+03:00,1626.460069483175,1626.460069483175,1587.624752303929,1619.0628662109375,28862,0.0,0.0
2025-06-30 00:00:00+03:00,1621.8368221046649,1679.1651476294592,1618.138220457904,1671.7679443359375,53739,0.0,0.0
2025-07-01 00:00:00+03:00,1673.6172732075336,1714.3018920037387,1660.6721672269227,1704.1307373046875,54944,0.0,0.0
2025-07-02 00:00:00+03:00,1707.8293098612035,1812.3148063497342,1693.0349032787567,1738.3427734375,121362,0.0,0.0
2025-07-03 00:00:00+03:00,1763.308360405151,1780.8767184794551,1722.6237417067628,1735.56884765625,50975,0.0,0.0
2025-07-04 00:00:00+03:00,1738.3427882882145,1765.1576504479797,1716.1511782249609,1763.308349609375,33889,0.0,0.0
2025-07-07 00:00:00+03:00,1737.418114616464,1763.3083260104295,1717.0758056640625,1717.0758056640625,49645,0.0,0.0
2025-07-08 00:00:00+03:00,1725.3977287564212,1745.7400385273972,1680.0898569937929,1687.487060546875,32950,0.0,0.0
2025-07-09 00:00:00+03:00,1689.3363942216083,1730.945665015244,1681.939190524962,1705.9801025390625,85674,0.0,0.0
2025-07-10 00:00:00+03:00,1719.849746776878,1744.8153076171875,1710.6032427619486,1744.8153076171875,64010,0.0,0.0
2025-07-11 00:00:00+03:00,1775.328789893617,1787.3492452418552,1719.8497652094416,1738.3427734375,100741,0.0,0.0
2025-07-14 00:00:00+03:00,1721.699076488598,1759.6097435863599,1710.603271484375,1710.603271484375,43854,0.0,0.0
2025-07-16 00:00:00+03:00,1701.3568105179158,1736.493527256873,1653.274987611975,1683.7884521484375,65206,0.0,0.0
2025-07-17 00:00:00+03:00,1688.4116694526244,1731.8702392578125,1688.4116694526244,1731.8702392578125,38196,0.0,0.0
2025-07-18 00:00:00+03:00,1725.3977634229373,1742.9661222144891,1713.3773074076648,1741.1168212890625,76430,0.0,0.0
2025-07-21 00:00:00+03:00,1741.1167778749345,1782.7260476595188,1741.1167778749345,1767.931640625,113625,0.0,0.0
2025-07-22 00:00:00+03:00,1770.7056319683104,1811.3902522328565,1759.6098264416162,1807.691650390625,106859,0.0,0.0
2025-07-23 00:00:00+03:00,1810.4655347380876,1821.5613398539492,1767.006964700963,1770.70556640625,69858,0.0,0.0
2025-07-24 00:00:00+03:00,1773.4795586132257,1947.3138427734375,1773.4795586132257,1947.3138427734375,262088,0.0,0.0
2025-07-25 00:00:00+03:00,1978.7518649631077,2020.3611331515842,1864.09521484375,1864.09521484375,187424,0.0,0.0
2025-07-28 00:00:00+03:00,1867.7938268071816,1894.6086886771857,1836.355712890625,1836.355712890625,73610,0.0,0.0
2025-07-29 00:00:00+03:00,1836.3557904382983,1880.7390119594656,1822.4860337129335,1845.602294921875,85856,0.0,0.0
2025-07-30 00:00:00+03:00,1844.6776255904228,1879.8143422683358,1842.828324712638,1852.0748291015625,91384,0.0,0.0
2025-07-31 00:00:00+03:00,1854.8487173047622,1955.6356117146422,1853.924066897332,1934.36865234375,146776,0.0,0.0
2025-08-01 00:00:00+03:00,1935.293405853606,1972.2794241212332,1921.4236490032456,1940.84130859375,75132,0.0,0.0
2025-08-04 00:00:00+03:00,1941.7658892544832,2015.7379231308446,1938.0672875606654,1952.8616943359375,142703,0.0,0.0
2025-08-05 00:00:00+03:00,1962.1082565813833,1987.9984692035694,1926.9715394512739,1951.012451171875,77913,0.0,0.0
2025-08-06 00:00:00+03:00,1956.5603099600617,2126.6959890870235,1956.5603099600617,2061.970458984375,199604,0.0,0.0
2025-08-07 00:00:00+03:00,2066.593660139654,2156.284749640122,2053.648554438555,2067.518310546875,153874,0.0,0.0
2025-08-08 00:00:00+03:00,2067.518314094786,2103.5796800382996,2030.5322977424642,2036.0802001953125,90046,0.0,0.0
2025-08-11 00:00:00+03:00,2050.8745435258033,2126.6958747111576,2043.4773404833297,2100.8056640625,104655,0.0,0.0
2025-08-12 00:00:00+03:00,2109.1276033947674,2124.8466605002964,2010.1900086717337,2047.176025390625,82124,0.0,0.0
2025-08-13 00:00:00+03:00,2052.7239321024604,2126.6959656917384,2011.1146632084917,2099.881103515625,143331,0.0,0.0
2025-08-14 00:00:00+03:00,2109.1276953392066,2131.319306337953,2028.68310546875,2028.68310546875,96940,0.0,0.0
2025-08-15 00:00:00+03:00,2029.6077442855285,2065.6691119516495,2021.2858902087314,2056.422607421875,62318,0.0,0.0
2025-08-18 00:00:00+03:00,2072.1417307385564,2233.0309146513223,2072.1417307385564,2128.54541015625,299655,0.0,0.0
2025-08-19 00:00:00+03:00,2133.1685408407184,2163.6820050139927,2037.929546602923,2044.402099609375,85439,0.0,0.0
2025-08-20 00:00:00+03:00,2044.4020452741606,2179.4010043922194,2036.0801916298967,2147.962890625,174279,0.0,0.0
2025-08-21 00:00:00+03:00,2158.1340735826175,2199.743342353491,2134.0931627372242,2180.32568359375,106815,0.0,0.0
2025-08-22 00:00:00+03:00,2198.8188216090707,2209.9146272689986,2163.682103685965,2184.0244140625,79834,0.0,0.0
2025-08-25 00:00:00+03:00,2200.6681271114867,2394.8447265625,2200.6681271114867,2394.8447265625,292154,0.0,0.0
2025-08-26 00:00:00+03:00,2505.802702651723,2632.942138671875,2452.6353021342047,2632.942138671875,390651,0.0,0.0
2025-08-27 00:00:00+03:00,2646.81179692195,2658.369927039513,2404.091064453125,2404.091064453125,258970,0.0,0.0
2025-08-28 00:00:00+03:00,2542.7886962890625,2644.500244140625,2489.621296275746,2644.500244140625,251466,0.0,0.0
2025-08-29 00:00:00+03:00,2644.5002017475513,2773.9512605743544,2561.2816639303205,2595.9560546875,317498,0.0,0.0
2025-09-01 00:00:00+03:00,2656.058445944715,2658.370072094362,2454.946970925402,2478.063232421875,127730,0.0,0.0
2025-09-02 00:00:00+03:00,2478.063188892926,2528.9189632918483,2288.5098479514895,2385.59814453125,202503,0.0,0.0
2025-09-03 00:00:00+03:00,2392.5329054447643,2411.025913409555,2311.625995598806,2371.728271484375,108052,0.0,0.0
2025-09-04 00:00:00+03:00,2376.351689073405,2431.8307168338733,2310.701506223517,2318.56103515625,73549,0.0,0.0
2025-09-05 00:00:00+03:00,2330.119101795477,2364.793493191243,2285.7358808088966,2325.495849609375,87844,0.0,0.0
2025-09-08 00:00:00+03:00,2274.6401487750773,2357.8586908034335,2231.1815768269353,2246.900634765625,75539,0.0,0.0
2025-09-09 00:00:00+03:00,2246.9004804816154,2291.2836998491534,2231.181423622279,2245.975830078125,68244,0.0,0.0
2025-09-10 00:00:00+03:00,2257.0717899024244,2305.1536141854745,2216.387169355228,2246.900634765625,68780,0.0,0.0
2025-09-11 00:00:00+03:00,2246.900659169303,2273.7155230030107,2172.9286210073506,2173.853271484375,69300,0.0,0.0
2025-09-12 00:00:00+03:00,2157.2093773374027,2173.85308449217,2089.7098983208443,2105.428955078125,83131,0.0,0.0
2025-09-15 00:00:00+03:00,2104.504343606212,2260.770263671875,2080.463432826879,2260.770263671875,109218,0.0,0.0
2025-09-16 00:00:00+03:00,2270.0168478981955,2346.3005097929417,2260.7703434261052,2313.937744140625,112229,0.0,0.0
2025-09-17 00:00:00+03:00,2318.5608544921874,2330.118984375,2280.18786328125,2311.6259765625,57391,0.0,0.0
2025-09-18 00:00:00+03:00,2316.249317292244,2353.235334334835,2265.393543858682,2293.133056640625,53508,0.0,0.0
2025-09-19 00:00:00+03:00,2305.1535511899524,2325.4958609076334,2272.790785730005,2297.75634765625,63419,0.0,0.0
2025-09-22 00:00:00+03:00,2334.742364318798,2364.7935036615154,2273.7154351920494,2280.18798828125,84954,0.0,0.0
2025-09-23 00:00:00+03:00,2278.3387496080686,2278.3387496080686,2191.421605751267,2211.763916015625,87566,0.0,0.0
2025-09-24 00:00:00+03:00,2210.8390722410677,2245.0511365124685,2196.044666069651,2206.2158203125,80286,0.0,0.0
2025-09-25 00:00:00+03:00,2219.1611454845124,2256.1471645759207,2184.949077824959,2208.989990234375,51718,0.0,0.0
2025-09-26 00:00:00+03:00,2208.9898328415893,2217.3116865442157,2172.928466796875,2172.928466796875,40410,0.0,0.0
2025-09-29 00:00:00+03:00,2172.9284895297615,2196.044750056674,2133.168521423472,2135.017822265625,45118,0.0,0.0
2025-09-30 00:00:00+03:00,2135.9425479474053,2145.189052483974,2085.0867729962765,2091.559326171875,42361,0.0,0.0
2025-10-01 00:00:00+03:00,2122.07275390625,2134.093209592865,2064.744426785471,2122.07275390625,49254,0.0,0.0
2025-10-02 00:00:00+03:00,2129.46991552214,2144.264322230066,2070.292288690435,2082.312744140625,42465,0.0,0.0
2025-10-03 00:00:00+03:00,2085.086669921875,2126.695938279518,2063.81971053908,2085.086669921875,38368,0.0,0.0
2025-10-06 00:00:00+03:00,2098.9565001409746,2107.2783541062913,2017.5872613689899,2024.059814453125,50903,0.0,0.0
2025-10-07 00:00:00+03:00,2031.4570444258434,2061.0458589099703,2009.265433562748,2038.854248046875,47779,0.0,0.0
2025-10-08 00:00:00+03:00,2034.230896108913,2050.874603440713,1998.1695302233459,2000.9434814453125,59173,0.0,0.0
2025-10-09 00:00:00+03:00,2024.9844436716216,2044.4021027205276,1988.9230768665107,1995.3956298828125,56904,0.0,0.0
2025-10-10 00:00:00+03:00,1997.2448999741498,2042.5527703902299,1982.4504933076746,2012.039306640625,66341,0.0,0.0
2025-10-13 00:00:00+03:00,1976.9025676842443,1983.3751205251187,1888.1361287236796,1899.23193359375,72706,0.0,0.0
2025-10-14 00:00:00+03:00,1901.081302362862,1939.9166207963444,1848.3762273459927,1852.0748291015625,83371,0.0,0.0
2025-10-15 00:00:00+03:00,1861.3212687479504,1870.5677728152527,1823.410602072011,1850.2254638671875,70844,0.0,0.0
2025-10-16 00:00:00+03:00,1850.2255069508271,1874.2664180856207,1816.0134411051597,1823.41064453125,58245,0.0,0.0
2025-10-17 00:00:00+03:00,1821.5614066636267,1823.4107075840973,1761.4591267483293,1790.123291015625,79732,0.0,0.0
2025-10-20 00:00:00+03:00,1794.7465073644994,1842.8283303335638,1754.9865383708502,1838.205078125,73649,0.0,0.0
2025-10-21 00:00:00+03:00,1838.2049985478982,1909.4030794775704,1835.431047342846,1877.9649658203125,67354,0.0,0.0
2025-10-22 00:00:00+03:00,1878.8896928706108,1890.9101485828735,1855.77343188549,1869.6431884765625,41327,0.0,0.0
2025-10-23 00:00:00+03:00,1877.0403986457304,1900.1566597127962,1865.0199428908563,1873.341796875,36607,0.0,0.0
2025-10-24 00:00:00+03:00,1955.6356837559988,2060.1211836446173,1955.6356837559988,2059.196533203125,274390,0.0,0.0
2025-10-27 00:00:00+03:00,2059.1965014133857,2076.764859530518,1973.2040116821577,1974.128662109375,114266,0.0,0.0
2025-10-28 00:00:00+03:00,1975.9780133432687,1990.7724205559464,1947.3138493687056,1951.012451171875,31253,0.0,0.0
2025-10-30 00:00:00+03:00,1968.5808769203063,2146.11376953125,1966.731575955609,2146.11376953125,146300,0.0,0.0
2025-10-31 00:00:00+03:00,2223.784373584403,2318.561046471056,2166.4560446188175,2264.468994140625,317778,0.0,0.0
2025-11-03 00:00:00+03:00,2265.3936559940676,2371.7284602550135,2186.798365888151,2201.5927734375,187561,0.0,0.0
2025-11-04 00:00:00+03:00,2204.3665503329917,2301.454842189101,2188.6474935562883,2256.14697265625,182783,0.0,0.0
2025-11-05 00:00:00+03:00,2232.106139190051,2320.872580516582,2227.4828870376277,2265.3935546875,104241,0.0,0.0
2025-11-06 00:00:00+03:00,2268.167477638134,2295.9069902060687,2233.03076171875,2233.03076171875,56159,0.0,0.0
2025-11-07 00:00:00+03:00,2239.503444788722,2348.612200562904,2239.503444788722,2289.4345703125,186930,0.0,0.0
2025-11-10 00:00:00+03:00,2307.0028353604403,2517.360809326172,2293.133078835227,2441.0771484375,263475,0.0,0.0
2025-11-11 00:00:00+03:00,2413.3377105097265,2454.9469813805836,2295.907101607529,2406.40283203125,172503,0.0,0.0
2025-11-12 00:00:00+03:00,2406.4027268511695,2438.765491669533,2205.291259765625,2205.291259765625,160617,0.0,0.0
2025-11-13 00:00:00+03:00,2210.8391215652796,2270.941397977552,2178.4763573432865,2183.099609375,118297,0.0,0.0
2025-11-14 00:00:00+03:00,2179.400976689491,2197.8939845527875,2121.148001920107,2133.16845703125,69423,0.0,0.0
2025-11-17 00:00:00+03:00,2163.68198805989,2199.7433545275553,2122.0727190587386,2170.154541015625,91019,0.0,0.0
2025-11-18 00:00:00+03:00,2170.154609343034,2346.3005203272046,2161.8327552807896,2259.845703125,181423,0.0,0.0
2025-11-19 00:00:00+03:00,2265.393617593659,2325.4958972441036,2221.9350461541076,2232.106201171875,98306,0.0,0.0
2025-11-20 00:00:00+03:00,2242.2773295983957,2287.5852014129614,2200.668059564611,2217.311767578125,63780,0.0,0.0
2025-11-21 00:00:00+03:00,2220.0856774980093,2220.0856774980093,2172.928505672771,2177.5517578125,46406,0.0,0.0
2025-11-24 00:00:00+03:00,2177.5518081075643,2191.421564847103,2138.7164892368564,2154.435546875,45594,0.0,0.0
2025-11-25 00:00:00+03:00,2159.058837890625,2182.1750995382763,2119.298867856665,2159.058837890625,47423,0.0,0.0
2025-11-26 00:00:00+03:00,2159.983487293209,2186.7983507912836,2122.072818209723,2123.922119140625,49015,0.0,0.0
2025-11-27 00:00:00+03:00,2129.470060206976,2140.565865991815,2093.40869140625,2093.40869140625,43066,0.0,0.0
2025-11-28 00:00:00+03:00,2094.333187546606,2122.0726999644417,2073.066228026265,2092.48388671875,29626,0.0,0.0
2025-12-01 00:00:00+03:00,2088.785236278614,2159.058666095867,2085.0866347092847,2115.60009765625,63260,0.0,0.0
2025-12-02 00:00:00+03:00,2117.4495926869067,2274.640173803402,2110.9770393468157,2191.421630859375,209961,0.0,0.0
2025-12-03 00:00:00+03:00,2200.6679897966055,2246.900510590652,2145.18896484375,2145.18896484375,80212,0.0,0.0
2025-12-04 00:00:00+03:00,2163.681962682846,2241.3525972406915,2160.908011448637,2172.928466796875,281357,0.0,0.0
2025-12-05 00:00:00+03:00,2188.6476253609035,2194.195528086787,2079.538871751868,2126.696044921875,82496,0.0,0.0
2025-12-08 00:00:00+03:00,2126.696096219077,2165.5314162369905,2118.374241929524,2121.148193359375,95193,0.0,0.0
2025-12-09 00:00:00+03:00,2122.99731263038,2139.6410197851474,2076.7647927560247,2105.428955078125,57112,0.0,0.0
2025-12-10 00:00:00+03:00,2115.600211139247,2123.9220651166306,2076.764892578125,2076.764892578125,44241,0.0,0.0
2025-12-11 00:00:00+03:00,2086.011461576957,2114.675626164229,2073.066354989157,2078.6142578125,43368,0.0,0.0
2025-12-12 00:00:00+03:00,2094.333264300965,2109.127671466005,2070.292352657775,2084.162109375,41332,0.0,0.0
2025-12-15 00:00:00+03:00,2085.086785430434,2108.2030469097067,2071.2170285428697,2081.38818359375,49107,0.0,0.0
2025-12-16 00:00:00+03:00,2085.086666618213,2088.785268244143,2049.0253007653923,2049.949951171875,36171,0.0,0.0
2025-12-17 00:00:00+03:00,2049.9499495057653,2068.442957620386,2032.3815917968748,2032.381591796875,49041,0.0,0.0
2025-12-18 00:00:00+03:00,2032.3816037415695,2052.7239127872085,2015.7378963405922,2022.21044921875,43011,0.0,0.0
2025-12-19 00:00:00+03:00,2028.6830423079914,2044.402099609375,2010.1900337181282,2044.402099609375,40437,0.0,0.0
2025-12-22 00:00:00+03:00,2140.5658258710587,2162.7574370247976,2058.2719345092773,2071.217041015625,136534,0.0,0.0
2025-12-23 00:00:00+03:00,2071.216914080394,2076.7648165288238,2017.587190412241,2018.5118408203125,67868,0.0,0.0
2025-12-24 00:00:00+03:00,2015.7378963405922,2037.0048557973967,2006.4913922289381,2022.21044921875,41587,0.0,0.0
2025-12-25 00:00:00+03:00,2016.6625400041694,2052.723905918962,2015.7378895960978,2018.5118408203125,39244,0.0,0.0
2025-12-26 00:00:00+03:00,2021.285854330716,2021.285854330716,1983.3751864315577,1985.2244873046875,35330,0.0,0.0
2025-12-29 00:00:00+03:00,1985.2244794885094,2007.416089878693,1957.4849665007798,1963.95751953125,66964,0.0,0.0
2025-12-30 00:00:00+03:00,1969.5054543887868,1978.7519588694854,1930.670135569853,1964.8822021484375,34300,0.0,0.0
2025-12-31 00:00:00+03:00,1987.9984352805398,2059.1965187766336,1966.731475275213,2034.23095703125,84214,0.0,0.0
2026-01-02 00:00:00+03:00,2033.3062862515083,2141.4903860657087,2023.135131568122,2107.2783203125,105826,0.0,0.0
2026-01-05 00:00:00+03:00,2108.2028649300933,2135.9423763107525,2056.422443686196,2083.2373046875,74045,0.0,0.0
2026-01-06 00:00:00+03:00,2083.2375097261947,2098.956567722353,2055.4979956153265,2061.0458984375,57246,0.0,0.0
2026-01-07 00:00:00+03:00,2063.8198154472307,2080.463523636321,2007.4161376953125,2007.4161376953125,86258,0.0,0.0
2026-01-08 00:00:00+03:00,2020.361138332696,2020.361138332696,1939.916552962012,1983.3751220703125,77624,0.0,0.0
2026-01-09 00:00:00+03:00,1989.8476121613994,2049.949886692297,1979.6764580100169,2048.1005859375,80481,0.0,0.0
2026-01-12 00:00:00+03:00,2075.840179986575,2080.4634320578148,2013.8886022319646,2025.9090576171875,93688,0.0,0.0
2026-01-13 00:00:00+03:00,2035.155711847289,2199.7434977213543,2024.0599060580262,2163.68212890625,350548,0.0,0.0
2026-01-14 00:00:00+03:00,2162.7573091183567,2311.626025137192,2120.2233902558323,2137.791748046875,430625,0.0,0.0
2026-01-15 00:00:00+03:00,2145.1889221700703,2168.3051821072477,2081.3880447434603,2105.428955078125,142535,0.0,0.0
2026-01-16 00:00:00+03:00,2134.0932361531804,2184.0243603959325,2112.826275827564,2136.8671875,151555,0.0,0.0
2026-01-19 00:00:00+03:00,2137.791720825621,2169.229834367174,2120.223363258282,2122.997314453125,108065,0.0,0.0
2026-01-20 00:00:00+03:00,2145.188896313048,2184.948862925747,2104.504279314008,2108.202880859375,132529,0.0,0.0
2026-01-21 00:00:00+03:00,2112.826248690252,2117.44950087557,1975.977984004844,2002.7928466796875,149951,0.0,0.0
2026-01-22 00:00:00+03:00,2005.566782752067,2062.8951094144127,2000.9435306018777,2061.970458984375,106450,0.0,0.0
2026-01-23 00:00:00+03:00,2062.8952130194025,2107.2784358902813,2045.326853966346,2103.579833984375,96672,0.0,0.0
2026-01-26 00:00:00+03:00,2108.203062265792,2159.058837890625,2095.2579557431077,2159.058837890625,122650,0.0,0.0
2026-01-27 00:00:00+03:00,2172.928567637568,2172.928567637568,2110.9769871985395,2126.696044921875,75218,0.0,0.0
2026-01-28 00:00:00+03:00,2136.8671999193275,2166.456014457371,2122.072792650306,2126.696044921875,117549,0.0,0.0
2026-01-29 00:00:00+03:00,2145.188925823434,2156.2847306121757,2108.202909860961,2140.565673828125,111325,0.0,0.0
2026-01-30 00:00:00+03:00,2145.189118836881,2151.661672212682,2101.7305461707892,2128.54541015625,71135,0.0,0.0
2026-02-02 00:00:00+03:00,2085.0867221300773,2130.394593253968,2065.6690630769813,2097.107177734375,81721,0.0,0.0
2026-02-03 00:00:00+03:00,2102.655133838333,2174.777869299806,2102.655133838333,2144.264404296875,91110,0.0,0.0
2026-02-04 00:00:00+03:00,2147.962941623732,2182.175007417997,2126.6959818056753,2142.4150390625,106704,0.0,0.0
2026-02-05 00:00:00+03:00,2142.415153996394,2153.510959714114,2103.579833984375,2103.579833984375,61251,0.0,0.0
2026-02-06 00:00:00+03:00,2103.5797721633585,2158.1341486722104,2102.655121714056,2154.435546875,153247,0.0,0.0
2026-02-09 00:00:00+03:00,2170.1546069857563,2267.242904273146,2164.6067042836194,2207.140625,355683,0.0,0.0
2026-02-10 00:00:00+03:00,2217.31170459692,2302.379543138587,2191.421492866848,2233.03076171875,239759,0.0,0.0
2026-02-11 00:00:00+03:00,2209.9145630960356,2214.537815320086,2182.175049751734,2199.743408203125,106165,0.0,0.0
2026-02-12 00:00:00+03:00,2218.236283303082,2316.2492245411504,2204.3665274675063,2276.4892578125,259314,0.0,0.0
2026-02-13 00:00:00+03:00,2288.5097790955056,2417.9608373069686,2287.5851286797097,2295.906982421875,260603,0.0,0.0
2026-02-16 00:00:00+03:00,2323.1841740645764,2399.4678335114727,2323.1841740645764,2348.612060546875,159525,0.0,0.0
2026-02-17 00:00:00+03:00,2362.4818969374096,2445.700437338336,2325.4958789814427,2401.779541015625,208254,0.0,0.0
2026-02-18 00:00:00+03:00,2441.0770210597825,2445.700272993608,2320.8724707803235,2339.365478515625,234090,0.0,0.0
2026-02-19 00:00:00+03:00,2360.1701639640232,2376.351546087185,2172.9284565388652,2200.66796875,145832,0.0,0.0
2026-02-20 00:00:00+03:00,2211.763740138004,2285.7357715807466,2165.53122048629,2248.749755859375,113608,0.0,0.0
2026-02-23 00:00:00+03:00,2278.3387542517007,2417.960974987093,2277.414103783254,2378.663330078125,188849,0.0,0.0
2026-02-24 00:00:00+03:00,2362.4818834408306,2459.570180020591,2355.547005113705,2385.59814453125,163096,0.0,0.0
2026-02-25 00:00:00+03:00,2385.5981927881708,2404.0912020345904,2276.489438234293,2292.20849609375,100158,0.0,0.0
2026-02-26 00:00:00+03:00,2302.379690415112,2337.0540833430505,2267.2429722481343,2323.184326171875,82647,0.0,0.0
2026-02-27 00:00:00+03:00,2277.413985633017,2310.7014007701623,2117.449462890625,2117.449462890625,175825,0.0,0.0
2026-03-02 00:00:00+03:00,1906.6292387940568,2051.799360273527,1906.6292387940568,2024.9844970703125,142201,0.0,0.0
2026-03-03 00:00:00+03:00,2024.984459297194,2100.8057952160843,2005.5668000984538,2037.9295654296875,106655,0.0,0.0
2026-03-04 00:00:00+03:00,2017.5872347147522,2077.6895125591423,1999.0942261472476,2009.265380859375,87884,0.0,0.0
2026-03-05 00:00:00+03:00,2026.8337798962093,2085.0867580592844,2026.8337798962093,2049.025390625,89816,0.0,0.0
2026-03-06 00:00:00+03:00,2158.1340811652667,2209.914504706507,2033.3062744140625,2033.3062744140625,212550,0.0,0.0
2026-03-09 00:00:00+03:00,2008.340754935931,2024.9844628497647,1933.4440693236793,1988.923095703125,115859,0.0,0.0
2026-03-10 00:00:00+03:00,2034.230877936015,2163.6819338046703,2014.8132195557166,2140.565673828125,201323,0.0,0.0
2026-03-11 00:00:00+03:00,2135.942442358994,2152.586149702051,2053.648556051656,2085.086669921875,108518,0.0,0.0
2026-03-12 00:00:00+03:00,2097.1071643390487,2130.3945796460175,2061.9704481816925,2089.7099609375,101011,0.0,0.0
2026-03-13 00:00:00+03:00,2087.8607152776794,2087.8607152776794,2005.5668252600915,2035.1556396484375,71734,0.0,0.0
2026-03-16 00:00:00+03:00,2032.381709887803,2108.203047563326,2019.4366034553966,2098.95654296875,79970,0.0,0.0
2026-03-17 00:00:00+03:00,2107.278396450536,2136.8672111440055,2072.1416790020407,2081.38818359375,59800,0.0,0.0
2026-03-18 00:00:00+03:00,2092.4840017046245,2108.2030596051895,2061.9705363682338,2071.217041015625,48743,0.0,0.0
2026-03-19 00:00:00+03:00,2057.347219019336,2061.0458207613933,2015.737949421192,2051.79931640625,48538,0.0,0.0
2026-03-23 00:00:00+03:00,2016.6625801228158,2056.4225484608633,1958.4096032554444,2040.7034912109375,124367,0.0,0.0
2026-03-24 00:00:00+03:00,2034.2308874722676,2034.2308874722676,1978.7518632684785,1979.676513671875,72799,0.0,0.0
2026-03-25 00:00:00+03:00,2001.868125067817,2044.402043660482,1987.073718600803,1997.244873046875,85518,0.0,0.0
2026-03-26 00:00:00+03:00,1987.0738062087457,2009.2654168876709,1959.3342928600896,1961.18359375,57471,0.0,0.0
2026-03-27 00:00:00+03:00,1970.4301098130754,1978.7519638667206,1925.12223774323,1933.444091796875,62968,0.0,0.0
2026-03-30 00:00:00+03:00,1931.594795935468,1938.991999558007,1902.0059814453125,1902.0059814453125,50888,0.0,0.0
2026-03-31 00:00:00+03:00,1909.4031679278662,1943.615234375,1909.4031679278662,1943.615234375,48207,0.0,0.0
2026-04-01 00:00:00+03:00,1986.1491765018734,2003.7175351394596,1970.4301187735066,1989.8477783203125,62382,0.0,0.0
2026-04-02 00:00:00+03:00,1947.3138379818924,1986.149156688084,1947.3138379818924,1978.751953125,47861,0.0,0.0
2026-04-03 00:00:00+03:00,1990.772364360011,1996.3202669081577,1971.354705441497,1987.9984130859375,42130,0.0,0.0
2026-04-06 00:00:00+03:00,1997.2448532516892,2074.9154864336992,1997.2448532516892,2052.723876953125,85744,0.0,0.0
2026-04-07 00:00:00+03:00,2044.402150762649,2080.4635184151784,2031.4570444258434,2038.854248046875,116249,0.0,0.0
2026-04-08 00:00:00+03:00,2202.0,2202.0,2133.0,2139.0,106595,166.14581,0.0
2026-04-09 00:00:00+03:00,2139.0,2172.0,2099.0,2132.0,89135,0.0,0.0
2026-04-10 00:00:00+03:00,2150.0,2165.0,2142.0,2148.0,87164,0.0,0.0
2026-04-13 00:00:00+03:00,2124.0,2125.0,2084.0,2090.0,59682,0.0,0.0
2026-04-14 00:00:00+03:00,2112.0,2228.0,2112.0,2169.0,252336,0.0,0.0
2026-04-15 00:00:00+03:00,2173.0,2222.0,2169.0,2177.0,105236,0.0,0.0
2026-04-16 00:00:00+03:00,2215.0,2216.0,2128.0,2136.0,55523,0.0,0.0
2026-04-17 00:00:00+03:00,2160.0,2253.0,2140.0,2233.0,200696,0.0,0.0
2026-04-20 00:00:00+03:00,2185.0,2211.0,2154.0,2182.0,104731,0.0,0.0
2026-04-21 00:00:00+03:00,2200.0,2210.0,2127.0,2133.0,76642,0.0,0.0
2026-04-22 00:00:00+03:00,2150.0,2170.0,2114.0,2134.0,42532,0.0,0.0
2026-04-24 00:00:00+03:00,2131.0,2138.0,2105.0,2129.0,40607,0.0,0.0
2026-04-27 00:00:00+03:00,2178.0,2277.0,2148.0,2210.0,250986,0.0,0.0
2026-04-28 00:00:00+03:00,2215.0,2249.0,2123.0,2123.0,98230,0.0,0.0
2026-04-29 00:00:00+03:00,2135.0,2152.0,2096.0,2105.0,51525,0.0,0.0
2026-04-30 00:00:00+03:00,2104.0,2114.0,2094.0,2104.0,42224,0.0,0.0
2026-05-04 00:00:00+03:00,2110.0,2162.0,2077.0,2114.0,114951,0.0,0.0
2026-05-05 00:00:00+03:00,2117.0,2124.0,2097.0,2101.0,53585,0.0,0.0
2026-05-06 00:00:00+03:00,2123.0,2248.0,2114.0,2213.0,311666,0.0,0.0
2026-05-07 00:00:00+03:00,2223.0,2230.0,2170.0,2212.0,145627,0.0,0.0
2026-05-08 00:00:00+03:00,2199.0,2206.0,2157.0,2167.0,83980,0.0,0.0
2026-05-11 00:00:00+03:00,2167.0,2204.0,2150.0,2150.0,98725,0.0,0.0
2026-05-12 00:00:00+03:00,2150.0,2150.0,2066.0,2067.0,104871,0.0,0.0
2026-05-13 00:00:00+03:00,2071.0,2089.0,2009.0,2017.0,63077,0.0,0.0
2026-05-14 00:00:00+03:00,2021.0,2072.0,2021.0,2032.0,72934,0.0,0.0
2026-05-15 00:00:00+03:00,2024.0,2042.0,2005.0,2013.0,53153,0.0,0.0
2026-05-18 00:00:00+03:00,2014.0,2017.0,1978.0,1994.0,39328,0.0,0.0
2026-05-20 00:00:00+03:00,1994.0,1994.0,1938.0,1950.0,41965,0.0,0.0
2026-05-21 00:00:00+03:00,1956.0,1980.0,1862.0,1869.0,43402,0.0,0.0
2026-05-22 00:00:00+03:00,1800.0,1955.0,1800.0,1940.0,98829,0.0,0.0
2026-05-25 00:00:00+03:00,1940.0,2008.0,1939.0,1981.0,76757,0.0,0.0
2026-05-26 00:00:00+03:00,2001.0,2001.0,1934.0,1935.0,24924,0.0,0.0
2026-05-27 00:00:00+03:00,1935.0,1935.0,1935.0,1935.0,0,0.0,0.0
2026-05-28 00:00:00+03:00,1935.0,1935.0,1935.0,1935.0,0,0.0,0.0
2026-05-29 00:00:00+03:00,1935.0,1935.0,1935.0,1935.0,0,0.0,0.0
2026-06-01 00:00:00+03:00,2020.0,2108.0,2020.0,2049.0,159362,0.0,0.0
2026-06-02 00:00:00+03:00,2048.0,2049.0,1993.0,2001.0,128930,0.0,0.0
2026-06-03 00:00:00+03:00,2001.0,2106.0,1995.0,2005.0,203715,0.0,0.0
2026-06-04 00:00:00+03:00,2016.0,2060.0,1968.0,1996.0,127950,0.0,0.0
2026-06-05 00:00:00+03:00,2007.0,2110.0,1986.0,2033.0,253353,0.0,0.0
2026-06-08 00:00:00+03:00,2009.0,2035.0,1987.0,2026.0,101771,0.0,0.0
2026-06-09 00:00:00+03:00,2034.0,2034.0,1987.0,1987.0,52428,0.0,0.0
2026-06-10 00:00:00+03:00,1981.0,2010.0,1970.0,1989.0,69129,0.0,0.0
2026-06-11 00:00:00+03:00,1994.0,2007.0,1950.0,1966.0,65741,0.0,0.0
2026-06-12 00:00:00+03:00,1994.0,2009.0,1975.0,1986.0,67871,0.0,0.0
2026-06-15 00:00:00+03:00,2022.0,2049.0,2009.0,2029.0,77429,0.0,0.0
2026-06-16 00:00:00+03:00,2031.0,2033.0,1982.0,1985.0,58493,0.0,0.0
2026-06-17 00:00:00+03:00,1995.0,1997.0,1975.0,1975.0,45705,0.0,0.0
2026-06-18 00:00:00+03:00,1978.0,2007.0,1978.0,2002.0,44690,0.0,0.0
2026-06-19 00:00:00+03:00,1990.0,1998.0,1974.0,1978.0,37604,0.0,0.0
2026-06-22 00:00:00+03:00,1981.0,1990.0,1970.0,1973.0,35327,0.0,0.0
2026-06-23 00:00:00+03:00,1966.0,1973.0,1930.0,1934.0,40080,0.0,0.0
2026-06-24 00:00:00+03:00,1934.0,1938.0,1895.0,1896.0,37000,0.0,0.0
2026-06-25 00:00:00+03:00,1905.0,1918.0,1860.0,1862.0,34444,0.0,0.0
2026-06-26 00:00:00+03:00,1870.0,1909.0,1854.0,1869.0,39829,0.0,0.0
2026-06-29 00:00:00+03:00,1873.0,1958.0,1872.0,1886.0,68435,0.0,0.0
2026-06-30 00:00:00+03:00,1900.0,1920.0,1866.0,1872.0,41137,0.0,0.0
2026-07-01 00:00:00+03:00,1871.0,1922.0,1867.0,1885.0,61085,0.0,0.0
2026-07-02 00:00:00+03:00,1895.0,1900.0,1869.0,1869.0,42914,0.0,0.0
2026-07-03 00:00:00+03:00,1875.0,1933.0,1872.0,1910.0,81522,0.0,0.0
2026-07-06 00:00:00+03:00,1941.0,1960.0,1872.0,1876.0,54335,0.0,0.0
2026-07-07 00:00:00+03:00,1880.0,1900.0,1867.0,1874.0,33029,0.0,0.0
2026-07-08 00:00:00+03:00,1869.0,1870.0,1819.0,1819.0,35593,0.0,0.0
2026-07-09 00:00:00+03:00,1852.0,1855.0,1760.0,1811.0,34776,0.0,0.0
2026-07-10 00:00:00+03:00,1820.0,1840.0,1812.0,1832.0,45647,0.0,0.0
2026-07-13 00:00:00+03:00,1830.0,1830.0,1780.0,1787.0,42231,0.0,0.0
2026-07-14 00:00:00+03:00,1780.0,1849.0,1775.0,1813.0,52278,0.0,0.0
2026-07-16 00:00:00+03:00,1813.0,1857.0,1813.0,1850.0,45372,0.0,0.0
2026-07-17 00:00:00+03:00,1847.0,1847.0,1800.0,1810.0,42236,0.0,0.0
2026-07-20 00:00:00+03:00,1820.0,1836.0,1805.0,1810.0,22963,0.0,0.0
2026-07-21 00:00:00+03:00,1818.0,1846.0,1807.0,1822.0,36259,0.0,0.0
2026-07-22 00:00:00+03:00,1824.0,1841.0,1734.0,1814.0,29810,0.0,0.0
2026-07-23 00:00:00+03:00,1814.0,1829.0,1806.0,1806.0,28622,0.0,0.0
2026-07-24 00:00:00+03:00,1807.0,1831.0,1797.0,1815.0,49055,0.0,0.0
2026-07-27 00:00:00+03:00,1821.0,1840.0,1788.0,1788.0,33461,0.0,0.0
2026-07-28 00:00:00+03:00,1786.0,1797.0,1760.0,1761.0,42414,0.0,0.0
2026-07-29 00:00:00+03:00,1760.0,1768.0,1698.0,1700.0,48999,0.0,0.0
2026-07-30 00:00:00+03:00,1700.0,1708.0,1658.0,1661.0,44285,0.0,0.0
2026-08-03 00:00:00+03:00,1725.0,1736.0,1695.0,1710.0,40457,0.0,0.0
2026-08-04 00:00:00+03:00,1714.0,1737.0,1701.0,1730.0,44243,0.0,0.0
2026-08-05 00:00:00+03:00,1727.0,1782.0,1724.0,1771.0,49511,0.0,0.0
2026-08-06 00:00:00+03:00,1771.0,1798.0,1758.0,1765.0,48164,0.0,0.0
2026-08-07 00:00:00+03:00,1766.0,1785.0,1749.0,1767.0,39194,0.0,0.0
2026-08-10 00:00:00+03:00,1820.0,1930.0,1818.0,1912.0,204517,0.0,0.0
2026-08-11 00:00:00+03:00,1872.0,1872.0,1788.0,1793.0,117659,0.0,0.0
2026-08-12 00:00:00+03:00,1790.0,1790.0,1730.0,1741.0,72109,0.0,0.0
