date,open,high,low,close,volume,dividends,stock_splits
2020-08-14 00:00:00+03:00,2.1359608041510127,2.340425547307966,1.9463843680906197,2.2233049869537354,6365090,0.0,0.0
2020-08-17 00:00:00+03:00,2.034721105015246,2.4456355571746826,2.02082550894535,2.4456355571746826,6785110,0.0,0.0
2020-08-18 00:00:00+03:00,2.4496054977013175,2.6898019313812256,2.4496054977013175,2.6898019313812256,6376110,0.0,0.0
2020-08-19 00:00:00+03:00,2.8684604480583675,2.8684604480583675,2.4317397852671965,2.469456434249878,8143830,0.0,0.0
2020-08-20 00:00:00+03:00,2.469456392891755,2.580621624834097,2.338440243576965,2.3622615337371826,2975090,0.0,0.0
2020-08-21 00:00:00+03:00,2.463501495193575,2.485337363986466,2.278887665556244,2.433724880218506,2923430,0.0,0.0
2020-08-24 00:00:00+03:00,2.282857656478882,2.282857656478882,2.282857656478882,2.282857656478882,1567250,0.0,0.0
2020-08-25 00:00:00+03:00,2.1836032301826043,2.1836032301826043,2.1141250133514404,2.1141250133514404,1373690,0.0,0.0
2020-08-26 00:00:00+03:00,1.9850937695284232,1.9850937695284232,1.9841011762619019,1.9841011762619019,2009360,0.0,0.0
2020-08-27 00:00:00+03:00,2.0843483327352414,2.1816179752349854,2.0843483327352414,2.1816179752349854,876310,0.0,0.0
2020-08-28 00:00:00+03:00,2.2034541201144995,2.386082762681194,2.2034541201144995,2.3840975761413574,2084480,0.0,0.0
2020-08-31 00:00:00+03:00,2.3840974698639896,2.574666613453295,2.3840974698639896,2.572681427001953,1793910,0.0,0.0
2020-09-01 00:00:00+03:00,2.481367024642454,2.481367024642454,2.312633991241455,2.312633991241455,1031310,0.0,0.0
2020-09-02 00:00:00+03:00,2.159782004852534,2.2332303524017334,2.159782004852534,2.2332303524017334,1425080,0.0,0.0
2020-09-03 00:00:00+03:00,2.282857754100887,2.282857754100887,2.1816179752349854,2.1816179752349854,1100740,0.0,0.0
2020-09-04 00:00:00+03:00,2.1697074733531565,2.2848428428978753,2.1697074733531565,2.282857656478882,925430,0.0,0.0
2020-09-07 00:00:00+03:00,2.2729323754990047,2.2729323754990047,2.2590367794036865,2.2590367794036865,619740,0.0,0.0
2020-09-08 00:00:00+03:00,2.233230332329111,2.3642464815356274,2.1339757455489026,2.225290060043335,2829040,0.0,0.0
2020-09-09 00:00:00+03:00,2.2133795905647204,2.3225596446844134,2.1836032121684408,2.2014689445495605,2556080,0.0,0.0
2020-09-10 00:00:00+03:00,2.1915433829287103,2.2649919688624705,2.082363333898277,2.16176700592041,1773390,0.0,0.0
2020-09-11 00:00:00+03:00,2.1617669541358446,2.197498653018183,2.1101544739011784,2.141916036605835,1352040,0.0,0.0
2020-09-14 00:00:00+03:00,2.1339758251304404,2.2054389882922782,2.1200799931497185,2.1657371520996094,1904600,0.0,0.0
2020-09-15 00:00:00+03:00,2.1657370900546136,2.1816178714050434,2.064497316007026,2.0962588787078857,2037920,0.0,0.0
2020-09-16 00:00:00+03:00,2.0942737842149923,2.18757329000303,2.024795569818904,2.131990671157837,2498250,0.0,0.0
2020-09-17 00:00:00+03:00,2.1657372191773683,2.1657372191773683,2.0883187308604834,2.0982441902160645,1325960,0.0,0.0
2020-09-18 00:00:00+03:00,2.0962590573677535,2.133975945869758,2.044646572740431,2.0724380016326904,1033860,0.0,0.0
2020-09-21 00:00:00+03:00,2.124050261344822,2.124050261344822,2.0228104893890313,2.0347208976745605,1537150,0.0,0.0
2020-09-22 00:00:00+03:00,1.9970043642330435,2.004944636878361,1.9573024094024263,1.9870789051055908,1761060,0.0,0.0
2020-09-23 00:00:00+03:00,1.9930339773695511,2.1240503682364893,1.957302395752393,2.074422836303711,1887830,0.0,0.0
2020-09-24 00:00:00+03:00,2.058542067403643,2.124050381569112,1.9801309876797348,2.03273606300354,1446700,0.0,0.0
2020-09-25 00:00:00+03:00,2.0406763889837514,2.0823634130362856,1.960280120677645,2.006929874420166,1675480,0.0,0.0
2020-09-28 00:00:00+03:00,2.012885119269531,2.012885119269531,1.9682204354719877,1.9771533012390137,1268660,0.0,0.0
2020-09-29 00:00:00+03:00,2.004944679625434,2.004944679625434,1.9553173829300754,1.957302451133728,1797910,0.0,0.0
2020-09-30 00:00:00+03:00,1.9573024699111572,2.151841640472412,1.9453919422541688,2.151841640472412,4102920,0.0,0.0
2020-10-01 00:00:00+03:00,2.1756625410346206,2.366231679916382,2.1756625410346206,2.366231679916382,6491930,0.0,0.0
2020-10-02 00:00:00+03:00,2.4138739085978966,2.5568007107894806,2.14390132294892,2.2272751331329346,6410280,0.0,0.0
2020-10-05 00:00:00+03:00,2.2252902069398908,2.2927832357491633,2.1141249677511413,2.189558506011963,2872480,0.0,0.0
2020-10-06 00:00:00+03:00,2.2014687685601757,2.2530812483110476,2.1260352353249017,2.1339757442474365,2359470,0.0,0.0
2020-10-07 00:00:00+03:00,2.126035275210915,2.1280204616391925,2.0545718767754013,2.104199171066284,1675020,0.0,0.0
2020-10-08 00:00:00+03:00,2.1002290350329234,2.1002290350329234,2.0347209592349724,2.058542013168335,1639560,0.0,0.0
2020-10-09 00:00:00+03:00,2.054571937928687,2.1816179570797707,2.0247955604678785,2.1280205249786377,2099100,0.0,0.0
2020-10-12 00:00:00+03:00,2.128020534806383,2.163752235252694,2.108169616407501,2.131990671157837,1790350,0.0,0.0
2020-10-13 00:00:00+03:00,2.1558116840493455,2.1558116840493455,2.092288793734652,2.116109848022461,1426490,0.0,0.0
2020-10-14 00:00:00+03:00,2.126035422823238,2.1339759324460585,2.11213982678533,2.1141250133514404,998810,0.0,0.0
2020-10-15 00:00:00+03:00,2.1121398296461855,2.209409475326538,2.096259047020656,2.209409475326538,1551900,0.0,0.0
2020-10-16 00:00:00+03:00,2.2113943329769645,2.233230437756096,2.155811714427767,2.173677682876587,1522350,0.0,0.0
2020-10-19 00:00:00+03:00,2.1776477976140542,2.217349633806723,2.1240503660822734,2.1657371520996094,1646110,0.0,0.0
2020-10-20 00:00:00+03:00,2.167722381578031,2.1855881135625816,2.124050408227874,2.135960817337036,1398190,0.0,0.0
2020-10-21 00:00:00+03:00,2.153826776053253,2.199483935699005,2.122065211958396,2.131990671157837,1433140,0.0,0.0
2020-10-22 00:00:00+03:00,2.143901189066729,2.1577967837893777,2.0386910438537598,2.0386910438537598,877660,0.0,0.0
2020-10-23 00:00:00+03:00,2.0982440847244646,2.2630067490718035,2.0982440847244646,2.1955134868621826,3144190,0.0,0.0
2020-10-26 00:00:00+03:00,2.2491113141635535,2.2491113141635535,1.9761609395291364,2.068467855453491,1946360,0.0,0.0
2020-10-27 00:00:00+03:00,2.034721106293839,2.183603236581378,1.9612726344360332,2.163752317428589,1382660,0.0,0.0
2020-10-28 00:00:00+03:00,2.163752320027527,2.2868279715943225,2.163752320027527,2.2590367794036865,2117560,0.0,0.0
2020-10-30 00:00:00+03:00,2.2570513779412558,2.483352213635934,2.155811605122563,2.4496054649353027,22324760,0.0,0.0
2020-11-02 00:00:00+03:00,2.582607034875691,2.6580405747516767,2.2530814466586895,2.2550666332244873,15349060,0.0,0.0
2020-11-03 00:00:00+03:00,2.255066466350557,2.255066466350557,2.0982440751476026,2.145886182785034,4963700,0.0,0.0
2020-11-04 00:00:00+03:00,2.084348400406637,2.350351095199585,2.084348400406637,2.350351095199585,8736540,0.0,0.0
2020-11-05 00:00:00+03:00,2.4257844089698617,2.4535755984853576,2.3066786687333916,2.312633991241455,10029700,0.0,0.0
2020-11-06 00:00:00+03:00,2.3225595137699795,2.401963421659296,2.235215570054141,2.2907981872558594,4678400,0.0,0.0
2020-11-09 00:00:00+03:00,2.294768324320001,2.332484973519664,2.143901254238137,2.199483871459961,4453920,0.0,0.0
2020-11-10 00:00:00+03:00,2.2630068136615784,2.2630068136615784,2.197498736010209,2.219334840774536,3167900,0.0,0.0
2020-11-11 00:00:00+03:00,2.2272749878465734,2.2530812274834555,2.189558339898392,2.2173495292663574,3424470,0.0,0.0
2020-11-12 00:00:00+03:00,2.1776478698589172,2.2530814084558664,2.1776478698589172,2.193528652191162,3860020,0.0,0.0
2020-11-13 00:00:00+03:00,2.201468934810645,2.2173497172133976,2.18360320250856,2.1974987983703613,2002610,0.0,0.0
2020-11-16 00:00:00+03:00,2.2213197680270906,2.360276431213515,2.1558116910419276,2.257051467895508,7097130,0.0,0.0
2020-11-17 00:00:00+03:00,2.2927832459656687,2.2947684324978064,2.187573329236368,2.193528652191162,2482430,0.0,0.0
2020-11-18 00:00:00+03:00,2.1836031928137114,2.2610219179427973,2.1836031928137114,2.193528652191162,3093890,0.0,0.0
2020-11-19 00:00:00+03:00,2.1935285370758324,2.2094093185746613,2.1458861925793458,2.1955134868621826,2637790,0.0,0.0
2020-11-20 00:00:00+03:00,2.211394404014987,2.211394404014987,2.191543485084134,2.2014689445495605,2060890,0.0,0.0
2020-11-23 00:00:00+03:00,2.1895585596555387,2.2034541557341667,2.1538268578521946,2.163752317428589,2513710,0.0,0.0
2020-11-24 00:00:00+03:00,2.1637521304232448,2.1935285065789625,2.1141248368303818,2.1379458904266357,2869370,0.0,0.0
2020-11-25 00:00:00+03:00,2.1399309074117556,2.3483657836914062,2.1240503622764306,2.3483657836914062,28776960,0.0,0.0
2020-11-26 00:00:00+03:00,2.4357098793719634,2.5170987352116967,2.2372004691130623,2.270947217941284,19897390,0.0,0.0
2020-11-27 00:00:00+03:00,2.2749174065008932,2.300723646994055,2.175662580763746,2.199483871459961,5613840,0.0,0.0
2020-11-30 00:00:00+03:00,2.2292603879728516,2.2292603879728516,2.149856475075845,2.1597821712493896,3576850,0.0,0.0
2020-12-01 00:00:00+03:00,2.17566268332678,2.2153647574782007,2.16375227405881,2.193528652191162,4523730,0.0,0.0
2020-12-02 00:00:00+03:00,2.1935286110904686,2.2173496658216854,2.167722369864311,2.177647829055786,2375540,0.0,0.0
2020-12-03 00:00:00+03:00,2.1816180256187074,2.2213198634804137,2.1776478891608604,2.2014689445495605,2474060,0.0,0.0
2020-12-04 00:00:00+03:00,2.201468809504444,2.2947683120694613,2.169707483148392,2.1955134868621826,5741230,0.0,0.0
2020-12-07 00:00:00+03:00,2.1955134668600564,2.2233048933902158,2.1776477357376423,2.187573194503784,3808870,0.0,0.0
2020-12-08 00:00:00+03:00,2.203453943671814,2.2094092661728295,2.159781973067032,2.1756625175476074,3447570,0.0,0.0
2020-12-09 00:00:00+03:00,2.173677557740085,2.2054388831957206,2.1538266405897133,2.171692371368408,4161500,0.0,0.0
2020-12-10 00:00:00+03:00,2.1836031854906706,2.185588135374533,2.135960838653712,2.1439013481140137,2865660,0.0,0.0
2020-12-11 00:00:00+03:00,2.145886234003275,2.241170688194002,2.1339758251304404,2.1657371520996094,5776320,0.0,0.0
2020-12-14 00:00:00+03:00,2.1677224104814665,2.3007237554526,2.1677224104814665,2.193528652191162,11306500,0.0,0.0
2020-12-15 00:00:00+03:00,2.2054390001496085,2.2570514821342114,2.1637522139081473,2.1697075366973877,6951820,0.0,0.0
2020-12-16 00:00:00+03:00,2.1776477354881734,2.201468789195864,2.1359607140185117,2.141916036605835,3728000,0.0,0.0
2020-12-17 00:00:00+03:00,2.1439012230154773,2.163752140545487,2.120079932666183,2.141916036605835,2375400,0.0,0.0
2020-12-18 00:00:00+03:00,2.1439013481140137,2.197498781244177,2.1339758887698497,2.1439013481140137,3271660,0.0,0.0
2020-12-21 00:00:00+03:00,2.141916111902269,2.143901298381698,2.0367061979663714,2.0783932209014893,2700080,0.0,0.0
2020-12-22 00:00:00+03:00,2.0823633866922084,2.1121397644554256,2.0803782001846813,2.090303659439087,2573120,0.0,0.0
2020-12-23 00:00:00+03:00,2.0962588787078857,2.1677222764640187,2.064497316007026,2.0962588787078857,3264130,0.0,0.0
2020-12-24 00:00:00+03:00,2.094273817160538,2.1141249725133173,2.070452762035467,2.0982441902160645,2284430,0.0,0.0
2020-12-25 00:00:00+03:00,2.104199255066932,2.1240504102173583,2.078393250318769,2.090303659439087,2156930,0.0,0.0
2020-12-28 00:00:00+03:00,2.094273805618286,2.1041992649191648,2.0783932600501736,2.094273805618286,3089460,0.0,0.0
2020-12-29 00:00:00+03:00,2.0883186378371517,2.2014688221222216,2.054571888218118,2.1081695556640625,10391350,0.0,0.0
2020-12-30 00:00:00+03:00,2.108169523881109,2.122065118822134,2.0863334199440673,2.0962588787078857,2488780,0.0,0.0
2020-12-31 00:00:00+03:00,2.096258972467644,2.1180950773813527,2.0724379176973518,2.0863335132598877,1726810,0.0,0.0
2021-01-04 00:00:00+03:00,2.102214346123739,2.1458863203649408,2.090303700129948,2.106184482574463,2569880,0.0,0.0
2021-01-05 00:00:00+03:00,2.106184429910967,2.2034540720504587,2.0903036478635384,2.131990671157837,10793060,0.0,0.0
2021-01-06 00:00:00+03:00,2.153826854457997,2.3424105861123037,2.143901394897244,2.209409475326538,15272130,0.0,0.0
2021-01-07 00:00:00+03:00,2.2769024091290535,2.298738513893381,2.197498736010209,2.219334840774536,5321220,0.0,0.0
2021-01-08 00:00:00+03:00,2.2074240917789067,2.2074240917789067,2.1577967984036186,2.1796329021453857,3627760,0.0,0.0
2021-01-11 00:00:00+03:00,2.1736777334362607,2.2729323272107678,2.1657372239493293,2.193528652191162,6461840,0.0,0.0
2021-01-12 00:00:00+03:00,2.1974987474387357,2.2312452613614275,2.165737183369371,2.177647829055786,2636580,0.0,0.0
2021-01-13 00:00:00+03:00,2.2014688419314767,2.215364673848637,2.1458862241876617,2.16176700592041,2651390,0.0,0.0
2021-01-14 00:00:00+03:00,2.161767078186392,2.376157283782959,2.161767078186392,2.376157283782959,20912020,0.0,0.0
2021-01-15 00:00:00+03:00,2.461516288644343,2.6123833656311035,2.4118889918252266,2.6123833656311035,39469280,0.0,0.0
2021-01-18 00:00:00+03:00,2.6302492784848255,2.8644901618134475,2.4992328863728415,2.729503870010376,29610940,0.0,0.0
2021-01-19 00:00:00+03:00,2.7275186457684386,2.864490122162683,2.4932777656822194,2.530994415283203,24620360,0.0,0.0
2021-01-20 00:00:00+03:00,2.5309943438005034,2.6242938452212914,2.4059335164131848,2.5488603115081787,9477460,0.0,0.0
2021-01-21 00:00:00+03:00,2.5508453764354018,2.6778913959621855,2.451590784605858,2.50121808052063,7707850,0.0,0.0
2021-01-22 00:00:00+03:00,2.5111435198939667,2.5111435198939667,2.421814387952067,2.4932777881622314,4003890,0.0,0.0
2021-01-25 00:00:00+03:00,2.578636792464657,2.6501001929152115,2.534964582943978,2.54290509223938,5292010,0.0,0.0
2021-01-26 00:00:00+03:00,2.5905472098258526,2.6302492831480744,2.5429051004657675,2.5925323963165283,4354640,0.0,0.0
2021-01-27 00:00:00+03:00,2.592532269914206,2.6580403445716008,2.3344701074307963,2.3622615337371826,6327230,0.0,0.0
2021-01-28 00:00:00+03:00,2.467471626024142,2.529009569096452,2.3364554669986646,2.5250391960144043,5202350,0.0,0.0
2021-01-29 00:00:00+03:00,2.525039073852424,2.525039073852424,2.401963430303851,2.4317398071289062,3339430,0.0,0.0
2021-02-01 00:00:00+03:00,2.4793819689729326,2.4793819689729326,2.372187104742847,2.4059336185455322,2614260,0.0,0.0
2021-02-02 00:00:00+03:00,2.4099037747255063,2.646129846572876,2.39997831548759,2.646129846572876,7565080,0.0,0.0
2021-02-03 00:00:00+03:00,2.7791311369976732,2.8486093503461722,2.550845342210995,2.5806217193603516,11514770,0.0,0.0
2021-02-04 00:00:00+03:00,2.6103982510907713,2.7175931108020315,2.5587857709977335,2.640174627304077,7121690,0.0,0.0
2021-02-05 00:00:00+03:00,2.6917870693342363,2.7493548762451523,2.6560556045555668,2.6699512004852295,5182230,0.0,0.0
2021-02-08 00:00:00+03:00,2.6739211821435878,2.7156082041608083,2.558785811628907,2.610398292541504,4789640,0.0,0.0
2021-02-09 00:00:00+03:00,2.650100062519158,2.650100062519158,2.521068863431864,2.540919780731201,2709810,0.0,0.0
2021-02-10 00:00:00+03:00,2.5468751350947927,2.64811490924393,2.5032031638185073,2.552830457687378,3420700,0.0,0.0
2021-02-11 00:00:00+03:00,2.564741081524619,2.6183385111285538,2.54290497774743,2.5905470848083496,2679440,0.0,0.0
2021-02-12 00:00:00+03:00,2.5905470962095496,2.6501000852601986,2.5329795302041123,2.5488603115081787,2862270,0.0,0.0
2021-02-15 00:00:00+03:00,2.5587858939545183,2.5786368123839476,2.5329796526679376,2.5508453845977783,2330120,0.0,0.0
2021-02-16 00:00:00+03:00,2.554815534616134,2.5687113669043278,2.4416653462916886,2.5091586112976074,2180510,0.0,0.0
2021-02-17 00:00:00+03:00,2.5488602896358965,2.628263958833246,2.453575602629156,2.540919780731201,3921490,0.0,0.0
2021-02-18 00:00:00+03:00,2.5528306339414053,2.785086574596553,2.521069069015786,2.7156083583831787,7167320,0.0,0.0
2021-02-19 00:00:00+03:00,2.7314890260493496,2.9776405522738063,2.6540703035374467,2.67193603515625,11976600,0.0,0.0
2021-02-22 00:00:00+03:00,2.6798764392774936,2.7572951587532506,2.5806216161092306,2.5865769386291504,3971790,0.0,0.0
2021-02-23 00:00:00+03:00,2.6044430350801635,2.632234226026347,2.4615162340951864,2.4972479343414307,2135300,0.0,0.0
2021-02-24 00:00:00+03:00,2.497247882905721,2.6302492220074085,2.413873838501199,2.4773969650268555,3931320,0.0,0.0
2021-02-25 00:00:00+03:00,2.4932778439341257,2.677891434738645,2.4893074708901612,2.6084132194519043,11223580,0.0,0.0
2021-02-26 00:00:00+03:00,2.481367236161789,2.6282641784356997,2.423799429198719,2.4833524227142334,6165420,0.0,0.0
2021-03-01 00:00:00+03:00,2.5290094548469084,2.5925323449489377,2.5091585368999234,2.572681427001953,2818440,0.0,0.0
2021-03-02 00:00:00+03:00,2.568711428338306,2.576651701285791,2.5012181617182003,2.532979726791382,2694280,0.0,0.0
2021-03-03 00:00:00+03:00,2.55283048931084,2.5905471384617593,2.534964521311768,2.5647411346435547,3542720,0.0,0.0
2021-03-04 00:00:00+03:00,2.5548154076639045,2.6977422033311,2.552830457893951,2.598487615585327,6491870,0.0,0.0
2021-03-05 00:00:00+03:00,2.5706963847754682,2.5965026268826885,2.544890142668248,2.5826070308685303,2894310,0.0,0.0
2021-03-08 00:00:00+03:00,2.596502573603245,2.6262789515832767,2.562756059220866,2.6084132194519043,2096140,0.0,0.0
2021-03-09 00:00:00+03:00,2.63620427439941,2.6898019413013126,2.596502439148581,2.6024577617645264,8186670,0.0,0.0
2021-03-10 00:00:00+03:00,2.60245790626728,2.65605557614522,2.5349646406083117,2.6123833656311035,2604010,0.0,0.0
2021-03-11 00:00:00+03:00,2.622308670447504,2.8724305629730225,2.6084130754854207,2.8724305629730225,13752930,0.0,0.0
2021-03-12 00:00:00+03:00,2.8922814904278735,2.928013189482361,2.6342193246528427,2.6481149196624756,17651600,0.0,0.0
2021-03-15 00:00:00+03:00,2.6401746269215693,2.7136229742420954,2.588562146836009,2.594517469406128,4843340,0.0,0.0
2021-03-16 00:00:00+03:00,2.59451761617517,2.614368534770776,2.5468752695607457,2.558785915374756,3082710,0.0,0.0
2021-03-17 00:00:00+03:00,2.5607706980305385,2.6203236865701514,2.5309943220815323,2.540919780731201,3488450,0.0,0.0
2021-03-18 00:00:00+03:00,2.5369496962785507,2.5945174996042737,2.509158506149998,2.515113592147827,2732710,0.0,0.0
2021-03-19 00:00:00+03:00,2.4932777776215866,2.513128695746975,2.3721870824000706,2.443650245666504,2448910,0.0,0.0
2021-03-22 00:00:00+03:00,2.2133794666050153,2.346380805306325,2.199483871459961,2.199483871459961,1743710,0.0,0.0
2021-03-23 00:00:00+03:00,2.064497364163269,2.322559534683678,1.9801309627028922,2.2530813217163086,4206590,0.0,0.0
2021-03-24 00:00:00+03:00,2.3166044058214994,2.403948348710947,2.2590366027266144,2.3741719722747803,2766090,0.0,0.0
2021-03-25 00:00:00+03:00,2.4515908020459523,2.4575461249264126,2.3225595951080322,2.3225595951080322,1669100,0.0,0.0
2021-03-26 00:00:00+03:00,2.3424104417335148,2.3781421412781607,2.247125988494995,2.2947683334350586,2008610,0.0,0.0
2021-03-29 00:00:00+03:00,2.308663991549263,2.330500096488721,2.2689621546714225,2.272932291030884,1231790,0.0,0.0
2021-03-30 00:00:00+03:00,2.280872824122792,2.296753369725866,2.1836031807750715,2.235215663909912,1523690,0.0,0.0
2021-03-31 00:00:00+03:00,2.2610217708397378,2.4575459957122803,2.2153646133456153,2.4575459957122803,2791250,0.0,0.0
2021-04-01 00:00:00+03:00,2.550845311733871,2.701712382144718,2.4635013677959745,2.6600255966186523,16002620,0.0,0.0
2021-04-02 00:00:00+03:00,2.6600255982439895,2.7771461556886496,2.5111434775434467,2.5230541229248047,9360370,0.0,0.0
2021-04-05 00:00:00+03:00,2.5349646306559377,2.578636840998595,2.421814441680908,2.421814441680908,4121230,0.0,0.0
2021-04-06 00:00:00+03:00,2.4218143800171643,2.4773969981494455,2.34241047079847,2.3523359298706055,3547290,0.0,0.0
2021-04-07 00:00:00+03:00,2.3642465911129937,2.5865770651184463,2.3126341089385254,2.54290509223938,4698910,0.0,0.0
2021-04-08 00:00:00+03:00,2.5568006141364332,2.5984876359733806,2.4376951079069897,2.469456434249878,7541420,0.0,0.0
2021-04-09 00:00:00+03:00,2.4615161310364613,2.4615161310364613,2.3126340134702357,2.366231679916382,3557480,0.0,0.0
2021-04-12 00:00:00+03:00,2.3622615860354412,2.4118888805652596,2.2868278143801883,2.2907981872558594,1293430,0.0,0.0
2021-04-13 00:00:00+03:00,2.312634203933159,2.3702020112834523,2.197498825874194,2.2550666332244873,1800460,0.0,0.0
2021-04-14 00:00:00+03:00,2.2967533244790723,2.3503509930792137,2.2947683746386005,2.3106491565704346,989510,0.0,0.0
2021-04-15 00:00:00+03:00,2.332484897259611,2.3483656783240003,2.2431557699942197,2.2630066871643066,1099600,0.0,0.0
2021-04-16 00:00:00+03:00,2.2630068436370254,2.2630068436370254,2.221319820040807,2.231245279312134,873830,0.0,0.0
2021-04-19 00:00:00+03:00,2.263006850374836,2.2709473598005085,2.08037820992538,2.094273805618286,1153050,0.0,0.0
2021-04-20 00:00:00+03:00,2.1220652779887232,2.1359608739719946,1.9850937947894534,2.064497470855713,2051680,0.0,0.0
2021-04-21 00:00:00+03:00,2.064497405433513,2.064497405433513,1.8848465466982622,1.8997347354888916,1273610,0.0,0.0
2021-04-22 00:00:00+03:00,1.8997348185171652,2.0764081418724762,1.7915471192636037,2.026780843734741,5177920,0.0,0.0
2021-04-26 00:00:00+03:00,2.004944721689418,2.153826851540677,1.960280153726527,2.1141250133514404,646550,0.0,0.0
2021-04-27 00:00:00+03:00,2.1180949503473903,2.1697074297888794,2.0426614175642905,2.084348201751709,529290,0.0,0.0
2021-04-28 00:00:00+03:00,2.080378117314854,2.133975784466926,1.9850936649397988,2.058542013168335,276540,0.0,0.0
2021-04-29 00:00:00+03:00,2.058542025337582,2.074422806934239,2.0049445945102695,2.016855239868164,361150,0.0,0.0
2021-04-30 00:00:00+03:00,1.9850936668716581,2.0367061476455097,1.9850936668716581,2.012885093688965,281440,0.0,0.0
2021-05-03 00:00:00+03:00,2.018840339822474,2.1101546633137542,2.016855389876261,2.0764081478118896,393340,0.0,0.0
2021-05-04 00:00:00+03:00,2.0764080330980246,2.161767028751648,2.05854206471939,2.1240503787994385,475670,0.0,0.0
2021-05-05 00:00:00+03:00,2.124050285575469,2.239185653498613,2.116109776652934,2.1339757442474365,433960,0.0,0.0
2021-05-06 00:00:00+03:00,2.1439013039833115,2.292783191081145,2.1439013039833115,2.219334840774536,1002610,0.0,0.0
2021-05-07 00:00:00+03:00,2.217349622817335,2.270947290725091,2.1736776505501636,2.2074241638183594,407130,0.0,0.0
2021-05-10 00:00:00+03:00,2.207424185333796,2.263006803598137,2.2014688625480434,2.215364694595337,470630,0.0,0.0
2021-05-11 00:00:00+03:00,2.2153647673140653,2.2252902267355834,2.1736777430870418,2.1974987983703613,948420,0.0,0.0
2021-05-12 00:00:00+03:00,2.197498633103849,2.225290059378971,2.1657370706870243,2.1796329021453857,396340,0.0,0.0
2021-05-17 00:00:00+03:00,2.187573152417025,2.211394205669152,2.163752099164899,2.171692371368408,866850,0.0,0.0
2021-05-18 00:00:00+03:00,2.1756627056098248,2.1875733516414013,2.1458863271725046,2.1558117866516113,635920,0.0,0.0
2021-05-20 00:00:00+03:00,2.1538267958363786,2.1736777144175936,2.124050417964556,2.1399309635162354,510210,0.0,0.0
2021-05-21 00:00:00+03:00,2.1736777144175936,2.1736777144175936,2.1379460136430835,2.1399309635162354,532030,0.0,0.0
2021-05-24 00:00:00+03:00,2.1439013605389974,2.1439013605389974,2.0863335540242405,2.1022143363952637,628680,0.0,0.0
2021-05-25 00:00:00+03:00,2.094273799382856,2.3106491901243627,2.0903036630026484,2.231245279312134,8663520,0.0,0.0
2021-05-26 00:00:00+03:00,2.181618043616494,2.191543503163803,2.074422938520582,2.1141250133514404,3084170,0.0,0.0
2021-05-27 00:00:00+03:00,2.1141248464677207,2.1836030578144485,2.080378097357456,2.0962588787078857,1717520,0.0,0.0
2021-05-28 00:00:00+03:00,2.0744228593667087,2.1081696098531806,2.024795563523795,2.0367062091827393,987950,0.0,0.0
2021-05-31 00:00:00+03:00,2.0525869594539907,2.0625124184691557,1.9870788826255787,2.0247955322265625,679340,0.0,0.0
2021-06-01 00:00:00+03:00,2.0327361358204925,2.0664826507108636,2.0009745708403672,2.0148701667785645,946730,0.0,0.0
2021-06-02 00:00:00+03:00,2.0128850417268773,2.173677565905548,1.9384438654917453,2.084348201751709,2963120,0.0,0.0
2021-06-03 00:00:00+03:00,2.06449736738968,2.116109848902744,2.0426614995507753,2.0704526901245117,594230,0.0,0.0
2021-06-04 00:00:00+03:00,2.0466315746307373,2.102214190757851,2.036706115916667,2.0466315746307373,905830,0.0,0.0
2021-06-07 00:00:00+03:00,2.0347209592349724,2.0903035761738886,2.0347209592349724,2.058542013168335,683270,0.0,0.0
2021-06-08 00:00:00+03:00,2.058542003185175,2.078393157448579,2.044646408178236,2.0545718669891357,614220,0.0,0.0
2021-06-09 00:00:00+03:00,2.064497501568114,2.1180951730234794,2.0406764457221875,2.0764081478118896,1079260,0.0,0.0
2021-06-10 00:00:00+03:00,2.0764081418724762,2.0843484149178644,2.0128852475845003,2.026780843734741,1149990,0.0,0.0
2021-06-11 00:00:00+03:00,2.040676408744714,2.040676408744714,2.0029595207506126,2.0148701667785645,629400,0.0,0.0
2021-06-14 00:00:00+03:00,2.014870090101809,2.026780735676496,1.966235269527317,1.9850937128067017,629340,0.0,0.0
2021-06-15 00:00:00+03:00,1.985093696165902,2.1121397135449813,1.9751682371507369,2.0247955322265625,4432290,0.0,0.0
2021-06-16 00:00:00+03:00,2.024795554947558,2.0347210140741003,1.957302409222908,1.9642502069473267,1316880,0.0,0.0
2021-06-17 00:00:00+03:00,1.9453918933868408,1.9950191893116862,1.9334812477082326,1.9453918933868408,1146120,0.0,0.0
2021-06-18 00:00:00+03:00,1.946384343809534,2.010899946020443,1.8630104167129167,1.889809250831604,809900,0.0,0.0
2021-06-21 00:00:00+03:00,1.8878240924619811,1.8878240924619811,1.8044501641243973,1.8312489986419678,961370,0.0,0.0
2021-06-22 00:00:00+03:00,1.8451445211282043,1.8878240176953842,1.798494888363483,1.8262861967086792,822040,0.0,0.0
2021-06-23 00:00:00+03:00,1.806435350622593,1.8709508354729676,1.806435350622593,1.8312489986419678,608110,0.0,0.0
2021-06-24 00:00:00+03:00,1.833234074654144,1.9225633262264716,1.8322414814008043,1.8808763027191162,1940870,0.0,0.0
2021-06-25 00:00:00+03:00,1.8808762466605213,1.8808762466605213,1.8362116813659668,1.8362116813659668,589610,0.0,0.0
2021-06-28 00:00:00+03:00,1.838196820524521,1.839189413786633,1.7677260118972042,1.770703673362732,530720,0.0,0.0
2021-06-29 00:00:00+03:00,1.7786440820094862,1.7865843549013274,1.7022179496986334,1.7310017347335815,822100,0.0,0.0
2021-06-30 00:00:00+03:00,1.769711073218545,1.8640030548825903,1.7310017109588367,1.7915470600128174,1688920,0.0,0.0
2021-07-01 00:00:00+03:00,1.7925395958139874,1.8917943039462206,1.7925395958139874,1.8381967544555664,1963350,0.0,0.0
2021-07-02 00:00:00+03:00,1.8391894212508855,1.8709508675968625,1.8064353816387684,1.8203309774398804,456740,0.0,0.0
2021-07-05 00:00:00+03:00,1.8183457871248716,2.000974416732788,1.8183457871248716,2.000974416732788,4464900,0.0,0.0
2021-07-06 00:00:00+03:00,2.0228106433661344,2.040676375475174,1.9235558135818178,1.9553173780441284,2558750,0.0,0.0
2021-07-07 00:00:00+03:00,1.9354664342018717,1.9870789166203562,1.917600584004766,1.9453918933868408,1984280,0.0,0.0
2021-07-08 00:00:00+03:00,1.93149615521951,1.9682204483982133,1.8878240643629567,1.889809250831604,1206260,0.0,0.0
2021-07-09 00:00:00+03:00,1.8947719902503073,1.9394365562534808,1.85606262872174,1.8937793970108032,661380,0.0,0.0
2021-07-12 00:00:00+03:00,1.8937794465105469,1.9334812839955418,1.841174488178767,1.843159556388855,981970,0.0,0.0
2021-07-13 00:00:00+03:00,1.8362117351263167,1.8699582492307953,1.7826141842111474,1.7875769138336182,698490,0.0,0.0
2021-07-14 00:00:00+03:00,1.787576937827763,1.885839056664115,1.787576937827763,1.8203309774398804,714470,0.0,0.0
2021-07-16 00:00:00+03:00,1.8461371353251945,1.8749210372073977,1.8163607585427246,1.8342266082763672,510060,0.0,0.0
2021-07-19 00:00:00+03:00,1.8362117282458428,1.8649955126199949,1.8123905551547588,1.8312489986419678,192900,0.0,0.0
2021-07-26 00:00:00+03:00,1.83224147847981,1.8957644885721057,1.8312490035488598,1.8332340717315674,646730,0.0,0.0
2021-07-27 00:00:00+03:00,1.8362117370722904,1.875913574094132,1.8332340756314907,1.8580477237701416,579810,0.0,0.0
2021-07-28 00:00:00+03:00,1.858047667401366,1.8808762466605213,1.830256358665038,1.8362116813659668,713720,0.0,0.0
2021-07-29 00:00:00+03:00,1.8510999475500158,1.8908017850350105,1.8391894199686791,1.843159556388855,727320,0.0,0.0
2021-07-30 00:00:00+03:00,1.8431595503090383,1.86797319865531,1.8342266842327037,1.86400306224823,1124280,0.0,0.0
2021-08-02 00:00:00+03:00,1.879883735191501,2.048616534133312,1.8630103606406787,2.0049445629119873,8652950,0.0,0.0
2021-08-03 00:00:00+03:00,1.989063883622794,1.9950192065134469,1.8908017658518657,1.9056899547576904,2285470,0.0,0.0
2021-08-04 00:00:00+03:00,1.9017197667554648,1.9453918573528868,1.9007271735270308,1.9086675643920898,1289060,0.0,0.0
2021-08-05 00:00:00+03:00,1.908667616203017,1.9215707369188932,1.8858390362165907,1.9056899547576904,941090,0.0,0.0
2021-08-06 00:00:00+03:00,1.8917942662882283,1.9116451838553625,1.836211649771932,1.8699581623077393,842580,0.0,0.0
2021-08-09 00:00:00+03:00,1.8798838064726702,1.9255409658341143,1.8759135518251324,1.8957644701004028,895450,0.0,0.0
2021-08-10 00:00:00+03:00,1.8957644915943697,1.904697475912006,1.8719434367222871,1.8808763027191162,379990,0.0,0.0
2021-08-11 00:00:00+03:00,1.8778986004875198,1.913630300340274,1.8362116962065098,1.8421669006347656,653470,0.0,0.0
2021-08-12 00:00:00+03:00,1.85209250941451,1.8759135641733136,1.8421669318907337,1.8540775775909424,501760,0.0,0.0
2021-08-13 00:00:00+03:00,1.8749210901485516,1.8749210901485516,1.8312489986419678,1.8312489986419678,387280,0.0,0.0
2021-08-16 00:00:00+03:00,1.8501073171987839,1.9116452587236321,1.8461371808581901,1.8749210834503174,1006950,0.0,0.0
2021-08-17 00:00:00+03:00,1.8888166898012053,1.8898092830524524,1.795517302053837,1.856062650680542,611640,0.0,0.0
2021-08-18 00:00:00+03:00,1.8530849637238664,1.8808762728471204,1.8163607887456548,1.8461371660232544,885460,0.0,0.0
2021-08-19 00:00:00+03:00,1.8461371552410744,1.9086675708229917,1.8262862371719453,1.8421669006347656,1299100,0.0,0.0
2021-08-20 00:00:00+03:00,1.8510998647889396,1.8620179169375,1.8223159629067365,1.8342266082763672,512780,0.0,0.0
2021-08-23 00:00:00+03:00,1.8560626555832112,1.9056899518605133,1.8560626555832112,1.8580477237701416,1085340,0.0,0.0
2021-08-24 00:00:00+03:00,1.8620179365308045,1.8759135318471871,1.8560626137833236,1.8649954795837402,781280,0.0,0.0
2021-08-25 00:00:00+03:00,1.8600328049617219,1.8997347605819523,1.8104055083374444,1.8163608312606812,924070,0.0,0.0
2021-08-26 00:00:00+03:00,1.8113980604630304,1.8381967763674039,1.7875768876318496,1.8004800081253052,404130,0.0,0.0
2021-08-27 00:00:00+03:00,1.8004800295705352,1.8064353524294647,1.7319942899760743,1.7855918407440186,484740,0.0,0.0
2021-08-31 00:00:00+03:00,1.7885694245827186,1.8352190572179135,1.7697109818947534,1.801472544670105,907510,0.0,0.0
2021-09-01 00:00:00+03:00,1.8272787147274872,1.9811235666275024,1.7746737581040006,1.9811235666275024,7075980,0.0,0.0
2021-09-02 00:00:00+03:00,2.004944611691732,2.1776477876531586,1.9831086255498063,2.16176700592041,19001310,0.0,0.0
2021-09-03 00:00:00+03:00,2.1716924676359723,2.1716924676359723,1.9989892914588114,2.0247955322265625,4375620,0.0,0.0
2021-09-06 00:00:00+03:00,2.0664825989882094,2.2272751331329346,2.0267807620775726,2.2272751331329346,4073380,0.0,0.0
2021-09-07 00:00:00+03:00,2.3821125414627646,2.449605568432443,2.3821125414627646,2.443650245666504,17727330,0.0,0.0
2021-09-08 00:00:00+03:00,2.4476205795383184,2.6004725993358146,2.326529886249535,2.3364553451538086,12318630,0.0,0.0
2021-09-09 00:00:00+03:00,2.441665421395185,2.532979744124218,2.197498831927342,2.3046939373016357,16357370,0.0,0.0
2021-09-10 00:00:00+03:00,2.3046939212967703,2.503203348021555,2.2173497356752057,2.392038106918335,13678840,0.0,0.0
2021-09-13 00:00:00+03:00,2.401963378232491,2.459530944189633,2.3027085543257453,2.3205745220184326,5333350,0.0,0.0
2021-09-14 00:00:00+03:00,2.358291147388308,2.370201792399926,2.266976833343506,2.266976833343506,2149940,0.0,0.0
2021-09-15 00:00:00+03:00,2.2709474074592735,2.276902493851483,2.1895585448273733,2.2054390907287598,2514790,0.0,0.0
2021-09-16 00:00:00+03:00,2.2133794765935058,2.3305000342397464,2.1974986949382314,2.20345401763916,3035870,0.0,0.0
2021-09-17 00:00:00+03:00,2.231245198414783,2.2530813026766454,2.124050336827622,2.1538267135620117,1874790,0.0,0.0
2021-09-20 00:00:00+03:00,2.128020570839483,2.1637522718908273,2.0466317093692883,2.0525870323181152,2767540,0.0,0.0
2021-09-21 00:00:00+03:00,2.0545718769530423,2.1637521610440302,2.0426614683071636,2.058542013168335,2691560,0.0,0.0
2021-09-22 00:00:00+03:00,2.080378059886227,2.2630066871643066,2.044646361651751,2.2630066871643066,12058220,0.0,0.0
2021-09-23 00:00:00+03:00,2.3463808582229904,2.4456354495569665,2.263006812189161,2.2649919986724854,8444230,0.0,0.0
2021-09-24 00:00:00+03:00,2.2649919353273646,2.282857666611184,2.183603078053065,2.241170644760132,1711700,0.0,0.0
2021-09-27 00:00:00+03:00,2.2510962306543907,2.4635014881105413,2.2252902254862272,2.3840975761413574,10828970,0.0,0.0
2021-09-28 00:00:00+03:00,2.386082698725764,2.4813671538932063,2.382112562394123,2.4515907764434814,6500190,0.0,0.0
2021-09-29 00:00:00+03:00,2.4535758205766323,2.663995893939151,2.270947412528439,2.3007237911224365,10187860,0.0,0.0
2021-09-30 00:00:00+03:00,2.2987385223811967,2.362261650424114,2.243155903664451,2.2689621448516846,2228360,0.0,0.0
2021-10-01 00:00:00+03:00,2.2510960411107725,2.282857603224104,2.2034539345823747,2.2173495292663574,2726350,0.0,0.0
2021-10-04 00:00:00+03:00,2.213379496462892,2.253081332636675,2.193528578376,2.2113943099975586,1739590,0.0,0.0
2021-10-05 00:00:00+03:00,2.2153647476066674,2.2233050204165994,2.161767077893967,2.189558506011963,1523680,0.0,0.0
2021-10-06 00:00:00+03:00,2.189558390867885,2.1974986632602556,2.1161098063512385,2.145886182785034,930550,0.0,0.0
2021-10-07 00:00:00+03:00,2.1558117780926165,2.360276526520396,2.137946045757803,2.292783260345459,5790440,0.0,0.0
2021-10-08 00:00:00+03:00,2.2828576886442544,2.3503509515001517,2.2391857165855016,2.2491111755371094,3621470,0.0,0.0
2021-10-11 00:00:00+03:00,2.257051571652146,2.3166045652648983,2.233230516192018,2.251096248626709,2394880,0.0,0.0
2021-10-12 00:00:00+03:00,2.2510961451438365,2.2888130314766806,2.2372005498176772,2.257051467895508,1297060,0.0,0.0
2021-10-13 00:00:00+03:00,2.243155873593229,2.3126340868973494,2.193528578376,2.2113943099975586,3224580,0.0,0.0
2021-10-14 00:00:00+03:00,2.2094092661728295,2.2312451331544207,2.159781973067032,2.1756625175476074,1567870,0.0,0.0
2021-10-15 00:00:00+03:00,2.179632880213516,2.1994837973638877,2.155811590319791,2.171692371368408,883110,0.0,0.0
2021-10-18 00:00:00+03:00,2.169707566136512,2.2074242165774325,2.151841597526381,2.1816179752349854,1049510,0.0,0.0
2021-10-19 00:00:00+03:00,2.1836031928137114,2.2610219179427973,2.181618006281574,2.193528652191162,2050270,0.0,0.0
2021-10-20 00:00:00+03:00,2.193528652191162,2.2272751667461708,2.16375227405881,2.193528652191162,1313370,0.0,0.0
2021-10-21 00:00:00+03:00,2.1935284748904564,2.211394205669152,2.1041991110721856,2.171692371368408,1431020,0.0,0.0
2021-10-22 00:00:00+03:00,2.1836031203712767,2.2252901430302225,2.1657371520996094,2.1657371520996094,1585780,0.0,0.0
2021-10-25 00:00:00+03:00,2.1180950336365587,2.1915433829287103,2.1180950336365587,2.16176700592041,1405740,0.0,0.0
2021-10-26 00:00:00+03:00,2.167722257078676,2.2332303316623765,2.167722257078676,2.1796329021453857,2061110,0.0,0.0
2021-10-27 00:00:00+03:00,2.1895584747422014,2.233230447856368,2.145886264986421,2.177647829055786,2584620,0.0,0.0
2021-10-28 00:00:00+03:00,2.1776479037502026,2.1816180402346474,2.149856475075845,2.1597821712493896,396030,0.0,0.0
2021-11-01 00:00:00+03:00,2.1617669444824426,2.2074241019259024,2.1558116219217123,2.183603048324585,1931440,0.0,0.0
2021-11-02 00:00:00+03:00,2.1935286716338673,2.270947397449167,2.1736777527030138,2.2014689445495605,3594040,0.0,0.0
2021-11-03 00:00:00+03:00,2.20345411420168,2.215364760125501,2.0962590108121466,2.147871494293213,2268260,0.0,0.0
2021-11-04 00:00:00+03:00,2.1538266817804823,2.1677222767231683,2.1260352552535067,2.141916036605835,1542470,0.0,0.0
2021-11-05 00:00:00+03:00,2.1359607040262802,2.147871349145208,2.1141248368303818,2.1379458904266357,832790,0.0,0.0
2021-11-08 00:00:00+03:00,2.1458863271725046,2.181618028625613,2.1379460542458673,2.1558117866516113,1209200,0.0,0.0
2021-11-09 00:00:00+03:00,2.1558118014651657,2.1677224475785852,2.10022918067191,2.1141250133514404,1598890,0.0,0.0
2021-11-10 00:00:00+03:00,2.05655701229343,2.110154441472454,2.05655701229343,2.084348201751709,1081280,0.0,0.0
2021-11-11 00:00:00+03:00,2.088318784336607,2.1061845169774984,2.068467865117117,2.0724380016326904,820070,0.0,0.0
2021-11-12 00:00:00+03:00,2.0783931793592916,2.114124878783541,2.0605272113263635,2.0625123977661133,1199390,0.0,0.0
2021-11-15 00:00:00+03:00,2.0803782843459397,2.124050496145367,2.0525870919659632,2.0764081478118896,1497610,0.0,0.0
2021-11-16 00:00:00+03:00,2.1002289940540613,2.106184316581605,2.036706105923994,2.042661428451538,1070980,0.0,0.0
2021-11-17 00:00:00+03:00,2.0525868971875,2.064497305659423,2.0069297397744563,2.0466315746307373,735920,0.0,0.0
2021-11-18 00:00:00+03:00,2.0625123236239924,2.114124802786082,1.995019063439599,2.0347208976745605,1809760,0.0,0.0
2021-11-19 00:00:00+03:00,2.040676252073975,2.066482492058878,1.987078822346316,2.0466315746307373,1326320,0.0,0.0
2021-11-22 00:00:00+03:00,2.0466316652624497,2.1736776844135335,2.0367062061088466,2.1280205249786377,4251360,0.0,0.0
2021-11-23 00:00:00+03:00,2.1319905450765297,2.1637521072930768,2.036706095068488,2.084348201751709,1922330,0.0,0.0
2021-11-24 00:00:00+03:00,2.09427372304876,2.2391857070981773,2.09427372304876,2.199483871459961,6033520,0.0,0.0
2021-11-25 00:00:00+03:00,2.203454131099294,2.247126105418847,2.1994839946414473,2.2014689445495605,2834010,0.0,0.0
2021-11-26 00:00:00+03:00,2.193528686199073,2.336455492763558,2.0982442273699564,2.3007237911224365,3825950,0.0,0.0
2021-11-29 00:00:00+03:00,2.30270875073037,2.441665421395185,2.2689622355102044,2.3046939373016357,5094920,0.0,0.0
2021-11-30 00:00:00+03:00,2.2987384589562234,2.4099036933225317,2.235215569307593,2.382112503051758,2545680,0.0,0.0
2021-12-01 00:00:00+03:00,2.380127446552706,2.620323896408081,2.356306391214209,2.620323896408081,6678710,0.0,0.0
2021-12-02 00:00:00+03:00,2.6977423402900644,2.8823561668395996,2.6798766082454595,2.8823561668395996,13391090,0.0,0.0
2021-12-03 00:00:00+03:00,3.0649848068767938,3.142403294592236,2.6977423402900644,2.8823561668395996,25037630,0.0,0.0
2021-12-06 00:00:00+03:00,2.8287584447700245,3.064984749827314,2.741414499401868,2.953819513320923,10498390,0.0,0.0
2021-12-07 00:00:00+03:00,2.957789694617946,3.0193276365916897,2.8783860206604004,2.8783860206604004,4383320,0.0,0.0
2021-12-08 00:00:00+03:00,2.878385928160104,2.931983359030708,2.7969970703125,2.7969970703125,3288920,0.0,0.0
2021-12-09 00:00:00+03:00,2.796997142600541,2.87838600255163,2.70965295981178,2.7791311740875244,7196930,0.0,0.0
2021-12-10 00:00:00+03:00,2.8029522700288583,2.8108927794764327,2.685831944612088,2.7950119972229004,1606210,0.0,0.0
2021-12-13 00:00:00+03:00,2.8188330483692443,3.072925090789795,2.7414145603729705,3.072925090789795,7366870,0.0,0.0
2021-12-14 00:00:00+03:00,3.2158519462358384,3.235702865185806,2.8883115469197502,2.9518344402313232,7657740,0.0,0.0
2021-12-15 00:00:00+03:00,2.9280132846780247,3.245628213656307,2.8982369072714618,3.1900455951690674,11808130,0.0,0.0
2021-12-16 00:00:00+03:00,3.2595239050337104,3.5076606273651123,3.076895262252735,3.5076606273651123,6423420,0.0,0.0
2021-12-17 00:00:00+03:00,3.5195711055217274,3.8570369466110805,3.5076604601198698,3.6724233627319336,10567520,0.0,0.0
2021-12-20 00:00:00+03:00,3.662498021830979,4.0396659475365855,3.48582470476395,3.997978687286377,10870150,0.0,0.0
2021-12-21 00:00:00+03:00,4.073412518330574,4.1865627083009,3.5989749431610107,3.5989749431610107,4993630,0.0,0.0
2021-12-22 00:00:00+03:00,3.317091640887884,3.771678051593981,3.2396729170203784,3.338927745819092,9747670,0.0,0.0
2021-12-23 00:00:00+03:00,3.2754045979876603,3.4897947997381062,3.0749102283696113,3.285330057144165,1529810,0.0,0.0
2021-12-24 00:00:00+03:00,3.27540462120173,3.3806145363346705,3.14637365125267,3.2476134300231934,1138620,0.0,0.0
2021-12-27 00:00:00+03:00,3.2178370909808973,3.2178370909808973,3.0570443182769322,3.076895236968994,1009510,0.0,0.0
2021-12-28 00:00:00+03:00,3.078880238387253,3.372674101336315,2.9776404644878007,3.3250317573547363,1515400,0.0,0.0
2021-12-29 00:00:00+03:00,3.3071662053291258,3.370689097435741,3.158284079386873,3.255553722381592,752560,0.0,0.0
2021-12-30 00:00:00+03:00,3.255553544412529,3.313121347113393,3.0749101006128856,3.0967459678649902,752100,0.0,0.0
2021-12-31 00:00:00+03:00,3.0967459689815464,3.1265225818662485,2.96771500526145,3.005431890487671,489160,0.0,0.0
2022-01-03 00:00:00+03:00,3.027267830203737,3.0610145800669093,2.977640535277435,2.9875659942626953,583240,0.0,0.0
2022-01-04 00:00:00+03:00,2.9915362583816747,3.0133723637391294,2.9121325831060125,2.943894147872925,937030,0.0,0.0
2022-01-05 00:00:00+03:00,2.9438940228189563,2.9776405360492673,2.876400759716725,2.941908836364746,631080,0.0,0.0
2022-01-06 00:00:00+03:00,2.9359536040569725,2.9359536040569725,2.791041851043701,2.791041851043701,897170,0.0,0.0
2022-01-07 00:00:00+03:00,2.7989821208190477,3.0689549446105957,2.7989821208190477,3.0689549446105957,1543530,0.0,0.0
2022-01-10 00:00:00+03:00,3.068954779931926,3.3746592880660664,3.0510888121965216,3.3706889152526855,2419560,0.0,0.0
2022-01-11 00:00:00+03:00,3.3647340380816346,3.583094144135256,3.197985942105008,3.358778715133667,1856290,0.0,0.0
2022-01-12 00:00:00+03:00,3.325031915444024,3.4143612850764664,3.21585186401079,3.2932705879211426,994500,0.0,0.0
2022-01-13 00:00:00+03:00,3.2158517320657976,3.3091512342303604,3.162254301798703,3.196000814437866,614200,0.0,0.0
2022-01-14 00:00:00+03:00,3.166224507408877,3.372674197250311,3.126522671282633,3.269449234008789,714640,0.0,0.0
2022-01-17 00:00:00+03:00,3.275404589591263,3.3746594175434903,3.2158518348048934,3.2357027530670166,732150,0.0,0.0
2022-01-18 00:00:00+03:00,3.22577737321468,3.354808581731244,3.1265227794647217,3.1265227794647217,589770,0.0,0.0
2022-01-19 00:00:00+03:00,3.1463735105288797,3.2257771807923,3.001461528328213,3.192030668258667,474670,0.0,0.0
2022-01-20 00:00:00+03:00,3.19401566949116,3.2754045274791164,3.13247772938889,3.211881637573242,320830,0.0,0.0
2022-01-21 00:00:00+03:00,3.1920307607266687,3.2555536514492402,3.136448142603814,3.227762460708618,349030,0.0,0.0
2022-01-24 00:00:00+03:00,3.1860755154402307,3.5215564188068593,3.0272679298092453,3.4917798042297363,5899920,0.0,0.0
2022-01-25 00:00:00+03:00,3.525526428222656,3.7419015754123515,3.3885549526677243,3.6724233627319336,9791970,0.0,0.0
2022-01-26 00:00:00+03:00,3.6823489535091607,3.735946386453017,3.3051810264587402,3.3051810264587402,6270770,0.0,0.0
2022-01-27 00:00:00+03:00,3.1523288628856245,3.251583451651885,3.1265226224780758,3.1582839488983154,4081800,0.0,0.0
2022-01-28 00:00:00+03:00,3.1662245003566314,3.223792067954819,3.096746050648847,3.128507614135742,3146170,0.0,0.0
2022-01-31 00:00:00+03:00,3.140418397700582,3.164239453042457,3.0788804544792545,3.088805913925171,1596780,0.0,0.0
2022-02-01 00:00:00+03:00,3.1106418885884293,3.3409126327095247,3.0431486252087105,3.3151063919067383,7450880,0.0,0.0
2022-02-02 00:00:00+03:00,3.350838029039258,3.5096456071675965,3.3151063298764223,3.4739139080047607,5238630,0.0,0.0
2022-02-03 00:00:00+03:00,3.5334668190510627,3.6426471078464786,3.2257773445214646,3.255553722381592,5407150,0.0,0.0
2022-02-04 00:00:00+03:00,3.2654791759910182,3.3230469817388144,3.1384331553570513,3.160269260406494,1960340,0.0,0.0
2022-02-07 00:00:00+03:00,3.1582839699686036,3.221807096516085,3.1046865390055722,3.211881637573242,1415530,0.0,0.0
2022-02-08 00:00:00+03:00,3.2495983399324277,3.2634941719924724,3.176149989885043,3.186075448989868,992740,0.0,0.0
2022-02-09 00:00:00+03:00,3.1940157314949533,3.2754045910628697,3.166224540572139,3.1900455951690674,1267430,0.0,0.0
2022-02-10 00:00:00+03:00,3.190045481674944,3.2098963992397382,3.1463735103607178,3.1463735103607178,1098260,0.0,0.0
2022-02-11 00:00:00+03:00,3.146373705349362,3.221807244098706,3.0768952529252256,3.17615008354187,2324840,0.0,0.0
2022-02-14 00:00:00+03:00,3.1761500670709206,3.1761500670709206,3.068954964148816,3.076895236968994,916400,0.0,0.0
2022-02-15 00:00:00+03:00,3.110641821309439,3.221807054682498,3.0788802584481063,3.196000814437866,1527020,0.0,0.0
2022-02-16 00:00:00+03:00,3.1761501059640644,3.259523918163344,3.1384332180023193,3.1384332180023193,1882780,0.0,0.0
2022-02-17 00:00:00+03:00,3.1424033044669764,3.3409127273018497,3.102701467228325,3.3051810264587402,1394290,0.0,0.0
2022-02-18 00:00:00+03:00,3.3051808391961344,3.321061620520156,3.146373499239123,3.233717441558838,1194640,0.0,0.0
2022-02-21 00:00:00+03:00,3.2257773565077965,3.327017136265062,3.1801201962909587,3.213866710662842,1246380,0.0,0.0
2022-02-22 00:00:00+03:00,3.041163563803986,3.21982207030785,3.041163563803986,3.13446307182312,1130910,0.0,0.0
2022-02-23 00:00:00+03:00,3.140418292443217,3.1880604015301466,3.0947611331939697,3.0947611331939697,1040020,0.0,0.0
2022-02-24 00:00:00+03:00,2.787071704864502,2.912132538851494,2.787071704864502,2.787071704864502,2445220,0.0,0.0
2022-02-25 00:00:00+03:00,2.785086558151712,3.0113871744668876,2.731489124717619,2.989551305770874,4900500,0.0,0.0
2022-02-28 00:00:00+03:00,2.9379386583762424,3.023297651787746,2.876400718868934,2.9716851711273193,1733950,0.0,0.0
2022-03-01 00:00:00+03:00,2.993521461671597,3.0967461927792668,2.967715219734274,2.9974915981292725,1278310,0.0,0.0
2022-03-02 00:00:00+03:00,2.985580797888988,3.023297683892623,2.967715066431524,2.983595848083496,850300,0.0,0.0
2022-03-03 00:00:00+03:00,2.985580887780791,3.1165972811938865,2.983595937915535,3.0649847984313965,1473750,0.0,0.0
2022-03-04 00:00:00+03:00,3.055059353316665,3.055059353316665,2.9776406288146973,2.9776406288146973,862330,0.0,0.0
2022-03-07 00:00:00+03:00,2.9756554146070466,2.995506333016415,2.8466244449461517,2.874415636062622,1640340,0.0,0.0
2022-03-08 00:00:00+03:00,2.8744155848034154,2.926028066404018,2.787071640016437,2.854564666748047,1386570,0.0,0.0
2022-03-09 00:00:00+03:00,2.870445366557716,2.9141175743457945,2.850594449069172,2.8684604167938232,980790,0.0,0.0
2022-03-10 00:00:00+03:00,2.896251626750068,2.9141175945988875,2.8307435512542725,2.8307435512542725,757600,0.0,0.0
2022-03-11 00:00:00+03:00,2.8287584410672744,2.8347137638440376,2.6898020139369803,2.7215635776519775,2748490,0.0,0.0
2022-03-14 00:00:00+03:00,2.739429235458374,2.761265339503717,2.7096528590192355,2.739429235458374,2235080,0.0,0.0
2022-03-15 00:00:00+03:00,2.7473695601534636,2.759280205612502,2.709652910602524,2.713623046875,1026830,0.0,0.0
2022-03-16 00:00:00+03:00,2.7136230978129583,2.834713794566967,2.7136230978129583,2.733474016189575,2175560,0.0,0.0
2022-03-17 00:00:00+03:00,2.751339890701866,2.7850864034606935,2.7374440589997553,2.7433993816375732,900340,0.0,0.0
2022-03-18 00:00:00+03:00,2.7553101096141743,2.888311451498274,2.743399463981039,2.775161027908325,1871120,0.0,0.0
2022-03-21 00:00:00+03:00,2.779131051095743,3.051088809967041,2.7771461013321064,3.051088809967041,4957140,0.0,0.0
2022-03-22 00:00:00+03:00,3.098731279373169,3.2555536758465133,3.0312380152033302,3.098731279373169,4944270,0.0,0.0
2022-03-23 00:00:00+03:00,3.0987312722992817,3.0987312722992817,2.9955063081153637,3.0034468173980713,2439800,0.0,0.0
2022-03-24 00:00:00+03:00,3.0034468188119465,3.0113870914567804,2.957789659500122,2.957789659500122,1254500,0.0,0.0
2022-03-25 00:00:00+03:00,2.961759777160109,2.9875660180556283,2.8764007818787496,2.9041922092437744,1126340,0.0,0.0
2022-03-28 00:00:00+03:00,2.9081622521161816,2.9518342232678427,2.904192115946322,2.9141175746917725,1014090,0.0,0.0
2022-03-29 00:00:00+03:00,2.918087749187923,3.2039411067962646,2.8704454045990633,3.2039411067962646,5581650,0.0,0.0
2022-03-30 00:00:00+03:00,3.2059263269919596,3.2555536218936787,3.070940037530962,3.0788803100585938,4065570,0.0,0.0
2022-03-31 00:00:00+03:00,3.070940099822051,3.299225661000513,3.029253076602382,3.057044267654419,5630240,0.0,0.0
2022-04-01 00:00:00+03:00,3.092775949497654,3.1602692135134167,2.985580848993188,3.0034468173980713,2552340,0.0,0.0
2022-04-04 00:00:00+03:00,3.0232977554377114,3.051088946505124,2.9776405958484364,3.0113871097564697,1476780,0.0,0.0
2022-04-05 00:00:00+03:00,3.011387068430945,3.1165972183410067,2.969700282401897,2.9955062866210938,2253460,0.0,0.0
2022-04-06 00:00:00+03:00,3.0074168602022855,3.0431485592593552,2.9319833258910504,2.96771502494812,1494130,0.0,0.0
2022-04-07 00:00:00+03:00,2.969700282401897,3.0649847366193934,2.969700282401897,2.9955062866210938,1607950,0.0,0.0
2022-04-08 00:00:00+03:00,3.01138698643805,3.033223090412251,2.9816106100959225,3.00940203666687,1595770,0.0,0.0
2022-04-11 00:00:00+03:00,2.9974915257635986,3.0451338720303824,2.9974915257635986,3.015357494354248,1270560,0.0,0.0
2022-04-12 00:00:00+03:00,3.0193275569130953,3.0649847155621366,2.991536129776388,3.0332231521606445,1125370,0.0,0.0
2022-04-13 00:00:00+03:00,3.0352083712695848,3.0868206165502934,2.98161070287271,2.999476671218872,1694710,0.0,0.0
2022-04-14 00:00:00+03:00,2.9974914631811074,3.039178485713988,2.977640545144804,2.9915361404418945,1162850,0.0,0.0
2022-04-15 00:00:00+03:00,2.991536181601408,3.019327609219571,2.9855808587802577,3.0074169635772705,562410,0.0,0.0
2022-04-18 00:00:00+03:00,3.009402158239037,3.102701427218434,2.9895512398756927,3.057044267654419,3057980,0.0,0.0
2022-04-19 00:00:00+03:00,3.086820551135618,3.134462895740821,2.971685180808385,3.0213124752044678,2096190,0.0,0.0
2022-04-20 00:00:00+03:00,3.021312619717083,3.051088997778969,2.991536241655197,3.031238079071045,850980,0.0,0.0
2022-04-21 00:00:00+03:00,3.0590294950778505,3.1165973010867867,3.0173424713004007,3.072925090789795,1860220,0.0,0.0
2022-04-22 00:00:00+03:00,3.072925063204796,3.146373650785886,2.9974915257635986,3.015357494354248,2364830,0.0,0.0
2022-04-25 00:00:00+03:00,3.0193276326143916,3.0252829554816856,2.9379387722584736,2.969700336456299,1030810,0.0,0.0
2022-04-26 00:00:00+03:00,2.9716852450329876,3.013372267883287,2.888311435974,2.953819513320923,916720,0.0,0.0
2022-04-27 00:00:00+03:00,2.9756554669437443,2.9756554669437443,2.8525798179692923,2.8942666053771973,747300,0.0,0.0
2022-04-28 00:00:00+03:00,2.8883113445324846,2.9637448785849725,2.8823560219364666,2.9180877208709717,986780,0.0,0.0
2022-04-29 00:00:00+03:00,2.9180877308531126,2.949849057071185,2.890296304190494,2.922057867050171,567280,0.0,0.0
2022-05-05 00:00:00+03:00,2.971685151488713,3.174164699940282,2.959774742936129,3.0550591945648193,2676210,0.0,0.0
2022-05-06 00:00:00+03:00,3.0491039238820057,3.0491039238820057,2.951834284184295,3.0292530059814453,858460,0.0,0.0
2022-05-09 00:00:00+03:00,3.0391785667620717,3.1126269181267747,3.0133723252983606,3.0689549446105957,1001170,0.0,0.0
2022-05-10 00:00:00+03:00,3.070940129022252,3.1304928846785467,3.070940129022252,3.114612102508545,269770,0.0,0.0
2022-05-11 00:00:00+03:00,3.0590293732580176,3.0828504273358126,2.9200727117473995,2.979625701904297,979900,0.0,0.0
2022-05-12 00:00:00+03:00,2.975655317882151,2.975655317882151,2.8386838433248545,2.88434100151062,829570,0.0,0.0
2022-05-13 00:00:00+03:00,2.928013241110101,2.9677150770614342,2.8942664912381817,2.941908836364746,803580,0.0,0.0
2022-05-16 00:00:00+03:00,2.9657300075644883,2.9657300075644883,2.8942666053771973,2.8942666053771973,955910,0.0,0.0
2022-05-17 00:00:00+03:00,2.926028130378282,2.926028130378282,2.868460561415707,2.8783860206604004,796210,0.0,0.0
2022-05-18 00:00:00+03:00,2.8704454385552993,2.8962516792660087,2.84463919784459,2.8505945205688477,645970,0.0,0.0
2022-05-20 00:00:00+03:00,2.850594501689451,2.878385928671387,2.7235484854326146,2.751339912414551,1166240,0.0,0.0
2022-05-23 00:00:00+03:00,2.7513398605809765,2.802952104046617,2.7275185702904934,2.7314889430999756,1153580,0.0,0.0
2022-05-24 00:00:00+03:00,2.763250466185852,2.806922677072452,2.7414145973841713,2.761265516281128,1121570,0.0,0.0
2022-05-25 00:00:00+03:00,2.761265473163232,2.8188330424088255,2.761265473163232,2.791041851043701,693550,0.0,0.0
2022-05-26 00:00:00+03:00,2.81883297957794,2.8366989478929643,2.7771461934594384,2.812877893447876,1186330,0.0,0.0
2022-05-27 00:00:00+03:00,2.818833012537351,2.9180878410620488,2.733474016189575,2.733474016189575,2296120,0.0,0.0
2022-05-30 00:00:00+03:00,2.7513399430972925,2.7910417792500044,2.6917869522266145,2.717593193054199,2074030,0.0,0.0
2022-05-31 00:00:00+03:00,2.731489054106631,2.7473695994235285,2.4476206386220944,2.4972479343414307,5233730,0.0,0.0
2022-06-01 00:00:00+03:00,2.497247850959504,2.596502439084112,2.4893073419245724,2.511143445968628,4286810,0.0,0.0
2022-06-02 00:00:00+03:00,2.52900957587344,2.761265516281128,2.511143606881207,2.761265516281128,8658440,0.0,0.0
2022-06-03 00:00:00+03:00,2.8287585387441707,2.8843411588438754,2.7076678391213,2.7116382122039795,5763880,0.0,0.0
2022-06-06 00:00:00+03:00,2.7116382316233927,2.7612655290961032,2.697742399017737,2.719578504562378,1600510,0.0,0.0
2022-06-07 00:00:00+03:00,2.727518716758833,2.7493548218171786,2.6838467432837576,2.6957573890686035,733030,0.0,0.0
2022-06-08 00:00:00+03:00,2.709652923649174,2.7116381101157754,2.5806217193603516,2.5806217193603516,1513760,0.0,0.0
2022-06-09 00:00:00+03:00,2.6084132416598167,2.6262789739432972,2.5389350257815417,2.5706963539123535,1080190,0.0,0.0
2022-06-10 00:00:00+03:00,2.5706962087528087,2.636204284495889,2.5706962087528087,2.6064279079437256,1417350,0.0,0.0
2022-06-13 00:00:00+03:00,2.6401747423182265,2.6461298285070276,2.5706962914855485,2.5925323963165283,1214750,0.0,0.0
2022-06-14 00:00:00+03:00,2.616353314587149,2.6242938234942423,2.5845919888835773,2.5865769386291504,591860,0.0,0.0
2022-06-15 00:00:00+03:00,2.596502470656071,2.6302492203420624,2.4833522861464985,2.614368438720703,1325600,0.0,0.0
2022-06-16 00:00:00+03:00,2.636204418292565,2.723548602596899,2.6203238726387017,2.6580405235290527,2930800,0.0,0.0
2022-06-17 00:00:00+03:00,2.6798765443747476,2.685831867128219,2.630249249165173,2.67193603515625,2220290,0.0,0.0
2022-06-20 00:00:00+03:00,2.6858318788392213,2.693772151450731,2.6381895332453293,2.6759064197540283,1436660,0.0,0.0
2022-06-21 00:00:00+03:00,2.6699510969745908,2.697742287756486,2.65407031510996,2.6759064197540283,980880,0.0,0.0
2022-06-22 00:00:00+03:00,2.675906428247689,2.769205696616323,2.6659809691309917,2.7255337238311768,4100100,0.0,0.0
2022-06-23 00:00:00+03:00,2.725533608177851,2.7473694753230515,2.6778912644543573,2.681861400604248,1605950,0.0,0.0
2022-06-24 00:00:00+03:00,2.6997275138404486,2.7215636188048955,2.6699511361479926,2.691787004470825,1322660,0.0,0.0
2022-06-27 00:00:00+03:00,2.6798765659332275,2.6798765659332275,2.6798765659332275,2.6798765659332275,10000,0.0,0.0
2022-06-28 00:00:00+03:00,2.650100253198602,2.6600257125624256,2.582606987539634,2.6123833656311035,539890,0.0,0.0
2022-06-29 00:00:00+03:00,2.6103984629030985,2.612383412826753,2.530994549916374,2.536949872970581,809100,0.0,0.0
2022-06-30 00:00:00+03:00,2.5349646799219987,2.5508454624787276,2.4118890292301858,2.4873225688934326,670670,0.0,0.0
2022-07-01 00:00:00+03:00,2.4793820466351817,2.600472746790159,2.4793820466351817,2.5290095806121826,1317480,0.0,0.0
2022-07-04 00:00:00+03:00,2.5270243433229775,2.576651639661911,2.4813671833628352,2.5091586112976074,880430,0.0,0.0
2022-07-05 00:00:00+03:00,2.5190840826761267,2.5409199511852663,2.4535757672238585,2.4674715995788574,1056190,0.0,0.0
2022-07-06 00:00:00+03:00,2.5131286425139585,2.5131286425139585,2.390052763430249,2.469456434249878,385350,0.0,0.0
2022-07-07 00:00:00+03:00,2.495262736708971,2.594517564345856,2.4754118185099165,2.5389349460601807,1668200,0.0,0.0
2022-07-08 00:00:00+03:00,2.5071732686506474,2.568711206935234,2.5071732686506474,2.540919780731201,113800,0.0,0.0
2022-07-13 00:00:00+03:00,2.570696260310566,2.6103983331513185,2.550845342210995,2.5806217193603516,368960,0.0,0.0
2022-07-14 00:00:00+03:00,2.6203238676860616,2.6203238676860616,2.5429051428825287,2.562756061553955,374260,0.0,0.0
2022-07-18 00:00:00+03:00,2.568711217672762,2.600472543499508,2.5587857589816037,2.5905470848083496,685260,0.0,0.0
2022-07-19 00:00:00+03:00,2.590547167595734,2.624293917537415,2.578636758770678,2.6223087310791016,2389660,0.0,0.0
2022-07-20 00:00:00+03:00,2.6798766189048524,2.6798766189048524,2.6302493223150916,2.6540703773498535,1355890,0.0,0.0
2022-07-21 00:00:00+03:00,2.691787028101425,2.691787028101425,2.646129867910522,2.6540703773498535,1440160,0.0,0.0
2022-07-22 00:00:00+03:00,2.656055408984553,2.7632502687108156,2.6501000864127384,2.6858317852020264,2518540,0.0,0.0
2022-07-25 00:00:00+03:00,2.6878168872128216,2.7672207982654182,2.67987661442837,2.745384693145752,2181270,0.0,0.0
2022-07-26 00:00:00+03:00,2.7850864785313614,2.898236901775002,2.7156082647144792,2.7255337238311768,4397920,0.0,0.0
2022-07-27 00:00:00+03:00,2.7295038502599214,2.7533249047253636,2.7096529320984506,2.7215635776519775,1004960,0.0,0.0
2022-07-28 00:00:00+03:00,2.7235484735260305,2.8208181125751617,2.7076676919831515,2.7930266857147217,2299930,0.0,0.0
2022-07-29 00:00:00+03:00,2.816848049477888,2.876400804328526,2.7612654309556364,2.8208181858062744,1792120,0.0,0.0
2022-08-01 00:00:00+03:00,2.8545647631627924,2.8783860549471014,2.779131224676253,2.7989821434020996,1501230,0.0,0.0
2022-08-02 00:00:00+03:00,2.781116247177124,2.8148627596923927,2.7394292256548725,2.781116247177124,2026950,0.0,0.0
2022-08-03 00:00:00+03:00,2.7850865356000876,2.844639291520558,2.7731758897593473,2.8406691551208496,3540490,0.0,0.0
2022-08-04 00:00:00+03:00,2.826773465533387,2.939923650696618,2.789056579384571,2.896251678466797,5268270,0.0,0.0
2022-08-05 00:00:00+03:00,2.8962517919096955,2.989551299387997,2.8585351409251696,2.8942666053771973,5735240,0.0,0.0
2022-08-08 00:00:00+03:00,2.9558044425109955,3.0153574332990454,2.8942665019030303,2.900221824645996,3174460,0.0,0.0
2022-08-09 00:00:00+03:00,2.9002217303074542,2.9121323754059563,2.75530998593649,2.8188328742980957,1606360,0.0,0.0
2022-08-10 00:00:00+03:00,2.7969971814408283,2.8406691551208496,2.757295344160515,2.8406691551208496,2784410,0.0,0.0
2022-08-11 00:00:00+03:00,2.8406691238744,2.8863262835728696,2.828758478164673,2.828758478164673,2871010,0.0,0.0
2022-08-12 00:00:00+03:00,2.8287583546526087,2.834713677247445,2.7612653296220717,2.781116247177124,1155990,0.0,0.0
2022-08-15 00:00:00+03:00,2.7592801941991065,2.8148628117086942,2.7592801941991065,2.800967216491699,806540,0.0,0.0
2022-08-16 00:00:00+03:00,2.8029523010904827,2.85853515791461,2.7692057863287665,2.806922674179077,1188910,0.0,0.0
2022-08-17 00:00:00+03:00,2.8108926640755505,3.086820564057839,2.8108926640755505,2.9339685440063477,17089010,0.0,0.0
2022-08-18 00:00:00+03:00,2.9716852801149454,2.9716852801149454,2.7831013184662035,2.828758478164673,5532840,0.0,0.0
2022-08-19 00:00:00+03:00,2.834713729630575,2.874415565474336,2.779131112120987,2.800967216491699,5077760,0.0,0.0
2022-08-22 00:00:00+03:00,2.8049374848360062,2.864490241406067,2.7811164295363056,2.8525798320770264,2645700,0.0,0.0
2022-08-23 00:00:00+03:00,2.8644901670526752,2.9041922403771236,2.8644901670526752,2.870445489883423,1818140,0.0,0.0
2022-08-24 00:00:00+03:00,2.8764007193888315,2.8922815008750336,2.7791310806868466,2.7890565395355225,1647430,0.0,0.0
2022-08-25 00:00:00+03:00,2.793026820456022,2.828758521490869,2.7870717341515623,2.7989821434020996,1229090,0.0,0.0
2022-08-26 00:00:00+03:00,2.798981956347451,2.8188328737466697,2.7652354440970996,2.7731757164001465,1548320,0.0,0.0
2022-08-29 00:00:00+03:00,2.769205592019524,2.787071559739724,2.751339860940927,2.777146100997925,927510,0.0,0.0
2022-08-31 00:00:00+03:00,2.7731757992268817,2.836698926114915,2.7731757992268817,2.8049373626708984,1789520,0.0,0.0
2022-09-01 00:00:00+03:00,2.804937491538991,2.92404324160536,2.785086572634866,2.902207136154175,4937290,0.0,0.0
2022-09-02 00:00:00+03:00,2.9220580285837525,3.0332232680963163,2.9061772462760125,2.9855809211730957,7352830,0.0,0.0
2022-09-05 00:00:00+03:00,2.9955063041309686,3.158284022831427,2.9935213542941406,3.140418291091919,7618600,0.0,0.0
2022-09-06 00:00:00+03:00,3.1463736996972917,3.4540631771087646,3.1463736996972917,3.4540631771087646,11452960,0.0,0.0
2022-09-07 00:00:00+03:00,3.5652282137958484,3.620810830485188,3.360763478247892,3.5156009197235107,9173110,0.0,0.0
2022-09-08 00:00:00+03:00,3.5731685278714513,3.8669623961766937,3.5195710969764384,3.577138900756836,18606950,0.0,0.0
2022-09-09 00:00:00+03:00,3.5771388477333175,3.8193202313548054,3.473913887075554,3.6942591667175293,8178530,0.0,0.0
2022-09-12 00:00:00+03:00,3.785573483694471,3.890783630807622,3.596989766739631,3.60294508934021,4765790,0.0,0.0
2022-09-13 00:00:00+03:00,3.6049302053761596,3.652572551736506,3.342897891998291,3.342897891998291,3371060,0.0,0.0
2022-09-14 00:00:00+03:00,3.28532995334766,3.489794689481755,3.201956146395446,3.4739139080047607,4237930,0.0,0.0
2022-09-15 00:00:00+03:00,3.5036903612457664,3.5036903612457664,3.364733934402466,3.364733934402466,2435680,0.0,0.0
2022-09-16 00:00:00+03:00,3.3746595000087227,3.400465741708422,3.2932706384885053,3.3131215572357178,1134860,0.0,0.0
2022-09-19 00:00:00+03:00,3.3131215724939778,3.436197221965183,3.2257773876190186,3.2257773876190186,1909260,0.0,0.0
2022-09-20 00:00:00+03:00,3.2257771807923,3.3151063098386477,3.1463735105288797,3.192030668258667,1176540,0.0,0.0
2022-09-21 00:00:00+03:00,3.192030882547721,3.2754046945930853,3.166224640651351,3.2297475337982178,1346910,0.0,0.0
2022-09-22 00:00:00+03:00,3.2297474732074276,3.261509037505817,3.1880604496459934,3.2059264183044434,923720,0.0,0.0
2022-09-23 00:00:00+03:00,3.2059264544646884,3.2218072367930053,3.1265227794647217,3.1265227794647217,1215190,0.0,0.0
2022-09-26 00:00:00+03:00,3.1503436668812124,3.203941097323814,3.005431920394471,3.0173423290252686,2268500,0.0,0.0
2022-09-27 00:00:00+03:00,3.0292529430616084,3.1007163406759206,3.0054318894040386,3.0967459678649902,1874410,0.0,0.0
2022-09-28 00:00:00+03:00,3.106671829744352,3.2754046374371857,3.0649848061283,3.114612102508545,4657540,0.0,0.0
2022-09-29 00:00:00+03:00,3.1225524347165896,3.1701947821335588,2.9498492507123033,2.9974915981292725,1446990,0.0,0.0
2022-09-30 00:00:00+03:00,2.997491505983213,3.0352083927757256,2.937938751023931,2.9617598056793213,1126610,0.0,0.0
2022-10-03 00:00:00+03:00,2.9617596715501984,3.0510887999436758,2.9617596715501984,3.047118663787842,2004900,0.0,0.0
2022-10-04 00:00:00+03:00,3.0669697800736313,3.094761208249695,2.997491564595898,3.031238079071045,2197220,0.0,0.0
2022-10-05 00:00:00+03:00,3.039178503965717,3.21585181753479,3.027267858415762,3.1364481449127197,2063380,0.0,0.0
2022-10-06 00:00:00+03:00,3.174164700294788,3.174164700294788,3.112626761187285,3.1463735103607178,2528400,0.0,0.0
2022-10-07 00:00:00+03:00,3.1463736956801465,3.2237921840861024,3.0768952434695263,3.172179937362671,4153930,0.0,0.0
2022-10-10 00:00:00+03:00,3.1562989693118073,3.2158517220093725,3.1562989693118073,3.192030668258667,1452850,0.0,0.0
2022-10-11 00:00:00+03:00,3.1960008145108927,3.366718800771648,3.1960008145108927,3.332972288131714,3059070,0.0,0.0
2022-10-12 00:00:00+03:00,3.3329724913326118,3.3964953842879155,3.190045686381154,3.2257773876190186,5858860,0.0,0.0
2022-10-13 00:00:00+03:00,3.2277623673731735,3.3111361738257745,3.223791994546513,3.237687826156616,2448270,0.0,0.0
2022-10-14 00:00:00+03:00,3.245628210780429,3.2992256427364284,3.21386664691826,3.281359910964966,3261140,0.0,0.0
2022-10-17 00:00:00+03:00,3.313121494683564,3.350838144934525,3.279374744137152,3.2893002033233643,2457180,0.0,0.0
2022-10-18 00:00:00+03:00,3.3071661309716154,3.3706890216499974,3.2059263538667864,3.3190767765045166,3066800,0.0,0.0
2022-10-19 00:00:00+03:00,3.319076833356576,3.4977350995606473,3.3131215104881178,3.4342122077941895,4527990,0.0,0.0
2022-10-20 00:00:00+03:00,3.44413758237137,3.5056755227634913,3.346867942288391,3.493764877319336,4216810,0.0,0.0
2022-10-21 00:00:00+03:00,3.5056755920166216,3.622796152392454,3.4977350826831204,3.612870693206787,4473790,0.0,0.0
2022-10-24 00:00:00+03:00,3.6942592583680107,3.870932807717244,3.644631963221197,3.7756481170654297,3799910,0.0,0.0
2022-10-25 00:00:00+03:00,3.81932038990735,3.8967391136145784,3.473914031289145,3.5215563774108887,3483320,0.0,0.0
2022-10-26 00:00:00+03:00,3.5215563447306044,3.583094049184564,3.4838394581540375,3.555302858352661,1466320,0.0,0.0
2022-10-27 00:00:00+03:00,3.6029451423570555,3.6029451423570555,3.4758991260277887,3.4858245849609375,2366290,0.0,0.0
2022-10-28 00:00:00+03:00,3.485824583451675,3.6505872489989257,3.4699438018371915,3.622796058654785,1535220,0.0,0.0
2022-10-31 00:00:00+03:00,3.628751301707527,3.757782510007118,3.5771390550293076,3.5910346508026123,3208100,0.0,0.0
2022-11-01 00:00:00+03:00,3.622796208179944,3.7696931483748437,3.491779813613365,3.72800612449646,6678410,0.0,0.0
2022-11-02 00:00:00+03:00,3.791528870184079,3.839171215149902,3.6525724448232424,3.6724233627319336,3863550,0.0,0.0
2022-11-03 00:00:00+03:00,3.6744084011665605,3.829245848559042,3.624781105197796,3.799469470977783,4603440,0.0,0.0
2022-11-04 00:00:00+03:00,3.799469633589045,4.115099391443808,3.7359465027170464,4.099218845367432,8685590,0.0,0.0
2022-11-07 00:00:00+03:00,4.134950287696037,4.345370125096221,3.982098257748396,4.136935710906982,6053430,0.0,0.0
2022-11-08 00:00:00+03:00,4.168696543775906,4.202443530148739,3.769692999471859,3.9007091522216797,3831590,0.0,0.0
2022-11-09 00:00:00+03:00,3.9007092288803937,3.9662173065427018,3.706169945736805,3.7458717823028564,3124120,0.0,0.0
2022-11-10 00:00:00+03:00,3.7716779917529335,4.148845672607422,3.688304182992093,4.148845672607422,8758740,0.0,0.0
2022-11-11 00:00:00+03:00,4.202443710200103,4.504177864413187,4.1389205809079055,4.432714462280273,9825590,0.0,0.0
2022-11-14 00:00:00+03:00,4.456535108738877,4.76422504730686,4.436684190761899,4.688791275024414,6368300,0.0,0.0
2022-11-15 00:00:00+03:00,4.720552861382052,4.942883333117826,4.496237439823901,4.559760093688965,9496140,0.0,0.0
2022-11-16 00:00:00+03:00,4.561745720116603,4.780105828656953,4.267951835565097,4.311623573303223,9633290,0.0,0.0
2022-11-17 00:00:00+03:00,4.311623179512174,4.436684004855135,4.10715868558849,4.297727584838867,4101880,0.0,0.0
2022-11-18 00:00:00+03:00,4.333459644357125,4.333459644357125,4.119069449050585,4.208398342132568,3026480,0.0,0.0
2022-11-21 00:00:00+03:00,4.208398461564554,4.464475922641019,3.9999640562691994,4.438669681549072,3754870,0.0,0.0
2022-11-22 00:00:00+03:00,4.436684234990523,4.615342971847562,4.271921566810791,4.5677008628845215,3409540,0.0,0.0
2022-11-23 00:00:00+03:00,4.589536564421136,4.724523087083972,4.436684074063984,4.6868062019348145,3859860,0.0,0.0
2022-11-24 00:00:00+03:00,4.710627143602847,4.768194947730686,4.557775122482846,4.643134117126465,3329300,0.0,0.0
2022-11-25 00:00:00+03:00,4.643134139282054,5.1066535259529235,4.6113725757053725,4.997473239898682,7804190,0.0,0.0
2022-11-28 00:00:00+03:00,5.057026215992373,5.334939554518915,4.9091370354941795,5.012362003326416,5277590,0.0,0.0
2022-11-29 00:00:00+03:00,5.022286861764792,5.235684579913074,4.833702908819391,4.987547874450684,2453420,0.0,0.0
2022-11-30 00:00:00+03:00,5.017324298498946,5.12650458761111,4.9230325533224635,4.934943199157715,1929310,0.0,0.0
2022-12-01 00:00:00+03:00,4.936927967938379,5.260498450366092,4.917077050035545,5.25553560256958,4776870,0.0,0.0
2022-12-02 00:00:00+03:00,5.240647459094602,5.3101254341402235,4.987547904414446,5.022286891937256,3604770,0.0,0.0
2022-12-05 00:00:00+03:00,5.057026243698721,5.1513184641710215,4.960749546589167,5.047101020812988,3087320,0.0,0.0
2022-12-06 00:00:00+03:00,5.052063640713577,5.151318231504142,4.873404904007339,5.096728324890137,2803110,0.0,0.0
2022-12-07 00:00:00+03:00,5.096728573505835,5.3597533702518465,4.8495843227476705,4.9369282722473145,4860180,0.0,0.0
2022-12-08 00:00:00+03:00,4.936928279218586,4.972660217666563,4.694746876220863,4.845613956451416,1814660,0.0,0.0
2022-12-09 00:00:00+03:00,4.948838900499693,5.106653777977115,4.875390547325594,5.047101020812988,2337160,0.0,0.0
2022-12-12 00:00:00+03:00,5.047100792853243,5.210870985978481,5.012361804397351,5.096728324890137,2251400,0.0,0.0
2022-12-13 00:00:00+03:00,5.086802858922407,5.136430393200801,4.99251111173335,5.047101020812988,2240690,0.0,0.0
2022-12-14 00:00:00+03:00,5.0917653400945095,5.1612433151377894,4.774150184823257,4.79400110244751,2533870,0.0,0.0
2022-12-15 00:00:00+03:00,4.799956405262636,4.921047333569306,4.732463380275236,4.8317179679870605,1567240,0.0,0.0
2022-12-16 00:00:00+03:00,4.831718070687599,4.919062015073902,4.831718070687599,4.871419906616211,668450,0.0,0.0
2022-12-19 00:00:00+03:00,5.186057469372275,5.250573074809687,4.946853965055521,4.982585430145264,2944570,0.0,0.0
2022-12-20 00:00:00+03:00,4.982585401351545,5.116579459551044,4.871420160305625,5.111616611480713,4651340,0.0,0.0
2022-12-21 00:00:00+03:00,5.121541623171665,5.280349441891769,5.07191456436425,5.260498523712158,5716100,0.0,0.0
2022-12-22 00:00:00+03:00,5.285311842769446,5.756771980126411,5.195982947158387,5.687293529510498,10078160,0.0,0.0
2022-12-23 00:00:00+03:00,5.692256580020803,6.024759827981632,5.56322536997682,5.602927207946777,9100960,0.0,0.0
2022-12-26 00:00:00+03:00,5.95031835801336,5.95031835801336,5.6128527448427095,5.657516956329346,3376510,0.0,0.0
2022-12-27 00:00:00+03:00,5.6872935800341775,5.731958264878103,5.329976574566004,5.4292311668396,3237170,0.0,0.0
2022-12-28 00:00:00+03:00,5.473895782585252,5.5284861626090445,5.002436120274596,5.032212734222412,2964810,0.0,0.0
2022-12-29 00:00:00+03:00,5.156280856297319,5.225758830203399,5.02228680956439,5.081839561462402,3001200,0.0,0.0
2022-12-30 00:00:00+03:00,5.191020126160602,5.424268772102253,5.131467371016968,5.166206359863281,2275890,0.0,0.0
2023-01-02 00:00:00+03:00,5.166206242803652,5.439156719323016,5.166206242803652,5.419305801391602,5269580,0.0,0.0
2023-01-03 00:00:00+03:00,5.459007756352557,5.667442635821404,5.369678387070701,5.558262348175049,3934150,0.0,0.0
2023-01-04 00:00:00+03:00,5.568187798293421,5.836175421030366,5.315088245352082,5.7369208335876465,4688340,0.0,0.0
2023-01-05 00:00:00+03:00,5.741883269115599,5.836175483152259,5.270423618781929,5.349827289581299,3039290,0.0,0.0
2023-01-06 00:00:00+03:00,5.210870889546025,5.409380067453541,4.982585098310776,5.220796585083008,3446360,0.0,0.0
2023-01-09 00:00:00+03:00,5.2604987710077085,5.349827670373687,4.967697359131474,4.982585430145264,2955640,0.0,0.0
2023-01-10 00:00:00+03:00,5.0123616912924485,5.037174983467756,4.573655605316162,4.573655605316162,2464600,0.0,0.0
2023-01-11 00:00:00+03:00,4.674895506756535,4.674895506756535,4.1329649454297055,4.351325035095215,3235970,0.0,0.0
2023-01-12 00:00:00+03:00,4.351325258287378,4.601447396309932,4.138920480228023,4.57564115524292,2845120,0.0,0.0
2023-01-13 00:00:00+03:00,4.575641028064158,4.7126125022397,4.466460744024266,4.6649699211120605,2585890,0.0,0.0
2023-01-16 00:00:00+03:00,4.666955426933273,4.784075985476758,4.516088355014809,4.6967315673828125,2803800,0.0,0.0
2023-01-17 00:00:00+03:00,4.712612482139444,4.784075880242886,4.645118983590899,4.7483439445495605,3104610,0.0,0.0
2023-01-18 00:00:00+03:00,4.764224902219259,4.835688299416708,4.694746454774093,4.724523067474365,2812510,0.0,0.0
2023-01-19 00:00:00+03:00,4.724523127336221,4.726508077113655,4.62129816637831,4.702686786651611,1360000,0.0,0.0
2023-01-20 00:00:00+03:00,4.702687136957936,4.843628993885201,4.702687136957936,4.746359348297119,2196840,0.0,0.0
2023-01-23 00:00:00+03:00,4.746359040095298,4.795986097987862,4.510132976127679,4.5359392166137695,1859190,0.0,0.0
2023-01-24 00:00:00+03:00,4.494251829485669,4.535939087001428,4.309638251765478,4.396982192993164,1369160,0.0,0.0
2023-01-25 00:00:00+03:00,4.486311724644652,4.68879127742686,4.313608785484777,4.551819801330566,4669500,0.0,0.0
2023-01-26 00:00:00+03:00,4.551820014681857,4.593506802423833,4.442639723993468,4.44859504699707,1484270,0.0,0.0
2023-01-27 00:00:00+03:00,4.452565069179543,4.4545500189298926,4.267951490467307,4.404922962188721,1202760,0.0,0.0
2023-01-30 00:00:00+03:00,4.408893149664942,4.843628883361816,4.408893149664942,4.843628883361816,3784620,0.0,0.0
2023-01-31 00:00:00+03:00,4.967697111335773,5.325013637542725,4.967697111335773,5.325013637542725,10153140,0.0,0.0
2023-02-01 00:00:00+03:00,5.0818396446407785,5.215833693566891,4.79400110244751,4.79400110244751,7417270,0.0,0.0
2023-02-02 00:00:00+03:00,4.662984971653547,4.690776161791147,4.31559367508391,4.573655605316162,4072860,0.0,0.0
2023-02-03 00:00:00+03:00,4.573655546896627,4.794001061963313,4.474400959613545,4.732463359832764,2647650,0.0,0.0
2023-02-06 00:00:00+03:00,4.722537810179741,4.722537810179741,4.468445774924958,4.605417251586914,720190,0.0,0.0
2023-02-07 00:00:00+03:00,4.535939537844251,4.535939537844251,4.144876003265381,4.144876003265381,1416480,0.0,0.0
2023-02-08 00:00:00+03:00,3.799469470977783,3.799469470977783,3.799469470977783,3.799469470977783,90,0.0,0.0
2023-02-15 00:00:00+03:00,4.152815924227004,4.557775020599365,4.152815924227004,4.557775020599365,2248510,0.0,0.0
2023-02-16 00:00:00+03:00,4.664969858269647,4.887300322926218,4.36720609664917,4.36720609664917,3105540,0.0,0.0
2023-02-17 00:00:00+03:00,4.36720609664917,4.3910269136088855,4.168696448952314,4.36720609664917,1112330,0.0,0.0
2023-02-20 00:00:00+03:00,4.367206099215147,4.760254548755037,4.321548941744861,4.641149044036865,2536730,0.0,0.0
2023-02-21 00:00:00+03:00,4.664970090464888,5.101690769195557,4.6411492723195105,5.101690769195557,2905380,0.0,0.0
2023-02-22 00:00:00+03:00,5.200945059286629,5.6078895733805885,4.762239456176758,4.762239456176758,7058860,0.0,0.0
2023-02-23 00:00:00+03:00,4.710627018480863,4.788045738532636,4.516088216754464,4.641149044036865,1676020,0.0,0.0
2023-02-24 00:00:00+03:00,4.637178691443566,4.893255669688678,4.551819698695195,4.694746494293213,2372270,0.0,0.0
2023-02-27 00:00:00+03:00,4.615342863481717,4.734448369734394,4.565715332568163,4.6649699211120605,818850,0.0,0.0
2023-02-28 00:00:00+03:00,4.664970067589561,4.803926969197398,4.635193926733042,4.674895763397217,1230750,0.0,0.0
2023-03-01 00:00:00+03:00,4.619312971826588,4.714597665105114,4.619312971826588,4.653059959411621,1233450,0.0,0.0
2023-03-02 00:00:00+03:00,4.653059623941357,4.672910541116126,4.551819615051793,4.5716705322265625,1001390,0.0,0.0
2023-03-03 00:00:00+03:00,4.571670785192402,4.611372621738776,4.396982420418418,4.4843268394470215,748250,0.0,0.0
2023-03-06 00:00:00+03:00,4.466460767232611,4.615342887463674,4.466460767232611,4.581596374511719,851290,0.0,0.0
2023-03-07 00:00:00+03:00,4.474401340439366,4.714597793406299,4.474401340439366,4.6093878746032715,1519380,0.0,0.0
2023-03-08 00:00:00+03:00,4.609387418954358,4.71261237762371,4.555789989886256,4.662984848022461,1289880,0.0,0.0
2023-03-09 00:00:00+03:00,4.664970232765231,4.907151634305063,4.629238767815597,4.6927618980407715,2895100,0.0,0.0
2023-03-10 00:00:00+03:00,4.696731380159476,4.762239454477012,4.6153427613396545,4.670925140380859,1384470,0.0,0.0
2023-03-13 00:00:00+03:00,4.680851242627712,4.8595095135860555,4.653060050690841,4.829733371734619,1787590,0.0,0.0
2023-03-14 00:00:00+03:00,5.305162814634356,5.305162814634356,5.012361885391651,5.037175178527832,5094450,0.0,0.0
2023-03-15 00:00:00+03:00,5.03717507140028,5.096728298853614,4.543879544713712,4.742388725280762,2612310,0.0,0.0
2023-03-16 00:00:00+03:00,4.853553827751593,5.21583366394043,4.784075853102955,5.21583366394043,5407100,0.0,0.0
2023-03-17 00:00:00+03:00,5.3101254341402235,5.3101254341402235,5.022286891937256,5.022286891937256,4360950,0.0,0.0
2023-03-20 00:00:00+03:00,5.111616351064864,5.2555356247896885,5.032212679117818,5.126504421234131,2795040,0.0,0.0
2023-03-21 00:00:00+03:00,5.131467530478798,5.19102028747305,4.967697330423793,5.111616611480713,1665920,0.0,0.0
2023-03-22 00:00:00+03:00,5.052063425870949,5.3498271855800255,5.047100578221664,5.310125350952148,2415730,0.0,0.0
2023-03-23 00:00:00+03:00,5.310125414688136,5.44908183755356,5.230721744479321,5.379603862762451,2880080,0.0,0.0
2023-03-24 00:00:00+03:00,5.379604179817085,5.434194087982178,5.260498667484211,5.434194087982178,1996220,0.0,0.0
2023-03-27 00:00:00+03:00,5.444119514101331,5.513597489542964,5.220796571227261,5.285311698913574,2958630,0.0,0.0
2023-03-28 00:00:00+03:00,5.280349659606049,5.285312034393139,4.917077321329543,5.111616611480713,2120880,0.0,0.0
2023-03-29 00:00:00+03:00,5.081840029198579,5.081840029198579,4.881345888006607,4.9369282722473145,1043860,0.0,0.0
2023-03-30 00:00:00+03:00,4.936927942903345,5.081839690187503,4.841643253483004,4.855539321899414,993270,0.0,0.0
2023-03-31 00:00:00+03:00,4.85553945151747,4.86347972419366,4.621298331228903,4.674895763397217,1162220,0.0,0.0
2023-04-03 00:00:00+03:00,4.674895492989417,4.748343839241379,4.555789989886256,4.662984848022461,1103640,0.0,0.0
2023-04-04 00:00:00+03:00,4.662984868969931,4.764224878360655,4.573655504599668,4.716582298278809,729520,0.0,0.0
2023-04-05 00:00:00+03:00,4.734448518393479,4.772165405209413,4.625268230925386,4.674895763397217,734900,0.0,0.0
2023-04-06 00:00:00+03:00,4.674895878857529,5.141392707824707,4.623283395262734,5.141392707824707,4725730,0.0,0.0
2023-04-07 00:00:00+03:00,5.186057224935853,5.652554512023926,5.071914563737993,5.652554512023926,7887060,0.0,0.0
2023-04-10 00:00:00+03:00,5.920542218541161,6.213343620300293,5.662479805708291,6.213343620300293,11656150,0.0,0.0
2023-04-11 00:00:00+03:00,6.213343507807812,6.833685289021057,6.009871006011963,6.009871006011963,17519550,0.0,0.0
2023-04-12 00:00:00+03:00,5.9552812651965,6.6103620529174805,5.860989520075511,6.6103620529174805,5482660,0.0,0.0
2023-04-13 00:00:00+03:00,6.947828219881239,7.2704057693481445,6.803908939972171,7.2704057693481445,14026250,0.0,0.0
2023-04-14 00:00:00+03:00,7.6426105548431424,7.9949651787687985,7.2704054861342255,7.414324760437012,14113840,0.0,0.0
2023-04-17 00:00:00+03:00,7.414324606604428,8.153772354125977,6.679840180100543,8.153772354125977,20214440,0.0,0.0
2023-04-18 00:00:00+03:00,8.198437482967748,8.957735242865052,7.791492938995361,7.791492938995361,13359250,0.0,0.0
2023-04-19 00:00:00+03:00,7.642610630354805,8.43664830742582,7.245592265102522,7.41928768157959,13155220,0.0,0.0
2023-04-20 00:00:00+03:00,7.419287476018745,7.905635669902729,7.057008109442643,7.111598014831543,4488090,0.0,0.0
2023-04-24 00:00:00+03:00,7.166188326712088,7.344847069543028,6.431703856399404,6.451554775238037,11818140,0.0,0.0
2023-04-25 00:00:00+03:00,6.4862936347877405,7.096710205078125,6.163716091809146,7.096710205078125,22282350,0.0,0.0
2023-04-26 00:00:00+03:00,7.32003301323316,7.806380742190672,7.0967100668081144,7.642610549926758,19832950,0.0,0.0
2023-04-27 00:00:00+03:00,7.677350066799221,8.22325055385113,7.3547720544981985,7.940374851226807,12528210,0.0,0.0
2023-04-28 00:00:00+03:00,7.990002744757367,8.69471108254118,7.920524291284582,8.456500053405762,14679770,0.0,0.0
2023-05-02 00:00:00+03:00,8.635157048014825,9.042101088208401,8.218287312556432,8.793964385986328,13995360,0.0,0.0
2023-05-03 00:00:00+03:00,8.893219999348565,9.00239981436181,7.915561199188232,7.915561199188232,6198070,0.0,0.0
2023-05-04 00:00:00+03:00,7.434175898565845,8.138884220711104,7.25551763067898,7.429213523864746,16575540,0.0,0.0
2023-05-05 00:00:00+03:00,7.424250619777449,7.64261072332242,6.689765688559724,6.803908824920654,6202720,0.0,0.0
2023-05-08 00:00:00+03:00,6.798945883361036,7.4838032722473145,6.521033028130304,7.4838032722473145,6745070,0.0,0.0
2023-05-09 00:00:00+03:00,7.642610604992512,8.22821340172112,7.637648230405745,7.940374851226807,13442320,0.0,0.0
2023-05-10 00:00:00+03:00,8.009852810924754,8.38702072912907,7.290256436247586,7.449064254760742,19493970,0.0,0.0
2023-05-11 00:00:00+03:00,7.32003316249431,7.940374955926031,6.957753782306135,7.424250602722168,15122610,0.0,0.0
2023-05-12 00:00:00+03:00,7.419287606651205,7.8014183709513665,6.84857335740235,7.022268772125244,8552290,0.0,0.0
2023-05-15 00:00:00+03:00,7.022268958839211,7.722014904022217,6.719542332021668,7.722014904022217,14374760,0.0,0.0
2023-05-16 00:00:00+03:00,8.039629717625832,8.119033388458536,7.508616840686508,7.568169593811035,12919370,0.0,0.0
2023-05-17 00:00:00+03:00,7.578095505795211,7.821269372988079,7.439138604585096,7.583057880401611,9258580,0.0,0.0
2023-05-18 00:00:00+03:00,7.57313305332245,8.297691844842898,7.543356437713203,8.069406509399414,15521980,0.0,0.0
2023-05-22 00:00:00+03:00,8.06940566984975,8.853517611008842,7.9503001663711235,8.793964385986328,13506570,0.0,0.0
2023-05-23 00:00:00+03:00,8.913070317286605,9.672369003295898,8.843592340230774,9.672369003295898,14279530,0.0,0.0
2023-05-24 00:00:00+03:00,9.895692120134596,10.630176544189453,9.72199623627349,10.630176544189453,12919990,0.0,0.0
2023-05-25 00:00:00+03:00,11.126450555682284,11.652500136713648,10.014798164367676,10.014798164367676,24875790,0.0,0.0
2023-05-26 00:00:00+03:00,9.826213491288293,10.808835597670276,9.458971268323891,10.520997047424316,18318650,0.0,0.0
2023-05-29 00:00:00+03:00,10.739357082621483,11.56317092833645,10.739357082621483,11.334885597229004,7517550,0.0,0.0
2023-05-30 00:00:00+03:00,11.424214663552453,12.337357856694483,10.918015534330282,12.099145889282227,13559240,0.0,0.0
2023-05-31 00:00:00+03:00,12.178549954106982,13.300127029418945,12.178549954106982,13.300127029418945,11518780,0.0,0.0
2023-06-01 00:00:00+03:00,13.002363979418359,14.411780567595914,12.337357521057129,12.337357521057129,19897350,0.0,0.0
2023-06-02 00:00:00+03:00,12.595418849294575,13.568115234375,12.486239038818436,13.568115234375,11530070,0.0,0.0
2023-06-05 00:00:00+03:00,14.411781054433233,14.91797924041748,14.104091107226001,14.91797924041748,9409540,0.0,0.0
2023-06-06 00:00:00+03:00,15.285220370141023,16.40679931640625,15.285220370141023,16.40679931640625,11021870,0.0,0.0
2023-06-07 00:00:00+03:00,17.071806787664144,18.04450225830078,16.277768161997848,18.04450225830078,20447520,0.0,0.0
2023-06-08 00:00:00+03:00,18.550700916327227,19.84101104736328,18.550700916327227,19.84101104736328,14945730,0.0,0.0
2023-06-09 00:00:00+03:00,19.801309875333054,21.81617871433969,18.858389636266594,21.647445678710938,5782160,0.0,0.0
2023-06-12 00:00:00+03:00,21.647445826654135,22.818651388654104,20.53579443749449,20.74422836303711,5596030,0.0,0.0
2023-06-13 00:00:00+03:00,20.496092518929245,20.69460265049288,18.669806123822305,19.36458969116211,5638320,0.0,0.0
2023-06-14 00:00:00+03:00,18.669806542037172,19.35466442882673,17.429122924804688,17.429122924804688,4060920,0.0,0.0
2023-06-15 00:00:00+03:00,16.277768182779578,16.476278312732816,15.692166328430176,15.692166328430176,2183720,0.0,0.0
2023-06-16 00:00:00+03:00,14.421705670046128,14.88820296120241,14.123941421508789,14.123941421508789,1263810,0.0,0.0
2023-06-19 00:00:00+03:00,13.101618058931376,15.533357620239258,12.98251255208076,15.533357620239258,3354110,0.0,0.0
2023-06-20 00:00:00+03:00,16.386948249761783,17.081729888916016,16.35717116358966,17.081729888916016,2050430,0.0,0.0
2023-06-21 00:00:00+03:00,18.16360699772064,18.461372195157335,15.374550817881111,16.486204147338867,3821770,0.0,0.0
2023-06-22 00:00:00+03:00,16.07925974159591,16.476278103323477,15.275296375889539,15.940301895141602,1835690,0.0,0.0
2023-06-23 00:00:00+03:00,15.841048499529728,17.240540418138718,14.659918109666613,16.64501190185547,3266720,0.0,0.0
2023-06-26 00:00:00+03:00,16.525905109304848,16.525905109304848,15.821196789374243,16.099109649658203,1992190,0.0,0.0
2023-06-27 00:00:00+03:00,16.099109598178813,16.82367025423393,16.099109598178813,16.3571720123291,706810,0.0,0.0
2023-07-03 00:00:00+03:00,16.26784194750632,16.76411536279945,15.48373093577225,15.721941947937012,2589540,0.0,0.0
2023-07-04 00:00:00+03:00,15.72194281127116,16.377023603979712,15.602837298648375,15.781495094299316,1848560,0.0,0.0
2023-07-05 00:00:00+03:00,15.781495065330983,15.980005199237713,15.414252832109883,15.582985877990723,1841360,0.0,0.0
2023-07-06 00:00:00+03:00,15.612761416673777,15.880749519161515,15.285221033566385,15.672314643859863,1939120,0.0,0.0
2023-07-07 00:00:00+03:00,15.672314529621884,17.230613708496094,15.38447598454784,17.230613708496094,4255680,0.0,0.0
2023-07-10 00:00:00+03:00,17.4688258828911,18.947720542155718,17.4688258828911,17.965099334716797,16511950,0.0,0.0
2023-07-11 00:00:00+03:00,17.96509848620871,18.36211685029113,17.091656192094497,17.776514053344727,15729550,0.0,0.0
2023-07-12 00:00:00+03:00,18.04450213660965,18.04450213660965,16.883222239903102,17.12143325805664,8534820,0.0,0.0
2023-07-13 00:00:00+03:00,17.061881331130753,17.349718940785724,16.099109649658203,16.099109649658203,6016110,0.0,0.0
2023-07-14 00:00:00+03:00,16.118960161328356,16.873295973187993,15.642538141143163,16.168588638305664,8258550,0.0,0.0
2023-07-17 00:00:00+03:00,16.18843870388216,17.776514053344727,15.940301989689035,17.776514053344727,10887230,0.0,0.0
2023-07-18 00:00:00+03:00,18.183458620775873,19.443993618417625,17.786440245610386,18.203310012817383,14250950,0.0,0.0
2023-07-19 00:00:00+03:00,18.20331048846656,18.828614209049658,17.409273717387546,17.448974609375,11640190,0.0,0.0
2023-07-20 00:00:00+03:00,17.51845126574379,19.185930252075195,17.46882468122817,19.185930252075195,9357480,0.0,0.0
2023-07-21 00:00:00+03:00,20.12885173724891,21.101547241210938,19.751682856523743,21.101547241210938,9576690,0.0,0.0
2023-07-24 00:00:00+03:00,22.05439122501564,22.729323413445695,18.997346878051758,18.997346878051758,16634310,0.0,0.0
2023-07-25 00:00:00+03:00,17.101581573486328,17.76658803102543,17.101581573486328,17.101581573486328,7076360,0.0,0.0
2023-07-26 00:00:00+03:00,15.394401550292969,16.347245597758924,15.394401550292969,15.394401550292969,44353680,0.0,0.0
2023-07-27 00:00:00+03:00,14.88820240120361,16.02963087333599,14.431630823037377,15.195892333984375,34747120,0.0,0.0
2023-07-28 00:00:00+03:00,15.20581748068031,15.53335786635068,14.719469750026297,15.027159690856934,13638690,0.0,0.0
2023-07-31 00:00:00+03:00,15.33484891842928,15.483731516541413,14.739321365680123,14.977532386779785,10360200,0.0,0.0
2023-08-01 00:00:00+03:00,14.987457914657544,15.156190956020295,14.094165175695965,14.312525749206543,9747330,0.0,0.0
2023-08-02 00:00:00+03:00,14.312525412272379,15.106563068245693,13.697146489198824,15.007308006286621,15175150,0.0,0.0
2023-08-03 00:00:00+03:00,15.136339272141235,15.334848450331442,14.520960346468383,14.620214462280273,6972170,0.0,0.0
2023-08-04 00:00:00+03:00,14.630140654250628,15.06686180765401,14.262898425496145,14.719470024108887,6539270,0.0,0.0
2023-08-07 00:00:00+03:00,14.759171321286278,14.927904358943577,14.372077714913692,14.42170524597168,4198950,0.0,0.0
2023-08-08 00:00:00+03:00,14.421705333662242,14.977531981071806,14.104090647466165,14.362153053283691,6614570,0.0,0.0
2023-08-09 00:00:00+03:00,14.362153505422206,14.362153505422206,13.816252536412232,13.935358047485352,4642930,0.0,0.0
2023-08-10 00:00:00+03:00,14.034613118792013,14.72939574027219,13.94528374881079,14.262898445129395,10195770,0.0,0.0
2023-08-11 00:00:00+03:00,14.262898355541589,14.362153420800944,13.826178150846625,13.994911193847656,4179200,0.0,0.0
2023-08-14 00:00:00+03:00,14.004835574275416,14.09416494134288,13.498637405170506,13.578041076660156,5483940,0.0,0.0
2023-08-15 00:00:00+03:00,13.587965831231637,13.587965831231637,13.002363990397452,13.121469497680664,4358000,0.0,0.0
2023-08-16 00:00:00+03:00,13.121469555774482,14.431631088256836,13.091692468897023,14.431631088256836,8137040,0.0,0.0
2023-08-17 00:00:00+03:00,14.987458007936949,15.533358025261318,13.171097324613394,13.468860626220703,15009590,0.0,0.0
2023-08-18 00:00:00+03:00,13.46886025569518,13.85595386232885,13.022214369004898,13.051990509033203,7211040,0.0,0.0
2023-08-21 00:00:00+03:00,13.051990778589786,13.647519270853612,12.406835700776012,13.200873374938965,7494080,0.0,0.0
2023-08-22 00:00:00+03:00,13.19094760098013,13.200873296657836,12.68474848021428,12.803853988647461,4588340,0.0,0.0
2023-08-23 00:00:00+03:00,12.784003804727359,13.250501098868103,12.595419369268427,12.62519645690918,5831740,0.0,0.0
2023-08-24 00:00:00+03:00,12.625196240455654,13.002364158340677,12.148773258602725,12.218252182006836,4936740,0.0,0.0
2023-08-25 00:00:00+03:00,12.386984660363384,13.200873749065966,11.910562610303163,12.83363151550293,11025670,0.0,0.0
2023-08-28 00:00:00+03:00,12.833631337562155,13.250501098868103,12.406835880375954,12.62519645690918,8486550,0.0,0.0
2023-08-29 00:00:00+03:00,12.62519674346744,12.853482074495924,12.257954506660868,12.317506790161133,3485590,0.0,0.0
2023-08-31 00:00:00+03:00,12.317506063442911,12.496164796536014,12.109071190356431,12.267878532409668,2230410,0.0,0.0
2023-09-01 00:00:00+03:00,12.23810268476123,12.446537562826823,12.1189971753761,12.28773021697998,2745500,0.0,0.0
2023-09-04 00:00:00+03:00,12.287729973129876,12.426686871271485,11.95026389661913,12.009817123413086,3879570,0.0,0.0
2023-09-05 00:00:00+03:00,11.999891912226692,12.079295586779464,11.692201963409858,11.78153133392334,3009260,0.0,0.0
2023-09-06 00:00:00+03:00,11.78153060634418,12.128922370983906,11.602871876350445,11.731903076171875,3561490,0.0,0.0
2023-09-07 00:00:00+03:00,11.731903310365594,11.880785903854521,11.573095967897212,11.682276725769043,2472600,0.0,0.0
2023-09-08 00:00:00+03:00,11.682277126443001,11.940338593521794,11.394437625138824,11.513544082641602,4047070,0.0,0.0
2023-09-11 00:00:00+03:00,11.513544399926005,11.583022379911881,11.007345254572229,11.076823234558105,2753590,0.0,0.0
2023-09-12 00:00:00+03:00,11.126449897706904,11.374586602877383,10.679804017713325,11.0172700881958,3402090,0.0,0.0
2023-09-13 00:00:00+03:00,11.017270865890119,12.118997573852539,10.858462568255163,12.118997573852539,11332880,0.0,0.0
2023-09-14 00:00:00+03:00,12.69467405409607,13.051990575967428,11.056972145644307,11.424214363098145,17433090,0.0,0.0
2023-09-15 00:00:00+03:00,11.424214912953301,11.573096567590534,10.927941468740558,11.26540756225586,5012370,0.0,0.0
2023-09-18 00:00:00+03:00,11.255481827902843,11.255481827902843,10.203381713261978,10.411816596984863,3606650,0.0,0.0
2023-09-19 00:00:00+03:00,10.411816391753238,11.44406509399414,10.3026365773139,11.44406509399414,4005050,0.0,0.0
2023-09-20 00:00:00+03:00,11.90063699469773,11.90063699469773,10.918015799884115,11.13637638092041,6586780,0.0,0.0
2023-09-21 00:00:00+03:00,11.146300987555737,12.009817604546662,10.908089963969637,11.453990936279297,7943700,0.0,0.0
2023-09-22 00:00:00+03:00,11.463916280131402,11.712052992053872,11.245555708601026,11.36466121673584,3759220,0.0,0.0
2023-09-25 00:00:00+03:00,11.364660932674493,12.059443519377929,10.918015051691311,11.801382064819336,6778860,0.0,0.0
2023-09-26 00:00:00+03:00,11.811307645196733,12.972587585449219,11.612798455958377,12.972587585449219,11977210,0.0,0.0
2023-09-27 00:00:00+03:00,13.379530969022515,13.62766767939667,12.118996972536355,12.20832633972168,11934570,0.0,0.0
2023-09-28 00:00:00+03:00,12.257953804383918,12.754227222430774,11.672351019638,12.138847351074219,4642150,0.0,0.0
2023-09-29 00:00:00+03:00,12.158698770548332,12.406835480151358,11.960189592179194,12.009817123413086,3589610,0.0,0.0
2023-10-02 00:00:00+03:00,12.089220912551603,12.347282373662678,12.009817240430282,12.148773193359375,3199320,0.0,0.0
2023-10-03 00:00:00+03:00,12.168624337751789,12.347282123116287,12.029667441075919,12.327431678771973,4160070,0.0,0.0
2023-10-04 00:00:00+03:00,12.337357457310109,12.575568470444555,11.811306953430176,11.811306953430176,3806230,0.0,0.0
2023-10-05 00:00:00+03:00,11.811307035183173,12.347282291728689,11.642573996403435,12.20832633972168,5148460,0.0,0.0
2023-10-06 00:00:00+03:00,12.10907170119981,12.188475375576218,11.86093498213192,11.910562515258789,1749100,0.0,0.0
2023-10-09 00:00:00+03:00,11.513543811829184,11.86093464058078,11.34481077199659,11.36466121673584,2118300,0.0,0.0
2023-10-10 00:00:00+03:00,11.424214940203074,12.03959389890674,11.424214940203074,11.791457176208496,2007530,0.0,0.0
2023-10-11 00:00:00+03:00,11.79145670094004,12.049519109320661,11.513543847758225,11.563170433044434,1847050,0.0,0.0
2023-10-12 00:00:00+03:00,11.602872793329851,11.950264585424081,11.225705805972062,11.533394813537598,2788770,0.0,0.0
2023-10-13 00:00:00+03:00,11.533394758653241,11.612798434199808,11.086748847062188,11.13637638092041,2129470,0.0,0.0
2023-10-16 00:00:00+03:00,11.136376258279322,11.463916652943437,10.669878959655762,10.669878959655762,2058730,0.0,0.0
2023-10-17 00:00:00+03:00,10.898163598289656,11.731903076171875,10.689729675385509,11.731903076171875,6741680,0.0,0.0
2023-10-18 00:00:00+03:00,11.434140287139336,12.029667835490478,11.285257690126713,11.374587059020996,3593250,0.0,0.0
2023-10-19 00:00:00+03:00,11.672351306479793,11.86093479348271,11.344810918245052,11.374587059020996,3238720,0.0,0.0
2023-10-20 00:00:00+03:00,11.374586706142383,11.374586706142383,10.749282089847934,10.828685760498047,1909350,0.0,0.0
2023-10-23 00:00:00+03:00,10.918015247188897,11.910562087842434,10.90808955160642,11.424214363098145,4052900,0.0,0.0
2023-10-24 00:00:00+03:00,11.424214357728934,11.989965753734298,11.41428866215112,11.880785942077637,2880780,0.0,0.0
2023-10-25 00:00:00+03:00,12.049518968974247,12.208326311799867,11.066896878749477,11.096673965454102,2840710,0.0,0.0
2023-10-26 00:00:00+03:00,11.09667451567907,11.662425939189546,10.888239631243662,11.592947959899902,2826610,0.0,0.0
2023-10-27 00:00:00+03:00,11.71205338711412,12.704600268283682,11.602872624382929,12.307580947875977,10029260,0.0,0.0
2023-10-30 00:00:00+03:00,12.357207735640644,12.416760961406752,11.791456350411476,11.930413246154785,4131690,0.0,0.0
2023-10-31 00:00:00+03:00,12.059444172211371,12.853481862814407,12.059444172211371,12.238102912902832,7231850,0.0,0.0
2023-11-01 00:00:00+03:00,12.406835610588375,12.545792510190882,11.37458692565008,11.692201614379883,3353100,0.0,0.0
2023-11-02 00:00:00+03:00,11.721979021006309,11.950264348114096,11.563170725744609,11.583022117614746,2160640,0.0,0.0
2023-11-03 00:00:00+03:00,11.731903473403573,11.771605309572404,11.354735556516461,11.563170433044434,2516890,0.0,0.0
2023-11-06 00:00:00+03:00,11.702127715043353,11.930413990393488,11.592947898655487,11.851009368896484,2112720,0.0,0.0
2023-11-07 00:00:00+03:00,11.851009406937191,13.032140731811523,11.721979144685752,13.032140731811523,10745050,0.0,0.0
2023-11-08 00:00:00+03:00,13.498637502915496,13.498637502915496,12.386984200877945,12.605344772338867,8441820,0.0,0.0
2023-11-09 00:00:00+03:00,12.486239020288671,13.687220720009588,12.386983958863901,13.240574836730957,10901400,0.0,0.0
2023-11-10 00:00:00+03:00,13.240574794364285,13.389456439458638,12.585494041442871,12.585494041442871,5136520,0.0,0.0
2023-11-13 00:00:00+03:00,12.803853813459725,13.836102485656738,12.744301533341174,13.836102485656738,13950940,0.0,0.0
2023-11-14 00:00:00+03:00,13.826177888190088,14.888202712084166,13.15124572900768,14.63014030456543,17779710,0.0,0.0
2023-11-15 00:00:00+03:00,14.630140260494954,15.38447608947754,14.391929244995119,14.888202667236328,7783670,0.0,0.0
2023-11-16 00:00:00+03:00,14.987457502501735,15.086711617501456,14.243047380454955,14.481258392333984,4630810,0.0,0.0
2023-11-17 00:00:00+03:00,14.570587738182146,14.669841853043938,13.90558128768584,14.153717994689941,3297170,0.0,0.0
2023-11-20 00:00:00+03:00,14.153718777074936,14.927905080684374,14.06438940616491,14.600364685058594,6347510,0.0,0.0
2023-11-21 00:00:00+03:00,14.441557127303854,14.828649800251585,14.153718573275292,14.19342041015625,3678470,0.0,0.0
2023-11-22 00:00:00+03:00,14.262898182035304,15.364624849492806,14.193420205138818,14.898128509521484,10432560,0.0,0.0
2023-11-23 00:00:00+03:00,14.908053911519945,15.553208975447253,14.62021442075368,14.878276824951172,7803750,0.0,0.0
2023-11-24 00:00:00+03:00,14.987458133683662,15.166115926833719,14.540811284392369,14.719470024108887,3406550,0.0,0.0
2023-11-27 00:00:00+03:00,14.590438687500077,14.828649707292511,13.895656073155589,14.252972602844238,3208400,0.0,0.0
2023-11-28 00:00:00+03:00,14.312526030570629,14.38200400900356,13.816252592469196,14.004836082458496,3192300,0.0,0.0
2023-11-29 00:00:00+03:00,14.004836031087299,15.106563665433763,13.766625008848346,14.262898445129395,8533690,0.0,0.0
2023-11-30 00:00:00+03:00,14.26289854455488,15.642539047797483,13.975059987368029,15.185967445373535,14952600,0.0,0.0
2023-12-01 00:00:00+03:00,15.31499795186456,16.70456314086914,15.285220865316068,16.70456314086914,16005990,0.0,0.0
2023-12-04 00:00:00+03:00,16.97255172239158,18.243010494413376,16.47627829128734,17.26038932800293,22136980,0.0,0.0
2023-12-05 00:00:00+03:00,17.250463215415294,17.250463215415294,16.26784207274602,16.31747055053711,10022500,0.0,0.0
2023-12-06 00:00:00+03:00,16.13881198623307,17.220688202712743,15.364624762757845,15.741792678833008,14744990,0.0,0.0
2023-12-07 00:00:00+03:00,15.751718521118164,16.674786455290203,15.493656110890951,15.751718521118164,5514170,0.0,0.0
2023-12-08 00:00:00+03:00,15.850973732894468,16.218215960139723,15.672314993912172,15.76164436340332,3683250,0.0,0.0
2023-12-11 00:00:00+03:00,15.76164455641571,16.079260201447713,14.858427047729492,14.858427047729492,5037840,0.0,0.0
2023-12-12 00:00:00+03:00,14.858426952816727,15.017234301035066,14.401855353405777,14.590438842773438,3264540,0.0,0.0
2023-12-13 00:00:00+03:00,14.570587894017377,14.570587894017377,13.697146562433344,13.707072257995605,3405230,0.0,0.0
2023-12-14 00:00:00+03:00,13.955209317138738,14.084239576413777,13.310053287931288,13.796401023864746,3364250,0.0,0.0
2023-12-15 00:00:00+03:00,13.905581702421301,14.888202864288388,13.746774356652857,13.85595417022705,7457120,0.0,0.0
2023-12-18 00:00:00+03:00,13.855954260330368,13.855954260330368,12.932885373840637,13.012289047241211,3026400,0.0,0.0
2023-12-19 00:00:00+03:00,13.042066281383017,13.280277304264036,12.78400386664535,13.022214889526367,2734960,0.0,0.0
2023-12-20 00:00:00+03:00,13.022214819966175,13.230649700515293,12.24802852645507,12.297656059265137,2373390,0.0,0.0
2023-12-21 00:00:00+03:00,12.297656145988977,12.674824072812266,12.04951942675522,12.565643310546875,2174820,0.0,0.0
2023-12-22 00:00:00+03:00,12.555717731436065,12.853481986600647,11.930414026126856,12.049519538879395,1952450,0.0,0.0
2023-12-25 00:00:00+03:00,12.208326661489508,12.208326661489508,10.858462315673997,11.315033912658691,1309840,0.0,0.0
2023-12-26 00:00:00+03:00,11.324959213944627,12.396909717941213,10.987493139248217,11.483766555786133,6391320,0.0,0.0
2023-12-27 00:00:00+03:00,11.364661595039006,11.930413960719996,11.15622671222316,11.65250015258789,2367160,0.0,0.0
2023-12-28 00:00:00+03:00,11.662425628943103,12.248028428995985,11.662425628943103,12.029667854309082,1827780,0.0,0.0
2023-12-29 00:00:00+03:00,12.059444316301192,12.60534529427377,11.592947960247486,12.248028755187988,1965210,0.0,0.0
2024-01-02 00:00:00+03:00,12.30758057556678,13.200873309536806,12.30758057556678,13.131394386291504,2239420,0.0,0.0
2024-01-03 00:00:00+03:00,13.131394823507332,13.31005356556315,12.674824165482855,12.83363151550293,2252860,0.0,0.0
2024-01-04 00:00:00+03:00,12.833630770474137,14.114016138889053,12.645046343348309,13.826177597045898,14763160,0.0,0.0
2024-01-05 00:00:00+03:00,13.796401400353144,14.243048258364663,13.210799530030277,13.429159164428711,7368740,0.0,0.0
2024-01-08 00:00:00+03:00,13.449010123491394,13.677295446620015,13.22072385379633,13.399382591247559,2964630,0.0,0.0
2024-01-09 00:00:00+03:00,13.4192336851276,14.739320902074748,13.300127231757644,13.836102485656738,16084240,0.0,0.0
2024-01-10 00:00:00+03:00,13.647518964862169,13.895655673314208,13.399382256410128,13.637593269348145,3380250,0.0,0.0
2024-01-11 00:00:00+03:00,13.637593937560718,13.836103124735585,13.449010446386211,13.617743492126465,2113840,0.0,0.0
2024-01-12 00:00:00+03:00,13.587966087820641,13.846028498423948,13.250500950762216,13.726922988891602,2509940,0.0,0.0
2024-01-15 00:00:00+03:00,13.726923392841522,14.451483113693385,13.578041738186476,14.213271141052246,3681860,0.0,0.0
2024-01-16 00:00:00+03:00,14.411780355822268,14.560662000971222,13.905581247809558,13.955208778381348,2184890,0.0,0.0
2024-01-17 00:00:00+03:00,13.905582080942143,14.540811481307365,13.746774730850838,14.143793106079102,3165460,0.0,0.0
2024-01-18 00:00:00+03:00,14.342302054852313,14.342302054852313,13.816252479793498,13.865880012512207,2252290,0.0,0.0
2024-01-19 00:00:00+03:00,13.865879947974134,14.064389131358562,13.607817536291154,13.796401023864746,2639580,0.0,0.0
2024-01-22 00:00:00+03:00,13.786476252838547,15.176041480900555,13.607817514791607,15.037084579467773,13998120,0.0,0.0
2024-01-23 00:00:00+03:00,15.037084474638133,16.079259808268887,14.848500988677184,15.225668907165527,14932900,0.0,0.0
2024-01-24 00:00:00+03:00,15.334848982381457,15.980005017091662,15.156191189094866,15.374550819396973,10583860,0.0,0.0
2024-01-25 00:00:00+03:00,15.463879485794962,16.109034544587406,15.463879485794962,15.652463912963867,6645260,0.0,0.0
2024-01-26 00:00:00+03:00,15.662388277471385,17.10158095169673,15.483730496697255,16.277767181396484,9014090,0.0,0.0
2024-01-29 00:00:00+03:00,16.27776787851398,16.396874332886153,15.513507300118878,15.672314643859863,6667210,0.0,0.0
2024-01-30 00:00:00+03:00,15.672315086463376,16.515979360554983,15.18596734588,16.3571720123291,10438790,0.0,0.0
2024-01-31 00:00:00+03:00,16.496129456474762,17.76658821105957,16.128886289519546,17.76658821105957,12305800,0.0,0.0
2024-02-01 00:00:00+03:00,17.76658798750629,18.759134823603098,17.359643936157227,17.359643936157227,12642710,0.0,0.0
2024-02-02 00:00:00+03:00,17.349719252295607,17.43904862420381,16.67478706149271,16.7740421295166,4351810,0.0,0.0
2024-02-05 00:00:00+03:00,16.62516008300694,17.68718493167686,16.57553349672874,17.270315170288086,6127090,0.0,0.0
2024-02-06 00:00:00+03:00,17.28024029312859,17.845991687723608,16.68471181187436,17.230613708496094,6134740,0.0,0.0
2024-02-07 00:00:00+03:00,17.24053917563547,17.419196013825207,16.82366943359375,16.82366943359375,3220510,0.0,0.0
2024-02-08 00:00:00+03:00,16.823670662664128,17.468825767135886,16.783967878077327,17.17106056213379,3390950,0.0,0.0
2024-02-09 00:00:00+03:00,17.31994333963324,17.816216766062468,16.972551562506204,17.37949562072754,4365280,0.0,0.0
2024-02-12 00:00:00+03:00,17.409273483388656,17.855918451192352,17.131359670679956,17.17106056213379,3685830,0.0,0.0
2024-02-13 00:00:00+03:00,17.260389165406057,17.538302965734264,16.635085481083696,17.37949562072754,3390140,0.0,0.0
2024-02-14 00:00:00+03:00,17.379496127614335,19.116453170776367,16.535830899451906,19.116453170776367,9849660,0.0,0.0
2024-02-15 00:00:00+03:00,19.711981985491622,20.396837981548952,18.302565315649563,18.481224060058594,12320820,0.0,0.0
2024-02-16 00:00:00+03:00,18.48122238800173,19.215706798350887,18.243009488252945,18.888166427612305,6596990,0.0,0.0
2024-02-19 00:00:00+03:00,18.898092364838536,20.28765753445718,18.739283131928318,19.166078567504883,11809780,0.0,0.0
2024-02-20 00:00:00+03:00,19.20578141419791,19.364588754514283,18.59040155062235,18.77898597717285,3383090,0.0,0.0
2024-02-21 00:00:00+03:00,18.788912275469475,19.751682043671757,18.362116824749705,18.68965721130371,6867230,0.0,0.0
2024-02-22 00:00:00+03:00,18.68965665314839,19.741755758366267,18.560626398779327,19.434066772460938,5073920,0.0,0.0
2024-02-23 00:00:00+03:00,19.44399341717234,19.960118246112057,18.630105283223592,19.10652732849121,3430090,0.0,0.0
2024-02-26 00:00:00+03:00,19.235557456124013,20.376987868074504,19.15615378246191,19.75168228149414,10262780,0.0,0.0
2024-02-27 00:00:00+03:00,19.77153338618512,20.307507702340775,18.927868182564023,18.94771957397461,6245940,0.0,0.0
2024-02-28 00:00:00+03:00,18.88816793082701,19.543248724438772,18.27278802824444,18.729360580444336,3790070,0.0,0.0
2024-02-29 00:00:00+03:00,18.729359409312455,19.56309700012207,18.421668530694365,19.56309700012207,2891200,0.0,0.0
2024-03-01 00:00:00+03:00,19.582948746201705,21.518415846135007,19.37451481800146,20.893110275268555,7598820,0.0,0.0
2024-03-04 00:00:00+03:00,20.903036354349748,21.26035382997154,18.908016937349576,18.957645416259766,4818260,0.0,0.0
2024-03-05 00:00:00+03:00,18.95764485650475,19.43406688117808,18.520923720654444,18.788911819458008,3538920,0.0,0.0
2024-03-06 00:00:00+03:00,18.78891314446106,18.838539732272736,16.913000106811523,16.913000106811523,3448260,0.0,0.0
2024-03-07 00:00:00+03:00,16.91299995606895,18.302565226873767,16.91299995606895,18.21323585510254,2945760,0.0,0.0
2024-03-08 00:00:00+03:00,18.213235595994107,18.540775990117904,17.716962156828778,18.064353942871094,1796940,0.0,0.0
2024-03-11 00:00:00+03:00,18.3720418401036,18.63010424012455,17.458898691234396,17.46882438659668,1965420,0.0,0.0
2024-03-12 00:00:00+03:00,17.468824652394176,18.51099807056467,17.319943005960223,17.617706298828125,3431350,0.0,0.0
2024-03-13 00:00:00+03:00,17.687185061798125,18.4613723081108,16.89314831670789,17.409273147583008,4913640,0.0,0.0
2024-03-14 00:00:00+03:00,17.726886837382345,17.726886837382345,16.97255102588386,17.081729888916016,2035720,0.0,0.0
2024-03-15 00:00:00+03:00,17.22068760853057,17.35964355674459,16.694637115368806,16.942773818969727,1684420,0.0,0.0
2024-03-18 00:00:00+03:00,17.171059535177672,18.233086241761928,16.992402694620974,17.230613708496094,7427140,0.0,0.0
2024-03-19 00:00:00+03:00,17.1809847217906,18.173531530101855,16.873295741291297,17.716960906982422,5955820,0.0,0.0
2024-03-20 00:00:00+03:00,17.70703520619809,18.957644411455966,17.68718381568619,18.75913429260254,6478540,0.0,0.0
2024-03-21 00:00:00+03:00,19.086675935864214,19.30503745978585,17.617707016450133,17.667333602905273,4721780,0.0,0.0
2024-03-22 00:00:00+03:00,17.667334010670984,18.004800107126915,17.17106056213379,17.17106056213379,2267460,0.0,0.0
2024-03-25 00:00:00+03:00,17.220688763679643,17.61770713744621,17.02217863022989,17.15121078491211,1916730,0.0,0.0
2024-03-26 00:00:00+03:00,17.468824746660903,17.468824746660903,16.089183352991487,16.188438415527344,1939660,0.0,0.0
2024-03-27 00:00:00+03:00,16.238067334055312,16.565607724119936,16.08918378964447,16.218215942382812,1599470,0.0,0.0
2024-03-28 00:00:00+03:00,16.37702330420999,17.35964447528664,16.29761963058156,16.8732967376709,3650210,0.0,0.0
2024-03-29 00:00:00+03:00,16.87329656944493,18.560626983642578,16.575533269590235,18.560626983642578,3911250,0.0,0.0
2024-04-01 00:00:00+03:00,18.560626983642578,19.344738016264152,17.79636544938053,18.560626983642578,3067980,0.0,0.0
2024-04-02 00:00:00+03:00,18.5904024897161,19.84101177773165,18.44152083729035,18.451446533203125,4415010,0.0,0.0
2024-04-03 00:00:00+03:00,18.46137101321586,19.13630314576876,17.677258125946228,17.716960906982422,2702820,0.0,0.0
2024-04-04 00:00:00+03:00,17.667332692292977,18.1139795198998,16.912998772763626,16.952699661254883,1949770,0.0,0.0
2024-04-05 00:00:00+03:00,17.002326110118428,18.04450140187971,17.002326110118428,17.85591697692871,2111940,0.0,0.0
2024-04-08 00:00:00+03:00,18.00480017430795,19.47377102624025,17.965099282705978,19.4042911529541,2990220,0.0,0.0
2024-04-09 00:00:00+03:00,19.4042911529541,19.4042911529541,19.4042911529541,19.4042911529541,0,0.0,0.0
2024-04-15 00:00:00+03:00,19.702054911310825,21.319905407716526,19.30503655880018,21.002290725708008,3267730,0.0,0.0
2024-04-16 00:00:00+03:00,21.240502819290867,22.520889201140168,20.843484446554513,21.468788146972656,5656810,0.0,0.0
2024-04-17 00:00:00+03:00,21.51841555681513,23.612689971923828,21.33975682468396,23.612689971923828,5666080,0.0,0.0
2024-04-18 00:00:00+03:00,24.228069285363897,25.607708848228793,23.185895814486994,24.357101440429688,9772190,0.0,0.0
2024-04-19 00:00:00+03:00,23.870751911127556,26.203237477724823,23.632540885063953,25.80621910095215,7183670,0.0,0.0
2024-04-22 00:00:00+03:00,26.12879772023471,27.071716132876585,23.225596921801433,23.324851989746094,24185510,0.0,0.0
2024-04-24 00:00:00+03:00,23.354628733423972,25.657337188720703,22.828578206273296,25.657337188720703,10009950,0.0,0.0
2024-04-25 00:00:00+03:00,25.73177710275327,28.213144302368164,25.607708742772527,28.213144302368164,7787150,0.0,0.0
2024-04-26 00:00:00+03:00,28.808671636454548,29.65233682861493,27.419106439848953,28.98236846923828,10184350,0.0,0.0
2024-04-29 00:00:00+03:00,28.982369729021904,29.92528813160722,26.42656074908707,27.890567779541016,8648490,0.0,0.0
2024-04-30 00:00:00+03:00,27.89056744784466,30.66969792880539,27.592802250727704,28.783859252929688,12540830,0.0,0.0
2024-05-02 00:00:00+03:00,29.08162229701513,31.11634449983173,28.18833049991333,30.074169158935547,7644900,0.0,0.0
2024-05-03 00:00:00+03:00,30.074169022378893,32.13370450876527,28.78385886499437,29.280132293701172,7307170,0.0,0.0
2024-05-06 00:00:00+03:00,29.08162123977407,30.049354773591812,27.642429478189964,27.716869354248047,6820120,0.0,0.0
2024-05-07 00:00:00+03:00,27.69205699951396,29.031995638373147,26.773951911792924,28.237958908081055,6190610,0.0,0.0
2024-05-08 00:00:00+03:00,28.237959736627644,29.503456640907995,27.54317615738634,29.081623077392578,4448310,0.0,0.0
2024-05-09 00:00:00+03:00,29.081621264826644,30.173423152814568,28.684602912776352,29.478641510009766,4213250,0.0,0.0
2024-05-10 00:00:00+03:00,29.677151348129826,29.677151348129826,27.39429428024789,27.493549346923828,3562840,0.0,0.0
2024-05-13 00:00:00+03:00,27.394294289061854,27.840939249547887,25.806218901134674,26.05435562133789,3450860,0.0,0.0
2024-05-14 00:00:00+03:00,26.054355103490717,28.386840605667896,25.806218388219378,27.195783615112305,6282540,0.0,0.0
2024-05-15 00:00:00+03:00,27.195782674039677,27.89056621001056,26.550627615285475,26.67469596862793,3789690,0.0,0.0
2024-05-16 00:00:00+03:00,26.69950929456791,27.61761624634742,26.45137258756796,27.3942928314209,3818930,0.0,0.0
2024-05-17 00:00:00+03:00,27.56798854849772,27.965006912295976,26.079168264404597,26.40174674987793,3961750,0.0,0.0
2024-05-20 00:00:00+03:00,26.42655918093876,26.625069302931337,25.855844000059722,26.277677536010742,2022940,0.0,0.0
2024-05-21 00:00:00+03:00,26.50100143256716,28.486095116111283,25.384386235573594,26.898019790649414,8067660,0.0,0.0
2024-05-22 00:00:00+03:00,27.195783624737135,28.932740632251242,27.146157038918464,27.915380477905273,4824430,0.0,0.0
2024-05-23 00:00:00+03:00,27.791312784736135,27.791312784736135,26.5506291782747,26.848392486572266,3155120,0.0,0.0
2024-05-24 00:00:00+03:00,26.848391559420833,29.528268814086914,26.699509910413358,29.528268814086914,7070720,0.0,0.0
2024-05-27 00:00:00+03:00,31.21559939023345,32.48109436035156,30.69451077613049,32.48109436035156,11397380,0.0,0.0
2024-05-28 00:00:00+03:00,33.74659157675501,35.33466495997841,32.1585181935316,32.70441818237305,18380480,0.0,0.0
2024-05-29 00:00:00+03:00,32.25777329780044,33.84584677641659,30.148611197559646,31.66224479675293,11234700,0.0,0.0
2024-05-30 00:00:00+03:00,31.63743102015746,31.86075254814638,29.553082244908744,30.32230567932129,5045190,0.0,0.0
2024-05-31 00:00:00+03:00,30.322305200112503,32.62997736001295,30.198236845131465,31.463735580444336,6629930,0.0,0.0
2024-06-03 00:00:00+03:00,31.364481013512094,31.86075254814638,30.198237322379498,30.32230567932129,4855580,0.0,0.0
2024-06-04 00:00:00+03:00,30.471188530896132,31.2155986556594,29.18087651209343,29.230504989624023,4090190,0.0,0.0
2024-06-05 00:00:00+03:00,29.230506364956376,29.528269671618684,28.33721265870358,28.932741165161133,2754610,0.0,0.0
2024-06-06 00:00:00+03:00,29.081622902775035,29.180877969661104,27.766499419216665,27.890567779541016,2662840,0.0,0.0
2024-06-07 00:00:00+03:00,28.089076166636175,28.089076166636175,27.02208939816326,27.245412826538086,2021960,0.0,0.0
2024-06-10 00:00:00+03:00,26.99727517191848,28.18833026021516,26.203236553254474,26.724323272705078,4666670,0.0,0.0
2024-06-11 00:00:00+03:00,26.67469592340705,27.071714274803288,26.30249086401067,26.99727439880371,1585430,0.0,0.0
2024-06-12 00:00:00+03:00,27.04690164970608,27.567988367083014,26.32730480516989,27.36948013305664,2630380,0.0,0.0
2024-06-13 00:00:00+03:00,27.39429335900242,28.61016362534495,27.39429335900242,27.69205665588379,2364700,0.0,0.0
2024-06-14 00:00:00+03:00,27.567987848468352,28.188329617754917,27.195782786896416,27.791311264038086,1489640,0.0,0.0
2024-06-20 00:00:00+03:00,27.915379696031756,28.957553114097134,27.915379696031756,28.188329696655273,2448790,0.0,0.0
2024-06-21 00:00:00+03:00,27.791311622588452,27.791311622588452,26.4017464200856,26.575441360473633,5597320,0.0,0.0
2024-06-24 00:00:00+03:00,26.600253992289428,26.97245904941922,25.03699388822399,25.161062240600586,1844950,0.0,0.0
2024-06-25 00:00:00+03:00,25.508455475149198,26.69951059068871,25.036995330335817,25.260318756103516,2963650,0.0,0.0
2024-06-26 00:00:00+03:00,25.458826614527236,25.458826614527236,24.15859075626014,24.18836784362793,1791840,0.0,0.0
2024-06-27 00:00:00+03:00,24.188367228582226,24.59531127993002,23.960080017499706,24.277694702148438,1510820,0.0,0.0
2024-06-28 00:00:00+03:00,24.277695684898696,24.515908601160845,23.811199334578912,23.821125030517578,1501210,0.0,0.0
2024-07-01 00:00:00+03:00,24.009708728793942,24.31739772089955,22.78887466973923,22.987384796142578,1859060,0.0,0.0
2024-07-02 00:00:00+03:00,22.987385203972178,23.42410635392789,22.461334684863413,23.14619255065918,1176370,0.0,0.0
2024-07-03 00:00:00+03:00,23.354628814541254,24.416653675359676,22.233049777748256,22.520889282226562,3303280,0.0,0.0
2024-07-04 00:00:00+03:00,22.520888743769774,22.649919002363802,21.85588227301696,22.22312355041504,1552390,0.0,0.0
2024-07-05 00:00:00+03:00,22.044465207059453,22.41170838415466,21.62759733655078,21.726850509643555,1220890,0.0,0.0
2024-07-08 00:00:00+03:00,21.766553439936782,22.659845255716576,21.568043306148855,21.73677635192871,1914080,0.0,0.0
2024-07-09 00:00:00+03:00,21.700000762939453,22.389999389648438,21.549999237060547,22.219999313354492,1649870,0.163224,0.0
2024-07-10 00:00:00+03:00,22.579999923706055,22.579999923706055,21.219999313354492,21.530000686645508,1931880,0.0,0.0
2024-07-11 00:00:00+03:00,21.639999389648438,22.489999771118164,21.5,22.190000534057617,2163530,0.0,0.0
2024-07-12 00:00:00+03:00,22.209999084472656,22.899999618530273,21.75,22.520000457763672,1742640,0.0,0.0
2024-07-16 00:00:00+03:00,22.530000686645508,22.799999237060547,22.1200008392334,22.309999465942383,1335780,0.0,0.0
2024-07-17 00:00:00+03:00,22.450000762939453,22.81999969482422,22.139999389648438,22.450000762939453,1856880,0.0,0.0
2024-07-18 00:00:00+03:00,22.59000015258789,22.719999313354492,22.329999923706055,22.469999313354492,906280,0.0,0.0
2024-07-19 00:00:00+03:00,22.489999771118164,22.489999771118164,21.850000381469727,22.030000686645508,1198170,0.0,0.0
2024-07-22 00:00:00+03:00,22.030000686645508,22.350000381469727,21.770000457763672,22.040000915527344,1528530,0.0,0.0
2024-07-23 00:00:00+03:00,22.049999237060547,22.850000381469727,21.799999237060547,22.209999084472656,2617960,0.0,0.0
2024-07-24 00:00:00+03:00,22.209999084472656,22.719999313354492,22.0,22.030000686645508,1314180,0.0,0.0
2024-07-25 00:00:00+03:00,22.079999923706055,22.079999923706055,21.299999237060547,21.34000015258789,1306750,0.0,0.0
2024-07-26 00:00:00+03:00,21.350000381469727,21.56999969482422,21.06999969482422,21.09000015258789,1298420,0.0,0.0
2024-07-29 00:00:00+03:00,20.709999084472656,21.59000015258789,20.5,21.299999237060547,7736940,0.0,0.0
2024-07-30 00:00:00+03:00,21.299999237060547,21.549999237060547,20.5,20.649999618530273,2537360,0.0,0.0
2024-07-31 00:00:00+03:00,20.450000762939453,20.450000762939453,19.959999084472656,19.959999084472656,1392620,0.0,0.0
2024-08-01 00:00:00+03:00,20.010000228881836,20.399999618530273,19.719999313354492,19.93000030517578,2096470,0.0,0.0
2024-08-02 00:00:00+03:00,19.850000381469727,19.959999084472656,19.0,19.06999969482422,1883560,0.0,0.0
2024-08-05 00:00:00+03:00,17.170000076293945,18.100000381469727,17.170000076293945,17.790000915527344,2821620,0.0,0.0
2024-08-06 00:00:00+03:00,17.979999542236328,18.56999969482422,17.770000457763672,17.950000762939453,2188040,0.0,0.0
2024-08-07 00:00:00+03:00,17.959999084472656,18.270000457763672,17.600000381469727,18.100000381469727,1238530,0.0,0.0
2024-08-08 00:00:00+03:00,17.899999618530273,18.219999313354492,17.899999618530273,18.030000686645508,913220,0.0,0.0
2024-08-09 00:00:00+03:00,18.0,18.3700008392334,17.600000381469727,17.690000534057617,1226860,0.0,0.0
2024-08-12 00:00:00+03:00,17.700000762939453,18.15999984741211,17.540000915527344,17.729999542236328,1469050,0.0,0.0
2024-08-13 00:00:00+03:00,17.59000015258789,18.709999084472656,17.25,17.68000030517578,3714410,0.0,0.0
2024-08-14 00:00:00+03:00,17.65999984741211,18.299999237060547,17.549999237060547,17.579999923706055,1845370,0.0,0.0
2024-08-15 00:00:00+03:00,17.579999923706055,18.100000381469727,17.34000015258789,18.100000381469727,1321910,0.0,0.0
2024-08-16 00:00:00+03:00,18.049999237060547,18.149999618530273,17.639999389648438,17.719999313354492,1215680,0.0,0.0
2024-08-19 00:00:00+03:00,17.610000610351562,18.799999237060547,17.469999313354492,18.010000228881836,4835890,0.0,0.0
2024-08-20 00:00:00+03:00,17.950000762939453,18.360000610351562,17.68000030517578,17.770000457763672,2020550,0.0,0.0
2024-08-21 00:00:00+03:00,17.719999313354492,18.670000076293945,17.579999923706055,17.899999618530273,5377730,0.0,0.0
2024-08-22 00:00:00+03:00,17.940000534057617,18.219999313354492,17.690000534057617,17.799999237060547,2555740,0.0,0.0
2024-08-23 00:00:00+03:00,17.709999084472656,17.850000381469727,17.149999618530273,17.389999389648438,1312820,0.0,0.0
2024-08-26 00:00:00+03:00,17.399999618530273,17.690000534057617,16.790000915527344,16.90999984741211,1666850,0.0,0.0
2024-08-27 00:00:00+03:00,16.90999984741211,17.56999969482422,16.780000686645508,17.239999771118164,1132030,0.0,0.0
2024-08-28 00:00:00+03:00,17.25,17.450000762939453,17.049999237060547,17.31999969482422,808540,0.0,0.0
2024-08-29 00:00:00+03:00,17.389999389648438,17.59000015258789,17.030000686645508,17.450000762939453,1000600,0.0,0.0
2024-09-02 00:00:00+03:00,17.5,18.989999771118164,17.5,18.530000686645508,4675140,0.0,0.0
2024-09-03 00:00:00+03:00,18.530000686645508,18.799999237060547,18.010000228881836,18.149999618530273,2159580,0.0,0.0
2024-09-04 00:00:00+03:00,18.149999618530273,18.18000030517578,17.729999542236328,17.850000381469727,1084870,0.0,0.0
2024-09-05 00:00:00+03:00,18.010000228881836,18.450000762939453,17.950000762939453,18.209999084472656,1427380,0.0,0.0
2024-09-06 00:00:00+03:00,18.25,20.030000686645508,18.020000457763672,20.030000686645508,3849060,0.0,0.0
2024-09-09 00:00:00+03:00,21.299999237060547,22.030000686645508,20.950000762939453,22.030000686645508,2106980,0.0,0.0
2024-09-10 00:00:00+03:00,22.030000686645508,23.0,19.950000762939453,21.350000381469727,16993740,0.0,0.0
2024-09-11 00:00:00+03:00,21.34000015258789,23.479999542236328,20.889999389648438,22.0,17018210,0.0,0.0
2024-09-12 00:00:00+03:00,22.15999984741211,22.450000762939453,20.25,20.34000015258789,5559380,0.0,0.0
2024-09-13 00:00:00+03:00,20.34000015258789,21.559999465942383,19.790000915527344,20.56999969482422,6000180,0.0,0.0
2024-09-16 00:00:00+03:00,21.8700008392334,22.6200008392334,21.75,21.850000381469727,17326960,0.0,0.0
2024-09-17 00:00:00+03:00,21.31999969482422,22.489999771118164,20.5,21.899999618530273,14470700,0.0,0.0
2024-09-18 00:00:00+03:00,22.030000686645508,23.1200008392334,21.5,21.68000030517578,9621150,0.0,0.0
2024-09-19 00:00:00+03:00,21.68000030517578,22.09000015258789,20.899999618530273,21.049999237060547,5087060,0.0,0.0
2024-09-20 00:00:00+03:00,21.049999237060547,21.049999237060547,19.959999084472656,20.34000015258789,3449580,0.0,0.0
2024-09-23 00:00:00+03:00,20.34000015258789,21.299999237060547,20.34000015258789,20.649999618530273,4798340,0.0,0.0
2024-09-24 00:00:00+03:00,20.68000030517578,21.75,20.350000381469727,20.899999618530273,6310820,0.0,0.0
2024-09-25 00:00:00+03:00,20.799999237060547,21.299999237060547,20.229999542236328,20.510000228881836,3464160,0.0,0.0
2024-09-26 00:00:00+03:00,20.639999389648438,20.8799991607666,20.40999984741211,20.440000534057617,1589850,0.0,0.0
2024-09-27 00:00:00+03:00,20.399999618530273,21.6299991607666,20.270000457763672,21.200000762939453,8303860,0.0,0.0
2024-09-30 00:00:00+03:00,21.200000762939453,22.010000228881836,20.90999984741211,21.75,7304740,0.0,0.0
2024-10-01 00:00:00+03:00,22.850000381469727,22.850000381469727,21.709999084472656,21.899999618530273,8510740,0.0,0.0
2024-10-02 00:00:00+03:00,21.610000610351562,21.709999084472656,20.170000076293945,20.510000228881836,5064170,0.0,0.0
2024-10-03 00:00:00+03:00,20.489999771118164,20.850000381469727,20.149999618530273,20.239999771118164,2569510,0.0,0.0
2024-10-04 00:00:00+03:00,20.389999389648438,21.100000381469727,19.469999313354492,21.040000915527344,3946260,0.0,0.0
2024-10-07 00:00:00+03:00,21.200000762939453,22.09000015258789,21.09000015258789,21.510000228881836,2430920,0.0,0.0
2024-10-08 00:00:00+03:00,21.520000457763672,21.8700008392334,21.270000457763672,21.6299991607666,2162630,0.0,0.0
2024-10-09 00:00:00+03:00,21.6299991607666,22.8799991607666,21.6299991607666,22.59000015258789,4990630,0.0,0.0
2024-10-10 00:00:00+03:00,22.600000381469727,24.84000015258789,22.420000076293945,24.760000228881836,12321970,0.0,0.0
2024-10-11 00:00:00+03:00,24.760000228881836,26.5,24.110000610351562,25.0,9829900,0.0,0.0
2024-10-14 00:00:00+03:00,25.0,25.75,23.75,24.0,4328520,0.0,0.0
2024-10-15 00:00:00+03:00,24.139999389648438,26.399999618530273,24.139999389648438,26.399999618530273,7796550,0.0,0.0
2024-10-16 00:00:00+03:00,27.600000381469727,28.100000381469727,26.075000762939453,26.75,9908910,0.0,0.0
2024-10-17 00:00:00+03:00,27.100000381469727,27.299999237060547,24.75,25.25,9220660,0.0,0.0
2024-10-18 00:00:00+03:00,25.25,25.700000762939453,24.350000381469727,24.799999237060547,9620360,0.0,0.0
2024-10-21 00:00:00+03:00,25.0,25.274999618530273,23.489999771118164,23.649999618530273,4756940,0.0,0.0
2024-10-22 00:00:00+03:00,23.65999984741211,23.860000610351562,23.209999084472656,23.540000915527344,4119780,0.0,0.0
2024-10-23 00:00:00+03:00,23.540000915527344,23.950000762939453,22.40999984741211,22.450000762939453,4859540,0.0,0.0
2024-10-24 00:00:00+03:00,22.540000915527344,23.5,22.540000915527344,22.799999237060547,4275200,0.0,0.0
2024-10-25 00:00:00+03:00,22.799999237060547,22.959999084472656,22.399999618530273,22.68000030517578,2475000,0.0,0.0
2024-10-28 00:00:00+03:00,22.709999084472656,22.920000076293945,22.399999618530273,22.780000686645508,1572670,0.0,0.0
2024-10-30 00:00:00+03:00,22.790000915527344,23.84000015258789,22.649999618530273,23.469999313354492,5640660,0.0,0.0
2024-10-31 00:00:00+03:00,23.479999542236328,23.719999313354492,22.600000381469727,22.760000228881836,3235500,0.0,0.0
2024-11-01 00:00:00+03:00,22.979999542236328,23.100000381469727,22.010000228881836,22.280000686645508,2799970,0.0,0.0
2024-11-04 00:00:00+03:00,22.260000228881836,22.389999389648438,21.389999389648438,21.549999237060547,2543540,0.0,0.0
2024-11-05 00:00:00+03:00,21.639999389648438,21.75,21.149999618530273,21.40999984741211,1576340,0.0,0.0
2024-11-06 00:00:00+03:00,21.420000076293945,21.649999618530273,20.959999084472656,21.1200008392334,1941100,0.0,0.0
2024-11-07 00:00:00+03:00,21.299999237060547,21.649999618530273,20.90999984741211,21.100000381469727,2667790,0.0,0.0
2024-11-08 00:00:00+03:00,21.15999984741211,21.600000381469727,21.09000015258789,21.3799991607666,2375280,0.0,0.0
2024-11-11 00:00:00+03:00,21.899999618530273,21.950000762939453,21.559999465942383,21.559999465942383,1920870,0.0,0.0
2024-11-12 00:00:00+03:00,20.040000915527344,21.399999618530273,20.040000915527344,20.43000030517578,3554050,0.0,0.0
2024-11-13 00:00:00+03:00,20.459999084472656,20.799999237060547,20.43000030517578,20.6200008392334,1993020,0.0,0.0
2024-11-14 00:00:00+03:00,20.75,20.790000915527344,20.25,20.290000915527344,2078900,0.0,0.0
2024-11-15 00:00:00+03:00,20.290000915527344,20.649999618530273,20.020000457763672,20.079999923706055,2182770,0.0,0.0
2024-11-18 00:00:00+03:00,20.18000030517578,20.600000381469727,20.149999618530273,20.420000076293945,2120350,0.0,0.0
2024-11-19 00:00:00+03:00,20.549999237060547,20.6299991607666,19.690000534057617,19.81999969482422,1874340,0.0,0.0
2024-11-20 00:00:00+03:00,19.899999618530273,19.899999618530273,19.030000686645508,19.1299991607666,1811530,0.0,0.0
2024-11-21 00:00:00+03:00,19.1299991607666,20.559999465942383,19.0,20.200000762939453,4268370,0.0,0.0
2024-11-22 00:00:00+03:00,20.899999618530273,22.0,20.5,21.329999923706055,8855060,0.0,0.0
2024-11-25 00:00:00+03:00,21.350000381469727,21.6200008392334,20.760000228881836,20.81999969482422,4479730,0.0,0.0
2024-11-26 00:00:00+03:00,20.860000610351562,21.040000915527344,20.290000915527344,20.360000610351562,2989160,0.0,0.0
2024-11-27 00:00:00+03:00,20.459999084472656,21.459999084472656,20.399999618530273,21.06999969482422,7567700,0.0,0.0
2024-11-28 00:00:00+03:00,21.399999618530273,22.299999237060547,20.139999389648438,20.31999969482422,5613161,0.0,10.0
2024-11-29 00:00:00+03:00,20.31999969482422,20.34000015258789,19.420000076293945,19.670000076293945,2981325,0.0,0.0
2024-12-02 00:00:00+03:00,19.670000076293945,19.670000076293945,18.940000534057617,19.18000030517578,2690503,0.0,0.0
2024-12-03 00:00:00+03:00,19.18000030517578,19.420000076293945,18.799999237060547,18.899999618530273,2778341,0.0,0.0
2024-12-04 00:00:00+03:00,19.010000228881836,19.059999465942383,18.43000030517578,18.610000610351562,3257371,0.0,0.0
2024-12-05 00:00:00+03:00,18.760000228881836,18.850000381469727,18.5,18.780000686645508,2196404,0.0,0.0
2024-12-06 00:00:00+03:00,18.84000015258789,18.84000015258789,18.579999923706055,18.780000686645508,1962710,0.0,0.0
2024-12-09 00:00:00+03:00,18.950000762939453,19.899999618530273,18.780000686645508,19.540000915527344,7030212,0.0,0.0
2024-12-10 00:00:00+03:00,19.540000915527344,19.610000610351562,18.799999237060547,18.950000762939453,2715331,0.0,0.0
2024-12-11 00:00:00+03:00,18.950000762939453,19.100000381469727,18.450000762939453,18.459999084472656,1516714,0.0,0.0
2024-12-12 00:00:00+03:00,18.459999084472656,18.6299991607666,18.18000030517578,18.25,2029583,0.0,0.0
2024-12-13 00:00:00+03:00,18.229999542236328,18.299999237060547,17.809999465942383,18.270000457763672,1789533,0.0,0.0
2024-12-16 00:00:00+03:00,18.440000534057617,18.75,18.309999465942383,18.360000610351562,1983043,0.0,0.0
2024-12-17 00:00:00+03:00,18.360000610351562,18.479999542236328,18.049999237060547,18.06999969482422,1060975,0.0,0.0
2024-12-18 00:00:00+03:00,18.06999969482422,18.389999389648438,17.799999237060547,17.850000381469727,1353956,0.0,0.0
2024-12-19 00:00:00+03:00,17.850000381469727,17.959999084472656,17.399999618530273,17.610000610351562,1043182,0.0,0.0
2024-12-20 00:00:00+03:00,17.6299991607666,17.690000534057617,17.299999237060547,17.43000030517578,920777,0.0,0.0
2024-12-23 00:00:00+03:00,17.450000762939453,18.190000534057617,17.260000228881836,17.579999923706055,1790050,0.0,0.0
2024-12-24 00:00:00+03:00,17.59000015258789,19.329999923706055,17.530000686645508,19.329999923706055,9431794,0.0,0.0
2024-12-25 00:00:00+03:00,20.1200008392334,20.780000686645508,19.459999084472656,19.510000228881836,8693588,0.0,0.0
2024-12-26 00:00:00+03:00,19.530000686645508,20.440000534057617,18.899999618530273,18.899999618530273,7345824,0.0,0.0
2024-12-27 00:00:00+03:00,19.0,20.15999984741211,18.899999618530273,19.079999923706055,5338523,0.0,0.0
2024-12-30 00:00:00+03:00,19.190000534057617,19.59000015258789,18.690000534057617,18.709999084472656,4957045,0.0,0.0
2024-12-31 00:00:00+03:00,18.739999771118164,18.84000015258789,18.280000686645508,18.540000915527344,1967994,0.0,0.0
2025-01-02 00:00:00+03:00,18.579999923706055,18.770000457763672,18.010000228881836,18.389999389648438,2180734,0.0,0.0
2025-01-03 00:00:00+03:00,18.399999618530273,18.790000915527344,18.149999618530273,18.549999237060547,2342909,0.0,0.0
2025-01-06 00:00:00+03:00,18.549999237060547,18.93000030517578,18.5,18.719999313354492,2036270,0.0,0.0
2025-01-07 00:00:00+03:00,18.739999771118164,18.799999237060547,18.3799991607666,18.420000076293945,1442350,0.0,0.0
2025-01-08 00:00:00+03:00,18.440000534057617,18.510000228881836,18.049999237060547,18.219999313354492,1626096,0.0,0.0
2025-01-09 00:00:00+03:00,18.219999313354492,18.6299991607666,18.219999313354492,18.399999618530273,1249482,0.0,0.0
2025-01-10 00:00:00+03:00,18.399999618530273,19.420000076293945,18.399999618530273,18.520000457763672,7340633,0.0,0.0
2025-01-13 00:00:00+03:00,18.530000686645508,18.75,17.809999465942383,18.059999465942383,2037791,0.0,0.0
2025-01-14 00:00:00+03:00,18.059999465942383,18.200000762939453,17.81999969482422,17.93000030517578,1147753,0.0,0.0
2025-01-15 00:00:00+03:00,17.969999313354492,18.09000015258789,17.799999237060547,17.940000534057617,952461,0.0,0.0
2025-01-16 00:00:00+03:00,18.100000381469727,18.1299991607666,17.729999542236328,18.020000457763672,1228322,0.0,0.0
2025-01-17 00:00:00+03:00,18.020000457763672,18.079999923706055,17.790000915527344,17.860000610351562,1287047,0.0,0.0
2025-01-20 00:00:00+03:00,17.969999313354492,18.290000915527344,17.799999237060547,18.040000915527344,1744034,0.0,0.0
2025-01-21 00:00:00+03:00,18.0,18.010000228881836,17.739999771118164,17.75,924652,0.0,0.0
2025-01-22 00:00:00+03:00,17.889999389648438,17.889999389648438,17.56999969482422,17.649999618530273,883419,0.0,0.0
2025-01-23 00:00:00+03:00,17.729999542236328,18.149999618530273,17.5,17.799999237060547,1389034,0.0,0.0
2025-01-24 00:00:00+03:00,17.799999237060547,18.149999618530273,17.5,18.030000686645508,1442579,0.0,0.0
2025-01-27 00:00:00+03:00,18.139999389648438,18.280000686645508,17.799999237060547,17.8799991607666,1611586,0.0,0.0
2025-01-28 00:00:00+03:00,17.8799991607666,18.1299991607666,17.760000228881836,18.09000015258789,1452342,0.0,0.0
2025-01-29 00:00:00+03:00,18.09000015258789,18.15999984741211,17.760000228881836,17.790000915527344,987479,0.0,0.0
2025-01-30 00:00:00+03:00,17.760000228881836,17.889999389648438,17.600000381469727,17.610000610351562,894560,0.0,0.0
2025-01-31 00:00:00+03:00,17.6299991607666,17.690000534057617,17.43000030517578,17.43000030517578,843402,0.0,0.0
2025-02-03 00:00:00+03:00,17.299999237060547,17.40999984741211,16.5,16.899999618530273,952396,0.0,0.0
2025-02-04 00:00:00+03:00,16.899999618530273,17.100000381469727,16.799999237060547,16.8700008392334,766903,0.0,0.0
2025-02-05 00:00:00+03:00,16.8799991607666,17.190000534057617,16.299999237060547,16.600000381469727,987496,0.0,0.0
2025-02-06 00:00:00+03:00,16.5,16.719999313354492,16.3700008392334,16.440000534057617,1637667,0.0,0.0
2025-02-07 00:00:00+03:00,16.440000534057617,16.989999771118164,16.329999923706055,16.90999984741211,1521642,0.0,0.0
2025-02-10 00:00:00+03:00,17.0,17.100000381469727,16.540000915527344,16.6200008392334,1210862,0.0,0.0
2025-02-11 00:00:00+03:00,16.6200008392334,16.649999618530273,16.0,16.299999237060547,1457745,0.0,0.0
2025-02-12 00:00:00+03:00,16.299999237060547,16.40999984741211,15.649999618530273,15.649999618530273,1907516,0.0,0.0
2025-02-13 00:00:00+03:00,15.65999984741211,17.209999084472656,15.550000190734863,16.65999984741211,9311178,0.0,0.0
2025-02-14 00:00:00+03:00,16.639999389648438,16.639999389648438,15.979999542236328,15.979999542236328,4168367,0.0,0.0
2025-02-17 00:00:00+03:00,15.960000038146973,16.139999389648438,15.829999923706055,15.829999923706055,1308750,0.0,0.0
2025-02-18 00:00:00+03:00,15.829999923706055,17.079999923706055,15.800000190734863,16.260000228881836,6780429,0.0,0.0
2025-02-19 00:00:00+03:00,16.260000228881836,16.770000457763672,15.979999542236328,16.350000381469727,3901904,0.0,0.0
2025-02-20 00:00:00+03:00,16.350000381469727,16.450000762939453,16.15999984741211,16.299999237060547,2197559,0.0,0.0
2025-02-21 00:00:00+03:00,16.399999618530273,16.950000762939453,16.110000610351562,16.350000381469727,4210748,0.0,0.0
2025-02-24 00:00:00+03:00,16.389999389648438,16.540000915527344,15.579999923706055,16.1299991607666,1876336,0.0,0.0
2025-02-25 00:00:00+03:00,16.1299991607666,16.149999618530273,15.529999732971191,15.670000076293945,1433638,0.0,0.0
2025-02-26 00:00:00+03:00,15.710000038146973,16.559999465942383,15.710000038146973,16.219999313354492,3992100,0.0,0.0
2025-02-27 00:00:00+03:00,16.049999237060547,16.489999771118164,16.010000228881836,16.239999771118164,1556302,0.0,0.0
2025-02-28 00:00:00+03:00,16.25,16.399999618530273,15.989999771118164,16.06999969482422,1378592,0.0,0.0
2025-03-03 00:00:00+03:00,16.040000915527344,16.209999084472656,15.859999656677246,15.90999984741211,1902066,0.0,0.0
2025-03-04 00:00:00+03:00,16.059999465942383,16.190000534057617,15.630000114440918,15.699999809265137,1238078,0.0,0.0
2025-03-05 00:00:00+03:00,15.699999809265137,16.459999084472656,15.3100004196167,16.1299991607666,3116675,0.0,0.0
2025-03-06 00:00:00+03:00,16.1200008392334,17.280000686645508,16.1200008392334,16.84000015258789,5246925,0.0,0.0
2025-03-07 00:00:00+03:00,16.450000762939453,16.940000534057617,16.229999542236328,16.860000610351562,3123250,0.0,0.0
2025-03-10 00:00:00+03:00,16.700000762939453,17.280000686645508,16.700000762939453,17.139999389648438,2016152,0.0,0.0
2025-03-11 00:00:00+03:00,16.610000610351562,17.100000381469727,16.610000610351562,17.0,1618257,0.0,0.0
2025-03-12 00:00:00+03:00,17.25,18.299999237060547,17.020000457763672,17.600000381469727,11145011,0.0,0.0
2025-03-13 00:00:00+03:00,17.600000381469727,17.600000381469727,17.040000915527344,17.280000686645508,4662600,0.0,0.0
2025-03-14 00:00:00+03:00,17.3799991607666,17.530000686645508,17.170000076293945,17.229999542236328,2343147,0.0,0.0
2025-03-17 00:00:00+03:00,17.299999237060547,18.309999465942383,17.260000228881836,17.65999984741211,7488770,0.0,0.0
2025-03-18 00:00:00+03:00,17.65999984741211,17.65999984741211,17.139999389648438,17.399999618530273,3084044,0.0,0.0
2025-03-19 00:00:00+03:00,16.06999969482422,16.889999389648438,15.65999984741211,15.65999984741211,2276357,0.0,0.0
2025-03-20 00:00:00+03:00,15.520000457763672,16.280000686645508,15.020000457763672,15.600000381469727,2984465,0.0,0.0
2025-03-21 00:00:00+03:00,15.4399995803833,15.5,14.069999694824219,14.3100004196167,1744025,0.0,0.0
2025-03-24 00:00:00+03:00,14.329999923706055,14.899999618530273,13.640000343322754,14.390000343322754,1724839,0.0,0.0
2025-03-25 00:00:00+03:00,14.649999618530273,15.0,14.460000038146973,14.920000076293945,2300687,0.0,0.0
2025-03-26 00:00:00+03:00,14.920000076293945,15.149999618530273,14.619999885559082,14.949999809265137,1051461,0.0,0.0
2025-03-27 00:00:00+03:00,14.949999809265137,15.270000457763672,14.850000381469727,14.949999809265137,914938,0.0,0.0
2025-03-28 00:00:00+03:00,14.949999809265137,15.109999656677246,14.5,15.069999694824219,767713,0.0,0.0
2025-04-02 00:00:00+03:00,15.069999694824219,15.399999618530273,14.949999809265137,15.149999618530273,934332,0.0,0.0
2025-04-03 00:00:00+03:00,15.180000305175781,15.880000114440918,15.180000305175781,15.229999542236328,1915258,0.0,0.0
2025-04-04 00:00:00+03:00,15.34000015258789,15.34000015258789,14.90999984741211,15.0,1090411,0.0,0.0
2025-04-07 00:00:00+03:00,14.600000381469727,15.579999923706055,14.119999885559082,15.199999809265137,2154193,0.0,0.0
2025-04-08 00:00:00+03:00,15.25,15.369999885559082,15.100000381469727,15.170000076293945,1356932,0.0,0.0
2025-04-09 00:00:00+03:00,15.170000076293945,15.449999809265137,14.920000076293945,15.020000457763672,2194292,0.0,0.0
2025-04-10 00:00:00+03:00,15.329999923706055,15.5,15.140000343322754,15.15999984741211,1449866,0.0,0.0
2025-04-11 00:00:00+03:00,15.220000267028809,15.289999961853027,14.970000267028809,15.15999984741211,1710278,0.0,0.0
2025-04-14 00:00:00+03:00,15.260000228881836,15.390000343322754,15.140000343322754,15.149999618530273,1256482,0.0,0.0
2025-04-15 00:00:00+03:00,15.260000228881836,15.289999961853027,15.0600004196167,15.149999618530273,1081417,0.0,0.0
2025-04-16 00:00:00+03:00,15.149999618530273,15.180000305175781,14.630000114440918,14.770000457763672,1765938,0.0,0.0
2025-04-17 00:00:00+03:00,14.770000457763672,15.0600004196167,14.550000190734863,14.899999618530273,1731009,0.0,0.0
2025-04-18 00:00:00+03:00,14.899999618530273,14.899999618530273,14.489999771118164,14.729999542236328,1120088,0.0,0.0
2025-04-21 00:00:00+03:00,14.800000190734863,14.930000305175781,14.510000228881836,14.649999618530273,1217608,0.0,0.0
2025-04-22 00:00:00+03:00,14.649999618530273,14.739999771118164,14.430000305175781,14.5,870151,0.0,0.0
2025-04-24 00:00:00+03:00,14.5,14.75,14.40999984741211,14.630000114440918,840493,0.0,0.0
2025-04-25 00:00:00+03:00,14.649999618530273,14.9399995803833,14.640000343322754,14.779999732971191,1342215,0.0,0.0
2025-04-28 00:00:00+03:00,14.779999732971191,14.8100004196167,14.390000343322754,14.430000305175781,1138812,0.0,0.0
2025-04-29 00:00:00+03:00,14.40999984741211,14.510000228881836,14.130000114440918,14.510000228881836,881253,0.0,0.0
2025-04-30 00:00:00+03:00,14.479999542236328,15.380000114440918,14.239999771118164,14.520000457763672,6834196,0.0,0.0
2025-05-02 00:00:00+03:00,14.600000381469727,14.600000381469727,14.0,14.199999809265137,1778159,0.0,0.0
2025-05-05 00:00:00+03:00,14.25,14.40999984741211,13.569999694824219,13.920000076293945,1422420,0.0,0.0
2025-05-06 00:00:00+03:00,14.029999732971191,14.119999885559082,13.859999656677246,13.920000076293945,796663,0.0,0.0
2025-05-07 00:00:00+03:00,13.920000076293945,14.020000457763672,13.619999885559082,13.670000076293945,1255572,0.0,0.0
2025-05-08 00:00:00+03:00,13.699999809265137,13.899999618530273,13.609999656677246,13.670000076293945,1074693,0.0,0.0
2025-05-09 00:00:00+03:00,13.970000267028809,14.199999809265137,13.729999542236328,14.109999656677246,1597131,0.0,0.0
2025-05-12 00:00:00+03:00,14.180000305175781,14.350000381469727,14.149999618530273,14.260000228881836,1610882,0.0,0.0
2025-05-13 00:00:00+03:00,14.0,14.020000457763672,13.600000381469727,13.90999984741211,2385190,0.0,0.0
2025-05-14 00:00:00+03:00,13.90999984741211,14.069999694824219,13.760000228881836,13.960000038146973,1527221,0.0,0.0
2025-05-15 00:00:00+03:00,14.149999618530273,14.229999542236328,13.859999656677246,14.0,1468065,0.0,0.0
2025-05-16 00:00:00+03:00,14.0,15.25,13.869999885559082,14.989999771118164,11065867,0.0,0.0
2025-05-20 00:00:00+03:00,14.699999809265137,15.470000267028809,14.430000305175781,14.430000305175781,7347305,0.0,0.0
2025-05-21 00:00:00+03:00,14.5,14.600000381469727,14.140000343322754,14.140000343322754,1552968,0.0,0.0
2025-05-22 00:00:00+03:00,14.140000343322754,14.479999542236328,13.90999984741211,14.369999885559082,2004871,0.0,0.0
2025-05-23 00:00:00+03:00,14.369999885559082,15.800000190734863,14.100000381469727,15.800000190734863,8289782,0.0,0.0
2025-05-26 00:00:00+03:00,16.399999618530273,16.90999984741211,15.050000190734863,15.100000381469727,15486022,0.0,0.0
2025-05-27 00:00:00+03:00,15.109999656677246,16.610000610351562,15.0,15.890000343322754,12475205,0.0,0.0
2025-05-28 00:00:00+03:00,15.899999618530273,16.15999984741211,15.520000457763672,15.720000267028809,3963128,0.0,0.0
2025-05-29 00:00:00+03:00,15.710000038146973,16.450000762939453,15.699999809265137,16.040000915527344,4275938,0.0,0.0
2025-05-30 00:00:00+03:00,16.049999237060547,17.43000030517578,16.049999237060547,16.81999969482422,10003923,0.0,0.0
2025-06-02 00:00:00+03:00,16.8700008392334,18.5,16.399999618530273,18.5,12336937,0.0,0.0
2025-06-03 00:00:00+03:00,19.329999923706055,19.75,17.360000610351562,17.600000381469727,29519201,0.0,0.0
2025-06-04 00:00:00+03:00,17.399999618530273,18.09000015258789,17.020000457763672,17.030000686645508,6953781,0.0,0.0
2025-06-05 00:00:00+03:00,16.940000534057617,17.100000381469727,16.549999237060547,16.600000381469727,2406256,0.0,0.0
2025-06-10 00:00:00+03:00,16.649999618530273,16.8700008392334,16.139999389648438,16.239999771118164,4205557,0.0,0.0
2025-06-11 00:00:00+03:00,16.239999771118164,16.549999237060547,16.040000915527344,16.15999984741211,3933934,0.0,0.0
2025-06-12 00:00:00+03:00,16.139999389648438,16.5,15.729999542236328,15.779999732971191,4924190,0.0,0.0
2025-06-13 00:00:00+03:00,15.149999618530273,15.3100004196167,14.569999694824219,15.239999771118164,3200322,0.0,0.0
2025-06-16 00:00:00+03:00,15.239999771118164,16.149999618530273,15.020000457763672,15.510000228881836,3412739,0.0,0.0
2025-06-17 00:00:00+03:00,15.569999694824219,15.65999984741211,15.260000228881836,15.319999694824219,2131809,0.0,0.0
2025-06-18 00:00:00+03:00,15.239999771118164,15.399999618530273,14.710000038146973,14.859999656677246,2634120,0.0,0.0
2025-06-19 00:00:00+03:00,14.850000381469727,15.0,14.300000190734863,14.350000381469727,1550812,0.0,0.0
2025-06-20 00:00:00+03:00,14.489999771118164,14.84000015258789,14.350000381469727,14.539999961853027,2115971,0.0,0.0
2025-06-23 00:00:00+03:00,14.539999961853027,14.539999961853027,13.970000267028809,14.170000076293945,1651396,0.0,0.0
2025-06-24 00:00:00+03:00,14.5,15.069999694824219,14.1899995803833,14.760000228881836,3379221,0.0,0.0
2025-06-25 00:00:00+03:00,14.850000381469727,15.25,14.739999771118164,14.8100004196167,1916920,0.0,0.0
2025-06-26 00:00:00+03:00,14.8100004196167,15.680000305175781,14.75,15.1899995803833,5441651,0.0,0.0
2025-06-27 00:00:00+03:00,15.220000267028809,15.279999732971191,14.800000190734863,14.90999984741211,1643063,0.0,0.0
2025-06-30 00:00:00+03:00,15.050000190734863,15.420000076293945,14.869999885559082,15.350000381469727,2344573,0.0,0.0
2025-07-01 00:00:00+03:00,15.40999984741211,15.899999618530273,15.300000190734863,15.699999809265137,2044696,0.0,0.0
2025-07-02 00:00:00+03:00,15.970000267028809,16.100000381469727,15.600000381469727,15.899999618530273,2985247,0.0,0.0
2025-07-03 00:00:00+03:00,16.0,17.270000457763672,15.90999984741211,16.600000381469727,5386189,0.0,0.0
2025-07-04 00:00:00+03:00,16.700000762939453,16.739999771118164,16.079999923706055,16.25,2878147,0.0,0.0
2025-07-07 00:00:00+03:00,16.100000381469727,16.389999389648438,15.760000228881836,16.3700008392334,1622282,0.0,0.0
2025-07-08 00:00:00+03:00,16.489999771118164,16.540000915527344,15.970000267028809,16.149999618530273,1761865,0.0,0.0
2025-07-09 00:00:00+03:00,16.18000030517578,16.719999313354492,15.90999984741211,16.639999389648438,4648883,0.0,0.0
2025-07-10 00:00:00+03:00,16.639999389648438,18.299999237060547,16.600000381469727,18.299999237060547,10776840,0.0,0.0
2025-07-11 00:00:00+03:00,18.700000762939453,19.5,16.469999313354492,16.469999313354492,22935439,0.0,0.0
2025-07-14 00:00:00+03:00,16.0,16.239999771118164,15.550000190734863,15.880000114440918,8343560,0.0,0.0
2025-07-16 00:00:00+03:00,15.949999809265137,16.18000030517578,15.359999656677246,15.829999923706055,5991196,0.0,0.0
2025-07-17 00:00:00+03:00,15.989999771118164,16.010000228881836,15.75,15.84000015258789,4098097,0.0,0.0
2025-07-18 00:00:00+03:00,15.84000015258789,15.899999618530273,15.640000343322754,15.680000305175781,3517283,0.0,0.0
2025-07-21 00:00:00+03:00,15.770000457763672,15.899999618530273,15.6899995803833,15.789999961853027,2820540,0.0,0.0
2025-07-22 00:00:00+03:00,15.789999961853027,16.290000915527344,15.75,16.09000015258789,5748012,0.0,0.0
2025-07-23 00:00:00+03:00,16.09000015258789,16.170000076293945,15.84000015258789,15.869999885559082,2432030,0.0,0.0
2025-07-24 00:00:00+03:00,15.979999542236328,16.06999969482422,15.779999732971191,15.949999809265137,2498884,0.0,0.0
2025-07-25 00:00:00+03:00,16.020000457763672,16.059999465942383,15.760000228881836,15.850000381469727,3378712,0.0,0.0
2025-07-28 00:00:00+03:00,15.949999809265137,16.600000381469727,15.859999656677246,16.34000015258789,4664658,0.0,0.0
2025-07-29 00:00:00+03:00,16.360000610351562,17.09000015258789,16.360000610351562,16.5,7871101,0.0,0.0
2025-07-30 00:00:00+03:00,16.549999237060547,16.610000610351562,16.1299991607666,16.270000457763672,3069628,0.0,0.0
2025-07-31 00:00:00+03:00,16.270000457763672,16.559999465942383,16.270000457763672,16.3799991607666,1874374,0.0,0.0
2025-08-01 00:00:00+03:00,16.3799991607666,16.559999465942383,16.270000457763672,16.290000915527344,1918312,0.0,0.0
2025-08-04 00:00:00+03:00,16.299999237060547,16.6299991607666,16.299999237060547,16.520000457763672,2232345,0.0,0.0
2025-08-05 00:00:00+03:00,16.59000015258789,16.950000762939453,16.43000030517578,16.600000381469727,3576482,0.0,0.0
2025-08-06 00:00:00+03:00,16.600000381469727,17.950000762939453,16.559999465942383,17.399999618530273,9148833,0.0,0.0
2025-08-07 00:00:00+03:00,17.459999084472656,17.8799991607666,17.200000762939453,17.200000762939453,4834085,0.0,0.0
2025-08-08 00:00:00+03:00,17.200000762939453,18.219999313354492,17.200000762939453,17.75,7389385,0.0,0.0
2025-08-11 00:00:00+03:00,17.799999237060547,18.739999771118164,17.799999237060547,17.979999542236328,5157120,0.0,0.0
2025-08-12 00:00:00+03:00,18.0,18.059999465942383,17.40999984741211,17.6299991607666,3218747,0.0,0.0
2025-08-13 00:00:00+03:00,17.690000534057617,18.040000915527344,17.360000610351562,17.600000381469727,4701407,0.0,0.0
2025-08-14 00:00:00+03:00,17.6200008392334,17.93000030517578,16.850000381469727,16.899999618530273,2930078,0.0,0.0
2025-08-15 00:00:00+03:00,16.899999618530273,17.34000015258789,16.899999618530273,17.229999542236328,2014393,0.0,0.0
2025-08-18 00:00:00+03:00,17.479999542236328,17.700000762939453,17.09000015258789,17.700000762939453,2411108,0.0,0.0
2025-08-19 00:00:00+03:00,17.700000762939453,17.979999542236328,17.329999923706055,17.329999923706055,3865029,0.0,0.0
2025-08-20 00:00:00+03:00,17.239999771118164,18.540000915527344,17.110000610351562,17.920000076293945,14457320,0.0,0.0
2025-08-21 00:00:00+03:00,18.030000686645508,18.260000228881836,17.5,18.010000228881836,5859008,0.0,0.0
2025-08-22 00:00:00+03:00,18.049999237060547,18.200000762939453,17.610000610351562,17.729999542236328,2477626,0.0,0.0
2025-08-25 00:00:00+03:00,17.950000762939453,18.600000381469727,17.899999618530273,18.450000762939453,4845333,0.0,0.0
2025-08-26 00:00:00+03:00,18.670000076293945,19.010000228881836,18.219999313354492,18.700000762939453,6976405,0.0,0.0
2025-08-27 00:00:00+03:00,18.81999969482422,18.8700008392334,18.010000228881836,18.149999618530273,3077410,0.0,0.0
2025-08-28 00:00:00+03:00,18.149999618530273,19.299999237060547,18.020000457763672,18.600000381469727,8880362,0.0,0.0
2025-08-29 00:00:00+03:00,18.450000762939453,18.739999771118164,18.030000686645508,18.040000915527344,2851494,0.0,0.0
2025-09-01 00:00:00+03:00,18.100000381469727,18.790000915527344,18.030000686645508,18.229999542236328,6290084,0.0,0.0
2025-09-02 00:00:00+03:00,18.299999237060547,18.8700008392334,17.25,17.690000534057617,6787317,0.0,0.0
2025-09-03 00:00:00+03:00,17.700000762939453,18.579999923706055,17.15999984741211,17.84000015258789,10653258,0.0,0.0
2025-09-04 00:00:00+03:00,17.84000015258789,18.09000015258789,17.75,17.84000015258789,2799867,0.0,0.0
2025-09-05 00:00:00+03:00,17.950000762939453,18.479999542236328,17.670000076293945,18.010000228881836,7574993,0.0,0.0
2025-09-08 00:00:00+03:00,18.0,18.0,17.139999389648438,17.15999984741211,2692335,0.0,0.0
2025-09-09 00:00:00+03:00,17.25,17.489999771118164,16.75,17.0,4048524,0.0,0.0
2025-09-10 00:00:00+03:00,17.149999618530273,17.40999984741211,16.860000610351562,16.93000030517578,4229505,0.0,0.0
2025-09-11 00:00:00+03:00,16.950000762939453,17.079999923706055,16.329999923706055,16.360000610351562,3285404,0.0,0.0
2025-09-12 00:00:00+03:00,16.360000610351562,16.510000228881836,15.890000343322754,16.15999984741211,3341741,0.0,0.0
2025-09-15 00:00:00+03:00,16.200000762939453,17.440000534057617,15.880000114440918,17.299999237060547,3883945,0.0,0.0
2025-09-16 00:00:00+03:00,17.399999618530273,17.649999618530273,17.200000762939453,17.540000915527344,2683247,0.0,0.0
2025-09-17 00:00:00+03:00,17.540000915527344,17.700000762939453,17.25,17.34000015258789,1733207,0.0,0.0
2025-09-18 00:00:00+03:00,17.459999084472656,19.010000228881836,17.350000381469727,18.510000228881836,15609407,0.0,0.0
2025-09-19 00:00:00+03:00,18.520000457763672,18.940000534057617,18.290000915527344,18.700000762939453,3614375,0.0,0.0
2025-09-22 00:00:00+03:00,18.959999084472656,19.459999084472656,18.549999237060547,19.459999084472656,5997038,0.0,0.0
2025-09-23 00:00:00+03:00,19.450000762939453,19.93000030517578,18.479999542236328,19.93000030517578,11523569,0.0,0.0
2025-09-24 00:00:00+03:00,19.959999084472656,21.920000076293945,19.399999618530273,21.139999389648438,32205500,0.0,0.0
2025-09-25 00:00:00+03:00,21.239999771118164,21.479999542236328,19.760000228881836,19.760000228881836,9956543,0.0,0.0
2025-09-26 00:00:00+03:00,19.75,20.059999465942383,18.260000228881836,18.670000076293945,8214755,0.0,0.0
2025-09-29 00:00:00+03:00,18.6200008392334,19.700000762939453,18.299999237060547,18.81999969482422,7498247,0.0,0.0
2025-09-30 00:00:00+03:00,18.989999771118164,19.020000457763672,18.579999923706055,18.639999389648438,3028744,0.0,0.0
2025-10-01 00:00:00+03:00,18.68000030517578,18.899999618530273,18.09000015258789,18.450000762939453,3523988,0.0,0.0
2025-10-02 00:00:00+03:00,18.450000762939453,20.260000228881836,18.09000015258789,19.799999237060547,13379673,0.0,0.0
2025-10-03 00:00:00+03:00,20.0,20.700000762939453,19.34000015258789,19.979999542236328,12104138,0.0,0.0
2025-10-06 00:00:00+03:00,20.139999389648438,21.18000030517578,19.59000015258789,19.59000015258789,6795921,0.0,0.0
2025-10-07 00:00:00+03:00,19.59000015258789,20.239999771118164,19.049999237060547,19.700000762939453,6359228,0.0,0.0
2025-10-08 00:00:00+03:00,19.719999313354492,20.040000915527344,18.200000762939453,18.280000686645508,8511929,0.0,0.0
2025-10-09 00:00:00+03:00,18.31999969482422,18.719999313354492,18.040000915527344,18.100000381469727,4738696,0.0,0.0
2025-10-10 00:00:00+03:00,18.149999618530273,18.899999618530273,18.100000381469727,18.399999618530273,7215422,0.0,0.0
2025-10-13 00:00:00+03:00,18.149999618530273,20.239999771118164,18.110000610351562,20.239999771118164,10194125,0.0,0.0
2025-10-14 00:00:00+03:00,20.899999618530273,22.260000228881836,20.520000457763672,22.260000228881836,14947063,0.0,0.0
2025-10-15 00:00:00+03:00,22.920000076293945,24.479999542236328,22.700000762939453,24.479999542236328,9146105,0.0,0.0
2025-10-16 00:00:00+03:00,26.420000076293945,26.920000076293945,25.959999084472656,26.920000076293945,4910750,0.0,0.0
2025-10-17 00:00:00+03:00,29.600000381469727,29.600000381469727,29.600000381469727,29.600000381469727,4355871,0.0,0.0
2025-10-20 00:00:00+03:00,32.5,32.5,26.639999389648438,26.639999389648438,31037573,0.0,0.0
2025-10-21 00:00:00+03:00,25.0,29.299999237060547,24.299999237060547,29.299999237060547,16790003,0.0,0.0
2025-10-22 00:00:00+03:00,31.799999237060547,32.220001220703125,27.0,32.220001220703125,6998265,0.0,0.0
2025-10-23 00:00:00+03:00,32.5,34.63999938964844,29.0,29.0,6559623,0.0,0.0
2025-10-24 00:00:00+03:00,27.260000228881836,31.899999618530273,27.260000228881836,29.600000381469727,3045939,0.0,0.0
2025-10-27 00:00:00+03:00,28.5,32.560001373291016,27.100000381469727,32.560001373291016,3733764,0.0,0.0
2025-10-28 00:00:00+03:00,35.5,35.79999923706055,33.81999969482422,35.79999923706055,2992462,0.0,0.0
2025-10-30 00:00:00+03:00,35.779998779296875,39.380001068115234,35.0,39.380001068115234,5027904,0.0,0.0
2025-10-31 00:00:00+03:00,39.380001068115234,43.08000183105469,37.41999816894531,40.380001068115234,4495538,0.0,0.0
2025-11-03 00:00:00+03:00,40.36000061035156,43.0,38.5,40.900001525878906,3442202,0.0,0.0
2025-11-04 00:00:00+03:00,39.0,42.0,38.5,38.5,2367588,0.0,0.0
2025-11-05 00:00:00+03:00,38.0,40.119998931884766,36.400001525878906,38.52000045776367,3016085,0.0,0.0
2025-11-06 00:00:00+03:00,39.720001220703125,41.900001525878906,38.97999954223633,41.5,1926740,0.0,0.0
2025-11-07 00:00:00+03:00,41.97999954223633,42.0,39.29999923706055,40.0,1368008,0.0,0.0
2025-11-10 00:00:00+03:00,39.0,40.400001525878906,37.2599983215332,37.29999923706055,1100137,0.0,0.0
2025-11-11 00:00:00+03:00,35.400001525878906,40.0,33.70000076293945,39.380001068115234,2371930,0.0,0.0
2025-11-12 00:00:00+03:00,38.91999816894531,38.91999816894531,37.060001373291016,37.060001373291016,1091422,0.0,0.0
2025-11-13 00:00:00+03:00,34.0,36.36000061035156,34.0,34.599998474121094,770729,0.0,0.0
2025-11-14 00:00:00+03:00,33.91999816894531,33.91999816894531,32.060001373291016,32.5,941084,0.0,0.0
2025-11-17 00:00:00+03:00,32.5,35.70000076293945,31.260000228881836,35.2400016784668,795658,0.0,0.0
2025-11-18 00:00:00+03:00,34.900001525878906,38.0,33.81999969482422,37.959999084472656,822986,0.0,0.0
2025-11-19 00:00:00+03:00,37.959999084472656,39.5,36.79999923706055,37.040000915527344,863516,0.0,0.0
2025-11-20 00:00:00+03:00,37.040000915527344,38.2400016784668,35.5,38.0,823310,0.0,0.0
2025-11-21 00:00:00+03:00,37.65999984741211,38.540000915527344,36.720001220703125,38.18000030517578,610769,0.0,0.0
2025-11-24 00:00:00+03:00,38.18000030517578,38.18000030517578,36.279998779296875,36.939998626708984,692310,0.0,0.0
2025-11-25 00:00:00+03:00,36.0,36.5,35.02000045776367,35.79999923706055,742796,0.0,0.0
2025-11-26 00:00:00+03:00,35.79999923706055,38.08000183105469,34.099998474121094,37.720001220703125,1009074,0.0,0.0
2025-11-27 00:00:00+03:00,37.380001068115234,40.0,36.560001373291016,39.599998474121094,742167,0.0,0.0
2025-11-28 00:00:00+03:00,39.279998779296875,42.5,39.20000076293945,41.68000030517578,1435106,0.0,0.0
2025-12-01 00:00:00+03:00,41.599998474121094,42.279998779296875,39.5,41.060001373291016,1053891,0.0,0.0
2025-12-02 00:00:00+03:00,40.5,45.15999984741211,39.599998474121094,45.15999984741211,1621764,0.0,0.0
2025-12-03 00:00:00+03:00,45.15999984741211,49.65999984741211,45.15999984741211,49.65999984741211,1327206,0.0,0.0
2025-12-04 00:00:00+03:00,52.150001525878906,54.599998474121094,50.29999923706055,52.95000076293945,2499429,0.0,0.0
2025-12-05 00:00:00+03:00,47.70000076293945,56.20000076293945,47.65999984741211,54.099998474121094,1448539,0.0,0.0
2025-12-08 00:00:00+03:00,51.0,51.0,49.5,49.5,455455,0.0,0.0
2025-12-09 00:00:00+03:00,46.599998474121094,46.599998474121094,45.0,45.7400016784668,2059520,0.0,0.0
2025-12-10 00:00:00+03:00,47.040000915527344,50.29999923706055,47.040000915527344,50.29999923706055,1489131,0.0,0.0
2025-12-11 00:00:00+03:00,51.20000076293945,54.900001525878906,51.20000076293945,52.95000076293945,689844,0.0,0.0
2025-12-12 00:00:00+03:00,52.95000076293945,52.95000076293945,52.95000076293945,52.95000076293945,416059,0.0,0.0
2025-12-15 00:00:00+03:00,53.0,58.0,53.0,58.0,664649,0.0,0.0
2025-12-16 00:00:00+03:00,60.0,60.099998474121094,60.0,60.099998474121094,514978,0.0,0.0
2025-12-17 00:00:00+03:00,60.099998474121094,60.20000076293945,60.099998474121094,60.099998474121094,503023,0.0,0.0
2025-12-18 00:00:00+03:00,55.5,55.5,54.099998474121094,54.5,454020,0.0,0.0
2025-12-19 00:00:00+03:00,54.5,54.5,54.5,54.5,488622,0.0,0.0
2025-12-22 00:00:00+03:00,54.0,54.0,50.95000076293945,51.0,340108,0.0,0.0
2025-12-23 00:00:00+03:00,51.0,51.0,48.97999954223633,48.97999954223633,303545,0.0,0.0
2025-12-24 00:00:00+03:00,48.900001525878906,48.900001525878906,48.84000015258789,48.900001525878906,378075,0.0,0.0
2025-12-25 00:00:00+03:00,50.04999923706055,53.75,50.04999923706055,53.75,268758,0.0,0.0
2025-12-26 00:00:00+03:00,56.54999923706055,59.0,56.54999923706055,59.0,459205,0.0,0.0
2025-12-29 00:00:00+03:00,58.900001525878906,58.900001525878906,57.95000076293945,57.95000076293945,307341,0.0,0.0
2025-12-30 00:00:00+03:00,57.400001525878906,57.400001525878906,53.75,54.95000076293945,329110,0.0,0.0
2025-12-31 00:00:00+03:00,56.849998474121094,57.75,56.849998474121094,57.75,186239,0.0,0.0
2026-01-02 00:00:00+03:00,59.04999923706055,59.20000076293945,59.04999923706055,59.20000076293945,155843,0.0,0.0
2026-01-05 00:00:00+03:00,59.20000076293945,63.79999923706055,59.20000076293945,63.79999923706055,419139,0.0,0.0
2026-01-06 00:00:00+03:00,66.5999984741211,69.9000015258789,66.5999984741211,69.9000015258789,545630,0.0,0.0
2026-01-07 00:00:00+03:00,69.9000015258789,69.9000015258789,64.0999984741211,64.0999984741211,453536,0.0,0.0
2026-01-08 00:00:00+03:00,64.0,70.5,60.900001525878906,70.5,2966558,0.0,0.0
2026-01-09 00:00:00+03:00,72.5,77.55000305175781,71.5,77.55000305175781,5003684,0.0,0.0
2026-01-12 00:00:00+03:00,79.0,84.80000305175781,78.30000305175781,80.94999694824219,5162081,0.0,0.0
2026-01-13 00:00:00+03:00,80.0,83.55000305175781,75.55000305175781,78.55000305175781,4878080,0.0,0.0
2026-01-14 00:00:00+03:00,78.55000305175781,79.44999694824219,73.19999694824219,73.5,2435911,0.0,0.0
2026-01-15 00:00:00+03:00,73.19999694824219,79.5999984741211,70.80000305175781,71.1500015258789,4216243,0.0,0.0
2026-01-16 00:00:00+03:00,71.05000305175781,71.1500015258789,68.0,68.19999694824219,2264524,0.0,0.0
2026-01-19 00:00:00+03:00,68.19999694824219,71.0,61.400001525878906,63.0,5332205,0.0,0.0
2026-01-20 00:00:00+03:00,63.150001525878906,67.3499984741211,59.099998474121094,61.29999923706055,6144210,0.0,0.0
2026-01-21 00:00:00+03:00,61.29999923706055,63.75,59.099998474121094,59.5,2111496,0.0,0.0
2026-01-22 00:00:00+03:00,60.70000076293945,65.0,59.70000076293945,62.900001525878906,4022039,0.0,0.0
2026-01-23 00:00:00+03:00,63.0,63.400001525878906,60.150001525878906,60.54999923706055,2036893,0.0,0.0
2026-01-26 00:00:00+03:00,60.54999923706055,60.599998474121094,54.900001525878906,54.900001525878906,2742145,0.0,0.0
2026-01-27 00:00:00+03:00,54.849998474121094,58.150001525878906,54.0,55.54999923706055,2866174,0.0,0.0
2026-01-28 00:00:00+03:00,56.150001525878906,56.5,51.70000076293945,52.75,3525506,0.0,0.0
2026-01-29 00:00:00+03:00,53.099998474121094,58.0,51.54999923706055,58.0,5456942,0.0,0.0
2026-01-30 00:00:00+03:00,59.75,63.79999923706055,59.0,63.79999923706055,3982287,0.0,0.0
2026-02-02 00:00:00+03:00,65.4000015258789,70.1500015258789,64.80000305175781,70.1500015258789,7768951,0.0,0.0
2026-02-03 00:00:00+03:00,71.44999694824219,76.0,63.599998474121094,65.5,13944442,0.0,0.0
2026-02-04 00:00:00+03:00,65.5,72.05000305175781,63.599998474121094,72.05000305175781,2904339,0.0,0.0
2026-02-05 00:00:00+03:00,72.05000305175781,77.5,68.6500015258789,71.0999984741211,3645018,0.0,0.0
2026-02-06 00:00:00+03:00,68.44999694824219,72.0,64.0,65.5,2486434,0.0,0.0
2026-02-09 00:00:00+03:00,65.5,66.30000305175781,61.25,62.75,1835424,0.0,0.0
2026-02-10 00:00:00+03:00,61.849998474121094,65.19999694824219,60.349998474121094,62.400001525878906,1840809,0.0,0.0
2026-02-11 00:00:00+03:00,61.70000076293945,61.79999923706055,59.04999923706055,59.79999923706055,1321764,0.0,0.0
2026-02-12 00:00:00+03:00,59.75,62.0,58.25,59.599998474121094,1177854,0.0,0.0
2026-02-13 00:00:00+03:00,59.599998474121094,64.0,57.0,63.349998474121094,1966061,0.0,0.0
2026-02-16 00:00:00+03:00,62.0,64.0,60.0,60.79999923706055,1656818,0.0,0.0
2026-02-17 00:00:00+03:00,60.54999923706055,60.54999923706055,58.150001525878906,59.0,1078380,0.0,0.0
2026-02-18 00:00:00+03:00,58.79999923706055,62.0,57.70000076293945,58.599998474121094,1018162,0.0,0.0
2026-02-19 00:00:00+03:00,58.599998474121094,59.0,55.25,56.5,868491,0.0,0.0
2026-02-20 00:00:00+03:00,56.54999923706055,58.349998474121094,55.0,56.79999923706055,829293,0.0,0.0
2026-02-23 00:00:00+03:00,56.900001525878906,58.5,55.900001525878906,56.0,764834,0.0,0.0
2026-02-24 00:00:00+03:00,56.0,57.95000076293945,54.25,55.54999923706055,655169,0.0,0.0
2026-02-25 00:00:00+03:00,55.599998474121094,56.75,53.0,53.0,664861,0.0,0.0
2026-02-26 00:00:00+03:00,53.0,57.0,52.099998474121094,53.900001525878906,783627,0.0,0.0
2026-02-27 00:00:00+03:00,54.0,56.75,53.5,55.5,583664,0.0,0.0
2026-03-02 00:00:00+03:00,50.29999923706055,54.0,50.0,52.79999923706055,955671,0.0,0.0
2026-03-03 00:00:00+03:00,52.79999923706055,58.04999923706055,52.79999923706055,58.04999923706055,1293126,0.0,0.0
2026-03-04 00:00:00+03:00,58.25,63.29999923706055,55.70000076293945,61.0,6672867,0.0,0.0
2026-03-05 00:00:00+03:00,61.04999923706055,64.0999984741211,54.900001525878906,54.900001525878906,8438794,0.0,0.0
2026-03-06 00:00:00+03:00,54.0,57.0,49.41999816894531,49.41999816894531,6017166,0.0,0.0
2026-03-09 00:00:00+03:00,49.2400016784668,49.2400016784668,44.47999954223633,44.47999954223633,6885243,0.0,0.0
2026-03-10 00:00:00+03:00,43.900001525878906,44.959999084472656,40.040000915527344,41.2400016784668,16901118,0.0,0.0
2026-03-11 00:00:00+03:00,41.2400016784668,43.20000076293945,39.18000030517578,39.20000076293945,6224568,0.0,0.0
2026-03-12 00:00:00+03:00,39.20000076293945,43.119998931884766,37.5,42.5,10941427,0.0,0.0
2026-03-13 00:00:00+03:00,42.5,43.70000076293945,40.0,40.0,4301991,0.0,0.0
2026-03-16 00:00:00+03:00,40.0,42.0,39.5,39.900001525878906,4171290,0.0,0.0
2026-03-17 00:00:00+03:00,39.959999084472656,40.36000061035156,38.47999954223633,38.619998931884766,3074644,0.0,0.0
2026-03-18 00:00:00+03:00,38.68000030517578,39.779998779296875,38.099998474121094,38.2599983215332,3694492,0.0,0.0
2026-03-19 00:00:00+03:00,38.36000061035156,38.7400016784668,37.619998931884766,38.47999954223633,1203961,0.0,0.0
2026-03-23 00:00:00+03:00,38.5,41.0,37.13999938964844,40.720001220703125,3967772,0.0,0.0
2026-03-24 00:00:00+03:00,40.720001220703125,41.0,38.34000015258789,38.81999969482422,3152856,0.0,0.0
2026-03-25 00:00:00+03:00,38.900001525878906,42.70000076293945,38.81999969482422,42.70000076293945,3270613,0.0,0.0
2026-03-26 00:00:00+03:00,45.0,46.959999084472656,44.720001220703125,45.13999938964844,13772990,0.0,0.0
2026-03-27 00:00:00+03:00,44.5,48.0,42.29999923706055,44.939998626708984,8185009,0.0,0.0
2026-03-30 00:00:00+03:00,46.0,47.70000076293945,44.47999954223633,45.720001220703125,5984968,0.0,0.0
2026-03-31 00:00:00+03:00,45.70000076293945,46.70000076293945,45.08000183105469,45.18000030517578,2979401,0.0,0.0
2026-04-01 00:00:00+03:00,45.279998779296875,45.959999084472656,43.18000030517578,43.47999954223633,8860966,0.0,0.0
2026-04-02 00:00:00+03:00,44.5,44.91999816894531,40.619998931884766,41.7400016784668,8122675,0.0,0.0
2026-04-03 00:00:00+03:00,41.7400016784668,43.900001525878906,40.900001525878906,42.0,5916888,0.0,0.0
2026-04-06 00:00:00+03:00,42.0,42.79999923706055,41.7400016784668,41.79999923706055,3495629,0.0,0.0
2026-04-07 00:00:00+03:00,41.91999816894531,42.18000030517578,39.5,39.63999938964844,2892861,0.0,0.0
2026-04-08 00:00:00+03:00,43.599998474121094,43.599998474121094,41.52000045776367,41.91999816894531,8235396,0.0,0.0
2026-04-09 00:00:00+03:00,42.20000076293945,42.29999923706055,40.880001068115234,41.08000183105469,3078738,0.0,0.0
2026-04-10 00:00:00+03:00,41.099998474121094,41.58000183105469,40.65999984741211,40.880001068115234,2421699,0.0,0.0
2026-04-13 00:00:00+03:00,40.880001068115234,41.70000076293945,39.599998474121094,40.560001373291016,3614301,0.0,0.0
2026-04-14 00:00:00+03:00,40.58000183105469,44.599998474121094,40.41999816894531,44.599998474121094,12579249,0.0,0.0
2026-04-15 00:00:00+03:00,45.220001220703125,49.060001373291016,44.91999816894531,45.599998474121094,20249687,0.0,0.0
2026-04-16 00:00:00+03:00,45.65999984741211,49.900001525878906,45.220001220703125,49.0,14292423,0.0,0.0
2026-04-17 00:00:00+03:00,49.099998474121094,53.900001525878906,47.31999969482422,53.900001525878906,19357687,0.0,0.0
2026-04-20 00:00:00+03:00,56.0,59.25,54.95000076293945,59.25,15632144,0.0,0.0
2026-04-21 00:00:00+03:00,61.29999923706055,64.5,54.0,55.95000076293945,24408726,0.0,0.0
2026-04-22 00:00:00+03:00,56.0,58.75,55.0,55.75,10484027,0.0,0.0
2026-04-24 00:00:00+03:00,55.79999923706055,60.099998474121094,54.04999923706055,58.70000076293945,15241477,0.0,0.0
2026-04-27 00:00:00+03:00,58.70000076293945,60.5,55.79999923706055,56.79999923706055,11280107,0.0,0.0
2026-04-28 00:00:00+03:00,56.79999923706055,58.29999923706055,53.79999923706055,53.79999923706055,5530123,0.0,0.0
2026-04-29 00:00:00+03:00,53.79999923706055,57.599998474121094,53.25,55.95000076293945,6837043,0.0,0.0
2026-04-30 00:00:00+03:00,56.20000076293945,59.29999923706055,56.20000076293945,57.79999923706055,9070866,0.0,0.0
2026-05-04 00:00:00+03:00,58.54999923706055,59.099998474121094,55.650001525878906,55.70000076293945,5074938,0.0,0.0
2026-05-05 00:00:00+03:00,55.70000076293945,56.099998474121094,53.0,53.25,3919184,0.0,0.0
2026-05-06 00:00:00+03:00,53.29999923706055,55.75,52.400001525878906,54.849998474121094,5865893,0.0,0.0
2026-05-07 00:00:00+03:00,54.849998474121094,55.45000076293945,53.900001525878906,55.29999923706055,4125970,0.0,0.0
2026-05-08 00:00:00+03:00,55.29999923706055,56.5,54.45000076293945,54.75,5228151,0.0,0.0
2026-05-11 00:00:00+03:00,55.45000076293945,55.54999923706055,53.599998474121094,54.29999923706055,3400978,0.0,0.0
2026-05-12 00:00:00+03:00,54.349998474121094,54.349998474121094,51.900001525878906,52.5,2741244,0.0,0.0
2026-05-13 00:00:00+03:00,52.5,53.0,50.75,51.75,3339911,0.0,0.0
2026-05-14 00:00:00+03:00,51.54999923706055,54.5,51.099998474121094,53.5,4216242,0.0,0.0
2026-05-15 00:00:00+03:00,53.45000076293945,55.25,53.0,53.650001525878906,3920228,0.0,0.0
2026-05-18 00:00:00+03:00,53.70000076293945,55.54999923706055,51.70000076293945,51.70000076293945,3700148,0.0,0.0
2026-05-20 00:00:00+03:00,51.79999923706055,52.29999923706055,50.25,50.349998474121094,2090896,0.0,0.0
2026-05-21 00:00:00+03:00,50.54999923706055,51.599998474121094,47.400001525878906,47.400001525878906,1933913,0.0,0.0
2026-05-22 00:00:00+03:00,46.70000076293945,49.86000061035156,46.70000076293945,48.779998779296875,5123781,0.0,0.0
2026-05-25 00:00:00+03:00,48.779998779296875,52.0,48.779998779296875,50.25,4483862,0.0,0.0
2026-05-26 00:00:00+03:00,51.20000076293945,51.20000076293945,48.20000076293945,48.7599983215332,1971415,0.0,0.0
2026-05-27 00:00:00+03:00,48.7599983215332,48.7599983215332,48.7599983215332,48.7599983215332,0,0.0,0.0
2026-05-28 00:00:00+03:00,48.7599983215332,48.7599983215332,48.7599983215332,48.7599983215332,0,0.0,0.0
2026-05-29 00:00:00+03:00,48.7599983215332,48.7599983215332,48.7599983215332,48.7599983215332,0,0.0,0.0
2026-06-01 00:00:00+03:00,48.7599983215332,49.880001068115234,46.060001373291016,46.20000076293945,3725486,0.0,0.0
2026-06-02 00:00:00+03:00,46.2400016784668,47.2400016784668,45.619998931884766,46.79999923706055,3122840,0.0,0.0
2026-06-03 00:00:00+03:00,46.79999923706055,49.36000061035156,46.2599983215332,47.099998474121094,5126714,0.0,0.0
2026-06-04 00:00:00+03:00,47.119998931884766,50.04999923706055,46.400001525878906,47.720001220703125,4706636,0.0,0.0
2026-06-05 00:00:00+03:00,47.720001220703125,50.0,46.79999923706055,46.900001525878906,4415355,0.0,0.0
2026-06-08 00:00:00+03:00,46.79999923706055,47.720001220703125,45.220001220703125,46.91999816894531,2998153,0.0,0.0
2026-06-09 00:00:00+03:00,47.2599983215332,47.36000061035156,45.29999923706055,45.34000015258789,2029361,0.0,0.0
2026-06-10 00:00:00+03:00,45.459999084472656,45.97999954223633,43.97999954223633,44.0,1711996,0.0,0.0
2026-06-11 00:00:00+03:00,44.5,45.439998626708984,41.939998626708984,42.63999938964844,2377175,0.0,0.0
2026-06-12 00:00:00+03:00,42.7599983215332,43.599998474121094,41.36000061035156,42.040000915527344,1848795,0.0,0.0
2026-06-15 00:00:00+03:00,42.279998779296875,46.2400016784668,42.279998779296875,46.2400016784668,2834048,0.0,0.0
2026-06-16 00:00:00+03:00,46.29999923706055,48.29999923706055,45.0,45.0,6864287,0.0,0.0
2026-06-17 00:00:00+03:00,45.0,46.119998931884766,44.040000915527344,44.400001525878906,1942907,0.0,0.0
2026-06-18 00:00:00+03:00,44.58000183105469,44.97999954223633,43.2599983215332,43.36000061035156,1891334,0.0,0.0
2026-06-19 00:00:00+03:00,43.36000061035156,43.5,42.52000045776367,42.939998626708984,1066297,0.0,0.0
2026-06-22 00:00:00+03:00,43.0,44.119998931884766,42.2599983215332,42.5,1508017,0.0,0.0
2026-06-23 00:00:00+03:00,42.5,43.099998474121094,41.0,42.47999954223633,1239540,0.0,0.0
2026-06-24 00:00:00+03:00,42.119998931884766,42.439998626708984,40.97999954223633,41.5,912134,0.0,0.0
2026-06-25 00:00:00+03:00,41.52000045776367,42.02000045776367,40.02000045776367,40.439998626708984,1112973,0.0,0.0
2026-06-26 00:00:00+03:00,41.619998931884766,42.47999954223633,39.959999084472656,40.18000030517578,4313316,0.0,0.0
2026-06-29 00:00:00+03:00,40.31999969482422,41.900001525878906,39.779998779296875,40.0,1923153,0.0,0.0
2026-06-30 00:00:00+03:00,40.040000915527344,44.0,39.779998779296875,43.31999969482422,8338140,0.0,0.0
2026-07-01 00:00:00+03:00,43.02000045776367,46.13999938964844,41.400001525878906,43.5,9739430,0.0,0.0
2026-07-02 00:00:00+03:00,43.5,43.79999923706055,41.119998931884766,41.2400016784668,2892166,0.0,0.0
2026-07-03 00:00:00+03:00,41.29999923706055,41.70000076293945,40.599998474121094,41.220001220703125,1452932,0.0,0.0
2026-07-06 00:00:00+03:00,42.0,42.0,40.599998474121094,40.939998626708984,1695100,0.0,0.0
2026-07-07 00:00:00+03:00,40.939998626708984,41.099998474121094,40.119998931884766,40.86000061035156,1111001,0.0,0.0
2026-07-08 00:00:00+03:00,40.86000061035156,40.86000061035156,39.720001220703125,39.959999084472656,1213277,0.0,0.0
2026-07-09 00:00:00+03:00,39.959999084472656,40.36000061035156,39.2400016784668,39.599998474121094,1072927,0.0,0.0
2026-07-10 00:00:00+03:00,39.439998626708984,40.29999923706055,39.439998626708984,40.18000030517578,909970,0.0,0.0
2026-07-13 00:00:00+03:00,40.0,40.560001373291016,39.599998474121094,39.91999816894531,1239370,0.0,0.0
2026-07-14 00:00:00+03:00,39.63999938964844,40.939998626708984,39.619998931884766,40.79999923706055,1606462,0.0,0.0
2026-07-16 00:00:00+03:00,40.81999969482422,42.36000061035156,40.81999969482422,41.36000061035156,1782127,0.0,0.0
2026-07-17 00:00:00+03:00,41.36000061035156,41.36000061035156,40.15999984741211,40.400001525878906,1298444,0.0,0.0
2026-07-20 00:00:00+03:00,40.7400016784668,41.119998931884766,40.279998779296875,41.099998474121094,1584027,0.0,0.0
2026-07-21 00:00:00+03:00,41.099998474121094,41.720001220703125,40.599998474121094,41.380001068115234,1594524,0.0,0.0
2026-07-22 00:00:00+03:00,41.380001068115234,41.720001220703125,40.68000030517578,40.7400016784668,1407964,0.0,0.0
2026-07-23 00:00:00+03:00,40.599998474121094,41.58000183105469,40.5,41.29999923706055,1395209,0.0,0.0
2026-07-24 00:00:00+03:00,41.220001220703125,41.34000015258789,40.29999923706055,40.540000915527344,1007920,0.0,0.0
2026-07-27 00:00:00+03:00,40.939998626708984,43.63999938964844,40.58000183105469,41.099998474121094,8917899,0.0,0.0
2026-07-28 00:00:00+03:00,40.599998474121094,41.08000183105469,37.060001373291016,37.060001373291016,4281057,0.0,0.0
2026-07-29 00:00:00+03:00,37.220001220703125,38.36000061035156,35.70000076293945,35.70000076293945,1600771,0.0,0.0
2026-07-30 00:00:00+03:00,35.70000076293945,36.720001220703125,35.380001068115234,36.439998626708984,1393304,0.0,0.0
2026-08-03 00:00:00+03:00,35.0,39.060001373291016,35.0,36.619998931884766,5773520,0.0,0.0
2026-08-04 00:00:00+03:00,36.29999923706055,38.91999816894531,36.29999923706055,37.599998474121094,3589944,0.0,0.0
2026-08-05 00:00:00+03:00,37.47999954223633,39.959999084472656,36.0,38.0,5284263,0.0,0.0
2026-08-06 00:00:00+03:00,38.0,38.65999984741211,36.099998474121094,36.099998474121094,2322972,0.0,0.0
2026-08-07 00:00:00+03:00,36.15999984741211,37.400001525878906,35.2400016784668,35.540000915527344,2148085,0.0,0.0
2026-08-10 00:00:00+03:00,35.619998931884766,35.779998779296875,34.84000015258789,35.099998474121094,1151087,0.0,0.0
2026-08-11 00:00:00+03:00,35.119998931884766,35.13999938964844,34.119998931884766,34.41999816894531,1415794,0.0,0.0
2026-08-12 00:00:00+03:00,34.41999816894531,34.959999084472656,34.02000045776367,34.959999084472656,1260339,0.0,0.0
