date,open,high,low,close,volume,dividends,stock_splits
2020-08-14 00:00:00+03:00,3.0999999046325684,3.0999999046325684,3.0899999141693115,3.0899999141693115,8692,0.0,0.0
2020-08-17 00:00:00+03:00,3.0899999141693115,3.0899999141693115,3.0299999713897705,3.0299999713897705,25295,0.0,0.0
2020-08-18 00:00:00+03:00,3.0199999809265137,3.0199999809265137,3.0,3.0,59933,0.0,0.0
2020-08-19 00:00:00+03:00,3.0,3.0,3.0,3.0,33326,0.0,0.0
2020-08-20 00:00:00+03:00,3.0999999046325684,3.0999999046325684,3.0999999046325684,3.0999999046325684,20661,0.0,0.0
2020-08-21 00:00:00+03:00,3.25,3.25,3.0,3.0,117834,0.0,0.0
2020-08-24 00:00:00+03:00,2.9000000953674316,2.950000047683716,2.8499999046325684,2.8499999046325684,22708,0.0,0.0
2020-08-25 00:00:00+03:00,2.930000066757202,2.930000066757202,2.930000066757202,2.930000066757202,3535,0.0,0.0
2020-08-26 00:00:00+03:00,2.930000066757202,2.930000066757202,2.930000066757202,2.930000066757202,27758,0.0,0.0
2020-08-27 00:00:00+03:00,2.940000057220459,2.940000057220459,2.9200000762939453,2.9200000762939453,3095,0.0,0.0
2020-08-28 00:00:00+03:00,3.0,3.0,2.950000047683716,2.950000047683716,10253,0.0,0.0
2020-08-31 00:00:00+03:00,2.990000009536743,2.990000009536743,2.9800000190734863,2.9800000190734863,18432,0.0,0.0
2020-09-01 00:00:00+03:00,2.9700000286102295,2.9700000286102295,2.9600000381469727,2.9600000381469727,15516,0.0,0.0
2020-09-02 00:00:00+03:00,2.9200000762939453,2.9200000762939453,2.9100000858306885,2.9200000762939453,7867,0.0,0.0
2020-09-03 00:00:00+03:00,2.950000047683716,2.950000047683716,2.940000057220459,2.940000057220459,22719,0.0,0.0
2020-09-04 00:00:00+03:00,2.9000000953674316,2.9000000953674316,2.890000104904175,2.9000000953674316,20868,0.0,0.0
2020-09-07 00:00:00+03:00,2.9000000953674316,3.190000057220459,2.9000000953674316,3.190000057220459,210641,0.0,0.0
2020-09-08 00:00:00+03:00,3.5,3.5,3.5,3.5,223078,0.0,0.0
2020-09-09 00:00:00+03:00,3.8499999046325684,3.8499999046325684,3.8499999046325684,3.8499999046325684,269216,0.0,0.0
2020-09-10 00:00:00+03:00,4.230000019073486,4.230000019073486,4.230000019073486,4.230000019073486,34560,0.0,0.0
2020-09-11 00:00:00+03:00,4.650000095367432,4.650000095367432,4.570000171661377,4.650000095367432,1316046,0.0,0.0
2020-09-14 00:00:00+03:00,4.800000190734863,4.800000190734863,4.400000095367432,4.400000095367432,524264,0.0,0.0
2020-09-15 00:00:00+03:00,4.349999904632568,4.769999980926514,4.349999904632568,4.769999980926514,540305,0.0,0.0
2020-09-16 00:00:00+03:00,4.96999979019165,5.0,4.96999979019165,5.0,623131,0.0,0.0
2020-09-17 00:00:00+03:00,5.159999847412109,5.5,5.159999847412109,5.5,320843,0.0,0.0
2020-09-18 00:00:00+03:00,6.050000190734863,6.050000190734863,6.050000190734863,6.050000190734863,250707,0.0,0.0
2020-09-21 00:00:00+03:00,6.650000095367432,6.650000095367432,6.650000095367432,6.650000095367432,59606,0.0,0.0
2020-09-22 00:00:00+03:00,7.309999942779541,7.309999942779541,7.309999942779541,7.309999942779541,54523,0.0,0.0
2020-09-23 00:00:00+03:00,8.039999961853027,8.039999961853027,8.039999961853027,8.039999961853027,106122,0.0,0.0
2020-09-24 00:00:00+03:00,8.800000190734863,8.800000190734863,7.239999771118164,7.710000038146973,893685,0.0,0.0
2020-09-25 00:00:00+03:00,7.849999904632568,8.630000114440918,7.849999904632568,8.630000114440918,328994,0.0,0.0
2020-09-28 00:00:00+03:00,9.4399995803833,9.489999771118164,9.4399995803833,9.489999771118164,262936,0.0,0.0
2020-09-29 00:00:00+03:00,10.430000305175781,10.430000305175781,10.430000305175781,10.430000305175781,124214,0.0,0.0
2020-09-30 00:00:00+03:00,11.270000457763672,11.470000267028809,11.270000457763672,11.470000267028809,281767,0.0,0.0
2020-10-01 00:00:00+03:00,11.470000267028809,11.470000267028809,10.329999923706055,10.329999923706055,265701,0.0,0.0
2020-10-02 00:00:00+03:00,9.300000190734863,9.300000190734863,9.300000190734863,9.300000190734863,115902,0.0,0.0
2020-10-05 00:00:00+03:00,8.369999885559082,10.229999542236328,8.369999885559082,10.229999542236328,359023,0.0,0.0
2020-10-06 00:00:00+03:00,11.25,11.25,11.25,11.25,156916,0.0,0.0
2020-10-07 00:00:00+03:00,12.369999885559082,12.369999885559082,12.359999656677246,12.369999885559082,307707,0.0,0.0
2020-10-08 00:00:00+03:00,13.600000381469727,13.600000381469727,13.600000381469727,13.600000381469727,375369,0.0,0.0
2020-10-09 00:00:00+03:00,14.279999732971191,14.279999732971191,12.239999771118164,12.239999771118164,343469,0.0,0.0
2020-10-12 00:00:00+03:00,11.020000457763672,11.020000457763672,11.020000457763672,11.020000457763672,369673,0.0,0.0
2020-10-13 00:00:00+03:00,12.0,12.119999885559082,12.0,12.119999885559082,289403,0.0,0.0
2020-10-14 00:00:00+03:00,12.119999885559082,12.119999885559082,10.90999984741211,10.90999984741211,120096,0.0,0.0
2020-10-15 00:00:00+03:00,9.819999694824219,9.819999694824219,9.819999694824219,9.819999694824219,20953,0.0,0.0
2020-10-16 00:00:00+03:00,8.84000015258789,10.5,8.84000015258789,10.050000190734863,177045,0.0,0.0
2020-10-19 00:00:00+03:00,8.779999732971191,8.779999732971191,8.779999732971191,8.779999732971191,68575,0.0,0.0
2020-10-20 00:00:00+03:00,7.909999847412109,8.050000190734863,7.909999847412109,8.050000190734863,153844,0.0,0.0
2020-10-21 00:00:00+03:00,7.400000095367432,7.980000019073486,7.400000095367432,7.449999809265137,57786,0.0,0.0
2020-10-22 00:00:00+03:00,7.25,8.1899995803833,7.25,8.1899995803833,62707,0.0,0.0
2020-10-23 00:00:00+03:00,7.170000076293945,7.199999809265137,7.159999847412109,7.159999847412109,71451,0.0,0.0
2020-10-26 00:00:00+03:00,6.699999809265137,6.699999809265137,6.480000019073486,6.480000019073486,41888,0.0,0.0
2020-10-27 00:00:00+03:00,6.019999980926514,6.019999980926514,5.840000152587891,5.840000152587891,57653,0.0,0.0
2020-10-28 00:00:00+03:00,5.510000228881836,5.769999980926514,5.510000228881836,5.769999980926514,23007,0.0,0.0
2020-10-30 00:00:00+03:00,6.340000152587891,6.340000152587891,6.340000152587891,6.340000152587891,40181,0.0,0.0
2020-11-02 00:00:00+03:00,6.5,6.5,5.710000038146973,6.0,120155,0.0,0.0
2020-11-03 00:00:00+03:00,6.300000190734863,6.300000190734863,6.110000133514404,6.110000133514404,16828,0.0,0.0
2020-11-04 00:00:00+03:00,6.5,6.5,6.210000038146973,6.210000038146973,12859,0.0,0.0
2020-11-05 00:00:00+03:00,6.989999771118164,6.989999771118164,6.400000095367432,6.400000095367432,29273,0.0,0.0
2020-11-06 00:00:00+03:00,6.5,6.980000019073486,6.5,6.960000038146973,19617,0.0,0.0
2020-11-09 00:00:00+03:00,6.900000095367432,7.0,6.900000095367432,7.0,21821,0.0,0.0
2020-11-10 00:00:00+03:00,6.949999809265137,7.199999809265137,6.949999809265137,7.199999809265137,40720,0.0,0.0
2020-11-11 00:00:00+03:00,7.179999828338623,7.599999904632568,7.179999828338623,7.599999904632568,33455,0.0,0.0
2020-11-12 00:00:00+03:00,7.550000190734863,7.550000190734863,6.889999866485596,6.889999866485596,37721,0.0,0.0
2020-11-13 00:00:00+03:00,6.849999904632568,6.849999904632568,6.320000171661377,6.849999904632568,18406,0.0,0.0
2020-11-16 00:00:00+03:00,7.199999809265137,7.199999809265137,6.800000190734863,6.800000190734863,18732,0.0,0.0
2020-11-17 00:00:00+03:00,7.0,7.0,6.849999904632568,6.849999904632568,13374,0.0,0.0
2020-11-18 00:00:00+03:00,6.900000095367432,6.900000095367432,6.900000095367432,6.900000095367432,34506,0.0,0.0
2020-11-19 00:00:00+03:00,7.0,7.0,6.820000171661377,6.949999809265137,19500,0.0,0.0
2020-11-20 00:00:00+03:00,7.050000190734863,7.050000190734863,7.050000190734863,7.050000190734863,30185,0.0,0.0
2020-11-23 00:00:00+03:00,7.0,7.25,7.0,7.099999904632568,18740,0.0,0.0
2020-11-24 00:00:00+03:00,7.519999980926514,7.519999980926514,7.099999904632568,7.199999809265137,14042,0.0,0.0
2020-11-25 00:00:00+03:00,7.0,7.099999904632568,7.0,7.0,90589,0.0,0.0
2020-11-26 00:00:00+03:00,7.599999904632568,7.809999942779541,7.599999904632568,7.809999942779541,54620,0.0,0.0
2020-11-27 00:00:00+03:00,8.0,8.100000381469727,8.0,8.0,42847,0.0,0.0
2020-11-30 00:00:00+03:00,7.78000020980835,8.0,7.78000020980835,7.989999771118164,25695,0.0,0.0
2020-12-01 00:00:00+03:00,7.849999904632568,7.849999904632568,7.550000190734863,7.550000190734863,21176,0.0,0.0
2020-12-02 00:00:00+03:00,7.75,7.75,7.739999771118164,7.75,56430,0.0,0.0
2020-12-03 00:00:00+03:00,8.199999809265137,8.199999809265137,8.0,8.0,32833,0.0,0.0
2020-12-04 00:00:00+03:00,7.900000095367432,8.0,7.900000095367432,8.0,21377,0.0,0.0
2020-12-07 00:00:00+03:00,8.279999732971191,8.279999732971191,7.699999809265137,7.699999809265137,7934,0.0,0.0
2020-12-08 00:00:00+03:00,8.470000267028809,8.470000267028809,8.399999618530273,8.399999618530273,61204,0.0,0.0
2020-12-09 00:00:00+03:00,8.5,8.5,8.5,8.5,30736,0.0,0.0
2020-12-10 00:00:00+03:00,8.489999771118164,8.489999771118164,7.730000019073486,7.730000019073486,33041,0.0,0.0
2020-12-11 00:00:00+03:00,7.5,7.949999809265137,7.5,7.949999809265137,29807,0.0,0.0
2020-12-14 00:00:00+03:00,7.599999904632568,7.599999904632568,7.159999847412109,7.300000190734863,73948,0.0,0.0
2020-12-15 00:00:00+03:00,7.099999904632568,7.300000190734863,7.099999904632568,7.099999904632568,24796,0.0,0.0
2020-12-16 00:00:00+03:00,7.449999809265137,7.989999771118164,7.449999809265137,7.699999809265137,27124,0.0,0.0
2020-12-17 00:00:00+03:00,8.270000457763672,8.270000457763672,7.900000095367432,7.900000095367432,27212,0.0,0.0
2020-12-18 00:00:00+03:00,8.130000114440918,8.130000114440918,7.480000019073486,7.480000019073486,20051,0.0,0.0
2020-12-21 00:00:00+03:00,7.050000190734863,7.5,7.050000190734863,7.300000190734863,15257,0.0,0.0
2020-12-22 00:00:00+03:00,7.400000095367432,7.400000095367432,7.199999809265137,7.199999809265137,21860,0.0,0.0
2020-12-23 00:00:00+03:00,7.210000038146973,7.5,7.210000038146973,7.5,12263,0.0,0.0
2020-12-24 00:00:00+03:00,8.050000190734863,8.050000190734863,7.510000228881836,7.510000228881836,10691,0.0,0.0
2020-12-25 00:00:00+03:00,7.889999866485596,7.889999866485596,7.650000095367432,7.650000095367432,110041,0.0,0.0
2020-12-28 00:00:00+03:00,7.880000114440918,7.989999771118164,7.769999980926514,7.989999771118164,58408,0.0,0.0
2020-12-29 00:00:00+03:00,7.989999771118164,8.100000381469727,7.900000095367432,7.900000095367432,23697,0.0,0.0
2020-12-30 00:00:00+03:00,7.800000190734863,7.96999979019165,7.800000190734863,7.900000095367432,24529,0.0,0.0
2020-12-31 00:00:00+03:00,7.980000019073486,8.029999732971191,7.940000057220459,8.029999732971191,43160,0.0,0.0
2021-01-04 00:00:00+03:00,8.859999656677246,8.859999656677246,8.399999618530273,8.399999618530273,83870,0.0,0.0
2021-01-05 00:00:00+03:00,8.779999732971191,9.34000015258789,8.779999732971191,9.34000015258789,70552,0.0,0.0
2021-01-06 00:00:00+03:00,9.300000190734863,10.229999542236328,9.300000190734863,10.140000343322754,116883,0.0,0.0
2021-01-07 00:00:00+03:00,10.010000228881836,10.5,10.010000228881836,10.5,45961,0.0,0.0
2021-01-08 00:00:00+03:00,10.760000228881836,10.760000228881836,10.010000228881836,10.5,83518,0.0,0.0
2021-01-11 00:00:00+03:00,10.550000190734863,11.0,9.5,9.5,99535,0.0,0.0
2021-01-12 00:00:00+03:00,9.510000228881836,10.449999809265137,9.510000228881836,10.449999809265137,115130,0.0,0.0
2021-01-13 00:00:00+03:00,10.449999809265137,11.489999771118164,10.449999809265137,11.489999771118164,135558,0.0,0.0
2021-01-14 00:00:00+03:00,12.630000114440918,12.630000114440918,12.0,12.0,115932,0.0,0.0
2021-01-15 00:00:00+03:00,12.989999771118164,12.989999771118164,12.75,12.75,172069,0.0,0.0
2021-01-18 00:00:00+03:00,12.710000038146973,12.710000038146973,12.5,12.5,79442,0.0,0.0
2021-01-19 00:00:00+03:00,12.75,13.75,12.75,13.75,356564,0.0,0.0
2021-01-20 00:00:00+03:00,15.119999885559082,15.119999885559082,15.119999885559082,15.119999885559082,237963,0.0,0.0
2021-01-21 00:00:00+03:00,16.6299991607666,16.6299991607666,16.6299991607666,16.6299991607666,273578,0.0,0.0
2021-01-22 00:00:00+03:00,17.0,17.0,14.970000267028809,14.970000267028809,392052,0.0,0.0
2021-01-25 00:00:00+03:00,15.300000190734863,16.459999084472656,15.300000190734863,16.459999084472656,164223,0.0,0.0
2021-01-26 00:00:00+03:00,14.819999694824219,14.819999694824219,14.819999694824219,14.819999694824219,182493,0.0,0.0
2021-01-27 00:00:00+03:00,15.5,16.299999237060547,14.569999694824219,14.569999694824219,193137,0.0,0.0
2021-01-28 00:00:00+03:00,13.800000190734863,15.5,13.800000190734863,14.75,75969,0.0,0.0
2021-01-29 00:00:00+03:00,13.279999732971191,13.899999618530273,13.279999732971191,13.609999656677246,91025,0.0,0.0
2021-02-01 00:00:00+03:00,13.800000190734863,13.800000190734863,12.25,12.25,65838,0.0,0.0
2021-02-02 00:00:00+03:00,12.0,12.0,11.529999732971191,11.529999732971191,99100,0.0,0.0
2021-02-03 00:00:00+03:00,12.010000228881836,12.680000305175781,12.010000228881836,12.399999618530273,78708,0.0,0.0
2021-02-04 00:00:00+03:00,12.0,12.0,11.949999809265137,11.949999809265137,54774,0.0,0.0
2021-02-05 00:00:00+03:00,11.899999618530273,12.289999961853027,11.899999618530273,12.15999984741211,34193,0.0,0.0
2021-02-08 00:00:00+03:00,13.369999885559082,13.369999885559082,13.369999885559082,13.369999885559082,64287,0.0,0.0
2021-02-09 00:00:00+03:00,13.550000190734863,13.800000190734863,13.550000190734863,13.699999809265137,43471,0.0,0.0
2021-02-10 00:00:00+03:00,13.5,13.5,12.5600004196167,12.670000076293945,39316,0.0,0.0
2021-02-11 00:00:00+03:00,13.5,13.5,12.800000190734863,12.8100004196167,24647,0.0,0.0
2021-02-12 00:00:00+03:00,13.399999618530273,13.399999618530273,12.899999618530273,12.899999618530273,9219,0.0,0.0
2021-02-15 00:00:00+03:00,12.699999809265137,12.699999809265137,12.300000190734863,12.5,21171,0.0,0.0
2021-02-16 00:00:00+03:00,13.289999961853027,13.289999961853027,12.699999809265137,12.899999618530273,34662,0.0,0.0
2021-02-17 00:00:00+03:00,12.399999618530273,13.100000381469727,12.399999618530273,13.100000381469727,26368,0.0,0.0
2021-02-18 00:00:00+03:00,13.5,13.5,13.5,13.5,26673,0.0,0.0
2021-02-19 00:00:00+03:00,13.5,13.5,13.0,13.0,17685,0.0,0.0
2021-02-22 00:00:00+03:00,12.729999542236328,12.899999618530273,12.699999809265137,12.699999809265137,35956,0.0,0.0
2021-02-23 00:00:00+03:00,13.0,13.0,12.199999809265137,12.390000343322754,66029,0.0,0.0
2021-02-24 00:00:00+03:00,12.020000457763672,12.020000457763672,11.399999618530273,11.399999618530273,37751,0.0,0.0
2021-02-25 00:00:00+03:00,11.699999809265137,11.920000076293945,11.699999809265137,11.920000076293945,18435,0.0,0.0
2021-02-26 00:00:00+03:00,12.5,13.100000381469727,12.5,13.100000381469727,17173,0.0,0.0
2021-03-01 00:00:00+03:00,13.0,13.0,12.010000228881836,12.010000228881836,47678,0.0,0.0
2021-03-02 00:00:00+03:00,12.100000381469727,12.100000381469727,11.5,11.619999885559082,16337,0.0,0.0
2021-03-03 00:00:00+03:00,11.800000190734863,12.0,11.800000190734863,11.899999618530273,27393,0.0,0.0
2021-03-04 00:00:00+03:00,11.5,11.720000267028809,11.5,11.5,31395,0.0,0.0
2021-03-05 00:00:00+03:00,11.5,11.5,11.25,11.25,21527,0.0,0.0
2021-03-08 00:00:00+03:00,11.600000381469727,11.600000381469727,11.0,11.0,17730,0.0,0.0
2021-03-09 00:00:00+03:00,10.600000381469727,10.600000381469727,10.399999618530273,10.5,52267,0.0,0.0
2021-03-10 00:00:00+03:00,10.399999618530273,11.550000190734863,10.399999618530273,11.329999923706055,33681,0.0,0.0
2021-03-11 00:00:00+03:00,11.09000015258789,12.239999771118164,11.09000015258789,12.199999809265137,31633,0.0,0.0
2021-03-12 00:00:00+03:00,12.199999809265137,12.199999809265137,11.630000114440918,11.970000267028809,14636,0.0,0.0
2021-03-15 00:00:00+03:00,10.779999732971191,12.0,10.779999732971191,11.899999618530273,21876,0.0,0.0
2021-03-16 00:00:00+03:00,12.0,12.0,11.899999618530273,12.0,21886,0.0,0.0
2021-03-17 00:00:00+03:00,11.600000381469727,11.899999618530273,11.5,11.699999809265137,15126,0.0,0.0
2021-03-18 00:00:00+03:00,11.520000457763672,11.600000381469727,11.5,11.600000381469727,10583,0.0,0.0
2021-03-19 00:00:00+03:00,11.600000381469727,11.800000190734863,11.300000190734863,11.300000190734863,22661,0.0,0.0
2021-03-22 00:00:00+03:00,10.199999809265137,10.199999809265137,10.170000076293945,10.170000076293945,18156,0.0,0.0
2021-03-23 00:00:00+03:00,10.0,10.8100004196167,10.0,10.8100004196167,13931,0.0,0.0
2021-03-24 00:00:00+03:00,11.5,11.5,11.449999809265137,11.449999809265137,12297,0.0,0.0
2021-03-25 00:00:00+03:00,11.0,11.0,10.5,10.8100004196167,25544,0.0,0.0
2021-03-26 00:00:00+03:00,11.5,11.5,11.0,11.5,52577,0.0,0.0
2021-03-29 00:00:00+03:00,10.979999542236328,11.5,10.979999542236328,11.460000038146973,33883,0.0,0.0
2021-03-30 00:00:00+03:00,11.5,11.5,11.210000038146973,11.210000038146973,13011,0.0,0.0
2021-03-31 00:00:00+03:00,11.0,11.319999694824219,11.0,11.319999694824219,17138,0.0,0.0
2021-04-01 00:00:00+03:00,11.199999809265137,11.199999809265137,11.199999809265137,11.199999809265137,8609,0.0,0.0
2021-04-02 00:00:00+03:00,12.319999694824219,12.319999694824219,12.100000381469727,12.319999694824219,33999,0.0,0.0
2021-04-05 00:00:00+03:00,13.199999809265137,13.199999809265137,12.600000381469727,12.949999809265137,41411,0.0,0.0
2021-04-06 00:00:00+03:00,13.0,13.0,13.0,13.0,19333,0.0,0.0
2021-04-07 00:00:00+03:00,12.899999618530273,12.899999618530273,12.600000381469727,12.600000381469727,15794,0.0,0.0
2021-04-08 00:00:00+03:00,13.0,13.0,12.470000267028809,12.470000267028809,8336,0.0,0.0
2021-04-09 00:00:00+03:00,13.0,13.0,12.020000457763672,12.5,24577,0.0,0.0
2021-04-12 00:00:00+03:00,12.609999656677246,12.609999656677246,11.699999809265137,11.800000190734863,17666,0.0,0.0
2021-04-13 00:00:00+03:00,11.5,11.5,11.0,11.329999923706055,12201,0.0,0.0
2021-04-14 00:00:00+03:00,11.5,11.5,11.5,11.5,7030,0.0,0.0
2021-04-15 00:00:00+03:00,11.5,11.5,11.399999618530273,11.399999618530273,8802,0.0,0.0
2021-04-16 00:00:00+03:00,12.539999961853027,12.539999961853027,12.0,12.0,11389,0.0,0.0
2021-04-19 00:00:00+03:00,12.600000381469727,12.600000381469727,11.0,11.0,26880,0.0,0.0
2021-04-20 00:00:00+03:00,11.0,11.0,11.0,11.0,8854,0.0,0.0
2021-04-21 00:00:00+03:00,10.199999809265137,11.5,10.199999809265137,11.489999771118164,18518,0.0,0.0
2021-04-22 00:00:00+03:00,11.699999809265137,12.0,11.699999809265137,11.699999809265137,10532,0.0,0.0
2021-04-26 00:00:00+03:00,11.699999809265137,12.5,11.699999809265137,12.5,32219,0.0,0.0
2021-04-27 00:00:00+03:00,12.5,12.600000381469727,11.630000114440918,11.630000114440918,21348,0.0,0.0
2021-04-28 00:00:00+03:00,11.529999732971191,11.529999732971191,11.100000381469727,11.100000381469727,18472,0.0,0.0
2021-04-29 00:00:00+03:00,11.25,11.5,11.25,11.5,22152,0.0,0.0
2021-04-30 00:00:00+03:00,11.5,11.970000267028809,11.5,11.800000190734863,11767,0.0,0.0
2021-05-03 00:00:00+03:00,11.529999732971191,11.529999732971191,10.800000190734863,10.960000038146973,34150,0.0,0.0
2021-05-04 00:00:00+03:00,10.5,10.850000381469727,10.399999618530273,10.399999618530273,53178,0.0,0.0
2021-05-05 00:00:00+03:00,10.800000190734863,10.800000190734863,10.0,10.0600004196167,18622,0.0,0.0
2021-05-06 00:00:00+03:00,10.5,10.5,9.789999961853027,9.789999961853027,35407,0.0,0.0
2021-05-07 00:00:00+03:00,9.800000190734863,10.300000190734863,9.800000190734863,10.300000190734863,38030,0.0,0.0
2021-05-10 00:00:00+03:00,10.390000343322754,10.390000343322754,9.899999618530273,10.149999618530273,23484,0.0,0.0
2021-05-11 00:00:00+03:00,10.109999656677246,10.109999656677246,10.109999656677246,10.109999656677246,22154,0.0,0.0
2021-05-12 00:00:00+03:00,10.390000343322754,10.390000343322754,10.369999885559082,10.390000343322754,10309,0.0,0.0
2021-05-17 00:00:00+03:00,10.449999809265137,10.449999809265137,9.949999809265137,9.949999809265137,34275,0.0,0.0
2021-05-18 00:00:00+03:00,9.829999923706055,9.829999923706055,9.75,9.829999923706055,24610,0.0,0.0
2021-05-20 00:00:00+03:00,10.0,10.0,9.850000381469727,9.930000305175781,43786,0.0,0.0
2021-05-21 00:00:00+03:00,9.989999771118164,10.5,9.989999771118164,10.5,37357,0.0,0.0
2021-05-24 00:00:00+03:00,10.329999923706055,10.329999923706055,10.069999694824219,10.069999694824219,23442,0.0,0.0
2021-05-25 00:00:00+03:00,10.010000228881836,10.050000190734863,9.899999618530273,9.899999618530273,26787,0.0,0.0
2021-05-26 00:00:00+03:00,10.0,10.0,9.710000038146973,9.75,22825,0.0,0.0
2021-05-27 00:00:00+03:00,10.0,10.0,9.90999984741211,9.949999809265137,16413,0.0,0.0
2021-05-28 00:00:00+03:00,10.010000228881836,10.010000228881836,9.899999618530273,9.899999618530273,15769,0.0,0.0
2021-05-31 00:00:00+03:00,9.5,9.5,9.079999923706055,9.079999923706055,46638,0.0,0.0
2021-06-01 00:00:00+03:00,8.989999771118164,9.0,8.729999542236328,9.0,30060,0.0,0.0
2021-06-02 00:00:00+03:00,9.100000381469727,9.569999694824219,9.079999923706055,9.569999694824219,28581,0.0,0.0
2021-06-03 00:00:00+03:00,9.989999771118164,10.520000457763672,9.989999771118164,10.520000457763672,51154,0.0,0.0
2021-06-04 00:00:00+03:00,10.859999656677246,11.0,10.859999656677246,11.0,47721,0.0,0.0
2021-06-07 00:00:00+03:00,11.100000381469727,11.100000381469727,10.40999984741211,10.40999984741211,25819,0.0,0.0
2021-06-08 00:00:00+03:00,10.229999542236328,10.229999542236328,9.800000190734863,10.050000190734863,41649,0.0,0.0
2021-06-09 00:00:00+03:00,10.220000267028809,10.220000267028809,9.949999809265137,9.949999809265137,15285,0.0,0.0
2021-06-10 00:00:00+03:00,9.989999771118164,9.989999771118164,9.649999618530273,9.649999618530273,23755,0.0,0.0
2021-06-11 00:00:00+03:00,9.399999618530273,9.399999618530273,9.390000343322754,9.390000343322754,27572,0.0,0.0
2021-06-14 00:00:00+03:00,9.020000457763672,9.4399995803833,9.020000457763672,9.199999809265137,29420,0.0,0.0
2021-06-15 00:00:00+03:00,9.420000076293945,9.420000076293945,9.199999809265137,9.199999809265137,14001,0.0,0.0
2021-06-16 00:00:00+03:00,9.369999885559082,9.369999885559082,9.300000190734863,9.359999656677246,11368,0.0,0.0
2021-06-17 00:00:00+03:00,9.300000190734863,9.300000190734863,8.979999542236328,9.109999656677246,34225,0.0,0.0
2021-06-18 00:00:00+03:00,9.199999809265137,9.470000267028809,9.199999809265137,9.470000267028809,36903,0.0,0.0
2021-06-21 00:00:00+03:00,9.569999694824219,9.569999694824219,9.350000381469727,9.350000381469727,15446,0.0,0.0
2021-06-22 00:00:00+03:00,9.350000381469727,9.5600004196167,9.300000190734863,9.300000190734863,15314,0.0,0.0
2021-06-23 00:00:00+03:00,9.300000190734863,9.300000190734863,9.270000457763672,9.270000457763672,21359,0.0,0.0
2021-06-24 00:00:00+03:00,9.270000457763672,9.270000457763672,9.010000228881836,9.020000457763672,21031,0.0,0.0
2021-06-25 00:00:00+03:00,9.260000228881836,9.710000038146973,9.260000228881836,9.710000038146973,33186,0.0,0.0
2021-06-28 00:00:00+03:00,10.0,10.0,9.699999809265137,9.699999809265137,24503,0.0,0.0
2021-06-29 00:00:00+03:00,9.460000038146973,9.460000038146973,9.399999618530273,9.399999618530273,15182,0.0,0.0
2021-06-30 00:00:00+03:00,9.510000228881836,9.949999809265137,9.510000228881836,9.890000343322754,12644,0.0,0.0
2021-07-01 00:00:00+03:00,9.880000114440918,9.880000114440918,9.569999694824219,9.699999809265137,15686,0.0,0.0
2021-07-02 00:00:00+03:00,9.6899995803833,9.6899995803833,9.350000381469727,9.399999618530273,10853,0.0,0.0
2021-07-05 00:00:00+03:00,9.399999618530273,9.449999809265137,9.329999923706055,9.449999809265137,11489,0.0,0.0
2021-07-06 00:00:00+03:00,9.5,9.5,9.319999694824219,9.319999694824219,15963,0.0,0.0
2021-07-07 00:00:00+03:00,9.350000381469727,9.350000381469727,9.220000267028809,9.220000267028809,6902,0.0,0.0
2021-07-08 00:00:00+03:00,9.25,9.25,9.170000076293945,9.170000076293945,12990,0.0,0.0
2021-07-09 00:00:00+03:00,9.15999984741211,9.15999984741211,9.100000381469727,9.100000381469727,11722,0.0,0.0
2021-07-12 00:00:00+03:00,9.260000228881836,9.260000228881836,8.819999694824219,8.829999923706055,15789,0.0,0.0
2021-07-13 00:00:00+03:00,8.800000190734863,8.800000190734863,8.489999771118164,8.59000015258789,11630,0.0,0.0
2021-07-14 00:00:00+03:00,8.699999809265137,8.899999618530273,8.699999809265137,8.720000267028809,8469,0.0,0.0
2021-07-16 00:00:00+03:00,9.0,9.0,8.890000343322754,9.0,8171,0.0,0.0
2021-07-19 00:00:00+03:00,9.319999694824219,9.319999694824219,9.279999732971191,9.279999732971191,10072,0.0,0.0
2021-07-26 00:00:00+03:00,9.279999732971191,9.279999732971191,9.199999809265137,9.199999809265137,13232,0.0,0.0
2021-07-27 00:00:00+03:00,9.199999809265137,9.199999809265137,9.010000228881836,9.010000228881836,12216,0.0,0.0
2021-07-28 00:00:00+03:00,9.100000381469727,9.100000381469727,8.899999618530273,8.949999809265137,6927,0.0,0.0
2021-07-29 00:00:00+03:00,9.0,9.0,8.869999885559082,8.869999885559082,15712,0.0,0.0
2021-07-30 00:00:00+03:00,8.869999885559082,9.020000457763672,8.869999885559082,8.930000305175781,12480,0.0,0.0
2021-08-02 00:00:00+03:00,9.0,9.0,8.84000015258789,8.84000015258789,12220,0.0,0.0
2021-08-03 00:00:00+03:00,8.84000015258789,8.84000015258789,8.779999732971191,8.779999732971191,14781,0.0,0.0
2021-08-04 00:00:00+03:00,8.779999732971191,8.779999732971191,8.720000267028809,8.720000267028809,19023,0.0,0.0
2021-08-05 00:00:00+03:00,8.699999809265137,9.199999809265137,8.600000381469727,9.199999809265137,42895,0.0,0.0
2021-08-06 00:00:00+03:00,9.470000267028809,9.470000267028809,9.470000267028809,9.470000267028809,39710,0.0,0.0
2021-08-09 00:00:00+03:00,9.479999542236328,9.649999618530273,9.479999542236328,9.649999618530273,18234,0.0,0.0
2021-08-10 00:00:00+03:00,9.850000381469727,10.5,9.850000381469727,10.5,37701,0.0,0.0
2021-08-11 00:00:00+03:00,10.609999656677246,11.050000190734863,10.609999656677246,11.050000190734863,39561,0.0,0.0
2021-08-12 00:00:00+03:00,11.010000228881836,11.010000228881836,10.199999809265137,10.199999809265137,31078,0.0,0.0
2021-08-13 00:00:00+03:00,10.050000190734863,10.050000190734863,9.470000267028809,9.829999923706055,43852,0.0,0.0
2021-08-16 00:00:00+03:00,10.600000381469727,10.8100004196167,10.600000381469727,10.8100004196167,80734,0.0,0.0
2021-08-17 00:00:00+03:00,10.489999771118164,10.850000381469727,10.489999771118164,10.850000381469727,29830,0.0,0.0
2021-08-18 00:00:00+03:00,10.899999618530273,10.899999618530273,10.850000381469727,10.850000381469727,37834,0.0,0.0
2021-08-19 00:00:00+03:00,11.100000381469727,11.100000381469727,10.989999771118164,10.989999771118164,17072,0.0,0.0
2021-08-20 00:00:00+03:00,10.9399995803833,10.9399995803833,10.350000381469727,10.5,16643,0.0,0.0
2021-08-23 00:00:00+03:00,10.470000267028809,10.470000267028809,10.079999923706055,10.100000381469727,40671,0.0,0.0
2021-08-24 00:00:00+03:00,10.199999809265137,10.199999809265137,10.100000381469727,10.100000381469727,18996,0.0,0.0
2021-08-25 00:00:00+03:00,10.100000381469727,10.100000381469727,9.800000190734863,9.800000190734863,17770,0.0,0.0
2021-08-26 00:00:00+03:00,9.800000190734863,10.0,9.739999771118164,10.0,17116,0.0,0.0
2021-08-27 00:00:00+03:00,10.199999809265137,10.25,10.100000381469727,10.100000381469727,27854,0.0,0.0
2021-08-31 00:00:00+03:00,10.300000190734863,10.5,10.300000190734863,10.479999542236328,15486,0.0,0.0
2021-09-01 00:00:00+03:00,11.0,11.0,10.850000381469727,10.850000381469727,18839,0.0,0.0
2021-09-02 00:00:00+03:00,11.100000381469727,11.25,11.100000381469727,11.25,28465,0.0,0.0
2021-09-03 00:00:00+03:00,11.470000267028809,11.5,11.420000076293945,11.5,41079,0.0,0.0
2021-09-06 00:00:00+03:00,11.5,11.5,11.449999809265137,11.449999809265137,81526,0.0,0.0
2021-09-07 00:00:00+03:00,11.199999809265137,11.199999809265137,10.989999771118164,10.989999771118164,50189,0.0,0.0
2021-09-08 00:00:00+03:00,10.989999771118164,10.989999771118164,10.600000381469727,10.600000381469727,25274,0.0,0.0
2021-09-09 00:00:00+03:00,11.020000457763672,11.020000457763672,10.800000190734863,10.989999771118164,25050,0.0,0.0
2021-09-10 00:00:00+03:00,10.899999618530273,11.0,10.850000381469727,11.0,45141,0.0,0.0
2021-09-13 00:00:00+03:00,10.989999771118164,11.0,10.979999542236328,10.989999771118164,36722,0.0,0.0
2021-09-14 00:00:00+03:00,11.0,11.0,10.550000190734863,10.90999984741211,19960,0.0,0.0
2021-09-15 00:00:00+03:00,10.949999809265137,10.949999809265137,10.890000343322754,10.890000343322754,15767,0.0,0.0
2021-09-16 00:00:00+03:00,10.800000190734863,10.800000190734863,10.609999656677246,10.609999656677246,13489,0.0,0.0
2021-09-17 00:00:00+03:00,9.760000228881836,10.569999694824219,9.760000228881836,10.569999694824219,26563,0.0,0.0
2021-09-20 00:00:00+03:00,10.5,10.5,10.15999984741211,10.15999984741211,15423,0.0,0.0
2021-09-21 00:00:00+03:00,10.149999618530273,10.149999618530273,9.890000343322754,10.149999618530273,30985,0.0,0.0
2021-09-22 00:00:00+03:00,10.199999809265137,10.199999809265137,10.010000228881836,10.020000457763672,15586,0.0,0.0
2021-09-23 00:00:00+03:00,10.050000190734863,10.050000190734863,10.050000190734863,10.050000190734863,19773,0.0,0.0
2021-09-24 00:00:00+03:00,10.050000190734863,10.050000190734863,10.0,10.0,21973,0.0,0.0
2021-09-27 00:00:00+03:00,10.199999809265137,10.600000381469727,10.199999809265137,10.40999984741211,17674,0.0,0.0
2021-09-28 00:00:00+03:00,10.489999771118164,10.489999771118164,10.390000343322754,10.390000343322754,7326,0.0,0.0
2021-09-29 00:00:00+03:00,10.390000343322754,10.390000343322754,10.25,10.25,9529,0.0,0.0
2021-09-30 00:00:00+03:00,10.220000267028809,10.5600004196167,10.199999809265137,10.5600004196167,23898,0.0,0.0
2021-10-01 00:00:00+03:00,10.539999961853027,10.880000114440918,10.539999961853027,10.869999885559082,19091,0.0,0.0
2021-10-04 00:00:00+03:00,10.859999656677246,10.859999656677246,10.710000038146973,10.710000038146973,13744,0.0,0.0
2021-10-05 00:00:00+03:00,10.710000038146973,10.710000038146973,10.100000381469727,10.300000190734863,23880,0.0,0.0
2021-10-06 00:00:00+03:00,10.489999771118164,10.489999771118164,10.050000190734863,10.050000190734863,17684,0.0,0.0
2021-10-07 00:00:00+03:00,10.149999618530273,10.149999618530273,10.119999885559082,10.149999618530273,5816,0.0,0.0
2021-10-08 00:00:00+03:00,10.220000267028809,10.390000343322754,10.220000267028809,10.390000343322754,13964,0.0,0.0
2021-10-11 00:00:00+03:00,10.5,10.5,10.479999542236328,10.479999542236328,8917,0.0,0.0
2021-10-12 00:00:00+03:00,10.399999618530273,10.880000114440918,10.300000190734863,10.880000114440918,34807,0.0,0.0
2021-10-13 00:00:00+03:00,10.90999984741211,10.90999984741211,10.75,10.75,13462,0.0,0.0
2021-10-14 00:00:00+03:00,10.5600004196167,10.699999809265137,10.5600004196167,10.699999809265137,10760,0.0,0.0
2021-10-15 00:00:00+03:00,10.699999809265137,10.699999809265137,10.670000076293945,10.670000076293945,11061,0.0,0.0
2021-10-18 00:00:00+03:00,10.649999618530273,10.649999618530273,10.539999961853027,10.539999961853027,11829,0.0,0.0
2021-10-19 00:00:00+03:00,10.569999694824219,10.789999961853027,10.569999694824219,10.789999961853027,15424,0.0,0.0
2021-10-20 00:00:00+03:00,10.819999694824219,10.819999694824219,10.699999809265137,10.699999809265137,10881,0.0,0.0
2021-10-21 00:00:00+03:00,10.699999809265137,10.699999809265137,10.579999923706055,10.619999885559082,15095,0.0,0.0
2021-10-22 00:00:00+03:00,11.680000305175781,11.680000305175781,11.680000305175781,11.680000305175781,120520,0.0,0.0
2021-10-25 00:00:00+03:00,12.6899995803833,12.6899995803833,11.699999809265137,11.699999809265137,108074,0.0,0.0
2021-10-26 00:00:00+03:00,11.5,11.5,11.199999809265137,11.199999809265137,30447,0.0,0.0
2021-10-27 00:00:00+03:00,11.15999984741211,11.15999984741211,10.899999618530273,11.0,17594,0.0,0.0
2021-10-28 00:00:00+03:00,10.949999809265137,10.949999809265137,10.949999809265137,10.949999809265137,5867,0.0,0.0
2021-11-01 00:00:00+03:00,10.800000190734863,10.800000190734863,10.65999984741211,10.65999984741211,26043,0.0,0.0
2021-11-02 00:00:00+03:00,10.699999809265137,11.0,10.699999809265137,10.960000038146973,36981,0.0,0.0
2021-11-03 00:00:00+03:00,10.9399995803833,10.9399995803833,10.8100004196167,10.8100004196167,22638,0.0,0.0
2021-11-04 00:00:00+03:00,10.699999809265137,10.859999656677246,10.699999809265137,10.859999656677246,11684,0.0,0.0
2021-11-05 00:00:00+03:00,10.899999618530273,10.899999618530273,10.75,10.75,11239,0.0,0.0
2021-11-08 00:00:00+03:00,10.699999809265137,10.699999809265137,10.600000381469727,10.600000381469727,20129,0.0,0.0
2021-11-09 00:00:00+03:00,10.800000190734863,10.899999618530273,10.699999809265137,10.699999809265137,18083,0.0,0.0
2021-11-10 00:00:00+03:00,11.760000228881836,11.760000228881836,10.739999771118164,10.739999771118164,45672,0.0,0.0
2021-11-11 00:00:00+03:00,10.5,10.5,10.4399995803833,10.4399995803833,29167,0.0,0.0
2021-11-12 00:00:00+03:00,10.420000076293945,10.449999809265137,10.420000076293945,10.449999809265137,13187,0.0,0.0
2021-11-15 00:00:00+03:00,10.4399995803833,10.4399995803833,10.25,10.25,26546,0.0,0.0
2021-11-16 00:00:00+03:00,10.239999771118164,10.239999771118164,9.970000267028809,9.970000267028809,37955,0.0,0.0
2021-11-17 00:00:00+03:00,9.800000190734863,9.800000190734863,9.5,9.600000381469727,46764,0.0,0.0
2021-11-18 00:00:00+03:00,10.0,10.050000190734863,10.0,10.050000190734863,22531,0.0,0.0
2021-11-19 00:00:00+03:00,9.989999771118164,9.989999771118164,9.710000038146973,9.789999961853027,18605,0.0,0.0
2021-11-22 00:00:00+03:00,9.800000190734863,9.819999694824219,9.699999809265137,9.699999809265137,29293,0.0,0.0
2021-11-23 00:00:00+03:00,9.699999809265137,9.699999809265137,9.40999984741211,9.40999984741211,23501,0.0,0.0
2021-11-24 00:00:00+03:00,9.399999618530273,9.430000305175781,9.399999618530273,9.430000305175781,43235,0.0,0.0
2021-11-25 00:00:00+03:00,9.449999809265137,9.8100004196167,9.449999809265137,9.8100004196167,20536,0.0,0.0
2021-11-26 00:00:00+03:00,9.8100004196167,9.8100004196167,9.5,9.5600004196167,15331,0.0,0.0
2021-11-29 00:00:00+03:00,9.619999885559082,9.970000267028809,9.600000381469727,9.600000381469727,23585,0.0,0.0
2021-11-30 00:00:00+03:00,9.600000381469727,9.609999656677246,9.600000381469727,9.609999656677246,25304,0.0,0.0
2021-12-01 00:00:00+03:00,10.569999694824219,10.569999694824219,10.0,10.0,116154,0.0,0.0
2021-12-02 00:00:00+03:00,9.600000381469727,9.600000381469727,9.449999809265137,9.449999809265137,107447,0.0,0.0
2021-12-03 00:00:00+03:00,9.449999809265137,9.449999809265137,9.390000343322754,9.390000343322754,55618,0.0,0.0
2021-12-06 00:00:00+03:00,9.350000381469727,9.350000381469727,9.1899995803833,9.1899995803833,55899,0.0,0.0
2021-12-07 00:00:00+03:00,9.149999618530273,9.149999618530273,9.09000015258789,9.09000015258789,38591,0.0,0.0
2021-12-08 00:00:00+03:00,9.09000015258789,9.260000228881836,9.09000015258789,9.260000228881836,20234,0.0,0.0
2021-12-09 00:00:00+03:00,9.359999656677246,9.369999885559082,9.260000228881836,9.260000228881836,15917,0.0,0.0
2021-12-10 00:00:00+03:00,8.989999771118164,9.140000343322754,8.989999771118164,9.140000343322754,27388,0.0,0.0
2021-12-13 00:00:00+03:00,9.149999618530273,9.300000190734863,9.149999618530273,9.260000228881836,23892,0.0,0.0
2021-12-14 00:00:00+03:00,9.3100004196167,9.3100004196167,9.149999618530273,9.149999618530273,23011,0.0,0.0
2021-12-15 00:00:00+03:00,9.149999618530273,9.149999618530273,9.0,9.140000343322754,26842,0.0,0.0
2021-12-16 00:00:00+03:00,9.1899995803833,9.1899995803833,9.140000343322754,9.140000343322754,19914,0.0,0.0
2021-12-17 00:00:00+03:00,9.359999656677246,9.359999656677246,9.0,9.0,19075,0.0,0.0
2021-12-20 00:00:00+03:00,9.0,9.0,8.75,8.75,19312,0.0,0.0
2021-12-21 00:00:00+03:00,8.5,8.75,8.5,8.75,25297,0.0,0.0
2021-12-22 00:00:00+03:00,8.75,9.0,8.75,8.890000343322754,10305,0.0,0.0
2021-12-23 00:00:00+03:00,8.890000343322754,8.890000343322754,8.25,8.65999984741211,7489,0.0,0.0
2021-12-24 00:00:00+03:00,8.65999984741211,8.65999984741211,8.59000015258789,8.630000114440918,11547,0.0,0.0
2021-12-27 00:00:00+03:00,8.699999809265137,8.930000305175781,8.699999809265137,8.899999618530273,16177,0.0,0.0
2021-12-28 00:00:00+03:00,9.0,9.010000228881836,8.699999809265137,8.699999809265137,16223,0.0,0.0
2021-12-29 00:00:00+03:00,8.699999809265137,9.319999694824219,8.699999809265137,9.140000343322754,67509,0.0,0.0
2021-12-30 00:00:00+03:00,9.130000114440918,9.130000114440918,8.819999694824219,8.819999694824219,16194,0.0,0.0
2021-12-31 00:00:00+03:00,9.149999618530273,9.329999923706055,9.149999618530273,9.300000190734863,32833,0.0,0.0
2022-01-03 00:00:00+03:00,9.3100004196167,9.3100004196167,9.0,9.010000228881836,38357,0.0,0.0
2022-01-04 00:00:00+03:00,9.100000381469727,9.100000381469727,8.850000381469727,9.050000190734863,28847,0.0,0.0
2022-01-05 00:00:00+03:00,9.0600004196167,9.100000381469727,9.0,9.0,15151,0.0,0.0
2022-01-06 00:00:00+03:00,8.989999771118164,8.989999771118164,8.800000190734863,8.800000190734863,8397,0.0,0.0
2022-01-07 00:00:00+03:00,9.100000381469727,9.100000381469727,8.949999809265137,8.949999809265137,13431,0.0,0.0
2022-01-10 00:00:00+03:00,8.800000190734863,9.180000305175781,8.800000190734863,9.180000305175781,39347,0.0,0.0
2022-01-11 00:00:00+03:00,9.170000076293945,9.170000076293945,9.0,9.0,12042,0.0,0.0
2022-01-12 00:00:00+03:00,8.8100004196167,9.100000381469727,8.8100004196167,9.0,10906,0.0,0.0
2022-01-13 00:00:00+03:00,9.079999923706055,9.079999923706055,9.0,9.0,25383,0.0,0.0
2022-01-14 00:00:00+03:00,9.0,9.0,8.350000381469727,8.600000381469727,18616,0.0,0.0
2022-01-17 00:00:00+03:00,8.899999618530273,9.0,8.899999618530273,8.979999542236328,19164,0.0,0.0
2022-01-18 00:00:00+03:00,9.029999732971191,9.029999732971191,8.899999618530273,8.899999618530273,15342,0.0,0.0
2022-01-19 00:00:00+03:00,8.800000190734863,8.899999618530273,8.75,8.899999618530273,15919,0.0,0.0
2022-01-20 00:00:00+03:00,8.899999618530273,9.130000114440918,8.899999618530273,9.0600004196167,23157,0.0,0.0
2022-01-21 00:00:00+03:00,8.979999542236328,8.979999542236328,8.609999656677246,8.609999656677246,29439,0.0,0.0
2022-01-24 00:00:00+03:00,8.699999809265137,8.699999809265137,8.609999656677246,8.609999656677246,14513,0.0,0.0
2022-01-25 00:00:00+03:00,8.550000190734863,8.550000190734863,8.420000076293945,8.479999542236328,23848,0.0,0.0
2022-01-26 00:00:00+03:00,8.479999542236328,8.550000190734863,8.479999542236328,8.5,12629,0.0,0.0
2022-01-27 00:00:00+03:00,8.600000381469727,8.600000381469727,8.5600004196167,8.5600004196167,9839,0.0,0.0
2022-01-28 00:00:00+03:00,8.550000190734863,9.0,8.550000190734863,8.979999542236328,23578,0.0,0.0
2022-01-31 00:00:00+03:00,8.899999618530273,8.979999542236328,8.899999618530273,8.979999542236328,32634,0.0,0.0
2022-02-01 00:00:00+03:00,9.010000228881836,9.010000228881836,8.800000190734863,8.800000190734863,20117,0.0,0.0
2022-02-02 00:00:00+03:00,8.800000190734863,8.800000190734863,8.699999809265137,8.699999809265137,12390,0.0,0.0
2022-02-03 00:00:00+03:00,8.6899995803833,8.6899995803833,8.399999618530273,8.399999618530273,10617,0.0,0.0
2022-02-04 00:00:00+03:00,8.449999809265137,8.739999771118164,8.449999809265137,8.729999542236328,10902,0.0,0.0
2022-02-07 00:00:00+03:00,8.279999732971191,8.989999771118164,8.279999732971191,8.640000343322754,12210,0.0,0.0
2022-02-08 00:00:00+03:00,8.510000228881836,8.899999618530273,8.510000228881836,8.890000343322754,15803,0.0,0.0
2022-02-09 00:00:00+03:00,8.869999885559082,8.890000343322754,8.869999885559082,8.880000114440918,14308,0.0,0.0
2022-02-10 00:00:00+03:00,8.8100004196167,8.899999618530273,8.800000190734863,8.800000190734863,7319,0.0,0.0
2022-02-11 00:00:00+03:00,8.640000343322754,8.880000114440918,8.640000343322754,8.880000114440918,4225,0.0,0.0
2022-02-14 00:00:00+03:00,8.859999656677246,8.859999656677246,8.600000381469727,8.619999885559082,9956,0.0,0.0
2022-02-15 00:00:00+03:00,8.59000015258789,8.75,8.59000015258789,8.600000381469727,23546,0.0,0.0
2022-02-16 00:00:00+03:00,8.800000190734863,8.800000190734863,8.600000381469727,8.600000381469727,11200,0.0,0.0
2022-02-17 00:00:00+03:00,8.600000381469727,8.600000381469727,8.5,8.59000015258789,27282,0.0,0.0
2022-02-18 00:00:00+03:00,8.59000015258789,8.600000381469727,8.59000015258789,8.600000381469727,18611,0.0,0.0
2022-02-21 00:00:00+03:00,8.5,8.5,8.489999771118164,8.489999771118164,16845,0.0,0.0
2022-02-22 00:00:00+03:00,8.489999771118164,8.489999771118164,8.479999542236328,8.479999542236328,33892,0.0,0.0
2022-02-23 00:00:00+03:00,8.449999809265137,8.449999809265137,8.350000381469727,8.350000381469727,15886,0.0,0.0
2022-02-24 00:00:00+03:00,8.199999809265137,8.199999809265137,7.519999980926514,7.519999980926514,20643,0.0,0.0
2022-02-25 00:00:00+03:00,7.0,8.1899995803833,7.0,8.1899995803833,28630,0.0,0.0
2022-02-28 00:00:00+03:00,7.889999866485596,8.130000114440918,7.800000190734863,8.029999732971191,16006,0.0,0.0
2022-03-01 00:00:00+03:00,7.989999771118164,8.079999923706055,7.989999771118164,8.079999923706055,7295,0.0,0.0
2022-03-02 00:00:00+03:00,8.079999923706055,8.079999923706055,8.0,8.010000228881836,13324,0.0,0.0
2022-03-03 00:00:00+03:00,8.100000381469727,8.350000381469727,8.100000381469727,8.149999618530273,10803,0.0,0.0
2022-03-04 00:00:00+03:00,8.100000381469727,8.470000267028809,8.050000190734863,8.399999618530273,7120,0.0,0.0
2022-03-07 00:00:00+03:00,8.300000190734863,8.300000190734863,8.0,8.100000381469727,11727,0.0,0.0
2022-03-08 00:00:00+03:00,7.949999809265137,8.079999923706055,7.949999809265137,7.989999771118164,13207,0.0,0.0
2022-03-09 00:00:00+03:00,7.989999771118164,8.050000190734863,7.989999771118164,7.989999771118164,12167,0.0,0.0
2022-03-10 00:00:00+03:00,8.079999923706055,8.079999923706055,7.940000057220459,7.940000057220459,6702,0.0,0.0
2022-03-11 00:00:00+03:00,8.09000015258789,8.149999618530273,8.079999923706055,8.149999618530273,17001,0.0,0.0
2022-03-14 00:00:00+03:00,8.149999618530273,8.149999618530273,7.940000057220459,8.100000381469727,7497,0.0,0.0
2022-03-15 00:00:00+03:00,7.960000038146973,7.960000038146973,7.900000095367432,7.900000095367432,7016,0.0,0.0
2022-03-16 00:00:00+03:00,7.960000038146973,7.960000038146973,7.929999828338623,7.929999828338623,14286,0.0,0.0
2022-03-17 00:00:00+03:00,8.199999809265137,8.199999809265137,7.989999771118164,8.0,9332,0.0,0.0
2022-03-18 00:00:00+03:00,8.0,8.0,7.900000095367432,7.900000095367432,8598,0.0,0.0
2022-03-21 00:00:00+03:00,7.900000095367432,7.900000095367432,7.840000152587891,7.840000152587891,18957,0.0,0.0
2022-03-22 00:00:00+03:00,7.840000152587891,7.840000152587891,7.75,7.75,14714,0.0,0.0
2022-03-23 00:00:00+03:00,7.75,7.75,7.650000095367432,7.650000095367432,23560,0.0,0.0
2022-03-24 00:00:00+03:00,7.650000095367432,7.650000095367432,7.5,7.5,20152,0.0,0.0
2022-03-25 00:00:00+03:00,7.989999771118164,7.989999771118164,7.599999904632568,7.75,21520,0.0,0.0
2022-03-28 00:00:00+03:00,7.960000038146973,7.960000038146973,7.800000190734863,7.800000190734863,19676,0.0,0.0
2022-03-29 00:00:00+03:00,8.0,8.0,7.789999961853027,7.789999961853027,6352,0.0,0.0
2022-03-30 00:00:00+03:00,7.78000020980835,7.800000190734863,7.650000095367432,7.800000190734863,7917,0.0,0.0
2022-03-31 00:00:00+03:00,7.900000095367432,7.900000095367432,7.510000228881836,7.710000038146973,10479,0.0,0.0
2022-04-01 00:00:00+03:00,7.679999828338623,7.949999809265137,7.679999828338623,7.949999809265137,18300,0.0,0.0
2022-04-04 00:00:00+03:00,7.900000095367432,7.900000095367432,7.800000190734863,7.800000190734863,7703,0.0,0.0
2022-04-05 00:00:00+03:00,7.940000057220459,7.940000057220459,7.800000190734863,7.800000190734863,4786,0.0,0.0
2022-04-06 00:00:00+03:00,7.789999961853027,7.789999961853027,7.599999904632568,7.78000020980835,23897,0.0,0.0
2022-04-07 00:00:00+03:00,7.800000190734863,7.900000095367432,7.699999809265137,7.699999809265137,28843,0.0,0.0
2022-04-08 00:00:00+03:00,7.699999809265137,7.800000190734863,7.599999904632568,7.800000190734863,12098,0.0,0.0
2022-04-11 00:00:00+03:00,7.849999904632568,7.849999904632568,7.650000095367432,7.699999809265137,18063,0.0,0.0
2022-04-12 00:00:00+03:00,7.800000190734863,7.800000190734863,7.789999961853027,7.789999961853027,50707,0.0,0.0
2022-04-13 00:00:00+03:00,7.800000190734863,7.800000190734863,7.690000057220459,7.789999961853027,32915,0.0,0.0
2022-04-14 00:00:00+03:00,7.789999961853027,7.789999961853027,7.690000057220459,7.690000057220459,17802,0.0,0.0
2022-04-15 00:00:00+03:00,7.690000057220459,7.75,7.690000057220459,7.75,12157,0.0,0.0
2022-04-18 00:00:00+03:00,7.769999980926514,7.769999980926514,7.769999980926514,7.769999980926514,27622,0.0,0.0
2022-04-19 00:00:00+03:00,7.769999980926514,7.769999980926514,7.610000133514404,7.630000114440918,7552,0.0,0.0
2022-04-20 00:00:00+03:00,7.699999809265137,7.699999809265137,7.559999942779541,7.590000152587891,33596,0.0,0.0
2022-04-21 00:00:00+03:00,7.800000190734863,7.869999885559082,7.739999771118164,7.800000190734863,25078,0.0,0.0
2022-04-22 00:00:00+03:00,8.0,8.0,7.789999961853027,7.889999866485596,13068,0.0,0.0
2022-04-25 00:00:00+03:00,8.100000381469727,8.100000381469727,7.989999771118164,7.989999771118164,16300,0.0,0.0
2022-04-26 00:00:00+03:00,7.989999771118164,7.989999771118164,7.869999885559082,7.869999885559082,9927,0.0,0.0
2022-04-27 00:00:00+03:00,7.869999885559082,8.0,7.849999904632568,7.989999771118164,28522,0.0,0.0
2022-04-28 00:00:00+03:00,7.989999771118164,8.0,7.949999809265137,7.949999809265137,29732,0.0,0.0
2022-04-29 00:00:00+03:00,7.949999809265137,7.989999771118164,7.929999828338623,7.989999771118164,8156,0.0,0.0
2022-05-05 00:00:00+03:00,8.15999984741211,8.199999809265137,8.15999984741211,8.199999809265137,48732,0.0,0.0
2022-05-06 00:00:00+03:00,8.199999809265137,8.199999809265137,8.130000114440918,8.170000076293945,21306,0.0,0.0
2022-05-09 00:00:00+03:00,8.199999809265137,8.199999809265137,8.0,8.100000381469727,25874,0.0,0.0
2022-05-10 00:00:00+03:00,8.25,8.25,8.25,8.25,572,0.0,0.0
2022-05-11 00:00:00+03:00,8.4399995803833,8.4399995803833,8.1899995803833,8.1899995803833,42422,0.0,0.0
2022-05-12 00:00:00+03:00,8.100000381469727,8.1899995803833,7.900000095367432,8.1899995803833,28908,0.0,0.0
2022-05-13 00:00:00+03:00,8.229999542236328,8.229999542236328,8.069999694824219,8.069999694824219,26308,0.0,0.0
2022-05-16 00:00:00+03:00,8.0,8.0,7.5,7.71999979019165,16769,0.0,0.0
2022-05-17 00:00:00+03:00,7.800000190734863,7.800000190734863,7.659999847412109,7.659999847412109,11361,0.0,0.0
2022-05-18 00:00:00+03:00,7.630000114440918,7.809999942779541,7.630000114440918,7.809999942779541,23891,0.0,0.0
2022-05-20 00:00:00+03:00,7.849999904632568,7.949999809265137,7.849999904632568,7.949999809265137,16838,0.0,0.0
2022-05-23 00:00:00+03:00,8.140000343322754,8.239999771118164,8.140000343322754,8.210000038146973,33257,0.0,0.0
2022-05-24 00:00:00+03:00,8.239999771118164,8.75,8.239999771118164,8.75,70497,0.0,0.0
2022-05-25 00:00:00+03:00,8.979999542236328,9.0,8.640000343322754,8.640000343322754,37635,0.0,0.0
2022-05-26 00:00:00+03:00,9.0,9.0,9.0,9.0,42602,0.0,0.0
2022-05-27 00:00:00+03:00,9.850000381469727,9.850000381469727,9.5,9.579999923706055,28569,0.0,0.0
2022-05-30 00:00:00+03:00,10.5,10.5,10.390000343322754,10.390000343322754,45335,0.0,0.0
2022-05-31 00:00:00+03:00,10.5,10.5,9.880000114440918,10.0,27664,0.0,0.0
2022-06-01 00:00:00+03:00,10.460000038146973,10.460000038146973,10.25,10.25,15167,0.0,0.0
2022-06-02 00:00:00+03:00,10.420000076293945,10.420000076293945,9.510000228881836,9.520000457763672,51458,0.0,0.0
2022-06-03 00:00:00+03:00,9.550000190734863,9.680000305175781,9.550000190734863,9.680000305175781,31416,0.0,0.0
2022-06-06 00:00:00+03:00,9.600000381469727,9.600000381469727,9.390000343322754,9.390000343322754,18567,0.0,0.0
2022-06-07 00:00:00+03:00,9.449999809265137,9.449999809265137,8.9399995803833,9.449999809265137,18053,0.0,0.0
2022-06-08 00:00:00+03:00,9.449999809265137,9.5,9.449999809265137,9.449999809265137,14687,0.0,0.0
2022-06-09 00:00:00+03:00,9.199999809265137,9.350000381469727,9.109999656677246,9.350000381469727,11286,0.0,0.0
2022-06-10 00:00:00+03:00,9.109999656677246,9.720000267028809,9.109999656677246,9.390000343322754,9735,0.0,0.0
2022-06-13 00:00:00+03:00,9.880000114440918,9.880000114440918,9.489999771118164,9.550000190734863,25469,0.0,0.0
2022-06-14 00:00:00+03:00,9.649999618530273,9.649999618530273,9.199999809265137,9.289999961853027,14296,0.0,0.0
2022-06-15 00:00:00+03:00,9.289999961853027,9.289999961853027,9.0,9.0,20821,0.0,0.0
2022-06-16 00:00:00+03:00,9.5600004196167,9.5600004196167,9.300000190734863,9.399999618530273,18558,0.0,0.0
2022-06-17 00:00:00+03:00,9.569999694824219,9.569999694824219,9.300000190734863,9.300000190734863,16947,0.0,0.0
2022-06-20 00:00:00+03:00,9.350000381469727,9.350000381469727,9.25,9.350000381469727,12429,0.0,0.0
2022-06-21 00:00:00+03:00,9.350000381469727,9.350000381469727,9.270000457763672,9.270000457763672,11709,0.0,0.0
2022-06-22 00:00:00+03:00,9.5,9.5,9.180000305175781,9.180000305175781,9041,0.0,0.0
2022-06-23 00:00:00+03:00,9.180000305175781,9.289999961853027,9.130000114440918,9.289999961853027,27912,0.0,0.0
2022-06-24 00:00:00+03:00,9.489999771118164,9.489999771118164,9.380000114440918,9.380000114440918,14492,0.0,0.0
2022-06-27 00:00:00+03:00,9.1899995803833,9.989999771118164,9.1899995803833,9.989999771118164,31004,0.0,0.0
2022-06-28 00:00:00+03:00,10.289999961853027,10.5,10.289999961853027,10.5,91954,0.0,0.0
2022-06-29 00:00:00+03:00,10.989999771118164,11.550000190734863,10.989999771118164,11.539999961853027,92345,0.0,0.0
2022-06-30 00:00:00+03:00,11.300000190734863,11.300000190734863,10.699999809265137,10.930000305175781,39005,0.0,0.0
2022-07-01 00:00:00+03:00,10.550000190734863,10.670000076293945,10.449999809265137,10.449999809265137,14717,0.0,0.0
2022-07-04 00:00:00+03:00,10.449999809265137,10.449999809265137,9.699999809265137,9.989999771118164,31579,0.0,0.0
2022-07-05 00:00:00+03:00,10.1899995803833,10.1899995803833,9.710000038146973,9.710000038146973,31507,0.0,0.0
2022-07-06 00:00:00+03:00,9.800000190734863,9.8100004196167,9.800000190734863,9.8100004196167,10220,0.0,0.0
2022-07-07 00:00:00+03:00,9.989999771118164,10.0,9.989999771118164,10.0,17464,0.0,0.0
2022-07-08 00:00:00+03:00,10.5,10.5,10.100000381469727,10.100000381469727,9074,0.0,0.0
2022-07-13 00:00:00+03:00,10.390000343322754,10.390000343322754,10.0,10.09000015258789,9092,0.0,0.0
2022-07-14 00:00:00+03:00,10.050000190734863,10.09000015258789,9.899999618530273,9.899999618530273,10961,0.0,0.0
2022-07-18 00:00:00+03:00,9.989999771118164,10.0,9.949999809265137,9.949999809265137,28777,0.0,0.0
2022-07-19 00:00:00+03:00,9.949999809265137,9.949999809265137,9.90999984741211,9.90999984741211,34793,0.0,0.0
2022-07-20 00:00:00+03:00,9.90999984741211,9.90999984741211,9.800000190734863,9.800000190734863,32299,0.0,0.0
2022-07-21 00:00:00+03:00,9.989999771118164,10.779999732971191,9.989999771118164,10.779999732971191,56541,0.0,0.0
2022-07-22 00:00:00+03:00,10.5,10.550000190734863,10.300000190734863,10.550000190734863,33971,0.0,0.0
2022-07-25 00:00:00+03:00,10.789999961853027,10.979999542236328,10.789999961853027,10.979999542236328,30683,0.0,0.0
2022-07-26 00:00:00+03:00,10.979999542236328,11.399999618530273,10.979999542236328,11.399999618530273,26540,0.0,0.0
2022-07-27 00:00:00+03:00,11.5,11.5,11.300000190734863,11.479999542236328,33242,0.0,0.0
2022-07-28 00:00:00+03:00,11.470000267028809,12.0,11.470000267028809,12.0,28699,0.0,0.0
2022-07-29 00:00:00+03:00,12.25,12.470000267028809,12.25,12.470000267028809,60998,0.0,0.0
2022-08-01 00:00:00+03:00,13.0,13.710000038146973,13.0,13.6899995803833,112315,0.0,0.0
2022-08-02 00:00:00+03:00,15.050000190734863,15.050000190734863,15.050000190734863,15.050000190734863,83391,0.0,0.0
2022-08-03 00:00:00+03:00,16.530000686645508,16.549999237060547,16.530000686645508,16.549999237060547,84776,0.0,0.0
2022-08-04 00:00:00+03:00,16.899999618530273,16.899999618530273,14.899999618530273,15.34000015258789,114556,0.0,0.0
2022-08-05 00:00:00+03:00,15.600000381469727,16.5,15.600000381469727,16.5,94293,0.0,0.0
2022-08-08 00:00:00+03:00,17.489999771118164,17.489999771118164,15.800000190734863,15.800000190734863,67442,0.0,0.0
2022-08-09 00:00:00+03:00,15.109999656677246,17.0,15.109999656677246,16.989999771118164,136102,0.0,0.0
2022-08-10 00:00:00+03:00,17.0,17.989999771118164,17.0,17.989999771118164,118761,0.0,0.0
2022-08-11 00:00:00+03:00,17.989999771118164,19.0,17.989999771118164,19.0,156850,0.0,0.0
2022-08-12 00:00:00+03:00,20.479999542236328,20.899999618530273,20.479999542236328,20.899999618530273,216262,0.0,0.0
2022-08-15 00:00:00+03:00,22.979999542236328,22.979999542236328,22.979999542236328,22.979999542236328,234927,0.0,0.0
2022-08-16 00:00:00+03:00,23.0,24.219999313354492,23.0,24.219999313354492,180017,0.0,0.0
2022-08-17 00:00:00+03:00,25.68000030517578,26.639999389648438,25.68000030517578,26.639999389648438,136343,0.0,0.0
2022-08-18 00:00:00+03:00,29.280000686645508,29.299999237060547,29.280000686645508,29.299999237060547,165027,0.0,0.0
2022-08-19 00:00:00+03:00,29.860000610351562,29.860000610351562,29.860000610351562,29.860000610351562,117111,0.0,0.0
2022-08-22 00:00:00+03:00,31.0,32.84000015258789,31.0,32.84000015258789,113249,0.0,0.0
2022-08-23 00:00:00+03:00,34.20000076293945,36.119998931884766,34.20000076293945,36.119998931884766,161549,0.0,0.0
2022-08-24 00:00:00+03:00,36.119998931884766,36.119998931884766,32.52000045776367,32.52000045776367,125263,0.0,0.0
2022-08-25 00:00:00+03:00,29.280000686645508,29.280000686645508,29.280000686645508,29.280000686645508,97763,0.0,0.0
2022-08-26 00:00:00+03:00,28.0,32.20000076293945,28.0,32.20000076293945,182346,0.0,0.0
2022-08-29 00:00:00+03:00,34.0,35.41999816894531,34.0,35.41999816894531,144581,0.0,0.0
2022-08-31 00:00:00+03:00,37.41999816894531,38.959999084472656,37.41999816894531,38.959999084472656,125893,0.0,0.0
2022-09-01 00:00:00+03:00,35.08000183105469,42.84000015258789,35.08000183105469,41.560001373291016,97702,0.0,0.0
2022-09-02 00:00:00+03:00,43.0,44.0,38.040000915527344,38.040000915527344,51100,0.0,0.0
2022-09-05 00:00:00+03:00,36.0,40.0,36.0,38.79999923706055,53660,0.0,0.0
2022-09-06 00:00:00+03:00,36.20000076293945,36.20000076293945,34.91999816894531,34.91999816894531,37125,0.0,0.0
2022-09-07 00:00:00+03:00,32.599998474121094,38.0,32.599998474121094,35.939998626708984,43389,0.0,0.0
2022-09-08 00:00:00+03:00,33.0,37.0,33.0,35.0,21996,0.0,0.0
2022-09-09 00:00:00+03:00,34.0,34.099998474121094,33.900001525878906,33.900001525878906,27879,0.0,0.0
2022-09-12 00:00:00+03:00,34.0,36.040000915527344,34.0,36.040000915527344,63407,0.0,0.0
2022-09-13 00:00:00+03:00,39.63999938964844,39.63999938964844,39.63999938964844,39.63999938964844,23134,0.0,0.0
2022-09-14 00:00:00+03:00,43.599998474121094,43.599998474121094,39.0,43.0,70468,0.0,0.0
2022-09-15 00:00:00+03:00,46.5,46.5,42.0,46.0,26433,0.0,0.0
2022-09-16 00:00:00+03:00,50.599998474121094,50.599998474121094,50.5,50.5,53737,0.0,0.0
2022-09-19 00:00:00+03:00,47.0,50.0,46.5,50.0,23517,0.0,0.0
2022-09-20 00:00:00+03:00,49.0,50.0,46.400001525878906,50.0,24109,0.0,0.0
2022-09-21 00:00:00+03:00,47.0,51.0,47.0,50.0,29882,0.0,0.0
2022-09-22 00:00:00+03:00,50.0,50.900001525878906,46.0,46.0,37986,0.0,0.0
2022-09-23 00:00:00+03:00,48.0,48.0,47.900001525878906,48.0,18035,0.0,0.0
2022-09-26 00:00:00+03:00,48.0,48.0,43.20000076293945,44.47999954223633,66615,0.0,0.0
2022-09-27 00:00:00+03:00,46.47999954223633,48.0,46.47999954223633,48.0,27995,0.0,0.0
2022-09-28 00:00:00+03:00,49.5,52.0,49.5,51.900001525878906,55379,0.0,0.0
2022-09-29 00:00:00+03:00,54.0,57.04999923706055,54.0,57.04999923706055,74059,0.0,0.0
2022-09-30 00:00:00+03:00,59.0,60.0,59.0,60.0,46228,0.0,0.0
2022-10-03 00:00:00+03:00,60.0,60.0,58.54999923706055,58.54999923706055,39526,0.0,0.0
2022-10-04 00:00:00+03:00,57.04999923706055,57.04999923706055,52.70000076293945,52.70000076293945,50905,0.0,0.0
2022-10-05 00:00:00+03:00,52.70000076293945,52.70000076293945,52.70000076293945,52.70000076293945,38175,0.0,0.0
2022-10-06 00:00:00+03:00,52.70000076293945,52.70000076293945,50.5,50.5,32005,0.0,0.0
2022-10-07 00:00:00+03:00,50.150001525878906,50.150001525878906,46.0,47.380001068115234,68304,0.0,0.0
2022-10-10 00:00:00+03:00,51.20000076293945,52.099998474121094,51.20000076293945,52.099998474121094,34665,0.0,0.0
2022-10-11 00:00:00+03:00,57.29999923706055,57.29999923706055,57.29999923706055,57.29999923706055,56124,0.0,0.0
2022-10-12 00:00:00+03:00,63.0,63.0,63.0,63.0,50871,0.0,0.0
2022-10-13 00:00:00+03:00,69.30000305175781,69.30000305175781,69.30000305175781,69.30000305175781,121736,0.0,0.0
2022-10-14 00:00:00+03:00,68.94999694824219,68.94999694824219,65.80000305175781,66.5999984741211,62451,0.0,0.0
2022-10-17 00:00:00+03:00,70.0,73.25,70.0,73.25,83428,0.0,0.0
2022-10-18 00:00:00+03:00,74.80000305175781,78.5,74.80000305175781,78.44999694824219,65730,0.0,0.0
2022-10-19 00:00:00+03:00,78.0,78.0,74.69999694824219,74.69999694824219,55357,0.0,0.0
2022-10-20 00:00:00+03:00,72.0,73.44999694824219,72.0,73.44999694824219,47791,0.0,0.0
2022-10-21 00:00:00+03:00,75.0,80.75,75.0,80.75,60899,0.0,0.0
2022-10-24 00:00:00+03:00,80.75,84.94999694824219,80.75,83.55000305175781,46326,0.0,0.0
2022-10-25 00:00:00+03:00,80.0,80.0,75.19999694824219,75.19999694824219,47947,0.0,0.0
2022-10-26 00:00:00+03:00,79.3499984741211,79.4000015258789,79.3499984741211,79.3499984741211,31374,0.0,0.0
2022-10-27 00:00:00+03:00,79.3499984741211,79.3499984741211,79.3499984741211,79.3499984741211,36039,0.0,0.0
2022-10-28 00:00:00+03:00,82.0,82.5,82.0,82.5,5264,0.0,0.0
2022-10-31 00:00:00+03:00,90.0,90.0999984741211,90.0,90.0999984741211,45916,0.0,0.0
2022-11-01 00:00:00+03:00,95.0999984741211,95.0999984741211,90.0999984741211,90.0999984741211,40988,0.0,0.0
2022-11-02 00:00:00+03:00,90.0,90.0,90.0,90.0,45854,0.0,0.0
2022-11-03 00:00:00+03:00,90.0,90.0,88.0,88.0,36525,0.0,0.0
2022-11-04 00:00:00+03:00,86.5,86.5,81.80000305175781,84.44999694824219,51630,0.0,0.0
2022-11-07 00:00:00+03:00,92.8499984741211,92.8499984741211,92.8499984741211,92.8499984741211,29756,0.0,0.0
2022-11-08 00:00:00+03:00,99.9000015258789,99.9000015258789,99.5,99.5,53006,0.0,0.0
2022-11-09 00:00:00+03:00,99.5,100.0999984741211,99.5,100.0,35943,0.0,0.0
2022-11-10 00:00:00+03:00,100.0999984741211,100.0999984741211,97.0,97.0,33022,0.0,0.0
2022-11-11 00:00:00+03:00,94.80000305175781,96.0,94.80000305175781,96.0,36196,0.0,0.0
2022-11-14 00:00:00+03:00,90.0,96.0,90.0,96.0,50440,0.0,0.0
2022-11-15 00:00:00+03:00,100.19999694824219,105.0,100.19999694824219,105.0,37481,0.0,0.0
2022-11-16 00:00:00+03:00,105.0,105.0,100.19999694824219,100.19999694824219,43457,0.0,0.0
2022-11-17 00:00:00+03:00,93.19999694824219,93.19999694824219,91.80000305175781,91.80000305175781,48811,0.0,0.0
2022-11-18 00:00:00+03:00,90.0,95.05000305175781,90.0,95.05000305175781,34313,0.0,0.0
2022-11-21 00:00:00+03:00,99.5999984741211,99.5999984741211,95.0999984741211,95.0999984741211,33542,0.0,0.0
2022-11-22 00:00:00+03:00,91.5,91.5,85.5999984741211,85.5999984741211,74275,0.0,0.0
2022-11-23 00:00:00+03:00,85.5999984741211,94.1500015258789,85.5999984741211,94.1500015258789,89675,0.0,0.0
2022-11-24 00:00:00+03:00,103.5,103.5,103.5,103.5,80630,0.0,0.0
2022-11-25 00:00:00+03:00,113.80000305175781,113.80000305175781,108.5,108.5,115582,0.0,0.0
2022-11-28 00:00:00+03:00,110.0,110.0,100.0999984741211,100.0999984741211,38251,0.0,0.0
2022-11-29 00:00:00+03:00,105.0,105.0,95.19999694824219,103.0,53366,0.0,0.0
2022-11-30 00:00:00+03:00,106.0999984741211,106.0999984741211,101.0,101.0,25372,0.0,0.0
2022-12-01 00:00:00+03:00,90.9000015258789,110.0,90.9000015258789,105.0,46118,0.0,0.0
2022-12-02 00:00:00+03:00,102.0,102.0,97.30000305175781,97.30000305175781,37988,0.0,0.0
2022-12-05 00:00:00+03:00,100.0,100.0,88.80000305175781,88.80000305175781,53806,0.0,0.0
2022-12-06 00:00:00+03:00,88.80000305175781,95.0,86.05000305175781,86.05000305175781,63476,0.0,0.0
2022-12-07 00:00:00+03:00,89.0,89.05000305175781,88.5,88.5,43807,0.0,0.0
2022-12-08 00:00:00+03:00,90.0,90.0,89.8499984741211,89.8499984741211,16127,0.0,0.0
2022-12-09 00:00:00+03:00,93.5,93.80000305175781,93.5,93.80000305175781,36865,0.0,0.0
2022-12-12 00:00:00+03:00,93.80000305175781,93.80000305175781,91.0,91.69999694824219,42484,0.0,0.0
2022-12-13 00:00:00+03:00,91.25,91.25,87.0,87.0,104060,0.0,0.0
2022-12-14 00:00:00+03:00,90.0,90.0,85.0,85.0,45872,0.0,0.0
2022-12-15 00:00:00+03:00,85.0,90.0,85.0,88.9000015258789,26527,0.0,0.0
2022-12-16 00:00:00+03:00,88.9000015258789,89.1500015258789,80.05000305175781,80.05000305175781,58634,0.0,0.0
2022-12-19 00:00:00+03:00,85.0,85.0,80.05000305175781,80.30000305175781,45407,0.0,0.0
2022-12-20 00:00:00+03:00,82.80000305175781,82.80000305175781,82.5999984741211,82.75,37724,0.0,0.0
2022-12-21 00:00:00+03:00,82.75,82.75,82.5,82.69999694824219,40153,0.0,0.0
2022-12-22 00:00:00+03:00,82.75,83.1500015258789,82.75,83.0999984741211,49345,0.0,0.0
2022-12-23 00:00:00+03:00,85.0,86.9000015258789,85.0,86.9000015258789,23117,0.0,0.0
2022-12-26 00:00:00+03:00,90.0,95.55000305175781,90.0,95.55000305175781,81963,0.0,0.0
2022-12-27 00:00:00+03:00,105.0999984741211,105.0999984741211,105.0999984741211,105.0999984741211,25865,0.0,0.0
2022-12-28 00:00:00+03:00,115.5999984741211,115.5999984741211,115.5999984741211,115.5999984741211,91358,0.0,0.0
2022-12-29 00:00:00+03:00,115.0999984741211,115.0999984741211,107.30000305175781,110.5,76385,0.0,0.0
2022-12-30 00:00:00+03:00,117.19999694824219,121.5,117.19999694824219,119.80000305175781,62411,0.0,0.0
2023-01-02 00:00:00+03:00,119.0,119.0,110.0,115.0,37447,0.0,0.0
2023-01-03 00:00:00+03:00,120.19999694824219,120.19999694824219,109.69999694824219,109.69999694824219,44792,0.0,0.0
2023-01-04 00:00:00+03:00,116.0,116.0,109.0,109.0,35161,0.0,0.0
2023-01-05 00:00:00+03:00,111.0,111.0,98.0999984741211,98.0999984741211,22496,0.0,0.0
2023-01-06 00:00:00+03:00,91.0,107.9000015258789,91.0,107.9000015258789,32091,0.0,0.0
2023-01-09 00:00:00+03:00,105.69999694824219,110.0999984741211,105.69999694824219,108.0,22551,0.0,0.0
2023-01-10 00:00:00+03:00,108.0,117.5,108.0,117.5,33276,0.0,0.0
2023-01-11 00:00:00+03:00,117.19999694824219,117.19999694824219,105.80000305175781,105.80000305175781,17514,0.0,0.0
2023-01-12 00:00:00+03:00,105.9000015258789,116.0,95.25,116.0,35774,0.0,0.0
2023-01-13 00:00:00+03:00,127.5999984741211,127.5999984741211,106.69999694824219,106.69999694824219,107774,0.0,0.0
2023-01-16 00:00:00+03:00,106.9000015258789,114.0,106.9000015258789,114.0,38495,0.0,0.0
2023-01-17 00:00:00+03:00,116.0,125.0999984741211,116.0,124.9000015258789,39329,0.0,0.0
2023-01-18 00:00:00+03:00,123.4000015258789,123.4000015258789,119.80000305175781,119.80000305175781,23508,0.0,0.0
2023-01-19 00:00:00+03:00,119.80000305175781,120.5,119.80000305175781,120.5,22492,0.0,0.0
2023-01-20 00:00:00+03:00,120.5,120.5,111.0999984741211,117.19999694824219,37620,0.0,0.0
2023-01-23 00:00:00+03:00,114.0,114.0,108.0,108.0,23450,0.0,0.0
2023-01-24 00:00:00+03:00,107.0,107.0,103.80000305175781,103.80000305175781,38297,0.0,0.0
2023-01-25 00:00:00+03:00,103.5,103.5,102.0,102.0,21318,0.0,0.0
2023-01-26 00:00:00+03:00,105.0,112.0,105.0,109.0,23556,0.0,0.0
2023-01-27 00:00:00+03:00,110.0,110.0,104.0,104.0,20400,0.0,0.0
2023-01-30 00:00:00+03:00,112.0,112.0,106.9000015258789,106.9000015258789,11463,0.0,0.0
2023-01-31 00:00:00+03:00,106.9000015258789,106.9000015258789,103.9000015258789,106.9000015258789,28228,0.0,0.0
2023-02-01 00:00:00+03:00,111.9000015258789,112.0,110.0999984741211,110.0999984741211,40949,0.0,0.0
2023-02-02 00:00:00+03:00,110.0999984741211,118.0,110.0999984741211,111.0,28028,0.0,0.0
2023-02-03 00:00:00+03:00,112.5,115.0,112.5,113.0,27974,0.0,0.0
2023-02-06 00:00:00+03:00,111.9000015258789,111.9000015258789,101.69999694824219,101.69999694824219,26845,0.0,0.0
2023-02-07 00:00:00+03:00,100.9000015258789,100.9000015258789,91.55000305175781,91.55000305175781,21936,0.0,0.0
2023-02-08 00:00:00+03:00,82.4000015258789,82.4000015258789,82.4000015258789,82.4000015258789,125,0.0,0.0
2023-02-15 00:00:00+03:00,82.4000015258789,100.69999694824219,82.4000015258789,92.1500015258789,57315,0.0,0.0
2023-02-16 00:00:00+03:00,85.0,86.0,82.94999694824219,82.94999694824219,68708,0.0,0.0
2023-02-17 00:00:00+03:00,86.0,86.0,76.1500015258789,78.4000015258789,42757,0.0,0.0
2023-02-20 00:00:00+03:00,85.19999694824219,86.0,85.19999694824219,86.0,37241,0.0,0.0
2023-02-21 00:00:00+03:00,86.0,92.19999694824219,86.0,92.19999694824219,26146,0.0,0.0
2023-02-22 00:00:00+03:00,95.0,101.4000015258789,95.0,101.4000015258789,63568,0.0,0.0
2023-02-23 00:00:00+03:00,101.4000015258789,110.9000015258789,101.4000015258789,110.9000015258789,40766,0.0,0.0
2023-02-24 00:00:00+03:00,108.0,108.0,101.19999694824219,104.0999984741211,21248,0.0,0.0
2023-02-27 00:00:00+03:00,102.5,102.5,99.94999694824219,99.94999694824219,13449,0.0,0.0
2023-02-28 00:00:00+03:00,93.1500015258789,97.0,90.0,97.0,72439,0.0,0.0
2023-03-01 00:00:00+03:00,91.25,98.0,91.25,95.0999984741211,19402,0.0,0.0
2023-03-02 00:00:00+03:00,93.0,93.0,92.0,92.0,28195,0.0,0.0
2023-03-03 00:00:00+03:00,95.0,95.0,91.0999984741211,91.0999984741211,22474,0.0,0.0
2023-03-06 00:00:00+03:00,94.25,100.0,94.25,97.0,61621,0.0,0.0
2023-03-07 00:00:00+03:00,94.8499984741211,95.0,92.0999984741211,92.0999984741211,27855,0.0,0.0
2023-03-08 00:00:00+03:00,87.19999694824219,96.9000015258789,87.19999694824219,96.8499984741211,35228,0.0,0.0
2023-03-09 00:00:00+03:00,96.5,97.5,96.5,96.69999694824219,16541,0.0,0.0
2023-03-10 00:00:00+03:00,93.94999694824219,93.94999694824219,88.0,90.5999984741211,45910,0.0,0.0
2023-03-13 00:00:00+03:00,89.94999694824219,92.69999694824219,89.94999694824219,92.69999694824219,39120,0.0,0.0
2023-03-14 00:00:00+03:00,87.6500015258789,87.75,87.6500015258789,87.6500015258789,25597,0.0,0.0
2023-03-15 00:00:00+03:00,83.69999694824219,89.69999694824219,83.69999694824219,87.44999694824219,25274,0.0,0.0
2023-03-16 00:00:00+03:00,87.25,89.19999694824219,87.25,88.9000015258789,25683,0.0,0.0
2023-03-17 00:00:00+03:00,88.4000015258789,88.4000015258789,87.30000305175781,87.30000305175781,22949,0.0,0.0
2023-03-20 00:00:00+03:00,87.1500015258789,87.1500015258789,84.0,84.0,27164,0.0,0.0
2023-03-21 00:00:00+03:00,82.30000305175781,82.30000305175781,79.94999694824219,80.0,47811,0.0,0.0
2023-03-22 00:00:00+03:00,82.1500015258789,87.0,82.1500015258789,87.0,31313,0.0,0.0
2023-03-23 00:00:00+03:00,87.0,87.0,82.55000305175781,82.55000305175781,25217,0.0,0.0
2023-03-24 00:00:00+03:00,82.55000305175781,82.69999694824219,82.55000305175781,82.69999694824219,17103,0.0,0.0
2023-03-27 00:00:00+03:00,83.05000305175781,83.05000305175781,83.0,83.05000305175781,10476,0.0,0.0
2023-03-28 00:00:00+03:00,81.44999694824219,81.44999694824219,78.55000305175781,78.55000305175781,24414,0.0,0.0
2023-03-29 00:00:00+03:00,79.0,79.0,77.5,78.0,21734,0.0,0.0
2023-03-30 00:00:00+03:00,78.1500015258789,78.1500015258789,78.0,78.0,10075,0.0,0.0
2023-03-31 00:00:00+03:00,76.69999694824219,76.69999694824219,76.44999694824219,76.44999694824219,20621,0.0,0.0
2023-04-03 00:00:00+03:00,78.0,78.0,76.9000015258789,76.9000015258789,10467,0.0,0.0
2023-04-04 00:00:00+03:00,75.0,80.0,75.0,77.19999694824219,24034,0.0,0.0
2023-04-05 00:00:00+03:00,84.9000015258789,84.9000015258789,84.9000015258789,84.9000015258789,17341,0.0,0.0
2023-04-06 00:00:00+03:00,92.0,93.3499984741211,89.94999694824219,93.3499984741211,144995,0.0,0.0
2023-04-07 00:00:00+03:00,97.0,99.0999984741211,85.5999984741211,88.05000305175781,127476,0.0,0.0
2023-04-10 00:00:00+03:00,84.0,88.0,80.0,82.8499984741211,102859,0.0,0.0
2023-04-11 00:00:00+03:00,82.8499984741211,84.25,78.80000305175781,80.3499984741211,92051,0.0,0.0
2023-04-12 00:00:00+03:00,80.3499984741211,82.0,78.0,80.0,64790,0.0,0.0
2023-04-13 00:00:00+03:00,80.30000305175781,81.19999694824219,78.0,80.0999984741211,47886,0.0,0.0
2023-04-14 00:00:00+03:00,80.0999984741211,80.0999984741211,78.0999984741211,79.0,33397,0.0,0.0
2023-04-17 00:00:00+03:00,79.0,80.0,76.1500015258789,77.19999694824219,32721,0.0,0.0
2023-04-18 00:00:00+03:00,77.19999694824219,77.69999694824219,74.0,77.6500015258789,34473,0.0,0.0
2023-04-19 00:00:00+03:00,77.6500015258789,78.0,74.8499984741211,77.94999694824219,23214,0.0,0.0
2023-04-20 00:00:00+03:00,78.0,81.5,75.5999984741211,79.6500015258789,19751,0.0,0.0
2023-04-24 00:00:00+03:00,79.5999984741211,79.6500015258789,75.6500015258789,77.8499984741211,40782,0.0,0.0
2023-04-25 00:00:00+03:00,77.5,79.5,72.4000015258789,74.6500015258789,52528,0.0,0.0
2023-04-26 00:00:00+03:00,76.0,76.8499984741211,71.80000305175781,72.94999694824219,73663,0.0,0.0
2023-04-27 00:00:00+03:00,72.94999694824219,74.0,70.0,73.1500015258789,49477,0.0,0.0
2023-04-28 00:00:00+03:00,73.1500015258789,75.4000015258789,69.5,72.75,29388,0.0,0.0
2023-05-02 00:00:00+03:00,70.0999984741211,72.1500015258789,67.5,71.4000015258789,42214,0.0,0.0
2023-05-03 00:00:00+03:00,70.0,73.0,64.5,66.9000015258789,39855,0.0,0.0
2023-05-04 00:00:00+03:00,66.0,68.0,64.30000305175781,66.80000305175781,21655,0.0,0.0
2023-05-05 00:00:00+03:00,70.0,73.44999694824219,65.0,71.75,64110,0.0,0.0
2023-05-08 00:00:00+03:00,71.75,71.75,66.0,69.0999984741211,43881,0.0,0.0
2023-05-09 00:00:00+03:00,67.5,68.5,64.3499984741211,66.5,44216,0.0,0.0
2023-05-10 00:00:00+03:00,66.5,66.8499984741211,63.400001525878906,66.80000305175781,22368,0.0,0.0
2023-05-11 00:00:00+03:00,62.849998474121094,67.0,60.150001525878906,65.1500015258789,98592,0.0,0.0
2023-05-12 00:00:00+03:00,64.5,64.5,60.0,62.150001525878906,43932,0.0,0.0
2023-05-15 00:00:00+03:00,60.0,63.95000076293945,55.95000076293945,62.79999923706055,43205,0.0,0.0
2023-05-16 00:00:00+03:00,61.75,62.5,58.75,62.400001525878906,33660,0.0,0.0
2023-05-17 00:00:00+03:00,60.099998474121094,62.5,59.79999923706055,61.650001525878906,67712,0.0,0.0
2023-05-18 00:00:00+03:00,61.45000076293945,61.45000076293945,58.400001525878906,60.45000076293945,58057,0.0,0.0
2023-05-22 00:00:00+03:00,60.45000076293945,60.70000076293945,58.25,59.95000076293945,57847,0.0,0.0
2023-05-23 00:00:00+03:00,62.79999923706055,62.79999923706055,58.0,60.0,47872,0.0,0.0
2023-05-24 00:00:00+03:00,59.349998474121094,59.95000076293945,56.5,59.45000076293945,30092,0.0,0.0
2023-05-25 00:00:00+03:00,57.849998474121094,61.0,57.79999923706055,60.20000076293945,30024,0.0,0.0
2023-05-26 00:00:00+03:00,59.54999923706055,60.20000076293945,58.400001525878906,59.79999923706055,39390,0.0,0.0
2023-05-29 00:00:00+03:00,59.79999923706055,63.5,59.79999923706055,62.75,60074,0.0,0.0
2023-05-30 00:00:00+03:00,63.650001525878906,69.0,61.79999923706055,69.0,105392,0.0,0.0
2023-05-31 00:00:00+03:00,69.1500015258789,75.9000015258789,69.1500015258789,75.9000015258789,152430,0.0,0.0
2023-06-01 00:00:00+03:00,75.9000015258789,82.5999984741211,72.5,81.25,155647,0.0,0.0
2023-06-02 00:00:00+03:00,81.0,81.30000305175781,77.5,79.80000305175781,107666,0.0,0.0
2023-06-05 00:00:00+03:00,79.55000305175781,79.55000305175781,76.5,78.5,71417,0.0,0.0
2023-06-06 00:00:00+03:00,77.30000305175781,82.5,75.9000015258789,80.94999694824219,113406,0.0,0.0
2023-06-07 00:00:00+03:00,79.44999694824219,80.5,77.55000305175781,79.0,69055,0.0,0.0
2023-06-08 00:00:00+03:00,76.9000015258789,79.0,75.05000305175781,76.6500015258789,44955,0.0,0.0
2023-06-09 00:00:00+03:00,76.6500015258789,77.9000015258789,72.0,76.80000305175781,48911,0.0,0.0
2023-06-12 00:00:00+03:00,76.80000305175781,79.5999984741211,73.80000305175781,75.0,45446,0.0,0.0
2023-06-13 00:00:00+03:00,77.5,77.94999694824219,72.05000305175781,73.5,37614,0.0,0.0
2023-06-14 00:00:00+03:00,73.44999694824219,79.0,71.0,79.0,45565,0.0,0.0
2023-06-15 00:00:00+03:00,79.0,80.0,76.1500015258789,79.4000015258789,46450,0.0,0.0
2023-06-16 00:00:00+03:00,87.0,87.30000305175781,79.4000015258789,86.30000305175781,156620,0.0,0.0
2023-06-19 00:00:00+03:00,85.94999694824219,85.94999694824219,80.44999694824219,82.94999694824219,71608,0.0,0.0
2023-06-20 00:00:00+03:00,79.4000015258789,82.9000015258789,77.1500015258789,79.94999694824219,31279,0.0,0.0
2023-06-21 00:00:00+03:00,78.94999694824219,79.9000015258789,73.0,78.30000305175781,40591,0.0,0.0
2023-06-22 00:00:00+03:00,75.5,78.30000305175781,73.0,78.19999694824219,31186,0.0,0.0
2023-06-23 00:00:00+03:00,78.0,86.0,75.5,86.0,81428,0.0,0.0
2023-06-26 00:00:00+03:00,86.05000305175781,90.0,86.0,88.9000015258789,90722,0.0,0.0
2023-06-27 00:00:00+03:00,88.9000015258789,96.0,84.5999984741211,94.0,56244,0.0,0.0
2023-07-03 00:00:00+03:00,94.0,98.0,90.1500015258789,93.19999694824219,164569,0.0,0.0
2023-07-04 00:00:00+03:00,93.0,93.0,88.8499984741211,89.30000305175781,203489,0.0,0.0
2023-07-05 00:00:00+03:00,89.30000305175781,93.0,87.30000305175781,89.5999984741211,168222,0.0,0.0
2023-07-06 00:00:00+03:00,90.94999694824219,92.0,87.6500015258789,88.75,326128,0.0,0.0
2023-07-07 00:00:00+03:00,88.80000305175781,89.4000015258789,85.5,88.05000305175781,182389,0.0,0.0
2023-07-10 00:00:00+03:00,87.94999694824219,89.5999984741211,86.75,87.3499984741211,209494,0.0,0.0
2023-07-11 00:00:00+03:00,89.75,89.75,85.5999984741211,86.0,163679,0.0,0.0
2023-07-12 00:00:00+03:00,86.0,86.94999694824219,83.5,83.94999694824219,138498,0.0,0.0
2023-07-13 00:00:00+03:00,84.5,88.0,83.1500015258789,87.19999694824219,222219,0.0,0.0
2023-07-14 00:00:00+03:00,88.5999984741211,88.5999984741211,84.0999984741211,86.0,142451,0.0,0.0
2023-07-17 00:00:00+03:00,86.0,88.05000305175781,84.05000305175781,85.5,212383,0.0,0.0
2023-07-18 00:00:00+03:00,85.0,85.8499984741211,82.25,84.4000015258789,151390,0.0,0.0
2023-07-19 00:00:00+03:00,84.3499984741211,84.3499984741211,80.44999694824219,84.3499984741211,138413,0.0,0.0
2023-07-20 00:00:00+03:00,84.0,84.30000305175781,81.69999694824219,84.30000305175781,244840,0.0,0.0
2023-07-21 00:00:00+03:00,83.55000305175781,84.1500015258789,80.5999984741211,81.9000015258789,204183,0.0,0.0
2023-07-24 00:00:00+03:00,81.8499984741211,86.0,77.9000015258789,84.0,231139,0.0,0.0
2023-07-25 00:00:00+03:00,84.0,85.0,81.0999984741211,84.5999984741211,191754,0.0,0.0
2023-07-26 00:00:00+03:00,84.5999984741211,93.0,84.0,90.6500015258789,583353,0.0,0.0
2023-07-27 00:00:00+03:00,90.75,94.25,88.5,92.4000015258789,279740,0.0,0.0
2023-07-28 00:00:00+03:00,92.4000015258789,94.05000305175781,91.0,92.5999984741211,208302,0.0,0.0
2023-07-31 00:00:00+03:00,90.55000305175781,92.1500015258789,88.55000305175781,89.94999694824219,228191,0.0,0.0
2023-08-01 00:00:00+03:00,89.94999694824219,91.5,86.30000305175781,86.69999694824219,160165,0.0,0.0
2023-08-02 00:00:00+03:00,86.69999694824219,88.8499984741211,86.0,87.75,100192,0.0,0.0
2023-08-03 00:00:00+03:00,87.75,89.5999984741211,84.4000015258789,86.75,135586,0.0,0.0
2023-08-04 00:00:00+03:00,86.75,86.9000015258789,83.9000015258789,84.75,138842,0.0,0.0
2023-08-07 00:00:00+03:00,84.19999694824219,86.30000305175781,83.44999694824219,86.0,119473,0.0,0.0
2023-08-08 00:00:00+03:00,86.0,86.5,83.0,84.30000305175781,100131,0.0,0.0
2023-08-09 00:00:00+03:00,84.0,92.69999694824219,83.1500015258789,92.69999694824219,359964,0.0,0.0
2023-08-10 00:00:00+03:00,94.5,101.9000015258789,92.69999694824219,101.9000015258789,203211,0.0,0.0
2023-08-11 00:00:00+03:00,109.19999694824219,112.0,106.19999694824219,112.0,99314,0.0,0.0
2023-08-14 00:00:00+03:00,123.19999694824219,123.19999694824219,123.19999694824219,123.19999694824219,73650,0.0,0.0
2023-08-15 00:00:00+03:00,127.5,134.8000030517578,121.19999694824219,133.0,990865,0.0,0.0
2023-08-16 00:00:00+03:00,136.0,146.3000030517578,133.1999969482422,146.3000030517578,219043,0.0,0.0
2023-08-17 00:00:00+03:00,144.89999389648438,160.89999389648438,135.89999389648438,137.8000030517578,1094609,0.0,0.0
2023-08-18 00:00:00+03:00,134.6999969482422,140.0,124.19999694824219,124.5999984741211,693842,0.0,0.0
2023-08-21 00:00:00+03:00,124.5999984741211,137.0,121.4000015258789,137.0,313165,0.0,0.0
2023-08-22 00:00:00+03:00,139.89999389648438,147.1999969482422,127.0999984741211,133.10000610351562,515128,0.0,0.0
2023-08-23 00:00:00+03:00,135.0,139.3000030517578,124.30000305175781,124.9000015258789,328307,0.0,0.0
2023-08-24 00:00:00+03:00,124.9000015258789,134.5,121.0,127.69999694824219,383095,0.0,0.0
2023-08-25 00:00:00+03:00,127.69999694824219,129.5,118.0,118.5999984741211,316760,0.0,0.0
2023-08-28 00:00:00+03:00,118.80000305175781,119.0,112.9000015258789,114.30000305175781,413458,0.0,0.0
2023-08-29 00:00:00+03:00,114.4000015258789,125.69999694824219,114.30000305175781,125.69999694824219,327746,0.0,0.0
2023-08-31 00:00:00+03:00,127.0,135.0,120.69999694824219,134.0,771619,0.0,0.0
2023-09-01 00:00:00+03:00,134.8000030517578,136.0,129.8000030517578,132.3000030517578,253196,0.0,0.0
2023-09-04 00:00:00+03:00,132.3000030517578,132.3000030517578,123.5,123.5,390787,0.0,0.0
2023-09-05 00:00:00+03:00,124.0,124.0,118.4000015258789,119.4000015258789,232787,0.0,0.0
2023-09-06 00:00:00+03:00,119.0,124.19999694824219,116.0999984741211,120.19999694824219,231083,0.0,0.0
2023-09-07 00:00:00+03:00,120.19999694824219,122.0,117.19999694824219,118.0,226819,0.0,0.0
2023-09-08 00:00:00+03:00,120.9000015258789,123.0,118.0,118.9000015258789,156177,0.0,0.0
2023-09-11 00:00:00+03:00,119.4000015258789,121.0,113.9000015258789,114.5,174844,0.0,0.0
2023-09-12 00:00:00+03:00,114.9000015258789,125.9000015258789,111.5,125.9000015258789,414968,0.0,0.0
2023-09-13 00:00:00+03:00,128.89999389648438,138.39999389648438,126.19999694824219,138.39999389648438,623591,0.0,0.0
2023-09-14 00:00:00+03:00,141.0,152.1999969482422,131.3000030517578,131.89999389648438,782669,0.0,0.0
2023-09-15 00:00:00+03:00,139.89999389648438,140.3000030517578,130.0,136.10000610351562,391037,0.0,0.0
2023-09-18 00:00:00+03:00,137.0,137.0,126.0,128.5,209632,0.0,0.0
2023-09-19 00:00:00+03:00,128.5,133.89999389648438,124.19999694824219,128.10000610351562,276063,0.0,0.0
2023-09-20 00:00:00+03:00,128.10000610351562,130.0,124.80000305175781,127.19999694824219,217860,0.0,0.0
2023-09-21 00:00:00+03:00,127.0,130.0,123.5,127.69999694824219,255506,0.0,0.0
2023-09-22 00:00:00+03:00,127.69999694824219,127.69999694824219,120.0,123.5999984741211,446199,0.0,0.0
2023-09-25 00:00:00+03:00,123.5999984741211,125.9000015258789,121.5999984741211,122.9000015258789,293905,0.0,0.0
2023-09-26 00:00:00+03:00,122.9000015258789,135.10000610351562,121.5,135.10000610351562,543354,0.0,0.0
2023-09-27 00:00:00+03:00,138.0,142.3000030517578,129.5,129.60000610351562,437275,0.0,0.0
2023-09-28 00:00:00+03:00,130.5,140.0,128.6999969482422,134.89999389648438,384358,0.0,0.0
2023-09-29 00:00:00+03:00,141.89999389648438,148.3000030517578,135.89999389648438,148.3000030517578,651592,0.0,0.0
2023-10-02 00:00:00+03:00,148.39999389648438,163.10000610351562,145.6999969482422,157.6999969482422,593406,0.0,0.0
2023-10-03 00:00:00+03:00,157.8000030517578,173.39999389648438,151.1999969482422,173.39999389648438,337865,0.0,0.0
2023-10-04 00:00:00+03:00,177.0,190.0,176.10000610351562,185.8000030517578,452693,0.0,0.0
2023-10-05 00:00:00+03:00,189.8000030517578,190.0,167.3000030517578,174.39999389648438,551208,0.0,0.0
2023-10-06 00:00:00+03:00,173.89999389648438,191.8000030517578,170.0,191.8000030517578,415992,0.0,0.0
2023-10-09 00:00:00+03:00,187.0,198.0,172.6999969482422,172.6999969482422,762676,0.0,0.0
2023-10-10 00:00:00+03:00,172.6999969482422,179.0,167.0,172.5,551291,0.0,0.0
2023-10-11 00:00:00+03:00,172.5,176.0,162.3000030517578,167.5,384921,0.0,0.0
2023-10-12 00:00:00+03:00,167.5,173.0,155.3000030517578,161.0,353206,0.0,0.0
2023-10-13 00:00:00+03:00,161.0,171.5,155.6999969482422,171.39999389648438,424596,0.0,0.0
2023-10-16 00:00:00+03:00,169.60000610351562,174.6999969482422,155.5,155.5,294956,0.0,0.0
2023-10-17 00:00:00+03:00,155.39999389648438,161.89999389648438,152.0,159.0,269987,0.0,0.0
2023-10-18 00:00:00+03:00,155.0,158.89999389648438,147.3000030517578,150.0,235780,0.0,0.0
2023-10-19 00:00:00+03:00,150.60000610351562,165.0,150.0,165.0,365600,0.0,0.0
2023-10-20 00:00:00+03:00,165.5,175.0,152.1999969482422,156.8000030517578,492976,0.0,0.0
2023-10-23 00:00:00+03:00,158.89999389648438,170.89999389648438,155.10000610351562,163.5,292949,0.0,0.0
2023-10-24 00:00:00+03:00,166.60000610351562,168.5,160.39999389648438,162.39999389648438,255206,0.0,0.0
2023-10-25 00:00:00+03:00,162.5,167.10000610351562,146.1999969482422,146.1999969482422,266982,0.0,0.0
2023-10-26 00:00:00+03:00,145.39999389648438,153.8000030517578,140.89999389648438,148.1999969482422,293150,0.0,0.0
2023-10-27 00:00:00+03:00,151.89999389648438,152.0,142.6999969482422,148.89999389648438,202116,0.0,0.0
2023-10-30 00:00:00+03:00,149.0,158.0,148.5,157.0,222754,0.0,0.0
2023-10-31 00:00:00+03:00,156.5,156.5,145.6999969482422,152.0,152260,0.0,0.0
2023-11-01 00:00:00+03:00,153.60000610351562,153.60000610351562,146.10000610351562,149.5,169031,0.0,0.0
2023-11-02 00:00:00+03:00,150.1999969482422,154.3000030517578,148.0,151.89999389648438,143746,0.0,0.0
2023-11-03 00:00:00+03:00,151.39999389648438,154.0,146.10000610351562,148.3000030517578,159511,0.0,0.0
2023-11-06 00:00:00+03:00,148.39999389648438,156.0,148.39999389648438,153.39999389648438,219712,0.0,0.0
2023-11-07 00:00:00+03:00,153.0,154.1999969482422,148.10000610351562,149.0,171615,0.0,0.0
2023-11-08 00:00:00+03:00,149.10000610351562,153.1999969482422,145.0,147.6999969482422,225114,0.0,0.0
2023-11-09 00:00:00+03:00,146.0,146.0,140.1999969482422,140.39999389648438,216946,0.0,0.0
2023-11-10 00:00:00+03:00,140.39999389648438,143.10000610351562,134.0,140.1999969482422,288118,0.0,0.0
2023-11-13 00:00:00+03:00,140.1999969482422,146.39999389648438,138.5,140.89999389648438,208318,0.0,0.0
2023-11-14 00:00:00+03:00,140.6999969482422,140.89999389648438,133.6999969482422,139.8000030517578,152165,0.0,0.0
2023-11-15 00:00:00+03:00,139.8000030517578,143.10000610351562,137.60000610351562,139.1999969482422,200102,0.0,0.0
2023-11-16 00:00:00+03:00,140.89999389648438,153.10000610351562,137.0,153.10000610351562,305322,0.0,0.0
2023-11-17 00:00:00+03:00,157.0,164.39999389648438,155.0,157.6999969482422,476822,0.0,0.0
2023-11-20 00:00:00+03:00,159.89999389648438,173.39999389648438,159.60000610351562,173.39999389648438,318264,0.0,0.0
2023-11-21 00:00:00+03:00,175.8000030517578,180.0,163.6999969482422,166.6999969482422,425303,0.0,0.0
2023-11-22 00:00:00+03:00,166.6999969482422,174.89999389648438,163.0,164.39999389648438,288313,0.0,0.0
2023-11-23 00:00:00+03:00,163.0,167.3000030517578,161.10000610351562,163.0,196156,0.0,0.0
2023-11-24 00:00:00+03:00,163.8000030517578,171.5,155.89999389648438,157.89999389648438,234409,0.0,0.0
2023-11-27 00:00:00+03:00,158.89999389648438,160.39999389648438,152.3000030517578,153.39999389648438,244907,0.0,0.0
2023-11-28 00:00:00+03:00,153.39999389648438,157.0,151.10000610351562,152.5,269892,0.0,0.0
2023-11-29 00:00:00+03:00,155.0,155.0,145.3000030517578,146.5,199398,0.0,0.0
2023-11-30 00:00:00+03:00,146.3000030517578,161.10000610351562,144.3000030517578,148.1999969482422,274417,0.0,0.0
2023-12-01 00:00:00+03:00,149.0,150.39999389648438,135.0,138.89999389648438,335082,0.0,0.0
2023-12-04 00:00:00+03:00,138.89999389648438,146.0,132.0,141.0,200840,0.0,0.0
2023-12-05 00:00:00+03:00,140.0,140.0,136.0,140.0,162496,0.0,0.0
2023-12-06 00:00:00+03:00,140.0,143.8000030517578,133.0,139.39999389648438,153511,0.0,0.0
2023-12-07 00:00:00+03:00,139.39999389648438,139.5,134.10000610351562,138.10000610351562,149622,0.0,0.0
2023-12-08 00:00:00+03:00,137.8000030517578,146.0,136.10000610351562,138.89999389648438,278145,0.0,0.0
2023-12-11 00:00:00+03:00,138.5,140.0,131.60000610351562,133.8000030517578,204798,0.0,0.0
2023-12-12 00:00:00+03:00,132.0,134.8000030517578,130.89999389648438,132.39999389648438,121295,0.0,0.0
2023-12-13 00:00:00+03:00,138.0,144.89999389648438,130.0,130.0,268701,0.0,0.0
2023-12-14 00:00:00+03:00,130.0,134.0,123.69999694824219,130.60000610351562,37185,0.0,0.0
2023-12-15 00:00:00+03:00,129.89999389648438,129.89999389648438,124.0,125.9000015258789,50557,0.0,0.0
2023-12-18 00:00:00+03:00,125.9000015258789,138.39999389648438,113.4000015258789,138.39999389648438,120465,0.0,0.0
2023-12-19 00:00:00+03:00,138.8000030517578,141.1999969482422,129.3000030517578,134.60000610351562,87500,0.0,0.0
2023-12-20 00:00:00+03:00,128.5,129.0,122.69999694824219,124.9000015258789,57212,0.0,0.0
2023-12-21 00:00:00+03:00,119.0999984741211,126.0,118.0,122.4000015258789,36240,0.0,0.0
2023-12-22 00:00:00+03:00,120.5,121.9000015258789,114.5,114.80000305175781,70264,0.0,0.0
2023-12-25 00:00:00+03:00,113.9000015258789,113.9000015258789,103.4000015258789,103.4000015258789,53798,0.0,0.0
2023-12-26 00:00:00+03:00,103.5,111.0999984741211,95.9000015258789,100.0,59108,0.0,0.0
2023-12-27 00:00:00+03:00,98.94999694824219,108.19999694824219,95.44999694824219,104.5,43987,0.0,0.0
2023-12-28 00:00:00+03:00,104.0,110.0,99.5999984741211,106.0,45147,0.0,0.0
2023-12-29 00:00:00+03:00,102.0999984741211,110.0,102.0999984741211,109.0,61035,0.0,0.0
2024-01-02 00:00:00+03:00,109.0,112.30000305175781,107.0,112.0,54220,0.0,0.0
2024-01-03 00:00:00+03:00,113.0,115.0,103.19999694824219,107.0,48677,0.0,0.0
2024-01-04 00:00:00+03:00,106.9000015258789,109.5999984741211,104.0,109.0,44028,0.0,0.0
2024-01-05 00:00:00+03:00,109.0,111.19999694824219,105.0,110.80000305175781,53188,0.0,0.0
2024-01-08 00:00:00+03:00,110.80000305175781,115.0,108.5,111.80000305175781,67142,0.0,0.0
2024-01-09 00:00:00+03:00,113.4000015258789,113.4000015258789,108.0,109.80000305175781,46387,0.0,0.0
2024-01-10 00:00:00+03:00,108.9000015258789,111.5,108.0,110.5,49918,0.0,0.0
2024-01-11 00:00:00+03:00,110.5999984741211,116.30000305175781,108.5999984741211,114.5,101638,0.0,0.0
2024-01-12 00:00:00+03:00,112.0,119.0,111.0,118.9000015258789,72322,0.0,0.0
2024-01-15 00:00:00+03:00,118.9000015258789,126.4000015258789,116.19999694824219,119.9000015258789,205767,0.0,0.0
2024-01-16 00:00:00+03:00,118.0999984741211,119.9000015258789,115.80000305175781,118.5,104335,0.0,0.0
2024-01-17 00:00:00+03:00,118.5,119.5,115.30000305175781,116.69999694824219,103391,0.0,0.0
2024-01-18 00:00:00+03:00,116.0,126.19999694824219,115.9000015258789,120.0999984741211,189069,0.0,0.0
2024-01-19 00:00:00+03:00,120.0999984741211,121.69999694824219,115.0,115.5,173751,0.0,0.0
2024-01-22 00:00:00+03:00,115.5,116.9000015258789,113.4000015258789,114.19999694824219,104687,0.0,0.0
2024-01-23 00:00:00+03:00,114.30000305175781,118.5,113.9000015258789,116.69999694824219,155182,0.0,0.0
2024-01-24 00:00:00+03:00,115.80000305175781,120.80000305175781,115.5999984741211,119.19999694824219,159425,0.0,0.0
2024-01-25 00:00:00+03:00,119.19999694824219,124.80000305175781,117.0999984741211,123.80000305175781,238622,0.0,0.0
2024-01-26 00:00:00+03:00,126.0,126.5999984741211,119.69999694824219,121.80000305175781,153635,0.0,0.0
2024-01-29 00:00:00+03:00,122.5999984741211,126.0,120.4000015258789,120.5999984741211,145712,0.0,0.0
2024-01-30 00:00:00+03:00,120.5999984741211,124.5999984741211,117.69999694824219,123.69999694824219,167989,0.0,0.0
2024-01-31 00:00:00+03:00,123.69999694824219,128.8000030517578,122.0,125.0,182271,0.0,0.0
2024-02-01 00:00:00+03:00,124.5,130.6999969482422,123.0999984741211,128.89999389648438,173551,0.0,0.0
2024-02-02 00:00:00+03:00,128.89999389648438,131.1999969482422,126.0999984741211,131.1999969482422,120547,0.0,0.0
2024-02-05 00:00:00+03:00,130.0,144.3000030517578,128.10000610351562,144.3000030517578,327202,0.0,0.0
2024-02-06 00:00:00+03:00,144.3000030517578,144.39999389648438,135.5,142.39999389648438,485847,0.0,0.0
2024-02-07 00:00:00+03:00,142.39999389648438,147.3000030517578,136.1999969482422,141.1999969482422,267284,0.0,0.0
2024-02-08 00:00:00+03:00,141.0,142.5,138.39999389648438,139.3000030517578,168669,0.0,0.0
2024-02-09 00:00:00+03:00,140.39999389648438,141.0,135.5,141.0,212473,0.0,0.0
2024-02-12 00:00:00+03:00,141.0,143.89999389648438,139.0,141.0,202663,0.0,0.0
2024-02-13 00:00:00+03:00,142.1999969482422,142.1999969482422,133.10000610351562,135.6999969482422,184444,0.0,0.0
2024-02-14 00:00:00+03:00,136.0,136.0,131.6999969482422,134.60000610351562,133243,0.0,0.0
2024-02-15 00:00:00+03:00,135.0,139.1999969482422,134.0,138.5,230220,0.0,0.0
2024-02-16 00:00:00+03:00,138.5,142.60000610351562,136.39999389648438,140.5,281339,0.0,0.0
2024-02-19 00:00:00+03:00,140.5,146.10000610351562,137.10000610351562,140.89999389648438,274671,0.0,0.0
2024-02-20 00:00:00+03:00,140.89999389648438,143.8000030517578,138.1999969482422,142.10000610351562,210658,0.0,0.0
2024-02-21 00:00:00+03:00,143.0,156.3000030517578,143.0,156.3000030517578,550757,0.0,0.0
2024-02-22 00:00:00+03:00,161.0,161.0,149.0,150.60000610351562,663062,0.0,0.0
2024-02-23 00:00:00+03:00,150.39999389648438,161.89999389648438,147.5,150.8000030517578,640206,0.0,0.0
2024-02-26 00:00:00+03:00,152.60000610351562,152.60000610351562,145.0,145.39999389648438,342603,0.0,0.0
2024-02-27 00:00:00+03:00,147.5,150.3000030517578,140.0,140.0,255354,0.0,0.0
2024-02-28 00:00:00+03:00,139.89999389648438,142.5,137.0,138.3000030517578,244700,0.0,0.0
2024-02-29 00:00:00+03:00,139.1999969482422,141.5,135.0,137.0,183054,0.0,0.0
2024-03-01 00:00:00+03:00,137.0,150.6999969482422,136.10000610351562,145.8000030517578,344150,0.0,0.0
2024-03-04 00:00:00+03:00,146.0,149.89999389648438,142.8000030517578,145.39999389648438,275258,0.0,0.0
2024-03-05 00:00:00+03:00,144.0,148.89999389648438,141.89999389648438,145.39999389648438,200689,0.0,0.0
2024-03-06 00:00:00+03:00,145.39999389648438,145.39999389648438,136.8000030517578,138.3000030517578,158805,0.0,0.0
2024-03-07 00:00:00+03:00,136.8000030517578,142.39999389648438,136.6999969482422,141.89999389648438,176164,0.0,0.0
2024-03-08 00:00:00+03:00,141.89999389648438,144.89999389648438,138.6999969482422,140.89999389648438,104420,0.0,0.0
2024-03-11 00:00:00+03:00,141.0,145.0,137.0,137.5,161254,0.0,0.0
2024-03-12 00:00:00+03:00,137.5,138.3000030517578,133.10000610351562,134.5,134382,0.0,0.0
2024-03-13 00:00:00+03:00,134.3000030517578,137.5,131.3000030517578,135.5,147704,0.0,0.0
2024-03-14 00:00:00+03:00,135.5,139.89999389648438,133.0,134.39999389648438,321933,0.0,0.0
2024-03-15 00:00:00+03:00,134.39999389648438,135.89999389648438,130.5,132.39999389648438,104824,0.0,0.0
2024-03-18 00:00:00+03:00,134.39999389648438,138.60000610351562,128.8000030517578,131.5,156004,0.0,0.0
2024-03-19 00:00:00+03:00,133.60000610351562,141.0,131.39999389648438,137.6999969482422,245217,0.0,0.0
2024-03-20 00:00:00+03:00,137.5,151.39999389648438,137.10000610351562,151.39999389648438,566024,0.0,0.0
2024-03-21 00:00:00+03:00,151.5,151.89999389648438,141.6999969482422,142.5,355272,0.0,0.0
2024-03-22 00:00:00+03:00,141.5,144.60000610351562,137.5,139.5,166247,0.0,0.0
2024-03-25 00:00:00+03:00,139.39999389648438,141.39999389648438,134.89999389648438,135.8000030517578,119496,0.0,0.0
2024-03-26 00:00:00+03:00,135.8000030517578,135.8000030517578,130.0,130.0,83308,0.0,0.0
2024-03-27 00:00:00+03:00,130.0,131.89999389648438,128.0,131.5,83199,0.0,0.0
2024-03-28 00:00:00+03:00,132.8000030517578,134.8000030517578,130.0,131.60000610351562,99075,0.0,0.0
2024-03-29 00:00:00+03:00,131.5,133.89999389648438,125.69999694824219,133.0,86008,0.0,0.0
2024-04-01 00:00:00+03:00,134.8000030517578,134.8000030517578,128.1999969482422,131.8000030517578,118077,0.0,0.0
2024-04-02 00:00:00+03:00,131.6999969482422,131.8000030517578,128.5,129.0,85291,0.0,0.0
2024-04-03 00:00:00+03:00,128.5,128.8000030517578,123.0999984741211,125.5,64825,0.0,0.0
2024-04-04 00:00:00+03:00,125.69999694824219,128.6999969482422,125.0999984741211,125.19999694824219,51430,0.0,0.0
2024-04-05 00:00:00+03:00,125.0999984741211,131.60000610351562,125.0999984741211,130.0,113397,0.0,0.0
2024-04-08 00:00:00+03:00,130.0,135.0,125.0999984741211,131.0,90852,0.0,0.0
2024-04-15 00:00:00+03:00,130.8000030517578,136.39999389648438,128.89999389648438,134.0,101097,0.0,0.0
2024-04-16 00:00:00+03:00,133.89999389648438,136.3000030517578,130.10000610351562,133.5,69789,0.0,0.0
2024-04-17 00:00:00+03:00,134.5,136.0,127.9000015258789,130.3000030517578,113005,0.0,0.0
2024-04-18 00:00:00+03:00,130.89999389648438,136.39999389648438,130.3000030517578,134.6999969482422,104498,0.0,0.0
2024-04-19 00:00:00+03:00,134.6999969482422,136.0,132.39999389648438,133.60000610351562,89201,0.0,0.0
2024-04-22 00:00:00+03:00,134.60000610351562,138.10000610351562,132.5,137.0,115450,0.0,0.0
2024-04-24 00:00:00+03:00,137.60000610351562,150.1999969482422,135.5,144.1999969482422,318187,0.0,0.0
2024-04-25 00:00:00+03:00,144.1999969482422,146.39999389648438,137.3000030517578,139.6999969482422,183107,0.0,0.0
2024-04-26 00:00:00+03:00,141.0,141.0,136.10000610351562,139.5,165021,0.0,0.0
2024-04-29 00:00:00+03:00,139.5,141.3000030517578,137.0,138.10000610351562,116518,0.0,0.0
2024-04-30 00:00:00+03:00,139.89999389648438,151.89999389648438,137.10000610351562,151.0,402524,0.0,0.0
2024-05-02 00:00:00+03:00,155.39999389648438,163.6999969482422,147.6999969482422,147.6999969482422,411409,0.0,0.0
2024-05-03 00:00:00+03:00,148.6999969482422,150.6999969482422,142.8000030517578,144.0,224897,0.0,0.0
2024-05-06 00:00:00+03:00,145.60000610351562,158.0,141.8000030517578,154.60000610351562,247841,0.0,0.0
2024-05-07 00:00:00+03:00,150.0,154.0,149.0,153.0,187174,0.0,0.0
2024-05-08 00:00:00+03:00,152.8000030517578,161.10000610351562,150.0,160.0,262513,0.0,0.0
2024-05-09 00:00:00+03:00,160.5,165.0,155.60000610351562,156.60000610351562,173534,0.0,0.0
2024-05-10 00:00:00+03:00,158.6999969482422,158.6999969482422,149.10000610351562,149.10000610351562,167552,0.0,0.0
2024-05-13 00:00:00+03:00,149.10000610351562,154.5,143.3000030517578,145.5,166899,0.0,0.0
2024-05-14 00:00:00+03:00,145.0,147.6999969482422,139.3000030517578,142.0,82023,0.0,0.0
2024-05-15 00:00:00+03:00,142.0,149.1999969482422,141.1999969482422,145.0,139479,0.0,0.0
2024-05-16 00:00:00+03:00,145.3000030517578,149.5,144.5,149.0,91603,0.0,0.0
2024-05-17 00:00:00+03:00,151.0,158.89999389648438,149.60000610351562,155.6999969482422,174295,0.0,0.0
2024-05-20 00:00:00+03:00,152.1999969482422,154.10000610351562,140.1999969482422,140.1999969482422,578404,0.0,0.0
2024-05-21 00:00:00+03:00,136.1999969482422,140.8000030517578,131.5,133.89999389648438,456420,0.0,0.0
2024-05-22 00:00:00+03:00,133.89999389648438,135.6999969482422,130.1999969482422,131.10000610351562,256786,0.0,0.0
2024-05-23 00:00:00+03:00,130.60000610351562,133.3000030517578,129.6999969482422,132.5,199142,0.0,0.0
2024-05-24 00:00:00+03:00,132.5,134.0,128.8000030517578,130.60000610351562,94845,0.0,0.0
2024-05-27 00:00:00+03:00,130.60000610351562,133.0,129.3000030517578,131.60000610351562,137033,0.0,0.0
2024-05-28 00:00:00+03:00,132.6999969482422,134.10000610351562,129.0,131.6999969482422,184012,0.0,0.0
2024-05-29 00:00:00+03:00,131.89999389648438,138.0,130.0,131.89999389648438,229414,0.0,0.0
2024-05-30 00:00:00+03:00,131.89999389648438,133.0,125.9000015258789,131.0,230295,0.0,0.0
2024-05-31 00:00:00+03:00,130.1999969482422,134.0,130.0,131.0,100040,0.0,0.0
2024-06-03 00:00:00+03:00,130.8000030517578,134.0,129.8000030517578,131.39999389648438,157463,0.0,0.0
2024-06-04 00:00:00+03:00,131.10000610351562,134.0,130.6999969482422,131.6999969482422,210967,0.0,0.0
2024-06-05 00:00:00+03:00,131.6999969482422,133.6999969482422,126.30000305175781,128.0,222551,0.0,0.0
2024-06-06 00:00:00+03:00,129.0,129.5,125.5,127.9000015258789,192967,0.0,0.0
2024-06-07 00:00:00+03:00,129.60000610351562,129.60000610351562,123.19999694824219,123.30000305175781,130281,0.0,0.0
2024-06-10 00:00:00+03:00,123.69999694824219,131.89999389648438,123.4000015258789,126.0999984741211,267939,0.0,0.0
2024-06-11 00:00:00+03:00,126.0999984741211,126.80000305175781,124.0,124.5999984741211,159615,0.0,0.0
2024-06-12 00:00:00+03:00,124.5999984741211,137.0,120.5999984741211,120.5999984741211,241517,0.0,0.0
2024-06-13 00:00:00+03:00,121.69999694824219,125.0,121.5,123.0,118848,0.0,0.0
2024-06-14 00:00:00+03:00,124.9000015258789,125.0,121.5999984741211,125.0,157780,0.0,0.0
2024-06-20 00:00:00+03:00,124.80000305175781,127.0,123.5999984741211,124.5999984741211,202220,0.0,0.0
2024-06-21 00:00:00+03:00,125.0,126.5,123.19999694824219,125.30000305175781,253777,0.0,0.0
2024-06-24 00:00:00+03:00,124.30000305175781,125.0,117.69999694824219,121.0,250210,0.0,0.0
2024-06-25 00:00:00+03:00,121.0,123.5999984741211,117.30000305175781,122.69999694824219,96256,0.0,0.0
2024-06-26 00:00:00+03:00,122.5,122.5,118.69999694824219,120.4000015258789,84765,0.0,0.0
2024-06-27 00:00:00+03:00,120.0,121.0,118.5,120.0,71297,0.0,0.0
2024-06-28 00:00:00+03:00,118.9000015258789,120.5,117.0999984741211,118.69999694824219,72893,0.0,0.0
2024-07-01 00:00:00+03:00,118.69999694824219,118.69999694824219,112.69999694824219,116.4000015258789,121835,0.0,0.0
2024-07-02 00:00:00+03:00,115.9000015258789,117.5999984741211,113.5,117.0,86019,0.0,0.0
2024-07-03 00:00:00+03:00,117.0,118.5,115.5,117.30000305175781,101465,0.0,0.0
2024-07-04 00:00:00+03:00,117.30000305175781,118.5,113.0,118.30000305175781,105557,0.0,0.0
2024-07-05 00:00:00+03:00,117.9000015258789,119.0,116.0,118.5999984741211,165312,0.0,0.0
2024-07-08 00:00:00+03:00,118.5,124.0999984741211,117.5,120.4000015258789,207479,0.0,0.0
2024-07-09 00:00:00+03:00,122.0,122.0,117.5,120.69999694824219,91622,0.0,0.0
2024-07-10 00:00:00+03:00,120.69999694824219,121.9000015258789,118.0,120.0999984741211,107783,0.0,0.0
2024-07-11 00:00:00+03:00,120.0999984741211,125.19999694824219,119.19999694824219,125.19999694824219,107012,0.0,0.0
2024-07-12 00:00:00+03:00,123.0,127.4000015258789,122.0,124.0,379132,0.0,0.0
2024-07-16 00:00:00+03:00,123.5,124.0,121.0,122.4000015258789,100041,0.0,0.0
2024-07-17 00:00:00+03:00,122.19999694824219,123.80000305175781,119.5,123.80000305175781,139406,0.0,0.0
2024-07-18 00:00:00+03:00,124.5,124.5,121.19999694824219,124.0,179690,0.0,0.0
2024-07-19 00:00:00+03:00,123.5,124.9000015258789,119.80000305175781,121.19999694824219,266699,0.0,0.0
2024-07-22 00:00:00+03:00,120.69999694824219,120.80000305175781,116.0,116.69999694824219,124059,0.0,0.0
2024-07-23 00:00:00+03:00,116.5,117.9000015258789,114.69999694824219,115.80000305175781,197193,0.0,0.0
2024-07-24 00:00:00+03:00,116.0999984741211,118.9000015258789,115.0999984741211,118.5,228082,0.0,0.0
2024-07-25 00:00:00+03:00,118.4000015258789,118.4000015258789,114.9000015258789,115.0,145609,0.0,0.0
2024-07-26 00:00:00+03:00,115.30000305175781,117.9000015258789,113.19999694824219,117.0,226812,0.0,0.0
2024-07-29 00:00:00+03:00,117.5999984741211,117.5999984741211,113.0999984741211,114.4000015258789,139887,0.0,0.0
2024-07-30 00:00:00+03:00,114.30000305175781,117.0,113.5,116.0,191005,0.0,0.0
2024-07-31 00:00:00+03:00,114.9000015258789,119.4000015258789,114.0,114.9000015258789,358576,0.0,0.0
2024-08-01 00:00:00+03:00,115.0,117.30000305175781,114.30000305175781,116.80000305175781,199198,0.0,0.0
2024-08-02 00:00:00+03:00,116.4000015258789,128.39999389648438,114.4000015258789,128.39999389648438,803448,0.0,0.0
2024-08-05 00:00:00+03:00,124.0,141.1999969482422,117.5999984741211,134.0,1788962,0.0,0.0
2024-08-06 00:00:00+03:00,139.6999969482422,139.89999389648438,123.5,127.0,954132,0.0,0.0
2024-08-07 00:00:00+03:00,130.0,130.0,122.0999984741211,125.5,563523,0.0,0.0
2024-08-08 00:00:00+03:00,125.5,135.8000030517578,124.0,131.5,644901,0.0,0.0
2024-08-09 00:00:00+03:00,131.3000030517578,131.6999969482422,125.69999694824219,127.5999984741211,275428,0.0,0.0
2024-08-12 00:00:00+03:00,129.1999969482422,130.8000030517578,126.0,126.5,300788,0.0,0.0
2024-08-13 00:00:00+03:00,126.5,126.5,117.5,119.0,465464,0.0,0.0
2024-08-14 00:00:00+03:00,118.5999984741211,121.19999694824219,116.0,117.9000015258789,203026,0.0,0.0
2024-08-15 00:00:00+03:00,117.0999984741211,119.80000305175781,115.80000305175781,118.0,217046,0.0,0.0
2024-08-16 00:00:00+03:00,118.80000305175781,127.30000305175781,117.5,124.0,490922,0.0,0.0
2024-08-19 00:00:00+03:00,123.0,123.80000305175781,118.0,118.9000015258789,236123,0.0,0.0
2024-08-20 00:00:00+03:00,119.0,122.5,116.69999694824219,119.0,208813,0.0,0.0
2024-08-21 00:00:00+03:00,119.0,121.5,116.0,116.0,127893,0.0,0.0
2024-08-22 00:00:00+03:00,116.0,117.9000015258789,116.0,117.30000305175781,114149,0.0,0.0
2024-08-23 00:00:00+03:00,116.69999694824219,117.5999984741211,113.69999694824219,116.30000305175781,103036,0.0,0.0
2024-08-26 00:00:00+03:00,116.5999984741211,117.0,114.19999694824219,115.4000015258789,78397,0.0,0.0
2024-08-27 00:00:00+03:00,115.5,116.80000305175781,113.9000015258789,115.9000015258789,91714,0.0,0.0
2024-08-28 00:00:00+03:00,115.19999694824219,117.69999694824219,113.5999984741211,115.0999984741211,163701,0.0,0.0
2024-08-29 00:00:00+03:00,114.5,116.69999694824219,113.5,115.4000015258789,106075,0.0,0.0
2024-09-02 00:00:00+03:00,116.0,120.30000305175781,116.0,118.0,191222,0.0,0.0
2024-09-03 00:00:00+03:00,118.69999694824219,125.80000305175781,118.5,123.0,334160,0.0,0.0
2024-09-04 00:00:00+03:00,123.0,125.0,120.0,123.0,221191,0.0,0.0
2024-09-05 00:00:00+03:00,124.9000015258789,125.4000015258789,122.0,124.69999694824219,85309,0.0,0.0
2024-09-06 00:00:00+03:00,125.0,128.10000610351562,122.5999984741211,126.5999984741211,166881,0.0,0.0
2024-09-09 00:00:00+03:00,126.0,127.9000015258789,124.0,124.9000015258789,116656,0.0,0.0
2024-09-10 00:00:00+03:00,124.9000015258789,125.9000015258789,121.0999984741211,122.9000015258789,131422,0.0,0.0
2024-09-11 00:00:00+03:00,123.0,123.5999984741211,117.9000015258789,118.80000305175781,83941,0.0,0.0
2024-09-12 00:00:00+03:00,118.4000015258789,120.9000015258789,115.0,116.4000015258789,102516,0.0,0.0
2024-09-13 00:00:00+03:00,116.4000015258789,120.4000015258789,116.0,120.0,96380,0.0,0.0
2024-09-16 00:00:00+03:00,119.19999694824219,121.5,117.0999984741211,117.9000015258789,80360,0.0,0.0
2024-09-17 00:00:00+03:00,121.30000305175781,121.30000305175781,117.0,118.5,76304,0.0,0.0
2024-09-18 00:00:00+03:00,118.5,121.69999694824219,115.5999984741211,116.0999984741211,70126,0.0,0.0
2024-09-19 00:00:00+03:00,116.0999984741211,118.0,115.9000015258789,117.5,84214,0.0,0.0
2024-09-20 00:00:00+03:00,117.5999984741211,117.9000015258789,114.9000015258789,115.69999694824219,83008,0.0,0.0
2024-09-23 00:00:00+03:00,115.19999694824219,117.5,115.0,115.5,81784,0.0,0.0
2024-09-24 00:00:00+03:00,115.5,115.80000305175781,114.0,114.5,75253,0.0,0.0
2024-09-25 00:00:00+03:00,114.5,115.69999694824219,110.9000015258789,111.4000015258789,131972,0.0,0.0
2024-09-26 00:00:00+03:00,111.9000015258789,114.0999984741211,110.9000015258789,113.0,106240,0.0,0.0
2024-09-27 00:00:00+03:00,112.80000305175781,118.0,110.5999984741211,118.0,232147,0.0,0.0
2024-09-30 00:00:00+03:00,118.0,118.0,113.69999694824219,113.80000305175781,87953,0.0,0.0
2024-10-01 00:00:00+03:00,113.0999984741211,113.0999984741211,103.69999694824219,107.69999694824219,126359,0.0,0.0
2024-10-02 00:00:00+03:00,104.4000015258789,107.0,101.69999694824219,103.9000015258789,94885,0.0,0.0
2024-10-03 00:00:00+03:00,103.4000015258789,105.19999694824219,101.30000305175781,102.4000015258789,103473,0.0,0.0
2024-10-04 00:00:00+03:00,102.0,107.0,100.19999694824219,104.5,159823,0.0,0.0
2024-10-07 00:00:00+03:00,103.5999984741211,104.5,102.19999694824219,103.4000015258789,58947,0.0,0.0
2024-10-08 00:00:00+03:00,104.5,104.5,99.5,100.5,139299,0.0,0.0
2024-10-09 00:00:00+03:00,100.5,102.0,97.69999694824219,101.5999984741211,138726,0.0,0.0
2024-10-10 00:00:00+03:00,102.0,102.0,99.9000015258789,101.9000015258789,38615,0.0,0.0
2024-10-11 00:00:00+03:00,102.80000305175781,102.80000305175781,98.0,101.69999694824219,80090,0.0,0.0
2024-10-14 00:00:00+03:00,102.0,102.0,95.0999984741211,96.55000305175781,73476,0.0,0.0
2024-10-15 00:00:00+03:00,96.55000305175781,100.69999694824219,96.55000305175781,100.0,59945,0.0,0.0
2024-10-16 00:00:00+03:00,104.9000015258789,106.0,101.0,106.0,338698,0.0,0.0
2024-10-17 00:00:00+03:00,106.0,107.0,104.0999984741211,106.0999984741211,98479,0.0,0.0
2024-10-18 00:00:00+03:00,107.0,107.0,101.80000305175781,105.5,132156,0.0,0.0
2024-10-21 00:00:00+03:00,105.0,105.5,98.55000305175781,98.55000305175781,148320,0.0,0.0
2024-10-22 00:00:00+03:00,98.3499984741211,105.9000015258789,98.3499984741211,104.0,362960,0.0,0.0
2024-10-23 00:00:00+03:00,103.19999694824219,104.69999694824219,98.0999984741211,98.55000305175781,189492,0.0,0.0
2024-10-24 00:00:00+03:00,99.1500015258789,100.80000305175781,98.5,100.5,161896,0.0,0.0
2024-10-25 00:00:00+03:00,101.0,107.19999694824219,100.0,104.69999694824219,223164,0.0,0.0
2024-10-28 00:00:00+03:00,104.69999694824219,106.9000015258789,103.0999984741211,104.80000305175781,81543,0.0,0.0
2024-10-30 00:00:00+03:00,104.30000305175781,105.0,102.19999694824219,104.0,163822,0.0,0.0
2024-10-31 00:00:00+03:00,103.80000305175781,106.9000015258789,100.80000305175781,105.5999984741211,249159,0.0,0.0
2024-11-01 00:00:00+03:00,105.0999984741211,108.0999984741211,103.5999984741211,105.0999984741211,126654,0.0,0.0
2024-11-04 00:00:00+03:00,105.0999984741211,106.69999694824219,100.0,102.30000305175781,67674,0.0,0.0
2024-11-05 00:00:00+03:00,102.30000305175781,102.5,100.4000015258789,101.69999694824219,46502,0.0,0.0
2024-11-06 00:00:00+03:00,101.69999694824219,103.69999694824219,100.80000305175781,102.0999984741211,105777,0.0,0.0
2024-11-07 00:00:00+03:00,102.0,102.19999694824219,99.5,102.0,264151,0.0,0.0
2024-11-08 00:00:00+03:00,101.9000015258789,103.5,101.0,102.69999694824219,163489,0.0,0.0
2024-11-11 00:00:00+03:00,102.69999694824219,104.80000305175781,101.5,104.30000305175781,152555,0.0,0.0
2024-11-12 00:00:00+03:00,112.5,114.69999694824219,109.80000305175781,114.69999694824219,186071,0.0,0.0
2024-11-13 00:00:00+03:00,116.30000305175781,126.0999984741211,114.80000305175781,116.5,760637,0.0,0.0
2024-11-14 00:00:00+03:00,117.19999694824219,118.9000015258789,112.5,113.4000015258789,228560,0.0,0.0
2024-11-15 00:00:00+03:00,113.4000015258789,122.0,112.9000015258789,120.0,376141,0.0,0.0
2024-11-18 00:00:00+03:00,120.5,124.80000305175781,117.19999694824219,120.19999694824219,189447,0.0,0.0
2024-11-19 00:00:00+03:00,120.0,122.0,116.0,117.4000015258789,142264,0.0,0.0
2024-11-20 00:00:00+03:00,117.4000015258789,118.80000305175781,114.4000015258789,114.80000305175781,56755,0.0,0.0
2024-11-21 00:00:00+03:00,115.0,120.0,114.5999984741211,120.0,136247,0.0,0.0
2024-11-22 00:00:00+03:00,119.9000015258789,124.80000305175781,116.5,118.19999694824219,200801,0.0,0.0
2024-11-25 00:00:00+03:00,119.30000305175781,120.5999984741211,116.4000015258789,117.19999694824219,264807,0.0,0.0
2024-11-26 00:00:00+03:00,117.19999694824219,118.0,114.0999984741211,115.5,178057,0.0,0.0
2024-11-27 00:00:00+03:00,115.5,116.5,111.9000015258789,112.5999984741211,129077,0.0,0.0
2024-11-28 00:00:00+03:00,112.5999984741211,113.5,107.30000305175781,111.80000305175781,157199,0.0,0.0
2024-11-29 00:00:00+03:00,111.69999694824219,114.9000015258789,108.5,112.0,127605,0.0,0.0
2024-12-02 00:00:00+03:00,112.80000305175781,114.5,110.80000305175781,111.4000015258789,117013,0.0,0.0
2024-12-03 00:00:00+03:00,111.5999984741211,114.80000305175781,111.5,113.30000305175781,83525,0.0,0.0
2024-12-04 00:00:00+03:00,113.30000305175781,115.9000015258789,112.19999694824219,112.69999694824219,326360,0.0,0.0
2024-12-05 00:00:00+03:00,114.0999984741211,115.0,111.5999984741211,113.4000015258789,268855,0.0,0.0
2024-12-06 00:00:00+03:00,113.4000015258789,113.4000015258789,111.5999984741211,112.30000305175781,136455,0.0,0.0
2024-12-09 00:00:00+03:00,113.30000305175781,121.0999984741211,112.30000305175781,121.0999984741211,235171,0.0,0.0
2024-12-10 00:00:00+03:00,121.0999984741211,133.1999969482422,119.9000015258789,129.1999969482422,1462338,0.0,0.0
2024-12-11 00:00:00+03:00,128.1999969482422,138.0,123.30000305175781,127.4000015258789,720027,0.0,0.0
2024-12-12 00:00:00+03:00,127.5,131.5,125.0999984741211,129.8000030517578,207270,0.0,0.0
2024-12-13 00:00:00+03:00,130.0,137.10000610351562,127.0,136.1999969482422,642359,0.0,0.0
2024-12-16 00:00:00+03:00,137.0,146.8000030517578,135.0,139.8000030517578,819448,0.0,0.0
2024-12-17 00:00:00+03:00,143.0,143.0,130.1999969482422,132.6999969482422,332699,0.0,0.0
2024-12-18 00:00:00+03:00,132.0,135.6999969482422,128.1999969482422,129.6999969482422,432636,0.0,0.0
2024-12-19 00:00:00+03:00,128.89999389648438,134.89999389648438,128.0,131.89999389648438,348296,0.0,0.0
2024-12-20 00:00:00+03:00,131.89999389648438,131.89999389648438,124.19999694824219,125.80000305175781,211820,0.0,0.0
2024-12-23 00:00:00+03:00,125.80000305175781,131.0,123.69999694824219,128.0,311022,0.0,0.0
2024-12-24 00:00:00+03:00,129.89999389648438,129.89999389648438,124.30000305175781,127.5,166781,0.0,0.0
2024-12-25 00:00:00+03:00,127.5,131.0,124.0,124.9000015258789,232454,0.0,0.0
2024-12-26 00:00:00+03:00,124.9000015258789,125.19999694824219,120.19999694824219,121.30000305175781,162268,0.0,0.0
2024-12-27 00:00:00+03:00,121.5,123.5,120.19999694824219,122.0,114440,0.0,0.0
2024-12-30 00:00:00+03:00,122.5999984741211,124.0,120.19999694824219,122.69999694824219,108480,0.0,0.0
2024-12-31 00:00:00+03:00,122.9000015258789,124.9000015258789,120.80000305175781,122.0,89577,0.0,0.0
2025-01-02 00:00:00+03:00,122.0,123.4000015258789,117.0999984741211,120.0,58996,0.0,0.0
2025-01-03 00:00:00+03:00,118.5,120.30000305175781,117.69999694824219,119.0,39353,0.0,0.0
2025-01-06 00:00:00+03:00,119.0,119.0,116.0,117.4000015258789,52629,0.0,0.0
2025-01-07 00:00:00+03:00,117.80000305175781,117.9000015258789,116.19999694824219,116.30000305175781,26009,0.0,0.0
2025-01-08 00:00:00+03:00,116.0999984741211,122.0999984741211,115.0,120.80000305175781,56623,0.0,0.0
2025-01-09 00:00:00+03:00,120.80000305175781,121.19999694824219,117.5999984741211,120.5,32964,0.0,0.0
2025-01-10 00:00:00+03:00,120.0,123.0,117.4000015258789,119.0,20114,0.0,0.0
2025-01-13 00:00:00+03:00,118.9000015258789,118.9000015258789,115.30000305175781,116.0,20438,0.0,0.0
2025-01-14 00:00:00+03:00,117.0,120.0,116.30000305175781,117.19999694824219,21381,0.0,0.0
2025-01-15 00:00:00+03:00,110.19999694824219,117.4000015258789,110.19999694824219,114.5,24140,0.0,0.0
2025-01-16 00:00:00+03:00,115.0,117.19999694824219,113.9000015258789,115.0,12710,0.0,0.0
2025-01-17 00:00:00+03:00,115.69999694824219,117.0999984741211,112.5,115.0,13799,0.0,0.0
2025-01-20 00:00:00+03:00,115.0,118.0,109.5999984741211,117.30000305175781,35269,0.0,0.0
2025-01-21 00:00:00+03:00,115.5,118.0,113.30000305175781,115.4000015258789,22618,0.0,0.0
2025-01-22 00:00:00+03:00,115.4000015258789,120.0,114.0,116.80000305175781,23389,0.0,0.0
2025-01-23 00:00:00+03:00,116.5,119.5,115.5,115.80000305175781,24635,0.0,0.0
2025-01-24 00:00:00+03:00,118.0,118.9000015258789,114.30000305175781,118.80000305175781,25975,0.0,0.0
2025-01-27 00:00:00+03:00,118.0,118.9000015258789,116.30000305175781,118.19999694824219,22143,0.0,0.0
2025-01-28 00:00:00+03:00,118.19999694824219,118.19999694824219,114.5,116.80000305175781,14645,0.0,0.0
2025-01-29 00:00:00+03:00,116.80000305175781,116.80000305175781,112.0,113.9000015258789,30105,0.0,0.0
2025-01-30 00:00:00+03:00,113.9000015258789,115.0,110.0,110.5999984741211,21942,0.0,0.0
2025-01-31 00:00:00+03:00,111.69999694824219,114.69999694824219,110.0999984741211,112.19999694824219,15068,0.0,0.0
2025-02-03 00:00:00+03:00,114.0,114.0,108.4000015258789,110.0999984741211,15392,0.0,0.0
2025-02-04 00:00:00+03:00,111.4000015258789,112.0,108.5,109.4000015258789,9674,0.0,0.0
2025-02-05 00:00:00+03:00,109.4000015258789,110.19999694824219,105.30000305175781,107.9000015258789,26468,0.0,0.0
2025-02-06 00:00:00+03:00,107.5,108.0,103.0999984741211,106.30000305175781,28672,0.0,0.0
2025-02-07 00:00:00+03:00,106.0,108.0,103.4000015258789,108.0,16412,0.0,0.0
2025-02-10 00:00:00+03:00,107.9000015258789,110.9000015258789,106.69999694824219,107.69999694824219,17576,0.0,0.0
2025-02-11 00:00:00+03:00,107.69999694824219,107.80000305175781,102.69999694824219,106.19999694824219,24809,0.0,0.0
2025-02-12 00:00:00+03:00,106.0,106.0,103.69999694824219,105.5,12385,0.0,0.0
2025-02-13 00:00:00+03:00,105.19999694824219,110.5,103.5999984741211,108.5,27769,0.0,0.0
2025-02-14 00:00:00+03:00,108.5,109.0,104.0,105.80000305175781,19585,0.0,0.0
2025-02-17 00:00:00+03:00,105.69999694824219,110.0,103.0,108.0,20520,0.0,0.0
2025-02-18 00:00:00+03:00,110.0,110.0,104.80000305175781,105.0,16583,0.0,0.0
2025-02-19 00:00:00+03:00,106.0,109.0,104.0,104.4000015258789,20586,0.0,0.0
2025-02-20 00:00:00+03:00,104.4000015258789,107.0,104.0,105.0,17880,0.0,0.0
2025-02-21 00:00:00+03:00,105.19999694824219,105.9000015258789,103.5,104.69999694824219,13757,0.0,0.0
2025-02-24 00:00:00+03:00,104.5,106.4000015258789,104.0,105.0,15870,0.0,0.0
2025-02-25 00:00:00+03:00,104.0999984741211,107.0,103.5,104.4000015258789,29544,0.0,0.0
2025-02-26 00:00:00+03:00,104.4000015258789,105.5,103.69999694824219,104.69999694824219,17622,0.0,0.0
2025-02-27 00:00:00+03:00,104.5999984741211,107.0,104.0,106.0,26710,0.0,0.0
2025-02-28 00:00:00+03:00,106.0,107.0,104.30000305175781,105.9000015258789,15174,0.0,0.0
2025-03-03 00:00:00+03:00,105.69999694824219,106.9000015258789,103.5999984741211,106.19999694824219,33098,0.0,0.0
2025-03-04 00:00:00+03:00,106.19999694824219,106.19999694824219,103.69999694824219,104.0999984741211,19196,0.0,0.0
2025-03-05 00:00:00+03:00,104.19999694824219,104.5999984741211,102.0,104.4000015258789,18201,0.0,0.0
2025-03-06 00:00:00+03:00,104.5999984741211,106.30000305175781,103.69999694824219,105.80000305175781,34475,0.0,0.0
2025-03-07 00:00:00+03:00,105.69999694824219,112.30000305175781,104.19999694824219,110.0,37398,0.0,0.0
2025-03-10 00:00:00+03:00,109.9000015258789,114.0,108.0,112.9000015258789,46488,0.0,0.0
2025-03-11 00:00:00+03:00,112.80000305175781,113.5,109.4000015258789,113.0,23450,0.0,0.0
2025-03-12 00:00:00+03:00,107.0999984741211,111.5999984741211,104.80000305175781,107.5999984741211,60221,0.0,0.0
2025-03-13 00:00:00+03:00,107.5999984741211,109.19999694824219,105.19999694824219,107.9000015258789,43139,0.0,0.0
2025-03-14 00:00:00+03:00,107.9000015258789,109.5,106.0999984741211,108.5,25209,0.0,0.0
2025-03-17 00:00:00+03:00,108.5,110.69999694824219,105.9000015258789,110.4000015258789,51098,0.0,0.0
2025-03-18 00:00:00+03:00,109.5999984741211,114.30000305175781,107.5,107.5999984741211,63040,0.0,0.0
2025-03-19 00:00:00+03:00,100.0,118.0,100.0,117.30000305175781,163628,0.0,0.0
2025-03-20 00:00:00+03:00,117.30000305175781,124.30000305175781,112.0,122.0,137535,0.0,0.0
2025-03-21 00:00:00+03:00,118.69999694824219,122.0,109.80000305175781,109.80000305175781,68259,0.0,0.0
2025-03-24 00:00:00+03:00,105.5,119.0,105.19999694824219,117.4000015258789,184454,0.0,0.0
2025-03-25 00:00:00+03:00,116.5,119.9000015258789,113.5,117.0,83951,0.0,0.0
2025-03-26 00:00:00+03:00,112.0,115.4000015258789,109.69999694824219,111.19999694824219,85412,0.0,0.0
2025-03-27 00:00:00+03:00,109.0,113.4000015258789,105.69999694824219,109.0,67467,0.0,0.0
2025-03-28 00:00:00+03:00,108.9000015258789,110.0,106.0999984741211,106.5999984741211,44773,0.0,0.0
2025-04-02 00:00:00+03:00,106.5999984741211,108.9000015258789,105.0,107.0999984741211,48674,0.0,0.0
2025-04-03 00:00:00+03:00,107.0999984741211,109.19999694824219,105.9000015258789,107.69999694824219,45230,0.0,0.0
2025-04-04 00:00:00+03:00,107.5,107.5,103.5,105.9000015258789,30275,0.0,0.0
2025-04-07 00:00:00+03:00,104.30000305175781,105.30000305175781,101.19999694824219,104.5999984741211,38994,0.0,0.0
2025-04-08 00:00:00+03:00,104.0,109.30000305175781,101.30000305175781,107.0,41822,0.0,0.0
2025-04-09 00:00:00+03:00,105.9000015258789,107.4000015258789,104.0,105.5999984741211,33634,0.0,0.0
2025-04-10 00:00:00+03:00,105.5999984741211,107.9000015258789,105.5999984741211,107.80000305175781,43893,0.0,0.0
2025-04-11 00:00:00+03:00,110.69999694824219,110.69999694824219,105.0,106.0999984741211,35663,0.0,0.0
2025-04-14 00:00:00+03:00,105.0,107.9000015258789,103.0,104.69999694824219,51963,0.0,0.0
2025-04-15 00:00:00+03:00,101.9000015258789,105.9000015258789,101.9000015258789,105.0,48285,0.0,0.0
2025-04-16 00:00:00+03:00,103.5,104.5999984741211,100.0,102.5,37189,0.0,0.0
2025-04-17 00:00:00+03:00,102.5,106.0999984741211,101.0,104.4000015258789,46926,0.0,0.0
2025-04-18 00:00:00+03:00,103.9000015258789,104.0999984741211,101.0,101.0,32172,0.0,0.0
2025-04-21 00:00:00+03:00,101.0,102.5,100.0,101.0,40406,0.0,0.0
2025-04-22 00:00:00+03:00,101.69999694824219,103.69999694824219,101.0,102.0,30140,0.0,0.0
2025-04-24 00:00:00+03:00,102.0,103.5,100.5999984741211,102.4000015258789,23753,0.0,0.0
2025-04-25 00:00:00+03:00,102.4000015258789,112.5999984741211,101.0,112.5999984741211,107900,0.0,0.0
2025-04-28 00:00:00+03:00,114.0,120.80000305175781,110.0,117.30000305175781,182874,0.0,0.0
2025-04-29 00:00:00+03:00,114.5,117.5999984741211,110.0999984741211,111.69999694824219,96206,0.0,0.0
2025-04-30 00:00:00+03:00,108.0,113.5,107.9000015258789,112.19999694824219,82722,0.0,0.0
2025-05-02 00:00:00+03:00,112.19999694824219,112.5,108.5999984741211,109.0999984741211,44524,0.0,0.0
2025-05-05 00:00:00+03:00,108.0,110.30000305175781,105.0,107.4000015258789,42876,0.0,0.0
2025-05-06 00:00:00+03:00,107.4000015258789,114.0,105.0,112.69999694824219,52562,0.0,0.0
2025-05-07 00:00:00+03:00,112.4000015258789,112.4000015258789,108.0,109.19999694824219,45032,0.0,0.0
2025-05-08 00:00:00+03:00,107.5,110.0,106.0999984741211,109.5999984741211,18472,0.0,0.0
2025-05-09 00:00:00+03:00,107.80000305175781,108.4000015258789,104.5999984741211,105.80000305175781,49828,0.0,0.0
2025-05-12 00:00:00+03:00,105.80000305175781,112.0,104.5,110.5,88245,0.0,0.0
2025-05-13 00:00:00+03:00,107.19999694824219,108.0,101.9000015258789,104.69999694824219,75656,0.0,0.0
2025-05-14 00:00:00+03:00,103.5999984741211,106.5999984741211,103.0,105.9000015258789,55812,0.0,0.0
2025-05-15 00:00:00+03:00,105.80000305175781,107.0,104.5,105.0,24877,0.0,0.0
2025-05-16 00:00:00+03:00,104.0,106.9000015258789,103.30000305175781,105.4000015258789,43441,0.0,0.0
2025-05-20 00:00:00+03:00,105.4000015258789,106.19999694824219,103.4000015258789,104.0999984741211,28697,0.0,0.0
2025-05-21 00:00:00+03:00,104.69999694824219,106.9000015258789,102.69999694824219,103.30000305175781,50631,0.0,0.0
2025-05-22 00:00:00+03:00,104.30000305175781,104.80000305175781,103.0,103.0,29360,0.0,0.0
2025-05-23 00:00:00+03:00,103.0,105.0999984741211,102.4000015258789,104.0,23658,0.0,0.0
2025-05-26 00:00:00+03:00,104.0,105.9000015258789,102.0,102.0999984741211,96893,0.0,0.0
2025-05-27 00:00:00+03:00,103.0,104.0,100.80000305175781,103.5999984741211,37125,0.0,0.0
2025-05-28 00:00:00+03:00,102.9000015258789,103.4000015258789,100.0,101.5,25119,0.0,0.0
2025-05-29 00:00:00+03:00,102.4000015258789,103.19999694824219,101.0,102.0,20855,0.0,0.0
2025-05-30 00:00:00+03:00,102.0,103.0,100.80000305175781,102.0999984741211,29816,0.0,0.0
2025-06-02 00:00:00+03:00,101.0,103.19999694824219,101.0,102.9000015258789,34847,0.0,0.0
2025-06-03 00:00:00+03:00,103.0,105.80000305175781,101.69999694824219,104.80000305175781,42880,0.0,0.0
2025-06-04 00:00:00+03:00,104.0,106.5999984741211,104.0,105.30000305175781,22069,0.0,0.0
2025-06-05 00:00:00+03:00,105.30000305175781,106.5,104.30000305175781,106.0999984741211,5337,0.0,0.0
2025-06-10 00:00:00+03:00,106.0999984741211,106.5,104.0,106.0999984741211,39401,0.0,0.0
2025-06-11 00:00:00+03:00,105.5999984741211,106.0999984741211,104.0,105.5999984741211,31163,0.0,0.0
2025-06-12 00:00:00+03:00,104.4000015258789,106.0,103.9000015258789,104.5,26475,0.0,0.0
2025-06-13 00:00:00+03:00,103.5,109.80000305175781,101.30000305175781,104.69999694824219,68837,0.0,0.0
2025-06-16 00:00:00+03:00,101.0,104.5999984741211,101.0,103.9000015258789,40433,0.0,0.0
2025-06-17 00:00:00+03:00,102.0,105.5,102.0,104.19999694824219,23791,0.0,0.0
2025-06-18 00:00:00+03:00,103.80000305175781,105.9000015258789,101.0,105.69999694824219,34464,0.0,0.0
2025-06-19 00:00:00+03:00,105.5999984741211,112.0,103.5,107.80000305175781,57992,0.0,0.0
2025-06-20 00:00:00+03:00,108.0,108.9000015258789,105.5,106.0999984741211,29509,0.0,0.0
2025-06-23 00:00:00+03:00,105.9000015258789,105.9000015258789,102.0,102.80000305175781,34327,0.0,0.0
2025-06-24 00:00:00+03:00,103.0,107.0,103.0,105.0,27546,0.0,0.0
2025-06-25 00:00:00+03:00,105.5999984741211,106.69999694824219,103.0999984741211,103.69999694824219,27862,0.0,0.0
2025-06-26 00:00:00+03:00,104.0,108.19999694824219,103.30000305175781,107.9000015258789,63367,0.0,0.0
2025-06-27 00:00:00+03:00,107.0,107.19999694824219,104.80000305175781,106.5,25176,0.0,0.0
2025-06-30 00:00:00+03:00,105.5,107.5999984741211,103.5,107.0,32636,0.0,0.0
2025-07-01 00:00:00+03:00,107.0,111.5999984741211,105.4000015258789,109.0999984741211,52614,0.0,0.0
2025-07-02 00:00:00+03:00,108.9000015258789,109.0999984741211,107.0,108.5999984741211,22897,0.0,0.0
2025-07-03 00:00:00+03:00,108.5,110.5,106.5999984741211,108.0,38908,0.0,0.0
2025-07-04 00:00:00+03:00,108.0,109.19999694824219,105.19999694824219,108.69999694824219,50769,0.0,0.0
2025-07-07 00:00:00+03:00,106.5,109.5999984741211,106.5,107.80000305175781,24277,0.0,0.0
2025-07-08 00:00:00+03:00,107.4000015258789,108.30000305175781,105.5999984741211,106.30000305175781,12534,0.0,0.0
2025-07-09 00:00:00+03:00,105.19999694824219,108.19999694824219,105.19999694824219,107.0,33090,0.0,0.0
2025-07-10 00:00:00+03:00,107.0,107.5999984741211,106.19999694824219,107.30000305175781,18035,0.0,0.0
2025-07-11 00:00:00+03:00,107.30000305175781,107.4000015258789,106.0,107.30000305175781,31249,0.0,0.0
2025-07-14 00:00:00+03:00,107.0,108.5,106.0999984741211,107.5,28619,0.0,0.0
2025-07-16 00:00:00+03:00,107.5,108.4000015258789,106.19999694824219,107.0999984741211,46214,0.0,0.0
2025-07-17 00:00:00+03:00,106.19999694824219,108.80000305175781,106.19999694824219,108.0,29776,0.0,0.0
2025-07-18 00:00:00+03:00,107.0999984741211,112.0,106.0,111.4000015258789,48723,0.0,0.0
2025-07-21 00:00:00+03:00,110.69999694824219,122.5,110.0,122.5,201477,0.0,0.0
2025-07-22 00:00:00+03:00,122.5,126.0,118.0,121.0,164483,0.0,0.0
2025-07-23 00:00:00+03:00,118.30000305175781,121.0,116.0,119.80000305175781,78751,0.0,0.0
2025-07-24 00:00:00+03:00,119.80000305175781,120.0,115.0999984741211,119.4000015258789,57975,0.0,0.0
2025-07-25 00:00:00+03:00,119.19999694824219,120.80000305175781,115.0,115.0,51551,0.0,0.0
2025-07-28 00:00:00+03:00,116.19999694824219,117.9000015258789,113.80000305175781,117.69999694824219,47473,0.0,0.0
2025-07-29 00:00:00+03:00,117.30000305175781,129.39999389648438,115.9000015258789,128.0,120490,0.0,0.0
2025-07-30 00:00:00+03:00,128.0,129.0,124.0,126.30000305175781,76988,0.0,0.0
2025-07-31 00:00:00+03:00,124.5999984741211,126.80000305175781,121.0,124.9000015258789,79346,0.0,0.0
2025-08-01 00:00:00+03:00,124.5,124.9000015258789,121.5,123.0,33333,0.0,0.0
2025-08-04 00:00:00+03:00,123.0,126.0,123.0,125.69999694824219,52013,0.0,0.0
2025-08-05 00:00:00+03:00,126.5,127.0999984741211,120.30000305175781,125.5,49467,0.0,0.0
2025-08-06 00:00:00+03:00,125.5,125.5,122.5,125.0,43083,0.0,0.0
2025-08-07 00:00:00+03:00,124.9000015258789,127.0,123.5,125.4000015258789,53661,0.0,0.0
2025-08-08 00:00:00+03:00,125.5,126.0,123.5999984741211,124.5,44024,0.0,0.0
2025-08-11 00:00:00+03:00,126.0,126.0,123.80000305175781,124.80000305175781,48603,0.0,0.0
2025-08-12 00:00:00+03:00,125.5,130.0,124.19999694824219,130.0,74558,0.0,0.0
2025-08-13 00:00:00+03:00,135.0,136.0,131.1999969482422,135.0,137572,0.0,0.0
2025-08-14 00:00:00+03:00,134.89999389648438,136.89999389648438,129.0,136.5,101908,0.0,0.0
2025-08-15 00:00:00+03:00,136.5,137.0,131.0,135.6999969482422,74925,0.0,0.0
2025-08-18 00:00:00+03:00,135.0,136.0,132.0,132.8000030517578,52717,0.0,0.0
2025-08-19 00:00:00+03:00,130.1999969482422,137.5,130.1999969482422,133.1999969482422,117091,0.0,0.0
2025-08-20 00:00:00+03:00,137.8000030517578,139.1999969482422,134.0,136.3000030517578,85962,0.0,0.0
2025-08-21 00:00:00+03:00,136.3000030517578,139.0,134.10000610351562,136.8000030517578,55978,0.0,0.0
2025-08-22 00:00:00+03:00,134.89999389648438,136.8000030517578,133.5,133.6999969482422,46492,0.0,0.0
2025-08-25 00:00:00+03:00,133.6999969482422,138.1999969482422,132.8000030517578,138.0,59439,0.0,0.0
2025-08-26 00:00:00+03:00,138.0,139.1999969482422,134.60000610351562,135.5,43317,0.0,0.0
2025-08-27 00:00:00+03:00,135.5,137.0,131.0,132.1999969482422,36163,0.0,0.0
2025-08-28 00:00:00+03:00,132.5,135.5,132.5,133.5,35163,0.0,0.0
2025-08-29 00:00:00+03:00,134.0,134.89999389648438,130.5,133.3000030517578,26122,0.0,0.0
2025-09-01 00:00:00+03:00,133.3000030517578,133.89999389648438,129.0,133.89999389648438,33846,0.0,0.0
2025-09-02 00:00:00+03:00,133.8000030517578,136.0,127.80000305175781,131.89999389648438,45913,0.0,0.0
2025-09-03 00:00:00+03:00,129.0,133.0,129.0,131.89999389648438,22042,0.0,0.0
2025-09-04 00:00:00+03:00,131.89999389648438,132.89999389648438,130.0,131.1999969482422,26904,0.0,0.0
2025-09-05 00:00:00+03:00,128.89999389648438,131.5,128.10000610351562,131.3000030517578,37811,0.0,0.0
2025-09-08 00:00:00+03:00,130.10000610351562,130.8000030517578,126.4000015258789,128.60000610351562,17325,0.0,0.0
2025-09-09 00:00:00+03:00,128.8000030517578,133.5,127.5,128.0,29537,0.0,0.0
2025-09-10 00:00:00+03:00,128.5,129.89999389648438,125.69999694824219,126.19999694824219,31691,0.0,0.0
2025-09-11 00:00:00+03:00,126.9000015258789,128.3000030517578,121.19999694824219,121.5,37509,0.0,0.0
2025-09-12 00:00:00+03:00,122.0999984741211,124.5999984741211,120.0,123.4000015258789,38566,0.0,0.0
2025-09-15 00:00:00+03:00,123.4000015258789,128.0,120.80000305175781,128.0,34421,0.0,0.0
2025-09-16 00:00:00+03:00,128.0,128.6999969482422,126.0,127.5999984741211,31868,0.0,0.0
2025-09-17 00:00:00+03:00,128.1999969482422,140.3000030517578,124.9000015258789,140.3000030517578,93821,0.0,0.0
2025-09-18 00:00:00+03:00,147.0,154.3000030517578,140.3000030517578,154.3000030517578,141575,0.0,0.0
2025-09-19 00:00:00+03:00,160.10000610351562,169.6999969482422,159.60000610351562,169.6999969482422,232072,0.0,0.0
2025-09-22 00:00:00+03:00,165.0,169.5,155.0,157.39999389648438,210727,0.0,0.0
2025-09-23 00:00:00+03:00,157.39999389648438,173.10000610351562,156.6999969482422,173.10000610351562,143711,0.0,0.0
2025-09-24 00:00:00+03:00,179.6999969482422,190.39999389648438,179.6999969482422,190.39999389648438,216722,0.0,0.0
2025-09-25 00:00:00+03:00,202.89999389648438,202.89999389648438,183.5,201.39999389648438,232181,0.0,0.0
2025-09-26 00:00:00+03:00,198.0,201.89999389648438,188.60000610351562,196.39999389648438,144391,0.0,0.0
2025-09-29 00:00:00+03:00,195.0,195.0,176.8000030517578,176.8000030517578,153949,0.0,0.0
2025-09-30 00:00:00+03:00,170.0,190.0,161.5,190.0,276003,0.0,0.0
2025-10-01 00:00:00+03:00,185.8000030517578,186.60000610351562,172.1999969482422,178.0,143696,0.0,0.0
2025-10-02 00:00:00+03:00,173.1999969482422,175.0,166.89999389648438,172.89999389648438,89701,0.0,0.0
2025-10-03 00:00:00+03:00,171.89999389648438,171.89999389648438,161.0,162.3000030517578,70414,0.0,0.0
2025-10-06 00:00:00+03:00,158.10000610351562,166.0,152.60000610351562,157.0,110118,0.0,0.0
2025-10-07 00:00:00+03:00,153.0,162.60000610351562,152.3000030517578,153.89999389648438,66535,0.0,0.0
2025-10-08 00:00:00+03:00,153.89999389648438,158.3000030517578,146.60000610351562,150.0,117933,0.0,0.0
2025-10-09 00:00:00+03:00,143.60000610351562,153.8000030517578,141.10000610351562,148.39999389648438,119026,0.0,0.0
2025-10-10 00:00:00+03:00,148.39999389648438,148.39999389648438,143.0,143.0,85261,0.0,0.0
2025-10-13 00:00:00+03:00,140.10000610351562,145.3000030517578,138.1999969482422,140.89999389648438,104458,0.0,0.0
2025-10-14 00:00:00+03:00,140.89999389648438,149.0,138.6999969482422,142.39999389648438,123788,0.0,0.0
2025-10-15 00:00:00+03:00,143.0,147.5,137.6999969482422,146.89999389648438,128049,0.0,0.0
2025-10-16 00:00:00+03:00,146.0,146.0,135.89999389648438,142.5,111409,0.0,0.0
2025-10-17 00:00:00+03:00,137.10000610351562,141.39999389648438,131.3000030517578,132.60000610351562,61376,0.0,0.0
2025-10-20 00:00:00+03:00,132.60000610351562,142.39999389648438,132.60000610351562,140.3000030517578,81366,0.0,0.0
2025-10-21 00:00:00+03:00,139.60000610351562,140.3000030517578,135.0,139.0,53900,0.0,0.0
2025-10-22 00:00:00+03:00,138.0,140.0,135.0,137.60000610351562,43088,0.0,0.0
2025-10-23 00:00:00+03:00,137.0,146.89999389648438,135.0,142.5,101800,0.0,0.0
2025-10-24 00:00:00+03:00,142.1999969482422,147.0,139.6999969482422,146.0,79236,0.0,0.0
2025-10-27 00:00:00+03:00,146.0,147.0,140.10000610351562,140.89999389648438,77616,0.0,0.0
2025-10-28 00:00:00+03:00,143.0,145.0,139.39999389648438,141.5,29871,0.0,0.0
2025-10-30 00:00:00+03:00,141.5,143.6999969482422,140.10000610351562,141.89999389648438,82810,0.0,0.0
2025-10-31 00:00:00+03:00,142.89999389648438,156.0,141.89999389648438,156.0,123472,0.0,0.0
2025-11-03 00:00:00+03:00,165.3000030517578,171.60000610351562,163.0,171.60000610351562,54733,0.0,0.0
2025-11-04 00:00:00+03:00,183.60000610351562,188.6999969482422,174.6999969482422,182.39999389648438,248713,0.0,0.0
2025-11-05 00:00:00+03:00,171.10000610351562,180.0,164.39999389648438,167.0,172488,0.0,0.0
2025-11-06 00:00:00+03:00,166.0,175.0,158.3000030517578,172.6999969482422,116211,0.0,0.0
2025-11-07 00:00:00+03:00,170.0,180.0,163.39999389648438,169.8000030517578,95277,0.0,0.0
2025-11-10 00:00:00+03:00,166.5,169.6999969482422,158.8000030517578,163.6999969482422,87712,0.0,0.0
2025-11-11 00:00:00+03:00,163.6999969482422,163.6999969482422,151.1999969482422,154.0,72932,0.0,0.0
2025-11-12 00:00:00+03:00,155.0,160.6999969482422,148.1999969482422,152.0,61807,0.0,0.0
2025-11-13 00:00:00+03:00,152.0,155.0,145.3000030517578,150.6999969482422,69029,0.0,0.0
2025-11-14 00:00:00+03:00,150.6999969482422,165.6999969482422,146.0,165.6999969482422,102297,0.0,0.0
2025-11-17 00:00:00+03:00,174.3000030517578,181.0,165.89999389648438,171.1999969482422,129658,0.0,0.0
2025-11-18 00:00:00+03:00,162.5,179.0,160.10000610351562,177.5,85254,0.0,0.0
2025-11-19 00:00:00+03:00,171.39999389648438,176.0,166.0,170.10000610351562,90068,0.0,0.0
2025-11-20 00:00:00+03:00,169.10000610351562,173.0,164.5,169.0,66872,0.0,0.0
2025-11-21 00:00:00+03:00,167.89999389648438,169.0,162.0,165.0,41285,0.0,0.0
2025-11-24 00:00:00+03:00,167.39999389648438,181.5,165.0,181.5,215091,0.0,0.0
2025-11-25 00:00:00+03:00,181.5,181.5,165.3000030517578,165.3000030517578,174977,0.0,0.0
2025-11-26 00:00:00+03:00,165.3000030517578,169.5,156.1999969482422,157.0,115304,0.0,0.0
2025-11-27 00:00:00+03:00,158.0,160.39999389648438,154.1999969482422,157.3000030517578,62455,0.0,0.0
2025-11-28 00:00:00+03:00,156.5,164.0,154.89999389648438,159.6999969482422,60292,0.0,0.0
2025-12-01 00:00:00+03:00,155.0,161.10000610351562,155.0,156.5,59576,0.0,0.0
2025-12-02 00:00:00+03:00,156.5,167.10000610351562,155.3000030517578,164.0,108044,0.0,0.0
2025-12-03 00:00:00+03:00,164.0,175.39999389648438,161.1999969482422,171.0,102745,0.0,0.0
2025-12-04 00:00:00+03:00,170.5,174.6999969482422,165.0,167.6999969482422,61548,0.0,0.0
2025-12-05 00:00:00+03:00,166.89999389648438,184.39999389648438,164.8000030517578,184.39999389648438,172726,0.0,0.0
2025-12-08 00:00:00+03:00,185.0,199.89999389648438,184.39999389648438,193.8000030517578,181289,0.0,0.0
2025-12-09 00:00:00+03:00,192.6999969482422,192.6999969482422,183.60000610351562,183.6999969482422,97675,0.0,0.0
2025-12-10 00:00:00+03:00,183.0,188.0,181.8000030517578,185.89999389648438,67551,0.0,0.0
2025-12-11 00:00:00+03:00,185.89999389648438,186.6999969482422,178.39999389648438,184.5,86546,0.0,0.0
2025-12-12 00:00:00+03:00,184.5,195.3000030517578,181.10000610351562,188.5,107885,0.0,0.0
2025-12-15 00:00:00+03:00,188.5,192.0,182.1999969482422,184.89999389648438,66840,0.0,0.0
2025-12-16 00:00:00+03:00,182.1999969482422,185.89999389648438,180.5,184.1999969482422,44356,0.0,0.0
2025-12-17 00:00:00+03:00,184.1999969482422,199.3000030517578,182.0,191.8000030517578,102269,0.0,0.0
2025-12-18 00:00:00+03:00,190.89999389648438,210.89999389648438,190.0,210.89999389648438,182179,0.0,0.0
2025-12-19 00:00:00+03:00,213.5,231.89999389648438,213.5,231.89999389648438,230064,0.0,0.0
2025-12-22 00:00:00+03:00,246.89999389648438,255.0,222.60000610351562,233.8000030517578,260203,0.0,0.0
2025-12-23 00:00:00+03:00,226.3000030517578,244.89999389648438,218.0,240.1999969482422,208240,0.0,0.0
2025-12-24 00:00:00+03:00,233.89999389648438,236.5,220.0,220.0,129956,0.0,0.0
2025-12-25 00:00:00+03:00,220.0,221.0,210.1999969482422,215.1999969482422,136259,0.0,0.0
2025-12-26 00:00:00+03:00,209.89999389648438,236.6999969482422,208.3000030517578,236.6999969482422,172955,0.0,0.0
2025-12-29 00:00:00+03:00,250.0,260.25,238.0,260.25,269037,0.0,0.0
2025-12-30 00:00:00+03:00,266.0,286.25,260.0,286.25,236480,0.0,0.0
2025-12-31 00:00:00+03:00,288.5,297.25,260.5,287.75,184961,0.0,0.0
2026-01-02 00:00:00+03:00,277.25,283.25,263.0,263.0,143527,0.0,0.0
2026-01-05 00:00:00+03:00,256.0,259.25,245.5,248.0,151724,0.0,0.0
2026-01-06 00:00:00+03:00,248.0,272.75,248.0,272.75,94263,0.0,0.0
2026-01-07 00:00:00+03:00,300.0,300.0,300.0,300.0,63658,0.0,0.0
2026-01-08 00:00:00+03:00,306.5,309.25,282.0,290.25,204451,0.0,0.0
2026-01-09 00:00:00+03:00,287.5,312.75,276.0,304.25,149791,0.0,0.0
2026-01-12 00:00:00+03:00,300.0,312.25,292.25,292.25,118550,0.0,0.0
2026-01-13 00:00:00+03:00,291.0,295.0,270.75,278.75,156749,0.0,0.0
2026-01-14 00:00:00+03:00,277.5,300.0,265.5,275.0,120158,0.0,0.0
2026-01-15 00:00:00+03:00,274.0,280.0,261.25,273.5,132038,0.0,0.0
2026-01-16 00:00:00+03:00,272.75,273.0,260.25,264.0,96660,0.0,0.0
2026-01-19 00:00:00+03:00,263.75,266.5,250.75,254.75,128221,0.0,0.0
2026-01-20 00:00:00+03:00,249.89999389648438,280.0,247.60000610351562,280.0,149587,0.0,0.0
2026-01-21 00:00:00+03:00,289.75,292.75,270.0,277.0,127922,0.0,0.0
2026-01-22 00:00:00+03:00,273.5,284.75,266.25,276.25,100996,0.0,0.0
2026-01-23 00:00:00+03:00,276.25,278.0,268.0,274.5,67877,0.0,0.0
2026-01-26 00:00:00+03:00,272.25,272.25,260.25,267.0,87901,0.0,0.0
2026-01-27 00:00:00+03:00,267.75,274.0,255.75,258.25,82106,0.0,0.0
2026-01-28 00:00:00+03:00,257.0,264.5,250.0,254.0,109023,0.0,0.0
2026-01-29 00:00:00+03:00,254.0,256.0,233.1999969482422,242.3000030517578,163714,0.0,0.0
2026-01-30 00:00:00+03:00,232.60000610351562,239.6999969482422,232.10000610351562,236.0,93880,0.0,0.0
2026-02-02 00:00:00+03:00,233.0,236.0,221.39999389648438,221.5,119563,0.0,0.0
2026-02-03 00:00:00+03:00,221.5,243.60000610351562,218.6999969482422,243.60000610351562,172546,0.0,0.0
2026-02-04 00:00:00+03:00,243.60000610351562,245.8000030517578,221.10000610351562,221.10000610351562,161794,0.0,0.0
2026-02-05 00:00:00+03:00,219.0,239.0,212.60000610351562,232.60000610351562,135577,0.0,0.0
2026-02-06 00:00:00+03:00,221.0,229.0,221.0,225.0,70022,0.0,0.0
2026-02-09 00:00:00+03:00,225.0,228.10000610351562,220.10000610351562,225.6999969482422,71443,0.0,0.0
2026-02-10 00:00:00+03:00,226.5,242.5,222.5,232.5,94150,0.0,0.0
2026-02-11 00:00:00+03:00,228.5,232.5,223.0,227.6999969482422,68085,0.0,0.0
2026-02-12 00:00:00+03:00,227.6999969482422,233.3000030517578,222.1999969482422,227.8000030517578,76646,0.0,0.0
2026-02-13 00:00:00+03:00,228.0,242.0,224.89999389648438,236.0,87823,0.0,0.0
2026-02-16 00:00:00+03:00,236.0,245.8000030517578,236.0,238.3000030517578,81327,0.0,0.0
2026-02-17 00:00:00+03:00,237.6999969482422,262.0,233.39999389648438,262.0,197627,0.0,0.0
2026-02-18 00:00:00+03:00,258.75,258.75,240.0,240.0,159870,0.0,0.0
2026-02-19 00:00:00+03:00,240.0,248.3000030517578,228.3000030517578,229.0,72217,0.0,0.0
2026-02-20 00:00:00+03:00,229.0,235.60000610351562,225.89999389648438,235.0,41957,0.0,0.0
2026-02-23 00:00:00+03:00,235.0,238.89999389648438,230.39999389648438,238.6999969482422,56634,0.0,0.0
2026-02-24 00:00:00+03:00,235.0,235.89999389648438,225.39999389648438,229.39999389648438,41982,0.0,0.0
2026-02-25 00:00:00+03:00,229.39999389648438,231.0,221.1999969482422,224.5,39489,0.0,0.0
2026-02-26 00:00:00+03:00,222.89999389648438,224.0,215.0,219.10000610351562,54205,0.0,0.0
2026-02-27 00:00:00+03:00,219.10000610351562,222.5,211.10000610351562,216.0,56407,0.0,0.0
2026-03-02 00:00:00+03:00,194.39999389648438,206.89999389648438,194.39999389648438,201.1999969482422,86523,0.0,0.0
2026-03-03 00:00:00+03:00,201.1999969482422,205.5,195.0,196.39999389648438,60040,0.0,0.0
2026-03-04 00:00:00+03:00,196.39999389648438,204.3000030517578,193.60000610351562,201.0,66526,0.0,0.0
2026-03-05 00:00:00+03:00,199.89999389648438,204.89999389648438,195.3000030517578,196.5,76361,0.0,0.0
2026-03-06 00:00:00+03:00,200.0,203.89999389648438,188.60000610351562,192.8000030517578,60684,0.0,0.0
2026-03-09 00:00:00+03:00,191.0,191.0,182.89999389648438,186.8000030517578,75135,0.0,0.0
2026-03-10 00:00:00+03:00,188.60000610351562,197.10000610351562,185.10000610351562,191.8000030517578,63896,0.0,0.0
2026-03-11 00:00:00+03:00,194.89999389648438,199.8000030517578,189.0,196.8000030517578,51923,0.0,0.0
2026-03-12 00:00:00+03:00,198.5,199.8000030517578,192.89999389648438,193.3000030517578,44075,0.0,0.0
2026-03-13 00:00:00+03:00,193.3000030517578,200.1999969482422,186.8000030517578,191.0,55799,0.0,0.0
2026-03-16 00:00:00+03:00,190.89999389648438,190.89999389648438,181.89999389648438,184.6999969482422,56322,0.0,0.0
2026-03-17 00:00:00+03:00,184.6999969482422,185.60000610351562,180.1999969482422,184.89999389648438,46682,0.0,0.0
2026-03-18 00:00:00+03:00,184.89999389648438,184.89999389648438,180.39999389648438,184.1999969482422,34236,0.0,0.0
2026-03-19 00:00:00+03:00,184.3000030517578,191.0,184.0,187.3000030517578,30557,0.0,0.0
2026-03-23 00:00:00+03:00,186.6999969482422,199.60000610351562,185.0,195.0,101132,0.0,0.0
2026-03-24 00:00:00+03:00,194.1999969482422,196.5,187.5,190.60000610351562,45737,0.0,0.0
2026-03-25 00:00:00+03:00,190.60000610351562,193.8000030517578,185.5,188.3000030517578,45212,0.0,0.0
2026-03-26 00:00:00+03:00,187.0,189.89999389648438,181.89999389648438,185.10000610351562,41579,0.0,0.0
2026-03-27 00:00:00+03:00,184.89999389648438,203.60000610351562,182.0,194.39999389648438,146965,0.0,0.0
2026-03-30 00:00:00+03:00,195.8000030517578,213.8000030517578,193.60000610351562,213.8000030517578,108675,0.0,0.0
2026-03-31 00:00:00+03:00,224.1999969482422,235.10000610351562,215.0,235.10000610351562,224803,0.0,0.0
2026-04-01 00:00:00+03:00,235.10000610351562,252.0,223.6999969482422,241.10000610351562,175006,0.0,0.0
2026-04-02 00:00:00+03:00,231.0,237.0,224.0,230.0,113993,0.0,0.0
2026-04-03 00:00:00+03:00,225.0,239.0,219.89999389648438,229.10000610351562,81549,0.0,0.0
2026-04-06 00:00:00+03:00,226.60000610351562,227.0,215.5,223.1999969482422,98912,0.0,0.0
2026-04-07 00:00:00+03:00,221.8000030517578,223.1999969482422,211.10000610351562,212.0,71909,0.0,0.0
2026-04-08 00:00:00+03:00,220.8000030517578,220.8000030517578,213.0,219.10000610351562,73023,0.0,0.0
2026-04-09 00:00:00+03:00,218.5,218.5,208.0,208.3000030517578,110816,0.0,0.0
2026-04-10 00:00:00+03:00,208.3000030517578,214.0,205.1999969482422,211.0,71036,0.0,0.0
2026-04-13 00:00:00+03:00,207.89999389648438,209.6999969482422,202.1999969482422,205.0,55357,0.0,0.0
2026-04-14 00:00:00+03:00,205.0,214.10000610351562,205.0,208.0,68607,0.0,0.0
2026-04-15 00:00:00+03:00,205.0,228.0,204.0,218.8000030517578,104404,0.0,0.0
2026-04-16 00:00:00+03:00,220.0,222.3000030517578,211.10000610351562,213.89999389648438,71115,0.0,0.0
2026-04-17 00:00:00+03:00,216.89999389648438,219.5,211.0,219.10000610351562,53077,0.0,0.0
2026-04-20 00:00:00+03:00,217.60000610351562,217.60000610351562,212.0,214.0,67051,0.0,0.0
2026-04-21 00:00:00+03:00,213.5,222.10000610351562,208.0,209.0,53590,0.0,0.0
2026-04-22 00:00:00+03:00,209.0,214.39999389648438,205.8000030517578,206.89999389648438,45169,0.0,0.0
2026-04-24 00:00:00+03:00,206.6999969482422,212.0,204.39999389648438,208.6999969482422,38049,0.0,0.0
2026-04-27 00:00:00+03:00,205.0,214.89999389648438,205.0,209.89999389648438,68855,0.0,0.0
2026-04-28 00:00:00+03:00,209.89999389648438,211.89999389648438,199.5,203.0,70328,0.0,0.0
2026-04-29 00:00:00+03:00,202.10000610351562,205.5,198.1999969482422,200.0,51554,0.0,0.0
2026-04-30 00:00:00+03:00,198.0,201.60000610351562,194.1999969482422,200.89999389648438,44568,0.0,0.0
2026-05-04 00:00:00+03:00,200.89999389648438,213.39999389648438,200.10000610351562,203.8000030517578,71786,0.0,0.0
2026-05-05 00:00:00+03:00,201.0,204.0,196.10000610351562,199.0,74643,0.0,0.0
2026-05-06 00:00:00+03:00,197.10000610351562,201.10000610351562,195.0,198.89999389648438,73435,0.0,0.0
2026-05-07 00:00:00+03:00,198.5,201.6999969482422,195.5,200.39999389648438,55441,0.0,0.0
2026-05-08 00:00:00+03:00,200.39999389648438,200.39999389648438,197.0,198.39999389648438,42941,0.0,0.0
2026-05-11 00:00:00+03:00,198.39999389648438,206.0,195.8000030517578,202.89999389648438,74612,0.0,0.0
2026-05-12 00:00:00+03:00,202.89999389648438,223.10000610351562,202.89999389648438,219.89999389648438,201406,0.0,0.0
2026-05-13 00:00:00+03:00,219.89999389648438,221.5,202.8000030517578,203.0,124024,0.0,0.0
2026-05-14 00:00:00+03:00,205.0,207.0,198.10000610351562,199.0,83231,0.0,0.0
2026-05-15 00:00:00+03:00,199.89999389648438,200.0,193.0,195.0,58011,0.0,0.0
2026-05-18 00:00:00+03:00,195.0,196.6999969482422,185.60000610351562,190.60000610351562,72738,0.0,0.0
2026-05-20 00:00:00+03:00,185.6999969482422,190.39999389648438,182.3000030517578,185.5,70075,0.0,0.0
2026-05-21 00:00:00+03:00,185.5,186.89999389648438,176.3000030517578,176.3000030517578,29852,0.0,0.0
2026-05-22 00:00:00+03:00,165.8000030517578,184.89999389648438,160.39999389648438,181.0,46993,0.0,0.0
2026-05-25 00:00:00+03:00,180.89999389648438,187.1999969482422,179.89999389648438,184.39999389648438,34181,0.0,0.0
2026-05-26 00:00:00+03:00,185.89999389648438,188.89999389648438,180.0,183.0,23956,0.0,0.0
2026-05-27 00:00:00+03:00,183.0,183.0,183.0,183.0,0,0.0,0.0
2026-05-28 00:00:00+03:00,183.0,183.0,183.0,183.0,0,0.0,0.0
2026-05-29 00:00:00+03:00,183.0,183.0,183.0,183.0,0,0.0,0.0
2026-06-01 00:00:00+03:00,185.0,186.10000610351562,180.39999389648438,182.6999969482422,51754,0.0,0.0
2026-06-02 00:00:00+03:00,182.0,187.1999969482422,179.6999969482422,180.0,69320,0.0,0.0
2026-06-03 00:00:00+03:00,179.8000030517578,179.8000030517578,173.60000610351562,174.0,69869,0.0,0.0
2026-06-04 00:00:00+03:00,170.3000030517578,175.0,169.60000610351562,174.5,58801,0.0,0.0
2026-06-05 00:00:00+03:00,174.39999389648438,174.39999389648438,169.39999389648438,170.0,40126,0.0,0.0
2026-06-08 00:00:00+03:00,170.0,170.0,162.89999389648438,164.8000030517578,56907,0.0,0.0
2026-06-09 00:00:00+03:00,163.0,167.5,161.0,163.1999969482422,50264,0.0,0.0
2026-06-10 00:00:00+03:00,163.1999969482422,171.1999969482422,161.6999969482422,163.60000610351562,70309,0.0,0.0
2026-06-11 00:00:00+03:00,152.1999969482422,162.5,152.1999969482422,155.89999389648438,98073,0.0,0.0
2026-06-12 00:00:00+03:00,152.0,157.89999389648438,152.0,154.0,52084,0.0,0.0
2026-06-15 00:00:00+03:00,158.5,158.5,152.0,155.39999389648438,41828,0.0,0.0
2026-06-16 00:00:00+03:00,155.39999389648438,158.8000030517578,153.0,158.6999969482422,43449,0.0,0.0
2026-06-17 00:00:00+03:00,155.5,174.5,155.5,172.10000610351562,157694,0.0,0.0
2026-06-18 00:00:00+03:00,168.89999389648438,168.89999389648438,156.1999969482422,158.10000610351562,137019,0.0,0.0
2026-06-19 00:00:00+03:00,158.0,158.10000610351562,150.0,150.0,72098,0.0,0.0
2026-06-22 00:00:00+03:00,152.0,158.0,146.1999969482422,148.60000610351562,94006,0.0,0.0
2026-06-23 00:00:00+03:00,149.0,153.8000030517578,145.0,146.5,57364,0.0,0.0
2026-06-24 00:00:00+03:00,147.89999389648438,148.8000030517578,140.60000610351562,140.60000610351562,61983,0.0,0.0
2026-06-25 00:00:00+03:00,139.5,145.8000030517578,135.0,137.60000610351562,75163,0.0,0.0
2026-06-26 00:00:00+03:00,135.0,139.60000610351562,132.0,139.60000610351562,50879,0.0,0.0
2026-06-29 00:00:00+03:00,138.8000030517578,144.0,136.0,137.8000030517578,34272,0.0,0.0
2026-06-30 00:00:00+03:00,141.5,141.5,133.89999389648438,136.6999969482422,39709,0.0,0.0
2026-07-01 00:00:00+03:00,136.0,139.0,132.6999969482422,137.60000610351562,59440,0.0,0.0
2026-07-02 00:00:00+03:00,137.60000610351562,145.5,137.60000610351562,143.0,92422,0.0,0.0
2026-07-03 00:00:00+03:00,143.1999969482422,146.5,137.5,145.5,75685,0.0,0.0
2026-07-06 00:00:00+03:00,147.5,147.60000610351562,139.39999389648438,144.39999389648438,46465,0.0,0.0
2026-07-07 00:00:00+03:00,137.1999969482422,144.0,137.1999969482422,139.6999969482422,31443,0.0,0.0
2026-07-08 00:00:00+03:00,138.0,149.89999389648438,136.3000030517578,145.5,38353,0.0,0.0
2026-07-09 00:00:00+03:00,143.0,143.0,138.60000610351562,140.0,35945,0.0,0.0
2026-07-10 00:00:00+03:00,142.0,145.5,139.89999389648438,141.3000030517578,21936,0.0,0.0
2026-07-13 00:00:00+03:00,140.0,144.39999389648438,135.5,143.0,48889,0.0,0.0
2026-07-14 00:00:00+03:00,141.89999389648438,142.39999389648438,139.0,139.0,30299,0.0,0.0
2026-07-16 00:00:00+03:00,138.0,144.10000610351562,135.0,142.0,44025,0.0,0.0
2026-07-17 00:00:00+03:00,142.0,142.0,136.0,136.0,31191,0.0,0.0
2026-07-20 00:00:00+03:00,136.0,139.0,130.39999389648438,130.6999969482422,46587,0.0,0.0
2026-07-21 00:00:00+03:00,136.0,136.0,130.0,130.6999969482422,24857,0.0,0.0
2026-07-22 00:00:00+03:00,130.6999969482422,133.8000030517578,128.5,129.0,39172,0.0,0.0
2026-07-23 00:00:00+03:00,129.0,129.0,125.30000305175781,128.89999389648438,45938,0.0,0.0
2026-07-24 00:00:00+03:00,128.39999389648438,128.89999389648438,125.0,126.0,29968,0.0,0.0
2026-07-27 00:00:00+03:00,128.0,128.0,122.0999984741211,122.5,44294,0.0,0.0
2026-07-28 00:00:00+03:00,122.5,122.5,115.69999694824219,118.0,77579,0.0,0.0
2026-07-29 00:00:00+03:00,118.0,118.0,114.30000305175781,116.9000015258789,52845,0.0,0.0
2026-07-30 00:00:00+03:00,117.0,119.9000015258789,114.30000305175781,118.0,43985,0.0,0.0
2026-08-03 00:00:00+03:00,119.80000305175781,120.30000305175781,109.0999984741211,116.30000305175781,69074,0.0,0.0
2026-08-04 00:00:00+03:00,114.0999984741211,118.0999984741211,111.30000305175781,116.30000305175781,58506,0.0,0.0
2026-08-05 00:00:00+03:00,115.19999694824219,117.80000305175781,112.5999984741211,117.4000015258789,45546,0.0,0.0
2026-08-06 00:00:00+03:00,116.4000015258789,117.30000305175781,114.0,116.30000305175781,40596,0.0,0.0
2026-08-07 00:00:00+03:00,115.9000015258789,117.5,112.0,114.69999694824219,36859,0.0,0.0
2026-08-10 00:00:00+03:00,113.80000305175781,116.0,113.0,113.0,26484,0.0,0.0
2026-08-11 00:00:00+03:00,113.0999984741211,116.5999984741211,111.0,114.80000305175781,38867,0.0,0.0
2026-08-12 00:00:00+03:00,113.9000015258789,121.4000015258789,112.0,116.0,47708,0.0,0.0
