date,open,high,low,close,volume,dividends,stock_splits
2020-08-14 00:00:00+03:00,1.0863560438156128,1.0863560438156128,1.0752710103988647,1.0808130502700806,385273,0.0,0.0
2020-08-17 00:00:00+03:00,1.0808130502700806,1.1251540184020996,1.0808130502700806,1.1251540184020996,738201,0.0,0.0
2020-08-18 00:00:00+03:00,1.1196119785308838,1.136240005493164,1.1196119785308838,1.136240005493164,432913,0.0,0.0
2020-08-19 00:00:00+03:00,1.180580973625183,1.2360069751739502,1.180580973625183,1.2360069751739502,1309904,0.0,0.0
2020-08-20 00:00:00+03:00,1.274806022644043,1.33023202419281,1.274806022644043,1.33023202419281,952371,0.0,0.0
2020-08-21 00:00:00+03:00,1.3579449653625488,1.3579449653625488,1.2415499687194824,1.2415499687194824,1223082,0.0,0.0
2020-08-24 00:00:00+03:00,1.2415499687194824,1.363487958908081,1.2415499687194824,1.363487958908081,1651113,0.0,0.0
2020-08-25 00:00:00+03:00,1.3967440128326416,1.4355419874191284,1.3967440128326416,1.4244569540023804,1181623,0.0,0.0
2020-08-26 00:00:00+03:00,1.33023202419281,1.4355419874191284,1.33023202419281,1.4355419874191284,940061,0.0,0.0
2020-08-27 00:00:00+03:00,1.4632550477981567,1.4632550477981567,1.413370966911316,1.413370966911316,784803,0.0,0.0
2020-08-28 00:00:00+03:00,1.3967440128326416,1.3967440128326416,1.374572992324829,1.374572992324829,728568,0.0,0.0
2020-08-31 00:00:00+03:00,1.3468600511550903,1.3690299987792969,1.341317057609558,1.3690299987792969,866726,0.0,0.0
2020-09-01 00:00:00+03:00,1.4244569540023804,1.4909679889678955,1.4244569540023804,1.4854259490966797,703768,0.0,0.0
2020-09-02 00:00:00+03:00,1.4854259490966797,1.4854259490966797,1.4854259490966797,1.4854259490966797,865332,0.0,0.0
2020-09-03 00:00:00+03:00,1.4854259490966797,1.4854259490966797,1.4466270208358765,1.4466270208358765,630187,0.0,0.0
2020-09-04 00:00:00+03:00,1.4244569540023804,1.5851930379867554,1.413370966911316,1.5851930379867554,1079722,0.0,0.0
2020-09-07 00:00:00+03:00,1.684960961341858,1.684960961341858,1.5519369840621948,1.5519369840621948,3144253,0.0,0.0
2020-09-08 00:00:00+03:00,1.5408519506454468,1.6184489727020264,1.5408519506454468,1.5796500444412231,1299565,0.0,0.0
2020-09-09 00:00:00+03:00,1.5741080045700073,1.5741080045700073,1.5741080045700073,1.5741080045700073,792375,0.0,0.0
2020-09-10 00:00:00+03:00,1.5519369840621948,1.5519369840621948,1.4965109825134277,1.4965109825134277,980004,0.0,0.0
2020-09-11 00:00:00+03:00,1.457713007926941,1.524224042892456,1.457713007926941,1.524224042892456,806668,0.0,0.0
2020-09-14 00:00:00+03:00,1.6129059791564941,1.6129059791564941,1.5796500444412231,1.5796500444412231,912118,0.0,0.0
2020-09-15 00:00:00+03:00,1.5741080045700073,1.5741080045700073,1.546394944190979,1.546394944190979,910842,0.0,0.0
2020-09-16 00:00:00+03:00,1.684960961341858,1.6905030012130737,1.6627899408340454,1.6905030012130737,2753322,0.0,0.0
2020-09-17 00:00:00+03:00,1.7293020486831665,1.8623249530792236,1.7293020486831665,1.8623249530792236,2005399,0.0,0.0
2020-09-18 00:00:00+03:00,2.045232057571411,2.045232057571411,1.9399219751358032,1.9399219751358032,3870686,0.0,0.0
2020-09-21 00:00:00+03:00,1.9731780290603638,2.028604030609131,1.9731780290603638,2.028604030609131,3233054,0.0,0.0
2020-09-22 00:00:00+03:00,2.0729451179504395,2.255851984024048,2.0729451179504395,2.255851984024048,3481010,0.0,0.0
2020-09-23 00:00:00+03:00,2.2336809635162354,2.355618953704834,2.2336809635162354,2.3001930713653564,3909357,0.0,0.0
2020-09-24 00:00:00+03:00,2.0784881114959717,2.3112781047821045,2.0784881114959717,2.3112781047821045,3074238,0.0,0.0
2020-09-25 00:00:00+03:00,2.3833329677581787,2.3833329677581787,2.3722469806671143,2.3722469806671143,1544384,0.0,0.0
2020-09-28 00:00:00+03:00,2.411046028137207,2.411046028137207,2.3001930713653564,2.3001930713653564,1482700,0.0,0.0
2020-09-29 00:00:00+03:00,2.26139497756958,2.272480010986328,2.26139497756958,2.26139497756958,1646601,0.0,0.0
2020-09-30 00:00:00+03:00,2.272480010986328,2.4664719104766846,2.272480010986328,2.4664719104766846,2391259,0.0,0.0
2020-10-01 00:00:00+03:00,2.5994949340820312,2.6050379276275635,2.5994949340820312,2.6050379276275635,948943,0.0,0.0
2020-10-02 00:00:00+03:00,2.6050379276275635,2.6050379276275635,2.494184970855713,2.6050379276275635,823916,0.0,0.0
2020-10-05 00:00:00+03:00,2.6050379276275635,2.6050379276275635,2.350076913833618,2.4609289169311523,654233,0.0,0.0
2020-10-06 00:00:00+03:00,2.521898031234741,2.560697078704834,2.521898031234741,2.560697078704834,437039,0.0,0.0
2020-10-07 00:00:00+03:00,2.632750988006592,2.7713170051574707,2.632750988006592,2.7713170051574707,1083264,0.0,0.0
2020-10-08 00:00:00+03:00,3.1094179153442383,3.1094179153442383,3.1094179153442383,3.1094179153442383,1604099,0.0,0.0
2020-10-09 00:00:00+03:00,3.4142630100250244,3.4142630100250244,3.397634983062744,3.397634983062744,2199176,0.0,0.0
2020-10-12 00:00:00+03:00,2.9930219650268555,2.9930219650268555,2.9930219650268555,2.9930219650268555,698997,0.0,0.0
2020-10-13 00:00:00+03:00,2.6937201023101807,3.0429060459136963,2.6937201023101807,3.0429060459136963,1868981,0.0,0.0
2020-10-14 00:00:00+03:00,3.4419760704040527,3.4419760704040527,2.8212010860443115,2.8212010860443115,2021397,0.0,0.0
2020-10-15 00:00:00+03:00,2.5440690517425537,2.8212010860443115,2.5440690517425537,2.549612045288086,1278606,0.0,0.0
2020-10-16 00:00:00+03:00,2.793488025665283,2.793488025665283,2.5385260581970215,2.549612045288086,1232675,0.0,0.0
2020-10-19 00:00:00+03:00,2.549612045288086,2.549612045288086,2.4387590885162354,2.4387590885162354,470326,0.0,0.0
2020-10-20 00:00:00+03:00,2.494184970855713,2.710347890853882,2.494184970855713,2.710347890853882,679133,0.0,0.0
2020-10-21 00:00:00+03:00,2.8489139080047607,2.8489139080047607,2.8267428874969482,2.8267428874969482,288492,0.0,0.0
2020-10-22 00:00:00+03:00,3.0484490394592285,3.0484490394592285,2.9098830223083496,2.9098830223083496,337758,0.0,0.0
2020-10-23 00:00:00+03:00,2.9098830223083496,2.9098830223083496,2.7713170051574707,2.7713170051574707,182099,0.0,0.0
2020-10-26 00:00:00+03:00,2.937596082687378,2.937596082687378,2.571782112121582,2.571782112121582,366551,0.0,0.0
2020-10-27 00:00:00+03:00,2.3168210983276367,2.7713170051574707,2.3168210983276367,2.7713170051574707,442397,0.0,0.0
2020-10-28 00:00:00+03:00,2.8821699619293213,2.8821699619293213,2.8267428874969482,2.8267428874969482,140178,0.0,0.0
2020-10-30 00:00:00+03:00,2.8821699619293213,2.8821699619293213,2.8267428874969482,2.8267428874969482,266052,0.0,0.0
2020-11-02 00:00:00+03:00,2.632750988006592,2.632750988006592,2.632750988006592,2.632750988006592,315696,0.0,0.0
2020-11-03 00:00:00+03:00,2.715890884399414,2.715890884399414,2.494184970855713,2.6050379276275635,1270859,0.0,0.0
2020-11-04 00:00:00+03:00,2.715890884399414,2.7713170051574707,2.715890884399414,2.7713170051574707,1408709,0.0,0.0
2020-11-05 00:00:00+03:00,2.854456901550293,2.854456901550293,2.854456901550293,2.854456901550293,461316,0.0,0.0
2020-11-06 00:00:00+03:00,2.9930219650268555,2.9930219650268555,2.9098830223083496,2.9098830223083496,1196522,0.0,0.0
2020-11-09 00:00:00+03:00,2.7713170051574707,2.854456901550293,2.7713170051574707,2.854456901550293,506381,0.0,0.0
2020-11-10 00:00:00+03:00,2.937596082687378,3.103874921798706,2.937596082687378,3.0484490394592285,1411833,0.0,0.0
2020-11-11 00:00:00+03:00,3.103874921798706,3.103874921798706,2.965308904647827,2.965308904647827,277579,0.0,0.0
2020-11-12 00:00:00+03:00,3.1315879821777344,3.1315879821777344,2.965308904647827,2.965308904647827,334604,0.0,0.0
2020-11-13 00:00:00+03:00,3.1593010425567627,3.292325019836426,3.0484490394592285,3.292325019836426,2966116,0.0,0.0
2020-11-16 00:00:00+03:00,3.3255810737609863,3.3255810737609863,3.3255810737609863,3.3255810737609863,976459,0.0,0.0
2020-11-17 00:00:00+03:00,3.3255810737609863,3.3255810737609863,3.1593010425567627,3.1870150566101074,1196658,0.0,0.0
2020-11-18 00:00:00+03:00,2.9930219650268555,3.242440938949585,2.9930219650268555,3.103874921798706,1121989,0.0,0.0
2020-11-19 00:00:00+03:00,3.103874921798706,3.2147281169891357,3.103874921798706,3.103874921798706,889663,0.0,0.0
2020-11-20 00:00:00+03:00,3.103874921798706,3.103874921798706,3.103874921798706,3.103874921798706,581302,0.0,0.0
2020-11-23 00:00:00+03:00,3.1593010425567627,3.1870150566101074,3.1593010425567627,3.1870150566101074,1848173,0.0,0.0
2020-11-24 00:00:00+03:00,3.2701539993286133,3.5029449462890625,3.2701539993286133,3.2701539993286133,1281096,0.0,0.0
2020-11-25 00:00:00+03:00,3.331123113632202,3.381006956100464,3.2701539993286133,3.2701539993286133,571350,0.0,0.0
2020-11-26 00:00:00+03:00,3.2701539993286133,3.2701539993286133,3.2147281169891357,3.2147281169891357,314018,0.0,0.0
2020-11-27 00:00:00+03:00,3.242440938949585,3.242440938949585,3.2147281169891357,3.2147281169891357,457646,0.0,0.0
2020-11-30 00:00:00+03:00,3.381006956100464,3.381006956100464,3.2147281169891357,3.2147281169891357,674338,0.0,0.0
2020-12-01 00:00:00+03:00,3.1593010425567627,3.1593010425567627,2.954224109649658,3.1593010425567627,573739,0.0,0.0
2020-12-02 00:00:00+03:00,3.3255810737609863,3.3255810737609863,3.3255810737609863,3.3255810737609863,530269,0.0,0.0
2020-12-03 00:00:00+03:00,3.2036430835723877,3.2978670597076416,3.2036430835723877,3.2701539993286133,239326,0.0,0.0
2020-12-04 00:00:00+03:00,3.2202699184417725,3.2258129119873047,3.2147281169891357,3.2147281169891357,233399,0.0,0.0
2020-12-07 00:00:00+03:00,3.2202699184417725,3.2701539993286133,3.2147281169891357,3.2147281169891357,219132,0.0,0.0
2020-12-08 00:00:00+03:00,3.2646119594573975,3.2646119594573975,3.1593010425567627,3.1593010425567627,280868,0.0,0.0
2020-12-09 00:00:00+03:00,3.0595340728759766,3.1315879821777344,3.0595340728759766,3.1315879821777344,286672,0.0,0.0
2020-12-10 00:00:00+03:00,3.1315879821777344,3.1315879821777344,3.1315879821777344,3.1315879821777344,358910,0.0,0.0
2020-12-11 00:00:00+03:00,3.0484490394592285,3.0484490394592285,3.0484490394592285,3.0484490394592285,346840,0.0,0.0
2020-12-14 00:00:00+03:00,2.9098830223083496,3.1593010425567627,2.9098830223083496,3.1593010425567627,345640,0.0,0.0
2020-12-15 00:00:00+03:00,3.1593010425567627,3.1593010425567627,3.103874921798706,3.103874921798706,123724,0.0,0.0
2020-12-16 00:00:00+03:00,3.1593010425567627,3.1593010425567627,2.9930219650268555,2.9930219650268555,2060182,0.0,0.0
2020-12-17 00:00:00+03:00,2.8045730590820312,3.103874921798706,2.8045730590820312,3.103874921798706,569001,0.0,0.0
2020-12-18 00:00:00+03:00,2.937596082687378,3.103874921798706,2.937596082687378,3.103874921798706,1439798,0.0,0.0
2020-12-21 00:00:00+03:00,3.103874921798706,3.103874921798706,3.076162099838257,3.103874921798706,287141,0.0,0.0
2020-12-22 00:00:00+03:00,3.103874921798706,3.103874921798706,3.103874921798706,3.103874921798706,411616,0.0,0.0
2020-12-23 00:00:00+03:00,3.0484490394592285,3.0484490394592285,3.0484490394592285,3.0484490394592285,272365,0.0,0.0
2020-12-24 00:00:00+03:00,3.0484490394592285,3.0484490394592285,2.965308904647827,2.965308904647827,195035,0.0,0.0
2020-12-25 00:00:00+03:00,3.00410795211792,3.103874921798706,3.00410795211792,3.103874921798706,628314,0.0,0.0
2020-12-28 00:00:00+03:00,3.0484490394592285,3.103874921798706,3.0484490394592285,3.103874921798706,482478,0.0,0.0
2020-12-29 00:00:00+03:00,3.098331928253174,3.098331928253174,3.0484490394592285,3.0484490394592285,415991,0.0,0.0
2020-12-30 00:00:00+03:00,3.103874921798706,3.103874921798706,3.0484490394592285,3.0484490394592285,351365,0.0,0.0
2020-12-31 00:00:00+03:00,3.0484490394592285,3.0484490394592285,3.0484490394592285,3.0484490394592285,528750,0.0,0.0
2021-01-04 00:00:00+03:00,3.103874921798706,3.103874921798706,3.103874921798706,3.103874921798706,1053998,0.0,0.0
2021-01-05 00:00:00+03:00,3.103874921798706,3.2258129119873047,3.103874921798706,3.2258129119873047,528023,0.0,0.0
2021-01-06 00:00:00+03:00,3.5860838890075684,3.5860838890075684,3.5860838890075684,3.5860838890075684,746293,0.0,0.0
2021-01-07 00:00:00+03:00,3.9408130645751953,3.9408130645751953,3.9408130645751953,3.9408130645751953,932350,0.0,0.0
2021-01-08 00:00:00+03:00,4.3343400955200195,4.3343400955200195,3.9408130645751953,3.9408130645751953,1441363,0.0,0.0
2021-01-11 00:00:00+03:00,3.8798439502716064,3.8798439502716064,3.8798439502716064,3.8798439502716064,974844,0.0,0.0
2021-01-12 00:00:00+03:00,3.7800769805908203,3.7800769805908203,3.6415109634399414,3.6415109634399414,753684,0.0,0.0
2021-01-13 00:00:00+03:00,3.6027119159698486,3.6027119159698486,3.597170114517212,3.597170114517212,922736,0.0,0.0
2021-01-14 00:00:00+03:00,3.608254909515381,3.768990993499756,3.608254909515381,3.768990993499756,744016,0.0,0.0
2021-01-15 00:00:00+03:00,3.7412779331207275,3.7967050075531006,3.7412779331207275,3.7967050075531006,793584,0.0,0.0
2021-01-18 00:00:00+03:00,3.8133320808410645,3.8133320808410645,3.8022470474243164,3.8022470474243164,700497,0.0,0.0
2021-01-19 00:00:00+03:00,3.6470530033111572,3.6470530033111572,3.597170114517212,3.597170114517212,614050,0.0,0.0
2021-01-20 00:00:00+03:00,3.469688892364502,3.469688892364502,3.408720016479492,3.408720016479492,649557,0.0,0.0
2021-01-21 00:00:00+03:00,3.40317702293396,3.40317702293396,3.40317702293396,3.40317702293396,630294,0.0,0.0
2021-01-22 00:00:00+03:00,3.3255810737609863,3.3532938957214355,3.3255810737609863,3.3532938957214355,473484,0.0,0.0
2021-01-25 00:00:00+03:00,3.5639140605926514,3.7024800777435303,3.5639140605926514,3.7024800777435303,921563,0.0,0.0
2021-01-26 00:00:00+03:00,3.6027119159698486,3.6525959968566895,3.6027119159698486,3.630424976348877,635870,0.0,0.0
2021-01-27 00:00:00+03:00,3.6027119159698486,3.6027119159698486,3.2701539993286133,3.2701539993286133,602305,0.0,0.0
2021-01-28 00:00:00+03:00,3.0706191062927246,3.2812390327453613,3.0706191062927246,3.2812390327453613,643567,0.0,0.0
2021-01-29 00:00:00+03:00,3.2646119594573975,3.2812390327453613,3.2646119594573975,3.2701539993286133,330586,0.0,0.0
2021-02-01 00:00:00+03:00,3.408720016479492,3.408720016479492,3.3255810737609863,3.3255810737609863,531030,0.0,0.0
2021-02-02 00:00:00+03:00,3.314495086669922,3.3255810737609863,3.2701539993286133,3.2701539993286133,969849,0.0,0.0
2021-02-03 00:00:00+03:00,3.2147281169891357,3.2867820262908936,3.2147281169891357,3.2867820262908936,525679,0.0,0.0
2021-02-04 00:00:00+03:00,3.3255810737609863,3.613797903060913,3.3255810737609863,3.613797903060913,1264328,0.0,0.0
2021-02-05 00:00:00+03:00,3.6525959968566895,3.974069118499756,3.6525959968566895,3.974069118499756,1523095,0.0,0.0
2021-02-08 00:00:00+03:00,4.195774078369141,4.36759614944458,4.195774078369141,4.36759614944458,2462841,0.0,0.0
2021-02-09 00:00:00+03:00,4.544960021972656,4.794379234313965,4.544960021972656,4.794379234313965,1782471,0.0,0.0
2021-02-10 00:00:00+03:00,4.883060932159424,4.905231952667236,4.31771183013916,4.31771183013916,1620054,0.0,0.0
2021-02-11 00:00:00+03:00,4.3232550621032715,4.744494915008545,4.3232550621032715,4.744494915008545,1143513,0.0,0.0
2021-02-12 00:00:00+03:00,5.210075855255127,5.210075855255127,4.988370895385742,5.01608419418335,1292426,0.0,0.0
2021-02-15 00:00:00+03:00,5.20453405380249,5.210075855255127,5.20453405380249,5.210075855255127,709922,0.0,0.0
2021-02-16 00:00:00+03:00,5.138021945953369,5.138021945953369,4.711238861083984,4.866433143615723,763275,0.0,0.0
2021-02-17 00:00:00+03:00,4.988370895385742,5.1546502113342285,4.988370895385742,5.149106979370117,686624,0.0,0.0
2021-02-18 00:00:00+03:00,5.1546502113342285,5.1546502113342285,4.960658073425293,4.960658073425293,448562,0.0,0.0
2021-02-19 00:00:00+03:00,4.988370895385742,4.988370895385742,4.955114841461182,4.955114841461182,464791,0.0,0.0
2021-02-22 00:00:00+03:00,4.988370895385742,4.988370895385742,4.766665935516357,4.7777509689331055,588683,0.0,0.0
2021-02-23 00:00:00+03:00,4.822092056274414,4.822092056274414,4.42856502532959,4.42856502532959,641108,0.0,0.0
2021-02-24 00:00:00+03:00,4.42856502532959,4.711238861083984,4.42856502532959,4.711238861083984,569862,0.0,0.0
2021-02-25 00:00:00+03:00,4.877518177032471,4.877518177032471,4.5726728439331055,4.5726728439331055,390635,0.0,0.0
2021-02-26 00:00:00+03:00,4.5726728439331055,4.738952159881592,4.5726728439331055,4.738952159881592,520986,0.0,0.0
2021-03-01 00:00:00+03:00,4.988370895385742,5.043797016143799,4.988370895385742,5.043797016143799,533542,0.0,0.0
2021-03-02 00:00:00+03:00,5.1546502113342285,5.1546502113342285,4.921858787536621,4.921858787536621,322373,0.0,0.0
2021-03-03 00:00:00+03:00,4.988370895385742,4.988370895385742,4.611472129821777,4.611472129821777,449470,0.0,0.0
2021-03-04 00:00:00+03:00,4.650269985198975,4.677982807159424,4.650269985198975,4.672441005706787,357340,0.0,0.0
2021-03-05 00:00:00+03:00,4.711238861083984,4.883060932159424,4.711238861083984,4.883060932159424,240562,0.0,0.0
2021-03-08 00:00:00+03:00,4.988370895385742,4.9939141273498535,4.977285861968994,4.977285861968994,525719,0.0,0.0
2021-03-09 00:00:00+03:00,4.977285861968994,4.977285861968994,4.683526039123535,4.822092056274414,549347,0.0,0.0
2021-03-10 00:00:00+03:00,4.9329447746276855,4.9329447746276855,4.711238861083984,4.711238861083984,351567,0.0,0.0
2021-03-11 00:00:00+03:00,4.766665935516357,4.794379234313965,4.766665935516357,4.783294200897217,364397,0.0,0.0
2021-03-12 00:00:00+03:00,4.434107780456543,4.783294200897217,4.434107780456543,4.5726728439331055,712531,0.0,0.0
2021-03-15 00:00:00+03:00,4.655813217163086,4.655813217163086,4.5726728439331055,4.5726728439331055,459321,0.0,0.0
2021-03-16 00:00:00+03:00,4.655813217163086,4.655813217163086,4.434107780456543,4.4895339012146,550330,0.0,0.0
2021-03-17 00:00:00+03:00,4.339882850646973,4.339882850646973,4.267827987670898,4.267827987670898,833439,0.0,0.0
2021-03-18 00:00:00+03:00,4.267827987670898,4.267827987670898,3.9075570106506348,4.156976222991943,1273170,0.0,0.0
2021-03-19 00:00:00+03:00,4.156976222991943,4.156976222991943,3.7412779331207275,3.852130889892578,545202,0.0,0.0
2021-03-22 00:00:00+03:00,3.469688892364502,3.469688892364502,3.469688892364502,3.469688892364502,510679,0.0,0.0
2021-03-23 00:00:00+03:00,3.1371309757232666,3.8133320808410645,3.1371309757232666,3.8133320808410645,580186,0.0,0.0
2021-03-24 00:00:00+03:00,3.8798439502716064,4.190231800079346,3.8798439502716064,4.156976222991943,752726,0.0,0.0
2021-03-25 00:00:00+03:00,4.16251802444458,4.168060779571533,4.151432991027832,4.151432991027832,1682223,0.0,0.0
2021-03-26 00:00:00+03:00,4.16251802444458,4.16251802444458,4.10154914855957,4.10154914855957,806827,0.0,0.0
2021-03-29 00:00:00+03:00,4.10154914855957,4.511703968048096,4.10154914855957,4.511703968048096,2183710,0.0,0.0
2021-03-30 00:00:00+03:00,4.267827987670898,4.267827987670898,4.062750816345215,4.062750816345215,1021582,0.0,0.0
2021-03-31 00:00:00+03:00,3.768990993499756,3.974069118499756,3.768990993499756,3.824418067932129,860583,0.0,0.0
2021-04-01 00:00:00+03:00,3.8133320808410645,4.096006870269775,3.8133320808410645,4.079379081726074,446666,0.0,0.0
2021-04-02 00:00:00+03:00,4.156976222991943,4.456277847290039,4.156976222991943,4.389766216278076,979382,0.0,0.0
2021-04-05 00:00:00+03:00,4.179145812988281,4.179145812988281,3.9518980979919434,3.9518980979919434,572902,0.0,0.0
2021-04-06 00:00:00+03:00,3.9518980979919434,3.9518980979919434,3.7135651111602783,3.7135651111602783,647368,0.0,0.0
2021-04-07 00:00:00+03:00,4.0184102058410645,4.0184102058410645,3.630424976348877,3.7357358932495117,515159,0.0,0.0
2021-04-08 00:00:00+03:00,3.8798439502716064,3.8798439502716064,3.8133320808410645,3.8133320808410645,219462,0.0,0.0
2021-04-09 00:00:00+03:00,3.7967050075531006,3.7967050075531006,3.68585205078125,3.68585205078125,297391,0.0,0.0
2021-04-12 00:00:00+03:00,3.547286033630371,3.547286033630371,3.547286033630371,3.547286033630371,443963,0.0,0.0
2021-04-13 00:00:00+03:00,3.547286033630371,3.547286033630371,3.369921922683716,3.369921922683716,369919,0.0,0.0
2021-04-14 00:00:00+03:00,3.392091989517212,3.530658006668091,3.392091989517212,3.4918599128723145,281595,0.0,0.0
2021-04-15 00:00:00+03:00,3.4918599128723145,3.4918599128723145,3.2147281169891357,3.2202699184417725,306872,0.0,0.0
2021-04-16 00:00:00+03:00,3.2701539993286133,3.2756969928741455,3.103874921798706,3.2756969928741455,398389,0.0,0.0
2021-04-19 00:00:00+03:00,3.3255810737609863,3.3255810737609863,2.9874799251556396,3.076162099838257,315492,0.0,0.0
2021-04-20 00:00:00+03:00,3.076162099838257,3.076162099838257,2.887712001800537,2.937596082687378,332690,0.0,0.0
2021-04-21 00:00:00+03:00,2.871083974838257,2.871083974838257,2.66046404838562,2.688178062438965,374276,0.0,0.0
2021-04-22 00:00:00+03:00,2.6660070419311523,2.9043400287628174,2.6660070419311523,2.887712001800537,324082,0.0,0.0
2021-04-26 00:00:00+03:00,2.9930219650268555,3.1593010425567627,2.9930219650268555,3.1593010425567627,293201,0.0,0.0
2021-04-27 00:00:00+03:00,3.2701539993286133,3.381006956100464,3.2701539993286133,3.381006956100464,306743,0.0,0.0
2021-04-28 00:00:00+03:00,3.530658006668091,3.530658006668091,3.5195729732513428,3.5195729732513428,265386,0.0,0.0
2021-04-29 00:00:00+03:00,3.5195729732513428,3.5195729732513428,3.331123113632202,3.3532938957214355,166417,0.0,0.0
2021-04-30 00:00:00+03:00,3.3532938957214355,3.4364330768585205,3.3532938957214355,3.4364330768585205,197415,0.0,0.0
2021-05-03 00:00:00+03:00,3.4918599128723145,3.4918599128723145,3.4918599128723145,3.4918599128723145,324872,0.0,0.0
2021-05-04 00:00:00+03:00,3.4918599128723145,3.4918599128723145,3.242440938949585,3.2812390327453613,150556,0.0,0.0
2021-05-05 00:00:00+03:00,3.3643789291381836,3.3643789291381836,3.2258129119873047,3.2258129119873047,138502,0.0,0.0
2021-05-06 00:00:00+03:00,3.242440938949585,3.2701539993286133,3.2258129119873047,3.2258129119873047,185469,0.0,0.0
2021-05-07 00:00:00+03:00,3.2756969928741455,3.2756969928741455,3.1925570964813232,3.1925570964813232,147354,0.0,0.0
2021-05-10 00:00:00+03:00,3.2202699184417725,3.2202699184417725,3.1981000900268555,3.1981000900268555,179485,0.0,0.0
2021-05-11 00:00:00+03:00,3.2867820262908936,3.2867820262908936,3.092789888381958,3.1593010425567627,171205,0.0,0.0
2021-05-12 00:00:00+03:00,2.915426015853882,3.320038080215454,2.915426015853882,3.320038080215454,76977,0.0,0.0
2021-05-17 00:00:00+03:00,3.1593010425567627,3.2202699184417725,3.1593010425567627,3.2147281169891357,346400,0.0,0.0
2021-05-18 00:00:00+03:00,3.231355905532837,3.231355905532837,3.1315879821777344,3.153759002685547,191251,0.0,0.0
2021-05-20 00:00:00+03:00,3.153759002685547,3.153759002685547,3.076162099838257,3.103874921798706,172897,0.0,0.0
2021-05-21 00:00:00+03:00,3.2147281169891357,3.2147281169891357,3.092789888381958,3.092789888381958,225132,0.0,0.0
2021-05-24 00:00:00+03:00,3.0706191062927246,3.0706191062927246,2.9819369316101074,2.9819369316101074,236807,0.0,0.0
2021-05-25 00:00:00+03:00,2.72143292427063,2.9763948917388916,2.72143292427063,2.776859998703003,433744,0.0,0.0
2021-05-26 00:00:00+03:00,2.776859998703003,2.8267428874969482,2.776859998703003,2.793488025665283,202125,0.0,0.0
2021-05-27 00:00:00+03:00,2.7713170051574707,2.7713170051574707,2.749145984649658,2.749145984649658,178498,0.0,0.0
2021-05-28 00:00:00+03:00,2.749145984649658,2.749145984649658,2.66046404838562,2.688178062438965,202690,0.0,0.0
2021-05-31 00:00:00+03:00,2.688178062438965,2.688178062438965,2.499727964401245,2.521898031234741,332203,0.0,0.0
2021-06-01 00:00:00+03:00,2.5440690517425537,2.6660070419311523,2.5440690517425537,2.627208948135376,160560,0.0,0.0
2021-06-02 00:00:00+03:00,2.7436039447784424,2.7713170051574707,2.7436039447784424,2.7713170051574707,244158,0.0,0.0
2021-06-03 00:00:00+03:00,2.7713170051574707,2.7713170051574707,2.582866907119751,2.6549220085144043,335654,0.0,0.0
2021-06-04 00:00:00+03:00,2.688178062438965,2.7713170051574707,2.688178062438965,2.7602319717407227,199847,0.0,0.0
2021-06-07 00:00:00+03:00,2.7602319717407227,2.7602319717407227,2.6050379276275635,2.6050379276275635,212227,0.0,0.0
2021-06-08 00:00:00+03:00,2.6105809211730957,2.649379014968872,2.6105809211730957,2.649379014968872,137703,0.0,0.0
2021-06-09 00:00:00+03:00,2.6050379276275635,2.6105809211730957,2.549612045288086,2.549612045288086,165654,0.0,0.0
2021-06-10 00:00:00+03:00,2.350076913833618,2.549612045288086,2.350076913833618,2.549612045288086,278930,0.0,0.0
2021-06-11 00:00:00+03:00,2.494184970855713,2.549612045288086,2.494184970855713,2.494184970855713,329188,0.0,0.0
2021-06-14 00:00:00+03:00,2.483099937438965,2.483099937438965,2.333448886871338,2.333448886871338,277221,0.0,0.0
2021-06-15 00:00:00+03:00,2.322364091873169,2.322364091873169,2.133913993835449,2.189340114593506,545659,0.0,0.0
2021-06-16 00:00:00+03:00,2.1616270542144775,2.1616270542144775,2.0840299129486084,2.0840299129486084,337657,0.0,0.0
2021-06-17 00:00:00+03:00,2.133913993835449,2.133913993835449,2.133913993835449,2.133913993835449,286627,0.0,0.0
2021-06-18 00:00:00+03:00,2.133913993835449,2.133913993835449,2.034147024154663,2.034147024154663,176011,0.0,0.0
2021-06-21 00:00:00+03:00,1.9676350355148315,1.9676350355148315,1.8346120119094849,1.8346120119094849,425561,0.0,0.0
2021-06-22 00:00:00+03:00,1.8290690183639526,1.8290690183639526,1.7459299564361572,1.7681000232696533,295613,0.0,0.0
2021-06-23 00:00:00+03:00,1.7182159423828125,1.7182159423828125,1.6905030012130737,1.7182159423828125,412569,0.0,0.0
2021-06-24 00:00:00+03:00,1.7681000232696533,1.890038013458252,1.7681000232696533,1.890038013458252,183508,0.0,0.0
2021-06-25 00:00:00+03:00,2.0729451179504395,2.0784881114959717,2.0729451179504395,2.0784881114959717,988594,0.0,0.0
2021-06-28 00:00:00+03:00,2.0784881114959717,2.0784881114959717,1.8734099864959717,1.8734099864959717,819303,0.0,0.0
2021-06-29 00:00:00+03:00,1.8844950199127197,1.8844950199127197,1.6905030012130737,1.7015880346298218,607682,0.0,0.0
2021-06-30 00:00:00+03:00,1.5741080045700073,1.5741080045700073,1.5353089570999146,1.5353089570999146,1101910,0.0,0.0
2021-07-01 00:00:00+03:00,1.4189139604568481,1.4521700143814087,1.4189139604568481,1.4521700143814087,1120308,0.0,0.0
2021-07-02 00:00:00+03:00,1.4466270208358765,1.4466270208358765,1.3080610036849976,1.3080610036849976,1047480,0.0,0.0
2021-07-05 00:00:00+03:00,1.274806022644043,1.3246890306472778,1.274806022644043,1.3246890306472778,624733,0.0,0.0
2021-07-06 00:00:00+03:00,1.3246890306472778,1.3246890306472778,1.319146990776062,1.319146990776062,499935,0.0,0.0
2021-07-07 00:00:00+03:00,1.1916660070419312,1.1916660070419312,1.1916660070419312,1.1916660070419312,2322911,0.0,0.0
2021-07-08 00:00:00+03:00,1.2899999618530273,1.2999999523162842,1.2899999618530273,1.2999999523162842,1008351,0.0,0.0
2021-07-09 00:00:00+03:00,1.2999999523162842,1.2999999523162842,1.1799999475479126,1.1799999475479126,3240716,0.0,0.0
2021-07-12 00:00:00+03:00,1.149999976158142,1.149999976158142,1.0800000429153442,1.1100000143051147,1205033,0.0,0.0
2021-07-13 00:00:00+03:00,1.159999966621399,1.159999966621399,1.149999976158142,1.149999976158142,1108522,0.0,0.0
2021-07-14 00:00:00+03:00,1.1200000047683716,1.1200000047683716,1.0700000524520874,1.0800000429153442,1785014,0.0,0.0
2021-07-16 00:00:00+03:00,1.090000033378601,1.1100000143051147,1.0499999523162842,1.1100000143051147,997948,0.0,0.0
2021-07-19 00:00:00+03:00,1.149999976158142,1.149999976158142,1.149999976158142,1.149999976158142,325105,0.0,0.0
2021-07-26 00:00:00+03:00,1.1399999856948853,1.1399999856948853,1.1100000143051147,1.1399999856948853,696755,0.0,0.0
2021-07-27 00:00:00+03:00,1.1399999856948853,1.1399999856948853,1.1200000047683716,1.1200000047683716,603875,0.0,0.0
2021-07-28 00:00:00+03:00,1.1100000143051147,1.1200000047683716,1.1100000143051147,1.1200000047683716,1055204,0.0,0.0
2021-07-29 00:00:00+03:00,1.1200000047683716,1.159999966621399,1.1200000047683716,1.159999966621399,3569129,0.0,0.0
2021-07-30 00:00:00+03:00,1.1299999952316284,1.159999966621399,1.1299999952316284,1.159999966621399,3957315,0.0,0.0
2021-08-02 00:00:00+03:00,1.159999966621399,1.2000000476837158,1.159999966621399,1.2000000476837158,12343646,0.0,0.0
2021-08-03 00:00:00+03:00,1.149999976158142,1.1799999475479126,1.149999976158142,1.1799999475479126,10839497,0.0,0.0
2021-08-04 00:00:00+03:00,1.1299999952316284,1.149999976158142,1.1299999952316284,1.149999976158142,7391466,0.0,0.0
2021-08-05 00:00:00+03:00,1.1399999856948853,1.1399999856948853,1.1200000047683716,1.1200000047683716,7209259,0.0,0.0
2021-08-06 00:00:00+03:00,1.1299999952316284,1.159999966621399,1.1299999952316284,1.159999966621399,4616482,0.0,0.0
2021-08-09 00:00:00+03:00,1.1699999570846558,1.2300000190734863,1.1699999570846558,1.2300000190734863,8470339,0.0,0.0
2021-08-10 00:00:00+03:00,1.2599999904632568,1.3300000429153442,1.2599999904632568,1.3300000429153442,8814247,0.0,0.0
2021-08-11 00:00:00+03:00,1.4199999570846558,1.4600000381469727,1.4199999570846558,1.4600000381469727,7447202,0.0,0.0
2021-08-12 00:00:00+03:00,1.600000023841858,1.600000023841858,1.4299999475479126,1.4299999475479126,9418005,0.0,0.0
2021-08-13 00:00:00+03:00,1.4199999570846558,1.5700000524520874,1.4199999570846558,1.5700000524520874,3898022,0.0,0.0
2021-08-16 00:00:00+03:00,1.600000023841858,1.600000023841858,1.5800000429153442,1.5800000429153442,5417326,0.0,0.0
2021-08-17 00:00:00+03:00,1.5499999523162842,1.5499999523162842,1.5099999904632568,1.5499999523162842,3770222,0.0,0.0
2021-08-18 00:00:00+03:00,1.600000023841858,1.659999966621399,1.600000023841858,1.659999966621399,4272014,0.0,0.0
2021-08-19 00:00:00+03:00,1.649999976158142,1.7300000190734863,1.649999976158142,1.7300000190734863,3729544,0.0,0.0
2021-08-20 00:00:00+03:00,1.7300000190734863,1.7599999904632568,1.7300000190734863,1.7599999904632568,2231852,0.0,0.0
2021-08-23 00:00:00+03:00,1.7699999809265137,1.7999999523162842,1.7699999809265137,1.7999999523162842,2429563,0.0,0.0
2021-08-24 00:00:00+03:00,1.7899999618530273,1.7899999618530273,1.659999966621399,1.6799999475479126,3122219,0.0,0.0
2021-08-25 00:00:00+03:00,1.7699999809265137,1.8300000429153442,1.7699999809265137,1.809999942779541,3615948,0.0,0.0
2021-08-26 00:00:00+03:00,1.7799999713897705,1.7799999713897705,1.7400000095367432,1.7799999713897705,2522569,0.0,0.0
2021-08-27 00:00:00+03:00,1.7799999713897705,1.7999999523162842,1.7799999713897705,1.7899999618530273,1019391,0.0,0.0
2021-08-31 00:00:00+03:00,1.75,1.75,1.7100000381469727,1.7100000381469727,1343467,0.0,0.0
2021-09-01 00:00:00+03:00,1.7000000476837158,1.7000000476837158,1.6799999475479126,1.6799999475479126,1210431,0.0,0.0
2021-09-02 00:00:00+03:00,1.6699999570846558,1.75,1.6699999570846558,1.75,1625537,0.0,0.0
2021-09-03 00:00:00+03:00,1.7599999904632568,1.7899999618530273,1.7599999904632568,1.7799999713897705,1445894,0.0,0.0
2021-09-06 00:00:00+03:00,1.7799999713897705,1.7799999713897705,1.7100000381469727,1.7100000381469727,1352582,0.0,0.0
2021-09-07 00:00:00+03:00,1.7100000381469727,1.7200000286102295,1.6699999570846558,1.6699999570846558,1303277,0.0,0.0
2021-09-08 00:00:00+03:00,1.6399999856948853,1.6399999856948853,1.6100000143051147,1.6100000143051147,1369392,0.0,0.0
2021-09-09 00:00:00+03:00,1.6200000047683716,1.7100000381469727,1.6200000047683716,1.7000000476837158,871713,0.0,0.0
2021-09-10 00:00:00+03:00,1.7000000476837158,1.7000000476837158,1.6799999475479126,1.690000057220459,834686,0.0,0.0
2021-09-13 00:00:00+03:00,1.75,1.75,1.6799999475479126,1.6799999475479126,999417,0.0,0.0
2021-09-14 00:00:00+03:00,1.6799999475479126,1.690000057220459,1.649999976158142,1.690000057220459,1613565,0.0,0.0
2021-09-15 00:00:00+03:00,1.690000057220459,1.690000057220459,1.649999976158142,1.6699999570846558,871468,0.0,0.0
2021-09-16 00:00:00+03:00,1.649999976158142,1.649999976158142,1.600000023841858,1.600000023841858,1652563,0.0,0.0
2021-09-17 00:00:00+03:00,1.590000033378601,1.590000033378601,1.5299999713897705,1.559999942779541,2406584,0.0,0.0
2021-09-20 00:00:00+03:00,1.5499999523162842,1.5499999523162842,1.5399999618530273,1.5499999523162842,1066781,0.0,0.0
2021-09-21 00:00:00+03:00,1.5499999523162842,1.6200000047683716,1.5499999523162842,1.5700000524520874,1033504,0.0,0.0
2021-09-22 00:00:00+03:00,1.600000023841858,1.600000023841858,1.600000023841858,1.600000023841858,863513,0.0,0.0
2021-09-23 00:00:00+03:00,1.600000023841858,1.600000023841858,1.590000033378601,1.590000033378601,750263,0.0,0.0
2021-09-24 00:00:00+03:00,1.590000033378601,1.590000033378601,1.5,1.5,997985,0.0,0.0
2021-09-27 00:00:00+03:00,1.5,1.5499999523162842,1.5,1.5499999523162842,1025065,0.0,0.0
2021-09-28 00:00:00+03:00,1.5399999618530273,1.5399999618530273,1.4900000095367432,1.4900000095367432,1047664,0.0,0.0
2021-09-29 00:00:00+03:00,1.4900000095367432,1.4900000095367432,1.4900000095367432,1.4900000095367432,1343761,0.0,0.0
2021-09-30 00:00:00+03:00,1.5,1.5,1.4800000190734863,1.4900000095367432,1170237,0.0,0.0
2021-10-01 00:00:00+03:00,1.4900000095367432,1.4900000095367432,1.4500000476837158,1.4500000476837158,1618742,0.0,0.0
2021-10-04 00:00:00+03:00,1.5,1.5499999523162842,1.5,1.5499999523162842,2102534,0.0,0.0
2021-10-05 00:00:00+03:00,1.5499999523162842,1.5499999523162842,1.5,1.5,1166914,0.0,0.0
2021-10-06 00:00:00+03:00,1.4800000190734863,1.4800000190734863,1.4299999475479126,1.440000057220459,1584662,0.0,0.0
2021-10-07 00:00:00+03:00,1.4500000476837158,1.4900000095367432,1.4500000476837158,1.4900000095367432,1215562,0.0,0.0
2021-10-08 00:00:00+03:00,1.4500000476837158,1.4900000095367432,1.4500000476837158,1.4800000190734863,619230,0.0,0.0
2021-10-11 00:00:00+03:00,1.5499999523162842,1.5499999523162842,1.4900000095367432,1.4900000095367432,1696557,0.0,0.0
2021-10-12 00:00:00+03:00,1.4800000190734863,1.5,1.4800000190734863,1.5,694315,0.0,0.0
2021-10-13 00:00:00+03:00,1.5,1.5,1.4600000381469727,1.4600000381469727,1727547,0.0,0.0
2021-10-14 00:00:00+03:00,1.4600000381469727,1.4800000190734863,1.4600000381469727,1.4800000190734863,963214,0.0,0.0
2021-10-15 00:00:00+03:00,1.5,1.5,1.4700000286102295,1.4700000286102295,1469858,0.0,0.0
2021-10-18 00:00:00+03:00,1.4600000381469727,1.4600000381469727,1.440000057220459,1.4500000476837158,1087988,0.0,0.0
2021-10-19 00:00:00+03:00,1.4500000476837158,1.4500000476837158,1.4299999475479126,1.4299999475479126,1364132,0.0,0.0
2021-10-20 00:00:00+03:00,1.440000057220459,1.4500000476837158,1.4299999475479126,1.4299999475479126,882368,0.0,0.0
2021-10-21 00:00:00+03:00,1.4199999570846558,1.4199999570846558,1.409999966621399,1.409999966621399,1312939,0.0,0.0
2021-10-22 00:00:00+03:00,1.399999976158142,1.4600000381469727,1.399999976158142,1.4600000381469727,1688984,0.0,0.0
2021-10-25 00:00:00+03:00,1.4500000476837158,1.4500000476837158,1.4199999570846558,1.4299999475479126,1258249,0.0,0.0
2021-10-26 00:00:00+03:00,1.440000057220459,1.440000057220459,1.409999966621399,1.409999966621399,1190650,0.0,0.0
2021-10-27 00:00:00+03:00,1.409999966621399,1.409999966621399,1.350000023841858,1.399999976158142,1355652,0.0,0.0
2021-10-28 00:00:00+03:00,1.399999976158142,1.399999976158142,1.3899999856948853,1.3899999856948853,266110,0.0,0.0
2021-11-01 00:00:00+03:00,1.399999976158142,1.399999976158142,1.3799999952316284,1.3799999952316284,1057859,0.0,0.0
2021-11-02 00:00:00+03:00,1.3899999856948853,1.3899999856948853,1.3300000429153442,1.3300000429153442,2196053,0.0,0.0
2021-11-03 00:00:00+03:00,1.350000023841858,1.350000023841858,1.2999999523162842,1.2999999523162842,1479930,0.0,0.0
2021-11-04 00:00:00+03:00,1.309999942779541,1.3799999952316284,1.309999942779541,1.3799999952316284,920679,0.0,0.0
2021-11-05 00:00:00+03:00,1.3799999952316284,1.4199999570846558,1.3799999952316284,1.409999966621399,1487253,0.0,0.0
2021-11-08 00:00:00+03:00,1.4500000476837158,1.5499999523162842,1.4500000476837158,1.5499999523162842,4654347,0.0,0.0
2021-11-09 00:00:00+03:00,1.5,1.5,1.4700000286102295,1.4800000190734863,1613342,0.0,0.0
2021-11-10 00:00:00+03:00,1.4700000286102295,1.4700000286102295,1.409999966621399,1.4199999570846558,855895,0.0,0.0
2021-11-11 00:00:00+03:00,1.399999976158142,1.4299999475479126,1.399999976158142,1.4299999475479126,824716,0.0,0.0
2021-11-12 00:00:00+03:00,1.4299999475479126,1.4299999475479126,1.409999966621399,1.409999966621399,600878,0.0,0.0
2021-11-15 00:00:00+03:00,1.4199999570846558,1.440000057220459,1.3899999856948853,1.3899999856948853,1158901,0.0,0.0
2021-11-16 00:00:00+03:00,1.3899999856948853,1.399999976158142,1.3700000047683716,1.3700000047683716,1099442,0.0,0.0
2021-11-17 00:00:00+03:00,1.3700000047683716,1.3700000047683716,1.3600000143051147,1.3600000143051147,784008,0.0,0.0
2021-11-18 00:00:00+03:00,1.3700000047683716,1.3700000047683716,1.3600000143051147,1.3600000143051147,1280415,0.0,0.0
2021-11-19 00:00:00+03:00,1.3600000143051147,1.3600000143051147,1.340000033378601,1.350000023841858,939509,0.0,0.0
2021-11-22 00:00:00+03:00,1.3700000047683716,1.399999976158142,1.3700000047683716,1.3899999856948853,1328563,0.0,0.0
2021-11-23 00:00:00+03:00,1.350000023841858,1.350000023841858,1.3300000429153442,1.3300000429153442,1755269,0.0,0.0
2021-11-24 00:00:00+03:00,1.3300000429153442,1.350000023841858,1.3300000429153442,1.350000023841858,2614348,0.0,0.0
2021-11-25 00:00:00+03:00,1.350000023841858,1.350000023841858,1.3300000429153442,1.3300000429153442,1881758,0.0,0.0
2021-11-26 00:00:00+03:00,1.3300000429153442,1.3300000429153442,1.309999942779541,1.309999942779541,1068784,0.0,0.0
2021-11-29 00:00:00+03:00,1.2999999523162842,1.2999999523162842,1.2699999809265137,1.2899999618530273,2223062,0.0,0.0
2021-11-30 00:00:00+03:00,1.2999999523162842,1.3300000429153442,1.2999999523162842,1.3200000524520874,2060484,0.0,0.0
2021-12-01 00:00:00+03:00,1.3200000524520874,1.3200000524520874,1.2899999618530273,1.2899999618530273,1803019,0.0,0.0
2021-12-02 00:00:00+03:00,1.2999999523162842,1.2999999523162842,1.2999999523162842,1.2999999523162842,1045710,0.0,0.0
2021-12-03 00:00:00+03:00,1.2999999523162842,1.3200000524520874,1.2999999523162842,1.3200000524520874,1628338,0.0,0.0
2021-12-06 00:00:00+03:00,1.3200000524520874,1.3200000524520874,1.3200000524520874,1.3200000524520874,1819883,0.0,0.0
2021-12-07 00:00:00+03:00,1.3200000524520874,1.3200000524520874,1.3200000524520874,1.3200000524520874,1769037,0.0,0.0
2021-12-08 00:00:00+03:00,1.3300000429153442,1.3300000429153442,1.3200000524520874,1.3200000524520874,1681609,0.0,0.0
2021-12-09 00:00:00+03:00,1.3200000524520874,1.3200000524520874,1.2999999523162842,1.2999999523162842,1690130,0.0,0.0
2021-12-10 00:00:00+03:00,1.2999999523162842,1.2999999523162842,1.2999999523162842,1.2999999523162842,1082922,0.0,0.0
2021-12-13 00:00:00+03:00,1.2999999523162842,1.2999999523162842,1.2999999523162842,1.2999999523162842,1873809,0.0,0.0
2021-12-14 00:00:00+03:00,1.2999999523162842,1.2999999523162842,1.2899999618530273,1.2899999618530273,1537583,0.0,0.0
2021-12-15 00:00:00+03:00,1.2899999618530273,1.309999942779541,1.2899999618530273,1.309999942779541,1768913,0.0,0.0
2021-12-16 00:00:00+03:00,1.340000033378601,1.440000057220459,1.340000033378601,1.440000057220459,2573262,0.0,0.0
2021-12-17 00:00:00+03:00,1.5,1.5499999523162842,1.409999966621399,1.409999966621399,4116680,0.0,0.0
2021-12-20 00:00:00+03:00,1.350000023841858,1.3600000143051147,1.2999999523162842,1.2999999523162842,2551391,0.0,0.0
2021-12-21 00:00:00+03:00,1.350000023841858,1.350000023841858,1.2999999523162842,1.309999942779541,2011664,0.0,0.0
2021-12-22 00:00:00+03:00,1.2799999713897705,1.350000023841858,1.2799999713897705,1.350000023841858,884747,0.0,0.0
2021-12-23 00:00:00+03:00,1.3600000143051147,1.3600000143051147,1.2899999618530273,1.2899999618530273,1473268,0.0,0.0
2021-12-24 00:00:00+03:00,1.2999999523162842,1.3300000429153442,1.2999999523162842,1.3200000524520874,982849,0.0,0.0
2021-12-27 00:00:00+03:00,1.2999999523162842,1.2999999523162842,1.2899999618530273,1.2999999523162842,1292397,0.0,0.0
2021-12-28 00:00:00+03:00,1.2999999523162842,1.2999999523162842,1.2599999904632568,1.2599999904632568,1383198,0.0,0.0
2021-12-29 00:00:00+03:00,1.2899999618530273,1.2899999618530273,1.2699999809265137,1.2699999809265137,865433,0.0,0.0
2021-12-30 00:00:00+03:00,1.2999999523162842,1.2999999523162842,1.2799999713897705,1.2799999713897705,490336,0.0,0.0
2021-12-31 00:00:00+03:00,1.2999999523162842,1.2999999523162842,1.2799999713897705,1.2799999713897705,650524,0.0,0.0
2022-01-03 00:00:00+03:00,1.2899999618530273,1.2899999618530273,1.2799999713897705,1.2799999713897705,1109064,0.0,0.0
2022-01-04 00:00:00+03:00,1.2899999618530273,1.2899999618530273,1.2799999713897705,1.2899999618530273,1081918,0.0,0.0
2022-01-05 00:00:00+03:00,1.2899999618530273,1.3200000524520874,1.2899999618530273,1.309999942779541,1371126,0.0,0.0
2022-01-06 00:00:00+03:00,1.309999942779541,1.309999942779541,1.2999999523162842,1.2999999523162842,997275,0.0,0.0
2022-01-07 00:00:00+03:00,1.2999999523162842,1.2999999523162842,1.2899999618530273,1.2899999618530273,781059,0.0,0.0
2022-01-10 00:00:00+03:00,1.2999999523162842,1.2999999523162842,1.2999999523162842,1.2999999523162842,1044907,0.0,0.0
2022-01-11 00:00:00+03:00,1.309999942779541,1.309999942779541,1.2899999618530273,1.2899999618530273,940917,0.0,0.0
2022-01-12 00:00:00+03:00,1.2899999618530273,1.3300000429153442,1.2899999618530273,1.3300000429153442,1259286,0.0,0.0
2022-01-13 00:00:00+03:00,1.399999976158142,1.4600000381469727,1.399999976158142,1.4600000381469727,2468828,0.0,0.0
2022-01-14 00:00:00+03:00,1.5199999809265137,1.5299999713897705,1.4900000095367432,1.4900000095367432,3614260,0.0,0.0
2022-01-17 00:00:00+03:00,1.4600000381469727,1.4600000381469727,1.350000023841858,1.350000023841858,1746105,0.0,0.0
2022-01-18 00:00:00+03:00,1.3200000524520874,1.340000033378601,1.3200000524520874,1.340000033378601,1458408,0.0,0.0
2022-01-19 00:00:00+03:00,1.2999999523162842,1.3300000429153442,1.2999999523162842,1.3300000429153442,1024426,0.0,0.0
2022-01-20 00:00:00+03:00,1.340000033378601,1.340000033378601,1.2999999523162842,1.2999999523162842,1320369,0.0,0.0
2022-01-21 00:00:00+03:00,1.2999999523162842,1.309999942779541,1.2999999523162842,1.309999942779541,784758,0.0,0.0
2022-01-24 00:00:00+03:00,1.3200000524520874,1.3200000524520874,1.2999999523162842,1.2999999523162842,799412,0.0,0.0
2022-01-25 00:00:00+03:00,1.2999999523162842,1.2999999523162842,1.2899999618530273,1.2999999523162842,788335,0.0,0.0
2022-01-26 00:00:00+03:00,1.309999942779541,1.309999942779541,1.2999999523162842,1.2999999523162842,1206629,0.0,0.0
2022-01-27 00:00:00+03:00,1.2999999523162842,1.309999942779541,1.2999999523162842,1.309999942779541,1027140,0.0,0.0
2022-01-28 00:00:00+03:00,1.309999942779541,1.309999942779541,1.2999999523162842,1.2999999523162842,545717,0.0,0.0
2022-01-31 00:00:00+03:00,1.2999999523162842,1.3799999952316284,1.2999999523162842,1.3799999952316284,1062836,0.0,0.0
2022-02-01 00:00:00+03:00,1.409999966621399,1.4199999570846558,1.399999976158142,1.399999976158142,1744603,0.0,0.0
2022-02-02 00:00:00+03:00,1.3899999856948853,1.3899999856948853,1.340000033378601,1.340000033378601,616377,0.0,0.0
2022-02-03 00:00:00+03:00,1.3300000429153442,1.3700000047683716,1.3300000429153442,1.3700000047683716,938034,0.0,0.0
2022-02-04 00:00:00+03:00,1.409999966621399,1.4199999570846558,1.3799999952316284,1.3799999952316284,1301995,0.0,0.0
2022-02-07 00:00:00+03:00,1.399999976158142,1.399999976158142,1.3899999856948853,1.3899999856948853,699312,0.0,0.0
2022-02-08 00:00:00+03:00,1.3899999856948853,1.409999966621399,1.3899999856948853,1.3899999856948853,758789,0.0,0.0
2022-02-09 00:00:00+03:00,1.3899999856948853,1.3899999856948853,1.3600000143051147,1.3600000143051147,974115,0.0,0.0
2022-02-10 00:00:00+03:00,1.3600000143051147,1.3600000143051147,1.350000023841858,1.350000023841858,740013,0.0,0.0
2022-02-11 00:00:00+03:00,1.350000023841858,1.399999976158142,1.350000023841858,1.399999976158142,1203751,0.0,0.0
2022-02-14 00:00:00+03:00,1.409999966621399,1.409999966621399,1.3899999856948853,1.3899999856948853,1148814,0.0,0.0
2022-02-15 00:00:00+03:00,1.4600000381469727,1.4600000381469727,1.4199999570846558,1.4199999570846558,1571374,0.0,0.0
2022-02-16 00:00:00+03:00,1.409999966621399,1.409999966621399,1.409999966621399,1.409999966621399,953952,0.0,0.0
2022-02-17 00:00:00+03:00,1.4199999570846558,1.4199999570846558,1.409999966621399,1.409999966621399,665199,0.0,0.0
2022-02-18 00:00:00+03:00,1.409999966621399,1.4299999475479126,1.409999966621399,1.4299999475479126,761402,0.0,0.0
2022-02-21 00:00:00+03:00,1.4900000095367432,1.5700000524520874,1.4900000095367432,1.5700000524520874,3805830,0.0,0.0
2022-02-22 00:00:00+03:00,1.5499999523162842,1.7100000381469727,1.5499999523162842,1.7100000381469727,5828566,0.0,0.0
2022-02-23 00:00:00+03:00,1.7100000381469727,1.7100000381469727,1.6399999856948853,1.6399999856948853,2592890,0.0,0.0
2022-02-24 00:00:00+03:00,1.4800000190734863,1.4800000190734863,1.4800000190734863,1.4800000190734863,652620,0.0,0.0
2022-02-25 00:00:00+03:00,1.4800000190734863,1.6200000047683716,1.4800000190734863,1.6200000047683716,2319166,0.0,0.0
2022-02-28 00:00:00+03:00,1.5399999618530273,1.649999976158142,1.5399999618530273,1.649999976158142,1271979,0.0,0.0
2022-03-01 00:00:00+03:00,1.7300000190734863,1.7300000190734863,1.6299999952316284,1.6299999952316284,1473175,0.0,0.0
2022-03-02 00:00:00+03:00,1.649999976158142,1.659999966621399,1.649999976158142,1.659999966621399,994611,0.0,0.0
2022-03-03 00:00:00+03:00,1.690000057220459,1.690000057220459,1.659999966621399,1.659999966621399,953937,0.0,0.0
2022-03-04 00:00:00+03:00,1.6299999952316284,1.6299999952316284,1.600000023841858,1.6200000047683716,874175,0.0,0.0
2022-03-07 00:00:00+03:00,1.600000023841858,1.600000023841858,1.5499999523162842,1.5800000429153442,1144568,0.0,0.0
2022-03-08 00:00:00+03:00,1.6200000047683716,1.6200000047683716,1.600000023841858,1.600000023841858,600457,0.0,0.0
2022-03-09 00:00:00+03:00,1.600000023841858,1.6100000143051147,1.600000023841858,1.6100000143051147,1273961,0.0,0.0
2022-03-10 00:00:00+03:00,1.6299999952316284,1.6399999856948853,1.6299999952316284,1.6299999952316284,756325,0.0,0.0
2022-03-11 00:00:00+03:00,1.6299999952316284,1.6299999952316284,1.6200000047683716,1.6200000047683716,512369,0.0,0.0
2022-03-14 00:00:00+03:00,1.6200000047683716,1.6200000047683716,1.590000033378601,1.590000033378601,863461,0.0,0.0
2022-03-15 00:00:00+03:00,1.590000033378601,1.590000033378601,1.559999942779541,1.5700000524520874,716653,0.0,0.0
2022-03-16 00:00:00+03:00,1.5700000524520874,1.5700000524520874,1.5399999618530273,1.5399999618530273,462829,0.0,0.0
2022-03-17 00:00:00+03:00,1.5,1.5499999523162842,1.5,1.5299999713897705,762136,0.0,0.0
2022-03-18 00:00:00+03:00,1.5499999523162842,1.5499999523162842,1.5099999904632568,1.5099999904632568,504967,0.0,0.0
2022-03-21 00:00:00+03:00,1.5199999809265137,1.5199999809265137,1.5099999904632568,1.5099999904632568,1315158,0.0,0.0
2022-03-22 00:00:00+03:00,1.5099999904632568,1.5099999904632568,1.4800000190734863,1.4800000190734863,961903,0.0,0.0
2022-03-23 00:00:00+03:00,1.4800000190734863,1.4800000190734863,1.4600000381469727,1.4600000381469727,1364293,0.0,0.0
2022-03-24 00:00:00+03:00,1.4500000476837158,1.4500000476837158,1.440000057220459,1.4500000476837158,1097188,0.0,0.0
2022-03-25 00:00:00+03:00,1.4900000095367432,1.5199999809265137,1.4900000095367432,1.5199999809265137,1135426,0.0,0.0
2022-03-28 00:00:00+03:00,1.5199999809265137,1.5199999809265137,1.4800000190734863,1.5,665133,0.0,0.0
2022-03-29 00:00:00+03:00,1.5,1.5,1.350000023841858,1.3899999856948853,976910,0.0,0.0
2022-03-30 00:00:00+03:00,1.4600000381469727,1.5,1.4600000381469727,1.4900000095367432,1401431,0.0,0.0
2022-03-31 00:00:00+03:00,1.4900000095367432,1.5099999904632568,1.4900000095367432,1.5099999904632568,907419,0.0,0.0
2022-04-01 00:00:00+03:00,1.5199999809265137,1.5199999809265137,1.4800000190734863,1.4800000190734863,1054062,0.0,0.0
2022-04-04 00:00:00+03:00,1.4800000190734863,1.4800000190734863,1.4500000476837158,1.4500000476837158,1093588,0.0,0.0
2022-04-05 00:00:00+03:00,1.4500000476837158,1.4500000476837158,1.4299999475479126,1.440000057220459,1066441,0.0,0.0
2022-04-06 00:00:00+03:00,1.4500000476837158,1.4500000476837158,1.4500000476837158,1.4500000476837158,582253,0.0,0.0
2022-04-07 00:00:00+03:00,1.440000057220459,1.440000057220459,1.440000057220459,1.440000057220459,909743,0.0,0.0
2022-04-08 00:00:00+03:00,1.4500000476837158,1.4500000476837158,1.4199999570846558,1.4199999570846558,1129220,0.0,0.0
2022-04-11 00:00:00+03:00,1.4299999475479126,1.4500000476837158,1.4299999475479126,1.4500000476837158,657380,0.0,0.0
2022-04-12 00:00:00+03:00,1.4500000476837158,1.4500000476837158,1.409999966621399,1.409999966621399,488299,0.0,0.0
2022-04-13 00:00:00+03:00,1.4299999475479126,1.4299999475479126,1.399999976158142,1.409999966621399,816143,0.0,0.0
2022-04-14 00:00:00+03:00,1.4199999570846558,1.4500000476837158,1.4199999570846558,1.4500000476837158,982990,0.0,0.0
2022-04-15 00:00:00+03:00,1.4299999475479126,1.4700000286102295,1.4299999475479126,1.4700000286102295,563461,0.0,0.0
2022-04-18 00:00:00+03:00,1.4600000381469727,1.4600000381469727,1.440000057220459,1.440000057220459,744505,0.0,0.0
2022-04-19 00:00:00+03:00,1.4500000476837158,1.5,1.4500000476837158,1.4800000190734863,860431,0.0,0.0
2022-04-20 00:00:00+03:00,1.4600000381469727,1.4600000381469727,1.4500000476837158,1.4500000476837158,497220,0.0,0.0
2022-04-21 00:00:00+03:00,1.440000057220459,1.4600000381469727,1.440000057220459,1.4500000476837158,816317,0.0,0.0
2022-04-22 00:00:00+03:00,1.4500000476837158,1.4700000286102295,1.440000057220459,1.440000057220459,553703,0.0,0.0
2022-04-25 00:00:00+03:00,1.440000057220459,1.440000057220459,1.399999976158142,1.399999976158142,1040249,0.0,0.0
2022-04-26 00:00:00+03:00,1.4199999570846558,1.4199999570846558,1.399999976158142,1.399999976158142,1110288,0.0,0.0
2022-04-27 00:00:00+03:00,1.399999976158142,1.399999976158142,1.3799999952316284,1.3799999952316284,1818335,0.0,0.0
2022-04-28 00:00:00+03:00,1.3799999952316284,1.399999976158142,1.3700000047683716,1.3899999856948853,938214,0.0,0.0
2022-04-29 00:00:00+03:00,1.3899999856948853,1.399999976158142,1.3899999856948853,1.399999976158142,769899,0.0,0.0
2022-05-05 00:00:00+03:00,1.5399999618530273,1.5399999618530273,1.5399999618530273,1.5399999618530273,797393,0.0,0.0
2022-05-06 00:00:00+03:00,1.690000057220459,1.690000057220459,1.6299999952316284,1.690000057220459,5391355,0.0,0.0
2022-05-09 00:00:00+03:00,1.850000023841858,1.850000023841858,1.7599999904632568,1.850000023841858,6278706,0.0,0.0
2022-05-10 00:00:00+03:00,2.0299999713897705,2.0299999713897705,1.940000057220459,2.0299999713897705,9693771,0.0,0.0
2022-05-11 00:00:00+03:00,2.0199999809265137,2.0299999713897705,1.8899999856948853,1.9199999570846558,8884424,0.0,0.0
2022-05-12 00:00:00+03:00,1.899999976158142,1.899999976158142,1.7300000190734863,1.7899999618530273,7104596,0.0,0.0
2022-05-13 00:00:00+03:00,1.7999999523162842,1.9600000381469727,1.7999999523162842,1.940000057220459,6938816,0.0,0.0
2022-05-16 00:00:00+03:00,1.8899999856948853,1.9299999475479126,1.840000033378601,1.8600000143051147,4690699,0.0,0.0
2022-05-17 00:00:00+03:00,1.8799999952316284,1.940000057220459,1.809999942779541,1.840000033378601,3785082,0.0,0.0
2022-05-18 00:00:00+03:00,1.8600000143051147,1.8700000047683716,1.7599999904632568,1.7599999904632568,3407736,0.0,0.0
2022-05-20 00:00:00+03:00,1.6299999952316284,1.8300000429153442,1.6200000047683716,1.75,4770304,0.0,0.0
2022-05-23 00:00:00+03:00,1.7300000190734863,1.8200000524520874,1.7000000476837158,1.7300000190734863,2501503,0.0,0.0
2022-05-24 00:00:00+03:00,1.7599999904632568,1.7699999809265137,1.690000057220459,1.7300000190734863,2206606,0.0,0.0
2022-05-25 00:00:00+03:00,1.75,1.75,1.6799999475479126,1.7000000476837158,1982596,0.0,0.0
2022-05-26 00:00:00+03:00,1.7000000476837158,1.7100000381469727,1.6299999952316284,1.6799999475479126,3165456,0.0,0.0
2022-05-27 00:00:00+03:00,1.6799999475479126,1.7000000476837158,1.6399999856948853,1.659999966621399,2009175,0.0,0.0
2022-05-30 00:00:00+03:00,1.6100000143051147,1.649999976158142,1.600000023841858,1.6299999952316284,2843575,0.0,0.0
2022-05-31 00:00:00+03:00,1.6299999952316284,1.6399999856948853,1.559999942779541,1.5700000524520874,4037240,0.0,0.0
2022-06-01 00:00:00+03:00,1.5700000524520874,1.6699999570846558,1.5700000524520874,1.6399999856948853,4765644,0.0,0.0
2022-06-02 00:00:00+03:00,1.659999966621399,1.659999966621399,1.600000023841858,1.6100000143051147,2368615,0.0,0.0
2022-06-03 00:00:00+03:00,1.6200000047683716,1.6299999952316284,1.600000023841858,1.6299999952316284,2100209,0.0,0.0
2022-06-06 00:00:00+03:00,1.6399999856948853,1.6699999570846558,1.6299999952316284,1.6399999856948853,2810022,0.0,0.0
2022-06-07 00:00:00+03:00,1.6399999856948853,1.6399999856948853,1.590000033378601,1.6100000143051147,3836112,0.0,0.0
2022-06-08 00:00:00+03:00,1.6100000143051147,1.6100000143051147,1.5499999523162842,1.5499999523162842,4116165,0.0,0.0
2022-06-09 00:00:00+03:00,1.5800000429153442,1.5800000429153442,1.5199999809265137,1.559999942779541,2515818,0.0,0.0
2022-06-10 00:00:00+03:00,1.5499999523162842,1.590000033378601,1.5299999713897705,1.5700000524520874,2171453,0.0,0.0
2022-06-13 00:00:00+03:00,1.559999942779541,1.5800000429153442,1.5399999618530273,1.5399999618530273,2434510,0.0,0.0
2022-06-14 00:00:00+03:00,1.559999942779541,1.690000057220459,1.5499999523162842,1.690000057220459,5539730,0.0,0.0
2022-06-15 00:00:00+03:00,1.75,1.7799999713897705,1.7000000476837158,1.7200000286102295,5725762,0.0,0.0
2022-06-16 00:00:00+03:00,1.7100000381469727,1.7200000286102295,1.6299999952316284,1.659999966621399,3153256,0.0,0.0
2022-06-17 00:00:00+03:00,1.649999976158142,1.7300000190734863,1.6299999952316284,1.6799999475479126,3015219,0.0,0.0
2022-06-20 00:00:00+03:00,1.840000033378601,1.840000033378601,1.7400000095367432,1.7899999618530273,7849414,0.0,0.0
2022-06-21 00:00:00+03:00,1.7799999713897705,1.7799999713897705,1.7200000286102295,1.75,3763247,0.0,0.0
2022-06-22 00:00:00+03:00,1.75,1.7899999618530273,1.7100000381469727,1.75,3336333,0.0,0.0
2022-06-23 00:00:00+03:00,1.75,1.75,1.6799999475479126,1.6799999475479126,4275336,0.0,0.0
2022-06-24 00:00:00+03:00,1.690000057220459,1.7200000286102295,1.659999966621399,1.7100000381469727,3477174,0.0,0.0
2022-06-27 00:00:00+03:00,1.7000000476837158,1.7599999904632568,1.6799999475479126,1.7300000190734863,2841925,0.0,0.0
2022-06-28 00:00:00+03:00,1.7400000095367432,1.7799999713897705,1.7100000381469727,1.7200000286102295,4632958,0.0,0.0
2022-06-29 00:00:00+03:00,1.7300000190734863,1.7599999904632568,1.7000000476837158,1.75,3591753,0.0,0.0
2022-06-30 00:00:00+03:00,1.7400000095367432,1.7799999713897705,1.7300000190734863,1.7699999809265137,3046631,0.0,0.0
2022-07-01 00:00:00+03:00,1.7799999713897705,1.9199999570846558,1.7799999713897705,1.7999999523162842,18269124,0.0,0.0
2022-07-04 00:00:00+03:00,1.8300000429153442,1.850000023841858,1.7200000286102295,1.7400000095367432,10352831,0.0,0.0
2022-07-05 00:00:00+03:00,1.7400000095367432,1.7400000095367432,1.659999966621399,1.6699999570846558,8405254,0.0,0.0
2022-07-06 00:00:00+03:00,1.6799999475479126,1.7200000286102295,1.6399999856948853,1.6799999475479126,5749381,0.0,0.0
2022-07-07 00:00:00+03:00,1.690000057220459,1.690000057220459,1.6399999856948853,1.6699999570846558,5533086,0.0,0.0
2022-07-08 00:00:00+03:00,1.6799999475479126,1.6799999475479126,1.649999976158142,1.659999966621399,2023916,0.0,0.0
2022-07-13 00:00:00+03:00,1.659999966621399,1.6799999475479126,1.6100000143051147,1.6299999952316284,6132727,0.0,0.0
2022-07-14 00:00:00+03:00,1.6299999952316284,1.6399999856948853,1.590000033378601,1.6100000143051147,6050796,0.0,0.0
2022-07-18 00:00:00+03:00,1.6100000143051147,1.6399999856948853,1.600000023841858,1.6200000047683716,6956543,0.0,0.0
2022-07-19 00:00:00+03:00,1.6200000047683716,1.7100000381469727,1.6200000047683716,1.6799999475479126,11551473,0.0,0.0
2022-07-20 00:00:00+03:00,1.6799999475479126,1.8200000524520874,1.6799999475479126,1.7899999618530273,26559936,0.0,0.0
2022-07-21 00:00:00+03:00,1.7999999523162842,1.809999942779541,1.7300000190734863,1.75,11906035,0.0,0.0
2022-07-22 00:00:00+03:00,1.7599999904632568,1.7799999713897705,1.7200000286102295,1.7400000095367432,7768904,0.0,0.0
2022-07-25 00:00:00+03:00,1.7300000190734863,1.8600000143051147,1.7300000190734863,1.8300000429153442,15709636,0.0,0.0
2022-07-26 00:00:00+03:00,1.8799999952316284,1.899999976158142,1.8200000524520874,1.8300000429153442,14296855,0.0,0.0
2022-07-27 00:00:00+03:00,1.8300000429153442,1.850000023841858,1.7899999618530273,1.7999999523162842,9624508,0.0,0.0
2022-07-28 00:00:00+03:00,1.8300000429153442,1.850000023841858,1.7999999523162842,1.850000023841858,11120267,0.0,0.0
2022-07-29 00:00:00+03:00,1.8600000143051147,1.8700000047683716,1.7799999713897705,1.7899999618530273,10675418,0.0,0.0
2022-08-01 00:00:00+03:00,1.7899999618530273,1.8200000524520874,1.7699999809265137,1.7999999523162842,7786507,0.0,0.0
2022-08-02 00:00:00+03:00,1.7999999523162842,1.809999942779541,1.7300000190734863,1.75,7032869,0.0,0.0
2022-08-03 00:00:00+03:00,1.7599999904632568,1.7999999523162842,1.75,1.7899999618530273,10468422,0.0,0.0
2022-08-04 00:00:00+03:00,1.7999999523162842,1.809999942779541,1.75,1.7599999904632568,9973148,0.0,0.0
2022-08-05 00:00:00+03:00,1.7599999904632568,1.7899999618530273,1.7100000381469727,1.7799999713897705,11271129,0.0,0.0
2022-08-08 00:00:00+03:00,1.7899999618530273,1.899999976158142,1.7899999618530273,1.8200000524520874,14332740,0.0,0.0
2022-08-09 00:00:00+03:00,1.8300000429153442,1.840000033378601,1.7799999713897705,1.7899999618530273,9677892,0.0,0.0
2022-08-10 00:00:00+03:00,1.7799999713897705,1.899999976158142,1.7699999809265137,1.8899999856948853,23852036,0.0,0.0
2022-08-11 00:00:00+03:00,1.899999976158142,2.0399999618530273,1.850000023841858,2.009999990463257,38171248,0.0,0.0
2022-08-12 00:00:00+03:00,2.009999990463257,2.0399999618530273,1.9199999570846558,1.9600000381469727,17771468,0.0,0.0
2022-08-15 00:00:00+03:00,1.9700000286102295,2.1500000953674316,1.9299999475479126,2.1500000953674316,28236607,0.0,0.0
2022-08-16 00:00:00+03:00,2.2300000190734863,2.3499999046325684,2.0899999141693115,2.25,60606383,0.0,0.0
2022-08-17 00:00:00+03:00,2.2899999618530273,2.319999933242798,2.180000066757202,2.25,26557590,0.0,0.0
2022-08-18 00:00:00+03:00,2.259999990463257,2.4700000286102295,2.240000009536743,2.430000066757202,50584916,0.0,0.0
2022-08-19 00:00:00+03:00,2.390000104904175,2.390000104904175,2.200000047683716,2.2300000190734863,31049143,0.0,0.0
2022-08-22 00:00:00+03:00,2.1500000953674316,2.1700000762939453,2.0299999713897705,2.1600000858306885,23516207,0.0,0.0
2022-08-23 00:00:00+03:00,2.1600000858306885,2.180000066757202,2.0999999046325684,2.109999895095825,12928726,0.0,0.0
2022-08-24 00:00:00+03:00,2.130000114440918,2.2699999809265137,2.119999885559082,2.240000009536743,23416902,0.0,0.0
2022-08-25 00:00:00+03:00,2.2699999809265137,2.3499999046325684,2.240000009536743,2.2799999713897705,12093123,0.0,0.0
2022-08-26 00:00:00+03:00,2.299999952316284,2.309999942779541,2.200000047683716,2.25,10559965,0.0,0.0
2022-08-29 00:00:00+03:00,2.240000009536743,2.240000009536743,2.1700000762939453,2.1700000762939453,8549772,0.0,0.0
2022-08-31 00:00:00+03:00,2.1700000762939453,2.240000009536743,2.1700000762939453,2.190000057220459,7030058,0.0,0.0
2022-09-01 00:00:00+03:00,2.190000057220459,2.200000047683716,2.1500000953674316,2.1500000953674316,7127850,0.0,0.0
2022-09-02 00:00:00+03:00,2.1700000762939453,2.2300000190734863,2.130000114440918,2.1700000762939453,9914414,0.0,0.0
2022-09-05 00:00:00+03:00,2.200000047683716,2.2100000381469727,2.1500000953674316,2.1700000762939453,9173438,0.0,0.0
2022-09-06 00:00:00+03:00,2.1600000858306885,2.1700000762939453,2.0899999141693115,2.140000104904175,10450290,0.0,0.0
2022-09-07 00:00:00+03:00,2.140000104904175,2.1500000953674316,2.0899999141693115,2.0999999046325684,5940774,0.0,0.0
2022-09-08 00:00:00+03:00,2.109999895095825,2.2300000190734863,2.0999999046325684,2.1700000762939453,13775820,0.0,0.0
2022-09-09 00:00:00+03:00,2.180000066757202,2.190000057220459,2.130000114440918,2.1500000953674316,6852730,0.0,0.0
2022-09-12 00:00:00+03:00,2.1600000858306885,2.1700000762939453,2.109999895095825,2.130000114440918,8865354,0.0,0.0
2022-09-13 00:00:00+03:00,2.130000114440918,2.240000009536743,2.0899999141693115,2.180000066757202,19543708,0.0,0.0
2022-09-14 00:00:00+03:00,2.180000066757202,2.309999942779541,2.180000066757202,2.309999942779541,17576393,0.0,0.0
2022-09-15 00:00:00+03:00,2.319999933242798,2.4700000286102295,2.319999933242798,2.4200000762939453,19521463,0.0,0.0
2022-09-16 00:00:00+03:00,2.440000057220459,2.440000057220459,2.2899999618530273,2.369999885559082,13780495,0.0,0.0
2022-09-19 00:00:00+03:00,2.380000114440918,2.5999999046325684,2.380000114440918,2.5999999046325684,17868635,0.0,0.0
2022-09-20 00:00:00+03:00,2.6500000953674316,2.809999942779541,2.5,2.759999990463257,33673757,0.0,0.0
2022-09-21 00:00:00+03:00,2.7899999618530273,2.9200000762939453,2.7100000381469727,2.759999990463257,25394013,0.0,0.0
2022-09-22 00:00:00+03:00,2.759999990463257,2.8399999141693115,2.6700000762939453,2.740000009536743,18746030,0.0,0.0
2022-09-23 00:00:00+03:00,2.759999990463257,2.9700000286102295,2.7100000381469727,2.940000057220459,24287604,0.0,0.0
2022-09-26 00:00:00+03:00,2.9200000762939453,2.9700000286102295,2.6700000762939453,2.7300000190734863,22325535,0.0,0.0
2022-09-27 00:00:00+03:00,2.740000009536743,2.7799999713897705,2.6700000762939453,2.7100000381469727,9819755,0.0,0.0
2022-09-28 00:00:00+03:00,2.7100000381469727,2.869999885559082,2.6700000762939453,2.7300000190734863,17962677,0.0,0.0
2022-09-29 00:00:00+03:00,2.75,2.759999990463257,2.640000104904175,2.7100000381469727,10294403,0.0,0.0
2022-09-30 00:00:00+03:00,2.7200000286102295,2.819999933242798,2.680000066757202,2.690000057220459,8466847,0.0,0.0
2022-10-03 00:00:00+03:00,2.7100000381469727,2.7200000286102295,2.5799999237060547,2.5999999046325684,12892587,0.0,0.0
2022-10-04 00:00:00+03:00,2.5999999046325684,2.609999895095825,2.4800000190734863,2.5399999618530273,20462274,0.0,0.0
2022-10-05 00:00:00+03:00,2.5399999618530273,2.5899999141693115,2.450000047683716,2.4800000190734863,14787156,0.0,0.0
2022-10-06 00:00:00+03:00,2.490000009536743,2.559999942779541,2.4600000381469727,2.549999952316284,12826584,0.0,0.0
2022-10-07 00:00:00+03:00,2.559999942779541,2.5899999141693115,2.509999990463257,2.5199999809265137,10038863,0.0,0.0
2022-10-10 00:00:00+03:00,2.5299999713897705,2.6600000858306885,2.5,2.6600000858306885,12926191,0.0,0.0
2022-10-11 00:00:00+03:00,2.680000066757202,2.799999952316284,2.6500000953674316,2.7699999809265137,16832425,0.0,0.0
2022-10-12 00:00:00+03:00,2.7699999809265137,2.7799999713897705,2.6500000953674316,2.6500000953674316,13450433,0.0,0.0
2022-10-13 00:00:00+03:00,2.6500000953674316,2.700000047683716,2.569999933242798,2.5899999141693115,12991499,0.0,0.0
2022-10-14 00:00:00+03:00,2.5899999141693115,2.609999895095825,2.5399999618530273,2.559999942779541,12145488,0.0,0.0
2022-10-17 00:00:00+03:00,2.569999933242798,2.6700000762939453,2.559999942779541,2.6500000953674316,12156983,0.0,0.0
2022-10-18 00:00:00+03:00,2.6500000953674316,2.680000066757202,2.609999895095825,2.6700000762939453,13633209,0.0,0.0
2022-10-19 00:00:00+03:00,2.690000057220459,2.890000104904175,2.640000104904175,2.819999933242798,27160461,0.0,0.0
2022-10-20 00:00:00+03:00,2.8299999237060547,2.9200000762939453,2.819999933242798,2.869999885559082,13690622,0.0,0.0
2022-10-21 00:00:00+03:00,2.869999885559082,3.0799999237060547,2.8399999141693115,2.9800000190734863,27546644,0.0,0.0
2022-10-24 00:00:00+03:00,2.990000009536743,3.049999952316284,2.8499999046325684,2.880000114440918,20337132,0.0,0.0
2022-10-25 00:00:00+03:00,2.869999885559082,2.880000114440918,2.759999990463257,2.799999952316284,15777465,0.0,0.0
2022-10-26 00:00:00+03:00,2.809999942779541,2.890000104904175,2.799999952316284,2.8299999237060547,11535781,0.0,0.0
2022-10-27 00:00:00+03:00,2.859999895095825,2.9100000858306885,2.819999933242798,2.8399999141693115,14594388,0.0,0.0
2022-10-28 00:00:00+03:00,2.8499999046325684,2.890000104904175,2.819999933242798,2.859999895095825,5212924,0.0,0.0
2022-10-31 00:00:00+03:00,2.880000114440918,2.9200000762939453,2.7799999713897705,2.7899999618530273,15644677,0.0,0.0
2022-11-01 00:00:00+03:00,2.7899999618530273,2.809999942779541,2.7200000286102295,2.7300000190734863,15697125,0.0,0.0
2022-11-02 00:00:00+03:00,2.740000009536743,2.75,2.630000114440918,2.700000047683716,10059015,0.0,0.0
2022-11-03 00:00:00+03:00,2.6500000953674316,2.7300000190734863,2.630000114440918,2.690000057220459,12073332,0.0,0.0
2022-11-04 00:00:00+03:00,2.7300000190734863,2.740000009536743,2.6700000762939453,2.680000066757202,8522414,0.0,0.0
2022-11-07 00:00:00+03:00,2.690000057220459,2.7899999618530273,2.680000066757202,2.75,14012954,0.0,0.0
2022-11-08 00:00:00+03:00,2.75,2.799999952316284,2.700000047683716,2.7699999809265137,19983452,0.0,0.0
2022-11-09 00:00:00+03:00,2.759999990463257,2.7799999713897705,2.6600000858306885,2.680000066757202,12471686,0.0,0.0
2022-11-10 00:00:00+03:00,2.6700000762939453,2.700000047683716,2.630000114440918,2.680000066757202,9241598,0.0,0.0
2022-11-11 00:00:00+03:00,2.690000057220459,2.690000057220459,2.609999895095825,2.630000114440918,12768366,0.0,0.0
2022-11-14 00:00:00+03:00,2.609999895095825,2.700000047683716,2.609999895095825,2.680000066757202,12663712,0.0,0.0
2022-11-15 00:00:00+03:00,2.680000066757202,2.700000047683716,2.5799999237060547,2.630000114440918,14926270,0.0,0.0
2022-11-16 00:00:00+03:00,2.619999885559082,2.630000114440918,2.5,2.5199999809265137,16173446,0.0,0.0
2022-11-17 00:00:00+03:00,2.5199999809265137,2.569999933242798,2.4000000953674316,2.5,11696902,0.0,0.0
2022-11-18 00:00:00+03:00,2.509999990463257,2.630000114440918,2.4700000286102295,2.5999999046325684,15168074,0.0,0.0
2022-11-21 00:00:00+03:00,2.619999885559082,2.75,2.5999999046325684,2.700000047683716,28428069,0.0,0.0
2022-11-22 00:00:00+03:00,2.7100000381469727,2.740000009536743,2.6600000858306885,2.690000057220459,22818676,0.0,0.0
2022-11-23 00:00:00+03:00,2.690000057220459,2.7699999809265137,2.6600000858306885,2.75,23328105,0.0,0.0
2022-11-24 00:00:00+03:00,2.75,2.930000066757202,2.75,2.9000000953674316,35419628,0.0,0.0
2022-11-25 00:00:00+03:00,2.940000057220459,3.0,2.890000104904175,2.9100000858306885,24617486,0.0,0.0
2022-11-28 00:00:00+03:00,2.940000057220459,3.200000047683716,2.930000066757202,3.200000047683716,36491896,0.0,0.0
2022-11-29 00:00:00+03:00,3.2899999618530273,3.359999895095825,3.109999895095825,3.140000104904175,41892301,0.0,0.0
2022-11-30 00:00:00+03:00,3.1600000858306885,3.359999895095825,3.119999885559082,3.2699999809265137,26317830,0.0,0.0
2022-12-01 00:00:00+03:00,3.319999933242798,3.3499999046325684,3.1600000858306885,3.2200000286102295,26873268,0.0,0.0
2022-12-02 00:00:00+03:00,3.2200000286102295,3.430000066757202,3.1700000762939453,3.3499999046325684,41584240,0.0,0.0
2022-12-05 00:00:00+03:00,3.430000066757202,3.559999942779541,3.299999952316284,3.369999885559082,36814538,0.0,0.0
2022-12-06 00:00:00+03:00,3.4000000953674316,3.440000057220459,3.1700000762939453,3.180000066757202,25503311,0.0,0.0
2022-12-07 00:00:00+03:00,3.200000047683716,3.309999942779541,3.109999895095825,3.190000057220459,20280871,0.0,0.0
2022-12-08 00:00:00+03:00,3.200000047683716,3.2200000286102295,3.0,3.130000114440918,13802233,0.0,0.0
2022-12-09 00:00:00+03:00,3.1500000953674316,3.240000009536743,3.119999885559082,3.240000009536743,13905943,0.0,0.0
2022-12-12 00:00:00+03:00,3.259999990463257,3.309999942779541,3.25,3.2699999809265137,16471928,0.0,0.0
2022-12-13 00:00:00+03:00,3.25,3.2699999809265137,3.1700000762939453,3.190000057220459,20207519,0.0,0.0
2022-12-14 00:00:00+03:00,3.2200000286102295,3.2200000286102295,3.009999990463257,3.009999990463257,22626878,0.0,0.0
2022-12-15 00:00:00+03:00,3.069999933242798,3.140000104904175,3.0199999809265137,3.069999933242798,25475129,0.0,0.0
2022-12-16 00:00:00+03:00,3.0999999046325684,3.0999999046325684,3.049999952316284,3.0899999141693115,3406576,0.0,0.0
2022-12-19 00:00:00+03:00,3.1600000858306885,3.2300000190734863,3.1500000953674316,3.2100000381469727,21597209,0.0,0.0
2022-12-20 00:00:00+03:00,3.2200000286102295,3.4000000953674316,3.2100000381469727,3.369999885559082,28307265,0.0,0.0
2022-12-21 00:00:00+03:00,3.380000114440918,3.4000000953674316,3.180000066757202,3.2300000190734863,29344516,0.0,0.0
2022-12-22 00:00:00+03:00,3.25,3.309999942779541,3.200000047683716,3.2699999809265137,18821835,0.0,0.0
2022-12-23 00:00:00+03:00,3.2699999809265137,3.2899999618530273,3.200000047683716,3.2100000381469727,10712059,0.0,0.0
2022-12-26 00:00:00+03:00,3.2300000190734863,3.259999990463257,3.1700000762939453,3.1700000762939453,19811858,0.0,0.0
2022-12-27 00:00:00+03:00,3.180000066757202,3.190000057220459,3.0399999618530273,3.059999942779541,18311933,0.0,0.0
2022-12-28 00:00:00+03:00,3.069999933242798,3.0899999141693115,2.9700000286102295,3.0299999713897705,19193186,0.0,0.0
2022-12-29 00:00:00+03:00,3.049999952316284,3.140000104904175,3.0,3.0799999237060547,16875664,0.0,0.0
2022-12-30 00:00:00+03:00,3.0899999141693115,3.119999885559082,3.0299999713897705,3.0399999618530273,8782974,0.0,0.0
2023-01-02 00:00:00+03:00,3.059999942779541,3.1700000762939453,3.049999952316284,3.1500000953674316,14890510,0.0,0.0
2023-01-03 00:00:00+03:00,3.180000066757202,3.190000057220459,3.059999942779541,3.0799999237060547,12373195,0.0,0.0
2023-01-04 00:00:00+03:00,3.0799999237060547,3.0799999237060547,2.950000047683716,2.9600000381469727,14652931,0.0,0.0
2023-01-05 00:00:00+03:00,2.9800000190734863,2.990000009536743,2.759999990463257,2.7899999618530273,10093317,0.0,0.0
2023-01-06 00:00:00+03:00,2.6700000762939453,2.809999942779541,2.609999895095825,2.75,13705129,0.0,0.0
2023-01-09 00:00:00+03:00,2.7799999713897705,2.8399999141693115,2.6700000762939453,2.7200000286102295,11326226,0.0,0.0
2023-01-10 00:00:00+03:00,2.740000009536743,2.7699999809265137,2.609999895095825,2.6500000953674316,9136453,0.0,0.0
2023-01-11 00:00:00+03:00,2.680000066757202,2.680000066757202,2.4200000762939453,2.440000057220459,9237162,0.0,0.0
2023-01-12 00:00:00+03:00,2.490000009536743,2.5199999809265137,2.259999990463257,2.490000009536743,12287537,0.0,0.0
2023-01-13 00:00:00+03:00,2.4800000190734863,2.5999999046325684,2.4600000381469727,2.549999952316284,8450981,0.0,0.0
2023-01-16 00:00:00+03:00,2.5999999046325684,2.680000066757202,2.5399999618530273,2.6700000762939453,6303935,0.0,0.0
2023-01-17 00:00:00+03:00,2.6700000762939453,2.7200000286102295,2.630000114440918,2.630000114440918,8963892,0.0,0.0
2023-01-18 00:00:00+03:00,2.6600000858306885,2.6700000762939453,2.569999933242798,2.5999999046325684,11462041,0.0,0.0
2023-01-19 00:00:00+03:00,2.5899999141693115,2.609999895095825,2.559999942779541,2.569999933242798,7531545,0.0,0.0
2023-01-20 00:00:00+03:00,2.569999933242798,2.619999885559082,2.549999952316284,2.619999885559082,7429697,0.0,0.0
2023-01-23 00:00:00+03:00,2.6600000858306885,2.880000114440918,2.6500000953674316,2.880000114440918,33839437,0.0,0.0
2023-01-24 00:00:00+03:00,2.880000114440918,2.880000114440918,2.6600000858306885,2.6700000762939453,20764222,0.0,0.0
2023-01-25 00:00:00+03:00,2.6700000762939453,2.7100000381469727,2.5199999809265137,2.5799999237060547,11786685,0.0,0.0
2023-01-26 00:00:00+03:00,2.5999999046325684,2.7300000190734863,2.5899999141693115,2.619999885559082,12698874,0.0,0.0
2023-01-27 00:00:00+03:00,2.619999885559082,2.619999885559082,2.490000009536743,2.549999952316284,7560779,0.0,0.0
2023-01-30 00:00:00+03:00,2.559999942779541,2.5999999046325684,2.4700000286102295,2.4800000190734863,4337642,0.0,0.0
2023-01-31 00:00:00+03:00,2.4800000190734863,2.490000009536743,2.359999895095825,2.390000104904175,7362622,0.0,0.0
2023-02-01 00:00:00+03:00,2.390000104904175,2.4000000953674316,2.200000047683716,2.200000047683716,6461508,0.0,0.0
2023-02-02 00:00:00+03:00,2.240000009536743,2.4000000953674316,2.190000057220459,2.3499999046325684,16509800,0.0,0.0
2023-02-03 00:00:00+03:00,2.3499999046325684,2.4200000762939453,2.2899999618530273,2.4200000762939453,10776245,0.0,0.0
2023-02-06 00:00:00+03:00,2.299999952316284,2.380000114440918,2.190000057220459,2.319999933242798,3651465,0.0,0.0
2023-02-07 00:00:00+03:00,2.299999952316284,2.319999933242798,2.0899999141693115,2.0899999141693115,6089039,0.0,0.0
2023-02-08 00:00:00+03:00,1.899999976158142,1.899999976158142,1.899999976158142,1.899999976158142,1,0.0,0.0
2023-02-15 00:00:00+03:00,2.190000057220459,2.2899999618530273,2.0899999141693115,2.2899999618530273,6987230,0.0,0.0
2023-02-16 00:00:00+03:00,2.380000114440918,2.380000114440918,2.190000057220459,2.2100000381469727,11336544,0.0,0.0
2023-02-17 00:00:00+03:00,2.180000066757202,2.180000066757202,2.0899999141693115,2.0999999046325684,6757594,0.0,0.0
2023-02-20 00:00:00+03:00,2.119999885559082,2.190000057220459,2.109999895095825,2.1500000953674316,6162405,0.0,0.0
2023-02-21 00:00:00+03:00,2.140000104904175,2.200000047683716,2.0999999046325684,2.140000104904175,10536108,0.0,0.0
2023-02-22 00:00:00+03:00,2.119999885559082,2.140000104904175,2.109999895095825,2.130000114440918,6924173,0.0,0.0
2023-02-23 00:00:00+03:00,2.130000114440918,2.2100000381469727,2.119999885559082,2.1700000762939453,7500286,0.0,0.0
2023-02-24 00:00:00+03:00,2.190000057220459,2.2200000286102295,2.1600000858306885,2.180000066757202,6338972,0.0,0.0
2023-02-27 00:00:00+03:00,2.200000047683716,2.2100000381469727,2.140000104904175,2.180000066757202,6959126,0.0,0.0
2023-02-28 00:00:00+03:00,2.190000057220459,2.2300000190734863,2.1600000858306885,2.190000057220459,6918529,0.0,0.0
2023-03-01 00:00:00+03:00,2.190000057220459,2.2799999713897705,2.180000066757202,2.259999990463257,12199192,0.0,0.0
2023-03-02 00:00:00+03:00,2.259999990463257,2.2899999618530273,2.2300000190734863,2.25,7827424,0.0,0.0
2023-03-03 00:00:00+03:00,2.25,2.25,2.1700000762939453,2.2200000286102295,5041094,0.0,0.0
2023-03-06 00:00:00+03:00,2.2200000286102295,2.3299999237060547,2.200000047683716,2.2799999713897705,9407264,0.0,0.0
2023-03-07 00:00:00+03:00,2.2899999618530273,2.380000114440918,2.2799999713897705,2.2799999713897705,12095107,0.0,0.0
2023-03-08 00:00:00+03:00,2.299999952316284,2.390000104904175,2.2699999809265137,2.3399999141693115,10442249,0.0,0.0
2023-03-09 00:00:00+03:00,2.359999895095825,2.4100000858306885,2.3299999237060547,2.3499999046325684,8512967,0.0,0.0
2023-03-10 00:00:00+03:00,2.3299999237060547,2.359999895095825,2.299999952316284,2.3499999046325684,9354172,0.0,0.0
2023-03-13 00:00:00+03:00,2.359999895095825,2.390000104904175,2.25,2.25,12703423,0.0,0.0
2023-03-14 00:00:00+03:00,2.240000009536743,2.2899999618530273,2.180000066757202,2.190000057220459,11346427,0.0,0.0
2023-03-15 00:00:00+03:00,2.200000047683716,2.2200000286102295,2.119999885559082,2.130000114440918,8580040,0.0,0.0
2023-03-16 00:00:00+03:00,2.1600000858306885,2.180000066757202,2.119999885559082,2.1500000953674316,5037575,0.0,0.0
2023-03-17 00:00:00+03:00,2.1700000762939453,2.180000066757202,2.0999999046325684,2.109999895095825,7945641,0.0,0.0
2023-03-20 00:00:00+03:00,2.119999885559082,2.119999885559082,2.0199999809265137,2.0199999809265137,6495064,0.0,0.0
2023-03-21 00:00:00+03:00,2.0299999713897705,2.2200000286102295,2.0,2.2200000286102295,36065083,0.0,0.0
2023-03-22 00:00:00+03:00,2.25,2.2699999809265137,2.119999885559082,2.1700000762939453,20910955,0.0,0.0
2023-03-23 00:00:00+03:00,2.2200000286102295,2.319999933242798,2.109999895095825,2.180000066757202,20734521,0.0,0.0
2023-03-24 00:00:00+03:00,2.180000066757202,2.25,2.119999885559082,2.140000104904175,9957851,0.0,0.0
2023-03-27 00:00:00+03:00,2.1500000953674316,2.2799999713897705,2.109999895095825,2.240000009536743,18561006,0.0,0.0
2023-03-28 00:00:00+03:00,2.299999952316284,2.369999885559082,2.0199999809265137,2.0399999618530273,33070290,0.0,0.0
2023-03-29 00:00:00+03:00,2.059999942779541,2.0799999237060547,1.9900000095367432,2.059999942779541,8336677,0.0,0.0
2023-03-30 00:00:00+03:00,2.069999933242798,2.069999933242798,2.009999990463257,2.0299999713897705,11381849,0.0,0.0
2023-03-31 00:00:00+03:00,2.0299999713897705,2.0399999618530273,1.9800000190734863,2.009999990463257,6493965,0.0,0.0
2023-04-03 00:00:00+03:00,2.009999990463257,2.0199999809265137,1.9500000476837158,1.9900000095367432,5317800,0.0,0.0
2023-04-04 00:00:00+03:00,1.9900000095367432,2.0399999618530273,1.9800000190734863,2.0199999809265137,5293540,0.0,0.0
2023-04-05 00:00:00+03:00,2.0299999713897705,2.049999952316284,2.009999990463257,2.0399999618530273,5943467,0.0,0.0
2023-04-06 00:00:00+03:00,2.0399999618530273,2.049999952316284,1.9900000095367432,2.0,4866020,0.0,0.0
2023-04-07 00:00:00+03:00,1.9900000095367432,2.0999999046325684,1.9900000095367432,2.0199999809265137,16186274,0.0,0.0
2023-04-10 00:00:00+03:00,2.0199999809265137,2.2200000286102295,2.0199999809265137,2.0899999141693115,34136415,0.0,0.0
2023-04-11 00:00:00+03:00,2.0999999046325684,2.180000066757202,2.0799999237060547,2.1700000762939453,16689161,0.0,0.0
2023-04-12 00:00:00+03:00,2.1500000953674316,2.1700000762939453,2.109999895095825,2.119999885559082,7650913,0.0,0.0
2023-04-13 00:00:00+03:00,2.119999885559082,2.1600000858306885,2.0999999046325684,2.109999895095825,5499504,0.0,0.0
2023-04-14 00:00:00+03:00,2.109999895095825,2.140000104904175,2.0899999141693115,2.0999999046325684,5022120,0.0,0.0
2023-04-17 00:00:00+03:00,2.0999999046325684,2.119999885559082,2.0199999809265137,2.0399999618530273,10368715,0.0,0.0
2023-04-18 00:00:00+03:00,2.049999952316284,2.059999942779541,2.0199999809265137,2.0399999618530273,5498562,0.0,0.0
2023-04-19 00:00:00+03:00,2.0399999618530273,2.059999942779541,2.009999990463257,2.0299999713897705,3872987,0.0,0.0
2023-04-20 00:00:00+03:00,2.0299999713897705,2.0399999618530273,2.0199999809265137,2.0199999809265137,1787906,0.0,0.0
2023-04-24 00:00:00+03:00,2.0299999713897705,2.049999952316284,2.009999990463257,2.0199999809265137,5477278,0.0,0.0
2023-04-25 00:00:00+03:00,2.0199999809265137,2.0399999618530273,2.0,2.009999990463257,6237842,0.0,0.0
2023-04-26 00:00:00+03:00,2.009999990463257,2.0199999809265137,1.9299999475479126,1.9600000381469727,4044409,0.0,0.0
2023-04-27 00:00:00+03:00,1.9500000476837158,1.9700000286102295,1.9299999475479126,1.9500000476837158,4371878,0.0,0.0
2023-04-28 00:00:00+03:00,1.9500000476837158,1.9600000381469727,1.8799999952316284,1.8899999856948853,5280711,0.0,0.0
2023-05-02 00:00:00+03:00,1.899999976158142,1.9299999475479126,1.7999999523162842,1.8200000524520874,7358555,0.0,0.0
2023-05-03 00:00:00+03:00,1.8200000524520874,1.8300000429153442,1.659999966621399,1.7100000381469727,7453360,0.0,0.0
2023-05-04 00:00:00+03:00,1.7100000381469727,1.809999942779541,1.7000000476837158,1.7899999618530273,7268659,0.0,0.0
2023-05-05 00:00:00+03:00,1.7899999618530273,1.7999999523162842,1.6799999475479126,1.7000000476837158,5130716,0.0,0.0
2023-05-08 00:00:00+03:00,1.7100000381469727,1.7699999809265137,1.6799999475479126,1.75,6239290,0.0,0.0
2023-05-09 00:00:00+03:00,1.75,1.7599999904632568,1.7100000381469727,1.7200000286102295,4830928,0.0,0.0
2023-05-10 00:00:00+03:00,1.7200000286102295,1.7300000190734863,1.6799999475479126,1.7000000476837158,4994360,0.0,0.0
2023-05-11 00:00:00+03:00,1.6699999570846558,1.7400000095367432,1.659999966621399,1.7200000286102295,14357722,0.0,0.0
2023-05-12 00:00:00+03:00,1.7200000286102295,1.7300000190734863,1.6699999570846558,1.690000057220459,7708173,0.0,0.0
2023-05-15 00:00:00+03:00,1.649999976158142,1.7200000286102295,1.600000023841858,1.6799999475479126,5551973,0.0,0.0
2023-05-16 00:00:00+03:00,1.6699999570846558,1.7200000286102295,1.659999966621399,1.7100000381469727,6109578,0.0,0.0
2023-05-17 00:00:00+03:00,1.7100000381469727,1.7699999809265137,1.7100000381469727,1.7400000095367432,8024880,0.0,0.0
2023-05-18 00:00:00+03:00,1.75,1.7699999809265137,1.690000057220459,1.7100000381469727,6149206,0.0,0.0
2023-05-22 00:00:00+03:00,1.7100000381469727,1.75,1.690000057220459,1.7000000476837158,4751228,0.0,0.0
2023-05-23 00:00:00+03:00,1.7000000476837158,1.7899999618530273,1.7000000476837158,1.75,6622851,0.0,0.0
2023-05-24 00:00:00+03:00,1.75,1.7699999809265137,1.7000000476837158,1.7200000286102295,5164072,0.0,0.0
2023-05-25 00:00:00+03:00,1.7200000286102295,1.8899999856948853,1.7100000381469727,1.75,19753618,0.0,0.0
2023-05-26 00:00:00+03:00,1.75,1.7999999523162842,1.7300000190734863,1.7799999713897705,8672979,0.0,0.0
2023-05-29 00:00:00+03:00,1.8300000429153442,1.8600000143051147,1.7899999618530273,1.840000033378601,9136176,0.0,0.0
2023-05-30 00:00:00+03:00,1.850000023841858,1.9500000476837158,1.840000033378601,1.899999976158142,14894028,0.0,0.0
2023-05-31 00:00:00+03:00,1.899999976158142,1.9299999475479126,1.8700000047683716,1.909999966621399,8977609,0.0,0.0
2023-06-01 00:00:00+03:00,1.909999966621399,1.940000057220459,1.899999976158142,1.9299999475479126,4687098,0.0,0.0
2023-06-02 00:00:00+03:00,1.9500000476837158,1.9800000190734863,1.940000057220459,1.9500000476837158,6820332,0.0,0.0
2023-06-05 00:00:00+03:00,1.9700000286102295,1.9900000095367432,1.9500000476837158,1.9900000095367432,7650526,0.0,0.0
2023-06-06 00:00:00+03:00,1.9900000095367432,2.0,1.9500000476837158,1.9700000286102295,6844986,0.0,0.0
2023-06-07 00:00:00+03:00,1.9800000190734863,2.049999952316284,1.9700000286102295,1.9700000286102295,8899312,0.0,0.0
2023-06-08 00:00:00+03:00,1.9700000286102295,2.0299999713897705,1.9600000381469727,1.9800000190734863,8619135,0.0,0.0
2023-06-09 00:00:00+03:00,1.9900000095367432,2.0299999713897705,1.9700000286102295,2.0199999809265137,6679375,0.0,0.0
2023-06-12 00:00:00+03:00,2.0199999809265137,2.059999942779541,2.009999990463257,2.0299999713897705,8385839,0.0,0.0
2023-06-13 00:00:00+03:00,2.0399999618530273,2.0799999237060547,1.940000057220459,1.9600000381469727,10905645,0.0,0.0
2023-06-14 00:00:00+03:00,1.9600000381469727,2.0799999237060547,1.9199999570846558,1.9600000381469727,17182885,0.0,0.0
2023-06-15 00:00:00+03:00,1.9700000286102295,2.049999952316284,1.9600000381469727,1.9900000095367432,13166080,0.0,0.0
2023-06-16 00:00:00+03:00,2.0,2.0199999809265137,1.9600000381469727,1.9800000190734863,5675206,0.0,0.0
2023-06-19 00:00:00+03:00,1.9800000190734863,1.9900000095367432,1.8799999952316284,1.8799999952316284,4829370,0.0,0.0
2023-06-20 00:00:00+03:00,1.8799999952316284,1.8899999856948853,1.8200000524520874,1.8300000429153442,5940776,0.0,0.0
2023-06-21 00:00:00+03:00,1.8300000429153442,1.8600000143051147,1.8200000524520874,1.8300000429153442,5109941,0.0,0.0
2023-06-22 00:00:00+03:00,1.8300000429153442,1.8799999952316284,1.7899999618530273,1.8700000047683716,10718218,0.0,0.0
2023-06-23 00:00:00+03:00,1.8700000047683716,1.9299999475479126,1.8700000047683716,1.899999976158142,6465357,0.0,0.0
2023-06-26 00:00:00+03:00,1.899999976158142,1.9800000190734863,1.899999976158142,1.9500000476837158,10948547,0.0,0.0
2023-06-27 00:00:00+03:00,1.9500000476837158,1.9700000286102295,1.9199999570846558,1.9500000476837158,3841690,0.0,0.0
2023-07-03 00:00:00+03:00,1.9600000381469727,2.0299999713897705,1.9600000381469727,1.9900000095367432,14043417,0.0,0.0
2023-07-04 00:00:00+03:00,2.0,2.0899999141693115,2.0,2.0799999237060547,27608263,0.0,0.0
2023-07-05 00:00:00+03:00,2.0899999141693115,2.1500000953674316,2.0399999618530273,2.0999999046325684,20399402,0.0,0.0
2023-07-06 00:00:00+03:00,2.109999895095825,2.180000066757202,2.0899999141693115,2.0999999046325684,20667666,0.0,0.0
2023-07-07 00:00:00+03:00,2.0899999141693115,2.309999942779541,2.0799999237060547,2.240000009536743,46295662,0.0,0.0
2023-07-10 00:00:00+03:00,2.240000009536743,2.2899999618530273,2.180000066757202,2.2300000190734863,24407495,0.0,0.0
2023-07-11 00:00:00+03:00,2.259999990463257,2.259999990463257,2.190000057220459,2.200000047683716,15524396,0.0,0.0
2023-07-12 00:00:00+03:00,2.2100000381469727,2.25,2.180000066757202,2.180000066757202,15201458,0.0,0.0
2023-07-13 00:00:00+03:00,2.180000066757202,2.2799999713897705,2.180000066757202,2.2200000286102295,21791333,0.0,0.0
2023-07-14 00:00:00+03:00,2.2300000190734863,2.319999933242798,2.200000047683716,2.2799999713897705,21708041,0.0,0.0
2023-07-17 00:00:00+03:00,2.2899999618530273,2.390000104904175,2.2899999618530273,2.3299999237060547,20259611,0.0,0.0
2023-07-18 00:00:00+03:00,2.3299999237060547,2.4000000953674316,2.25,2.3399999141693115,29090876,0.0,0.0
2023-07-19 00:00:00+03:00,2.3299999237060547,2.450000047683716,2.2799999713897705,2.430000066757202,39177291,0.0,0.0
2023-07-20 00:00:00+03:00,2.430000066757202,2.5199999809265137,2.359999895095825,2.4700000286102295,26247177,0.0,0.0
2023-07-21 00:00:00+03:00,2.5299999713897705,2.5299999713897705,2.4000000953674316,2.4800000190734863,20637711,0.0,0.0
2023-07-24 00:00:00+03:00,2.490000009536743,2.5399999618530273,2.4100000858306885,2.440000057220459,20971138,0.0,0.0
2023-07-25 00:00:00+03:00,2.430000066757202,2.490000009536743,2.309999942779541,2.3399999141693115,18400661,0.0,0.0
2023-07-26 00:00:00+03:00,2.3299999237060547,2.440000057220459,2.319999933242798,2.380000114440918,14652997,0.0,0.0
2023-07-27 00:00:00+03:00,2.380000114440918,2.5,2.369999885559082,2.450000047683716,19049539,0.0,0.0
2023-07-28 00:00:00+03:00,2.490000009536743,2.5399999618530273,2.4200000762939453,2.4700000286102295,23269208,0.0,0.0
2023-07-31 00:00:00+03:00,2.5199999809265137,2.5299999713897705,2.450000047683716,2.4600000381469727,13968355,0.0,0.0
2023-08-01 00:00:00+03:00,2.4600000381469727,2.5,2.390000104904175,2.4000000953674316,11925444,0.0,0.0
2023-08-02 00:00:00+03:00,2.4100000858306885,2.440000057220459,2.380000114440918,2.4000000953674316,9755988,0.0,0.0
2023-08-03 00:00:00+03:00,2.4000000953674316,2.450000047683716,2.299999952316284,2.390000104904175,16803614,0.0,0.0
2023-08-04 00:00:00+03:00,2.4000000953674316,2.4700000286102295,2.369999885559082,2.450000047683716,23822012,0.0,0.0
2023-08-07 00:00:00+03:00,2.4800000190734863,2.5799999237060547,2.4700000286102295,2.549999952316284,23558236,0.0,0.0
2023-08-08 00:00:00+03:00,2.559999942779541,2.5999999046325684,2.509999990463257,2.5399999618530273,24477816,0.0,0.0
2023-08-09 00:00:00+03:00,2.5399999618530273,2.6700000762939453,2.509999990463257,2.619999885559082,32690244,0.0,0.0
2023-08-10 00:00:00+03:00,2.6500000953674316,2.7799999713897705,2.440000057220459,2.5,38382077,0.0,0.0
2023-08-11 00:00:00+03:00,2.4100000858306885,2.440000057220459,2.319999933242798,2.430000066757202,38239384,0.0,0.0
2023-08-14 00:00:00+03:00,2.450000047683716,2.4800000190734863,2.359999895095825,2.359999895095825,27978320,0.0,0.0
2023-08-15 00:00:00+03:00,2.369999885559082,2.4600000381469727,2.259999990463257,2.390000104904175,29200671,0.0,0.0
2023-08-16 00:00:00+03:00,2.380000114440918,2.4600000381469727,2.380000114440918,2.390000104904175,22996844,0.0,0.0
2023-08-17 00:00:00+03:00,2.4000000953674316,2.4200000762939453,2.380000114440918,2.380000114440918,16583974,0.0,0.0
2023-08-18 00:00:00+03:00,2.390000104904175,2.4100000858306885,2.299999952316284,2.319999933242798,19211169,0.0,0.0
2023-08-21 00:00:00+03:00,2.319999933242798,2.380000114440918,2.2200000286102295,2.3299999237060547,17853913,0.0,0.0
2023-08-22 00:00:00+03:00,2.3399999141693115,2.5299999713897705,2.3299999237060547,2.490000009536743,30061295,0.0,0.0
2023-08-23 00:00:00+03:00,2.5299999713897705,2.690000057220459,2.509999990463257,2.630000114440918,47446112,0.0,0.0
2023-08-24 00:00:00+03:00,2.700000047683716,2.759999990463257,2.4100000858306885,2.450000047683716,35941708,0.0,0.0
2023-08-25 00:00:00+03:00,2.440000057220459,2.5799999237060547,2.380000114440918,2.549999952316284,22053205,0.0,0.0
2023-08-28 00:00:00+03:00,2.5999999046325684,2.640000104904175,2.490000009536743,2.5299999713897705,24375732,0.0,0.0
2023-08-29 00:00:00+03:00,2.5299999713897705,2.5399999618530273,2.450000047683716,2.450000047683716,17003413,0.0,0.0
2023-08-31 00:00:00+03:00,2.4700000286102295,2.5399999618530273,2.4600000381469727,2.4800000190734863,24046341,0.0,0.0
2023-09-01 00:00:00+03:00,2.490000009536743,2.509999990463257,2.440000057220459,2.4600000381469727,12616620,0.0,0.0
2023-09-04 00:00:00+03:00,2.490000009536743,2.5899999141693115,2.4600000381469727,2.549999952316284,29210580,0.0,0.0
2023-09-05 00:00:00+03:00,2.549999952316284,2.569999933242798,2.4800000190734863,2.490000009536743,16304855,0.0,0.0
2023-09-06 00:00:00+03:00,2.5,2.5199999809265137,2.430000066757202,2.4700000286102295,19079861,0.0,0.0
2023-09-07 00:00:00+03:00,2.4700000286102295,2.619999885559082,2.4700000286102295,2.549999952316284,34523797,0.0,0.0
2023-09-08 00:00:00+03:00,2.5999999046325684,2.6700000762939453,2.549999952316284,2.630000114440918,34242829,0.0,0.0
2023-09-11 00:00:00+03:00,2.7100000381469727,2.890000104904175,2.700000047683716,2.890000104904175,58327016,0.0,0.0
2023-09-12 00:00:00+03:00,2.9000000953674316,3.1700000762939453,2.819999933242798,2.950000047683716,74777923,0.0,0.0
2023-09-13 00:00:00+03:00,2.950000047683716,2.9700000286102295,2.690000057220459,2.75,40434733,0.0,0.0
2023-09-14 00:00:00+03:00,2.75,2.7799999713897705,2.5999999046325684,2.7200000286102295,27530400,0.0,0.0
2023-09-15 00:00:00+03:00,2.7300000190734863,2.75,2.630000114440918,2.6600000858306885,18248681,0.0,0.0
2023-09-18 00:00:00+03:00,2.6600000858306885,2.7799999713897705,2.559999942779541,2.700000047683716,37468343,0.0,0.0
2023-09-19 00:00:00+03:00,2.7300000190734863,2.799999952316284,2.6600000858306885,2.759999990463257,28405444,0.0,0.0
2023-09-20 00:00:00+03:00,2.7699999809265137,3.0,2.740000009536743,2.8299999237060547,37486762,0.0,0.0
2023-09-21 00:00:00+03:00,2.819999933242798,2.950000047683716,2.799999952316284,2.9100000858306885,23085563,0.0,0.0
2023-09-22 00:00:00+03:00,2.940000057220459,3.1600000858306885,2.9000000953674316,3.0799999237060547,37244976,0.0,0.0
2023-09-25 00:00:00+03:00,3.0899999141693115,3.2699999809265137,3.0899999141693115,3.140000104904175,24605701,0.0,0.0
2023-09-26 00:00:00+03:00,3.180000066757202,3.200000047683716,2.940000057220459,2.990000009536743,23574175,0.0,0.0
2023-09-27 00:00:00+03:00,2.990000009536743,3.1500000953674316,2.9800000190734863,3.0799999237060547,24575631,0.0,0.0
2023-09-28 00:00:00+03:00,3.1500000953674316,3.1600000858306885,3.009999990463257,3.0199999809265137,17180485,0.0,0.0
2023-09-29 00:00:00+03:00,3.0299999713897705,3.059999942779541,2.9200000762939453,2.9700000286102295,16486076,0.0,0.0
2023-10-02 00:00:00+03:00,2.9800000190734863,3.0199999809265137,2.930000066757202,2.940000057220459,20332109,0.0,0.0
2023-10-03 00:00:00+03:00,2.950000047683716,2.9700000286102295,2.890000104904175,2.9000000953674316,20222156,0.0,0.0
2023-10-04 00:00:00+03:00,2.9000000953674316,3.0799999237060547,2.869999885559082,2.990000009536743,39957002,0.0,0.0
2023-10-05 00:00:00+03:00,3.009999990463257,3.0899999141693115,2.9200000762939453,3.049999952316284,23545821,0.0,0.0
2023-10-06 00:00:00+03:00,3.049999952316284,3.3499999046325684,3.009999990463257,3.180000066757202,54192957,0.0,0.0
2023-10-09 00:00:00+03:00,3.0199999809265137,3.1600000858306885,2.9200000762939453,2.950000047683716,27861309,0.0,0.0
2023-10-10 00:00:00+03:00,2.950000047683716,3.0399999618530273,2.950000047683716,3.0,20699974,0.0,0.0
2023-10-11 00:00:00+03:00,3.0,3.0,2.8499999046325684,2.9000000953674316,25627541,0.0,0.0
2023-10-12 00:00:00+03:00,2.940000057220459,3.059999942779541,2.819999933242798,2.9000000953674316,26286709,0.0,0.0
2023-10-13 00:00:00+03:00,2.940000057220459,2.950000047683716,2.7300000190734863,2.7699999809265137,16052415,0.0,0.0
2023-10-16 00:00:00+03:00,2.809999942779541,2.8399999141693115,2.559999942779541,2.559999942779541,24397250,0.0,0.0
2023-10-17 00:00:00+03:00,2.5999999046325684,2.7899999618530273,2.5199999809265137,2.75,23409823,0.0,0.0
2023-10-18 00:00:00+03:00,2.6500000953674316,2.8499999046325684,2.640000104904175,2.6600000858306885,19803982,0.0,0.0
2023-10-19 00:00:00+03:00,2.6700000762939453,2.759999990463257,2.609999895095825,2.6500000953674316,12853657,0.0,0.0
2023-10-20 00:00:00+03:00,2.6500000953674316,2.6500000953674316,2.5199999809265137,2.5199999809265137,9974338,0.0,0.0
2023-10-23 00:00:00+03:00,2.569999933242798,2.619999885559082,2.490000009536743,2.5899999141693115,13873318,0.0,0.0
2023-10-24 00:00:00+03:00,2.5899999141693115,2.6700000762939453,2.5799999237060547,2.640000104904175,13072480,0.0,0.0
2023-10-25 00:00:00+03:00,2.6500000953674316,2.680000066757202,2.380000114440918,2.380000114440918,26891481,0.0,0.0
2023-10-26 00:00:00+03:00,2.380000114440918,2.450000047683716,2.2799999713897705,2.440000057220459,21713229,0.0,0.0
2023-10-27 00:00:00+03:00,2.440000057220459,2.6700000762939453,2.359999895095825,2.619999885559082,29621436,0.0,0.0
2023-10-30 00:00:00+03:00,2.5899999141693115,2.7200000286102295,2.509999990463257,2.5999999046325684,21969162,0.0,0.0
2023-10-31 00:00:00+03:00,2.619999885559082,2.690000057220459,2.509999990463257,2.619999885559082,20104501,0.0,0.0
2023-11-01 00:00:00+03:00,2.630000114440918,2.6500000953674316,2.4000000953674316,2.490000009536743,28572657,0.0,0.0
2023-11-02 00:00:00+03:00,2.509999990463257,2.5299999713897705,2.4600000381469727,2.4800000190734863,12643456,0.0,0.0
2023-11-03 00:00:00+03:00,2.4800000190734863,2.569999933242798,2.440000057220459,2.4800000190734863,11554978,0.0,0.0
2023-11-06 00:00:00+03:00,2.5,2.5999999046325684,2.5,2.5799999237060547,15306585,0.0,0.0
2023-11-07 00:00:00+03:00,2.5899999141693115,2.609999895095825,2.5199999809265137,2.5299999713897705,12096863,0.0,0.0
2023-11-08 00:00:00+03:00,2.5399999618530273,2.6500000953674316,2.5299999713897705,2.559999942779541,18401280,0.0,0.0
2023-11-09 00:00:00+03:00,2.549999952316284,2.5999999046325684,2.5299999713897705,2.5399999618530273,8884894,0.0,0.0
2023-11-10 00:00:00+03:00,2.559999942779541,2.700000047683716,2.549999952316284,2.5999999046325684,25752689,0.0,0.0
2023-11-13 00:00:00+03:00,2.5899999141693115,2.690000057220459,2.509999990463257,2.5299999713897705,19356171,0.0,0.0
2023-11-14 00:00:00+03:00,2.5299999713897705,2.569999933242798,2.509999990463257,2.559999942779541,10836694,0.0,0.0
2023-11-15 00:00:00+03:00,2.569999933242798,2.5899999141693115,2.5,2.549999952316284,12480546,0.0,0.0
2023-11-16 00:00:00+03:00,2.559999942779541,2.5899999141693115,2.5299999713897705,2.559999942779541,14802169,0.0,0.0
2023-11-17 00:00:00+03:00,2.559999942779541,2.640000104904175,2.549999952316284,2.619999885559082,13744817,0.0,0.0
2023-11-20 00:00:00+03:00,2.6600000858306885,2.7200000286102295,2.609999895095825,2.630000114440918,12634279,0.0,0.0
2023-11-21 00:00:00+03:00,2.640000104904175,2.6600000858306885,2.5999999046325684,2.609999895095825,11559953,0.0,0.0
2023-11-22 00:00:00+03:00,2.619999885559082,2.6500000953674316,2.569999933242798,2.569999933242798,15080930,0.0,0.0
2023-11-23 00:00:00+03:00,2.569999933242798,2.6500000953674316,2.569999933242798,2.5999999046325684,16499499,0.0,0.0
2023-11-24 00:00:00+03:00,2.5999999046325684,2.619999885559082,2.559999942779541,2.5899999141693115,12102696,0.0,0.0
2023-11-27 00:00:00+03:00,2.5999999046325684,2.619999885559082,2.5399999618530273,2.559999942779541,23193376,0.0,0.0
2023-11-28 00:00:00+03:00,2.559999942779541,2.559999942779541,2.5,2.5199999809265137,14206836,0.0,0.0
2023-11-29 00:00:00+03:00,2.5299999713897705,2.5399999618530273,2.4600000381469727,2.490000009536743,13203466,0.0,0.0
2023-11-30 00:00:00+03:00,2.490000009536743,2.549999952316284,2.4600000381469727,2.490000009536743,14465205,0.0,0.0
2023-12-01 00:00:00+03:00,2.5,2.5299999713897705,2.4600000381469727,2.5,8016922,0.0,0.0
2023-12-04 00:00:00+03:00,2.5,2.5299999713897705,2.4600000381469727,2.4600000381469727,8490262,0.0,0.0
2023-12-05 00:00:00+03:00,2.4600000381469727,2.6500000953674316,2.440000057220459,2.5799999237060547,27765299,0.0,0.0
2023-12-06 00:00:00+03:00,2.5999999046325684,2.8299999237060547,2.5899999141693115,2.6700000762939453,77614644,0.0,0.0
2023-12-07 00:00:00+03:00,2.6700000762939453,2.799999952316284,2.569999933242798,2.75,43778847,0.0,0.0
2023-12-08 00:00:00+03:00,2.75,2.890000104904175,2.700000047683716,2.7300000190734863,35158735,0.0,0.0
2023-12-11 00:00:00+03:00,2.7200000286102295,2.759999990463257,2.569999933242798,2.569999933242798,20165786,0.0,0.0
2023-12-12 00:00:00+03:00,2.569999933242798,2.5799999237060547,2.4600000381469727,2.4700000286102295,26909224,0.0,0.0
2023-12-13 00:00:00+03:00,2.4700000286102295,2.4800000190734863,2.3499999046325684,2.3499999046325684,12684156,0.0,0.0
2023-12-14 00:00:00+03:00,2.359999895095825,2.4200000762939453,2.3399999141693115,2.369999885559082,10615778,0.0,0.0
2023-12-15 00:00:00+03:00,2.369999885559082,2.450000047683716,2.369999885559082,2.430000066757202,8549069,0.0,0.0
2023-12-18 00:00:00+03:00,2.430000066757202,2.490000009536743,2.319999933242798,2.319999933242798,9896535,0.0,0.0
2023-12-19 00:00:00+03:00,2.3399999141693115,2.430000066757202,2.3399999141693115,2.3399999141693115,11389732,0.0,0.0
2023-12-20 00:00:00+03:00,2.3499999046325684,2.4000000953674316,2.2899999618530273,2.3299999237060547,13102359,0.0,0.0
2023-12-21 00:00:00+03:00,2.3299999237060547,2.369999885559082,2.2899999618530273,2.3399999141693115,10830319,0.0,0.0
2023-12-22 00:00:00+03:00,2.3399999141693115,2.5,2.2799999713897705,2.369999885559082,15226400,0.0,0.0
2023-12-25 00:00:00+03:00,2.369999885559082,2.450000047683716,2.1500000953674316,2.309999942779541,9824426,0.0,0.0
2023-12-26 00:00:00+03:00,2.3299999237060547,2.3399999141693115,2.2200000286102295,2.2300000190734863,10535736,0.0,0.0
2023-12-27 00:00:00+03:00,2.2300000190734863,2.2799999713897705,2.130000114440918,2.1600000858306885,12462238,0.0,0.0
2023-12-28 00:00:00+03:00,2.1700000762939453,2.240000009536743,2.1600000858306885,2.1700000762939453,10952328,0.0,0.0
2023-12-29 00:00:00+03:00,2.180000066757202,2.2699999809265137,2.180000066757202,2.240000009536743,7574445,0.0,0.0
2024-01-02 00:00:00+03:00,2.25,2.319999933242798,2.25,2.299999952316284,8677636,0.0,0.0
2024-01-03 00:00:00+03:00,2.299999952316284,2.299999952316284,2.190000057220459,2.190000057220459,9665752,0.0,0.0
2024-01-04 00:00:00+03:00,2.200000047683716,2.25,2.180000066757202,2.240000009536743,7691310,0.0,0.0
2024-01-05 00:00:00+03:00,2.25,2.359999895095825,2.240000009536743,2.3299999237060547,13776828,0.0,0.0
2024-01-08 00:00:00+03:00,2.309999942779541,2.4100000858306885,2.309999942779541,2.369999885559082,7830963,0.0,0.0
2024-01-09 00:00:00+03:00,2.369999885559082,2.380000114440918,2.259999990463257,2.2699999809265137,12274635,0.0,0.0
2024-01-10 00:00:00+03:00,2.2799999713897705,2.319999933242798,2.2699999809265137,2.2899999618530273,7191017,0.0,0.0
2024-01-11 00:00:00+03:00,2.2899999618530273,2.3299999237060547,2.2899999618530273,2.299999952316284,11291727,0.0,0.0
2024-01-12 00:00:00+03:00,2.309999942779541,2.3399999141693115,2.240000009536743,2.309999942779541,11111801,0.0,0.0
2024-01-15 00:00:00+03:00,2.309999942779541,2.450000047683716,2.309999942779541,2.4100000858306885,16804262,0.0,0.0
2024-01-16 00:00:00+03:00,2.4200000762939453,2.509999990463257,2.4100000858306885,2.440000057220459,11706346,0.0,0.0
2024-01-17 00:00:00+03:00,2.450000047683716,2.5799999237060547,2.440000057220459,2.4800000190734863,18415290,0.0,0.0
2024-01-18 00:00:00+03:00,2.490000009536743,2.509999990463257,2.4100000858306885,2.4100000858306885,12687537,0.0,0.0
2024-01-19 00:00:00+03:00,2.4200000762939453,2.490000009536743,2.380000114440918,2.4100000858306885,13299999,0.0,0.0
2024-01-22 00:00:00+03:00,2.4100000858306885,2.5199999809265137,2.4100000858306885,2.5,17149126,0.0,0.0
2024-01-23 00:00:00+03:00,2.5299999713897705,2.5399999618530273,2.4200000762939453,2.440000057220459,16680582,0.0,0.0
2024-01-24 00:00:00+03:00,2.4600000381469727,2.569999933242798,2.430000066757202,2.5199999809265137,20075943,0.0,0.0
2024-01-25 00:00:00+03:00,2.5199999809265137,2.569999933242798,2.5199999809265137,2.5399999618530273,9260814,0.0,0.0
2024-01-26 00:00:00+03:00,2.5399999618530273,2.680000066757202,2.5299999713897705,2.5899999141693115,15363771,0.0,0.0
2024-01-29 00:00:00+03:00,2.6500000953674316,2.6600000858306885,2.5899999141693115,2.5899999141693115,16394315,0.0,0.0
2024-01-30 00:00:00+03:00,2.5899999141693115,2.5999999046325684,2.549999952316284,2.549999952316284,9934292,0.0,0.0
2024-01-31 00:00:00+03:00,2.559999942779541,2.700000047683716,2.5299999713897705,2.6700000762939453,14688143,0.0,0.0
2024-02-01 00:00:00+03:00,2.700000047683716,2.75,2.680000066757202,2.700000047683716,11658131,0.0,0.0
2024-02-02 00:00:00+03:00,2.7100000381469727,2.859999895095825,2.690000057220459,2.809999942779541,20712060,0.0,0.0
2024-02-05 00:00:00+03:00,2.809999942779541,2.869999885559082,2.75,2.7699999809265137,16567952,0.0,0.0
2024-02-06 00:00:00+03:00,2.7799999713897705,2.880000114440918,2.740000009536743,2.809999942779541,17497761,0.0,0.0
2024-02-07 00:00:00+03:00,2.819999933242798,2.8299999237060547,2.7699999809265137,2.7799999713897705,10876368,0.0,0.0
2024-02-08 00:00:00+03:00,2.7799999713897705,2.930000066757202,2.7799999713897705,2.890000104904175,17674403,0.0,0.0
2024-02-09 00:00:00+03:00,2.890000104904175,2.940000057220459,2.8399999141693115,2.859999895095825,14529597,0.0,0.0
2024-02-12 00:00:00+03:00,2.869999885559082,2.930000066757202,2.819999933242798,2.8299999237060547,20148871,0.0,0.0
2024-02-13 00:00:00+03:00,2.8399999141693115,2.8499999046325684,2.75,2.759999990463257,17101695,0.0,0.0
2024-02-14 00:00:00+03:00,2.759999990463257,2.9100000858306885,2.7300000190734863,2.9000000953674316,18759573,0.0,0.0
2024-02-15 00:00:00+03:00,2.9100000858306885,3.069999933242798,2.9000000953674316,3.0199999809265137,24079029,0.0,0.0
2024-02-16 00:00:00+03:00,3.0399999618530273,3.0999999046325684,2.930000066757202,3.0199999809265137,17689871,0.0,0.0
2024-02-19 00:00:00+03:00,3.0399999618530273,3.140000104904175,2.890000104904175,2.9200000762939453,21001863,0.0,0.0
2024-02-20 00:00:00+03:00,2.9200000762939453,3.0,2.890000104904175,2.9700000286102295,15311412,0.0,0.0
2024-02-21 00:00:00+03:00,2.9700000286102295,3.009999990463257,2.859999895095825,2.890000104904175,16104350,0.0,0.0
2024-02-22 00:00:00+03:00,2.9000000953674316,2.9800000190734863,2.869999885559082,2.950000047683716,14871982,0.0,0.0
2024-02-23 00:00:00+03:00,2.950000047683716,3.059999942779541,2.940000057220459,3.0199999809265137,14994739,0.0,0.0
2024-02-26 00:00:00+03:00,3.069999933242798,3.0799999237060547,2.950000047683716,3.0,17262825,0.0,0.0
2024-02-27 00:00:00+03:00,3.0,3.009999990463257,2.7799999713897705,2.809999942779541,25464188,0.0,0.0
2024-02-28 00:00:00+03:00,2.809999942779541,3.0899999141693115,2.759999990463257,3.0799999237060547,44881135,0.0,0.0
2024-02-29 00:00:00+03:00,3.109999895095825,3.380000114440918,3.0299999713897705,3.380000114440918,86150491,0.0,0.0
2024-03-01 00:00:00+03:00,3.4200000762939453,3.490000009536743,3.25,3.4100000858306885,55364917,0.0,0.0
2024-03-04 00:00:00+03:00,3.4200000762939453,3.5,3.3499999046325684,3.4100000858306885,46711607,0.0,0.0
2024-03-05 00:00:00+03:00,3.440000057220459,3.4700000286102295,3.140000104904175,3.1500000953674316,31686079,0.0,0.0
2024-03-06 00:00:00+03:00,3.1500000953674316,3.25,2.9000000953674316,2.9100000858306885,32322623,0.0,0.0
2024-03-07 00:00:00+03:00,2.9200000762939453,3.200000047683716,2.9200000762939453,3.200000047683716,34666128,0.0,0.0
2024-03-08 00:00:00+03:00,3.200000047683716,3.200000047683716,3.059999942779541,3.0999999046325684,21802207,0.0,0.0
2024-03-11 00:00:00+03:00,3.130000114440918,3.190000057220459,2.9600000381469727,2.990000009536743,22401747,0.0,0.0
2024-03-12 00:00:00+03:00,2.990000009536743,3.049999952316284,2.859999895095825,2.9000000953674316,20328768,0.0,0.0
2024-03-13 00:00:00+03:00,2.9000000953674316,2.950000047683716,2.819999933242798,2.930000066757202,13896285,0.0,0.0
2024-03-14 00:00:00+03:00,2.930000066757202,3.0899999141693115,2.869999885559082,3.069999933242798,23538622,0.0,0.0
2024-03-15 00:00:00+03:00,3.0999999046325684,3.130000114440918,2.9100000858306885,2.930000066757202,19895969,0.0,0.0
2024-03-18 00:00:00+03:00,2.930000066757202,3.049999952316284,2.819999933242798,3.0399999618530273,21698108,0.0,0.0
2024-03-19 00:00:00+03:00,3.0399999618530273,3.3299999237060547,3.0199999809265137,3.2799999713897705,50827598,0.0,0.0
2024-03-20 00:00:00+03:00,3.299999952316284,3.4100000858306885,3.130000114440918,3.1700000762939453,42261674,0.0,0.0
2024-03-21 00:00:00+03:00,3.1700000762939453,3.2300000190734863,2.940000057220459,2.990000009536743,37701324,0.0,0.0
2024-03-22 00:00:00+03:00,3.0,3.009999990463257,2.869999885559082,2.9200000762939453,13958788,0.0,0.0
2024-03-25 00:00:00+03:00,2.940000057220459,3.0,2.880000114440918,2.880000114440918,12365021,0.0,0.0
2024-03-26 00:00:00+03:00,2.880000114440918,3.0899999141693115,2.819999933242798,2.9000000953674316,39857974,0.0,0.0
2024-03-27 00:00:00+03:00,2.940000057220459,2.9600000381469727,2.869999885559082,2.869999885559082,16177624,0.0,0.0
2024-03-28 00:00:00+03:00,2.880000114440918,2.9800000190734863,2.880000114440918,2.9000000953674316,18149660,0.0,0.0
2024-03-29 00:00:00+03:00,2.9100000858306885,2.950000047683716,2.8499999046325684,2.890000104904175,12750415,0.0,0.0
2024-04-01 00:00:00+03:00,2.9100000858306885,2.9200000762939453,2.630000114440918,2.680000066757202,18231706,0.0,0.0
2024-04-02 00:00:00+03:00,2.680000066757202,2.740000009536743,2.5999999046325684,2.619999885559082,10496946,0.0,0.0
2024-04-03 00:00:00+03:00,2.619999885559082,2.700000047683716,2.5299999713897705,2.549999952316284,10282112,0.0,0.0
2024-04-04 00:00:00+03:00,2.609999895095825,2.690000057220459,2.559999942779541,2.569999933242798,7770960,0.0,0.0
2024-04-05 00:00:00+03:00,2.5799999237060547,2.700000047683716,2.569999933242798,2.700000047683716,11359571,0.0,0.0
2024-04-08 00:00:00+03:00,2.7100000381469727,2.930000066757202,2.700000047683716,2.880000114440918,14963240,0.0,0.0
2024-04-15 00:00:00+03:00,2.869999885559082,2.990000009536743,2.8399999141693115,2.9600000381469727,14711887,0.0,0.0
2024-04-16 00:00:00+03:00,2.7899999618530273,2.8299999237060547,2.6700000762939453,2.6700000762939453,28891155,0.0,0.0
2024-04-17 00:00:00+03:00,2.559999942779541,2.630000114440918,2.5399999618530273,2.569999933242798,32473861,0.0,0.0
2024-04-18 00:00:00+03:00,2.569999933242798,2.5799999237060547,2.490000009536743,2.5299999713897705,11544404,0.0,0.0
2024-04-19 00:00:00+03:00,2.509999990463257,2.5299999713897705,2.4600000381469727,2.4800000190734863,21215915,0.0,0.0
2024-04-22 00:00:00+03:00,2.490000009536743,2.5399999618530273,2.4800000190734863,2.5299999713897705,20649283,0.0,0.0
2024-04-24 00:00:00+03:00,2.549999952316284,2.7100000381469727,2.5399999618530273,2.6600000858306885,32090392,0.0,0.0
2024-04-25 00:00:00+03:00,2.690000057220459,2.7300000190734863,2.5799999237060547,2.619999885559082,20596871,0.0,0.0
2024-04-26 00:00:00+03:00,2.640000104904175,2.680000066757202,2.5999999046325684,2.619999885559082,14967338,0.0,0.0
2024-04-29 00:00:00+03:00,2.630000114440918,2.880000114440918,2.630000114440918,2.880000114440918,51246847,0.0,0.0
2024-04-30 00:00:00+03:00,2.9100000858306885,3.069999933242798,2.7899999618530273,2.9200000762939453,51046275,0.0,0.0
2024-05-02 00:00:00+03:00,2.930000066757202,3.130000114440918,2.9200000762939453,3.0299999713897705,27843276,0.0,0.0
2024-05-03 00:00:00+03:00,3.069999933242798,3.1500000953674316,2.9700000286102295,2.990000009536743,27775822,0.0,0.0
2024-05-06 00:00:00+03:00,3.0,3.059999942779541,2.930000066757202,2.9800000190734863,19836299,0.0,0.0
2024-05-07 00:00:00+03:00,2.940000057220459,3.2699999809265137,2.940000057220459,3.2699999809265137,49421978,0.0,0.0
2024-05-08 00:00:00+03:00,3.3299999237060547,3.5899999141693115,3.240000009536743,3.5899999141693115,77836040,0.0,0.0
2024-05-09 00:00:00+03:00,3.700000047683716,3.940000057220459,3.619999885559082,3.940000057220459,18390944,0.0,0.0
2024-05-10 00:00:00+03:00,4.099999904632568,4.210000038146973,3.549999952316284,3.75,104555434,0.0,0.0
2024-05-13 00:00:00+03:00,3.799999952316284,4.0,3.450000047683716,3.8299999237060547,38791334,0.0,0.0
2024-05-14 00:00:00+03:00,3.8299999237060547,4.170000076293945,3.640000104904175,3.8499999046325684,50172021,0.0,0.0
2024-05-15 00:00:00+03:00,3.880000114440918,4.079999923706055,3.75,3.9100000858306885,46242887,0.0,0.0
2024-05-16 00:00:00+03:00,3.9100000858306885,3.990000009536743,3.8299999237060547,3.9200000762939453,30011944,0.0,0.0
2024-05-17 00:00:00+03:00,3.9000000953674316,4.260000228881836,3.8399999141693115,4.090000152587891,52132484,0.0,0.0
2024-05-20 00:00:00+03:00,4.090000152587891,4.489999771118164,4.010000228881836,4.489999771118164,36440538,0.0,0.0
2024-05-21 00:00:00+03:00,4.53000020980835,4.789999961853027,4.139999866485596,4.400000095367432,18216147,0.0,0.0
2024-05-22 00:00:00+03:00,4.380000114440918,4.550000190734863,3.990000009536743,4.269999980926514,12935521,0.0,0.0
2024-05-23 00:00:00+03:00,4.199999809265137,4.320000171661377,3.859999895095825,4.019999980926514,11036552,0.0,0.0
2024-05-24 00:00:00+03:00,4.010000228881836,4.110000133514404,3.809999942779541,4.099999904632568,8849930,0.0,0.0
2024-05-27 00:00:00+03:00,4.010000228881836,4.329999923706055,4.0,4.199999809265137,6968224,0.0,0.0
2024-05-28 00:00:00+03:00,4.159999847412109,4.619999885559082,4.070000171661377,4.619999885559082,13360476,0.0,0.0
2024-05-29 00:00:00+03:00,4.619999885559082,4.989999771118164,4.440000057220459,4.889999866485596,11228820,0.0,0.0
2024-05-30 00:00:00+03:00,4.730000019073486,4.989999771118164,4.579999923706055,4.579999923706055,7660348,0.0,0.0
2024-05-31 00:00:00+03:00,4.599999904632568,5.0,4.590000152587891,5.0,11887657,0.0,0.0
2024-06-03 00:00:00+03:00,5.0,5.110000133514404,4.760000228881836,4.829999923706055,8104852,0.0,0.0
2024-06-04 00:00:00+03:00,4.78000020980835,4.96999979019165,4.460000038146973,4.789999961853027,6799268,0.0,0.0
2024-06-05 00:00:00+03:00,4.789999961853027,4.809999942779541,4.429999828338623,4.690000057220459,4800207,0.0,0.0
2024-06-06 00:00:00+03:00,4.599999904632568,4.610000133514404,4.429999828338623,4.449999809265137,5438048,0.0,0.0
2024-06-07 00:00:00+03:00,4.440000057220459,4.440000057220459,4.239999771118164,4.239999771118164,5596046,0.0,0.0
2024-06-10 00:00:00+03:00,4.199999809265137,4.199999809265137,3.990000009536743,4.039999961853027,5445213,0.0,0.0
2024-06-11 00:00:00+03:00,4.039999961853027,4.440000057220459,4.03000020980835,4.440000057220459,6901305,0.0,0.0
2024-06-12 00:00:00+03:00,4.480000019073486,4.659999847412109,4.289999961853027,4.289999961853027,6511684,0.0,0.0
2024-06-13 00:00:00+03:00,4.190000057220459,4.5,4.190000057220459,4.329999923706055,3449568,0.0,0.0
2024-06-14 00:00:00+03:00,4.360000133514404,4.579999923706055,4.320000171661377,4.559999942779541,4542025,0.0,0.0
2024-06-20 00:00:00+03:00,4.559999942779541,4.78000020980835,4.440000057220459,4.570000171661377,8235836,0.0,0.0
2024-06-21 00:00:00+03:00,4.550000190734863,4.670000076293945,4.489999771118164,4.570000171661377,3287849,0.0,0.0
2024-06-24 00:00:00+03:00,4.119999885559082,4.539999961853027,4.119999885559082,4.340000152587891,5219841,0.0,0.0
2024-06-25 00:00:00+03:00,4.260000228881836,4.5,4.210000038146973,4.420000076293945,3607826,0.0,0.0
2024-06-26 00:00:00+03:00,4.21999979019165,4.380000114440918,4.21999979019165,4.230000019073486,3221346,0.0,0.0
2024-06-27 00:00:00+03:00,4.230000019073486,4.309999942779541,4.150000095367432,4.210000038146973,2066115,0.0,0.0
2024-06-28 00:00:00+03:00,4.25,4.309999942779541,4.130000114440918,4.289999961853027,3481255,0.0,0.0
2024-07-01 00:00:00+03:00,4.21999979019165,4.5,4.210000038146973,4.340000152587891,4712322,0.0,0.0
2024-07-02 00:00:00+03:00,4.320000171661377,4.400000095367432,4.300000190734863,4.340000152587891,3127891,0.0,0.0
2024-07-03 00:00:00+03:00,4.349999904632568,4.699999809265137,4.349999904632568,4.659999847412109,7074935,0.0,0.0
2024-07-04 00:00:00+03:00,4.599999904632568,4.940000057220459,4.539999961853027,4.849999904632568,7513188,0.0,0.0
2024-07-05 00:00:00+03:00,4.849999904632568,5.050000190734863,4.730000019073486,5.0,5810117,0.0,0.0
2024-07-08 00:00:00+03:00,5.070000171661377,5.300000190734863,5.050000190734863,5.260000228881836,17009065,0.0,0.0
2024-07-09 00:00:00+03:00,5.429999828338623,5.699999809265137,5.079999923706055,5.309999942779541,12703302,0.0,0.0
2024-07-10 00:00:00+03:00,5.289999961853027,5.579999923706055,5.170000076293945,5.559999942779541,10515981,0.0,0.0
2024-07-11 00:00:00+03:00,5.579999923706055,5.869999885559082,5.5,5.710000038146973,9856020,0.0,0.0
2024-07-12 00:00:00+03:00,5.710000038146973,5.920000076293945,5.449999809265137,5.75,10918563,0.0,0.0
2024-07-16 00:00:00+03:00,5.75,5.75,5.550000190734863,5.619999885559082,6469594,0.0,0.0
2024-07-17 00:00:00+03:00,5.610000133514404,5.610000133514404,5.329999923706055,5.360000133514404,11393844,0.0,0.0
2024-07-18 00:00:00+03:00,5.329999923706055,5.889999866485596,5.320000171661377,5.889999866485596,21450414,0.0,0.0
2024-07-19 00:00:00+03:00,5.889999866485596,6.400000095367432,5.809999942779541,6.139999866485596,21226465,0.0,0.0
2024-07-22 00:00:00+03:00,6.199999809265137,6.340000152587891,6.0,6.099999904632568,15077296,0.0,0.0
2024-07-23 00:00:00+03:00,6.400000095367432,6.400000095367432,6.099999904632568,6.300000190734863,9919929,0.0,0.0
2024-07-24 00:00:00+03:00,6.25,6.789999961853027,6.190000057220459,6.789999961853027,20375150,0.0,0.0
2024-07-25 00:00:00+03:00,6.78000020980835,6.78000020980835,6.449999809265137,6.460000038146973,11250554,0.0,0.0
2024-07-26 00:00:00+03:00,6.539999961853027,6.639999866485596,6.400000095367432,6.539999961853027,7053167,0.0,0.0
2024-07-29 00:00:00+03:00,6.5,6.5,6.130000114440918,6.179999828338623,13784703,0.0,0.0
2024-07-30 00:00:00+03:00,6.179999828338623,6.75,5.909999847412109,6.679999828338623,18342961,0.0,0.0
2024-07-31 00:00:00+03:00,6.679999828338623,6.96999979019165,6.409999847412109,6.449999809265137,16233741,0.0,0.0
2024-08-01 00:00:00+03:00,6.449999809265137,7.0,6.449999809265137,6.900000095367432,13776275,0.0,0.0
2024-08-02 00:00:00+03:00,6.840000152587891,7.150000095367432,6.710000038146973,6.840000152587891,14437903,0.0,0.0
2024-08-05 00:00:00+03:00,6.239999771118164,6.699999809265137,6.239999771118164,6.579999923706055,10556959,0.0,0.0
2024-08-06 00:00:00+03:00,6.579999923706055,7.079999923706055,6.579999923706055,6.610000133514404,11780340,0.0,0.0
2024-08-07 00:00:00+03:00,6.710000038146973,6.989999771118164,6.5,6.96999979019165,8927645,0.0,0.0
2024-08-08 00:00:00+03:00,6.960000038146973,7.440000057220459,6.869999885559082,7.28000020980835,17814496,0.0,0.0
2024-08-09 00:00:00+03:00,7.300000190734863,7.489999771118164,7.099999904632568,7.190000057220459,13488349,0.0,0.0
2024-08-12 00:00:00+03:00,7.210000038146973,7.269999980926514,6.71999979019165,6.78000020980835,9672874,0.0,0.0
2024-08-13 00:00:00+03:00,6.840000152587891,6.849999904632568,6.110000133514404,6.21999979019165,17710559,0.0,0.0
2024-08-14 00:00:00+03:00,5.900000095367432,6.179999828338623,5.730000019073486,5.739999771118164,18765649,0.0,0.0
2024-08-15 00:00:00+03:00,5.659999847412109,6.179999828338623,5.300000190734863,6.070000171661377,21371440,0.0,0.0
2024-08-16 00:00:00+03:00,6.21999979019165,6.269999980926514,5.46999979019165,5.46999979019165,11039062,0.0,0.0
2024-08-19 00:00:00+03:00,5.539999961853027,5.71999979019165,5.380000114440918,5.650000095367432,10218633,0.0,0.0
2024-08-20 00:00:00+03:00,5.650000095367432,5.820000171661377,5.53000020980835,5.75,8428211,0.0,0.0
2024-08-21 00:00:00+03:00,5.690000057220459,5.820000171661377,5.53000020980835,5.539999961853027,5965214,0.0,0.0
2024-08-22 00:00:00+03:00,5.429999828338623,5.550000190734863,5.300000190734863,5.340000152587891,8777856,0.0,0.0
2024-08-23 00:00:00+03:00,5.389999866485596,5.389999866485596,4.829999923706055,5.090000152587891,30581896,0.0,0.0
2024-08-26 00:00:00+03:00,5.070000171661377,5.070000171661377,4.659999847412109,4.800000190734863,8218746,0.0,0.0
2024-08-27 00:00:00+03:00,4.699999809265137,4.78000020980835,4.510000228881836,4.659999847412109,5280569,0.0,0.0
2024-08-28 00:00:00+03:00,4.639999866485596,5.0,4.579999923706055,4.96999979019165,3819285,0.0,0.0
2024-08-29 00:00:00+03:00,4.96999979019165,5.349999904632568,4.809999942779541,5.25,3918610,0.0,0.0
2024-09-02 00:00:00+03:00,5.190000057220459,5.5,5.150000095367432,5.400000095367432,3547671,0.0,0.0
2024-09-03 00:00:00+03:00,5.400000095367432,5.5,5.179999828338623,5.179999828338623,3158762,0.0,0.0
2024-09-04 00:00:00+03:00,5.070000171661377,5.099999904632568,4.900000095367432,5.039999961853027,2627135,0.0,0.0
2024-09-05 00:00:00+03:00,5.039999961853027,5.110000133514404,4.929999828338623,4.940000057220459,2396782,0.0,0.0
2024-09-06 00:00:00+03:00,5.019999980926514,5.050000190734863,4.900000095367432,4.940000057220459,2252413,0.0,0.0
2024-09-09 00:00:00+03:00,5.050000190734863,5.090000152587891,4.949999809265137,4.96999979019165,2609221,0.0,0.0
2024-09-10 00:00:00+03:00,4.980000019073486,5.03000020980835,4.610000133514404,4.900000095367432,3261289,0.0,0.0
2024-09-11 00:00:00+03:00,4.889999866485596,4.989999771118164,4.679999828338623,4.769999980926514,3574487,0.0,0.0
2024-09-12 00:00:00+03:00,4.760000228881836,4.840000152587891,4.650000095367432,4.769999980926514,2458080,0.0,0.0
2024-09-13 00:00:00+03:00,4.769999980926514,4.840000152587891,4.71999979019165,4.809999942779541,2048645,0.0,0.0
2024-09-16 00:00:00+03:00,4.809999942779541,4.989999771118164,4.739999771118164,4.900000095367432,4178061,0.0,0.0
2024-09-17 00:00:00+03:00,4.829999923706055,4.949999809265137,4.71999979019165,4.949999809265137,3889006,0.0,0.0
2024-09-18 00:00:00+03:00,4.900000095367432,4.920000076293945,4.840000152587891,4.880000114440918,2043295,0.0,0.0
2024-09-19 00:00:00+03:00,4.929999828338623,5.230000019073486,4.869999885559082,5.179999828338623,5577621,0.0,0.0
2024-09-20 00:00:00+03:00,5.090000152587891,5.230000019073486,5.070000171661377,5.179999828338623,4623166,0.0,0.0
2024-09-23 00:00:00+03:00,5.300000190734863,5.340000152587891,5.199999809265137,5.289999961853027,4195702,0.0,0.0
2024-09-24 00:00:00+03:00,5.28000020980835,5.409999847412109,5.230000019073486,5.409999847412109,3488679,0.0,0.0
2024-09-25 00:00:00+03:00,5.400000095367432,5.449999809265137,5.360000133514404,5.380000114440918,2272413,0.0,0.0
2024-09-26 00:00:00+03:00,5.380000114440918,5.889999866485596,5.289999961853027,5.699999809265137,18955105,0.0,0.0
2024-09-27 00:00:00+03:00,5.699999809265137,5.900000095367432,5.570000171661377,5.769999980926514,10570394,0.0,0.0
2024-09-30 00:00:00+03:00,5.730000019073486,5.989999771118164,5.670000076293945,5.989999771118164,9491887,0.0,0.0
2024-10-01 00:00:00+03:00,5.989999771118164,6.079999923706055,5.739999771118164,5.889999866485596,10733718,0.0,0.0
2024-10-02 00:00:00+03:00,5.860000133514404,6.0,5.599999904632568,5.599999904632568,10290295,0.0,0.0
2024-10-03 00:00:00+03:00,5.550000190734863,5.679999828338623,5.039999961853027,5.039999961853027,12010491,0.0,0.0
2024-10-04 00:00:00+03:00,5.03000020980835,5.300000190734863,4.539999961853027,4.539999961853027,18484161,0.0,0.0
2024-10-07 00:00:00+03:00,4.570000171661377,4.920000076293945,4.420000076293945,4.760000228881836,13232526,0.0,0.0
2024-10-08 00:00:00+03:00,4.760000228881836,4.840000152587891,4.539999961853027,4.599999904632568,12363950,0.0,0.0
2024-10-09 00:00:00+03:00,4.599999904632568,4.599999904632568,4.139999866485596,4.139999866485596,17364648,0.0,0.0
2024-10-10 00:00:00+03:00,3.880000114440918,3.880000114440918,3.7300000190734863,3.7300000190734863,19539018,0.0,0.0
2024-10-11 00:00:00+03:00,3.490000009536743,3.950000047683716,3.380000114440918,3.680000066757202,54353217,0.0,0.0
2024-10-14 00:00:00+03:00,3.7100000381469727,3.7200000286102295,3.319999933242798,3.319999933242798,32380550,0.0,0.0
2024-10-15 00:00:00+03:00,3.2699999809265137,3.4800000190734863,3.2100000381469727,3.3499999046325684,36688515,0.0,0.0
2024-10-16 00:00:00+03:00,3.369999885559082,3.4000000953674316,3.25,3.259999990463257,19814560,0.0,0.0
2024-10-17 00:00:00+03:00,3.2799999713897705,3.359999895095825,3.200000047683716,3.2300000190734863,22862874,0.0,0.0
2024-10-18 00:00:00+03:00,3.25,3.549999952316284,3.180000066757202,3.509999990463257,59861244,0.0,0.0
2024-10-21 00:00:00+03:00,3.5299999713897705,3.7799999713897705,3.5299999713897705,3.700000047683716,30870274,0.0,0.0
2024-10-22 00:00:00+03:00,3.75,3.799999952316284,3.450000047683716,3.5999999046325684,30263714,0.0,0.0
2024-10-23 00:00:00+03:00,3.5999999046325684,3.5999999046325684,3.299999952316284,3.3499999046325684,26535687,0.0,0.0
2024-10-24 00:00:00+03:00,3.3499999046325684,3.4700000286102295,3.299999952316284,3.380000114440918,17707255,0.0,0.0
2024-10-25 00:00:00+03:00,3.380000114440918,3.440000057220459,3.3399999141693115,3.359999895095825,10432873,0.0,0.0
2024-10-28 00:00:00+03:00,3.359999895095825,3.369999885559082,3.2899999618530273,3.299999952316284,6503708,0.0,0.0
2024-10-30 00:00:00+03:00,3.309999942779541,3.309999942779541,3.2699999809265137,3.2699999809265137,14287117,0.0,0.0
2024-10-31 00:00:00+03:00,3.2799999713897705,3.4100000858306885,3.2300000190734863,3.3299999237060547,24100461,0.0,0.0
2024-11-01 00:00:00+03:00,3.3499999046325684,3.380000114440918,3.2200000286102295,3.2200000286102295,19346442,0.0,0.0
2024-11-04 00:00:00+03:00,3.240000009536743,3.240000009536743,2.9800000190734863,3.049999952316284,18470909,0.0,0.0
2024-11-05 00:00:00+03:00,3.0399999618530273,3.25,2.890000104904175,3.0999999046325684,21537840,0.0,0.0
2024-11-06 00:00:00+03:00,3.0999999046325684,3.140000104904175,3.059999942779541,3.069999933242798,11416194,0.0,0.0
2024-11-07 00:00:00+03:00,3.069999933242798,3.1500000953674316,3.009999990463257,3.140000104904175,17129248,0.0,0.0
2024-11-08 00:00:00+03:00,3.140000104904175,3.180000066757202,3.069999933242798,3.0899999141693115,17261369,0.0,0.0
2024-11-11 00:00:00+03:00,3.109999895095825,3.119999885559082,3.0799999237060547,3.0899999141693115,8108008,0.0,0.0
2024-11-12 00:00:00+03:00,3.109999895095825,3.109999895095825,3.009999990463257,3.0199999809265137,16433636,0.0,0.0
2024-11-13 00:00:00+03:00,3.0199999809265137,3.069999933242798,2.9100000858306885,2.9200000762939453,25889571,0.0,0.0
2024-11-14 00:00:00+03:00,2.930000066757202,2.950000047683716,2.8299999237060547,2.890000104904175,16368259,0.0,0.0
2024-11-15 00:00:00+03:00,2.930000066757202,3.0199999809265137,2.9100000858306885,2.940000057220459,21035158,0.0,0.0
2024-11-18 00:00:00+03:00,2.940000057220459,2.9800000190734863,2.9100000858306885,2.9200000762939453,12608226,0.0,0.0
2024-11-19 00:00:00+03:00,2.9200000762939453,2.9700000286102295,2.8499999046325684,2.869999885559082,13942015,0.0,0.0
2024-11-20 00:00:00+03:00,2.890000104904175,2.9000000953674316,2.759999990463257,2.7899999618530273,12538417,0.0,0.0
2024-11-21 00:00:00+03:00,2.799999952316284,2.869999885559082,2.7699999809265137,2.8399999141693115,12234619,0.0,0.0
2024-11-22 00:00:00+03:00,2.8399999141693115,2.8499999046325684,2.7799999713897705,2.8299999237060547,13477062,0.0,0.0
2024-11-25 00:00:00+03:00,2.8299999237060547,2.930000066757202,2.819999933242798,2.9100000858306885,22194811,0.0,0.0
2024-11-26 00:00:00+03:00,2.9200000762939453,2.930000066757202,2.819999933242798,2.819999933242798,20532199,0.0,0.0
2024-11-27 00:00:00+03:00,2.8399999141693115,2.8399999141693115,2.759999990463257,2.759999990463257,18238049,0.0,0.0
2024-11-28 00:00:00+03:00,2.7699999809265137,2.7899999618530273,2.680000066757202,2.7799999713897705,26127919,0.0,0.0
2024-11-29 00:00:00+03:00,2.7799999713897705,2.880000114440918,2.740000009536743,2.8399999141693115,15725528,0.0,0.0
2024-12-02 00:00:00+03:00,2.8399999141693115,3.119999885559082,2.8299999237060547,3.0999999046325684,41514369,0.0,0.0
2024-12-03 00:00:00+03:00,3.0999999046325684,3.259999990463257,3.0,3.049999952316284,58557331,0.0,0.0
2024-12-04 00:00:00+03:00,3.069999933242798,3.240000009536743,3.009999990463257,3.180000066757202,47922866,0.0,0.0
2024-12-05 00:00:00+03:00,3.190000057220459,3.240000009536743,3.0799999237060547,3.0999999046325684,28803303,0.0,0.0
2024-12-06 00:00:00+03:00,3.109999895095825,3.2200000286102295,3.0999999046325684,3.130000114440918,15214885,0.0,0.0
2024-12-09 00:00:00+03:00,3.1500000953674316,3.1700000762939453,3.0899999141693115,3.109999895095825,19937023,0.0,0.0
2024-12-10 00:00:00+03:00,3.109999895095825,3.109999895095825,3.0,3.009999990463257,17781699,0.0,0.0
2024-12-11 00:00:00+03:00,3.009999990463257,3.1600000858306885,2.950000047683716,3.0999999046325684,23591145,0.0,0.0
2024-12-12 00:00:00+03:00,3.0999999046325684,3.140000104904175,3.0199999809265137,3.0299999713897705,12728925,0.0,0.0
2024-12-13 00:00:00+03:00,3.0399999618530273,3.0899999141693115,3.009999990463257,3.059999942779541,10916762,0.0,0.0
2024-12-16 00:00:00+03:00,3.069999933242798,3.359999895095825,3.069999933242798,3.3499999046325684,31097804,0.0,0.0
2024-12-17 00:00:00+03:00,3.3499999046325684,3.4000000953674316,3.2200000286102295,3.3499999046325684,29546758,0.0,0.0
2024-12-18 00:00:00+03:00,3.3499999046325684,3.5399999618530273,3.2899999618530273,3.4000000953674316,23081425,0.0,0.0
2024-12-19 00:00:00+03:00,3.4000000953674316,3.430000066757202,3.25,3.259999990463257,16576298,0.0,0.0
2024-12-20 00:00:00+03:00,3.299999952316284,3.4600000381469727,3.2799999713897705,3.430000066757202,35173354,0.0,0.0
2024-12-23 00:00:00+03:00,3.450000047683716,3.7699999809265137,3.440000057220459,3.75,55337250,0.0,0.0
2024-12-24 00:00:00+03:00,3.759999990463257,4.019999980926514,3.4700000286102295,3.4700000286102295,75104682,0.0,0.0
2024-12-25 00:00:00+03:00,3.4700000286102295,3.6500000953674316,3.440000057220459,3.569999933242798,23756365,0.0,0.0
2024-12-26 00:00:00+03:00,3.569999933242798,3.609999895095825,3.4700000286102295,3.4800000190734863,18924363,0.0,0.0
2024-12-27 00:00:00+03:00,3.5,3.5299999713897705,3.430000066757202,3.430000066757202,14127066,0.0,0.0
2024-12-30 00:00:00+03:00,3.4200000762939453,3.4800000190734863,3.3399999141693115,3.380000114440918,23117676,0.0,0.0
2024-12-31 00:00:00+03:00,3.380000114440918,3.450000047683716,3.2899999618530273,3.4100000858306885,15515543,0.0,0.0
2025-01-02 00:00:00+03:00,3.4100000858306885,3.440000057220459,3.359999895095825,3.369999885559082,13526176,0.0,0.0
2025-01-03 00:00:00+03:00,3.380000114440918,3.640000104904175,3.3399999141693115,3.5799999237060547,45791189,0.0,0.0
2025-01-06 00:00:00+03:00,3.609999895095825,3.930000066757202,3.559999942779541,3.930000066757202,49527874,0.0,0.0
2025-01-07 00:00:00+03:00,3.9700000286102295,4.130000114440918,3.7899999618530273,3.809999942779541,49628404,0.0,0.0
2025-01-08 00:00:00+03:00,3.8299999237060547,3.8499999046325684,3.5999999046325684,3.630000114440918,24121293,0.0,0.0
2025-01-09 00:00:00+03:00,3.640000104904175,3.7799999713897705,3.640000104904175,3.6700000762939453,16239119,0.0,0.0
2025-01-10 00:00:00+03:00,3.6700000762939453,3.690000057220459,3.5399999618530273,3.569999933242798,12378015,0.0,0.0
2025-01-13 00:00:00+03:00,3.569999933242798,3.700000047683716,3.549999952316284,3.5899999141693115,17374501,0.0,0.0
2025-01-14 00:00:00+03:00,3.680000066757202,3.680000066757202,3.440000057220459,3.4700000286102295,15980783,0.0,0.0
2025-01-15 00:00:00+03:00,3.4800000190734863,3.5299999713897705,3.4100000858306885,3.4600000381469727,9041219,0.0,0.0
2025-01-16 00:00:00+03:00,3.4800000190734863,3.75,3.4800000190734863,3.700000047683716,26698967,0.0,0.0
2025-01-17 00:00:00+03:00,3.7200000286102295,3.740000009536743,3.559999942779541,3.569999933242798,14780161,0.0,0.0
2025-01-20 00:00:00+03:00,3.5799999237060547,3.7100000381469727,3.569999933242798,3.5799999237060547,15025155,0.0,0.0
2025-01-21 00:00:00+03:00,3.569999933242798,3.5899999141693115,3.509999990463257,3.5299999713897705,11009748,0.0,0.0
2025-01-22 00:00:00+03:00,3.5299999713897705,3.7100000381469727,3.509999990463257,3.5799999237060547,19938924,0.0,0.0
2025-01-23 00:00:00+03:00,3.5799999237060547,3.640000104904175,3.5299999713897705,3.5399999618530273,11499791,0.0,0.0
2025-01-24 00:00:00+03:00,3.5399999618530273,3.559999942779541,3.4800000190734863,3.4800000190734863,8359529,0.0,0.0
2025-01-27 00:00:00+03:00,3.490000009536743,3.559999942779541,3.440000057220459,3.450000047683716,7611881,0.0,0.0
2025-01-28 00:00:00+03:00,3.450000047683716,3.5199999809265137,3.4100000858306885,3.430000066757202,6703856,0.0,0.0
2025-01-29 00:00:00+03:00,3.450000047683716,3.4700000286102295,3.3399999141693115,3.359999895095825,9021682,0.0,0.0
2025-01-30 00:00:00+03:00,3.3499999046325684,3.359999895095825,3.240000009536743,3.259999990463257,14473202,0.0,0.0
2025-01-31 00:00:00+03:00,3.2799999713897705,3.390000104904175,3.259999990463257,3.2899999618530273,8120862,0.0,0.0
2025-02-03 00:00:00+03:00,3.2899999618530273,3.390000104904175,3.2100000381469727,3.2899999618530273,8749541,0.0,0.0
2025-02-04 00:00:00+03:00,3.299999952316284,3.3399999141693115,3.2699999809265137,3.309999942779541,5051598,0.0,0.0
2025-02-05 00:00:00+03:00,3.309999942779541,3.3499999046325684,3.2200000286102295,3.259999990463257,8454021,0.0,0.0
2025-02-06 00:00:00+03:00,3.2699999809265137,3.4000000953674316,3.240000009536743,3.259999990463257,8785531,0.0,0.0
2025-02-07 00:00:00+03:00,3.2699999809265137,3.2899999618530273,3.200000047683716,3.2699999809265137,11056803,0.0,0.0
2025-02-10 00:00:00+03:00,3.2699999809265137,3.569999933242798,3.259999990463257,3.440000057220459,23311812,0.0,0.0
2025-02-11 00:00:00+03:00,3.440000057220459,3.4600000381469727,3.3499999046325684,3.380000114440918,9775792,0.0,0.0
2025-02-12 00:00:00+03:00,3.380000114440918,3.440000057220459,3.2799999713897705,3.309999942779541,11333679,0.0,0.0
2025-02-13 00:00:00+03:00,3.3399999141693115,3.3499999046325684,3.2699999809265137,3.2899999618530273,4732678,0.0,0.0
2025-02-14 00:00:00+03:00,3.309999942779541,3.359999895095825,3.25,3.2899999618530273,8027125,0.0,0.0
2025-02-17 00:00:00+03:00,3.2899999618530273,3.3299999237060547,3.2699999809265137,3.2799999713897705,10104070,0.0,0.0
2025-02-18 00:00:00+03:00,3.2799999713897705,3.2899999618530273,3.2100000381469727,3.2200000286102295,5039032,0.0,0.0
2025-02-19 00:00:00+03:00,3.2200000286102295,3.240000009536743,3.109999895095825,3.119999885559082,7353079,0.0,0.0
2025-02-20 00:00:00+03:00,3.130000114440918,3.2100000381469727,3.0899999141693115,3.190000057220459,8477219,0.0,0.0
2025-02-21 00:00:00+03:00,3.180000066757202,3.2300000190734863,3.0899999141693115,3.109999895095825,9091026,0.0,0.0
2025-02-24 00:00:00+03:00,3.109999895095825,3.190000057220459,3.109999895095825,3.180000066757202,7225640,0.0,0.0
2025-02-25 00:00:00+03:00,3.190000057220459,3.190000057220459,3.069999933242798,3.0999999046325684,6649422,0.0,0.0
2025-02-26 00:00:00+03:00,3.109999895095825,3.109999895095825,3.069999933242798,3.0899999141693115,3543100,0.0,0.0
2025-02-27 00:00:00+03:00,3.0899999141693115,3.0999999046325684,3.049999952316284,3.0899999141693115,5020626,0.0,0.0
2025-02-28 00:00:00+03:00,3.0999999046325684,3.1500000953674316,3.0799999237060547,3.130000114440918,4522598,0.0,0.0
2025-03-03 00:00:00+03:00,3.140000104904175,3.180000066757202,3.069999933242798,3.0799999237060547,7031021,0.0,0.0
2025-03-04 00:00:00+03:00,3.0799999237060547,3.130000114440918,3.0399999618530273,3.069999933242798,5472413,0.0,0.0
2025-03-05 00:00:00+03:00,3.069999933242798,3.119999885559082,3.0299999713897705,3.0999999046325684,9033744,0.0,0.0
2025-03-06 00:00:00+03:00,3.0999999046325684,3.130000114440918,3.0799999237060547,3.109999895095825,7656560,0.0,0.0
2025-03-07 00:00:00+03:00,3.119999885559082,3.180000066757202,3.0999999046325684,3.130000114440918,6596695,0.0,0.0
2025-03-10 00:00:00+03:00,3.140000104904175,3.259999990463257,3.140000104904175,3.180000066757202,8618025,0.0,0.0
2025-03-11 00:00:00+03:00,3.180000066757202,3.2699999809265137,3.109999895095825,3.2100000381469727,9215723,0.0,0.0
2025-03-12 00:00:00+03:00,3.0,3.069999933242798,2.9700000286102295,3.0199999809265137,20178761,0.0,0.0
2025-03-13 00:00:00+03:00,3.0299999713897705,3.049999952316284,3.0,3.009999990463257,9764135,0.0,0.0
2025-03-14 00:00:00+03:00,3.0199999809265137,3.059999942779541,3.009999990463257,3.0199999809265137,9807947,0.0,0.0
2025-03-17 00:00:00+03:00,3.0299999713897705,3.0299999713897705,2.9800000190734863,2.9800000190734863,12509429,0.0,0.0
2025-03-18 00:00:00+03:00,2.9800000190734863,2.9800000190734863,2.9100000858306885,2.9100000858306885,13106319,0.0,0.0
2025-03-19 00:00:00+03:00,2.7200000286102295,2.7899999618530273,2.619999885559082,2.619999885559082,12485920,0.0,0.0
2025-03-20 00:00:00+03:00,2.5899999141693115,2.869999885559082,2.5799999237060547,2.7699999809265137,19332983,0.0,0.0
2025-03-21 00:00:00+03:00,2.7699999809265137,2.7899999618530273,2.5,2.549999952316284,8349067,0.0,0.0
2025-03-24 00:00:00+03:00,2.559999942779541,2.6500000953674316,2.490000009536743,2.569999933242798,8199289,0.0,0.0
2025-03-25 00:00:00+03:00,2.5999999046325684,2.75,2.5799999237060547,2.7100000381469727,7133677,0.0,0.0
2025-03-26 00:00:00+03:00,2.7100000381469727,2.75,2.6700000762939453,2.7200000286102295,5020003,0.0,0.0
2025-03-27 00:00:00+03:00,2.740000009536743,2.7699999809265137,2.7200000286102295,2.75,8972516,0.0,0.0
2025-03-28 00:00:00+03:00,2.75,2.7699999809265137,2.690000057220459,2.740000009536743,5712809,0.0,0.0
2025-04-02 00:00:00+03:00,2.7300000190734863,2.9000000953674316,2.7200000286102295,2.859999895095825,9739503,0.0,0.0
2025-04-03 00:00:00+03:00,2.869999885559082,2.890000104904175,2.799999952316284,2.8299999237060547,6445835,0.0,0.0
2025-04-04 00:00:00+03:00,2.8299999237060547,2.8499999046325684,2.759999990463257,2.7799999713897705,4187004,0.0,0.0
2025-04-07 00:00:00+03:00,2.7300000190734863,2.740000009536743,2.619999885559082,2.7200000286102295,11684250,0.0,0.0
2025-04-08 00:00:00+03:00,2.7300000190734863,2.799999952316284,2.7300000190734863,2.75,8899067,0.0,0.0
2025-04-09 00:00:00+03:00,2.7300000190734863,2.8399999141693115,2.680000066757202,2.7699999809265137,13165074,0.0,0.0
2025-04-10 00:00:00+03:00,2.7799999713897705,2.9000000953674316,2.7699999809265137,2.819999933242798,21165097,0.0,0.0
2025-04-11 00:00:00+03:00,2.8399999141693115,3.0999999046325684,2.8399999141693115,2.990000009536743,43134491,0.0,0.0
2025-04-14 00:00:00+03:00,3.0,3.0899999141693115,2.930000066757202,3.0299999713897705,18552509,0.0,0.0
2025-04-15 00:00:00+03:00,3.069999933242798,3.3299999237060547,3.069999933242798,3.3299999237060547,14695595,0.0,0.0
2025-04-16 00:00:00+03:00,3.4100000858306885,3.6600000858306885,3.3499999046325684,3.3499999046325684,89533070,0.0,0.0
2025-04-17 00:00:00+03:00,3.2300000190734863,3.4000000953674316,3.2100000381469727,3.2200000286102295,37665701,0.0,0.0
2025-04-18 00:00:00+03:00,3.2300000190734863,3.25,3.049999952316284,3.109999895095825,16505797,0.0,0.0
2025-04-21 00:00:00+03:00,3.1700000762939453,3.2899999618530273,3.0999999046325684,3.109999895095825,15249771,0.0,0.0
2025-04-22 00:00:00+03:00,3.119999885559082,3.25,3.009999990463257,3.069999933242798,20547189,0.0,0.0
2025-04-24 00:00:00+03:00,3.0799999237060547,3.180000066757202,3.0399999618530273,3.119999885559082,13822234,0.0,0.0
2025-04-25 00:00:00+03:00,3.140000104904175,3.4000000953674316,3.069999933242798,3.2100000381469727,28523124,0.0,0.0
2025-04-28 00:00:00+03:00,3.2200000286102295,3.4200000762939453,3.2200000286102295,3.240000009536743,19729274,0.0,0.0
2025-04-29 00:00:00+03:00,2.2382071018218994,2.2726409435272217,2.1762259006500244,2.190000057220459,16740855,0.0,0.0
2025-04-30 00:00:00+03:00,2.190000057220459,2.210659980773926,2.107357978820801,2.1555659770965576,12220008,0.0,0.0
2025-05-02 00:00:00+03:00,2.045377016067505,2.0798110961914062,1.9489619731903076,2.004055976867676,37841844,0.0,0.0
2025-05-05 00:00:00+03:00,1.983396053314209,1.9902830123901367,1.9007539749145508,1.9214149713516235,25298436,0.0,0.0
2025-05-06 00:00:00+03:00,1.9351880550384521,1.9627350568771362,1.9214149713516235,1.9351880550384521,16248175,0.0,0.0
2025-05-07 00:00:00+03:00,1.9351880550384521,1.9420750141143799,1.8250000476837158,1.8250000476837158,19984236,0.0,0.0
2025-05-08 00:00:00+03:00,1.7899999618530273,1.9800000190734863,1.7799999713897705,1.940000057220459,54281187,0.0,0.0
2025-05-09 00:00:00+03:00,1.8700000047683716,1.8700000047683716,1.8200000524520874,1.8300000429153442,23665955,0.0,0.0
2025-05-12 00:00:00+03:00,1.8300000429153442,1.8799999952316284,1.8200000524520874,1.850000023841858,31778903,0.0,0.0
2025-05-13 00:00:00+03:00,1.850000023841858,1.8700000047683716,1.7899999618530273,1.8200000524520874,28029874,0.0,0.0
2025-05-14 00:00:00+03:00,1.8200000524520874,1.8300000429153442,1.7999999523162842,1.8200000524520874,15381323,0.0,0.0
2025-05-15 00:00:00+03:00,1.8200000524520874,1.8200000524520874,1.7999999523162842,1.809999942779541,18767353,0.0,0.0
2025-05-16 00:00:00+03:00,1.8200000524520874,1.9900000095367432,1.8200000524520874,1.940000057220459,109232066,0.0,0.0
2025-05-20 00:00:00+03:00,2.0,2.130000114440918,1.9800000190734863,2.130000114440918,86420372,0.0,0.0
2025-05-21 00:00:00+03:00,2.200000047683716,2.3399999141693115,2.190000057220459,2.3399999141693115,51403865,0.0,0.0
2025-05-22 00:00:00+03:00,2.430000066757202,2.549999952316284,2.1500000953674316,2.259999990463257,165378865,0.0,0.0
2025-05-23 00:00:00+03:00,2.2200000286102295,2.3499999046325684,2.1700000762939453,2.190000057220459,68904531,0.0,0.0
2025-05-26 00:00:00+03:00,2.200000047683716,2.2200000286102295,2.059999942779541,2.059999942779541,49291841,0.0,0.0
2025-05-27 00:00:00+03:00,2.0299999713897705,2.0999999046325684,1.9600000381469727,2.009999990463257,46756681,0.0,0.0
2025-05-28 00:00:00+03:00,2.0299999713897705,2.1500000953674316,2.009999990463257,2.0299999713897705,73739492,0.0,0.0
2025-05-29 00:00:00+03:00,2.049999952316284,2.069999933242798,1.9700000286102295,1.9800000190734863,32483538,0.0,0.0
2025-05-30 00:00:00+03:00,1.9900000095367432,2.0,1.909999966621399,1.9299999475479126,25276598,0.0,0.0
2025-06-02 00:00:00+03:00,1.940000057220459,1.9600000381469727,1.8600000143051147,1.8700000047683716,18859495,0.0,0.0
2025-06-03 00:00:00+03:00,1.8799999952316284,1.9600000381469727,1.8799999952316284,1.9299999475479126,20435087,0.0,0.0
2025-06-04 00:00:00+03:00,1.940000057220459,1.9500000476837158,1.9299999475479126,1.940000057220459,14131748,0.0,0.0
2025-06-05 00:00:00+03:00,1.940000057220459,1.9600000381469727,1.9299999475479126,1.9500000476837158,4434088,0.0,0.0
2025-06-10 00:00:00+03:00,1.9600000381469727,2.0299999713897705,1.9500000476837158,2.0,22548157,0.0,0.0
2025-06-11 00:00:00+03:00,2.0299999713897705,2.200000047683716,2.0,2.069999933242798,84495430,0.0,0.0
2025-06-12 00:00:00+03:00,2.0899999141693115,2.2300000190734863,2.069999933242798,2.190000057220459,70406643,0.0,0.0
2025-06-13 00:00:00+03:00,2.119999885559082,2.119999885559082,1.9900000095367432,2.049999952316284,48064239,0.0,0.0
2025-06-16 00:00:00+03:00,2.049999952316284,2.140000104904175,2.0199999809265137,2.0899999141693115,36416104,0.0,0.0
2025-06-17 00:00:00+03:00,2.069999933242798,2.0899999141693115,2.009999990463257,2.0299999713897705,42137937,0.0,0.0
2025-06-18 00:00:00+03:00,2.0299999713897705,2.0299999713897705,1.9600000381469727,2.0,24164899,0.0,0.0
2025-06-19 00:00:00+03:00,2.0,2.059999942779541,1.9700000286102295,1.9700000286102295,22451133,0.0,0.0
2025-06-20 00:00:00+03:00,1.9900000095367432,2.0199999809265137,1.9900000095367432,2.0,13723642,0.0,0.0
2025-06-23 00:00:00+03:00,1.9700000286102295,1.9800000190734863,1.9199999570846558,1.9299999475479126,19347144,0.0,0.0
2025-06-24 00:00:00+03:00,1.9700000286102295,2.0299999713897705,1.9700000286102295,1.9900000095367432,22157802,0.0,0.0
2025-06-25 00:00:00+03:00,2.0,2.0399999618530273,1.9900000095367432,2.009999990463257,19970706,0.0,0.0
2025-06-26 00:00:00+03:00,2.0199999809265137,2.0299999713897705,1.9700000286102295,1.9800000190734863,20733779,0.0,0.0
2025-06-27 00:00:00+03:00,1.9900000095367432,1.9900000095367432,1.940000057220459,1.9600000381469727,18226801,0.0,0.0
2025-06-30 00:00:00+03:00,1.9700000286102295,2.0199999809265137,1.9700000286102295,2.0,17347750,0.0,0.0
2025-07-01 00:00:00+03:00,2.009999990463257,2.200000047683716,2.0,2.0999999046325684,92271132,0.0,0.0
2025-07-02 00:00:00+03:00,2.109999895095825,2.1700000762939453,2.0799999237060547,2.130000114440918,53099318,0.0,0.0
2025-07-03 00:00:00+03:00,2.140000104904175,2.309999942779541,2.140000104904175,2.25,65375988,0.0,0.0
2025-07-04 00:00:00+03:00,2.259999990463257,2.2699999809265137,2.1600000858306885,2.200000047683716,36792635,0.0,0.0
2025-07-07 00:00:00+03:00,2.180000066757202,2.200000047683716,2.130000114440918,2.140000104904175,24284235,0.0,0.0
2025-07-08 00:00:00+03:00,2.1500000953674316,2.1600000858306885,2.049999952316284,2.0799999237060547,33356677,0.0,0.0
2025-07-09 00:00:00+03:00,2.069999933242798,2.130000114440918,2.069999933242798,2.0899999141693115,29995892,0.0,0.0
2025-07-10 00:00:00+03:00,2.0999999046325684,2.180000066757202,2.0999999046325684,2.140000104904175,26500794,0.0,0.0
2025-07-11 00:00:00+03:00,2.1600000858306885,2.1600000858306885,2.0899999141693115,2.130000114440918,20260408,0.0,0.0
2025-07-14 00:00:00+03:00,2.119999885559082,2.240000009536743,2.119999885559082,2.1600000858306885,40767446,0.0,0.0
2025-07-16 00:00:00+03:00,2.1600000858306885,2.259999990463257,2.109999895095825,2.180000066757202,36264072,0.0,0.0
2025-07-17 00:00:00+03:00,2.190000057220459,2.2300000190734863,2.190000057220459,2.2200000286102295,19802899,0.0,0.0
2025-07-18 00:00:00+03:00,2.2300000190734863,2.359999895095825,2.200000047683716,2.25,57488568,0.0,0.0
2025-07-21 00:00:00+03:00,2.259999990463257,2.299999952316284,2.259999990463257,2.2799999713897705,28806017,0.0,0.0
2025-07-22 00:00:00+03:00,2.2799999713897705,2.5,2.2699999809265137,2.440000057220459,79408996,0.0,0.0
2025-07-23 00:00:00+03:00,2.450000047683716,2.5899999141693115,2.4000000953674316,2.450000047683716,47114433,0.0,0.0
2025-07-24 00:00:00+03:00,2.4800000190734863,2.490000009536743,2.4100000858306885,2.450000047683716,33735664,0.0,0.0
2025-07-25 00:00:00+03:00,2.4700000286102295,2.5,2.4000000953674316,2.4200000762939453,21309240,0.0,0.0
2025-07-28 00:00:00+03:00,2.440000057220459,2.549999952316284,2.4200000762939453,2.5399999618530273,34042091,0.0,0.0
2025-07-29 00:00:00+03:00,2.549999952316284,2.7899999618530273,2.549999952316284,2.7899999618530273,88290713,0.0,0.0
2025-07-30 00:00:00+03:00,2.880000114440918,3.0299999713897705,2.799999952316284,2.809999942779541,96257678,0.0,0.0
2025-07-31 00:00:00+03:00,2.8299999237060547,2.8499999046325684,2.7100000381469727,2.75,56008395,0.0,0.0
2025-08-01 00:00:00+03:00,2.759999990463257,2.9800000190734863,2.7300000190734863,2.880000114440918,69712879,0.0,0.0
2025-08-04 00:00:00+03:00,2.930000066757202,3.1600000858306885,2.9200000762939453,3.1600000858306885,59807857,0.0,0.0
2025-08-05 00:00:00+03:00,3.25,3.390000104904175,3.1500000953674316,3.2100000381469727,97753493,0.0,0.0
2025-08-06 00:00:00+03:00,3.259999990463257,3.390000104904175,3.0899999141693115,3.2100000381469727,61752353,0.0,0.0
2025-08-07 00:00:00+03:00,3.2100000381469727,3.299999952316284,3.130000114440918,3.130000114440918,40468112,0.0,0.0
2025-08-08 00:00:00+03:00,3.1500000953674316,3.240000009536743,3.0,3.059999942779541,41092296,0.0,0.0
2025-08-11 00:00:00+03:00,3.069999933242798,3.0999999046325684,2.9800000190734863,2.9800000190734863,34054382,0.0,0.0
2025-08-12 00:00:00+03:00,3.0,3.140000104904175,2.990000009536743,3.0399999618530273,40612511,0.0,0.0
2025-08-13 00:00:00+03:00,3.059999942779541,3.0799999237060547,2.930000066757202,2.930000066757202,25131924,0.0,0.0
2025-08-14 00:00:00+03:00,2.9100000858306885,3.049999952316284,2.8299999237060547,2.8299999237060547,39485813,0.0,0.0
2025-08-15 00:00:00+03:00,2.8299999237060547,2.990000009536743,2.799999952316284,2.930000066757202,34201515,0.0,0.0
2025-08-18 00:00:00+03:00,3.0,3.0199999809265137,2.940000057220459,2.940000057220459,28165687,0.0,0.0
2025-08-19 00:00:00+03:00,2.930000066757202,2.930000066757202,2.8299999237060547,2.869999885559082,28807193,0.0,0.0
2025-08-20 00:00:00+03:00,2.880000114440918,3.059999942779541,2.869999885559082,2.990000009536743,47796958,0.0,0.0
2025-08-21 00:00:00+03:00,3.069999933242798,3.1500000953674316,3.0399999618530273,3.140000104904175,43649480,0.0,0.0
2025-08-22 00:00:00+03:00,3.1600000858306885,3.3399999141693115,3.119999885559082,3.2300000190734863,77064173,0.0,0.0
2025-08-25 00:00:00+03:00,3.240000009536743,3.299999952316284,3.2200000286102295,3.2300000190734863,39228865,0.0,0.0
2025-08-26 00:00:00+03:00,3.240000009536743,3.2899999618530273,3.2100000381469727,3.2300000190734863,49534897,0.0,0.0
2025-08-27 00:00:00+03:00,3.240000009536743,3.3399999141693115,3.1600000858306885,3.180000066757202,38144753,0.0,0.0
2025-08-28 00:00:00+03:00,3.200000047683716,3.240000009536743,3.180000066757202,3.190000057220459,16452451,0.0,0.0
2025-08-29 00:00:00+03:00,3.200000047683716,3.2100000381469727,3.049999952316284,3.059999942779541,26964602,0.0,0.0
2025-09-01 00:00:00+03:00,3.069999933242798,3.1600000858306885,3.069999933242798,3.0899999141693115,19373765,0.0,0.0
2025-09-02 00:00:00+03:00,3.0999999046325684,3.140000104904175,2.8499999046325684,2.9600000381469727,52760661,0.0,0.0
2025-09-03 00:00:00+03:00,2.9600000381469727,3.109999895095825,2.9000000953674316,3.0199999809265137,36457815,0.0,0.0
2025-09-04 00:00:00+03:00,3.049999952316284,3.180000066757202,3.049999952316284,3.0899999141693115,44590066,0.0,0.0
2025-09-05 00:00:00+03:00,3.0999999046325684,3.180000066757202,3.0,3.069999933242798,41629582,0.0,0.0
2025-09-08 00:00:00+03:00,3.0,3.0399999618530273,2.9000000953674316,2.9000000953674316,25625640,0.0,0.0
2025-09-09 00:00:00+03:00,2.9100000858306885,3.0199999809265137,2.9100000858306885,2.9200000762939453,25395719,0.0,0.0
2025-09-10 00:00:00+03:00,2.940000057220459,2.9600000381469727,2.859999895095825,2.869999885559082,19143724,0.0,0.0
2025-09-11 00:00:00+03:00,2.880000114440918,2.950000047683716,2.75,2.75,23925084,0.0,0.0
2025-09-12 00:00:00+03:00,2.75,2.7799999713897705,2.6500000953674316,2.6500000953674316,32164400,0.0,0.0
2025-09-15 00:00:00+03:00,2.640000104904175,2.869999885559082,2.619999885559082,2.859999895095825,26683659,0.0,0.0
2025-09-16 00:00:00+03:00,2.869999885559082,2.9600000381469727,2.869999885559082,2.9000000953674316,17272827,0.0,0.0
2025-09-17 00:00:00+03:00,2.890000104904175,2.950000047683716,2.8399999141693115,2.9000000953674316,16909839,0.0,0.0
2025-09-18 00:00:00+03:00,2.9100000858306885,3.0399999618530273,2.9100000858306885,2.990000009536743,28559172,0.0,0.0
2025-09-19 00:00:00+03:00,3.0,3.009999990463257,2.930000066757202,2.990000009536743,33383726,0.0,0.0
2025-09-22 00:00:00+03:00,3.049999952316284,3.180000066757202,3.009999990463257,3.0799999237060547,73283389,0.0,0.0
2025-09-23 00:00:00+03:00,3.0399999618530273,3.0799999237060547,2.9800000190734863,2.990000009536743,40370534,0.0,0.0
2025-09-24 00:00:00+03:00,2.990000009536743,3.059999942779541,2.9000000953674316,3.0,42025493,0.0,0.0
2025-09-25 00:00:00+03:00,3.0199999809265137,3.0399999618530273,2.940000057220459,2.950000047683716,22579325,0.0,0.0
2025-09-26 00:00:00+03:00,2.9600000381469727,2.9600000381469727,2.890000104904175,2.9000000953674316,14634018,0.0,0.0
2025-09-29 00:00:00+03:00,2.9100000858306885,3.0299999713897705,2.890000104904175,2.9100000858306885,28274252,0.0,0.0
2025-09-30 00:00:00+03:00,2.9200000762939453,2.940000057220459,2.819999933242798,2.8299999237060547,18861894,0.0,0.0
2025-10-01 00:00:00+03:00,2.8299999237060547,2.940000057220459,2.8299999237060547,2.869999885559082,22305343,0.0,0.0
2025-10-02 00:00:00+03:00,2.869999885559082,2.940000057220459,2.859999895095825,2.869999885559082,21026603,0.0,0.0
2025-10-03 00:00:00+03:00,2.880000114440918,2.940000057220459,2.8499999046325684,2.890000104904175,20708826,0.0,0.0
2025-10-06 00:00:00+03:00,2.9200000762939453,3.0799999237060547,2.9200000762939453,2.940000057220459,28701537,0.0,0.0
2025-10-07 00:00:00+03:00,2.950000047683716,2.9600000381469727,2.859999895095825,2.880000114440918,20325047,0.0,0.0
2025-10-08 00:00:00+03:00,2.880000114440918,2.940000057220459,2.799999952316284,2.819999933242798,22296750,0.0,0.0
2025-10-09 00:00:00+03:00,2.8499999046325684,2.890000104904175,2.809999942779541,2.8299999237060547,15840597,0.0,0.0
2025-10-10 00:00:00+03:00,2.8299999237060547,2.880000114440918,2.809999942779541,2.869999885559082,21316200,0.0,0.0
2025-10-13 00:00:00+03:00,2.8399999141693115,2.8499999046325684,2.740000009536743,2.75,23686556,0.0,0.0
2025-10-14 00:00:00+03:00,2.759999990463257,2.7799999713897705,2.6700000762939453,2.680000066757202,12881823,0.0,0.0
2025-10-15 00:00:00+03:00,2.680000066757202,2.819999933242798,2.680000066757202,2.759999990463257,19099265,0.0,0.0
2025-10-16 00:00:00+03:00,2.759999990463257,2.880000114440918,2.7200000286102295,2.7300000190734863,15676719,0.0,0.0
2025-10-17 00:00:00+03:00,2.700000047683716,2.799999952316284,2.569999933242798,2.700000047683716,23251076,0.0,0.0
2025-10-20 00:00:00+03:00,2.7300000190734863,2.799999952316284,2.700000047683716,2.759999990463257,18390907,0.0,0.0
2025-10-21 00:00:00+03:00,2.759999990463257,2.7699999809265137,2.700000047683716,2.700000047683716,22413525,0.0,0.0
2025-10-22 00:00:00+03:00,2.7100000381469727,2.759999990463257,2.700000047683716,2.740000009536743,23319591,0.0,0.0
2025-10-23 00:00:00+03:00,2.75,3.0,2.75,2.859999895095825,72470542,0.0,0.0
2025-10-24 00:00:00+03:00,2.859999895095825,2.940000057220459,2.75,2.880000114440918,44697537,0.0,0.0
2025-10-27 00:00:00+03:00,2.869999885559082,2.940000057220459,2.8499999046325684,2.880000114440918,38258353,0.0,0.0
2025-10-28 00:00:00+03:00,2.880000114440918,2.990000009536743,2.8299999237060547,2.9600000381469727,40822351,0.0,0.0
2025-10-30 00:00:00+03:00,3.0,3.25,3.0,3.25,81419222,0.0,0.0
2025-10-31 00:00:00+03:00,3.319999933242798,3.569999933242798,3.309999942779541,3.569999933242798,127099144,0.0,0.0
2025-11-03 00:00:00+03:00,3.5799999237060547,3.9100000858306885,3.299999952316284,3.4800000190734863,141955665,0.0,0.0
2025-11-04 00:00:00+03:00,3.4800000190734863,3.6600000858306885,3.369999885559082,3.4800000190734863,75928668,0.0,0.0
2025-11-05 00:00:00+03:00,3.4800000190734863,3.569999933242798,3.4000000953674316,3.4100000858306885,34046666,0.0,0.0
2025-11-06 00:00:00+03:00,3.430000066757202,3.440000057220459,3.3299999237060547,3.3499999046325684,35190485,0.0,0.0
2025-11-07 00:00:00+03:00,3.3499999046325684,3.680000066757202,3.319999933242798,3.4600000381469727,115377453,0.0,0.0
2025-11-10 00:00:00+03:00,3.5,3.6700000762939453,3.4200000762939453,3.5999999046325684,50228271,0.0,0.0
2025-11-11 00:00:00+03:00,3.490000009536743,3.549999952316284,3.299999952316284,3.3299999237060547,45444817,0.0,0.0
2025-11-12 00:00:00+03:00,3.3399999141693115,3.559999942779541,3.3399999141693115,3.4600000381469727,32772747,0.0,0.0
2025-11-13 00:00:00+03:00,3.4800000190734863,3.799999952316284,3.4800000190734863,3.799999952316284,64867035,0.0,0.0
2025-11-14 00:00:00+03:00,3.950000047683716,4.179999828338623,3.799999952316284,3.9200000762939453,135230576,0.0,0.0
2025-11-17 00:00:00+03:00,4.03000020980835,4.25,3.9700000286102295,4.0,58503370,0.0,0.0
2025-11-18 00:00:00+03:00,4.090000152587891,4.110000133514404,3.7200000286102295,3.75,56347583,0.0,0.0
2025-11-19 00:00:00+03:00,3.759999990463257,3.7699999809265137,3.509999990463257,3.509999990463257,41800135,0.0,0.0
2025-11-20 00:00:00+03:00,3.490000009536743,3.819999933242798,3.4000000953674316,3.7100000381469727,58633082,0.0,0.0
2025-11-21 00:00:00+03:00,3.7100000381469727,3.950000047683716,3.6600000858306885,3.7200000286102295,45818932,0.0,0.0
2025-11-24 00:00:00+03:00,3.6600000858306885,3.680000066757202,3.5,3.5299999713897705,32778650,0.0,0.0
2025-11-25 00:00:00+03:00,3.549999952316284,3.7200000286102295,3.359999895095825,3.5899999141693115,41692187,0.0,0.0
2025-11-26 00:00:00+03:00,3.5399999618530273,3.569999933242798,3.369999885559082,3.430000066757202,8656009,0.0,0.0
2025-11-27 00:00:00+03:00,3.4100000858306885,3.5,3.2899999618530273,3.3499999046325684,9498305,0.0,0.0
2025-11-28 00:00:00+03:00,3.3399999141693115,3.4000000953674316,3.180000066757202,3.180000066757202,9435024,0.0,0.0
2025-12-01 00:00:00+03:00,3.0999999046325684,3.359999895095825,3.049999952316284,3.259999990463257,14194475,0.0,0.0
2025-12-02 00:00:00+03:00,3.190000057220459,3.25,3.140000104904175,3.200000047683716,10174245,0.0,0.0
2025-12-03 00:00:00+03:00,3.190000057220459,3.2300000190734863,3.0399999618530273,3.069999933242798,12850165,0.0,0.0
2025-12-04 00:00:00+03:00,3.059999942779541,3.299999952316284,2.990000009536743,3.240000009536743,10790814,0.0,0.0
2025-12-05 00:00:00+03:00,3.200000047683716,3.5,3.1700000762939453,3.4000000953674316,15336869,0.0,0.0
2025-12-08 00:00:00+03:00,3.4000000953674316,3.5199999809265137,3.299999952316284,3.3299999237060547,10710049,0.0,0.0
2025-12-09 00:00:00+03:00,3.3399999141693115,3.6600000858306885,3.180000066757202,3.6600000858306885,14901254,0.0,0.0
2025-12-10 00:00:00+03:00,3.6600000858306885,3.890000104904175,3.509999990463257,3.7200000286102295,21835990,0.0,0.0
2025-12-11 00:00:00+03:00,3.6600000858306885,3.799999952316284,3.569999933242798,3.6700000762939453,8734170,0.0,0.0
2025-12-12 00:00:00+03:00,3.6700000762939453,3.7699999809265137,3.549999952316284,3.619999885559082,7623573,0.0,0.0
2025-12-15 00:00:00+03:00,3.5999999046325684,3.700000047683716,3.490000009536743,3.5799999237060547,8526327,0.0,0.0
2025-12-16 00:00:00+03:00,3.5799999237060547,3.609999895095825,3.390000104904175,3.430000066757202,11623800,0.0,0.0
2025-12-17 00:00:00+03:00,3.4000000953674316,3.440000057220459,3.2699999809265137,3.319999933242798,11575069,0.0,0.0
2025-12-18 00:00:00+03:00,3.299999952316284,3.619999885559082,3.25,3.4100000858306885,13850074,0.0,0.0
2025-12-19 00:00:00+03:00,3.440000057220459,3.5,3.3299999237060547,3.4100000858306885,7463728,0.0,0.0
2025-12-22 00:00:00+03:00,3.430000066757202,3.450000047683716,3.299999952316284,3.319999933242798,6826485,0.0,0.0
2025-12-23 00:00:00+03:00,3.309999942779541,3.390000104904175,3.259999990463257,3.319999933242798,6882533,0.0,0.0
2025-12-24 00:00:00+03:00,3.319999933242798,3.3399999141693115,3.2100000381469727,3.309999942779541,9896981,0.0,0.0
2025-12-25 00:00:00+03:00,3.299999952316284,3.4000000953674316,3.140000104904175,3.2799999713897705,10232067,0.0,0.0
2025-12-26 00:00:00+03:00,3.299999952316284,3.359999895095825,3.180000066757202,3.190000057220459,22232639,0.0,0.0
2025-12-29 00:00:00+03:00,3.1500000953674316,3.299999952316284,3.0399999618530273,3.190000057220459,34231635,0.0,0.0
2025-12-30 00:00:00+03:00,3.190000057220459,3.299999952316284,3.0399999618530273,3.069999933242798,26145490,0.0,0.0
2025-12-31 00:00:00+03:00,3.0899999141693115,3.119999885559082,3.0399999618530273,3.0399999618530273,11921183,0.0,0.0
2026-01-02 00:00:00+03:00,3.069999933242798,3.3299999237060547,3.059999942779541,3.2699999809265137,44809821,0.0,0.0
2026-01-05 00:00:00+03:00,3.2799999713897705,3.490000009536743,3.240000009536743,3.309999942779541,32633939,0.0,0.0
2026-01-06 00:00:00+03:00,3.3299999237060547,3.4100000858306885,3.2200000286102295,3.259999990463257,19689769,0.0,0.0
2026-01-07 00:00:00+03:00,3.259999990463257,3.3299999237060547,3.1500000953674316,3.190000057220459,29427439,0.0,0.0
2026-01-08 00:00:00+03:00,3.190000057220459,3.240000009536743,3.1500000953674316,3.180000066757202,22135949,0.0,0.0
2026-01-09 00:00:00+03:00,3.190000057220459,3.2300000190734863,3.119999885559082,3.119999885559082,28068837,0.0,0.0
2026-01-12 00:00:00+03:00,3.119999885559082,3.1500000953674316,3.0799999237060547,3.0799999237060547,24751950,0.0,0.0
2026-01-13 00:00:00+03:00,3.0799999237060547,3.140000104904175,3.0299999713897705,3.0899999141693115,26343987,0.0,0.0
2026-01-14 00:00:00+03:00,3.0999999046325684,3.2100000381469727,3.059999942779541,3.140000104904175,39465913,0.0,0.0
2026-01-15 00:00:00+03:00,3.130000114440918,3.200000047683716,3.109999895095825,3.119999885559082,20014386,0.0,0.0
2026-01-16 00:00:00+03:00,3.130000114440918,3.25,3.069999933242798,3.130000114440918,48298731,0.0,0.0
2026-01-19 00:00:00+03:00,3.140000104904175,3.200000047683716,3.130000114440918,3.140000104904175,31357036,0.0,0.0
2026-01-20 00:00:00+03:00,3.1500000953674316,3.1500000953674316,3.059999942779541,3.069999933242798,33132450,0.0,0.0
2026-01-21 00:00:00+03:00,3.069999933242798,3.0899999141693115,3.0,3.009999990463257,21997341,0.0,0.0
2026-01-22 00:00:00+03:00,3.0199999809265137,3.130000114440918,3.0199999809265137,3.069999933242798,35799828,0.0,0.0
2026-01-23 00:00:00+03:00,3.069999933242798,3.0899999141693115,3.0299999713897705,3.049999952316284,22518698,0.0,0.0
2026-01-26 00:00:00+03:00,3.069999933242798,3.200000047683716,3.059999942779541,3.130000114440918,47182188,0.0,0.0
2026-01-27 00:00:00+03:00,3.130000114440918,3.180000066757202,3.0799999237060547,3.0899999141693115,25051946,0.0,0.0
2026-01-28 00:00:00+03:00,3.0899999141693115,3.1600000858306885,3.0399999618530273,3.049999952316284,48617337,0.0,0.0
2026-01-29 00:00:00+03:00,3.049999952316284,3.0799999237060547,3.0199999809265137,3.0399999618530273,29615150,0.0,0.0
2026-01-30 00:00:00+03:00,3.0399999618530273,3.049999952316284,2.880000114440918,2.880000114440918,40165933,0.0,0.0
2026-02-02 00:00:00+03:00,2.8399999141693115,2.8399999141693115,2.7799999713897705,2.799999952316284,30114633,0.0,0.0
2026-02-03 00:00:00+03:00,2.809999942779541,2.8499999046325684,2.759999990463257,2.7799999713897705,23910733,0.0,0.0
2026-02-04 00:00:00+03:00,2.7899999618530273,2.809999942779541,2.690000057220459,2.690000057220459,32148193,0.0,0.0
2026-02-05 00:00:00+03:00,2.6700000762939453,2.930000066757202,2.6700000762939453,2.9100000858306885,60328244,0.0,0.0
2026-02-06 00:00:00+03:00,2.8499999046325684,2.880000114440918,2.75,2.7799999713897705,27684423,0.0,0.0
2026-02-09 00:00:00+03:00,2.7899999618530273,2.8499999046325684,2.7699999809265137,2.7899999618530273,20493009,0.0,0.0
2026-02-10 00:00:00+03:00,2.799999952316284,2.819999933242798,2.75,2.7899999618530273,18967409,0.0,0.0
2026-02-11 00:00:00+03:00,2.7899999618530273,2.819999933242798,2.759999990463257,2.7799999713897705,21429306,0.0,0.0
2026-02-12 00:00:00+03:00,2.7899999618530273,2.930000066757202,2.7899999618530273,2.880000114440918,31686450,0.0,0.0
2026-02-13 00:00:00+03:00,2.940000057220459,3.1600000858306885,2.930000066757202,3.059999942779541,94032319,0.0,0.0
2026-02-16 00:00:00+03:00,3.059999942779541,3.180000066757202,3.0299999713897705,3.069999933242798,34849885,0.0,0.0
2026-02-17 00:00:00+03:00,3.0799999237060547,3.0799999237060547,3.0199999809265137,3.0399999618530273,23947904,0.0,0.0
2026-02-18 00:00:00+03:00,3.049999952316284,3.059999942779541,2.9000000953674316,2.9200000762939453,25787820,0.0,0.0
2026-02-19 00:00:00+03:00,2.9200000762939453,2.940000057220459,2.7799999713897705,2.7799999713897705,22374563,0.0,0.0
2026-02-20 00:00:00+03:00,2.8399999141693115,2.890000104904175,2.7699999809265137,2.7899999618530273,15548246,0.0,0.0
2026-02-23 00:00:00+03:00,2.809999942779541,2.869999885559082,2.799999952316284,2.809999942779541,11812631,0.0,0.0
2026-02-24 00:00:00+03:00,2.809999942779541,2.809999942779541,2.7300000190734863,2.740000009536743,12665585,0.0,0.0
2026-02-25 00:00:00+03:00,2.75,2.75,2.6500000953674316,2.6500000953674316,21548537,0.0,0.0
2026-02-26 00:00:00+03:00,2.6600000858306885,2.740000009536743,2.619999885559082,2.690000057220459,14260798,0.0,0.0
2026-02-27 00:00:00+03:00,2.7100000381469727,2.75,2.5799999237060547,2.609999895095825,13456974,0.0,0.0
2026-03-02 00:00:00+03:00,2.3499999046325684,2.5299999713897705,2.3499999046325684,2.4600000381469727,18073213,0.0,0.0
2026-03-03 00:00:00+03:00,2.4600000381469727,2.5399999618530273,2.450000047683716,2.4600000381469727,8162616,0.0,0.0
2026-03-04 00:00:00+03:00,2.4600000381469727,2.6500000953674316,2.4600000381469727,2.549999952316284,17135562,0.0,0.0
2026-03-05 00:00:00+03:00,2.5999999046325684,2.6700000762939453,2.5799999237060547,2.6700000762939453,8421875,0.0,0.0
2026-03-06 00:00:00+03:00,2.6700000762939453,2.6700000762939453,2.549999952316284,2.569999933242798,9031776,0.0,0.0
2026-03-09 00:00:00+03:00,2.5199999809265137,2.559999942779541,2.440000057220459,2.5299999713897705,9563711,0.0,0.0
2026-03-10 00:00:00+03:00,2.569999933242798,2.5999999046325684,2.5399999618530273,2.5799999237060547,14062379,0.0,0.0
2026-03-11 00:00:00+03:00,2.5799999237060547,2.5799999237060547,2.5299999713897705,2.559999942779541,13050229,0.0,0.0
2026-03-12 00:00:00+03:00,2.5399999618530273,2.5799999237060547,2.509999990463257,2.5299999713897705,15413990,0.0,0.0
2026-03-13 00:00:00+03:00,2.5199999809265137,2.5199999809265137,2.4700000286102295,2.5,11227399,0.0,0.0
2026-03-16 00:00:00+03:00,2.5199999809265137,2.5199999809265137,2.450000047683716,2.450000047683716,10653684,0.0,0.0
2026-03-17 00:00:00+03:00,2.4600000381469727,2.509999990463257,2.4600000381469727,2.4700000286102295,12617143,0.0,0.0
2026-03-18 00:00:00+03:00,2.4800000190734863,2.5899999141693115,2.4700000286102295,2.490000009536743,21316008,0.0,0.0
2026-03-19 00:00:00+03:00,2.490000009536743,2.5,2.450000047683716,2.4700000286102295,3876546,0.0,0.0
2026-03-23 00:00:00+03:00,2.430000066757202,2.440000057220459,2.319999933242798,2.4200000762939453,22141166,0.0,0.0
2026-03-24 00:00:00+03:00,2.4100000858306885,2.4200000762939453,2.3399999141693115,2.3499999046325684,13859358,0.0,0.0
2026-03-25 00:00:00+03:00,2.369999885559082,2.4000000953674316,2.309999942779541,2.319999933242798,16737118,0.0,0.0
2026-03-26 00:00:00+03:00,2.319999933242798,2.3399999141693115,2.2899999618530273,2.2899999618530273,12848211,0.0,0.0
2026-03-27 00:00:00+03:00,2.2899999618530273,2.319999933242798,2.240000009536743,2.259999990463257,12125401,0.0,0.0
2026-03-30 00:00:00+03:00,2.259999990463257,2.2799999713897705,2.2300000190734863,2.2300000190734863,10037315,0.0,0.0
2026-03-31 00:00:00+03:00,2.25,2.2899999618530273,2.2300000190734863,2.2699999809265137,10888790,0.0,0.0
2026-04-01 00:00:00+03:00,2.299999952316284,2.4700000286102295,2.299999952316284,2.390000104904175,40321323,0.0,0.0
2026-04-02 00:00:00+03:00,2.390000104904175,2.569999933242798,2.3499999046325684,2.5,42993248,0.0,0.0
2026-04-03 00:00:00+03:00,2.4700000286102295,2.569999933242798,2.369999885559082,2.430000066757202,23592512,0.0,0.0
2026-04-06 00:00:00+03:00,2.450000047683716,2.490000009536743,2.440000057220459,2.450000047683716,13558729,0.0,0.0
2026-04-07 00:00:00+03:00,2.450000047683716,2.4700000286102295,2.319999933242798,2.3399999141693115,19191103,0.0,0.0
2026-04-08 00:00:00+03:00,2.4100000858306885,2.450000047683716,2.4000000953674316,2.4100000858306885,14865165,0.0,0.0
2026-04-09 00:00:00+03:00,2.4100000858306885,2.440000057220459,2.4000000953674316,2.4000000953674316,11979287,0.0,0.0
2026-04-10 00:00:00+03:00,2.4100000858306885,2.4700000286102295,2.4100000858306885,2.440000057220459,13774358,0.0,0.0
2026-04-13 00:00:00+03:00,2.4200000762939453,2.4200000762939453,2.359999895095825,2.390000104904175,11082206,0.0,0.0
2026-04-14 00:00:00+03:00,2.4100000858306885,2.450000047683716,2.390000104904175,2.440000057220459,10976384,0.0,0.0
2026-04-15 00:00:00+03:00,2.450000047683716,2.559999942779541,2.440000057220459,2.490000009536743,23054425,0.0,0.0
2026-04-16 00:00:00+03:00,2.5199999809265137,2.6500000953674316,2.4200000762939453,2.5299999713897705,28138733,0.0,0.0
2026-04-17 00:00:00+03:00,2.5399999618530273,2.6500000953674316,2.5299999713897705,2.5999999046325684,21701032,0.0,0.0
2026-04-20 00:00:00+03:00,2.5999999046325684,2.759999990463257,2.5399999618530273,2.700000047683716,38375530,0.0,0.0
2026-04-21 00:00:00+03:00,2.7300000190734863,2.75,2.5999999046325684,2.609999895095825,27068624,0.0,0.0
2026-04-22 00:00:00+03:00,2.609999895095825,2.740000009536743,2.5999999046325684,2.6600000858306885,41324855,0.0,0.0
2026-04-24 00:00:00+03:00,2.680000066757202,2.740000009536743,2.5899999141693115,2.6700000762939453,31105184,0.0,0.0
2026-04-27 00:00:00+03:00,2.7300000190734863,2.7300000190734863,2.630000114440918,2.640000104904175,21847620,0.0,0.0
2026-04-28 00:00:00+03:00,2.640000104904175,2.6500000953674316,2.549999952316284,2.549999952316284,15831335,0.0,0.0
2026-04-29 00:00:00+03:00,2.5399999618530273,2.609999895095825,2.5199999809265137,2.5399999618530273,18531613,0.0,0.0
2026-04-30 00:00:00+03:00,2.5299999713897705,2.569999933242798,2.509999990463257,2.5299999713897705,14886569,0.0,0.0
2026-05-04 00:00:00+03:00,2.5299999713897705,2.5899999141693115,2.509999990463257,2.509999990463257,16877014,0.0,0.0
2026-05-05 00:00:00+03:00,2.5199999809265137,2.559999942779541,2.509999990463257,2.5399999618530273,12823147,0.0,0.0
2026-05-06 00:00:00+03:00,2.549999952316284,2.640000104904175,2.549999952316284,2.569999933242798,22886609,0.0,0.0
2026-05-07 00:00:00+03:00,2.5899999141693115,2.6600000858306885,2.5899999141693115,2.630000114440918,13833625,0.0,0.0
2026-05-08 00:00:00+03:00,2.619999885559082,2.75,2.5999999046325684,2.680000066757202,45782278,0.0,0.0
2026-05-11 00:00:00+03:00,2.690000057220459,2.7799999713897705,2.6700000762939453,2.680000066757202,24799829,0.0,0.0
2026-05-12 00:00:00+03:00,2.690000057220459,2.700000047683716,2.5899999141693115,2.5899999141693115,17841980,0.0,0.0
2026-05-13 00:00:00+03:00,2.609999895095825,2.6500000953674316,2.5199999809265137,2.5199999809265137,16651892,0.0,0.0
2026-05-14 00:00:00+03:00,2.549999952316284,2.5899999141693115,2.5199999809265137,2.5299999713897705,14624771,0.0,0.0
2026-05-15 00:00:00+03:00,2.509999990463257,2.5199999809265137,2.4600000381469727,2.4600000381469727,14843024,0.0,0.0
2026-05-18 00:00:00+03:00,2.4600000381469727,2.4700000286102295,2.4000000953674316,2.4100000858306885,13817877,0.0,0.0
2026-05-20 00:00:00+03:00,2.4000000953674316,2.4100000858306885,2.3299999237060547,2.3499999046325684,14279052,0.0,0.0
2026-05-21 00:00:00+03:00,2.3499999046325684,2.359999895095825,2.2100000381469727,2.2100000381469727,15043473,0.0,0.0
2026-05-22 00:00:00+03:00,2.130000114440918,2.299999952316284,2.130000114440918,2.2699999809265137,21952228,0.0,0.0
2026-05-25 00:00:00+03:00,2.2699999809265137,2.3399999141693115,2.2699999809265137,2.319999933242798,6748145,0.0,0.0
2026-05-26 00:00:00+03:00,2.319999933242798,2.3299999237060547,2.2899999618530273,2.309999942779541,3826411,0.0,0.0
2026-05-27 00:00:00+03:00,2.309999942779541,2.309999942779541,2.309999942779541,2.309999942779541,0,0.0,0.0
2026-05-28 00:00:00+03:00,2.309999942779541,2.309999942779541,2.309999942779541,2.309999942779541,0,0.0,0.0
2026-05-29 00:00:00+03:00,2.309999942779541,2.309999942779541,2.309999942779541,2.309999942779541,0,0.0,0.0
2026-06-01 00:00:00+03:00,2.3299999237060547,2.4000000953674316,2.3299999237060547,2.3299999237060547,10594325,0.0,0.0
2026-06-02 00:00:00+03:00,2.3399999141693115,2.380000114440918,2.3299999237060547,2.359999895095825,8839517,0.0,0.0
2026-06-03 00:00:00+03:00,2.3499999046325684,2.390000104904175,2.319999933242798,2.3399999141693115,13368017,0.0,0.0
2026-06-04 00:00:00+03:00,2.3499999046325684,2.380000114440918,2.2899999618530273,2.319999933242798,10853541,0.0,0.0
2026-06-05 00:00:00+03:00,2.3399999141693115,2.3399999141693115,2.2799999713897705,2.2899999618530273,8134995,0.0,0.0
2026-06-08 00:00:00+03:00,2.2899999618530273,2.299999952316284,2.25,2.2799999713897705,12478566,0.0,0.0
2026-06-09 00:00:00+03:00,2.2799999713897705,2.2899999618530273,2.130000114440918,2.1600000858306885,19938701,0.0,0.0
2026-06-10 00:00:00+03:00,2.1700000762939453,2.190000057220459,2.109999895095825,2.130000114440918,13400871,0.0,0.0
2026-06-11 00:00:00+03:00,2.140000104904175,2.2200000286102295,2.0999999046325684,2.1700000762939453,12265943,0.0,0.0
2026-06-12 00:00:00+03:00,2.240000009536743,2.2699999809265137,2.190000057220459,2.25,13218142,0.0,0.0
2026-06-15 00:00:00+03:00,2.4200000762939453,2.4700000286102295,2.3499999046325684,2.4700000286102295,19083207,0.0,0.0
2026-06-16 00:00:00+03:00,2.6700000762939453,2.7100000381469727,2.4700000286102295,2.5399999618530273,196525653,0.0,0.0
2026-06-17 00:00:00+03:00,2.5999999046325684,2.700000047683716,2.5399999618530273,2.5999999046325684,46509238,0.0,0.0
2026-06-18 00:00:00+03:00,2.609999895095825,2.690000057220459,2.4700000286102295,2.4800000190734863,28879397,0.0,0.0
2026-06-19 00:00:00+03:00,2.4800000190734863,2.5399999618530273,2.4100000858306885,2.450000047683716,28138204,0.0,0.0
2026-06-22 00:00:00+03:00,2.450000047683716,2.5199999809265137,2.390000104904175,2.4000000953674316,19002212,0.0,0.0
2026-06-23 00:00:00+03:00,2.4000000953674316,2.5999999046325684,2.369999885559082,2.5,33172108,0.0,0.0
2026-06-24 00:00:00+03:00,2.5,2.640000104904175,2.4000000953674316,2.630000114440918,28246166,0.0,0.0
2026-06-25 00:00:00+03:00,2.6500000953674316,2.7200000286102295,2.5,2.5,33810276,0.0,0.0
2026-06-26 00:00:00+03:00,2.5,2.559999942779541,2.440000057220459,2.440000057220459,14588544,0.0,0.0
2026-06-29 00:00:00+03:00,2.450000047683716,2.509999990463257,2.4200000762939453,2.430000066757202,11230073,0.0,0.0
2026-06-30 00:00:00+03:00,2.440000057220459,2.450000047683716,2.369999885559082,2.390000104904175,13979984,0.0,0.0
2026-07-01 00:00:00+03:00,2.4000000953674316,2.619999885559082,2.4000000953674316,2.5,105513955,0.0,0.0
2026-07-02 00:00:00+03:00,2.4800000190734863,2.619999885559082,2.4600000381469727,2.509999990463257,24734468,0.0,0.0
2026-07-03 00:00:00+03:00,2.5199999809265137,2.569999933242798,2.4600000381469727,2.4700000286102295,17043948,0.0,0.0
2026-07-06 00:00:00+03:00,2.490000009536743,2.609999895095825,2.490000009536743,2.5,25869207,0.0,0.0
2026-07-07 00:00:00+03:00,2.5,2.609999895095825,2.4700000286102295,2.5799999237060547,34448511,0.0,0.0
2026-07-08 00:00:00+03:00,2.5799999237060547,2.6500000953674316,2.4700000286102295,2.4700000286102295,23458559,0.0,0.0
2026-07-09 00:00:00+03:00,2.490000009536743,2.569999933242798,2.4700000286102295,2.4700000286102295,17617293,0.0,0.0
2026-07-10 00:00:00+03:00,2.4800000190734863,2.640000104904175,2.4700000286102295,2.5799999237060547,27414783,0.0,0.0
2026-07-13 00:00:00+03:00,2.5899999141693115,2.5999999046325684,2.4800000190734863,2.490000009536743,25663724,0.0,0.0
2026-07-14 00:00:00+03:00,2.490000009536743,2.5,2.430000066757202,2.440000057220459,16921784,0.0,0.0
2026-07-16 00:00:00+03:00,2.440000057220459,2.490000009536743,2.430000066757202,2.430000066757202,12524328,0.0,0.0
2026-07-17 00:00:00+03:00,2.440000057220459,2.4600000381469727,2.3499999046325684,2.4100000858306885,16242790,0.0,0.0
2026-07-20 00:00:00+03:00,2.4200000762939453,2.490000009536743,2.4000000953674316,2.4200000762939453,10731091,0.0,0.0
2026-07-21 00:00:00+03:00,2.4200000762939453,2.430000066757202,2.380000114440918,2.380000114440918,14228908,0.0,0.0
2026-07-22 00:00:00+03:00,2.380000114440918,2.4000000953674316,2.369999885559082,2.380000114440918,7970405,0.0,0.0
2026-07-23 00:00:00+03:00,2.380000114440918,2.4100000858306885,2.3399999141693115,2.3499999046325684,20204535,0.0,0.0
2026-07-24 00:00:00+03:00,2.3499999046325684,2.369999885559082,2.309999942779541,2.319999933242798,11677226,0.0,0.0
2026-07-27 00:00:00+03:00,2.3399999141693115,2.450000047683716,2.3399999141693115,2.3499999046325684,32277682,0.0,0.0
2026-07-28 00:00:00+03:00,2.359999895095825,2.4800000190734863,2.3499999046325684,2.380000114440918,23322334,0.0,0.0
2026-07-29 00:00:00+03:00,2.380000114440918,2.4200000762939453,2.299999952316284,2.309999942779541,15100180,0.0,0.0
2026-07-30 00:00:00+03:00,2.309999942779541,2.359999895095825,2.2699999809265137,2.2799999713897705,10835424,0.0,0.0
2026-08-03 00:00:00+03:00,2.380000114440918,2.440000057220459,2.3499999046325684,2.380000114440918,15192441,0.0,0.0
2026-08-04 00:00:00+03:00,2.4000000953674316,2.4000000953674316,2.3499999046325684,2.380000114440918,10067837,0.0,0.0
2026-08-05 00:00:00+03:00,2.369999885559082,2.390000104904175,2.309999942779541,2.309999942779541,13685062,0.0,0.0
2026-08-06 00:00:00+03:00,2.309999942779541,2.3299999237060547,2.2699999809265137,2.299999952316284,14908849,0.0,0.0
2026-08-07 00:00:00+03:00,2.299999952316284,2.3299999237060547,2.240000009536743,2.2799999713897705,14308198,0.0,0.0
2026-08-10 00:00:00+03:00,2.2899999618530273,2.309999942779541,2.25,2.25,11220806,0.0,0.0
2026-08-11 00:00:00+03:00,2.25,2.2699999809265137,2.2100000381469727,2.2300000190734863,17343047,0.0,0.0
2026-08-12 00:00:00+03:00,2.2300000190734863,2.240000009536743,2.200000047683716,2.2100000381469727,15652810,0.0,0.0
