date,open,high,low,close,volume,dividends,stock_splits
2020-08-14 00:00:00+03:00,21.852280360052042,22.95573078051004,21.59612175693977,22.32518768310547,6137510,0.0,0.0
2020-08-17 00:00:00+03:00,21.359671748487298,21.970510008775964,20.591195807720577,20.630605697631836,7253767,0.0,0.0
2020-08-18 00:00:00+03:00,20.709422422243847,21.044398950799028,19.940946525117216,20.236515045166016,4227772,0.0,0.0
2020-08-19 00:00:00+03:00,20.23651255947826,20.571487167721024,19.645377471157737,19.743900299072266,3063434,0.0,0.0
2020-08-20 00:00:00+03:00,19.76360297765219,20.236512166628035,19.29069566784295,19.507444381713867,4491787,0.0,0.0
2020-08-21 00:00:00+03:00,19.54685747331595,19.94094696286528,19.389221677496217,19.458187103271484,3019201,0.0,0.0
2020-08-24 00:00:00+03:00,19.468038514956604,19.68478725261042,19.014834217286317,19.044391632080078,2266967,0.0,0.0
2020-08-25 00:00:00+03:00,19.034537924529427,19.556707610312763,18.699561428618104,18.798084259033203,3878010,0.0,0.0
2020-08-26 00:00:00+03:00,18.817789391755934,19.507445453321136,18.748823973516085,19.2020263671875,6009091,0.0,0.0
2020-08-27 00:00:00+03:00,19.231585733842895,19.527152378941135,19.034540050999464,19.054244995117188,2808040,0.0,0.0
2020-08-28 00:00:00+03:00,19.034537897784478,19.231583558337814,18.748823757065505,18.94586753845215,1936067,0.0,0.0
2020-08-31 00:00:00+03:00,19.22173180166724,19.783309512195604,18.906460236399862,19.270992279052734,5775995,0.0,0.0
2020-09-01 00:00:00+03:00,19.477891754705333,20.748830574290185,19.408926329966906,19.6453800201416,10952711,0.0,0.0
2020-09-02 00:00:00+03:00,19.65523226217589,19.684787798622644,18.9163137843372,18.965574264526367,4273884,0.0,0.0
2020-09-03 00:00:00+03:00,18.96557213077361,19.142912846169587,18.67985611615417,18.709413528442383,3774649,0.0,0.0
2020-09-04 00:00:00+03:00,18.69956288745354,18.955721514850183,18.34488330112243,18.433551788330078,4746925,0.0,0.0
2020-09-07 00:00:00+03:00,18.45325632359078,18.81779025275191,18.423700788230953,18.64044952392578,2776751,0.0,0.0
2020-09-08 00:00:00+03:00,18.719266125699257,19.211878392165026,18.463107521637056,18.837493896484375,5833912,0.0,0.0
2020-09-09 00:00:00+03:00,18.867052170557933,19.073950329695613,18.541928102627526,18.57148551940918,4148569,0.0,0.0
2020-09-10 00:00:00+03:00,18.640449773036778,18.896608398190402,18.551779407438723,18.60103988647461,3144691,0.0,0.0
2020-09-11 00:00:00+03:00,18.719265753992527,18.92616199979983,18.630595397456073,18.748823165893555,3842186,0.0,0.0
2020-09-14 00:00:00+03:00,18.90645916161313,19.044389993784886,18.807936333276174,18.857196807861328,2663400,0.0,0.0
2020-09-15 00:00:00+03:00,18.896607919201667,19.349810328177952,18.86705050502926,19.103504180908203,7242698,0.0,0.0
2020-09-16 00:00:00+03:00,19.26114037738021,19.940945884572105,19.211879898537866,19.615821838378906,6552481,0.0,0.0
2020-09-17 00:00:00+03:00,19.64537662036433,19.704489562886355,19.07394649820729,19.142911911010742,2780119,0.0,0.0
2020-09-18 00:00:00+03:00,19.280845312929735,19.290697784527655,18.916313259640734,19.044391632080078,2003743,0.0,0.0
2020-09-21 00:00:00+03:00,19.024685480725978,19.123208311281704,18.630596037669775,18.650300979614258,2352434,0.0,0.0
2020-09-22 00:00:00+03:00,18.729117698464126,18.97542381988659,18.630594874061824,18.679855346679688,1939548,0.0,0.0
2020-09-23 00:00:00+03:00,18.748824831356593,18.827642724260784,18.60103963789029,18.64044952392578,1439860,0.0,0.0
2020-09-24 00:00:00+03:00,18.640451199128425,18.71926909911592,18.44340550957621,18.532075881958008,1873758,0.0,0.0
2020-09-25 00:00:00+03:00,18.62074269547144,18.679855639372423,18.46310692562441,18.492664337158203,1577484,0.0,0.0
2020-09-28 00:00:00+03:00,18.482813064024644,18.56163095405424,18.12813161930809,18.16754150390625,1918468,0.0,0.0
2020-09-29 00:00:00+03:00,18.206950035228417,18.492666069317554,18.009906244046363,18.08872413635254,2319102,0.0,0.0
2020-09-30 00:00:00+03:00,18.1576893365926,18.591188678592577,18.02960908867211,18.55177879333496,4265533,0.0,0.0
2020-10-01 00:00:00+03:00,18.620745315072757,18.640450258867414,18.226655835013936,18.246360778808594,1769337,0.0,0.0
2020-10-02 00:00:00+03:00,18.26606559753418,18.48281434029072,18.147837814742612,18.26606559753418,1380916,0.0,0.0
2020-10-05 00:00:00+03:00,18.403995450494044,18.827642320455467,18.3251775592803,18.699562072753906,2590538,0.0,0.0
2020-10-06 00:00:00+03:00,18.906461312465993,19.21188042380593,18.827643416663207,18.965574264526367,3668059,0.0,0.0
2020-10-07 00:00:00+03:00,19.0345381741522,19.202026424304336,18.817789447729847,18.90645980834961,2763426,0.0,0.0
2020-10-08 00:00:00+03:00,18.975425656406255,19.40892499823228,18.807937402462116,19.270992279052734,5114235,0.0,0.0
2020-10-09 00:00:00+03:00,19.418776964660903,19.921241762053224,19.310403530909777,19.497596740722656,4471486,0.0,0.0
2020-10-12 00:00:00+03:00,19.537003540927294,19.980355358012172,19.537003540927294,19.82271957397461,3376280,0.0,0.0
2020-10-13 00:00:00+03:00,19.901538654289244,19.921241719095306,19.448334338745912,19.6453800201416,2874852,0.0,0.0
2020-10-14 00:00:00+03:00,19.704492203628583,19.862127990924265,19.468038522685056,19.615821838378906,2439829,0.0,0.0
2020-10-15 00:00:00+03:00,19.57641184938822,21.359667687128177,19.546854437574865,20.354738235473633,18385176,0.0,0.0
2020-10-16 00:00:00+03:00,20.6700119158208,20.74882980964105,19.86212803437152,20.03946876525879,3352191,0.0,0.0
2020-10-19 00:00:00+03:00,20.216810302318624,21.911396026611328,20.17740041425357,21.911396026611328,10220234,0.0,0.0
2020-10-20 00:00:00+03:00,21.81287174353702,23.36952651502325,21.6749409027619,22.128143310546875,11500838,0.0,0.0
2020-10-21 00:00:00+03:00,22.48282266356323,22.561640547955655,21.261144515897353,21.28084945678711,3308742,0.0,0.0
2020-10-22 00:00:00+03:00,21.24144189152349,22.56164300844797,21.182328941574173,21.793169021606445,6170038,0.0,0.0
2020-10-23 00:00:00+03:00,21.911391791704467,23.093661896817363,21.911391791704467,22.5616397857666,7229480,0.0,0.0
2020-10-26 00:00:00+03:00,22.837507427056067,24.80795670457025,22.758689531122176,24.236526489257812,20928382,0.0,0.0
2020-10-27 00:00:00+03:00,24.532091583163282,25.950815499729778,22.56164242983022,22.738983154296875,24853853,0.0,0.0
2020-10-28 00:00:00+03:00,23.152777744023926,23.448344367812844,22.3448938851119,22.4237117767334,3677603,0.0,0.0
2020-10-30 00:00:00+03:00,22.167551923305403,22.167551923305403,20.63060218278956,21.162622451782227,4980246,0.0,0.0
2020-11-02 00:00:00+03:00,21.41878120754549,22.837505066903763,21.18232754418022,22.009916305541992,6751889,0.0,0.0
2020-11-03 00:00:00+03:00,22.266075752824026,22.620755321703765,21.45819190264414,21.59612274169922,2988554,0.0,0.0
2020-11-04 00:00:00+03:00,21.576418073171663,23.566572189331055,21.576418073171663,23.566572189331055,4543507,0.0,0.0
2020-11-05 00:00:00+03:00,24.25623060891719,24.433569459368133,23.073960330910072,23.211891174316406,8643802,0.0,0.0
2020-11-06 00:00:00+03:00,23.290707800659664,23.803025018539383,22.975436244784976,23.113367080688477,3200963,0.0,0.0
2020-11-09 00:00:00+03:00,25.221750623718876,25.221750623718876,22.719279189311408,22.876914978027344,8682999,0.0,0.0
2020-11-10 00:00:00+03:00,23.054255092016366,24.926181442204996,22.660165630792463,24.118297576904297,5463362,0.0,0.0
2020-11-11 00:00:00+03:00,24.49268439039588,25.241455319020897,23.940957256145776,24.630615234375,6119281,0.0,0.0
2020-11-12 00:00:00+03:00,24.551796195723806,24.61090914336264,22.837505680863885,23.073959350585938,6029748,0.0,0.0
2020-11-13 00:00:00+03:00,23.172481880239904,23.78332004925556,23.152776938228637,23.408935546875,3211544,0.0,0.0
2020-11-16 00:00:00+03:00,23.60597905288719,24.059183318002447,23.349822326409015,23.44834327697754,2894492,0.0,0.0
2020-11-17 00:00:00+03:00,23.566571758283168,24.689727165258876,23.546866815909308,23.921253204345703,6803752,0.0,0.0
2020-11-18 00:00:00+03:00,24.335048300000793,24.394161249660005,23.428641595503457,23.527162551879883,2542001,0.0,0.0
2020-11-19 00:00:00+03:00,23.48775429756072,23.743912915606,22.936029055168383,23.566572189331055,2009508,0.0,0.0
2020-11-20 00:00:00+03:00,23.645388688686623,24.0591830659053,23.448343031280903,23.48775291442871,1955045,0.0,0.0
2020-11-23 00:00:00+03:00,23.546866409599524,23.822729960573227,22.99514118681882,23.113367080688477,2338322,0.0,0.0
2020-11-24 00:00:00+03:00,23.251300258675904,23.290708264361477,22.620755255206113,22.75868797302246,2155621,0.0,0.0
2020-11-25 00:00:00+03:00,22.758688307938932,23.586277110348842,22.71927842250667,22.995141983032227,3231977,0.0,0.0
2020-11-26 00:00:00+03:00,23.09366594549302,24.07889057942332,23.054256058135714,23.68480110168457,6851829,0.0,0.0
2020-11-27 00:00:00+03:00,23.921251181947355,24.3350455409809,23.546864825163084,23.645387649536133,3861916,0.0,0.0
2020-11-30 00:00:00+03:00,23.743913966507677,25.970521856527366,23.70450407929485,25.123228073120117,16246363,0.0,0.0
2020-12-01 00:00:00+03:00,25.103522298850955,25.103522298850955,23.9212539090896,24.09859275817871,5456036,0.0,0.0
2020-12-02 00:00:00+03:00,24.236526086425688,24.31534398104956,23.625685993715564,23.72420883178711,3084049,0.0,0.0
2020-12-03 00:00:00+03:00,23.783321578841402,23.842436408677077,23.349824101714052,23.468050003051758,1876153,0.0,0.0
2020-12-04 00:00:00+03:00,23.38923210910435,24.23652587841413,23.349824101714052,23.468050003051758,3343676,0.0,0.0
2020-12-07 00:00:00+03:00,23.3498226000079,24.039478657901924,23.31041271598537,23.408935546875,2028426,0.0,0.0
2020-12-08 00:00:00+03:00,23.42864021436384,23.901547542092796,23.408935272583463,23.44834327697754,1915815,0.0,0.0
2020-12-09 00:00:00+03:00,23.487755345194007,25.300568815936064,23.487755345194007,23.98036766052246,9421450,0.0,0.0
2020-12-10 00:00:00+03:00,24.059183890049297,24.748841835426788,23.743912330733888,23.940956115722656,3081135,0.0,0.0
2020-12-11 00:00:00+03:00,23.901547395171068,24.2759318908635,23.586275845289723,23.76361656188965,1714757,0.0,0.0
2020-12-14 00:00:00+03:00,24.2365258384735,24.788251095196163,23.901549319957326,24.33504867553711,3957117,0.0,0.0
2020-12-15 00:00:00+03:00,24.591205799481887,24.847364428122344,24.236526211428583,24.27593421936035,1694562,0.0,0.0
2020-12-16 00:00:00+03:00,24.374454313816155,24.433567258642178,23.74391122456086,23.822729110717773,1746540,0.0,0.0
2020-12-17 00:00:00+03:00,23.921254103248696,24.236525676410654,23.665095480262902,23.783321380615234,1000249,0.0,0.0
2020-12-18 00:00:00+03:00,23.803026323729558,23.960662110310537,23.724208430439067,23.783321380615234,753215,0.0,0.0
2020-12-21 00:00:00+03:00,24.33504618518255,24.78824855846262,23.8227289882138,23.84243392944336,2422119,0.0,0.0
2020-12-22 00:00:00+03:00,23.881844092219428,24.039479877976643,23.743913249473565,23.80302619934082,1311969,0.0,0.0
2020-12-23 00:00:00+03:00,23.842435162811636,24.236524611955893,23.763617272982785,23.940956115722656,2932511,0.0,0.0
2020-12-24 00:00:00+03:00,23.980363694388203,24.74883945570175,23.940953813679876,24.295635223388672,8548722,0.0,0.0
2020-12-25 00:00:00+03:00,24.610910410389106,24.689728304354183,23.940957372102535,24.039480209350586,2159131,0.0,0.0
2020-12-28 00:00:00+03:00,24.059183890049297,24.29563755953585,23.940956115722656,23.940956115722656,1788971,0.0,0.0
2020-12-29 00:00:00+03:00,24.07888935931739,24.138002308191165,23.84243568465553,23.862138748168945,1080708,0.0,0.0
2020-12-30 00:00:00+03:00,23.901548261971843,24.354750661570204,23.82273037164314,23.921253204345703,3308263,0.0,0.0
2020-12-31 00:00:00+03:00,23.940955000369822,24.157705596676305,23.66509333840395,23.822729110717773,1460340,0.0,0.0
2021-01-04 00:00:00+03:00,23.940955746065487,24.31534212634691,23.940955746065487,24.000070571899414,1923290,0.0,0.0
2021-01-05 00:00:00+03:00,24.1182977011331,24.41386620794853,23.9212539090896,24.09859275817871,2092235,0.0,0.0
2021-01-06 00:00:00+03:00,24.138002415822843,25.064114055086414,24.098592530286755,24.70943260192871,6141520,0.0,0.0
2021-01-07 00:00:00+03:00,24.78824949161403,25.7340660354051,24.78824949161403,25.43849754333496,4389725,0.0,0.0
2021-01-08 00:00:00+03:00,25.517315432053657,25.812883924123796,25.12322598846017,25.43849754333496,2461319,0.0,0.0
2021-01-11 00:00:00+03:00,25.438496572136092,26.817810511636765,25.26115585949792,26.16756248474121,6637082,0.0,0.0
2021-01-12 00:00:00+03:00,26.24638123887981,27.19219777785597,26.108450404115935,26.325199127197266,3761282,0.0,0.0
2021-01-13 00:00:00+03:00,26.404021066378938,26.660179712501808,25.694659962692747,26.009931564331055,1983451,0.0,0.0
2021-01-14 00:00:00+03:00,26.069040935003056,26.088745877187502,25.300566981476923,25.399089813232422,1456689,0.0,0.0
2021-01-15 00:00:00+03:00,25.202046625589468,25.458205261652303,24.729139241704342,25.02470588684082,1234737,0.0,0.0
2021-01-18 00:00:00+03:00,25.12322762619626,25.635544875848144,25.08381773968451,25.477909088134766,1672348,0.0,0.0
2021-01-19 00:00:00+03:00,25.51731635901162,25.596134250593504,25.202044792684077,25.300567626953125,1351568,0.0,0.0
2021-01-20 00:00:00+03:00,25.26115660262783,25.458202262281716,24.926180108716228,25.18233871459961,1355964,0.0,0.0
2021-01-21 00:00:00+03:00,25.22174874168244,26.285791175700034,25.162635795116657,26.029632568359375,3561064,0.0,0.0
2021-01-22 00:00:00+03:00,26.206973287223423,26.738993564648872,25.497610411767234,26.029632568359375,3173843,0.0,0.0
2021-01-25 00:00:00+03:00,26.69958486705434,28.453283309936523,26.601062039223887,28.453283309936523,11161255,0.0,0.0
2021-01-26 00:00:00+03:00,28.45328517232593,28.985307349933528,27.3104248046875,27.3104248046875,4747740,0.0,0.0
2021-01-27 00:00:00+03:00,27.310423383568807,28.47298863340146,25.339974317185774,25.497610092163086,4237211,0.0,0.0
2021-01-28 00:00:00+03:00,24.610909251647797,27.33012928416574,24.453273471139518,27.09367561340332,6917736,0.0,0.0
2021-01-29 00:00:00+03:00,27.093677947881528,29.300580944318032,26.64047550966253,27.88185691833496,7042152,0.0,0.0
2021-02-01 00:00:00+03:00,28.2168318001596,28.492695363266417,27.468060882441197,27.84244728088379,2820970,0.0,0.0
2021-02-02 00:00:00+03:00,27.940969059171845,30.246394674644183,27.763628338109864,29.73407745361328,8710043,0.0,0.0
2021-02-03 00:00:00+03:00,30.20698406665712,31.92127640974203,29.91141745807926,31.29073143005371,6267648,0.0,0.0
2021-02-04 00:00:00+03:00,31.960685693666164,32.25625608979059,30.541963577270508,30.541963577270508,4165446,0.0,0.0
2021-02-05 00:00:00+03:00,30.541962260535716,31.271028230932362,30.147872800749255,30.167577743530273,2691433,0.0,0.0
2021-02-08 00:00:00+03:00,30.404030521034347,30.798119969176387,29.95082624629596,30.009939193725586,1936895,0.0,0.0
2021-02-09 00:00:00+03:00,30.049349511422836,30.147872344670684,29.083829879760742,29.083829879760742,1856105,0.0,0.0
2021-02-10 00:00:00+03:00,29.280875372418624,31.980390637296704,29.261172307954936,30.541963577270508,12786692,0.0,0.0
2021-02-11 00:00:00+03:00,30.305509363763658,30.93605251563212,29.99023778782943,30.04935073852539,2833559,0.0,0.0
2021-02-12 00:00:00+03:00,30.049350508696488,31.665118262584823,29.950827672178875,31.23162078857422,5150878,0.0,0.0
2021-02-15 00:00:00+03:00,31.330139512518905,33.2020676354105,31.113390790964793,32.72916030883789,4435818,0.0,0.0
2021-02-16 00:00:00+03:00,32.76856796217971,34.40404061889102,31.940979162498472,33.93113327026367,5189011,0.0,0.0
2021-02-17 00:00:00+03:00,34.08877043946585,34.876953144232196,32.78827423826852,33.43852233886719,4183647,0.0,0.0
2021-02-18 00:00:00+03:00,33.65527203913436,34.955768204805416,33.00502395629883,33.00502395629883,3342253,0.0,0.0
2021-02-19 00:00:00+03:00,33.24148169340966,34.187296465332274,32.27595821894644,33.53704833984375,3746099,0.0,0.0
2021-02-22 00:00:00+03:00,33.83261450834867,35.13311074095454,33.10354661633204,33.32029724121094,3640492,0.0,0.0
2021-02-23 00:00:00+03:00,33.674977982594726,33.85231871575841,31.33014232280112,31.428665161132812,1935090,0.0,0.0
2021-02-24 00:00:00+03:00,31.192208696837906,31.763640732403275,29.537031173706055,29.537031173706055,2388120,0.0,0.0
2021-02-25 00:00:00+03:00,30.541961638466393,30.896643084633553,28.35476377182463,29.970531463623047,1969785,0.0,0.0
2021-02-26 00:00:00+03:00,28.847375755534024,29.950826208956062,28.571512202595155,29.438508987426758,1465978,0.0,0.0
2021-03-01 00:00:00+03:00,29.753784039779042,31.271028965383586,29.753784039779042,30.91634750366211,1941316,0.0,0.0
2021-03-02 00:00:00+03:00,31.034575766195214,31.625709039360693,30.404032605929718,30.561668395996094,1501792,0.0,0.0
2021-03-03 00:00:00+03:00,31.014870869995526,31.389257281349874,30.4631456039209,30.8375301361084,1111490,0.0,0.0
2021-03-04 00:00:00+03:00,30.620780756873923,31.70452820205235,30.266099296482157,31.507482528686523,1498955,0.0,0.0
2021-03-05 00:00:00+03:00,31.389255746885617,32.118319832040214,30.640484839947447,30.77841567993164,2864126,0.0,0.0
2021-03-08 00:00:00+03:00,31.527186467944958,31.82275308941524,29.832600871792945,29.931121826171875,3530189,0.0,0.0
2021-03-09 00:00:00+03:00,30.049351527050238,30.26610027140102,29.16264972667557,29.35969352722168,1788198,0.0,0.0
2021-03-10 00:00:00+03:00,29.497622140901903,31.921275395030754,29.241463544666065,31.152799606323242,4887198,0.0,0.0
2021-03-11 00:00:00+03:00,31.03457481063577,31.921278451415937,30.00994032758615,30.1281681060791,2238159,0.0,0.0
2021-03-12 00:00:00+03:00,30.14787483215332,30.837530963457883,29.75378534581258,30.14787483215332,1321853,0.0,0.0
2021-03-15 00:00:00+03:00,30.14787190995034,30.660189132118354,29.93112130409718,30.009939193725586,927143,0.0,0.0
2021-03-16 00:00:00+03:00,30.009937956043522,30.3646193843268,29.773484296910215,29.91141700744629,1134559,0.0,0.0
2021-03-17 00:00:00+03:00,29.911420015119027,30.128168754660894,29.399102762565345,29.458215713500977,1348624,0.0,0.0
2021-03-18 00:00:00+03:00,29.477918481731095,29.85230298225385,28.571511824544398,28.630624771118164,1095600,0.0,0.0
2021-03-19 00:00:00+03:00,28.63062751895065,30.226692262958544,28.374468886990524,29.35969352722168,2250319,0.0,0.0
2021-03-22 00:00:00+03:00,27.48776570357095,28.000082941713995,26.423723220825195,26.423723220825195,1372227,0.0,0.0
2021-03-23 00:00:00+03:00,25.596132872280098,29.064123673470473,24.000070183900814,28.985305786132812,3283024,0.0,0.0
2021-03-24 00:00:00+03:00,29.06412475389514,29.990236373914755,28.82767108309227,29.39910125732422,3050000,0.0,0.0
2021-03-25 00:00:00+03:00,29.399100693089082,29.9902357983344,28.9064884185791,28.9064884185791,2892372,0.0,0.0
2021-03-26 00:00:00+03:00,29.300580198724635,30.640486293566617,28.985308618565778,29.990238189697266,4081200,0.0,0.0
2021-03-29 00:00:00+03:00,30.029644848771927,30.463144191601994,29.6158504486084,29.6158504486084,1827739,0.0,0.0
2021-03-30 00:00:00+03:00,29.61585261621815,31.211917384856758,29.61585261621815,30.14787483215332,3312504,0.0,0.0
2021-03-31 00:00:00+03:00,30.167577129086297,30.52225669608672,29.950826521243375,29.970531463623047,1078274,0.0,0.0
2021-04-01 00:00:00+03:00,30.344917821607197,31.034575813575618,30.04935118457322,30.8375301361084,2117313,0.0,0.0
2021-04-02 00:00:00+03:00,31.09368521208766,32.35477326960683,31.09368521208766,31.665115356445312,2600990,0.0,0.0
2021-04-05 00:00:00+03:00,31.684822394311926,32.49270625056717,31.330140943598206,31.34984588623047,1059493,0.0,0.0
2021-04-06 00:00:00+03:00,31.38925486545118,31.38925486545118,30.266097596999668,30.620779037475586,1180654,0.0,0.0
2021-04-07 00:00:00+03:00,30.699598083532262,30.75871103278379,29.793191385286118,29.87200927734375,792814,0.0,0.0
2021-04-08 00:00:00+03:00,30.069055432852117,30.719303522624354,29.931122710147807,30.088760375976562,2103087,0.0,0.0
2021-04-09 00:00:00+03:00,30.14787193144252,30.71930210144753,28.51239931111209,29.142942428588867,2219566,0.0,0.0
2021-04-12 00:00:00+03:00,29.24179853605777,31.653901451163083,28.64865822768223,31.001447677612305,3762298,0.1,0.0
2021-04-13 00:00:00+03:00,30.90259248501608,31.139848245382627,29.577913075480318,29.597684860229492,1622978,0.0,0.0
2021-04-14 00:00:00+03:00,29.755854299096903,30.21059401875859,29.261571011356224,29.69654083251953,1358153,0.0,0.0
2021-04-15 00:00:00+03:00,29.736084488270087,29.953568470512884,29.004545400135704,29.162715911865234,1075519,0.0,0.0
2021-04-16 00:00:00+03:00,29.04408369801621,30.171050819582526,28.885913204733395,29.479053497314453,1476276,0.0,0.0
2021-04-19 00:00:00+03:00,29.55813965582383,29.953565901229755,28.332317352294922,28.332317352294922,1118042,0.0,0.0
2021-04-20 00:00:00+03:00,28.54980152535148,29.281342441646064,27.462379813892085,28.312545776367188,1299257,0.0,0.0
2021-04-21 00:00:00+03:00,28.589345864664818,28.609117648999145,26.473813964961202,26.829696655273438,1095155,0.0,0.0
2021-04-22 00:00:00+03:00,26.7703825139831,27.640320261844145,25.999299914223183,27.600778579711914,898480,0.0,0.0
2021-04-26 00:00:00+03:00,27.67986520352539,29.04408630177531,27.67986520352539,28.707975387573242,879395,0.0,0.0
2021-04-27 00:00:00+03:00,28.806829776755038,30.44785016232262,28.806829776755038,30.190824508666992,1265611,0.0,0.0
2021-04-28 00:00:00+03:00,30.44785059739672,30.44785059739672,29.61745450060034,29.973339080810547,805730,0.0,0.0
2021-04-29 00:00:00+03:00,29.97333865251682,30.724649485813238,29.95356686822296,30.190824508666992,731213,0.0,0.0
2021-04-30 00:00:00+03:00,30.190824925945783,30.507165936855255,29.87448202949516,30.151281356811523,689002,0.0,0.0
2021-05-03 00:00:00+03:00,30.250138764480653,31.179391909560618,29.993111218584442,30.645565032958984,1608745,0.0,0.0
2021-05-04 00:00:00+03:00,30.7444223386761,31.00144988680624,30.250139027396873,30.26991081237793,1005578,0.0,0.0
2021-05-05 00:00:00+03:00,30.36876554070872,30.487394363391772,29.75585529921294,30.13150978088379,1278994,0.0,0.0
2021-05-06 00:00:00+03:00,30.269908468177455,31.02121738386181,30.151279653019316,30.309450149536133,1290029,0.0,0.0
2021-05-07 00:00:00+03:00,30.46762310195343,31.456189727639348,30.447851316909823,31.139848709106445,1793481,0.0,0.0
2021-05-10 00:00:00+03:00,29.656997493695012,29.953566714415512,29.024315483869344,29.320884704589844,4113464,0.0,0.0
2021-05-11 00:00:00+03:00,29.28134414389144,29.439514652409404,28.648660224278387,28.866146087646484,1339437,0.0,0.0
2021-05-12 00:00:00+03:00,28.925458711904863,29.063857431429497,28.648659387314456,28.767288208007812,279830,0.0,0.0
2021-05-17 00:00:00+03:00,28.767286747042615,28.945229026275168,27.95666248435302,28.193918228149414,1359764,0.0,0.0
2021-05-18 00:00:00+03:00,28.292777611206265,28.3916327651827,27.739178944124003,27.9764347076416,1107608,0.0,0.0
2021-05-20 00:00:00+03:00,27.9764347076416,28.66843209872383,27.81826419862987,27.9764347076416,1102482,0.0,0.0
2021-05-21 00:00:00+03:00,28.075291105049974,28.648659658489304,27.996205852352865,28.21369171142578,1158094,0.0,0.0
2021-05-24 00:00:00+03:00,28.253231486920143,28.352088517500505,27.936890497495813,28.035747528076172,870259,0.0,0.0
2021-05-25 00:00:00+03:00,28.114835495745282,28.233462435486903,26.71107080519469,26.73084259033203,1020812,0.0,0.0
2021-05-26 00:00:00+03:00,26.790156714224445,27.1460394276786,25.762046488478262,26.49358558654785,965007,0.0,0.0
2021-05-27 00:00:00+03:00,26.493583745533467,26.592440781222848,25.722503015346767,25.781816482543945,1043548,0.0,0.0
2021-05-28 00:00:00+03:00,25.70273225879752,26.15747200139339,25.089820121449605,26.03884506225586,1171532,0.0,0.0
2021-05-31 00:00:00+03:00,26.038842959016016,26.27609870366838,25.366617406397122,25.52478790283203,689344,0.0,0.0
2021-06-01 00:00:00+03:00,25.5445613861084,25.762045361793387,25.406162663903512,25.5445613861084,442154,0.0,0.0
2021-06-02 00:00:00+03:00,25.327077232190096,25.62364645926815,24.714165107876646,25.20844841003418,693143,0.0,0.0
2021-06-03 00:00:00+03:00,25.129362512786397,25.762044519952713,25.050277261890606,25.26776123046875,859908,0.0,0.0
2021-06-04 00:00:00+03:00,25.267760807843576,25.70273062326573,25.228219125827607,25.485246658325195,574219,0.0,0.0
2021-06-07 00:00:00+03:00,25.603873589914183,25.86090112241177,25.445703090768145,25.485246658325195,758203,0.0,0.0
2021-06-08 00:00:00+03:00,25.505016993219776,25.58410224414677,25.089818954467773,25.089818954467773,692073,0.0,0.0
2021-06-09 00:00:00+03:00,25.089818996816057,25.168904247876537,24.733936309814453,24.733936309814453,593443,0.0,0.0
2021-06-10 00:00:00+03:00,24.714164929256015,25.168904658894572,24.694393144782733,24.87233543395996,686289,0.0,0.0
2021-06-11 00:00:00+03:00,24.872332672823557,24.971189698674458,24.635076942105957,24.773475646972656,393368,0.0,0.0
2021-06-14 00:00:00+03:00,24.832793145002753,24.990963645849686,24.55599382575007,24.57576560974121,302486,0.0,0.0
2021-06-15 00:00:00+03:00,24.575766709896882,24.7537090027007,24.12102508544922,24.12102508544922,461682,0.0,0.0
2021-06-16 00:00:00+03:00,24.121024696051023,24.33851055509634,23.765142001729775,23.804683685302734,439426,0.0,0.0
2021-06-17 00:00:00+03:00,23.646509985858106,23.824452251753623,23.013828049821523,23.033597946166992,662865,0.0,0.0
2021-06-18 00:00:00+03:00,23.073143663598596,23.409256444876192,22.539316816084387,22.65794563293457,552671,0.0,0.0
2021-06-21 00:00:00+03:00,22.61840162354602,23.58719826652751,22.26251895103096,23.05337142944336,919425,0.0,0.0
2021-06-22 00:00:00+03:00,23.07314399159724,25.01073357187932,23.07314399159724,24.04193878173828,1799323,0.0,0.0
2021-06-23 00:00:00+03:00,24.10125159794074,24.813020718873098,24.002396451625515,24.279193878173828,860593,0.0,0.0
2021-06-24 00:00:00+03:00,24.318737436777223,24.71416367852542,24.318737436777223,24.63507843017578,543108,0.0,0.0
2021-06-25 00:00:00+03:00,24.773479025882814,25.44570463070617,24.753709126448925,24.990964889526367,1106843,0.0,0.0
2021-06-28 00:00:00+03:00,25.03050471219688,25.129361744178247,23.863995883007053,23.923311233520508,736278,0.0,0.0
2021-06-29 00:00:00+03:00,23.8244558379956,24.674621846133117,23.290628959953292,24.298967361450195,776288,0.0,0.0
2021-06-30 00:00:00+03:00,24.338510354699523,24.536222542018717,23.567427733193586,23.646512985229492,714704,0.0,0.0
2021-07-01 00:00:00+03:00,23.88376786796336,24.21988064821038,23.725597369675477,24.08148193359375,441384,0.0,0.0
2021-07-02 00:00:00+03:00,24.002397296679156,24.516450486456204,23.7255979748445,24.200109481811523,989763,0.0,0.0
2021-07-05 00:00:00+03:00,24.219882897634186,24.852564949546124,24.081484170163762,24.75370979309082,832703,0.0,0.0
2021-07-06 00:00:00+03:00,24.635080145161584,24.793250652871997,24.338510914589857,24.476909637451172,511685,0.0,0.0
2021-07-07 00:00:00+03:00,24.9118794934016,25.228220509037996,24.219882107541096,24.298967361450195,1118980,0.0,0.0
2021-07-08 00:00:00+03:00,24.318738728782556,24.55599448643639,23.943082365008117,24.338510513305664,516752,0.0,0.0
2021-07-09 00:00:00+03:00,24.259425777246435,25.16890525817871,23.962854659709166,25.16890525817871,905776,0.0,0.0
2021-07-12 00:00:00+03:00,25.22821852048142,25.54455951118296,24.69439168451679,24.832792282104492,727740,0.0,0.0
2021-07-13 00:00:00+03:00,24.73393570434184,24.911877986257274,24.121023609471017,24.259424209594727,399129,0.0,0.0
2021-07-14 00:00:00+03:00,24.239652398430596,24.65485042724858,24.21988061478663,24.43736457824707,325654,0.0,0.0
2021-07-16 00:00:00+03:00,24.53622139835347,24.872334175224697,24.358279118181517,24.63507843017578,432660,0.0,0.0
2021-07-19 00:00:00+03:00,24.595536575463388,24.595536575463388,24.25942566073465,24.476909637451172,199067,0.0,0.0
2021-07-26 00:00:00+03:00,24.59553442773329,24.892105517949034,24.318737006181152,24.674619674682617,673474,0.0,0.0
2021-07-27 00:00:00+03:00,24.674620513815732,25.28753261267267,24.536221798333006,24.951419830322266,815911,0.0,0.0
2021-07-28 00:00:00+03:00,25.0107343494056,25.247991993854523,24.911879197349904,25.030506134033203,414134,0.0,0.0
2021-07-29 00:00:00+03:00,25.168904424732325,25.366618496543374,25.070049274367932,25.24799156188965,423039,0.0,0.0
2021-07-30 00:00:00+03:00,25.22822019465036,25.267761878341556,24.931649082031143,25.20844841003418,294536,0.0,0.0
2021-08-02 00:00:00+03:00,25.208448556843283,26.19701516691557,25.149135088190476,25.90044593811035,899644,0.0,0.0
2021-08-03 00:00:00+03:00,25.90044483878138,26.374956338945836,25.485246804752204,26.35518455505371,569407,0.0,0.0
2021-08-04 00:00:00+03:00,26.414498239220926,26.73084112748283,26.157470703125,26.157470703125,900560,0.0,0.0
2021-08-05 00:00:00+03:00,26.177242287107468,26.37495635506739,25.74227435446139,25.999300003051758,593404,0.0,0.0
2021-08-06 00:00:00+03:00,25.99930090985298,26.236558553896376,25.465475924608246,25.564332962036133,611005,0.0,0.0
2021-08-09 00:00:00+03:00,25.56433419586722,26.019073950225334,25.465477153668118,25.801589965820312,420353,0.0,0.0
2021-08-10 00:00:00+03:00,25.82135964271726,26.07838529168767,25.425931506212724,25.643417358398438,531289,0.0,0.0
2021-08-11 00:00:00+03:00,25.682959769559343,25.682959769559343,24.476909198510093,24.516450881958008,1130243,0.0,0.0
2021-08-12 00:00:00+03:00,24.714163240927792,24.951418981775777,24.417594036253067,24.674619674682617,496576,0.0,0.0
2021-08-13 00:00:00+03:00,24.753705750235227,24.872332672823557,24.516448133976688,24.773475646972656,285705,0.0,0.0
2021-08-16 00:00:00+03:00,24.595536169941454,24.65485152351078,24.121024654633782,24.338510513305664,952138,0.0,0.0
2021-08-17 00:00:00+03:00,24.358280313003178,26.394728857595048,24.358280313003178,25.40616226196289,6491760,0.0,0.0
2021-08-18 00:00:00+03:00,25.623646071515395,25.702731323242187,24.575766014750116,24.71416473388672,2114846,0.0,0.0
2021-08-19 00:00:00+03:00,24.714165188240603,24.832794010782273,24.378052390837237,24.496681213378906,752097,0.0,0.0
2021-08-20 00:00:00+03:00,24.496679956968283,24.79324916979996,24.0419383603465,24.259424209594727,1320669,0.0,0.0
2021-08-23 00:00:00+03:00,24.397822518892163,24.437364200027037,23.547654690770376,23.58719825744629,1626193,0.0,0.0
2021-08-24 00:00:00+03:00,23.68605402946773,23.82445463095261,23.429028381441004,23.527883529663086,671078,0.0,0.0
2021-08-25 00:00:00+03:00,23.54765709819911,23.606970568735942,23.013832092285156,23.013832092285156,1107650,0.0,0.0
2021-08-26 00:00:00+03:00,23.17199853383067,23.646509985858106,22.934742807816953,23.033597946166992,1837421,0.0,0.0
2021-08-27 00:00:00+03:00,23.15222950632883,23.52788397915635,23.073144254915608,23.310400009155273,1216625,0.0,0.0
2021-08-31 00:00:00+03:00,23.448797226282,23.686052965329832,23.33017029952859,23.626739501953125,576137,0.0,0.0
2021-09-01 00:00:00+03:00,23.686054021809603,23.903539873126487,23.5278835220561,23.705825805664062,611948,0.0,0.0
2021-09-02 00:00:00+03:00,23.725598832280497,24.10125331748682,23.70582704739038,23.943082809448242,647389,0.0,0.0
2021-09-03 00:00:00+03:00,23.962853581081152,24.041938831756358,23.4092568263547,23.508113861083984,620121,0.0,0.0
2021-09-06 00:00:00+03:00,23.5278835220561,23.765141157227443,23.429028373865975,23.705825805664062,558766,0.0,0.0
2021-09-07 00:00:00+03:00,23.7255984974566,23.765142066678784,23.231315195426255,23.270858764648438,651211,0.0,0.0
2021-09-08 00:00:00+03:00,23.270858137633077,23.527883788487276,22.954515249002696,22.974287033081055,825530,0.0,0.0
2021-09-09 00:00:00+03:00,22.974285747863167,23.44879722595215,22.83588703813913,23.44879722595215,595706,0.0,0.0
2021-09-10 00:00:00+03:00,23.527883567370022,23.646512385184167,23.013830384951632,23.172000885009766,712975,0.0,0.0
2021-09-13 00:00:00+03:00,23.1522267519443,23.231311993948875,22.934742807816953,23.033597946166992,380404,0.0,0.0
2021-09-14 00:00:00+03:00,23.05337207516582,23.191770791379266,22.895201575053004,22.99405860900879,425506,0.0,0.0
2021-09-15 00:00:00+03:00,22.994059436716626,23.330172232940555,22.895202399202326,23.270858764648438,745180,0.0,0.0
2021-09-16 00:00:00+03:00,23.27085555772161,23.27085555772161,22.934742807816953,23.033597946166992,496598,0.0,0.0
2021-09-17 00:00:00+03:00,23.033599024202317,23.132456052720038,22.8952003156021,22.934743881225586,439711,0.0,0.0
2021-09-20 00:00:00+03:00,22.8952029616341,22.8952029616341,21.985721588134766,21.985721588134766,662100,0.0,0.0
2021-09-21 00:00:00+03:00,22.203205177433237,22.222976962182614,21.649608403238904,21.66938018798828,570527,0.0,0.0
2021-09-22 00:00:00+03:00,21.72869407624732,21.94617994160748,21.254182546347135,21.629837036132812,536985,0.0,0.0
2021-09-23 00:00:00+03:00,21.669379737398796,22.14389124826988,21.61006626992519,21.886863708496094,701994,0.0,0.0
2021-09-24 00:00:00+03:00,21.84732296311132,21.88686464794392,21.254182606292584,21.273954391479492,426375,0.0,0.0
2021-09-27 00:00:00+03:00,21.333266795371898,21.6891513687861,21.254181544117756,21.37281036376953,518955,0.0,0.0
2021-09-28 00:00:00+03:00,21.392579179758716,21.649606704711914,21.254180468453544,21.649606704711914,591149,0.0,0.0
2021-09-29 00:00:00+03:00,21.74846497742116,22.302061739804003,21.74846497742116,22.06480598449707,864764,0.0,0.0
2021-09-30 00:00:00+03:00,22.084577768824598,22.183434804921102,21.788008546076217,22.06480598449707,573306,0.0,0.0
2021-10-01 00:00:00+03:00,22.025265899883497,22.737033217461345,21.90663707084989,22.618404388427734,654330,0.0,0.0
2021-10-04 00:00:00+03:00,22.61840399110589,22.697489247225302,22.400920008162814,22.480005264282227,638503,0.0,0.0
2021-10-05 00:00:00+03:00,22.48000337025497,22.65794565291663,22.12411880493164,22.12411880493164,605014,0.0,0.0
2021-10-06 00:00:00+03:00,22.08457762505681,22.16366287631095,21.37281036376953,21.37281036376953,598315,0.0,0.0
2021-10-07 00:00:00+03:00,21.57052229970114,21.86709340263058,21.451895366962244,21.748464584350586,452479,0.0,0.0
2021-10-08 00:00:00+03:00,21.788007093154462,22.02526283264012,21.708919961118237,21.847320556640625,431954,0.0,0.0
2021-10-11 00:00:00+03:00,21.886863230362906,22.994058617082484,21.86709333199768,22.816116333007812,1201173,0.0,0.0
2021-10-12 00:00:00+03:00,22.65794476247051,23.76514009688581,22.420689023426018,23.44879722595215,1881503,0.0,0.0
2021-10-13 00:00:00+03:00,23.468569903846795,23.626740402574608,22.75680265957164,22.835887908935547,971925,0.0,0.0
2021-10-14 00:00:00+03:00,22.83588767034812,23.429027977150877,22.79634410330878,23.2115421295166,836927,0.0,0.0
2021-10-15 00:00:00+03:00,23.231314978242928,23.369713698144402,22.895202185161228,23.112686157226562,478861,0.0,0.0
2021-10-18 00:00:00+03:00,23.23131475774205,23.468570511981717,23.15222950632883,23.310400009155273,469929,0.0,0.0
2021-10-19 00:00:00+03:00,23.409256175650235,23.982624698492906,23.38948439214575,23.923311233520508,816761,0.0,0.0
2021-10-20 00:00:00+03:00,24.022166177635125,24.061709744311038,23.547654690770376,23.58719825744629,515006,0.0,0.0
2021-10-21 00:00:00+03:00,23.527881845567652,23.587197192904494,22.934743456526867,23.330169677734375,680507,0.0,0.0
2021-10-22 00:00:00+03:00,23.33017134767783,23.725597597189434,23.310399563816976,23.527883529663086,551138,0.0,0.0
2021-10-25 00:00:00+03:00,23.429030072295305,23.804684565056743,23.3301730313977,23.547657012939453,506660,0.0,0.0
2021-10-26 00:00:00+03:00,23.58719908067841,23.982625333533395,23.58719908067841,23.686054229736328,588462,0.0,0.0
2021-10-27 00:00:00+03:00,23.686054260947373,23.784911295676658,23.36971325824654,23.508113861083984,842732,0.0,0.0
2021-10-28 00:00:00+03:00,23.527881845567652,23.567425410458878,23.251084433492874,23.330169677734375,233228,0.0,0.0
2021-11-01 00:00:00+03:00,23.3301713850679,23.34994316896044,23.0929156349807,23.172000885009766,629206,0.0,0.0
2021-11-02 00:00:00+03:00,23.191770553588867,23.48834165241541,23.17200065543329,23.191770553588867,594085,0.0,0.0
2021-11-03 00:00:00+03:00,23.19177079952238,23.567427151578045,22.203204230699615,22.816116333007812,920740,0.0,0.0
2021-11-04 00:00:00+03:00,22.934745283270402,24.417595145062684,22.934745283270402,23.863996505737305,2167676,0.0,0.0
2021-11-05 00:00:00+03:00,23.8837684876033,24.55599406553755,23.8837684876033,24.022167205810547,1522765,0.0,0.0
2021-11-08 00:00:00+03:00,23.705825386053288,24.022166379960822,23.073143398238216,23.923311233520508,2090885,0.0,0.0
2021-11-09 00:00:00+03:00,23.92331372381352,24.53622399192489,23.369715041307526,24.21988296508789,1674507,0.0,0.0
2021-11-10 00:00:00+03:00,24.27919536799253,24.91187927937079,24.239653684148294,24.31873893737793,1542942,0.0,0.0
2021-11-11 00:00:00+03:00,24.397822728961557,24.59553490742035,23.74536895751953,23.74536895751953,1239776,0.0,0.0
2021-11-12 00:00:00+03:00,23.824454623249736,24.18033730492457,23.62674055578731,23.705825805664062,857146,0.0,0.0
2021-11-15 00:00:00+03:00,23.82445420153914,24.061709946969792,23.78491063453017,23.923311233520508,1251682,0.0,0.0
2021-11-16 00:00:00+03:00,23.94308218411027,24.51645073216034,23.725598212622703,24.002397537231445,1993308,0.0,0.0
2021-11-17 00:00:00+03:00,24.06171011671702,24.87233439070902,24.022166549429084,24.43736457824707,1712627,0.0,0.0
2021-11-18 00:00:00+03:00,24.43736457824707,24.832792708962156,24.21988061478663,24.43736457824707,1719226,0.0,0.0
2021-11-19 00:00:00+03:00,24.575766494613664,26.078386306762695,24.575766494613664,26.078386306762695,2403975,0.0,0.0
2021-11-22 00:00:00+03:00,26.25632725567986,28.114833440845924,26.197013790144243,27.442607879638672,2663146,0.0,0.0
2021-11-23 00:00:00+03:00,27.52169544061502,28.3916332551938,26.90878329346041,27.581008911132812,2714545,0.0,0.0
2021-11-24 00:00:00+03:00,27.739178248269194,29.16271467920567,27.739178248269194,28.747516632080078,1713215,0.0,0.0
2021-11-25 00:00:00+03:00,29.142943570491624,29.656998666575486,28.055519908942284,28.51026153564453,1426353,0.0,0.0
2021-11-26 00:00:00+03:00,28.510260196680978,30.34899463102702,28.510260196680978,29.518598556518555,2948759,0.0,0.0
2021-11-29 00:00:00+03:00,29.75585464921225,31.13984749406235,28.668431026279624,30.368764877319336,2791602,0.0,0.0
2021-11-30 00:00:00+03:00,31.060761645026627,31.535273145183282,29.51859832674695,29.538368225097656,1990473,0.0,0.0
2021-12-01 00:00:00+03:00,29.69654104076994,30.151280763620544,29.142942397028612,29.676769256591797,1406444,0.0,0.0
2021-12-02 00:00:00+03:00,29.676769464981042,30.052423939298023,29.28134320634708,29.656997680664062,907759,0.0,0.0
2021-12-03 00:00:00+03:00,29.69654099840179,30.388536473779496,29.558140394893353,30.032651901245117,1200366,0.0,0.0
2021-12-06 00:00:00+03:00,30.15128051169647,30.546706764249844,29.65699722461948,30.05242347717285,1321871,0.0,0.0
2021-12-07 00:00:00+03:00,30.111736297607422,30.467620860040316,29.834938869529445,30.111736297607422,1184191,0.0,0.0
2021-12-08 00:00:00+03:00,30.348993909049334,31.100302829501963,29.993109346857306,30.823505401611328,1890992,0.0,0.0
2021-12-09 00:00:00+03:00,30.86304769091287,31.930699512969905,30.783962440595356,31.120075225830078,2407940,0.0,0.0
2021-12-10 00:00:00+03:00,31.33756278846011,31.515503197228966,30.072196828787302,31.139848709106445,1278705,0.0,0.0
2021-12-13 00:00:00+03:00,31.396874943086633,32.247040923401876,31.396874943086633,31.436416625976562,1429687,0.0,0.0
2021-12-14 00:00:00+03:00,31.43641879085024,32.919268769391124,30.84328030786689,32.64247131347656,2111694,0.0,0.0
2021-12-15 00:00:00+03:00,32.76109787775905,33.09721068652585,31.77253123680756,32.32612991333008,1555377,0.0,0.0
2021-12-16 00:00:00+03:00,32.622695916032754,33.33446503367428,32.0493255110255,32.978580474853516,2019336,0.0,0.0
2021-12-17 00:00:00+03:00,33.492634435211784,36.26061991069034,31.13984508406813,33.07743453979492,4867659,0.0,0.0
2021-12-20 00:00:00+03:00,33.01812608792775,34.995259296280736,31.456189043209378,33.8485221862793,2698338,0.0,0.0
2021-12-21 00:00:00+03:00,33.80897685331835,33.80897685331835,30.467620849609375,30.467620849609375,1873808,0.0,0.0
2021-12-22 00:00:00+03:00,28.96499826203236,29.91402310106654,27.4426068027518,27.89734649658203,2397437,0.0,0.0
2021-12-23 00:00:00+03:00,28.174148012755083,28.70797488016177,26.117929566544078,27.165809631347656,930467,0.0,0.0
2021-12-24 00:00:00+03:00,27.581007386673896,28.134604147171054,27.225124697696288,28.07529067993164,796106,0.0,0.0
2021-12-27 00:00:00+03:00,28.292776448960286,29.32088471530263,28.292776448960286,29.142942428588867,961145,0.0,0.0
2021-12-28 00:00:00+03:00,29.26157288945186,29.637227382607318,27.89734987182464,28.114835739135742,1211208,0.0,0.0
2021-12-29 00:00:00+03:00,28.05551824358227,28.826600841937026,27.89734774425941,28.312545776367188,2497102,0.0,0.0
2021-12-30 00:00:00+03:00,28.4311741858911,29.063856174109084,27.660091598594633,27.996204376220703,1548705,0.0,0.0
2021-12-31 00:00:00+03:00,27.719408172243917,28.965000420123637,27.561235782669126,28.41140365600586,1425117,0.0,0.0
2022-01-03 00:00:00+03:00,28.628887824113434,28.984772403401738,28.37186216745094,28.5695743560791,907974,0.0,0.0
2022-01-04 00:00:00+03:00,28.925458054292815,29.479054805346628,28.58934526976773,29.00454330444336,2470158,0.0,0.0
2022-01-05 00:00:00+03:00,28.964999088772288,29.459282362543426,28.72774334362707,29.241798400878906,1162957,0.0,0.0
2022-01-06 00:00:00+03:00,29.12317219255737,29.320886273981035,28.64866065979004,28.64866065979004,1039565,0.0,0.0
2022-01-07 00:00:00+03:00,28.74751621547705,28.965000185375423,28.411403425744297,28.787059783935547,1052040,0.0,0.0
2022-01-10 00:00:00+03:00,28.826600959543946,30.428079628647986,28.787059277322452,29.89425277709961,2690939,0.0,0.0
2022-01-11 00:00:00+03:00,29.973338035000058,30.13150853501,28.49048818325105,29.716310501098633,1319643,0.0,0.0
2022-01-12 00:00:00+03:00,29.95356764896602,30.783963755541105,29.558141380487687,30.645565032958984,1690504,0.0,0.0
2022-01-13 00:00:00+03:00,30.586250930591717,31.1793912637951,30.4280804264763,30.526935577392578,1050771,0.0,0.0
2022-01-14 00:00:00+03:00,30.526936110126798,31.63413154379784,30.34899570404752,31.535274505615234,1425615,0.0,0.0
2022-01-17 00:00:00+03:00,31.831845344902725,32.52384272065584,31.831845344902725,32.088871002197266,1006142,0.0,0.0
2022-01-18 00:00:00+03:00,32.029558918979326,33.01812550572459,30.42808021881391,30.546707153320312,1935195,0.0,0.0
2022-01-19 00:00:00+03:00,30.17104976993742,32.563378868996566,29.71630820341394,32.42498016357422,2261795,0.0,0.0
2022-01-20 00:00:00+03:00,32.64246753830474,32.82040981683684,31.139845947968176,31.396873474121094,1541055,0.0,0.0
2022-01-21 00:00:00+03:00,31.238704731453097,31.83184506465648,30.34899517441859,30.526935577392578,925946,0.0,0.0
2022-01-24 00:00:00+03:00,30.526935714188316,31.515502312110158,29.182486423182596,29.281343460083008,1017340,0.0,0.0
2022-01-25 00:00:00+03:00,29.380197754816052,29.61745350513479,28.5893452537536,29.360427856445312,621798,0.0,0.0
2022-01-26 00:00:00+03:00,29.597685086219784,30.190825434435602,29.28134406998233,29.39997100830078,876471,0.0,0.0
2022-01-27 00:00:00+03:00,29.202257544778856,29.993110050947493,28.846372974232413,29.69654083251953,795178,0.0,0.0
2022-01-28 00:00:00+03:00,29.736081661937344,30.309450183845097,29.63722463011717,29.775625228881836,771495,0.0,0.0
2022-01-31 00:00:00+03:00,29.914025964888776,31.021219516628104,29.914025964888776,30.645565032958984,1195267,0.0,0.0
2022-02-01 00:00:00+03:00,30.704877190277838,31.29801751042977,30.685107291854283,31.120075225830078,762566,0.0,0.0
2022-02-02 00:00:00+03:00,31.159620124751406,31.416647670647617,30.46762274075844,30.645565032958984,578165,0.0,0.0
2022-02-03 00:00:00+03:00,30.487391805150295,31.317787837628398,29.81516626594983,30.012880325317383,888398,0.0,0.0
2022-02-04 00:00:00+03:00,30.01288160277309,30.210593785014968,28.905686217162415,29.716310501098633,612127,0.0,0.0
2022-02-07 00:00:00+03:00,29.518598927004874,30.21059440741972,29.142942567586097,30.190824508666992,643683,0.0,0.0
2022-02-08 00:00:00+03:00,30.131507660685813,31.120074199833308,29.973337165265498,30.507164001464844,1023354,0.0,0.0
2022-02-09 00:00:00+03:00,30.546706083159332,31.19915985671011,30.487392617984096,31.001447677612305,901519,0.0,0.0
2022-02-10 00:00:00+03:00,31.139846809210326,31.436416024605418,30.902591059786033,30.961904525756836,1078990,0.0,0.0
2022-02-11 00:00:00+03:00,31.04099102356559,31.218933314173235,30.507166037283813,31.199161529541016,1012160,0.0,0.0
2022-02-14 00:00:00+03:00,30.803735540350317,31.021219516628104,29.85471249600232,30.645565032958984,810772,0.0,0.0
2022-02-15 00:00:00+03:00,30.764193465382515,31.080534476145747,30.2303665955637,30.3292236328125,923752,0.0,0.0
2022-02-16 00:00:00+03:00,30.487395001238912,30.76419433626302,30.171053981520625,30.250139236450195,814614,0.0,0.0
2022-02-17 00:00:00+03:00,30.368763860540287,30.507164460270285,29.340655624846235,29.7558536529541,842876,0.0,0.0
2022-02-18 00:00:00+03:00,30.11173633023151,30.190823464672118,29.399969090135627,29.7558536529541,489826,0.0,0.0
2022-02-21 00:00:00+03:00,30.171051905442447,30.210593587415755,29.320884059293913,29.380197525024414,439502,0.0,0.0
2022-02-22 00:00:00+03:00,28.945231781925536,28.945231781925536,28.055520301060263,28.64866065979004,524171,0.0,0.0
2022-02-23 00:00:00+03:00,28.787060833387503,29.399971082509317,28.589346754969448,28.866146087646484,567664,0.0,0.0
2022-02-24 00:00:00+03:00,26.31564312165272,27.26466613095565,25.979530334472656,25.979530334472656,852875,0.0,0.0
2022-02-25 00:00:00+03:00,26.117929541614785,27.640321118965993,25.702731495875156,27.52169418334961,896527,0.0,0.0
2022-02-28 00:00:00+03:00,27.06695358058965,28.549803530017762,26.592442049302548,27.778722763061523,1068758,0.0,0.0
2022-03-01 00:00:00+03:00,27.897349211938305,28.5893465970376,27.58100819664989,28.35209083557129,606412,0.0,0.0
2022-03-02 00:00:00+03:00,28.273005536547817,30.645565032958984,28.134604928424515,30.645565032958984,1959735,0.0,0.0
2022-03-03 00:00:00+03:00,30.606021826176274,31.33756278846011,30.606021826176274,31.139848709106445,1705893,0.0,0.0
2022-03-04 00:00:00+03:00,31.040991504782394,32.78086898302592,30.981678035507386,32.385440826416016,2037258,0.0,0.0
2022-03-07 00:00:00+03:00,31.396874151136444,31.396874151136444,30.012881345158384,30.44784927368164,1903405,0.0,0.0
2022-03-08 00:00:00+03:00,30.428081056681197,31.120076555132982,30.1908252955942,30.645565032958984,1306777,0.0,0.0
2022-03-09 00:00:00+03:00,30.72464925172304,31.021218471706835,29.93379674140552,30.210594177246094,1043253,0.0,0.0
2022-03-10 00:00:00+03:00,30.26990850244166,30.368763648720783,29.3406554201977,29.775625228881836,888614,0.0,0.0
2022-03-11 00:00:00+03:00,29.775626501024817,29.834939968434625,29.459283608576513,29.656997680664062,470807,0.0,0.0
2022-03-14 00:00:00+03:00,29.834940226967717,29.834940226967717,29.123171069717657,29.281343460083008,947102,0.0,0.0
2022-03-15 00:00:00+03:00,29.261570636170344,29.49882638497889,28.668430321378437,28.846372604370117,945152,0.0,0.0
2022-03-16 00:00:00+03:00,28.90568626222488,29.558140047168298,28.72774397805102,29.182485580444336,926774,0.0,0.0
2022-03-17 00:00:00+03:00,29.241797758047785,29.45928171493129,29.06385548171536,29.1231689453125,528905,0.0,0.0
2022-03-18 00:00:00+03:00,29.12317022869232,29.498826580957374,29.024315080187815,29.182485580444336,906713,0.0,0.0
2022-03-21 00:00:00+03:00,29.20225715637207,29.459282803302457,29.063856555477535,29.20225715637207,1093077,0.0,0.0
2022-03-22 00:00:00+03:00,29.320883841236085,29.953565832432425,29.301112057625932,29.7558536529541,1818365,0.0,0.0
2022-03-23 00:00:00+03:00,30.171051681061964,30.487392676660136,29.597683155155014,29.7558536529541,1759673,0.0,0.0
2022-03-24 00:00:00+03:00,29.95356755800872,29.973339342757896,29.498827822024804,29.597684860229492,943181,0.0,0.0
2022-03-25 00:00:00+03:00,29.637225688235507,30.05242372827094,29.597684005420337,29.676769256591797,1197496,0.0,0.0
2022-03-28 00:00:00+03:00,29.755855240351952,31.080534644243304,29.61745463323864,30.843278884887695,3298615,0.0,0.0
2022-03-29 00:00:00+03:00,31.139846824375326,31.732985255454366,30.606019973754883,30.606019973754883,2404483,0.0,0.0
2022-03-30 00:00:00+03:00,30.84327951230587,31.713219199847362,30.72465068744432,30.783964157104492,2092762,0.0,0.0
2022-03-31 00:00:00+03:00,30.88281944970978,32.12841355535141,30.625791915002036,31.653902053833008,4790545,0.0,0.0
2022-04-01 00:00:00+03:00,31.990014229724522,32.32612700828596,30.922362428864968,31.001447677612305,2390374,0.0,0.0
2022-04-04 00:00:00+03:00,31.001448284607118,31.416646320045288,30.882819466392885,31.298017501831055,1252302,0.0,0.0
2022-04-05 00:00:00+03:00,31.436417520916322,31.555046344045508,31.08053482261112,31.179391860961914,1472640,0.0,0.0
2022-04-06 00:00:00+03:00,31.25847757100949,31.317791040669665,30.526936607855472,30.783964157104492,1505383,0.0,0.0
2022-04-07 00:00:00+03:00,31.021218651019346,31.021218651019346,30.685107746347406,30.72464942932129,861726,0.0,0.0
2022-04-08 00:00:00+03:00,30.863047046712968,31.456187354484367,30.80373358159815,31.357330322265625,1641846,0.0,0.0
2022-04-11 00:00:00+03:00,31.526186494573146,32.459854810748276,31.48645693564015,32.22146987915039,2048149,0.15,0.0
2022-04-12 00:00:00+03:00,32.24133509528879,32.360529453700124,31.64537845923165,31.96322250366211,1397218,0.0,0.0
2022-04-13 00:00:00+03:00,32.12214251253721,33.572306347983314,32.12214251253721,33.11540603637695,2636678,0.0,0.0
2022-04-14 00:00:00+03:00,33.49285039812511,33.75109727154244,33.05581198141884,33.35379409790039,1510678,0.0,0.0
2022-04-15 00:00:00+03:00,33.49284643920584,34.108668748409634,33.37365209110222,33.85042190551758,1484010,0.0,0.0
2022-04-18 00:00:00+03:00,34.52583918215447,35.201258696365755,33.87028539353761,34.18812942504883,3042295,0.0,0.0
2022-04-19 00:00:00+03:00,34.46624541320682,37.06859481330034,34.24772622308457,36.55209732055664,4820094,0.0,0.0
2022-04-20 00:00:00+03:00,37.148059835707706,38.24064827069915,36.7110214305112,37.5850944519043,2832177,0.0,0.0
2022-04-21 00:00:00+03:00,37.54536131906718,39.73054188028267,37.247383012765006,38.61808776855469,2343807,0.0,0.0
2022-04-22 00:00:00+03:00,38.73728134217928,39.29351033574802,35.00261178250355,36.73088836669922,2362574,0.0,0.0
2022-04-25 00:00:00+03:00,36.55209905400552,37.00899939229311,35.28072288172702,36.3931770324707,1520109,0.0,0.0
2022-04-26 00:00:00+03:00,36.591829225454134,37.36657357968533,34.76422414729357,35.06220245361328,1719441,0.0,0.0
2022-04-27 00:00:00+03:00,35.022473558673205,37.36657630708469,34.247729147893146,36.35344696044922,2756980,0.0,0.0
2022-04-28 00:00:00+03:00,36.71102193901552,37.64469215286816,36.254121589981224,37.406307220458984,1153650,0.0,0.0
2022-04-29 00:00:00+03:00,37.406309133794544,37.58509689499644,36.59183323898596,37.18778991699219,981293,0.0,0.0
2022-05-05 00:00:00+03:00,37.5850944410543,40.2271754419799,37.56522871455111,39.33323669433594,1886827,0.0,0.0
2022-05-06 00:00:00+03:00,39.31337337793797,40.207308305227755,38.65781579332578,39.37296676635742,1619121,0.0,0.0
2022-05-09 00:00:00+03:00,38.33997478408208,38.33997478408208,35.71775939469617,35.73762512207031,4482073,0.0,0.0
2022-05-10 00:00:00+03:00,35.85681360549882,36.09519853108157,35.45951044819403,36.0157356262207,507370,0.0,0.0
2022-05-11 00:00:00+03:00,36.35344394671948,36.8699414407548,34.962877268008725,35.181392669677734,1241508,0.0,0.0
2022-05-12 00:00:00+03:00,34.26759407875962,34.76422587700252,33.15513991161552,33.5921745300293,1392058,0.0,0.0
2022-05-13 00:00:00+03:00,33.75109673142313,34.764226059847246,33.61204043342373,33.9696159362793,755617,0.0,0.0
2022-05-16 00:00:00+03:00,33.96961662889163,35.678027482145815,33.37365618231457,34.168270111083984,1382478,0.0,0.0
2022-05-17 00:00:00+03:00,34.307325895411445,34.5655727660735,33.37365567986408,33.472984313964844,739289,0.0,0.0
2022-05-18 00:00:00+03:00,33.51271576760515,34.128538143030035,33.413387133504386,33.472984313964844,659324,0.0,0.0
2022-05-20 00:00:00+03:00,33.472982591054524,34.46624614693745,33.33392629947088,34.068939208984375,929966,0.0,0.0
2022-05-23 00:00:00+03:00,34.20799844015353,34.92314947432402,33.83056098456363,34.366920471191406,818930,0.0,0.0
2022-05-24 00:00:00+03:00,34.44638077597727,34.50597795398408,33.85042415190838,33.94974899291992,578710,0.0,0.0
2022-05-25 00:00:00+03:00,34.049076972312285,34.16827133931233,33.61204232697928,33.7510986328125,613279,0.0,0.0
2022-05-26 00:00:00+03:00,33.83055877685547,34.029208460939294,33.731230145813704,33.83055877685547,521643,0.0,0.0
2022-05-27 00:00:00+03:00,33.85042554554782,33.949750390648624,33.274330834763276,33.472984313964844,751481,0.0,0.0
2022-05-30 00:00:00+03:00,33.51271524882167,33.9100184120745,33.35379322572056,33.651771545410156,1041031,0.0,0.0
2022-05-31 00:00:00+03:00,33.691499019693,34.1285374225097,33.393520701681545,33.71136474609375,870298,0.0,0.0
2022-06-01 00:00:00+03:00,33.71136493594813,34.00934704463764,33.592174365872275,33.651771545410156,794035,0.0,0.0
2022-06-02 00:00:00+03:00,33.79082972739285,33.89015457649801,33.552444784940285,33.87028884887695,862488,0.0,0.0
2022-06-03 00:00:00+03:00,33.92988184351998,34.049072405533614,33.413384356128034,33.55244064331055,910127,0.0,0.0
2022-06-06 00:00:00+03:00,33.65176765578432,34.86354652099239,33.63190193156786,34.58543395996094,1776729,0.0,0.0
2022-06-07 00:00:00+03:00,34.58543759013915,35.10193510698153,34.02920862069354,34.2079963684082,1663730,0.0,0.0
2022-06-08 00:00:00+03:00,34.5059780928971,34.58543720822626,32.12214400902518,32.14200973510742,1372350,0.0,0.0
2022-06-09 00:00:00+03:00,32.14200972195622,32.85716070462515,31.565916927306194,31.704973220825195,1242832,0.0,0.0
2022-06-10 00:00:00+03:00,31.6652413954128,32.12214361723206,30.493191988354457,30.950092315673828,1341583,0.0,0.0
2022-06-13 00:00:00+03:00,30.950092831685165,31.069285294212158,30.513056328419413,30.55278778076172,976219,0.0,0.0
2022-06-14 00:00:00+03:00,30.77130509510355,31.42685890296438,30.27467330766353,31.208341598510742,1344318,0.0,0.0
2022-06-15 00:00:00+03:00,31.287802254191675,31.426858546859226,30.8904972076416,30.8904972076416,982305,0.0,0.0
2022-06-16 00:00:00+03:00,31.188475851702645,31.20834157786709,29.797907226690413,29.897233963012695,827845,0.0,0.0
2022-06-17 00:00:00+03:00,30.016424703789475,30.493192661980984,29.936963693174214,30.274673461914062,910808,0.0,0.0
2022-06-20 00:00:00+03:00,30.49319200613608,31.784433874487167,30.49319200613608,31.387128829956055,1006561,0.0,0.0
2022-06-21 00:00:00+03:00,31.784435096153846,32.4797203716822,31.48645677492739,32.28106689453125,1087634,0.0,0.0
2022-06-22 00:00:00+03:00,32.2214698931698,32.2214698931698,31.62551324741571,31.784435272216797,1077233,0.0,0.0
2022-06-23 00:00:00+03:00,31.784434752520912,32.042681617725194,31.267937233112463,31.307668685913086,719757,0.0,0.0
2022-06-24 00:00:00+03:00,31.347400243185753,32.9763539163881,31.287804954684464,32.559181213378906,1434955,0.0,0.0
2022-06-27 00:00:00+03:00,31.74470329284668,31.74470329284668,31.74470329284668,31.74470329284668,9257,0.0,0.0
2022-06-28 00:00:00+03:00,31.92348996358229,32.38039028826461,30.67197766038742,30.791170120239258,1096685,0.0,0.0
2022-06-29 00:00:00+03:00,31.00968864750139,31.307668861679147,29.499929428100586,29.499929428100586,902707,0.0,0.0
2022-06-30 00:00:00+03:00,29.65885178836734,30.41373235389946,29.420468751015086,29.599254608154297,770502,0.0,0.0
2022-07-01 00:00:00+03:00,29.49992907551846,29.87736840223253,29.38073661237195,29.61911964416504,455750,0.0,0.0
2022-07-04 00:00:00+03:00,29.797907204463563,30.095885518708233,28.804643630981445,28.804643630981445,975404,0.0,0.0
2022-07-05 00:00:00+03:00,29.02316055836927,29.08275773604449,27.572996669270346,27.83124542236328,640165,0.0,0.0
2022-07-06 00:00:00+03:00,27.930572062435893,30.076021194458008,27.89084061078739,30.076021194458008,1356690,0.0,0.0
2022-07-07 00:00:00+03:00,30.393865749274127,31.546051343780604,29.797907225857003,30.115751266479492,909677,0.0,0.0
2022-07-08 00:00:00+03:00,30.532921563339247,32.08241218426053,30.532921563339247,31.387128829956055,940847,0.0,0.0
2022-07-13 00:00:00+03:00,31.605646678957832,33.612039556761545,31.605646678957832,32.956485748291016,2128147,0.0,0.0
2022-07-14 00:00:00+03:00,33.07567612697402,33.592173638112925,31.82416569579114,32.14200973510742,972595,0.0,0.0
2022-07-18 00:00:00+03:00,32.57904109321207,33.333923453063015,32.32079425789429,32.8372917175293,902830,0.0,0.0
2022-07-19 00:00:00+03:00,32.87702286131073,35.02247203464883,32.79756374548331,34.26759338378906,3977854,0.0,0.0
2022-07-20 00:00:00+03:00,34.26759267796091,34.92314647328365,33.79082662581708,34.068939208984375,2508266,0.0,0.0
2022-07-21 00:00:00+03:00,34.267592832302896,34.68476170893277,33.13527297973633,33.13527297973633,1285303,0.0,0.0
2022-07-22 00:00:00+03:00,33.1948661734365,33.4928482709932,32.71810012194547,32.75783157348633,975262,0.0,0.0
2022-07-25 00:00:00+03:00,32.79756076790741,33.27432678658754,32.598907312874154,32.658504486083984,963740,0.0,0.0
2022-07-26 00:00:00+03:00,32.57904470621083,34.34705645730205,32.499585589993174,33.77096176147461,3440781,0.0,0.0
2022-07-27 00:00:00+03:00,33.751097560724354,35.36018357411144,33.67163844091513,34.98274612426758,5029532,0.0,0.0
2022-07-28 00:00:00+03:00,35.34031986769163,36.05546706619309,33.83055877685547,33.83055877685547,3756963,0.0,0.0
2022-07-29 00:00:00+03:00,33.94974880057502,34.18812993325209,33.294195002213414,33.57230758666992,1461499,0.0,0.0
2022-08-01 00:00:00+03:00,33.75109673142313,34.56557258170527,33.0558114524262,33.9696159362793,2746736,0.0,0.0
2022-08-02 00:00:00+03:00,34.108668282469395,35.10193176910042,34.009343449406096,34.466243743896484,3414510,0.0,0.0
2022-08-03 00:00:00+03:00,34.64503478034918,36.035601520917176,34.46624703257617,35.51910400390625,4103166,0.0,0.0
2022-08-04 00:00:00+03:00,35.717758192296,35.936277397055306,35.121801547134204,35.280723571777344,1619286,0.0,0.0
2022-08-05 00:00:00+03:00,35.45950850561719,35.51910189199829,34.724491831919956,34.92314529418945,1152002,0.0,0.0
2022-08-08 00:00:00+03:00,35.04233846276053,35.95614294157851,34.486113273827776,34.903282165527344,2369596,0.0,0.0
2022-08-09 00:00:00+03:00,34.90328455502625,35.55883842186225,34.764228248273184,35.38005065917969,1585257,0.0,0.0
2022-08-10 00:00:00+03:00,35.4396456102379,35.77735538636124,34.26759425716278,34.84368896484375,2210756,0.0,0.0
2022-08-11 00:00:00+03:00,34.883416438922616,35.360182510436374,34.7244944150847,34.903282165527344,1349861,0.0,0.0
2022-08-12 00:00:00+03:00,35.1615321385719,35.28072270688235,34.625168897675074,35.141666412353516,1600349,0.0,0.0
2022-08-15 00:00:00+03:00,34.1682687144449,34.466247031053456,33.135273680468686,33.333927154541016,2882700,0.0,0.0
2022-08-16 00:00:00+03:00,33.512713490156095,33.94974808349967,32.241333583066194,33.373653411865234,1749422,0.0,0.0
2022-08-17 00:00:00+03:00,33.671636021011025,33.85042376398275,32.97635077489875,33.19486618041992,1080312,0.0,0.0
2022-08-18 00:00:00+03:00,33.29419674451931,33.37365586323655,32.479720885417706,32.97635269165039,1286900,0.0,0.0
2022-08-19 00:00:00+03:00,32.976353328425326,34.049076080322266,32.976353328425326,34.049076080322266,1359855,0.0,0.0
2022-08-22 00:00:00+03:00,34.3669180618624,34.923147025999995,34.04907402206944,34.764225006103516,1680181,0.0,0.0
2022-08-23 00:00:00+03:00,35.042336472106946,36.98913588977933,35.042336472106946,36.49250411987305,5479298,0.0,0.0
2022-08-24 00:00:00+03:00,36.85007883501928,37.16792289071864,34.60530471801758,34.60530471801758,3511951,0.0,0.0
2022-08-25 00:00:00+03:00,34.823823238130615,35.161533014253955,34.32719143730217,34.84368896484375,1753569,0.0,0.0
2022-08-26 00:00:00+03:00,35.00261168214178,35.459512038584606,34.40665123595548,34.60530471801758,1747251,0.0,0.0
2022-08-29 00:00:00+03:00,34.78409247297347,35.181395648097656,33.949750879512656,34.60530471801758,1200108,0.0,0.0
2022-08-31 00:00:00+03:00,34.84369035330513,34.86355229180978,34.26759562266777,34.366920471191406,1208991,0.0,0.0
2022-09-01 00:00:00+03:00,34.46624754422915,34.46624754422915,33.87028711313878,34.02920913696289,705349,0.0,0.0
2022-09-02 00:00:00+03:00,34.12853898833379,34.585439349514026,34.06894180639721,34.486114501953125,837514,0.0,0.0
2022-09-05 00:00:00+03:00,34.62516715419091,35.51910205500671,34.50597659188207,34.863548278808594,2237854,0.0,0.0
2022-09-06 00:00:00+03:00,35.360181970902794,35.51910399231584,33.79082748307389,34.2079963684082,1994161,0.0,0.0
2022-09-07 00:00:00+03:00,34.207998471579565,34.22786419910256,33.532578891798074,33.92988586425781,1125260,0.0,0.0
2022-09-08 00:00:00+03:00,34.06894180763518,34.863551955151436,33.949751232757755,34.049076080322266,1554152,0.0,0.0
2022-09-09 00:00:00+03:00,34.14840281554801,34.64503460371887,34.108671363134384,34.26759338378906,1405188,0.0,0.0
2022-09-12 00:00:00+03:00,34.50597659188207,35.3204523808252,34.06893821508355,34.863548278808594,1928342,0.0,0.0
2022-09-13 00:00:00+03:00,35.00260953873146,35.14166583095971,33.57230758666992,33.57230758666992,1567060,0.0,0.0
2022-09-14 00:00:00+03:00,33.47298328310482,34.068939913356004,33.35379271485455,33.83055877685547,1318857,0.0,0.0
2022-09-15 00:00:00+03:00,34.068940425836566,34.684762791559585,33.910018402779016,34.08880615234375,1673069,0.0,0.0
2022-09-16 00:00:00+03:00,34.366920502763435,34.366920502763435,33.910020136734815,33.92988586425781,939063,0.0,0.0
2022-09-19 00:00:00+03:00,34.227859468236815,34.923144679441194,33.79082489013672,33.79082489013672,1363605,0.0,0.0
2022-09-20 00:00:00+03:00,33.790828007126436,34.24772835214992,33.27433048227384,33.5921745300293,681955,0.0,0.0
2022-09-21 00:00:00+03:00,33.59217676676948,34.04907714221574,33.37365754851249,33.69150161743164,556429,0.0,0.0
2022-09-22 00:00:00+03:00,33.691501281785996,34.24773029135327,33.532579248909656,33.81069564819336,787139,0.0,0.0
2022-09-23 00:00:00+03:00,33.87028577149931,35.121799974915284,33.87028577149931,34.505977630615234,1908863,0.0,0.0
2022-09-26 00:00:00+03:00,34.545707514613426,35.81708752559806,34.525841787519916,35.04233932495117,2452421,0.0,0.0
2022-09-27 00:00:00+03:00,35.28072475946521,36.254122666797855,35.28072475946521,35.73762512207031,2142645,0.0,0.0
2022-09-28 00:00:00+03:00,35.73762406059465,37.92280474984556,35.73762406059465,37.406307220458984,4841547,0.0,0.0
2022-09-29 00:00:00+03:00,37.68442004878157,38.22078330824498,34.30732604375264,35.16153335571289,2502299,0.0,0.0
2022-09-30 00:00:00+03:00,35.340319885537504,35.91641078987125,34.90328148673275,35.141666412353516,958779,0.0,0.0
2022-10-03 00:00:00+03:00,35.34031956055342,36.35344506537552,35.2012594783035,36.13492965698242,1591622,0.0,0.0
2022-10-04 00:00:00+03:00,36.51236622916092,37.02886372698797,35.936275343622874,36.86994171142578,1728341,0.0,0.0
2022-10-05 00:00:00+03:00,37.02886423593617,37.60495891839215,36.035600677770496,36.254119873046875,1512014,0.0,0.0
2022-10-06 00:00:00+03:00,36.51236762185377,37.187787161005566,36.313717936573724,36.83021545410156,1253587,0.0,0.0
2022-10-07 00:00:00+03:00,36.94940501642345,38.598222366726766,36.85007638748966,38.49889373779297,2428907,0.0,0.0
2022-10-10 00:00:00+03:00,39.03525838395743,39.67094647620916,38.57835804127647,38.896202087402344,2450231,0.0,0.0
2022-10-11 00:00:00+03:00,39.23391150943465,39.33323635208643,38.43930140122075,38.5783576965332,1222413,0.0,0.0
2022-10-12 00:00:00+03:00,38.618090501460244,40.64434540110785,38.57835904740833,40.286773681640625,4160200,0.0,0.0
2022-10-13 00:00:00+03:00,40.48542056620488,41.12111241994978,39.67094475962517,39.929195404052734,2432351,0.0,0.0
2022-10-14 00:00:00+03:00,40.28676975106453,41.220436096191406,39.86959710222086,41.220436096191406,1945702,0.0,0.0
2022-10-17 00:00:00+03:00,41.31976439662429,42.471950025309,40.94232695531374,42.21370315551758,1965501,0.0,0.0
2022-10-18 00:00:00+03:00,42.31302623289958,42.53154542905722,41.1211129894938,41.49855041503906,1236592,0.0,0.0
2022-10-19 00:00:00+03:00,41.657474517822266,42.21370350450992,41.2204398926391,41.657474517822266,1316290,0.0,0.0
2022-10-20 00:00:00+03:00,41.796533217402754,43.067909385871324,41.101247954396555,42.134239196777344,2369811,0.0,0.0
2022-10-21 00:00:00+03:00,42.13424079037255,42.53154775254579,41.18070862795676,41.59788131713867,2028269,0.0,0.0
2022-10-24 00:00:00+03:00,41.63760708532494,43.24669679872334,41.59787942211744,42.25343322753906,2007490,0.0,0.0
2022-10-25 00:00:00+03:00,42.45208531420381,42.80965700540138,41.39922459906737,42.29316329956055,1334088,0.0,0.0
2022-10-26 00:00:00+03:00,42.37262344684849,43.30628983204682,41.975316506040805,42.80965805053711,1120728,0.0,0.0
2022-10-27 00:00:00+03:00,43.008310118402065,43.18709785703512,42.15410287582185,42.412353515625,706758,0.0,0.0
2022-10-28 00:00:00+03:00,42.51167977075506,43.961843664471985,42.31302630020485,43.68373107910156,749164,0.0,0.0
2022-10-31 00:00:00+03:00,43.90224894828263,45.6702568258267,43.90224894828263,44.5975341796875,1565188,0.0,0.0
2022-11-01 00:00:00+03:00,44.69686036880785,45.17362642472849,43.68373107910156,43.68373107910156,1204481,0.0,0.0
2022-11-02 00:00:00+03:00,43.74332841989467,44.2002287515621,43.30629002525642,43.6241340637207,954337,0.0,0.0
2022-11-03 00:00:00+03:00,43.72346308524214,45.69012451171875,43.20696557086447,45.69012451171875,1597623,0.0,0.0
2022-11-04 00:00:00+03:00,46.78271240672803,47.10055644448161,45.789448841498135,46.305946350097656,1286969,0.0,0.0
2022-11-07 00:00:00+03:00,46.266219374510094,46.266219374510094,43.94198244578073,45.1934928894043,3169611,0.0,0.0
2022-11-08 00:00:00+03:00,45.21335665786723,45.59079786283836,44.00157393027554,44.10090255737305,1360178,0.0,0.0
2022-11-09 00:00:00+03:00,44.3790184594201,44.51807475877281,42.76993246991024,43.40562057495117,1451148,0.0,0.0
2022-11-10 00:00:00+03:00,43.346023036177975,44.81605271419227,43.008313259539555,44.39888381958008,1523072,0.0,0.0
2022-11-11 00:00:00+03:00,44.696860462090655,47.08069453566875,44.279691583164386,46.742984771728516,2569205,0.0,0.0
2022-11-14 00:00:00+03:00,47.27934355361492,48.1534165401842,47.1800187140274,47.855438232421875,2259238,0.0,0.0
2022-11-15 00:00:00+03:00,48.17328327850078,48.570590223201755,46.305946700805954,46.6237907409668,1655948,0.0,0.0
2022-11-16 00:00:00+03:00,46.6635241375098,47.617056297722016,44.69686263619713,45.53120422363281,1441262,0.0,0.0
2022-11-17 00:00:00+03:00,45.65039479640934,46.38541153803124,43.624136114208405,45.53120422363281,1179496,0.0,0.0
2022-11-18 00:00:00+03:00,46.087433860006385,46.80258109572714,45.57093631870803,46.60392761230469,802381,0.0,0.0
2022-11-21 00:00:00+03:00,46.78271158492464,48.19314779305471,46.464867552754434,47.477996826171875,1501967,0.0,0.0
2022-11-22 00:00:00+03:00,47.875306877129844,49.265873661137775,47.55746282427089,48.5904541015625,1717967,0.0,0.0
2022-11-23 00:00:00+03:00,48.590453405423496,49.71284233231409,47.65678698715164,49.265872955322266,1448537,0.0,0.0
2022-11-24 00:00:00+03:00,49.365200743489126,50.60678021999036,48.86856895288863,49.5638542175293,1280219,0.0,0.0
2022-11-25 00:00:00+03:00,49.56385549120867,51.60004512719621,48.72951390999915,51.302066802978516,1332818,0.0,0.0
2022-11-28 00:00:00+03:00,51.74903011204906,55.473768472964295,51.74903011204906,54.72882080078125,2274377,0.0,0.0
2022-11-29 00:00:00+03:00,55.225450729466026,56.417367722770976,52.642967068138354,54.48050308227539,1724512,0.0,0.0
2022-11-30 00:00:00+03:00,53.338256296764534,56.11939363038169,53.338256296764534,54.82815170288086,1558143,0.0,0.0
2022-12-01 00:00:00+03:00,55.821416688387885,56.566364409881494,54.28185882176776,55.22545623779297,1380079,0.0,0.0
2022-12-02 00:00:00+03:00,55.22545400519579,58.30457340295664,54.33151904894256,57.311309814453125,1965584,0.0,0.0
2022-12-05 00:00:00+03:00,58.10592227650161,58.95019484526102,55.22545623779297,55.22545623779297,1439852,0.0,0.0
2022-12-06 00:00:00+03:00,55.07646663830124,57.60928802649366,53.338255361639796,56.46703338623047,1397110,0.0,0.0
2022-12-07 00:00:00+03:00,56.56635876780897,57.70860955343482,53.68589301640531,54.48050308227539,1156497,0.0,0.0
2022-12-08 00:00:00+03:00,54.57983286040127,55.076464635675165,52.64296817903312,54.53017044067383,818833,0.0,0.0
2022-12-09 00:00:00+03:00,54.57983391662614,56.8643393692957,54.57983391662614,55.920738220214844,777634,0.0,0.0
2022-12-12 00:00:00+03:00,56.41737158211827,58.354236355109116,56.41737158211827,58.006595611572266,1181185,0.0,0.0
2022-12-13 00:00:00+03:00,58.00659271829564,61.9796469102611,57.50996094429996,61.23469924926758,1799549,0.0,0.0
2022-12-14 00:00:00+03:00,64.01583236553796,65.55539388959954,58.50322424434857,59.54615020751953,4239319,0.0,0.0
2022-12-15 00:00:00+03:00,61.185037278940776,62.227967107774994,59.94345775794766,61.08571243286133,1514271,0.0,0.0
2022-12-16 00:00:00+03:00,59.94345648927569,61.234702194979995,59.198508792446255,59.34749984741211,355692,0.0,0.0
2022-12-19 00:00:00+03:00,60.539415774940224,60.88705651128449,59.29783630371094,59.29783630371094,900696,0.0,0.0
2022-12-20 00:00:00+03:00,59.297837175878975,60.29110076747158,58.30457358428636,58.99985885620117,1165489,0.0,0.0
2022-12-21 00:00:00+03:00,58.9998564136274,61.03604593429473,58.25490875077352,60.738067626953125,1336291,0.0,0.0
2022-12-22 00:00:00+03:00,61.13536962486643,62.12863315667254,60.78772890433416,62.0293083190918,1068301,0.0,0.0
2022-12-23 00:00:00+03:00,62.42661595579235,67.54192502871406,61.731334464637904,66.59832763671875,2350854,0.0,0.0
2022-12-26 00:00:00+03:00,67.64124581397367,69.4291232239287,66.69764847860817,68.43585968017578,1871433,0.0,0.0
2022-12-27 00:00:00+03:00,68.98215294197989,69.2801350486579,65.55539660518167,67.88956451416016,1083472,0.0,0.0
2022-12-28 00:00:00+03:00,67.29360882616898,68.08822273649713,64.4131428737293,66.25067901611328,1021206,0.0,0.0
2022-12-29 00:00:00+03:00,65.903037181169,68.53518719030983,64.76078254573055,66.20101928710938,1097578,0.0,0.0
2022-12-30 00:00:00+03:00,66.54866396286205,69.2801389762631,66.54866396286205,68.73384094238281,924316,0.0,0.0
2023-01-02 00:00:00+03:00,69.42911918541128,70.12440059439578,67.34326738045881,67.59158325195312,1321326,0.0,0.0
2023-01-03 00:00:00+03:00,67.74057179403229,68.0385538933783,65.05876321191649,67.14461517333984,676264,0.0,0.0
2023-01-04 00:00:00+03:00,67.93923330939434,68.0882243684018,62.82392413680543,63.12190246582031,1039607,0.0,0.0
2023-01-05 00:00:00+03:00,63.121896678910744,64.26414746691482,57.60928483602233,60.68840026855469,1004611,0.0,0.0
2023-01-06 00:00:00+03:00,57.2616480500585,60.68840443852692,54.48050693912769,59.69514083862305,911423,0.0,0.0
2023-01-09 00:00:00+03:00,59.69514077996518,60.58907953460024,55.970402283985656,56.665687561035156,569380,0.0,0.0
2023-01-10 00:00:00+03:00,56.268384071917765,57.26164766514491,53.28859329223633,53.28859329223633,890116,0.0,0.0
2023-01-11 00:00:00+03:00,53.6362310822277,54.629494620787476,49.66317692798861,50.308799743652344,594709,0.0,0.0
2023-01-12 00:00:00+03:00,50.75576553583026,53.536906487656346,48.63018215987725,53.338253021240234,552413,0.0,0.0
2023-01-13 00:00:00+03:00,53.338255714097706,54.53017278377026,52.444316964593305,53.28859329223633,345047,0.0,0.0
2023-01-16 00:00:00+03:00,52.59330792346604,54.82815100416007,52.59330792346604,54.62949752807617,695749,0.0,0.0
2023-01-17 00:00:00+03:00,54.62949624326279,56.06972917474877,53.68589509580647,55.07646560668945,706131,0.0,0.0
2023-01-18 00:00:00+03:00,55.12612475271468,56.46702897434304,53.43757602951629,54.43083953857422,659453,0.0,0.0
2023-01-19 00:00:00+03:00,53.88454930966975,55.324782261000074,53.33825509750994,53.93421173095703,522562,0.0,0.0
2023-01-20 00:00:00+03:00,54.13286417863473,55.92073783407408,53.73555723787052,54.72882080078125,623213,0.0,0.0
2023-01-23 00:00:00+03:00,54.72881986270901,55.77174961708891,52.59330551245433,52.84162139892578,705854,0.0,0.0
2023-01-24 00:00:00+03:00,52.39465339023417,52.99061001746154,50.55711729878323,51.053749084472656,951690,0.0,0.0
2023-01-25 00:00:00+03:00,51.15307443185093,51.600043801191354,47.676651897647474,49.5638542175293,951387,0.0,0.0
2023-01-26 00:00:00+03:00,49.58371623854607,51.50071525662045,49.16654735245728,50.40812683105469,603959,0.0,0.0
2023-01-27 00:00:00+03:00,50.06048775874138,50.358466085721986,47.93490043787974,48.9678955078125,526958,0.0,0.0
2023-01-30 00:00:00+03:00,48.96789361488444,50.755767296655094,47.9746300373452,48.7493782043457,494181,0.0,0.0
2023-01-31 00:00:00+03:00,48.57058831830396,48.57058831830396,47.21974930609923,47.71638107299805,537462,0.0,0.0
2023-02-01 00:00:00+03:00,47.73624620300393,48.29247135003376,44.33928298950195,44.33928298950195,413160,0.0,0.0
2023-02-02 00:00:00+03:00,44.100903121039586,46.0476987690369,42.76992981291903,45.23322296142578,663670,0.0,0.0
2023-02-03 00:00:00+03:00,45.31268527160575,48.47126388549805,45.29281954453096,48.47126388549805,402171,0.0,0.0
2023-02-06 00:00:00+03:00,48.27260879115189,53.28859293447313,46.18675677497861,52.096675872802734,446678,0.0,0.0
2023-02-07 00:00:00+03:00,52.09667709989157,54.13286674249744,46.90190887451172,46.90190887451172,888378,0.0,0.0
2023-02-08 00:00:00+03:00,43.24669647216797,43.24669647216797,43.24669647216797,43.24669647216797,19,0.0,0.0
2023-02-15 00:00:00+03:00,48.37193574035287,51.30206397656208,46.88204041234816,50.507450103759766,1943264,0.0,0.0
2023-02-16 00:00:00+03:00,50.45778628048401,52.24565986656028,46.08742904663086,46.08742904663086,1918384,0.0,0.0
2023-02-17 00:00:00+03:00,46.087429813260094,46.087429813260094,43.70359579950537,44.47834014892578,622198,0.0,0.0
2023-02-20 00:00:00+03:00,44.53793875478685,46.32581242798172,43.524809455876465,46.1867561340332,839881,0.0,0.0
2023-02-21 00:00:00+03:00,46.18675496208662,48.11368488033592,44.716725366360386,47.04096221923828,707295,0.0,0.0
2023-02-22 00:00:00+03:00,47.04096358178345,47.080695034197085,45.3921461966162,45.69012451171875,305273,0.0,0.0
2023-02-23 00:00:00+03:00,45.690123455969655,46.127158055421624,45.43187659924798,45.610660552978516,288983,0.0,0.0
2023-02-24 00:00:00+03:00,45.55106635139479,47.577324873491655,45.49146917521558,46.34567642211914,600733,0.0,0.0
2023-02-27 00:00:00+03:00,47.12042149475556,47.12042149475556,46.18675512086824,46.98136520385742,327545,0.0,0.0
2023-02-28 00:00:00+03:00,47.21974848869279,48.749375213622166,47.02109502757215,48.451393127441406,673134,0.0,0.0
2023-03-01 00:00:00+03:00,48.49112701585168,49.166546544225675,48.29247354474171,48.92816162109375,312501,0.0,0.0
2023-03-02 00:00:00+03:00,48.78910283650968,50.855092768149966,48.510990264557954,50.259132385253906,803798,0.0,0.0
2023-03-03 00:00:00+03:00,50.25913465787957,51.053748537671964,48.13355124413444,50.358463287353516,899430,0.0,0.0
2023-03-06 00:00:00+03:00,50.35846216278039,52.34498923989994,49.44465773702556,50.308799743652344,1194047,0.0,0.0
2023-03-07 00:00:00+03:00,50.855097083630326,51.64970720592144,49.64331427901142,50.11014938354492,564836,0.0,0.0
2023-03-08 00:00:00+03:00,49.62344966183237,50.25913777387826,49.62344966183237,50.159812927246094,324280,0.0,0.0
2023-03-09 00:00:00+03:00,50.01082186829783,51.25240139619996,49.444661906694456,50.159812927246094,595035,0.0,0.0
2023-03-10 00:00:00+03:00,50.159812792162775,52.29533109000337,50.0604879457981,51.50071716308594,679231,0.0,0.0
2023-03-13 00:00:00+03:00,49.26587443876541,49.26587443876541,46.50460276509349,46.60392761230469,3276434,0.0,0.0
2023-03-14 00:00:00+03:00,46.623790912136094,46.98136640587976,45.1736269999533,45.253089904785156,1150536,0.0,0.0
2023-03-15 00:00:00+03:00,45.25309202037448,45.59080180369817,43.346023894252454,43.66386795043945,1019656,0.0,0.0
2023-03-16 00:00:00+03:00,43.70359715625078,45.09416767227687,42.710333584517805,44.0015754699707,749787,0.0,0.0
2023-03-17 00:00:00+03:00,44.20023160661156,44.89551690653804,43.107643127441406,43.107643127441406,743894,0.0,0.0
2023-03-20 00:00:00+03:00,43.10764137012686,43.10764137012686,40.127850596772475,40.644344329833984,1215818,0.0,0.0
2023-03-21 00:00:00+03:00,40.743671733775024,41.140974884842194,39.75040817260742,39.75040817260742,645284,0.0,0.0
2023-03-22 00:00:00+03:00,39.92919986472747,40.763541490163576,39.73054637505218,40.56488800048828,409639,0.0,0.0
2023-03-23 00:00:00+03:00,40.56488232429389,42.07464332996688,40.545016599206136,41.220436096191406,577685,0.0,0.0
2023-03-24 00:00:00+03:00,41.28003552207758,41.71707013083689,40.425828241729995,40.882728576660156,459456,0.0,0.0
2023-03-27 00:00:00+03:00,40.882729438954875,41.61774616678007,40.56488539151693,41.021785736083984,418661,0.0,0.0
2023-03-28 00:00:00+03:00,41.021782659758436,41.14097322135928,38.97566223144531,38.97566223144531,542149,0.0,0.0
2023-03-29 00:00:00+03:00,38.79687465397381,39.13458440406368,38.101589428612336,38.91606521606445,484969,0.0,0.0
2023-03-30 00:00:00+03:00,38.9756632149803,40.00865442325419,38.14132168472079,38.18104934692383,894335,0.0,0.0
2023-03-31 00:00:00+03:00,38.18105232666442,38.697549865609936,37.565229940960165,37.60496139526367,332183,0.0,0.0
2023-04-03 00:00:00+03:00,37.60496088298417,38.02212978048797,36.29385322082941,36.90967559814453,816612,0.0,0.0
2023-04-04 00:00:00+03:00,36.94940516271625,38.53862534195145,36.94940516271625,37.56522750854492,625101,0.0,0.0
2023-04-05 00:00:00+03:00,37.704283651321454,38.73727865823431,37.386439616732844,38.49889373779297,618413,0.0,0.0
2023-04-06 00:00:00+03:00,38.51876052292907,39.13458667225585,37.76388186727027,38.14132308959961,561133,0.0,0.0
2023-04-07 00:00:00+03:00,38.33997021293076,39.074986882140145,37.84333845478917,39.035255432128906,412934,0.0,0.0
2023-04-10 00:00:00+03:00,39.43256568232078,40.38609782907011,39.05512445335752,40.08811950683594,685423,0.0,0.0
2023-04-11 00:00:00+03:00,40.227175804164325,41.915724682139114,39.82986884852322,40.96219253540039,1534641,0.0,0.0
2023-04-12 00:00:00+03:00,41.00192052301108,42.03491558462182,40.90259567781773,41.717071533203125,811632,0.0,0.0
2023-04-13 00:00:00+03:00,41.77666519392425,42.15410260505887,40.72380449418116,41.16083908081055,538768,0.0,0.0
2023-04-14 00:00:00+03:00,41.160840249042955,41.24030315195798,39.869598388671875,39.869598388671875,802885,0.0,0.0
2023-04-17 00:00:00+03:00,39.869601539184366,40.703943140723354,39.15445051243665,39.23391342163086,528731,0.0,0.0
2023-04-18 00:00:00+03:00,39.33323459185956,39.829866360893135,38.3598367792337,38.73727798461914,660982,0.0,0.0
2023-04-19 00:00:00+03:00,38.73727798461914,39.51202233183162,38.39956823011632,38.73727798461914,469151,0.0,0.0
2023-04-20 00:00:00+03:00,38.777013941124686,38.935935974121094,38.399572691883165,38.935935974121094,143325,0.0,0.0
2023-04-24 00:00:00+03:00,38.975663811313986,40.28677140906768,38.93593235950332,40.187442779541016,840955,0.0,0.0
2023-04-25 00:00:00+03:00,40.68407351596747,41.08138044587719,39.253775388491945,40.10798263549805,1405693,0.0,0.0
2023-04-26 00:00:00+03:00,39.03525593905634,39.73054116728375,38.5187584492017,38.856468200683594,612568,0.0,0.0
2023-04-27 00:00:00+03:00,39.23390810390686,40.425825057268504,38.77700780496809,39.77027130126953,790647,0.0,0.0
2023-04-28 00:00:00+03:00,39.929194988099674,41.160839653463114,37.94266791196536,38.73727798461914,961620,0.0,0.0
2023-05-02 00:00:00+03:00,38.73728131991344,39.21404740455545,37.10832958346991,37.60496139526367,664764,0.0,0.0
2023-05-03 00:00:00+03:00,37.40630736049276,38.65781784057617,35.79722137495695,38.65781784057617,772142,0.0,0.0
2023-05-04 00:00:00+03:00,38.59822428431477,40.12785114489028,38.14132393551947,38.71741485595703,523544,0.0,0.0
2023-05-05 00:00:00+03:00,38.717410785624324,39.71067428588867,37.386437543710116,39.71067428588867,278952,0.0,0.0
2023-05-08 00:00:00+03:00,41.77447894065274,41.79441567846277,39.700708307631494,39.93999099731445,1698292,0.15,0.0
2023-05-09 00:00:00+03:00,39.900107304872755,40.79740877512601,39.06262365067493,39.10250473022461,986429,0.0,0.0
2023-05-10 00:00:00+03:00,39.20220396626258,39.38166502252549,38.18525924852912,38.48435974121094,347662,0.0,0.0
2023-05-11 00:00:00+03:00,38.52424200510993,41.17627304739593,38.364721483892325,40.63788986206055,1300280,0.0,0.0
2023-05-12 00:00:00+03:00,40.737590749159,40.83728964425038,38.98286129070573,39.24208450317383,718994,0.0,0.0
2023-05-15 00:00:00+03:00,36.35077386240691,39.70070873435962,36.35077386240691,37.48735809326172,524484,0.0,0.0
2023-05-16 00:00:00+03:00,37.78646178429307,38.68376330804882,37.50729801406899,37.90610122680664,849408,0.0,0.0
2023-05-17 00:00:00+03:00,38.28496343807235,39.68076705932617,37.94598185230356,39.68076705932617,1077780,0.0,0.0
2023-05-18 00:00:00+03:00,39.700707468671304,40.57807224127581,38.62394489602557,38.663822174072266,777444,0.0,0.0
2023-05-22 00:00:00+03:00,38.72364190173464,39.162322364942575,37.54717668335024,38.0855598449707,1035477,0.0,0.0
2023-05-23 00:00:00+03:00,38.125444070710756,38.68376401482109,38.065622446726344,38.165321350097656,433732,0.0,0.0
2023-05-24 00:00:00+03:00,38.20520101548638,38.504301517774195,37.48735676738025,37.64687728881836,411640,0.0,0.0
2023-05-25 00:00:00+03:00,37.68675761201959,38.56412236391783,37.268017677892416,38.54418182373047,374313,0.0,0.0
2023-05-26 00:00:00+03:00,38.564124225144106,39.42154847823698,38.404603699215386,39.1224479675293,602882,0.0,0.0
2023-05-29 00:00:00+03:00,39.50130543687662,40.85723176075651,38.94298551758669,40.43849182128906,1182686,0.0,0.0
2023-05-30 00:00:00+03:00,40.777473431551456,43.489322277990084,40.617952911172715,42.272979736328125,1852539,0.0,0.0
2023-05-31 00:00:00+03:00,42.332798341483425,42.731601551479486,41.29591303810909,41.375675201416016,1009620,0.0,0.0
2023-06-01 00:00:00+03:00,41.654836330965516,44.58603125886248,41.55513742731393,44.20716857910156,2075024,0.0,0.0
2023-06-02 00:00:00+03:00,44.4265102697929,45.62291231426762,43.648844376961115,44.14734649658203,1571356,0.0,0.0
2023-06-05 00:00:00+03:00,44.4663877183587,46.36069730144596,44.38662935661542,45.842254638671875,1559359,0.0,0.0
2023-06-06 00:00:00+03:00,46.06159688842773,47.63686161812772,45.742555834228504,46.85919952392578,1402391,0.0,0.0
2023-06-07 00:00:00+03:00,47.35769856421522,48.45440164123677,47.257999667492946,47.4573974609375,1313130,0.0,0.0
2023-06-08 00:00:00+03:00,47.43746123719029,47.69668065343285,45.96189168751395,46.360694885253906,1010507,0.0,0.0
2023-06-09 00:00:00+03:00,46.48033357737954,47.3377577764726,46.06159364941452,47.257999420166016,834867,0.0,0.0
2023-06-12 00:00:00+03:00,47.4972788448825,47.85620096061014,46.500274658203125,46.500274658203125,1227876,0.0,0.0
2023-06-13 00:00:00+03:00,46.5002738544003,46.5002738544003,44.40656661987305,44.40656661987305,691621,0.0,0.0
2023-06-14 00:00:00+03:00,44.52620712528925,45.22411082132584,43.7884223487319,44.047645568847656,588348,0.0,0.0
2023-06-15 00:00:00+03:00,44.10746973721193,44.8851318359375,43.92800866777228,44.8851318359375,529064,0.0,0.0
2023-06-16 00:00:00+03:00,44.88512867614671,45.58303236336268,44.44644820577024,44.80536651611328,525641,0.0,0.0
2023-06-19 00:00:00+03:00,44.86518780314171,44.88512834300206,42.771480560302734,42.771480560302734,586475,0.0,0.0
2023-06-20 00:00:00+03:00,42.771482587279614,43.36968359836312,42.19321831373219,42.87118148803711,435513,0.0,0.0
2023-06-21 00:00:00+03:00,42.87117948807934,43.86818366222072,41.355732686992155,41.61495590209961,1245910,0.0,0.0
2023-06-22 00:00:00+03:00,41.6747751258729,42.29291666980073,41.275975724709774,42.13339614868164,2046360,0.0,0.0
2023-06-23 00:00:00+03:00,42.133396168359724,44.167285666030004,41.99381618772398,43.9678840637207,3169870,0.0,0.0
2023-06-26 00:00:00+03:00,44.48632554950567,46.7794344081519,43.86818402139232,46.639854431152344,2241830,0.0,0.0
2023-06-27 00:00:00+03:00,46.54015735486195,48.713626861572266,45.66279257519658,48.713626861572266,1119227,0.0,0.0
2023-07-03 00:00:00+03:00,48.873147879482794,52.193169992335406,48.75350843663054,50.199161529541016,3705962,0.0,0.0
2023-07-04 00:00:00+03:00,50.249013800021054,50.89706425578101,48.55410587917251,48.653804779052734,2962026,0.0,0.0
2023-07-05 00:00:00+03:00,48.713626033025875,49.67074915641651,47.77643964684532,49.27194595336914,1693187,0.0,0.0
2023-07-06 00:00:00+03:00,49.67074874506302,51.34571609875983,49.35170770657498,51.04661560058594,1898614,0.0,0.0
2023-07-07 00:00:00+03:00,51.04661534398716,51.844217936197914,50.34871164957682,50.84721374511719,1309440,0.0,0.0
2023-07-10 00:00:00+03:00,51.345715098853915,53.339723452207465,51.196162951044755,52.492271423339844,2285702,0.0,0.0
2023-07-11 00:00:00+03:00,53.4394249204935,54.137328638409684,51.49526972502102,52.99077606201172,2407715,0.0,0.0
2023-07-12 00:00:00+03:00,52.940920760764904,52.940920760764904,51.046615089130576,51.395565032958984,1177432,0.0,0.0
2023-07-13 00:00:00+03:00,51.39556476672507,51.943916305587415,49.79038742689105,50.44841003417969,1147729,0.0,0.0
2023-07-14 00:00:00+03:00,50.84721324275489,52.74152270840047,50.597962197447266,51.94391632080078,1658880,0.0,0.0
2023-07-17 00:00:00+03:00,51.99377106545595,54.03762893501311,51.943917812347614,53.88807678222656,1907805,0.0,0.0
2023-07-18 00:00:00+03:00,54.037629438377515,56.380587832063355,53.28987627401787,54.28688049316406,2701307,0.0,0.0
2023-07-19 00:00:00+03:00,54.336729370918796,57.6268424987793,52.54212255601936,57.6268424987793,2364665,0.0,0.0
2023-07-20 00:00:00+03:00,57.72654688887497,59.9199531693795,56.530141042882924,59.77040481567383,2211525,0.0,0.0
2023-07-21 00:00:00+03:00,59.969805154496896,60.916956117725704,57.37759190917222,59.52115249633789,1416849,0.0,0.0
2023-07-24 00:00:00+03:00,62.06351061722068,62.06351061722068,57.078489684110586,57.37759017944336,3645150,0.0,0.0
2023-07-25 00:00:00+03:00,57.377591681635465,60.61785537298977,57.228043331688355,58.573997497558594,4289640,0.0,0.0
2023-07-26 00:00:00+03:00,58.823250064034724,60.06950536200156,57.72654692313164,59.02265167236328,2371240,0.0,0.0
2023-07-27 00:00:00+03:00,59.32175089234841,60.31875510902653,58.37459612585034,59.52115249633789,2485621,0.0,0.0
2023-07-28 00:00:00+03:00,60.31875458295703,61.01665828919881,59.471302527479374,59.87010192871094,3184927,0.0,0.0
2023-07-31 00:00:00+03:00,60.318755603828514,62.56201510975602,59.57100243518601,59.919952392578125,4235358,0.0,0.0
2023-08-01 00:00:00+03:00,60.01965379010622,63.60886740012791,58.07549483331563,62.661712646484375,3981664,0.0,0.0
2023-08-02 00:00:00+03:00,62.56201647379606,64.60587822193,61.21606226220142,64.10737609863281,4356165,0.0,0.0
2023-08-03 00:00:00+03:00,64.05752110000583,64.85512751818553,62.56201477082281,62.71156692504883,2097306,0.0,0.0
2023-08-04 00:00:00+03:00,62.960815447283046,64.70557276114619,62.013660716246385,64.4563217163086,2765284,0.0,0.0
2023-08-07 00:00:00+03:00,64.50617015338408,65.10437877211724,63.25991867852354,64.4064712524414,2214732,0.0,0.0
2023-08-08 00:00:00+03:00,65.10437984347789,65.20407874606121,63.259919719531666,63.70857238769531,1320855,0.0,0.0
2023-08-09 00:00:00+03:00,63.65871804003326,66.20108184821515,62.66171381824248,65.9019775390625,2826732,0.0,0.0
2023-08-10 00:00:00+03:00,66.30077846188203,68.29478683667547,65.55302532133449,66.35063171386719,2346935,0.0,0.0
2023-08-11 00:00:00+03:00,66.10138508749716,72.73145729183571,64.0575233240369,72.38250732421875,3106917,0.0,0.0
2023-08-14 00:00:00+03:00,73.57891234437314,77.96572469989769,72.33265710552223,77.76632690429688,3403393,0.0,0.0
2023-08-15 00:00:00+03:00,77.3675265934449,77.3675265934449,73.52906183586347,74.7254638671875,1370792,0.0,0.0
2023-08-16 00:00:00+03:00,74.62576444278588,76.22096967555365,72.9308603091961,75.82217407226562,1341583,0.0,0.0
2023-08-17 00:00:00+03:00,78.21497707330681,78.21497707330681,73.18011038693788,75.02456665039062,2055425,0.0,0.0
2023-08-18 00:00:00+03:00,75.02456333940528,75.82216971320356,72.73145071963877,74.67561340332031,1811415,0.0,0.0
2023-08-21 00:00:00+03:00,76.3206745748007,82.1032943725586,76.0215702720984,82.1032943725586,3801521,0.0,0.0
2023-08-22 00:00:00+03:00,82.95074543003133,90.27873229980469,82.25284554078544,90.27873229980469,2321155,0.0,0.0
2023-08-23 00:00:00+03:00,94.71539815266927,98.005515025851,86.58981247405366,86.73936462402344,4895728,0.0,0.0
2023-08-24 00:00:00+03:00,86.73936715262276,93.02049678215225,86.09131288822076,87.23786926269531,3396555,0.0,0.0
2023-08-25 00:00:00+03:00,87.18801450746679,88.18501871044086,83.19999769557053,86.04146575927734,1923696,0.0,0.0
2023-08-28 00:00:00+03:00,86.68951253874208,94.61570052844766,85.24385948483106,94.46614837646484,3041856,0.0,0.0
2023-08-29 00:00:00+03:00,94.51600302103392,94.66554756868034,89.28173087033036,90.2288818359375,1835122,0.0,0.0
2023-08-31 00:00:00+03:00,90.72738292706453,91.72438713505424,87.8859224556015,89.4312744140625,1695880,0.0,0.0
2023-09-01 00:00:00+03:00,89.83007660656047,90.62768300658198,87.83606821304508,90.12918090820312,1323533,0.0,0.0
2023-09-04 00:00:00+03:00,90.5279815077002,90.92677708971677,86.9886136682672,88.13516998291016,1985159,0.0,0.0
2023-09-05 00:00:00+03:00,88.13517662767292,88.63367874931525,84.99461174001844,87.33757019042969,1302490,0.0,0.0
2023-09-06 00:00:00+03:00,87.53696951984729,89.63067676394043,86.24086105103154,88.53397369384766,1516600,0.0,0.0
2023-09-07 00:00:00+03:00,89.43127558813516,92.72139256030998,88.83307457679571,92.67153930664062,2501724,0.0,0.0
2023-09-08 00:00:00+03:00,92.82108739194413,93.61869377645631,89.38142602262903,92.47213745117188,1406457,0.0,0.0
2023-09-11 00:00:00+03:00,92.67154159998164,92.67154159998164,88.23487574900318,88.28472900390625,1261656,0.0,0.0
2023-09-12 00:00:00+03:00,88.73337406469196,89.18202291341493,85.89191360752355,86.04146575927734,840531,0.0,0.0
2023-09-13 00:00:00+03:00,86.14116190484546,91.22588165617721,85.64265981929258,89.08232116699219,1499401,0.0,0.0
2023-09-14 00:00:00+03:00,89.13218109148724,90.62768746011442,83.99760770455953,88.28472900390625,1160994,0.0,0.0
2023-09-15 00:00:00+03:00,92.72138977050781,96.60970763703031,88.08531876067475,89.73037719726562,4197085,0.0,0.0
2023-09-18 00:00:00+03:00,89.63068105401373,93.91779464349034,82.75135040283203,82.75135040283203,3025908,0.0,0.0
2023-09-19 00:00:00+03:00,82.7513491124003,85.29371288075811,81.1561439038304,83.99760437011719,1605135,0.0,0.0
2023-09-20 00:00:00+03:00,82.75134785970052,85.44325613300316,82.75134785970052,83.74835205078125,1202226,0.0,0.0
2023-09-21 00:00:00+03:00,83.74835502221222,86.63966880023916,81.65464766796464,86.14116668701172,1185371,0.0,0.0
2023-09-22 00:00:00+03:00,86.14116187537755,88.58381905113579,85.09430445345934,87.5868148803711,1103761,0.0,0.0
2023-09-25 00:00:00+03:00,87.58681767486344,89.38142828211292,87.08831557357618,89.03247833251953,1094623,0.0,0.0
2023-09-26 00:00:00+03:00,89.63067700412513,91.02648437277364,87.18801220735567,87.9856185913086,1422933,0.0,0.0
2023-09-27 00:00:00+03:00,88.13517612858202,88.48412609044787,86.29071981025787,86.93876647949219,810336,0.0,0.0
2023-09-28 00:00:00+03:00,86.63966649836362,87.93576739439655,84.74535699712031,85.09430694580078,569963,0.0,0.0
2023-09-29 00:00:00+03:00,85.44325787805971,87.78622386018182,85.19400682519893,87.38742065429688,567251,0.0,0.0
2023-10-02 00:00:00+03:00,88.63367511330213,91.22588451819452,87.73636980984827,90.52798461914062,1531626,0.0,0.0
2023-10-03 00:00:00+03:00,90.57783332750084,92.32259074065895,89.2318791300866,89.92977905273438,1374218,0.0,0.0
2023-10-04 00:00:00+03:00,90.47813334232788,93.21989495876205,89.92977797642561,92.1231918334961,2091922,0.0,0.0
2023-10-05 00:00:00+03:00,92.12318774854545,92.77124198681959,87.73636783546456,91.92378234863281,1792222,0.0,0.0
2023-10-06 00:00:00+03:00,90.92678183421458,96.70940935364594,90.62768513209551,95.66255187988281,2325746,0.0,0.0
2023-10-09 00:00:00+03:00,94.46614949624211,100.69742584823697,90.7273836850452,90.77723693847656,2582227,0.0,0.0
2023-10-10 00:00:00+03:00,91.82408897700667,93.51900074882494,91.12618905166535,93.31959533691406,1250854,0.0,0.0
2023-10-11 00:00:00+03:00,92.72139215699973,93.46914531955618,89.03247959766998,89.28173065185547,973645,0.0,0.0
2023-10-12 00:00:00+03:00,91.22588587188683,91.82408688088658,85.34355946922248,87.78622436523438,844150,0.0,0.0
2023-10-13 00:00:00+03:00,86.78922100992011,87.73637198303058,84.24685718825094,84.64566040039062,535871,0.0,0.0
2023-10-16 00:00:00+03:00,85.69251065530098,89.87993299154817,82.70149796078383,88.03547668457031,1435252,0.0,0.0
2023-10-17 00:00:00+03:00,89.13218128450498,90.42828224286536,86.49011850623445,89.23188018798828,586037,0.0,0.0
2023-10-18 00:00:00+03:00,87.48711575232603,91.57483132030089,86.93876041724606,88.13516998291016,1053931,0.0,0.0
2023-10-19 00:00:00+03:00,88.78322880291459,90.82708288928471,87.53697352834554,88.7333755493164,639421,0.0,0.0
2023-10-20 00:00:00+03:00,87.73636906907733,88.73337326304411,83.6984990408965,84.69550323486328,485973,0.0,0.0
2023-10-23 00:00:00+03:00,85.24385708415886,86.78921660022965,83.24984873131304,86.4901123046875,443214,0.0,0.0
2023-10-24 00:00:00+03:00,85.99161148071289,91.47513453165689,85.99161148071289,89.73037719726562,726868,0.0,0.0
2023-10-25 00:00:00+03:00,89.4811288994479,90.6276852757346,82.75135040283203,82.75135040283203,517527,0.0,0.0
2023-10-26 00:00:00+03:00,84.04745686331029,85.54296315905219,80.75733997006276,84.14715576171875,550192,0.0,0.0
2023-10-27 00:00:00+03:00,84.24685938781275,92.521997731243,80.25884237537191,85.69251251220703,701116,0.0,0.0
2023-10-30 00:00:00+03:00,85.64266609758525,87.53697568286188,84.79521401132797,85.8420639038086,576939,0.0,0.0
2023-10-31 00:00:00+03:00,85.94176166353775,86.44026377900268,81.75434693624781,82.60179901123047,489367,0.0,0.0
2023-11-01 00:00:00+03:00,83.74835072803792,84.24685281570481,77.26782358836833,80.50808715820312,662364,0.0,0.0
2023-11-02 00:00:00+03:00,82.25284526664196,84.84505462646484,80.95673678346138,84.84505462646484,495776,0.0,0.0
2023-11-03 00:00:00+03:00,85.29371537330925,86.58981631528789,82.6516526284324,85.99161529541016,413723,0.0,0.0
2023-11-06 00:00:00+03:00,87.33756752737726,93.0204961047422,85.99161336129085,92.82109069824219,1717162,0.0,0.0
2023-11-07 00:00:00+03:00,93.12019740297487,97.10821435722185,89.73038147055719,90.87693786621094,1785063,0.0,0.0
2023-11-08 00:00:00+03:00,91.2757416577885,92.57184261215828,89.23187991324941,89.78023529052734,990183,0.0,0.0
2023-11-09 00:00:00+03:00,89.68052342112216,89.68052342112216,86.88891626632956,87.83606719970703,493806,0.0,0.0
2023-11-10 00:00:00+03:00,87.48712001910458,90.67753047006336,86.78922011000063,89.28173065185547,729543,0.0,0.0
2023-11-13 00:00:00+03:00,89.28172650299061,89.28172650299061,86.04146294915232,86.09130859375,1134029,0.0,0.0
2023-11-14 00:00:00+03:00,86.19100754947785,89.18202006279513,84.74535454398976,89.08232116699219,487129,0.0,0.0
2023-11-15 00:00:00+03:00,89.08232480281289,89.18202370268496,85.74236221459843,85.89191436767578,394476,0.0,0.0
2023-11-16 00:00:00+03:00,86.04146626920107,87.38742042988515,84.29670890365617,84.94475555419922,571066,0.0,0.0
2023-11-17 00:00:00+03:00,85.09430920661863,87.63667302669408,85.09430920661863,86.14116668701172,442172,0.0,0.0
2023-11-20 00:00:00+03:00,86.73936965248802,88.33457492938695,86.73936965248802,87.73637390136719,683197,0.0,0.0
2023-11-21 00:00:00+03:00,87.93576764177607,88.2348719452227,86.93876343900519,87.53697204589844,550397,0.0,0.0
2023-11-22 00:00:00+03:00,87.98562091246141,87.98562091246141,85.94175925374921,86.04146575927734,393384,0.0,0.0
2023-11-23 00:00:00+03:00,86.04146626920107,86.78921942586317,84.74535775503804,84.94475555419922,594261,0.0,0.0
2023-11-24 00:00:00+03:00,84.89491235625574,88.73337714985759,83.74835596166334,86.93876647949219,1793823,0.0,0.0
2023-11-27 00:00:00+03:00,87.08831870762752,87.23787086470332,84.74536026856894,85.4432601928711,890434,0.0,0.0
2023-11-28 00:00:00+03:00,85.44325820155652,86.4402624167744,82.25284775547472,83.84805297851562,727333,0.0,0.0
2023-11-29 00:00:00+03:00,83.99760832437654,84.3465582916567,79.81019350393709,81.75434875488281,486787,0.0,0.0
2023-11-30 00:00:00+03:00,81.85404639744942,84.04746028440876,81.35554427857758,81.50509643554688,816548,0.0,0.0
2023-12-01 00:00:00+03:00,82.25284601097627,83.69849904976597,81.45523961310299,81.7044906616211,397998,0.0,0.0
2023-12-04 00:00:00+03:00,82.40240149883671,83.29970683115202,80.25884087345533,82.05345153808594,535974,0.0,0.0
2023-12-05 00:00:00+03:00,81.85404725366958,83.05045691540006,79.4612355367474,79.86003875732422,654496,0.0,0.0
2023-12-06 00:00:00+03:00,79.95973683403832,80.657644364466,76.07142639160156,76.07142639160156,645286,0.0,0.0
2023-12-07 00:00:00+03:00,75.92187016849701,78.71347732108265,75.12426377830782,77.36752319335938,600387,0.0,0.0
2023-12-08 00:00:00+03:00,77.5170812433881,78.26483443866195,76.61977588775173,76.71947479248047,381708,0.0,0.0
2023-12-11 00:00:00+03:00,76.42037800069345,77.66663332488434,74.12726516156667,74.27681732177734,333471,0.0,0.0
2023-12-12 00:00:00+03:00,74.17711183910585,75.223961654668,72.58190668691245,75.07441711425781,415016,0.0,0.0
2023-12-13 00:00:00+03:00,75.07442099973416,75.52306985726088,72.83116149902344,72.83116149902344,372715,0.0,0.0
2023-12-14 00:00:00+03:00,73.42936019440336,76.76932271321614,72.88100484669363,76.27082061767578,1057715,0.0,0.0
2023-12-15 00:00:00+03:00,76.1212699580899,77.46722412109375,75.42337005328447,77.46722412109375,340235,0.0,0.0
2023-12-18 00:00:00+03:00,79.95973412668961,81.65464583759294,77.56693012206583,78.56393432617188,792951,0.0,0.0
2023-12-19 00:00:00+03:00,78.51408452327006,78.56393777828129,74.97471640055794,75.921875,364593,0.0,0.0
2023-12-20 00:00:00+03:00,76.07142205210164,82.70149377045011,74.7753135742002,74.92486572265625,1752552,0.0,0.0
2023-12-21 00:00:00+03:00,75.37351787089531,76.47022099682864,74.52606580115312,75.27381896972656,510334,0.0,0.0
2023-12-22 00:00:00+03:00,75.42336753011209,76.32067281094285,73.92786126424022,73.97770690917969,405869,0.0,0.0
2023-12-25 00:00:00+03:00,74.07741710124702,74.07741710124702,70.33865125037396,70.78730010986328,550021,0.0,0.0
2023-12-26 00:00:00+03:00,71.18610535683304,72.23295526107924,69.84015113335145,70.88700103759766,393427,0.0,0.0
2023-12-27 00:00:00+03:00,70.88699622426157,73.22995454405218,69.84014639109807,72.33265686035156,368517,0.0,0.0
2023-12-28 00:00:00+03:00,72.38250723164657,74.67562005569177,72.38250723164657,73.87801361083984,267479,0.0,0.0
2023-12-29 00:00:00+03:00,74.72546083566176,76.66962356586413,73.87800879730916,75.32366943359375,295660,0.0,0.0
2024-01-02 00:00:00+03:00,75.77232294392908,78.56393788447883,74.87501759828534,78.36453247070312,403502,0.0,0.0
2024-01-03 00:00:00+03:00,78.36453305609268,78.51408521590695,76.52007670248709,77.26782989501953,346702,0.0,0.0
2024-01-04 00:00:00+03:00,76.61977203497865,79.21198146027271,75.77231997758962,78.96273040771484,300184,0.0,0.0
2024-01-05 00:00:00+03:00,78.81318333586944,79.95973205566406,77.76632590605723,79.95973205566406,296744,0.0,0.0
2024-01-08 00:00:00+03:00,81.106287616134,81.45523755393029,79.76033350946933,80.10928344726562,362725,0.0,0.0
2024-01-09 00:00:00+03:00,80.25883713074168,80.60778707521986,77.86602555833117,78.31468200683594,350564,0.0,0.0
2024-01-10 00:00:00+03:00,77.9158780541073,80.25883635176419,77.4173759649659,79.95973205566406,550195,0.0,0.0
2024-01-11 00:00:00+03:00,81.70449119966749,81.70449119966749,78.61377969899742,79.1122817993164,268525,0.0,0.0
2024-01-12 00:00:00+03:00,78.71347859775354,79.71048279839151,77.36752444819993,79.1122817993164,387887,0.0,0.0
2024-01-15 00:00:00+03:00,79.06243992270933,80.4083941364347,78.36453238506519,79.86003875732422,286453,0.0,0.0
2024-01-16 00:00:00+03:00,80.70748906631445,80.75734232023868,78.76333386788711,79.21198272705078,325811,0.0,0.0
2024-01-17 00:00:00+03:00,78.8131858614109,80.55794322931592,77.76632839805251,78.96273040771484,466039,0.0,0.0
2024-01-18 00:00:00+03:00,79.86003694328294,80.80719552145528,78.36453060499473,80.70748901367188,653733,0.0,0.0
2024-01-19 00:00:00+03:00,80.70748570016944,80.95673674631763,78.8131838346738,78.86302947998047,373521,0.0,0.0
2024-01-22 00:00:00+03:00,78.76333160279444,79.86003469874086,78.36452840248528,79.66063690185547,409401,0.0,0.0
2024-01-23 00:00:00+03:00,80.45824055904666,81.20599375237066,79.11228633237123,79.71048736572266,376519,0.0,0.0
2024-01-24 00:00:00+03:00,79.71048179392854,82.05344772113388,79.2618329519104,81.30569458007812,674542,0.0,0.0
2024-01-25 00:00:00+03:00,81.2558448806668,82.05345130861394,80.40839280505959,81.10629272460938,487184,0.0,0.0
2024-01-26 00:00:00+03:00,81.35553897612517,82.75134633930054,80.40838805461593,82.55194854736328,540353,0.0,0.0
2024-01-29 00:00:00+03:00,84.64566280082764,84.64566280082764,82.60180103473725,82.70149993896484,529923,0.0,0.0
2024-01-30 00:00:00+03:00,82.80120261682771,83.89790572564203,81.90389730723837,83.44924926757812,429556,0.0,0.0
2024-01-31 00:00:00+03:00,83.74835205078125,84.29670739849098,82.75134785970052,83.74835205078125,505978,0.0,0.0
2024-02-01 00:00:00+03:00,84.24685542166056,84.64565862543765,83.84805221788348,83.99760437011719,407650,0.0,0.0
2024-02-02 00:00:00+03:00,84.04745557721273,84.59580331333757,82.30269825887886,82.40239715576172,461881,0.0,0.0
2024-02-05 00:00:00+03:00,82.40239841668652,84.39640681100906,81.9038963181059,84.14715576171875,617831,0.0,0.0
2024-02-06 00:00:00+03:00,84.94475428335498,85.64266178305473,83.49910124471847,84.69550323486328,1049028,0.0,0.0
2024-02-07 00:00:00+03:00,84.94475201228289,86.29071372338326,84.24685213778044,85.14415740966797,649442,0.0,0.0
2024-02-08 00:00:00+03:00,85.14416418893312,87.28772484063191,84.74536096894796,86.78922271728516,814153,0.0,0.0
2024-02-09 00:00:00+03:00,87.23786776023086,87.48711881097438,85.2937126070468,86.04146575927734,624721,0.0,0.0
2024-02-12 00:00:00+03:00,86.88891523339208,86.88891523339208,84.94475253133302,85.54296112060547,966460,0.0,0.0
2024-02-13 00:00:00+03:00,85.54296735899098,85.7423651655978,82.8510513305664,82.8510513305664,825923,0.0,0.0
2024-02-14 00:00:00+03:00,83.89790420075101,83.89790420075101,81.60479151865002,82.25284576416016,1111399,0.0,0.0
2024-02-15 00:00:00+03:00,82.75134986308366,84.19700293253418,82.40239990906511,83.84805297851562,794924,0.0,0.0
2024-02-16 00:00:00+03:00,84.19700355635823,89.23187792312778,83.74835469880149,88.18502044677734,2223350,0.0,0.0
2024-02-19 00:00:00+03:00,89.58082504729585,90.92677918394716,85.14415943960194,85.24385833740234,1668889,0.0,0.0
2024-02-20 00:00:00+03:00,85.64266457378426,87.08831765952844,85.14416246055681,86.14116668701172,871145,0.0,0.0
2024-02-21 00:00:00+03:00,86.7892207674581,87.03847182353174,83.69850158691406,83.69850158691406,1014117,0.0,0.0
2024-02-22 00:00:00+03:00,83.99760618603007,84.24685724296191,82.50209984443903,83.15015411376953,951863,0.0,0.0
2024-02-23 00:00:00+03:00,83.54895744075729,84.49610841578188,79.51108727030801,80.15914154052734,1745822,0.0,0.0
2024-02-26 00:00:00+03:00,80.25884100554069,80.90689528030931,79.06243896484375,79.06243896484375,1111705,0.0,0.0
2024-02-27 00:00:00+03:00,79.06243931124602,79.61078707957687,76.71947326092955,77.0185775756836,1058810,0.0,0.0
2024-02-28 00:00:00+03:00,76.91887953001152,77.46722730445231,75.37351989746094,75.37351989746094,950253,0.0,0.0
2024-02-29 00:00:00+03:00,75.67261838302514,77.51707458496094,75.67261838302514,77.51707458496094,551918,0.0,0.0
2024-03-01 00:00:00+03:00,77.66662675659143,79.51108295909991,77.31767681663656,79.01258087158203,903330,0.0,0.0
2024-03-04 00:00:00+03:00,79.76034064041941,80.05944496043652,75.52307254389713,75.77232360839844,1053806,0.0,0.0
2024-03-05 00:00:00+03:00,75.97171631773622,76.66962381541573,74.42636438548409,74.77531433105469,794701,0.0,0.0
2024-03-06 00:00:00+03:00,74.77531484152969,76.76932323730381,73.57891284668057,75.17411804199219,951567,0.0,0.0
2024-03-07 00:00:00+03:00,75.57291999097079,77.96572394104433,75.57291999097079,77.91587829589844,671251,0.0,0.0
2024-03-08 00:00:00+03:00,77.91587756889135,82.25284419610564,77.01857229271711,79.5609359741211,1303408,0.0,0.0
2024-03-11 00:00:00+03:00,80.5080937293268,81.15614801749602,77.16813099065631,77.26782989501953,1055422,0.0,0.0
2024-03-12 00:00:00+03:00,77.36752605135311,77.71647600749941,75.32367196161704,75.82217407226562,470687,0.0,0.0
2024-03-13 00:00:00+03:00,76.56992595755125,77.1681269590165,74.92486749861799,75.57292175292969,445316,0.0,0.0
2024-03-14 00:00:00+03:00,75.77231749167268,76.42037172836963,75.02456435853117,75.47321319580078,376320,0.0,0.0
2024-03-15 00:00:00+03:00,76.17112568629389,78.86303409977084,75.47321815227262,77.96572875976562,1297496,0.0,0.0
2024-03-18 00:00:00+03:00,77.96572755202628,78.11527970746694,75.3236724342418,76.2209701538086,593088,0.0,0.0
2024-03-19 00:00:00+03:00,75.92186916820576,77.11827113118837,75.72246377001655,76.5699234008789,417784,0.0,0.0
2024-03-20 00:00:00+03:00,76.4702184132766,77.41737695872628,75.82217177430478,76.27082061767578,463582,0.0,0.0
2024-03-21 00:00:00+03:00,76.32067386984514,77.6167747543271,75.27381642659505,76.27082061767578,519766,0.0,0.0
2024-03-22 00:00:00+03:00,76.27082314429346,77.96572728266233,76.27082314429346,76.76932525634766,571478,0.0,0.0
2024-03-25 00:00:00+03:00,76.76932638772867,77.31768176168507,74.52606685042491,74.57592010498047,653898,0.0,0.0
2024-03-26 00:00:00+03:00,74.47621483572814,74.72546589957803,70.78730213336547,70.88700103759766,819360,0.0,0.0
2024-03-27 00:00:00+03:00,70.88699921989408,72.58191097453516,70.68760141654272,71.73445129394531,278777,0.0,0.0
2024-03-28 00:00:00+03:00,72.3326611850713,72.98070786059284,71.8341590614155,71.98370361328125,299473,0.0,0.0
2024-03-29 00:00:00+03:00,72.43235625261096,73.03055724801054,70.78729781035834,71.23594665527344,559686,0.0,0.0
2024-04-01 00:00:00+03:00,71.68460607273225,71.98370277953822,68.14523799315494,68.1950912475586,941785,0.0,0.0
2024-04-02 00:00:00+03:00,68.89299066664107,69.19209497780042,67.29778542238122,67.7962875366211,503599,0.0,0.0
2024-04-03 00:00:00+03:00,67.69659065532441,68.69359491355736,66.84913855713418,67.89598846435547,360959,0.0,0.0
2024-04-04 00:00:00+03:00,68.09539031982422,69.64074227536929,68.09539031982422,68.09539031982422,268571,0.0,0.0
2024-04-05 00:00:00+03:00,68.44434309924836,71.98370361328125,68.29479094084387,71.98370361328125,558764,0.0,0.0
2024-04-08 00:00:00+03:00,72.1831074436974,74.07741699335511,72.03355528857257,73.77831268310547,449451,0.0,0.0
2024-04-15 00:00:00+03:00,73.37950642552622,73.72845636863966,72.68160653929935,72.8810043334961,584526,0.0,0.0
2024-04-16 00:00:00+03:00,72.83116103348651,72.83116103348651,70.73744609430868,70.93685150146484,478013,0.0,0.0
2024-04-17 00:00:00+03:00,71.23594462283809,72.78130412285645,70.837149041642,71.13624572753906,445134,0.0,0.0
2024-04-18 00:00:00+03:00,71.18609878984931,73.2798060117341,70.78729560317171,73.18010711669922,700486,0.0,0.0
2024-04-19 00:00:00+03:00,72.78130645584073,73.97770845085563,72.18310545833327,73.6786117553711,531690,0.0,0.0
2024-04-22 00:00:00+03:00,74.22695950036194,75.82217230243299,73.52905960435965,73.6786117553711,812382,0.0,0.0
2024-04-24 00:00:00+03:00,74.12726113379277,74.52606433717227,72.33265812839261,72.5819091796875,467207,0.0,0.0
2024-04-25 00:00:00+03:00,72.78130388790329,73.1801070743501,71.43534978936613,71.68460083007812,593638,0.0,0.0
2024-04-26 00:00:00+03:00,72.23295564912515,73.08041535599845,71.98370458393626,72.78131103515625,448656,0.0,0.0
2024-04-29 00:00:00+03:00,73.08041100668409,73.77831090506255,71.98370029989162,73.13025665283203,528020,0.0,0.0
2024-04-30 00:00:00+03:00,73.22995801051438,76.52007502828748,73.08041346051087,75.124267578125,1115106,0.0,0.0
2024-05-02 00:00:00+03:00,75.17412208976225,76.9687251786668,75.12426883456818,75.37351989746094,665017,0.0,0.0
2024-05-03 00:00:00+03:00,75.37351732782898,76.9188769076952,75.17411952692815,76.37052154541016,558828,0.0,0.0
2024-05-06 00:00:00+03:00,76.61977560685031,77.61677986356024,76.2708256383096,77.26782989501953,798314,0.0,0.0
2024-05-07 00:00:00+03:00,78.76333292293818,79.36153393015911,75.174119273074,76.91887664794922,1021893,0.0,0.0
2024-05-08 00:00:00+03:00,77.06842701315568,77.11827265878674,75.52306747436523,76.27082061767578,559363,0.0,0.0
2024-05-09 00:00:00+03:00,76.37052280623583,76.76932602115998,75.47321747429116,76.6197738647461,634569,0.0,0.0
2024-05-10 00:00:00+03:00,76.76932624603796,77.8660293853879,75.27381989059566,77.56693267822266,897894,0.0,0.0
2024-05-13 00:00:00+03:00,77.76632715608505,78.51408030181665,75.0744188740667,75.72246551513672,863713,0.0,0.0
2024-05-14 00:00:00+03:00,75.72246650415666,78.66363347970551,74.6257633974005,78.01557922363281,790289,0.0,0.0
2024-05-15 00:00:00+03:00,77.91588208154315,79.51108732794337,75.52307040867349,78.66363525390625,1733544,0.0,0.0
2024-05-16 00:00:00+03:00,78.26482699291263,80.10928317780741,78.21497374202164,79.1621322631836,876569,0.0,0.0
2024-05-17 00:00:00+03:00,79.31168669012125,79.71048228256502,78.61377919026796,78.7134780883789,1004652,0.0,0.0
2024-05-20 00:00:00+03:00,86.53997039794922,86.53997039794922,86.53997039794922,86.53997039794922,786829,0.0,0.0
2024-05-21 00:00:00+03:00,88.93277103090277,95.16404724121094,88.08531898760853,95.16404724121094,11801768,0.0,0.0
2024-05-22 00:00:00+03:00,95.51300401721693,96.60970710000177,90.97663193040081,92.32258605957031,3742649,0.0,0.0
2024-05-23 00:00:00+03:00,91.62468715610207,101.49503022022219,90.67752860574755,99.10221862792969,6691865,0.0,0.0
2024-05-24 00:00:00+03:00,99.65056485699226,105.6824431951816,97.80610864328966,102.39232635498047,3910622,0.0,0.0
2024-05-27 00:00:00+03:00,102.69143602815929,102.99054034075967,95.91180419921875,95.91180419921875,2728299,0.0,0.0
2024-05-28 00:00:00+03:00,95.71240794904932,98.40431638000084,94.01750376756708,95.61270904541016,2043778,0.0,0.0
2024-05-29 00:00:00+03:00,95.61270636993201,95.71240527078136,90.87693631747148,91.17603302001953,1774577,0.0,0.0
2024-05-30 00:00:00+03:00,91.52498778382626,92.27274092713681,89.23187510172525,89.73037719726562,1292147,0.0,0.0
2024-05-31 00:00:00+03:00,90.32858374105618,93.71839972033345,90.32858374105618,91.12619018554688,1690235,0.0,0.0
2024-06-03 00:00:00+03:00,91.12618481722194,97.4073066730392,90.07932737131657,96.65955352783203,1885679,0.0,0.0
2024-06-04 00:00:00+03:00,96.75926381985789,98.20491691456343,94.96465315849915,97.40731048583984,1901430,0.0,0.0
2024-06-05 00:00:00+03:00,97.50701669216087,97.50701669216087,91.7742423722745,92.5219955444336,1322092,0.0,0.0
2024-06-06 00:00:00+03:00,92.72139134304396,95.86195611951926,88.98262556308251,89.4312744140625,2053084,0.0,0.0
2024-06-07 00:00:00+03:00,90.12918246617981,90.92678127345027,88.23487293828741,88.3345718383789,1037835,0.0,0.0
2024-06-10 00:00:00+03:00,88.3844250916939,90.12918246617981,85.74236240330754,88.3345718383789,882059,0.0,0.0
2024-06-11 00:00:00+03:00,88.3345723835472,89.53098201164444,87.23786926269531,87.23786926269531,603475,0.0,0.0
2024-06-12 00:00:00+03:00,87.38742336817782,89.53098401065807,85.84206374983332,88.83307647705078,894584,0.0,0.0
2024-06-13 00:00:00+03:00,89.28173112979765,90.67753095547752,88.8829279196583,89.68052673339844,770501,0.0,0.0
2024-06-14 00:00:00+03:00,89.97963078114209,91.72438816470995,88.13517449696378,90.2288818359375,1407767,0.0,0.0
2024-06-20 00:00:00+03:00,90.47813180176338,94.26675083167022,90.37843290235287,93.91779327392578,1304347,0.0,0.0
2024-06-21 00:00:00+03:00,93.91779329846844,93.91779329846844,91.97363813657094,92.42228698730469,800025,0.0,0.0
2024-06-24 00:00:00+03:00,86.44026057880284,86.73936487962378,83.19999694824219,83.19999694824219,3292244,0.0,0.0
2024-06-25 00:00:00+03:00,83.30000305175781,83.80000305175781,80.6500015258789,81.5,1602371,0.25,0.0
2024-06-26 00:00:00+03:00,81.0,83.8499984741211,80.0,80.0,1013094,0.0,0.0
2024-06-27 00:00:00+03:00,80.30000305175781,81.3499984741211,80.19999694824219,81.0,523538,0.0,0.0
2024-06-28 00:00:00+03:00,81.5,82.3499984741211,79.80000305175781,80.05000305175781,528379,0.0,0.0
2024-07-01 00:00:00+03:00,80.05000305175781,80.94999694824219,74.5999984741211,75.5999984741211,1150640,0.0,0.0
2024-07-02 00:00:00+03:00,75.5999984741211,78.5,75.1500015258789,77.5999984741211,628157,0.0,0.0
2024-07-03 00:00:00+03:00,77.75,78.44999694824219,76.0,77.5,732090,0.0,0.0
2024-07-04 00:00:00+03:00,77.80000305175781,78.8499984741211,77.1500015258789,78.6500015258789,776467,0.0,0.0
2024-07-05 00:00:00+03:00,79.4000015258789,80.69999694824219,78.0,80.30000305175781,725775,0.0,0.0
2024-07-08 00:00:00+03:00,81.0,81.5,78.44999694824219,78.8499984741211,1176522,0.0,0.0
2024-07-09 00:00:00+03:00,79.05000305175781,79.5,75.80000305175781,75.80000305175781,1184690,0.0,0.0
2024-07-10 00:00:00+03:00,76.55000305175781,76.55000305175781,75.30000305175781,75.44999694824219,836828,0.0,0.0
2024-07-11 00:00:00+03:00,76.4000015258789,76.69999694824219,75.80000305175781,76.5,1062714,0.0,0.0
2024-07-12 00:00:00+03:00,76.5,77.3499984741211,75.6500015258789,77.30000305175781,1025013,0.0,0.0
2024-07-16 00:00:00+03:00,77.44999694824219,78.30000305175781,75.8499984741211,75.9000015258789,1082106,0.0,0.0
2024-07-17 00:00:00+03:00,76.0,76.9000015258789,75.05000305175781,76.19999694824219,1062646,0.0,0.0
2024-07-18 00:00:00+03:00,76.44999694824219,77.8499984741211,76.19999694824219,77.0,1625749,0.0,0.0
2024-07-19 00:00:00+03:00,77.0,77.19999694824219,75.55000305175781,76.5,1201164,0.0,0.0
2024-07-22 00:00:00+03:00,76.5,77.9000015258789,76.0,76.3499984741211,1980088,0.0,0.0
2024-07-23 00:00:00+03:00,76.5,76.5,73.8499984741211,73.94999694824219,1695495,0.0,0.0
2024-07-24 00:00:00+03:00,74.0,74.3499984741211,72.9000015258789,73.0,1066495,0.0,0.0
2024-07-25 00:00:00+03:00,73.0,73.3499984741211,70.9000015258789,71.25,1320454,0.0,0.0
2024-07-26 00:00:00+03:00,71.6500015258789,76.25,70.0,72.9000015258789,2929418,0.0,0.0
2024-07-29 00:00:00+03:00,72.8499984741211,74.9000015258789,71.0999984741211,73.80000305175781,1421178,0.0,0.0
2024-07-30 00:00:00+03:00,74.4000015258789,74.69999694824219,71.5,72.25,939915,0.0,0.0
2024-07-31 00:00:00+03:00,72.19999694824219,72.19999694824219,70.05000305175781,70.19999694824219,1068469,0.0,0.0
2024-08-01 00:00:00+03:00,71.19999694824219,71.5,70.5,70.9000015258789,830445,0.0,0.0
2024-08-02 00:00:00+03:00,70.5,72.05000305175781,69.80000305175781,70.8499984741211,991169,0.0,0.0
2024-08-05 00:00:00+03:00,66.0,69.1500015258789,66.0,67.30000305175781,844082,0.0,0.0
2024-08-06 00:00:00+03:00,68.5,70.8499984741211,68.3499984741211,69.0999984741211,886756,0.0,0.0
2024-08-07 00:00:00+03:00,69.69999694824219,70.4000015258789,67.05000305175781,70.0,538121,0.0,0.0
2024-08-08 00:00:00+03:00,70.0,72.55000305175781,69.75,71.9000015258789,796095,0.0,0.0
2024-08-09 00:00:00+03:00,71.9000015258789,72.9000015258789,70.1500015258789,71.0,538248,0.0,0.0
2024-08-12 00:00:00+03:00,71.9000015258789,71.9000015258789,68.69999694824219,69.0,569542,0.0,0.0
2024-08-13 00:00:00+03:00,69.94999694824219,69.94999694824219,67.30000305175781,68.55000305175781,441807,0.0,0.0
2024-08-14 00:00:00+03:00,69.3499984741211,75.4000015258789,68.9000015258789,71.5,4562949,0.0,0.0
2024-08-15 00:00:00+03:00,74.5,77.5,73.3499984741211,74.4000015258789,4980443,0.0,0.0
2024-08-16 00:00:00+03:00,75.0,78.4000015258789,74.69999694824219,77.1500015258789,4861570,0.0,0.0
2024-08-19 00:00:00+03:00,76.94999694824219,76.94999694824219,72.75,73.0999984741211,4006865,0.0,0.0
2024-08-20 00:00:00+03:00,73.0999984741211,73.0999984741211,70.05000305175781,70.19999694824219,2404620,0.0,0.0
2024-08-21 00:00:00+03:00,70.19999694824219,71.4000015258789,68.69999694824219,69.69999694824219,1707186,0.0,0.0
2024-08-22 00:00:00+03:00,70.1500015258789,74.5,69.55000305175781,71.0,5537548,0.0,0.0
2024-08-23 00:00:00+03:00,71.19999694824219,72.5,68.30000305175781,68.5999984741211,1972268,0.0,0.0
2024-08-26 00:00:00+03:00,69.4000015258789,69.80000305175781,65.6500015258789,65.6500015258789,1497866,0.0,0.0
2024-08-27 00:00:00+03:00,65.75,67.44999694824219,65.69999694824219,66.1500015258789,1091038,0.0,0.0
2024-08-28 00:00:00+03:00,66.19999694824219,66.8499984741211,66.05000305175781,66.1500015258789,615621,0.0,0.0
2024-08-29 00:00:00+03:00,66.3499984741211,70.0,66.0,68.30000305175781,1702075,0.0,0.0
2024-09-02 00:00:00+03:00,68.5,69.5,68.5,68.9000015258789,890703,0.0,0.0
2024-09-03 00:00:00+03:00,69.0999984741211,70.69999694824219,68.55000305175781,69.25,1511496,0.0,0.0
2024-09-04 00:00:00+03:00,69.05000305175781,71.05000305175781,65.5999984741211,69.30000305175781,2385538,0.0,0.0
2024-09-05 00:00:00+03:00,69.8499984741211,70.05000305175781,67.80000305175781,68.19999694824219,1179126,0.0,0.0
2024-09-06 00:00:00+03:00,68.4000015258789,69.0,67.5,67.55000305175781,774482,0.0,0.0
2024-09-09 00:00:00+03:00,67.5,68.0999984741211,66.5999984741211,66.69999694824219,565501,0.0,0.0
2024-09-10 00:00:00+03:00,66.8499984741211,68.5,66.0,66.5999984741211,1008713,0.0,0.0
2024-09-11 00:00:00+03:00,66.5999984741211,67.0,64.30000305175781,64.30000305175781,881502,0.0,0.0
2024-09-12 00:00:00+03:00,64.8499984741211,65.94999694824219,63.5,64.0999984741211,794143,0.0,0.0
2024-09-13 00:00:00+03:00,63.04999923706055,65.1500015258789,62.650001525878906,64.19999694824219,1216348,0.0,0.0
2024-09-16 00:00:00+03:00,64.19999694824219,65.80000305175781,63.400001525878906,63.400001525878906,840165,0.0,0.0
2024-09-17 00:00:00+03:00,63.849998474121094,64.30000305175781,63.20000076293945,63.25,767024,0.0,0.0
2024-09-18 00:00:00+03:00,63.29999923706055,64.05000305175781,62.349998474121094,62.400001525878906,566590,0.0,0.0
2024-09-19 00:00:00+03:00,63.099998474121094,64.80000305175781,62.849998474121094,63.79999923706055,1189091,0.0,0.0
2024-09-20 00:00:00+03:00,63.79999923706055,65.0999984741211,63.5,64.3499984741211,692391,0.0,0.0
2024-09-23 00:00:00+03:00,64.3499984741211,65.6500015258789,63.599998474121094,64.25,737310,0.0,0.0
2024-09-24 00:00:00+03:00,64.3499984741211,64.75,63.45000076293945,63.900001525878906,775129,0.0,0.0
2024-09-25 00:00:00+03:00,63.95000076293945,64.25,62.0,62.099998474121094,640542,0.0,0.0
2024-09-26 00:00:00+03:00,62.5,62.79999923706055,61.349998474121094,61.349998474121094,519926,0.0,0.0
2024-09-27 00:00:00+03:00,61.5,62.849998474121094,60.849998474121094,62.25,401875,0.0,0.0
2024-09-30 00:00:00+03:00,63.099998474121094,66.0,63.099998474121094,65.05000305175781,1492816,0.0,0.0
2024-10-01 00:00:00+03:00,65.0999984741211,65.94999694824219,61.900001525878906,63.5,1095464,0.0,0.0
2024-10-02 00:00:00+03:00,63.5,64.3499984741211,62.5,62.599998474121094,725846,0.0,0.0
2024-10-03 00:00:00+03:00,62.599998474121094,64.80000305175781,62.099998474121094,62.650001525878906,1186456,0.0,0.0
2024-10-04 00:00:00+03:00,63.29999923706055,64.30000305175781,61.25,64.30000305175781,855504,0.0,0.0
2024-10-07 00:00:00+03:00,64.0999984741211,65.69999694824219,63.599998474121094,64.5,950717,0.0,0.0
2024-10-08 00:00:00+03:00,64.5,66.0,63.70000076293945,65.8499984741211,897732,0.0,0.0
2024-10-09 00:00:00+03:00,66.0999984741211,66.6500015258789,65.19999694824219,66.0,1010800,0.0,0.0
2024-10-10 00:00:00+03:00,66.05000305175781,66.94999694824219,65.3499984741211,66.25,1004875,0.0,0.0
2024-10-11 00:00:00+03:00,66.25,68.5999984741211,66.0999984741211,67.55000305175781,1557824,0.0,0.0
2024-10-14 00:00:00+03:00,68.4000015258789,68.5,64.69999694824219,65.0999984741211,1125532,0.0,0.0
2024-10-15 00:00:00+03:00,65.69999694824219,66.5,65.0,66.5,615414,0.0,0.0
2024-10-16 00:00:00+03:00,66.19999694824219,66.9000015258789,65.9000015258789,66.30000305175781,344050,0.0,0.0
2024-10-17 00:00:00+03:00,66.3499984741211,67.5,66.05000305175781,66.94999694824219,668027,0.0,0.0
2024-10-18 00:00:00+03:00,67.0,68.44999694824219,66.5,66.8499984741211,741034,0.0,0.0
2024-10-21 00:00:00+03:00,66.8499984741211,67.55000305175781,65.9000015258789,66.0999984741211,503143,0.0,0.0
2024-10-22 00:00:00+03:00,66.0999984741211,68.80000305175781,66.0999984741211,68.69999694824219,1292307,0.0,0.0
2024-10-23 00:00:00+03:00,68.69999694824219,69.8499984741211,67.55000305175781,68.6500015258789,991314,0.0,0.0
2024-10-24 00:00:00+03:00,70.5,71.9000015258789,69.5,69.5999984741211,988527,0.0,0.0
2024-10-25 00:00:00+03:00,69.5999984741211,69.9000015258789,67.80000305175781,68.55000305175781,465825,0.0,0.0
2024-10-28 00:00:00+03:00,68.55000305175781,69.19999694824219,68.0999984741211,68.1500015258789,152824,0.0,0.0
2024-10-30 00:00:00+03:00,68.1500015258789,68.55000305175781,67.3499984741211,67.6500015258789,590982,0.0,0.0
2024-10-31 00:00:00+03:00,67.5999984741211,68.05000305175781,66.5999984741211,66.80000305175781,414424,0.0,0.0
2024-11-01 00:00:00+03:00,66.9000015258789,67.6500015258789,66.5,67.44999694824219,345571,0.0,0.0
2024-11-04 00:00:00+03:00,67.75,68.75,65.5,65.5,489638,0.0,0.0
2024-11-05 00:00:00+03:00,65.55000305175781,66.30000305175781,64.3499984741211,65.0,413421,0.0,0.0
2024-11-06 00:00:00+03:00,65.05000305175781,67.94999694824219,65.05000305175781,67.6500015258789,517766,0.0,0.0
2024-11-07 00:00:00+03:00,67.19999694824219,69.30000305175781,67.0,69.30000305175781,527874,0.0,0.0
2024-11-08 00:00:00+03:00,69.0999984741211,70.0,68.75,70.0,449877,0.0,0.0
2024-11-11 00:00:00+03:00,68.94999694824219,69.3499984741211,67.55000305175781,68.30000305175781,1567578,0.0,0.0
2024-11-12 00:00:00+03:00,68.30000305175781,69.3499984741211,67.69999694824219,68.05000305175781,737722,0.0,0.0
2024-11-13 00:00:00+03:00,68.05000305175781,69.0,66.94999694824219,68.1500015258789,585762,0.0,0.0
2024-11-14 00:00:00+03:00,68.1500015258789,70.0,68.1500015258789,69.94999694824219,626955,0.0,0.0
2024-11-15 00:00:00+03:00,70.0999984741211,70.80000305175781,68.9000015258789,69.19999694824219,709447,0.0,0.0
2024-11-18 00:00:00+03:00,69.5,71.5,68.80000305175781,71.4000015258789,806293,0.0,0.0
2024-11-19 00:00:00+03:00,72.0,72.0,69.19999694824219,69.6500015258789,896389,0.0,0.0
2024-11-20 00:00:00+03:00,70.0,70.05000305175781,67.0,67.0999984741211,668772,0.0,0.0
2024-11-21 00:00:00+03:00,67.0999984741211,68.80000305175781,66.55000305175781,68.30000305175781,620968,0.0,0.0
2024-11-22 00:00:00+03:00,68.30000305175781,70.19999694824219,67.69999694824219,69.75,632713,0.0,0.0
2024-11-25 00:00:00+03:00,69.75,71.1500015258789,68.94999694824219,70.5999984741211,820056,0.0,0.0
2024-11-26 00:00:00+03:00,70.5999984741211,71.4000015258789,69.75,70.44999694824219,518980,0.0,0.0
2024-11-27 00:00:00+03:00,71.0,71.5999984741211,69.05000305175781,69.6500015258789,780857,0.0,0.0
2024-11-28 00:00:00+03:00,69.69999694824219,70.6500015258789,69.0999984741211,69.1500015258789,440638,0.0,0.0
2024-11-29 00:00:00+03:00,69.55000305175781,69.55000305175781,68.6500015258789,69.1500015258789,421778,0.0,0.0
2024-12-02 00:00:00+03:00,69.1500015258789,69.9000015258789,68.1500015258789,69.3499984741211,384234,0.0,0.0
2024-12-03 00:00:00+03:00,69.3499984741211,71.25,69.30000305175781,70.05000305175781,1088317,0.0,0.0
2024-12-04 00:00:00+03:00,70.30000305175781,71.75,70.0999984741211,70.94999694824219,651382,0.0,0.0
2024-12-05 00:00:00+03:00,71.0,74.5999984741211,70.6500015258789,73.94999694824219,1503028,0.0,0.0
2024-12-06 00:00:00+03:00,74.25,74.6500015258789,73.5,74.25,645972,0.0,0.0
2024-12-09 00:00:00+03:00,74.4000015258789,79.8499984741211,74.4000015258789,78.5,1460484,0.0,0.0
2024-12-10 00:00:00+03:00,78.55000305175781,79.0999984741211,75.9000015258789,76.3499984741211,711439,0.0,0.0
2024-12-11 00:00:00+03:00,76.0999984741211,77.8499984741211,76.0,77.0999984741211,749033,0.0,0.0
2024-12-12 00:00:00+03:00,77.1500015258789,78.1500015258789,76.25,76.4000015258789,410858,0.0,0.0
2024-12-13 00:00:00+03:00,76.4000015258789,79.5,75.4000015258789,79.19999694824219,613409,0.0,0.0
2024-12-16 00:00:00+03:00,79.5,81.30000305175781,78.80000305175781,78.80000305175781,748720,0.0,0.0
2024-12-17 00:00:00+03:00,79.05000305175781,79.1500015258789,76.80000305175781,77.25,522347,0.0,0.0
2024-12-18 00:00:00+03:00,77.3499984741211,77.80000305175781,73.5,76.0,737569,0.0,0.0
2024-12-19 00:00:00+03:00,75.80000305175781,76.6500015258789,74.6500015258789,75.0,350732,0.0,0.0
2024-12-20 00:00:00+03:00,75.25,75.5,74.30000305175781,74.69999694824219,291222,0.0,0.0
2024-12-23 00:00:00+03:00,74.69999694824219,75.44999694824219,73.69999694824219,74.19999694824219,329843,0.0,0.0
2024-12-24 00:00:00+03:00,74.19999694824219,74.19999694824219,73.19999694824219,73.9000015258789,315155,0.0,0.0
2024-12-25 00:00:00+03:00,74.69999694824219,75.8499984741211,74.30000305175781,75.25,311625,0.0,0.0
2024-12-26 00:00:00+03:00,75.30000305175781,77.80000305175781,75.30000305175781,77.19999694824219,643754,0.0,0.0
2024-12-27 00:00:00+03:00,77.0999984741211,77.80000305175781,76.6500015258789,77.05000305175781,247561,0.0,0.0
2024-12-30 00:00:00+03:00,75.75,80.19999694824219,75.75,78.5,668846,0.0,0.0
2024-12-31 00:00:00+03:00,79.69999694824219,79.69999694824219,77.69999694824219,78.4000015258789,340939,0.0,0.0
2025-01-02 00:00:00+03:00,78.4000015258789,78.8499984741211,77.0,77.44999694824219,486379,0.0,0.0
2025-01-03 00:00:00+03:00,77.5,79.1500015258789,77.5,78.6500015258789,405341,0.0,0.0
2025-01-06 00:00:00+03:00,78.9000015258789,81.0,78.9000015258789,80.0,753869,0.0,0.0
2025-01-07 00:00:00+03:00,80.0,80.5999984741211,79.0,79.5,399325,0.0,0.0
2025-01-08 00:00:00+03:00,79.5,79.5999984741211,77.5,77.5999984741211,452646,0.0,0.0
2025-01-09 00:00:00+03:00,77.9000015258789,78.94999694824219,77.9000015258789,78.30000305175781,354578,0.0,0.0
2025-01-10 00:00:00+03:00,78.0999984741211,78.6500015258789,76.80000305175781,77.4000015258789,302951,0.0,0.0
2025-01-13 00:00:00+03:00,77.30000305175781,79.9000015258789,76.05000305175781,76.55000305175781,661791,0.0,0.0
2025-01-14 00:00:00+03:00,76.5999984741211,77.25,74.69999694824219,75.05000305175781,488006,0.0,0.0
2025-01-15 00:00:00+03:00,75.0999984741211,75.3499984741211,73.5999984741211,74.25,421458,0.0,0.0
2025-01-16 00:00:00+03:00,75.0,75.55000305175781,74.0,74.6500015258789,376522,0.0,0.0
2025-01-17 00:00:00+03:00,74.9000015258789,76.9000015258789,74.75,76.30000305175781,513638,0.0,0.0
2025-01-20 00:00:00+03:00,76.55000305175781,77.3499984741211,74.5999984741211,75.80000305175781,449601,0.0,0.0
2025-01-21 00:00:00+03:00,75.69999694824219,75.69999694824219,73.69999694824219,74.05000305175781,486613,0.0,0.0
2025-01-22 00:00:00+03:00,74.5999984741211,74.9000015258789,74.0,74.5999984741211,390783,0.0,0.0
2025-01-23 00:00:00+03:00,74.5,75.5,74.25,74.55000305175781,439311,0.0,0.0
2025-01-24 00:00:00+03:00,74.55000305175781,74.75,73.55000305175781,73.75,421112,0.0,0.0
2025-01-27 00:00:00+03:00,73.44999694824219,73.44999694824219,71.55000305175781,72.4000015258789,370717,0.0,0.0
2025-01-28 00:00:00+03:00,72.4000015258789,75.75,72.1500015258789,72.94999694824219,415850,0.0,0.0
2025-01-29 00:00:00+03:00,73.0,73.75,71.5,71.5999984741211,379806,0.0,0.0
2025-01-30 00:00:00+03:00,71.69999694824219,71.8499984741211,70.94999694824219,71.55000305175781,459063,0.0,0.0
2025-01-31 00:00:00+03:00,71.44999694824219,72.9000015258789,71.0999984741211,71.4000015258789,467961,0.0,0.0
2025-02-03 00:00:00+03:00,71.30000305175781,71.30000305175781,69.69999694824219,69.8499984741211,491371,0.0,0.0
2025-02-04 00:00:00+03:00,70.0999984741211,71.05000305175781,69.44999694824219,70.19999694824219,511205,0.0,0.0
2025-02-05 00:00:00+03:00,70.19999694824219,70.5,67.9000015258789,68.0999984741211,370520,0.0,0.0
2025-02-06 00:00:00+03:00,68.30000305175781,70.0,68.30000305175781,70.0,291286,0.0,0.0
2025-02-07 00:00:00+03:00,69.69999694824219,70.69999694824219,69.1500015258789,70.05000305175781,352650,0.0,0.0
2025-02-10 00:00:00+03:00,70.05000305175781,70.8499984741211,68.5999984741211,68.6500015258789,457289,0.0,0.0
2025-02-11 00:00:00+03:00,68.69999694824219,69.25,67.55000305175781,68.1500015258789,432971,0.0,0.0
2025-02-12 00:00:00+03:00,68.1500015258789,69.94999694824219,67.8499984741211,68.8499984741211,525517,0.0,0.0
2025-02-13 00:00:00+03:00,69.05000305175781,69.8499984741211,68.5,68.9000015258789,337591,0.0,0.0
2025-02-14 00:00:00+03:00,69.19999694824219,69.69999694824219,68.19999694824219,68.5,369938,0.0,0.0
2025-02-17 00:00:00+03:00,69.30000305175781,71.75,68.80000305175781,70.44999694824219,595418,0.0,0.0
2025-02-18 00:00:00+03:00,70.4000015258789,70.44999694824219,69.19999694824219,70.0,601410,0.0,0.0
2025-02-19 00:00:00+03:00,70.69999694824219,70.69999694824219,68.3499984741211,68.6500015258789,641121,0.0,0.0
2025-02-20 00:00:00+03:00,68.69999694824219,70.4000015258789,67.9000015258789,70.0999984741211,496115,0.0,0.0
2025-02-21 00:00:00+03:00,69.75,70.94999694824219,67.4000015258789,68.0,373357,0.0,0.0
2025-02-24 00:00:00+03:00,69.0,70.0,68.5999984741211,69.0,343945,0.0,0.0
2025-02-25 00:00:00+03:00,69.3499984741211,69.4000015258789,66.94999694824219,67.55000305175781,253126,0.0,0.0
2025-02-26 00:00:00+03:00,67.55000305175781,68.05000305175781,66.5999984741211,68.0,386093,0.0,0.0
2025-02-27 00:00:00+03:00,67.5999984741211,68.44999694824219,67.4000015258789,67.69999694824219,469199,0.0,0.0
2025-02-28 00:00:00+03:00,67.69999694824219,68.1500015258789,67.3499984741211,67.75,241942,0.0,0.0
2025-03-03 00:00:00+03:00,68.1500015258789,69.3499984741211,68.0,68.75,336730,0.0,0.0
2025-03-04 00:00:00+03:00,68.69999694824219,68.69999694824219,66.8499984741211,67.3499984741211,397977,0.0,0.0
2025-03-05 00:00:00+03:00,67.4000015258789,68.94999694824219,66.94999694824219,68.5999984741211,423672,0.0,0.0
2025-03-06 00:00:00+03:00,69.0999984741211,70.6500015258789,68.69999694824219,70.6500015258789,585312,0.0,0.0
2025-03-07 00:00:00+03:00,70.94999694824219,72.3499984741211,70.19999694824219,72.0,589664,0.0,0.0
2025-03-10 00:00:00+03:00,68.25,68.44999694824219,64.80000305175781,64.80000305175781,7185284,0.0,0.0
2025-03-11 00:00:00+03:00,64.9000015258789,65.1500015258789,64.05000305175781,64.25,1739469,0.0,0.0
2025-03-12 00:00:00+03:00,64.5,64.75,63.849998474121094,63.95000076293945,972439,0.0,0.0
2025-03-13 00:00:00+03:00,64.19999694824219,65.4000015258789,64.05000305175781,65.1500015258789,1223478,0.0,0.0
2025-03-14 00:00:00+03:00,65.4000015258789,66.0,65.1500015258789,65.5,946000,0.0,0.0
2025-03-17 00:00:00+03:00,65.55000305175781,66.0,65.4000015258789,65.5999984741211,703670,0.0,0.0
2025-03-18 00:00:00+03:00,65.5999984741211,65.80000305175781,64.19999694824219,64.5999984741211,801676,0.0,0.0
2025-03-19 00:00:00+03:00,58.900001525878906,62.5,58.20000076293945,58.75,1243074,0.0,0.0
2025-03-20 00:00:00+03:00,59.0,60.45000076293945,58.0,59.04999923706055,971657,0.0,0.0
2025-03-21 00:00:00+03:00,59.20000076293945,59.20000076293945,53.70000076293945,55.20000076293945,782083,0.0,0.0
2025-03-24 00:00:00+03:00,55.29999923706055,57.79999923706055,53.54999923706055,56.70000076293945,1097156,0.0,0.0
2025-03-25 00:00:00+03:00,57.849998474121094,59.150001525878906,56.849998474121094,58.79999923706055,810917,0.0,0.0
2025-03-26 00:00:00+03:00,58.79999923706055,59.849998474121094,57.400001525878906,59.349998474121094,461772,0.0,0.0
2025-03-27 00:00:00+03:00,59.599998474121094,60.54999923706055,59.0,59.150001525878906,428265,0.0,0.0
2025-03-28 00:00:00+03:00,59.150001525878906,60.29999923706055,57.5,59.900001525878906,357728,0.0,0.0
2025-04-02 00:00:00+03:00,60.04999923706055,60.45000076293945,59.400001525878906,59.70000076293945,387645,0.0,0.0
2025-04-03 00:00:00+03:00,59.45000076293945,60.45000076293945,59.099998474121094,59.599998474121094,331821,0.0,0.0
2025-04-04 00:00:00+03:00,59.849998474121094,59.849998474121094,58.0,58.70000076293945,337923,0.0,0.0
2025-04-07 00:00:00+03:00,58.0,58.900001525878906,56.099998474121094,58.0,330973,0.0,0.0
2025-04-08 00:00:00+03:00,58.25,59.849998474121094,58.25,59.29999923706055,521509,0.0,0.0
2025-04-09 00:00:00+03:00,59.20000076293945,59.75,58.29999923706055,58.45000076293945,448988,0.0,0.0
2025-04-10 00:00:00+03:00,59.95000076293945,60.650001525878906,58.599998474121094,58.650001525878906,833176,0.0,0.0
2025-04-11 00:00:00+03:00,58.79999923706055,58.900001525878906,57.70000076293945,58.099998474121094,444764,0.0,0.0
2025-04-14 00:00:00+03:00,58.75,60.75,58.04999923706055,59.5,676115,0.0,0.0
2025-04-15 00:00:00+03:00,59.79999923706055,59.95000076293945,59.150001525878906,59.25,458274,0.0,0.0
2025-04-16 00:00:00+03:00,59.25,59.5,57.349998474121094,57.349998474121094,468617,0.0,0.0
2025-04-17 00:00:00+03:00,57.45000076293945,58.20000076293945,56.599998474121094,57.849998474121094,512025,0.0,0.0
2025-04-18 00:00:00+03:00,58.20000076293945,58.20000076293945,56.75,57.400001525878906,305930,0.0,0.0
2025-04-21 00:00:00+03:00,57.400001525878906,57.849998474121094,56.599998474121094,56.79999923706055,272072,0.0,0.0
2025-04-22 00:00:00+03:00,56.79999923706055,57.349998474121094,55.95000076293945,56.099998474121094,246072,0.0,0.0
2025-04-24 00:00:00+03:00,56.099998474121094,58.150001525878906,55.849998474121094,57.5,629908,0.0,0.0
2025-04-25 00:00:00+03:00,58.150001525878906,58.25,56.54999923706055,57.849998474121094,250572,0.0,0.0
2025-04-28 00:00:00+03:00,57.54999923706055,58.20000076293945,56.900001525878906,57.04999923706055,255180,0.0,0.0
2025-04-29 00:00:00+03:00,57.099998474121094,57.75,56.29999923706055,57.29999923706055,291770,0.0,0.0
2025-04-30 00:00:00+03:00,57.349998474121094,57.75,56.20000076293945,56.70000076293945,304682,0.0,0.0
2025-05-02 00:00:00+03:00,56.75,58.150001525878906,56.599998474121094,57.95000076293945,362246,0.0,0.0
2025-05-05 00:00:00+03:00,58.349998474121094,59.099998474121094,56.29999923706055,58.650001525878906,432895,0.0,0.0
2025-05-06 00:00:00+03:00,58.900001525878906,59.599998474121094,58.5,58.70000076293945,380670,0.0,0.0
2025-05-07 00:00:00+03:00,58.70000076293945,58.70000076293945,57.75,57.900001525878906,244285,0.0,0.0
2025-05-08 00:00:00+03:00,57.95000076293945,60.099998474121094,57.54999923706055,59.95000076293945,330291,0.0,0.0
2025-05-09 00:00:00+03:00,59.95000076293945,60.45000076293945,59.349998474121094,60.20000076293945,375377,0.0,0.0
2025-05-12 00:00:00+03:00,60.599998474121094,61.0,58.849998474121094,59.349998474121094,1631070,0.0,0.0
2025-05-13 00:00:00+03:00,59.400001525878906,60.45000076293945,59.0,59.95000076293945,635413,0.0,0.0
2025-05-14 00:00:00+03:00,59.95000076293945,60.400001525878906,59.099998474121094,59.150001525878906,381727,0.0,0.0
2025-05-15 00:00:00+03:00,59.20000076293945,59.79999923706055,58.0,58.400001525878906,328385,0.0,0.0
2025-05-16 00:00:00+03:00,58.29999923706055,59.04999923706055,58.0,58.75,316602,0.0,0.0
2025-05-20 00:00:00+03:00,58.70000076293945,59.20000076293945,57.75,57.95000076293945,465862,0.0,0.0
2025-05-21 00:00:00+03:00,57.95000076293945,58.150001525878906,56.54999923706055,56.54999923706055,460331,0.0,0.0
2025-05-22 00:00:00+03:00,56.70000076293945,57.599998474121094,56.599998474121094,57.150001525878906,379025,0.0,0.0
2025-05-23 00:00:00+03:00,57.20000076293945,57.45000076293945,56.150001525878906,56.25,374965,0.0,0.0
2025-05-26 00:00:00+03:00,56.849998474121094,57.20000076293945,56.20000076293945,56.20000076293945,272340,0.0,0.0
2025-05-27 00:00:00+03:00,56.5,56.95000076293945,55.0,55.0,516056,0.0,0.0
2025-05-28 00:00:00+03:00,55.0,55.349998474121094,54.20000076293945,54.45000076293945,379992,0.0,0.0
2025-05-29 00:00:00+03:00,54.79999923706055,55.29999923706055,53.95000076293945,54.5,421683,0.0,0.0
2025-05-30 00:00:00+03:00,54.5,55.29999923706055,54.04999923706055,54.54999923706055,261394,0.0,0.0
2025-06-02 00:00:00+03:00,54.54999923706055,55.400001525878906,54.5,54.849998474121094,294279,0.0,0.0
2025-06-03 00:00:00+03:00,55.349998474121094,56.5,55.29999923706055,55.849998474121094,461925,0.0,0.0
2025-06-04 00:00:00+03:00,56.400001525878906,56.900001525878906,55.79999923706055,56.79999923706055,302702,0.0,0.0
2025-06-05 00:00:00+03:00,56.849998474121094,57.150001525878906,56.599998474121094,57.0,134936,0.0,0.0
2025-06-10 00:00:00+03:00,57.150001525878906,57.79999923706055,57.150001525878906,57.54999923706055,354461,0.0,0.0
2025-06-11 00:00:00+03:00,57.599998474121094,57.95000076293945,57.25,57.349998474121094,323693,0.0,0.0
2025-06-12 00:00:00+03:00,57.0,57.04999923706055,56.099998474121094,56.150001525878906,287401,0.0,0.0
2025-06-13 00:00:00+03:00,53.0,54.0,51.0,53.45000076293945,602397,0.0,0.0
2025-06-16 00:00:00+03:00,53.650001525878906,54.45000076293945,53.099998474121094,54.0,312797,0.0,0.0
2025-06-17 00:00:00+03:00,54.0,54.349998474121094,53.400001525878906,53.70000076293945,244815,0.0,0.0
2025-06-18 00:00:00+03:00,53.70000076293945,53.70000076293945,52.650001525878906,52.79999923706055,248221,0.0,0.0
2025-06-19 00:00:00+03:00,52.75,53.349998474121094,52.20000076293945,52.349998474121094,251850,0.0,0.0
2025-06-20 00:00:00+03:00,52.650001525878906,53.349998474121094,52.650001525878906,53.04999923706055,202648,0.0,0.0
2025-06-23 00:00:00+03:00,52.5,53.650001525878906,52.04999923706055,52.900001525878906,343685,0.0,0.0
2025-06-24 00:00:00+03:00,54.5,55.099998474121094,53.54999923706055,54.95000076293945,467758,0.0,0.0
2025-06-25 00:00:00+03:00,55.0,55.29999923706055,54.29999923706055,54.70000076293945,388859,0.0,0.0
2025-06-26 00:00:00+03:00,54.75,55.0,54.0,54.29999923706055,316837,0.0,0.0
2025-06-27 00:00:00+03:00,54.04999923706055,55.25,53.099998474121094,55.0,462865,0.0,0.0
2025-06-30 00:00:00+03:00,55.20000076293945,56.95000076293945,55.04999923706055,56.54999923706055,486366,0.0,0.0
2025-07-01 00:00:00+03:00,56.650001525878906,57.75,56.099998474121094,57.04999923706055,755495,0.0,0.0
2025-07-02 00:00:00+03:00,57.0,59.650001525878906,57.0,57.599998474121094,804387,0.0,0.0
2025-07-03 00:00:00+03:00,58.099998474121094,59.349998474121094,57.0,59.04999923706055,557303,0.0,0.0
2025-07-04 00:00:00+03:00,59.400001525878906,62.20000076293945,58.650001525878906,62.0,1162896,0.0,0.0
2025-07-07 00:00:00+03:00,61.5,61.5,59.400001525878906,59.79999923706055,575491,0.0,0.0
2025-07-08 00:00:00+03:00,59.95000076293945,60.25,58.45000076293945,59.04999923706055,282192,0.0,0.0
2025-07-09 00:00:00+03:00,58.75,59.849998474121094,58.75,59.599998474121094,203887,0.0,0.0
2025-07-10 00:00:00+03:00,59.900001525878906,60.70000076293945,59.900001525878906,60.70000076293945,280293,0.0,0.0
2025-07-11 00:00:00+03:00,60.849998474121094,60.900001525878906,59.400001525878906,60.04999923706055,330378,0.0,0.0
2025-07-14 00:00:00+03:00,60.0,60.400001525878906,59.849998474121094,60.25,204995,0.0,0.0
2025-07-16 00:00:00+03:00,60.349998474121094,61.150001525878906,58.95000076293945,59.650001525878906,577911,0.0,0.0
2025-07-17 00:00:00+03:00,59.54999923706055,60.900001525878906,59.54999923706055,60.75,375617,0.0,0.0
2025-07-18 00:00:00+03:00,60.79999923706055,61.95000076293945,60.29999923706055,61.599998474121094,790007,0.0,0.0
2025-07-21 00:00:00+03:00,61.599998474121094,62.900001525878906,61.5,62.29999923706055,958283,0.0,0.0
2025-07-22 00:00:00+03:00,62.599998474121094,62.599998474121094,61.599998474121094,61.79999923706055,480241,0.0,0.0
2025-07-23 00:00:00+03:00,61.900001525878906,62.5,61.54999923706055,61.79999923706055,407678,0.0,0.0
2025-07-24 00:00:00+03:00,61.75,62.70000076293945,61.75,62.54999923706055,395892,0.0,0.0
2025-07-25 00:00:00+03:00,62.599998474121094,62.75,61.900001525878906,62.099998474121094,322095,0.0,0.0
2025-07-28 00:00:00+03:00,62.20000076293945,63.650001525878906,62.20000076293945,63.150001525878906,694461,0.0,0.0
2025-07-29 00:00:00+03:00,63.70000076293945,63.75,63.04999923706055,63.04999923706055,332897,0.0,0.0
2025-07-30 00:00:00+03:00,63.5,66.0,63.150001525878906,65.1500015258789,1085077,0.0,0.0
2025-07-31 00:00:00+03:00,65.25,65.55000305175781,64.30000305175781,64.9000015258789,723256,0.0,0.0
2025-08-01 00:00:00+03:00,65.1500015258789,65.5,64.75,64.94999694824219,454387,0.0,0.0
2025-08-04 00:00:00+03:00,65.44999694824219,65.69999694824219,64.94999694824219,65.25,637002,0.0,0.0
2025-08-05 00:00:00+03:00,65.30000305175781,66.80000305175781,65.0999984741211,65.94999694824219,769262,0.0,0.0
2025-08-06 00:00:00+03:00,66.0999984741211,66.4000015258789,64.3499984741211,64.75,603507,0.0,0.0
2025-08-07 00:00:00+03:00,64.94999694824219,65.30000305175781,64.5,64.55000305175781,619942,0.0,0.0
2025-08-08 00:00:00+03:00,64.5999984741211,64.5999984741211,63.150001525878906,63.400001525878906,616897,0.0,0.0
2025-08-11 00:00:00+03:00,63.79999923706055,64.44999694824219,63.5,64.0,639298,0.0,0.0
2025-08-12 00:00:00+03:00,64.05000305175781,64.05000305175781,63.20000076293945,63.45000076293945,467306,0.0,0.0
2025-08-13 00:00:00+03:00,63.70000076293945,63.900001525878906,63.20000076293945,63.5,467126,0.0,0.0
2025-08-14 00:00:00+03:00,63.29999923706055,64.5,63.20000076293945,64.5,866084,0.0,0.0
2025-08-15 00:00:00+03:00,64.9000015258789,66.5999984741211,64.30000305175781,66.25,1024600,0.0,0.0
2025-08-18 00:00:00+03:00,67.25,70.69999694824219,66.30000305175781,68.0999984741211,3021820,0.0,0.0
2025-08-19 00:00:00+03:00,68.19999694824219,68.19999694824219,65.69999694824219,65.69999694824219,1354998,0.0,0.0
2025-08-20 00:00:00+03:00,65.69999694824219,66.80000305175781,65.44999694824219,65.80000305175781,631602,0.0,0.0
2025-08-21 00:00:00+03:00,66.0,68.25,66.0,67.6500015258789,1192499,0.0,0.0
2025-08-22 00:00:00+03:00,67.5999984741211,68.4000015258789,66.5,66.9000015258789,711897,0.0,0.0
2025-08-25 00:00:00+03:00,67.3499984741211,69.0,67.30000305175781,68.94999694824219,822915,0.0,0.0
2025-08-26 00:00:00+03:00,69.19999694824219,69.19999694824219,67.80000305175781,67.94999694824219,448863,0.0,0.0
2025-08-27 00:00:00+03:00,68.05000305175781,68.55000305175781,67.44999694824219,67.6500015258789,607005,0.0,0.0
2025-08-28 00:00:00+03:00,68.0,69.44999694824219,67.75,68.5999984741211,630653,0.0,0.0
2025-08-29 00:00:00+03:00,68.5999984741211,69.19999694824219,68.1500015258789,68.19999694824219,397448,0.0,0.0
2025-09-01 00:00:00+03:00,68.19999694824219,69.94999694824219,68.19999694824219,69.94999694824219,541829,0.0,0.0
2025-09-02 00:00:00+03:00,69.69999694824219,69.9000015258789,65.4000015258789,66.8499984741211,947924,0.0,0.0
2025-09-03 00:00:00+03:00,66.80000305175781,66.8499984741211,63.599998474121094,65.5,715616,0.0,0.0
2025-09-04 00:00:00+03:00,65.5,66.69999694824219,65.5,66.25,659845,0.0,0.0
2025-09-05 00:00:00+03:00,66.25,67.3499984741211,65.5999984741211,65.80000305175781,490849,0.0,0.0
2025-09-08 00:00:00+03:00,65.19999694824219,66.3499984741211,64.4000015258789,64.75,545059,0.0,0.0
2025-09-09 00:00:00+03:00,64.75,65.44999694824219,63.75,64.30000305175781,478799,0.0,0.0
2025-09-10 00:00:00+03:00,64.4000015258789,64.9000015258789,63.150001525878906,63.45000076293945,258691,0.0,0.0
2025-09-11 00:00:00+03:00,63.5,64.8499984741211,62.70000076293945,63.0,271796,0.0,0.0
2025-09-12 00:00:00+03:00,62.79999923706055,63.04999923706055,61.650001525878906,62.54999923706055,246597,0.0,0.0
2025-09-15 00:00:00+03:00,62.099998474121094,66.0999984741211,61.400001525878906,65.75,571345,0.0,0.0
2025-09-16 00:00:00+03:00,65.75,66.69999694824219,65.0,66.1500015258789,490087,0.0,0.0
2025-09-17 00:00:00+03:00,66.0,68.05000305175781,65.75,66.75,929618,0.0,0.0
2025-09-18 00:00:00+03:00,67.05000305175781,67.80000305175781,65.9000015258789,65.94999694824219,581294,0.0,0.0
2025-09-19 00:00:00+03:00,65.94999694824219,66.80000305175781,65.5,66.69999694824219,513395,0.0,0.0
2025-09-22 00:00:00+03:00,69.30000305175781,69.30000305175781,67.4000015258789,67.75,433833,0.0,0.0
2025-09-23 00:00:00+03:00,67.3499984741211,67.75,66.80000305175781,67.0,575892,0.0,0.0
2025-09-24 00:00:00+03:00,67.0999984741211,67.9000015258789,66.5999984741211,67.0,623027,0.0,0.0
2025-09-25 00:00:00+03:00,67.0,69.30000305175781,66.9000015258789,69.0999984741211,784003,0.0,0.0
2025-09-26 00:00:00+03:00,68.0999984741211,68.9000015258789,66.80000305175781,66.80000305175781,800960,0.0,0.0
2025-09-29 00:00:00+03:00,66.80000305175781,70.6500015258789,66.1500015258789,66.30000305175781,1528368,0.0,0.0
2025-09-30 00:00:00+03:00,66.5,67.5999984741211,65.94999694824219,66.44999694824219,654530,0.0,0.0
2025-10-01 00:00:00+03:00,66.55000305175781,69.30000305175781,66.4000015258789,68.80000305175781,666710,0.0,0.0
2025-10-02 00:00:00+03:00,68.9000015258789,72.44999694824219,68.9000015258789,71.94999694824219,1882977,0.0,0.0
2025-10-03 00:00:00+03:00,72.55000305175781,74.9000015258789,70.9000015258789,71.1500015258789,1722926,0.0,0.0
2025-10-06 00:00:00+03:00,71.5,74.25,70.30000305175781,72.6500015258789,1414059,0.0,0.0
2025-10-07 00:00:00+03:00,72.6500015258789,73.9000015258789,71.5999984741211,72.1500015258789,641593,0.0,0.0
2025-10-08 00:00:00+03:00,72.1500015258789,72.30000305175781,68.69999694824219,69.25,810924,0.0,0.0
2025-10-09 00:00:00+03:00,69.55000305175781,70.19999694824219,68.25,68.30000305175781,529801,0.0,0.0
2025-10-10 00:00:00+03:00,68.55000305175781,71.8499984741211,68.55000305175781,69.4000015258789,769981,0.0,0.0
2025-10-13 00:00:00+03:00,68.0999984741211,69.5999984741211,67.0,67.5999984741211,434149,0.0,0.0
2025-10-14 00:00:00+03:00,67.8499984741211,68.0,66.0,66.4000015258789,502591,0.0,0.0
2025-10-15 00:00:00+03:00,66.44999694824219,70.0,66.1500015258789,69.44999694824219,991675,0.0,0.0
2025-10-16 00:00:00+03:00,68.69999694824219,72.30000305175781,68.69999694824219,70.05000305175781,930031,0.0,0.0
2025-10-17 00:00:00+03:00,70.05000305175781,72.0,67.5999984741211,70.44999694824219,1040753,0.0,0.0
2025-10-20 00:00:00+03:00,71.0,71.8499984741211,68.1500015258789,70.05000305175781,999966,0.0,0.0
2025-10-21 00:00:00+03:00,70.80000305175781,72.55000305175781,69.30000305175781,71.8499984741211,735639,0.0,0.0
2025-10-22 00:00:00+03:00,72.0,73.0,70.0999984741211,70.0999984741211,910953,0.0,0.0
2025-10-23 00:00:00+03:00,70.0999984741211,70.3499984741211,69.25,69.30000305175781,453101,0.0,0.0
2025-10-24 00:00:00+03:00,69.4000015258789,71.30000305175781,69.3499984741211,70.8499984741211,1368712,0.0,0.0
2025-10-27 00:00:00+03:00,70.8499984741211,71.8499984741211,69.3499984741211,69.4000015258789,749592,0.0,0.0
2025-10-28 00:00:00+03:00,69.4000015258789,70.30000305175781,69.25,69.75,286580,0.0,0.0
2025-10-30 00:00:00+03:00,69.75,70.75,69.75,69.9000015258789,390739,0.0,0.0
2025-10-31 00:00:00+03:00,70.5999984741211,71.44999694824219,70.05000305175781,70.80000305175781,844363,0.0,0.0
2025-11-03 00:00:00+03:00,70.9000015258789,72.5999984741211,70.9000015258789,71.5,871041,0.0,0.0
2025-11-04 00:00:00+03:00,71.4000015258789,71.69999694824219,69.9000015258789,70.44999694824219,615539,0.0,0.0
2025-11-05 00:00:00+03:00,70.5,70.55000305175781,69.69999694824219,70.05000305175781,729135,0.0,0.0
2025-11-06 00:00:00+03:00,70.1500015258789,71.0999984741211,69.8499984741211,70.05000305175781,479486,0.0,0.0
2025-11-07 00:00:00+03:00,70.0999984741211,70.30000305175781,68.75,69.1500015258789,485865,0.0,0.0
2025-11-10 00:00:00+03:00,67.8499984741211,68.4000015258789,64.19999694824219,64.30000305175781,1574219,0.0,0.0
2025-11-11 00:00:00+03:00,64.4000015258789,65.5999984741211,61.5,62.45000076293945,955371,0.0,0.0
2025-11-12 00:00:00+03:00,62.79999923706055,63.29999923706055,62.400001525878906,62.900001525878906,520291,0.0,0.0
2025-11-13 00:00:00+03:00,63.25,63.599998474121094,62.0,62.20000076293945,448346,0.0,0.0
2025-11-14 00:00:00+03:00,62.150001525878906,62.95000076293945,61.849998474121094,62.29999923706055,473461,0.0,0.0
2025-11-17 00:00:00+03:00,62.599998474121094,65.05000305175781,62.5,63.70000076293945,553625,0.0,0.0
2025-11-18 00:00:00+03:00,63.54999923706055,64.05000305175781,62.5,62.75,277821,0.0,0.0
2025-11-19 00:00:00+03:00,63.0,64.4000015258789,62.400001525878906,62.75,785523,0.0,0.0
2025-11-20 00:00:00+03:00,63.0,64.05000305175781,62.650001525878906,63.5,483359,0.0,0.0
2025-11-21 00:00:00+03:00,63.0,63.29999923706055,62.04999923706055,63.04999923706055,470523,0.0,0.0
2025-11-24 00:00:00+03:00,62.5,63.29999923706055,62.5,63.0,311785,0.0,0.0
2025-11-25 00:00:00+03:00,63.04999923706055,63.150001525878906,61.400001525878906,61.54999923706055,586422,0.0,0.0
2025-11-26 00:00:00+03:00,61.849998474121094,61.95000076293945,60.0,60.400001525878906,451306,0.0,0.0
2025-11-27 00:00:00+03:00,60.400001525878906,61.29999923706055,60.25,60.25,342610,0.0,0.0
2025-11-28 00:00:00+03:00,60.29999923706055,60.650001525878906,59.20000076293945,59.25,500222,0.0,0.0
2025-12-01 00:00:00+03:00,59.25,61.5,59.25,60.29999923706055,348544,0.0,0.0
2025-12-02 00:00:00+03:00,60.349998474121094,61.099998474121094,60.29999923706055,60.900001525878906,259739,0.0,0.0
2025-12-03 00:00:00+03:00,60.650001525878906,61.75,60.54999923706055,60.599998474121094,436863,0.0,0.0
2025-12-04 00:00:00+03:00,60.650001525878906,61.099998474121094,60.150001525878906,60.25,277529,0.0,0.0
2025-12-05 00:00:00+03:00,60.150001525878906,61.79999923706055,60.0,61.0,425658,0.0,0.0
2025-12-08 00:00:00+03:00,61.599998474121094,62.45000076293945,61.400001525878906,62.04999923706055,752976,0.0,0.0
2025-12-09 00:00:00+03:00,62.099998474121094,62.400001525878906,60.95000076293945,61.29999923706055,335061,0.0,0.0
2025-12-10 00:00:00+03:00,61.29999923706055,61.599998474121094,60.20000076293945,60.400001525878906,550801,0.0,0.0
2025-12-11 00:00:00+03:00,60.400001525878906,62.29999923706055,60.349998474121094,62.29999923706055,344976,0.0,0.0
2025-12-12 00:00:00+03:00,62.29999923706055,62.400001525878906,61.29999923706055,61.650001525878906,404145,0.0,0.0
2025-12-15 00:00:00+03:00,62.0,62.75,61.75,62.0,365777,0.0,0.0
2025-12-16 00:00:00+03:00,62.04999923706055,62.25,60.79999923706055,61.0,350701,0.0,0.0
2025-12-17 00:00:00+03:00,60.95000076293945,62.29999923706055,60.54999923706055,61.5,362395,0.0,0.0
2025-12-18 00:00:00+03:00,61.5,62.29999923706055,61.0,61.45000076293945,415117,0.0,0.0
2025-12-19 00:00:00+03:00,62.0,62.45000076293945,61.400001525878906,62.099998474121094,510893,0.0,0.0
2025-12-22 00:00:00+03:00,62.400001525878906,62.45000076293945,60.849998474121094,60.900001525878906,331262,0.0,0.0
2025-12-23 00:00:00+03:00,61.0,61.150001525878906,60.25,60.54999923706055,181284,0.0,0.0
2025-12-24 00:00:00+03:00,60.54999923706055,65.3499984741211,60.349998474121094,65.0,1360819,0.0,0.0
2025-12-25 00:00:00+03:00,64.80000305175781,64.9000015258789,62.04999923706055,62.5,857763,0.0,0.0
2025-12-26 00:00:00+03:00,62.650001525878906,62.900001525878906,61.70000076293945,62.599998474121094,481583,0.0,0.0
2025-12-29 00:00:00+03:00,62.599998474121094,63.0,61.20000076293945,61.20000076293945,441517,0.0,0.0
2025-12-30 00:00:00+03:00,61.20000076293945,63.29999923706055,61.150001525878906,62.45000076293945,761037,0.0,0.0
2025-12-31 00:00:00+03:00,62.79999923706055,63.599998474121094,62.349998474121094,62.70000076293945,548630,0.0,0.0
2026-01-02 00:00:00+03:00,63.25,64.30000305175781,62.599998474121094,63.150001525878906,806126,0.0,0.0
2026-01-05 00:00:00+03:00,63.150001525878906,63.45000076293945,62.79999923706055,62.95000076293945,328999,0.0,0.0
2026-01-06 00:00:00+03:00,63.25,64.30000305175781,63.0,63.54999923706055,509515,0.0,0.0
2026-01-07 00:00:00+03:00,63.599998474121094,64.75,63.099998474121094,63.099998474121094,459247,0.0,0.0
2026-01-08 00:00:00+03:00,62.95000076293945,63.650001525878906,62.5,63.20000076293945,329461,0.0,0.0
2026-01-09 00:00:00+03:00,63.25,63.849998474121094,63.04999923706055,63.400001525878906,299744,0.0,0.0
2026-01-12 00:00:00+03:00,63.45000076293945,64.5999984741211,63.45000076293945,63.849998474121094,829675,0.0,0.0
2026-01-13 00:00:00+03:00,63.849998474121094,64.1500015258789,63.349998474121094,63.79999923706055,725148,0.0,0.0
2026-01-14 00:00:00+03:00,63.79999923706055,64.4000015258789,63.20000076293945,63.54999923706055,572858,0.0,0.0
2026-01-15 00:00:00+03:00,63.400001525878906,64.69999694824219,63.349998474121094,64.5999984741211,636594,0.0,0.0
2026-01-16 00:00:00+03:00,64.8499984741211,64.94999694824219,63.79999923706055,64.1500015258789,699929,0.0,0.0
2026-01-19 00:00:00+03:00,64.55000305175781,65.19999694824219,64.1500015258789,64.5999984741211,758787,0.0,0.0
2026-01-20 00:00:00+03:00,64.5999984741211,64.5999984741211,63.650001525878906,64.0999984741211,599392,0.0,0.0
2026-01-21 00:00:00+03:00,64.0999984741211,64.3499984741211,63.29999923706055,64.0999984741211,580722,0.0,0.0
2026-01-22 00:00:00+03:00,64.4000015258789,66.5999984741211,64.19999694824219,66.5999984741211,1195765,0.0,0.0
2026-01-23 00:00:00+03:00,67.0,67.0,65.94999694824219,66.19999694824219,840660,0.0,0.0
2026-01-26 00:00:00+03:00,66.19999694824219,68.5,65.94999694824219,68.0,904732,0.0,0.0
2026-01-27 00:00:00+03:00,68.0,68.19999694824219,66.69999694824219,66.75,666017,0.0,0.0
2026-01-28 00:00:00+03:00,67.4000015258789,67.69999694824219,66.8499984741211,67.05000305175781,736046,0.0,0.0
2026-01-29 00:00:00+03:00,67.25,68.4000015258789,67.25,67.5,718312,0.0,0.0
2026-01-30 00:00:00+03:00,67.5,68.1500015258789,64.1500015258789,66.8499984741211,921258,0.0,0.0
2026-02-02 00:00:00+03:00,66.8499984741211,69.5999984741211,65.6500015258789,69.5,850233,0.0,0.0
2026-02-03 00:00:00+03:00,69.69999694824219,72.0,68.94999694824219,70.94999694824219,1472155,0.0,0.0
2026-02-04 00:00:00+03:00,71.05000305175781,72.8499984741211,70.4000015258789,72.5,993194,0.0,0.0
2026-02-05 00:00:00+03:00,72.5,75.6500015258789,72.05000305175781,75.0999984741211,1979725,0.0,0.0
2026-02-06 00:00:00+03:00,75.25,76.0,73.75,75.05000305175781,1433090,0.0,0.0
2026-02-09 00:00:00+03:00,75.05000305175781,76.30000305175781,74.0,75.55000305175781,1073941,0.0,0.0
2026-02-10 00:00:00+03:00,76.0,77.30000305175781,74.9000015258789,76.5999984741211,1068385,0.0,0.0
2026-02-11 00:00:00+03:00,76.5,78.19999694824219,76.25,77.3499984741211,761819,0.0,0.0
2026-02-12 00:00:00+03:00,77.3499984741211,80.6500015258789,77.05000305175781,80.6500015258789,1058586,0.0,0.0
2026-02-13 00:00:00+03:00,80.6500015258789,81.75,77.30000305175781,78.0,1357830,0.0,0.0
2026-02-16 00:00:00+03:00,78.0,80.0,77.94999694824219,78.0,794858,0.0,0.0
2026-02-17 00:00:00+03:00,78.0,80.9000015258789,77.5,79.9000015258789,1044934,0.0,0.0
2026-02-18 00:00:00+03:00,79.8499984741211,80.5,77.25,78.69999694824219,1694113,0.0,0.0
2026-02-19 00:00:00+03:00,79.19999694824219,79.75,73.25,75.5999984741211,1470006,0.0,0.0
2026-02-20 00:00:00+03:00,75.55000305175781,75.5999984741211,73.80000305175781,75.0999984741211,661306,0.0,0.0
2026-02-23 00:00:00+03:00,75.19999694824219,75.9000015258789,74.25,74.25,644223,0.0,0.0
2026-02-24 00:00:00+03:00,74.0999984741211,74.44999694824219,73.0999984741211,73.5,493207,0.0,0.0
2026-02-25 00:00:00+03:00,73.5,73.69999694824219,70.4000015258789,70.4000015258789,593568,0.0,0.0
2026-02-26 00:00:00+03:00,70.4000015258789,71.5,70.19999694824219,70.5999984741211,378038,0.0,0.0
2026-02-27 00:00:00+03:00,70.6500015258789,71.9000015258789,69.5999984741211,70.4000015258789,553267,0.0,0.0
2026-03-02 00:00:00+03:00,66.94999694824219,67.0,65.0999984741211,66.0999984741211,1375118,0.0,0.0
2026-03-03 00:00:00+03:00,65.69999694824219,67.0,64.5999984741211,64.5999984741211,640821,0.0,0.0
2026-03-04 00:00:00+03:00,64.5999984741211,65.3499984741211,64.0,64.3499984741211,710187,0.0,0.0
2026-03-05 00:00:00+03:00,64.5,66.6500015258789,64.5,66.4000015258789,478906,0.0,0.0
2026-03-06 00:00:00+03:00,66.0,66.4000015258789,64.1500015258789,64.3499984741211,417474,0.0,0.0
2026-03-09 00:00:00+03:00,60.04999923706055,60.349998474121094,58.349998474121094,59.04999923706055,1767706,0.0,0.0
2026-03-10 00:00:00+03:00,60.349998474121094,61.25,59.5,60.70000076293945,1047132,0.0,0.0
2026-03-11 00:00:00+03:00,61.400001525878906,61.400001525878906,59.349998474121094,59.599998474121094,742148,0.0,0.0
2026-03-12 00:00:00+03:00,60.650001525878906,61.25,59.849998474121094,60.25,1714003,0.0,0.0
2026-03-13 00:00:00+03:00,61.5,62.95000076293945,59.599998474121094,60.599998474121094,915783,0.0,0.0
2026-03-16 00:00:00+03:00,61.25,61.70000076293945,60.150001525878906,60.849998474121094,425943,0.0,0.0
2026-03-17 00:00:00+03:00,60.900001525878906,62.29999923706055,60.900001525878906,62.20000076293945,348203,0.0,0.0
2026-03-18 00:00:00+03:00,63.20000076293945,64.44999694824219,62.29999923706055,62.79999923706055,636763,0.0,0.0
2026-03-19 00:00:00+03:00,62.5,62.900001525878906,62.099998474121094,62.099998474121094,108845,0.0,0.0
2026-03-23 00:00:00+03:00,62.099998474121094,63.599998474121094,60.099998474121094,62.75,701474,0.0,0.0
2026-03-24 00:00:00+03:00,62.79999923706055,63.099998474121094,61.349998474121094,61.650001525878906,278444,0.0,0.0
2026-03-25 00:00:00+03:00,62.0,62.79999923706055,61.29999923706055,61.599998474121094,341738,0.0,0.0
2026-03-26 00:00:00+03:00,61.54999923706055,62.0,60.70000076293945,60.849998474121094,346283,0.0,0.0
2026-03-27 00:00:00+03:00,61.04999923706055,61.349998474121094,59.400001525878906,59.70000076293945,329268,0.0,0.0
2026-03-30 00:00:00+03:00,59.45000076293945,61.0,59.0,59.0,361358,0.0,0.0
2026-03-31 00:00:00+03:00,59.29999923706055,60.25,58.95000076293945,60.04999923706055,378280,0.0,0.0
2026-04-01 00:00:00+03:00,60.150001525878906,61.099998474121094,57.5,60.5,511842,0.0,0.0
2026-04-02 00:00:00+03:00,60.95000076293945,60.95000076293945,59.75,60.45000076293945,384859,0.0,0.0
2026-04-03 00:00:00+03:00,60.54999923706055,61.04999923706055,59.900001525878906,60.900001525878906,541841,0.0,0.0
2026-04-06 00:00:00+03:00,60.95000076293945,62.599998474121094,60.95000076293945,62.099998474121094,349195,0.0,0.0
2026-04-07 00:00:00+03:00,62.099998474121094,63.150001525878906,60.70000076293945,61.900001525878906,531657,0.0,0.0
2026-04-08 00:00:00+03:00,62.5,64.0,62.5,63.5,544210,0.0,0.0
2026-04-09 00:00:00+03:00,63.54999923706055,66.94999694824219,63.29999923706055,66.0,1156084,0.0,0.0
2026-04-10 00:00:00+03:00,67.0,67.0999984741211,66.05000305175781,66.4000015258789,462462,0.0,0.0
2026-04-13 00:00:00+03:00,66.0,66.3499984741211,64.69999694824219,65.55000305175781,562850,0.0,0.0
2026-04-14 00:00:00+03:00,65.80000305175781,67.44999694824219,65.80000305175781,67.0999984741211,944748,0.0,0.0
2026-04-15 00:00:00+03:00,68.0,68.0,66.0999984741211,67.05000305175781,384501,0.0,0.0
2026-04-16 00:00:00+03:00,67.25,67.80000305175781,66.55000305175781,66.94999694824219,532430,0.0,0.0
2026-04-17 00:00:00+03:00,66.94999694824219,68.19999694824219,66.5999984741211,67.9000015258789,580802,0.0,0.0
2026-04-20 00:00:00+03:00,67.9000015258789,67.9000015258789,66.0999984741211,66.6500015258789,634153,0.0,0.0
2026-04-21 00:00:00+03:00,67.4000015258789,68.3499984741211,66.94999694824219,67.4000015258789,862555,0.0,0.0
2026-04-22 00:00:00+03:00,67.4000015258789,68.19999694824219,66.9000015258789,67.69999694824219,503563,0.0,0.0
2026-04-24 00:00:00+03:00,67.75,67.80000305175781,66.55000305175781,67.44999694824219,426854,0.0,0.0
2026-04-27 00:00:00+03:00,67.5999984741211,69.1500015258789,67.5999984741211,68.30000305175781,821289,0.0,0.0
2026-04-28 00:00:00+03:00,68.30000305175781,68.3499984741211,66.30000305175781,67.5,552816,0.0,0.0
2026-04-29 00:00:00+03:00,67.8499984741211,68.0999984741211,66.19999694824219,66.30000305175781,565382,0.0,0.0
2026-04-30 00:00:00+03:00,66.19999694824219,66.69999694824219,65.5,66.05000305175781,256196,0.0,0.0
2026-05-04 00:00:00+03:00,66.05000305175781,66.4000015258789,64.0999984741211,64.5,448858,0.0,0.0
2026-05-05 00:00:00+03:00,64.5,65.5999984741211,64.3499984741211,65.1500015258789,494315,0.0,0.0
2026-05-06 00:00:00+03:00,66.05000305175781,67.25,65.80000305175781,66.19999694824219,446690,0.0,0.0
2026-05-07 00:00:00+03:00,66.4000015258789,69.69999694824219,66.4000015258789,69.5999984741211,1308824,0.0,0.0
2026-05-08 00:00:00+03:00,70.30000305175781,74.3499984741211,70.19999694824219,71.94999694824219,3722208,0.0,0.0
2026-05-11 00:00:00+03:00,71.9000015258789,73.69999694824219,69.94999694824219,71.30000305175781,1763421,0.0,0.0
2026-05-12 00:00:00+03:00,71.30000305175781,72.4000015258789,68.9000015258789,69.0,920713,0.0,0.0
2026-05-13 00:00:00+03:00,69.25,69.44999694824219,67.0,68.0999984741211,1017929,0.0,0.0
2026-05-14 00:00:00+03:00,68.25,69.0,68.19999694824219,68.19999694824219,362895,0.0,0.0
2026-05-15 00:00:00+03:00,68.44999694824219,69.05000305175781,66.1500015258789,66.75,738419,0.0,0.0
2026-05-18 00:00:00+03:00,66.44999694824219,66.6500015258789,64.69999694824219,65.0,431745,0.0,0.0
2026-05-20 00:00:00+03:00,65.0,66.5999984741211,64.80000305175781,65.5999984741211,390510,0.0,0.0
2026-05-21 00:00:00+03:00,65.55000305175781,65.8499984741211,62.5,62.900001525878906,324063,0.0,0.0
2026-05-22 00:00:00+03:00,62.70000076293945,64.44999694824219,61.79999923706055,64.1500015258789,692390,0.0,0.0
2026-05-25 00:00:00+03:00,64.1500015258789,64.8499984741211,64.0,64.4000015258789,354874,0.0,0.0
2026-05-26 00:00:00+03:00,64.75,65.30000305175781,64.1500015258789,65.0,123914,0.0,0.0
2026-05-27 00:00:00+03:00,65.0,65.0,65.0,65.0,0,0.0,0.0
2026-05-28 00:00:00+03:00,65.0,65.0,65.0,65.0,0,0.0,0.0
2026-05-29 00:00:00+03:00,65.0,65.0,65.0,65.0,0,0.0,0.0
2026-06-01 00:00:00+03:00,65.0999984741211,66.0999984741211,65.0,65.0,380384,0.0,0.0
2026-06-02 00:00:00+03:00,65.0,66.80000305175781,65.0,66.75,436206,0.0,0.0
2026-06-03 00:00:00+03:00,66.80000305175781,67.5,65.5,65.6500015258789,741014,0.0,0.0
2026-06-04 00:00:00+03:00,66.0,66.94999694824219,65.3499984741211,66.05000305175781,331366,0.0,0.0
2026-06-05 00:00:00+03:00,66.4000015258789,66.5999984741211,65.1500015258789,65.3499984741211,267748,0.0,0.0
2026-06-08 00:00:00+03:00,65.30000305175781,65.30000305175781,64.3499984741211,64.55000305175781,352121,0.0,0.0
2026-06-09 00:00:00+03:00,64.44999694824219,65.1500015258789,64.30000305175781,64.5,350943,0.0,0.0
2026-06-10 00:00:00+03:00,64.30000305175781,68.0,64.05000305175781,65.1500015258789,1018424,0.0,0.0
2026-06-11 00:00:00+03:00,65.05000305175781,66.80000305175781,64.0999984741211,64.75,510992,0.0,0.0
2026-06-12 00:00:00+03:00,65.19999694824219,66.0999984741211,64.44999694824219,65.05000305175781,511992,0.0,0.0
2026-06-15 00:00:00+03:00,65.8499984741211,67.55000305175781,65.8499984741211,67.55000305175781,670602,0.0,0.0
2026-06-16 00:00:00+03:00,68.5,69.3499984741211,67.30000305175781,68.69999694824219,890566,0.0,0.0
2026-06-17 00:00:00+03:00,69.05000305175781,69.69999694824219,68.0999984741211,68.6500015258789,1013328,0.0,0.0
2026-06-18 00:00:00+03:00,68.80000305175781,69.80000305175781,68.69999694824219,69.5999984741211,843155,0.0,0.0
2026-06-19 00:00:00+03:00,69.55000305175781,71.30000305175781,69.0,70.5,857710,0.0,0.0
2026-06-22 00:00:00+03:00,71.0,72.0999984741211,70.55000305175781,71.69999694824219,552750,0.0,0.0
2026-06-23 00:00:00+03:00,71.69999694824219,72.3499984741211,71.0999984741211,72.0999984741211,820819,0.0,0.0
2026-06-24 00:00:00+03:00,72.80000305175781,73.0999984741211,70.94999694824219,73.0999984741211,504987,0.0,0.0
2026-06-25 00:00:00+03:00,73.0999984741211,73.4000015258789,70.5999984741211,70.5999984741211,566605,0.0,0.0
2026-06-26 00:00:00+03:00,70.5999984741211,71.0999984741211,69.5999984741211,69.80000305175781,257279,0.0,0.0
2026-06-29 00:00:00+03:00,69.8499984741211,70.9000015258789,69.69999694824219,70.0999984741211,271460,0.0,0.0
2026-06-30 00:00:00+03:00,70.69999694824219,72.44999694824219,70.05000305175781,71.6500015258789,368084,0.0,0.0
2026-07-01 00:00:00+03:00,72.05000305175781,74.5,71.0,74.3499984741211,638788,0.0,0.0
2026-07-02 00:00:00+03:00,74.9000015258789,74.9000015258789,72.6500015258789,73.0999984741211,306942,0.0,0.0
2026-07-03 00:00:00+03:00,73.0999984741211,75.30000305175781,73.0,73.69999694824219,541362,0.0,0.0
2026-07-06 00:00:00+03:00,73.69999694824219,74.0,70.80000305175781,70.80000305175781,322118,0.0,0.0
2026-07-07 00:00:00+03:00,70.6500015258789,72.0,70.25,70.6500015258789,323427,0.0,0.0
2026-07-08 00:00:00+03:00,70.80000305175781,70.8499984741211,68.55000305175781,68.6500015258789,446086,0.0,0.0
2026-07-09 00:00:00+03:00,68.8499984741211,69.55000305175781,67.69999694824219,68.3499984741211,359399,0.0,0.0
2026-07-10 00:00:00+03:00,68.3499984741211,71.1500015258789,68.1500015258789,70.6500015258789,437488,0.0,0.0
2026-07-13 00:00:00+03:00,70.94999694824219,72.0,69.75,71.55000305175781,296518,0.0,0.0
2026-07-14 00:00:00+03:00,71.55000305175781,73.94999694824219,71.05000305175781,73.69999694824219,506057,0.0,0.0
2026-07-16 00:00:00+03:00,73.94999694824219,74.69999694824219,73.0999984741211,74.69999694824219,336543,0.0,0.0
2026-07-17 00:00:00+03:00,75.0,75.0,72.4000015258789,73.55000305175781,237777,0.0,0.0
2026-07-20 00:00:00+03:00,73.6500015258789,75.5999984741211,72.94999694824219,75.0,558064,0.0,0.0
2026-07-21 00:00:00+03:00,75.05000305175781,77.5999984741211,74.05000305175781,76.9000015258789,1173361,0.0,0.0
2026-07-22 00:00:00+03:00,76.9000015258789,77.3499984741211,74.94999694824219,75.05000305175781,882363,0.0,0.0
2026-07-23 00:00:00+03:00,75.44999694824219,76.1500015258789,74.75,75.44999694824219,265715,0.0,0.0
2026-07-24 00:00:00+03:00,75.8499984741211,76.05000305175781,75.0999984741211,75.5999984741211,250841,0.0,0.0
2026-07-27 00:00:00+03:00,75.6500015258789,76.4000015258789,72.0,72.94999694824219,370799,0.0,0.0
2026-07-28 00:00:00+03:00,72.6500015258789,73.4000015258789,69.05000305175781,71.5,417252,0.0,0.0
2026-07-29 00:00:00+03:00,71.5,72.0,69.8499984741211,70.94999694824219,353650,0.0,0.0
2026-07-30 00:00:00+03:00,71.6500015258789,75.9000015258789,71.05000305175781,72.5,487358,0.0,0.0
2026-08-03 00:00:00+03:00,70.25,71.69999694824219,69.5,69.80000305175781,365365,0.0,0.0
2026-08-04 00:00:00+03:00,69.69999694824219,70.69999694824219,67.30000305175781,69.19999694824219,968720,0.0,0.0
2026-08-05 00:00:00+03:00,69.19999694824219,69.5999984741211,67.8499984741211,68.05000305175781,315240,0.0,0.0
2026-08-06 00:00:00+03:00,68.0,70.0,68.0,68.8499984741211,345804,0.0,0.0
2026-08-07 00:00:00+03:00,69.19999694824219,71.5,68.55000305175781,71.44999694824219,481309,0.0,0.0
2026-08-10 00:00:00+03:00,72.19999694824219,73.0,71.4000015258789,71.8499984741211,262992,0.0,0.0
2026-08-11 00:00:00+03:00,71.8499984741211,72.8499984741211,70.69999694824219,72.8499984741211,447955,0.0,0.0
2026-08-12 00:00:00+03:00,72.69999694824219,73.75,71.4000015258789,72.80000305175781,542206,0.0,0.0
