date,open,high,low,close,volume,dividends,stock_splits
2020-08-14 00:00:00+03:00,1.8200000524520874,1.909999966621399,1.7940000295639038,1.878000020980835,1561400,0.0,0.0
2020-08-17 00:00:00+03:00,1.8799999952316284,2.062000036239624,1.8799999952316284,2.062000036239624,2701630,0.0,0.0
2020-08-18 00:00:00+03:00,2.062000036239624,2.2660000324249268,2.0360000133514404,2.2639999389648438,3609980,0.0,0.0
2020-08-19 00:00:00+03:00,2.2679998874664307,2.434000015258789,2.2679998874664307,2.3440001010894775,2765150,0.0,0.0
2020-08-20 00:00:00+03:00,2.2699999809265137,2.299999952316284,2.130000114440918,2.26200008392334,1944810,0.0,0.0
2020-08-21 00:00:00+03:00,2.2300000190734863,2.4639999866485596,2.2300000190734863,2.4639999866485596,7267290,0.0,0.0
2020-08-24 00:00:00+03:00,2.4660000801086426,2.7100000381469727,2.253999948501587,2.3259999752044678,25481740,0.0,0.0
2020-08-25 00:00:00+03:00,2.3399999141693115,2.3940000534057617,2.1500000953674316,2.1740000247955322,6232590,0.0,0.0
2020-08-26 00:00:00+03:00,2.1740000247955322,2.309999942779541,2.1059999465942383,2.305999994277954,8778100,0.0,0.0
2020-08-27 00:00:00+03:00,2.3519999980926514,2.447999954223633,2.3299999237060547,2.371999979019165,7030570,0.0,0.0
2020-08-28 00:00:00+03:00,2.4059998989105225,2.4059998989105225,2.2860000133514404,2.2939999103546143,3015865,0.0,0.0
2020-08-31 00:00:00+03:00,2.2860000133514404,2.309999942779541,2.200000047683716,2.2339999675750732,2389085,0.0,0.0
2020-09-01 00:00:00+03:00,2.2100000381469727,2.2960000038146973,2.1659998893737793,2.2360000610351562,2745925,0.0,0.0
2020-09-02 00:00:00+03:00,2.25,2.259999990463257,2.2079999446868896,2.2139999866485596,1627135,0.0,0.0
2020-09-03 00:00:00+03:00,2.2219998836517334,2.2899999618530273,2.1740000247955322,2.2039999961853027,1890185,0.0,0.0
2020-09-04 00:00:00+03:00,2.2200000286102295,2.2799999713897705,2.180000066757202,2.2339999675750732,2627205,0.0,0.0
2020-09-07 00:00:00+03:00,2.242000102996826,2.259999990463257,2.190000057220459,2.200000047683716,2007260,0.0,0.0
2020-09-08 00:00:00+03:00,2.2039999961853027,2.421999931335449,2.2039999961853027,2.2760000228881836,20589075,0.0,0.0
2020-09-09 00:00:00+03:00,2.299999952316284,2.388000011444092,2.2060000896453857,2.2100000381469727,6014260,0.0,0.0
2020-09-10 00:00:00+03:00,2.240000009536743,2.240000009536743,2.128000020980835,2.180000066757202,2385310,0.0,0.0
2020-09-11 00:00:00+03:00,2.1619999408721924,2.2699999809265137,2.140000104904175,2.2119998931884766,2422550,0.0,0.0
2020-09-14 00:00:00+03:00,2.2100000381469727,2.25,2.1740000247955322,2.187999963760376,1622370,0.0,0.0
2020-09-15 00:00:00+03:00,2.181999921798706,2.197999954223633,2.1440000534057617,2.1619999408721924,1278745,0.0,0.0
2020-09-16 00:00:00+03:00,2.1619999408721924,2.2079999446868896,2.130000114440918,2.138000011444092,924240,0.0,0.0
2020-09-17 00:00:00+03:00,2.1480000019073486,2.196000099182129,2.1059999465942383,2.190000057220459,2190090,0.0,0.0
2020-09-18 00:00:00+03:00,2.1600000858306885,2.2139999866485596,2.1600000858306885,2.180000066757202,1116245,0.0,0.0
2020-09-21 00:00:00+03:00,2.180000066757202,2.2039999961853027,2.072000026702881,2.130000114440918,1010100,0.0,0.0
2020-09-22 00:00:00+03:00,2.130000114440918,2.25600004196167,2.0239999294281006,2.23799991607666,3999585,0.0,0.0
2020-09-23 00:00:00+03:00,2.240000009536743,2.259999990463257,2.2160000801086426,2.2160000801086426,1663780,0.0,0.0
2020-09-24 00:00:00+03:00,2.23799991607666,2.257999897003174,2.190000057220459,2.200000047683716,1759300,0.0,0.0
2020-09-25 00:00:00+03:00,2.2019999027252197,2.2360000610351562,2.2019999027252197,2.2300000190734863,814555,0.0,0.0
2020-09-28 00:00:00+03:00,2.24399995803833,2.2880001068115234,2.2079999446868896,2.2279999256134033,928320,0.0,0.0
2020-09-29 00:00:00+03:00,2.2100000381469727,2.246000051498413,2.196000099182129,2.2320001125335693,1075735,0.0,0.0
2020-09-30 00:00:00+03:00,2.2339999675750732,2.4179999828338623,2.2200000286102295,2.2760000228881836,6106515,0.0,0.0
2020-10-01 00:00:00+03:00,2.2780001163482666,2.2780001163482666,2.1760001182556152,2.2239999771118164,1028145,0.0,0.0
2020-10-02 00:00:00+03:00,2.2219998836517334,2.247999906539917,2.111999988555908,2.190000057220459,380270,0.0,0.0
2020-10-05 00:00:00+03:00,2.196000099182129,2.2200000286102295,2.1519999504089355,2.200000047683716,493385,0.0,0.0
2020-10-06 00:00:00+03:00,2.2039999961853027,2.2039999961853027,2.1679999828338623,2.191999912261963,419300,0.0,0.0
2020-10-07 00:00:00+03:00,2.190000057220459,2.190000057220459,2.1519999504089355,2.171999931335449,321740,0.0,0.0
2020-10-08 00:00:00+03:00,2.1700000762939453,2.2039999961853027,2.1459999084472656,2.1760001182556152,388945,0.0,0.0
2020-10-09 00:00:00+03:00,2.190000057220459,2.190000057220459,2.1500000953674316,2.1700000762939453,236945,0.0,0.0
2020-10-12 00:00:00+03:00,2.1700000762939453,2.200000047683716,2.1559998989105225,2.171999931335449,533180,0.0,0.0
2020-10-13 00:00:00+03:00,2.190000057220459,2.191999912261963,2.1440000534057617,2.1440000534057617,498445,0.0,0.0
2020-10-14 00:00:00+03:00,2.1640000343322754,2.184000015258789,2.140000104904175,2.1640000343322754,515065,0.0,0.0
2020-10-15 00:00:00+03:00,2.1600000858306885,2.2660000324249268,2.140000104904175,2.240000009536743,2323040,0.0,0.0
2020-10-16 00:00:00+03:00,2.25,2.259999990463257,2.1740000247955322,2.2160000801086426,1158045,0.0,0.0
2020-10-19 00:00:00+03:00,2.2320001125335693,2.440000057220459,2.2219998836517334,2.328000068664551,1619570,0.0,0.0
2020-10-20 00:00:00+03:00,2.3459999561309814,2.3459999561309814,2.240000009536743,2.252000093460083,669435,0.0,0.0
2020-10-21 00:00:00+03:00,2.2780001163482666,2.3359999656677246,2.2320001125335693,2.242000102996826,786440,0.0,0.0
2020-10-22 00:00:00+03:00,2.257999897003174,2.257999897003174,2.197999954223633,2.2200000286102295,750505,0.0,0.0
2020-10-23 00:00:00+03:00,2.1760001182556152,2.25600004196167,2.1040000915527344,2.1700000762939453,488630,0.0,0.0
2020-10-26 00:00:00+03:00,2.200000047683716,2.200000047683716,2.0,2.119999885559082,559785,0.0,0.0
2020-10-27 00:00:00+03:00,2.111999988555908,2.184000015258789,2.0199999809265137,2.1600000858306885,310615,0.0,0.0
2020-10-28 00:00:00+03:00,2.1600000858306885,2.1600000858306885,2.0899999141693115,2.1419999599456787,80895,0.0,0.0
2020-10-30 00:00:00+03:00,2.078000068664551,2.0959999561309814,2.003999948501587,2.0759999752044678,336315,0.0,0.0
2020-11-02 00:00:00+03:00,2.1019999980926514,2.1040000915527344,2.0399999618530273,2.069999933242798,235280,0.0,0.0
2020-11-03 00:00:00+03:00,2.0759999752044678,2.128000020980835,1.9900000095367432,2.109999895095825,320495,0.0,0.0
2020-11-04 00:00:00+03:00,2.0999999046325684,2.1519999504089355,2.062000036239624,2.111999988555908,441085,0.0,0.0
2020-11-05 00:00:00+03:00,2.0959999561309814,2.200000047683716,2.058000087738037,2.200000047683716,501530,0.0,0.0
2020-11-06 00:00:00+03:00,2.177999973297119,2.200000047683716,2.121999979019165,2.186000108718872,345200,0.0,0.0
2020-11-09 00:00:00+03:00,2.2160000801086426,2.2300000190734863,2.1500000953674316,2.2060000896453857,370165,0.0,0.0
2020-11-10 00:00:00+03:00,2.2039999961853027,2.2039999961853027,2.124000072479248,2.1700000762939453,352685,0.0,0.0
2020-11-11 00:00:00+03:00,2.1740000247955322,2.1740000247955322,2.109999895095825,2.135999917984009,288040,0.0,0.0
2020-11-12 00:00:00+03:00,2.140000104904175,2.1579999923706055,2.0799999237060547,2.138000011444092,570820,0.0,0.0
2020-11-13 00:00:00+03:00,2.131999969482422,2.138000011444092,2.0940001010894775,2.125999927520752,214230,0.0,0.0
2020-11-16 00:00:00+03:00,2.1559998989105225,2.1559998989105225,2.0899999141693115,2.135999917984009,401335,0.0,0.0
2020-11-17 00:00:00+03:00,2.130000114440918,2.140000104904175,2.0799999237060547,2.0799999237060547,191975,0.0,0.0
2020-11-18 00:00:00+03:00,2.0959999561309814,2.119999885559082,2.059999942779541,2.1040000915527344,290090,0.0,0.0
2020-11-19 00:00:00+03:00,2.1040000915527344,2.1040000915527344,2.069999933242798,2.0980000495910645,229805,0.0,0.0
2020-11-20 00:00:00+03:00,2.1059999465942383,2.25,2.1059999465942383,2.1700000762939453,911130,0.0,0.0
2020-11-23 00:00:00+03:00,2.200000047683716,2.2019999027252197,2.1080000400543213,2.1519999504089355,578265,0.0,0.0
2020-11-24 00:00:00+03:00,2.1500000953674316,2.252000093460083,2.118000030517578,2.240000009536743,2455205,0.0,0.0
2020-11-25 00:00:00+03:00,2.299999952316284,2.299999952316284,2.186000108718872,2.2219998836517334,1019130,0.0,0.0
2020-11-26 00:00:00+03:00,2.240000009536743,2.240000009536743,2.138000011444092,2.1679999828338623,398495,0.0,0.0
2020-11-27 00:00:00+03:00,2.1600000858306885,2.240000009536743,2.138000011444092,2.191999912261963,670300,0.0,0.0
2020-11-30 00:00:00+03:00,2.200000047683716,2.308000087738037,2.1519999504089355,2.180000066757202,1235825,0.0,0.0
2020-12-01 00:00:00+03:00,2.1740000247955322,2.197999954223633,2.0980000495910645,2.135999917984009,748555,0.0,0.0
2020-12-02 00:00:00+03:00,2.1500000953674316,2.171999931335449,2.119999885559082,2.134000062942505,243995,0.0,0.0
2020-12-03 00:00:00+03:00,2.1500000953674316,2.180000066757202,2.124000072479248,2.1500000953674316,464785,0.0,0.0
2020-12-04 00:00:00+03:00,2.1440000534057617,2.25,2.109999895095825,2.2279999256134033,2135260,0.0,0.0
2020-12-07 00:00:00+03:00,2.2279999256134033,2.309999942779541,2.1540000438690186,2.2219998836517334,2517385,0.0,0.0
2020-12-08 00:00:00+03:00,2.200000047683716,2.200000047683716,2.1459999084472656,2.177999973297119,1043940,0.0,0.0
2020-12-09 00:00:00+03:00,2.1519999504089355,2.187999963760376,2.130000114440918,2.1619999408721924,797935,0.0,0.0
2020-12-10 00:00:00+03:00,2.138000011444092,2.1679999828338623,2.119999885559082,2.135999917984009,779450,0.0,0.0
2020-12-11 00:00:00+03:00,2.130000114440918,2.1540000438690186,2.1019999980926514,2.1519999504089355,471290,0.0,0.0
2020-12-14 00:00:00+03:00,2.1500000953674316,2.1579999923706055,2.1040000915527344,2.1080000400543213,576915,0.0,0.0
2020-12-15 00:00:00+03:00,2.1059999465942383,2.1419999599456787,2.0980000495910645,2.0999999046325684,461070,0.0,0.0
2020-12-16 00:00:00+03:00,2.0999999046325684,2.119999885559082,2.055999994277954,2.059999942779541,663635,0.0,0.0
2020-12-17 00:00:00+03:00,2.0820000171661377,2.118000030517578,2.063999891281128,2.0899999141693115,242550,0.0,0.0
2020-12-18 00:00:00+03:00,2.1540000438690186,2.1540000438690186,2.0739998817443848,2.0999999046325684,411065,0.0,0.0
2020-12-21 00:00:00+03:00,2.068000078201294,2.119999885559082,2.0339999198913574,2.0999999046325684,382150,0.0,0.0
2020-12-22 00:00:00+03:00,2.1080000400543213,2.1579999923706055,2.0999999046325684,2.138000011444092,760645,0.0,0.0
2020-12-23 00:00:00+03:00,2.138000011444092,2.1640000343322754,2.072000026702881,2.131999969482422,254130,0.0,0.0
2020-12-24 00:00:00+03:00,2.1600000858306885,2.2279999256134033,2.1080000400543213,2.1740000247955322,807590,0.0,0.0
2020-12-25 00:00:00+03:00,2.1740000247955322,2.2039999961853027,2.140000104904175,2.171999931335449,1158595,0.0,0.0
2020-12-28 00:00:00+03:00,2.197999954223633,2.200000047683716,2.0899999141693115,2.1579999923706055,820825,0.0,0.0
2020-12-29 00:00:00+03:00,2.1600000858306885,2.177999973297119,2.1459999084472656,2.1640000343322754,478580,0.0,0.0
2020-12-30 00:00:00+03:00,2.1600000858306885,2.190000057220459,2.1579999923706055,2.177999973297119,861365,0.0,0.0
2020-12-31 00:00:00+03:00,2.180000066757202,2.240000009536743,2.1619999408721924,2.2300000190734863,1064815,0.0,0.0
2021-01-04 00:00:00+03:00,2.2799999713897705,2.313999891281128,2.2260000705718994,2.2860000133514404,2649590,0.0,0.0
2021-01-05 00:00:00+03:00,2.2839999198913574,2.2839999198913574,2.180000066757202,2.2300000190734863,1377585,0.0,0.0
2021-01-06 00:00:00+03:00,2.252000093460083,2.252000093460083,2.2219998836517334,2.24399995803833,876950,0.0,0.0
2021-01-07 00:00:00+03:00,2.2339999675750732,2.3480000495910645,2.2339999675750732,2.2760000228881836,1595265,0.0,0.0
2021-01-08 00:00:00+03:00,2.2839999198913574,2.3259999752044678,2.2799999713897705,2.313999891281128,1187020,0.0,0.0
2021-01-11 00:00:00+03:00,2.359999895095825,2.5439999103546143,2.318000078201294,2.509999990463257,3171005,0.0,0.0
2021-01-12 00:00:00+03:00,2.5260000228881836,2.6419999599456787,2.440000057220459,2.5399999618530273,2354460,0.0,0.0
2021-01-13 00:00:00+03:00,2.549999952316284,2.578000068664551,2.309999942779541,2.48799991607666,1353930,0.0,0.0
2021-01-14 00:00:00+03:00,2.4700000286102295,2.5380001068115234,2.4000000953674316,2.5299999713897705,1233760,0.0,0.0
2021-01-15 00:00:00+03:00,2.5299999713897705,2.5999999046325684,2.427999973297119,2.5339999198913574,1767955,0.0,0.0
2021-01-18 00:00:00+03:00,2.5339999198913574,2.5339999198913574,2.450000047683716,2.5,959770,0.0,0.0
2021-01-19 00:00:00+03:00,2.5,2.5,2.4159998893737793,2.4159998893737793,1324105,0.0,0.0
2021-01-20 00:00:00+03:00,2.4240000247955322,2.4579999446868896,2.3559999465942383,2.4179999828338623,929935,0.0,0.0
2021-01-21 00:00:00+03:00,2.4000000953674316,2.444000005722046,2.364000082015991,2.4119999408721924,660475,0.0,0.0
2021-01-22 00:00:00+03:00,2.380000114440918,2.436000108718872,2.359999895095825,2.380000114440918,551315,0.0,0.0
2021-01-25 00:00:00+03:00,2.4100000858306885,2.4600000381469727,2.319999933242798,2.3480000495910645,892655,0.0,0.0
2021-01-26 00:00:00+03:00,2.3540000915527344,2.3540000915527344,2.2760000228881836,2.2760000228881836,1090615,0.0,0.0
2021-01-27 00:00:00+03:00,2.259999990463257,2.4639999866485596,2.180000066757202,2.303999900817871,1614295,0.0,0.0
2021-01-28 00:00:00+03:00,2.371999979019165,2.440000057220459,2.259999990463257,2.3919999599456787,1508010,0.0,0.0
2021-01-29 00:00:00+03:00,2.369999885559082,2.384000062942505,2.303999900817871,2.322000026702881,554875,0.0,0.0
2021-02-01 00:00:00+03:00,2.322000026702881,2.368000030517578,2.299999952316284,2.3399999141693115,1018165,0.0,0.0
2021-02-02 00:00:00+03:00,2.3399999141693115,2.3559999465942383,2.303999900817871,2.315999984741211,805070,0.0,0.0
2021-02-03 00:00:00+03:00,2.3340001106262207,2.436000108718872,2.303999900817871,2.3519999980926514,1104505,0.0,0.0
2021-02-04 00:00:00+03:00,2.369999885559082,2.375999927520752,2.3239998817443848,2.3519999980926514,862595,0.0,0.0
2021-02-05 00:00:00+03:00,2.3519999980926514,2.3580000400543213,2.299999952316284,2.308000087738037,933610,0.0,0.0
2021-02-08 00:00:00+03:00,2.308000087738037,2.3959999084472656,2.308000087738037,2.3299999237060547,1014365,0.0,0.0
2021-02-09 00:00:00+03:00,2.3499999046325684,2.3499999046325684,2.2899999618530273,2.299999952316284,708805,0.0,0.0
2021-02-10 00:00:00+03:00,2.299999952316284,2.302000045776367,2.2639999389648438,2.2820000648498535,569635,0.0,0.0
2021-02-11 00:00:00+03:00,2.259999990463257,2.2920000553131104,2.247999906539917,2.25,511285,0.0,0.0
2021-02-12 00:00:00+03:00,2.2980000972747803,2.4200000762939453,2.2699999809265137,2.4200000762939453,2810940,0.0,0.0
2021-02-15 00:00:00+03:00,2.4860000610351562,2.5,2.390000104904175,2.450000047683716,1938275,0.0,0.0
2021-02-16 00:00:00+03:00,2.4839999675750732,2.4839999675750732,2.3559999465942383,2.4000000953674316,1087655,0.0,0.0
2021-02-17 00:00:00+03:00,2.3959999084472656,2.4140000343322754,2.302000045776367,2.359999895095825,737540,0.0,0.0
2021-02-18 00:00:00+03:00,2.371999979019165,2.3980000019073486,2.3320000171661377,2.3320000171661377,602325,0.0,0.0
2021-02-19 00:00:00+03:00,2.3399999141693115,2.559999942779541,2.299999952316284,2.436000108718872,2601620,0.0,0.0
2021-02-22 00:00:00+03:00,2.4739999771118164,2.677999973297119,2.447999954223633,2.677999973297119,3646180,0.0,0.0
2021-02-23 00:00:00+03:00,2.819999933242798,2.944000005722046,2.558000087738037,2.940000057220459,8308145,0.0,0.0
2021-02-24 00:00:00+03:00,2.8959999084472656,2.8959999084472656,2.6459999084472656,2.700000047683716,4748175,0.0,0.0
2021-02-25 00:00:00+03:00,2.5999999046325684,2.700000047683716,2.434000015258789,2.4779999256134033,1898895,0.0,0.0
2021-02-26 00:00:00+03:00,2.240000009536743,2.640000104904175,2.240000009536743,2.572000026702881,1647400,0.0,0.0
2021-03-01 00:00:00+03:00,2.4839999675750732,2.687999963760376,2.4839999675750732,2.619999885559082,1400430,0.0,0.0
2021-03-02 00:00:00+03:00,2.5999999046325684,2.6600000858306885,2.549999952316284,2.5759999752044678,1292630,0.0,0.0
2021-03-03 00:00:00+03:00,2.5799999237060547,2.619999885559082,2.5,2.5,1037130,0.0,0.0
2021-03-04 00:00:00+03:00,2.5299999713897705,2.5299999713897705,2.4040000438690186,2.447999954223633,1004685,0.0,0.0
2021-03-05 00:00:00+03:00,2.441999912261963,2.4779999256134033,2.3919999599456787,2.4119999408721924,970740,0.0,0.0
2021-03-08 00:00:00+03:00,2.427999973297119,2.549999952316284,2.3959999084472656,2.4200000762939453,1085930,0.0,0.0
2021-03-09 00:00:00+03:00,2.427999973297119,2.5,2.4000000953674316,2.430000066757202,1058630,0.0,0.0
2021-03-10 00:00:00+03:00,2.450000047683716,2.5,2.4100000858306885,2.4200000762939453,1118140,0.0,0.0
2021-03-11 00:00:00+03:00,2.4600000381469727,2.4700000286102295,2.4000000953674316,2.4600000381469727,1037435,0.0,0.0
2021-03-12 00:00:00+03:00,2.437999963760376,2.497999906539917,2.437999963760376,2.4619998931884766,1053470,0.0,0.0
2021-03-15 00:00:00+03:00,2.4619998931884766,2.4700000286102295,2.4100000858306885,2.4260001182556152,929450,0.0,0.0
2021-03-16 00:00:00+03:00,2.4260001182556152,2.4619998931884766,2.4159998893737793,2.436000108718872,921595,0.0,0.0
2021-03-17 00:00:00+03:00,2.4260001182556152,2.677999973297119,2.4179999828338623,2.677999973297119,3647545,0.0,0.0
2021-03-18 00:00:00+03:00,2.7300000190734863,2.944000005722046,2.7100000381469727,2.944000005722046,7046370,0.0,0.0
2021-03-19 00:00:00+03:00,3.0239999294281006,3.0999999046325684,2.8919999599456787,3.0239999294281006,4470290,0.0,0.0
2021-03-22 00:00:00+03:00,2.7219998836517334,2.9000000953674316,2.7219998836517334,2.7219998836517334,837040,0.0,0.0
2021-03-23 00:00:00+03:00,2.450000047683716,2.8299999237060547,2.450000047683716,2.5739998817443848,2297070,0.0,0.0
2021-03-24 00:00:00+03:00,2.5739998817443848,2.7899999618530273,2.4519999027252197,2.7200000286102295,1987880,0.0,0.0
2021-03-25 00:00:00+03:00,2.640000104904175,2.813999891281128,2.559999942779541,2.6500000953674316,1341930,0.0,0.0
2021-03-26 00:00:00+03:00,2.5980000495910645,2.9140000343322754,2.5980000495910645,2.9140000343322754,3116620,0.0,0.0
2021-03-29 00:00:00+03:00,3.0,3.0999999046325684,2.8499999046325684,3.0,2857110,0.0,0.0
2021-03-30 00:00:00+03:00,3.0,3.01200008392334,2.799999952316284,2.809999942779541,1781405,0.0,0.0
2021-03-31 00:00:00+03:00,2.7300000190734863,2.8380000591278076,2.6640000343322754,2.73799991607666,1490775,0.0,0.0
2021-04-01 00:00:00+03:00,2.759999990463257,2.9639999866485596,2.7100000381469727,2.9639999866485596,1536355,0.0,0.0
2021-04-02 00:00:00+03:00,2.950000047683716,3.003999948501587,2.9079999923706055,2.940000057220459,2213780,0.0,0.0
2021-04-05 00:00:00+03:00,3.0,3.0339999198913574,2.8480000495910645,2.8480000495910645,2442435,0.0,0.0
2021-04-06 00:00:00+03:00,2.8459999561309814,3.0,2.7820000648498535,2.950000047683716,2258495,0.0,0.0
2021-04-07 00:00:00+03:00,2.940000057220459,3.009999990463257,2.9000000953674316,2.9119999408721924,1626775,0.0,0.0
2021-04-08 00:00:00+03:00,2.944000005722046,2.9719998836517334,2.8559999465942383,2.861999988555908,1126525,0.0,0.0
2021-04-09 00:00:00+03:00,2.878000020980835,2.880000114440918,2.6579999923706055,2.690000057220459,1759730,0.0,0.0
2021-04-12 00:00:00+03:00,2.7100000381469727,2.7200000286102295,2.552000045776367,2.5820000171661377,977235,0.0,0.0
2021-04-13 00:00:00+03:00,2.5999999046325684,2.680000066757202,2.361999988555908,2.4800000190734863,1563380,0.0,0.0
2021-04-14 00:00:00+03:00,2.368000030517578,2.559999942779541,2.368000030517578,2.5,889470,0.0,0.0
2021-04-15 00:00:00+03:00,2.5199999809265137,2.5980000495910645,2.4100000858306885,2.447999954223633,927530,0.0,0.0
2021-04-16 00:00:00+03:00,2.437999963760376,2.5,2.4019999504089355,2.4839999675750732,623455,0.0,0.0
2021-04-19 00:00:00+03:00,2.4839999675750732,2.562000036239624,2.2920000553131104,2.2920000553131104,935265,0.0,0.0
2021-04-20 00:00:00+03:00,2.2899999618530273,2.3340001106262207,2.063999891281128,2.196000099182129,1139655,0.0,0.0
2021-04-21 00:00:00+03:00,1.9839999675750732,2.180000066757202,1.9780000448226929,1.9819999933242798,1180085,0.0,0.0
2021-04-22 00:00:00+03:00,1.9819999933242798,2.180000066757202,1.899999976158142,2.180000066757202,1066180,0.0,0.0
2021-04-26 00:00:00+03:00,2.240000009536743,2.3980000019073486,2.200000047683716,2.369999885559082,970715,0.0,0.0
2021-04-27 00:00:00+03:00,2.368000030517578,2.368000030517578,2.200000047683716,2.2880001068115234,557910,0.0,0.0
2021-04-28 00:00:00+03:00,2.2839999198913574,2.299999952316284,2.186000108718872,2.200000047683716,425245,0.0,0.0
2021-04-29 00:00:00+03:00,2.259999990463257,2.385999917984009,2.25,2.315999984741211,731575,0.0,0.0
2021-04-30 00:00:00+03:00,2.3359999656677246,2.3359999656677246,2.252000093460083,2.2799999713897705,365050,0.0,0.0
2021-05-03 00:00:00+03:00,2.2799999713897705,2.4600000381469727,2.240000009536743,2.364000082015991,435995,0.0,0.0
2021-05-04 00:00:00+03:00,2.4600000381469727,2.4600000381469727,2.3399999141693115,2.4000000953674316,559730,0.0,0.0
2021-05-05 00:00:00+03:00,2.385999917984009,2.3980000019073486,2.313999891281128,2.3340001106262207,458480,0.0,0.0
2021-05-06 00:00:00+03:00,2.3340001106262207,2.380000114440918,2.309999942779541,2.3380000591278076,403050,0.0,0.0
2021-05-07 00:00:00+03:00,2.3380000591278076,2.431999921798706,2.3380000591278076,2.3540000915527344,448680,0.0,0.0
2021-05-10 00:00:00+03:00,2.319999933242798,2.4000000953674316,2.312000036239624,2.319999933242798,526080,0.0,0.0
2021-05-11 00:00:00+03:00,2.299999952316284,2.3380000591278076,2.2219998836517334,2.2820000648498535,313065,0.0,0.0
2021-05-12 00:00:00+03:00,2.2660000324249268,2.359999895095825,2.240000009536743,2.359999895095825,172440,0.0,0.0
2021-05-17 00:00:00+03:00,2.359999895095825,2.359999895095825,2.2699999809265137,2.2860000133514404,533135,0.0,0.0
2021-05-18 00:00:00+03:00,2.2980000972747803,2.3559999465942383,2.2799999713897705,2.3499999046325684,577080,0.0,0.0
2021-05-20 00:00:00+03:00,2.319999933242798,2.3399999141693115,2.252000093460083,2.313999891281128,628275,0.0,0.0
2021-05-21 00:00:00+03:00,2.313999891281128,2.313999891281128,2.253999948501587,2.253999948501587,388705,0.0,0.0
2021-05-24 00:00:00+03:00,2.253999948501587,2.2739999294281006,2.1419999599456787,2.190000057220459,521645,0.0,0.0
2021-05-25 00:00:00+03:00,2.140000104904175,2.240000009536743,2.0399999618530273,2.059999942779541,923070,0.0,0.0
2021-05-26 00:00:00+03:00,2.072000026702881,2.1600000858306885,2.059999942779541,2.1540000438690186,742700,0.0,0.0
2021-05-27 00:00:00+03:00,2.1500000953674316,2.2780001163482666,2.059999942779541,2.1500000953674316,478770,0.0,0.0
2021-05-28 00:00:00+03:00,2.140000104904175,2.1679999828338623,2.059999942779541,2.059999942779541,543980,0.0,0.0
2021-05-31 00:00:00+03:00,2.0759999752044678,2.0759999752044678,1.972000002861023,1.972000002861023,453930,0.0,0.0
2021-06-01 00:00:00+03:00,1.972000002861023,2.119999885559082,1.9119999408721924,2.01200008392334,612265,0.0,0.0
2021-06-02 00:00:00+03:00,2.01200008392334,2.0959999561309814,1.9700000286102295,2.0299999713897705,528490,0.0,0.0
2021-06-03 00:00:00+03:00,2.0299999713897705,2.0980000495910645,2.002000093460083,2.0420000553131104,337765,0.0,0.0
2021-06-04 00:00:00+03:00,2.0,2.063999891281128,2.0,2.063999891281128,186075,0.0,0.0
2021-06-07 00:00:00+03:00,2.063999891281128,2.138000011444092,2.063999891281128,2.0799999237060547,327290,0.0,0.0
2021-06-08 00:00:00+03:00,2.0859999656677246,2.119999885559082,2.0480000972747803,2.059999942779541,299485,0.0,0.0
2021-06-09 00:00:00+03:00,2.0759999752044678,2.119999885559082,2.0759999752044678,2.0999999046325684,432045,0.0,0.0
2021-06-10 00:00:00+03:00,2.072000026702881,2.119999885559082,2.053999900817871,2.062000036239624,264350,0.0,0.0
2021-06-11 00:00:00+03:00,2.0399999618530273,2.0820000171661377,2.0399999618530273,2.049999952316284,259520,0.0,0.0
2021-06-14 00:00:00+03:00,2.0480000972747803,2.069999933242798,2.0,2.002000093460083,210545,0.0,0.0
2021-06-15 00:00:00+03:00,2.0759999752044678,2.0759999752044678,2.00600004196167,2.0179998874664307,407995,0.0,0.0
2021-06-16 00:00:00+03:00,2.0179998874664307,2.0299999713897705,1.9759999513626099,1.9819999933242798,209410,0.0,0.0
2021-06-17 00:00:00+03:00,1.9800000190734863,2.009999990463257,1.909999966621399,1.9500000476837158,332415,0.0,0.0
2021-06-18 00:00:00+03:00,1.9500000476837158,2.009999990463257,1.9140000343322754,1.9299999475479126,186375,0.0,0.0
2021-06-21 00:00:00+03:00,1.9299999475479126,1.9700000286102295,1.909999966621399,1.9119999408721924,253440,0.0,0.0
2021-06-22 00:00:00+03:00,1.9119999408721924,1.9320000410079956,1.8700000047683716,1.9160000085830688,351745,0.0,0.0
2021-06-23 00:00:00+03:00,1.9900000095367432,1.9900000095367432,1.8819999694824219,1.8940000534057617,337705,0.0,0.0
2021-06-24 00:00:00+03:00,1.8919999599456787,2.0820000171661377,1.8600000143051147,2.059999942779541,1457540,0.0,0.0
2021-06-25 00:00:00+03:00,2.0,2.049999952316284,1.9739999771118164,2.0,620495,0.0,0.0
2021-06-28 00:00:00+03:00,2.002000093460083,2.068000078201294,1.9459999799728394,1.9900000095367432,594350,0.0,0.0
2021-06-29 00:00:00+03:00,1.9900000095367432,2.0380001068115234,1.9220000505447388,1.996000051498413,256535,0.0,0.0
2021-06-30 00:00:00+03:00,1.9900000095367432,2.0320000648498535,1.9500000476837158,1.9759999513626099,230575,0.0,0.0
2021-07-01 00:00:00+03:00,1.9919999837875366,2.00600004196167,1.9579999446868896,1.9600000381469727,263160,0.0,0.0
2021-07-02 00:00:00+03:00,1.9600000381469727,1.9700000286102295,1.9220000505447388,1.940000057220459,238640,0.0,0.0
2021-07-05 00:00:00+03:00,1.9579999446868896,1.9839999675750732,1.9320000410079956,1.9579999446868896,212445,0.0,0.0
2021-07-06 00:00:00+03:00,1.9559999704360962,1.9579999446868896,1.9320000410079956,1.9539999961853027,169850,0.0,0.0
2021-07-07 00:00:00+03:00,1.7599999904632568,1.9700000286102295,1.7599999904632568,1.937999963760376,217015,0.0,0.0
2021-07-08 00:00:00+03:00,1.9479999542236328,1.9700000286102295,1.9079999923706055,1.9140000343322754,212340,0.0,0.0
2021-07-09 00:00:00+03:00,1.9140000343322754,1.9559999704360962,1.909999966621399,1.9279999732971191,194430,0.0,0.0
2021-07-12 00:00:00+03:00,1.9240000247955322,1.9359999895095825,1.840000033378601,1.8760000467300415,264200,0.0,0.0
2021-07-13 00:00:00+03:00,1.8680000305175781,1.9179999828338623,1.809999942779541,1.815999984741211,229750,0.0,0.0
2021-07-14 00:00:00+03:00,1.815999984741211,1.871999979019165,1.7999999523162842,1.8259999752044678,196485,0.0,0.0
2021-07-16 00:00:00+03:00,1.8300000429153442,1.8380000591278076,1.7799999713897705,1.8040000200271606,233885,0.0,0.0
2021-07-19 00:00:00+03:00,1.8040000200271606,1.8799999952316284,1.7619999647140503,1.8519999980926514,153435,0.0,0.0
2021-07-26 00:00:00+03:00,1.840000033378601,1.840000033378601,1.7799999713897705,1.7940000295639038,199355,0.0,0.0
2021-07-27 00:00:00+03:00,1.7999999523162842,1.899999976158142,1.7599999904632568,1.8600000143051147,490175,0.0,0.0
2021-07-28 00:00:00+03:00,1.8619999885559082,1.8619999885559082,1.7999999523162842,1.8240000009536743,362815,0.0,0.0
2021-07-29 00:00:00+03:00,1.850000023841858,1.8700000047683716,1.805999994277954,1.850000023841858,327005,0.0,0.0
2021-07-30 00:00:00+03:00,1.8339999914169312,1.878000020980835,1.8020000457763672,1.840000033378601,190100,0.0,0.0
2021-08-02 00:00:00+03:00,1.840000033378601,1.8819999694824219,1.809999942779541,1.8660000562667847,483220,0.0,0.0
2021-08-03 00:00:00+03:00,1.8559999465942383,1.9079999923706055,1.8380000591278076,1.8799999952316284,434155,0.0,0.0
2021-08-04 00:00:00+03:00,1.8799999952316284,2.0179998874664307,1.850000023841858,1.9559999704360962,1037410,0.0,0.0
2021-08-05 00:00:00+03:00,1.9520000219345093,2.0,1.8799999952316284,1.9500000476837158,422850,0.0,0.0
2021-08-06 00:00:00+03:00,1.9259999990463257,1.9600000381469727,1.8839999437332153,1.909999966621399,178500,0.0,0.0
2021-08-09 00:00:00+03:00,1.909999966621399,1.9479999542236328,1.8899999856948853,1.906000018119812,236675,0.0,0.0
2021-08-10 00:00:00+03:00,1.906000018119812,1.9199999570846558,1.7599999904632568,1.7599999904632568,2283355,0.0,0.0
2021-08-11 00:00:00+03:00,1.7719999551773071,1.8140000104904175,1.5839999914169312,1.7319999933242798,4011345,0.0,0.0
2021-08-12 00:00:00+03:00,1.7200000286102295,1.7200000286102295,1.6180000305175781,1.656000018119812,1301345,0.0,0.0
2021-08-13 00:00:00+03:00,1.6740000247955322,1.715999960899353,1.6339999437332153,1.6660000085830688,541045,0.0,0.0
2021-08-16 00:00:00+03:00,1.6699999570846558,1.684000015258789,1.649999976158142,1.6579999923706055,447960,0.0,0.0
2021-08-17 00:00:00+03:00,1.656000018119812,1.6799999475479126,1.6480000019073486,1.6640000343322754,362120,0.0,0.0
2021-08-18 00:00:00+03:00,1.6660000085830688,1.6799999475479126,1.6360000371932983,1.656000018119812,484515,0.0,0.0
2021-08-19 00:00:00+03:00,1.6480000019073486,1.6480000019073486,1.600000023841858,1.6260000467300415,546355,0.0,0.0
2021-08-20 00:00:00+03:00,1.6319999694824219,1.6660000085830688,1.600000023841858,1.6260000467300415,539355,0.0,0.0
2021-08-23 00:00:00+03:00,1.6260000467300415,1.656000018119812,1.6059999465942383,1.6419999599456787,567985,0.0,0.0
2021-08-24 00:00:00+03:00,1.6380000114440918,1.6399999856948853,1.600000023841858,1.600000023841858,383270,0.0,0.0
2021-08-25 00:00:00+03:00,1.600000023841858,1.649999976158142,1.534000039100647,1.621999979019165,736700,0.0,0.0
2021-08-26 00:00:00+03:00,1.6100000143051147,1.6319999694824219,1.5959999561309814,1.600000023841858,223590,0.0,0.0
2021-08-27 00:00:00+03:00,1.600000023841858,1.6139999628067017,1.5920000076293945,1.600000023841858,206240,0.0,0.0
2021-08-31 00:00:00+03:00,1.6059999465942383,1.6579999923706055,1.5800000429153442,1.6360000371932983,659770,0.0,0.0
2021-09-01 00:00:00+03:00,1.6360000371932983,1.777999997138977,1.6360000371932983,1.6959999799728394,1843745,0.0,0.0
2021-09-02 00:00:00+03:00,1.6920000314712524,1.6920000314712524,1.6319999694824219,1.649999976158142,710570,0.0,0.0
2021-09-03 00:00:00+03:00,1.649999976158142,1.6740000247955322,1.6239999532699585,1.6460000276565552,485405,0.0,0.0
2021-09-06 00:00:00+03:00,1.6799999475479126,1.690000057220459,1.6579999923706055,1.6799999475479126,913555,0.0,0.0
2021-09-07 00:00:00+03:00,1.684000015258789,1.8140000104904175,1.659999966621399,1.7400000095367432,1624470,0.0,0.0
2021-09-08 00:00:00+03:00,1.7380000352859497,1.8880000114440918,1.7259999513626099,1.805999994277954,2153365,0.0,0.0
2021-09-09 00:00:00+03:00,1.805999994277954,1.8580000400543213,1.75,1.7760000228881836,834515,0.0,0.0
2021-09-10 00:00:00+03:00,1.7760000228881836,1.8300000429153442,1.7380000352859497,1.7979999780654907,650240,0.0,0.0
2021-09-13 00:00:00+03:00,1.7979999780654907,1.8380000591278076,1.7660000324249268,1.7860000133514404,320335,0.0,0.0
2021-09-14 00:00:00+03:00,1.7860000133514404,1.7940000295639038,1.7400000095367432,1.7419999837875366,435295,0.0,0.0
2021-09-15 00:00:00+03:00,1.7599999904632568,1.7599999904632568,1.6959999799728394,1.7000000476837158,542825,0.0,0.0
2021-09-16 00:00:00+03:00,1.7139999866485596,1.8700000047683716,1.7139999866485596,1.8700000047683716,3422045,0.0,0.0
2021-09-17 00:00:00+03:00,2.055999994277954,2.055999994277954,1.9539999961853027,2.055999994277954,2611140,0.0,0.0
2021-09-20 00:00:00+03:00,2.2300000190734863,2.259999990463257,2.119999885559082,2.259999990463257,3774970,0.0,0.0
2021-09-21 00:00:00+03:00,2.259999990463257,2.4860000610351562,2.1559998989105225,2.299999952316284,4401425,0.0,0.0
2021-09-22 00:00:00+03:00,2.299999952316284,2.4560000896453857,2.200000047683716,2.252000093460083,2273735,0.0,0.0
2021-09-23 00:00:00+03:00,2.252000093460083,2.4760000705718994,2.252000093460083,2.4760000705718994,2985170,0.0,0.0
2021-09-24 00:00:00+03:00,2.700000047683716,2.7219998836517334,2.569999933242798,2.7219998836517334,3330815,0.0,0.0
2021-09-27 00:00:00+03:00,2.7219998836517334,2.99399995803833,2.7219998836517334,2.861999988555908,4366935,0.0,0.0
2021-09-28 00:00:00+03:00,2.861999988555908,3.0799999237060547,2.7200000286102295,2.859999895095825,4017110,0.0,0.0
2021-09-29 00:00:00+03:00,2.859999895095825,2.869999885559082,2.5739998817443848,2.5940001010894775,3182220,0.0,0.0
2021-09-30 00:00:00+03:00,2.5940001010894775,2.609999895095825,2.3399999141693115,2.3399999141693115,2214535,0.0,0.0
2021-10-01 00:00:00+03:00,2.322000026702881,2.5739998817443848,2.2639999389648438,2.5739998817443848,1849395,0.0,0.0
2021-10-04 00:00:00+03:00,2.694000005722046,2.8299999237060547,2.6500000953674316,2.8299999237060547,881370,0.0,0.0
2021-10-05 00:00:00+03:00,3.111999988555908,3.111999988555908,2.700000047683716,3.0399999618530273,4675435,0.0,0.0
2021-10-06 00:00:00+03:00,2.7839999198913574,2.9600000381469727,2.7839999198913574,2.9600000381469727,895380,0.0,0.0
2021-10-07 00:00:00+03:00,2.997999906539917,2.997999906539917,2.8320000171661377,2.8320000171661377,418750,0.0,0.0
2021-10-08 00:00:00+03:00,2.6019999980926514,2.7279999256134033,2.6019999980926514,2.7019999027252197,484030,0.0,0.0
2021-10-11 00:00:00+03:00,2.6600000858306885,2.6600000858306885,2.492000102996826,2.492000102996826,804980,0.0,0.0
2021-10-12 00:00:00+03:00,2.4739999771118164,2.6760001182556152,2.4739999771118164,2.6760001182556152,547815,0.0,0.0
2021-10-13 00:00:00+03:00,2.799999952316284,2.803999900817871,2.799999952316284,2.802000045776367,467895,0.0,0.0
2021-10-14 00:00:00+03:00,2.76200008392334,2.76200008392334,2.5420000553131104,2.680000066757202,283920,0.0,0.0
2021-10-15 00:00:00+03:00,2.680000066757202,2.680000066757202,2.5999999046325684,2.5999999046325684,304565,0.0,0.0
2021-10-18 00:00:00+03:00,2.614000082015991,2.6500000953674316,2.614000082015991,2.6500000953674316,510820,0.0,0.0
2021-10-19 00:00:00+03:00,2.694000005722046,2.9140000343322754,2.694000005722046,2.9140000343322754,867160,0.0,0.0
2021-10-20 00:00:00+03:00,3.0,3.0,2.9800000190734863,2.9800000190734863,730495,0.0,0.0
2021-10-21 00:00:00+03:00,2.799999952316284,2.9760000705718994,2.681999921798706,2.759999990463257,1993125,0.0,0.0
2021-10-22 00:00:00+03:00,2.740000009536743,2.809999942779541,2.6419999599456787,2.759999990463257,1153830,0.0,0.0
2021-10-25 00:00:00+03:00,2.759999990463257,2.7739999294281006,2.625999927520752,2.625999927520752,1280205,0.0,0.0
2021-10-26 00:00:00+03:00,2.742000102996826,2.7799999713897705,2.634000062942505,2.7119998931884766,1289610,0.0,0.0
2021-10-27 00:00:00+03:00,2.73799991607666,2.9100000858306885,2.7360000610351562,2.7679998874664307,1447285,0.0,0.0
2021-10-28 00:00:00+03:00,2.7360000610351562,2.809999942779541,2.687999963760376,2.7320001125335693,498670,0.0,0.0
2021-11-01 00:00:00+03:00,2.690000057220459,2.7320001125335693,2.619999885559082,2.619999885559082,1421315,0.0,0.0
2021-11-02 00:00:00+03:00,2.619999885559082,2.635999917984009,2.490000009536743,2.5439999103546143,1618870,0.0,0.0
2021-11-03 00:00:00+03:00,2.5360000133514404,2.5360000133514404,2.3440001010894775,2.3980000019073486,1553560,0.0,0.0
2021-11-04 00:00:00+03:00,2.3980000019073486,2.635999917984009,2.3940000534057617,2.635999917984009,1758905,0.0,0.0
2021-11-05 00:00:00+03:00,2.635999917984009,2.880000114440918,2.635999917984009,2.757999897003174,1865245,0.0,0.0
2021-11-08 00:00:00+03:00,2.75600004196167,2.75600004196167,2.619999885559082,2.631999969482422,1510400,0.0,0.0
2021-11-09 00:00:00+03:00,2.5940001010894775,2.759999990463257,2.568000078201294,2.631999969482422,1652760,0.0,0.0
2021-11-10 00:00:00+03:00,2.631999969482422,2.6440000534057617,2.51200008392334,2.5840001106262207,1823015,0.0,0.0
2021-11-11 00:00:00+03:00,2.5759999752044678,2.5840001106262207,2.5199999809265137,2.5199999809265137,864580,0.0,0.0
2021-11-12 00:00:00+03:00,2.5220000743865967,2.569999933242798,2.4800000190734863,2.509999990463257,808740,0.0,0.0
2021-11-15 00:00:00+03:00,2.619999885559082,2.759999990463257,2.5880000591278076,2.759999990463257,2877450,0.0,0.0
2021-11-16 00:00:00+03:00,2.759999990463257,2.759999990463257,2.558000087738037,2.5859999656677246,1991100,0.0,0.0
2021-11-17 00:00:00+03:00,2.5999999046325684,2.615999937057495,2.5160000324249268,2.559999942779541,1260775,0.0,0.0
2021-11-18 00:00:00+03:00,2.5399999618530273,2.615999937057495,2.509999990463257,2.558000087738037,1313585,0.0,0.0
2021-11-19 00:00:00+03:00,2.5999999046325684,2.5999999046325684,2.5360000133514404,2.552000045776367,1013450,0.0,0.0
2021-11-22 00:00:00+03:00,2.568000078201294,2.5899999141693115,2.509999990463257,2.5239999294281006,1309725,0.0,0.0
2021-11-23 00:00:00+03:00,2.5239999294281006,2.5339999198913574,2.446000099182129,2.4719998836517334,1298375,0.0,0.0
2021-11-24 00:00:00+03:00,2.4719998836517334,2.5399999618530273,2.4240000247955322,2.5,1375065,0.0,0.0
2021-11-25 00:00:00+03:00,2.503999948501587,2.507999897003174,2.450000047683716,2.48799991607666,1161470,0.0,0.0
2021-11-26 00:00:00+03:00,2.509999990463257,2.509999990463257,2.450000047683716,2.4639999866485596,662395,0.0,0.0
2021-11-29 00:00:00+03:00,2.4660000801086426,2.5840001106262207,2.4539999961853027,2.509999990463257,1344325,0.0,0.0
2021-11-30 00:00:00+03:00,2.5199999809265137,2.5799999237060547,2.4760000705718994,2.5759999752044678,1331690,0.0,0.0
2021-12-01 00:00:00+03:00,2.5799999237060547,2.700000047683716,2.5759999752044678,2.618000030517578,1595675,0.0,0.0
2021-12-02 00:00:00+03:00,2.609999895095825,2.6600000858306885,2.553999900817871,2.5840001106262207,1072835,0.0,0.0
2021-12-03 00:00:00+03:00,2.5840001106262207,2.6519999504089355,2.549999952316284,2.6019999980926514,1170970,0.0,0.0
2021-12-06 00:00:00+03:00,2.6080000400543213,2.813999891281128,2.6080000400543213,2.7960000038146973,2613320,0.0,0.0
2021-12-07 00:00:00+03:00,2.815999984741211,3.002000093460083,2.747999906539917,2.8980000019073486,2411105,0.0,0.0
2021-12-08 00:00:00+03:00,2.9000000953674316,2.940000057220459,2.7660000324249268,2.812000036239624,1750480,0.0,0.0
2021-12-09 00:00:00+03:00,2.812000036239624,2.869999885559082,2.680000066757202,2.680000066757202,1297830,0.0,0.0
2021-12-10 00:00:00+03:00,2.7219998836517334,2.7980000972747803,2.680000066757202,2.7300000190734863,952750,0.0,0.0
2021-12-13 00:00:00+03:00,2.75,3.002000093460083,2.74399995803833,3.002000093460083,3488600,0.0,0.0
2021-12-14 00:00:00+03:00,3.063999891281128,3.302000045776367,2.8480000495910645,3.302000045776367,3274150,0.0,0.0
2021-12-15 00:00:00+03:00,3.315999984741211,3.630000114440918,3.259999990463257,3.4800000190734863,3879440,0.0,0.0
2021-12-16 00:00:00+03:00,3.5,3.740000009536743,3.4600000381469727,3.700000047683716,2079420,0.0,0.0
2021-12-17 00:00:00+03:00,3.808000087738037,3.808000087738037,3.3299999237060547,3.3299999237060547,3630690,0.0,0.0
2021-12-20 00:00:00+03:00,3.0999999046325684,3.2100000381469727,2.997999906539917,2.997999906539917,1937580,0.0,0.0
2021-12-21 00:00:00+03:00,3.2939999103546143,3.2939999103546143,2.880000114440918,3.002000093460083,1575565,0.0,0.0
2021-12-22 00:00:00+03:00,2.992000102996826,3.052000045776367,2.740000009536743,2.75,1154195,0.0,0.0
2021-12-23 00:00:00+03:00,2.7839999198913574,2.940000057220459,2.759999990463257,2.809999942779541,1336580,0.0,0.0
2021-12-24 00:00:00+03:00,2.809999942779541,2.859999895095825,2.680000066757202,2.7960000038146973,1176805,0.0,0.0
2021-12-27 00:00:00+03:00,2.799999952316284,2.8540000915527344,2.740000009536743,2.7799999713897705,937595,0.0,0.0
2021-12-28 00:00:00+03:00,2.7799999713897705,2.950000047683716,2.7119998931884766,2.7799999713897705,1194945,0.0,0.0
2021-12-29 00:00:00+03:00,2.812000036239624,2.937999963760376,2.7799999713897705,2.803999900817871,871440,0.0,0.0
2021-12-30 00:00:00+03:00,2.813999891281128,2.8499999046325684,2.742000102996826,2.7699999809265137,616285,0.0,0.0
2021-12-31 00:00:00+03:00,2.7820000648498535,2.809999942779541,2.7200000286102295,2.740000009536743,523560,0.0,0.0
2022-01-03 00:00:00+03:00,2.7339999675750732,2.759999990463257,2.6019999980926514,2.700000047683716,830340,0.0,0.0
2022-01-04 00:00:00+03:00,2.7039999961853027,2.7200000286102295,2.6080000400543213,2.6600000858306885,1061820,0.0,0.0
2022-01-05 00:00:00+03:00,2.6600000858306885,2.8980000019073486,2.6579999923706055,2.8559999465942383,1597920,0.0,0.0
2022-01-06 00:00:00+03:00,2.8559999465942383,2.8559999465942383,2.746000051498413,2.759999990463257,756415,0.0,0.0
2022-01-07 00:00:00+03:00,2.76200008392334,2.822000026702881,2.74399995803833,2.75,545780,0.0,0.0
2022-01-10 00:00:00+03:00,2.75,2.7780001163482666,2.7139999866485596,2.753999948501587,650850,0.0,0.0
2022-01-11 00:00:00+03:00,2.7799999713897705,2.7799999713897705,2.700000047683716,2.7219998836517334,589485,0.0,0.0
2022-01-12 00:00:00+03:00,2.7300000190734863,2.7360000610351562,2.680000066757202,2.684000015258789,718120,0.0,0.0
2022-01-13 00:00:00+03:00,2.684000015258789,2.759999990463257,2.6700000762939453,2.7219998836517334,685860,0.0,0.0
2022-01-14 00:00:00+03:00,2.7119998931884766,2.75,2.691999912261963,2.7179999351501465,356265,0.0,0.0
2022-01-17 00:00:00+03:00,2.7179999351501465,2.75,2.694000005722046,2.7079999446868896,787600,0.0,0.0
2022-01-18 00:00:00+03:00,2.700000047683716,2.740000009536743,2.6480000019073486,2.6480000019073486,524910,0.0,0.0
2022-01-19 00:00:00+03:00,2.6540000438690186,2.73799991607666,2.614000082015991,2.684000015258789,753130,0.0,0.0
2022-01-20 00:00:00+03:00,2.680000066757202,2.684000015258789,2.6040000915527344,2.634000062942505,593325,0.0,0.0
2022-01-21 00:00:00+03:00,2.628000020980835,2.6419999599456787,2.5880000591278076,2.6080000400543213,521665,0.0,0.0
2022-01-24 00:00:00+03:00,2.6080000400543213,2.618000030517578,2.4800000190734863,2.5280001163482666,806965,0.0,0.0
2022-01-25 00:00:00+03:00,2.5,2.5439999103546143,2.4660000801086426,2.5439999103546143,576150,0.0,0.0
2022-01-26 00:00:00+03:00,2.549999952316284,2.7300000190734863,2.5439999103546143,2.621999979019165,1002890,0.0,0.0
2022-01-27 00:00:00+03:00,2.621999979019165,2.671999931335449,2.5799999237060547,2.611999988555908,478650,0.0,0.0
2022-01-28 00:00:00+03:00,2.621999979019165,2.6600000858306885,2.5759999752044678,2.5799999237060547,549800,0.0,0.0
2022-01-31 00:00:00+03:00,2.5799999237060547,2.631999969482422,2.568000078201294,2.5980000495910645,639140,0.0,0.0
2022-02-01 00:00:00+03:00,2.615999937057495,2.6540000438690186,2.5999999046325684,2.618000030517578,501510,0.0,0.0
2022-02-02 00:00:00+03:00,2.6419999599456787,2.6679999828338623,2.5859999656677246,2.5980000495910645,630300,0.0,0.0
2022-02-03 00:00:00+03:00,2.5980000495910645,2.8440001010894775,2.5859999656677246,2.700000047683716,1687545,0.0,0.0
2022-02-04 00:00:00+03:00,2.6040000915527344,2.696000099182129,2.5980000495910645,2.640000104904175,736940,0.0,0.0
2022-02-07 00:00:00+03:00,2.6059999465942383,2.630000114440918,2.558000087738037,2.5859999656677246,630190,0.0,0.0
2022-02-08 00:00:00+03:00,2.5859999656677246,2.7720000743865967,2.5859999656677246,2.694000005722046,1028240,0.0,0.0
2022-02-09 00:00:00+03:00,2.680000066757202,2.691999912261963,2.5999999046325684,2.6500000953674316,690330,0.0,0.0
2022-02-10 00:00:00+03:00,2.6500000953674316,2.6600000858306885,2.614000082015991,2.621999979019165,329425,0.0,0.0
2022-02-11 00:00:00+03:00,2.618000030517578,2.6419999599456787,2.5999999046325684,2.619999885559082,292110,0.0,0.0
2022-02-14 00:00:00+03:00,2.5999999046325684,2.5999999046325684,2.5299999713897705,2.568000078201294,526625,0.0,0.0
2022-02-15 00:00:00+03:00,2.5859999656677246,2.5920000076293945,2.5,2.549999952316284,358140,0.0,0.0
2022-02-16 00:00:00+03:00,2.559999942779541,2.619999885559082,2.50600004196167,2.5399999618530273,614415,0.0,0.0
2022-02-17 00:00:00+03:00,2.5360000133514404,2.5999999046325684,2.5179998874664307,2.5399999618530273,629800,0.0,0.0
2022-02-18 00:00:00+03:00,2.562000036239624,2.5920000076293945,2.5139999389648438,2.552000045776367,322915,0.0,0.0
2022-02-21 00:00:00+03:00,2.5899999141693115,2.5899999141693115,2.5160000324249268,2.5199999809265137,362635,0.0,0.0
2022-02-22 00:00:00+03:00,2.50600004196167,2.50600004196167,2.4000000953674316,2.427999973297119,469810,0.0,0.0
2022-02-23 00:00:00+03:00,2.446000099182129,2.4579999446868896,2.4200000762939453,2.436000108718872,511730,0.0,0.0
2022-02-24 00:00:00+03:00,2.194000005722046,2.380000114440918,2.194000005722046,2.194000005722046,479525,0.0,0.0
2022-02-25 00:00:00+03:00,2.2019999027252197,2.3459999561309814,2.1600000858306885,2.3380000591278076,498175,0.0,0.0
2022-02-28 00:00:00+03:00,2.299999952316284,2.319999933242798,2.191999912261963,2.2660000324249268,372545,0.0,0.0
2022-03-01 00:00:00+03:00,2.3320000171661377,2.3480000495910645,2.2219998836517334,2.2660000324249268,348850,0.0,0.0
2022-03-02 00:00:00+03:00,2.247999906539917,2.303999900817871,2.2200000286102295,2.2219998836517334,463935,0.0,0.0
2022-03-03 00:00:00+03:00,2.2200000286102295,2.2720000743865967,2.2039999961853027,2.2279999256134033,566955,0.0,0.0
2022-03-04 00:00:00+03:00,2.2239999771118164,2.299999952316284,2.180000066757202,2.2219998836517334,479235,0.0,0.0
2022-03-07 00:00:00+03:00,2.2160000801086426,2.2839999198913574,2.2060000896453857,2.2300000190734863,261050,0.0,0.0
2022-03-08 00:00:00+03:00,2.2300000190734863,2.3440001010894775,2.200000047683716,2.2880001068115234,578330,0.0,0.0
2022-03-09 00:00:00+03:00,2.2880001068115234,2.303999900817871,2.242000102996826,2.2720000743865967,365225,0.0,0.0
2022-03-10 00:00:00+03:00,2.2739999294281006,2.309999942779541,2.2139999866485596,2.240000009536743,336335,0.0,0.0
2022-03-11 00:00:00+03:00,2.257999897003174,2.257999897003174,2.2119998931884766,2.240000009536743,328995,0.0,0.0
2022-03-14 00:00:00+03:00,2.25,2.374000072479248,2.240000009536743,2.2960000038146973,453715,0.0,0.0
2022-03-15 00:00:00+03:00,2.2980000972747803,2.303999900817871,2.25600004196167,2.302000045776367,427725,0.0,0.0
2022-03-16 00:00:00+03:00,2.299999952316284,2.368000030517578,2.2739999294281006,2.368000030517578,602665,0.0,0.0
2022-03-17 00:00:00+03:00,2.368000030517578,2.6040000915527344,2.3499999046325684,2.6040000915527344,2138105,0.0,0.0
2022-03-18 00:00:00+03:00,2.5739998817443848,2.5759999752044678,2.447999954223633,2.502000093460083,1314305,0.0,0.0
2022-03-21 00:00:00+03:00,2.4800000190734863,2.497999906539917,2.431999921798706,2.431999921798706,888105,0.0,0.0
2022-03-22 00:00:00+03:00,2.440000057220459,2.5399999618530273,2.421999931335449,2.5339999198913574,707475,0.0,0.0
2022-03-23 00:00:00+03:00,2.5299999713897705,2.5299999713897705,2.4600000381469727,2.4820001125335693,454880,0.0,0.0
2022-03-24 00:00:00+03:00,2.490000009536743,2.496000051498413,2.4560000896453857,2.4700000286102295,342855,0.0,0.0
2022-03-25 00:00:00+03:00,2.4700000286102295,2.492000102996826,2.444000005722046,2.4579999446868896,312805,0.0,0.0
2022-03-28 00:00:00+03:00,2.4579999446868896,2.48799991607666,2.431999921798706,2.444000005722046,716980,0.0,0.0
2022-03-29 00:00:00+03:00,2.447999954223633,2.4779999256134033,2.421999931335449,2.4700000286102295,487190,0.0,0.0
2022-03-30 00:00:00+03:00,2.4639999866485596,2.502000093460083,2.434000015258789,2.4660000801086426,642160,0.0,0.0
2022-03-31 00:00:00+03:00,2.4639999866485596,2.4779999256134033,2.430000066757202,2.430000066757202,411685,0.0,0.0
2022-04-01 00:00:00+03:00,2.4800000190734863,2.5999999046325684,2.440000057220459,2.578000068664551,1496185,0.0,0.0
2022-04-04 00:00:00+03:00,2.5999999046325684,2.746000051498413,2.5820000171661377,2.6500000953674316,1990625,0.0,0.0
2022-04-05 00:00:00+03:00,2.6519999504089355,2.6519999504089355,2.5199999809265137,2.5320000648498535,1156720,0.0,0.0
2022-04-06 00:00:00+03:00,2.5339999198913574,2.578000068664551,2.4700000286102295,2.5199999809265137,868485,0.0,0.0
2022-04-07 00:00:00+03:00,2.5199999809265137,2.5399999618530273,2.4800000190734863,2.5260000228881836,481460,0.0,0.0
2022-04-08 00:00:00+03:00,2.5299999713897705,2.696000099182129,2.5199999809265137,2.6559998989105225,1287225,0.0,0.0
2022-04-11 00:00:00+03:00,2.6559998989105225,2.6559998989105225,2.5840001106262207,2.5940001010894775,1179350,0.0,0.0
2022-04-12 00:00:00+03:00,2.609999895095825,2.6519999504089355,2.5799999237060547,2.5920000076293945,1209975,0.0,0.0
2022-04-13 00:00:00+03:00,2.5920000076293945,2.615999937057495,2.549999952316284,2.563999891281128,721465,0.0,0.0
2022-04-14 00:00:00+03:00,2.569999933242798,2.609999895095825,2.549999952316284,2.5739998817443848,456610,0.0,0.0
2022-04-15 00:00:00+03:00,2.5739998817443848,2.5940001010894775,2.5380001068115234,2.569999933242798,347610,0.0,0.0
2022-04-18 00:00:00+03:00,2.569999933242798,2.5920000076293945,2.5,2.549999952316284,531630,0.0,0.0
2022-04-19 00:00:00+03:00,2.553999900817871,2.572000026702881,2.51200008392334,2.5320000648498535,422805,0.0,0.0
2022-04-20 00:00:00+03:00,2.5399999618530273,2.5999999046325684,2.5260000228881836,2.569999933242798,1024300,0.0,0.0
2022-04-21 00:00:00+03:00,2.569999933242798,2.619999885559082,2.568000078201294,2.609999895095825,1181470,0.0,0.0
2022-04-22 00:00:00+03:00,2.5999999046325684,2.6040000915527344,2.5199999809265137,2.558000087738037,815590,0.0,0.0
2022-04-25 00:00:00+03:00,2.558000087738037,2.6559998989105225,2.555999994277954,2.638000011444092,1700415,0.0,0.0
2022-04-26 00:00:00+03:00,2.700000047683716,2.700000047683716,2.5840001106262207,2.5980000495910645,1024740,0.0,0.0
2022-04-27 00:00:00+03:00,2.690000057220459,2.700000047683716,2.614000082015991,2.6540000438690186,1251100,0.0,0.0
2022-04-28 00:00:00+03:00,2.6540000438690186,2.700000047683716,2.5999999046325684,2.680000066757202,1171790,0.0,0.0
2022-04-29 00:00:00+03:00,2.677999973297119,2.7939999103546143,2.640000104904175,2.7739999294281006,1921500,0.0,0.0
2022-05-05 00:00:00+03:00,2.799999952316284,3.049999952316284,2.799999952316284,3.049999952316284,1754860,0.0,0.0
2022-05-06 00:00:00+03:00,3.299999952316284,3.3440001010894775,3.0,3.0,2164425,0.0,0.0
2022-05-09 00:00:00+03:00,2.9800000190734863,3.0980000495910645,2.8399999141693115,2.9000000953674316,1650590,0.0,0.0
2022-05-10 00:00:00+03:00,2.819999933242798,2.98799991607666,2.819999933242798,2.941999912261963,128085,0.0,0.0
2022-05-11 00:00:00+03:00,2.880000114440918,3.052000045776367,2.813999891281128,2.997999906539917,1715780,0.0,0.0
2022-05-12 00:00:00+03:00,2.950000047683716,3.0820000171661377,2.8499999046325684,3.0239999294281006,1481505,0.0,0.0
2022-05-13 00:00:00+03:00,2.9200000762939453,3.049999952316284,2.9200000762939453,2.9619998931884766,1007775,0.0,0.0
2022-05-16 00:00:00+03:00,2.9619998931884766,2.9700000286102295,2.808000087738037,2.808000087738037,995710,0.0,0.0
2022-05-17 00:00:00+03:00,2.808000087738037,2.878000020980835,2.740000009536743,2.752000093460083,710715,0.0,0.0
2022-05-18 00:00:00+03:00,2.7219998836517334,2.8959999084472656,2.7219998836517334,2.859999895095825,721935,0.0,0.0
2022-05-20 00:00:00+03:00,2.859999895095825,2.9739999771118164,2.809999942779541,2.9019999504089355,966990,0.0,0.0
2022-05-23 00:00:00+03:00,2.9019999504089355,2.931999921798706,2.757999897003174,2.7699999809265137,770915,0.0,0.0
2022-05-24 00:00:00+03:00,2.7839999198913574,2.813999891281128,2.7100000381469727,2.746000051498413,577410,0.0,0.0
2022-05-25 00:00:00+03:00,2.7339999675750732,2.7799999713897705,2.690000057220459,2.7260000705718994,493430,0.0,0.0
2022-05-26 00:00:00+03:00,2.7200000286102295,2.865999937057495,2.700000047683716,2.8399999141693115,693700,0.0,0.0
2022-05-27 00:00:00+03:00,2.8399999141693115,2.9000000953674316,2.7660000324249268,2.7899999618530273,644525,0.0,0.0
2022-05-30 00:00:00+03:00,2.809999942779541,2.8580000400543213,2.740000009536743,2.7699999809265137,765945,0.0,0.0
2022-05-31 00:00:00+03:00,2.752000093460083,2.7980000972747803,2.742000102996826,2.74399995803833,405390,0.0,0.0
2022-06-01 00:00:00+03:00,2.757999897003174,2.799999952316284,2.747999906539917,2.7799999713897705,632215,0.0,0.0
2022-06-02 00:00:00+03:00,2.7980000972747803,2.799999952316284,2.746000051498413,2.7899999618530273,585510,0.0,0.0
2022-06-03 00:00:00+03:00,2.803999900817871,2.808000087738037,2.73799991607666,2.73799991607666,464725,0.0,0.0
2022-06-06 00:00:00+03:00,2.7660000324249268,2.7899999618530273,2.7119998931884766,2.7860000133514404,717630,0.0,0.0
2022-06-07 00:00:00+03:00,2.7839999198913574,2.941999912261963,2.753999948501587,2.9000000953674316,1402665,0.0,0.0
2022-06-08 00:00:00+03:00,2.8980000019073486,2.8980000019073486,2.7699999809265137,2.7739999294281006,824850,0.0,0.0
2022-06-09 00:00:00+03:00,2.7739999294281006,2.7899999618530273,2.690000057220459,2.75,476120,0.0,0.0
2022-06-10 00:00:00+03:00,2.759999990463257,2.799999952316284,2.681999921798706,2.7899999618530273,630910,0.0,0.0
2022-06-13 00:00:00+03:00,2.7780001163482666,2.9000000953674316,2.7760000228881836,2.8299999237060547,1218350,0.0,0.0
2022-06-14 00:00:00+03:00,2.8399999141693115,3.0999999046325684,2.815999984741211,3.062000036239624,2023490,0.0,0.0
2022-06-15 00:00:00+03:00,3.052000045776367,3.121999979019165,2.9000000953674316,2.9100000858306885,1109885,0.0,0.0
2022-06-16 00:00:00+03:00,2.9079999923706055,2.9200000762939453,2.7639999389648438,2.8919999599456787,773745,0.0,0.0
2022-06-17 00:00:00+03:00,2.875999927520752,2.9560000896453857,2.819999933242798,2.9119999408721924,532435,0.0,0.0
2022-06-20 00:00:00+03:00,2.8499999046325684,2.8499999046325684,2.7799999713897705,2.7920000553131104,1100350,0.0,0.0
2022-06-21 00:00:00+03:00,2.7920000553131104,2.8299999237060547,2.7780001163482666,2.7799999713897705,857460,0.0,0.0
2022-06-22 00:00:00+03:00,2.7899999618530273,2.803999900817871,2.7679998874664307,2.7699999809265137,466105,0.0,0.0
2022-06-23 00:00:00+03:00,2.7699999809265137,2.8399999141693115,2.75,2.7739999294281006,601895,0.0,0.0
2022-06-24 00:00:00+03:00,2.7739999294281006,2.802000045776367,2.7699999809265137,2.7860000133514404,284740,0.0,0.0
2022-06-27 00:00:00+03:00,2.799999952316284,2.809999942779541,2.7179999351501465,2.7720000743865967,653620,0.0,0.0
2022-06-28 00:00:00+03:00,2.7699999809265137,2.884000062942505,2.759999990463257,2.7860000133514404,917005,0.0,0.0
2022-06-29 00:00:00+03:00,2.7860000133514404,2.7860000133514404,2.6600000858306885,2.6760001182556152,591780,0.0,0.0
2022-06-30 00:00:00+03:00,2.6760001182556152,2.7100000381469727,2.619999885559082,2.6700000762939453,417010,0.0,0.0
2022-07-01 00:00:00+03:00,2.6700000762939453,2.700000047683716,2.630000114440918,2.6579999923706055,238990,0.0,0.0
2022-07-04 00:00:00+03:00,2.6579999923706055,2.7219998836517334,2.5999999046325684,2.5999999046325684,353405,0.0,0.0
2022-07-05 00:00:00+03:00,2.5999999046325684,2.6500000953674316,2.5420000553131104,2.5439999103546143,353245,0.0,0.0
2022-07-06 00:00:00+03:00,2.5,2.5899999141693115,2.5,2.563999891281128,162650,0.0,0.0
2022-07-07 00:00:00+03:00,2.569999933242798,2.5959999561309814,2.552000045776367,2.5820000171661377,236100,0.0,0.0
2022-07-08 00:00:00+03:00,2.5920000076293945,2.621999979019165,2.5799999237060547,2.6040000915527344,92965,0.0,0.0
2022-07-13 00:00:00+03:00,2.6040000915527344,2.619999885559082,2.559999942779541,2.5880000591278076,303615,0.0,0.0
2022-07-14 00:00:00+03:00,2.5880000591278076,2.615999937057495,2.559999942779541,2.5959999561309814,310900,0.0,0.0
2022-07-18 00:00:00+03:00,2.618000030517578,2.618000030517578,2.5799999237060547,2.6080000400543213,235705,0.0,0.0
2022-07-19 00:00:00+03:00,2.5920000076293945,2.615999937057495,2.578000068664551,2.5999999046325684,506910,0.0,0.0
2022-07-20 00:00:00+03:00,2.609999895095825,2.680000066757202,2.6059999465942383,2.6640000343322754,510505,0.0,0.0
2022-07-21 00:00:00+03:00,2.6600000858306885,2.740000009536743,2.628000020980835,2.7260000705718994,518970,0.0,0.0
2022-07-22 00:00:00+03:00,2.7279999256134033,2.7880001068115234,2.694000005722046,2.7160000801086426,405320,0.0,0.0
2022-07-25 00:00:00+03:00,2.700000047683716,2.742000102996826,2.687999963760376,2.7279999256134033,231790,0.0,0.0
2022-07-26 00:00:00+03:00,2.740000009536743,2.8359999656677246,2.740000009536743,2.8239998817443848,673725,0.0,0.0
2022-07-27 00:00:00+03:00,2.819999933242798,2.8420000076293945,2.7799999713897705,2.812000036239624,639500,0.0,0.0
2022-07-28 00:00:00+03:00,2.859999895095825,2.888000011444092,2.7200000286102295,2.75,669775,0.0,0.0
2022-07-29 00:00:00+03:00,2.742000102996826,2.7739999294281006,2.694000005722046,2.7300000190734863,650785,0.0,0.0
2022-08-01 00:00:00+03:00,2.680000066757202,2.75,2.677999973297119,2.7039999961853027,494025,0.0,0.0
2022-08-02 00:00:00+03:00,2.7019999027252197,2.7839999198913574,2.7019999027252197,2.752000093460083,535400,0.0,0.0
2022-08-03 00:00:00+03:00,2.8239998817443848,2.8239998817443848,2.7039999961853027,2.73799991607666,613325,0.0,0.0
2022-08-04 00:00:00+03:00,2.74399995803833,2.7739999294281006,2.7279999256134033,2.74399995803833,479575,0.0,0.0
2022-08-05 00:00:00+03:00,2.752000093460083,2.799999952316284,2.7339999675750732,2.7980000972747803,683650,0.0,0.0
2022-08-08 00:00:00+03:00,2.813999891281128,3.0759999752044678,2.7739999294281006,3.0759999752044678,2954840,0.0,0.0
2022-08-09 00:00:00+03:00,3.072000026702881,3.072000026702881,2.9000000953674316,2.9000000953674316,1553080,0.0,0.0
2022-08-10 00:00:00+03:00,2.9000000953674316,2.9000000953674316,2.7980000972747803,2.8559999465942383,1271320,0.0,0.0
2022-08-11 00:00:00+03:00,2.859999895095825,2.9800000190734863,2.8359999656677246,2.9240000247955322,1280310,0.0,0.0
2022-08-12 00:00:00+03:00,2.992000102996826,2.992000102996826,2.9079999923706055,2.9560000896453857,850790,0.0,0.0
2022-08-15 00:00:00+03:00,2.9600000381469727,3.25,2.9560000896453857,3.246000051498413,2539935,0.0,0.0
2022-08-16 00:00:00+03:00,3.2780001163482666,3.559999942779541,3.115999937057495,3.4660000801086426,2468365,0.0,0.0
2022-08-17 00:00:00+03:00,3.434000015258789,3.5799999237060547,3.319999933242798,3.3440001010894775,2095595,0.0,0.0
2022-08-18 00:00:00+03:00,3.3440001010894775,3.48799991607666,3.181999921798706,3.3420000076293945,1393255,0.0,0.0
2022-08-19 00:00:00+03:00,3.3420000076293945,3.3420000076293945,3.180000066757202,3.191999912261963,1011525,0.0,0.0
2022-08-22 00:00:00+03:00,3.200000047683716,3.4260001182556152,3.200000047683716,3.2920000553131104,1022200,0.0,0.0
2022-08-23 00:00:00+03:00,3.2920000553131104,3.427999973297119,3.2300000190734863,3.3399999141693115,1240620,0.0,0.0
2022-08-24 00:00:00+03:00,3.390000104904175,3.4140000343322754,3.119999885559082,3.1600000858306885,1102750,0.0,0.0
2022-08-25 00:00:00+03:00,3.124000072479248,3.3340001106262207,3.115999937057495,3.2899999618530273,1512665,0.0,0.0
2022-08-26 00:00:00+03:00,3.2920000553131104,3.2920000553131104,3.130000114440918,3.140000104904175,1168620,0.0,0.0
2022-08-29 00:00:00+03:00,3.1559998989105225,3.177999973297119,3.0,3.055999994277954,979470,0.0,0.0
2022-08-31 00:00:00+03:00,3.055999994277954,3.180000066757202,3.003999948501587,3.0320000648498535,791265,0.0,0.0
2022-09-01 00:00:00+03:00,3.0399999618530273,3.059999942779541,3.0,3.0199999809265137,689950,0.0,0.0
2022-09-02 00:00:00+03:00,3.049999952316284,3.1619999408721924,3.0199999809265137,3.109999895095825,761365,0.0,0.0
2022-09-05 00:00:00+03:00,3.1679999828338623,3.1679999828338623,3.0439999103546143,3.0999999046325684,1111680,0.0,0.0
2022-09-06 00:00:00+03:00,3.1600000858306885,3.1600000858306885,3.0339999198913574,3.059999942779541,825645,0.0,0.0
2022-09-07 00:00:00+03:00,3.0899999141693115,3.1059999465942383,3.0339999198913574,3.0339999198913574,676835,0.0,0.0
2022-09-08 00:00:00+03:00,3.0799999237060547,3.3359999656677246,3.0420000553131104,3.3359999656677246,1909925,0.0,0.0
2022-09-09 00:00:00+03:00,3.369999885559082,3.6679999828338623,3.369999885559082,3.434000015258789,2875165,0.0,0.0
2022-09-12 00:00:00+03:00,3.368000030517578,3.559999942779541,3.3380000591278076,3.430000066757202,1936000,0.0,0.0
2022-09-13 00:00:00+03:00,3.4019999504089355,3.430000066757202,3.200000047683716,3.200000047683716,1472205,0.0,0.0
2022-09-14 00:00:00+03:00,3.0199999809265137,3.197999954223633,3.0199999809265137,3.0999999046325684,1007570,0.0,0.0
2022-09-15 00:00:00+03:00,3.0999999046325684,3.368000030517578,3.059999942779541,3.2960000038146973,1493625,0.0,0.0
2022-09-16 00:00:00+03:00,3.2799999713897705,3.2799999713897705,3.171999931335449,3.200000047683716,793860,0.0,0.0
2022-09-19 00:00:00+03:00,3.200000047683716,3.200000047683716,3.0360000133514404,3.0360000133514404,598570,0.0,0.0
2022-09-20 00:00:00+03:00,3.0480000972747803,3.1659998893737793,2.9560000896453857,3.0920000076293945,604880,0.0,0.0
2022-09-21 00:00:00+03:00,3.0920000076293945,3.124000072479248,3.0199999809265137,3.0959999561309814,697325,0.0,0.0
2022-09-22 00:00:00+03:00,3.0940001010894775,3.200000047683716,3.0439999103546143,3.1600000858306885,883345,0.0,0.0
2022-09-23 00:00:00+03:00,3.200000047683716,3.2219998836517334,3.0399999618530273,3.128000020980835,618045,0.0,0.0
2022-09-26 00:00:00+03:00,3.0179998874664307,3.0899999141693115,3.0179998874664307,3.049999952316284,787895,0.0,0.0
2022-09-27 00:00:00+03:00,3.058000087738037,3.140000104904175,2.997999906539917,3.063999891281128,736335,0.0,0.0
2022-09-28 00:00:00+03:00,3.055999994277954,3.118000030517578,3.002000093460083,3.002000093460083,380030,0.0,0.0
2022-09-29 00:00:00+03:00,3.0299999713897705,3.0399999618530273,2.9000000953674316,2.947999954223633,636545,0.0,0.0
2022-09-30 00:00:00+03:00,2.996000051498413,3.0199999809265137,2.8559999465942383,2.9200000762939453,475560,0.0,0.0
2022-10-03 00:00:00+03:00,2.946000099182129,3.072000026702881,2.888000011444092,3.0280001163482666,925625,0.0,0.0
2022-10-04 00:00:00+03:00,3.0239999294281006,3.0799999237060547,2.992000102996826,3.009999990463257,575500,0.0,0.0
2022-10-05 00:00:00+03:00,3.0399999618530273,3.0899999141693115,2.9760000705718994,3.007999897003174,470920,0.0,0.0
2022-10-06 00:00:00+03:00,3.0199999809265137,3.0320000648498535,3.0,3.0179998874664307,554185,0.0,0.0
2022-10-07 00:00:00+03:00,3.0179998874664307,3.0320000648498535,2.996000051498413,3.0280001163482666,679175,0.0,0.0
2022-10-10 00:00:00+03:00,3.0320000648498535,3.2200000286102295,3.0320000648498535,3.197999954223633,1679045,0.0,0.0
2022-10-11 00:00:00+03:00,3.197999954223633,3.4000000953674316,3.0980000495910645,3.305999994277954,2058745,0.0,0.0
2022-10-12 00:00:00+03:00,3.319999933242798,3.619999885559082,3.319999933242798,3.4619998931884766,2905110,0.0,0.0
2022-10-13 00:00:00+03:00,3.4200000762939453,3.4200000762939453,3.25,3.3540000915527344,1932575,0.0,0.0
2022-10-14 00:00:00+03:00,3.3399999141693115,3.364000082015991,3.2279999256134033,3.319999933242798,741360,0.0,0.0
2022-10-17 00:00:00+03:00,3.3380000591278076,3.4519999027252197,3.2880001068115234,3.4000000953674316,939610,0.0,0.0
2022-10-18 00:00:00+03:00,3.4000000953674316,3.4119999408721924,3.25600004196167,3.303999900817871,1223180,0.0,0.0
2022-10-19 00:00:00+03:00,3.3359999656677246,3.3919999599456787,3.259999990463257,3.3420000076293945,951315,0.0,0.0
2022-10-20 00:00:00+03:00,3.2920000553131104,3.5420000553131104,3.2880001068115234,3.436000108718872,2110425,0.0,0.0
2022-10-21 00:00:00+03:00,3.4639999866485596,3.4679999351501465,3.371999979019165,3.4179999828338623,1095875,0.0,0.0
2022-10-24 00:00:00+03:00,3.4000000953674316,3.6600000858306885,3.371999979019165,3.630000114440918,2034835,0.0,0.0
2022-10-25 00:00:00+03:00,3.630000114440918,3.6679999828338623,3.4560000896453857,3.5260000228881836,924625,0.0,0.0
2022-10-26 00:00:00+03:00,3.7100000381469727,3.878000020980835,3.6679999828338623,3.871999979019165,2929085,0.0,0.0
2022-10-27 00:00:00+03:00,3.8480000495910645,3.8480000495910645,3.680000066757202,3.75,1284475,0.0,0.0
2022-10-28 00:00:00+03:00,3.75,3.802000045776367,3.700000047683716,3.7119998931884766,296105,0.0,0.0
2022-10-31 00:00:00+03:00,3.75,3.75,3.559999942779541,3.559999942779541,1423130,0.0,0.0
2022-11-01 00:00:00+03:00,3.5980000495910645,3.6579999923706055,3.434000015258789,3.5439999103546143,1454485,0.0,0.0
2022-11-02 00:00:00+03:00,3.5399999618530273,3.5880000591278076,3.4800000190734863,3.503999948501587,999240,0.0,0.0
2022-11-03 00:00:00+03:00,3.5239999294281006,3.5799999237060547,3.496000051498413,3.5260000228881836,1089815,0.0,0.0
2022-11-04 00:00:00+03:00,3.5260000228881836,3.638000011444092,3.50600004196167,3.578000068664551,990190,0.0,0.0
2022-11-07 00:00:00+03:00,3.6040000915527344,3.934000015258789,3.6040000915527344,3.934000015258789,2506360,0.0,0.0
2022-11-08 00:00:00+03:00,3.937999963760376,4.276000022888184,3.937999963760376,4.139999866485596,2479305,0.0,0.0
2022-11-09 00:00:00+03:00,4.0960001945495605,4.111999988555908,3.9040000438690186,3.9839999675750732,1477635,0.0,0.0
2022-11-10 00:00:00+03:00,4.0,4.400000095367432,3.921999931335449,4.400000095367432,1885915,0.0,0.0
2022-11-11 00:00:00+03:00,4.5,4.783999919891357,4.315999984741211,4.599999904632568,2042875,0.0,0.0
2022-11-14 00:00:00+03:00,4.504000186920166,4.984000205993652,4.300000190734863,4.776000022888184,1634560,0.0,0.0
2022-11-15 00:00:00+03:00,4.760000228881836,4.820000171661377,4.3480000495910645,4.4120001792907715,1413420,0.0,0.0
2022-11-16 00:00:00+03:00,4.447999954223633,4.519999980926514,4.144000053405762,4.144000053405762,1700140,0.0,0.0
2022-11-17 00:00:00+03:00,4.423999786376953,4.447999954223633,4.039999961853027,4.363999843597412,1171935,0.0,0.0
2022-11-18 00:00:00+03:00,4.323999881744385,4.495999813079834,4.107999801635742,4.228000164031982,1309510,0.0,0.0
2022-11-21 00:00:00+03:00,4.300000190734863,4.420000076293945,4.23199987411499,4.263999938964844,1166055,0.0,0.0
2022-11-22 00:00:00+03:00,4.291999816894531,4.5960001945495605,4.291999816894531,4.4720001220703125,1101430,0.0,0.0
2022-11-23 00:00:00+03:00,4.460000038146973,4.676000118255615,4.343999862670898,4.559999942779541,933680,0.0,0.0
2022-11-24 00:00:00+03:00,4.559999942779541,4.636000156402588,4.400000095367432,4.5279998779296875,791885,0.0,0.0
2022-11-25 00:00:00+03:00,4.5279998779296875,4.739999771118164,4.423999786376953,4.584000110626221,839175,0.0,0.0
2022-11-28 00:00:00+03:00,4.599999904632568,4.699999809265137,4.372000217437744,4.5,942855,0.0,0.0
2022-11-29 00:00:00+03:00,4.504000186920166,4.559999942779541,4.303999900817871,4.432000160217285,692730,0.0,0.0
2022-11-30 00:00:00+03:00,4.460000038146973,4.480000019073486,4.400000095367432,4.440000057220459,652665,0.0,0.0
2022-12-01 00:00:00+03:00,4.4679999351501465,4.535999774932861,4.435999870300293,4.5,746110,0.0,0.0
2022-12-02 00:00:00+03:00,4.504000186920166,4.800000190734863,4.504000186920166,4.699999809265137,1397850,0.0,0.0
2022-12-05 00:00:00+03:00,4.751999855041504,5.164000034332275,4.699999809265137,5.136000156402588,1489575,0.0,0.0
2022-12-06 00:00:00+03:00,5.159999847412109,5.211999893188477,4.872000217437744,4.9120001792907715,969305,0.0,0.0
2022-12-07 00:00:00+03:00,4.9120001792907715,4.920000076293945,4.435999870300293,4.539999961853027,986200,0.0,0.0
2022-12-08 00:00:00+03:00,4.539999961853027,4.679999828338623,4.343999862670898,4.519999980926514,1144585,0.0,0.0
2022-12-09 00:00:00+03:00,4.599999904632568,4.711999893188477,4.504000186920166,4.636000156402588,770775,0.0,0.0
2022-12-12 00:00:00+03:00,4.668000221252441,4.796000003814697,4.659999847412109,4.736000061035156,954080,0.0,0.0
2022-12-13 00:00:00+03:00,4.736000061035156,4.736000061035156,4.559999942779541,4.691999912261963,1124425,0.0,0.0
2022-12-14 00:00:00+03:00,4.679999828338623,4.763999938964844,4.484000205993652,4.5320000648498535,865795,0.0,0.0
2022-12-15 00:00:00+03:00,4.564000129699707,4.760000228881836,4.443999767303467,4.5920000076293945,1036995,0.0,0.0
2022-12-16 00:00:00+03:00,4.579999923706055,4.691999912261963,4.460000038146973,4.644000053405762,987280,0.0,0.0
2022-12-19 00:00:00+03:00,4.6479997634887695,4.791999816894531,4.576000213623047,4.74399995803833,933045,0.0,0.0
2022-12-20 00:00:00+03:00,4.76800012588501,4.8520002365112305,4.599999904632568,4.639999866485596,853480,0.0,0.0
2022-12-21 00:00:00+03:00,4.639999866485596,4.748000144958496,4.611999988555908,4.723999977111816,748395,0.0,0.0
2022-12-22 00:00:00+03:00,4.760000228881836,4.763999938964844,4.5920000076293945,4.5920000076293945,891465,0.0,0.0
2022-12-23 00:00:00+03:00,4.599999904632568,4.940000057220459,4.5,4.900000095367432,2117440,0.0,0.0
2022-12-26 00:00:00+03:00,4.960000038146973,5.248000144958496,4.880000114440918,5.228000164031982,1821885,0.0,0.0
2022-12-27 00:00:00+03:00,5.211999893188477,5.228000164031982,4.952000141143799,5.0,1211240,0.0,0.0
2022-12-28 00:00:00+03:00,5.0,5.059999942779541,4.751999855041504,4.796000003814697,808900,0.0,0.0
2022-12-29 00:00:00+03:00,4.796000003814697,5.208000183105469,4.760000228881836,5.139999866485596,902170,0.0,0.0
2022-12-30 00:00:00+03:00,5.144000053405762,5.495999813079834,5.015999794006348,5.363999843597412,1320925,0.0,0.0
2023-01-02 00:00:00+03:00,5.375999927520752,5.808000087738037,5.164000034332275,5.800000190734863,1573605,0.0,0.0
2023-01-03 00:00:00+03:00,5.800000190734863,5.800000190734863,5.400000095367432,5.492000102996826,1061990,0.0,0.0
2023-01-04 00:00:00+03:00,5.492000102996826,5.5920000076293945,5.239999771118164,5.28000020980835,854790,0.0,0.0
2023-01-05 00:00:00+03:00,5.28000020980835,5.388000011444092,4.992000102996826,5.0,728250,0.0,0.0
2023-01-06 00:00:00+03:00,4.699999809265137,5.124000072479248,4.504000186920166,5.047999858856201,815705,0.0,0.0
2023-01-09 00:00:00+03:00,5.039999961853027,5.084000110626221,4.572000026702881,4.900000095367432,703290,0.0,0.0
2023-01-10 00:00:00+03:00,4.900000095367432,4.900000095367432,4.656000137329102,4.716000080108643,346755,0.0,0.0
2023-01-11 00:00:00+03:00,4.835999965667725,4.8520002365112305,4.380000114440918,4.380000114440918,510315,0.0,0.0
2023-01-12 00:00:00+03:00,4.380000114440918,4.559999942779541,4.02400016784668,4.4720001220703125,419910,0.0,0.0
2023-01-13 00:00:00+03:00,4.4720001220703125,4.676000118255615,4.360000133514404,4.480000019073486,375465,0.0,0.0
2023-01-16 00:00:00+03:00,4.51200008392334,4.703999996185303,4.480000019073486,4.699999809265137,727640,0.0,0.0
2023-01-17 00:00:00+03:00,4.696000099182129,4.696000099182129,4.48799991607666,4.676000118255615,879295,0.0,0.0
2023-01-18 00:00:00+03:00,4.708000183105469,4.855999946594238,4.631999969482422,4.6519999504089355,672740,0.0,0.0
2023-01-19 00:00:00+03:00,4.624000072479248,4.751999855041504,4.5920000076293945,4.636000156402588,423505,0.0,0.0
2023-01-20 00:00:00+03:00,4.599999904632568,4.723999977111816,4.599999904632568,4.679999828338623,466920,0.0,0.0
2023-01-23 00:00:00+03:00,4.696000099182129,4.751999855041504,4.584000110626221,4.644000053405762,464185,0.0,0.0
2023-01-24 00:00:00+03:00,4.644000053405762,4.679999828338623,4.4120001792907715,4.5,520510,0.0,0.0
2023-01-25 00:00:00+03:00,4.5960001945495605,4.776000022888184,4.504000186920166,4.723999977111816,845815,0.0,0.0
2023-01-26 00:00:00+03:00,4.684000015258789,5.191999912261963,4.604000091552734,5.047999858856201,869735,0.0,0.0
2023-01-27 00:00:00+03:00,5.203999996185303,5.4039998054504395,5.015999794006348,5.23199987411499,1451360,0.0,0.0
2023-01-30 00:00:00+03:00,5.228000164031982,5.340000152587891,4.9679999351501465,5.047999858856201,592820,0.0,0.0
2023-01-31 00:00:00+03:00,5.171999931335449,5.21999979019165,4.895999908447266,4.895999908447266,892890,0.0,0.0
2023-02-01 00:00:00+03:00,4.900000095367432,4.980000019073486,4.47599983215332,4.47599983215332,928740,0.0,0.0
2023-02-02 00:00:00+03:00,4.4720001220703125,4.480000019073486,4.0320000648498535,4.216000080108643,867235,0.0,0.0
2023-02-03 00:00:00+03:00,4.25600004196167,4.5,4.25600004196167,4.480000019073486,632620,0.0,0.0
2023-02-06 00:00:00+03:00,4.159999847412109,4.432000160217285,4.079999923706055,4.380000114440918,270280,0.0,0.0
2023-02-07 00:00:00+03:00,4.099999904632568,4.380000114440918,3.941999912261963,3.941999912261963,512575,0.0,0.0
2023-02-08 00:00:00+03:00,3.5999999046325684,3.5999999046325684,3.5999999046325684,3.5999999046325684,305,0.0,0.0
2023-02-15 00:00:00+03:00,3.822000026702881,4.335999965667725,3.740000009536743,4.335999965667725,892940,0.0,0.0
2023-02-16 00:00:00+03:00,4.5960001945495605,4.5960001945495605,3.9040000438690186,4.039999961853027,726340,0.0,0.0
2023-02-17 00:00:00+03:00,3.9800000190734863,4.0,3.815999984741211,3.941999912261963,496945,0.0,0.0
2023-02-20 00:00:00+03:00,3.944000005722046,4.251999855041504,3.940000057220459,4.239999771118164,737010,0.0,0.0
2023-02-21 00:00:00+03:00,4.156000137329102,4.480000019073486,4.099999904632568,4.239999771118164,396755,0.0,0.0
2023-02-22 00:00:00+03:00,4.239999771118164,4.239999771118164,3.815999984741211,4.0,745015,0.0,0.0
2023-02-23 00:00:00+03:00,3.9600000381469727,4.199999809265137,3.940000057220459,3.9839999675750732,552080,0.0,0.0
2023-02-24 00:00:00+03:00,3.9600000381469727,4.380000114440918,3.936000108718872,4.380000114440918,1318295,0.0,0.0
2023-02-27 00:00:00+03:00,4.340000152587891,4.815999984741211,4.124000072479248,4.815999984741211,1607200,0.0,0.0
2023-02-28 00:00:00+03:00,5.199999809265137,5.288000106811523,4.940000057220459,5.052000045776367,1461725,0.0,0.0
2023-03-01 00:00:00+03:00,4.995999813079834,5.0879998207092285,4.76800012588501,4.984000205993652,926635,0.0,0.0
2023-03-02 00:00:00+03:00,4.952000141143799,4.952000141143799,4.48799991607666,4.6479997634887695,1205340,0.0,0.0
2023-03-03 00:00:00+03:00,4.599999904632568,4.659999847412109,4.199999809265137,4.5920000076293945,828740,0.0,0.0
2023-03-06 00:00:00+03:00,4.579999923706055,4.800000190734863,4.432000160217285,4.668000221252441,1108735,0.0,0.0
2023-03-07 00:00:00+03:00,4.703999996185303,4.71999979019165,4.52400016784668,4.52400016784668,930020,0.0,0.0
2023-03-08 00:00:00+03:00,4.519999980926514,4.716000080108643,4.452000141143799,4.616000175476074,749810,0.0,0.0
2023-03-09 00:00:00+03:00,4.616000175476074,4.659999847412109,4.507999897003174,4.579999923706055,563225,0.0,0.0
2023-03-10 00:00:00+03:00,4.579999923706055,4.616000175476074,4.4720001220703125,4.559999942779541,641390,0.0,0.0
2023-03-13 00:00:00+03:00,4.519999980926514,4.576000213623047,4.400000095367432,4.484000205993652,750260,0.0,0.0
2023-03-14 00:00:00+03:00,4.460000038146973,4.631999969482422,4.400000095367432,4.52400016784668,698655,0.0,0.0
2023-03-15 00:00:00+03:00,4.460000038146973,4.5320000648498535,4.303999900817871,4.343999862670898,592715,0.0,0.0
2023-03-16 00:00:00+03:00,4.355999946594238,4.480000019073486,4.300000190734863,4.383999824523926,271945,0.0,0.0
2023-03-17 00:00:00+03:00,4.492000102996826,4.492000102996826,4.335999965667725,4.368000030517578,283355,0.0,0.0
2023-03-20 00:00:00+03:00,4.360000133514404,4.360000133514404,4.176000118255615,4.196000099182129,333725,0.0,0.0
2023-03-21 00:00:00+03:00,4.196000099182129,4.296000003814697,4.039999961853027,4.124000072479248,402315,0.0,0.0
2023-03-22 00:00:00+03:00,4.0,4.303999900817871,4.0,4.25600004196167,490115,0.0,0.0
2023-03-23 00:00:00+03:00,4.331999778747559,4.519999980926514,4.119999885559082,4.507999897003174,573495,0.0,0.0
2023-03-24 00:00:00+03:00,4.480000019073486,4.507999897003174,4.340000152587891,4.375999927520752,454905,0.0,0.0
2023-03-27 00:00:00+03:00,4.519999980926514,4.5920000076293945,4.368000030517578,4.427999973297119,676755,0.0,0.0
2023-03-28 00:00:00+03:00,4.427999973297119,4.48799991607666,4.24399995803833,4.26800012588501,572165,0.0,0.0
2023-03-29 00:00:00+03:00,4.248000144958496,4.340000152587891,4.107999801635742,4.28000020980835,401525,0.0,0.0
2023-03-30 00:00:00+03:00,4.28000020980835,4.328000068664551,4.119999885559082,4.239999771118164,411115,0.0,0.0
2023-03-31 00:00:00+03:00,4.21999979019165,4.21999979019165,4.059999942779541,4.127999782562256,457385,0.0,0.0
2023-04-03 00:00:00+03:00,4.079999923706055,4.104000091552734,3.931999921798706,4.044000148773193,384720,0.0,0.0
2023-04-04 00:00:00+03:00,4.059999942779541,4.1479997634887695,4.0,4.107999801635742,405600,0.0,0.0
2023-04-05 00:00:00+03:00,4.099999904632568,4.223999977111816,4.072000026702881,4.191999912261963,465005,0.0,0.0
2023-04-06 00:00:00+03:00,4.159999847412109,4.216000080108643,4.0,4.136000156402588,429365,0.0,0.0
2023-04-07 00:00:00+03:00,4.136000156402588,4.239999771118164,4.099999904632568,4.119999885559082,345855,0.0,0.0
2023-04-10 00:00:00+03:00,4.208000183105469,4.4679999351501465,4.127999782562256,4.395999908447266,1052775,0.0,0.0
2023-04-11 00:00:00+03:00,4.395999908447266,4.599999904632568,4.300000190734863,4.360000133514404,710170,0.0,0.0
2023-04-12 00:00:00+03:00,4.360000133514404,4.432000160217285,4.25600004196167,4.380000114440918,514350,0.0,0.0
2023-04-13 00:00:00+03:00,4.380000114440918,4.708000183105469,4.323999881744385,4.559999942779541,1123850,0.0,0.0
2023-04-14 00:00:00+03:00,4.539999961853027,4.820000171661377,4.440000057220459,4.679999828338623,1169660,0.0,0.0
2023-04-17 00:00:00+03:00,4.679999828338623,4.796000003814697,4.484000205993652,4.5920000076293945,839645,0.0,0.0
2023-04-18 00:00:00+03:00,4.576000213623047,4.579999923706055,4.375999927520752,4.4039998054504395,457420,0.0,0.0
2023-04-19 00:00:00+03:00,4.4039998054504395,4.4720001220703125,4.308000087738037,4.400000095367432,364115,0.0,0.0
2023-04-20 00:00:00+03:00,4.420000076293945,4.447999954223633,4.320000171661377,4.368000030517578,88450,0.0,0.0
2023-04-24 00:00:00+03:00,4.368000030517578,4.400000095367432,4.328000068664551,4.340000152587891,246345,0.0,0.0
2023-04-25 00:00:00+03:00,4.340000152587891,4.3520002365112305,4.139999866485596,4.288000106811523,421695,0.0,0.0
2023-04-26 00:00:00+03:00,4.276000022888184,4.291999816894531,4.064000129699707,4.179999828338623,286655,0.0,0.0
2023-04-27 00:00:00+03:00,4.144000053405762,4.5920000076293945,4.144000053405762,4.559999942779541,1296005,0.0,0.0
2023-04-28 00:00:00+03:00,4.535999774932861,4.535999774932861,4.331999778747559,4.420000076293945,878135,0.0,0.0
2023-05-02 00:00:00+03:00,4.323999881744385,4.464000225067139,4.23199987411499,4.251999855041504,534990,0.0,0.0
2023-05-03 00:00:00+03:00,4.124000072479248,4.228000164031982,3.944000005722046,4.0279998779296875,592895,0.0,0.0
2023-05-04 00:00:00+03:00,4.0279998779296875,4.211999893188477,3.992000102996826,4.0879998207092285,462830,0.0,0.0
2023-05-05 00:00:00+03:00,4.139999866485596,4.139999866485596,3.934000015258789,4.01200008392334,350175,0.0,0.0
2023-05-08 00:00:00+03:00,4.064000129699707,4.1519999504089355,4.0,4.136000156402588,331800,0.0,0.0
2023-05-09 00:00:00+03:00,4.099999904632568,4.21999979019165,4.035999774932861,4.119999885559082,383415,0.0,0.0
2023-05-10 00:00:00+03:00,4.119999885559082,4.335999965667725,4.0320000648498535,4.199999809265137,501030,0.0,0.0
2023-05-11 00:00:00+03:00,4.076000213623047,4.484000205993652,4.076000213623047,4.435999870300293,550180,0.0,0.0
2023-05-12 00:00:00+03:00,4.435999870300293,4.464000225067139,4.199999809265137,4.303999900817871,633495,0.0,0.0
2023-05-15 00:00:00+03:00,4.276000022888184,4.291999816894531,4.104000091552734,4.188000202178955,330775,0.0,0.0
2023-05-16 00:00:00+03:00,4.208000183105469,4.311999797821045,4.1479997634887695,4.283999919891357,270675,0.0,0.0
2023-05-17 00:00:00+03:00,4.276000022888184,4.460000038146973,4.179999828338623,4.4039998054504395,343355,0.0,0.0
2023-05-18 00:00:00+03:00,4.323999881744385,4.395999908447266,4.251999855041504,4.311999797821045,214885,0.0,0.0
2023-05-22 00:00:00+03:00,4.311999797821045,4.492000102996826,4.21999979019165,4.251999855041504,296415,0.0,0.0
2023-05-23 00:00:00+03:00,4.23199987411499,4.343999862670898,4.211999893188477,4.23199987411499,128435,0.0,0.0
2023-05-24 00:00:00+03:00,4.283999919891357,4.4039998054504395,4.236000061035156,4.380000114440918,396990,0.0,0.0
2023-05-25 00:00:00+03:00,4.4120001792907715,4.572000026702881,4.4120001792907715,4.452000141143799,309265,0.0,0.0
2023-05-26 00:00:00+03:00,4.452000141143799,4.504000186920166,4.323999881744385,4.5,353575,0.0,0.0
2023-05-29 00:00:00+03:00,4.5,4.699999809265137,4.368000030517578,4.6519999504089355,695180,0.0,0.0
2023-05-30 00:00:00+03:00,4.6519999504089355,4.78000020980835,4.584000110626221,4.696000099182129,630230,0.0,0.0
2023-05-31 00:00:00+03:00,4.751999855041504,4.751999855041504,4.604000091552734,4.636000156402588,487880,0.0,0.0
2023-06-01 00:00:00+03:00,4.636000156402588,4.9039998054504395,4.584000110626221,4.788000106811523,809465,0.0,0.0
2023-06-02 00:00:00+03:00,4.788000106811523,4.932000160217285,4.716000080108643,4.868000030517578,864310,0.0,0.0
2023-06-05 00:00:00+03:00,4.888000011444092,5.02400016784668,4.763999938964844,4.835999965667725,908610,0.0,0.0
2023-06-06 00:00:00+03:00,4.835999965667725,4.900000095367432,4.599999904632568,4.760000228881836,768880,0.0,0.0
2023-06-07 00:00:00+03:00,4.760000228881836,4.835999965667725,4.679999828338623,4.800000190734863,707150,0.0,0.0
2023-06-08 00:00:00+03:00,4.820000171661377,5.127999782562256,4.739999771118164,5.035999774932861,1290100,0.0,0.0
2023-06-09 00:00:00+03:00,5.0879998207092285,5.28000020980835,5.02400016784668,5.239999771118164,943925,0.0,0.0
2023-06-12 00:00:00+03:00,5.199999809265137,5.4039998054504395,5.044000148773193,5.139999866485596,785120,0.0,0.0
2023-06-13 00:00:00+03:00,5.139999866485596,5.139999866485596,4.808000087738037,4.808000087738037,953500,0.0,0.0
2023-06-14 00:00:00+03:00,4.800000190734863,4.880000114440918,4.723999977111816,4.791999816894531,461995,0.0,0.0
2023-06-15 00:00:00+03:00,4.791999816894531,5.26800012588501,4.728000164031982,5.26800012588501,1702480,0.0,0.0
2023-06-16 00:00:00+03:00,5.776000022888184,5.791999816894531,5.515999794006348,5.791999816894531,2123740,0.0,0.0
2023-06-19 00:00:00+03:00,6.340000152587891,6.368000030517578,5.872000217437744,6.368000030517578,3406940,0.0,0.0
2023-06-20 00:00:00+03:00,6.0,7.004000186920166,6.0,7.004000186920166,3553470,0.0,0.0
2023-06-21 00:00:00+03:00,7.360000133514404,7.5879998207092285,6.659999847412109,6.711999893188477,2394060,0.0,0.0
2023-06-22 00:00:00+03:00,6.711999893188477,7.099999904632568,6.300000190734863,6.495999813079834,1772815,0.0,0.0
2023-06-23 00:00:00+03:00,6.495999813079834,7.079999923706055,6.176000118255615,6.960000038146973,1288620,0.0,0.0
2023-06-26 00:00:00+03:00,6.980000019073486,7.656000137329102,6.763999938964844,7.656000137329102,1868175,0.0,0.0
2023-06-27 00:00:00+03:00,7.935999870300293,8.420000076293945,7.935999870300293,8.420000076293945,1020360,0.0,0.0
2023-07-03 00:00:00+03:00,8.760000228881836,9.092000007629395,8.168000221252441,8.199999809265137,6258570,0.0,0.0
2023-07-04 00:00:00+03:00,8.199999809265137,8.600000381469727,7.791999816894531,7.791999816894531,6694890,0.0,0.0
2023-07-05 00:00:00+03:00,7.9079999923706055,8.100000381469727,7.519999980926514,7.760000228881836,4511810,0.0,0.0
2023-07-06 00:00:00+03:00,7.760000228881836,7.880000114440918,7.5279998779296875,7.619999885559082,4801555,0.0,0.0
2023-07-07 00:00:00+03:00,7.699999809265137,8.199999809265137,7.5279998779296875,8.119999885559082,4286310,0.0,0.0
2023-07-10 00:00:00+03:00,8.17199993133545,8.600000381469727,7.803999900817871,8.039999961853027,5252030,0.0,0.0
2023-07-11 00:00:00+03:00,8.0600004196167,8.140000343322754,7.78000020980835,7.840000152587891,3602485,0.0,0.0
2023-07-12 00:00:00+03:00,7.840000152587891,8.62399959564209,7.619999885559082,8.62399959564209,5408050,0.0,0.0
2023-07-13 00:00:00+03:00,8.9399995803833,9.484000205993652,8.800000190734863,8.831999778747559,8656860,0.0,0.0
2023-07-14 00:00:00+03:00,8.84000015258789,9.079999923706055,8.291999816894531,8.564000129699707,4052595,0.0,0.0
2023-07-17 00:00:00+03:00,8.564000129699707,8.791999816894531,8.336000442504883,8.4399995803833,2923695,0.0,0.0
2023-07-18 00:00:00+03:00,8.460000038146973,8.515999794006348,7.616000175476074,7.696000099182129,4527925,0.0,0.0
2023-07-19 00:00:00+03:00,7.860000133514404,8.0,7.47599983215332,7.855999946594238,2950850,0.0,0.0
2023-07-20 00:00:00+03:00,7.920000076293945,8.276000022888184,7.739999771118164,8.199999809265137,3457395,0.0,0.0
2023-07-21 00:00:00+03:00,8.199999809265137,8.472000122070312,7.900000095367432,8.260000228881836,3092410,0.0,0.0
2023-07-24 00:00:00+03:00,8.399999618530273,8.404000282287598,7.980000019073486,7.98799991607666,2214565,0.0,0.0
2023-07-25 00:00:00+03:00,8.0,8.180000305175781,7.684000015258789,7.699999809265137,2268015,0.0,0.0
2023-07-26 00:00:00+03:00,7.699999809265137,8.468000411987305,7.699999809265137,8.180000305175781,5177605,0.0,0.0
2023-07-27 00:00:00+03:00,8.996000289916992,8.996000289916992,8.996000289916992,8.996000289916992,1559435,0.0,0.0
2023-07-28 00:00:00+03:00,9.640000343322754,9.892000198364258,9.399999618530273,9.892000198364258,8544520,0.0,0.0
2023-07-31 00:00:00+03:00,10.399999618530273,10.600000381469727,9.531999588012695,9.932000160217285,9487730,0.0,0.0
2023-08-01 00:00:00+03:00,9.979999542236328,10.920000076293945,9.576000213623047,10.920000076293945,6026535,0.0,0.0
2023-08-02 00:00:00+03:00,11.140000343322754,12.010000228881836,10.880000114440918,12.010000228881836,2668790,0.0,0.0
2023-08-03 00:00:00+03:00,12.399999618530273,13.210000038146973,11.800000190734863,12.260000228881836,12240875,0.0,0.0
2023-08-04 00:00:00+03:00,12.5,13.399999618530273,12.010000228881836,12.420000076293945,9032585,0.0,0.0
2023-08-07 00:00:00+03:00,12.600000381469727,12.979999542236328,12.0,12.329999923706055,4667100,0.0,0.0
2023-08-08 00:00:00+03:00,12.34000015258789,13.5600004196167,11.970000267028809,13.5600004196167,7882820,0.0,0.0
2023-08-09 00:00:00+03:00,13.84000015258789,14.90999984741211,13.699999809265137,14.90999984741211,3975100,0.0,0.0
2023-08-10 00:00:00+03:00,15.100000381469727,16.299999237060547,13.529999732971191,14.399999618530273,10548325,0.0,0.0
2023-08-11 00:00:00+03:00,14.399999618530273,15.479999542236328,13.760000228881836,14.739999771118164,5893500,0.0,0.0
2023-08-14 00:00:00+03:00,15.319999694824219,15.789999961853027,14.680000305175781,15.199999809265137,3400475,0.0,0.0
2023-08-15 00:00:00+03:00,15.670000076293945,15.670000076293945,14.300000190734863,14.619999885559082,2436525,0.0,0.0
2023-08-16 00:00:00+03:00,14.800000190734863,16.079999923706055,14.359999656677246,16.079999923706055,6164160,0.0,0.0
2023-08-17 00:00:00+03:00,16.079999923706055,17.68000030517578,15.890000343322754,17.68000030517578,4415490,0.0,0.0
2023-08-18 00:00:00+03:00,17.799999237060547,18.920000076293945,16.600000381469727,16.959999084472656,6961665,0.0,0.0
2023-08-21 00:00:00+03:00,16.920000076293945,18.09000015258789,15.84000015258789,16.899999618530273,4296735,0.0,0.0
2023-08-22 00:00:00+03:00,16.899999618530273,18.520000457763672,16.350000381469727,17.610000610351562,5174955,0.0,0.0
2023-08-23 00:00:00+03:00,17.690000534057617,18.100000381469727,16.56999969482422,16.90999984741211,3110900,0.0,0.0
2023-08-24 00:00:00+03:00,17.1299991607666,18.34000015258789,16.0,17.440000534057617,5950515,0.0,0.0
2023-08-25 00:00:00+03:00,17.799999237060547,18.84000015258789,17.15999984741211,17.799999237060547,3359295,0.0,0.0
2023-08-28 00:00:00+03:00,17.860000610351562,18.43000030517578,17.5,17.690000534057617,3164715,0.0,0.0
2023-08-29 00:00:00+03:00,17.690000534057617,19.31999969482422,17.34000015258789,18.059999465942383,5920425,0.0,0.0
2023-08-31 00:00:00+03:00,18.239999771118164,18.979999542236328,17.700000762939453,17.799999237060547,2466125,0.0,0.0
2023-09-01 00:00:00+03:00,18.059999465942383,18.059999465942383,17.299999237060547,17.5,1943520,0.0,0.0
2023-09-04 00:00:00+03:00,17.559999465942383,17.6200008392334,16.8799991607666,17.030000686645508,2668565,0.0,0.0
2023-09-05 00:00:00+03:00,17.030000686645508,17.729999542236328,16.450000762939453,16.899999618530273,2023775,0.0,0.0
2023-09-06 00:00:00+03:00,16.899999618530273,17.860000610351562,16.360000610351562,16.3799991607666,1540145,0.0,0.0
2023-09-07 00:00:00+03:00,16.3799991607666,17.200000762939453,15.779999732971191,16.860000610351562,2367350,0.0,0.0
2023-09-08 00:00:00+03:00,16.760000228881836,17.100000381469727,16.200000762939453,16.43000030517578,1885535,0.0,0.0
2023-09-11 00:00:00+03:00,16.43000030517578,16.579999923706055,15.75,15.970000267028809,1773715,0.0,0.0
2023-09-12 00:00:00+03:00,15.899999618530273,16.799999237060547,15.539999961853027,15.819999694824219,2294175,0.0,0.0
2023-09-13 00:00:00+03:00,15.800000190734863,16.65999984741211,14.729999542236328,14.779999732971191,2093110,0.0,0.0
2023-09-14 00:00:00+03:00,14.539999961853027,15.609999656677246,14.039999961853027,15.210000038146973,2447380,0.0,0.0
2023-09-15 00:00:00+03:00,15.220000267028809,15.4399995803833,14.630000114440918,15.199999809265137,978800,0.0,0.0
2023-09-18 00:00:00+03:00,15.180000305175781,16.360000610351562,14.600000381469727,14.800000190734863,2553755,0.0,0.0
2023-09-19 00:00:00+03:00,14.300000190734863,15.390000343322754,14.300000190734863,15.199999809265137,1759045,0.0,0.0
2023-09-20 00:00:00+03:00,15.260000228881836,16.719999313354492,14.850000381469727,16.719999313354492,2991875,0.0,0.0
2023-09-21 00:00:00+03:00,17.200000762939453,18.389999389648438,16.389999389648438,18.049999237060547,9093125,0.0,0.0
2023-09-22 00:00:00+03:00,16.399999618530273,17.549999237060547,16.399999618530273,16.93000030517578,6751455,0.0,0.0
2023-09-25 00:00:00+03:00,17.200000762939453,17.329999923706055,16.299999237060547,16.68000030517578,5163475,0.0,0.0
2023-09-26 00:00:00+03:00,16.8700008392334,17.0,16.200000762939453,16.299999237060547,2104120,0.0,0.0
2023-09-27 00:00:00+03:00,16.5,16.600000381469727,15.670000076293945,15.670000076293945,1757940,0.0,0.0
2023-09-28 00:00:00+03:00,15.699999809265137,17.06999969482422,15.029999732971191,16.850000381469727,4049685,0.0,0.0
2023-09-29 00:00:00+03:00,16.809999465942383,16.850000381469727,16.149999618530273,16.200000762939453,1664675,0.0,0.0
2023-10-02 00:00:00+03:00,16.270000457763672,16.600000381469727,15.789999961853027,16.459999084472656,819865,0.0,0.0
2023-10-03 00:00:00+03:00,16.43000030517578,16.639999389648438,15.960000038146973,16.219999313354492,875720,0.0,0.0
2023-10-04 00:00:00+03:00,16.18000030517578,16.18000030517578,15.390000343322754,15.600000381469727,807650,0.0,0.0
2023-10-05 00:00:00+03:00,15.600000381469727,15.979999542236328,15.260000228881836,15.739999771118164,547630,0.0,0.0
2023-10-06 00:00:00+03:00,15.6899995803833,15.880000114440918,15.300000190734863,15.529999732971191,535400,0.0,0.0
2023-10-09 00:00:00+03:00,14.819999694824219,15.5,14.819999694824219,14.899999618530273,428715,0.0,0.0
2023-10-10 00:00:00+03:00,14.5,15.380000114440918,14.399999618530273,15.0,909650,0.0,0.0
2023-10-11 00:00:00+03:00,15.100000381469727,15.180000305175781,14.699999809265137,14.960000038146973,622590,0.0,0.0
2023-10-12 00:00:00+03:00,14.960000038146973,15.1899995803833,13.699999809265137,14.640000343322754,973760,0.0,0.0
2023-10-13 00:00:00+03:00,14.640000343322754,14.640000343322754,14.0,14.199999809265137,909370,0.0,0.0
2023-10-16 00:00:00+03:00,14.300000190734863,14.600000381469727,13.130000114440918,13.609999656677246,588180,0.0,0.0
2023-10-17 00:00:00+03:00,13.609999656677246,13.979999542236328,13.039999961853027,13.960000038146973,358180,0.0,0.0
2023-10-18 00:00:00+03:00,13.899999618530273,13.899999618530273,13.239999771118164,13.670000076293945,500985,0.0,0.0
2023-10-19 00:00:00+03:00,13.970000267028809,14.5,13.4399995803833,13.960000038146973,431190,0.0,0.0
2023-10-20 00:00:00+03:00,13.600000381469727,15.329999923706055,13.510000228881836,14.859999656677246,1116610,0.0,0.0
2023-10-23 00:00:00+03:00,15.489999771118164,16.200000762939453,14.720000267028809,16.200000762939453,1289750,0.0,0.0
2023-10-24 00:00:00+03:00,16.200000762939453,17.389999389648438,15.890000343322754,16.790000915527344,980570,0.0,0.0
2023-10-25 00:00:00+03:00,16.610000610351562,16.610000610351562,15.119999885559082,15.119999885559082,915625,0.0,0.0
2023-10-26 00:00:00+03:00,15.119999885559082,16.0,14.460000038146973,15.699999809265137,788305,0.0,0.0
2023-10-27 00:00:00+03:00,17.260000228881836,17.260000228881836,15.699999809265137,15.800000190734863,1693005,0.0,0.0
2023-10-30 00:00:00+03:00,15.800000190734863,16.399999618530273,15.039999961853027,15.619999885559082,1226610,0.0,0.0
2023-10-31 00:00:00+03:00,15.630000114440918,15.989999771118164,14.3100004196167,14.550000190734863,1206105,0.0,0.0
2023-11-01 00:00:00+03:00,14.550000190734863,14.550000190734863,13.199999809265137,13.600000381469727,718850,0.0,0.0
2023-11-02 00:00:00+03:00,14.399999618530273,14.399999618530273,13.770000457763672,14.1899995803833,559045,0.0,0.0
2023-11-03 00:00:00+03:00,14.380000114440918,14.399999618530273,13.819999694824219,13.979999542236328,360305,0.0,0.0
2023-11-06 00:00:00+03:00,14.079999923706055,14.520000457763672,13.979999542236328,14.149999618530273,472745,0.0,0.0
2023-11-07 00:00:00+03:00,14.15999984741211,14.479999542236328,13.8100004196167,14.079999923706055,518105,0.0,0.0
2023-11-08 00:00:00+03:00,14.079999923706055,14.300000190734863,13.859999656677246,13.899999618530273,461230,0.0,0.0
2023-11-09 00:00:00+03:00,13.800000190734863,14.039999961853027,13.649999618530273,13.989999771118164,379905,0.0,0.0
2023-11-10 00:00:00+03:00,14.050000190734863,14.399999618530273,13.899999618530273,14.069999694824219,607870,0.0,0.0
2023-11-13 00:00:00+03:00,14.140000343322754,14.420000076293945,14.029999732971191,14.220000267028809,683610,0.0,0.0
2023-11-14 00:00:00+03:00,14.390000343322754,14.4399995803833,13.84000015258789,13.979999542236328,528500,0.0,0.0
2023-11-15 00:00:00+03:00,14.100000381469727,14.180000305175781,13.619999885559082,13.770000457763672,562555,0.0,0.0
2023-11-16 00:00:00+03:00,13.84000015258789,14.140000343322754,13.579999923706055,13.6899995803833,541205,0.0,0.0
2023-11-17 00:00:00+03:00,13.760000228881836,13.979999542236328,13.609999656677246,13.9399995803833,351020,0.0,0.0
2023-11-20 00:00:00+03:00,13.979999542236328,14.899999618530273,13.979999542236328,14.699999809265137,845060,0.0,0.0
2023-11-21 00:00:00+03:00,14.930000305175781,16.170000076293945,14.760000228881836,16.170000076293945,1605095,0.0,0.0
2023-11-22 00:00:00+03:00,16.399999618530273,16.829999923706055,15.149999618530273,16.780000686645508,1510170,0.0,0.0
2023-11-23 00:00:00+03:00,16.600000381469727,17.200000762939453,16.15999984741211,16.329999923706055,1396980,0.0,0.0
2023-11-24 00:00:00+03:00,16.200000762939453,16.479999542236328,15.539999961853027,15.609999656677246,1105845,0.0,0.0
2023-11-27 00:00:00+03:00,15.609999656677246,15.699999809265137,14.960000038146973,15.25,973615,0.0,0.0
2023-11-28 00:00:00+03:00,15.399999618530273,15.630000114440918,14.760000228881836,14.949999809265137,647070,0.0,0.0
2023-11-29 00:00:00+03:00,14.949999809265137,15.100000381469727,14.279999732971191,14.40999984741211,922435,0.0,0.0
2023-11-30 00:00:00+03:00,14.399999618530273,14.819999694824219,14.180000305175781,14.59000015258789,533170,0.0,0.0
2023-12-01 00:00:00+03:00,14.59000015258789,14.770000457763672,14.180000305175781,14.380000114440918,491560,0.0,0.0
2023-12-04 00:00:00+03:00,14.220000267028809,14.390000343322754,13.609999656677246,14.289999961853027,657100,0.0,0.0
2023-12-05 00:00:00+03:00,14.289999961853027,14.289999961853027,14.0,14.15999984741211,491670,0.0,0.0
2023-12-06 00:00:00+03:00,14.15999984741211,14.800000190734863,13.819999694824219,14.3100004196167,868035,0.0,0.0
2023-12-07 00:00:00+03:00,14.3100004196167,14.9399995803833,13.979999542236328,14.800000190734863,595320,0.0,0.0
2023-12-08 00:00:00+03:00,14.800000190734863,15.0,14.260000228881836,14.579999923706055,287625,0.0,0.0
2023-12-11 00:00:00+03:00,14.539999961853027,15.399999618530273,14.039999961853027,14.819999694824219,707775,0.0,0.0
2023-12-12 00:00:00+03:00,14.829999923706055,15.579999923706055,14.319999694824219,15.5600004196167,812985,0.0,0.0
2023-12-13 00:00:00+03:00,15.539999961853027,15.5600004196167,14.649999618530273,14.649999618530273,511950,0.0,0.0
2023-12-14 00:00:00+03:00,14.0,14.899999618530273,14.0,14.65999984741211,405670,0.0,0.0
2023-12-15 00:00:00+03:00,15.260000228881836,15.720000267028809,15.029999732971191,15.34000015258789,834885,0.0,0.0
2023-12-18 00:00:00+03:00,15.34000015258789,16.360000610351562,15.039999961853027,15.399999618530273,1139915,0.0,0.0
2023-12-19 00:00:00+03:00,15.399999618530273,16.18000030517578,14.899999618530273,15.399999618530273,661335,0.0,0.0
2023-12-20 00:00:00+03:00,15.729999542236328,15.739999771118164,14.770000457763672,15.079999923706055,474895,0.0,0.0
2023-12-21 00:00:00+03:00,15.079999923706055,15.529999732971191,14.739999771118164,15.010000228881836,455445,0.0,0.0
2023-12-22 00:00:00+03:00,15.029999732971191,15.029999732971191,14.420000076293945,14.430000305175781,553600,0.0,0.0
2023-12-25 00:00:00+03:00,14.399999618530273,14.5600004196167,13.520000457763672,13.699999809265137,472730,0.0,0.0
2023-12-26 00:00:00+03:00,13.699999809265137,14.5600004196167,13.239999771118164,14.039999961853027,457865,0.0,0.0
2023-12-27 00:00:00+03:00,14.220000267028809,14.720000267028809,14.0,14.239999771118164,271485,0.0,0.0
2023-12-28 00:00:00+03:00,14.239999771118164,14.680000305175781,14.119999885559082,14.449999809265137,233980,0.0,0.0
2023-12-29 00:00:00+03:00,14.390000343322754,15.5600004196167,14.34000015258789,15.369999885559082,375355,0.0,0.0
2024-01-02 00:00:00+03:00,15.369999885559082,15.970000267028809,15.0600004196167,15.84000015258789,1071120,0.0,0.0
2024-01-03 00:00:00+03:00,15.84000015258789,15.84000015258789,14.859999656677246,15.180000305175781,1227505,0.0,0.0
2024-01-04 00:00:00+03:00,15.130000114440918,16.690000534057617,14.9399995803833,16.690000534057617,3171995,0.0,0.0
2024-01-05 00:00:00+03:00,18.0,18.350000381469727,17.149999618530273,18.350000381469727,4887560,0.0,0.0
2024-01-08 00:00:00+03:00,18.690000534057617,19.18000030517578,16.959999084472656,17.31999969482422,6807325,0.0,0.0
2024-01-09 00:00:00+03:00,17.59000015258789,19.049999237060547,17.31999969482422,19.049999237060547,11690635,0.0,0.0
2024-01-10 00:00:00+03:00,19.309999465942383,20.940000534057617,19.100000381469727,19.8799991607666,9886710,0.0,0.0
2024-01-11 00:00:00+03:00,19.8799991607666,20.8799991607666,19.399999618530273,20.0,5756630,0.0,0.0
2024-01-12 00:00:00+03:00,19.969999313354492,21.479999542236328,19.59000015258789,19.770000457763672,6735440,0.0,0.0
2024-01-15 00:00:00+03:00,19.770000457763672,20.920000076293945,19.3700008392334,20.360000610351562,4098430,0.0,0.0
2024-01-16 00:00:00+03:00,20.639999389648438,21.0,19.700000762939453,19.799999237060547,2823010,0.0,0.0
2024-01-17 00:00:00+03:00,19.799999237060547,21.780000686645508,19.5,21.780000686645508,5259605,0.0,0.0
2024-01-18 00:00:00+03:00,22.700000762939453,23.940000534057617,22.399999618530273,23.940000534057617,4580615,0.0,0.0
2024-01-19 00:00:00+03:00,25.200000762939453,26.200000762939453,23.600000381469727,24.600000381469727,8651645,0.0,0.0
2024-01-22 00:00:00+03:00,24.600000381469727,27.059999465942383,24.399999618530273,25.979999542236328,8565240,0.0,0.0
2024-01-23 00:00:00+03:00,25.899999618530273,26.299999237060547,23.399999618530273,23.399999618530273,6997330,0.0,0.0
2024-01-24 00:00:00+03:00,23.0,25.200000762939453,22.059999465942383,24.479999542236328,9318630,0.0,0.0
2024-01-25 00:00:00+03:00,24.479999542236328,25.600000381469727,23.860000610351562,24.15999984741211,4767535,0.0,0.0
2024-01-26 00:00:00+03:00,24.18000030517578,24.579999923706055,23.18000030517578,23.579999923706055,4345215,0.0,0.0
2024-01-29 00:00:00+03:00,23.15999984741211,23.15999984741211,22.139999389648438,22.3799991607666,5600955,0.0,0.0
2024-01-30 00:00:00+03:00,22.399999618530273,22.540000915527344,21.0,21.280000686645508,4745520,0.0,0.0
2024-01-31 00:00:00+03:00,21.280000686645508,23.200000762939453,21.200000762939453,22.420000076293945,6657480,0.0,0.0
2024-02-01 00:00:00+03:00,22.899999618530273,23.100000381469727,21.899999618530273,22.18000030517578,3124730,0.0,0.0
2024-02-02 00:00:00+03:00,22.399999618530273,22.600000381469727,21.440000534057617,21.760000228881836,2345430,0.0,0.0
2024-02-05 00:00:00+03:00,21.739999771118164,22.559999465942383,21.399999618530273,21.799999237060547,2615940,0.0,0.0
2024-02-06 00:00:00+03:00,22.0,22.0,21.34000015258789,21.780000686645508,2001350,0.0,0.0
2024-02-07 00:00:00+03:00,21.780000686645508,21.84000015258789,20.940000534057617,21.219999313354492,2451330,0.0,0.0
2024-02-08 00:00:00+03:00,21.200000762939453,23.34000015258789,21.079999923706055,23.34000015258789,6232320,0.0,0.0
2024-02-09 00:00:00+03:00,24.200000762939453,25.020000457763672,22.940000534057617,22.940000534057617,6282700,0.0,0.0
2024-02-12 00:00:00+03:00,25.219999313354492,25.219999313354492,24.920000076293945,25.219999313354492,2362740,0.0,0.0
2024-02-13 00:00:00+03:00,26.579999923706055,27.739999771118164,25.959999084472656,27.739999771118164,1727935,0.0,0.0
2024-02-14 00:00:00+03:00,30.139999389648438,30.200000762939453,27.299999237060547,28.399999618530273,9848990,0.0,0.0
2024-02-15 00:00:00+03:00,28.399999618530273,30.600000381469727,27.260000228881836,28.920000076293945,7745210,0.0,0.0
2024-02-16 00:00:00+03:00,29.559999465942383,29.559999465942383,27.719999313354492,28.1200008392334,4316120,0.0,0.0
2024-02-19 00:00:00+03:00,28.1200008392334,28.479999542236328,27.299999237060547,27.579999923706055,2942720,0.0,0.0
2024-02-20 00:00:00+03:00,27.600000381469727,28.6200008392334,26.399999618530273,27.360000610351562,3190615,0.0,0.0
2024-02-21 00:00:00+03:00,27.420000076293945,30.079999923706055,26.860000610351562,30.079999923706055,5653785,0.0,0.0
2024-02-22 00:00:00+03:00,29.600000381469727,33.08000183105469,28.600000381469727,33.08000183105469,2491360,0.0,0.0
2024-02-23 00:00:00+03:00,33.08000183105469,35.459999084472656,32.18000030517578,35.459999084472656,1929795,0.0,0.0
2024-02-26 00:00:00+03:00,35.459999084472656,38.380001068115234,34.08000183105469,36.0,1783715,0.0,0.0
2024-02-27 00:00:00+03:00,36.0,37.279998779296875,34.79999923706055,34.81999969482422,1166430,0.0,0.0
2024-02-28 00:00:00+03:00,34.79999923706055,36.459999084472656,33.15999984741211,34.68000030517578,1290185,0.0,0.0
2024-02-29 00:00:00+03:00,33.91999816894531,37.0,33.599998474121094,35.47999954223633,978675,0.0,0.0
2024-03-01 00:00:00+03:00,35.47999954223633,37.58000183105469,34.20000076293945,36.0,1001035,0.0,0.0
2024-03-04 00:00:00+03:00,36.0,36.7599983215332,34.599998474121094,34.63999938964844,828330,0.0,0.0
2024-03-05 00:00:00+03:00,34.29999923706055,35.040000915527344,31.399999618530273,33.040000915527344,1075890,0.0,0.0
2024-03-06 00:00:00+03:00,33.040000915527344,33.34000015258789,30.200000762939453,30.3799991607666,1049605,0.0,0.0
2024-03-07 00:00:00+03:00,29.959999084472656,33.400001525878906,29.81999969482422,33.400001525878906,1017120,0.0,0.0
2024-03-08 00:00:00+03:00,33.599998474121094,35.91999816894531,33.599998474121094,34.41999816894531,1047200,0.0,0.0
2024-03-11 00:00:00+03:00,34.79999923706055,35.560001373291016,33.599998474121094,34.599998474121094,715305,0.0,0.0
2024-03-12 00:00:00+03:00,34.599998474121094,35.400001525878906,33.220001220703125,34.02000045776367,650755,0.0,0.0
2024-03-13 00:00:00+03:00,34.099998474121094,34.099998474121094,32.959999084472656,33.220001220703125,530975,0.0,0.0
2024-03-14 00:00:00+03:00,33.220001220703125,33.34000015258789,32.400001525878906,32.7400016784668,509140,0.0,0.0
2024-03-15 00:00:00+03:00,32.7400016784668,33.400001525878906,32.119998931884766,32.880001068115234,543295,0.0,0.0
2024-03-18 00:00:00+03:00,32.880001068115234,35.70000076293945,32.099998474121094,35.58000183105469,1515235,0.0,0.0
2024-03-19 00:00:00+03:00,35.400001525878906,39.119998931884766,34.599998474121094,39.119998931884766,1802765,0.0,0.0
2024-03-20 00:00:00+03:00,39.97999954223633,41.400001525878906,36.220001220703125,38.599998474121094,2284925,0.0,0.0
2024-03-21 00:00:00+03:00,38.599998474121094,40.97999954223633,37.279998779296875,40.5,1840815,0.0,0.0
2024-03-22 00:00:00+03:00,40.400001525878906,40.400001525878906,36.900001525878906,38.29999923706055,2478215,0.0,0.0
2024-03-25 00:00:00+03:00,38.2599983215332,38.2599983215332,35.5,35.68000030517578,2034740,0.0,0.0
2024-03-26 00:00:00+03:00,35.68000030517578,39.2400016784668,35.2599983215332,38.380001068115234,4575210,0.0,0.0
2024-03-27 00:00:00+03:00,38.380001068115234,38.70000076293945,35.79999923706055,35.79999923706055,1792105,0.0,0.0
2024-03-28 00:00:00+03:00,35.79999923706055,37.58000183105469,35.79999923706055,35.900001525878906,1473395,0.0,0.0
2024-03-29 00:00:00+03:00,35.36000061035156,36.34000015258789,34.15999984741211,34.52000045776367,1627655,0.0,0.0
2024-04-01 00:00:00+03:00,34.91999816894531,35.58000183105469,33.20000076293945,34.599998474121094,1200590,0.0,0.0
2024-04-02 00:00:00+03:00,34.58000183105469,36.20000076293945,34.0,35.0,1829455,0.0,0.0
2024-04-03 00:00:00+03:00,35.0,35.400001525878906,33.7599983215332,33.900001525878906,727260,0.0,0.0
2024-04-04 00:00:00+03:00,33.79999923706055,34.400001525878906,32.2400016784668,32.70000076293945,1336320,0.0,0.0
2024-04-05 00:00:00+03:00,32.70000076293945,33.779998779296875,32.599998474121094,33.18000030517578,1143810,0.0,0.0
2024-04-08 00:00:00+03:00,33.0,35.68000030517578,32.86000061035156,35.15999984741211,1333445,0.0,0.0
2024-04-09 00:00:00+03:00,35.15999984741211,35.15999984741211,35.15999984741211,35.15999984741211,0,0.0,0.0
2024-04-15 00:00:00+03:00,35.380001068115234,37.619998931884766,34.220001220703125,36.900001525878906,1765445,0.0,0.0
2024-04-16 00:00:00+03:00,36.79999923706055,38.400001525878906,35.70000076293945,36.02000045776367,1618260,0.0,0.0
2024-04-17 00:00:00+03:00,36.02000045776367,37.380001068115234,36.02000045776367,37.220001220703125,1398825,0.0,0.0
2024-04-18 00:00:00+03:00,38.41999816894531,38.459999084472656,35.79999923706055,36.220001220703125,1419170,0.0,0.0
2024-04-19 00:00:00+03:00,36.0,37.380001068115234,35.720001220703125,37.2400016784668,1351745,0.0,0.0
2024-04-22 00:00:00+03:00,37.400001525878906,40.68000030517578,37.400001525878906,40.20000076293945,2262025,0.0,0.0
2024-04-24 00:00:00+03:00,40.599998474121094,42.599998474121094,39.720001220703125,41.20000076293945,2129010,0.0,0.0
2024-04-25 00:00:00+03:00,41.68000030517578,42.41999816894531,38.5,38.900001525878906,2596240,0.0,0.0
2024-04-26 00:00:00+03:00,39.08000183105469,39.08000183105469,36.5,36.599998474121094,2977010,0.0,0.0
2024-04-29 00:00:00+03:00,36.599998474121094,36.79999923706055,35.0,36.0,1684825,0.0,0.0
2024-04-30 00:00:00+03:00,36.599998474121094,36.86000061035156,35.02000045776367,35.68000030517578,1499625,0.0,0.0
2024-05-02 00:00:00+03:00,35.220001220703125,36.36000061035156,35.08000183105469,35.099998474121094,1244555,0.0,0.0
2024-05-03 00:00:00+03:00,35.099998474121094,35.5,34.400001525878906,35.2400016784668,1578170,0.0,0.0
2024-05-06 00:00:00+03:00,35.279998779296875,36.20000076293945,34.779998779296875,35.29999923706055,1243870,0.0,0.0
2024-05-07 00:00:00+03:00,35.29999923706055,36.08000183105469,34.68000030517578,35.7400016784668,1335405,0.0,0.0
2024-05-08 00:00:00+03:00,35.7599983215332,37.97999954223633,35.400001525878906,36.70000076293945,2537525,0.0,0.0
2024-05-09 00:00:00+03:00,36.70000076293945,38.0,36.41999816894531,38.0,1323710,0.0,0.0
2024-05-10 00:00:00+03:00,39.0,40.0,35.279998779296875,35.97999954223633,4482060,0.0,0.0
2024-05-13 00:00:00+03:00,35.97999954223633,35.97999954223633,32.84000015258789,33.58000183105469,2878745,0.0,0.0
2024-05-14 00:00:00+03:00,34.0,35.70000076293945,31.059999465942383,33.720001220703125,2934956,0.0,5.0
2024-05-15 00:00:00+03:00,33.720001220703125,34.65999984741211,32.70000076293945,34.63999938964844,1660248,0.0,0.0
2024-05-16 00:00:00+03:00,34.619998931884766,35.29999923706055,33.79999923706055,35.29999923706055,1249036,0.0,0.0
2024-05-17 00:00:00+03:00,35.2599983215332,35.7400016784668,34.540000915527344,35.68000030517578,1603849,0.0,0.0
2024-05-20 00:00:00+03:00,35.459999084472656,35.68000030517578,34.36000061035156,34.36000061035156,1600648,0.0,0.0
2024-05-21 00:00:00+03:00,34.2400016784668,35.599998474121094,32.900001525878906,33.81999969482422,2780531,0.0,0.0
2024-05-22 00:00:00+03:00,33.959999084472656,34.5,31.299999237060547,31.600000381469727,3535013,0.0,0.0
2024-05-23 00:00:00+03:00,31.600000381469727,31.68000030517578,29.31999969482422,30.020000457763672,2300632,0.0,0.0
2024-05-24 00:00:00+03:00,30.020000457763672,30.600000381469727,28.540000915527344,28.940000534057617,1277212,0.0,0.0
2024-05-27 00:00:00+03:00,28.760000228881836,29.6200008392334,27.399999618530273,29.459999084472656,1709406,0.0,0.0
2024-05-28 00:00:00+03:00,29.579999923706055,30.5,28.260000228881836,29.68000030517578,1062376,0.0,0.0
2024-05-29 00:00:00+03:00,29.579999923706055,30.100000381469727,28.040000915527344,28.040000915527344,1666187,0.0,0.0
2024-05-30 00:00:00+03:00,27.5,27.81999969482422,27.079999923706055,27.3799991607666,778106,0.0,0.0
2024-05-31 00:00:00+03:00,27.3799991607666,27.799999237060547,26.200000762939453,26.200000762939453,1319082,0.0,0.0
2024-06-03 00:00:00+03:00,26.260000228881836,26.479999542236328,25.299999237060547,26.18000030517578,1129057,0.0,0.0
2024-06-04 00:00:00+03:00,26.18000030517578,27.739999771118164,25.81999969482422,27.299999237060547,1383652,0.0,0.0
2024-06-05 00:00:00+03:00,27.299999237060547,27.700000762939453,25.579999923706055,25.799999237060547,1130713,0.0,0.0
2024-06-06 00:00:00+03:00,26.219999313354492,28.3799991607666,25.799999237060547,26.479999542236328,3465376,0.0,0.0
2024-06-07 00:00:00+03:00,26.200000762939453,26.700000762939453,24.899999618530273,24.899999618530273,1260895,0.0,0.0
2024-06-10 00:00:00+03:00,24.899999618530273,25.0,24.040000915527344,24.1200008392334,736238,0.0,0.0
2024-06-11 00:00:00+03:00,24.0,24.420000076293945,23.0,23.799999237060547,1296160,0.0,0.0
2024-06-12 00:00:00+03:00,23.799999237060547,24.219999313354492,23.299999237060547,23.899999618530273,812028,0.0,0.0
2024-06-13 00:00:00+03:00,24.079999923706055,25.5,23.899999618530273,24.979999542236328,1156806,0.0,0.0
2024-06-14 00:00:00+03:00,25.0,25.780000686645508,24.920000076293945,25.540000915527344,682563,0.0,0.0
2024-06-20 00:00:00+03:00,25.780000686645508,25.899999618530273,25.0,25.31999969482422,1263994,0.0,0.0
2024-06-21 00:00:00+03:00,25.31999969482422,25.860000610351562,24.8799991607666,25.139999389648438,1306298,0.0,0.0
2024-06-24 00:00:00+03:00,25.5,25.5,23.780000686645508,24.399999618530273,1053932,0.0,0.0
2024-06-25 00:00:00+03:00,24.15999984741211,24.81999969482422,24.020000457763672,24.260000228881836,866233,0.0,0.0
2024-06-26 00:00:00+03:00,24.1200008392334,24.360000610351562,23.579999923706055,23.639999389648438,555464,0.0,0.0
2024-06-27 00:00:00+03:00,23.399999618530273,24.3799991607666,23.100000381469727,24.1200008392334,512878,0.0,0.0
2024-06-28 00:00:00+03:00,24.1200008392334,25.239999771118164,24.020000457763672,24.299999237060547,1226466,0.0,0.0
2024-07-01 00:00:00+03:00,21.8799991607666,24.799999237060547,21.8799991607666,22.899999618530273,488841,0.0,0.0
2024-07-02 00:00:00+03:00,22.200000762939453,22.899999618530273,21.860000610351562,22.3799991607666,405351,0.0,0.0
2024-07-03 00:00:00+03:00,22.459999084472656,22.799999237060547,21.780000686645508,22.15999984741211,390920,0.0,0.0
2024-07-04 00:00:00+03:00,22.15999984741211,22.15999984741211,21.68000030517578,21.920000076293945,349266,0.0,0.0
2024-07-05 00:00:00+03:00,21.899999618530273,22.299999237060547,21.719999313354492,21.940000534057617,314721,0.0,0.0
2024-07-08 00:00:00+03:00,21.739999771118164,21.899999618530273,21.479999542236328,21.65999984741211,364164,0.0,0.0
2024-07-09 00:00:00+03:00,21.65999984741211,21.68000030517578,20.899999618530273,21.520000457763672,489692,0.0,0.0
2024-07-10 00:00:00+03:00,21.520000457763672,22.299999237060547,21.059999465942383,21.479999542236328,397012,0.0,0.0
2024-07-11 00:00:00+03:00,22.5,22.5,21.479999542236328,21.780000686645508,199738,0.0,0.0
2024-07-12 00:00:00+03:00,21.780000686645508,22.020000457763672,21.0,21.940000534057617,502065,0.0,0.0
2024-07-16 00:00:00+03:00,22.0,24.1200008392334,22.0,24.1200008392334,906456,0.0,0.0
2024-07-17 00:00:00+03:00,24.1200008392334,26.520000457763672,24.1200008392334,26.520000457763672,1629533,0.0,0.0
2024-07-18 00:00:00+03:00,26.520000457763672,27.100000381469727,25.200000762939453,25.959999084472656,1085885,0.0,0.0
2024-07-19 00:00:00+03:00,25.739999771118164,27.260000228881836,24.219999313354492,26.059999465942383,1008120,0.0,0.0
2024-07-22 00:00:00+03:00,26.040000915527344,26.600000381469727,24.780000686645508,25.200000762939453,774468,0.0,0.0
2024-07-23 00:00:00+03:00,25.100000381469727,26.0,24.219999313354492,25.200000762939453,542443,0.0,0.0
2024-07-24 00:00:00+03:00,24.700000762939453,25.100000381469727,24.280000686645508,24.5,391236,0.0,0.0
2024-07-25 00:00:00+03:00,24.5,24.5,23.520000457763672,23.8799991607666,487956,0.0,0.0
2024-07-26 00:00:00+03:00,23.68000030517578,24.479999542236328,23.0,24.020000457763672,370522,0.0,0.0
2024-07-29 00:00:00+03:00,24.020000457763672,24.020000457763672,22.979999542236328,23.100000381469727,581209,0.0,0.0
2024-07-30 00:00:00+03:00,23.100000381469727,23.799999237060547,22.020000457763672,23.18000030517578,442844,0.0,0.0
2024-07-31 00:00:00+03:00,22.979999542236328,23.0,22.0,22.68000030517578,385220,0.0,0.0
2024-08-01 00:00:00+03:00,22.68000030517578,23.5,21.600000381469727,23.479999542236328,488799,0.0,0.0
2024-08-02 00:00:00+03:00,23.31999969482422,23.31999969482422,22.6200008392334,22.8799991607666,367915,0.0,0.0
2024-08-05 00:00:00+03:00,20.600000381469727,22.100000381469727,20.600000381469727,21.260000228881836,372207,0.0,0.0
2024-08-06 00:00:00+03:00,21.260000228881836,22.0,21.0,21.31999969482422,330440,0.0,0.0
2024-08-07 00:00:00+03:00,21.8799991607666,21.8799991607666,20.860000610351562,21.100000381469727,446824,0.0,0.0
2024-08-08 00:00:00+03:00,21.079999923706055,22.0,20.15999984741211,21.920000076293945,469793,0.0,0.0
2024-08-09 00:00:00+03:00,22.0,24.100000381469727,22.0,24.079999923706055,1583336,0.0,0.0
2024-08-12 00:00:00+03:00,24.0,24.0,22.200000762939453,22.579999923706055,921308,0.0,0.0
2024-08-13 00:00:00+03:00,21.84000015258789,22.399999618530273,21.399999618530273,22.059999465942383,624665,0.0,0.0
2024-08-14 00:00:00+03:00,21.979999542236328,22.079999923706055,21.540000915527344,21.899999618530273,330882,0.0,0.0
2024-08-15 00:00:00+03:00,21.860000610351562,22.079999923706055,21.0,21.899999618530273,365152,0.0,0.0
2024-08-16 00:00:00+03:00,21.799999237060547,22.200000762939453,21.3799991607666,21.600000381469727,335739,0.0,0.0
2024-08-19 00:00:00+03:00,21.600000381469727,21.920000076293945,21.5,21.920000076293945,350063,0.0,0.0
2024-08-20 00:00:00+03:00,21.920000076293945,22.200000762939453,21.559999465942383,21.760000228881836,299637,0.0,0.0
2024-08-21 00:00:00+03:00,21.600000381469727,21.899999618530273,21.200000762939453,21.459999084472656,340532,0.0,0.0
2024-08-22 00:00:00+03:00,21.459999084472656,21.799999237060547,21.1200008392334,21.520000457763672,338613,0.0,0.0
2024-08-23 00:00:00+03:00,21.3799991607666,21.479999542236328,20.899999618530273,21.239999771118164,334336,0.0,0.0
2024-08-26 00:00:00+03:00,21.0,21.200000762939453,19.979999542236328,20.5,274032,0.0,0.0
2024-08-27 00:00:00+03:00,20.5,20.719999313354492,19.969999313354492,20.239999771118164,242132,0.0,0.0
2024-08-28 00:00:00+03:00,20.200000762939453,20.5,19.959999084472656,20.079999923706055,380586,0.0,0.0
2024-08-29 00:00:00+03:00,20.079999923706055,20.3799991607666,19.959999084472656,20.059999465942383,216113,0.0,0.0
2024-09-02 00:00:00+03:00,20.100000381469727,20.899999618530273,20.0,20.559999465942383,314156,0.0,0.0
2024-09-03 00:00:00+03:00,20.559999465942383,20.780000686645508,20.020000457763672,20.6200008392334,285332,0.0,0.0
2024-09-04 00:00:00+03:00,20.520000457763672,20.81999969482422,20.18000030517578,20.81999969482422,234777,0.0,0.0
2024-09-05 00:00:00+03:00,20.700000762939453,20.81999969482422,20.3799991607666,20.68000030517578,191690,0.0,0.0
2024-09-06 00:00:00+03:00,20.6200008392334,20.65999984741211,20.31999969482422,20.559999465942383,176248,0.0,0.0
2024-09-09 00:00:00+03:00,20.540000915527344,21.200000762939453,20.5,21.0,284780,0.0,0.0
2024-09-10 00:00:00+03:00,21.8799991607666,21.979999542236328,21.15999984741211,21.5,438027,0.0,0.0
2024-09-11 00:00:00+03:00,21.3799991607666,21.520000457763672,20.31999969482422,20.6200008392334,341280,0.0,0.0
2024-09-12 00:00:00+03:00,20.65999984741211,20.799999237060547,20.1200008392334,20.399999618530273,226583,0.0,0.0
2024-09-13 00:00:00+03:00,20.360000610351562,20.959999084472656,20.260000228881836,20.940000534057617,221694,0.0,0.0
2024-09-16 00:00:00+03:00,20.940000534057617,21.040000915527344,20.3799991607666,20.600000381469727,270263,0.0,0.0
2024-09-17 00:00:00+03:00,21.399999618530273,21.959999084472656,20.760000228881836,21.719999313354492,766898,0.0,0.0
2024-09-18 00:00:00+03:00,21.31999969482422,22.020000457763672,20.959999084472656,21.799999237060547,513222,0.0,0.0
2024-09-19 00:00:00+03:00,21.799999237060547,22.239999771118164,21.5,21.899999618530273,530847,0.0,0.0
2024-09-20 00:00:00+03:00,21.84000015258789,21.84000015258789,21.3799991607666,21.559999465942383,295673,0.0,0.0
2024-09-23 00:00:00+03:00,21.559999465942383,21.739999771118164,21.079999923706055,21.219999313354492,327409,0.0,0.0
2024-09-24 00:00:00+03:00,21.18000030517578,21.700000762939453,21.020000457763672,21.3799991607666,324484,0.0,0.0
2024-09-25 00:00:00+03:00,21.31999969482422,21.34000015258789,20.780000686645508,20.940000534057617,311761,0.0,0.0
2024-09-26 00:00:00+03:00,20.940000534057617,21.100000381469727,20.479999542236328,20.8799991607666,258339,0.0,0.0
2024-09-27 00:00:00+03:00,20.799999237060547,21.280000686645508,20.6200008392334,20.899999618530273,236400,0.0,0.0
2024-09-30 00:00:00+03:00,20.899999618530273,21.600000381469727,20.540000915527344,21.5,408754,0.0,0.0
2024-10-01 00:00:00+03:00,21.399999618530273,21.399999618530273,20.0,20.459999084472656,578457,0.0,0.0
2024-10-02 00:00:00+03:00,20.31999969482422,20.459999084472656,19.270000457763672,19.56999969482422,1258221,0.0,0.0
2024-10-03 00:00:00+03:00,19.350000381469727,19.700000762939453,18.979999542236328,19.350000381469727,616738,0.0,0.0
2024-10-04 00:00:00+03:00,19.280000686645508,19.5,18.700000762939453,19.299999237060547,529094,0.0,0.0
2024-10-07 00:00:00+03:00,19.299999237060547,19.5,18.84000015258789,19.0,387054,0.0,0.0
2024-10-08 00:00:00+03:00,19.0,19.0,18.399999618530273,18.420000076293945,527897,0.0,0.0
2024-10-09 00:00:00+03:00,18.100000381469727,18.670000076293945,18.040000915527344,18.5,846838,0.0,0.0
2024-10-10 00:00:00+03:00,18.5,19.239999771118164,18.350000381469727,18.5,599342,0.0,0.0
2024-10-11 00:00:00+03:00,18.40999984741211,18.700000762939453,18.149999618530273,18.309999465942383,726648,0.0,0.0
2024-10-14 00:00:00+03:00,18.3799991607666,18.3799991607666,17.34000015258789,17.5,390239,0.0,0.0
2024-10-15 00:00:00+03:00,17.780000686645508,18.010000228881836,17.5,18.0,438372,0.0,0.0
2024-10-16 00:00:00+03:00,18.0,18.280000686645508,17.760000228881836,17.979999542236328,321626,0.0,0.0
2024-10-17 00:00:00+03:00,18.010000228881836,18.860000610351562,17.979999542236328,18.75,601837,0.0,0.0
2024-10-18 00:00:00+03:00,18.75,18.8799991607666,18.440000534057617,18.510000228881836,616749,0.0,0.0
2024-10-21 00:00:00+03:00,18.510000228881836,18.68000030517578,18.290000915527344,18.479999542236328,493677,0.0,0.0
2024-10-22 00:00:00+03:00,18.56999969482422,19.030000686645508,18.360000610351562,18.670000076293945,627397,0.0,0.0
2024-10-23 00:00:00+03:00,18.670000076293945,19.170000076293945,18.360000610351562,18.489999771118164,786419,0.0,0.0
2024-10-24 00:00:00+03:00,18.5,18.959999084472656,18.5,18.790000915527344,541592,0.0,0.0
2024-10-25 00:00:00+03:00,18.799999237060547,19.139999389648438,18.739999771118164,19.079999923706055,745735,0.0,0.0
2024-10-28 00:00:00+03:00,19.700000762939453,20.399999618530273,19.200000762939453,19.200000762939453,1077763,0.0,0.0
2024-10-30 00:00:00+03:00,19.209999084472656,19.510000228881836,19.079999923706055,19.139999389648438,632103,0.0,0.0
2024-10-31 00:00:00+03:00,19.139999389648438,19.59000015258789,18.899999618530273,19.399999618530273,1092945,0.0,0.0
2024-11-01 00:00:00+03:00,19.420000076293945,19.649999618530273,19.0,19.110000610351562,602816,0.0,0.0
2024-11-04 00:00:00+03:00,19.1299991607666,19.190000534057617,18.559999465942383,18.600000381469727,408840,0.0,0.0
2024-11-05 00:00:00+03:00,18.6200008392334,18.739999771118164,17.760000228881836,18.299999237060547,388875,0.0,0.0
2024-11-06 00:00:00+03:00,18.299999237060547,19.5,18.290000915527344,19.09000015258789,819707,0.0,0.0
2024-11-07 00:00:00+03:00,19.440000534057617,19.440000534057617,18.81999969482422,19.229999542236328,372925,0.0,0.0
2024-11-08 00:00:00+03:00,19.389999389648438,19.690000534057617,19.149999618530273,19.59000015258789,558392,0.0,0.0
2024-11-11 00:00:00+03:00,19.59000015258789,19.690000534057617,19.3799991607666,19.549999237060547,464801,0.0,0.0
2024-11-12 00:00:00+03:00,19.549999237060547,19.549999237060547,19.020000457763672,19.260000228881836,417838,0.0,0.0
2024-11-13 00:00:00+03:00,19.270000457763672,19.3799991607666,18.799999237060547,19.149999618530273,451757,0.0,0.0
2024-11-14 00:00:00+03:00,19.190000534057617,19.59000015258789,18.309999465942383,19.489999771118164,534189,0.0,0.0
2024-11-15 00:00:00+03:00,19.459999084472656,19.799999237060547,19.40999984741211,19.59000015258789,470403,0.0,0.0
2024-11-18 00:00:00+03:00,19.540000915527344,20.280000686645508,19.540000915527344,19.649999618530273,565883,0.0,0.0
2024-11-19 00:00:00+03:00,19.700000762939453,20.34000015258789,19.440000534057617,19.829999923706055,1397881,0.0,0.0
2024-11-20 00:00:00+03:00,19.989999771118164,19.989999771118164,19.270000457763672,19.399999618530273,991113,0.0,0.0
2024-11-21 00:00:00+03:00,19.399999618530273,19.84000015258789,18.81999969482422,19.68000030517578,641403,0.0,0.0
2024-11-22 00:00:00+03:00,19.68000030517578,19.799999237060547,19.010000228881836,19.690000534057617,740478,0.0,0.0
2024-11-25 00:00:00+03:00,19.799999237060547,20.15999984741211,19.760000228881836,19.979999542236328,565869,0.0,0.0
2024-11-26 00:00:00+03:00,19.979999542236328,20.280000686645508,19.739999771118164,19.739999771118164,1115821,0.0,0.0
2024-11-27 00:00:00+03:00,19.75,20.079999923706055,19.75,19.920000076293945,627765,0.0,0.0
2024-11-28 00:00:00+03:00,19.920000076293945,20.059999465942383,19.549999237060547,19.780000686645508,829941,0.0,0.0
2024-11-29 00:00:00+03:00,19.940000534057617,19.940000534057617,19.579999923706055,19.729999542236328,507201,0.0,0.0
2024-12-02 00:00:00+03:00,19.700000762939453,19.700000762939453,19.389999389648438,19.489999771118164,818630,0.0,0.0
2024-12-03 00:00:00+03:00,19.510000228881836,19.899999618530273,19.479999542236328,19.729999542236328,681681,0.0,0.0
2024-12-04 00:00:00+03:00,19.809999465942383,19.8799991607666,19.559999465942383,19.739999771118164,444410,0.0,0.0
2024-12-05 00:00:00+03:00,19.739999771118164,19.979999542236328,19.260000228881836,19.959999084472656,662974,0.0,0.0
2024-12-06 00:00:00+03:00,20.8799991607666,21.799999237060547,20.6200008392334,20.68000030517578,4540715,0.0,0.0
2024-12-09 00:00:00+03:00,20.68000030517578,20.979999542236328,20.420000076293945,20.700000762939453,1350201,0.0,0.0
2024-12-10 00:00:00+03:00,20.700000762939453,20.899999618530273,20.139999389648438,20.15999984741211,752696,0.0,0.0
2024-12-11 00:00:00+03:00,20.239999771118164,20.34000015258789,19.25,19.979999542236328,796055,0.0,0.0
2024-12-12 00:00:00+03:00,20.1200008392334,20.639999389648438,19.799999237060547,20.399999618530273,851446,0.0,0.0
2024-12-13 00:00:00+03:00,20.399999618530273,20.479999542236328,20.1200008392334,20.479999542236328,396666,0.0,0.0
2024-12-16 00:00:00+03:00,20.5,20.940000534057617,20.399999618530273,20.860000610351562,884996,0.0,0.0
2024-12-17 00:00:00+03:00,20.920000076293945,20.920000076293945,20.399999618530273,20.579999923706055,605678,0.0,0.0
2024-12-18 00:00:00+03:00,20.579999923706055,21.100000381469727,20.5,20.579999923706055,1004650,0.0,0.0
2024-12-19 00:00:00+03:00,20.5,20.579999923706055,19.969999313354492,19.969999313354492,891201,0.0,0.0
2024-12-20 00:00:00+03:00,19.979999542236328,20.1200008392334,19.479999542236328,19.540000915527344,517484,0.0,0.0
2024-12-23 00:00:00+03:00,19.540000915527344,19.649999618530273,19.06999969482422,19.09000015258789,611432,0.0,0.0
2024-12-24 00:00:00+03:00,19.09000015258789,19.280000686645508,18.850000381469727,19.0,457050,0.0,0.0
2024-12-25 00:00:00+03:00,19.049999237060547,19.299999237060547,19.049999237060547,19.170000076293945,420709,0.0,0.0
2024-12-26 00:00:00+03:00,19.260000228881836,19.479999542236328,18.440000534057617,19.020000457763672,515784,0.0,0.0
2024-12-27 00:00:00+03:00,19.020000457763672,20.920000076293945,19.020000457763672,19.799999237060547,1175395,0.0,0.0
2024-12-30 00:00:00+03:00,20.020000457763672,20.420000076293945,19.6200008392334,20.299999237060547,846623,0.0,0.0
2024-12-31 00:00:00+03:00,20.299999237060547,20.399999618530273,19.959999084472656,20.399999618530273,515093,0.0,0.0
2025-01-02 00:00:00+03:00,20.700000762939453,20.700000762939453,20.0,20.219999313354492,517680,0.0,0.0
2025-01-03 00:00:00+03:00,20.219999313354492,20.639999389648438,20.020000457763672,20.360000610351562,885894,0.0,0.0
2025-01-06 00:00:00+03:00,20.360000610351562,22.3799991607666,20.360000610351562,22.3799991607666,3748545,0.0,0.0
2025-01-07 00:00:00+03:00,22.360000610351562,22.479999542236328,21.639999389648438,21.719999313354492,1925319,0.0,0.0
2025-01-08 00:00:00+03:00,21.700000762939453,21.719999313354492,20.860000610351562,21.280000686645508,1132758,0.0,0.0
2025-01-09 00:00:00+03:00,21.280000686645508,21.399999618530273,21.0,21.34000015258789,631004,0.0,0.0
2025-01-10 00:00:00+03:00,21.299999237060547,21.440000534057617,21.059999465942383,21.260000228881836,716405,0.0,0.0
2025-01-13 00:00:00+03:00,21.040000915527344,21.200000762939453,20.1200008392334,20.1200008392334,705807,0.0,0.0
2025-01-14 00:00:00+03:00,20.219999313354492,22.040000915527344,19.989999771118164,20.399999618530273,966027,0.0,0.0
2025-01-15 00:00:00+03:00,20.399999618530273,20.5,20.0,20.260000228881836,567275,0.0,0.0
2025-01-16 00:00:00+03:00,20.3799991607666,20.559999465942383,20.040000915527344,20.299999237060547,418958,0.0,0.0
2025-01-17 00:00:00+03:00,20.31999969482422,20.34000015258789,20.040000915527344,20.15999984741211,687236,0.0,0.0
2025-01-20 00:00:00+03:00,20.200000762939453,20.31999969482422,19.799999237060547,19.899999618530273,887424,0.0,0.0
2025-01-21 00:00:00+03:00,19.84000015258789,19.969999313354492,19.649999618530273,19.780000686645508,643838,0.0,0.0
2025-01-22 00:00:00+03:00,19.780000686645508,20.1200008392334,19.600000381469727,19.959999084472656,684315,0.0,0.0
2025-01-23 00:00:00+03:00,19.959999084472656,20.219999313354492,19.81999969482422,20.100000381469727,652006,0.0,0.0
2025-01-24 00:00:00+03:00,20.100000381469727,20.139999389648438,19.799999237060547,20.020000457763672,338084,0.0,0.0
2025-01-27 00:00:00+03:00,19.93000030517578,19.950000762939453,19.489999771118164,19.639999389648438,559462,0.0,0.0
2025-01-28 00:00:00+03:00,20.15999984741211,21.0,19.520000457763672,19.56999969482422,1820432,0.0,0.0
2025-01-29 00:00:00+03:00,19.579999923706055,19.670000076293945,19.06999969482422,19.079999923706055,897193,0.0,0.0
2025-01-30 00:00:00+03:00,19.290000915527344,19.31999969482422,19.030000686645508,19.149999618530273,436007,0.0,0.0
2025-01-31 00:00:00+03:00,19.149999618530273,19.15999984741211,18.889999389648438,18.969999313354492,500260,0.0,0.0
2025-02-03 00:00:00+03:00,18.969999313354492,19.0,18.389999389648438,18.489999771118164,480749,0.0,0.0
2025-02-04 00:00:00+03:00,18.290000915527344,19.030000686645508,18.290000915527344,18.639999389648438,328391,0.0,0.0
2025-02-05 00:00:00+03:00,18.649999618530273,18.790000915527344,17.719999313354492,18.0,587398,0.0,0.0
2025-02-06 00:00:00+03:00,18.1200008392334,18.790000915527344,18.1200008392334,18.3799991607666,613780,0.0,0.0
2025-02-07 00:00:00+03:00,18.3799991607666,18.559999465942383,18.09000015258789,18.489999771118164,289788,0.0,0.0
2025-02-10 00:00:00+03:00,18.729999542236328,18.729999542236328,18.0,18.229999542236328,649258,0.0,0.0
2025-02-11 00:00:00+03:00,18.350000381469727,18.350000381469727,17.719999313354492,18.030000686645508,539184,0.0,0.0
2025-02-12 00:00:00+03:00,18.030000686645508,18.100000381469727,17.520000457763672,17.770000457763672,435871,0.0,0.0
2025-02-13 00:00:00+03:00,17.899999618530273,17.989999771118164,17.760000228881836,17.93000030517578,502881,0.0,0.0
2025-02-14 00:00:00+03:00,17.93000030517578,18.170000076293945,17.809999465942383,18.040000915527344,254880,0.0,0.0
2025-02-17 00:00:00+03:00,18.040000915527344,18.309999465942383,18.040000915527344,18.200000762939453,1035882,0.0,0.0
2025-02-18 00:00:00+03:00,18.200000762939453,18.31999969482422,18.0,18.110000610351562,1135890,0.0,0.0
2025-02-19 00:00:00+03:00,18.200000762939453,18.219999313354492,17.809999465942383,17.959999084472656,397470,0.0,0.0
2025-02-20 00:00:00+03:00,18.0,18.239999771118164,17.829999923706055,18.239999771118164,753146,0.0,0.0
2025-02-21 00:00:00+03:00,18.0,18.5,17.639999389648438,17.899999618530273,622965,0.0,0.0
2025-02-24 00:00:00+03:00,17.899999618530273,18.15999984741211,17.899999618530273,18.020000457763672,303725,0.0,0.0
2025-02-25 00:00:00+03:00,18.020000457763672,18.100000381469727,17.5,17.5,463314,0.0,0.0
2025-02-26 00:00:00+03:00,17.5,17.610000610351562,17.389999389648438,17.5,426506,0.0,0.0
2025-02-27 00:00:00+03:00,17.469999313354492,17.860000610351562,17.450000762939453,17.6299991607666,459697,0.0,0.0
2025-02-28 00:00:00+03:00,17.739999771118164,17.799999237060547,17.479999542236328,17.700000762939453,402611,0.0,0.0
2025-03-03 00:00:00+03:00,17.700000762939453,17.979999542236328,17.65999984741211,17.700000762939453,672004,0.0,0.0
2025-03-04 00:00:00+03:00,17.700000762939453,17.709999084472656,17.229999542236328,17.309999465942383,639628,0.0,0.0
2025-03-05 00:00:00+03:00,17.34000015258789,17.739999771118164,17.34000015258789,17.739999771118164,668279,0.0,0.0
2025-03-06 00:00:00+03:00,17.760000228881836,18.440000534057617,17.75,18.3799991607666,911337,0.0,0.0
2025-03-07 00:00:00+03:00,18.3799991607666,18.84000015258789,18.25,18.770000457763672,867417,0.0,0.0
2025-03-10 00:00:00+03:00,18.770000457763672,19.100000381469727,18.639999389648438,18.649999618530273,726930,0.0,0.0
2025-03-11 00:00:00+03:00,18.850000381469727,18.860000610351562,18.309999465942383,18.600000381469727,570666,0.0,0.0
2025-03-12 00:00:00+03:00,18.700000762939453,19.170000076293945,18.450000762939453,18.940000534057617,1047018,0.0,0.0
2025-03-13 00:00:00+03:00,18.940000534057617,19.479999542236328,18.940000534057617,19.190000534057617,913301,0.0,0.0
2025-03-14 00:00:00+03:00,19.190000534057617,19.450000762939453,19.049999237060547,19.290000915527344,584974,0.0,0.0
2025-03-17 00:00:00+03:00,19.3700008392334,19.850000381469727,19.100000381469727,19.6200008392334,870626,0.0,0.0
2025-03-18 00:00:00+03:00,19.5,19.600000381469727,19.170000076293945,19.290000915527344,1059652,0.0,0.0
2025-03-19 00:00:00+03:00,17.40999984741211,18.290000915527344,17.3700008392334,17.3700008392334,1421667,0.0,0.0
2025-03-20 00:00:00+03:00,17.3700008392334,18.15999984741211,17.059999465942383,17.450000762939453,1450812,0.0,0.0
2025-03-21 00:00:00+03:00,17.459999084472656,17.469999313354492,15.75,15.920000076293945,1153981,0.0,0.0
2025-03-24 00:00:00+03:00,16.170000076293945,16.600000381469727,14.829999923706055,16.1299991607666,1139443,0.0,0.0
2025-03-25 00:00:00+03:00,16.219999313354492,16.809999465942383,16.209999084472656,16.68000030517578,823044,0.0,0.0
2025-03-26 00:00:00+03:00,16.670000076293945,16.799999237060547,16.31999969482422,16.559999465942383,793572,0.0,0.0
2025-03-27 00:00:00+03:00,16.8700008392334,16.899999618530273,16.579999923706055,16.670000076293945,709615,0.0,0.0
2025-03-28 00:00:00+03:00,16.65999984741211,16.65999984741211,16.18000030517578,16.6200008392334,451463,0.0,0.0
2025-04-02 00:00:00+03:00,16.600000381469727,16.920000076293945,16.43000030517578,16.520000457763672,688592,0.0,0.0
2025-04-03 00:00:00+03:00,16.520000457763672,16.959999084472656,16.5,16.6200008392334,633777,0.0,0.0
2025-04-04 00:00:00+03:00,16.6200008392334,16.799999237060547,16.100000381469727,16.200000762939453,740066,0.0,0.0
2025-04-07 00:00:00+03:00,15.529999732971191,16.350000381469727,15.3100004196167,16.190000534057617,847630,0.0,0.0
2025-04-08 00:00:00+03:00,16.290000915527344,17.149999618530273,16.290000915527344,17.0,1267173,0.0,0.0
2025-04-09 00:00:00+03:00,17.020000457763672,17.399999618530273,16.549999237060547,16.920000076293945,1122026,0.0,0.0
2025-04-10 00:00:00+03:00,17.600000381469727,17.600000381469727,16.959999084472656,17.049999237060547,851630,0.0,0.0
2025-04-11 00:00:00+03:00,17.149999618530273,17.149999618530273,16.649999618530273,16.829999923706055,711063,0.0,0.0
2025-04-14 00:00:00+03:00,16.8700008392334,17.549999237060547,16.8700008392334,17.290000915527344,1305383,0.0,0.0
2025-04-15 00:00:00+03:00,17.75,19.010000228881836,17.6200008392334,17.899999618530273,5836029,0.0,0.0
2025-04-16 00:00:00+03:00,18.079999923706055,18.079999923706055,17.049999237060547,17.260000228881836,1752092,0.0,0.0
2025-04-17 00:00:00+03:00,17.260000228881836,18.799999237060547,17.18000030517578,18.100000381469727,2936562,0.0,0.0
2025-04-18 00:00:00+03:00,18.200000762939453,19.90999984741211,18.0,19.90999984741211,5239311,0.0,0.0
2025-04-21 00:00:00+03:00,20.8799991607666,21.899999618530273,20.440000534057617,21.899999618530273,10068741,0.0,0.0
2025-04-22 00:00:00+03:00,21.979999542236328,24.0,21.079999923706055,23.959999084472656,10885350,0.0,0.0
2025-04-24 00:00:00+03:00,23.959999084472656,26.34000015258789,23.959999084472656,26.34000015258789,8449088,0.0,0.0
2025-04-25 00:00:00+03:00,27.15999984741211,28.959999084472656,26.34000015258789,28.959999084472656,10856215,0.0,0.0
2025-04-28 00:00:00+03:00,30.299999237060547,31.84000015258789,29.780000686645508,31.84000015258789,7348693,0.0,0.0
2025-04-29 00:00:00+03:00,33.47999954223633,35.02000045776367,32.52000045776367,35.02000045776367,15949119,0.0,0.0
2025-04-30 00:00:00+03:00,36.560001373291016,37.720001220703125,31.520000457763672,31.520000457763672,13177826,0.0,0.0
2025-05-02 00:00:00+03:00,29.639999389648438,31.299999237060547,28.3799991607666,28.3799991607666,14120962,0.0,0.0
2025-05-05 00:00:00+03:00,28.200000762939453,31.200000762939453,27.0,31.200000762939453,11964421,0.0,0.0
2025-05-06 00:00:00+03:00,31.84000015258789,34.31999969482422,31.81999969482422,34.31999969482422,2000378,0.0,0.0
2025-05-07 00:00:00+03:00,36.119998931884766,37.68000030517578,30.899999618530273,30.899999618530273,5412627,0.0,0.0
2025-05-08 00:00:00+03:00,28.700000762939453,31.200000762939453,28.0,29.899999618530273,2481628,0.0,0.0
2025-05-09 00:00:00+03:00,31.3799991607666,31.3799991607666,29.0,29.299999237060547,2083751,0.0,0.0
2025-05-12 00:00:00+03:00,29.100000381469727,29.299999237060547,27.280000686645508,27.3799991607666,2361903,0.0,0.0
2025-05-13 00:00:00+03:00,26.780000686645508,27.700000762939453,25.5,25.5,2359098,0.0,0.0
2025-05-14 00:00:00+03:00,25.479999542236328,28.040000915527344,24.81999969482422,28.040000915527344,3459825,0.0,0.0
2025-05-15 00:00:00+03:00,27.280000686645508,27.780000686645508,26.020000457763672,26.600000381469727,2664911,0.0,0.0
2025-05-16 00:00:00+03:00,26.079999923706055,26.5,25.31999969482422,25.520000457763672,1541993,0.0,0.0
2025-05-20 00:00:00+03:00,25.520000457763672,26.84000015258789,25.200000762939453,25.799999237060547,1521760,0.0,0.0
2025-05-21 00:00:00+03:00,25.579999923706055,25.979999542236328,24.899999618530273,25.34000015258789,1258694,0.0,0.0
2025-05-22 00:00:00+03:00,25.399999618530273,25.639999389648438,24.31999969482422,24.399999618530273,1408332,0.0,0.0
2025-05-23 00:00:00+03:00,24.420000076293945,26.299999237060547,23.799999237060547,24.979999542236328,1545709,0.0,0.0
2025-05-26 00:00:00+03:00,24.979999542236328,24.979999542236328,23.940000534057617,24.0,1332068,0.0,0.0
2025-05-27 00:00:00+03:00,23.940000534057617,23.940000534057617,22.739999771118164,22.739999771118164,1339469,0.0,0.0
2025-05-28 00:00:00+03:00,22.739999771118164,24.15999984741211,22.1200008392334,23.040000915527344,1478890,0.0,0.0
2025-05-29 00:00:00+03:00,22.760000228881836,23.040000915527344,22.100000381469727,22.31999969482422,1295723,0.0,0.0
2025-05-30 00:00:00+03:00,22.200000762939453,22.479999542236328,21.540000915527344,22.100000381469727,921214,0.0,0.0
2025-06-02 00:00:00+03:00,22.479999542236328,23.799999237060547,21.959999084472656,23.3799991607666,1404739,0.0,0.0
2025-06-03 00:00:00+03:00,23.079999923706055,24.219999313354492,23.0,23.739999771118164,1409627,0.0,0.0
2025-06-04 00:00:00+03:00,23.760000228881836,24.15999984741211,23.3799991607666,23.799999237060547,1166322,0.0,0.0
2025-06-05 00:00:00+03:00,23.799999237060547,25.0,23.420000076293945,24.579999923706055,630223,0.0,0.0
2025-06-10 00:00:00+03:00,24.479999542236328,25.5,23.799999237060547,24.0,6370885,0.0,0.0
2025-06-11 00:00:00+03:00,24.520000457763672,25.360000610351562,23.780000686645508,24.3799991607666,5438894,0.0,0.0
2025-06-12 00:00:00+03:00,24.520000457763672,25.299999237060547,23.799999237060547,23.799999237060547,4434251,0.0,0.0
2025-06-13 00:00:00+03:00,22.1200008392334,22.700000762939453,21.5,22.079999923706055,2150508,0.0,0.0
2025-06-16 00:00:00+03:00,22.079999923706055,22.559999465942383,21.700000762939453,22.079999923706055,2002110,0.0,0.0
2025-06-17 00:00:00+03:00,22.219999313354492,23.520000457763672,21.81999969482422,22.399999618530273,4175608,0.0,0.0
2025-06-18 00:00:00+03:00,22.100000381469727,24.5,22.059999465942383,23.200000762939453,6549407,0.0,0.0
2025-06-19 00:00:00+03:00,23.440000534057617,25.520000457763672,23.440000534057617,25.520000457763672,9656726,0.0,0.0
2025-06-20 00:00:00+03:00,26.5,28.059999465942383,25.520000457763672,28.059999465942383,11623191,0.0,0.0
2025-06-23 00:00:00+03:00,26.760000228881836,26.780000686645508,25.260000228881836,25.260000228881836,3654815,0.0,0.0
2025-06-24 00:00:00+03:00,24.0,24.579999923706055,22.920000076293945,23.899999618530273,11852857,0.0,0.0
2025-06-25 00:00:00+03:00,24.280000686645508,25.1200008392334,23.520000457763672,23.639999389648438,7720432,0.0,0.0
2025-06-26 00:00:00+03:00,23.780000686645508,23.899999618530273,22.81999969482422,22.899999618530273,2727131,0.0,0.0
2025-06-27 00:00:00+03:00,22.899999618530273,23.579999923706055,22.520000457763672,23.1200008392334,2746810,0.0,0.0
2025-06-30 00:00:00+03:00,23.1200008392334,24.440000534057617,23.1200008392334,23.760000228881836,4292954,0.0,0.0
2025-07-01 00:00:00+03:00,23.600000381469727,23.760000228881836,22.979999542236328,23.200000762939453,1349038,0.0,0.0
2025-07-02 00:00:00+03:00,23.200000762939453,23.399999618530273,22.639999389648438,22.760000228881836,1039484,0.0,0.0
2025-07-03 00:00:00+03:00,22.760000228881836,23.020000457763672,22.440000534057617,22.760000228881836,640409,0.0,0.0
2025-07-04 00:00:00+03:00,22.760000228881836,22.760000228881836,21.639999389648438,22.31999969482422,585253,0.0,0.0
2025-07-07 00:00:00+03:00,22.31999969482422,23.100000381469727,21.979999542236328,22.68000030517578,818506,0.0,0.0
2025-07-08 00:00:00+03:00,23.0,23.34000015258789,22.360000610351562,22.899999618530273,878114,0.0,0.0
2025-07-09 00:00:00+03:00,22.899999618530273,23.020000457763672,22.299999237060547,22.700000762939453,753427,0.0,0.0
2025-07-10 00:00:00+03:00,22.700000762939453,22.959999084472656,22.559999465942383,22.760000228881836,749180,0.0,0.0
2025-07-11 00:00:00+03:00,22.860000610351562,22.959999084472656,22.579999923706055,22.81999969482422,598472,0.0,0.0
2025-07-14 00:00:00+03:00,22.899999618530273,23.020000457763672,22.700000762939453,22.899999618530273,725381,0.0,0.0
2025-07-16 00:00:00+03:00,23.0,23.040000915527344,22.540000915527344,22.65999984741211,818296,0.0,0.0
2025-07-17 00:00:00+03:00,22.5,24.65999984741211,22.5,24.18000030517578,1698293,0.0,0.0
2025-07-18 00:00:00+03:00,24.200000762939453,24.6200008392334,23.65999984741211,23.700000762939453,934103,0.0,0.0
2025-07-21 00:00:00+03:00,23.700000762939453,24.899999618530273,23.559999465942383,24.360000610351562,1086259,0.0,0.0
2025-07-22 00:00:00+03:00,24.360000610351562,24.700000762939453,23.860000610351562,23.940000534057617,819287,0.0,0.0
2025-07-23 00:00:00+03:00,23.940000534057617,24.040000915527344,23.3799991607666,23.979999542236328,749025,0.0,0.0
2025-07-24 00:00:00+03:00,23.979999542236328,24.1200008392334,23.520000457763672,23.780000686645508,672522,0.0,0.0
2025-07-25 00:00:00+03:00,23.780000686645508,25.760000228881836,23.34000015258789,25.5,1963459,0.0,0.0
2025-07-28 00:00:00+03:00,25.479999542236328,27.100000381469727,25.020000457763672,25.299999237060547,1427015,0.0,0.0
2025-07-29 00:00:00+03:00,25.31999969482422,25.719999313354492,24.68000030517578,25.68000030517578,1074101,0.0,0.0
2025-07-30 00:00:00+03:00,26.100000381469727,27.079999923706055,25.719999313354492,25.760000228881836,1663974,0.0,0.0
2025-07-31 00:00:00+03:00,23.200000762939453,25.700000762939453,23.200000762939453,25.360000610351562,1294400,0.0,0.0
2025-08-01 00:00:00+03:00,25.200000762939453,26.5,24.84000015258789,26.200000762939453,1571224,0.0,0.0
2025-08-04 00:00:00+03:00,26.0,27.18000030517578,25.68000030517578,26.639999389648438,1238939,0.0,0.0
2025-08-05 00:00:00+03:00,26.700000762939453,26.84000015258789,26.0,26.18000030517578,737804,0.0,0.0
2025-08-06 00:00:00+03:00,26.200000762939453,26.299999237060547,25.540000915527344,25.540000915527344,875168,0.0,0.0
2025-08-07 00:00:00+03:00,25.540000915527344,26.0,24.799999237060547,25.100000381469727,958103,0.0,0.0
2025-08-08 00:00:00+03:00,25.100000381469727,26.899999618530273,24.600000381469727,26.260000228881836,1207327,0.0,0.0
2025-08-11 00:00:00+03:00,26.15999984741211,26.979999542236328,25.799999237060547,26.459999084472656,952209,0.0,0.0
2025-08-12 00:00:00+03:00,26.399999618530273,27.0,25.8799991607666,26.780000686645508,969904,0.0,0.0
2025-08-13 00:00:00+03:00,26.780000686645508,27.100000381469727,26.040000915527344,26.1200008392334,706915,0.0,0.0
2025-08-14 00:00:00+03:00,26.1200008392334,26.15999984741211,25.239999771118164,25.399999618530273,961365,0.0,0.0
2025-08-15 00:00:00+03:00,25.299999237060547,25.799999237060547,24.860000610351562,25.3799991607666,583700,0.0,0.0
2025-08-18 00:00:00+03:00,25.65999984741211,25.719999313354492,24.700000762939453,25.219999313354492,893956,0.0,0.0
2025-08-19 00:00:00+03:00,25.100000381469727,25.200000762939453,24.540000915527344,24.959999084472656,800931,0.0,0.0
2025-08-20 00:00:00+03:00,24.959999084472656,25.3799991607666,24.600000381469727,24.8799991607666,846905,0.0,0.0
2025-08-21 00:00:00+03:00,24.8799991607666,26.0,24.700000762939453,25.899999618530273,1120072,0.0,0.0
2025-08-22 00:00:00+03:00,25.899999618530273,26.040000915527344,25.5,25.600000381469727,743260,0.0,0.0
2025-08-25 00:00:00+03:00,25.600000381469727,26.959999084472656,25.5,26.559999465942383,1530528,0.0,0.0
2025-08-26 00:00:00+03:00,26.559999465942383,29.200000762939453,26.020000457763672,29.200000762939453,2642834,0.0,0.0
2025-08-27 00:00:00+03:00,28.799999237060547,32.0,28.299999237060547,31.760000228881836,2805370,0.0,0.0
2025-08-28 00:00:00+03:00,31.280000686645508,32.47999954223633,29.719999313354492,30.479999542236328,1940262,0.0,0.0
2025-08-29 00:00:00+03:00,30.459999084472656,30.459999084472656,28.079999923706055,29.0,1715568,0.0,0.0
2025-09-01 00:00:00+03:00,28.739999771118164,28.739999771118164,27.600000381469727,28.079999923706055,954408,0.0,0.0
2025-09-02 00:00:00+03:00,28.040000915527344,28.780000686645508,25.940000534057617,27.899999618530273,1181497,0.0,0.0
2025-09-03 00:00:00+03:00,27.5,30.0,27.0,29.979999542236328,1415580,0.0,0.0
2025-09-04 00:00:00+03:00,29.979999542236328,30.579999923706055,29.0,29.139999389648438,1008228,0.0,0.0
2025-09-05 00:00:00+03:00,29.0,29.780000686645508,28.360000610351562,28.8799991607666,740442,0.0,0.0
2025-09-08 00:00:00+03:00,28.65999984741211,28.65999984741211,27.6200008392334,27.760000228881836,631275,0.0,0.0
2025-09-09 00:00:00+03:00,27.5,28.360000610351562,27.040000915527344,27.520000457763672,462455,0.0,0.0
2025-09-10 00:00:00+03:00,27.559999465942383,27.760000228881836,26.899999618530273,27.280000686645508,531923,0.0,0.0
2025-09-11 00:00:00+03:00,27.0,27.65999984741211,26.459999084472656,26.459999084472656,700259,0.0,0.0
2025-09-12 00:00:00+03:00,26.459999084472656,26.459999084472656,25.5,26.200000762939453,620879,0.0,0.0
2025-09-15 00:00:00+03:00,26.200000762939453,28.299999237060547,25.639999389648438,27.959999084472656,725117,0.0,0.0
2025-09-16 00:00:00+03:00,27.920000076293945,28.8799991607666,27.5,28.200000762939453,694272,0.0,0.0
2025-09-17 00:00:00+03:00,28.31999969482422,28.3799991607666,27.760000228881836,27.860000610351562,464800,0.0,0.0
2025-09-18 00:00:00+03:00,27.860000610351562,28.239999771118164,27.68000030517578,27.799999237060547,604354,0.0,0.0
2025-09-19 00:00:00+03:00,27.799999237060547,28.200000762939453,27.5,28.100000381469727,577866,0.0,0.0
2025-09-22 00:00:00+03:00,28.15999984741211,30.0,28.15999984741211,29.899999618530273,891535,0.0,0.0
2025-09-23 00:00:00+03:00,29.65999984741211,30.059999465942383,28.719999313354492,29.18000030517578,721507,0.0,0.0
2025-09-24 00:00:00+03:00,29.18000030517578,29.399999618530273,28.639999389648438,29.18000030517578,505551,0.0,0.0
2025-09-25 00:00:00+03:00,29.18000030517578,29.860000610351562,28.920000076293945,29.65999984741211,708321,0.0,0.0
2025-09-26 00:00:00+03:00,29.68000030517578,30.5,29.079999923706055,29.34000015258789,809038,0.0,0.0
2025-09-29 00:00:00+03:00,29.34000015258789,29.34000015258789,28.0,28.600000381469727,467473,0.0,0.0
2025-09-30 00:00:00+03:00,28.559999465942383,28.559999465942383,27.559999465942383,28.059999465942383,570949,0.0,0.0
2025-10-01 00:00:00+03:00,28.0,28.239999771118164,27.1200008392334,27.760000228881836,521270,0.0,0.0
2025-10-02 00:00:00+03:00,27.799999237060547,28.940000534057617,27.5,28.0,619678,0.0,0.0
2025-10-03 00:00:00+03:00,27.979999542236328,28.399999618530273,27.3799991607666,27.3799991607666,411855,0.0,0.0
2025-10-06 00:00:00+03:00,27.5,27.780000686645508,25.0,25.0,523284,0.0,0.0
2025-10-07 00:00:00+03:00,25.540000915527344,27.31999969482422,25.540000915527344,26.5,827513,0.0,0.0
2025-10-08 00:00:00+03:00,26.299999237060547,26.5,25.520000457763672,26.0,963043,0.0,0.0
2025-10-09 00:00:00+03:00,25.899999618530273,25.959999084472656,25.31999969482422,25.5,641280,0.0,0.0
2025-10-10 00:00:00+03:00,25.5,26.920000076293945,25.200000762939453,26.100000381469727,575996,0.0,0.0
2025-10-13 00:00:00+03:00,25.600000381469727,25.979999542236328,25.200000762939453,25.520000457763672,461788,0.0,0.0
2025-10-14 00:00:00+03:00,25.760000228881836,25.81999969482422,24.31999969482422,24.719999313354492,484353,0.0,0.0
2025-10-15 00:00:00+03:00,24.780000686645508,25.799999237060547,24.719999313354492,25.399999618530273,339770,0.0,0.0
2025-10-16 00:00:00+03:00,25.280000686645508,25.81999969482422,24.8799991607666,24.8799991607666,305235,0.0,0.0
2025-10-17 00:00:00+03:00,24.84000015258789,24.8799991607666,23.719999313354492,24.200000762939453,608520,0.0,0.0
2025-10-20 00:00:00+03:00,24.299999237060547,24.719999313354492,23.799999237060547,24.65999984741211,390271,0.0,0.0
2025-10-21 00:00:00+03:00,24.799999237060547,24.899999618530273,24.239999771118164,24.440000534057617,245185,0.0,0.0
2025-10-22 00:00:00+03:00,24.440000534057617,24.84000015258789,24.3799991607666,24.520000457763672,391883,0.0,0.0
2025-10-23 00:00:00+03:00,24.420000076293945,25.200000762939453,24.420000076293945,25.139999389648438,347172,0.0,0.0
2025-10-24 00:00:00+03:00,25.18000030517578,26.34000015258789,25.020000457763672,25.899999618530273,813060,0.0,0.0
2025-10-27 00:00:00+03:00,25.899999618530273,26.020000457763672,25.459999084472656,25.65999984741211,407372,0.0,0.0
2025-10-28 00:00:00+03:00,26.600000381469727,27.920000076293945,26.3799991607666,27.81999969482422,861662,0.0,0.0
2025-10-30 00:00:00+03:00,27.899999618530273,28.020000457763672,26.860000610351562,27.200000762939453,987779,0.0,0.0
2025-10-31 00:00:00+03:00,27.139999389648438,27.139999389648438,26.040000915527344,26.739999771118164,648446,0.0,0.0
2025-11-03 00:00:00+03:00,26.739999771118164,27.540000915527344,26.520000457763672,27.200000762939453,730628,0.0,0.0
2025-11-04 00:00:00+03:00,27.219999313354492,27.299999237060547,26.399999618530273,26.6200008392334,427310,0.0,0.0
2025-11-05 00:00:00+03:00,26.739999771118164,26.739999771118164,26.059999465942383,26.15999984741211,504206,0.0,0.0
2025-11-06 00:00:00+03:00,26.219999313354492,26.479999542236328,25.899999618530273,26.219999313354492,404648,0.0,0.0
2025-11-07 00:00:00+03:00,26.200000762939453,26.219999313354492,25.399999618530273,25.739999771118164,479770,0.0,0.0
2025-11-10 00:00:00+03:00,25.760000228881836,26.0,24.940000534057617,25.239999771118164,508053,0.0,0.0
2025-11-11 00:00:00+03:00,25.239999771118164,25.600000381469727,24.700000762939453,25.540000915527344,664771,0.0,0.0
2025-11-12 00:00:00+03:00,25.3799991607666,25.5,25.0,25.139999389648438,458961,0.0,0.0
2025-11-13 00:00:00+03:00,25.299999237060547,25.420000076293945,24.979999542236328,25.079999923706055,299725,0.0,0.0
2025-11-14 00:00:00+03:00,25.0,25.479999542236328,24.65999984741211,25.0,438567,0.0,0.0
2025-11-17 00:00:00+03:00,25.15999984741211,25.719999313354492,24.940000534057617,25.260000228881836,433713,0.0,0.0
2025-11-18 00:00:00+03:00,25.260000228881836,25.399999618530273,24.959999084472656,25.239999771118164,302065,0.0,0.0
2025-11-19 00:00:00+03:00,25.239999771118164,25.979999542236328,25.18000030517578,25.579999923706055,445224,0.0,0.0
2025-11-20 00:00:00+03:00,25.780000686645508,25.979999542236328,25.540000915527344,25.899999618530273,404701,0.0,0.0
2025-11-21 00:00:00+03:00,25.780000686645508,25.8799991607666,24.860000610351562,25.360000610351562,269878,0.0,0.0
2025-11-24 00:00:00+03:00,25.34000015258789,25.360000610351562,25.0,25.280000686645508,277346,0.0,0.0
2025-11-25 00:00:00+03:00,25.280000686645508,25.360000610351562,24.239999771118164,24.860000610351562,557796,0.0,0.0
2025-11-26 00:00:00+03:00,24.739999771118164,24.920000076293945,24.360000610351562,24.3799991607666,280247,0.0,0.0
2025-11-27 00:00:00+03:00,24.420000076293945,24.959999084472656,24.260000228881836,24.68000030517578,314745,0.0,0.0
2025-11-28 00:00:00+03:00,24.600000381469727,24.700000762939453,23.739999771118164,24.200000762939453,222534,0.0,0.0
2025-12-01 00:00:00+03:00,24.239999771118164,24.739999771118164,24.239999771118164,24.600000381469727,263120,0.0,0.0
2025-12-02 00:00:00+03:00,24.600000381469727,26.020000457763672,24.479999542236328,25.579999923706055,581443,0.0,0.0
2025-12-03 00:00:00+03:00,25.65999984741211,26.219999313354492,25.260000228881836,25.5,415372,0.0,0.0
2025-12-04 00:00:00+03:00,25.579999923706055,25.780000686645508,25.020000457763672,25.079999923706055,270148,0.0,0.0
2025-12-05 00:00:00+03:00,25.079999923706055,25.18000030517578,24.739999771118164,24.8799991607666,242636,0.0,0.0
2025-12-08 00:00:00+03:00,24.959999084472656,25.6200008392334,24.540000915527344,25.079999923706055,252678,0.0,0.0
2025-12-09 00:00:00+03:00,24.739999771118164,25.6200008392334,24.719999313354492,25.260000228881836,294558,0.0,0.0
2025-12-10 00:00:00+03:00,25.260000228881836,26.0,25.040000915527344,25.600000381469727,373714,0.0,0.0
2025-12-11 00:00:00+03:00,25.639999389648438,25.920000076293945,25.440000534057617,25.579999923706055,296695,0.0,0.0
2025-12-12 00:00:00+03:00,25.579999923706055,25.719999313354492,25.200000762939453,25.540000915527344,330396,0.0,0.0
2025-12-15 00:00:00+03:00,25.540000915527344,26.18000030517578,25.5,25.739999771118164,425229,0.0,0.0
2025-12-16 00:00:00+03:00,25.739999771118164,25.760000228881836,25.200000762939453,25.280000686645508,277701,0.0,0.0
2025-12-17 00:00:00+03:00,25.3799991607666,25.3799991607666,24.639999389648438,24.979999542236328,417378,0.0,0.0
2025-12-18 00:00:00+03:00,24.639999389648438,24.940000534057617,24.5,24.719999313354492,333200,0.0,0.0
2025-12-19 00:00:00+03:00,24.700000762939453,24.860000610351562,24.440000534057617,24.700000762939453,169243,0.0,0.0
2025-12-22 00:00:00+03:00,25.440000534057617,27.079999923706055,25.3799991607666,26.799999237060547,1405973,0.0,0.0
2025-12-23 00:00:00+03:00,26.760000228881836,26.940000534057617,25.440000534057617,25.65999984741211,741274,0.0,0.0
2025-12-24 00:00:00+03:00,25.5,26.040000915527344,25.360000610351562,25.399999618530273,732559,0.0,0.0
2025-12-25 00:00:00+03:00,25.440000534057617,25.899999618530273,25.18000030517578,25.559999465942383,351761,0.0,0.0
2025-12-26 00:00:00+03:00,25.479999542236328,25.799999237060547,25.260000228881836,25.639999389648438,298947,0.0,0.0
2025-12-29 00:00:00+03:00,25.65999984741211,27.200000762939453,25.6200008392334,26.739999771118164,833909,0.0,0.0
2025-12-30 00:00:00+03:00,26.5,26.899999618530273,25.8799991607666,26.18000030517578,528868,0.0,0.0
2025-12-31 00:00:00+03:00,26.18000030517578,28.0,25.5,27.780000686645508,568834,0.0,0.0
2026-01-02 00:00:00+03:00,27.739999771118164,29.200000762939453,27.1200008392334,27.440000534057617,2128997,0.0,0.0
2026-01-05 00:00:00+03:00,27.440000534057617,27.84000015258789,27.059999465942383,27.139999389648438,1005100,0.0,0.0
2026-01-06 00:00:00+03:00,27.15999984741211,27.399999618530273,26.959999084472656,27.139999389648438,1040851,0.0,0.0
2026-01-07 00:00:00+03:00,27.059999465942383,27.700000762939453,27.059999465942383,27.299999237060547,1024713,0.0,0.0
2026-01-08 00:00:00+03:00,27.299999237060547,27.420000076293945,26.360000610351562,27.059999465942383,1079693,0.0,0.0
2026-01-09 00:00:00+03:00,26.979999542236328,28.600000381469727,26.920000076293945,28.100000381469727,1872740,0.0,0.0
2026-01-12 00:00:00+03:00,28.100000381469727,28.31999969482422,27.059999465942383,27.739999771118164,833244,0.0,0.0
2026-01-13 00:00:00+03:00,27.739999771118164,30.5,27.739999771118164,30.5,4228336,0.0,0.0
2026-01-14 00:00:00+03:00,30.559999465942383,31.940000534057617,29.700000762939453,29.700000762939453,5601684,0.0,0.0
2026-01-15 00:00:00+03:00,29.520000457763672,30.0,28.059999465942383,29.540000915527344,2478846,0.0,0.0
2026-01-16 00:00:00+03:00,29.540000915527344,30.260000228881836,29.079999923706055,29.579999923706055,1749201,0.0,0.0
2026-01-19 00:00:00+03:00,29.579999923706055,29.84000015258789,28.920000076293945,29.100000381469727,1321555,0.0,0.0
2026-01-20 00:00:00+03:00,29.100000381469727,30.5,29.020000457763672,29.540000915527344,2600814,0.0,0.0
2026-01-21 00:00:00+03:00,29.600000381469727,29.700000762939453,28.5,28.860000610351562,1459031,0.0,0.0
2026-01-22 00:00:00+03:00,28.860000610351562,29.65999984741211,28.739999771118164,29.139999389648438,1369719,0.0,0.0
2026-01-23 00:00:00+03:00,29.139999389648438,30.0,28.899999618530273,29.700000762939453,1236636,0.0,0.0
2026-01-26 00:00:00+03:00,29.940000534057617,30.360000610351562,29.420000076293945,30.059999465942383,2210808,0.0,0.0
2026-01-27 00:00:00+03:00,29.920000076293945,30.1200008392334,29.239999771118164,29.399999618530273,1191840,0.0,0.0
2026-01-28 00:00:00+03:00,29.399999618530273,29.559999465942383,29.200000762939453,29.299999237060547,967888,0.0,0.0
2026-01-29 00:00:00+03:00,29.299999237060547,30.1200008392334,28.5,30.100000381469727,2016605,0.0,0.0
2026-01-30 00:00:00+03:00,30.5,32.040000915527344,29.100000381469727,31.5,4472558,0.0,0.0
2026-02-02 00:00:00+03:00,30.979999542236328,31.0,30.200000762939453,30.34000015258789,2331170,0.0,0.0
2026-02-03 00:00:00+03:00,30.65999984741211,30.65999984741211,29.860000610351562,30.260000228881836,1681948,0.0,0.0
2026-02-04 00:00:00+03:00,30.200000762939453,30.200000762939453,29.739999771118164,29.739999771118164,1155259,0.0,0.0
2026-02-05 00:00:00+03:00,29.639999389648438,29.899999618530273,28.15999984741211,28.65999984741211,1607526,0.0,0.0
2026-02-06 00:00:00+03:00,28.5,28.639999389648438,28.020000457763672,28.6200008392334,712529,0.0,0.0
2026-02-09 00:00:00+03:00,28.6200008392334,28.959999084472656,28.3799991607666,28.6200008392334,1161513,0.0,0.0
2026-02-10 00:00:00+03:00,28.65999984741211,29.079999923706055,28.299999237060547,28.719999313354492,1151283,0.0,0.0
2026-02-11 00:00:00+03:00,28.600000381469727,29.020000457763672,28.440000534057617,28.959999084472656,851140,0.0,0.0
2026-02-12 00:00:00+03:00,28.979999542236328,29.260000228881836,28.700000762939453,29.239999771118164,995547,0.0,0.0
2026-02-13 00:00:00+03:00,29.280000686645508,29.540000915527344,28.920000076293945,29.079999923706055,759431,0.0,0.0
2026-02-16 00:00:00+03:00,29.1200008392334,29.65999984741211,29.1200008392334,29.360000610351562,1061787,0.0,0.0
2026-02-17 00:00:00+03:00,29.3799991607666,30.5,29.15999984741211,30.040000915527344,1504478,0.0,0.0
2026-02-18 00:00:00+03:00,30.1200008392334,33.040000915527344,29.979999542236328,31.239999771118164,8959991,0.0,0.0
2026-02-19 00:00:00+03:00,31.31999969482422,31.6200008392334,29.0,29.200000762939453,2543474,0.0,0.0
2026-02-20 00:00:00+03:00,29.200000762939453,29.979999542236328,28.399999618530273,29.200000762939453,1715847,0.0,0.0
2026-02-23 00:00:00+03:00,29.65999984741211,30.739999771118164,28.799999237060547,29.6200008392334,1755124,0.0,0.0
2026-02-24 00:00:00+03:00,29.739999771118164,29.860000610351562,29.0,29.059999465942383,829661,0.0,0.0
2026-02-25 00:00:00+03:00,29.079999923706055,29.200000762939453,27.959999084472656,28.0,1231795,0.0,0.0
2026-02-26 00:00:00+03:00,28.0,28.0,27.280000686645508,27.81999969482422,747649,0.0,0.0
2026-02-27 00:00:00+03:00,27.719999313354492,28.280000686645508,27.1200008392334,27.360000610351562,985890,0.0,0.0
2026-03-02 00:00:00+03:00,25.059999465942383,26.459999084472656,25.020000457763672,26.200000762939453,1150535,0.0,0.0
2026-03-03 00:00:00+03:00,26.020000457763672,26.579999923706055,25.860000610351562,26.020000457763672,937210,0.0,0.0
2026-03-04 00:00:00+03:00,26.1200008392334,26.440000534057617,25.8799991607666,25.940000534057617,789245,0.0,0.0
2026-03-05 00:00:00+03:00,26.059999465942383,26.639999389648438,26.059999465942383,26.459999084472656,644565,0.0,0.0
2026-03-06 00:00:00+03:00,26.399999618530273,26.579999923706055,25.780000686645508,25.780000686645508,627451,0.0,0.0
2026-03-09 00:00:00+03:00,25.399999618530273,25.559999465942383,24.6200008392334,25.420000076293945,837382,0.0,0.0
2026-03-10 00:00:00+03:00,26.020000457763672,26.479999542236328,25.799999237060547,26.3799991607666,904651,0.0,0.0
2026-03-11 00:00:00+03:00,26.399999618530273,26.84000015258789,26.18000030517578,26.31999969482422,645802,0.0,0.0
2026-03-12 00:00:00+03:00,26.260000228881836,27.15999984741211,26.15999984741211,26.399999618530273,703736,0.0,0.0
2026-03-13 00:00:00+03:00,26.479999542236328,26.5,25.739999771118164,26.0,489884,0.0,0.0
2026-03-16 00:00:00+03:00,26.0,26.420000076293945,25.81999969482422,25.860000610351562,452329,0.0,0.0
2026-03-17 00:00:00+03:00,25.940000534057617,26.799999237060547,25.940000534057617,26.700000762939453,836135,0.0,0.0
2026-03-18 00:00:00+03:00,27.3799991607666,27.3799991607666,26.479999542236328,26.780000686645508,657905,0.0,0.0
2026-03-19 00:00:00+03:00,26.700000762939453,27.299999237060547,26.600000381469727,27.139999389648438,417140,0.0,0.0
2026-03-23 00:00:00+03:00,26.979999542236328,28.959999084472656,26.760000228881836,28.059999465942383,1941764,0.0,0.0
2026-03-24 00:00:00+03:00,28.059999465942383,28.139999389648438,26.68000030517578,26.719999313354492,869157,0.0,0.0
2026-03-25 00:00:00+03:00,26.799999237060547,27.020000457763672,26.31999969482422,26.440000534057617,901682,0.0,0.0
2026-03-26 00:00:00+03:00,26.440000534057617,27.899999618530273,26.020000457763672,26.020000457763672,1858917,0.0,0.0
2026-03-27 00:00:00+03:00,26.239999771118164,26.600000381469727,25.760000228881836,26.040000915527344,917931,0.0,0.0
2026-03-30 00:00:00+03:00,26.260000228881836,26.719999313354492,25.760000228881836,26.360000610351562,897734,0.0,0.0
2026-03-31 00:00:00+03:00,26.360000610351562,27.200000762939453,26.059999465942383,26.260000228881836,582559,0.0,0.0
2026-04-01 00:00:00+03:00,26.65999984741211,26.899999618530273,26.540000915527344,26.65999984741211,846176,0.0,0.0
2026-04-02 00:00:00+03:00,26.31999969482422,27.31999969482422,26.31999969482422,27.200000762939453,1074070,0.0,0.0
2026-04-03 00:00:00+03:00,27.18000030517578,27.260000228881836,26.5,26.579999923706055,808201,0.0,0.0
2026-04-06 00:00:00+03:00,26.579999923706055,27.639999389648438,26.579999923706055,27.479999542236328,918104,0.0,0.0
2026-04-07 00:00:00+03:00,27.479999542236328,27.700000762939453,26.639999389648438,26.700000762939453,1038291,0.0,0.0
2026-04-08 00:00:00+03:00,28.959999084472656,28.959999084472656,27.520000457763672,27.600000381469727,1697613,0.0,0.0
2026-04-09 00:00:00+03:00,27.639999389648438,27.979999542236328,27.15999984741211,27.15999984741211,1168298,0.0,0.0
2026-04-10 00:00:00+03:00,27.219999313354492,28.040000915527344,27.219999313354492,27.920000076293945,1120073,0.0,0.0
2026-04-13 00:00:00+03:00,27.700000762939453,27.700000762939453,26.34000015258789,27.200000762939453,892551,0.0,0.0
2026-04-14 00:00:00+03:00,27.5,28.0,27.5,27.899999618530273,580973,0.0,0.0
2026-04-15 00:00:00+03:00,27.940000534057617,28.299999237060547,27.739999771118164,28.15999984741211,714605,0.0,0.0
2026-04-16 00:00:00+03:00,28.239999771118164,28.600000381469727,27.920000076293945,28.239999771118164,831918,0.0,0.0
2026-04-17 00:00:00+03:00,28.299999237060547,29.079999923706055,28.299999237060547,29.059999465942383,1480270,0.0,0.0
2026-04-20 00:00:00+03:00,28.700000762939453,28.84000015258789,28.5,28.559999465942383,922707,0.0,0.0
2026-04-21 00:00:00+03:00,28.579999923706055,28.899999618530273,27.84000015258789,27.84000015258789,844074,0.0,0.0
2026-04-22 00:00:00+03:00,28.0,29.760000228881836,28.0,28.34000015258789,1837211,0.0,0.0
2026-04-24 00:00:00+03:00,28.399999618530273,28.559999465942383,27.719999313354492,27.979999542236328,994833,0.0,0.0
2026-04-27 00:00:00+03:00,28.040000915527344,28.31999969482422,27.68000030517578,28.139999389648438,1317993,0.0,0.0
2026-04-28 00:00:00+03:00,28.139999389648438,28.15999984741211,27.540000915527344,27.559999465942383,589783,0.0,0.0
2026-04-29 00:00:00+03:00,28.979999542236328,30.299999237060547,28.420000076293945,28.700000762939453,5106715,0.0,0.0
2026-04-30 00:00:00+03:00,28.579999923706055,28.600000381469727,27.18000030517578,28.1200008392334,1425534,0.0,0.0
2026-05-04 00:00:00+03:00,28.239999771118164,30.079999923706055,28.239999771118164,29.700000762939453,2963371,0.0,0.0
2026-05-05 00:00:00+03:00,29.520000457763672,30.020000457763672,28.899999618530273,29.31999969482422,1163181,0.0,0.0
2026-05-06 00:00:00+03:00,29.600000381469727,30.059999465942383,29.260000228881836,29.899999618530273,1311657,0.0,0.0
2026-05-07 00:00:00+03:00,29.979999542236328,30.440000534057617,29.739999771118164,29.8799991607666,1648076,0.0,0.0
2026-05-08 00:00:00+03:00,29.959999084472656,30.739999771118164,29.81999969482422,30.15999984741211,1445812,0.0,0.0
2026-05-11 00:00:00+03:00,30.18000030517578,31.040000915527344,30.18000030517578,30.399999618530273,1369572,0.0,0.0
2026-05-12 00:00:00+03:00,30.34000015258789,31.3799991607666,30.260000228881836,30.600000381469727,1729060,0.0,0.0
2026-05-13 00:00:00+03:00,30.600000381469727,33.41999816894531,30.200000762939453,32.5,5236941,0.0,0.0
2026-05-14 00:00:00+03:00,32.52000045776367,34.959999084472656,32.29999923706055,32.91999816894531,3264627,0.0,0.0
2026-05-15 00:00:00+03:00,33.5,35.900001525878906,31.84000015258789,35.65999984741211,4737188,0.0,0.0
2026-05-18 00:00:00+03:00,35.65999984741211,37.5,33.52000045776367,33.84000015258789,4573879,0.0,0.0
2026-05-20 00:00:00+03:00,33.20000076293945,33.81999969482422,30.68000030517578,30.700000762939453,3338414,0.0,0.0
2026-05-21 00:00:00+03:00,30.719999313354492,32.0,27.860000610351562,27.860000610351562,2928626,0.0,0.0
2026-05-22 00:00:00+03:00,27.860000610351562,29.34000015258789,27.780000686645508,29.139999389648438,1800427,0.0,0.0
2026-05-25 00:00:00+03:00,29.239999771118164,30.979999542236328,29.239999771118164,30.559999465942383,1364909,0.0,0.0
2026-05-26 00:00:00+03:00,30.559999465942383,30.899999618530273,29.100000381469727,29.899999618530273,636900,0.0,0.0
2026-05-27 00:00:00+03:00,29.899999618530273,29.899999618530273,29.899999618530273,29.899999618530273,0,0.0,0.0
2026-05-28 00:00:00+03:00,29.899999618530273,29.899999618530273,29.899999618530273,29.899999618530273,0,0.0,0.0
2026-05-29 00:00:00+03:00,29.899999618530273,29.899999618530273,29.899999618530273,29.899999618530273,0,0.0,0.0
2026-06-01 00:00:00+03:00,30.18000030517578,31.940000534057617,30.0,31.299999237060547,1897153,0.0,0.0
2026-06-02 00:00:00+03:00,31.299999237060547,32.2400016784668,30.84000015258789,31.18000030517578,1544835,0.0,0.0
2026-06-03 00:00:00+03:00,31.18000030517578,31.479999542236328,30.280000686645508,30.280000686645508,894532,0.0,0.0
2026-06-04 00:00:00+03:00,30.34000015258789,31.219999313354492,30.1200008392334,30.280000686645508,907577,0.0,0.0
2026-06-05 00:00:00+03:00,30.34000015258789,32.900001525878906,30.020000457763672,32.79999923706055,3335671,0.0,0.0
2026-06-08 00:00:00+03:00,32.79999923706055,33.2599983215332,31.3799991607666,32.15999984741211,1921503,0.0,0.0
2026-06-09 00:00:00+03:00,32.15999984741211,32.34000015258789,30.899999618530273,30.940000534057617,919873,0.0,0.0
2026-06-10 00:00:00+03:00,31.0,32.380001068115234,30.700000762939453,32.29999923706055,2023790,0.0,0.0
2026-06-11 00:00:00+03:00,32.15999984741211,33.279998779296875,31.100000381469727,31.5,1850191,0.0,0.0
2026-06-12 00:00:00+03:00,32.0,32.31999969482422,31.479999542236328,31.520000457763672,1093193,0.0,0.0
2026-06-15 00:00:00+03:00,32.20000076293945,32.900001525878906,31.65999984741211,32.63999938964844,1453584,0.0,0.0
2026-06-16 00:00:00+03:00,32.599998474121094,33.040000915527344,31.959999084472656,32.040000915527344,1115397,0.0,0.0
2026-06-17 00:00:00+03:00,32.040000915527344,32.779998779296875,32.040000915527344,32.279998779296875,1149979,0.0,0.0
2026-06-18 00:00:00+03:00,32.459999084472656,32.70000076293945,31.68000030517578,31.84000015258789,1074816,0.0,0.0
2026-06-19 00:00:00+03:00,31.639999389648438,32.08000183105469,30.31999969482422,31.81999969482422,952674,0.0,0.0
2026-06-22 00:00:00+03:00,32.34000015258789,32.380001068115234,31.65999984741211,31.68000030517578,634528,0.0,0.0
2026-06-23 00:00:00+03:00,31.31999969482422,31.540000915527344,31.0,31.100000381469727,638572,0.0,0.0
2026-06-24 00:00:00+03:00,31.059999465942383,31.239999771118164,30.31999969482422,30.31999969482422,544886,0.0,0.0
2026-06-25 00:00:00+03:00,30.3799991607666,30.979999542236328,29.68000030517578,29.959999084472656,910621,0.0,0.0
2026-06-26 00:00:00+03:00,29.799999237060547,30.020000457763672,29.239999771118164,29.3799991607666,594080,0.0,0.0
2026-06-29 00:00:00+03:00,29.0,29.799999237060547,29.0,29.100000381469727,429367,0.0,0.0
2026-06-30 00:00:00+03:00,29.100000381469727,29.440000534057617,28.799999237060547,28.920000076293945,390714,0.0,0.0
2026-07-01 00:00:00+03:00,28.920000076293945,29.280000686645508,28.799999237060547,29.219999313354492,479463,0.0,0.0
2026-07-02 00:00:00+03:00,29.280000686645508,29.579999923706055,28.600000381469727,28.68000030517578,607911,0.0,0.0
2026-07-03 00:00:00+03:00,28.700000762939453,28.959999084472656,28.579999923706055,28.6200008392334,538395,0.0,0.0
2026-07-06 00:00:00+03:00,28.860000610351562,28.979999542236328,27.8799991607666,27.8799991607666,691109,0.0,0.0
2026-07-07 00:00:00+03:00,27.81999969482422,28.18000030517578,27.65999984741211,27.799999237060547,512943,0.0,0.0
2026-07-08 00:00:00+03:00,27.739999771118164,27.739999771118164,26.920000076293945,27.0,906405,0.0,0.0
2026-07-09 00:00:00+03:00,27.0,27.940000534057617,26.860000610351562,27.18000030517578,755329,0.0,0.0
2026-07-10 00:00:00+03:00,27.18000030517578,27.540000915527344,27.1200008392334,27.260000228881836,468063,0.0,0.0
2026-07-13 00:00:00+03:00,27.079999923706055,27.280000686645508,26.420000076293945,26.420000076293945,985656,0.0,0.0
2026-07-14 00:00:00+03:00,26.520000457763672,26.780000686645508,26.3799991607666,26.639999389648438,536974,0.0,0.0
2026-07-16 00:00:00+03:00,26.639999389648438,29.299999237060547,26.639999389648438,29.299999237060547,4118571,0.0,0.0
2026-07-17 00:00:00+03:00,30.100000381469727,31.479999542236328,29.399999618530273,29.940000534057617,7009706,0.0,0.0
2026-07-20 00:00:00+03:00,30.020000457763672,30.799999237060547,29.540000915527344,29.84000015258789,2504024,0.0,0.0
2026-07-21 00:00:00+03:00,30.399999618530273,31.719999313354492,29.420000076293945,29.420000076293945,4747554,0.0,0.0
2026-07-22 00:00:00+03:00,29.420000076293945,29.81999969482422,28.299999237060547,28.5,1970682,0.0,0.0
2026-07-23 00:00:00+03:00,28.440000534057617,28.5,28.040000915527344,28.139999389648438,786225,0.0,0.0
2026-07-24 00:00:00+03:00,28.139999389648438,28.260000228881836,27.81999969482422,27.959999084472656,648579,0.0,0.0
2026-07-27 00:00:00+03:00,28.139999389648438,28.399999618530273,27.440000534057617,27.5,614289,0.0,0.0
2026-07-28 00:00:00+03:00,27.5,27.719999313354492,27.079999923706055,27.079999923706055,556912,0.0,0.0
2026-07-29 00:00:00+03:00,27.0,27.15999984741211,26.1200008392334,26.459999084472656,1612567,0.0,0.0
2026-07-30 00:00:00+03:00,27.299999237060547,27.81999969482422,26.100000381469727,26.1200008392334,2510419,0.0,0.0
2026-08-03 00:00:00+03:00,26.799999237060547,26.979999542236328,26.1200008392334,26.139999389648438,912403,0.0,0.0
2026-08-04 00:00:00+03:00,26.399999618530273,26.81999969482422,26.100000381469727,26.700000762939453,1050603,0.0,0.0
2026-08-05 00:00:00+03:00,26.700000762939453,26.760000228881836,26.360000610351562,26.639999389648438,1043215,0.0,0.0
2026-08-06 00:00:00+03:00,26.780000686645508,27.299999237060547,26.34000015258789,26.34000015258789,1526175,0.0,0.0
2026-08-07 00:00:00+03:00,26.3799991607666,26.920000076293945,26.0,26.399999618530273,1726911,0.0,0.0
2026-08-10 00:00:00+03:00,26.540000915527344,26.920000076293945,26.459999084472656,26.459999084472656,828575,0.0,0.0
2026-08-11 00:00:00+03:00,26.5,26.65999984741211,25.940000534057617,26.1200008392334,1075948,0.0,0.0
2026-08-12 00:00:00+03:00,26.020000457763672,26.6200008392334,25.8799991607666,26.399999618530273,1659207,0.0,0.0
