date,open,high,low,close,volume,dividends,stock_splits
2021-08-19 00:00:00+03:00,4.675000190734863,4.675000190734863,4.675000190734863,4.675000190734863,22896,0.0,0.0
2021-08-20 00:00:00+03:00,5.139999866485596,5.139999866485596,5.139999866485596,5.139999866485596,55236,0.0,0.0
2021-08-23 00:00:00+03:00,5.650000095367432,5.650000095367432,5.650000095367432,5.650000095367432,1029216,0.0,0.0
2021-08-24 00:00:00+03:00,6.215000152587891,6.215000152587891,6.215000152587891,6.215000152587891,2500308,0.0,0.0
2021-08-25 00:00:00+03:00,6.835000038146973,6.835000038146973,6.429999828338623,6.835000038146973,219307116,0.0,0.0
2021-08-26 00:00:00+03:00,6.755000114440918,6.860000133514404,6.15500020980835,6.15500020980835,92911104,0.0,0.0
2021-08-27 00:00:00+03:00,6.0,6.385000228881836,5.764999866485596,5.795000076293945,106738444,0.0,0.0
2021-08-31 00:00:00+03:00,5.864999771118164,6.105000019073486,5.699999809265137,5.769999980926514,46640824,0.0,0.0
2021-09-01 00:00:00+03:00,5.795000076293945,5.864999771118164,5.744999885559082,5.769999980926514,23951656,0.0,0.0
2021-09-02 00:00:00+03:00,5.795000076293945,5.940000057220459,5.699999809265137,5.75,43010520,0.0,0.0
2021-09-03 00:00:00+03:00,5.75,5.789999961853027,5.625,5.625,32111096,0.0,0.0
2021-09-06 00:00:00+03:00,5.625,5.994999885559082,5.400000095367432,5.764999866485596,55512744,0.0,0.0
2021-09-07 00:00:00+03:00,5.724999904632568,5.824999809265137,5.320000171661377,5.349999904632568,38315828,0.0,0.0
2021-09-08 00:00:00+03:00,5.360000133514404,5.449999809265137,5.255000114440918,5.255000114440918,20390632,0.0,0.0
2021-09-09 00:00:00+03:00,5.25,5.554999828338623,5.25,5.315000057220459,33601512,0.0,0.0
2021-09-10 00:00:00+03:00,5.25,5.505000114440918,5.195000171661377,5.40500020980835,37962740,0.0,0.0
2021-09-13 00:00:00+03:00,5.425000190734863,5.945000171661377,5.425000190734863,5.945000171661377,62759804,0.0,0.0
2021-09-14 00:00:00+03:00,6.099999904632568,6.275000095367432,5.760000228881836,5.960000038146973,73526988,0.0,0.0
2021-09-15 00:00:00+03:00,6.019999980926514,6.25,5.90500020980835,6.164999961853027,36672692,0.0,0.0
2021-09-16 00:00:00+03:00,6.269999980926514,6.300000190734863,5.960000038146973,6.010000228881836,29238496,0.0,0.0
2021-09-17 00:00:00+03:00,6.050000190734863,6.079999923706055,5.864999771118164,5.869999885559082,14571140,0.0,0.0
2021-09-20 00:00:00+03:00,5.875,5.96999979019165,5.650000095367432,5.855000019073486,18566944,0.0,0.0
2021-09-21 00:00:00+03:00,5.894999980926514,6.159999847412109,5.889999866485596,6.099999904632568,22888484,0.0,0.0
2021-09-22 00:00:00+03:00,6.144999980926514,6.309999942779541,6.039999961853027,6.074999809265137,17182864,0.0,0.0
2021-09-23 00:00:00+03:00,6.090000152587891,6.675000190734863,6.090000152587891,6.53000020980835,40183624,0.0,0.0
2021-09-24 00:00:00+03:00,6.53000020980835,6.735000133514404,6.059999942779541,6.059999942779541,40140336,0.0,0.0
2021-09-27 00:00:00+03:00,6.175000190734863,6.5,6.130000114440918,6.304999828338623,32422600,0.0,0.0
2021-09-28 00:00:00+03:00,6.349999904632568,6.460000038146973,6.125,6.179999828338623,18775716,0.0,0.0
2021-09-29 00:00:00+03:00,6.21999979019165,6.275000095367432,6.150000095367432,6.195000171661377,11623932,0.0,0.0
2021-09-30 00:00:00+03:00,6.170000076293945,6.375,6.170000076293945,6.275000095367432,11718016,0.0,0.0
2021-10-01 00:00:00+03:00,6.25,6.335000038146973,6.190000057220459,6.195000171661377,9329436,0.0,0.0
2021-10-04 00:00:00+03:00,6.224999904632568,6.309999942779541,6.125,6.199999809265137,9101188,0.0,0.0
2021-10-05 00:00:00+03:00,6.244999885559082,6.309999942779541,6.159999847412109,6.190000057220459,14734404,0.0,0.0
2021-10-06 00:00:00+03:00,6.195000171661377,6.195000171661377,6.085000038146973,6.085000038146973,5205128,0.0,0.0
2021-10-07 00:00:00+03:00,6.074999809265137,6.690000057220459,6.050000190734863,6.445000171661377,12766304,0.0,0.0
2021-10-08 00:00:00+03:00,6.360000133514404,6.519999980926514,6.0,6.0,23053176,0.0,0.0
2021-10-11 00:00:00+03:00,6.0,6.144999980926514,5.400000095367432,5.400000095367432,39481968,0.0,0.0
2021-10-12 00:00:00+03:00,5.400000095367432,5.940000057220459,5.324999809265137,5.940000057220459,41939636,0.0,0.0
2021-10-13 00:00:00+03:00,5.945000171661377,6.224999904632568,5.724999904632568,5.724999904632568,46681024,0.0,0.0
2021-10-14 00:00:00+03:00,5.650000095367432,5.78000020980835,5.53000020980835,5.59499979019165,15202368,0.0,0.0
2021-10-15 00:00:00+03:00,5.599999904632568,5.914999961853027,5.579999923706055,5.599999904632568,21862388,0.0,0.0
2021-10-18 00:00:00+03:00,5.599999904632568,5.824999809265137,5.574999809265137,5.804999828338623,14509324,0.0,0.0
2021-10-19 00:00:00+03:00,5.835000038146973,5.894999980926514,5.699999809265137,5.724999904632568,6916336,0.0,0.0
2021-10-20 00:00:00+03:00,5.769999980926514,5.789999961853027,5.599999904632568,5.599999904632568,6274116,0.0,0.0
2021-10-21 00:00:00+03:00,5.605000019073486,5.71999979019165,5.505000114440918,5.534999847412109,6814384,0.0,0.0
2021-10-22 00:00:00+03:00,5.570000171661377,5.735000133514404,5.550000190734863,5.704999923706055,6322160,0.0,0.0
2021-10-25 00:00:00+03:00,5.639999866485596,5.764999866485596,5.59499979019165,5.599999904632568,7196108,0.0,0.0
2021-10-26 00:00:00+03:00,5.650000095367432,5.730000019073486,5.619999885559082,5.679999828338623,9137572,0.0,0.0
2021-10-27 00:00:00+03:00,5.684999942779541,5.755000114440918,5.635000228881836,5.699999809265137,11736028,0.0,0.0
2021-10-28 00:00:00+03:00,5.699999809265137,5.755000114440918,5.650000095367432,5.724999904632568,3046220,0.0,0.0
2021-11-01 00:00:00+03:00,5.724999904632568,5.78000020980835,5.644999980926514,5.65500020980835,3673068,0.0,0.0
2021-11-02 00:00:00+03:00,5.659999847412109,5.860000133514404,5.625,5.860000133514404,14742036,0.0,0.0
2021-11-03 00:00:00+03:00,5.960000038146973,5.965000152587891,5.5,5.744999885559082,15570356,0.0,0.0
2021-11-04 00:00:00+03:00,5.800000190734863,5.965000152587891,5.695000171661377,5.934999942779541,12312240,0.0,0.0
2021-11-05 00:00:00+03:00,5.994999885559082,6.355000019073486,5.849999904632568,5.849999904632568,27612620,0.0,0.0
2021-11-08 00:00:00+03:00,5.925000190734863,5.949999809265137,5.690000057220459,5.704999923706055,10405896,0.0,0.0
2021-11-09 00:00:00+03:00,5.730000019073486,5.775000095367432,5.625,5.625,5797904,0.0,0.0
2021-11-10 00:00:00+03:00,5.585000038146973,5.670000076293945,5.514999866485596,5.525000095367432,6574984,0.0,0.0
2021-11-11 00:00:00+03:00,5.480000019073486,5.639999866485596,5.369999885559082,5.380000114440918,9755060,0.0,0.0
2021-11-12 00:00:00+03:00,5.425000190734863,5.744999885559082,5.389999866485596,5.429999828338623,8311652,0.0,0.0
2021-11-15 00:00:00+03:00,5.449999809265137,5.59499979019165,5.449999809265137,5.514999866485596,9151312,0.0,0.0
2021-11-16 00:00:00+03:00,5.59499979019165,5.610000133514404,5.329999923706055,5.329999923706055,5362616,0.0,0.0
2021-11-17 00:00:00+03:00,5.369999885559082,5.454999923706055,5.34499979019165,5.409999847412109,2862084,0.0,0.0
2021-11-18 00:00:00+03:00,5.400000095367432,5.820000171661377,5.300000190734863,5.795000076293945,21768400,0.0,0.0
2021-11-19 00:00:00+03:00,5.824999809265137,6.369999885559082,5.760000228881836,6.369999885559082,24173564,0.0,0.0
2021-11-22 00:00:00+03:00,6.324999809265137,7.005000114440918,6.25,6.989999771118164,44143668,0.0,0.0
2021-11-23 00:00:00+03:00,6.875,6.900000095367432,6.295000076293945,6.295000076293945,11475972,0.0,0.0
2021-11-24 00:00:00+03:00,5.949999809265137,6.065000057220459,5.670000076293945,5.849999904632568,14718744,0.0,0.0
2021-11-25 00:00:00+03:00,5.914999961853027,6.03000020980835,5.730000019073486,5.75,10479272,0.0,0.0
2021-11-26 00:00:00+03:00,5.675000190734863,5.809999942779541,5.554999828338623,5.590000152587891,6142160,0.0,0.0
2021-11-29 00:00:00+03:00,5.625,5.960000038146973,5.610000133514404,5.775000095367432,11857360,0.0,0.0
2021-11-30 00:00:00+03:00,5.724999904632568,5.860000133514404,5.675000190734863,5.710000038146973,6093324,0.0,0.0
2021-12-01 00:00:00+03:00,5.90500020980835,5.90500020980835,5.695000171661377,5.715000152587891,4856696,0.0,0.0
2021-12-02 00:00:00+03:00,5.755000114440918,5.849999904632568,5.71999979019165,5.730000019073486,5668600,0.0,0.0
2021-12-03 00:00:00+03:00,5.820000171661377,5.829999923706055,5.635000228881836,5.699999809265137,8743680,0.0,0.0
2021-12-06 00:00:00+03:00,5.710000038146973,5.775000095367432,5.650000095367432,5.724999904632568,5925380,0.0,0.0
2021-12-07 00:00:00+03:00,5.78000020980835,6.074999809265137,5.769999980926514,5.920000076293945,14198876,0.0,0.0
2021-12-08 00:00:00+03:00,5.909999847412109,5.96999979019165,5.329999923706055,5.329999923706055,22435892,0.0,0.0
2021-12-09 00:00:00+03:00,5.050000190734863,5.53000020980835,5.005000114440918,5.239999771118164,28848912,0.0,0.0
2021-12-10 00:00:00+03:00,5.28000020980835,5.489999771118164,5.199999809265137,5.244999885559082,11850664,0.0,0.0
2021-12-13 00:00:00+03:00,5.25,5.300000190734863,5.099999904632568,5.125,12127992,0.0,0.0
2021-12-14 00:00:00+03:00,5.184999942779541,5.190000057220459,4.994999885559082,4.994999885559082,8551408,0.0,0.0
2021-12-15 00:00:00+03:00,5.025000095367432,5.025000095367432,4.807499885559082,4.8125,13071716,0.0,0.0
2021-12-16 00:00:00+03:00,4.862500190734863,5.125,4.840000152587891,4.922500133514404,15389140,0.0,0.0
2021-12-17 00:00:00+03:00,4.947500228881836,5.045000076293945,4.432499885559082,4.432499885559082,21172988,0.0,0.0
2021-12-20 00:00:00+03:00,4.40749979019165,4.512499809265137,4.005000114440918,4.204999923706055,11159212,0.0,0.0
2021-12-21 00:00:00+03:00,4.485000133514404,4.485000133514404,4.127500057220459,4.25,8417728,0.0,0.0
2021-12-22 00:00:00+03:00,4.262499809265137,4.300000190734863,4.195000171661377,4.199999809265137,5081224,0.0,0.0
2021-12-23 00:00:00+03:00,4.25,4.28249979019165,4.175000190734863,4.235000133514404,5633440,0.0,0.0
2021-12-24 00:00:00+03:00,4.25,4.292500019073486,4.184999942779541,4.212500095367432,6941460,0.0,0.0
2021-12-27 00:00:00+03:00,4.244999885559082,4.392499923706055,4.117499828338623,4.144999980926514,14746704,0.0,0.0
2021-12-28 00:00:00+03:00,4.159999847412109,4.292500019073486,4.047500133514404,4.0625,12404552,0.0,0.0
2021-12-29 00:00:00+03:00,4.137499809265137,4.387499809265137,4.090000152587891,4.300000190734863,20621488,0.0,0.0
2021-12-30 00:00:00+03:00,4.340000152587891,4.34250020980835,4.197500228881836,4.212500095367432,7183860,0.0,0.0
2021-12-31 00:00:00+03:00,4.212500095367432,4.322500228881836,4.204999923706055,4.275000095367432,8110908,0.0,0.0
2022-01-03 00:00:00+03:00,4.315000057220459,4.622499942779541,4.315000057220459,4.525000095367432,15401812,0.0,0.0
2022-01-04 00:00:00+03:00,4.574999809265137,4.590000152587891,4.425000190734863,4.454999923706055,8967664,0.0,0.0
2022-01-05 00:00:00+03:00,4.474999904632568,4.545000076293945,4.449999809265137,4.5,6551356,0.0,0.0
2022-01-06 00:00:00+03:00,4.494999885559082,4.724999904632568,4.452499866485596,4.517499923706055,13187060,0.0,0.0
2022-01-07 00:00:00+03:00,4.554999828338623,4.557499885559082,4.427499771118164,4.449999809265137,5981332,0.0,0.0
2022-01-10 00:00:00+03:00,4.474999904632568,4.612500190734863,4.452499866485596,4.452499866485596,8530896,0.0,0.0
2022-01-11 00:00:00+03:00,4.474999904632568,4.542500019073486,4.402500152587891,4.429999828338623,8703344,0.0,0.0
2022-01-12 00:00:00+03:00,4.462500095367432,4.46750020980835,4.377500057220459,4.385000228881836,4130192,0.0,0.0
2022-01-13 00:00:00+03:00,4.394999980926514,4.394999980926514,4.309999942779541,4.315000057220459,3645168,0.0,0.0
2022-01-14 00:00:00+03:00,4.320000171661377,4.385000228881836,4.300000190734863,4.34250020980835,3632816,0.0,0.0
2022-01-17 00:00:00+03:00,4.360000133514404,4.422500133514404,4.360000133514404,4.375,3320500,0.0,0.0
2022-01-18 00:00:00+03:00,4.377500057220459,4.522500038146973,4.262499809265137,4.262499809265137,13308896,0.0,0.0
2022-01-19 00:00:00+03:00,4.277500152587891,4.329999923706055,4.199999809265137,4.309999942779541,5326260,0.0,0.0
2022-01-20 00:00:00+03:00,4.309999942779541,4.514999866485596,4.269999980926514,4.449999809265137,11909996,0.0,0.0
2022-01-21 00:00:00+03:00,4.4375,4.505000114440918,4.360000133514404,4.412499904632568,6764800,0.0,0.0
2022-01-24 00:00:00+03:00,4.449999809265137,4.5,4.262499809265137,4.275000095367432,7187924,0.0,0.0
2022-01-25 00:00:00+03:00,4.28249979019165,4.34250020980835,4.264999866485596,4.284999847412109,4358836,0.0,0.0
2022-01-26 00:00:00+03:00,4.307499885559082,4.337500095367432,4.277500152587891,4.277500152587891,4105168,0.0,0.0
2022-01-27 00:00:00+03:00,4.267499923706055,4.332499980926514,4.25,4.322500228881836,3782448,0.0,0.0
2022-01-28 00:00:00+03:00,4.335000038146973,4.362500190734863,4.264999866485596,4.269999980926514,7170568,0.0,0.0
2022-01-31 00:00:00+03:00,4.307499885559082,4.525000095367432,4.300000190734863,4.497499942779541,17160632,0.0,0.0
2022-02-01 00:00:00+03:00,4.525000095367432,4.547500133514404,4.40500020980835,4.429999828338623,6658052,0.0,0.0
2022-02-02 00:00:00+03:00,4.4375,4.59250020980835,4.422500133514404,4.522500038146973,15587080,0.0,0.0
2022-02-03 00:00:00+03:00,4.525000095367432,4.912499904632568,4.525000095367432,4.627500057220459,34329960,0.0,0.0
2022-02-04 00:00:00+03:00,4.65749979019165,4.769999980926514,4.627500057220459,4.710000038146973,13171028,0.0,0.0
2022-02-07 00:00:00+03:00,4.792500019073486,4.822500228881836,4.712500095367432,4.747499942779541,8064024,0.0,0.0
2022-02-08 00:00:00+03:00,4.75,4.762499809265137,4.59499979019165,4.650000095367432,9800888,0.0,0.0
2022-02-09 00:00:00+03:00,4.6875,4.6875,4.574999809265137,4.590000152587891,7887764,0.0,0.0
2022-02-10 00:00:00+03:00,4.612500190734863,4.622499942779541,4.557499885559082,4.557499885559082,4687684,0.0,0.0
2022-02-11 00:00:00+03:00,4.565000057220459,4.579999923706055,4.472499847412109,4.547500133514404,4784896,0.0,0.0
2022-02-14 00:00:00+03:00,4.525000095367432,4.550000190734863,4.380000114440918,4.4375,5491372,0.0,0.0
2022-02-15 00:00:00+03:00,4.462500095367432,4.632500171661377,4.460000038146973,4.514999866485596,8882332,0.0,0.0
2022-02-16 00:00:00+03:00,4.527500152587891,4.632500171661377,4.522500038146973,4.585000038146973,7624780,0.0,0.0
2022-02-17 00:00:00+03:00,4.599999904632568,4.784999847412109,4.510000228881836,4.519999980926514,13294616,0.0,0.0
2022-02-18 00:00:00+03:00,4.547500133514404,4.760000228881836,4.480000019073486,4.667500019073486,14402328,0.0,0.0
2022-02-21 00:00:00+03:00,4.682499885559082,4.835000038146973,4.662499904632568,4.699999809265137,12525416,0.0,0.0
2022-02-22 00:00:00+03:00,4.682499885559082,4.739999771118164,4.53000020980835,4.632500171661377,13529960,0.0,0.0
2022-02-23 00:00:00+03:00,4.662499904632568,4.775000095367432,4.579999923706055,4.579999923706055,9228852,0.0,0.0
2022-02-24 00:00:00+03:00,4.309999942779541,4.34499979019165,4.122499942779541,4.122499942779541,7478772,0.0,0.0
2022-02-25 00:00:00+03:00,4.152500152587891,4.53249979019165,4.105000019073486,4.53249979019165,12480116,0.0,0.0
2022-02-28 00:00:00+03:00,4.460000038146973,4.692500114440918,4.429999828338623,4.617499828338623,10708432,0.0,0.0
2022-03-01 00:00:00+03:00,4.675000190734863,4.849999904632568,4.642499923706055,4.769999980926514,14450608,0.0,0.0
2022-03-02 00:00:00+03:00,4.777500152587891,4.789999961853027,4.574999809265137,4.590000152587891,6784380,0.0,0.0
2022-03-03 00:00:00+03:00,4.605000019073486,4.699999809265137,4.582499980926514,4.599999904632568,6598656,0.0,0.0
2022-03-04 00:00:00+03:00,4.625,4.635000228881836,4.5,4.505000114440918,5287076,0.0,0.0
2022-03-07 00:00:00+03:00,4.534999847412109,4.539999961853027,4.412499904632568,4.449999809265137,4508524,0.0,0.0
2022-03-08 00:00:00+03:00,4.482500076293945,4.492499828338623,4.417500019073486,4.425000190734863,3244460,0.0,0.0
2022-03-09 00:00:00+03:00,4.447500228881836,4.554999828338623,4.4375,4.485000133514404,4832720,0.0,0.0
2022-03-10 00:00:00+03:00,4.522500038146973,4.552499771118164,4.4375,4.454999923706055,3793112,0.0,0.0
2022-03-11 00:00:00+03:00,4.480000019073486,4.53249979019165,4.460000038146973,4.512499809265137,3953376,0.0,0.0
2022-03-14 00:00:00+03:00,4.510000228881836,4.552499771118164,4.502500057220459,4.510000228881836,2894796,0.0,0.0
2022-03-15 00:00:00+03:00,4.489999771118164,4.5625,4.489999771118164,4.497499942779541,3782708,0.0,0.0
2022-03-16 00:00:00+03:00,4.510000228881836,4.53000020980835,4.440000057220459,4.445000171661377,3260400,0.0,0.0
2022-03-17 00:00:00+03:00,4.474999904632568,4.512499809265137,4.462500095367432,4.482500076293945,2068212,0.0,0.0
2022-03-18 00:00:00+03:00,4.5,4.542500019073486,4.482500076293945,4.534999847412109,6238304,0.0,0.0
2022-03-21 00:00:00+03:00,4.5625,4.65749979019165,4.5625,4.632500171661377,5247220,0.0,0.0
2022-03-22 00:00:00+03:00,4.637499809265137,4.642499923706055,4.574999809265137,4.602499961853027,3430620,0.0,0.0
2022-03-23 00:00:00+03:00,4.605000019073486,4.619999885559082,4.512499809265137,4.567500114440918,5708880,0.0,0.0
2022-03-24 00:00:00+03:00,4.602499961853027,4.617499828338623,4.514999866485596,4.514999866485596,10709644,0.0,0.0
2022-03-25 00:00:00+03:00,4.567500114440918,4.630000114440918,4.539999961853027,4.557499885559082,8383160,0.0,0.0
2022-03-28 00:00:00+03:00,4.590000152587891,4.730000019073486,4.587500095367432,4.65749979019165,9292428,0.0,0.0
2022-03-29 00:00:00+03:00,4.664999961853027,4.992499828338623,4.664999961853027,4.954999923706055,25465636,0.0,0.0
2022-03-30 00:00:00+03:00,4.974999904632568,5.014999866485596,4.797500133514404,4.809999942779541,8514840,0.0,0.0
2022-03-31 00:00:00+03:00,4.824999809265137,4.837500095367432,4.6875,4.704999923706055,7830400,0.0,0.0
2022-04-01 00:00:00+03:00,4.724999904632568,4.737500190734863,4.667500019073486,4.675000190734863,4927560,0.0,0.0
2022-04-04 00:00:00+03:00,4.6875,4.802499771118164,4.637499809265137,4.712500095367432,6778728,0.0,0.0
2022-04-05 00:00:00+03:00,4.735000133514404,4.769999980926514,4.679999828338623,4.6875,6453664,0.0,0.0
2022-04-06 00:00:00+03:00,4.722499847412109,4.872499942779541,4.71999979019165,4.775000095367432,15201580,0.0,0.0
2022-04-07 00:00:00+03:00,4.78000020980835,4.872499942779541,4.78000020980835,4.855000019073486,7814236,0.0,0.0
2022-04-08 00:00:00+03:00,4.900000095367432,5.150000095367432,4.900000095367432,5.070000171661377,19279024,0.0,0.0
2022-04-11 00:00:00+03:00,5.074999809265137,5.090000152587891,4.945000171661377,4.974999904632568,10575720,0.0,0.0
2022-04-12 00:00:00+03:00,4.972499847412109,5.170000076293945,4.882500171661377,5.050000190734863,14136884,0.0,0.0
2022-04-13 00:00:00+03:00,5.074999809265137,5.150000095367432,4.960000038146973,5.010000228881836,11078592,0.0,0.0
2022-04-14 00:00:00+03:00,5.099999904632568,5.184999942779541,5.039999961853027,5.135000228881836,9340920,0.0,0.0
2022-04-15 00:00:00+03:00,5.25,5.414999961853027,5.21999979019165,5.309999942779541,17095492,0.0,0.0
2022-04-18 00:00:00+03:00,5.309999942779541,5.324999809265137,5.21999979019165,5.235000133514404,6147744,0.0,0.0
2022-04-19 00:00:00+03:00,5.235000133514404,5.260000228881836,5.050000190734863,5.105000019073486,7485568,0.0,0.0
2022-04-20 00:00:00+03:00,5.235000133514404,5.289999961853027,5.159999847412109,5.21999979019165,8268384,0.0,0.0
2022-04-21 00:00:00+03:00,5.215000152587891,5.320000171661377,5.199999809265137,5.275000095367432,6069976,0.0,0.0
2022-04-22 00:00:00+03:00,5.340000152587891,5.454999923706055,5.074999809265137,5.09499979019165,13067912,0.0,0.0
2022-04-25 00:00:00+03:00,5.224999904632568,5.300000190734863,5.105000019073486,5.179999828338623,8619108,0.0,0.0
2022-04-26 00:00:00+03:00,5.215000152587891,5.414999961853027,5.179999828338623,5.21999979019165,18373456,0.0,0.0
2022-04-27 00:00:00+03:00,5.25,5.269999980926514,5.15500020980835,5.244999885559082,8816616,0.0,0.0
2022-04-28 00:00:00+03:00,5.269999980926514,5.445000171661377,5.239999771118164,5.429999828338623,14566904,0.0,0.0
2022-04-29 00:00:00+03:00,5.474999904632568,5.690000057220459,5.360000133514404,5.59499979019165,20149160,0.0,0.0
2022-05-05 00:00:00+03:00,5.610000133514404,6.014999866485596,5.610000133514404,5.875,16465504,0.0,0.0
2022-05-06 00:00:00+03:00,5.889999866485596,6.224999904632568,5.855000019073486,6.199999809265137,22010056,0.0,0.0
2022-05-09 00:00:00+03:00,6.300000190734863,6.369999885559082,6.110000133514404,6.144999980926514,14800136,0.0,0.0
2022-05-10 00:00:00+03:00,6.295000076293945,6.295000076293945,6.119999885559082,6.179999828338623,1849396,0.0,0.0
2022-05-11 00:00:00+03:00,6.119999885559082,6.175000190734863,5.96999979019165,6.090000152587891,12960388,0.0,0.0
2022-05-12 00:00:00+03:00,6.0,6.110000133514404,5.755000114440918,5.855000019073486,11811208,0.0,0.0
2022-05-13 00:00:00+03:00,5.929999828338623,6.309999942779541,5.885000228881836,6.309999942779541,13724728,0.0,0.0
2022-05-16 00:00:00+03:00,6.335000038146973,6.650000095367432,6.329999923706055,6.485000133514404,14904120,0.0,0.0
2022-05-17 00:00:00+03:00,6.525000095367432,6.554999828338623,6.204999923706055,6.25,12564440,0.0,0.0
2022-05-18 00:00:00+03:00,6.300000190734863,6.400000095367432,6.054999828338623,6.119999885559082,11016416,0.0,0.0
2022-05-20 00:00:00+03:00,6.119999885559082,6.130000114440918,5.849999904632568,5.90500020980835,13745800,0.0,0.0
2022-05-23 00:00:00+03:00,6.045000076293945,6.099999904632568,5.744999885559082,5.769999980926514,10316984,0.0,0.0
2022-05-24 00:00:00+03:00,5.78000020980835,5.909999847412109,5.695000171661377,5.789999961853027,7195864,0.0,0.0
2022-05-25 00:00:00+03:00,5.90500020980835,6.045000076293945,5.864999771118164,5.949999809265137,11114556,0.0,0.0
2022-05-26 00:00:00+03:00,5.954999923706055,6.545000076293945,5.954999923706055,6.545000076293945,20800836,0.0,0.0
2022-05-27 00:00:00+03:00,6.769999980926514,6.945000171661377,6.559999942779541,6.789999961853027,30974176,0.0,0.0
2022-05-30 00:00:00+03:00,6.820000171661377,7.429999828338623,6.610000133514404,7.085000038146973,32026876,0.0,0.0
2022-05-31 00:00:00+03:00,7.119999885559082,7.34499979019165,7.039999961853027,7.150000095367432,20251592,0.0,0.0
2022-06-01 00:00:00+03:00,7.15500020980835,7.614999771118164,7.15500020980835,7.539999961853027,20393348,0.0,0.0
2022-06-02 00:00:00+03:00,7.550000190734863,7.590000152587891,7.329999923706055,7.329999923706055,11417488,0.0,0.0
2022-06-03 00:00:00+03:00,7.385000228881836,7.784999847412109,7.385000228881836,7.670000076293945,16912252,0.0,0.0
2022-06-06 00:00:00+03:00,7.739999771118164,7.789999961853027,7.525000095367432,7.53000020980835,11854496,0.0,0.0
2022-06-07 00:00:00+03:00,7.539999961853027,7.75,7.485000133514404,7.639999866485596,10248212,0.0,0.0
2022-06-08 00:00:00+03:00,7.744999885559082,8.024999618530273,7.480000019073486,7.554999828338623,22495908,0.0,0.0
2022-06-09 00:00:00+03:00,7.590000152587891,7.860000133514404,7.449999809265137,7.840000152587891,14127332,0.0,0.0
2022-06-10 00:00:00+03:00,7.824999809265137,8.270000457763672,7.724999904632568,8.194999694824219,15708724,0.0,0.0
2022-06-13 00:00:00+03:00,8.194999694824219,8.28499984741211,7.414999961853027,7.574999809265137,25097088,0.0,0.0
2022-06-14 00:00:00+03:00,7.739999771118164,7.75,7.324999809265137,7.585000038146973,15446976,0.0,0.0
2022-06-15 00:00:00+03:00,7.679999828338623,8.0600004196167,7.679999828338623,7.800000190734863,13336068,0.0,0.0
2022-06-16 00:00:00+03:00,7.824999809265137,8.125,7.71999979019165,8.09000015258789,16731604,0.0,0.0
2022-06-17 00:00:00+03:00,8.114999771118164,8.1899995803833,7.980000019073486,8.145000457763672,11100124,0.0,0.0
2022-06-20 00:00:00+03:00,8.324999809265137,8.375,8.0,8.0,9791992,0.0,0.0
2022-06-21 00:00:00+03:00,8.015000343322754,8.095000267028809,7.900000095367432,8.020000457763672,7843288,0.0,0.0
2022-06-22 00:00:00+03:00,8.239999771118164,8.46500015258789,8.149999618530273,8.425000190734863,20769984,0.0,0.0
2022-06-23 00:00:00+03:00,8.925000190734863,9.125,8.800000190734863,8.875,24060204,0.0,0.0
2022-06-24 00:00:00+03:00,8.9399995803833,9.444999694824219,8.71500015258789,9.354999542236328,23083260,0.0,0.0
2022-06-27 00:00:00+03:00,9.175000190734863,10.210000038146973,9.154999732971191,9.680000305175781,27296024,0.0,0.0
2022-06-28 00:00:00+03:00,9.795000076293945,10.095000267028809,9.5649995803833,9.984999656677246,20028040,0.0,0.0
2022-06-29 00:00:00+03:00,10.029999732971191,10.1850004196167,9.755000114440918,9.755000114440918,13206492,0.0,0.0
2022-06-30 00:00:00+03:00,9.800000190734863,10.729999542236328,9.699999809265137,10.505000114440918,30553676,0.0,0.0
2022-07-01 00:00:00+03:00,10.619999885559082,11.555000305175781,10.619999885559082,11.555000305175781,25179468,0.0,0.0
2022-07-04 00:00:00+03:00,11.350000381469727,12.479999542236328,11.350000381469727,11.630000114440918,56416932,0.0,0.0
2022-07-05 00:00:00+03:00,11.994999885559082,12.300000190734863,11.664999961853027,12.125,31219048,0.0,0.0
2022-07-06 00:00:00+03:00,12.100000381469727,12.319999694824219,11.449999809265137,11.545000076293945,25004744,0.0,0.0
2022-07-07 00:00:00+03:00,11.609999656677246,12.135000228881836,11.4350004196167,11.875,23699744,0.0,0.0
2022-07-08 00:00:00+03:00,11.864999771118164,13.0625,11.75,13.0625,16960608,0.0,0.0
2022-07-13 00:00:00+03:00,13.300000190734863,14.362500190734863,13.125,14.137499809265137,24575604,0.0,0.0
2022-07-14 00:00:00+03:00,14.0625,14.0625,12.725000381469727,12.862500190734863,27491008,0.0,0.0
2022-07-18 00:00:00+03:00,12.75,12.75,11.625,11.800000190734863,25887772,0.0,0.0
2022-07-19 00:00:00+03:00,11.914999961853027,12.975000381469727,11.875,12.975000381469727,23980156,0.0,0.0
2022-07-20 00:00:00+03:00,13.125,13.625,12.75,12.925000190734863,17539992,0.0,0.0
2022-07-21 00:00:00+03:00,12.925000190734863,13.375,12.420000076293945,13.125,13616728,0.0,0.0
2022-07-22 00:00:00+03:00,13.149999618530273,13.399999618530273,12.899999618530273,12.949999809265137,7043304,0.0,0.0
2022-07-25 00:00:00+03:00,12.949999809265137,13.4375,12.6875,13.25,12094348,0.0,0.0
2022-07-26 00:00:00+03:00,13.212499618530273,13.662500381469727,12.9375,13.350000381469727,11368236,0.0,0.0
2022-07-27 00:00:00+03:00,13.5,13.512499809265137,13.112500190734863,13.274999618530273,9545348,0.0,0.0
2022-07-28 00:00:00+03:00,13.412500381469727,14.137499809265137,13.1875,13.475000381469727,14562844,0.0,0.0
2022-07-29 00:00:00+03:00,13.637499809265137,13.987500190734863,13.387499809265137,13.8125,9307568,0.0,0.0
2022-08-01 00:00:00+03:00,14.125,15.1875,14.0,15.1875,16100964,0.0,0.0
2022-08-02 00:00:00+03:00,15.3125,16.137500762939453,14.550000190734863,14.800000190734863,22437444,0.0,0.0
2022-08-03 00:00:00+03:00,14.875,15.375,14.8125,14.925000190734863,7542196,0.0,0.0
2022-08-04 00:00:00+03:00,15.0,15.824999809265137,14.625,15.037500381469727,12405012,0.0,0.0
2022-08-05 00:00:00+03:00,15.149999618530273,16.375,15.074999809265137,15.987500190734863,14754016,0.0,0.0
2022-08-08 00:00:00+03:00,16.549999237060547,17.424999237060547,16.5,17.424999237060547,14714928,0.0,0.0
2022-08-09 00:00:00+03:00,17.362499237060547,18.200000762939453,16.674999237060547,17.6875,17079688,0.0,0.0
2022-08-10 00:00:00+03:00,17.6875,17.837499618530273,16.737499237060547,16.774999618530273,11164340,0.0,0.0
2022-08-11 00:00:00+03:00,16.6875,17.299999237060547,16.25,17.125,9181336,0.0,0.0
2022-08-12 00:00:00+03:00,17.125,17.737499237060547,16.837499618530273,17.200000762939453,11434460,0.0,0.0
2022-08-15 00:00:00+03:00,17.25,17.912500381469727,16.962499618530273,17.200000762939453,10879852,0.0,0.0
2022-08-16 00:00:00+03:00,17.875,18.100000381469727,16.987499237060547,17.700000762939453,13187760,0.0,0.0
2022-08-17 00:00:00+03:00,17.75,17.762500762939453,17.012500762939453,17.337499618530273,8738644,0.0,0.0
2022-08-18 00:00:00+03:00,17.762500762939453,17.8125,16.899999618530273,17.25,15557996,0.0,0.0
2022-08-19 00:00:00+03:00,17.200000762939453,17.299999237060547,16.674999237060547,16.6875,7905688,0.0,0.0
2022-08-22 00:00:00+03:00,16.6875,16.862499237060547,16.012500762939453,16.225000381469727,11619076,0.0,0.0
2022-08-23 00:00:00+03:00,16.125,17.049999237060547,15.875,16.462499618530273,14583952,0.0,0.0
2022-08-24 00:00:00+03:00,16.625,16.637500762939453,15.837499618530273,15.949999809265137,8449244,0.0,0.0
2022-08-25 00:00:00+03:00,16.125,16.25,15.350000381469727,15.487500190734863,10481092,0.0,0.0
2022-08-26 00:00:00+03:00,15.587499618530273,16.850000381469727,15.024999618530273,16.424999237060547,21104232,0.0,0.0
2022-08-29 00:00:00+03:00,16.25,16.337499618530273,15.612500190734863,15.737500190734863,9728176,0.0,0.0
2022-08-31 00:00:00+03:00,15.737500190734863,16.75,15.5,16.75,14848260,0.0,0.0
2022-09-01 00:00:00+03:00,17.375,18.0,17.075000762939453,17.462499618530273,16246992,0.0,0.0
2022-09-02 00:00:00+03:00,17.412500381469727,17.450000762939453,16.700000762939453,16.799999237060547,13133196,0.0,0.0
2022-09-05 00:00:00+03:00,17.512500762939453,17.862499237060547,16.987499237060547,17.112499237060547,14891072,0.0,0.0
2022-09-06 00:00:00+03:00,17.200000762939453,17.299999237060547,16.4375,16.825000762939453,12613972,0.0,0.0
2022-09-07 00:00:00+03:00,16.9375,17.149999618530273,16.475000381469727,16.649999618530273,9356640,0.0,0.0
2022-09-08 00:00:00+03:00,16.75,17.112499237060547,16.237499237060547,16.337499618530273,9529056,0.0,0.0
2022-09-09 00:00:00+03:00,16.4375,16.537500381469727,16.024999618530273,16.087499618530273,6023920,0.0,0.0
2022-09-12 00:00:00+03:00,16.137500762939453,16.75,15.837499618530273,16.012500762939453,13490120,0.0,0.0
2022-09-13 00:00:00+03:00,15.962499618530273,15.962499618530273,15.25,15.649999618530273,10424868,0.0,0.0
2022-09-14 00:00:00+03:00,15.550000190734863,17.212499618530273,15.25,16.825000762939453,14814060,0.0,0.0
2022-09-15 00:00:00+03:00,17.25,17.274999618530273,16.325000762939453,16.612499237060547,7075720,0.0,0.0
2022-09-16 00:00:00+03:00,16.625,16.850000381469727,16.200000762939453,16.274999618530273,7555296,0.0,0.0
2022-09-19 00:00:00+03:00,16.274999618530273,17.0625,16.200000762939453,16.350000381469727,11815332,0.0,0.0
2022-09-20 00:00:00+03:00,16.9375,17.950000762939453,16.649999618530273,17.75,22751944,0.0,0.0
2022-09-21 00:00:00+03:00,17.762500762939453,19.524999618530273,17.375,19.524999618530273,25972892,0.0,0.0
2022-09-22 00:00:00+03:00,19.725000381469727,20.8125,19.524999618530273,19.662500381469727,30325456,0.0,0.0
2022-09-23 00:00:00+03:00,20.225000381469727,21.0,19.825000762939453,20.25,23743908,0.0,0.0
2022-09-26 00:00:00+03:00,20.850000381469727,21.700000762939453,20.075000762939453,20.737499237060547,22856316,0.0,0.0
2022-09-27 00:00:00+03:00,20.737499237060547,21.612499237060547,20.049999237060547,21.274999618530273,20742460,0.0,0.0
2022-09-28 00:00:00+03:00,21.274999618530273,21.424999237060547,20.1875,20.1875,12500532,0.0,0.0
2022-09-29 00:00:00+03:00,21.137500762939453,21.924999237060547,20.325000762939453,21.399999618530273,28975196,0.0,0.0
2022-09-30 00:00:00+03:00,21.399999618530273,21.4375,20.799999237060547,21.0,12504904,0.0,0.0
2022-10-03 00:00:00+03:00,21.237499237060547,22.487499237060547,20.837499618530273,22.125,23349840,0.0,0.0
2022-10-04 00:00:00+03:00,22.174999237060547,22.899999618530273,21.625,22.174999237060547,20006920,0.0,0.0
2022-10-05 00:00:00+03:00,22.200000762939453,24.162500381469727,22.012500762939453,23.487499237060547,24291912,0.0,0.0
2022-10-06 00:00:00+03:00,23.587499618530273,24.174999237060547,23.0,23.262500762939453,17889212,0.0,0.0
2022-10-07 00:00:00+03:00,23.262500762939453,23.700000762939453,22.837499618530273,22.912500381469727,9366072,0.0,0.0
2022-10-10 00:00:00+03:00,23.0,24.5,22.25,24.137500762939453,20438604,0.0,0.0
2022-10-11 00:00:00+03:00,24.375,24.787500381469727,23.174999237060547,23.6875,11605816,0.0,0.0
2022-10-12 00:00:00+03:00,25.649999618530273,26.049999237060547,25.0,26.049999237060547,23853524,0.0,0.0
2022-10-13 00:00:00+03:00,27.25,28.649999618530273,26.049999237060547,27.200000762939453,19431288,0.0,0.0
2022-10-14 00:00:00+03:00,28.5,29.899999618530273,27.75,29.899999618530273,24183572,0.0,0.0
2022-10-17 00:00:00+03:00,31.325000762939453,32.875,31.299999237060547,32.875,13877124,0.0,0.0
2022-10-18 00:00:00+03:00,33.650001525878906,35.349998474121094,31.575000762939453,34.0,39233564,0.0,0.0
2022-10-19 00:00:00+03:00,35.875,37.400001525878906,35.875,37.400001525878906,14897136,0.0,0.0
2022-10-20 00:00:00+03:00,38.57500076293945,41.125,38.57500076293945,41.125,17855480,0.0,0.0
2022-10-21 00:00:00+03:00,42.125,44.67499923706055,41.125,43.875,22674112,0.0,0.0
2022-10-24 00:00:00+03:00,47.25,47.25,39.5,39.5,33665008,0.0,0.0
2022-10-25 00:00:00+03:00,39.474998474121094,43.45000076293945,35.54999923706055,42.875,53551376,0.0,0.0
2022-10-26 00:00:00+03:00,42.849998474121094,42.849998474121094,39.025001525878906,40.75,5449060,0.0,0.0
2022-10-27 00:00:00+03:00,40.474998474121094,40.474998474121094,38.07500076293945,38.45000076293945,4034056,0.0,0.0
2022-10-28 00:00:00+03:00,38.45000076293945,40.275001525878906,37.79999923706055,39.875,1368992,0.0,0.0
2022-10-31 00:00:00+03:00,39.849998474121094,42.5,38.29999923706055,41.0,5970472,0.0,0.0
2022-11-01 00:00:00+03:00,41.0,45.099998474121094,39.775001525878906,45.099998474121094,7757496,0.0,0.0
2022-11-02 00:00:00+03:00,45.099998474121094,47.5,42.849998474121094,45.57500076293945,5572316,0.0,0.0
2022-11-03 00:00:00+03:00,45.25,47.099998474121094,43.75,45.099998474121094,4184392,0.0,0.0
2022-11-04 00:00:00+03:00,45.099998474121094,46.25,44.25,45.0,3103024,0.0,0.0
2022-11-07 00:00:00+03:00,45.07500076293945,47.25,45.07500076293945,46.775001525878906,3835584,0.0,0.0
2022-11-08 00:00:00+03:00,46.92499923706055,51.45000076293945,46.900001525878906,51.45000076293945,5386220,0.0,0.0
2022-11-09 00:00:00+03:00,51.875,56.57500076293945,51.849998474121094,56.57500076293945,5209712,0.0,0.0
2022-11-10 00:00:00+03:00,55.375,60.0,52.625,55.5,15065788,0.0,0.0
2022-11-11 00:00:00+03:00,55.525001525878906,57.42499923706055,53.67499923706055,57.099998474121094,6613668,0.0,0.0
2022-11-14 00:00:00+03:00,57.099998474121094,62.42499923706055,57.099998474121094,60.32500076293945,7122288,0.0,0.0
2022-11-15 00:00:00+03:00,60.32500076293945,63.95000076293945,58.875,63.0,7900448,0.0,0.0
2022-11-16 00:00:00+03:00,63.25,67.5,60.099998474121094,63.474998474121094,9962672,0.0,0.0
2022-11-17 00:00:00+03:00,63.5,63.75,57.150001525878906,57.20000076293945,7814108,0.0,0.0
2022-11-18 00:00:00+03:00,55.32500076293945,57.0,51.775001525878906,51.775001525878906,3018000,0.0,0.0
2022-11-21 00:00:00+03:00,46.599998474121094,56.95000076293945,46.599998474121094,56.95000076293945,4724584,0.0,0.0
2022-11-22 00:00:00+03:00,57.150001525878906,62.474998474121094,57.0,62.07500076293945,16278764,0.0,0.0
2022-11-23 00:00:00+03:00,64.0,68.2750015258789,57.95000076293945,68.2750015258789,15463168,0.0,0.0
2022-11-24 00:00:00+03:00,75.0,75.0,66.94999694824219,68.75,9962740,0.0,0.0
2022-11-25 00:00:00+03:00,68.0,68.0,61.900001525878906,61.974998474121094,5831340,0.0,0.0
2022-11-28 00:00:00+03:00,63.775001525878906,68.125,57.54999923706055,60.95000076293945,5192820,0.0,0.0
2022-11-29 00:00:00+03:00,60.95000076293945,61.400001525878906,58.0,61.275001525878906,2643052,0.0,0.0
2022-11-30 00:00:00+03:00,60.0,60.25,57.5,57.70000076293945,4003136,0.0,0.0
2022-12-01 00:00:00+03:00,60.07500076293945,62.0,58.25,60.875,3726496,0.0,0.0
2022-12-02 00:00:00+03:00,60.875,64.9749984741211,58.75,63.75,4619780,0.0,0.0
2022-12-05 00:00:00+03:00,63.775001525878906,66.25,59.5,60.724998474121094,4843996,0.0,0.0
2022-12-06 00:00:00+03:00,59.900001525878906,62.5,57.875,60.45000076293945,3284540,0.0,0.0
2022-12-07 00:00:00+03:00,60.375,61.79999923706055,58.25,59.5,3120664,0.0,0.0
2022-12-08 00:00:00+03:00,59.5,63.32500076293945,59.150001525878906,62.95000076293945,2790124,0.0,0.0
2022-12-09 00:00:00+03:00,63.625,69.75,63.0,69.4000015258789,4307596,0.0,0.0
2022-12-12 00:00:00+03:00,74.625,75.625,72.0,73.125,12960020,0.0,0.0
2022-12-13 00:00:00+03:00,74.30000305175781,74.5999984741211,71.30000305175781,72.25,9133908,0.0,0.0
2022-12-14 00:00:00+03:00,72.25,74.5999984741211,67.75,69.875,14418244,0.0,0.0
2022-12-15 00:00:00+03:00,70.69999694824219,72.7750015258789,68.4749984741211,71.125,7913436,0.0,0.0
2022-12-16 00:00:00+03:00,72.5,72.875,69.19999694824219,69.55000305175781,2775972,0.0,0.0
2022-12-19 00:00:00+03:00,69.25,69.25,65.125,66.375,11467548,0.0,0.0
2022-12-20 00:00:00+03:00,66.69999694824219,67.9000015258789,65.19999694824219,65.5,6291148,0.0,0.0
2022-12-21 00:00:00+03:00,65.5,67.2750015258789,64.19999694824219,64.5,9059576,0.0,0.0
2022-12-22 00:00:00+03:00,65.25,70.55000305175781,65.0250015258789,69.32499694824219,15682364,0.0,0.0
2022-12-23 00:00:00+03:00,67.44999694824219,68.4000015258789,65.2750015258789,66.625,7843628,0.0,0.0
2022-12-26 00:00:00+03:00,66.6500015258789,67.1500015258789,63.75,64.75,8150472,0.0,0.0
2022-12-27 00:00:00+03:00,64.7750015258789,65.4749984741211,60.375,60.42499923706055,10813408,0.0,0.0
2022-12-28 00:00:00+03:00,60.42499923706055,62.875,58.67499923706055,59.900001525878906,8328044,0.0,0.0
2022-12-29 00:00:00+03:00,60.400001525878906,63.25,59.07500076293945,61.25,8764812,0.0,0.0
2022-12-30 00:00:00+03:00,60.29999923706055,61.04999923706055,59.150001525878906,59.525001525878906,6175236,0.0,0.0
2023-01-02 00:00:00+03:00,59.525001525878906,62.900001525878906,58.775001525878906,61.04999923706055,8397536,0.0,0.0
2023-01-03 00:00:00+03:00,61.17499923706055,61.82500076293945,59.849998474121094,60.400001525878906,6205280,0.0,0.0
2023-01-04 00:00:00+03:00,60.400001525878906,61.0,57.525001525878906,57.525001525878906,7221596,0.0,0.0
2023-01-05 00:00:00+03:00,58.07500076293945,58.375,51.775001525878906,51.775001525878906,12922320,0.0,0.0
2023-01-06 00:00:00+03:00,50.0,54.5,47.5,52.125,21231400,0.0,0.0
2023-01-09 00:00:00+03:00,53.125,53.5,48.900001525878906,49.25,10914364,0.0,0.0
2023-01-10 00:00:00+03:00,49.25,52.25,47.82500076293945,49.57500076293945,14142216,0.0,0.0
2023-01-11 00:00:00+03:00,49.875,50.224998474121094,45.349998474121094,45.375,7758396,0.0,0.0
2023-01-12 00:00:00+03:00,46.5,47.775001525878906,43.025001525878906,46.275001525878906,10724748,0.0,0.0
2023-01-13 00:00:00+03:00,45.625,50.57500076293945,44.625,50.125,11416072,0.0,0.0
2023-01-16 00:00:00+03:00,50.375,55.125,50.125,55.125,11579768,0.0,0.0
2023-01-17 00:00:00+03:00,56.20000076293945,60.625,56.07500076293945,60.625,10824032,0.0,0.0
2023-01-18 00:00:00+03:00,61.5,65.9000015258789,61.5,63.20000076293945,18045956,0.0,0.0
2023-01-19 00:00:00+03:00,63.17499923706055,65.25,61.32500076293945,62.275001525878906,7807984,0.0,0.0
2023-01-20 00:00:00+03:00,61.974998474121094,63.0,59.400001525878906,60.125,9038308,0.0,0.0
2023-01-23 00:00:00+03:00,60.099998474121094,60.099998474121094,55.25,55.82500076293945,12166836,0.0,0.0
2023-01-24 00:00:00+03:00,56.125,61.400001525878906,55.349998474121094,58.599998474121094,20878768,0.0,0.0
2023-01-25 00:00:00+03:00,60.375,60.75,57.724998474121094,59.099998474121094,10547632,0.0,0.0
2023-01-26 00:00:00+03:00,59.775001525878906,63.900001525878906,59.375,62.599998474121094,14243436,0.0,0.0
2023-01-27 00:00:00+03:00,60.95000076293945,61.125,58.150001525878906,58.67499923706055,11241580,0.0,0.0
2023-01-30 00:00:00+03:00,59.0,62.17499923706055,58.775001525878906,61.474998474121094,9922216,0.0,0.0
2023-01-31 00:00:00+03:00,61.875,62.125,58.775001525878906,61.0,9874816,0.0,0.0
2023-02-01 00:00:00+03:00,59.75,60.42499923706055,56.95000076293945,57.25,5803892,0.0,0.0
2023-02-02 00:00:00+03:00,57.25,58.650001525878906,51.525001525878906,57.025001525878906,7946272,0.0,0.0
2023-02-03 00:00:00+03:00,55.75,59.474998474121094,54.5,58.04999923706055,9888652,0.0,0.0
2023-02-06 00:00:00+03:00,55.82500076293945,58.025001525878906,53.125,55.32500076293945,2407696,0.0,0.0
2023-02-07 00:00:00+03:00,54.0,54.900001525878906,49.79999923706055,49.79999923706055,4658576,0.0,0.0
2023-02-08 00:00:00+03:00,44.82500076293945,44.82500076293945,44.82500076293945,44.82500076293945,40,0.0,0.0
2023-02-15 00:00:00+03:00,48.724998474121094,54.775001525878906,47.900001525878906,54.775001525878906,5103324,0.0,0.0
2023-02-16 00:00:00+03:00,57.07500076293945,59.25,51.275001525878906,53.849998474121094,9051916,0.0,0.0
2023-02-17 00:00:00+03:00,51.42499923706055,52.67499923706055,49.400001525878906,51.400001525878906,4965184,0.0,0.0
2023-02-20 00:00:00+03:00,54.900001525878906,54.974998474121094,52.92499923706055,53.650001525878906,5902428,0.0,0.0
2023-02-21 00:00:00+03:00,53.25,56.275001525878906,51.775001525878906,52.82500076293945,9647444,0.0,0.0
2023-02-22 00:00:00+03:00,53.0,55.20000076293945,52.25,54.125,6314428,0.0,0.0
2023-02-23 00:00:00+03:00,53.599998474121094,59.42499923706055,53.5,58.25,13673176,0.0,0.0
2023-02-24 00:00:00+03:00,56.625,58.625,55.54999923706055,56.224998474121094,11181280,0.0,0.0
2023-02-27 00:00:00+03:00,56.224998474121094,59.0,55.5,58.525001525878906,7979508,0.0,0.0
2023-02-28 00:00:00+03:00,59.775001525878906,62.92499923706055,59.57500076293945,62.650001525878906,11119660,0.0,0.0
2023-03-01 00:00:00+03:00,63.5,67.0999984741211,63.349998474121094,66.5,8620692,0.0,0.0
2023-03-02 00:00:00+03:00,67.5,67.92500305175781,64.125,65.0,12026132,0.0,0.0
2023-03-03 00:00:00+03:00,62.92499923706055,64.4000015258789,60.17499923706055,61.75,9818220,0.0,0.0
2023-03-06 00:00:00+03:00,62.724998474121094,66.30000305175781,62.25,66.0250015258789,9185112,0.0,0.0
2023-03-07 00:00:00+03:00,66.25,67.9749984741211,64.875,65.7750015258789,8136716,0.0,0.0
2023-03-08 00:00:00+03:00,65.4749984741211,67.0,64.25,65.375,7436096,0.0,0.0
2023-03-09 00:00:00+03:00,66.0,67.7249984741211,65.30000305175781,65.375,8256884,0.0,0.0
2023-03-10 00:00:00+03:00,63.5,71.9000015258789,63.25,69.9000015258789,18653980,0.0,0.0
2023-03-13 00:00:00+03:00,70.625,74.0999984741211,69.0,69.7750015258789,14758228,0.0,0.0
2023-03-14 00:00:00+03:00,68.5,68.8499984741211,65.05000305175781,65.05000305175781,12068076,0.0,0.0
2023-03-15 00:00:00+03:00,65.0,65.0,60.775001525878906,61.95000076293945,10955376,0.0,0.0
2023-03-16 00:00:00+03:00,63.04999923706055,66.7249984741211,62.45000076293945,65.5,12821408,0.0,0.0
2023-03-17 00:00:00+03:00,66.25,67.9000015258789,64.75,67.9000015258789,15464276,0.0,0.0
2023-03-20 00:00:00+03:00,67.625,71.125,64.375,66.5,12731256,0.0,0.0
2023-03-21 00:00:00+03:00,65.9000015258789,66.5,63.0,64.4749984741211,9131196,0.0,0.0
2023-03-22 00:00:00+03:00,65.57499694824219,68.5999984741211,64.125,66.6500015258789,13826708,0.0,0.0
2023-03-23 00:00:00+03:00,69.8499984741211,72.25,68.75,70.44999694824219,18237384,0.0,0.0
2023-03-24 00:00:00+03:00,70.5,71.67500305175781,68.19999694824219,69.5,13104272,0.0,0.0
2023-03-27 00:00:00+03:00,70.0,71.19999694824219,68.82499694824219,68.82499694824219,7255492,0.0,0.0
2023-03-28 00:00:00+03:00,69.125,69.44999694824219,63.42499923706055,63.79999923706055,7933032,0.0,0.0
2023-03-29 00:00:00+03:00,63.79999923706055,66.5999984741211,61.875,66.5999984741211,9358988,0.0,0.0
2023-03-30 00:00:00+03:00,67.57499694824219,68.9749984741211,66.6500015258789,67.5,6535372,0.0,0.0
2023-03-31 00:00:00+03:00,69.5,70.5250015258789,65.80000305175781,65.82499694824219,10524336,0.0,0.0
2023-04-03 00:00:00+03:00,65.69999694824219,68.4749984741211,62.775001525878906,67.92500305175781,11488224,0.0,0.0
2023-04-04 00:00:00+03:00,67.5,69.3499984741211,65.0,65.3499984741211,5309089,0.0,4.0
2023-04-05 00:00:00+03:00,66.19999694824219,66.69999694824219,63.45000076293945,63.599998474121094,8387477,0.0,0.0
2023-04-06 00:00:00+03:00,63.599998474121094,69.5999984741211,62.29999923706055,67.5999984741211,15041543,0.0,0.0
2023-04-07 00:00:00+03:00,71.0,74.3499984741211,70.05000305175781,74.3499984741211,24625885,0.0,0.0
2023-04-10 00:00:00+03:00,76.5999984741211,81.75,76.19999694824219,81.75,7854102,0.0,0.0
2023-04-11 00:00:00+03:00,87.0,89.19999694824219,77.44999694824219,84.5,53495481,0.0,0.0
2023-04-12 00:00:00+03:00,84.4000015258789,85.5999984741211,77.80000305175781,78.0,21531850,0.0,0.0
2023-04-13 00:00:00+03:00,77.5,84.4000015258789,76.44999694824219,84.4000015258789,20441608,0.0,0.0
2023-04-14 00:00:00+03:00,84.4000015258789,89.94999694824219,82.5,85.9000015258789,32407497,0.0,0.0
2023-04-17 00:00:00+03:00,85.9000015258789,86.80000305175781,81.0,81.0,15050777,0.0,0.0
2023-04-18 00:00:00+03:00,80.69999694824219,80.9000015258789,76.8499984741211,77.0999984741211,12455221,0.0,0.0
2023-04-19 00:00:00+03:00,76.19999694824219,84.80000305175781,75.69999694824219,84.80000305175781,18570808,0.0,0.0
2023-04-20 00:00:00+03:00,85.0,85.5,79.05000305175781,79.19999694824219,8984511,0.0,0.0
2023-04-24 00:00:00+03:00,79.19999694824219,81.5999984741211,75.8499984741211,75.9000015258789,14962585,0.0,0.0
2023-04-25 00:00:00+03:00,75.94999694824219,78.1500015258789,71.5999984741211,71.94999694824219,13389479,0.0,0.0
2023-04-26 00:00:00+03:00,74.5,75.0,69.69999694824219,70.1500015258789,16840218,0.0,0.0
2023-04-27 00:00:00+03:00,70.0,74.4000015258789,69.69999694824219,72.05000305175781,19899644,0.0,0.0
2023-04-28 00:00:00+03:00,72.3499984741211,72.94999694824219,66.0,67.0,13780000,0.0,0.0
2023-05-02 00:00:00+03:00,67.05000305175781,67.69999694824219,60.29999923706055,60.29999923706055,15367415,0.0,0.0
2023-05-03 00:00:00+03:00,60.349998474121094,61.400001525878906,54.29999923706055,54.29999923706055,22737679,0.0,0.0
2023-05-04 00:00:00+03:00,53.849998474121094,58.29999923706055,52.0,55.900001525878906,21324958,0.0,0.0
2023-05-05 00:00:00+03:00,55.900001525878906,55.900001525878906,50.349998474121094,50.349998474121094,14884724,0.0,0.0
2023-05-08 00:00:00+03:00,50.0,50.849998474121094,48.119998931884766,48.599998474121094,13033754,0.0,0.0
2023-05-09 00:00:00+03:00,48.599998474121094,50.29999923706055,45.939998626708984,45.939998626708984,11658223,0.0,0.0
2023-05-10 00:00:00+03:00,45.900001525878906,50.099998474121094,44.619998931884766,46.34000015258789,24594025,0.0,0.0
2023-05-11 00:00:00+03:00,45.91999816894531,49.84000015258789,45.099998474121094,48.79999923706055,19163003,0.0,0.0
2023-05-12 00:00:00+03:00,50.099998474121094,50.349998474121094,46.70000076293945,47.47999954223633,13729670,0.0,0.0
2023-05-15 00:00:00+03:00,45.0,51.95000076293945,44.779998779296875,48.08000183105469,18302531,0.0,0.0
2023-05-16 00:00:00+03:00,48.060001373291016,51.95000076293945,47.97999954223633,51.70000076293945,20436393,0.0,0.0
2023-05-17 00:00:00+03:00,52.20000076293945,56.849998474121094,52.20000076293945,56.849998474121094,16752173,0.0,0.0
2023-05-18 00:00:00+03:00,57.0,59.04999923706055,52.45000076293945,52.95000076293945,14213081,0.0,0.0
2023-05-22 00:00:00+03:00,53.29999923706055,56.79999923706055,52.5,55.150001525878906,16371495,0.0,0.0
2023-05-23 00:00:00+03:00,57.099998474121094,57.599998474121094,53.0,53.900001525878906,10365470,0.0,0.0
2023-05-24 00:00:00+03:00,54.0,54.45000076293945,50.849998474121094,52.099998474121094,10703610,0.0,0.0
2023-05-25 00:00:00+03:00,52.849998474121094,54.400001525878906,51.75,52.75,10938408,0.0,0.0
2023-05-26 00:00:00+03:00,53.0,53.5,51.400001525878906,52.900001525878906,9811439,0.0,0.0
2023-05-29 00:00:00+03:00,54.5,57.0,53.400001525878906,55.900001525878906,13043125,0.0,0.0
2023-05-30 00:00:00+03:00,56.0,57.5,55.04999923706055,55.900001525878906,16006984,0.0,0.0
2023-05-31 00:00:00+03:00,56.099998474121094,60.75,55.04999923706055,59.900001525878906,26004366,0.0,0.0
2023-06-01 00:00:00+03:00,60.70000076293945,63.0,59.70000076293945,60.650001525878906,14380210,0.0,0.0
2023-06-02 00:00:00+03:00,62.29999923706055,62.45000076293945,59.400001525878906,61.150001525878906,9739944,0.0,0.0
2023-06-05 00:00:00+03:00,62.099998474121094,64.6500015258789,61.54999923706055,63.150001525878906,12409765,0.0,0.0
2023-06-06 00:00:00+03:00,63.25,63.54999923706055,60.099998474121094,61.0,8947447,0.0,0.0
2023-06-07 00:00:00+03:00,62.0,62.400001525878906,59.650001525878906,59.900001525878906,9993816,0.0,0.0
2023-06-08 00:00:00+03:00,60.0,61.599998474121094,58.29999923706055,58.900001525878906,9420089,0.0,0.0
2023-06-09 00:00:00+03:00,59.45000076293945,59.75,57.099998474121094,58.29999923706055,8512278,0.0,0.0
2023-06-12 00:00:00+03:00,59.04999923706055,60.25,57.599998474121094,57.70000076293945,9636421,0.0,0.0
2023-06-13 00:00:00+03:00,57.849998474121094,58.900001525878906,54.900001525878906,55.099998474121094,10091691,0.0,0.0
2023-06-14 00:00:00+03:00,55.0,55.599998474121094,53.5,53.75,7911453,0.0,0.0
2023-06-15 00:00:00+03:00,53.79999923706055,56.849998474121094,53.79999923706055,54.849998474121094,8725935,0.0,0.0
2023-06-16 00:00:00+03:00,54.900001525878906,56.29999923706055,53.70000076293945,54.349998474121094,7517344,0.0,0.0
2023-06-19 00:00:00+03:00,54.900001525878906,55.849998474121094,50.79999923706055,51.099998474121094,8021085,0.0,0.0
2023-06-20 00:00:00+03:00,51.0,52.0,50.0,52.0,6565322,0.0,0.0
2023-06-21 00:00:00+03:00,52.599998474121094,53.150001525878906,50.849998474121094,51.099998474121094,6317968,0.0,0.0
2023-06-22 00:00:00+03:00,51.04999923706055,53.04999923706055,50.29999923706055,52.29999923706055,6878708,0.0,0.0
2023-06-23 00:00:00+03:00,52.79999923706055,54.650001525878906,52.54999923706055,53.900001525878906,6023150,0.0,0.0
2023-06-26 00:00:00+03:00,54.0,57.650001525878906,53.400001525878906,56.5,11257627,0.0,0.0
2023-06-27 00:00:00+03:00,56.54999923706055,59.599998474121094,55.70000076293945,59.25,5264323,0.0,0.0
2023-07-03 00:00:00+03:00,59.95000076293945,62.0,59.599998474121094,59.79999923706055,10051152,0.0,0.0
2023-07-04 00:00:00+03:00,60.0,61.25,58.099998474121094,59.400001525878906,13429857,0.0,0.0
2023-07-05 00:00:00+03:00,60.0,62.70000076293945,60.0,61.04999923706055,15004215,0.0,0.0
2023-07-06 00:00:00+03:00,62.150001525878906,63.0,60.849998474121094,61.150001525878906,9839847,0.0,0.0
2023-07-07 00:00:00+03:00,61.150001525878906,66.44999694824219,60.0,64.5,23490140,0.0,0.0
2023-07-10 00:00:00+03:00,66.05000305175781,70.94999694824219,65.55000305175781,70.94999694824219,26778961,0.0,0.0
2023-07-11 00:00:00+03:00,73.25,75.5,69.5999984741211,69.75,26153599,0.0,0.0
2023-07-12 00:00:00+03:00,69.69999694824219,73.0,67.30000305175781,69.25,26942655,0.0,0.0
2023-07-13 00:00:00+03:00,69.25,73.3499984741211,68.9000015258789,70.69999694824219,20841198,0.0,0.0
2023-07-14 00:00:00+03:00,72.19999694824219,72.4000015258789,69.4000015258789,70.19999694824219,13272820,0.0,0.0
2023-07-17 00:00:00+03:00,74.4000015258789,77.19999694824219,73.94999694824219,77.19999694824219,8033180,0.0,0.0
2023-07-18 00:00:00+03:00,80.0999984741211,84.44999694824219,77.30000305175781,77.94999694824219,37397679,0.0,0.0
2023-07-19 00:00:00+03:00,78.05000305175781,85.0,75.0,82.5,27169870,0.0,0.0
2023-07-20 00:00:00+03:00,85.80000305175781,90.5,83.5,90.5,34979815,0.0,0.0
2023-07-21 00:00:00+03:00,90.80000305175781,97.44999694824219,88.19999694824219,92.44999694824219,35597565,0.0,0.0
2023-07-24 00:00:00+03:00,95.30000305175781,101.5999984741211,95.25,101.5999984741211,32558528,0.0,0.0
2023-07-25 00:00:00+03:00,101.0,102.5999984741211,91.44999694824219,91.44999694824219,46051299,0.0,0.0
2023-07-26 00:00:00+03:00,89.0,94.3499984741211,83.80000305175781,89.1500015258789,43083449,0.0,0.0
2023-07-27 00:00:00+03:00,90.5,92.0,86.0,86.0,14185705,0.0,0.0
2023-07-28 00:00:00+03:00,87.4000015258789,89.30000305175781,84.30000305175781,86.19999694824219,14917179,0.0,0.0
2023-07-31 00:00:00+03:00,91.5,94.80000305175781,90.75,94.80000305175781,12934180,0.0,0.0
2023-08-01 00:00:00+03:00,95.0,102.19999694824219,90.69999694824219,94.0,37048487,0.0,0.0
2023-08-02 00:00:00+03:00,94.0,97.30000305175781,92.44999694824219,94.94999694824219,26872256,0.0,0.0
2023-08-03 00:00:00+03:00,95.5,99.80000305175781,94.8499984741211,96.0,25936716,0.0,0.0
2023-08-04 00:00:00+03:00,96.5999984741211,97.5,92.8499984741211,94.5,13812411,0.0,0.0
2023-08-07 00:00:00+03:00,94.75,96.0,89.55000305175781,90.55000305175781,13851449,0.0,0.0
2023-08-08 00:00:00+03:00,90.55000305175781,97.19999694824219,87.80000305175781,94.9000015258789,24576812,0.0,0.0
2023-08-09 00:00:00+03:00,96.0,98.80000305175781,93.69999694824219,93.8499984741211,26352087,0.0,0.0
2023-08-10 00:00:00+03:00,95.6500015258789,98.44999694824219,90.05000305175781,92.69999694824219,24422614,0.0,0.0
2023-08-11 00:00:00+03:00,93.19999694824219,96.75,92.0999984741211,96.05000305175781,15252800,0.0,0.0
2023-08-14 00:00:00+03:00,100.0,105.5999984741211,99.5999984741211,105.5999984741211,18942390,0.0,0.0
2023-08-15 00:00:00+03:00,109.9000015258789,116.0999984741211,100.0999984741211,103.30000305175781,48944627,0.0,0.0
2023-08-16 00:00:00+03:00,96.5,102.80000305175781,93.0,93.4000015258789,68481001,0.0,0.0
2023-08-17 00:00:00+03:00,92.0,97.25,90.80000305175781,94.19999694824219,24364596,0.0,0.0
2023-08-18 00:00:00+03:00,96.4000015258789,97.1500015258789,87.80000305175781,91.80000305175781,17654306,0.0,0.0
2023-08-21 00:00:00+03:00,91.55000305175781,98.9000015258789,88.55000305175781,96.0999984741211,21807499,0.0,0.0
2023-08-22 00:00:00+03:00,99.69999694824219,100.9000015258789,93.25,93.25,19781957,0.0,0.0
2023-08-23 00:00:00+03:00,93.25,98.25,90.55000305175781,92.5,38070222,0.0,0.0
2023-08-24 00:00:00+03:00,94.5,94.94999694824219,84.6500015258789,86.55000305175781,19095023,0.0,0.0
2023-08-25 00:00:00+03:00,90.80000305175781,94.6500015258789,86.0,93.0,27101607,0.0,0.0
2023-08-28 00:00:00+03:00,94.0,99.0,92.80000305175781,94.0,29471289,0.0,0.0
2023-08-29 00:00:00+03:00,94.1500015258789,94.5,89.44999694824219,90.4000015258789,17600855,0.0,0.0
2023-08-31 00:00:00+03:00,90.69999694824219,93.19999694824219,89.55000305175781,92.80000305175781,19164378,0.0,0.0
2023-09-01 00:00:00+03:00,92.8499984741211,95.30000305175781,90.69999694824219,93.19999694824219,23662545,0.0,0.0
2023-09-04 00:00:00+03:00,95.05000305175781,102.5,94.9000015258789,100.0,44480262,0.0,0.0
2023-09-05 00:00:00+03:00,101.0,103.69999694824219,97.3499984741211,98.05000305175781,25817234,0.0,0.0
2023-09-06 00:00:00+03:00,98.4000015258789,99.80000305175781,94.69999694824219,95.1500015258789,15988264,0.0,0.0
2023-09-07 00:00:00+03:00,96.0999984741211,96.6500015258789,93.1500015258789,94.5999984741211,10230945,0.0,0.0
2023-09-08 00:00:00+03:00,94.9000015258789,95.55000305175781,92.6500015258789,93.5999984741211,10406021,0.0,0.0
2023-09-11 00:00:00+03:00,94.6500015258789,95.30000305175781,90.5999984741211,92.0,11589456,0.0,0.0
2023-09-12 00:00:00+03:00,92.19999694824219,97.5999984741211,91.0,94.1500015258789,22113585,0.0,0.0
2023-09-13 00:00:00+03:00,94.19999694824219,95.75,90.75,91.0,11729330,0.0,0.0
2023-09-14 00:00:00+03:00,91.05000305175781,92.0999984741211,86.5,91.55000305175781,12892954,0.0,0.0
2023-09-15 00:00:00+03:00,91.69999694824219,92.0,88.75,89.69999694824219,8574638,0.0,0.0
2023-09-18 00:00:00+03:00,89.94999694824219,90.1500015258789,84.0999984741211,84.4000015258789,7857395,0.0,0.0
2023-09-19 00:00:00+03:00,84.4000015258789,89.5,83.19999694824219,88.8499984741211,12096415,0.0,0.0
2023-09-20 00:00:00+03:00,89.0999984741211,89.8499984741211,85.0,85.6500015258789,7828983,0.0,0.0
2023-09-21 00:00:00+03:00,86.69999694824219,93.4000015258789,85.44999694824219,93.0,15093267,0.0,0.0
2023-09-22 00:00:00+03:00,93.05000305175781,99.0999984741211,91.0,93.4000015258789,26548990,0.0,0.0
2023-09-25 00:00:00+03:00,96.0,99.94999694824219,95.55000305175781,99.0,18659858,0.0,0.0
2023-09-26 00:00:00+03:00,102.0,106.5,98.69999694824219,103.0999984741211,26440431,0.0,0.0
2023-09-27 00:00:00+03:00,106.19999694824219,113.4000015258789,104.5,113.4000015258789,36085054,0.0,0.0
2023-09-28 00:00:00+03:00,115.5,116.5,103.69999694824219,104.30000305175781,23653469,0.0,0.0
2023-09-29 00:00:00+03:00,104.30000305175781,108.0,102.69999694824219,105.0,15419312,0.0,0.0
2023-10-02 00:00:00+03:00,111.0999984741211,112.5,105.69999694824219,107.0999984741211,12068503,0.0,0.0
2023-10-03 00:00:00+03:00,107.4000015258789,108.30000305175781,103.5,104.9000015258789,11055870,0.0,0.0
2023-10-04 00:00:00+03:00,105.0,106.0,97.6500015258789,98.6500015258789,10027749,0.0,0.0
2023-10-05 00:00:00+03:00,98.69999694824219,101.30000305175781,95.5,99.30000305175781,12206093,0.0,0.0
2023-10-06 00:00:00+03:00,97.80000305175781,99.1500015258789,95.75,97.30000305175781,7275067,0.0,0.0
2023-10-09 00:00:00+03:00,93.1500015258789,95.1500015258789,90.75,91.8499984741211,8272984,0.0,0.0
2023-10-10 00:00:00+03:00,92.5,100.0,92.5,98.0999984741211,15419471,0.0,0.0
2023-10-11 00:00:00+03:00,98.0999984741211,104.69999694824219,94.75,102.0,19560438,0.0,0.0
2023-10-12 00:00:00+03:00,112.19999694824219,112.19999694824219,106.5999984741211,109.80000305175781,51501581,0.0,0.0
2023-10-13 00:00:00+03:00,108.4000015258789,109.30000305175781,103.0,103.0,19361665,0.0,0.0
2023-10-16 00:00:00+03:00,105.80000305175781,106.69999694824219,95.5,96.0,15819633,0.0,0.0
2023-10-17 00:00:00+03:00,96.25,100.30000305175781,94.44999694824219,98.69999694824219,17272915,0.0,0.0
2023-10-18 00:00:00+03:00,95.25,96.6500015258789,92.4000015258789,92.4000015258789,12429561,0.0,0.0
2023-10-19 00:00:00+03:00,93.19999694824219,95.05000305175781,89.6500015258789,91.0,10941266,0.0,0.0
2023-10-20 00:00:00+03:00,88.75,91.4000015258789,86.5,88.5,11492965,0.0,0.0
2023-10-23 00:00:00+03:00,92.0999984741211,93.75,88.0999984741211,93.0999984741211,12636117,0.0,0.0
2023-10-24 00:00:00+03:00,94.69999694824219,96.8499984741211,93.5,94.4000015258789,13270259,0.0,0.0
2023-10-25 00:00:00+03:00,94.5,95.05000305175781,85.0,85.0,13435753,0.0,0.0
2023-10-26 00:00:00+03:00,85.0,90.19999694824219,84.0999984741211,89.6500015258789,15443398,0.0,0.0
2023-10-27 00:00:00+03:00,89.5999984741211,92.19999694824219,86.75,90.5,11835470,0.0,0.0
2023-10-30 00:00:00+03:00,89.30000305175781,91.9000015258789,89.19999694824219,89.8499984741211,11186662,0.0,0.0
2023-10-31 00:00:00+03:00,90.30000305175781,91.1500015258789,85.5999984741211,86.19999694824219,6021100,0.0,0.0
2023-11-01 00:00:00+03:00,86.6500015258789,87.5,82.4000015258789,86.0,8259861,0.0,0.0
2023-11-02 00:00:00+03:00,87.0,87.94999694824219,84.94999694824219,85.44999694824219,5763199,0.0,0.0
2023-11-03 00:00:00+03:00,83.19999694824219,85.19999694824219,81.75,82.6500015258789,8975822,0.0,0.0
2023-11-06 00:00:00+03:00,84.0,87.25,83.25,85.9000015258789,8197031,0.0,0.0
2023-11-07 00:00:00+03:00,86.80000305175781,90.94999694824219,85.69999694824219,88.3499984741211,12574896,0.0,0.0
2023-11-08 00:00:00+03:00,88.8499984741211,90.5,87.55000305175781,88.30000305175781,6291411,0.0,0.0
2023-11-09 00:00:00+03:00,87.4000015258789,93.30000305175781,87.05000305175781,92.0,11893048,0.0,0.0
2023-11-10 00:00:00+03:00,92.4000015258789,93.5999984741211,88.80000305175781,89.0,8000276,0.0,0.0
2023-11-13 00:00:00+03:00,90.05000305175781,90.3499984741211,84.94999694824219,85.0,5859814,0.0,0.0
2023-11-14 00:00:00+03:00,85.9000015258789,86.5999984741211,84.0,85.30000305175781,5414699,0.0,0.0
2023-11-15 00:00:00+03:00,85.9000015258789,86.19999694824219,83.80000305175781,84.0999984741211,5132003,0.0,0.0
2023-11-16 00:00:00+03:00,84.30000305175781,85.4000015258789,83.5999984741211,83.80000305175781,5030531,0.0,0.0
2023-11-17 00:00:00+03:00,83.80000305175781,84.80000305175781,83.05000305175781,84.0,4908480,0.0,0.0
2023-11-20 00:00:00+03:00,84.80000305175781,85.9000015258789,84.30000305175781,84.75,4706139,0.0,0.0
2023-11-21 00:00:00+03:00,85.0999984741211,87.0,84.55000305175781,85.69999694824219,8499593,0.0,0.0
2023-11-22 00:00:00+03:00,85.80000305175781,86.19999694824219,83.5,83.69999694824219,5097694,0.0,0.0
2023-11-23 00:00:00+03:00,83.69999694824219,85.1500015258789,83.0999984741211,83.19999694824219,4825302,0.0,0.0
2023-11-24 00:00:00+03:00,83.19999694824219,83.55000305175781,81.19999694824219,83.0,7083791,0.0,0.0
2023-11-27 00:00:00+03:00,83.6500015258789,84.5999984741211,81.55000305175781,81.55000305175781,5938130,0.0,0.0
2023-11-28 00:00:00+03:00,82.0,83.19999694824219,81.30000305175781,81.9000015258789,5399824,0.0,0.0
2023-11-29 00:00:00+03:00,82.30000305175781,82.75,79.0,79.25,5210270,0.0,0.0
2023-11-30 00:00:00+03:00,79.0999984741211,82.5999984741211,78.69999694824219,82.19999694824219,5284641,0.0,0.0
2023-12-01 00:00:00+03:00,82.30000305175781,82.6500015258789,79.44999694824219,80.44999694824219,3992856,0.0,0.0
2023-12-04 00:00:00+03:00,80.3499984741211,80.5,77.69999694824219,78.4000015258789,5706454,0.0,0.0
2023-12-05 00:00:00+03:00,78.3499984741211,79.55000305175781,77.6500015258789,78.05000305175781,4264486,0.0,0.0
2023-12-06 00:00:00+03:00,78.1500015258789,78.44999694824219,74.6500015258789,74.80000305175781,4847718,0.0,0.0
2023-12-07 00:00:00+03:00,74.80000305175781,78.5,73.19999694824219,78.44999694824219,6470427,0.0,0.0
2023-12-08 00:00:00+03:00,78.19999694824219,79.80000305175781,76.5,76.9000015258789,7352186,0.0,0.0
2023-12-11 00:00:00+03:00,76.75,76.9000015258789,72.94999694824219,73.05000305175781,4842300,0.0,0.0
2023-12-12 00:00:00+03:00,73.05000305175781,74.44999694824219,72.1500015258789,72.3499984741211,5087596,0.0,0.0
2023-12-13 00:00:00+03:00,72.8499984741211,73.05000305175781,68.5999984741211,69.0,5181262,0.0,0.0
2023-12-14 00:00:00+03:00,69.9000015258789,70.3499984741211,68.0999984741211,69.9000015258789,4686003,0.0,0.0
2023-12-15 00:00:00+03:00,70.0999984741211,71.9000015258789,69.5,71.75,4881704,0.0,0.0
2023-12-18 00:00:00+03:00,71.25,71.3499984741211,67.5,67.5,3779543,0.0,0.0
2023-12-19 00:00:00+03:00,67.44999694824219,69.0,66.0,67.0,7120067,0.0,0.0
2023-12-20 00:00:00+03:00,67.75,68.80000305175781,65.55000305175781,65.8499984741211,4683668,0.0,0.0
2023-12-21 00:00:00+03:00,65.75,67.5,64.55000305175781,66.80000305175781,4467493,0.0,0.0
2023-12-22 00:00:00+03:00,67.19999694824219,68.6500015258789,64.30000305175781,64.55000305175781,4608242,0.0,0.0
2023-12-25 00:00:00+03:00,64.0,64.0,59.5,59.599998474121094,3217271,0.0,0.0
2023-12-26 00:00:00+03:00,61.0,65.55000305175781,59.5,65.55000305175781,8486039,0.0,0.0
2023-12-27 00:00:00+03:00,65.05000305175781,67.5,63.54999923706055,63.650001525878906,8238014,0.0,0.0
2023-12-28 00:00:00+03:00,63.70000076293945,66.8499984741211,63.650001525878906,65.25,5525261,0.0,0.0
2023-12-29 00:00:00+03:00,64.4000015258789,66.69999694824219,64.3499984741211,66.5999984741211,4420060,0.0,0.0
2024-01-02 00:00:00+03:00,66.9000015258789,72.9000015258789,66.69999694824219,71.80000305175781,8463284,0.0,0.0
2024-01-03 00:00:00+03:00,71.75,74.0,68.94999694824219,68.94999694824219,12192406,0.0,0.0
2024-01-04 00:00:00+03:00,68.94999694824219,69.75,66.69999694824219,67.3499984741211,5656046,0.0,0.0
2024-01-05 00:00:00+03:00,67.5,68.75,66.75,68.30000305175781,3981024,0.0,0.0
2024-01-08 00:00:00+03:00,70.4000015258789,71.05000305175781,68.6500015258789,68.8499984741211,4066020,0.0,0.0
2024-01-09 00:00:00+03:00,69.0,69.1500015258789,66.5,68.5,3770307,0.0,0.0
2024-01-10 00:00:00+03:00,71.1500015258789,74.9000015258789,71.1500015258789,71.44999694824219,16021201,0.0,0.0
2024-01-11 00:00:00+03:00,71.44999694824219,74.0999984741211,70.25,71.4000015258789,9071702,0.0,0.0
2024-01-12 00:00:00+03:00,70.69999694824219,72.44999694824219,68.6500015258789,71.4000015258789,5344598,0.0,0.0
2024-01-15 00:00:00+03:00,71.6500015258789,75.3499984741211,71.5999984741211,73.0999984741211,8520162,0.0,0.0
2024-01-16 00:00:00+03:00,73.05000305175781,73.5,71.3499984741211,72.05000305175781,4052008,0.0,0.0
2024-01-17 00:00:00+03:00,71.75,72.3499984741211,70.6500015258789,70.6500015258789,4388173,0.0,0.0
2024-01-18 00:00:00+03:00,71.5999984741211,74.5,70.5,72.0,9886360,0.0,0.0
2024-01-19 00:00:00+03:00,72.0,73.0,70.69999694824219,71.9000015258789,4588271,0.0,0.0
2024-01-22 00:00:00+03:00,71.9000015258789,72.05000305175781,70.0,70.4000015258789,4358593,0.0,0.0
2024-01-23 00:00:00+03:00,70.9000015258789,71.94999694824219,69.5,69.5,4898030,0.0,0.0
2024-01-24 00:00:00+03:00,69.9000015258789,71.0,68.75,70.19999694824219,4351948,0.0,0.0
2024-01-25 00:00:00+03:00,70.5,72.0,70.3499984741211,71.25,3547084,0.0,0.0
2024-01-26 00:00:00+03:00,71.30000305175781,74.0,71.05000305175781,73.0,9302128,0.0,0.0
2024-01-29 00:00:00+03:00,74.19999694824219,76.5,74.19999694824219,75.75,10679375,0.0,0.0
2024-01-30 00:00:00+03:00,76.19999694824219,77.5,75.0,75.3499984741211,5976629,0.0,0.0
2024-01-31 00:00:00+03:00,75.3499984741211,81.19999694824219,74.25,77.80000305175781,12636374,0.0,0.0
2024-02-01 00:00:00+03:00,77.8499984741211,80.5999984741211,75.5999984741211,78.1500015258789,7654601,0.0,0.0
2024-02-02 00:00:00+03:00,78.5,80.9000015258789,77.44999694824219,79.0999984741211,8749276,0.0,0.0
2024-02-05 00:00:00+03:00,79.94999694824219,82.0999984741211,79.94999694824219,80.9000015258789,6560910,0.0,0.0
2024-02-06 00:00:00+03:00,81.0,86.25,81.0,84.0,11541893,0.0,0.0
2024-02-07 00:00:00+03:00,84.0999984741211,91.3499984741211,83.0999984741211,89.0,18890538,0.0,0.0
2024-02-08 00:00:00+03:00,89.1500015258789,90.4000015258789,86.05000305175781,86.4000015258789,11681777,0.0,0.0
2024-02-09 00:00:00+03:00,86.6500015258789,87.55000305175781,84.94999694824219,85.3499984741211,5633933,0.0,0.0
2024-02-12 00:00:00+03:00,86.5,87.19999694824219,84.80000305175781,85.30000305175781,6814281,0.0,0.0
2024-02-13 00:00:00+03:00,85.5999984741211,85.75,81.3499984741211,81.3499984741211,7059469,0.0,0.0
2024-02-14 00:00:00+03:00,81.3499984741211,82.0,79.0,81.1500015258789,6751990,0.0,0.0
2024-02-15 00:00:00+03:00,81.80000305175781,83.6500015258789,81.69999694824219,82.44999694824219,5375836,0.0,0.0
2024-02-16 00:00:00+03:00,82.55000305175781,83.69999694824219,81.0,81.9000015258789,6088499,0.0,0.0
2024-02-19 00:00:00+03:00,82.94999694824219,83.80000305175781,80.3499984741211,80.5,6020625,0.0,0.0
2024-02-20 00:00:00+03:00,80.5,83.6500015258789,79.9000015258789,82.30000305175781,8011422,0.0,0.0
2024-02-21 00:00:00+03:00,82.94999694824219,83.6500015258789,80.75,81.30000305175781,7138059,0.0,0.0
2024-02-22 00:00:00+03:00,81.80000305175781,82.5,81.05000305175781,81.9000015258789,7126641,0.0,0.0
2024-02-23 00:00:00+03:00,82.0999984741211,86.55000305175781,81.9000015258789,83.44999694824219,11942466,0.0,0.0
2024-02-26 00:00:00+03:00,84.30000305175781,85.69999694824219,83.30000305175781,83.5999984741211,12494453,0.0,0.0
2024-02-27 00:00:00+03:00,84.0999984741211,84.4000015258789,79.94999694824219,80.4000015258789,7921029,0.0,0.0
2024-02-28 00:00:00+03:00,80.0,80.44999694824219,77.0,77.0,7776175,0.0,0.0
2024-02-29 00:00:00+03:00,77.0,78.44999694824219,76.30000305175781,77.5,6054771,0.0,0.0
2024-03-01 00:00:00+03:00,77.94999694824219,78.69999694824219,76.5,76.69999694824219,5418406,0.0,0.0
2024-03-04 00:00:00+03:00,77.0,77.1500015258789,73.9000015258789,74.0,5704929,0.0,0.0
2024-03-05 00:00:00+03:00,74.05000305175781,75.0,72.75,73.0999984741211,5727774,0.0,0.0
2024-03-06 00:00:00+03:00,73.0999984741211,73.5999984741211,70.80000305175781,70.94999694824219,5496177,0.0,0.0
2024-03-07 00:00:00+03:00,71.0999984741211,73.75,71.0999984741211,73.75,5323430,0.0,0.0
2024-03-08 00:00:00+03:00,73.75,74.25,71.80000305175781,72.9000015258789,4151894,0.0,0.0
2024-03-11 00:00:00+03:00,75.25,75.4000015258789,71.5,71.6500015258789,4031611,0.0,0.0
2024-03-12 00:00:00+03:00,71.75,71.80000305175781,69.44999694824219,70.0999984741211,4203217,0.0,0.0
2024-03-13 00:00:00+03:00,70.0999984741211,71.55000305175781,69.19999694824219,69.19999694824219,4613772,0.0,0.0
2024-03-14 00:00:00+03:00,69.94999694824219,72.3499984741211,69.6500015258789,71.0,6135251,0.0,0.0
2024-03-15 00:00:00+03:00,71.0,71.55000305175781,69.5999984741211,70.1500015258789,4014992,0.0,0.0
2024-03-18 00:00:00+03:00,70.19999694824219,70.25,67.55000305175781,67.55000305175781,3529006,0.0,0.0
2024-03-19 00:00:00+03:00,67.5999984741211,69.3499984741211,66.5,69.1500015258789,3073093,0.0,0.0
2024-03-20 00:00:00+03:00,69.1500015258789,70.8499984741211,68.5,68.5,3723607,0.0,0.0
2024-03-21 00:00:00+03:00,68.8499984741211,69.8499984741211,66.9000015258789,67.0999984741211,4703417,0.0,0.0
2024-03-22 00:00:00+03:00,67.19999694824219,68.9000015258789,67.0,67.4000015258789,3966287,0.0,0.0
2024-03-25 00:00:00+03:00,67.4000015258789,69.3499984741211,66.44999694824219,66.94999694824219,4280124,0.0,0.0
2024-03-26 00:00:00+03:00,67.0,67.4000015258789,64.6500015258789,64.8499984741211,3412075,0.0,0.0
2024-03-27 00:00:00+03:00,65.55000305175781,65.80000305175781,63.95000076293945,64.19999694824219,3279542,0.0,0.0
2024-03-28 00:00:00+03:00,64.4000015258789,68.69999694824219,64.19999694824219,68.30000305175781,3703170,0.0,0.0
2024-03-29 00:00:00+03:00,69.0,71.5999984741211,67.25,70.19999694824219,7358454,0.0,0.0
2024-04-01 00:00:00+03:00,74.30000305175781,77.19999694824219,70.75,70.75,16384868,0.0,0.0
2024-04-02 00:00:00+03:00,72.0,72.94999694824219,67.19999694824219,67.19999694824219,5122711,0.0,0.0
2024-04-03 00:00:00+03:00,67.55000305175781,70.4000015258789,66.44999694824219,67.0,3875744,0.0,0.0
2024-04-04 00:00:00+03:00,67.30000305175781,68.19999694824219,65.9000015258789,66.19999694824219,2909897,0.0,0.0
2024-04-05 00:00:00+03:00,66.5,71.0,66.5,71.0,3482117,0.0,0.0
2024-04-08 00:00:00+03:00,71.0,74.6500015258789,71.0,74.25,4384456,0.0,0.0
2024-04-15 00:00:00+03:00,73.0,74.1500015258789,71.5999984741211,72.30000305175781,4698399,0.0,0.0
2024-04-16 00:00:00+03:00,71.6500015258789,72.0999984741211,69.6500015258789,70.4000015258789,3839086,0.0,0.0
2024-04-17 00:00:00+03:00,70.5,71.9000015258789,69.0,69.4000015258789,2852251,0.0,0.0
2024-04-18 00:00:00+03:00,69.6500015258789,70.3499984741211,68.3499984741211,69.4000015258789,2733095,0.0,0.0
2024-04-19 00:00:00+03:00,68.0999984741211,71.0,68.0,71.0,3152366,0.0,0.0
2024-04-22 00:00:00+03:00,71.0999984741211,77.25,71.0999984741211,74.05000305175781,5874015,0.0,0.0
2024-04-24 00:00:00+03:00,74.5,78.19999694824219,74.5,75.0999984741211,5389859,0.0,0.0
2024-04-25 00:00:00+03:00,75.55000305175781,76.6500015258789,73.5,73.80000305175781,4173366,0.0,0.0
2024-04-26 00:00:00+03:00,74.19999694824219,75.0999984741211,72.80000305175781,73.5999984741211,4744309,0.0,0.0
2024-04-29 00:00:00+03:00,73.75,74.4000015258789,71.9000015258789,72.4000015258789,3188856,0.0,0.0
2024-04-30 00:00:00+03:00,72.5999984741211,72.69999694824219,71.05000305175781,71.05000305175781,2447158,0.0,0.0
2024-05-02 00:00:00+03:00,71.6500015258789,76.0,71.6500015258789,73.3499984741211,9507448,0.0,0.0
2024-05-03 00:00:00+03:00,74.30000305175781,79.44999694824219,74.30000305175781,79.4000015258789,12008725,0.0,0.0
2024-05-06 00:00:00+03:00,78.44999694824219,78.44999694824219,75.3499984741211,75.6500015258789,8983557,0.0,0.0
2024-05-07 00:00:00+03:00,75.80000305175781,77.0,73.25,74.4000015258789,4295293,0.0,0.0
2024-05-08 00:00:00+03:00,74.69999694824219,75.0,73.05000305175781,73.19999694824219,2636347,0.0,0.0
2024-05-09 00:00:00+03:00,73.94999694824219,74.6500015258789,72.0,72.69999694824219,2947532,0.0,0.0
2024-05-10 00:00:00+03:00,72.75,72.8499984741211,71.1500015258789,71.1500015258789,2928729,0.0,0.0
2024-05-13 00:00:00+03:00,71.5,71.5999984741211,68.69999694824219,70.69999694824219,3702145,0.0,0.0
2024-05-14 00:00:00+03:00,70.69999694824219,73.1500015258789,69.5,73.1500015258789,4151987,0.0,0.0
2024-05-15 00:00:00+03:00,72.0,73.3499984741211,70.44999694824219,70.44999694824219,4600874,0.0,0.0
2024-05-16 00:00:00+03:00,70.8499984741211,71.3499984741211,69.80000305175781,70.5,2916109,0.0,0.0
2024-05-17 00:00:00+03:00,70.75,71.30000305175781,70.4000015258789,70.5999984741211,3223228,0.0,0.0
2024-05-20 00:00:00+03:00,70.5,70.55000305175781,69.0,69.0,3759518,0.0,0.0
2024-05-21 00:00:00+03:00,69.0999984741211,69.5999984741211,67.55000305175781,67.75,3925729,0.0,0.0
2024-05-22 00:00:00+03:00,68.0,70.5999984741211,68.0,68.80000305175781,4181762,0.0,0.0
2024-05-23 00:00:00+03:00,68.9000015258789,70.25,66.4000015258789,66.5999984741211,3822967,0.0,0.0
2024-05-24 00:00:00+03:00,65.55000305175781,66.0,62.29999923706055,62.650001525878906,8499344,0.0,0.0
2024-05-27 00:00:00+03:00,63.25,64.69999694824219,61.349998474121094,61.349998474121094,5213205,0.0,0.0
2024-05-28 00:00:00+03:00,61.349998474121094,62.0,60.150001525878906,60.75,3273177,0.0,0.0
2024-05-29 00:00:00+03:00,60.79999923706055,61.29999923706055,59.400001525878906,59.400001525878906,2815417,0.0,0.0
2024-05-30 00:00:00+03:00,59.5,60.29999923706055,58.70000076293945,59.70000076293945,2671004,0.0,0.0
2024-05-31 00:00:00+03:00,60.29999923706055,62.70000076293945,59.54999923706055,60.099998474121094,15940895,0.0,0.0
2024-06-03 00:00:00+03:00,60.599998474121094,62.0,59.29999923706055,59.75,3990834,0.0,0.0
2024-06-04 00:00:00+03:00,60.0,60.54999923706055,59.599998474121094,59.599998474121094,2048111,0.0,0.0
2024-06-05 00:00:00+03:00,59.900001525878906,60.20000076293945,57.5,58.099998474121094,2985522,0.0,0.0
2024-06-06 00:00:00+03:00,58.20000076293945,59.54999923706055,57.70000076293945,57.70000076293945,2834666,0.0,0.0
2024-06-07 00:00:00+03:00,57.95000076293945,58.400001525878906,56.150001525878906,57.0,2568505,0.0,0.0
2024-06-10 00:00:00+03:00,55.95000076293945,56.45000076293945,54.5,54.70000076293945,3431091,0.0,0.0
2024-06-11 00:00:00+03:00,55.599998474121094,55.849998474121094,53.54999923706055,54.0,3195713,0.0,0.0
2024-06-12 00:00:00+03:00,54.150001525878906,54.400001525878906,52.54999923706055,53.650001525878906,3409770,0.0,0.0
2024-06-13 00:00:00+03:00,53.79999923706055,55.29999923706055,52.75,53.04999923706055,3601453,0.0,0.0
2024-06-14 00:00:00+03:00,53.45000076293945,53.900001525878906,52.099998474121094,53.04999923706055,4901539,0.0,0.0
2024-06-20 00:00:00+03:00,54.20000076293945,54.79999923706055,51.95000076293945,52.900001525878906,4492559,0.0,0.0
2024-06-21 00:00:00+03:00,53.0,55.0,52.54999923706055,54.099998474121094,7333592,0.0,0.0
2024-06-24 00:00:00+03:00,54.29999923706055,56.29999923706055,53.150001525878906,53.75,7439543,0.0,0.0
2024-06-25 00:00:00+03:00,53.900001525878906,54.099998474121094,51.95000076293945,52.0,3567326,0.0,0.0
2024-06-26 00:00:00+03:00,52.099998474121094,52.54999923706055,50.54999923706055,50.849998474121094,4040379,0.0,0.0
2024-06-27 00:00:00+03:00,51.0,51.349998474121094,50.0,51.0,3392856,0.0,0.0
2024-06-28 00:00:00+03:00,51.599998474121094,52.29999923706055,50.20000076293945,51.0,4960561,0.0,0.0
2024-07-01 00:00:00+03:00,51.349998474121094,51.650001525878906,47.900001525878906,48.08000183105469,6689662,0.0,0.0
2024-07-02 00:00:00+03:00,48.08000183105469,48.15999984741211,46.599998474121094,47.31999969482422,5531724,0.0,0.0
2024-07-03 00:00:00+03:00,47.31999969482422,47.900001525878906,46.70000076293945,46.900001525878906,4480080,0.0,0.0
2024-07-04 00:00:00+03:00,47.119998931884766,48.18000030517578,46.86000061035156,47.279998779296875,4729196,0.0,0.0
2024-07-05 00:00:00+03:00,47.2400016784668,47.84000015258789,46.47999954223633,46.97999954223633,4176385,0.0,0.0
2024-07-08 00:00:00+03:00,46.97999954223633,47.7599983215332,46.779998779296875,47.439998626708984,4731307,0.0,0.0
2024-07-09 00:00:00+03:00,47.58000183105469,48.47999954223633,47.2400016784668,48.119998931884766,4876649,0.0,0.0
2024-07-10 00:00:00+03:00,48.5,48.81999969482422,46.619998931884766,46.70000076293945,3551369,0.0,0.0
2024-07-11 00:00:00+03:00,46.779998779296875,51.349998474121094,46.7400016784668,49.41999816894531,13321391,0.0,0.0
2024-07-12 00:00:00+03:00,49.86000061035156,50.20000076293945,48.560001373291016,49.68000030517578,6324429,0.0,0.0
2024-07-16 00:00:00+03:00,49.68000030517578,50.849998474121094,48.540000915527344,48.540000915527344,4195391,0.0,0.0
2024-07-17 00:00:00+03:00,48.540000915527344,49.15999984741211,48.08000183105469,48.5,4048131,0.0,0.0
2024-07-18 00:00:00+03:00,48.79999923706055,49.63999938964844,48.720001220703125,48.939998626708984,5830731,0.0,0.0
2024-07-19 00:00:00+03:00,48.86000061035156,49.65999984741211,48.08000183105469,49.41999816894531,6181497,0.0,0.0
2024-07-22 00:00:00+03:00,49.91999816894531,50.75,49.15999984741211,49.41999816894531,7469517,0.0,0.0
2024-07-23 00:00:00+03:00,49.70000076293945,51.650001525878906,49.15999984741211,51.29999923706055,10471268,0.0,0.0
2024-07-24 00:00:00+03:00,51.099998474121094,52.45000076293945,50.5,50.5,9671630,0.0,0.0
2024-07-25 00:00:00+03:00,50.75,51.150001525878906,49.58000183105469,49.939998626708984,4572459,0.0,0.0
2024-07-26 00:00:00+03:00,49.84000015258789,51.5,48.939998626708984,50.29999923706055,8232630,0.0,0.0
2024-07-29 00:00:00+03:00,50.0,51.75,49.02000045776367,49.599998474121094,7619831,0.0,0.0
2024-07-30 00:00:00+03:00,49.720001220703125,51.20000076293945,49.63999938964844,50.04999923706055,6842439,0.0,0.0
2024-07-31 00:00:00+03:00,50.0,50.04999923706055,48.18000030517578,48.29999923706055,5073431,0.0,0.0
2024-08-01 00:00:00+03:00,49.099998474121094,51.75,49.02000045776367,51.04999923706055,9387887,0.0,0.0
2024-08-02 00:00:00+03:00,49.900001525878906,50.849998474121094,48.880001068115234,49.29999923706055,4760593,0.0,0.0
2024-08-05 00:00:00+03:00,46.20000076293945,48.040000915527344,44.86000061035156,45.400001525878906,5024551,0.0,0.0
2024-08-06 00:00:00+03:00,46.880001068115234,47.47999954223633,45.29999923706055,45.79999923706055,4193598,0.0,0.0
2024-08-07 00:00:00+03:00,46.02000045776367,46.2400016784668,45.18000030517578,46.0,3513982,0.0,0.0
2024-08-08 00:00:00+03:00,46.08000183105469,47.36000061035156,46.08000183105469,46.70000076293945,4441820,0.0,0.0
2024-08-09 00:00:00+03:00,46.939998626708984,47.31999969482422,45.13999938964844,45.20000076293945,3116829,0.0,0.0
2024-08-12 00:00:00+03:00,45.29999923706055,45.880001068115234,44.099998474121094,44.220001220703125,3262139,0.0,0.0
2024-08-13 00:00:00+03:00,44.29999923706055,44.81999969482422,43.70000076293945,44.400001525878906,2558272,0.0,0.0
2024-08-14 00:00:00+03:00,44.65999984741211,45.939998626708984,44.15999984741211,44.220001220703125,5232509,0.0,0.0
2024-08-15 00:00:00+03:00,44.29999923706055,45.86000061035156,43.939998626708984,45.13999938964844,5041222,0.0,0.0
2024-08-16 00:00:00+03:00,45.20000076293945,45.439998626708984,44.099998474121094,44.2599983215332,3540997,0.0,0.0
2024-08-19 00:00:00+03:00,44.41999816894531,47.060001373291016,43.79999923706055,46.0,10434539,0.0,0.0
2024-08-20 00:00:00+03:00,45.880001068115234,46.29999923706055,45.15999984741211,45.599998474121094,4219976,0.0,0.0
2024-08-21 00:00:00+03:00,45.5,46.279998779296875,44.459999084472656,44.58000183105469,3022417,0.0,0.0
2024-08-22 00:00:00+03:00,44.91999816894531,46.08000183105469,44.63999938964844,44.68000030517578,5775398,0.0,0.0
2024-08-23 00:00:00+03:00,44.79999923706055,45.040000915527344,43.79999923706055,43.900001525878906,3097649,0.0,0.0
2024-08-26 00:00:00+03:00,44.34000015258789,44.900001525878906,42.52000045776367,42.52000045776367,3405362,0.0,0.0
2024-08-27 00:00:00+03:00,42.900001525878906,43.2400016784668,42.060001373291016,42.560001373291016,3626024,0.0,0.0
2024-08-28 00:00:00+03:00,42.720001220703125,42.939998626708984,42.220001220703125,42.2400016784668,2462072,0.0,0.0
2024-08-29 00:00:00+03:00,42.2599983215332,43.58000183105469,42.060001373291016,43.58000183105469,2405193,0.0,0.0
2024-09-02 00:00:00+03:00,43.560001373291016,44.29999923706055,43.439998626708984,44.119998931884766,3055200,0.0,0.0
2024-09-03 00:00:00+03:00,44.15999984741211,44.939998626708984,43.939998626708984,44.060001373291016,2993254,0.0,0.0
2024-09-04 00:00:00+03:00,43.619998931884766,43.63999938964844,42.81999969482422,43.13999938964844,2849200,0.0,0.0
2024-09-05 00:00:00+03:00,43.2400016784668,44.41999816894531,43.220001220703125,43.91999816894531,3047748,0.0,0.0
2024-09-06 00:00:00+03:00,43.900001525878906,44.720001220703125,43.459999084472656,44.099998474121094,2931668,0.0,0.0
2024-09-09 00:00:00+03:00,44.02000045776367,44.619998931884766,42.81999969482422,42.84000015258789,3255584,0.0,0.0
2024-09-10 00:00:00+03:00,42.91999816894531,43.2599983215332,41.459999084472656,41.560001373291016,2843562,0.0,0.0
2024-09-11 00:00:00+03:00,41.560001373291016,41.91999816894531,39.599998474121094,39.599998474121094,4331958,0.0,0.0
2024-09-12 00:00:00+03:00,40.099998474121094,40.599998474121094,38.880001068115234,40.0,3686393,0.0,0.0
2024-09-13 00:00:00+03:00,40.02000045776367,41.720001220703125,39.79999923706055,41.720001220703125,3348156,0.0,0.0
2024-09-16 00:00:00+03:00,41.81999969482422,44.400001525878906,41.7400016784668,42.5,5196844,0.0,0.0
2024-09-17 00:00:00+03:00,42.540000915527344,45.099998474121094,42.13999938964844,44.720001220703125,8574341,0.0,0.0
2024-09-18 00:00:00+03:00,44.70000076293945,44.91999816894531,43.84000015258789,43.97999954223633,3930817,0.0,0.0
2024-09-19 00:00:00+03:00,44.20000076293945,46.2599983215332,44.040000915527344,45.560001373291016,5299865,0.0,0.0
2024-09-20 00:00:00+03:00,45.380001068115234,46.119998931884766,44.880001068115234,45.08000183105469,2830547,0.0,0.0
2024-09-23 00:00:00+03:00,44.900001525878906,44.900001525878906,43.79999923706055,43.97999954223633,2198789,0.0,0.0
2024-09-24 00:00:00+03:00,44.0,44.040000915527344,42.86000061035156,42.900001525878906,2843400,0.0,0.0
2024-09-25 00:00:00+03:00,42.91999816894531,44.220001220703125,42.70000076293945,42.880001068115234,5442425,0.0,0.0
2024-09-26 00:00:00+03:00,42.900001525878906,43.220001220703125,41.79999923706055,41.86000061035156,2468273,0.0,0.0
2024-09-27 00:00:00+03:00,41.86000061035156,42.58000183105469,41.52000045776367,42.439998626708984,2165609,0.0,0.0
2024-09-30 00:00:00+03:00,42.439998626708984,43.400001525878906,41.18000030517578,41.29999923706055,2613389,0.0,0.0
2024-10-01 00:00:00+03:00,41.41999816894531,41.959999084472656,39.36000061035156,39.5,2271414,0.0,0.0
2024-10-02 00:00:00+03:00,39.5,39.779998779296875,38.279998779296875,38.5,2495493,0.0,0.0
2024-10-03 00:00:00+03:00,38.599998474121094,40.41999816894531,38.15999984741211,39.060001373291016,3254582,0.0,0.0
2024-10-04 00:00:00+03:00,40.119998931884766,40.20000076293945,38.79999923706055,39.599998474121094,3717183,0.0,0.0
2024-10-07 00:00:00+03:00,40.0,41.119998931884766,39.560001373291016,40.040000915527344,3108766,0.0,0.0
2024-10-08 00:00:00+03:00,40.2400016784668,41.18000030517578,39.040000915527344,39.040000915527344,3233896,0.0,0.0
2024-10-09 00:00:00+03:00,38.880001068115234,39.459999084472656,38.380001068115234,39.13999938964844,1762076,0.0,0.0
2024-10-10 00:00:00+03:00,39.97999954223633,43.040000915527344,39.880001068115234,40.31999969482422,12021364,0.0,0.0
2024-10-11 00:00:00+03:00,40.040000915527344,40.31999969482422,38.900001525878906,39.20000076293945,3222777,0.0,0.0
2024-10-14 00:00:00+03:00,39.20000076293945,39.2599983215332,37.68000030517578,37.91999816894531,2402106,0.0,0.0
2024-10-15 00:00:00+03:00,37.97999954223633,40.040000915527344,37.97999954223633,40.0,3222754,0.0,0.0
2024-10-16 00:00:00+03:00,39.779998779296875,40.599998474121094,39.52000045776367,40.58000183105469,2521825,0.0,0.0
2024-10-17 00:00:00+03:00,40.36000061035156,40.900001525878906,40.099998474121094,40.880001068115234,1441064,0.0,0.0
2024-10-18 00:00:00+03:00,40.880001068115234,41.13999938964844,39.900001525878906,40.08000183105469,1436930,0.0,0.0
2024-10-21 00:00:00+03:00,39.97999954223633,40.459999084472656,39.099998474121094,39.220001220703125,2219332,0.0,0.0
2024-10-22 00:00:00+03:00,39.439998626708984,43.13999938964844,39.2599983215332,42.560001373291016,15419578,0.0,0.0
2024-10-23 00:00:00+03:00,42.58000183105469,43.52000045776367,40.91999816894531,40.97999954223633,12728234,0.0,0.0
2024-10-24 00:00:00+03:00,41.34000015258789,43.0,41.34000015258789,41.65999984741211,11196523,0.0,0.0
2024-10-25 00:00:00+03:00,41.779998779296875,42.08000183105469,40.63999938964844,41.2599983215332,4496945,0.0,0.0
2024-10-28 00:00:00+03:00,41.29999923706055,44.459999084472656,40.900001525878906,43.900001525878906,7719552,0.0,0.0
2024-10-30 00:00:00+03:00,44.0,45.15999984741211,43.279998779296875,43.29999923706055,10844525,0.0,0.0
2024-10-31 00:00:00+03:00,43.29999923706055,43.81999969482422,42.81999969482422,43.439998626708984,4078864,0.0,0.0
2024-11-01 00:00:00+03:00,43.040000915527344,44.7400016784668,43.040000915527344,43.779998779296875,9005244,0.0,0.0
2024-11-04 00:00:00+03:00,43.779998779296875,44.31999969482422,41.52000045776367,42.040000915527344,5095291,0.0,0.0
2024-11-05 00:00:00+03:00,42.060001373291016,42.400001525878906,40.70000076293945,41.220001220703125,4603961,0.0,0.0
2024-11-06 00:00:00+03:00,41.31999969482422,43.599998474121094,41.119998931884766,42.7400016784668,8101059,0.0,0.0
2024-11-07 00:00:00+03:00,42.720001220703125,43.20000076293945,41.779998779296875,43.20000076293945,5737075,0.0,0.0
2024-11-08 00:00:00+03:00,43.0,44.18000030517578,42.68000030517578,44.13999938964844,5621482,0.0,0.0
2024-11-11 00:00:00+03:00,44.97999954223633,47.040000915527344,44.70000076293945,46.7400016784668,8176442,0.0,0.0
2024-11-12 00:00:00+03:00,46.70000076293945,46.720001220703125,44.65999984741211,44.880001068115234,5726544,0.0,0.0
2024-11-13 00:00:00+03:00,44.599998474121094,46.29999923706055,44.540000915527344,45.29999923706055,4964384,0.0,0.0
2024-11-14 00:00:00+03:00,45.79999923706055,49.5,45.5,48.900001525878906,11741589,0.0,0.0
2024-11-15 00:00:00+03:00,48.959999084472656,51.650001525878906,48.52000045776367,51.0,10340823,0.0,0.0
2024-11-18 00:00:00+03:00,51.150001525878906,53.0,50.75,52.650001525878906,9365751,0.0,0.0
2024-11-19 00:00:00+03:00,53.0,53.20000076293945,50.54999923706055,53.0,7021622,0.0,0.0
2024-11-20 00:00:00+03:00,53.099998474121094,53.400001525878906,49.7400016784668,51.79999923706055,5774376,0.0,0.0
2024-11-21 00:00:00+03:00,51.79999923706055,51.79999923706055,48.29999923706055,49.900001525878906,14990525,0.0,0.0
2024-11-22 00:00:00+03:00,50.20000076293945,50.54999923706055,48.58000183105469,48.599998474121094,6257041,0.0,0.0
2024-11-25 00:00:00+03:00,48.91999816894531,49.119998931884766,47.939998626708984,48.31999969482422,4911589,0.0,0.0
2024-11-26 00:00:00+03:00,48.47999954223633,50.25,48.18000030517578,49.779998779296875,7574538,0.0,0.0
2024-11-27 00:00:00+03:00,50.150001525878906,50.400001525878906,48.900001525878906,48.939998626708984,4255903,0.0,0.0
2024-11-28 00:00:00+03:00,48.70000076293945,48.939998626708984,46.279998779296875,46.52000045776367,9133993,0.0,0.0
2024-11-29 00:00:00+03:00,46.70000076293945,47.08000183105469,45.939998626708984,46.5,7941158,0.0,0.0
2024-12-02 00:00:00+03:00,46.400001525878906,46.400001525878906,45.2599983215332,45.81999969482422,5432952,0.0,0.0
2024-12-03 00:00:00+03:00,45.900001525878906,46.540000915527344,45.599998474121094,45.720001220703125,3640023,0.0,0.0
2024-12-04 00:00:00+03:00,45.81999969482422,46.119998931884766,45.439998626708984,45.58000183105469,3969135,0.0,0.0
2024-12-05 00:00:00+03:00,45.63999938964844,46.540000915527344,45.63999938964844,46.02000045776367,4560051,0.0,0.0
2024-12-06 00:00:00+03:00,46.13999938964844,46.560001373291016,46.0,46.41999816894531,3465275,0.0,0.0
2024-12-09 00:00:00+03:00,46.7599983215332,48.7599983215332,46.560001373291016,48.040000915527344,8430323,0.0,0.0
2024-12-10 00:00:00+03:00,48.18000030517578,48.439998626708984,47.060001373291016,47.41999816894531,5895207,0.0,0.0
2024-12-11 00:00:00+03:00,47.439998626708984,47.68000030517578,46.36000061035156,46.400001525878906,4580522,0.0,0.0
2024-12-12 00:00:00+03:00,46.5,47.58000183105469,46.41999816894531,47.29999923706055,5253382,0.0,0.0
2024-12-13 00:00:00+03:00,47.540000915527344,50.20000076293945,47.08000183105469,50.150001525878906,11704806,0.0,0.0
2024-12-16 00:00:00+03:00,50.900001525878906,51.650001525878906,50.54999923706055,51.349998474121094,6637973,0.0,0.0
2024-12-17 00:00:00+03:00,51.25,51.95000076293945,50.0,51.95000076293945,5016059,0.0,0.0
2024-12-18 00:00:00+03:00,51.900001525878906,52.04999923706055,50.25,51.0,3978837,0.0,0.0
2024-12-19 00:00:00+03:00,50.5,50.5,48.70000076293945,49.18000030517578,5096781,0.0,0.0
2024-12-20 00:00:00+03:00,48.779998779296875,49.08000183105469,45.91999816894531,47.400001525878906,8733396,0.0,0.0
2024-12-23 00:00:00+03:00,47.439998626708984,47.7599983215332,45.959999084472656,46.0,3582216,0.0,0.0
2024-12-24 00:00:00+03:00,46.099998474121094,46.15999984741211,44.52000045776367,45.119998931884766,6838518,0.0,0.0
2024-12-25 00:00:00+03:00,45.720001220703125,46.540000915527344,45.41999816894531,45.65999984741211,3765564,0.0,0.0
2024-12-26 00:00:00+03:00,46.0,48.0,45.7599983215332,47.97999954223633,6053829,0.0,0.0
2024-12-27 00:00:00+03:00,47.7599983215332,49.5,47.34000015258789,48.79999923706055,5000418,0.0,0.0
2024-12-30 00:00:00+03:00,48.79999923706055,49.560001373291016,47.939998626708984,48.0,3345058,0.0,0.0
2024-12-31 00:00:00+03:00,47.97999954223633,48.31999969482422,46.84000015258789,47.18000030517578,3764042,0.0,0.0
2025-01-02 00:00:00+03:00,47.18000030517578,47.459999084472656,46.540000915527344,47.060001373291016,4144333,0.0,0.0
2025-01-03 00:00:00+03:00,47.20000076293945,49.459999084472656,47.119998931884766,49.099998474121094,5266838,0.0,0.0
2025-01-06 00:00:00+03:00,49.119998931884766,49.619998931884766,48.63999938964844,48.84000015258789,3629938,0.0,0.0
2025-01-07 00:00:00+03:00,48.68000030517578,49.02000045776367,48.0,48.20000076293945,2817627,0.0,0.0
2025-01-08 00:00:00+03:00,48.08000183105469,48.86000061035156,47.63999938964844,47.7599983215332,2857537,0.0,0.0
2025-01-09 00:00:00+03:00,47.7599983215332,48.81999969482422,47.720001220703125,48.68000030517578,2910971,0.0,0.0
2025-01-10 00:00:00+03:00,48.900001525878906,48.91999816894531,46.880001068115234,46.880001068115234,3540894,0.0,0.0
2025-01-13 00:00:00+03:00,46.79999923706055,46.79999923706055,44.959999084472656,44.959999084472656,4146258,0.0,0.0
2025-01-14 00:00:00+03:00,45.2400016784668,45.36000061035156,44.540000915527344,44.81999969482422,2738240,0.0,0.0
2025-01-15 00:00:00+03:00,44.84000015258789,45.84000015258789,44.81999969482422,45.599998474121094,2482436,0.0,0.0
2025-01-16 00:00:00+03:00,45.79999923706055,46.20000076293945,45.15999984741211,46.0,2388424,0.0,0.0
2025-01-17 00:00:00+03:00,46.060001373291016,46.2400016784668,45.47999954223633,46.15999984741211,2133656,0.0,0.0
2025-01-20 00:00:00+03:00,46.220001220703125,46.540000915527344,45.41999816894531,45.560001373291016,2802220,0.0,0.0
2025-01-21 00:00:00+03:00,45.400001525878906,47.900001525878906,45.119998931884766,47.29999923706055,5586105,0.0,0.0
2025-01-22 00:00:00+03:00,47.29999923706055,47.58000183105469,46.5,46.900001525878906,2933345,0.0,0.0
2025-01-23 00:00:00+03:00,46.900001525878906,47.68000030517578,46.5,46.900001525878906,3443908,0.0,0.0
2025-01-24 00:00:00+03:00,47.02000045776367,48.70000076293945,46.599998474121094,48.70000076293945,6963703,0.0,0.0
2025-01-27 00:00:00+03:00,48.31999969482422,50.5,47.81999969482422,49.97999954223633,9046869,0.0,0.0
2025-01-28 00:00:00+03:00,52.099998474121094,54.95000076293945,50.900001525878906,51.650001525878906,19393448,0.0,0.0
2025-01-29 00:00:00+03:00,51.25,54.5,50.650001525878906,53.29999923706055,12988755,0.0,0.0
2025-01-30 00:00:00+03:00,55.900001525878906,56.5,52.099998474121094,53.0,13070391,0.0,0.0
2025-01-31 00:00:00+03:00,53.20000076293945,54.099998474121094,51.25,51.25,4768201,0.0,0.0
2025-02-03 00:00:00+03:00,50.70000076293945,52.349998474121094,50.20000076293945,50.95000076293945,5244989,0.0,0.0
2025-02-04 00:00:00+03:00,51.20000076293945,52.650001525878906,51.099998474121094,51.45000076293945,5072583,0.0,0.0
2025-02-05 00:00:00+03:00,51.54999923706055,51.849998474121094,48.619998931884766,49.34000015258789,4717372,0.0,0.0
2025-02-06 00:00:00+03:00,49.70000076293945,50.150001525878906,49.13999938964844,49.29999923706055,2985752,0.0,0.0
2025-02-07 00:00:00+03:00,49.29999923706055,49.34000015258789,48.5,49.060001373291016,2943932,0.0,0.0
2025-02-10 00:00:00+03:00,49.18000030517578,51.20000076293945,49.18000030517578,50.5,5280165,0.0,0.0
2025-02-11 00:00:00+03:00,50.45000076293945,51.0,49.439998626708984,49.959999084472656,3907567,0.0,0.0
2025-02-12 00:00:00+03:00,49.84000015258789,51.25,49.619998931884766,49.79999923706055,3634358,0.0,0.0
2025-02-13 00:00:00+03:00,50.349998474121094,52.900001525878906,49.880001068115234,52.900001525878906,6660931,0.0,0.0
2025-02-14 00:00:00+03:00,52.79999923706055,53.349998474121094,51.5,52.75,5005394,0.0,0.0
2025-02-17 00:00:00+03:00,53.5,53.70000076293945,51.650001525878906,52.54999923706055,3763530,0.0,0.0
2025-02-18 00:00:00+03:00,52.29999923706055,53.79999923706055,51.95000076293945,53.5,5056971,0.0,0.0
2025-02-19 00:00:00+03:00,53.25,54.099998474121094,50.95000076293945,52.5,6191731,0.0,0.0
2025-02-20 00:00:00+03:00,52.400001525878906,52.45000076293945,49.79999923706055,49.939998626708984,6788144,0.0,0.0
2025-02-21 00:00:00+03:00,49.959999084472656,50.70000076293945,47.900001525878906,48.18000030517578,4489428,0.0,0.0
2025-02-24 00:00:00+03:00,48.619998931884766,48.900001525878906,47.63999938964844,47.7599983215332,2524891,0.0,0.0
2025-02-25 00:00:00+03:00,47.97999954223633,47.97999954223633,45.779998779296875,45.779998779296875,3096778,0.0,0.0
2025-02-26 00:00:00+03:00,45.79999923706055,47.0,45.29999923706055,46.459999084472656,3333322,0.0,0.0
2025-02-27 00:00:00+03:00,46.400001525878906,48.439998626708984,46.13999938964844,47.86000061035156,3367330,0.0,0.0
2025-02-28 00:00:00+03:00,47.79999923706055,48.68000030517578,47.29999923706055,47.400001525878906,2283566,0.0,0.0
2025-03-03 00:00:00+03:00,47.5,48.400001525878906,47.18000030517578,47.68000030517578,3685621,0.0,0.0
2025-03-04 00:00:00+03:00,47.70000076293945,47.97999954223633,46.7400016784668,47.91999816894531,2768157,0.0,0.0
2025-03-05 00:00:00+03:00,48.099998474121094,50.599998474121094,48.0,50.0,4270449,0.0,0.0
2025-03-06 00:00:00+03:00,50.0,50.79999923706055,49.599998474121094,50.45000076293945,3758880,0.0,0.0
2025-03-07 00:00:00+03:00,50.45000076293945,54.25,50.349998474121094,53.900001525878906,7813124,0.0,0.0
2025-03-10 00:00:00+03:00,53.900001525878906,55.400001525878906,53.29999923706055,54.0,4437105,0.0,0.0
2025-03-11 00:00:00+03:00,48.599998474121094,54.099998474121094,48.599998474121094,51.900001525878906,6553520,0.0,0.0
2025-03-12 00:00:00+03:00,52.150001525878906,52.400001525878906,49.720001220703125,50.95000076293945,7500938,0.0,0.0
2025-03-13 00:00:00+03:00,51.29999923706055,52.79999923706055,51.29999923706055,52.5,5068117,0.0,0.0
2025-03-14 00:00:00+03:00,52.70000076293945,54.650001525878906,52.29999923706055,54.0,5262826,0.0,0.0
2025-03-17 00:00:00+03:00,54.400001525878906,55.45000076293945,53.0,54.70000076293945,8730520,0.0,0.0
2025-03-18 00:00:00+03:00,54.75,56.79999923706055,53.25,56.70000076293945,10498376,0.0,0.0
2025-03-19 00:00:00+03:00,52.0,54.04999923706055,51.04999923706055,51.04999923706055,7173109,0.0,0.0
2025-03-20 00:00:00+03:00,50.04999923706055,52.650001525878906,49.97999954223633,50.650001525878906,8482651,0.0,0.0
2025-03-21 00:00:00+03:00,50.20000076293945,50.349998474121094,45.599998474121094,45.599998474121094,9250210,0.0,0.0
2025-03-24 00:00:00+03:00,42.91999816894531,46.70000076293945,41.400001525878906,43.119998931884766,16884060,0.0,0.0
2025-03-25 00:00:00+03:00,43.81999969482422,45.2599983215332,43.099998474121094,44.47999954223633,13703184,0.0,0.0
2025-03-26 00:00:00+03:00,43.900001525878906,43.97999954223633,42.880001068115234,43.34000015258789,7758791,0.0,0.0
2025-03-27 00:00:00+03:00,44.0,45.099998474121094,43.02000045776367,43.02000045776367,7217172,0.0,0.0
2025-03-28 00:00:00+03:00,43.220001220703125,44.540000915527344,42.52000045776367,44.34000015258789,5528477,0.0,0.0
2025-04-02 00:00:00+03:00,44.2599983215332,46.279998779296875,43.63999938964844,45.02000045776367,9170946,0.0,0.0
2025-04-03 00:00:00+03:00,44.939998626708984,45.79999923706055,44.34000015258789,44.380001068115234,5006389,0.0,0.0
2025-04-04 00:00:00+03:00,44.220001220703125,44.65999984741211,43.0,43.5,3929559,0.0,0.0
2025-04-07 00:00:00+03:00,42.7599983215332,43.939998626708984,40.65999984741211,43.439998626708984,4398373,0.0,0.0
2025-04-08 00:00:00+03:00,43.959999084472656,44.36000061035156,43.599998474121094,43.86000061035156,2708201,0.0,0.0
2025-04-09 00:00:00+03:00,43.220001220703125,43.97999954223633,42.68000030517578,42.68000030517578,3941340,0.0,0.0
2025-04-10 00:00:00+03:00,43.720001220703125,44.29999923706055,43.36000061035156,43.41999816894531,3741832,0.0,0.0
2025-04-11 00:00:00+03:00,43.459999084472656,43.97999954223633,42.900001525878906,43.7599983215332,4344397,0.0,0.0
2025-04-14 00:00:00+03:00,44.02000045776367,44.47999954223633,43.47999954223633,43.63999938964844,2835566,0.0,0.0
2025-04-15 00:00:00+03:00,43.63999938964844,44.220001220703125,43.400001525878906,43.7400016784668,2616415,0.0,0.0
2025-04-16 00:00:00+03:00,43.7400016784668,44.540000915527344,42.619998931884766,43.599998474121094,4650465,0.0,0.0
2025-04-17 00:00:00+03:00,43.540000915527344,44.5,42.84000015258789,44.02000045776367,4043587,0.0,0.0
2025-04-18 00:00:00+03:00,44.02000045776367,44.20000076293945,43.0,43.5,2668413,0.0,0.0
2025-04-21 00:00:00+03:00,43.63999938964844,43.84000015258789,42.720001220703125,42.7599983215332,3207043,0.0,0.0
2025-04-22 00:00:00+03:00,42.79999923706055,43.02000045776367,41.7599983215332,41.7599983215332,2354081,0.0,0.0
2025-04-24 00:00:00+03:00,41.7599983215332,42.08000183105469,41.119998931884766,41.86000061035156,3127513,0.0,0.0
2025-04-25 00:00:00+03:00,42.08000183105469,42.20000076293945,41.31999969482422,41.380001068115234,2269045,0.0,0.0
2025-04-28 00:00:00+03:00,41.599998474121094,42.5,41.459999084472656,42.099998474121094,5200790,0.0,0.0
2025-04-29 00:00:00+03:00,42.099998474121094,42.540000915527344,41.2599983215332,41.29999923706055,4582761,0.0,0.0
2025-04-30 00:00:00+03:00,41.29999923706055,41.619998931884766,40.41999816894531,40.5,4597246,0.0,0.0
2025-05-02 00:00:00+03:00,40.560001373291016,41.2400016784668,40.099998474121094,40.380001068115234,4295960,0.0,0.0
2025-05-05 00:00:00+03:00,40.70000076293945,40.7400016784668,39.900001525878906,39.939998626708984,1714307,0.0,0.0
2025-05-06 00:00:00+03:00,40.0,41.13999938964844,40.0,40.5,2864970,0.0,0.0
2025-05-07 00:00:00+03:00,40.5,40.619998931884766,39.560001373291016,39.599998474121094,2710870,0.0,0.0
2025-05-08 00:00:00+03:00,39.68000030517578,40.279998779296875,39.599998474121094,40.08000183105469,1306440,0.0,0.0
2025-05-09 00:00:00+03:00,40.15999984741211,40.959999084472656,39.900001525878906,40.5,3233327,0.0,0.0
2025-05-12 00:00:00+03:00,41.959999084472656,43.31999969482422,41.0,42.7599983215332,7431296,0.0,0.0
2025-05-13 00:00:00+03:00,45.599998474121094,46.18000030517578,44.959999084472656,45.380001068115234,11035071,0.0,0.0
2025-05-14 00:00:00+03:00,45.36000061035156,46.15999984741211,44.13999938964844,44.779998779296875,9153374,0.0,0.0
2025-05-15 00:00:00+03:00,44.84000015258789,45.84000015258789,44.58000183105469,44.939998626708984,4437306,0.0,0.0
2025-05-16 00:00:00+03:00,44.939998626708984,47.91999816894531,44.939998626708984,47.15999984741211,10097005,0.0,0.0
2025-05-20 00:00:00+03:00,47.15999984741211,47.84000015258789,46.599998474121094,46.880001068115234,5012866,0.0,0.0
2025-05-21 00:00:00+03:00,46.70000076293945,47.779998779296875,46.52000045776367,47.060001373291016,3901379,0.0,0.0
2025-05-22 00:00:00+03:00,47.08000183105469,47.65999984741211,45.900001525878906,46.15999984741211,5738512,0.0,0.0
2025-05-23 00:00:00+03:00,46.13999938964844,46.439998626708984,44.5,44.540000915527344,3874460,0.0,0.0
2025-05-26 00:00:00+03:00,44.65999984741211,44.900001525878906,43.65999984741211,43.7599983215332,3011782,0.0,0.0
2025-05-27 00:00:00+03:00,43.7599983215332,44.20000076293945,43.400001525878906,43.63999938964844,2769393,0.0,0.0
2025-05-28 00:00:00+03:00,43.63999938964844,44.279998779296875,42.040000915527344,42.220001220703125,4479898,0.0,0.0
2025-05-29 00:00:00+03:00,42.63999938964844,42.84000015258789,41.599998474121094,41.599998474121094,2208625,0.0,0.0
2025-05-30 00:00:00+03:00,41.599998474121094,42.91999816894531,40.880001068115234,42.91999816894531,3445988,0.0,0.0
2025-06-02 00:00:00+03:00,42.29999923706055,42.29999923706055,41.099998474121094,41.099998474121094,2594619,0.0,0.0
2025-06-03 00:00:00+03:00,41.13999938964844,41.779998779296875,41.13999938964844,41.20000076293945,2737051,0.0,0.0
2025-06-04 00:00:00+03:00,41.20000076293945,43.02000045776367,41.20000076293945,42.68000030517578,2457900,0.0,0.0
2025-06-05 00:00:00+03:00,42.779998779296875,43.040000915527344,42.5,42.560001373291016,837125,0.0,0.0
2025-06-10 00:00:00+03:00,42.58000183105469,43.279998779296875,42.58000183105469,42.91999816894531,1812262,0.0,0.0
2025-06-11 00:00:00+03:00,43.0,43.0,42.20000076293945,42.20000076293945,3494879,0.0,0.0
2025-06-12 00:00:00+03:00,41.540000915527344,41.7400016784668,40.91999816894531,41.08000183105469,3879251,0.0,0.0
2025-06-13 00:00:00+03:00,38.2400016784668,39.7400016784668,38.099998474121094,39.70000076293945,4247498,0.0,0.0
2025-06-16 00:00:00+03:00,39.47999954223633,40.70000076293945,39.060001373291016,40.220001220703125,2451572,0.0,0.0
2025-06-17 00:00:00+03:00,40.15999984741211,40.52000045776367,39.5,39.5,2203932,0.0,0.0
2025-06-18 00:00:00+03:00,39.380001068115234,39.47999954223633,38.119998931884766,38.779998779296875,2265361,0.0,0.0
2025-06-19 00:00:00+03:00,38.70000076293945,39.599998474121094,38.119998931884766,38.2599983215332,2968980,0.0,0.0
2025-06-20 00:00:00+03:00,38.97999954223633,39.220001220703125,38.20000076293945,38.86000061035156,4052577,0.0,0.0
2025-06-23 00:00:00+03:00,38.380001068115234,39.060001373291016,38.0,38.0,2224457,0.0,0.0
2025-06-24 00:00:00+03:00,39.5,40.119998931884766,39.119998931884766,40.0,3711824,0.0,0.0
2025-06-25 00:00:00+03:00,40.0,40.0,39.41999816894531,39.459999084472656,2214537,0.0,0.0
2025-06-26 00:00:00+03:00,39.599998474121094,40.08000183105469,39.060001373291016,39.060001373291016,1778473,0.0,0.0
2025-06-27 00:00:00+03:00,39.060001373291016,39.380001068115234,38.41999816894531,39.119998931884766,1876640,0.0,0.0
2025-06-30 00:00:00+03:00,39.119998931884766,40.959999084472656,38.880001068115234,40.5,3085820,0.0,0.0
2025-07-01 00:00:00+03:00,40.619998931884766,41.58000183105469,40.119998931884766,41.31999969482422,4287835,0.0,0.0
2025-07-02 00:00:00+03:00,41.36000061035156,42.13999938964844,40.81999969482422,41.08000183105469,4020531,0.0,0.0
2025-07-03 00:00:00+03:00,41.97999954223633,45.18000030517578,41.63999938964844,45.18000030517578,18144552,0.0,0.0
2025-07-04 00:00:00+03:00,46.0,46.08000183105469,43.41999816894531,43.41999816894531,9974686,0.0,0.0
2025-07-07 00:00:00+03:00,42.84000015258789,43.29999923706055,42.060001373291016,42.060001373291016,3262034,0.0,0.0
2025-07-08 00:00:00+03:00,42.15999984741211,42.560001373291016,41.0,41.08000183105469,3382381,0.0,0.0
2025-07-09 00:00:00+03:00,41.13999938964844,45.18000030517578,41.02000045776367,45.18000030517578,7592804,0.0,0.0
2025-07-10 00:00:00+03:00,46.599998474121094,49.040000915527344,46.599998474121094,47.5,19665182,0.0,0.0
2025-07-11 00:00:00+03:00,47.5,47.5,45.880001068115234,46.47999954223633,11107412,0.0,0.0
2025-07-14 00:00:00+03:00,46.47999954223633,47.439998626708984,46.29999923706055,46.5,3021854,0.0,0.0
2025-07-16 00:00:00+03:00,46.720001220703125,51.150001525878906,46.720001220703125,48.18000030517578,18209411,0.0,0.0
2025-07-17 00:00:00+03:00,48.65999984741211,50.599998474121094,48.65999984741211,49.36000061035156,6030059,0.0,0.0
2025-07-18 00:00:00+03:00,49.400001525878906,49.63999938964844,48.36000061035156,48.939998626708984,3951320,0.0,0.0
2025-07-21 00:00:00+03:00,48.939998626708984,49.86000061035156,48.779998779296875,49.41999816894531,3781865,0.0,0.0
2025-07-22 00:00:00+03:00,49.5,51.29999923706055,48.79999923706055,49.720001220703125,5151455,0.0,0.0
2025-07-23 00:00:00+03:00,49.720001220703125,50.599998474121094,48.7599983215332,48.939998626708984,4666539,0.0,0.0
2025-07-24 00:00:00+03:00,48.959999084472656,49.5,48.86000061035156,48.959999084472656,2807859,0.0,0.0
2025-07-25 00:00:00+03:00,52.95000076293945,52.95000076293945,51.25,51.25,7378197,0.0,0.0
2025-07-28 00:00:00+03:00,51.25,52.400001525878906,50.54999923706055,50.900001525878906,3346321,0.0,0.0
2025-07-29 00:00:00+03:00,50.5,50.95000076293945,49.7599983215332,49.880001068115234,2718870,0.0,0.0
2025-07-30 00:00:00+03:00,49.70000076293945,50.29999923706055,49.540000915527344,49.70000076293945,2613589,0.0,0.0
2025-07-31 00:00:00+03:00,49.599998474121094,50.95000076293945,49.5,50.0,3493932,0.0,0.0
2025-08-01 00:00:00+03:00,49.81999969482422,50.349998474121094,49.65999984741211,50.04999923706055,3305522,0.0,0.0
2025-08-04 00:00:00+03:00,50.150001525878906,50.5,49.68000030517578,49.959999084472656,4614969,0.0,0.0
2025-08-05 00:00:00+03:00,49.86000061035156,50.79999923706055,49.86000061035156,50.04999923706055,3561877,0.0,0.0
2025-08-06 00:00:00+03:00,50.04999923706055,52.29999923706055,49.119998931884766,51.0,13002340,0.0,0.0
2025-08-07 00:00:00+03:00,51.0,51.70000076293945,50.20000076293945,50.25,4806330,0.0,0.0
2025-08-08 00:00:00+03:00,50.150001525878906,50.599998474121094,49.79999923706055,50.099998474121094,3736288,0.0,0.0
2025-08-11 00:00:00+03:00,50.20000076293945,51.75,50.20000076293945,51.0,4517106,0.0,0.0
2025-08-12 00:00:00+03:00,51.0,51.900001525878906,49.959999084472656,50.70000076293945,4816164,0.0,0.0
2025-08-13 00:00:00+03:00,51.0,51.599998474121094,50.20000076293945,50.25,4090562,0.0,0.0
2025-08-14 00:00:00+03:00,50.0,50.400001525878906,48.880001068115234,48.97999954223633,3878075,0.0,0.0
2025-08-15 00:00:00+03:00,49.0,50.849998474121094,46.560001373291016,50.75,5243564,0.0,0.0
2025-08-18 00:00:00+03:00,50.95000076293945,52.650001525878906,50.45000076293945,51.599998474121094,6391247,0.0,0.0
2025-08-19 00:00:00+03:00,49.5,49.7400016784668,48.720001220703125,48.91999816894531,10282958,0.0,0.0
2025-08-20 00:00:00+03:00,49.0,49.279998779296875,48.31999969482422,49.08000183105469,5222088,0.0,0.0
2025-08-21 00:00:00+03:00,49.119998931884766,51.29999923706055,49.119998931884766,50.95000076293945,8094521,0.0,0.0
2025-08-22 00:00:00+03:00,51.20000076293945,52.650001525878906,50.849998474121094,51.150001525878906,8756398,0.0,0.0
2025-08-25 00:00:00+03:00,51.5,52.29999923706055,51.29999923706055,51.45000076293945,6503962,0.0,0.0
2025-08-26 00:00:00+03:00,51.5,51.95000076293945,49.79999923706055,49.900001525878906,6438857,0.0,0.0
2025-08-27 00:00:00+03:00,50.0,50.150001525878906,48.47999954223633,48.47999954223633,4414273,0.0,0.0
2025-08-28 00:00:00+03:00,48.5,49.0,47.5,47.720001220703125,3651047,0.0,0.0
2025-08-29 00:00:00+03:00,47.959999084472656,48.52000045776367,47.5,47.65999984741211,2707136,0.0,0.0
2025-09-01 00:00:00+03:00,47.79999923706055,48.560001373291016,47.31999969482422,47.63999938964844,2837353,0.0,0.0
2025-09-02 00:00:00+03:00,47.70000076293945,47.880001068115234,44.439998626708984,45.720001220703125,5508642,0.0,0.0
2025-09-03 00:00:00+03:00,45.720001220703125,45.86000061035156,44.720001220703125,45.560001373291016,4213125,0.0,0.0
2025-09-04 00:00:00+03:00,45.619998931884766,45.86000061035156,45.279998779296875,45.540000915527344,2873052,0.0,0.0
2025-09-05 00:00:00+03:00,45.7599983215332,45.97999954223633,44.5,44.560001373291016,3476688,0.0,0.0
2025-09-08 00:00:00+03:00,43.119998931884766,43.84000015258789,42.7599983215332,42.900001525878906,3759505,0.0,0.0
2025-09-09 00:00:00+03:00,42.939998626708984,43.79999923706055,42.939998626708984,43.2599983215332,2573009,0.0,0.0
2025-09-10 00:00:00+03:00,43.400001525878906,43.779998779296875,42.880001068115234,43.02000045776367,1728995,0.0,0.0
2025-09-11 00:00:00+03:00,43.02000045776367,44.779998779296875,42.70000076293945,42.900001525878906,5113524,0.0,0.0
2025-09-12 00:00:00+03:00,42.900001525878906,43.0,41.7599983215332,42.2400016784668,2781525,0.0,0.0
2025-09-15 00:00:00+03:00,42.2400016784668,44.84000015258789,41.560001373291016,44.779998779296875,4483242,0.0,0.0
2025-09-16 00:00:00+03:00,45.0,47.5,44.779998779296875,47.02000045776367,4501174,0.0,0.0
2025-09-17 00:00:00+03:00,46.97999954223633,48.099998474121094,46.58000183105469,46.880001068115234,4420770,0.0,0.0
2025-09-18 00:00:00+03:00,47.18000030517578,48.040000915527344,46.84000015258789,46.959999084472656,4196051,0.0,0.0
2025-09-19 00:00:00+03:00,46.97999954223633,47.5,46.29999923706055,47.41999816894531,3276437,0.0,0.0
2025-09-22 00:00:00+03:00,48.099998474121094,48.79999923706055,47.959999084472656,48.70000076293945,4400328,0.0,0.0
2025-09-23 00:00:00+03:00,48.0,49.47999954223633,47.31999969482422,47.959999084472656,6153932,0.0,0.0
2025-09-24 00:00:00+03:00,47.959999084472656,48.58000183105469,46.900001525878906,48.29999923706055,3381761,0.0,0.0
2025-09-25 00:00:00+03:00,48.41999816894531,48.779998779296875,46.900001525878906,47.060001373291016,2109973,0.0,0.0
2025-09-26 00:00:00+03:00,47.060001373291016,47.58000183105469,46.29999923706055,46.36000061035156,2353618,0.0,0.0
2025-09-29 00:00:00+03:00,46.0,46.34000015258789,45.02000045776367,45.13999938964844,2649627,0.0,0.0
2025-09-30 00:00:00+03:00,45.20000076293945,45.63999938964844,44.7599983215332,45.20000076293945,1944662,0.0,0.0
2025-10-01 00:00:00+03:00,45.279998779296875,46.13999938964844,44.560001373291016,45.939998626708984,2311752,0.0,0.0
2025-10-02 00:00:00+03:00,45.959999084472656,47.20000076293945,45.20000076293945,46.47999954223633,3993830,0.0,0.0
2025-10-03 00:00:00+03:00,46.560001373291016,46.560001373291016,43.7400016784668,44.0,3750709,0.0,0.0
2025-10-06 00:00:00+03:00,44.060001373291016,44.18000030517578,43.0,43.31999969482422,1965834,0.0,0.0
2025-10-07 00:00:00+03:00,43.31999969482422,44.31999969482422,43.119998931884766,43.900001525878906,1601148,0.0,0.0
2025-10-08 00:00:00+03:00,43.880001068115234,45.58000183105469,43.2599983215332,43.2599983215332,3346325,0.0,0.0
2025-10-09 00:00:00+03:00,43.619998931884766,44.099998474121094,43.20000076293945,43.52000045776367,1769593,0.0,0.0
2025-10-10 00:00:00+03:00,43.52000045776367,44.31999969482422,43.36000061035156,43.79999923706055,1732936,0.0,0.0
2025-10-13 00:00:00+03:00,43.119998931884766,43.41999816894531,42.400001525878906,42.439998626708984,2245625,0.0,0.0
2025-10-14 00:00:00+03:00,42.459999084472656,43.119998931884766,41.47999954223633,42.099998474121094,2161715,0.0,0.0
2025-10-15 00:00:00+03:00,42.099998474121094,43.7599983215332,42.099998474121094,43.439998626708984,2745502,0.0,0.0
2025-10-16 00:00:00+03:00,43.220001220703125,44.5,42.880001068115234,43.02000045776367,2063686,0.0,0.0
2025-10-17 00:00:00+03:00,43.02000045776367,43.540000915527344,41.900001525878906,42.599998474121094,2278056,0.0,0.0
2025-10-20 00:00:00+03:00,42.63999938964844,45.79999923706055,41.900001525878906,43.20000076293945,2517496,0.0,0.0
2025-10-21 00:00:00+03:00,43.2400016784668,43.47999954223633,42.459999084472656,42.880001068115234,2303488,0.0,0.0
2025-10-22 00:00:00+03:00,43.02000045776367,43.47999954223633,42.86000061035156,43.119998931884766,2347644,0.0,0.0
2025-10-23 00:00:00+03:00,43.15999984741211,44.2400016784668,43.099998474121094,43.220001220703125,2829252,0.0,0.0
2025-10-24 00:00:00+03:00,43.880001068115234,45.63999938964844,43.2599983215332,44.65999984741211,4436657,0.0,0.0
2025-10-27 00:00:00+03:00,44.7400016784668,46.70000076293945,44.400001525878906,44.5,5424132,0.0,0.0
2025-10-28 00:00:00+03:00,45.119998931884766,48.0,45.040000915527344,46.58000183105469,6130308,0.0,0.0
2025-10-30 00:00:00+03:00,46.599998474121094,48.7400016784668,46.18000030517578,46.86000061035156,9743587,0.0,0.0
2025-10-31 00:00:00+03:00,46.97999954223633,47.400001525878906,46.36000061035156,47.20000076293945,3188308,0.0,0.0
2025-11-03 00:00:00+03:00,47.560001373291016,48.7400016784668,47.459999084472656,48.20000076293945,3452027,0.0,0.0
2025-11-04 00:00:00+03:00,48.20000076293945,48.220001220703125,47.13999938964844,47.41999816894531,2457792,0.0,0.0
2025-11-05 00:00:00+03:00,47.41999816894531,50.70000076293945,46.97999954223633,49.79999923706055,8354841,0.0,0.0
2025-11-06 00:00:00+03:00,49.52000045776367,49.540000915527344,48.220001220703125,49.279998779296875,4904856,0.0,0.0
2025-11-07 00:00:00+03:00,49.599998474121094,50.25,48.779998779296875,49.20000076293945,3650593,0.0,0.0
2025-11-10 00:00:00+03:00,49.20000076293945,50.0,48.119998931884766,48.279998779296875,3215918,0.0,0.0
2025-11-11 00:00:00+03:00,48.79999923706055,49.220001220703125,44.36000061035156,44.7599983215332,8132674,0.0,0.0
2025-11-12 00:00:00+03:00,45.15999984741211,46.0,44.099998474121094,44.099998474121094,4339441,0.0,0.0
2025-11-13 00:00:00+03:00,44.220001220703125,44.84000015258789,43.97999954223633,44.5,1957775,0.0,0.0
2025-11-14 00:00:00+03:00,44.380001068115234,44.880001068115234,43.29999923706055,43.84000015258789,1934441,0.0,0.0
2025-11-17 00:00:00+03:00,44.02000045776367,48.220001220703125,44.02000045776367,47.02000045776367,13220501,0.0,0.0
2025-11-18 00:00:00+03:00,46.84000015258789,49.15999984741211,45.880001068115234,46.18000030517578,16662869,0.0,0.0
2025-11-19 00:00:00+03:00,46.41999816894531,47.279998779296875,45.060001373291016,45.29999923706055,5850722,0.0,0.0
2025-11-20 00:00:00+03:00,45.63999938964844,46.08000183105469,45.2400016784668,45.560001373291016,6069345,0.0,0.0
2025-11-21 00:00:00+03:00,45.63999938964844,45.79999923706055,44.70000076293945,45.15999984741211,3676463,0.0,0.0
2025-11-24 00:00:00+03:00,45.0,45.040000915527344,43.220001220703125,43.220001220703125,7343197,0.0,0.0
2025-11-25 00:00:00+03:00,43.619998931884766,44.58000183105469,43.29999923706055,43.939998626708984,6028116,0.0,0.0
2025-11-26 00:00:00+03:00,44.099998474121094,45.0,43.63999938964844,43.70000076293945,4330759,0.0,0.0
2025-11-27 00:00:00+03:00,43.86000061035156,44.400001525878906,43.2599983215332,43.2599983215332,2670810,0.0,0.0
2025-11-28 00:00:00+03:00,43.18000030517578,43.619998931884766,42.97999954223633,43.060001373291016,2197761,0.0,0.0
2025-12-01 00:00:00+03:00,43.13999938964844,44.599998474121094,43.13999938964844,44.2400016784668,3791012,0.0,0.0
2025-12-02 00:00:00+03:00,44.400001525878906,45.68000030517578,44.060001373291016,44.84000015258789,4256907,0.0,0.0
2025-12-03 00:00:00+03:00,44.84000015258789,45.619998931884766,44.29999923706055,45.02000045776367,4780021,0.0,0.0
2025-12-04 00:00:00+03:00,45.2599983215332,45.36000061035156,44.560001373291016,44.619998931884766,2874591,0.0,0.0
2025-12-05 00:00:00+03:00,44.540000915527344,46.099998474121094,44.34000015258789,45.599998474121094,4772158,0.0,0.0
2025-12-08 00:00:00+03:00,46.0,46.2599983215332,44.900001525878906,45.2599983215332,3646211,0.0,0.0
2025-12-09 00:00:00+03:00,45.279998779296875,45.5,44.5,44.63999938964844,3240561,0.0,0.0
2025-12-10 00:00:00+03:00,44.84000015258789,44.939998626708984,43.599998474121094,43.599998474121094,3147996,0.0,0.0
2025-12-11 00:00:00+03:00,43.65999984741211,44.220001220703125,43.560001373291016,43.81999969482422,2310558,0.0,0.0
2025-12-12 00:00:00+03:00,44.02000045776367,45.099998474121094,43.68000030517578,44.91999816894531,5585650,0.0,0.0
2025-12-15 00:00:00+03:00,44.91999816894531,45.959999084472656,44.599998474121094,45.0,9748079,0.0,0.0
2025-12-16 00:00:00+03:00,45.040000915527344,45.20000076293945,44.2599983215332,45.0,3480927,0.0,0.0
2025-12-17 00:00:00+03:00,45.040000915527344,45.18000030517578,44.040000915527344,44.099998474121094,6457152,0.0,0.0
2025-12-18 00:00:00+03:00,44.31999969482422,45.619998931884766,44.15999984741211,45.380001068115234,4284434,0.0,0.0
2025-12-19 00:00:00+03:00,45.400001525878906,46.0,45.08000183105469,46.0,3898963,0.0,0.0
2025-12-22 00:00:00+03:00,46.0,46.0,45.099998474121094,45.81999969482422,3394515,0.0,0.0
2025-12-23 00:00:00+03:00,45.779998779296875,45.81999969482422,43.939998626708984,43.959999084472656,6305707,0.0,0.0
2025-12-24 00:00:00+03:00,44.02000045776367,44.599998474121094,43.880001068115234,44.2599983215332,3678872,0.0,0.0
2025-12-25 00:00:00+03:00,44.459999084472656,45.08000183105469,44.400001525878906,44.68000030517578,3319433,0.0,0.0
2025-12-26 00:00:00+03:00,44.619998931884766,47.20000076293945,44.619998931884766,46.939998626708984,8765422,0.0,0.0
2025-12-29 00:00:00+03:00,47.400001525878906,47.439998626708984,45.560001373291016,45.599998474121094,5351600,0.0,0.0
2025-12-30 00:00:00+03:00,45.63999938964844,47.41999816894531,45.47999954223633,46.84000015258789,5583456,0.0,0.0
2025-12-31 00:00:00+03:00,46.84000015258789,46.939998626708984,46.2400016784668,46.400001525878906,2442456,0.0,0.0
2026-01-02 00:00:00+03:00,46.41999816894531,47.880001068115234,46.400001525878906,47.880001068115234,4517941,0.0,0.0
2026-01-05 00:00:00+03:00,47.880001068115234,47.91999816894531,46.880001068115234,47.7400016784668,4860155,0.0,0.0
2026-01-06 00:00:00+03:00,47.79999923706055,48.18000030517578,47.459999084472656,47.7400016784668,4462820,0.0,0.0
2026-01-07 00:00:00+03:00,47.81999969482422,48.099998474121094,46.959999084472656,46.959999084472656,4006526,0.0,0.0
2026-01-08 00:00:00+03:00,46.91999816894531,48.279998779296875,45.79999923706055,48.279998779296875,6024610,0.0,0.0
2026-01-09 00:00:00+03:00,48.400001525878906,48.5,47.47999954223633,47.779998779296875,3149922,0.0,0.0
2026-01-12 00:00:00+03:00,47.779998779296875,50.79999923706055,47.70000076293945,49.880001068115234,13518338,0.0,0.0
2026-01-13 00:00:00+03:00,49.880001068115234,52.0,49.15999984741211,51.04999923706055,8712017,0.0,0.0
2026-01-14 00:00:00+03:00,51.099998474121094,52.599998474121094,50.900001525878906,51.5,7751341,0.0,0.0
2026-01-15 00:00:00+03:00,50.79999923706055,52.70000076293945,50.79999923706055,52.54999923706055,5134419,0.0,0.0
2026-01-16 00:00:00+03:00,52.54999923706055,53.45000076293945,52.04999923706055,53.0,5699453,0.0,0.0
2026-01-19 00:00:00+03:00,53.45000076293945,54.75,53.29999923706055,54.099998474121094,9187890,0.0,0.0
2026-01-20 00:00:00+03:00,54.900001525878906,54.900001525878906,51.79999923706055,51.849998474121094,6985603,0.0,0.0
2026-01-21 00:00:00+03:00,51.650001525878906,52.099998474121094,50.150001525878906,50.95000076293945,5573068,0.0,0.0
2026-01-22 00:00:00+03:00,51.099998474121094,53.95000076293945,50.5,53.25,6716508,0.0,0.0
2026-01-23 00:00:00+03:00,53.599998474121094,54.900001525878906,53.099998474121094,54.900001525878906,4927608,0.0,0.0
2026-01-26 00:00:00+03:00,54.900001525878906,57.150001525878906,54.25,54.45000076293945,7206867,0.0,0.0
2026-01-27 00:00:00+03:00,54.400001525878906,55.95000076293945,54.0,55.150001525878906,5540866,0.0,0.0
2026-01-28 00:00:00+03:00,55.150001525878906,56.45000076293945,54.650001525878906,55.75,5704186,0.0,0.0
2026-01-29 00:00:00+03:00,55.849998474121094,56.95000076293945,55.150001525878906,55.849998474121094,6362898,0.0,0.0
2026-01-30 00:00:00+03:00,55.95000076293945,56.599998474121094,54.70000076293945,55.45000076293945,5404539,0.0,0.0
2026-02-02 00:00:00+03:00,54.0,55.20000076293945,53.0,54.25,5229786,0.0,0.0
2026-02-03 00:00:00+03:00,54.54999923706055,56.45000076293945,54.54999923706055,55.45000076293945,4606024,0.0,0.0
2026-02-04 00:00:00+03:00,60.75,60.75,57.400001525878906,57.70000076293945,9814200,0.0,0.0
2026-02-05 00:00:00+03:00,57.5,57.849998474121094,55.849998474121094,56.04999923706055,3805098,0.0,0.0
2026-02-06 00:00:00+03:00,56.0,56.900001525878906,54.29999923706055,55.04999923706055,4680499,0.0,0.0
2026-02-09 00:00:00+03:00,55.599998474121094,57.45000076293945,55.400001525878906,57.04999923706055,4723020,0.0,0.0
2026-02-10 00:00:00+03:00,57.5,57.5,55.54999923706055,56.099998474121094,3631745,0.0,0.0
2026-02-11 00:00:00+03:00,55.900001525878906,57.04999923706055,55.400001525878906,56.54999923706055,3481839,0.0,0.0
2026-02-12 00:00:00+03:00,57.45000076293945,58.29999923706055,56.75,58.04999923706055,5026319,0.0,0.0
2026-02-13 00:00:00+03:00,58.150001525878906,58.54999923706055,57.099998474121094,58.150001525878906,4430668,0.0,0.0
2026-02-16 00:00:00+03:00,58.5,60.25,58.29999923706055,60.25,6578205,0.0,0.0
2026-02-17 00:00:00+03:00,60.54999923706055,61.54999923706055,59.5,59.849998474121094,5039983,0.0,0.0
2026-02-18 00:00:00+03:00,56.0,56.75,53.900001525878906,53.900001525878906,29082703,0.0,0.0
2026-02-19 00:00:00+03:00,53.70000076293945,54.20000076293945,48.52000045776367,48.52000045776367,14420763,0.0,0.0
2026-02-20 00:00:00+03:00,48.0,49.31999969482422,47.79999923706055,48.439998626708984,7268032,0.0,0.0
2026-02-23 00:00:00+03:00,48.68000030517578,50.400001525878906,48.439998626708984,48.5,6900239,0.0,0.0
2026-02-24 00:00:00+03:00,48.540000915527344,48.58000183105469,46.779998779296875,47.0,7090946,0.0,0.0
2026-02-25 00:00:00+03:00,47.060001373291016,47.7599983215332,45.779998779296875,45.91999816894531,4807112,0.0,0.0
2026-02-26 00:00:00+03:00,46.0,47.119998931884766,45.900001525878906,47.099998474121094,4078474,0.0,0.0
2026-02-27 00:00:00+03:00,47.36000061035156,47.79999923706055,45.84000015258789,46.13999938964844,3855056,0.0,0.0
2026-03-02 00:00:00+03:00,42.13999938964844,44.959999084472656,42.13999938964844,44.380001068115234,4383359,0.0,0.0
2026-03-03 00:00:00+03:00,44.2599983215332,44.939998626708984,43.58000183105469,43.86000061035156,4254399,0.0,0.0
2026-03-04 00:00:00+03:00,44.0,44.459999084472656,43.41999816894531,43.81999969482422,3648143,0.0,0.0
2026-03-05 00:00:00+03:00,44.18000030517578,47.02000045776367,44.119998931884766,45.84000015258789,9601249,0.0,0.0
2026-03-06 00:00:00+03:00,45.540000915527344,46.29999923706055,44.52000045776367,44.880001068115234,4431689,0.0,0.0
2026-03-09 00:00:00+03:00,44.2599983215332,44.380001068115234,42.5,43.560001373291016,5204483,0.0,0.0
2026-03-10 00:00:00+03:00,44.880001068115234,45.65999984741211,44.220001220703125,45.65999984741211,3419455,0.0,0.0
2026-03-11 00:00:00+03:00,45.720001220703125,46.08000183105469,45.20000076293945,45.65999984741211,2654910,0.0,0.0
2026-03-12 00:00:00+03:00,45.599998474121094,46.939998626708984,45.34000015258789,45.97999954223633,4511220,0.0,0.0
2026-03-13 00:00:00+03:00,45.720001220703125,46.0,44.31999969482422,44.97999954223633,3751123,0.0,0.0
2026-03-16 00:00:00+03:00,45.02000045776367,45.63999938964844,43.97999954223633,44.20000076293945,1915083,0.0,0.0
2026-03-17 00:00:00+03:00,44.2400016784668,45.31999969482422,44.2400016784668,44.97999954223633,2833145,0.0,0.0
2026-03-18 00:00:00+03:00,45.31999969482422,45.5,44.20000076293945,44.70000076293945,1724337,0.0,0.0
2026-03-19 00:00:00+03:00,44.900001525878906,44.900001525878906,44.220001220703125,44.70000076293945,1631521,0.0,0.0
2026-03-23 00:00:00+03:00,43.70000076293945,45.540000915527344,42.779998779296875,45.060001373291016,5102718,0.0,0.0
2026-03-24 00:00:00+03:00,45.099998474121094,45.20000076293945,43.599998474121094,43.70000076293945,2859495,0.0,0.0
2026-03-25 00:00:00+03:00,44.20000076293945,46.380001068115234,44.099998474121094,45.099998474121094,12224565,0.0,0.0
2026-03-26 00:00:00+03:00,44.900001525878906,45.439998626708984,44.279998779296875,44.52000045776367,4902692,0.0,0.0
2026-03-27 00:00:00+03:00,44.939998626708984,45.2599983215332,43.720001220703125,44.040000915527344,2750201,0.0,0.0
2026-03-30 00:00:00+03:00,44.29999923706055,46.18000030517578,44.099998474121094,45.0,8511973,0.0,0.0
2026-03-31 00:00:00+03:00,45.18000030517578,46.279998779296875,44.97999954223633,45.900001525878906,6064032,0.0,0.0
2026-04-01 00:00:00+03:00,46.31999969482422,46.79999923706055,45.36000061035156,45.900001525878906,3957359,0.0,0.0
2026-04-02 00:00:00+03:00,45.459999084472656,48.599998474121094,45.2599983215332,48.060001373291016,13394106,0.0,0.0
2026-04-03 00:00:00+03:00,47.97999954223633,49.08000183105469,47.41999816894531,47.41999816894531,5566792,0.0,0.0
2026-04-06 00:00:00+03:00,48.0,49.18000030517578,47.779998779296875,48.619998931884766,4970715,0.0,0.0
2026-04-07 00:00:00+03:00,48.619998931884766,48.779998779296875,46.52000045776367,46.599998474121094,4695960,0.0,0.0
2026-04-08 00:00:00+03:00,50.0,50.79999923706055,49.220001220703125,49.52000045776367,8658826,0.0,0.0
2026-04-09 00:00:00+03:00,49.52000045776367,50.5,48.779998779296875,49.439998626708984,7766989,0.0,0.0
2026-04-10 00:00:00+03:00,49.619998931884766,50.45000076293945,49.400001525878906,50.29999923706055,6066158,0.0,0.0
2026-04-13 00:00:00+03:00,49.5,51.45000076293945,48.560001373291016,51.150001525878906,8049621,0.0,0.0
2026-04-14 00:00:00+03:00,51.45000076293945,51.75,50.0,50.20000076293945,4491358,0.0,0.0
2026-04-15 00:00:00+03:00,50.04999923706055,50.04999923706055,47.599998474121094,47.599998474121094,13371342,0.0,0.0
2026-04-16 00:00:00+03:00,47.79999923706055,48.20000076293945,46.279998779296875,46.599998474121094,6286313,0.0,0.0
2026-04-17 00:00:00+03:00,46.70000076293945,47.63999938964844,46.58000183105469,47.560001373291016,6445166,0.0,0.0
2026-04-20 00:00:00+03:00,47.060001373291016,48.08000183105469,46.86000061035156,47.70000076293945,5798162,0.0,0.0
2026-04-21 00:00:00+03:00,47.97999954223633,48.79999923706055,47.220001220703125,47.2599983215332,6810513,0.0,0.0
2026-04-22 00:00:00+03:00,47.560001373291016,47.65999984741211,45.91999816894531,46.15999984741211,4540597,0.0,0.0
2026-04-24 00:00:00+03:00,46.099998474121094,46.70000076293945,45.939998626708984,46.279998779296875,3611673,0.0,0.0
2026-04-27 00:00:00+03:00,46.52000045776367,50.150001525878906,46.41999816894531,49.34000015258789,19189119,0.0,0.0
2026-04-28 00:00:00+03:00,49.459999084472656,52.0,48.97999954223633,49.20000076293945,25837956,0.0,0.0
2026-04-29 00:00:00+03:00,49.36000061035156,50.349998474121094,47.65999984741211,48.20000076293945,12377796,0.0,0.0
2026-04-30 00:00:00+03:00,48.20000076293945,49.86000061035156,47.36000061035156,49.79999923706055,16536759,0.0,0.0
2026-05-04 00:00:00+03:00,50.54999923706055,52.650001525878906,49.91999816894531,51.04999923706055,19342402,0.0,0.0
2026-05-05 00:00:00+03:00,51.45000076293945,54.79999923706055,51.349998474121094,54.20000076293945,22993754,0.0,0.0
2026-05-06 00:00:00+03:00,55.0,56.900001525878906,53.349998474121094,56.5,19810352,0.0,0.0
2026-05-07 00:00:00+03:00,56.900001525878906,58.849998474121094,56.04999923706055,58.400001525878906,17457716,0.0,0.0
2026-05-08 00:00:00+03:00,58.650001525878906,62.849998474121094,57.70000076293945,61.400001525878906,25334340,0.0,0.0
2026-05-11 00:00:00+03:00,62.599998474121094,64.80000305175781,61.0,61.349998474121094,20537975,0.0,0.0
2026-05-12 00:00:00+03:00,60.70000076293945,63.650001525878906,60.099998474121094,61.349998474121094,17490602,0.0,0.0
2026-05-13 00:00:00+03:00,61.54999923706055,63.20000076293945,59.5,60.70000076293945,17333554,0.0,0.0
2026-05-14 00:00:00+03:00,61.5,64.9000015258789,60.900001525878906,64.5,21587210,0.0,0.0
2026-05-15 00:00:00+03:00,64.8499984741211,65.69999694824219,58.04999923706055,58.04999923706055,23169220,0.0,0.0
2026-05-18 00:00:00+03:00,57.349998474121094,59.0,55.54999923706055,58.0,17494183,0.0,0.0
2026-05-20 00:00:00+03:00,60.70000076293945,63.79999923706055,60.45000076293945,63.79999923706055,17338976,0.0,0.0
2026-05-21 00:00:00+03:00,66.0,70.1500015258789,60.900001525878906,60.900001525878906,43175129,0.0,0.0
2026-05-22 00:00:00+03:00,61.70000076293945,66.94999694824219,61.70000076293945,66.94999694824219,11663077,0.0,0.0
2026-05-25 00:00:00+03:00,70.44999694824219,73.5999984741211,69.94999694824219,73.5999984741211,3101219,0.0,0.0
2026-05-26 00:00:00+03:00,80.0,80.0,72.3499984741211,75.5,40514373,0.0,0.0
2026-05-27 00:00:00+03:00,75.5,75.5,75.5,75.5,0,0.0,0.0
2026-05-28 00:00:00+03:00,75.5,75.5,75.5,75.5,0,0.0,0.0
2026-05-29 00:00:00+03:00,75.5,75.5,75.5,75.5,0,0.0,0.0
2026-06-01 00:00:00+03:00,75.55000305175781,78.94999694824219,68.0999984741211,71.0,61653486,0.0,0.0
2026-06-02 00:00:00+03:00,71.8499984741211,78.0999984741211,71.0999984741211,78.0999984741211,38019992,0.0,0.0
2026-06-03 00:00:00+03:00,80.0,84.9000015258789,78.75,82.69999694824219,36610919,0.0,0.0
2026-06-04 00:00:00+03:00,83.19999694824219,86.94999694824219,79.44999694824219,82.05000305175781,31250992,0.0,0.0
2026-06-05 00:00:00+03:00,83.80000305175781,84.1500015258789,80.4000015258789,81.30000305175781,20167630,0.0,0.0
2026-06-08 00:00:00+03:00,78.4000015258789,83.30000305175781,78.05000305175781,79.25,17434521,0.0,0.0
2026-06-09 00:00:00+03:00,79.5999984741211,87.1500015258789,76.30000305175781,87.1500015258789,38557534,0.0,0.0
2026-06-10 00:00:00+03:00,90.0,93.69999694824219,84.55000305175781,89.6500015258789,68469284,0.0,0.0
2026-06-11 00:00:00+03:00,89.5999984741211,91.19999694824219,82.69999694824219,84.5,32019624,0.0,0.0
2026-06-12 00:00:00+03:00,84.80000305175781,86.80000305175781,81.30000305175781,85.75,24154346,0.0,0.0
2026-06-15 00:00:00+03:00,86.75,88.3499984741211,83.0,85.25,26824518,0.0,0.0
2026-06-16 00:00:00+03:00,84.80000305175781,89.44999694824219,83.0,83.0,26402323,0.0,0.0
2026-06-17 00:00:00+03:00,85.0,85.5,76.5,77.55000305175781,25036429,0.0,0.0
2026-06-18 00:00:00+03:00,73.30000305175781,77.55000305175781,69.80000305175781,69.80000305175781,43036290,0.0,0.0
2026-06-19 00:00:00+03:00,68.5,76.69999694824219,67.3499984741211,76.69999694824219,43433143,0.0,0.0
2026-06-22 00:00:00+03:00,75.9000015258789,83.0999984741211,72.4000015258789,82.55000305175781,7957517,0.0,0.0
2026-06-23 00:00:00+03:00,80.0,82.55000305175781,77.0,77.25,4820339,0.0,0.0
2026-06-24 00:00:00+03:00,75.94999694824219,76.0,70.75,72.19999694824219,4875348,0.0,0.0
2026-06-25 00:00:00+03:00,70.69999694824219,74.0,69.05000305175781,69.75,3949215,0.0,0.0
2026-06-26 00:00:00+03:00,69.0,70.0,64.5,68.6500015258789,5060312,0.0,0.0
2026-06-29 00:00:00+03:00,68.05000305175781,72.4000015258789,66.55000305175781,71.0,3820221,0.0,0.0
2026-06-30 00:00:00+03:00,71.0,73.0,69.1500015258789,71.5,3024142,0.0,0.0
2026-07-01 00:00:00+03:00,70.8499984741211,76.5999984741211,67.94999694824219,72.94999694824219,20418291,0.0,0.0
2026-07-02 00:00:00+03:00,73.19999694824219,75.6500015258789,73.0999984741211,73.19999694824219,5107649,0.0,0.0
2026-07-03 00:00:00+03:00,73.05000305175781,78.5999984741211,72.30000305175781,77.6500015258789,4473799,0.0,0.0
2026-07-06 00:00:00+03:00,77.80000305175781,79.55000305175781,75.94999694824219,78.19999694824219,3499521,0.0,0.0
2026-07-07 00:00:00+03:00,77.5999984741211,80.8499984741211,76.30000305175781,80.44999694824219,3575436,0.0,0.0
2026-07-08 00:00:00+03:00,80.44999694824219,82.0,79.30000305175781,79.8499984741211,3556715,0.0,0.0
2026-07-09 00:00:00+03:00,80.30000305175781,80.80000305175781,79.4000015258789,79.44999694824219,2611724,0.0,0.0
2026-07-10 00:00:00+03:00,79.30000305175781,81.5,79.25,80.30000305175781,3045340,0.0,0.0
2026-07-13 00:00:00+03:00,80.0999984741211,80.25,78.69999694824219,78.69999694824219,2711027,0.0,0.0
2026-07-14 00:00:00+03:00,79.0,81.5,78.94999694824219,80.9000015258789,2320783,0.0,0.0
2026-07-16 00:00:00+03:00,80.8499984741211,83.5,80.1500015258789,81.44999694824219,2809012,0.0,0.0
2026-07-17 00:00:00+03:00,81.30000305175781,82.80000305175781,80.1500015258789,80.30000305175781,2442329,0.0,0.0
2026-07-20 00:00:00+03:00,80.94999694824219,88.30000305175781,80.94999694824219,88.30000305175781,20868366,0.0,0.0
2026-07-21 00:00:00+03:00,88.8499984741211,92.0,86.6500015258789,87.05000305175781,44051213,0.0,0.0
2026-07-22 00:00:00+03:00,87.69999694824219,89.75,83.55000305175781,83.55000305175781,17943970,0.0,0.0
2026-07-23 00:00:00+03:00,83.80000305175781,86.5999984741211,82.5999984741211,82.5999984741211,9826494,0.0,0.0
2026-07-24 00:00:00+03:00,82.8499984741211,83.80000305175781,81.30000305175781,81.30000305175781,8737141,0.0,0.0
2026-07-27 00:00:00+03:00,82.30000305175781,82.75,79.94999694824219,80.94999694824219,9980324,0.0,0.0
2026-07-28 00:00:00+03:00,80.69999694824219,81.19999694824219,73.25,73.9000015258789,13228648,0.0,0.0
2026-07-29 00:00:00+03:00,72.9000015258789,75.1500015258789,71.69999694824219,73.69999694824219,17142857,0.0,0.0
2026-07-30 00:00:00+03:00,73.80000305175781,76.75,72.8499984741211,75.4000015258789,13020507,0.0,0.0
2026-08-03 00:00:00+03:00,75.3499984741211,78.5,74.8499984741211,77.0,11438556,0.0,0.0
2026-08-04 00:00:00+03:00,77.0999984741211,80.30000305175781,76.69999694824219,79.8499984741211,9139565,0.0,0.0
2026-08-05 00:00:00+03:00,79.8499984741211,83.9000015258789,79.8499984741211,81.5,8190648,0.0,0.0
2026-08-06 00:00:00+03:00,82.5,82.75,80.5,82.75,6532291,0.0,0.0
2026-08-07 00:00:00+03:00,82.80000305175781,83.4000015258789,80.80000305175781,82.0,4999837,0.0,0.0
2026-08-10 00:00:00+03:00,82.44999694824219,82.44999694824219,80.1500015258789,80.1500015258789,5846753,0.0,0.0
2026-08-11 00:00:00+03:00,80.3499984741211,81.4000015258789,79.25,81.4000015258789,7284915,0.0,0.0
2026-08-12 00:00:00+03:00,81.4000015258789,84.30000305175781,80.6500015258789,81.80000305175781,16338395,0.0,0.0
