date,open,high,low,close,volume,dividends,stock_splits
2020-08-14 00:00:00+03:00,23.210569381713867,23.674780913847542,23.210569381713867,23.210569381713867,27285,0.0,0.0
2020-08-17 00:00:00+03:00,23.024884123119733,24.696044921875,22.56624304114309,24.696044921875,38250,0.0,0.0
2020-08-18 00:00:00+03:00,24.65891225248544,24.65891225248544,24.138996124267578,24.138996124267578,19686,0.0,0.0
2020-08-19 00:00:00+03:00,23.916170317532803,24.491792678833008,23.210568946421894,24.491792678833008,24837,0.0,0.0
2020-08-20 00:00:00+03:00,24.02758010309521,24.60320243918551,24.02758010309521,24.508502960205078,16320,0.0,0.0
2020-08-21 00:00:00+03:00,24.417519656882238,24.417519656882238,23.95145128816298,23.95330810546875,10710,0.0,0.0
2020-08-24 00:00:00+03:00,23.414822309328947,24.131562773047442,23.414822309328947,23.747196197509766,16422,0.0,0.0
2020-08-25 00:00:00+03:00,23.711914908235094,23.711914908235094,23.578222274780273,23.578222274780273,13617,0.0,0.0
2020-08-26 00:00:00+03:00,23.216140153445572,24.135279144240414,23.216140153445572,23.31269645690918,15555,0.0,0.0
2020-08-27 00:00:00+03:00,23.581939353842163,23.581939353842163,23.4835262298584,23.4835262298584,8517,0.0,0.0
2020-08-28 00:00:00+03:00,23.312696834800246,23.678495258544906,23.312696834800246,23.392539978027344,22440,0.0,0.0
2020-08-31 00:00:00+03:00,23.48538112677224,23.48538112677224,23.190143585205078,23.190143585205078,11424,0.0,0.0
2020-09-01 00:00:00+03:00,23.101013742722472,23.101013742722472,23.00817108154297,23.00817108154297,16320,0.0,0.0
2020-09-02 00:00:00+03:00,23.006314511464677,23.580080032348633,23.006314511464677,23.580080032348633,33966,0.0,0.0
2020-09-03 00:00:00+03:00,23.55222833064866,23.55222833064866,23.340547561645508,23.340547561645508,7803,0.0,0.0
2020-09-04 00:00:00+03:00,23.40367888457903,23.40367888457903,23.256988525390625,23.256988525390625,13974,0.0,0.0
2020-09-07 00:00:00+03:00,23.50023826666623,23.50023826666623,23.375829696655273,23.375829696655273,23460,0.0,0.0
2020-09-08 00:00:00+03:00,23.36654383516338,23.36654383516338,23.210569381713867,23.210569381713867,23358,0.0,0.0
2020-09-09 00:00:00+03:00,23.167861346063425,23.167861346063425,23.117727279663086,23.117727279663086,31977,0.0,0.0
2020-09-10 00:00:00+03:00,23.227281002817733,25.429500579833984,23.227281002817733,25.429500579833984,65688,0.0,0.0
2020-09-11 00:00:00+03:00,27.971522708382487,27.971522708382487,27.759841918945312,27.759841918945312,138822,0.0,0.0
2020-09-14 00:00:00+03:00,30.535825729370117,30.535825729370117,30.535825729370117,30.535825729370117,127704,0.0,0.0
2020-09-15 00:00:00+03:00,32.780750003117156,32.780750003117156,29.690960966742413,31.937744140625,110670,0.0,0.0
2020-09-16 00:00:00+03:00,31.900608695771076,31.900608695771076,29.988056182861328,29.988056182861328,72726,0.0,0.0
2020-09-17 00:00:00+03:00,28.7811055942849,29.895212173461914,28.7811055942849,29.895212173461914,34527,0.0,0.0
2020-09-18 00:00:00+03:00,31.378838306835608,32.88473892211914,31.378838306835608,32.88473892211914,50949,0.0,0.0
2020-09-21 00:00:00+03:00,36.17321014404297,36.17321014404297,36.17321014404297,36.17321014404297,52224,0.0,0.0
2020-09-22 00:00:00+03:00,39.790340423583984,39.790340423583984,39.790340423583984,39.790340423583984,61302,0.0,0.0
2020-09-23 00:00:00+03:00,43.76770782470703,43.76770782470703,43.76770782470703,43.76770782470703,55488,0.0,0.0
2020-09-24 00:00:00+03:00,48.12943676027504,48.12943676027504,42.24323572824845,48.09230041503906,184467,0.0,0.0
2020-09-25 00:00:00+03:00,49.67061665289323,52.942378997802734,49.67061665289323,52.942378997802734,71451,0.0,0.0
2020-09-28 00:00:00+03:00,54.77694049297906,58.25295639038086,54.77694049297906,58.25295639038086,201195,0.0,0.0
2020-09-29 00:00:00+03:00,54.79551126335039,58.25295915320364,54.79551126335039,55.70165252685547,137343,0.0,0.0
2020-09-30 00:00:00+03:00,54.79551174753059,60.275062561035156,52.949810106360054,60.275062561035156,98022,0.0,0.0
2020-10-01 00:00:00+03:00,66.30238154505072,66.30238154505072,58.418216705322266,58.418216705322266,104091,0.0,0.0
2020-10-02 00:00:00+03:00,56.32183837890625,56.32183837890625,56.32183837890625,56.32183837890625,36567,0.0,0.0
2020-10-05 00:00:00+03:00,53.84852146747767,53.84852146747767,53.52357482910156,53.52357482910156,54774,0.0,0.0
2020-10-06 00:00:00+03:00,49.39394779390055,49.39394779390055,48.16843032836914,48.16843032836914,47736,0.0,0.0
2020-10-07 00:00:00+03:00,43.35177566045545,52.98509216308594,43.35177566045545,52.98509216308594,101592,0.0,0.0
2020-10-08 00:00:00+03:00,51.07253521345675,52.985085748101284,51.07253521345675,52.92009353637695,50694,0.0,0.0
2020-10-09 00:00:00+03:00,51.37520698776378,51.37520698776378,51.36963653564453,51.36963653564453,21012,0.0,0.0
2020-10-12 00:00:00+03:00,51.1709510100973,51.1709510100973,51.154239654541016,51.154239654541016,27387,0.0,0.0
2020-10-13 00:00:00+03:00,48.37082811008248,48.37082811008248,45.17705535888672,45.17705535888672,34731,0.0,0.0
2020-10-14 00:00:00+03:00,45.13620432006846,49.694759368896484,45.13620432006846,49.694759368896484,27744,0.0,0.0
2020-10-15 00:00:00+03:00,54.66367410642142,54.66367410642142,51.06325149536133,51.06325149536133,27489,0.0,0.0
2020-10-16 00:00:00+03:00,49.54064074829445,54.33687210083008,49.54064074829445,54.33687210083008,15555,0.0,0.0
2020-10-19 00:00:00+03:00,59.753289209368845,59.75514602661133,59.753289209368845,59.75514602661133,93891,0.0,0.0
2020-10-20 00:00:00+03:00,59.7551439013643,59.7551439013643,53.84109088226518,55.70536422729492,48348,0.0,0.0
2020-10-21 00:00:00+03:00,57.16298937036329,57.16298937036329,55.70165252685547,55.70165252685547,20706,0.0,0.0
2020-10-22 00:00:00+03:00,55.705362633991626,55.705362633991626,53.23575973510742,53.23575973510742,14025,0.0,0.0
2020-10-23 00:00:00+03:00,55.489973524050484,55.489973524050484,55.426841735839844,55.426841735839844,21216,0.0,0.0
2020-10-26 00:00:00+03:00,50.134832211021795,50.16268447011302,49.83773422241211,49.83773422241211,21573,0.0,0.0
2020-10-27 00:00:00+03:00,45.492714806067305,51.99167251586914,45.492714806067305,51.99167251586914,28764,0.0,0.0
2020-10-28 00:00:00+03:00,49.20455379056835,49.20455379056835,48.27613067626953,48.27613067626953,13362,0.0,0.0
2020-10-30 00:00:00+03:00,52.91638641678239,52.91638641678239,50.13483428955078,50.13483428955078,55692,0.0,0.0
2020-11-02 00:00:00+03:00,46.79250519879867,54.81222152709961,46.79250519879867,54.81222152709961,44880,0.0,0.0
2020-11-03 00:00:00+03:00,53.84852018137501,53.84852018137501,49.67061996459961,49.67061996459961,35904,0.0,0.0
2020-11-04 00:00:00+03:00,52.910809759784044,53.79281234741211,52.910809759784044,53.79281234741211,24429,0.0,0.0
2020-11-05 00:00:00+03:00,53.718541573994,53.718541573994,52.58586502075195,52.58586502075195,18003,0.0,0.0
2020-11-06 00:00:00+03:00,51.99167342681215,51.99167342681215,51.083678966461335,51.24893569946289,13362,0.0,0.0
2020-11-09 00:00:00+03:00,51.15795332095765,51.15795332095765,49.2064094543457,49.2064094543457,31722,0.0,0.0
2020-11-10 00:00:00+03:00,51.04468219225699,51.24893569946289,51.04468219225699,51.24893569946289,22950,0.0,0.0
2020-11-11 00:00:00+03:00,52.363042047663015,52.363042047663015,52.1773567199707,52.1773567199707,15147,0.0,0.0
2020-11-12 00:00:00+03:00,50.11626364634411,50.50619888305664,48.511948247841715,50.50619888305664,27948,0.0,0.0
2020-11-13 00:00:00+03:00,52.10122925555648,52.10122925555648,51.24893569946289,51.24893569946289,21063,0.0,0.0
2020-11-16 00:00:00+03:00,50.97041293438456,50.97041293438456,50.13483428955078,50.13483428955078,21165,0.0,0.0
2020-11-17 00:00:00+03:00,50.13298184250344,50.13298184250344,48.277992248535156,48.277992248535156,32283,0.0,0.0
2020-11-18 00:00:00+03:00,43.635865579634604,53.10577707904361,43.635865579634604,52.90152359008789,29070,0.0,0.0
2020-11-19 00:00:00+03:00,52.92009353637695,52.92009353637695,52.366754809309924,52.92009353637695,20298,0.0,0.0
2020-11-20 00:00:00+03:00,55.705367474530476,58.212110546190466,55.705367474530476,58.208396911621094,64668,0.0,0.0
2020-11-23 00:00:00+03:00,58.208398505719586,60.34748458862305,58.208398505719586,60.34748458862305,58650,0.0,0.0
2020-11-24 00:00:00+03:00,60.347478969988586,60.347478969988586,59.4190559387207,59.4190559387207,34323,0.0,0.0
2020-11-25 00:00:00+03:00,56.631929891758276,56.631929891758276,54.73423385620117,54.73423385620117,37332,0.0,0.0
2020-11-26 00:00:00+03:00,55.19658787313186,60.16179275512695,55.19658787313186,60.16179275512695,36669,0.0,0.0
2020-11-27 00:00:00+03:00,59.41905911932856,59.41905911932856,54.14561862043712,57.56035614013672,23256,0.0,0.0
2020-11-30 00:00:00+03:00,56.78233679434823,56.78233679434823,52.92009561821414,55.6310920715332,24684,0.0,0.0
2020-12-01 00:00:00+03:00,54.776939392089844,54.776939392089844,54.776939392089844,54.776939392089844,32793,0.0,0.0
2020-12-02 00:00:00+03:00,54.77694372196521,55.612525939941406,54.77694372196521,55.612525939941406,27234,0.0,0.0
2020-12-03 00:00:00+03:00,55.705366161337295,55.705366161337295,55.70165252685547,55.70165252685547,39474,0.0,0.0
2020-12-04 00:00:00+03:00,56.57994136267444,56.6337890625,56.57994136267444,56.6337890625,12495,0.0,0.0
2020-12-07 00:00:00+03:00,57.20384010930741,57.35795593261719,57.20384010930741,57.35795593261719,33048,0.0,0.0
2020-12-08 00:00:00+03:00,58.67631909657419,58.67631909657419,58.51848602294922,58.51848602294922,27897,0.0,0.0
2020-12-09 00:00:00+03:00,57.617915093864184,57.617915093864184,55.66822814941406,55.66822814941406,19074,0.0,0.0
2020-12-10 00:00:00+03:00,54.97562243593621,54.97562243593621,54.776939392089844,54.776939392089844,26367,0.0,0.0
2020-12-11 00:00:00+03:00,54.7955093608974,55.70536422729492,54.7955093608974,55.70536422729492,25194,0.0,0.0
2020-12-14 00:00:00+03:00,54.812220815425505,54.812220815425505,54.32015703780064,54.32201385498047,17697,0.0,0.0
2020-12-15 00:00:00+03:00,54.3220178267254,54.33687236525014,53.8485221862793,53.8485221862793,14535,0.0,0.0
2020-12-16 00:00:00+03:00,53.7129688970395,53.7129688970395,52.92009353637695,52.92009353637695,16269,0.0,0.0
2020-12-17 00:00:00+03:00,49.20640510684055,52.92009353637695,49.20640510684055,52.92009353637695,19125,0.0,0.0
2020-12-18 00:00:00+03:00,52.92009556191009,52.92009556191009,51.99167251586914,51.99167251586914,21981,0.0,0.0
2020-12-21 00:00:00+03:00,51.04468581205881,51.04468581205881,46.22617252246801,50.69188690185547,33456,0.0,0.0
2020-12-22 00:00:00+03:00,54.40557274565469,54.40557274565469,51.97310256958008,51.97310256958008,21471,0.0,0.0
2020-12-23 00:00:00+03:00,51.99167451186855,51.99167451186855,49.206408879302074,51.10039138793945,23715,0.0,0.0
2020-12-24 00:00:00+03:00,51.9916735551283,51.9916735551283,51.098533630371094,51.098533630371094,12699,0.0,0.0
2020-12-25 00:00:00+03:00,51.06325149536133,51.06325149536133,51.06325149536133,51.06325149536133,17748,0.0,0.0
2020-12-28 00:00:00+03:00,51.92668693091823,51.92668693091823,49.206409848967816,50.32051467895508,17799,0.0,0.0
2020-12-29 00:00:00+03:00,51.063257713609595,51.063257713609595,50.2258186340332,50.2258186340332,12495,0.0,0.0
2020-12-30 00:00:00+03:00,51.06139542841779,51.06139542841779,50.95927047729492,50.95927047729492,22491,0.0,0.0
2020-12-31 00:00:00+03:00,50.8775749206543,50.8775749206543,50.134837101646355,50.8775749206543,9945,0.0,0.0
2021-01-04 00:00:00+03:00,50.801436301286635,52.92009353637695,50.801436301286635,52.92009353637695,44166,0.0,0.0
2021-01-05 00:00:00+03:00,54.479848728222805,54.498416900634766,54.461280555810845,54.498416900634766,36108,0.0,0.0
2021-01-06 00:00:00+03:00,56.540945230896654,57.86116027832031,56.540945230896654,57.86116027832031,67677,0.0,0.0
2021-01-07 00:00:00+03:00,60.343772385570155,64.75006866455078,60.343772385570155,64.75006866455078,90831,0.0,0.0
2021-01-08 00:00:00+03:00,66.84642935325593,71.22486877441406,66.84642935325593,71.22486877441406,69156,0.0,0.0
2021-01-11 00:00:00+03:00,76.13623708397455,78.34587839996902,76.13623708397455,77.05908966064453,105009,0.0,0.0
2021-01-12 00:00:00+03:00,69.62984894502425,69.62984894502425,68.5176010131836,68.5176010131836,62118,0.0,0.0
2021-01-13 00:00:00+03:00,68.51389071559123,75.2022476196289,68.51389071559123,75.2022476196289,85935,0.0,0.0
2021-01-14 00:00:00+03:00,77.05909649038142,82.72061920166016,77.05909649038142,82.72061920166016,110364,0.0,0.0
2021-01-15 00:00:00+03:00,82.73176124513633,82.73176124513633,74.45022583007812,74.45022583007812,38046,0.0,0.0
2021-01-18 00:00:00+03:00,74.27383014275584,76.68772888183594,74.27383014275584,76.68772888183594,28764,0.0,0.0
2021-01-19 00:00:00+03:00,76.59487905382925,76.59487905382925,74.45950317382812,74.45950317382812,26724,0.0,0.0
2021-01-20 00:00:00+03:00,69.63170623779297,69.63170623779297,69.63170623779297,69.63170623779297,37944,0.0,0.0
2021-01-21 00:00:00+03:00,70.18876621546507,74.27197265625,70.18876621546507,74.27197265625,43452,0.0,0.0
2021-01-22 00:00:00+03:00,76.88082697654906,76.88082697654906,76.87711334228516,76.87711334228516,28407,0.0,0.0
2021-01-25 00:00:00+03:00,75.01655273260657,78.89736551430515,75.01655273260657,77.98751068115234,26928,0.0,0.0
2021-01-26 00:00:00+03:00,77.05909395825731,77.05909395825731,74.27011108398438,74.27011108398438,19584,0.0,0.0
2021-01-27 00:00:00+03:00,74.25524880870196,74.25524880870196,68.4358901977539,68.4358901977539,20400,0.0,0.0
2021-01-28 00:00:00+03:00,75.27838134765625,75.27838134765625,75.27838134765625,75.27838134765625,36771,0.0,0.0
2021-01-29 00:00:00+03:00,82.80417145668994,82.80417145668994,82.44394169113458,82.62962341308594,50439,0.0,0.0
2021-02-01 00:00:00+03:00,82.62962640800642,90.89259338378906,82.62962640800642,90.89259338378906,31773,0.0,0.0
2021-02-02 00:00:00+03:00,92.65660208195683,97.48439945326753,92.65660208195683,94.69727325439453,24480,0.0,0.0
2021-02-03 00:00:00+03:00,85.2292116514672,94.50972869905931,85.2292116514672,92.65473937988281,28152,0.0,0.0
2021-02-04 00:00:00+03:00,92.20352180870603,92.20352180870603,88.99303436279297,88.99303436279297,16983,0.0,0.0
2021-02-05 00:00:00+03:00,90.84988429681027,90.98357513809192,89.12858581542969,89.12858581542969,11985,0.0,0.0
2021-02-08 00:00:00+03:00,92.82370935456892,95.07049432609105,87.2717391412514,92.84227752685547,16830,0.0,0.0
2021-02-09 00:00:00+03:00,92.84227483706496,96.92733764648438,92.84227483706496,96.92733764648438,13515,0.0,0.0
2021-02-10 00:00:00+03:00,96.92734702195787,96.92734702195787,94.69727325439453,94.69727325439453,20196,0.0,0.0
2021-02-11 00:00:00+03:00,95.6089850253772,95.61641229479505,94.69727325439453,94.69727325439453,7650,0.0,0.0
2021-02-12 00:00:00+03:00,94.69726374419926,94.69726374419926,94.52643656474423,94.69355010986328,8976,0.0,0.0
2021-02-15 00:00:00+03:00,94.32589544168096,94.32589544168096,89.62250518798828,89.62250518798828,13821,0.0,0.0
2021-02-16 00:00:00+03:00,89.62250518798828,89.62250518798828,89.62250518798828,89.62250518798828,16779,0.0,0.0
2021-02-17 00:00:00+03:00,94.6991277024252,94.6991277024252,92.32607905794055,94.30918884277344,16116,0.0,0.0
2021-02-18 00:00:00+03:00,94.30918884277344,94.6991277024252,94.30918884277344,94.30918884277344,11628,0.0,0.0
2021-02-19 00:00:00+03:00,94.30917591607898,94.30917591607898,90.98542281553159,91.9454116821289,12393,0.0,0.0
2021-02-22 00:00:00+03:00,90.98543548583984,91.94542448612182,90.98543548583984,90.98543548583984,16524,0.0,0.0
2021-02-23 00:00:00+03:00,91.91384902715214,91.91384902715214,90.65119171142578,90.65119171142578,9435,0.0,0.0
2021-02-24 00:00:00+03:00,90.72547149658203,90.77931919295476,90.72547149658203,90.72547149658203,14586,0.0,0.0
2021-02-25 00:00:00+03:00,92.84228169779333,92.84228169779333,90.98543548583984,90.98543548583984,13311,0.0,0.0
2021-02-26 00:00:00+03:00,90.9742820298464,94.36673736572266,90.9742820298464,94.36673736572266,24633,0.0,0.0
2021-03-01 00:00:00+03:00,94.69911885322446,102.12650299072266,94.69911885322446,102.12650299072266,35292,0.0,0.0
2021-03-02 00:00:00+03:00,104.91177242817207,112.33915710449219,104.91177242817207,112.33915710449219,60231,0.0,0.0
2021-03-03 00:00:00+03:00,123.57305908203125,123.57305908203125,123.57305908203125,123.57305908203125,44064,0.0,0.0
2021-03-04 00:00:00+03:00,135.93036425919973,135.93036425919973,129.9791717529297,129.9791717529297,75378,0.0,0.0
2021-03-05 00:00:00+03:00,128.12234244848668,142.97711181640625,128.12234244848668,142.97711181640625,65535,0.0,0.0
2021-03-08 00:00:00+03:00,149.476060735114,157.2469631800089,149.476060735114,149.49462890625,78387,0.0,0.0
2021-03-09 00:00:00+03:00,149.49464239156097,149.49464239156097,149.47607421875,149.47607421875,30702,0.0,0.0
2021-03-10 00:00:00+03:00,148.54765789149758,148.54765789149758,144.0912239642699,144.45144653320312,27693,0.0,0.0
2021-03-11 00:00:00+03:00,148.54766434268691,157.8318960734688,148.54766434268691,156.90347290039062,34170,0.0,0.0
2021-03-12 00:00:00+03:00,156.52836567460417,156.52836567460417,151.3310546875,151.3310546875,32334,0.0,0.0
2021-03-15 00:00:00+03:00,148.5476531982422,148.5476531982422,141.11841877850216,148.5476531982422,27744,0.0,0.0
2021-03-16 00:00:00+03:00,148.54576985233112,148.54576985233112,145.8180694580078,145.8180694580078,16983,0.0,0.0
2021-03-17 00:00:00+03:00,131.2362778541063,144.83396048948185,131.2362778541063,142.97525024414062,35955,0.0,0.0
2021-03-18 00:00:00+03:00,150.40447358815118,150.40447358815118,148.37680053710938,148.37680053710938,23460,0.0,0.0
2021-03-19 00:00:00+03:00,148.5476531982422,148.5476531982422,148.3768260060009,148.5476531982422,18054,0.0,0.0
2021-03-22 00:00:00+03:00,133.69287109375,133.69287109375,133.69287109375,133.69287109375,26877,0.0,0.0
2021-03-23 00:00:00+03:00,120.32359160542225,147.06216430664062,120.32359160542225,147.06216430664062,58344,0.0,0.0
2021-03-24 00:00:00+03:00,148.54764449516395,148.54764449516395,147.06402587890625,147.06402587890625,31059,0.0,0.0
2021-03-25 00:00:00+03:00,150.49919690548742,150.49919690548742,148.44739201035924,149.53921508789062,22695,0.0,0.0
2021-03-26 00:00:00+03:00,148.5476503293761,148.5476503293761,142.97711181640625,142.97711181640625,10455,0.0,0.0
2021-03-29 00:00:00+03:00,142.97709127542635,142.97709127542635,140.13983154296875,140.13983154296875,10200,0.0,0.0
2021-03-30 00:00:00+03:00,135.4568770397607,139.07772827148438,135.36403618253075,139.07772827148438,14127,0.0,0.0
2021-03-31 00:00:00+03:00,139.0777404332912,148.5476531982422,139.0777404332912,148.5476531982422,23715,0.0,0.0
2021-04-01 00:00:00+03:00,157.83001948479,162.4739990234375,157.83001948479,162.4739990234375,37434,0.0,0.0
2021-04-02 00:00:00+03:00,162.47400919954418,166.18768737930304,162.47400919954418,164.33084106445312,37179,0.0,0.0
2021-04-05 00:00:00+03:00,164.31227262495963,164.31227262495963,164.29185485839844,164.29185485839844,38046,0.0,0.0
2021-04-06 00:00:00+03:00,164.27510181868266,164.27510181868266,160.61526489257812,160.61526489257812,21879,0.0,0.0
2021-04-07 00:00:00+03:00,157.83188029142894,157.83188029142894,151.3310546875,151.3310546875,15606,0.0,0.0
2021-04-08 00:00:00+03:00,163.4024012887251,163.4024012887251,157.8318634033203,157.8318634033203,22491,0.0,0.0
2021-04-09 00:00:00+03:00,148.5476503293761,148.5476503293761,142.97711181640625,142.97711181640625,36210,0.0,0.0
2021-04-12 00:00:00+03:00,138.33499360454454,140.38494873046875,138.33499360454454,140.38494873046875,28254,0.0,0.0
2021-04-13 00:00:00+03:00,148.5476226292904,148.5476226292904,143.027226437014,143.90179443359375,17901,0.0,0.0
2021-04-14 00:00:00+03:00,145.75865173339844,145.75865173339844,145.75865173339844,145.75865173339844,10608,0.0,0.0
2021-04-15 00:00:00+03:00,145.71409650081546,145.71409650081546,135.54787072803362,139.26341247558594,10098,0.0,0.0
2021-04-16 00:00:00+03:00,138.3331305156401,138.3331305156401,136.47813415527344,136.47813415527344,12240,0.0,0.0
2021-04-19 00:00:00+03:00,141.39879181941836,141.39879181941836,124.40865325927734,124.40865325927734,11475,0.0,0.0
2021-04-20 00:00:00+03:00,121.71807897447873,121.71807897447873,117.28950500488281,117.28950500488281,30396,0.0,0.0
2021-04-21 00:00:00+03:00,117.28950555982128,117.28950555982128,111.41072845458984,111.41072845458984,16983,0.0,0.0
2021-04-22 00:00:00+03:00,111.24175245101247,114.75304412841797,109.55387682332893,114.75304412841797,17544,0.0,0.0
2021-04-26 00:00:00+03:00,124.59434181776537,126.22835540771484,124.59434181776537,126.22835540771484,9741,0.0,0.0
2021-04-27 00:00:00+03:00,126.26549669149475,138.8363519572862,126.26549669149475,138.83448791503906,30549,0.0,0.0
2021-04-28 00:00:00+03:00,147.6154944542417,147.6154944542417,126.52729831907331,129.9791717529297,18462,0.0,0.0
2021-04-29 00:00:00+03:00,129.84549271743091,137.22088623046875,129.84549271743091,137.22088623046875,8109,0.0,0.0
2021-04-30 00:00:00+03:00,137.40843405917835,137.40843405917835,123.50065628210746,127.19391632080078,13005,0.0,0.0
2021-05-03 00:00:00+03:00,130.0931254164864,133.81007309660941,130.0931254164864,133.79148864746094,11526,0.117647,0.0
2021-05-04 00:00:00+03:00,132.87898391413995,132.87898391413995,130.09312438964844,130.09312438964844,7956,0.0,0.0
2021-05-05 00:00:00+03:00,132.69499651882617,143.10244750976562,132.69499651882617,143.10244750976562,18870,0.0,0.0
2021-05-06 00:00:00+03:00,145.9645192464193,145.9645192464193,142.17323303222656,142.17323303222656,15198,0.0,0.0
2021-05-07 00:00:00+03:00,142.17320314045588,142.17320314045588,136.5587615966797,136.5587615966797,17187,0.0,0.0
2021-05-10 00:00:00+03:00,141.2439727783203,141.2439727783203,141.2439727783203,141.2439727783203,14229,0.0,0.0
2021-05-11 00:00:00+03:00,141.2439727783203,141.2439727783203,141.2439727783203,141.2439727783203,23511,0.0,0.0
2021-05-12 00:00:00+03:00,137.5270249844745,141.2439727783203,137.5270249844745,141.2439727783203,9537,0.0,0.0
2021-05-17 00:00:00+03:00,141.26813710337183,144.4962921142578,141.26813710337183,144.4962921142578,35241,0.0,0.0
2021-05-18 00:00:00+03:00,158.94593811035156,158.94593811035156,158.94593811035156,158.94593811035156,21675,0.0,0.0
2021-05-20 00:00:00+03:00,174.83960117963642,174.83960117963642,174.69649368123456,174.70021057128906,161058,0.0,0.0
2021-05-21 00:00:00+03:00,172.8436182135754,172.8436182135754,157.2305814687109,161.9473876953125,74664,0.0,0.0
2021-05-24 00:00:00+03:00,162.11649717718643,162.11649717718643,150.4861602783203,150.4861602783203,26673,0.0,0.0
2021-05-25 00:00:00+03:00,144.95161311721705,144.96091257286582,137.00665283203125,137.00665283203125,30600,0.0,0.0
2021-05-26 00:00:00+03:00,130.83278535620803,134.17617797851562,130.83278535620803,134.17617797851562,36414,0.0,0.0
2021-05-27 00:00:00+03:00,136.5977771035642,145.51473999023438,136.5977771035642,145.51473999023438,22287,0.0,0.0
2021-05-28 00:00:00+03:00,153.73106608772233,153.73106608772233,144.58737182617188,144.58737182617188,22287,0.0,0.0
2021-05-31 00:00:00+03:00,135.66853811401802,137.52701183322122,135.66853811401802,136.61822509765625,18666,0.0,0.0
2021-06-01 00:00:00+03:00,136.61263602364966,136.61263602364966,136.35617065429688,136.35617065429688,12699,0.0,0.0
2021-06-02 00:00:00+03:00,135.54776205260194,136.9899444580078,135.54776205260194,136.9899444580078,8466,0.0,0.0
2021-06-03 00:00:00+03:00,137.14416736474922,137.34673060884163,135.6685333251953,135.6685333251953,11067,0.0,0.0
2021-06-04 00:00:00+03:00,133.81007385253906,135.86554286518646,133.81007385253906,133.81007385253906,12036,0.0,0.0
2021-06-07 00:00:00+03:00,131.94790138551699,131.94790138551699,130.20465087890625,130.20465087890625,22491,0.0,0.0
2021-06-08 00:00:00+03:00,129.6898447628049,129.6898447628049,121.18361885694458,122.85253143310547,25857,0.0,0.0
2021-06-09 00:00:00+03:00,119.13742432609995,120.98846435546875,119.13742432609995,120.98846435546875,23001,0.0,0.0
2021-06-10 00:00:00+03:00,120.98846947347596,123.68325805664062,120.98846947347596,123.68325805664062,15657,0.0,0.0
2021-06-11 00:00:00+03:00,123.22422177245869,123.22422177245869,119.87153625488281,119.87153625488281,13668,0.0,0.0
2021-06-14 00:00:00+03:00,116.96673583984375,116.96673583984375,116.96673583984375,116.96673583984375,20145,0.0,0.0
2021-06-15 00:00:00+03:00,111.5083885889076,111.5288314819336,111.5083885889076,111.5288314819336,20961,0.0,0.0
2021-06-16 00:00:00+03:00,111.69425830405993,112.44136047363281,111.69425830405993,112.44136047363281,11271,0.0,0.0
2021-06-17 00:00:00+03:00,113.18660431841334,123.68511199951172,113.18660431841334,123.68511199951172,16881,0.0,0.0
2021-06-18 00:00:00+03:00,118.94228756668434,118.94228756668434,111.50839233398438,111.50839233398438,18870,0.0,0.0
2021-06-21 00:00:00+03:00,115.2234916574645,120.8007720182707,115.2234916574645,117.26966857910156,13974,0.0,0.0
2021-06-22 00:00:00+03:00,117.36258772225682,117.36258772225682,111.50839233398438,111.50839233398438,9486,0.0,0.0
2021-06-23 00:00:00+03:00,111.5102516870172,113.36686706542969,111.5102516870172,113.36686706542969,8517,0.0,0.0
2021-06-24 00:00:00+03:00,115.96874190319608,115.96874190319608,115.22534942626953,115.22534942626953,4437,0.0,0.0
2021-06-25 00:00:00+03:00,114.29611375465123,114.29611375465123,112.63835906982422,112.63835906982422,8262,0.0,0.0
2021-06-28 00:00:00+03:00,112.63835180849676,112.63835180849676,108.12969207763672,108.12969207763672,10404,0.0,0.0
2021-06-29 00:00:00+03:00,98.49909126705414,106.86035843722318,98.49909126705414,106.8417739868164,15759,0.0,0.0
2021-06-30 00:00:00+03:00,104.26035855263352,104.26035855263352,98.49909210205078,98.49909210205078,16014,0.0,0.0
2021-07-01 00:00:00+03:00,96.63875244258362,98.87078094482422,96.63875244258362,98.87078094482422,12699,0.0,0.0
2021-07-02 00:00:00+03:00,99.27592423500143,104.07450866699219,99.27592423500143,104.07450866699219,7599,0.0,0.0
2021-07-05 00:00:00+03:00,111.51026151107615,111.51026151107615,111.39689636230469,111.39689636230469,11475,0.0,0.0
2021-07-06 00:00:00+03:00,111.39688681632727,111.39688681632727,100.25719451904297,100.25719451904297,25092,0.0,0.0
2021-07-07 00:00:00+03:00,100.36313134867596,102.92967987060547,100.36313134867596,102.92967987060547,5151,0.0,0.0
2021-07-08 00:00:00+03:00,105.00374670261273,105.00374670261273,104.05221557617188,104.05221557617188,4284,0.0,0.0
2021-07-09 00:00:00+03:00,103.31067247074814,103.31067247074814,100.35756006535124,102.21603393554688,5049,0.0,0.0
2021-07-12 00:00:00+03:00,102.21604006534383,102.21604006534383,98.49909210205078,98.49909210205078,5457,0.0,0.0
2021-07-13 00:00:00+03:00,92.92367154188629,92.92367154188629,91.0819235383014,92.45905303955078,18768,0.0,0.0
2021-07-14 00:00:00+03:00,92.45905165735485,100.33898162841797,92.45905165735485,100.33898162841797,14943,0.0,0.0
2021-07-16 00:00:00+03:00,100.33897114826766,100.41888427734375,94.78213423455102,100.41888427734375,7293,0.0,0.0
2021-07-19 00:00:00+03:00,100.41889166451007,100.45048522949219,100.41889166451007,100.45048522949219,1530,0.0,0.0
2021-07-26 00:00:00+03:00,100.45048889770695,100.45048889770695,96.82274627685547,96.82274627685547,7038,0.0,0.0
2021-07-27 00:00:00+03:00,96.77256757582393,97.9415512084961,96.77256757582393,97.9415512084961,16779,0.0,0.0
2021-07-28 00:00:00+03:00,97.96199341665587,98.66635131835938,97.96199341665587,98.66635131835938,11577,0.0,0.0
2021-07-29 00:00:00+03:00,98.70351709071004,99.00830929901693,98.66448974609375,98.66448974609375,9588,0.0,0.0
2021-07-30 00:00:00+03:00,96.58487568496116,98.88938397191595,92.92368065956418,98.51025390625,14433,0.0,0.0
2021-08-02 00:00:00+03:00,98.12739871925673,98.12739871925673,94.29522705078125,94.29522705078125,11220,0.0,0.0
2021-08-03 00:00:00+03:00,94.295221774136,94.295221774136,92.95526123046875,92.95526123046875,17952,0.0,0.0
2021-08-04 00:00:00+03:00,91.0651953184986,92.91995239257812,91.06333687345965,92.91995239257812,15912,0.0,0.0
2021-08-05 00:00:00+03:00,92.92181772153941,94.78215026855469,92.92181772153941,94.78215026855469,11628,0.0,0.0
2021-08-06 00:00:00+03:00,94.78028339936198,94.78214184437343,92.92366790771484,92.92366790771484,9282,0.0,0.0
2021-08-09 00:00:00+03:00,88.46705091642825,91.06519317626953,88.46705091642825,91.06519317626953,30906,0.0,0.0
2021-08-10 00:00:00+03:00,88.64917389516668,89.29963684082031,88.64917389516668,89.29963684082031,14637,0.0,0.0
2021-08-11 00:00:00+03:00,86.51192864055902,86.51192864055902,80.3789735213516,82.70763397216797,32436,0.0,0.0
2021-08-12 00:00:00+03:00,81.12236431230063,81.40113830566406,80.41614795044579,81.40113830566406,20298,0.0,0.0
2021-08-13 00:00:00+03:00,79.26574825478706,79.91436004638672,79.26574825478706,79.91436004638672,15351,0.0,0.0
2021-08-16 00:00:00+03:00,79.07804861278804,79.26946846288101,79.07804861278804,79.2638931274414,18513,0.0,0.0
2021-08-17 00:00:00+03:00,77.59125897022138,77.6841812133789,77.59125897022138,77.6841812133789,21318,0.0,0.0
2021-08-18 00:00:00+03:00,77.50391543319844,78.0577392578125,77.50391543319844,78.0577392578125,23919,0.0,0.0
2021-08-19 00:00:00+03:00,78.15623417193514,78.98511505126953,78.15623417193514,78.98511505126953,23103,0.0,0.0
2021-08-20 00:00:00+03:00,78.52050044883548,79.82142639160156,78.52050044883548,79.82142639160156,17748,0.0,0.0
2021-08-23 00:00:00+03:00,79.91436004638672,80.00728229982398,79.91436004638672,79.91436004638672,17901,0.0,0.0
2021-08-24 00:00:00+03:00,78.1488071849754,78.33465168918437,77.12664794921875,77.12664794921875,13923,0.0,0.0
2021-08-25 00:00:00+03:00,74.35938637869114,74.35938637869114,74.33894348144531,74.33894348144531,24633,0.0,0.0
2021-08-26 00:00:00+03:00,74.37610727457478,81.7728271484375,74.37610727457478,81.7728271484375,16983,0.0,0.0
2021-08-27 00:00:00+03:00,89.95011138916016,89.95011138916016,89.95011138916016,89.95011138916016,47226,0.0,0.0
2021-08-31 00:00:00+03:00,89.2048563245954,92.64860534667969,87.34824094252403,92.64860534667969,52785,0.0,0.0
2021-09-01 00:00:00+03:00,101.79602740465468,101.89080810546875,101.79602740465468,101.89080810546875,25744,0.0,51.0
2021-09-02 00:00:00+03:00,108.24121059610887,108.24121059610887,103.88123321533203,103.88123321533203,50392,0.0,0.0
2021-09-03 00:00:00+03:00,93.50257873535156,93.50257873535156,93.50257873535156,93.50257873535156,25856,0.0,0.0
2021-09-06 00:00:00+03:00,84.16654132178155,90.99085235595703,84.16654132178155,90.99085235595703,67159,0.0,0.0
2021-09-07 00:00:00+03:00,84.1665406081331,85.3039233604174,84.1665406081331,84.3561019897461,27164,0.0,0.0
2021-09-08 00:00:00+03:00,78.00569769749389,78.29003975532814,75.92048645019531,75.92048645019531,48148,0.0,0.0
2021-09-09 00:00:00+03:00,73.64571322040112,81.37045837734784,73.64571322040112,80.56481170654297,29287,0.0,0.0
2021-09-10 00:00:00+03:00,79.14309255760837,79.33265395863795,78.66918182373047,78.66918182373047,20429,0.0,0.0
2021-09-13 00:00:00+03:00,75.82571102099764,75.82571102099764,74.02484893798828,74.02484893798828,32318,0.0,0.0
2021-09-14 00:00:00+03:00,72.0818320398607,72.0818320398607,71.08661651611328,71.08661651611328,26951,0.0,0.0
2021-09-15 00:00:00+03:00,68.38531631523598,74.87789154052734,66.48967349142517,74.87789154052734,62435,0.0,0.0
2021-09-16 00:00:00+03:00,74.8778889089311,74.8778889089311,67.39009857177734,67.39009857177734,46892,0.0,0.0
2021-09-17 00:00:00+03:00,64.45185457128085,66.3474973527891,64.45185457128085,65.02054595947266,51499,0.0,0.0
2021-09-20 00:00:00+03:00,61.94012642156909,61.94012642156909,59.42840190618964,61.08708572387695,44172,0.0,0.0
2021-09-21 00:00:00+03:00,60.89752717010417,63.50403611512808,60.89752717010417,63.456642150878906,16200,0.0,0.0
2021-09-22 00:00:00+03:00,62.556209063273776,62.556209063273776,61.513607025146484,61.513607025146484,15669,0.0,0.0
2021-09-23 00:00:00+03:00,60.66057176561437,60.66057176561437,58.48058319091797,58.48058319091797,23473,0.0,0.0
2021-09-24 00:00:00+03:00,56.77450305485433,56.77450305485433,52.6514778137207,52.6514778137207,98098,0.0,0.0
2021-09-27 00:00:00+03:00,52.03539824143644,53.22017503549782,52.03539824143644,52.88843536376953,29218,0.0,0.0
2021-09-28 00:00:00+03:00,52.88843810418256,52.88843810418256,48.57585107347293,48.62324142456055,25786,0.0,0.0
2021-09-29 00:00:00+03:00,50.187142173724375,53.45712661743164,50.187142173724375,53.45712661743164,47503,0.0,0.0
2021-09-30 00:00:00+03:00,57.67493099197321,58.52797170190539,57.67493099197321,58.19623565673828,64444,0.0,0.0
2021-10-01 00:00:00+03:00,54.02582075615891,56.3953742980957,54.02582075615891,56.3953742980957,20406,0.0,0.0
2021-10-04 00:00:00+03:00,62.03491267493094,62.03491267493094,58.76493147718957,61.987525939941406,63781,0.0,0.0
2021-10-05 00:00:00+03:00,61.98751986937237,61.98751986937237,57.81710433959961,57.81710433959961,20333,0.0,0.0
2021-10-06 00:00:00+03:00,54.73668923379991,54.73668923379991,54.35755920410156,54.35755920410156,22118,0.0,0.0
2021-10-07 00:00:00+03:00,54.97364019175045,58.67014503021501,54.97364019175045,57.81710433959961,19995,0.0,0.0
2021-10-08 00:00:00+03:00,57.29580201201491,57.29580201201491,53.88364294204524,54.641902923583984,31989,0.0,0.0
2021-10-11 00:00:00+03:00,55.58972964710746,55.87407535978704,54.9736442565918,54.9736442565918,35289,0.0,0.0
2021-10-12 00:00:00+03:00,53.55190790503134,53.93103790283203,53.55190790503134,53.93103790283203,30351,0.0,0.0
2021-10-13 00:00:00+03:00,54.16799780490432,54.547124218950735,54.16799780490432,54.35755920410156,19453,0.0,0.0
2021-10-14 00:00:00+03:00,54.35755934614201,54.35755934614201,52.13018035888672,52.13018035888672,22638,0.0,0.0
2021-10-15 00:00:00+03:00,52.1301757667223,56.869282654606145,52.1301757667223,56.727108001708984,40351,0.0,0.0
2021-10-18 00:00:00+03:00,53.931041389228064,55.068424224853516,53.931041389228064,55.068424224853516,20887,0.0,0.0
2021-10-19 00:00:00+03:00,55.87407186805765,57.153629302978516,55.87407186805765,57.153629302978516,35569,0.0,0.0
2021-10-20 00:00:00+03:00,56.3953731243427,56.3953731243427,55.44755172729492,55.44755172729492,22295,0.0,0.0
2021-10-21 00:00:00+03:00,54.07320722457182,54.7366828918457,54.07320722457182,54.7366828918457,21556,0.0,0.0
2021-10-22 00:00:00+03:00,54.120605300847124,54.31017032081504,54.120605300847124,54.167999267578125,37701,0.0,0.0
2021-10-25 00:00:00+03:00,51.37192023334823,54.97364080429221,51.37192023334823,54.92625045776367,27399,0.0,0.0
2021-10-26 00:00:00+03:00,54.16799503676035,54.16799503676035,52.22495825341613,53.646690368652344,39064,0.0,0.0
2021-10-27 00:00:00+03:00,53.31495589705542,53.31495589705542,52.2723537613293,52.31974411010742,28649,0.0,0.0
2021-10-28 00:00:00+03:00,52.17756492467186,52.414520263671875,52.17756492467186,52.414520263671875,12537,0.0,0.0
2021-11-01 00:00:00+03:00,52.41452477113494,52.41452477113494,51.75104904174805,51.75104904174805,20782,0.0,0.0
2021-11-02 00:00:00+03:00,51.75104563990404,51.75104563990404,50.23453288583752,50.56626892089844,32575,0.0,0.0
2021-11-03 00:00:00+03:00,50.566268758597175,50.66105306520436,50.566268758597175,50.61366271972656,35604,0.0,0.0
2021-11-04 00:00:00+03:00,50.61366441346715,51.46670150756836,50.61366441346715,51.46670150756836,36195,0.0,0.0
2021-11-05 00:00:00+03:00,52.79365503067968,53.07800074008548,52.79365503067968,52.84104537963867,38265,0.0,0.0
2021-11-08 00:00:00+03:00,50.992788976282846,51.2771346641158,50.992788976282846,51.18235397338867,49821,0.0,0.0
2021-11-09 00:00:00+03:00,50.04496963122233,50.04496963122233,49.760623931884766,49.760623931884766,55158,0.0,0.0
2021-11-10 00:00:00+03:00,48.38628698896675,48.38628698896675,47.391075134277344,47.391075134277344,78735,0.0,0.0
2021-11-11 00:00:00+03:00,46.651769417010655,46.651769417010655,45.495426177978516,45.495426177978516,44541,0.0,0.0
2021-11-12 00:00:00+03:00,44.03578614701401,47.391075134277344,44.03578614701401,47.391075134277344,63519,0.0,0.0
2021-11-15 00:00:00+03:00,47.3910726577284,49.428890228271484,47.3910726577284,49.428890228271484,32986,0.0,0.0
2021-11-16 00:00:00+03:00,49.42888996077528,49.42888996077528,45.969340229222524,47.33420181274414,44529,0.0,0.0
2021-11-17 00:00:00+03:00,47.296291691683486,47.391072390203135,46.8982048034668,46.8982048034668,36625,0.0,0.0
2021-11-18 00:00:00+03:00,46.44324987846618,46.44324987846618,42.93630987879858,43.941001892089844,53246,0.0,0.0
2021-11-19 00:00:00+03:00,43.9409979683167,43.9409979683167,41.931617736816406,41.931617736816406,77420,0.0,0.0
2021-11-22 00:00:00+03:00,41.98849088017596,41.98849088017596,39.808502197265625,39.808502197265625,127794,0.0,0.0
2021-11-23 00:00:00+03:00,38.84172365520421,38.84172365520421,37.059818267822266,37.059818267822266,95904,0.0,0.0
2021-11-24 00:00:00+03:00,37.91285923549107,39.808502197265625,37.91285923549107,39.808502197265625,121969,0.0,0.0
2021-11-25 00:00:00+03:00,40.94588158864846,41.85578918457031,40.94588158864846,41.85578918457031,67188,0.0,0.0
2021-11-26 00:00:00+03:00,41.85579307951573,41.85579307951573,37.93181304325671,38.27302932739258,48355,0.0,0.0
2021-11-29 00:00:00+03:00,38.44364074354825,38.67111587524414,38.44364074354825,38.67111587524414,74325,0.0,0.0
2021-11-30 00:00:00+03:00,38.67110908768262,38.67110908768262,38.310935974121094,38.310935974121094,59862,0.0,0.0
2021-12-01 00:00:00+03:00,38.860674020678886,39.012325286865234,38.860674020678886,39.012325286865234,46298,0.0,0.0
2021-12-02 00:00:00+03:00,40.87005900231107,40.87005900231107,39.78954315185547,39.78954315185547,56127,0.0,0.0
2021-12-03 00:00:00+03:00,39.78954516062775,40.94588851928711,39.78954516062775,40.94588851928711,54769,0.0,0.0
2021-12-06 00:00:00+03:00,42.65197041270497,43.12588119506836,42.65197041270497,43.12588119506836,47407,0.0,0.0
2021-12-07 00:00:00+03:00,45.49542811764999,47.43846130371094,45.49542811764999,47.43846130371094,45567,0.0,0.0
2021-12-08 00:00:00+03:00,52.17756652832031,52.17756652832031,52.17756652832031,52.17756652832031,56373,0.0,0.0
2021-12-09 00:00:00+03:00,57.390586853027344,57.390586853027344,57.390586853027344,57.390586853027344,86590,0.0,0.0
2021-12-10 00:00:00+03:00,63.07752626313552,63.07752626313552,63.03013229370117,63.03013229370117,158050,0.0,0.0
2021-12-13 00:00:00+03:00,63.03012097986127,63.03012097986127,57.95927810668945,57.95927810668945,59472,0.0,0.0
2021-12-14 00:00:00+03:00,53.45712756763788,53.45712756763788,52.17756652832031,52.17756652832031,93494,0.0,0.0
2021-12-15 00:00:00+03:00,50.23453654224786,51.70365905761719,50.23453654224786,51.70365905761719,77140,0.0,0.0
2021-12-16 00:00:00+03:00,56.774501078778115,56.86928176879883,56.774501078778115,56.86928176879883,30722,0.0,0.0
2021-12-17 00:00:00+03:00,62.55621637657896,62.55621637657896,58.243629455566406,58.243629455566406,88222,0.0,0.0
2021-12-20 00:00:00+03:00,56.869287344125595,62.55621607853816,56.869287344125595,61.608394622802734,97039,0.0,0.0
2021-12-21 00:00:00+03:00,67.29531740461077,67.29531740461077,66.34749603271484,66.34749603271484,69130,0.0,0.0
2021-12-22 00:00:00+03:00,66.34750190147986,66.34750190147986,61.608394622802734,61.608394622802734,47118,0.0,0.0
2021-12-23 00:00:00+03:00,61.608393490314484,61.608393490314484,60.66057205200195,60.66057205200195,33715,0.0,0.0
2021-12-24 00:00:00+03:00,56.86928629875183,60.66057205200195,56.86928629875183,60.66057205200195,31432,0.0,0.0
2021-12-27 00:00:00+03:00,64.83098644829815,65.87358856201172,64.83098644829815,65.87358856201172,45034,0.0,0.0
2021-12-28 00:00:00+03:00,65.87359176519263,65.87359176519263,61.60839517607943,62.082305908203125,32702,0.0,0.0
2021-12-29 00:00:00+03:00,62.08230181663267,62.08230181663267,58.76492691040039,58.76492691040039,33185,0.0,0.0
2021-12-30 00:00:00+03:00,61.7505691941677,61.7505691941677,58.291019439697266,58.291019439697266,20268,0.0,0.0
2021-12-31 00:00:00+03:00,58.76493181501116,59.71275329589844,58.76493181501116,59.71275329589844,18750,0.0,0.0
2022-01-03 00:00:00+03:00,60.66056896178509,60.66056896178509,60.56578826904297,60.56578826904297,19711,0.0,0.0
2022-01-04 00:00:00+03:00,60.75535547861364,60.75535547861364,59.71275329589844,59.71275329589844,16977,0.0,0.0
2022-01-05 00:00:00+03:00,58.76492449442545,58.76492449442545,56.86928176879883,56.86928176879883,32923,0.0,0.0
2022-01-06 00:00:00+03:00,55.16320661022979,55.92146301269531,55.06842230013927,55.92146301269531,43335,0.0,0.0
2022-01-07 00:00:00+03:00,55.92146040598551,56.86928176879883,55.92146040598551,56.86928176879883,12538,0.0,0.0
2022-01-10 00:00:00+03:00,54.97364080429221,54.97364080429221,54.92625045776367,54.92625045776367,40147,0.0,0.0
2022-01-11 00:00:00+03:00,54.9262518139955,54.9262518139955,53.599300384521484,53.599300384521484,28083,0.0,0.0
2022-01-12 00:00:00+03:00,53.64668882748321,54.45233917236328,53.64668882748321,54.45233917236328,23204,0.0,0.0
2022-01-13 00:00:00+03:00,54.45233875205728,54.45233875205728,50.51887859700557,52.2723503112793,20474,0.0,0.0
2022-01-14 00:00:00+03:00,55.35277520756595,55.40016555786133,55.35277520756595,55.40016555786133,25721,0.0,0.0
2022-01-17 00:00:00+03:00,55.921471413162145,55.921471413162145,55.25799560546875,55.25799560546875,14925,0.0,0.0
2022-01-18 00:00:00+03:00,54.025818594456396,54.025818594456396,53.93103790283203,53.93103790283203,12249,0.0,0.0
2022-01-19 00:00:00+03:00,50.56627260145479,52.13017943063458,50.56627260145479,51.70365905761719,29802,0.0,0.0
2022-01-20 00:00:00+03:00,52.08278434952933,52.08278434952933,51.845829010009766,51.845829010009766,20333,0.0,0.0
2022-01-21 00:00:00+03:00,51.70365836900897,54.025821599485646,49.28671444163603,52.36713409423828,15625,0.0,0.0
2022-01-24 00:00:00+03:00,52.367133410471794,52.367133410471794,50.234535217285156,50.234535217285156,3549,0.0,0.0
2022-01-25 00:00:00+03:00,50.23453793158898,50.23453793158898,47.86498425557063,49.28671646118164,21972,0.0,0.0
2022-01-26 00:00:00+03:00,47.391069282605805,48.812801361083984,47.391069282605805,48.812801361083984,25277,0.0,0.0
2022-01-27 00:00:00+03:00,49.23932088826998,51.18235397338867,49.23932088826998,51.18235397338867,11076,0.0,0.0
2022-01-28 00:00:00+03:00,51.18235729042695,51.18235729042695,47.722807619905886,48.4810676574707,12276,0.0,0.0
2022-01-31 00:00:00+03:00,48.48106822170352,48.954978942871094,48.48106822170352,48.954978942871094,26672,0.0,0.0
2022-02-01 00:00:00+03:00,48.95497763882812,48.95497763882812,48.33889227146056,48.57584762573242,28264,0.0,0.0
2022-02-02 00:00:00+03:00,49.2867078407311,49.3814885249335,48.86018753051758,48.86018753051758,13116,0.0,0.0
2022-02-03 00:00:00+03:00,47.391075134277344,47.48585583828506,47.391075134277344,47.391075134277344,28880,0.0,0.0
2022-02-04 00:00:00+03:00,47.58063905527623,47.58063905527623,47.31524658203125,47.31524658203125,19381,0.0,0.0
2022-02-07 00:00:00+03:00,47.3152469454469,47.67542012326947,47.3152469454469,47.48585510253906,16997,0.0,0.0
2022-02-08 00:00:00+03:00,47.864985143999874,47.864985143999874,47.48585510253906,47.48585510253906,22693,0.0,0.0
2022-02-09 00:00:00+03:00,47.4858565769799,47.4858565769799,47.296295166015625,47.296295166015625,20296,0.0,0.0
2022-02-10 00:00:00+03:00,47.277331995337924,47.277331995337924,45.969337463378906,45.969337463378906,25043,0.0,0.0
2022-02-11 00:00:00+03:00,45.49542997988938,45.49542997988938,44.54760852197502,44.623435974121094,26961,0.0,0.0
2022-02-14 00:00:00+03:00,43.59978645823148,43.59978645823148,42.6140512879411,42.70883560180664,42724,0.0,0.0
2022-02-15 00:00:00+03:00,43.486044808165566,45.41959762573242,43.486044808165566,45.41959762573242,23491,0.0,0.0
2022-02-16 00:00:00+03:00,45.68499192009959,47.62802505493164,45.68499192009959,47.62802505493164,22327,0.0,0.0
2022-02-17 00:00:00+03:00,47.86497951341116,48.14932520323179,47.770198822021484,47.770198822021484,25802,0.0,0.0
2022-02-18 00:00:00+03:00,47.391070151815605,47.391070151815605,46.158903050998745,46.4432487487793,17429,0.0,0.0
2022-02-21 00:00:00+03:00,46.974031287806575,46.974031287806575,45.81768798828125,45.81768798828125,14871,0.0,0.0
2022-02-22 00:00:00+03:00,43.41022097733506,44.547607421875,43.41022097733506,44.547607421875,23527,0.0,0.0
2022-02-23 00:00:00+03:00,44.282216236478014,45.021515759306524,44.282216236478014,44.66134262084961,13067,0.0,0.0
2022-02-24 00:00:00+03:00,40.37719308388396,40.37719308388396,40.20658493041992,40.20658493041992,25704,0.0,0.0
2022-02-25 00:00:00+03:00,40.20658283773343,44.22534724310781,40.20658283773343,44.206390380859375,16505,0.0,0.0
2022-02-28 00:00:00+03:00,42.841528567597905,42.89839553833008,42.841528567597905,42.89839553833008,14210,0.0,0.0
2022-03-01 00:00:00+03:00,46.424292829875036,46.424292829875036,44.07369613647461,44.07369613647461,23645,0.0,0.0
2022-03-02 00:00:00+03:00,43.59978557911507,43.59978557911507,43.5050048828125,43.5050048828125,7789,0.0,0.0
2022-03-03 00:00:00+03:00,42.65197041270497,43.12588119506836,42.65197041270497,43.12588119506836,18844,0.0,0.0
2022-03-04 00:00:00+03:00,43.125872584344215,43.125872584344215,42.46239689837783,42.481353759765625,10057,0.0,0.0
2022-03-07 00:00:00+03:00,41.70414297305154,41.70414297305154,41.47666423867537,41.666229248046875,14825,0.0,0.0
2022-03-08 00:00:00+03:00,41.66622911308389,42.40553228567288,41.66622911308389,42.367618560791016,14603,0.0,0.0
2022-03-09 00:00:00+03:00,42.538228698776464,42.55718556210496,41.51457977294922,41.51457977294922,30258,0.0,0.0
2022-03-10 00:00:00+03:00,41.23023552118346,41.23023552118346,40.756324768066406,40.756324768066406,32145,0.0,0.0
2022-03-11 00:00:00+03:00,41.74205489206757,42.14013814043785,41.70414116870326,41.81787872314453,27567,0.0,0.0
2022-03-14 00:00:00+03:00,41.70414460706924,41.70414460706924,41.647274017333984,41.647274017333984,18656,0.0,0.0
2022-03-15 00:00:00+03:00,41.609362257340784,41.609362257340784,41.211275376275786,41.23023223876953,13464,0.0,0.0
2022-03-16 00:00:00+03:00,41.211275376275786,41.23023223876953,41.211275376275786,41.23023223876953,28840,0.0,0.0
2022-03-17 00:00:00+03:00,41.23022814265788,45.343772888183594,41.23022814265788,45.343772888183594,44050,0.0,0.0
2022-03-18 00:00:00+03:00,45.02151720451586,46.91716003417969,45.02151720451586,46.91716003417969,48435,0.0,0.0
2022-03-21 00:00:00+03:00,47.391068159713086,51.22974395751953,47.391068159713086,51.22974395751953,64974,0.0,0.0
2022-03-22 00:00:00+03:00,51.27713663373579,54.0258201582218,51.27713663373579,53.125389099121094,58634,0.0,0.0
2022-03-23 00:00:00+03:00,47.817593434145564,52.13018035888672,47.817593434145564,52.13018035888672,66081,0.0,0.0
2022-03-24 00:00:00+03:00,50.85061999760579,50.85061999760579,49.760623931884766,49.760623931884766,29596,0.0,0.0
2022-03-25 00:00:00+03:00,49.286714967235824,49.286714967235824,48.38628387451172,48.38628387451172,17502,0.0,0.0
2022-03-28 00:00:00+03:00,47.201503936522386,47.201503936522386,45.495426177978516,45.495426177978516,47164,0.0,0.0
2022-03-29 00:00:00+03:00,44.54760804679095,46.8982048034668,44.54760804679095,46.8982048034668,34812,0.0,0.0
2022-03-30 00:00:00+03:00,47.37211053521629,47.95975875854492,47.37211053521629,47.95975875854492,24431,0.0,0.0
2022-03-31 00:00:00+03:00,49.239326110791666,49.28671646118164,49.239326110791666,49.28671646118164,31564,0.0,0.0
2022-04-01 00:00:00+03:00,49.76062687675737,51.656269805395745,49.76062687675737,51.56148910522461,42516,0.0,0.0
2022-04-04 00:00:00+03:00,52.08278733111947,52.08278733111947,50.281925201416016,50.281925201416016,35198,0.0,0.0
2022-04-05 00:00:00+03:00,50.092359756587136,50.092359756587136,49.239322662353516,49.239322662353516,27668,0.0,0.0
2022-04-06 00:00:00+03:00,48.67062550187883,48.67062550187883,47.8649787902832,47.8649787902832,28346,0.0,0.0
2022-04-07 00:00:00+03:00,47.864975883786926,48.86018753051758,47.864975883786926,48.86018753051758,27419,0.0,0.0
2022-04-08 00:00:00+03:00,49.28671447413595,49.57106018066406,49.28671447413595,49.57106018066406,26569,0.0,0.0
2022-04-11 00:00:00+03:00,49.28671646118164,49.28671646118164,49.28671646118164,49.28671646118164,51880,0.0,0.0
2022-04-12 00:00:00+03:00,49.2867137980911,50.234535217285156,49.2867137980911,50.234535217285156,40194,0.0,0.0
2022-04-13 00:00:00+03:00,51.182358518968954,51.182358518968954,51.08757781982422,51.08757781982422,21216,0.0,0.0
2022-04-14 00:00:00+03:00,51.41931220615522,51.41931220615522,50.755836486816406,50.755836486816406,25915,0.0,0.0
2022-04-15 00:00:00+03:00,51.182359401996315,51.182359401996315,49.28671646118164,49.28671646118164,14581,0.0,0.0
2022-04-18 00:00:00+03:00,48.33889485410189,52.08279037475586,47.3910733863744,52.08279037475586,49551,0.0,0.0
2022-04-19 00:00:00+03:00,51.087573328560175,51.087573328560175,50.04496765136719,50.04496765136719,25426,0.0,0.0
2022-04-20 00:00:00+03:00,49.286713373064,49.286713373064,49.191932678222656,49.191932678222656,30218,0.0,0.0
2022-04-21 00:00:00+03:00,49.28671646118164,49.28671646118164,49.28671646118164,49.28671646118164,40879,0.0,0.0
2022-04-22 00:00:00+03:00,49.09715032631528,49.09715032631528,48.33889389038086,48.33889389038086,10210,0.0,0.0
2022-04-25 00:00:00+03:00,47.7228090163289,47.7228090163289,47.37211608886719,47.37211608886719,60631,0.0,0.0
2022-04-26 00:00:00+03:00,47.39107329735139,47.39107329735139,46.53803253173828,46.53803253173828,23777,0.0,0.0
2022-04-27 00:00:00+03:00,47.8649800395773,47.8649800395773,47.39106934611613,47.6754150390625,28298,0.0,0.0
2022-04-28 00:00:00+03:00,48.291499607183475,49.002365635898684,48.291499607183475,48.9075813293457,16693,0.0,0.0
2022-04-29 00:00:00+03:00,48.907583001552894,49.28671300942454,48.907583001552894,49.239322662353516,20789,0.0,0.0
2022-05-05 00:00:00+03:00,51.134970716080005,51.134970716080005,50.70845031738281,50.70845031738281,20299,0.0,0.0
2022-05-06 00:00:00+03:00,51.182359401996315,51.182359401996315,49.28671646118164,49.28671646118164,44696,0.0,0.0
2022-05-09 00:00:00+03:00,48.38628354781053,49.239324285821446,48.38628354781053,49.00236892700195,21785,0.0,0.0
2022-05-10 00:00:00+03:00,49.00236892700195,49.00236892700195,49.00236892700195,49.00236892700195,2051,0.0,0.0
2022-05-11 00:00:00+03:00,48.33889738892772,48.33889738892772,47.296295166015625,47.296295166015625,50928,0.0,0.0
2022-05-12 00:00:00+03:00,46.44325163643018,46.44325163643018,45.362735748291016,45.362735748291016,36913,0.0,0.0
2022-05-13 00:00:00+03:00,45.666033837691124,46.443247070849125,45.666033837691124,46.026206970214844,33043,0.0,0.0
2022-05-16 00:00:00+03:00,46.026210753971085,46.026210753971085,45.457515716552734,45.457515716552734,18945,0.0,0.0
2022-05-17 00:00:00+03:00,45.286903718094294,45.286903718094294,45.021514892578125,45.021514892578125,13255,0.0,0.0
2022-05-18 00:00:00+03:00,45.021516783485204,45.87455749511719,45.021516783485204,45.87455749511719,29423,0.0,0.0
2022-05-20 00:00:00+03:00,45.874558876446905,45.874558876446905,44.547607421875,44.547607421875,13202,0.0,0.0
2022-05-23 00:00:00+03:00,44.547607421875,44.547607421875,44.547607421875,44.547607421875,12170,0.0,0.0
2022-05-24 00:00:00+03:00,45.230041135099384,45.230041135099384,45.05943298339844,45.05943298339844,11003,0.0,0.0
2022-05-25 00:00:00+03:00,45.07838872683413,45.07838872683413,44.547607421875,44.547607421875,14162,0.0,0.0
2022-05-26 00:00:00+03:00,45.02151978904675,45.02151978904675,44.52865219116211,44.52865219116211,27609,0.0,0.0
2022-05-27 00:00:00+03:00,44.54760626088018,44.54760626088018,43.59978485107422,43.59978485107422,21255,0.0,0.0
2022-05-30 00:00:00+03:00,43.618740987951,43.69456481933594,43.618740987951,43.69456481933594,43663,0.0,0.0
2022-05-31 00:00:00+03:00,43.97891544050635,44.16847683244287,43.97891544050635,44.07369613647461,11832,0.0,0.0
2022-06-01 00:00:00+03:00,43.88412857055664,44.07369356709381,43.88412857055664,43.88412857055664,27776,0.0,0.0
2022-06-02 00:00:00+03:00,43.7324746502021,43.7324746502021,43.25856399536133,43.25856399536133,19345,0.0,0.0
2022-06-03 00:00:00+03:00,43.37230682373047,43.37230682373047,43.37230682373047,43.37230682373047,33642,0.0,0.0
2022-06-06 00:00:00+03:00,43.59978639593915,45.72290802001953,43.59978639593915,45.72290802001953,22034,0.0,0.0
2022-06-07 00:00:00+03:00,46.80342069297785,46.80342069297785,45.495426177978516,45.495426177978516,26878,0.0,0.0
2022-06-08 00:00:00+03:00,44.60447500542616,44.60447500542616,42.17805099487305,42.17805099487305,30980,0.0,0.0
2022-06-09 00:00:00+03:00,43.12587284208173,43.22065353393555,43.12587284208173,43.22065353393555,27601,0.0,0.0
2022-06-10 00:00:00+03:00,43.03109401821657,44.07369613647461,43.03109401821657,44.07369613647461,13183,0.0,0.0
2022-06-13 00:00:00+03:00,43.599786483145266,43.599786483145266,43.58082962036133,43.58082962036133,15037,0.0,0.0
2022-06-14 00:00:00+03:00,44.21326782508062,44.21326782508062,43.082542419433594,43.082542419433594,12981,0.5,0.0
2022-06-15 00:00:00+03:00,43.21669321040958,44.1557731628418,43.21669321040958,44.1557731628418,16497,0.0,0.0
2022-06-16 00:00:00+03:00,44.519902745848995,44.519902745848995,42.948387145996094,42.948387145996094,23281,0.0,0.0
2022-06-17 00:00:00+03:00,43.101703183780536,43.14003372192383,43.101703183780536,43.14003372192383,75270,0.0,0.0
2022-06-20 00:00:00+03:00,43.15920438192168,43.59999465942383,43.15920438192168,43.59999465942383,69355,0.0,0.0
2022-06-21 00:00:00+03:00,43.599993568811556,44.845706939697266,43.599993568811556,44.845706939697266,79454,0.0,0.0
2022-06-22 00:00:00+03:00,44.84570067324781,45.037349700927734,44.84570067324781,45.037349700927734,27122,0.0,0.0
2022-06-23 00:00:00+03:00,45.037349700927734,45.19066819199144,45.037349700927734,45.037349700927734,65490,0.0,0.0
2022-06-24 00:00:00+03:00,45.99559324335932,47.95998764038086,45.99559324335932,47.95998764038086,54444,0.0,0.0
2022-06-27 00:00:00+03:00,47.43295703214758,48.87031936645508,47.43295703214758,48.87031936645508,60699,0.0,0.0
2022-06-28 00:00:00+03:00,50.307683792910055,53.75735207654896,50.307683792910055,52.65537643432617,168930,0.0,0.0
2022-06-29 00:00:00+03:00,51.69713254656907,51.69713254656907,48.439109802246094,48.439109802246094,73847,0.0,0.0
2022-06-30 00:00:00+03:00,48.15164034707205,48.15164034707205,46.18724580031163,46.95383834838867,40760,0.0,0.0
2022-07-01 00:00:00+03:00,47.45212401885107,51.218013763427734,47.45212401885107,51.218013763427734,45555,0.0,0.0
2022-07-04 00:00:00+03:00,51.218016011222595,51.745048178254095,49.30153274536133,49.30153274536133,31348,0.0,0.0
2022-07-05 00:00:00+03:00,45.995594697840076,49.301528797827615,45.995594697840076,48.87031936645508,31205,0.0,0.0
2022-07-06 00:00:00+03:00,48.630762967361036,50.78680664571694,48.630762967361036,49.73274230957031,18940,0.0,0.0
2022-07-07 00:00:00+03:00,49.87647099145654,50.40350310278541,48.82240676879883,48.82240676879883,13387,0.0,0.0
2022-07-08 00:00:00+03:00,48.82240950713086,49.7806510925293,48.82240950713086,49.7806510925293,5345,0.0,0.0
2022-07-13 00:00:00+03:00,49.828564785289316,49.828564785289316,48.295379638671875,48.295379638671875,24117,0.0,0.0
2022-07-14 00:00:00+03:00,48.870320906450274,48.870320906450274,47.873748779296875,47.873748779296875,15932,0.0,0.0
2022-07-18 00:00:00+03:00,50.69098406548442,50.978455825538234,50.69098406548442,50.738895416259766,37489,0.0,0.0
2022-07-19 00:00:00+03:00,50.97845840791684,50.97845840791684,50.69098663330078,50.69098663330078,30711,0.0,0.0
2022-07-20 00:00:00+03:00,50.69098260083019,50.69098260083019,49.82856369018555,49.82856369018555,13799,0.0,0.0
2022-07-21 00:00:00+03:00,49.78065084890999,49.78065084890999,48.91823196411133,48.91823196411133,19576,0.0,0.0
2022-07-22 00:00:00+03:00,49.828563559927595,49.828563559927595,49.10988235473633,49.10988235473633,22288,0.0,0.0
2022-07-25 00:00:00+03:00,50.3076832602469,50.3076832602469,49.972300167339206,50.06812286376953,29817,0.0,0.0
2022-07-26 00:00:00+03:00,50.06812253382094,50.06812253382094,48.34328842163086,48.34328842163086,27516,0.0,0.0
2022-07-27 00:00:00+03:00,48.630762152238326,53.08658714164842,48.630762152238326,52.70328903198242,76464,0.0,0.0
2022-07-28 00:00:00+03:00,52.2241705886634,52.2241705886634,50.930545806884766,50.930545806884766,51266,0.0,0.0
2022-07-29 00:00:00+03:00,51.745047396741136,52.41581726074219,51.745047396741136,52.41581726074219,48946,0.0,0.0
2022-08-01 00:00:00+03:00,53.661527715354,56.727901458740234,53.661527715354,56.727901458740234,41840,0.0,0.0
2022-08-02 00:00:00+03:00,57.63823261661017,57.63823261661017,55.05097961425781,55.05097961425781,30646,0.0,0.0
2022-08-03 00:00:00+03:00,56.53625461744225,57.015375419284986,55.09889221191406,55.09889221191406,22551,0.0,0.0
2022-08-04 00:00:00+03:00,55.673834859330746,57.01537454610562,55.673834859330746,56.919551849365234,20320,0.0,0.0
2022-08-05 00:00:00+03:00,58.93186149379005,58.93186149379005,56.344608306884766,56.344608306884766,49870,0.0,0.0
2022-08-08 00:00:00+03:00,56.3446033700414,56.727901458740234,56.3446033700414,56.727901458740234,36518,0.0,0.0
2022-08-09 00:00:00+03:00,58.452735645788906,58.452735645788906,56.77581290185234,57.59031677246094,30385,0.0,0.0
2022-08-10 00:00:00+03:00,56.29669573613889,56.871639251708984,56.29669573613889,56.871639251708984,27902,0.0,0.0
2022-08-11 00:00:00+03:00,57.30284995719029,57.30284995719029,56.344608306884766,56.344608306884766,34383,0.0,0.0
2022-08-12 00:00:00+03:00,54.81142132434206,54.81142132434206,52.70328903198242,52.70328903198242,45689,0.0,0.0
2022-08-15 00:00:00+03:00,54.23646982538465,55.961307525634766,54.23646982538465,55.961307525634766,34534,0.0,0.0
2022-08-16 00:00:00+03:00,57.39866983890893,57.39866983890893,55.961307525634766,55.961307525634766,35356,0.0,0.0
2022-08-17 00:00:00+03:00,56.05713520157534,56.05713520157534,55.86548614501953,55.86548614501953,23546,0.0,0.0
2022-08-18 00:00:00+03:00,56.05713241978695,56.05713241978695,54.61977005004883,54.61977005004883,17803,0.0,0.0
2022-08-19 00:00:00+03:00,55.098893310181786,55.098893310181786,53.853179931640625,53.853179931640625,19070,0.0,0.0
2022-08-22 00:00:00+03:00,53.6615264853522,53.6615264853522,51.74504339658962,51.84086608886719,55509,0.0,0.0
2022-08-23 00:00:00+03:00,52.60746880615909,52.60746880615909,51.21801766253232,51.649227142333984,24854,0.0,0.0
2022-08-24 00:00:00+03:00,51.64922165254906,51.64922165254906,49.82856122263823,50.02021026611328,28562,0.0,0.0
2022-08-25 00:00:00+03:00,49.780652692884715,51.69713592529297,49.780652692884715,51.69713592529297,23483,0.0,0.0
2022-08-26 00:00:00+03:00,51.697134439530345,51.697134439530345,50.3076834048865,50.78680419921875,24153,0.0,0.0
2022-08-29 00:00:00+03:00,47.95998931974696,49.82856109176857,47.95998931974696,49.5890007019043,22411,0.0,0.0
2022-08-31 00:00:00+03:00,49.828562319857404,49.828562319857404,49.34944152832031,49.34944152832031,36775,0.0,0.0
2022-09-01 00:00:00+03:00,49.68482339568943,49.68482339568943,49.349440312040024,49.5890007019043,32175,0.0,0.0
2022-09-02 00:00:00+03:00,50.30768335334593,50.30768335334593,50.21186065673828,50.21186065673828,17032,0.0,0.0
2022-09-05 00:00:00+03:00,50.786804147187325,50.786804147187325,50.21186065673828,50.21186065673828,35476,0.0,0.0
2022-09-06 00:00:00+03:00,50.21185900730266,50.21185900730266,48.87031936645508,48.87031936645508,46766,0.0,0.0
2022-09-07 00:00:00+03:00,48.10373040867978,48.10373040867978,47.912081352190675,48.007904052734375,65589,0.0,0.0
2022-09-08 00:00:00+03:00,49.73274328230829,49.73274328230829,48.199554443359375,48.199554443359375,38723,0.0,0.0
2022-09-09 00:00:00+03:00,48.39119875258294,49.5890007019043,48.39119875258294,49.5890007019043,34218,0.0,0.0
2022-09-12 00:00:00+03:00,49.82856125604539,50.35559338440404,49.82856125604539,50.307682037353516,38817,0.0,0.0
2022-09-13 00:00:00+03:00,50.02020982780901,50.02020982780901,48.439109802246094,48.439109802246094,58178,0.0,0.0
2022-09-14 00:00:00+03:00,47.95999043665135,47.95999043665135,47.892913818359375,47.892913818359375,57102,0.0,0.0
2022-09-15 00:00:00+03:00,47.91208017499598,47.91208017499598,47.81625747680664,47.81625747680664,45695,0.0,0.0
2022-09-16 00:00:00+03:00,47.912079153709044,49.828562319857404,47.912079153709044,49.34944152832031,27733,0.0,0.0
2022-09-19 00:00:00+03:00,49.82856367057987,49.82856367057987,49.54109191894531,49.54109191894531,27598,0.0,0.0
2022-09-20 00:00:00+03:00,49.54109042509874,49.54109042509874,48.34328844990487,48.630760192871094,13557,0.0,0.0
2022-09-21 00:00:00+03:00,48.774496672995156,48.87031936645508,48.774496672995156,48.87031936645508,31628,0.0,0.0
2022-09-22 00:00:00+03:00,48.87031923243611,48.87031923243611,48.439109802246094,48.439109802246094,36105,0.0,0.0
2022-09-23 00:00:00+03:00,48.87032450407064,48.87032450407064,48.77450180053711,48.77450180053711,22057,0.0,0.0
2022-09-26 00:00:00+03:00,47.912081352190675,48.82241162896264,47.912081352190675,48.007904052734375,26999,0.0,0.0
2022-09-27 00:00:00+03:00,48.15163667664179,48.15163667664179,47.91207629516596,47.95998764038086,22251,0.0,0.0
2022-09-28 00:00:00+03:00,47.91207797131081,47.91207797131081,47.682098388671875,47.682098388671875,18855,0.0,0.0
2022-09-29 00:00:00+03:00,47.62460680263112,47.62460680263112,46.47471618652344,46.47471618652344,16810,0.0,0.0
2022-09-30 00:00:00+03:00,47.58628105568716,47.58628105568716,47.567115783691406,47.567115783691406,13817,0.0,0.0
2022-10-03 00:00:00+03:00,47.56711130478419,47.912078857421875,47.56711130478419,47.912078857421875,30717,0.0,0.0
2022-10-04 00:00:00+03:00,48.00790155297611,48.00790155297611,47.912078857421875,47.912078857421875,30454,0.0,0.0
2022-10-05 00:00:00+03:00,47.91207978341811,47.91207978341811,47.835418701171875,47.835418701171875,21370,0.0,0.0
2022-10-06 00:00:00+03:00,46.95383834838867,46.95383834838867,46.95383834838867,46.95383834838867,39742,0.0,0.0
2022-10-07 00:00:00+03:00,47.04966370936087,47.33713912963867,47.04966370936087,47.33713912963867,23654,0.0,0.0
2022-10-10 00:00:00+03:00,48.00790016303919,48.00790016303919,47.43295669555664,47.43295669555664,52542,0.0,0.0
2022-10-11 00:00:00+03:00,47.79708950784301,47.79708950784301,47.43295669555664,47.43295669555664,33761,0.0,0.0
2022-10-12 00:00:00+03:00,47.73959210267648,47.73959210267648,47.26047134399414,47.26047134399414,22811,0.0,0.0
2022-10-13 00:00:00+03:00,47.2413137005916,47.2413137005916,46.97300720214844,46.97300720214844,27071,0.0,0.0
2022-10-14 00:00:00+03:00,46.97300720214844,46.97300720214844,46.97300720214844,46.97300720214844,43309,0.0,0.0
2022-10-17 00:00:00+03:00,46.97300449172517,47.18381881713867,46.97300449172517,47.18381881713867,73359,0.0,0.0
2022-10-18 00:00:00+03:00,47.24130991190222,47.54794692993164,47.24130991190222,47.54794692993164,37593,0.0,0.0
2022-10-19 00:00:00+03:00,48.00790475527731,52.1762580871582,48.00790475527731,52.1762580871582,66979,0.0,0.0
2022-10-20 00:00:00+03:00,52.60746633226677,52.847026736957595,52.60746633226677,52.70328903198242,82041,0.0,0.0
2022-10-21 00:00:00+03:00,52.70328794206892,53.661529541015625,52.70328794206892,53.661529541015625,64310,0.0,0.0
2022-10-24 00:00:00+03:00,53.661528040151126,58.452735900878906,53.661528040151126,58.452735900878906,71261,0.0,0.0
2022-10-25 00:00:00+03:00,64.20218418490502,64.20218418490502,59.41097640991211,59.41097640991211,76621,0.0,0.0
2022-10-26 00:00:00+03:00,59.41097807884216,61.32746124267578,59.41097807884216,61.32746124267578,38124,0.0,0.0
2022-10-27 00:00:00+03:00,63.24394190588663,63.24394190588663,61.80657958984375,61.80657958984375,38304,0.0,0.0
2022-10-28 00:00:00+03:00,61.80657958984375,61.80657958984375,61.80657958984375,61.80657958984375,11905,0.0,0.0
2022-10-31 00:00:00+03:00,62.62108591610286,62.62108591610286,61.32746124267578,61.32746124267578,38934,0.0,0.0
2022-11-01 00:00:00+03:00,61.80657958984375,61.80657958984375,61.80657958984375,61.80657958984375,35994,0.0,0.0
2022-11-02 00:00:00+03:00,61.99822800128144,64.20218658447266,61.99822800128144,64.20218658447266,38732,0.0,0.0
2022-11-03 00:00:00+03:00,66.11866607536268,70.62239837646484,66.11866607536268,70.62239837646484,113906,0.0,0.0
2022-11-04 00:00:00+03:00,70.76614195111719,74.83866882324219,70.76614195111719,74.83866882324219,55009,0.0,0.0
2022-11-07 00:00:00+03:00,78.47998077986783,79.34239959716797,78.47998077986783,79.34239959716797,87551,0.0,0.0
2022-11-08 00:00:00+03:00,79.3903134119564,79.3903134119564,71.43691268733177,72.15559387207031,66671,0.0,0.0
2022-11-09 00:00:00+03:00,72.39515379937774,72.44306149156903,69.99954986572266,69.99954986572266,38388,0.0,0.0
2022-11-10 00:00:00+03:00,70.14328366363412,76.94680501466048,70.14328366363412,76.27603149414062,47746,0.0,0.0
2022-11-11 00:00:00+03:00,75.50943699364234,75.50943699364234,74.21580505371094,74.21580505371094,39463,0.0,0.0
2022-11-14 00:00:00+03:00,73.78460144042968,73.78460144042968,71.86811828613281,71.86811828613281,64611,0.0,0.0
2022-11-15 00:00:00+03:00,71.86811828613281,71.86811828613281,71.86811828613281,71.86811828613281,56475,0.0,0.0
2022-11-16 00:00:00+03:00,72.82635507661018,73.40129852294922,72.82635507661018,73.40129852294922,54223,0.0,0.0
2022-11-17 00:00:00+03:00,73.40129852294922,73.40129852294922,72.82635507661018,73.40129852294922,43809,0.0,0.0
2022-11-18 00:00:00+03:00,78.57580620740217,80.73184967041016,78.57580620740217,80.73184967041016,81411,0.0,0.0
2022-11-21 00:00:00+03:00,80.01316779298209,88.78107925880474,80.01316779298209,87.6791000366211,53774,0.0,0.0
2022-11-22 00:00:00+03:00,89.35602724431602,96.11163330078125,89.35602724431602,96.11163330078125,63591,0.0,0.0
2022-11-23 00:00:00+03:00,97.06987256788781,99.65712184532016,97.06987256788781,97.74063873291016,73641,0.0,0.0
2022-11-24 00:00:00+03:00,95.77624995946857,95.77624995946857,93.52438354492188,93.52438354492188,31967,0.0,0.0
2022-11-25 00:00:00+03:00,93.52437090461157,93.52437090461157,93.33272552490234,93.33272552490234,12660,0.0,0.0
2022-11-28 00:00:00+03:00,93.04526527716233,93.18900299072266,93.04526527716233,93.18900299072266,33061,0.0,0.0
2022-11-29 00:00:00+03:00,94.96174203201987,100.61536898979774,94.96174203201987,99.6571273803711,35909,0.0,0.0
2022-11-30 00:00:00+03:00,99.65712787949036,102.53185272216797,99.65712787949036,102.53185272216797,44724,0.0,0.0
2022-12-01 00:00:00+03:00,103.68174458017323,103.77757459471681,100.71119689941406,100.71119689941406,25100,0.0,0.0
2022-12-02 00:00:00+03:00,100.61536276660847,100.61536276660847,95.44085693359375,95.44085693359375,29268,0.0,0.0
2022-12-05 00:00:00+03:00,91.65580883202152,98.6030603054297,91.60789382857332,98.12393951416016,52543,0.0,0.0
2022-12-06 00:00:00+03:00,98.123940415649,103.01097106933594,98.123940415649,103.01097106933594,30919,0.0,0.0
2022-12-07 00:00:00+03:00,103.96921496316655,104.44833576944842,102.24437713623047,102.24437713623047,36000,0.0,0.0
2022-12-08 00:00:00+03:00,103.49008606566473,103.49008606566473,98.98635376305411,100.8070068359375,28205,0.0,0.0
2022-12-09 00:00:00+03:00,100.80701438736175,100.80701438736175,99.6571273803711,99.6571273803711,26134,0.0,0.0
2022-12-12 00:00:00+03:00,107.32305633269989,107.32305633269989,103.49009003510346,106.36481475830078,42125,0.0,0.0
2022-12-13 00:00:00+03:00,108.37712543852881,108.37712543852881,105.11910247802734,105.11910247802734,28592,0.0,0.0
2022-12-14 00:00:00+03:00,102.5318532076749,105.59822346339617,102.5318532076749,105.40657806396484,65690,0.0,0.0
2022-12-15 00:00:00+03:00,105.59822014650716,105.59822014650716,101.5736083984375,101.5736083984375,20624,0.0,0.0
2022-12-16 00:00:00+03:00,100.61536898979774,100.61536898979774,99.6571273803711,99.6571273803711,18426,0.0,0.0
2022-12-19 00:00:00+03:00,99.6571219172059,99.6571219172059,98.31558227539062,98.31558227539062,23671,0.0,0.0
2022-12-20 00:00:00+03:00,98.31558397228899,98.31558397228899,93.81185150146484,93.81185150146484,21075,0.0,0.0
2022-12-21 00:00:00+03:00,93.81185150146484,93.81185150146484,93.81185150146484,93.81185150146484,32242,0.0,0.0
2022-12-22 00:00:00+03:00,93.81184872278673,93.81184872278673,92.85360717773438,92.85360717773438,29867,0.0,0.0
2022-12-23 00:00:00+03:00,92.66195895158498,92.66195895158498,90.74547576904297,90.74547576904297,25132,0.0,0.0
2022-12-26 00:00:00+03:00,91.1287721968663,94.81800079345703,91.1287721968663,94.81800079345703,27438,0.0,0.0
2022-12-27 00:00:00+03:00,95.82415170620142,95.82415170620142,92.47030639648438,92.47030639648438,22683,0.0,0.0
2022-12-28 00:00:00+03:00,88.87690744099189,90.458007526092,88.87690744099189,89.02064514160156,22019,0.0,0.0
2022-12-29 00:00:00+03:00,87.19998484644397,90.31427001953125,87.19998484644397,90.31427001953125,17588,0.0,0.0
2022-12-30 00:00:00+03:00,90.07471698263417,90.07471698263417,86.33757300736413,88.15823364257812,9700,0.0,0.0
2023-01-02 00:00:00+03:00,90.55383055837531,91.03295135498047,90.55383055837531,91.03295135498047,19491,0.0,0.0
2023-01-03 00:00:00+03:00,91.5120664402362,91.5120664402362,88.97272491455078,88.97272491455078,20710,0.0,0.0
2023-01-04 00:00:00+03:00,89.116474976008,89.116474976008,86.43339538574219,86.43339538574219,21210,0.0,0.0
2023-01-05 00:00:00+03:00,86.43339501638074,86.43339501638074,81.45054129667061,82.40878295898438,20014,0.0,0.0
2023-01-06 00:00:00+03:00,82.40877786951042,83.07954406738281,82.40877786951042,83.07954406738281,16612,0.0,0.0
2023-01-09 00:00:00+03:00,86.24175207955497,86.24175207955497,78.95911669944222,80.49230194091797,28957,0.0,0.0
2023-01-10 00:00:00+03:00,84.18151604919098,84.18151604919098,84.085693359375,84.085693359375,40320,0.0,0.0
2023-01-11 00:00:00+03:00,84.0856985831398,84.13361358642578,84.0856985831398,84.13361358642578,28999,0.0,0.0
2023-01-12 00:00:00+03:00,86.24174026991508,88.34986877441406,86.24174026991508,88.34986877441406,16344,0.0,0.0
2023-01-13 00:00:00+03:00,90.45800954592802,90.45800954592802,86.24174499511719,86.24174499511719,13206,0.0,0.0
2023-01-16 00:00:00+03:00,89.11647260058058,89.11647260058058,87.19998931884766,87.19998931884766,22577,0.0,0.0
2023-01-17 00:00:00+03:00,87.19998919204586,87.19998919204586,85.90636444091797,85.90636444091797,19966,0.0,0.0
2023-01-18 00:00:00+03:00,85.85844913265464,85.85844913265464,84.32526397705078,84.32526397705078,23965,0.0,0.0
2023-01-19 00:00:00+03:00,84.3252518612455,86.19381985884985,84.3252518612455,86.14591217041016,12730,0.0,0.0
2023-01-20 00:00:00+03:00,86.19382481860673,86.19382481860673,85.2834982670437,85.33141326904297,11336,0.0,0.0
2023-01-23 00:00:00+03:00,86.1938317843973,87.24790342714336,81.4505386352539,81.4505386352539,14159,0.0,0.0
2023-01-24 00:00:00+03:00,83.4149421577557,83.4149421577557,81.9296646118164,81.9296646118164,28051,0.0,0.0
2023-01-25 00:00:00+03:00,86.24174679026883,86.24174679026883,76.75515318117857,81.4505386352539,16477,0.0,0.0
2023-01-26 00:00:00+03:00,81.3068013611661,84.32526397705078,81.3068013611661,84.32526397705078,13445,0.0,0.0
2023-01-27 00:00:00+03:00,84.32525615018825,84.32525615018825,83.98987307084238,84.03778076171875,8710,0.0,0.0
2023-01-30 00:00:00+03:00,87.1999937693278,87.1999937693278,80.49230194091797,80.49230194091797,7534,0.0,0.0
2023-01-31 00:00:00+03:00,81.45053837847668,81.45053837847668,78.57581349453044,79.438232421875,11768,0.0,0.0
2023-02-01 00:00:00+03:00,79.43823726545878,79.43823726545878,77.6175765991211,77.6175765991211,7505,0.0,0.0
2023-02-02 00:00:00+03:00,76.65932906301398,76.65932906301398,72.82636260986328,72.82636260986328,20347,0.0,0.0
2023-02-03 00:00:00+03:00,72.82636334978027,77.71339416503906,72.82636334978027,77.71339416503906,15436,0.0,0.0
2023-02-06 00:00:00+03:00,76.80306813066068,82.4087802057517,76.80306813066068,81.88174438476562,18851,0.0,0.0
2023-02-07 00:00:00+03:00,75.98856315008891,76.65932935764698,73.73668950156534,74.83866882324219,14304,0.0,0.0
2023-02-08 00:00:00+03:00,68.70592498779297,68.70592498779297,68.70592498779297,68.70592498779297,150,0.0,0.0
2023-02-15 00:00:00+03:00,74.07208554376155,82.31296261364713,74.07208554376155,80.49230194091797,24640,0.0,0.0
2023-02-16 00:00:00+03:00,80.87559691113302,80.87559691113302,75.03032429463579,75.9406509399414,12039,0.0,0.0
2023-02-17 00:00:00+03:00,77.52175102908325,77.52175102908325,75.22196960449219,75.22196960449219,7838,0.0,0.0
2023-02-20 00:00:00+03:00,73.88042069270797,78.5758056640625,73.88042069270797,78.5758056640625,17376,0.0,0.0
2023-02-21 00:00:00+03:00,76.61141480578497,77.52174873377547,76.61141480578497,77.1384506225586,17000,0.0,0.0
2023-02-22 00:00:00+03:00,76.6593246459961,76.6593246459961,76.56350195234917,76.6593246459961,15033,0.0,0.0
2023-02-23 00:00:00+03:00,76.65932978014263,76.65932978014263,76.56350708007812,76.56350708007812,17751,0.0,0.0
2023-02-24 00:00:00+03:00,76.65933469742063,76.65933469742063,75.221972171844,75.46153259277344,8684,0.0,0.0
2023-02-27 00:00:00+03:00,74.26371765136719,74.26371765136719,74.26371765136719,74.26371765136719,16945,0.0,0.0
2023-02-28 00:00:00+03:00,76.65932951591513,76.65932951591513,74.74284627801725,76.13229370117188,11108,0.0,0.0
2023-03-01 00:00:00+03:00,75.70109042999852,75.70109042999852,72.39515965832635,75.22196960449219,27387,0.0,0.0
2023-03-02 00:00:00+03:00,75.22196957598926,75.22196957598926,67.69977408055105,74.07208251953125,56484,0.0,0.0
2023-03-03 00:00:00+03:00,71.96394175898999,76.65932699989413,71.86811906240075,76.03646850585938,37419,0.0,0.0
2023-03-06 00:00:00+03:00,76.22812682127648,79.5340576171875,76.22812682127648,79.5340576171875,31690,0.0,0.0
2023-03-07 00:00:00+03:00,78.09669771648589,80.49230194091797,78.09669771648589,80.49230194091797,46052,0.0,0.0
2023-03-08 00:00:00+03:00,78.67162835515082,78.67162835515082,78.5758056640625,78.5758056640625,14543,0.0,0.0
2023-03-09 00:00:00+03:00,77.66548640782835,77.66548640782835,76.56350708007812,76.56350708007812,20984,0.0,0.0
2023-03-10 00:00:00+03:00,75.17405210365878,75.31778980870278,75.12614440917969,75.12614440917969,14028,0.0,0.0
2023-03-13 00:00:00+03:00,74.74284877898587,75.22196960449219,72.82636547696059,75.22196960449219,17904,0.0,0.0
2023-03-14 00:00:00+03:00,75.221961628307,75.221961628307,72.87427275658543,73.78459930419922,14582,0.0,0.0
2023-03-15 00:00:00+03:00,73.78461181923039,73.78461181923039,70.09538269042969,70.09538269042969,10230,0.0,0.0
2023-03-16 00:00:00+03:00,69.66416182085851,70.09537492997225,69.37669372558594,69.37669372558594,31370,0.0,0.0
2023-03-17 00:00:00+03:00,69.13713836669922,69.13713836669922,69.13713836669922,69.13713836669922,35103,0.0,0.0
2023-03-20 00:00:00+03:00,69.13713836669922,69.23296107211232,69.13713836669922,69.13713836669922,132265,0.0,0.0
2023-03-21 00:00:00+03:00,68.41845436709028,68.41845436709028,68.03515625,68.03515625,21207,0.0,0.0
2023-03-22 00:00:00+03:00,67.17272698371006,67.79558541434152,67.02898929805629,67.076904296875,32305,0.0,0.0
2023-03-23 00:00:00+03:00,67.50811820769957,69.80789952389642,67.50811820769957,69.37669372558594,15884,0.0,0.0
2023-03-24 00:00:00+03:00,71.77229559057858,72.82635986328125,71.77229559057858,71.86811828613281,20469,0.0,0.0
2023-03-27 00:00:00+03:00,72.82635921902127,72.82635921902127,68.99339294433594,68.99339294433594,11619,0.0,0.0
2023-03-28 00:00:00+03:00,67.65186044181767,67.65186044181767,66.1186752319336,66.1186752319336,20482,0.0,0.0
2023-03-29 00:00:00+03:00,66.07075017493655,67.02899169921875,65.7353671035983,67.02899169921875,15781,0.0,0.0
2023-03-30 00:00:00+03:00,67.9393310546875,67.9393310546875,67.9393310546875,67.9393310546875,20298,0.0,0.0
2023-03-31 00:00:00+03:00,67.93932066969673,68.03514335310405,67.12481689453125,67.12481689453125,90445,0.0,0.0
2023-04-03 00:00:00+03:00,67.17272653756153,67.17272653756153,65.16042088418111,65.63954162597656,75506,0.0,0.0
2023-04-04 00:00:00+03:00,65.6395440382116,65.6395440382116,65.1604232788086,65.1604232788086,16627,0.0,0.0
2023-04-05 00:00:00+03:00,66.83735404985481,67.07691445863564,66.16658782958984,66.16658782958984,8415,0.0,0.0
2023-04-06 00:00:00+03:00,66.21449506426711,66.21449506426711,64.87295532226562,64.87295532226562,9090,0.0,0.0
2023-04-07 00:00:00+03:00,64.68131272689156,66.1186752319336,64.68131272689156,66.1186752319336,11335,0.0,0.0
2023-04-10 00:00:00+03:00,67.07690700451012,67.460205078125,67.07690700451012,67.460205078125,44268,0.0,0.0
2023-04-11 00:00:00+03:00,67.55602504185268,67.55602504185268,67.076904296875,67.076904296875,21402,0.0,0.0
2023-04-12 00:00:00+03:00,67.0769063164206,67.0769063164206,65.1604232788086,65.1604232788086,23940,0.0,0.0
2023-04-13 00:00:00+03:00,65.49580898767886,65.49580898767886,64.96878051757812,64.96878051757812,8698,0.0,0.0
2023-04-14 00:00:00+03:00,65.1604259047415,65.1604259047415,64.96878051757812,64.96878051757812,20214,0.0,0.0
2023-04-17 00:00:00+03:00,65.1604306192288,65.1604306192288,64.1542739868164,64.1542739868164,12296,0.0,0.0
2023-04-18 00:00:00+03:00,64.2021874996371,64.2021874996371,62.95647048950195,62.95647048950195,13236,0.0,0.0
2023-04-19 00:00:00+03:00,62.141961828647794,63.48350143432617,62.141961828647794,63.48350143432617,12119,0.0,0.0
2023-04-20 00:00:00+03:00,63.243951293855154,63.291866302490234,63.243951293855154,63.291866302490234,8017,0.0,0.0
2023-04-24 00:00:00+03:00,63.24394084911059,63.24394084911059,63.19602584838867,63.19602584838867,14026,0.0,0.0
2023-04-25 00:00:00+03:00,63.148124548459236,63.148124548459236,61.85449981689453,61.85449981689453,11797,0.0,0.0
2023-04-26 00:00:00+03:00,61.85449917888679,61.85449917888679,58.692298924742595,59.267242431640625,14933,0.0,0.0
2023-04-27 00:00:00+03:00,59.31515743671685,59.31515743671685,58.06944041276833,59.267242431640625,14925,0.0,0.0
2023-04-28 00:00:00+03:00,59.31515616271124,59.31515616271124,56.39251637511567,58.93185806274414,12569,0.0,0.0
2023-05-02 00:00:00+03:00,59.89010064671728,59.89010064671728,55.57801340015364,57.25493621826172,16577,0.0,0.0
2023-05-03 00:00:00+03:00,57.836695278458016,57.836695278458016,55.267251408901494,55.41269302368164,9894,0.7,0.0
2023-05-04 00:00:00+03:00,55.41269401129119,56.721653772706205,55.41269401129119,56.527732849121094,7946,0.0,0.0
2023-05-05 00:00:00+03:00,56.5277334375006,59.58197784423828,56.5277334375006,59.58197784423828,33462,0.0,0.0
2023-05-08 00:00:00+03:00,65.01174388012205,65.01174388012205,63.99365996711266,64.42997741699219,24937,0.0,0.0
2023-05-09 00:00:00+03:00,64.42998007469174,65.15718078613281,64.42998007469174,65.15718078613281,53291,0.0,0.0
2023-05-10 00:00:00+03:00,67.8720665390891,71.60502871924537,67.8720665390891,71.45958709716797,84085,0.0,0.0
2023-05-11 00:00:00+03:00,69.52038577071048,69.52038577071048,68.84166805869656,69.08406829833984,32817,0.0,0.0
2023-05-12 00:00:00+03:00,69.0840701630864,74.65927582537057,69.0840701630864,70.8778305053711,20837,0.0,0.0
2023-05-15 00:00:00+03:00,63.79973918986302,74.65926580208898,63.79973918986302,73.64118194580078,18904,0.0,0.0
2023-05-16 00:00:00+03:00,73.20487450264596,73.20487450264596,71.75047302246094,71.75047302246094,13469,0.0,0.0
2023-05-17 00:00:00+03:00,73.88359322684,73.88359322684,73.30183410644531,73.30183410644531,17693,0.0,0.0
2023-05-18 00:00:00+03:00,75.6288674245517,75.6288674245517,69.76277923583984,69.76277923583984,16120,0.0,0.0
2023-05-22 00:00:00+03:00,70.78086743191389,70.78086743191389,69.66582489013672,69.66582489013672,12516,0.0,0.0
2023-05-23 00:00:00+03:00,65.54501168666175,67.87205505371094,65.54501168666175,67.87205505371094,18213,0.0,0.0
2023-05-24 00:00:00+03:00,68.06597225202049,72.52614178780932,67.87205505371094,67.87205505371094,14991,0.0,0.0
2023-05-25 00:00:00+03:00,69.32646522521972,71.75046750582182,63.0240592956543,63.0240592956543,24844,0.0,0.0
2023-05-26 00:00:00+03:00,65.73893628243823,67.87205505371094,65.73893628243823,67.87205505371094,16716,0.0,0.0
2023-05-29 00:00:00+03:00,72.62310791015625,72.62310791015625,72.62310791015625,72.62310791015625,17033,0.0,0.0
2023-05-30 00:00:00+03:00,72.6231031105348,79.84662628173828,72.6231031105348,79.84662628173828,52296,0.0,0.0
2023-05-31 00:00:00+03:00,81.44647002363116,81.44647002363116,79.6527099609375,79.6527099609375,20815,0.0,0.0
2023-06-01 00:00:00+03:00,79.84663279066957,82.41607666015625,79.84663279066957,82.41607666015625,23866,0.0,0.0
2023-06-02 00:00:00+03:00,82.22216653017333,82.22216653017333,78.0528793334961,78.0528793334961,12148,0.0,0.0
2023-06-05 00:00:00+03:00,78.6346371363259,81.44648142698945,78.6346371363259,80.62232208251953,12955,0.0,0.0
2023-06-06 00:00:00+03:00,80.62231175368647,80.62231175368647,76.6469497680664,76.6469497680664,16067,0.0,0.0
2023-06-07 00:00:00+03:00,74.1744694077825,80.47687530517578,74.1744694077825,80.47687530517578,29184,0.0,0.0
2023-06-08 00:00:00+03:00,81.44647669743367,81.44647669743367,78.10135650634766,78.10135650634766,18500,0.0,0.0
2023-06-09 00:00:00+03:00,78.10135289451864,78.10135289451864,77.56806945800781,77.56806945800781,14982,0.0,0.0
2023-06-12 00:00:00+03:00,76.59847670335037,76.59847670335037,75.62887573242188,75.62887573242188,25606,0.0,0.0
2023-06-13 00:00:00+03:00,75.62887288514244,75.62887288514244,73.59271240234375,73.59271240234375,8467,0.0,0.0
2023-06-14 00:00:00+03:00,72.57463572313289,72.57463572313289,70.5384750366211,70.5384750366211,13646,0.0,0.0
2023-06-15 00:00:00+03:00,69.81126561108948,69.81126561108948,69.32646515545692,69.42342376708984,25822,0.0,0.0
2023-06-16 00:00:00+03:00,69.4234257365006,70.78086853027344,69.4234257365006,70.78086853027344,9402,0.0,0.0
2023-06-19 00:00:00+03:00,69.81127240660193,69.81127240660193,69.1810302734375,69.1810302734375,11776,0.0,0.0
2023-06-20 00:00:00+03:00,67.8720624484174,67.8720624484174,66.95094455989026,66.99942016601562,11313,0.0,0.0
2023-06-21 00:00:00+03:00,65.9328646875875,66.02982330322266,65.9328646875875,66.02982330322266,10832,0.0,0.0
2023-06-22 00:00:00+03:00,65.59350700588786,68.84166877123411,65.59350700588786,68.45382690429688,8567,0.0,0.0
2023-06-23 00:00:00+03:00,68.84166683787207,71.7504696620075,68.84166683787207,71.65351104736328,15239,0.0,0.0
2023-06-26 00:00:00+03:00,71.26567022058347,73.20487213134766,71.26567022058347,73.20487213134766,16113,0.0,0.0
2023-06-27 00:00:00+03:00,72.72006918788252,74.65927103289272,72.72006918788252,73.78662872314453,3631,0.0,0.0
2023-07-03 00:00:00+03:00,73.68967031503652,74.65927124023438,73.68967031503652,74.65927124023438,33572,0.0,0.0
2023-07-04 00:00:00+03:00,74.65927124023438,74.65927124023438,74.65927124023438,74.65927124023438,16022,0.0,0.0
2023-07-05 00:00:00+03:00,75.58039432895941,75.58039432895941,75.24103546142578,75.24103546142578,18799,0.0,0.0
2023-07-06 00:00:00+03:00,75.2410347766037,75.53191803039557,75.2410347766037,75.4349594116211,22973,0.0,0.0
2023-07-07 00:00:00+03:00,75.24103119297244,75.43495581875345,75.24103119297244,75.3379898071289,25408,0.0,0.0
2023-07-10 00:00:00+03:00,75.33798844162285,76.59847259521484,75.33798844162285,76.59847259521484,19370,0.0,0.0
2023-07-11 00:00:00+03:00,76.69543584808613,80.42839813232422,76.69543584808613,80.42839813232422,36356,0.0,0.0
2023-07-12 00:00:00+03:00,82.41608131222608,82.41608131222608,79.50727844238281,79.50727844238281,20596,0.0,0.0
2023-07-13 00:00:00+03:00,79.5072726119717,79.55575561523438,79.5072726119717,79.55575561523438,16997,0.0,0.0
2023-07-14 00:00:00+03:00,79.99207485697312,80.04055786132812,79.99207485697312,80.04055786132812,14894,0.0,0.0
2023-07-17 00:00:00+03:00,83.3856843659091,88.0397720336914,83.3856843659091,88.0397720336914,59210,0.0,0.0
2023-07-18 00:00:00+03:00,88.23368441364566,88.23368441364566,84.64616394042969,84.64616394042969,28849,0.0,0.0
2023-07-19 00:00:00+03:00,84.5491934319012,87.26407884380667,84.30679321289062,84.30679321289062,31836,0.0,0.0
2023-07-20 00:00:00+03:00,84.30679501131331,87.26408070531384,84.30679501131331,84.35527801513672,19230,0.0,0.0
2023-07-21 00:00:00+03:00,84.59767733924507,84.59767733924507,84.5491943359375,84.5491943359375,23255,0.0,0.0
2023-07-24 00:00:00+03:00,83.67656439442058,83.67656439442058,83.38568115234375,83.38568115234375,36035,0.0,0.0
2023-07-25 00:00:00+03:00,83.1432761876356,83.1432761876356,81.30103302001953,81.30103302001953,13464,0.0,0.0
2023-07-26 00:00:00+03:00,79.5072786171083,80.37992095947266,79.5072786171083,80.37992095947266,26142,0.0,0.0
2023-07-27 00:00:00+03:00,81.44647979736328,81.97976327883329,81.44647979736328,81.44647979736328,18815,0.0,0.0
2023-07-28 00:00:00+03:00,80.96167932237897,81.44647979736328,80.96167932237897,81.44647979736328,26245,0.0,0.0
2023-07-31 00:00:00+03:00,81.59191624555228,81.59191624555228,81.30103302001953,81.30103302001953,13634,0.0,0.0
2023-08-01 00:00:00+03:00,80.47687577612606,80.47687577612606,78.53767395019531,78.53767395019531,25104,0.0,0.0
2023-08-02 00:00:00+03:00,77.56806945800781,77.56806945800781,77.56806945800781,77.56806945800781,42449,0.0,0.0
2023-08-03 00:00:00+03:00,77.56806608602423,77.6165490863149,77.37414887979607,77.47110748291016,33284,0.0,0.0
2023-08-04 00:00:00+03:00,77.61655953597199,79.50727844238281,77.61655953597199,79.50727844238281,22490,0.0,0.0
2023-08-07 00:00:00+03:00,79.50727789742606,81.44647979736328,79.50727789742606,81.44647979736328,30414,0.0,0.0
2023-08-08 00:00:00+03:00,81.44648215553977,81.44648215553977,79.99208068847656,79.99208068847656,25086,0.0,0.0
2023-08-09 00:00:00+03:00,76.25911328422026,78.53767395019531,76.25911328422026,78.53767395019531,35461,0.0,0.0
2023-08-10 00:00:00+03:00,78.53767494102577,78.53767494102577,74.65927124023438,74.65927124023438,27042,0.0,0.0
2023-08-11 00:00:00+03:00,74.65927463122354,74.65927463122354,73.98055691174521,74.31991577148438,35290,0.0,0.0
2023-08-14 00:00:00+03:00,74.41687032070713,75.725830078125,74.41687032070713,75.725830078125,33633,0.0,0.0
2023-08-15 00:00:00+03:00,77.56807351414162,77.56807351414162,76.59847259521484,76.59847259521484,26071,0.0,0.0
2023-08-16 00:00:00+03:00,77.08327124484472,77.08327124484472,76.54998779296875,76.54998779296875,13235,0.0,0.0
2023-08-17 00:00:00+03:00,76.59846681132139,77.51958465576172,76.59846681132139,77.51958465576172,34688,0.0,0.0
2023-08-18 00:00:00+03:00,77.71351354051872,77.85895515487384,76.98631286621094,76.98631286621094,21717,0.0,0.0
2023-08-21 00:00:00+03:00,75.62887167628807,76.59847259521484,75.62887167628807,76.59847259521484,40155,0.0,0.0
2023-08-22 00:00:00+03:00,76.59847259521484,76.59847259521484,76.59847259521484,76.59847259521484,53043,0.0,0.0
2023-08-23 00:00:00+03:00,78.53767347423101,84.16136169433594,78.53767347423101,84.16136169433594,91362,0.0,0.0
2023-08-24 00:00:00+03:00,84.16136578576855,85.32488397185197,83.19176483154297,83.19176483154297,48326,0.0,0.0
2023-08-25 00:00:00+03:00,83.38568098327129,87.50648498535156,83.38568098327129,87.50648498535156,43054,0.0,0.0
2023-08-28 00:00:00+03:00,89.59112982735653,96.23289489746094,89.59112982735653,96.23289489746094,52284,0.0,0.0
2023-08-29 00:00:00+03:00,96.96008825543154,101.71113405944122,96.96008825543154,101.22633361816406,49336,0.0,0.0
2023-08-31 00:00:00+03:00,100.3536947965622,100.3536947965622,91.14248609542847,93.0816879272461,48512,0.0,0.0
2023-09-01 00:00:00+03:00,93.08168719149629,102.38985443115234,93.08168719149629,102.38985443115234,37142,0.0,0.0
2023-09-04 00:00:00+03:00,106.65609941843773,112.57066345214844,106.65609941843773,112.57066345214844,69465,0.0,0.0
2023-09-05 00:00:00+03:00,120.23051664317668,123.33323669433594,120.23051664317668,123.33323669433594,101502,0.0,0.0
2023-09-06 00:00:00+03:00,122.94540079217711,122.94540079217711,119.16395568847656,119.16395568847656,48842,0.0,0.0
2023-09-07 00:00:00+03:00,114.89771001974476,114.89771001974476,114.60682678222656,114.60682678222656,39379,0.0,0.0
2023-09-08 00:00:00+03:00,114.60682802049115,114.60682802049115,111.50410797495782,111.60106658935547,24434,0.0,0.0
2023-09-11 00:00:00+03:00,111.60106967393516,111.60106967393516,109.08010864257812,109.08010864257812,36023,0.0,0.0
2023-09-12 00:00:00+03:00,109.08011134930828,109.08011134930828,103.35946403016196,103.94122314453125,28097,0.0,0.0
2023-09-13 00:00:00+03:00,103.4564218914765,103.4564218914765,96.96009826660156,96.96009826660156,45486,0.0,0.0
2023-09-14 00:00:00+03:00,96.96009561457022,96.96009561457022,96.23289489746094,96.23289489746094,32613,0.0,0.0
2023-09-15 00:00:00+03:00,96.23289456318334,96.23289456318334,94.0512924194336,94.0512924194336,37989,0.0,0.0
2023-09-18 00:00:00+03:00,96.96008934164946,102.77769470214844,96.96008934164946,102.77769470214844,63664,0.0,0.0
2023-09-19 00:00:00+03:00,97.25097216759848,104.7168960571289,97.25097216759848,104.7168960571289,30259,0.0,0.0
2023-09-20 00:00:00+03:00,110.43754893824958,115.09162902832031,110.43754893824958,115.09162902832031,45805,0.0,0.0
2023-09-21 00:00:00+03:00,118.29131091654543,121.20011364400146,118.29131091654543,119.74571228027344,45872,0.0,0.0
2023-09-22 00:00:00+03:00,119.74572292963664,119.74572292963664,110.04971297581992,116.35211944580078,37229,0.0,0.0
2023-09-25 00:00:00+03:00,116.35211233365334,116.35211233365334,114.41291046142578,114.41291046142578,32851,0.0,0.0
2023-09-26 00:00:00+03:00,121.20011586005532,121.97579956054688,121.20011586005532,121.97579956054688,39583,0.0,0.0
2023-09-27 00:00:00+03:00,125.17548321728103,128.95692084281794,125.17548321728103,128.85995483398438,37873,0.0,0.0
2023-09-28 00:00:00+03:00,128.95691286518448,130.99308056524026,128.95691286518448,130.7991485595703,27107,0.0,0.0
2023-09-29 00:00:00+03:00,130.7991513907005,134.77452087402344,130.7991513907005,134.77452087402344,33888,0.0,0.0
2023-10-02 00:00:00+03:00,140.1073321112271,140.59213256835938,140.1073321112271,140.59213256835938,31409,0.0,0.0
2023-10-03 00:00:00+03:00,140.5921427408854,140.5921427408854,126.53292846679688,126.53292846679688,42702,0.0,0.0
2023-10-04 00:00:00+03:00,126.53292095789774,126.53292095789774,118.48523030580287,121.97579956054688,35431,0.0,0.0
2023-10-05 00:00:00+03:00,124.88460121427764,134.09580993652344,124.88460121427764,134.09580993652344,32736,0.0,0.0
2023-10-06 00:00:00+03:00,134.09580597043401,140.4951629638672,134.09580597043401,140.4951629638672,30083,0.0,0.0
2023-10-09 00:00:00+03:00,138.55597475562885,138.55597475562885,126.53292846679688,126.53292846679688,29733,0.0,0.0
2023-10-10 00:00:00+03:00,126.53292347008073,137.68333435058594,126.53292347008073,137.68333435058594,26340,0.0,0.0
2023-10-11 00:00:00+03:00,135.74413470367887,135.74413470367887,128.95692796849494,129.92652893066406,29750,0.0,0.0
2023-10-12 00:00:00+03:00,130.12043400142088,134.77452114379062,129.1508331298828,129.1508331298828,26226,0.0,0.0
2023-10-13 00:00:00+03:00,127.01772194912661,127.01772194912661,120.0365982055664,120.0365982055664,26117,0.0,0.0
2023-10-16 00:00:00+03:00,115.47946729424294,115.47946729424294,110.72842133959143,114.12202453613281,34049,0.0,0.0
2023-10-17 00:00:00+03:00,110.63147106143612,121.20012329199146,110.63147106143612,121.10316467285156,29134,0.0,0.0
2023-10-18 00:00:00+03:00,119.06699323967666,119.06699323967666,112.76458740234375,112.76458740234375,36207,0.0,0.0
2023-10-19 00:00:00+03:00,112.7645941203632,117.41867426979803,112.7645941203632,112.95851135253906,24298,0.0,0.0
2023-10-20 00:00:00+03:00,112.95851067134312,112.95851067134312,108.59530639648438,108.59530639648438,25628,0.0,0.0
2023-10-23 00:00:00+03:00,119.454833984375,119.454833984375,119.454833984375,119.454833984375,15197,0.0,0.0
2023-10-24 00:00:00+03:00,131.3809356689453,131.3809356689453,131.3809356689453,131.3809356689453,23920,0.0,0.0
2023-10-25 00:00:00+03:00,144.47054831186932,144.47054831186932,139.62254333496094,139.62254333496094,103473,0.0,0.0
2023-10-26 00:00:00+03:00,135.74412705177258,153.58477783203125,135.74412705177258,153.58477783203125,84477,0.0,0.0
2023-10-27 00:00:00+03:00,168.5166473388672,168.5166473388672,168.5166473388672,168.5166473388672,90966,0.0,0.0
2023-10-30 00:00:00+03:00,185.2907466125876,185.2907466125876,179.3761749267578,179.3761749267578,72866,0.0,0.0
2023-10-31 00:00:00+03:00,177.43696800438136,177.43696800438136,161.4385528564453,161.4385528564453,52571,0.0,0.0
2023-11-01 00:00:00+03:00,154.069580078125,154.069580078125,154.069580078125,154.069580078125,47632,0.0,0.0
2023-11-02 00:00:00+03:00,154.06957044929695,169.38926696777344,154.06957044929695,169.38926696777344,42365,0.0,0.0
2023-11-03 00:00:00+03:00,182.86672973632812,182.86672973632812,182.86672973632812,182.86672973632812,50506,0.0,0.0
2023-11-06 00:00:00+03:00,200.61042967500936,200.61042967500936,200.22259521484375,200.22259521484375,69146,0.0,0.0
2023-11-07 00:00:00+03:00,200.22259520573593,200.22259520573593,180.24880981445312,180.24880981445312,50664,0.0,0.0
2023-11-08 00:00:00+03:00,174.43121086364147,193.92019653320312,174.43121086364147,193.92019653320312,93172,0.0,0.0
2023-11-09 00:00:00+03:00,193.92018374794708,193.92018374794708,180.53968811035156,180.53968811035156,75202,0.0,0.0
2023-11-10 00:00:00+03:00,175.40081328875925,176.56434631347656,175.01297881047816,176.56434631347656,65375,0.0,0.0
2023-11-13 00:00:00+03:00,176.27345288846536,176.27345288846536,158.91758728027344,158.91758728027344,64620,0.0,0.0
2023-11-14 00:00:00+03:00,151.35469931675436,151.35469931675436,145.44012818588763,147.28236389160156,111778,0.0,0.0
2023-11-15 00:00:00+03:00,152.13036677438464,155.03916931152344,152.13036677438464,155.03916931152344,66071,0.0,0.0
2023-11-16 00:00:00+03:00,155.03919291979142,155.03919291979142,152.22735595703125,152.22735595703125,58598,0.0,0.0
2023-11-17 00:00:00+03:00,152.1303679564106,152.1303679564106,152.03341674804688,152.03341674804688,40396,0.0,0.0
2023-11-20 00:00:00+03:00,147.3793452180774,147.3793452180774,146.4097442626953,146.4097442626953,51332,0.0,0.0
2023-11-21 00:00:00+03:00,143.50094937200646,143.50094937200646,141.85263061523438,141.85263061523438,38210,0.0,0.0
2023-11-22 00:00:00+03:00,141.85260970403652,146.89453125,141.85260970403652,146.89453125,36892,0.0,0.0
2023-11-23 00:00:00+03:00,146.89454113512858,147.18542437359127,146.31277465820312,146.31277465820312,33732,0.0,0.0
2023-11-24 00:00:00+03:00,145.5370994249748,145.5370994249748,140.4951629638672,140.4951629638672,42703,0.0,0.0
2023-11-27 00:00:00+03:00,144.37356218391426,144.37356218391426,136.03500366210938,136.03500366210938,27214,0.0,0.0
2023-11-28 00:00:00+03:00,133.80492588923528,133.80492588923528,126.0481185913086,126.0481185913086,72856,0.0,0.0
2023-11-29 00:00:00+03:00,114.89771248204893,120.32747631816267,114.89771248204893,119.454833984375,106783,0.0,0.0
2023-11-30 00:00:00+03:00,117.2247543334961,117.2247543334961,116.35211201389824,117.2247543334961,46274,0.0,0.0
2023-12-01 00:00:00+03:00,116.54602410924929,117.515625,116.54602410924929,117.515625,45473,0.0,0.0
2023-12-04 00:00:00+03:00,117.1277960415316,117.1277960415316,114.41291046142578,114.41291046142578,40483,0.0,0.0
2023-12-05 00:00:00+03:00,114.41291314008716,114.70379638671875,114.41291314008716,114.70379638671875,49976,0.0,0.0
2023-12-06 00:00:00+03:00,113.44330575770674,113.44330575770674,108.01354217529297,108.01354217529297,36450,0.0,0.0
2023-12-07 00:00:00+03:00,105.68649964626717,105.88041687011719,100.54761184209454,105.88041687011719,60853,0.0,0.0
2023-12-08 00:00:00+03:00,107.14089965820312,116.35210822610293,107.14089965820312,115.38250732421875,52657,0.0,0.0
2023-12-11 00:00:00+03:00,116.35211102374188,116.35211102374188,111.98890686035156,111.98890686035156,61853,0.0,0.0
2023-12-12 00:00:00+03:00,106.85002459971255,111.50411224365234,106.85002459971255,111.50411224365234,31134,0.0,0.0
2023-12-13 00:00:00+03:00,109.3709952749105,109.3709952749105,101.90506316947364,102.00202178955078,28402,0.0,0.0
2023-12-14 00:00:00+03:00,102.87465639465752,105.6865005493164,100.93545454971593,105.6865005493164,25512,0.0,0.0
2023-12-15 00:00:00+03:00,107.62569920480588,107.62569920480588,106.4621810913086,106.4621810913086,23159,0.0,0.0
2023-12-18 00:00:00+03:00,104.71689672490581,104.71689672490581,99.96585085696745,103.65033721923828,31711,0.0,0.0
2023-12-19 00:00:00+03:00,101.80809583344471,101.80809583344471,100.45065307617188,100.45065307617188,20926,0.0,0.0
2023-12-20 00:00:00+03:00,100.45065055386661,100.45065055386661,96.47528839111328,96.47528839111328,19398,0.0,0.0
2023-12-21 00:00:00+03:00,95.99048753559883,98.41448974609375,95.99048753559883,98.41448974609375,37237,0.0,0.0
2023-12-22 00:00:00+03:00,98.80233431478834,98.80233431478834,95.02088928222656,95.02088928222656,14958,0.0,0.0
2023-12-25 00:00:00+03:00,95.02089266390415,95.02089266390415,89.49417023325616,89.6880874633789,27764,0.0,0.0
2023-12-26 00:00:00+03:00,89.68808205573114,89.68808205573114,88.23368072509766,88.23368072509766,28916,0.0,0.0
2023-12-27 00:00:00+03:00,86.29448344490744,86.29448344490744,85.32488250732422,85.32488250732422,30848,0.0,0.0
2023-12-28 00:00:00+03:00,85.32488571862433,91.04553294516214,85.32488571862433,90.41529083251953,18735,0.0,0.0
2023-12-29 00:00:00+03:00,87.26408659677784,93.85737609863281,87.26408659677784,93.85737609863281,19289,0.0,0.0
2024-01-02 00:00:00+03:00,93.8573736355649,99.868896484375,93.8573736355649,99.868896484375,23193,0.0,0.0
2024-01-03 00:00:00+03:00,99.86889832557782,99.86889832557782,94.92393493652344,94.92393493652344,22918,0.0,0.0
2024-01-04 00:00:00+03:00,94.92393581866334,95.16633605957031,94.92393581866334,95.16633605957031,14789,0.0,0.0
2024-01-05 00:00:00+03:00,96.96009826660156,96.96009826660156,96.96009826660156,96.96009826660156,32732,0.0,0.0
2024-01-08 00:00:00+03:00,95.99049536823783,95.99049536823783,95.60265350341797,95.60265350341797,27762,0.0,0.0
2024-01-09 00:00:00+03:00,95.21480490567679,95.21480490567679,90.65768365932865,91.7242431640625,28606,0.0,0.0
2024-01-10 00:00:00+03:00,92.54841620235729,92.64538222422064,92.11209869384766,92.11209869384766,24119,0.0,0.0
2024-01-11 00:00:00+03:00,90.94856484262894,91.72424110251633,90.3667984008789,90.3667984008789,28835,0.0,0.0
2024-01-12 00:00:00+03:00,90.36680043191589,91.7242431640625,87.26408052769604,91.7242431640625,22870,0.0,0.0
2024-01-15 00:00:00+03:00,91.62728340395036,91.62728340395036,90.17288208007812,90.17288208007812,38670,0.0,0.0
2024-01-16 00:00:00+03:00,90.17288846118421,90.17288846118421,87.74888608319539,88.1852035522461,19210,0.0,0.0
2024-01-17 00:00:00+03:00,88.1852035522461,88.1852035522461,88.1852035522461,88.1852035522461,32823,0.0,0.0
2024-01-18 00:00:00+03:00,88.18519731179902,90.17288208007812,88.18519731179902,90.17288208007812,21575,0.0,0.0
2024-01-19 00:00:00+03:00,90.26984426388863,91.14248657226562,90.26984426388863,91.14248657226562,15722,0.0,0.0
2024-01-22 00:00:00+03:00,91.14248338636462,91.14248338636462,88.23368072509766,88.23368072509766,30979,0.0,0.0
2024-01-23 00:00:00+03:00,88.23369088242639,90.17289287984235,87.65193176269531,87.65193176269531,38687,0.0,0.0
2024-01-24 00:00:00+03:00,89.10633163329655,89.10633163329655,87.3125712979422,88.0397720336914,32521,0.0,0.0
2024-01-25 00:00:00+03:00,87.84584474953526,87.84584474953526,87.26408565797573,87.31256866455078,38274,0.0,0.0
2024-01-26 00:00:00+03:00,88.42759753244438,90.17288208007812,88.42759753244438,90.17288208007812,49087,0.0,0.0
2024-01-29 00:00:00+03:00,93.08169146665593,94.0512924194336,93.08169146665593,94.0512924194336,64329,0.0,0.0
2024-01-30 00:00:00+03:00,95.02089408903643,95.02089408903643,91.72424934522927,93.42105102539062,39754,0.0,0.0
2024-01-31 00:00:00+03:00,93.03321240486451,93.08169541354648,92.20905303955078,92.20905303955078,59919,0.0,0.0
2024-02-01 00:00:00+03:00,92.11209335327148,96.96009826660156,92.11209335327148,96.96009826660156,41614,0.0,0.0
2024-02-02 00:00:00+03:00,101.71114165089146,106.6561050415039,101.71114165089146,106.6561050415039,66077,0.0,0.0
2024-02-05 00:00:00+03:00,109.08010752927592,113.15242858471493,109.08010752927592,112.95851135253906,76402,0.0,0.0
2024-02-06 00:00:00+03:00,111.50410981611772,111.50410981611772,106.55914642550528,106.6561050415039,59168,0.0,0.0
2024-02-07 00:00:00+03:00,106.65609783596463,106.65609783596463,104.7168960571289,104.7168960571289,44137,0.0,0.0
2024-02-08 00:00:00+03:00,103.26249694824219,103.26249694824219,100.25673560576816,103.26249694824219,51934,0.0,0.0
2024-02-09 00:00:00+03:00,104.91081734780857,104.91081734780857,103.16554011759962,103.74729919433594,65794,0.0,0.0
2024-02-12 00:00:00+03:00,103.65033655826281,104.7168960571289,103.65033655826281,104.7168960571289,69293,0.0,0.0
2024-02-13 00:00:00+03:00,110.53450516167038,110.53450516167038,105.6865005493164,105.6865005493164,54836,0.0,0.0
2024-02-14 00:00:00+03:00,108.59530857664384,108.59530857664384,106.26826477050781,106.26826477050781,51625,0.0,0.0
2024-02-15 00:00:00+03:00,106.55914550827994,116.8369140625,106.55914550827994,116.8369140625,71683,0.0,0.0
2024-02-16 00:00:00+03:00,118.19435414693184,118.19435414693184,115.18859276121577,116.54602813720703,65311,0.0,0.0
2024-02-19 00:00:00+03:00,116.54603605948724,118.29132080078125,116.54603605948724,118.29132080078125,59288,0.0,0.0
2024-02-20 00:00:00+03:00,118.29131744245424,118.29131744245424,118.1943588256836,118.1943588256836,55743,0.0,0.0
2024-02-21 00:00:00+03:00,118.7761154204028,118.7761154204028,110.63146602636726,113.34635162353516,38303,0.0,0.0
2024-02-22 00:00:00+03:00,114.5098681688765,114.60682678222656,113.9281090913081,114.60682678222656,54499,0.0,0.0
2024-02-23 00:00:00+03:00,116.54602978036861,120.71531677246094,116.54602978036861,120.71531677246094,56424,0.0,0.0
2024-02-26 00:00:00+03:00,132.64140633072267,132.7383575439453,132.64140633072267,132.7383575439453,65721,0.0,0.0
2024-02-27 00:00:00+03:00,135.74412771371695,135.74412771371695,122.94539863112507,126.0481185913086,72151,0.0,0.0
2024-02-28 00:00:00+03:00,121.10315368919801,127.30860091842823,121.10315368919801,126.43595123291016,46461,0.0,0.0
2024-02-29 00:00:00+03:00,123.23625848231605,135.74411010742188,123.23625848231605,135.74411010742188,42349,0.0,0.0
2024-03-01 00:00:00+03:00,140.6890959043451,144.08269903978476,140.6890959043451,143.98573303222656,70600,0.0,0.0
2024-03-04 00:00:00+03:00,142.53134022588316,142.53134022588316,129.63564457979217,133.804931640625,49913,0.0,0.0
2024-03-05 00:00:00+03:00,147.18543435309755,147.18543435309755,141.36782836914062,141.36782836914062,50574,0.0,0.0
2024-03-06 00:00:00+03:00,141.36783266956016,141.36783266956016,132.3505401611328,132.3505401611328,38450,0.0,0.0
2024-03-07 00:00:00+03:00,129.5386885604766,134.96844482421875,129.5386885604766,134.96844482421875,35088,0.0,0.0
2024-03-08 00:00:00+03:00,143.2100571667948,143.2100571667948,139.42861938476562,139.42861938476562,31031,0.0,0.0
2024-03-11 00:00:00+03:00,140.59213899311268,140.59213899311268,138.1681365966797,138.1681365966797,35549,0.0,0.0
2024-03-12 00:00:00+03:00,137.58636938893144,137.58636938893144,134.6775665283203,134.6775665283203,26552,0.0,0.0
2024-03-13 00:00:00+03:00,129.05389404296875,129.05389404296875,128.95692802873194,129.05389404296875,42545,0.0,0.0
2024-03-14 00:00:00+03:00,128.95693007042908,128.95693007042908,125.66029266329508,125.85420989990234,31003,0.0,0.0
2024-03-15 00:00:00+03:00,126.92075349435103,126.92075349435103,125.9511525821102,126.0481185913086,27360,0.0,0.0
2024-03-18 00:00:00+03:00,125.07851540170066,125.07851540170066,117.51562546493629,119.26091003417969,37283,0.0,0.0
2024-03-19 00:00:00+03:00,119.26091523713146,124.3998031616211,119.26091523713146,124.3998031616211,32339,0.0,0.0
2024-03-20 00:00:00+03:00,128.47213745117188,128.47213745117188,128.47213745117188,128.47213745117188,35787,0.0,0.0
2024-03-21 00:00:00+03:00,135.74412767569075,135.74412767569075,129.73260498046875,129.73260498046875,41407,0.0,0.0
2024-03-22 00:00:00+03:00,130.89611959066997,130.89611959066997,122.26667022705078,122.26667022705078,42235,0.0,0.0
2024-03-25 00:00:00+03:00,122.26667005460855,125.0785140991211,122.26667005460855,125.0785140991211,110013,0.0,0.0
2024-03-26 00:00:00+03:00,125.17548416180216,125.17548416180216,124.10891723632812,124.10891723632812,116068,0.0,0.0
2024-03-27 00:00:00+03:00,128.47212628266658,128.47212628266658,126.145089913257,127.50252532958984,54859,0.0,0.0
2024-03-28 00:00:00+03:00,126.43595169092386,126.43595169092386,119.0669937133789,119.0669937133789,23257,0.0,0.0
2024-03-29 00:00:00+03:00,123.13931911728946,123.13931911728946,116.35211255176958,120.71531677246094,30827,0.0,0.0
2024-04-01 00:00:00+03:00,124.01195683048161,124.01195683048161,113.44330552045037,115.38250732421875,26128,0.0,0.0
2024-04-02 00:00:00+03:00,121.58795889981752,121.58795889981752,116.35211236394632,119.8426742553711,22555,0.0,0.0
2024-04-03 00:00:00+03:00,119.6487553461435,119.6487553461435,114.80075073242188,114.80075073242188,22054,0.0,0.0
2024-04-04 00:00:00+03:00,116.83690867704503,116.93386728773989,115.38250732421875,115.38250732421875,14805,0.0,0.0
2024-04-05 00:00:00+03:00,112.47371485975921,118.29132080078125,112.47371485975921,118.29132080078125,25864,0.0,0.0
2024-04-08 00:00:00+03:00,118.29130790769592,125.0785140991211,118.29130790769592,125.0785140991211,24530,0.0,0.0
2024-04-15 00:00:00+03:00,122.2666695626479,123.23627044323587,122.2666695626479,122.4605941772461,26736,0.0,0.0
2024-04-16 00:00:00+03:00,122.46060175980452,122.46060175980452,117.51563104464739,117.90347290039062,27916,0.0,0.0
2024-04-17 00:00:00+03:00,117.80651092529297,117.80651092529297,117.61259370168705,117.80651092529297,28254,0.0,0.0
2024-04-18 00:00:00+03:00,118.29131326927309,118.29131326927309,112.86154954952137,114.60682678222656,20094,0.0,0.0
2024-04-19 00:00:00+03:00,113.92810597139245,115.38250732421875,113.8311473606976,115.38250732421875,32802,0.0,0.0
2024-04-22 00:00:00+03:00,115.5764225641402,117.70954895019531,115.5764225641402,117.70954895019531,40557,0.0,0.0
2024-04-24 00:00:00+03:00,117.70956168617273,119.26092179095158,117.70956168617273,118.29132080078125,32100,0.0,0.0
2024-04-25 00:00:00+03:00,118.29131475613387,118.7761152264459,117.90347290039062,117.90347290039062,26865,0.0,0.0
2024-04-26 00:00:00+03:00,127.40554729876361,129.53868103027344,127.40554729876361,129.53868103027344,95049,0.0,0.0
2024-04-29 00:00:00+03:00,129.15083362955463,130.8961181640625,129.15083362955463,130.8961181640625,68661,0.0,0.0
2024-04-30 00:00:00+03:00,133.8049373626709,143.50094731648764,133.8049373626709,139.62254333496094,59742,0.0,0.0
2024-05-02 00:00:00+03:00,139.62254062500287,145.63406372070312,139.62254062500287,145.63406372070312,60535,0.0,0.0
2024-05-03 00:00:00+03:00,150.1911855807528,159.98416137695312,150.1911855807528,159.98416137695312,80098,0.0,0.0
2024-05-06 00:00:00+03:00,159.98416137695312,159.98416137695312,159.98416137695312,159.98416137695312,67082,0.0,0.0
2024-05-07 00:00:00+03:00,159.98415497306183,159.98415497306183,146.40974182383235,151.5486297607422,59953,0.0,0.0
2024-05-08 00:00:00+03:00,151.06382529459384,151.06382529459384,143.50093520969057,148.833740234375,59257,0.0,0.0
2024-05-09 00:00:00+03:00,147.18542524180017,159.7902374267578,147.18542524180017,159.7902374267578,55326,0.0,0.0
2024-05-10 00:00:00+03:00,161.92336466483943,161.92336466483943,155.23312377929688,155.23312377929688,40351,0.0,0.0
2024-05-13 00:00:00+03:00,150.67598734315345,150.67598734315345,144.3735809326172,144.3735809326172,49207,0.0,0.0
2024-05-14 00:00:00+03:00,145.4401480185019,145.4401480185019,143.50094604492188,143.50094604492188,25413,0.0,0.0
2024-05-15 00:00:00+03:00,145.73102163592614,149.12462486526272,145.73102163592614,146.70062255859375,31016,0.0,0.0
2024-05-16 00:00:00+03:00,144.4705470317119,144.4705470317119,143.50094604492188,143.50094604492188,35861,0.0,0.0
2024-05-17 00:00:00+03:00,143.79180605957285,145.44012451171875,143.79180605957285,145.44012451171875,30703,0.0,0.0
2024-05-20 00:00:00+03:00,145.14925757501186,145.14925757501186,141.56173706054688,141.56173706054688,30931,0.0,0.0
2024-05-21 00:00:00+03:00,141.4647596029494,141.4647596029494,135.2593200148651,136.03500366210938,46153,0.0,0.0
2024-05-22 00:00:00+03:00,135.2593231201172,135.2593231201172,135.2593231201172,135.2593231201172,26518,0.0,0.0
2024-05-23 00:00:00+03:00,135.74412799703663,140.59213256835938,135.74412799703663,140.59213256835938,27665,0.0,0.0
2024-05-24 00:00:00+03:00,140.5921371889786,140.5921371889786,136.2289329313896,137.68333435058594,23306,0.0,0.0
2024-05-27 00:00:00+03:00,135.7441186264951,135.7441186264951,135.55020141601562,135.55020141601562,36508,0.0,0.0
2024-05-28 00:00:00+03:00,134.7745319545035,134.7745319545035,127.40555882175035,128.569091796875,24483,0.0,0.0
2024-05-29 00:00:00+03:00,128.85995483398438,129.24780407438286,128.85995483398438,128.85995483398438,38697,0.0,0.0
2024-05-30 00:00:00+03:00,127.01771950354943,127.01771950354943,126.0481185913086,126.0481185913086,17862,0.0,0.0
2024-05-31 00:00:00+03:00,126.04812405940311,133.41709723008125,126.04812405940311,132.9322967529297,26880,0.0,0.0
2024-06-03 00:00:00+03:00,145.24621991581637,145.24621991581637,140.59213256835938,140.59213256835938,27811,0.0,0.0
2024-06-04 00:00:00+03:00,138.65293641021287,138.65293641021287,133.804931640625,133.804931640625,19365,0.0,0.0
2024-06-05 00:00:00+03:00,130.99308366276625,130.99308366276625,129.1508331298828,129.1508331298828,20661,0.0,0.0
2024-06-06 00:00:00+03:00,125.85420751148521,128.18124389648438,125.85420751148521,128.18124389648438,136827,0.0,0.0
2024-06-07 00:00:00+03:00,130.70220908159357,130.70220908159357,128.95692443847656,128.95692443847656,27592,0.0,0.0
2024-06-10 00:00:00+03:00,128.9569287937046,128.9569287937046,124.30284118652344,124.30284118652344,11591,0.0,0.0
2024-06-11 00:00:00+03:00,133.70795797707473,133.70795797707473,124.69068145751953,124.69068145751953,21999,0.0,0.0
2024-06-12 00:00:00+03:00,124.59372087619519,124.59372087619519,123.33323669433594,123.33323669433594,15590,0.0,0.0
2024-06-13 00:00:00+03:00,127.89034705692801,134.58060184387247,127.89034705692801,134.2897186279297,31612,0.0,0.0
2024-06-14 00:00:00+03:00,134.2897089276995,135.74411010742188,134.2897089276995,135.74411010742188,23312,0.0,0.0
2024-06-20 00:00:00+03:00,135.64717277092998,136.13197326660156,130.89613383132343,136.13197326660156,23358,0.0,0.0
2024-06-21 00:00:00+03:00,136.13195186130736,136.13195186130736,130.31434682800474,131.18699645996094,16521,0.0,0.0
2024-06-24 00:00:00+03:00,130.89612221657472,130.89612221657472,124.30283310149346,126.24203491210938,37635,0.0,0.0
2024-06-25 00:00:00+03:00,126.04812179534218,126.04812179534218,122.1697180477932,124.3998031616211,21223,0.0,0.0
2024-06-26 00:00:00+03:00,124.39980456469247,124.39980456469247,123.13932037353516,123.13932037353516,19070,0.0,0.0
2024-06-27 00:00:00+03:00,120.61835849893862,123.33323669433594,120.61835849893862,123.33323669433594,16774,0.0,0.0
2024-06-28 00:00:00+03:00,124.59371999506895,124.59371999506895,122.6545181274414,122.6545181274414,13516,0.0,0.0
2024-07-01 00:00:00+03:00,122.26667643290867,122.26667643290867,113.44330940325985,118.09739685058594,28581,0.0,0.0
2024-07-02 00:00:00+03:00,115.38251737397587,124.01196763185936,115.38251737397587,121.10316467285156,24677,0.0,0.0
2024-07-03 00:00:00+03:00,120.13355876035462,120.13355876035462,116.8369140625,116.8369140625,13147,0.0,0.0
2024-07-04 00:00:00+03:00,118.29131024810779,120.81227111816406,116.83690889259826,120.81227111816406,13019,0.0,0.0
2024-07-05 00:00:00+03:00,120.71531318942546,120.71531318942546,119.74571228027344,119.74571228027344,13794,0.0,0.0
2024-07-08 00:00:00+03:00,119.74571000771375,119.74571000771375,117.515625,117.515625,17086,0.0,0.0
2024-07-09 00:00:00+03:00,116.73994915669489,116.73994915669489,115.57642364501953,115.57642364501953,27200,0.0,0.0
2024-07-10 00:00:00+03:00,116.25515175071251,122.16971588134766,116.25515175071251,122.16971588134766,42842,0.0,0.0
2024-07-11 00:00:00+03:00,123.1393193252214,127.0177230834961,123.1393193252214,127.0177230834961,23280,0.0,0.0
2024-07-12 00:00:00+03:00,127.01772260331332,128.08428955078125,126.04812166741016,128.08428955078125,18251,0.0,0.0
2024-07-16 00:00:00+03:00,129.06128611522087,129.06128611522087,121.1476058959961,121.1476058959961,27217,1.0,0.0
2024-07-17 00:00:00+03:00,122.12460271773799,122.12460271773799,121.1476058959961,121.1476058959961,27566,0.0,0.0
2024-07-18 00:00:00+03:00,121.14760916567761,121.14760916567761,119.7798120875443,120.07291412353516,29861,0.0,0.0
2024-07-19 00:00:00+03:00,120.07291283493663,120.07291283493663,117.92351531982422,117.92351531982422,22417,0.0,0.0
2024-07-22 00:00:00+03:00,117.92351556924285,118.31431579589844,117.92351556924285,118.31431579589844,25927,0.0,0.0
2024-07-23 00:00:00+03:00,118.31431195955369,118.31431195955369,118.21661376953125,118.21661376953125,27286,0.0,0.0
2024-07-24 00:00:00+03:00,118.21661025310249,118.70510864257812,118.21661025310249,118.70510864257812,23653,0.0,0.0
2024-07-25 00:00:00+03:00,118.70511212999175,118.70511212999175,118.0212173461914,118.0212173461914,15466,0.0,0.0
2024-07-26 00:00:00+03:00,118.02122553524737,119.3890151977539,118.02122553524737,119.3890151977539,15170,0.0,0.0
2024-07-29 00:00:00+03:00,119.38901390523964,119.38901390523964,116.84882354736328,116.84882354736328,23633,0.0,0.0
2024-07-30 00:00:00+03:00,116.75112531970454,116.75112531970454,116.65342712402344,116.65342712402344,29535,0.0,0.0
2024-07-31 00:00:00+03:00,116.36032429213103,116.36032429213103,114.40633057621315,115.0902328491211,18941,0.0,0.0
2024-08-01 00:00:00+03:00,115.09023172270827,120.268310546875,115.09023172270827,120.268310546875,30997,0.0,0.0
2024-08-02 00:00:00+03:00,120.26831175871213,120.26831175871213,114.30863241421974,115.28562927246094,36103,0.0,0.0
2024-08-05 00:00:00+03:00,108.54434413887793,108.54434413887793,104.53865870723018,105.51565551757812,30314,0.0,0.0
2024-08-06 00:00:00+03:00,112.25694152536099,112.25694152536099,99.16518201488321,110.1075439453125,34096,0.0,0.0
2024-08-07 00:00:00+03:00,107.46965188895707,110.40064239501953,107.46965188895707,110.40064239501953,20650,0.0,0.0
2024-08-08 00:00:00+03:00,110.40064133570394,110.40064133570394,108.64204406738281,108.64204406738281,20714,0.0,0.0
2024-08-09 00:00:00+03:00,109.03283866400457,111.7684326171875,109.03283866400457,111.7684326171875,18329,0.0,0.0
2024-08-12 00:00:00+03:00,111.76843781240255,111.76843781240255,107.66504669189453,107.66504669189453,18078,0.0,0.0
2024-08-13 00:00:00+03:00,107.66504968025009,107.66504968025009,105.61335778999634,106.00415802001953,26537,0.0,0.0
2024-08-14 00:00:00+03:00,106.10185153941704,106.10185153941704,104.53865814208984,104.53865814208984,12653,0.0,0.0
2024-08-15 00:00:00+03:00,104.53865870723018,105.51565551757812,104.53865870723018,105.51565551757812,24407,0.0,0.0
2024-08-16 00:00:00+03:00,105.61335481859173,109.032843690773,105.61335481859173,107.46965026855469,20134,0.0,0.0
2024-08-19 00:00:00+03:00,109.42364883520426,116.65342712402344,109.42364883520426,116.65342712402344,30076,0.0,0.0
2024-08-20 00:00:00+03:00,118.21661538814367,118.21661538814367,113.33163128119558,114.40632629394531,15810,0.0,0.0
2024-08-21 00:00:00+03:00,114.40632942299335,114.40632942299335,102.97546928165501,106.00415802001953,20526,0.0,0.0
2024-08-22 00:00:00+03:00,106.4926528930664,106.59035108384084,106.4926528930664,106.4926528930664,18196,0.0,0.0
2024-08-23 00:00:00+03:00,106.59035540590557,107.37195587158203,106.59035540590557,107.37195587158203,19545,0.0,0.0
2024-08-26 00:00:00+03:00,102.97546795188174,107.46965190437682,102.97546795188174,103.4639663696289,23254,0.0,0.0
2024-08-27 00:00:00+03:00,103.4639658859007,107.2742550172931,93.15664633806786,95.94108581542969,55010,0.0,0.0
2024-08-28 00:00:00+03:00,99.4582840281073,102.58467102050781,99.4582840281073,102.58467102050781,22707,0.0,0.0
2024-08-29 00:00:00+03:00,103.07316671381315,104.63636016845703,103.07316671381315,104.63636016845703,21481,0.0,0.0
2024-09-02 00:00:00+03:00,105.71105355074366,108.44664764404297,105.71105355074366,108.44664764404297,24809,0.0,0.0
2024-09-03 00:00:00+03:00,112.35463378626272,112.35463378626272,106.4926528930664,106.4926528930664,11102,0.0,0.0
2024-09-04 00:00:00+03:00,103.95246453413638,103.95246453413638,102.19386725297299,103.07316589355469,26659,0.0,0.0
2024-09-05 00:00:00+03:00,105.3202624294161,105.3202624294161,101.21687122534475,104.63636016845703,20559,0.0,0.0
2024-09-06 00:00:00+03:00,104.44096324320695,104.44096324320695,103.65936279296875,103.65936279296875,7645,0.0,0.0
2024-09-09 00:00:00+03:00,101.70536447278266,102.58466307563836,101.70536447278266,101.99846649169922,9382,0.0,0.0
2024-09-10 00:00:00+03:00,99.75137627222645,99.75137627222645,97.9927864255287,98.09048461914062,26482,0.0,0.0
2024-09-11 00:00:00+03:00,97.65082835184704,99.65367479747152,97.65082835184704,99.16517639160156,16281,0.0,0.0
2024-09-12 00:00:00+03:00,97.60197952350798,100.14216965320064,97.60197952350798,99.65367126464844,13977,0.0,0.0
2024-09-13 00:00:00+03:00,99.65367243840144,102.97546301046029,99.65367243840144,101.607666015625,10950,0.0,0.0
2024-09-16 00:00:00+03:00,102.97547149658203,102.97547149658203,102.78006765042024,102.97547149658203,26546,0.0,0.0
2024-09-17 00:00:00+03:00,102.97546213560904,106.4926490539516,102.97546213560904,106.39495086669922,19186,0.0,0.0
2024-09-18 00:00:00+03:00,116.26262314270129,116.94651794433594,116.26262314270129,116.94651794433594,58278,0.0,0.0
2024-09-19 00:00:00+03:00,116.94651921938548,119.1936149416464,116.94651921938548,119.09591674804688,53433,0.0,0.0
2024-09-20 00:00:00+03:00,119.09591238752147,119.19361057754391,118.21661376953125,118.21661376953125,24619,0.0,0.0
2024-09-23 00:00:00+03:00,118.21661449614025,118.21661449614025,111.76843701440234,112.84313201904297,24528,0.0,0.0
2024-09-24 00:00:00+03:00,115.28562518180685,115.28562518180685,114.79712677001953,114.79712677001953,22655,0.0,0.0
2024-09-25 00:00:00+03:00,114.79712758745465,114.79712758745465,107.95814977373395,109.42364501953125,31262,0.0,0.0
2024-09-26 00:00:00+03:00,109.22824426737772,109.22824426737772,108.54434204101562,108.54434204101562,20730,0.0,0.0
2024-09-27 00:00:00+03:00,108.5443452804614,108.5443452804614,104.53865980668502,107.46965026855469,29926,0.0,0.0
2024-09-30 00:00:00+03:00,107.2742602468689,107.2742602468689,101.80307176384662,104.9294662475586,40143,0.0,0.0
2024-10-01 00:00:00+03:00,104.92946140614094,104.92946140614094,103.26856231689453,103.26856231689453,22647,0.0,0.0
2024-10-02 00:00:00+03:00,104.92946389604786,104.92946389604786,100.4352798461914,100.4352798461914,19272,0.0,0.0
2024-10-03 00:00:00+03:00,100.43527280412786,101.70536415639597,100.43527280412786,101.41226959228516,15356,0.0,0.0
2024-10-04 00:00:00+03:00,101.41226932120803,101.41226932120803,100.63066891121385,101.02146911621094,17027,0.0,0.0
2024-10-07 00:00:00+03:00,102.58466459798265,103.56166140367772,95.20833573342722,97.99278259277344,29874,0.0,0.0
2024-10-08 00:00:00+03:00,99.2628710630279,100.2398678401323,92.2284972494338,99.65367126464844,47676,0.0,0.0
2024-10-09 00:00:00+03:00,98.28588128908846,98.67668151855469,97.35773726626378,98.67668151855469,20895,0.0,0.0
2024-10-10 00:00:00+03:00,100.43527828063,100.5329764739942,95.74569046020507,97.6996841430664,22146,0.0,0.0
2024-10-11 00:00:00+03:00,97.55313420539741,100.04447916016751,97.55313420539741,99.84907531738281,19815,0.0,0.0
2024-10-14 00:00:00+03:00,97.69968360361426,97.69968360361426,96.67383394421859,96.72268676757812,20596,0.0,0.0
2024-10-15 00:00:00+03:00,99.55597767731952,101.99846973292651,99.55597767731952,100.92377471923828,15718,0.0,0.0
2024-10-16 00:00:00+03:00,101.60766925411141,101.60766925411141,100.53297424316406,100.53297424316406,10517,0.0,0.0
2024-10-17 00:00:00+03:00,99.16517749731092,101.11917114257812,99.16517749731092,101.11917114257812,27433,0.0,0.0
2024-10-18 00:00:00+03:00,102.5846701679143,102.5846701679143,91.00725888260001,93.69400024414062,58308,0.0,0.0
2024-10-21 00:00:00+03:00,96.3318859996299,96.3318859996299,95.35488916909837,95.74568939208984,45822,0.0,0.0
2024-10-22 00:00:00+03:00,95.74569097839961,98.67668151855469,95.74569097839961,98.67668151855469,14764,0.0,0.0
2024-10-23 00:00:00+03:00,100.72837340588437,100.72837340588437,98.67668151855469,98.67668151855469,18005,0.0,0.0
2024-10-24 00:00:00+03:00,97.65083184794265,98.67668151855469,97.65083184794265,98.67668151855469,18469,0.0,0.0
2024-10-25 00:00:00+03:00,98.67667741917853,98.67667741917853,97.69968061304805,98.18817901611328,10769,0.0,0.0
2024-10-28 00:00:00+03:00,98.67668255555976,100.63067626953125,98.67668255555976,100.63067626953125,4321,0.0,0.0
2024-10-30 00:00:00+03:00,101.90077619526225,103.5616678873698,101.90077619526225,102.58467102050781,21065,0.0,0.0
2024-10-31 00:00:00+03:00,101.70536420370739,103.46396140476617,92.3261965238131,101.607666015625,41280,0.0,0.0
2024-11-01 00:00:00+03:00,98.1881793208088,99.16517612997107,97.79737910636507,98.77437591552734,25781,0.0,0.0
2024-11-04 00:00:00+03:00,98.77437682695081,98.77437682695081,96.96693420410156,96.96693420410156,14176,0.0,0.0
2024-11-05 00:00:00+03:00,96.96693420410156,96.96693420410156,96.96693420410156,96.96693420410156,22127,0.0,0.0
2024-11-06 00:00:00+03:00,97.21118727008115,100.63067626953125,97.21118727008115,100.63067626953125,16691,0.0,0.0
2024-11-07 00:00:00+03:00,101.02147646940843,101.02147646940843,99.65367937930573,100.4352798461914,14485,0.0,0.0
2024-11-08 00:00:00+03:00,100.43527285084845,101.607666015625,100.43527285084845,101.607666015625,14411,0.0,0.0
2024-11-11 00:00:00+03:00,101.60766986468892,108.44664764404297,101.60766986468892,108.44664764404297,50031,0.0,0.0
2024-11-12 00:00:00+03:00,107.37195262663761,108.44664764404297,106.49265399279895,108.44664764404297,24763,0.0,0.0
2024-11-13 00:00:00+03:00,108.15354323496176,110.8891372680664,108.15354323496176,110.8891372680664,16443,0.0,0.0
2024-11-14 00:00:00+03:00,113.33163758656863,117.23962508955377,111.86614227294922,111.86614227294922,31209,0.0,0.0
2024-11-15 00:00:00+03:00,113.52702815571972,113.52702815571972,105.71105355074366,108.44664764404297,20836,0.0,0.0
2024-11-18 00:00:00+03:00,108.44664708917792,108.44664708917792,106.59035163921494,107.46965026855469,15063,0.0,0.0
2024-11-19 00:00:00+03:00,107.27426003721784,107.27426003721784,104.538665801053,104.73406219482422,15726,0.0,0.0
2024-11-20 00:00:00+03:00,104.53866475423177,104.53866475423177,102.58467102050781,102.58467102050781,15473,0.0,0.0
2024-11-21 00:00:00+03:00,101.7053653564214,103.56166076660156,101.7053653564214,103.56166076660156,19283,0.0,0.0
2024-11-22 00:00:00+03:00,103.56166298606179,107.46965026855469,103.56166298606179,107.46965026855469,23026,0.0,0.0
2024-11-25 00:00:00+03:00,106.88344957856685,106.98114776611328,106.88344957856685,106.98114776611328,16088,0.0,0.0
2024-11-26 00:00:00+03:00,106.98115407737004,106.98115407737004,104.63636016845703,104.63636016845703,18489,0.0,0.0
2024-11-27 00:00:00+03:00,104.63635575547616,104.63635575547616,103.56166076660156,103.56166076660156,15530,0.0,0.0
2024-11-28 00:00:00+03:00,103.46396611757925,103.46396611757925,102.58466747699755,103.07316589355469,13145,0.0,0.0
2024-11-29 00:00:00+03:00,102.87776736488405,105.90645599365234,102.87776736488405,105.90645599365234,14403,0.0,0.0
2024-12-02 00:00:00+03:00,104.53866168814646,104.53866168814646,104.05016326904297,104.05016326904297,13116,0.0,0.0
2024-12-03 00:00:00+03:00,102.58466637652853,102.58466637652853,100.72837092274584,101.11917114257812,34977,0.0,0.0
2024-12-04 00:00:00+03:00,101.70536744530767,101.70536744530767,97.89507835749966,100.53297424316406,32196,0.0,0.0
2024-12-05 00:00:00+03:00,101.50996923722708,104.53865783320467,101.50996923722708,103.95246124267578,17275,0.0,0.0
2024-12-06 00:00:00+03:00,103.07316236675909,103.56166076660156,103.07316236675909,103.56166076660156,14786,0.0,0.0
2024-12-09 00:00:00+03:00,103.36626846385582,104.05016326904297,103.36626846385582,104.05016326904297,29824,0.0,0.0
2024-12-10 00:00:00+03:00,103.56166684048847,103.56166684048847,99.94678145119902,100.63067626953125,30917,0.0,0.0
2024-12-11 00:00:00+03:00,101.31456280416836,101.31456280416836,99.55597307771677,99.65367126464844,25898,0.0,0.0
2024-12-12 00:00:00+03:00,99.6536794125455,100.63067626953125,99.6536794125455,100.63067626953125,16754,0.0,0.0
2024-12-13 00:00:00+03:00,101.02147653666985,101.02147653666985,100.72837449791896,100.8260726928711,24258,0.0,0.0
2024-12-16 00:00:00+03:00,101.60766762888905,110.8891372680664,101.60766762888905,110.8891372680664,70583,0.0,0.0
2024-12-17 00:00:00+03:00,108.73974907559267,108.73974907559267,106.49265340745565,107.27425384521484,34422,0.0,0.0
2024-12-18 00:00:00+03:00,106.49265315120141,106.98115156015187,106.49265315120141,106.88345336914062,16697,0.0,0.0
2024-12-19 00:00:00+03:00,106.39495771579705,106.39495771579705,104.24556018840954,105.02716064453125,17816,0.0,0.0
2024-12-20 00:00:00+03:00,103.56165730760875,104.3432577028086,103.56165730760875,104.24555206298828,13686,0.0,0.0
2024-12-23 00:00:00+03:00,104.05016530355307,104.05016530355307,98.6766825883461,100.8260726928711,28852,0.0,0.0
2024-12-24 00:00:00+03:00,100.8260726593706,100.8260726593706,99.75137760746519,100.63067626953125,15068,0.0,0.0
2024-12-25 00:00:00+03:00,101.5099737729976,107.95815146472732,101.5099737729976,105.61335754394531,43853,0.0,0.0
2024-12-26 00:00:00+03:00,106.00415668978903,107.46965194356491,102.48696957150577,103.65936279296875,15102,0.0,0.0
2024-12-27 00:00:00+03:00,102.68236327679026,105.51565551757812,102.68236327679026,105.51565551757812,19404,0.0,0.0
2024-12-30 00:00:00+03:00,104.05016030205621,105.71105189809006,104.05016030205621,105.51565551757812,9819,0.0,0.0
2024-12-31 00:00:00+03:00,105.51565852635343,105.51565852635343,103.17086462387782,104.05016326904297,19788,0.0,0.0
2025-01-02 00:00:00+03:00,104.05015943211492,104.05015943211492,103.95246124267578,103.95246124267578,15352,0.0,0.0
2025-01-03 00:00:00+03:00,103.95246266346017,106.98115130083276,103.95246266346017,106.4926528930664,18788,0.0,0.0
2025-01-06 00:00:00+03:00,108.44665077405098,114.30863189697266,108.44665077405098,114.30863189697266,60851,0.0,0.0
2025-01-07 00:00:00+03:00,114.30863189697266,114.30863189697266,114.30863189697266,114.30863189697266,32583,0.0,0.0
2025-01-08 00:00:00+03:00,114.21092757424574,114.21092757424574,110.30294036865234,110.30294036865234,10403,0.0,0.0
2025-01-09 00:00:00+03:00,110.20524744845365,110.20524744845365,106.00415802001953,106.00415802001953,39782,0.0,0.0
2025-01-10 00:00:00+03:00,106.39495356249455,106.39495356249455,104.24555611901233,104.53865814208984,30353,0.0,0.0
2025-01-13 00:00:00+03:00,106.00415308172792,106.00415308172792,104.14785766601562,104.14785766601562,21861,0.0,0.0
2025-01-14 00:00:00+03:00,104.14785649832429,104.14785649832429,102.19386291503906,102.19386291503906,19855,0.0,0.0
2025-01-15 00:00:00+03:00,102.1938658551832,102.1938658551832,100.1421740244848,100.53297424316406,21272,0.0,0.0
2025-01-16 00:00:00+03:00,101.11916413375636,102.09616088867188,101.11916413375636,102.09616088867188,9110,0.0,0.0
2025-01-17 00:00:00+03:00,102.09616556707418,103.56166076660156,102.09616556707418,103.56166076660156,15005,0.0,0.0
2025-01-20 00:00:00+03:00,103.17086408608725,104.05016272666894,102.09616906044043,103.07316589355469,17903,0.0,0.0
2025-01-21 00:00:00+03:00,104.05015798715445,104.05015798715445,101.11916762131911,101.607666015625,12749,0.0,0.0
2025-01-22 00:00:00+03:00,102.48696493408943,102.48696493408943,102.19386291503906,102.19386291503906,11589,0.0,0.0
2025-01-23 00:00:00+03:00,102.09616088867188,102.09616088867188,102.09616088867188,102.09616088867188,18315,0.0,0.0
2025-01-24 00:00:00+03:00,102.78006275949757,102.78006275949757,101.11917114257812,101.11917114257812,15949,0.0,0.0
2025-01-27 00:00:00+03:00,101.21686816196097,101.21686816196097,98.09048134729501,98.96977996826172,15086,0.0,0.0
2025-01-28 00:00:00+03:00,98.96977996826172,98.96977996826172,98.96977996826172,98.96977996826172,27471,0.0,0.0
2025-01-29 00:00:00+03:00,100.6306679916931,100.6306679916931,99.4582748413086,99.4582748413086,7766,0.0,0.0
2025-01-30 00:00:00+03:00,98.96978411348226,100.14217735461263,98.96978411348226,99.84907531738281,9489,0.0,0.0
2025-01-31 00:00:00+03:00,99.84906763851177,99.84906763851177,99.65367126464844,99.65367126464844,11414,0.0,0.0
2025-02-03 00:00:00+03:00,99.0674811746498,99.0674811746498,97.50428771972656,97.50428771972656,10304,0.0,0.0
2025-02-04 00:00:00+03:00,97.21118596884456,98.18818281275254,97.21118596884456,98.09048461914062,14525,0.0,0.0
2025-02-05 00:00:00+03:00,98.09048173118866,98.09048173118866,96.3807373046875,96.3807373046875,13814,0.0,0.0
2025-02-06 00:00:00+03:00,98.67667448754405,99.65367126464844,98.67667448754405,99.65367126464844,14427,0.0,0.0
2025-02-07 00:00:00+03:00,101.2168646172367,101.2168646172367,99.65367126464844,99.65367126464844,15428,0.0,0.0
2025-02-10 00:00:00+03:00,99.1651713768093,99.1651713768093,97.30887603759766,97.30887603759766,12662,0.0,0.0
2025-02-11 00:00:00+03:00,97.30888391571527,98.67668098449707,97.30888391571527,97.6996841430664,17453,0.0,0.0
2025-02-12 00:00:00+03:00,97.69968301348905,97.69968301348905,95.25719093815182,95.55029296875,12092,0.0,0.0
2025-02-13 00:00:00+03:00,95.84338401064005,96.03878784179688,95.84338401064005,96.03878784179688,14507,0.0,0.0
2025-02-14 00:00:00+03:00,96.03879424224125,97.50428953106145,96.03879424224125,97.45543670654297,8200,0.0,0.0
2025-02-17 00:00:00+03:00,98.18818202163233,98.18818202163233,96.72268676757812,96.72268676757812,11103,0.0,0.0
2025-02-18 00:00:00+03:00,96.38073822780986,96.38073822780986,94.13364254989969,94.57329559326172,17765,0.0,0.0
2025-02-19 00:00:00+03:00,94.57329563317657,94.76869201660156,94.57329563317657,94.76869201660156,18122,0.0,0.0
2025-02-20 00:00:00+03:00,94.76868444273786,94.96408081054688,94.76868444273786,94.96408081054688,10240,0.0,0.0
2025-02-21 00:00:00+03:00,95.7456882794698,95.7456882794698,93.79169464111328,93.79169464111328,14622,0.0,0.0
2025-02-24 00:00:00+03:00,93.25434336809572,93.7916945999657,93.25434336809572,93.59629821777344,19088,0.0,0.0
2025-02-25 00:00:00+03:00,94.76869031216236,94.76869031216236,91.83769989013672,91.83769989013672,21007,0.0,0.0
2025-02-26 00:00:00+03:00,90.86070193415102,90.86070193415102,89.88370513916016,89.88370513916016,26796,0.0,0.0
2025-02-27 00:00:00+03:00,87.92970903304922,92.13079811285243,87.92970903304922,91.93539428710938,23297,0.0,0.0
2025-02-28 00:00:00+03:00,91.78884203992287,91.78884203992287,89.88370135152945,89.98139953613281,10217,0.0,0.0
2025-03-03 00:00:00+03:00,90.86070512426048,92.61930239854581,90.86070512426048,92.17964935302734,17728,0.0,0.0
2025-03-04 00:00:00+03:00,92.81469319923644,92.81469319923644,92.52159118652344,92.52159118652344,13857,0.0,0.0
2025-03-05 00:00:00+03:00,92.52160284537209,92.81470489501953,91.83770800138775,92.81470489501953,21324,0.0,0.0
2025-03-06 00:00:00+03:00,91.8376963781932,92.3261947631836,90.51875222949792,92.3261947631836,30106,0.0,0.0
2025-03-07 00:00:00+03:00,92.32620414872285,96.08764060474375,92.32620414872285,95.64799499511719,23273,0.0,0.0
2025-03-10 00:00:00+03:00,95.64799008833081,95.64799008833081,93.30319623152414,93.79169464111328,33846,0.0,0.0
2025-03-11 00:00:00+03:00,94.76868640228639,94.76868640228639,91.93539428710938,91.93539428710938,28404,0.0,0.0
2025-03-12 00:00:00+03:00,87.92971801757812,87.92971801757812,82.80048446655273,87.92971801757812,122013,0.0,0.0
2025-03-13 00:00:00+03:00,87.92971486781389,88.90671169967848,85.63377380371094,85.63377380371094,82586,0.0,0.0
2025-03-14 00:00:00+03:00,85.58492197397403,85.58492197397403,83.04473167242006,84.021728515625,108632,0.0,0.0
2025-03-17 00:00:00+03:00,85.04757370689732,85.48721928164534,82.94702911376953,82.94702911376953,87090,0.0,0.0
2025-03-18 00:00:00+03:00,83.82632744444821,83.82632744444821,82.55622863769531,82.55622863769531,82188,0.0,0.0
2025-03-19 00:00:00+03:00,80.99304033317355,80.99304033317355,74.30061340332031,74.30061340332031,85962,0.0,0.0
2025-03-20 00:00:00+03:00,74.30061340332031,77.81780057155977,74.30061340332031,74.30061340332031,66934,0.0,0.0
2025-03-21 00:00:00+03:00,74.3494584646485,74.3494584646485,70.3437728881836,70.3437728881836,43217,0.0,0.0
2025-03-24 00:00:00+03:00,74.2517559344952,74.2517559344952,69.85527038574219,69.85527038574219,60473,0.0,0.0
2025-03-25 00:00:00+03:00,69.85527152755634,71.80926513671875,69.85527152755634,71.80926513671875,56363,0.0,0.0
2025-03-26 00:00:00+03:00,71.80926869013538,71.80926869013538,71.32077026367188,71.32077026367188,63015,0.0,0.0
2025-03-27 00:00:00+03:00,71.32076501227044,75.22875213623047,71.32076501227044,75.22875213623047,148595,0.0,0.0
2025-03-28 00:00:00+03:00,75.71726113467487,75.71726113467487,72.29777192214117,73.37246704101562,66444,0.0,0.0
2025-04-02 00:00:00+03:00,73.32361165947125,75.61955261230469,73.32361165947125,75.61955261230469,28034,0.0,0.0
2025-04-03 00:00:00+03:00,75.76610252680277,81.09073194397621,75.76610252680277,80.01603698730469,54593,0.0,0.0
2025-04-04 00:00:00+03:00,83.04473578674161,83.04473578674161,78.15975132869798,80.9441909790039,39985,0.0,0.0
2025-04-07 00:00:00+03:00,80.26028888053406,80.26028888053406,78.15974426269531,78.15974426269531,106087,0.0,0.0
2025-04-08 00:00:00+03:00,80.11373321555756,82.84932708740234,78.59938527687676,82.84932708740234,83117,0.0,0.0
2025-04-09 00:00:00+03:00,83.04472473846084,85.14526926674183,83.04472473846084,84.99871826171875,47207,0.0,0.0
2025-04-10 00:00:00+03:00,85.8291651808997,86.95271296277045,85.8291651808997,86.75731658935547,29698,0.0,0.0
2025-04-11 00:00:00+03:00,84.51022421305922,86.7573198615537,84.51022421305922,85.87802124023438,58870,0.0,0.0
2025-04-14 00:00:00+03:00,85.48722483895043,85.97572326660156,85.48722483895043,85.97572326660156,35110,0.0,0.0
2025-04-15 00:00:00+03:00,87.9297137260437,94.28019305070241,87.9297137260437,93.79169464111328,84917,0.0,0.0
2025-04-16 00:00:00+03:00,91.83770204990665,91.83770204990665,88.80901336669922,88.80901336669922,42621,0.0,0.0
2025-04-17 00:00:00+03:00,87.78316346195768,88.61360927457144,87.78316346195768,88.418212890625,33388,0.0,0.0
2025-04-18 00:00:00+03:00,87.9297085466056,87.9297085466056,84.99871826171875,84.99871826171875,29764,0.0,0.0
2025-04-21 00:00:00+03:00,82.4096809092024,82.99587751492608,81.67693328857422,81.67693328857422,44210,0.0,0.0
2025-04-22 00:00:00+03:00,80.11373901367188,80.11373901367188,80.11373901367188,80.11373901367188,36098,0.0,0.0
2025-04-24 00:00:00+03:00,80.65109252929688,80.65109252929688,77.18275074829062,80.65109252929688,28614,0.0,0.0
2025-04-25 00:00:00+03:00,80.94418067425113,82.6050796508789,80.94418067425113,82.6050796508789,17476,0.0,0.0
2025-04-28 00:00:00+03:00,82.06773732807822,82.06773732807822,80.8953440620921,81.57923889160156,25292,0.0,0.0
2025-04-29 00:00:00+03:00,81.09073578885419,81.09073578885419,79.91834259033203,79.91834259033203,26973,0.0,0.0
2025-04-30 00:00:00+03:00,79.91834211116397,79.91834211116397,78.11089204792921,79.33213806152344,27855,0.0,0.0
2025-05-02 00:00:00+03:00,78.15974566960269,80.69993591308594,78.15974566960269,80.69993591308594,21730,0.0,0.0
2025-05-05 00:00:00+03:00,78.11089551375501,79.91834565718739,78.11089551375501,78.64824676513672,19092,0.0,0.0
2025-05-06 00:00:00+03:00,78.64823879870745,79.13673717633918,78.06204223632812,78.06204223632812,24789,0.0,0.0
2025-05-07 00:00:00+03:00,77.5735435758625,78.45284214317242,77.5735435758625,77.6712417602539,25227,0.0,0.0
2025-05-08 00:00:00+03:00,78.3062963925569,81.09073583091178,78.3062963925569,80.11373901367188,26002,0.0,0.0
2025-05-09 00:00:00+03:00,80.11373901367188,80.55338459987216,80.11373901367188,80.11373901367188,14909,0.0,0.0
2025-05-12 00:00:00+03:00,80.11374204647467,80.21144024111831,78.15974833802406,78.64824676513672,47608,0.0,0.0
2025-05-13 00:00:00+03:00,78.50169830491411,78.55055113077547,76.01036071777344,76.01036071777344,35649,0.0,0.0
2025-05-14 00:00:00+03:00,78.15974190408123,78.15974190408123,77.42699432373047,77.42699432373047,22712,0.0,0.0
2025-05-15 00:00:00+03:00,77.4269937854603,82.06772842875287,77.4269937854603,79.62523651123047,23960,0.0,0.0
2025-05-16 00:00:00+03:00,78.89248893597374,79.62523651123047,78.89248893597374,79.62523651123047,15817,0.0,0.0
2025-05-20 00:00:00+03:00,79.62523531944574,79.62523531944574,77.2315962576579,77.86663818359375,13764,0.0,0.0
2025-05-21 00:00:00+03:00,77.32930145155309,77.32930145155309,76.69425201416016,76.69425201416016,19685,0.0,0.0
2025-05-22 00:00:00+03:00,75.22875450887936,76.20575132068299,75.22875450887936,76.15689849853516,21677,0.0,0.0
2025-05-23 00:00:00+03:00,74.78910913869858,78.15974516748888,74.78910913869858,76.35230255126953,25427,0.0,0.0
2025-05-26 00:00:00+03:00,76.35230110135133,78.25744187207287,76.35230110135133,77.18274688720703,26120,0.0,0.0
2025-05-27 00:00:00+03:00,77.13389553060793,77.13389553060793,76.35230255126953,76.35230255126953,12933,0.0,0.0
2025-05-28 00:00:00+03:00,76.35230295069127,76.35230295069127,73.76325988769531,73.76325988769531,14698,0.0,0.0
2025-05-29 00:00:00+03:00,73.71440556805292,74.39830780029297,73.71440556805292,74.39830780029297,14655,0.0,0.0
2025-05-30 00:00:00+03:00,73.3724646797032,76.20575714111328,73.3724646797032,76.20575714111328,35477,0.0,0.0
2025-06-02 00:00:00+03:00,76.15689581890439,76.15689581890439,74.83795166015625,74.83795166015625,16602,0.0,0.0
2025-06-03 00:00:00+03:00,74.78911012551612,76.6942509575537,74.78911012551612,74.93565368652344,15598,0.0,0.0
2025-06-04 00:00:00+03:00,74.93565127475605,77.18274688720703,74.93565127475605,77.18274688720703,12267,0.0,0.0
2025-06-05 00:00:00+03:00,77.18274895310957,77.52469635009766,77.18274895310957,77.52469635009766,3164,0.0,0.0
2025-06-10 00:00:00+03:00,77.52470064910224,78.89249776679779,77.52470064910224,78.40399932861328,21590,0.0,0.0
2025-06-11 00:00:00+03:00,80.11373956519436,81.09073638916016,80.11373956519436,81.09073638916016,30248,0.0,0.0
2025-06-12 00:00:00+03:00,80.8953405495683,83.04473059517996,80.8953405495683,82.06773376464844,51516,0.0,0.0
2025-06-13 00:00:00+03:00,76.44999929017658,77.18274688720703,76.44999929017658,77.18274688720703,34564,0.0,0.0
2025-06-16 00:00:00+03:00,77.18274745941163,78.74594085388672,77.18274745941163,78.15974426269531,26574,0.0,0.0
2025-06-17 00:00:00+03:00,79.13673812772598,80.0160367088128,79.13673812772598,79.62523651123047,15779,0.0,0.0
2025-06-18 00:00:00+03:00,80.113738972121,80.113738972121,79.91834259033203,79.91834259033203,42089,0.0,0.0
2025-06-19 00:00:00+03:00,80.69993565488821,80.7976338458838,80.11373905502056,80.30913543701172,25607,0.0,0.0
2025-06-20 00:00:00+03:00,81.09073642916813,81.57923484139204,81.09073642916813,81.2861328125,23760,0.0,0.0
2025-06-23 00:00:00+03:00,81.13959200930292,81.13959200930292,79.23444366455078,79.23444366455078,41611,0.0,0.0
2025-06-24 00:00:00+03:00,80.60224469248024,83.09358978271484,80.60224469248024,83.09358978271484,47247,0.0,0.0
2025-06-25 00:00:00+03:00,86.3665179100107,89.49290466308594,86.3665179100107,89.49290466308594,64111,0.0,0.0
2025-06-26 00:00:00+03:00,89.49290466308594,91.34920005880298,89.49290466308594,89.49290466308594,38279,0.0,0.0
2025-06-27 00:00:00+03:00,88.6136078845016,88.6136078845016,85.63377207964426,86.07341766357422,13486,0.0,0.0
2025-06-30 00:00:00+03:00,85.97572684151785,85.97572684151785,85.48722839355469,85.48722839355469,28965,0.0,0.0
2025-07-01 00:00:00+03:00,87.92970830012582,87.92970830012582,87.58776092529297,87.58776092529297,26382,0.0,0.0
2025-07-02 00:00:00+03:00,84.99872994559152,85.48722839355469,84.9498771192373,85.48722839355469,51377,0.0,0.0
2025-07-03 00:00:00+03:00,84.99872994559152,85.48722839355469,84.99872994559152,85.48722839355469,14368,0.0,0.0
2025-07-04 00:00:00+03:00,85.97572057346291,88.02741241455078,85.97572057346291,88.02741241455078,39459,0.0,0.0
2025-07-07 00:00:00+03:00,88.02741418912586,88.02741418912586,87.53891576692882,87.78316497802734,26154,0.0,0.0
2025-07-08 00:00:00+03:00,89.88371199407473,89.88371199407473,87.88086543004023,88.32051849365234,20270,0.0,0.0
2025-07-09 00:00:00+03:00,89.88371175130209,89.88371175130209,87.92971801757812,87.92971801757812,20675,0.0,0.0
2025-07-10 00:00:00+03:00,89.6883135125619,89.6883135125619,87.92971620686681,87.97856903076172,16993,0.0,0.0
2025-07-11 00:00:00+03:00,87.92972042686061,93.1566523170117,87.92972042686061,92.81470489501953,36836,0.0,0.0
2025-07-14 00:00:00+03:00,94.67099088460365,96.72268266242168,94.67099088460365,96.23418426513672,20238,0.0,0.0
2025-07-16 00:00:00+03:00,96.2341872539717,96.38073826848755,94.76869201660156,94.76869201660156,35609,0.0,0.0
2025-07-17 00:00:00+03:00,94.76869201660156,94.76869201660156,94.76869201660156,94.76869201660156,11789,0.0,0.0
2025-07-18 00:00:00+03:00,94.7686936187744,97.6996841430664,94.7686936187744,97.6996841430664,69949,0.0,0.0
2025-07-21 00:00:00+03:00,97.79737880288228,98.18817901611328,97.79737880288228,98.18817901611328,22183,0.0,0.0
2025-07-22 00:00:00+03:00,101.6076688154028,106.4926528930664,101.6076688154028,106.4926528930664,31405,0.0,0.0
2025-07-23 00:00:00+03:00,108.34894999672542,109.71674705024842,108.34894999672542,109.42364501953125,37513,0.0,0.0
2025-07-24 00:00:00+03:00,109.42364216742114,109.42364216742114,104.53865814208984,104.53865814208984,23946,0.0,0.0
2025-07-25 00:00:00+03:00,101.60766633083229,102.19386291503906,101.60766633083229,102.19386291503906,19180,0.0,0.0
2025-07-28 00:00:00+03:00,103.56166289361354,103.56166289361354,100.53297424316406,100.53297424316406,27000,0.0,0.0
2025-07-29 00:00:00+03:00,103.56166401674307,103.56166401674307,101.6076703560498,102.48696899414062,12513,0.0,0.0
2025-07-30 00:00:00+03:00,103.56166351593292,108.44664764404297,103.56166351593292,108.44664764404297,36578,0.0,0.0
2025-07-31 00:00:00+03:00,111.3776403012483,113.33163399074388,111.3776403012483,112.3546371459961,41598,0.0,0.0
2025-08-01 00:00:00+03:00,112.3546333099892,112.3546333099892,112.2569351196289,112.2569351196289,21526,0.0,0.0
2025-08-04 00:00:00+03:00,111.27994314090868,114.30863189697266,111.27994314090868,114.30863189697266,25005,0.0,0.0
2025-08-05 00:00:00+03:00,116.65342838967268,119.29131697115515,116.65342838967268,119.19361877441406,30939,0.0,0.0
2025-08-06 00:00:00+03:00,120.65910688744195,120.65910688744195,119.97521209716797,119.97521209716797,25055,0.0,0.0
2025-08-07 00:00:00+03:00,119.6821085051818,119.6821085051818,110.30294067637087,110.8891372680664,31628,0.0,0.0
2025-08-08 00:00:00+03:00,113.33162780997436,113.33162780997436,107.76274908017977,108.54434204101562,29331,0.0,0.0
2025-08-11 00:00:00+03:00,97.6996841430664,97.6996841430664,97.6996841430664,97.6996841430664,95388,0.0,0.0
2025-08-12 00:00:00+03:00,93.10780196990002,97.6996841430664,93.10780196990002,97.6996841430664,78894,0.0,0.0
2025-08-13 00:00:00+03:00,101.70536646644231,105.51565551757812,101.70536646644231,105.51565551757812,57155,0.0,0.0
2025-08-14 00:00:00+03:00,105.80876159667969,105.90645979067932,105.80876159667969,105.80876159667969,45229,0.0,0.0
2025-08-15 00:00:00+03:00,106.00415561879537,108.64204406738281,106.00415561879537,108.64204406738281,28530,0.0,0.0
2025-08-18 00:00:00+03:00,108.64204049736966,108.93514251708984,108.64204049736966,108.93514251708984,30900,0.0,0.0
2025-08-19 00:00:00+03:00,109.42364709030845,116.16492683932955,109.42364709030845,113.13623809814453,34520,0.0,0.0
2025-08-20 00:00:00+03:00,116.58550959160033,117.76811527300484,116.58550959160033,116.78260803222656,30083,1.0,0.0
2025-08-21 00:00:00+03:00,116.78260737103655,116.97970581054688,116.78260737103655,116.97970581054688,29778,0.0,0.0
2025-08-22 00:00:00+03:00,116.97971103130888,116.97971103130888,112.93913269042969,112.93913269042969,22335,0.0,0.0
2025-08-25 00:00:00+03:00,110.37681579589844,110.37681579589844,108.40580122811453,110.37681579589844,38354,0.0,0.0
2025-08-26 00:00:00+03:00,111.8550733146021,116.28985595703125,111.8550733146021,116.28985595703125,38018,0.0,0.0
2025-08-27 00:00:00+03:00,118.26086733521534,118.26086733521534,117.17681088840722,117.27536010742188,31572,0.0,0.0
2025-08-28 00:00:00+03:00,116.78261292969816,116.78261292969816,112.84058380126953,112.84058380126953,19096,0.0,0.0
2025-08-29 00:00:00+03:00,112.84058400562832,112.84058400562832,110.37681579589844,110.37681579589844,10928,0.0,0.0
2025-09-01 00:00:00+03:00,110.37681037027308,110.37681037027308,108.40579589937535,109.68695831298828,17294,0.0,0.0
2025-09-02 00:00:00+03:00,109.88406095282976,109.88406095282976,104.75942614013762,105.94203186035156,30032,0.0,0.0
2025-09-03 00:00:00+03:00,105.94202691546931,107.51883697509766,104.46376607478834,107.51883697509766,19994,0.0,0.0
2025-09-04 00:00:00+03:00,110.37680849545,110.37680849545,108.307244839925,110.27825927734375,39713,0.0,0.0
2025-09-05 00:00:00+03:00,107.02608952690103,110.37681579589844,107.02608952690103,110.37681579589844,50332,0.0,0.0
2025-09-08 00:00:00+03:00,106.63187780792315,106.63187780792315,105.25217372000927,105.44927215576172,15253,0.0,0.0
2025-09-09 00:00:00+03:00,102.49275193520641,107.4202880859375,102.49275193520641,107.4202880859375,24160,0.0,0.0
2025-09-10 00:00:00+03:00,108.1101436062391,108.1101436062391,106.33623504638672,106.33623504638672,14553,0.0,0.0
2025-09-11 00:00:00+03:00,106.33623015429447,107.22318815282723,105.44927215576172,105.44927215576172,24858,0.0,0.0
2025-09-12 00:00:00+03:00,105.44927525070479,105.44927525070479,103.87246516193561,104.4637680053711,23360,0.0,0.0
2025-09-15 00:00:00+03:00,104.95652476719447,109.88406114124116,100.52174203055245,103.47826385498047,67401,0.0,0.0
2025-09-16 00:00:00+03:00,104.95652001057195,107.4202880859375,104.95652001057195,107.4202880859375,30212,0.0,0.0
2025-09-17 00:00:00+03:00,108.60289967736337,110.37681579589844,108.60289967736337,110.37681579589844,22345,0.0,0.0
2025-09-18 00:00:00+03:00,110.86956803218662,113.23478698730469,110.86956803218662,113.23478698730469,23870,0.0,0.0
2025-09-19 00:00:00+03:00,114.61449934491988,120.23188781738281,113.43188610099558,120.23188781738281,33788,0.0,0.0
2025-09-22 00:00:00+03:00,120.13333753506576,120.13333753506576,118.16232299804688,118.16232299804688,41054,0.0,0.0
2025-09-23 00:00:00+03:00,117.07826160670473,119.73912811279297,117.07826160670473,119.73912811279297,49841,0.0,0.0
2025-09-24 00:00:00+03:00,122.20290200541339,125.159423828125,122.20290200541339,125.159423828125,51520,0.0,0.0
2025-09-25 00:00:00+03:00,126.14492123148041,129.9883932851935,126.14492123148041,128.3130340576172,44204,0.0,0.0
2025-09-26 00:00:00+03:00,127.82028848384869,127.82028848384869,115.79710293166487,120.92173767089844,28560,0.0,0.0
2025-09-29 00:00:00+03:00,120.9217366634254,123.68115997314453,120.9217366634254,123.68115997314453,49900,0.0,0.0
2025-09-30 00:00:00+03:00,124.17391721866457,124.96232604980469,124.17391721866457,124.96232604980469,31453,0.0,0.0
2025-10-01 00:00:00+03:00,125.65216827392578,128.11593627929688,125.65216827392578,128.11593627929688,36600,0.0,0.0
2025-10-02 00:00:00+03:00,129.2985419143457,129.88985225069337,128.11593627929688,128.11593627929688,22171,0.0,0.0
2025-10-03 00:00:00+03:00,120.42898489394386,127.9188461303711,120.42898489394386,127.9188461303711,24721,0.0,0.0
2025-10-06 00:00:00+03:00,115.20579639911354,127.13043234816084,115.20579639911354,127.03187561035156,29316,0.0,0.0
2025-10-07 00:00:00+03:00,125.06086857953098,125.06086857953098,119.4434728757084,122.20289611816406,21166,0.0,0.0
2025-10-08 00:00:00+03:00,123.18840347418264,123.18840347418264,117.27536010742188,117.27536010742188,24398,0.0,0.0
2025-10-09 00:00:00+03:00,121.7101462619509,121.7101462619509,121.02029418945312,121.02029418945312,36985,0.0,0.0
2025-10-10 00:00:00+03:00,121.02029474537429,121.02029474537429,117.76811777420565,120.82318878173828,23988,0.0,0.0
2025-10-13 00:00:00+03:00,118.85217183450055,118.85217183450055,111.16521986123026,114.31884002685547,45730,0.0,0.0
2025-10-14 00:00:00+03:00,113.8260860166179,113.8260860166179,107.1246337890625,107.1246337890625,38909,0.0,0.0
2025-10-15 00:00:00+03:00,108.5043468976464,110.27826295805997,104.26667022705078,104.26667022705078,39035,0.0,0.0
2025-10-16 00:00:00+03:00,105.44927874585265,105.44927874585265,101.01449599485885,103.37971496582031,49747,0.0,0.0
2025-10-17 00:00:00+03:00,103.28116086791852,103.28116086791852,97.36811747896493,102.49275207519531,21270,0.0,0.0
2025-10-20 00:00:00+03:00,102.19710000025931,102.19710000025931,99.14202899366586,101.50724792480469,29371,0.0,0.0
2025-10-21 00:00:00+03:00,101.50724967956543,101.50724967956543,98.45217862015882,98.55072784423828,21412,0.0,0.0
2025-10-22 00:00:00+03:00,100.52174331593851,100.52174331593851,98.25507354736328,98.25507354736328,15710,0.0,0.0
2025-10-23 00:00:00+03:00,101.40869866369341,101.40869866369341,96.67826080322266,96.67826080322266,27256,0.0,0.0
2025-10-24 00:00:00+03:00,100.42319002111805,100.42319002111805,97.56521749968576,99.5362319946289,26264,0.0,0.0
2025-10-27 00:00:00+03:00,95.59420159850458,97.56521606445312,93.8695639407996,97.56521606445312,52340,0.0,0.0
2025-10-28 00:00:00+03:00,98.50144958496094,98.50144958496094,98.50144958496094,98.50144958496094,10924,0.0,0.0
2025-10-30 00:00:00+03:00,98.30434494401942,98.30434494401942,98.05796813964844,98.05796813964844,31606,0.0,0.0
2025-10-31 00:00:00+03:00,95.69275387231147,96.5797119140625,95.69275387231147,96.5797119140625,28160,0.0,0.0
2025-11-03 00:00:00+03:00,97.07246244796599,97.56521606445312,97.07246244796599,97.56521606445312,32315,0.0,0.0
2025-11-04 00:00:00+03:00,97.12174529802637,98.55072784423828,97.12174529802637,98.55072784423828,20092,0.0,0.0
2025-11-05 00:00:00+03:00,99.5362319946289,99.5362319946289,99.5362319946289,99.5362319946289,17812,0.0,0.0
2025-11-06 00:00:00+03:00,99.73333076940263,99.73333076940263,99.43768310546875,99.43768310546875,9501,0.0,0.0
2025-11-07 00:00:00+03:00,98.9449300569116,98.9449300569116,96.82608795166016,96.82608795166016,10076,0.0,0.0
2025-11-10 00:00:00+03:00,97.51594102034792,97.51594102034792,91.06087293555731,91.70145416259766,45649,0.0,0.0
2025-11-11 00:00:00+03:00,92.63768173050094,92.63768173050094,88.6956527206924,89.68115997314453,28656,0.0,0.0
2025-11-12 00:00:00+03:00,89.68116075079632,89.68116075079632,89.43478393554688,89.43478393554688,21827,0.0,0.0
2025-11-13 00:00:00+03:00,90.0753629141843,90.0753629141843,87.71014404296875,87.71014404296875,27295,0.0,0.0
2025-11-14 00:00:00+03:00,93.62319096213837,93.62319096213837,89.08985900878906,89.08985900878906,15400,0.0,0.0
2025-11-17 00:00:00+03:00,90.66667051989616,91.06087493896484,90.66667051989616,91.06087493896484,25008,0.0,0.0
2025-11-18 00:00:00+03:00,93.42609380749701,93.42609380749701,88.6956558227539,88.6956558227539,29680,0.0,0.0
2025-11-19 00:00:00+03:00,88.74493088090284,90.5681177898615,87.3159408569336,87.3159408569336,25647,0.0,0.0
2025-11-20 00:00:00+03:00,88.2521743774414,88.2521743774414,88.2521743774414,88.2521743774414,22543,0.0,0.0
2025-11-21 00:00:00+03:00,93.52464260901507,95.49565717393078,93.52464260901507,93.6231918334961,82834,0.0,0.0
2025-11-24 00:00:00+03:00,92.93333926532702,92.93333926532702,91.35652160644531,91.35652160644531,16467,0.0,0.0
2025-11-25 00:00:00+03:00,89.7797095276765,89.7797095276765,89.58261108398438,89.58261108398438,17003,0.0,0.0
2025-11-26 00:00:00+03:00,89.48406465981905,89.48406465981905,88.6956558227539,88.6956558227539,13486,0.0,0.0
2025-11-27 00:00:00+03:00,88.6956493972991,88.6956493972991,88.30144500732422,88.30144500732422,7121,0.0,0.0
2025-11-28 00:00:00+03:00,88.30144500732422,88.30144500732422,88.30144500732422,88.30144500732422,21077,0.0,0.0
2025-12-01 00:00:00+03:00,86.57680845789086,88.44927369446313,86.57680845789086,87.9565200805664,22888,0.0,0.0
2025-12-02 00:00:00+03:00,87.95652228135329,89.68115997314453,87.95652228135329,89.68115997314453,50693,0.0,0.0
2025-12-03 00:00:00+03:00,90.5681183400924,90.5681183400924,89.58261108398438,89.58261108398438,22743,0.0,0.0
2025-12-04 00:00:00+03:00,88.79419899005885,88.79419899005885,85.73912811279297,85.73912811279297,23653,0.0,0.0
2025-12-05 00:00:00+03:00,85.04928219100276,88.59710693359375,85.04928219100276,88.59710693359375,44351,0.0,0.0
2025-12-08 00:00:00+03:00,88.54782369017622,89.18840489762552,87.71014404296875,87.71014404296875,16721,0.0,0.0
2025-12-09 00:00:00+03:00,88.9420287607544,88.9420287607544,87.41448952520092,87.51304626464844,10655,0.0,0.0
2025-12-10 00:00:00+03:00,87.6115979406988,87.6115979406988,86.72463989257812,86.72463989257812,16188,0.0,0.0
2025-12-11 00:00:00+03:00,87.21738894232388,87.21738894232388,85.3942020896671,85.73912811279297,13166,0.0,0.0
2025-12-12 00:00:00+03:00,87.71014526074661,87.71014526074661,87.3159408569336,87.3159408569336,17715,0.0,0.0
2025-12-15 00:00:00+03:00,87.61159570666328,87.71014492753623,87.41448974609375,87.41448974609375,15961,0.0,0.0
2025-12-16 00:00:00+03:00,86.72463678177252,86.72463678177252,85.295654296875,85.295654296875,21156,0.0,0.0
2025-12-17 00:00:00+03:00,86.72464168772979,86.72464168772979,83.76811981201172,83.76811981201172,25082,0.0,0.0
2025-12-18 00:00:00+03:00,84.16231774243631,85.83767700195312,84.16231774243631,85.83767700195312,16027,0.0,0.0
2025-12-19 00:00:00+03:00,87.85797646560296,89.18840980422159,87.85797646560296,88.59710693359375,24319,0.0,0.0
2025-12-22 00:00:00+03:00,87.71014572853265,87.71014572853265,84.75362396240234,84.75362396240234,16851,0.0,0.0
2025-12-23 00:00:00+03:00,84.8521728515625,84.8521728515625,84.26087000441902,84.8521728515625,37626,0.0,0.0
2025-12-24 00:00:00+03:00,85.64057889458891,85.73912811279297,85.64057889458891,85.73912811279297,15868,0.0,0.0
2025-12-25 00:00:00+03:00,85.73912811279297,85.73912811279297,85.64057889458891,85.73912811279297,13130,0.0,0.0
2025-12-26 00:00:00+03:00,87.46376811594203,87.46376811594203,86.72463768115942,87.41448974609375,10007,0.0,0.0
2025-12-29 00:00:00+03:00,86.72463655757484,86.72463655757484,85.34492492675781,85.34492492675781,10997,0.0,0.0
2025-12-30 00:00:00+03:00,84.65507462980197,84.80290222167969,84.65507462980197,84.80290222167969,14445,0.0,0.0
2025-12-31 00:00:00+03:00,85.09855156594666,85.09855156594666,83.57101980326235,84.26087188720703,26383,0.0,0.0
2026-01-02 00:00:00+03:00,85.04928207770256,86.23188781738281,84.75362688337054,86.23188781738281,19235,0.0,0.0
2026-01-05 00:00:00+03:00,87.71014565558654,87.80869487727753,77.60869629637573,79.92463684082031,30912,0.0,0.0
2026-01-06 00:00:00+03:00,82.53623043064512,87.90724182128906,82.53623043064512,87.90724182128906,39897,0.0,0.0
2026-01-07 00:00:00+03:00,91.94782875550672,91.99709960634976,89.97681427001953,89.97681427001953,39485,0.0,0.0
2026-01-08 00:00:00+03:00,86.82318613543208,87.6608657836914,86.62608769542642,87.6608657836914,15828,0.0,0.0
2026-01-09 00:00:00+03:00,90.46957194673855,90.46957194673855,88.6956558227539,88.6956558227539,22382,0.0,0.0
2026-01-12 00:00:00+03:00,88.69565139077991,88.69565139077991,85.34492527891908,87.6608657836914,23530,0.0,0.0
2026-01-13 00:00:00+03:00,87.6608641836538,87.6608641836538,85.73912811279297,85.73912811279297,26776,0.0,0.0
2026-01-14 00:00:00+03:00,84.75362307151457,84.75362307151457,77.85507235639129,80.17101287841797,47461,0.0,0.0
2026-01-15 00:00:00+03:00,82.28985353916106,83.07826232910156,82.28985353916106,83.07826232910156,25788,0.0,0.0
2026-01-16 00:00:00+03:00,83.71883746333945,85.04927825927734,83.71883746333945,85.04927825927734,14066,0.0,0.0
2026-01-19 00:00:00+03:00,85.14783072847152,85.4434784019852,84.01449584960938,84.01449584960938,28646,0.0,0.0
2026-01-20 00:00:00+03:00,84.01449331738948,84.01449331738948,81.89565121969646,82.3884048461914,13941,0.0,0.0
2026-01-21 00:00:00+03:00,82.38840374278698,82.73332977294922,82.28985452257255,82.73332977294922,11893,0.0,0.0
2026-01-22 00:00:00+03:00,84.70434873179286,84.70434873179286,83.76811981201172,83.76811981201172,23468,0.0,0.0
2026-01-23 00:00:00+03:00,85.19709921979242,85.19709921979242,84.75362396240234,84.75362396240234,19019,0.0,0.0
2026-01-26 00:00:00+03:00,84.75362104899888,84.75362104899888,83.22608184814453,83.22608184814453,21709,0.0,0.0
2026-01-27 00:00:00+03:00,81.79710090267692,82.73332977294922,79.82608642309434,82.73332977294922,54120,0.0,0.0
2026-01-28 00:00:00+03:00,82.73332977294922,82.73332977294922,82.73332977294922,82.73332977294922,51953,0.0,0.0
2026-01-29 00:00:00+03:00,80.9594225329665,84.75362396240234,80.9594225329665,84.75362396240234,29362,0.0,0.0
2026-01-30 00:00:00+03:00,85.24637624194642,85.24637624194642,82.28985452257255,82.73332977294922,18486,0.0,0.0
2026-02-02 00:00:00+03:00,81.10725179638612,81.79710388183594,81.10725179638612,81.79710388183594,21940,0.0,0.0
2026-02-03 00:00:00+03:00,81.79710511578622,81.79710511578622,81.40290069580078,81.40290069580078,27582,0.0,0.0
2026-02-04 00:00:00+03:00,81.30434449528411,84.5072429147953,81.30434449528411,83.66956329345703,36737,0.0,0.0
2026-02-05 00:00:00+03:00,83.81739364015881,83.81739364015881,82.78260803222656,82.78260803222656,20598,0.0,0.0
2026-02-06 00:00:00+03:00,82.78261036915822,82.78261036915822,81.99420154858912,82.0434799194336,11154,0.0,0.0
2026-02-09 00:00:00+03:00,81.99420232944337,81.99420232944337,81.79710388183594,81.79710388183594,30428,0.0,0.0
2026-02-10 00:00:00+03:00,81.99420166015625,81.99420166015625,81.99420166015625,81.99420166015625,22577,0.0,0.0
2026-02-11 00:00:00+03:00,81.99420390534921,81.99420390534921,81.30435180664062,81.30435180664062,56078,0.0,0.0
2026-02-12 00:00:00+03:00,82.09275952117704,82.09275952117704,81.30435068878654,81.64927673339844,34804,0.0,0.0
2026-02-13 00:00:00+03:00,81.79710221817675,82.3391342163086,81.79710221817675,82.3391342163086,44418,0.0,0.0
2026-02-16 00:00:00+03:00,84.16232411687494,84.16232411687494,79.48116448675465,81.40290069580078,102152,0.0,0.0
2026-02-17 00:00:00+03:00,83.76811809091062,83.76811809091062,81.8956527709961,81.8956527709961,66926,0.0,0.0
2026-02-18 00:00:00+03:00,82.78260575964096,82.78260575964096,81.05796813964844,81.05796813964844,44807,0.0,0.0
2026-02-19 00:00:00+03:00,80.7623126700926,80.7623126700926,76.2289810180664,76.2289810180664,45367,0.0,0.0
2026-02-20 00:00:00+03:00,78.84058243189102,78.84058243189102,76.22898663506986,76.86956787109375,33123,0.0,0.0
2026-02-23 00:00:00+03:00,76.86956315747778,78.39710235595703,76.86956315747778,78.39710235595703,40139,0.0,0.0
2026-02-24 00:00:00+03:00,78.44637639509898,79.8260880629141,78.44637639509898,79.77680969238281,15816,0.0,0.0
2026-02-25 00:00:00+03:00,80.81159599941951,80.81159599941951,79.5797119140625,79.5797119140625,10272,0.0,0.0
2026-02-26 00:00:00+03:00,79.0869529724121,79.0869529724121,78.840576171875,78.840576171875,8067,0.0,0.0
2026-02-27 00:00:00+03:00,79.8260895628367,79.8260895628367,74.11014433969663,74.50434875488281,53184,0.0,0.0
2026-03-02 00:00:00+03:00,68.98550480684625,70.90724086179335,68.78840637207031,68.78840637207031,50135,0.0,0.0
2026-03-03 00:00:00+03:00,71.25217382738947,73.86376190185547,71.25217382738947,73.86376190185547,17161,0.0,0.0
2026-03-04 00:00:00+03:00,72.92753824116754,72.92753824116754,72.23768615722656,72.23768615722656,17186,0.0,0.0
2026-03-05 00:00:00+03:00,73.1246328517035,73.1246328517035,69.08405474599574,71.00579833984375,27055,0.0,0.0
2026-03-06 00:00:00+03:00,71.94202763835652,71.94202763835652,70.85797119140625,70.85797119140625,17254,0.0,0.0
2026-03-09 00:00:00+03:00,70.85797431234498,70.85797431234498,68.98550899305445,69.87246704101562,21382,0.0,0.0
2026-03-10 00:00:00+03:00,71.94203197296882,71.94203197296882,71.89275360107422,71.89275360107422,20806,0.0,0.0
2026-03-11 00:00:00+03:00,73.17391596754936,73.17391596754936,71.94203186035156,71.94203186035156,19639,0.0,0.0
2026-03-12 00:00:00+03:00,72.53333282470703,72.87825886190649,72.53333282470703,72.53333282470703,15444,0.0,0.0
2026-03-13 00:00:00+03:00,75.39130538217515,75.39130538217515,72.53333282470703,72.53333282470703,22275,0.0,0.0
2026-03-16 00:00:00+03:00,73.02608295790948,73.02608295790948,70.02029047044361,71.20289611816406,37028,0.0,0.0
2026-03-17 00:00:00+03:00,72.8289883450833,72.8289883450833,72.43478393554688,72.43478393554688,24472,0.0,0.0
2026-03-18 00:00:00+03:00,72.38550176588451,72.38550176588451,70.16811053729117,71.20289611816406,34809,0.0,0.0
2026-03-19 00:00:00+03:00,71.3014475553866,72.92753601074219,71.3014475553866,72.92753601074219,4738,0.0,0.0
2026-03-23 00:00:00+03:00,71.94202652769518,71.94202652769518,70.95651931498702,71.20289611816406,40888,0.0,0.0
2026-03-24 00:00:00+03:00,70.36522237392789,70.36522237392789,69.03478902930725,69.33043670654297,54575,0.0,0.0
2026-03-25 00:00:00+03:00,70.95652570834366,70.95652570834366,68.98551110533413,69.18260955810547,41020,0.0,0.0
2026-03-26 00:00:00+03:00,69.62608577619073,69.62608577619073,67.80289894444248,68.83767700195312,37160,0.0,0.0
2026-03-27 00:00:00+03:00,68.98550679865647,68.98550679865647,68.1478271484375,68.1478271484375,24552,0.0,0.0
2026-03-30 00:00:00+03:00,68.14782599780867,70.9565200805664,68.14782599780867,70.9565200805664,35275,0.0,0.0
2026-03-31 00:00:00+03:00,71.94203186035156,72.33623627841963,71.94203186035156,71.94203186035156,18682,0.0,0.0
2026-04-01 00:00:00+03:00,73.42029119997609,73.42029119997609,72.43478393554688,72.43478393554688,9592,0.0,0.0
2026-04-02 00:00:00+03:00,69.97101761573786,71.8434829711914,69.97101761573786,71.8434829711914,36888,0.0,0.0
2026-04-03 00:00:00+03:00,72.82898530867938,72.82898530867938,70.9565200805664,70.9565200805664,14630,0.0,0.0
2026-04-06 00:00:00+03:00,70.95651964265038,71.20289644696514,70.95651964265038,71.1043472290039,37808,0.0,0.0
2026-04-07 00:00:00+03:00,73.4202872345567,73.4202872345567,71.2521743774414,71.2521743774414,35368,0.0,0.0
2026-04-08 00:00:00+03:00,73.86376567026285,73.86376567026285,72.68115997314453,72.68115997314453,20689,0.0,0.0
2026-04-09 00:00:00+03:00,72.92753756776148,72.92753756776148,72.43478393554688,72.43478393554688,11393,0.0,0.0
2026-04-10 00:00:00+03:00,73.91304026956449,73.91304026956449,73.86376190185547,73.86376190185547,33489,0.0,0.0
2026-04-13 00:00:00+03:00,71.89275393734032,71.94203230946542,71.79420471191406,71.79420471191406,23332,0.0,0.0
2026-04-14 00:00:00+03:00,71.20290139603289,71.94203186035156,71.05507379940437,71.94203186035156,36133,0.0,0.0
2026-04-15 00:00:00+03:00,72.97681605089666,72.97681605089666,71.94203041412293,72.38550567626953,19224,0.0,0.0
2026-04-16 00:00:00+03:00,72.68116232467024,72.68116232467024,71.94203186035156,71.94203186035156,12932,0.0,0.0
2026-04-17 00:00:00+03:00,72.33623014145996,73.91304016113281,68.29565211641602,73.91304016113281,52264,0.0,0.0
2026-04-20 00:00:00+03:00,73.56812104759173,81.30435180664062,73.56812104759173,81.30435180664062,96802,0.0,0.0
2026-04-21 00:00:00+03:00,83.2753606703791,83.2753606703791,78.19999694824219,78.19999694824219,41213,0.0,0.0
2026-04-22 00:00:00+03:00,78.19999661889524,78.29854583740234,78.19999661889524,78.29854583740234,19599,0.0,0.0
2026-04-24 00:00:00+03:00,78.29854945776171,79.5797119140625,78.29854945776171,79.5797119140625,20375,0.0,0.0
2026-04-27 00:00:00+03:00,81.79709899004843,81.8956482079585,80.91014099121094,80.91014099121094,20434,0.0,0.0
2026-04-28 00:00:00+03:00,82.38840774893674,82.38840774893674,79.08695983886719,79.08695983886719,13076,0.0,0.0
2026-04-29 00:00:00+03:00,79.23478732301065,79.23478732301065,79.13623809814453,79.13623809814453,15382,0.0,0.0
2026-04-30 00:00:00+03:00,77.85507115400624,87.02029139865282,77.85507115400624,85.44347381591797,42313,0.0,0.0
2026-05-04 00:00:00+03:00,85.44347569870598,85.44347569870598,84.75362363017587,84.8521728515625,34206,0.0,0.0
2026-05-05 00:00:00+03:00,84.85217015598707,84.85217015598707,80.0724616417518,83.27536010742188,18524,0.0,0.0
2026-05-06 00:00:00+03:00,82.68405958554818,82.68405958554818,82.43768277362392,82.5362319946289,26808,0.0,0.0
2026-05-07 00:00:00+03:00,82.5362294026091,82.5362294026091,80.91014099121094,80.91014099121094,25266,0.0,0.0
2026-05-08 00:00:00+03:00,80.91014099121094,81.10724694585447,80.91014099121094,80.91014099121094,32914,0.0,0.0
2026-05-11 00:00:00+03:00,78.84057649957465,78.84057649957465,74.89854767459592,78.74202728271484,120052,0.0,0.0
2026-05-12 00:00:00+03:00,77.36232027983529,77.36232027983529,77.2637710571289,77.2637710571289,46446,0.0,0.0
2026-05-13 00:00:00+03:00,77.36232230134333,77.36232230134333,75.88406136564886,76.6231918334961,19189,0.0,0.0
2026-05-14 00:00:00+03:00,77.85507606123704,77.85507606123704,76.57391357421875,76.57391357421875,14785,0.0,0.0
2026-05-15 00:00:00+03:00,77.16522061857248,77.85507268547126,77.16522061857248,77.65797424316406,30642,0.0,0.0
2026-05-18 00:00:00+03:00,79.77681193273584,82.04348170200241,79.08695983886719,79.08695983886719,60402,0.0,0.0
2026-05-20 00:00:00+03:00,80.81159551520096,80.81159551520096,74.89855194091797,74.89855194091797,82288,0.0,0.0
2026-05-21 00:00:00+03:00,74.80000127694487,74.80000127694487,72.92753601074219,72.92753601074219,97792,0.0,0.0
2026-05-22 00:00:00+03:00,70.95652173913044,80.07246376811595,70.95652173913044,77.70724487304688,78444,0.0,0.0
2026-05-25 00:00:00+03:00,77.7072458417711,79.82608795166016,77.7072458417711,79.82608795166016,46781,0.0,0.0
2026-05-26 00:00:00+03:00,77.36231829157161,77.90435028076172,77.36231829157161,77.90435028076172,9882,0.0,0.0
2026-05-27 00:00:00+03:00,77.90435028076172,77.90435028076172,77.90435028076172,77.90435028076172,0,0.0,0.0
2026-05-28 00:00:00+03:00,77.90435028076172,77.90435028076172,77.90435028076172,77.90435028076172,0,0.0,0.0
2026-05-29 00:00:00+03:00,77.90435028076172,77.90435028076172,77.90435028076172,77.90435028076172,0,0.0,0.0
2026-06-01 00:00:00+03:00,77.36232151129306,77.36232151129306,76.86956787109375,76.86956787109375,33097,0.0,0.0
2026-06-02 00:00:00+03:00,76.869567202578,77.06666564941406,76.869567202578,77.06666564941406,30062,0.0,0.0
2026-06-03 00:00:00+03:00,77.75651975327636,77.75651975327636,74.89854736328125,76.3768081665039,24362,0.0,0.0
2026-06-04 00:00:00+03:00,77.3623161439371,77.3623161439371,76.13043212890625,76.13043212890625,35519,0.0,0.0
2026-06-05 00:00:00+03:00,76.13043489448303,76.17971326440372,75.24347686767578,75.24347686767578,20058,0.0,0.0
2026-06-08 00:00:00+03:00,74.8985535072175,74.8985535072175,74.40579986572266,74.40579986572266,30232,0.0,0.0
2026-06-09 00:00:00+03:00,74.70145505814912,74.70145505814912,74.40579986572266,74.40579986572266,25699,0.0,0.0
2026-06-10 00:00:00+03:00,74.30724487523172,74.30724487523172,73.81449127197266,73.81449127197266,13160,0.0,0.0
2026-06-11 00:00:00+03:00,71.94203186035156,72.53333472804172,71.94203186035156,71.94203186035156,32408,0.0,0.0
2026-06-12 00:00:00+03:00,71.84347954677965,73.91304325413059,71.84347954677965,72.92753601074219,24369,0.0,0.0
2026-06-15 00:00:00+03:00,73.71594900116784,74.40580110320438,73.71594900116784,74.0115966796875,35838,0.0,0.0
2026-06-16 00:00:00+03:00,74.01158937758301,74.11013859403319,73.91304016113281,73.91304016113281,22262,0.0,0.0
2026-06-17 00:00:00+03:00,73.91304336611996,73.91304336611996,72.87825775146484,72.87825775146484,39325,0.0,0.0
2026-06-18 00:00:00+03:00,72.87825919701052,72.87825919701052,72.43478393554688,72.43478393554688,27772,0.0,0.0
2026-06-19 00:00:00+03:00,72.43478438144851,72.43478438144851,72.28695678710938,72.28695678710938,19776,0.0,0.0
2026-06-22 00:00:00+03:00,72.43478393554688,72.92753756776148,72.43478393554688,72.43478393554688,29062,0.0,0.0
2026-06-23 00:00:00+03:00,72.04057497328613,72.04057497328613,71.44927215576172,71.44927215576172,21062,0.0,0.0
2026-06-24 00:00:00+03:00,71.44927525020145,71.44927525020145,70.4637680053711,70.4637680053711,31673,0.0,0.0
2026-06-25 00:00:00+03:00,71.44927369223701,71.44927369223701,70.85797086199698,70.9565200805664,19684,0.0,0.0
2026-06-26 00:00:00+03:00,70.95652319679797,70.95652319679797,69.97101593017578,69.97101593017578,14233,0.0,0.0
2026-06-29 00:00:00+03:00,69.97101135253907,69.97101135253907,68.98550415039062,68.98550415039062,24449,0.0,0.0
2026-06-30 00:00:00+03:00,68.88695646860141,68.88695646860141,68.49275207519531,68.49275207519531,30455,0.0,0.0
2026-07-01 00:00:00+03:00,68.4927505493164,68.98550415039062,68.4927505493164,68.98550415039062,24331,0.0,0.0
2026-07-02 00:00:00+03:00,68.88695526123047,69.42897971369338,68.88695526123047,68.88695526123047,18383,0.0,0.0
2026-07-03 00:00:00+03:00,69.57680762999742,69.57680762999742,68.78840637207031,68.78840637207031,19183,0.0,0.0
2026-07-06 00:00:00+03:00,68.78841038200201,68.83768123415652,65.68406098096523,67.50724792480469,37002,0.0,0.0
2026-07-07 00:00:00+03:00,68.83767809986686,68.83767809986686,68.49275207519531,68.49275207519531,22318,0.0,0.0
2026-07-08 00:00:00+03:00,68.29565176801047,68.29565176801047,62.3333302178995,64.1565170288086,49409,0.0,0.0
2026-07-09 00:00:00+03:00,65.8318871765702,65.8318871765702,64.79710155859925,65.5362319946289,40137,0.0,0.0
2026-07-10 00:00:00+03:00,66.02898550724638,68.0,66.02898550724638,68.0,30562,0.0,0.0
2026-07-13 00:00:00+03:00,68.55000305175781,68.55000305175781,67.80000305175781,67.80000305175781,9958,1.0,0.0
2026-07-14 00:00:00+03:00,67.80000305175781,68.94999694824219,67.80000305175781,68.94999694824219,13363,0.0,0.0
2026-07-16 00:00:00+03:00,68.44999694824219,70.0,68.44999694824219,69.9000015258789,18585,0.0,0.0
2026-07-17 00:00:00+03:00,69.30000305175781,69.30000305175781,68.55000305175781,68.8499984741211,12014,0.0,0.0
2026-07-20 00:00:00+03:00,67.30000305175781,68.0,67.30000305175781,67.80000305175781,22536,0.0,0.0
2026-07-21 00:00:00+03:00,67.80000305175781,67.80000305175781,66.05000305175781,66.05000305175781,19410,0.0,0.0
2026-07-22 00:00:00+03:00,66.05000305175781,66.05000305175781,65.0,65.0,16988,0.0,0.0
2026-07-23 00:00:00+03:00,64.30000305175781,71.5,64.30000305175781,71.5,53421,0.0,0.0
2026-07-24 00:00:00+03:00,70.19999694824219,73.0,70.19999694824219,72.44999694824219,47783,0.0,0.0
2026-07-27 00:00:00+03:00,71.75,71.75,69.44999694824219,71.5,11299,0.0,0.0
2026-07-28 00:00:00+03:00,70.5,70.5,69.0,69.0,9637,0.0,0.0
2026-07-29 00:00:00+03:00,68.44999694824219,68.44999694824219,66.94999694824219,66.94999694824219,13003,0.0,0.0
2026-07-30 00:00:00+03:00,66.5,67.5,66.5,66.80000305175781,15621,0.0,0.0
2026-08-03 00:00:00+03:00,67.0,67.0,66.5999984741211,66.5999984741211,8948,0.0,0.0
2026-08-04 00:00:00+03:00,66.05000305175781,66.05000305175781,65.0,65.9000015258789,10026,0.0,0.0
2026-08-05 00:00:00+03:00,66.0,67.0,66.0,67.0,10440,0.0,0.0
2026-08-06 00:00:00+03:00,68.0,68.94999694824219,68.0,68.9000015258789,10885,0.0,0.0
2026-08-07 00:00:00+03:00,72.0,75.75,72.0,75.75,80958,0.0,0.0
2026-08-10 00:00:00+03:00,77.0,79.0,77.0,79.0,69473,0.0,0.0
2026-08-11 00:00:00+03:00,78.5,78.5,73.0,73.0,38526,0.0,0.0
2026-08-12 00:00:00+03:00,72.55000305175781,75.0,70.0999984741211,75.0,23861,0.0,0.0
