date,open,high,low,close,volume,dividends,stock_splits
2020-08-14 00:00:00+03:00,1.2430340051651,1.3079279661178589,1.2214030027389526,1.2785710096359253,23328296,0.0,0.0
2020-08-17 00:00:00+03:00,1.2824339866638184,1.3063830137252808,1.2569400072097778,1.2662110328674316,12852043,0.0,0.0
2020-08-18 00:00:00+03:00,1.2693010568618774,1.2855240106582642,1.258484959602356,1.2615749835968018,11270931,0.0,0.0
2020-08-19 00:00:00+03:00,1.264665961265564,1.2855240106582642,1.2638930082321167,1.2700730562210083,15671624,0.0,0.0
2020-08-20 00:00:00+03:00,1.2716189622879028,1.2855240106582642,1.253849983215332,1.2662110328674316,12090036,0.0,0.0
2020-08-21 00:00:00+03:00,1.2693010568618774,1.2777990102767944,1.245352029800415,1.2468969821929932,10634015,0.0,0.0
2020-08-24 00:00:00+03:00,1.2468969821929932,1.2600300312042236,1.2306729555130005,1.2383990287780762,8086766,0.0,0.0
2020-08-25 00:00:00+03:00,1.2376259565353394,1.249987006187439,1.2098139524459839,1.2167669534683228,6564381,0.0,0.0
2020-08-26 00:00:00+03:00,1.2407159805297852,1.2793439626693726,1.2268110513687134,1.249215006828308,29079657,0.0,0.0
2020-08-27 00:00:00+03:00,1.2569400072097778,1.2638930082321167,1.2422620058059692,1.247668981552124,8557402,0.0,0.0
2020-08-28 00:00:00+03:00,1.253849983215332,1.2677559852600098,1.2376259565353394,1.2438069581985474,8159525,0.0,0.0
2020-08-31 00:00:00+03:00,1.251531958580017,1.2530770301818848,1.2275830507278442,1.2322180271148682,9913286,0.0,0.0
2020-09-01 00:00:00+03:00,1.2329909801483154,1.2561670541763306,1.2206300497055054,1.2407159805297852,10946383,0.0,0.0
2020-09-02 00:00:00+03:00,1.2445789575576782,1.258484959602356,1.2299009561538696,1.2329909801483154,13512065,0.0,0.0
2020-09-03 00:00:00+03:00,1.2438069581985474,1.260802984237671,1.2237199544906616,1.2237199544906616,19996361,0.0,0.0
2020-09-04 00:00:00+03:00,1.2206300497055054,1.249215006828308,1.2167669534683228,1.2260379791259766,8494817,0.0,0.0
2020-09-07 00:00:00+03:00,1.2383990287780762,1.2708460092544556,1.2283560037612915,1.251531958580017,19690685,0.0,0.0
2020-09-08 00:00:00+03:00,1.2615749835968018,1.2708460092544556,1.2407159805297852,1.2569400072097778,19147265,0.0,0.0
2020-09-09 00:00:00+03:00,1.2561670541763306,1.2693010568618774,1.249215006828308,1.2553950548171997,16274070,0.0,0.0
2020-09-10 00:00:00+03:00,1.2669830322265625,1.3017480373382568,1.253849983215332,1.2700730562210083,45085305,0.0,0.0
2020-09-11 00:00:00+03:00,1.2793439626693726,1.2832070589065552,1.2654379606246948,1.2662110328674316,12613936,0.0,0.0
2020-09-14 00:00:00+03:00,1.2708460092544556,1.2793439626693726,1.2553950548171997,1.2638930082321167,8908925,0.0,0.0
2020-09-15 00:00:00+03:00,1.264665961265564,1.2855240106582642,1.2569400072097778,1.2739360332489014,22692481,0.0,0.0
2020-09-16 00:00:00+03:00,1.2793439626693726,1.2893869876861572,1.2662110328674316,1.2785710096359253,21150796,0.0,0.0
2020-09-17 00:00:00+03:00,1.2747089862823486,1.311018943786621,1.2700730562210083,1.3102459907531738,35558789,0.0,0.0
2020-09-18 00:00:00+03:00,1.3187439441680908,1.34346604347229,1.2870700359344482,1.2932499647140503,26227444,0.0,0.0
2020-09-21 00:00:00+03:00,1.294795036315918,1.3226070404052734,1.2762540578842163,1.2901599407196045,21234027,0.0,0.0
2020-09-22 00:00:00+03:00,1.294795036315918,1.341148018836975,1.294795036315918,1.3195170164108276,27166450,0.0,0.0
2020-09-23 00:00:00+03:00,1.3365130424499512,1.3635519742965698,1.3287869691848755,1.337285041809082,25958957,0.0,0.0
2020-09-24 00:00:00+03:00,1.3249249458312988,1.3635519742965698,1.3210619688034058,1.3535089492797852,18403961,0.0,0.0
2020-09-25 00:00:00+03:00,1.3643250465393066,1.3867290019989014,1.34346604347229,1.3867290019989014,27212661,0.0,0.0
2020-09-28 00:00:00+03:00,1.392909049987793,1.448533058166504,1.3836380243301392,1.409904956817627,48787132,0.0,0.0
2020-09-29 00:00:00+03:00,1.4153130054473877,1.4269009828567505,1.3836380243301392,1.3983169794082642,34794322,0.0,0.0
2020-09-30 00:00:00+03:00,1.4060419797897339,1.4562580585479736,1.4021799564361572,1.4346270561218262,34953793,0.0,0.0
2020-10-01 00:00:00+03:00,1.4369440078735352,1.4747990369796753,1.4044970273971558,1.4137680530548096,46257797,0.0,0.0
2020-10-02 00:00:00+03:00,1.405269980430603,1.446215033531189,1.3913639783859253,1.4222660064697266,20792464,0.0,0.0
2020-10-05 00:00:00+03:00,1.4261289834976196,1.4670740365982056,1.4253560304641724,1.4315370321273804,16692799,0.0,0.0
2020-10-06 00:00:00+03:00,1.4338539838790894,1.4408069849014282,1.4129949808120728,1.4199479818344116,20931005,0.0,0.0
2020-10-07 00:00:00+03:00,1.4176310300827026,1.4778900146484375,1.405269980430603,1.4732539653778076,44965663,0.0,0.0
2020-10-08 00:00:00+03:00,1.492568016052246,1.5026110410690308,1.443897008895874,1.4531680345535278,22209212,0.0,0.0
2020-10-09 00:00:00+03:00,1.452394962310791,1.4894779920578003,1.445443034172058,1.4717090129852295,17766230,0.0,0.0
2020-10-12 00:00:00+03:00,1.4778900146484375,1.5257879495620728,1.4678460359573364,1.5111089944839478,35142959,0.0,0.0
2020-10-13 00:00:00+03:00,1.5165170431137085,1.59763503074646,1.4941129684448242,1.5196069478988647,76121934,0.0,0.0
2020-10-14 00:00:00+03:00,1.5319679975509644,1.5366040468215942,1.4902499914169312,1.499521017074585,18188921,0.0,0.0
2020-10-15 00:00:00+03:00,1.4964309930801392,1.4964309930801392,1.458575963973999,1.4647560119628906,13591852,0.0,0.0
2020-10-16 00:00:00+03:00,1.4717090129852295,1.5095640420913696,1.4639840126037598,1.494886040687561,22212435,0.0,0.0
2020-10-19 00:00:00+03:00,1.494886040687561,1.5026110410690308,1.4794349670410156,1.4825249910354614,13097050,0.0,0.0
2020-10-20 00:00:00+03:00,1.4832979440689087,1.5512820482254028,1.4832979440689087,1.5381489992141724,36172224,0.0,0.0
2020-10-21 00:00:00+03:00,1.5682779550552368,1.5713679790496826,1.4902499914169312,1.4902499914169312,60345669,0.0,0.0
2020-10-22 00:00:00+03:00,1.4840699434280396,1.5018390417099,1.465528964996338,1.4724819660186768,16532668,0.0,0.0
2020-10-23 00:00:00+03:00,1.4825249910354614,1.501065969467163,1.4446699619293213,1.4601210355758667,23358288,0.0,0.0
2020-10-26 00:00:00+03:00,1.4531680345535278,1.4531680345535278,1.341148018836975,1.3511910438537598,20972568,0.0,0.0
2020-10-27 00:00:00+03:00,1.3380579948425293,1.3836380243301392,1.3210619688034058,1.3558269739151,10994716,0.0,0.0
2020-10-28 00:00:00+03:00,1.3550540208816528,1.3743679523468018,1.3148809671401978,1.3148809671401978,4167866,0.0,0.0
2020-10-30 00:00:00+03:00,1.2917050123214722,1.3087010383605957,1.249987006187439,1.260802984237671,10169929,0.0,0.0
2020-11-02 00:00:00+03:00,1.2747089862823486,1.3063830137252808,1.2592580318450928,1.2762540578842163,10334747,0.0,0.0
2020-11-03 00:00:00+03:00,1.2770260572433472,1.30561101436615,1.2468969821929932,1.2731640338897705,12107187,0.0,0.0
2020-11-04 00:00:00+03:00,1.2754809856414795,1.3326499462127686,1.2754809856414795,1.3195170164108276,17984015,0.0,0.0
2020-11-05 00:00:00+03:00,1.3226070404052734,1.3712780475616455,1.3226070404052734,1.348101019859314,10742565,0.0,0.0
2020-11-06 00:00:00+03:00,1.3558269739151,1.367414951324463,1.3218339681625366,1.3465559482574463,8941816,0.0,0.0
2020-11-09 00:00:00+03:00,1.367414951324463,1.3813209533691406,1.3573720455169678,1.3735949993133545,10752079,0.0,0.0
2020-11-10 00:00:00+03:00,1.3882739543914795,1.4060419797897339,1.3596889972686768,1.3643250465393066,16091234,0.0,0.0
2020-11-11 00:00:00+03:00,1.3689600229263306,1.3820929527282715,1.3596889972686768,1.3666419982910156,15053659,0.0,0.0
2020-11-12 00:00:00+03:00,1.3790030479431152,1.3797760009765625,1.3102459907531738,1.3241519927978516,12858956,0.0,0.0
2020-11-13 00:00:00+03:00,1.3249249458312988,1.348101019859314,1.2592580318450928,1.31797194480896,13236976,0.0,0.0
2020-11-16 00:00:00+03:00,1.3264700174331665,1.3311049938201904,1.3087010383605957,1.3148809671401978,10558163,0.0,0.0
2020-11-17 00:00:00+03:00,1.3202890157699585,1.3705049753189087,1.3017480373382568,1.3195170164108276,32059409,0.0,0.0
2020-11-18 00:00:00+03:00,1.3195170164108276,1.3581440448760986,1.3187439441680908,1.3233790397644043,14174260,0.0,0.0
2020-11-19 00:00:00+03:00,1.3241519927978516,1.34346604347229,1.3171989917755127,1.3241519927978516,15240054,0.0,0.0
2020-11-20 00:00:00+03:00,1.3287869691848755,1.356598973274231,1.3249249458312988,1.3365130424499512,14887831,0.0,0.0
2020-11-23 00:00:00+03:00,1.3419209718704224,1.3581440448760986,1.3102459907531738,1.31797194480896,17904577,0.0,0.0
2020-11-24 00:00:00+03:00,1.3264700174331665,1.3380579948425293,1.3125640153884888,1.31797194480896,14440754,0.0,0.0
2020-11-25 00:00:00+03:00,1.3264700174331665,1.337285041809082,1.3156540393829346,1.31797194480896,15401014,0.0,0.0
2020-11-26 00:00:00+03:00,1.3195170164108276,1.3550540208816528,1.3195170164108276,1.3403760194778442,30456330,0.0,0.0
2020-11-27 00:00:00+03:00,1.344238042831421,1.351963996887207,1.3164260387420654,1.3233790397644043,11237600,0.0,0.0
2020-11-30 00:00:00+03:00,1.3187439441680908,1.3210619688034058,1.290932059288025,1.2932499647140503,9723046,0.0,0.0
2020-12-01 00:00:00+03:00,1.3017480373382568,1.3836380243301392,1.3017480373382568,1.3635519742965698,62039551,0.0,0.0
2020-12-02 00:00:00+03:00,1.3828660249710083,1.5018390417099,1.3805480003356934,1.5018390417099,75922685,0.0,0.0
2020-12-03 00:00:00+03:00,1.5451020002365112,1.603814959526062,1.494886040687561,1.495658040046692,100511105,0.0,0.0
2020-12-04 00:00:00+03:00,1.4832979440689087,1.643988013267517,1.4709370136260986,1.552827000617981,139397792,0.0,0.0
2020-12-07 00:00:00+03:00,1.552827000617981,1.552827000617981,1.492568016052246,1.508018970489502,28504679,0.0,0.0
2020-12-08 00:00:00+03:00,1.507246971130371,1.5651880502700806,1.5041559934616089,1.5126539468765259,35000884,0.0,0.0
2020-12-09 00:00:00+03:00,1.5250149965286255,1.6455329656600952,1.51419997215271,1.548192024230957,83135296,0.0,0.0
2020-12-10 00:00:00+03:00,1.5667330026626587,1.5760040283203125,1.5366040468215942,1.542011022567749,24694445,0.0,0.0
2020-12-11 00:00:00+03:00,1.5396939516067505,1.563642978668213,1.5196069478988647,1.5466469526290894,21783725,0.0,0.0
2020-12-14 00:00:00+03:00,1.559008002281189,1.59763503074646,1.5451020002365112,1.5512820482254028,24683974,0.0,0.0
2020-12-15 00:00:00+03:00,1.5574619770050049,1.6269919872283936,1.5512820482254028,1.5620980262756348,44032003,0.0,0.0
2020-12-16 00:00:00+03:00,1.5651880502700806,1.5837290287017822,1.5219249725341797,1.5288779735565186,23704699,0.0,0.0
2020-12-17 00:00:00+03:00,1.5381489992141724,1.5512820482254028,1.5157450437545776,1.5196069478988647,16404818,0.0,0.0
2020-12-18 00:00:00+03:00,1.5157450437545776,1.5698230266571045,1.5157450437545776,1.5412390232086182,17556652,0.0,0.0
2020-12-21 00:00:00+03:00,1.5296510457992554,1.559008002281189,1.453940987586975,1.5149719715118408,26303051,0.0,0.0
2020-12-22 00:00:00+03:00,1.5250149965286255,1.665619969367981,1.5203800201416016,1.665619969367981,77011869,0.0,0.0
2020-12-23 00:00:00+03:00,1.6841609477996826,1.7135180234909058,1.6007250547409058,1.6254470348358154,50376269,0.0,0.0
2020-12-24 00:00:00+03:00,1.6285370588302612,1.756780982017517,1.6254470348358154,1.6455329656600952,81212614,0.0,0.0
2020-12-25 00:00:00+03:00,1.6671650409698486,1.688796043395996,1.6177209615707397,1.6285370588302612,20341037,0.0,0.0
2020-12-28 00:00:00+03:00,1.6285370588302612,1.704246997833252,1.6285370588302612,1.6795250177383423,25345069,0.0,0.0
2020-12-29 00:00:00+03:00,1.6872509717941284,1.7336039543151855,1.6609840393066406,1.7150629758834839,39754991,0.0,0.0
2020-12-30 00:00:00+03:00,1.7212430238723755,1.750599980354309,1.699612021446228,1.7088819742202759,28291580,0.0,0.0
2020-12-31 00:00:00+03:00,1.7196979522705078,1.8649380207061768,1.7150629758834839,1.7830469608306885,86644902,0.0,0.0
2021-01-04 00:00:00+03:00,1.7923179864883423,1.8093140125274658,1.7691409587860107,1.7799570560455322,25493150,0.0,0.0
2021-01-05 00:00:00+03:00,1.7830469608306885,1.8077689409255981,1.7366939783096313,1.7660510540008545,25328811,0.0,0.0
2021-01-06 00:00:00+03:00,1.7691409587860107,1.8649380207061768,1.7691409587860107,1.8232200145721436,41177059,0.0,0.0
2021-01-07 00:00:00+03:00,1.8263100385665894,1.9190160036087036,1.8247649669647217,1.8726630210876465,42307016,0.0,0.0
2021-01-08 00:00:00+03:00,1.900475025177002,1.9360120296478271,1.861847996711731,1.8742079734802246,33817208,0.0,0.0
2021-01-11 00:00:00+03:00,1.8742079734802246,1.8989299535751343,1.8247649669647217,1.8433059453964233,16620610,0.0,0.0
2021-01-12 00:00:00+03:00,1.851032018661499,1.9344669580459595,1.8494869470596313,1.900475025177002,30137930,0.0,0.0
2021-01-13 00:00:00+03:00,1.9112910032272339,1.9267419576644897,1.855666995048523,1.8819340467453003,23006583,0.0,0.0
2021-01-14 00:00:00+03:00,1.8772989511489868,1.9190160036087036,1.8772989511489868,1.895840048789978,16987175,0.0,0.0
2021-01-15 00:00:00+03:00,1.908200979232788,1.908200979232788,1.8124040365219116,1.8278549909591675,25041529,0.0,0.0
2021-01-18 00:00:00+03:00,1.8232200145721436,1.991636037826538,1.800042986869812,1.957643985748291,47103864,0.0,0.0
2021-01-19 00:00:00+03:00,1.9700050354003906,1.9792749881744385,1.90201997756958,1.9112910032272339,28708109,0.0,0.0
2021-01-20 00:00:00+03:00,1.9112910032272339,2.028718948364258,1.8912039995193481,1.9993619918823242,34934041,0.0,0.0
2021-01-21 00:00:00+03:00,2.02253794670105,2.039534091949463,1.9437379837036133,1.9591890573501587,23858501,0.0,0.0
2021-01-22 00:00:00+03:00,1.9545539617538452,2.0179030895233154,1.9313770532608032,2.005542039871216,20760078,0.0,0.0
2021-01-25 00:00:00+03:00,2.028718948364258,2.0441699028015137,1.9545539617538452,2.016357898712158,23099573,0.0,0.0
2021-01-26 00:00:00+03:00,2.01481294631958,2.136876106262207,2.007086992263794,2.0781619548797607,34471184,0.0,0.0
2021-01-27 00:00:00+03:00,2.062711000442505,2.082797050476074,1.9313770532608032,1.9746400117874146,24949108,0.0,0.0
2021-01-28 00:00:00+03:00,1.957643985748291,2.0117220878601074,1.900475025177002,2.008631944656372,23839900,0.0,0.0
2021-01-29 00:00:00+03:00,1.9931809902191162,2.1013379096984863,1.946828007698059,1.962278962135315,42941097,0.0,0.0
2021-02-01 00:00:00+03:00,2.0024518966674805,2.0194480419158936,1.9669140577316284,1.9823650121688843,16032235,0.0,0.0
2021-02-02 00:00:00+03:00,1.997817039489746,2.169322967529297,1.9947259426116943,2.1446011066436768,42872079,0.0,0.0
2021-02-03 00:00:00+03:00,2.147691011428833,2.155416965484619,2.047260046005249,2.096703052520752,17021037,0.0,0.0
2021-02-04 00:00:00+03:00,2.1028831005096436,2.147691011428833,2.082797050476074,2.0889780521392822,11910449,0.0,0.0
2021-02-05 00:00:00+03:00,2.105973958969116,2.155416965484619,2.0936129093170166,2.095158100128174,14695792,0.0,0.0
2021-02-08 00:00:00+03:00,2.1399660110473633,2.220310926437378,2.1229701042175293,2.220310926437378,27642963,0.0,0.0
2021-02-09 00:00:00+03:00,2.212585926055908,2.212585926055908,2.138421058654785,2.155416965484619,16336745,0.0,0.0
2021-02-10 00:00:00+03:00,2.1600520610809326,2.21104097366333,2.138421058654785,2.155416965484619,17159603,0.0,0.0
2021-02-11 00:00:00+03:00,2.169322967529297,2.201770067214966,2.130695104598999,2.187864065170288,14870279,0.0,0.0
2021-02-12 00:00:00+03:00,2.1724131107330322,2.2573940753936768,2.1677780151367188,2.2064049243927,21547728,0.0,0.0
2021-02-15 00:00:00+03:00,2.2172210216522217,2.2882959842681885,2.2094950675964355,2.2713000774383545,19744753,0.0,0.0
2021-02-16 00:00:00+03:00,2.279025077819824,2.3562800884246826,2.1971349716186523,2.2743899822235107,16050188,0.0,0.0
2021-02-17 00:00:00+03:00,2.275934934616089,2.2867510318756104,2.163141965866089,2.18631911277771,27217191,0.0,0.0
2021-02-18 00:00:00+03:00,2.1785929203033447,2.254302978515625,2.146146059036255,2.235761880874634,28830742,0.0,0.0
2021-02-19 00:00:00+03:00,2.224946975708008,2.3547348976135254,2.2234010696411133,2.309926986694336,30963429,0.0,0.0
2021-02-22 00:00:00+03:00,2.317652940750122,2.4273550510406494,2.279025077819824,2.3794569969177246,32929526,0.0,0.0
2021-02-23 00:00:00+03:00,2.40263295173645,2.4134490489959717,2.212585926055908,2.226491928100586,19987184,0.0,0.0
2021-02-24 00:00:00+03:00,2.226491928100586,2.2743899822235107,2.113698959350586,2.132240056991577,19957917,0.0,0.0
2021-02-25 00:00:00+03:00,2.163141965866089,2.189409017562866,2.045715093612671,2.0766170024871826,17977828,0.0,0.0
2021-02-26 00:00:00+03:00,1.9746400117874146,2.1183340549468994,1.9746400117874146,2.0549850463867188,15032987,0.0,0.0
2021-03-01 00:00:00+03:00,2.1013379096984863,2.260483980178833,2.0858869552612305,2.260483980178833,20518890,0.0,0.0
2021-03-02 00:00:00+03:00,2.262028932571411,2.348555088043213,2.2295820713043213,2.2898409366607666,21415581,0.0,0.0
2021-03-03 00:00:00+03:00,2.3207430839538574,2.342374086380005,2.262028932571411,2.2713000774383545,16387797,0.0,0.0
2021-03-04 00:00:00+03:00,2.2805700302124023,2.2867510318756104,2.1847739219665527,2.279025077819824,18867840,0.0,0.0
2021-03-05 00:00:00+03:00,2.243488073348999,2.275934934616089,2.1986799240112305,2.2403979301452637,11445793,0.0,0.0
2021-03-08 00:00:00+03:00,2.2743899822235107,2.302201986312866,2.163141965866089,2.1940441131591797,14756345,0.0,0.0
2021-03-09 00:00:00+03:00,2.21104097366333,2.302201986312866,2.18631911277771,2.269753932952881,15051782,0.0,0.0
2021-03-10 00:00:00+03:00,2.4953389167785645,2.4953389167785645,2.441261053085327,2.4953389167785645,12851202,0.0,0.0
2021-03-11 00:00:00+03:00,2.703927993774414,2.7317399978637695,2.4876139163970947,2.6251280307769775,102051910,0.0,0.0
2021-03-12 00:00:00+03:00,2.6174020767211914,2.6174020767211914,2.441261053085327,2.472162961959839,30391066,0.0,0.0
2021-03-15 00:00:00+03:00,2.455167055130005,2.458256959915161,2.3871819972991943,2.3949079513549805,29750901,0.0,0.0
2021-03-16 00:00:00+03:00,2.4041779041290283,2.4366250038146973,2.3640060424804688,2.3717310428619385,19635751,0.0,0.0
2021-03-17 00:00:00+03:00,2.3933629989624023,2.6081318855285645,2.3732759952545166,2.52778697013855,79987918,0.0,0.0
2021-03-18 00:00:00+03:00,2.5339670181274414,2.688477039337158,2.4845240116119385,2.662209987640381,59186030,0.0,0.0
2021-03-19 00:00:00+03:00,2.6498498916625977,2.6498498916625977,2.513880968093872,2.618947982788086,26283790,0.0,0.0
2021-03-22 00:00:00+03:00,2.3578250408172607,2.439716100692749,2.3578250408172607,2.3578250408172607,15581559,0.0,0.0
2021-03-23 00:00:00+03:00,2.1229701042175293,2.4103589057922363,2.1229701042175293,2.2481229305267334,73803912,0.0,0.0
2021-03-24 00:00:00+03:00,2.2852048873901367,2.4103589057922363,2.2481229305267334,2.3810019493103027,33216575,0.0,0.0
2021-03-25 00:00:00+03:00,2.3810019493103027,2.529331922531128,2.3547348976135254,2.3794569969177246,59738434,0.0,0.0
2021-03-26 00:00:00+03:00,2.401087999343872,2.418083906173706,2.2403979301452637,2.3191978931427,18612647,0.0,0.0
2021-03-29 00:00:00+03:00,2.317652940750122,2.348555088043213,2.2496678829193115,2.2743899822235107,15967035,0.0,0.0
2021-03-30 00:00:00+03:00,2.275934934616089,2.311471939086914,2.2234010696411133,2.238852024078369,11843541,0.0,0.0
2021-03-31 00:00:00+03:00,2.2635738849639893,2.3037469387054443,2.2234010696411133,2.2295820713043213,11598120,0.0,0.0
2021-04-01 00:00:00+03:00,2.2326719760894775,2.2713000774383545,2.2172210216522217,2.2635738849639893,14012161,0.0,0.0
2021-04-02 00:00:00+03:00,2.2666640281677246,2.345463991165161,2.243488073348999,2.275934934616089,30213874,0.0,0.0
2021-04-05 00:00:00+03:00,2.275934934616089,2.325377941131592,2.2666640281677246,2.3052918910980225,15008678,0.0,0.0
2021-04-06 00:00:00+03:00,2.308382034301758,2.3887269496917725,2.2682089805603027,2.269753932952881,26240855,0.0,0.0
2021-04-07 00:00:00+03:00,2.269753932952881,2.2852048873901367,2.1986799240112305,2.21104097366333,12872120,0.0,0.0
2021-04-08 00:00:00+03:00,2.2172210216522217,2.2512130737304688,2.1909539699554443,2.1940441131591797,10498697,0.0,0.0
2021-04-09 00:00:00+03:00,2.1986799240112305,2.21104097366333,2.0889780521392822,2.1090641021728516,14765574,0.0,0.0
2021-04-12 00:00:00+03:00,2.1090641021728516,2.201770067214966,2.064255952835083,2.0704360008239746,25530351,0.0,0.0
2021-04-13 00:00:00+03:00,2.079706907272339,2.0936129093170166,2.0024518966674805,2.0534400939941406,9751899,0.0,0.0
2021-04-14 00:00:00+03:00,2.09824800491333,2.152327060699463,2.0843420028686523,2.113698959350586,8276035,0.0,0.0
2021-04-15 00:00:00+03:00,2.1245150566101074,2.1615970134735107,2.0874319076538086,2.1569619178771973,11410482,0.0,0.0
2021-04-16 00:00:00+03:00,2.1399660110473633,2.1585071086883545,2.096703052520752,2.1245150566101074,6659106,0.0,0.0
2021-04-19 00:00:00+03:00,2.132240056991577,2.138421058654785,2.0441699028015137,2.0441699028015137,5976394,0.0,0.0
2021-04-20 00:00:00+03:00,2.058074951171875,2.0611660480499268,1.962278962135315,1.9715499877929688,6186892,0.0,0.0
2021-04-21 00:00:00+03:00,1.9545539617538452,2.0039970874786377,1.8757530450820923,1.8973850011825562,7903658,0.0,0.0
2021-04-22 00:00:00+03:00,1.855666995048523,2.0858869552612305,1.855666995048523,2.0858869552612305,27174230,0.0,0.0
2021-04-26 00:00:00+03:00,2.048804998397827,2.1167891025543213,2.048804998397827,2.1028831005096436,11522992,0.0,0.0
2021-04-27 00:00:00+03:00,2.1090641021728516,2.221856117248535,2.1075189113616943,2.170867919921875,11567831,0.0,0.0
2021-04-28 00:00:00+03:00,2.1646881103515625,2.3871819972991943,2.146146059036255,2.2496678829193115,33343143,0.0,0.0
2021-04-29 00:00:00+03:00,2.243488073348999,2.3408288955688477,2.235761880874634,2.2496678829193115,9494194,0.0,0.0
2021-04-30 00:00:00+03:00,2.2403979301452637,2.3701860904693604,2.224946975708008,2.2836599349975586,17193116,0.0,0.0
2021-05-03 00:00:00+03:00,2.2836599349975586,2.348555088043213,2.2481229305267334,2.3052918910980225,9551381,0.0,0.0
2021-05-04 00:00:00+03:00,2.316107988357544,2.4289000034332275,2.29447603225708,2.4196290969848633,16757546,0.0,0.0
2021-05-05 00:00:00+03:00,2.4289000034332275,2.530877113342285,2.350100040435791,2.475253105163574,21901607,0.0,0.0
2021-05-06 00:00:00+03:00,2.4273550510406494,2.456712007522583,2.3145620822906494,2.416538953781128,20721232,0.0,0.0
2021-05-07 00:00:00+03:00,2.416538953781128,2.473707914352417,2.391818046569824,2.399543046951294,8307515,0.0,0.0
2021-05-10 00:00:00+03:00,2.401087999343872,2.4628920555114746,2.3794569969177246,2.4057230949401855,19144366,0.0,0.0
2021-05-11 00:00:00+03:00,2.3794569969177246,2.41499400138855,2.308382034301758,2.3191978931427,5285812,0.0,0.0
2021-05-12 00:00:00+03:00,2.3191978931427,2.3717310428619385,2.309926986694336,2.3562800884246826,1988787,0.0,0.0
2021-05-17 00:00:00+03:00,2.3933629989624023,2.431989908218384,2.3222880363464355,2.41499400138855,7398967,0.0,0.0
2021-05-18 00:00:00+03:00,2.41499400138855,2.5200610160827637,2.408813953399658,2.5200610160827637,12691575,0.0,0.0
2021-05-20 00:00:00+03:00,2.5107901096343994,2.662209987640381,2.5030651092529297,2.588046073913574,19499811,0.0,0.0
2021-05-21 00:00:00+03:00,2.5864999294281006,2.597316026687622,2.51542592048645,2.5664141178131104,6567475,0.0,0.0
2021-05-24 00:00:00+03:00,2.557142972946167,2.6004059314727783,2.4999749660491943,2.5540530681610107,8158813,0.0,0.0
2021-05-25 00:00:00+03:00,2.557142972946167,2.6328530311584473,2.4520769119262695,2.4644370079040527,15895972,0.0,0.0
2021-05-26 00:00:00+03:00,2.4845240116119385,2.5756850242614746,2.431989908218384,2.5741400718688965,7916085,0.0,0.0
2021-05-27 00:00:00+03:00,2.564868927001953,2.5988609790802,2.4783430099487305,2.5432379245758057,6508437,0.0,0.0
2021-05-28 00:00:00+03:00,2.5370569229125977,2.5756850242614746,2.4783430099487305,2.5494179725646973,5384071,0.0,0.0
2021-05-31 00:00:00+03:00,2.5494179725646973,2.5525081157684326,2.472162961959839,2.4814329147338867,5862965,0.0,0.0
2021-06-01 00:00:00+03:00,2.4937939643859863,2.52315092086792,2.4196290969848633,2.455167055130005,5437724,0.0,0.0
2021-06-02 00:00:00+03:00,2.4134490489959717,2.4814329147338867,2.4103589057922363,2.4428060054779053,4008019,0.0,0.0
2021-06-03 00:00:00+03:00,2.4428060054779053,2.4675281047821045,2.368640899658203,2.382546901702881,4306705,0.0,0.0
2021-06-04 00:00:00+03:00,2.385637044906616,2.4304449558258057,2.368640899658203,2.382546901702881,2952348,0.0,0.0
2021-06-07 00:00:00+03:00,2.382546901702881,2.448986053466797,2.334649085998535,2.4103589057922363,6724293,0.0,0.0
2021-06-08 00:00:00+03:00,2.4057230949401855,2.4273550510406494,2.3887269496917725,2.4103589057922363,1953592,0.0,0.0
2021-06-09 00:00:00+03:00,2.408813953399658,2.4690730571746826,2.397998094558716,2.433535099029541,5713654,0.0,0.0
2021-06-10 00:00:00+03:00,2.435080051422119,2.5185160636901855,2.4211740493774414,2.509244918823242,6659585,0.0,0.0
2021-06-11 00:00:00+03:00,2.509244918823242,2.564868927001953,2.4937939643859863,2.5200610160827637,5522754,0.0,0.0
2021-06-14 00:00:00+03:00,2.5200610160827637,2.540147066116333,2.448986053466797,2.456712007522583,3174482,0.0,0.0
2021-06-15 00:00:00+03:00,2.4628920555114746,2.5030651092529297,2.3949079513549805,2.4520769119262695,5667845,0.0,0.0
2021-06-16 00:00:00+03:00,2.4520769119262695,2.5030651092529297,2.4103589057922363,2.4289000034332275,5253866,0.0,0.0
2021-06-17 00:00:00+03:00,2.4211740493774414,2.4366250038146973,2.365550994873047,2.3871819972991943,4322885,0.0,0.0
2021-06-18 00:00:00+03:00,2.3902719020843506,2.4103589057922363,2.3145620822906494,2.3207430839538574,4027436,0.0,0.0
2021-06-21 00:00:00+03:00,2.317652940750122,2.351644992828369,2.2635738849639893,2.333103895187378,4426244,0.0,0.0
2021-06-22 00:00:00+03:00,2.343919038772583,2.4289000034332275,2.3207430839538574,2.424264907836914,6784341,0.0,0.0
2021-06-23 00:00:00+03:00,2.424264907836914,2.448986053466797,2.408813953399658,2.433535099029541,3758949,0.0,0.0
2021-06-24 00:00:00+03:00,2.433535099029541,2.5494179725646973,2.4304449558258057,2.541692018508911,10828591,0.0,0.0
2021-06-25 00:00:00+03:00,2.5355119705200195,2.588046073913574,2.4829790592193604,2.5370569229125977,12989562,0.0,0.0
2021-06-28 00:00:00+03:00,2.5494179725646973,2.572593927383423,2.4783430099487305,2.5324220657348633,6566776,0.0,0.0
2021-06-29 00:00:00+03:00,2.5185160636901855,2.6807520389556885,2.498430013656616,2.6730260848999023,22291213,0.0,0.0
2021-06-30 00:00:00+03:00,2.671480894088745,2.7394659519195557,2.557142972946167,2.5695040225982666,16058809,0.0,0.0
2021-07-01 00:00:00+03:00,2.5741400718688965,2.6560299396514893,2.5540530681610107,2.5895910263061523,5493164,0.0,0.0
2021-07-02 00:00:00+03:00,2.5895910263061523,2.741010904312134,2.564868927001953,2.7116539478302,17261526,0.0,0.0
2021-07-05 00:00:00+03:00,2.727104902267456,2.8136301040649414,2.662209987640381,2.793544054031372,15463470,0.0,0.0
2021-07-06 00:00:00+03:00,2.818265914916992,2.9820470809936523,2.671480894088745,2.7085630893707275,37275362,0.0,0.0
2021-07-07 00:00:00+03:00,2.734829902648926,2.7889089584350586,2.6653010845184326,2.685386896133423,15606839,0.0,0.0
2021-07-08 00:00:00+03:00,2.6962029933929443,2.7456459999084473,2.6328530311584473,2.6745710372924805,12140440,0.0,0.0
2021-07-09 00:00:00+03:00,2.6761159896850586,2.741010904312134,2.634398937225342,2.734829902648926,11141995,0.0,0.0
2021-07-12 00:00:00+03:00,2.7332849502563477,2.758007049560547,2.6390340328216553,2.6390340328216553,8270987,0.0,0.0
2021-07-13 00:00:00+03:00,2.6575748920440674,2.703927993774414,2.538602113723755,2.5432379245758057,8672255,0.0,0.0
2021-07-14 00:00:00+03:00,2.5494179725646973,2.5911359786987305,2.5200610160827637,2.5586891174316406,7469370,0.0,0.0
2021-07-16 00:00:00+03:00,2.5664141178131104,2.5942258834838867,2.5494179725646973,2.564868927001953,4034167,0.0,0.0
2021-07-19 00:00:00+03:00,2.561779022216797,2.572593927383423,2.5432379245758057,2.5494179725646973,975896,0.0,0.0
2021-07-26 00:00:00+03:00,2.5494179725646973,2.564868927001953,2.51542592048645,2.5185160636901855,6408896,0.0,0.0
2021-07-27 00:00:00+03:00,2.51542592048645,2.6390340328216553,2.5107901096343994,2.60349702835083,9396427,0.0,0.0
2021-07-28 00:00:00+03:00,2.6065869331359863,2.651395082473755,2.5864999294281006,2.6112220287323,5821958,0.0,0.0
2021-07-29 00:00:00+03:00,2.6251280307769775,2.652940034866333,2.605041980743408,2.6390340328216553,4150431,0.0,0.0
2021-07-30 00:00:00+03:00,2.63594388961792,2.6653010845184326,2.6096770763397217,2.628217935562134,2951533,0.0,0.0
2021-08-02 00:00:00+03:00,2.6405789852142334,2.6560299396514893,2.597316026687622,2.597316026687622,4351816,0.0,0.0
2021-08-03 00:00:00+03:00,2.6096770763397217,2.68693208694458,2.5942258834838867,2.6761159896850586,9944391,0.0,0.0
2021-08-04 00:00:00+03:00,2.671480894088745,2.717833995819092,2.6328530311584473,2.710108995437622,8586552,0.0,0.0
2021-08-05 00:00:00+03:00,2.710108995437622,2.7626419067382812,2.6730260848999023,2.6992928981781006,7010785,0.0,0.0
2021-08-06 00:00:00+03:00,2.702383041381836,2.703927993774414,2.6591200828552246,2.671480894088745,5239356,0.0,0.0
2021-08-09 00:00:00+03:00,2.688477039337158,2.688477039337158,2.612766981124878,2.6251280307769775,3823268,0.0,0.0
2021-08-10 00:00:00+03:00,2.628217935562134,2.652940034866333,2.6112220287323,2.6251280307769775,4073776,0.0,0.0
2021-08-11 00:00:00+03:00,2.628217935562134,2.6328530311584473,2.5107901096343994,2.5107901096343994,5160539,0.0,0.0
2021-08-12 00:00:00+03:00,2.544783115386963,2.5695040225982666,2.5107901096343994,2.546328067779541,3858398,0.0,0.0
2021-08-13 00:00:00+03:00,2.544783115386963,2.5741400718688965,2.540147066116333,2.544783115386963,2328946,0.0,0.0
2021-08-16 00:00:00+03:00,2.544783115386963,2.5864999294281006,2.5355119705200195,2.546328067779541,2927392,0.0,0.0
2021-08-17 00:00:00+03:00,2.546328067779541,2.6096770763397217,2.4103589057922363,2.435080051422119,12905503,0.0,0.0
2021-08-18 00:00:00+03:00,2.455167055130005,2.4860689640045166,2.4289000034332275,2.473707914352417,4167271,0.0,0.0
2021-08-19 00:00:00+03:00,2.541692018508911,2.651395082473755,2.513880968093872,2.572593927383423,12139715,0.0,0.0
2021-08-20 00:00:00+03:00,2.5756850242614746,2.5864999294281006,2.472162961959839,2.498430013656616,5404095,0.0,0.0
2021-08-23 00:00:00+03:00,2.506155014038086,2.5107901096343994,2.4628920555114746,2.4628920555114746,3257687,0.0,0.0
2021-08-24 00:00:00+03:00,2.4675281047821045,2.472162961959839,2.3717310428619385,2.3717310428619385,7791083,0.0,0.0
2021-08-25 00:00:00+03:00,2.3717310428619385,2.424264907836914,2.3717310428619385,2.3794569969177246,2777279,0.0,0.0
2021-08-26 00:00:00+03:00,2.3794569969177246,2.4103589057922363,2.3315589427948,2.3392839431762695,6941379,0.0,0.0
2021-08-27 00:00:00+03:00,2.3640060424804688,2.3887269496917725,2.309926986694336,2.360914945602417,6011188,0.0,0.0
2021-08-31 00:00:00+03:00,2.365550994873047,2.424264907836914,2.3562800884246826,2.368640899658203,4979023,0.0,0.0
2021-09-01 00:00:00+03:00,2.3748209476470947,2.455167055130005,2.3748209476470947,2.3871819972991943,5900153,0.0,0.0
2021-09-02 00:00:00+03:00,2.3871819972991943,2.4057230949401855,2.3794569969177246,2.3810019493103027,2750044,0.0,0.0
2021-09-03 00:00:00+03:00,2.382546901702881,2.418083906173706,2.359369993209839,2.4119040966033936,4080947,0.0,0.0
2021-09-06 00:00:00+03:00,2.392364025115967,2.5539751052856445,2.392364025115967,2.479793071746826,11128990,0.0,3.4293549999999997
2021-09-07 00:00:00+03:00,2.4956889152526855,2.5036370754241943,2.4241559505462646,2.434753894805908,3187670,0.0,0.0
2021-09-08 00:00:00+03:00,2.434753894805908,2.442702054977417,2.379117012023926,2.379117012023926,2979660,0.0,0.0
2021-09-09 00:00:00+03:00,2.3817670345306396,2.4082601070404053,2.371169090270996,2.3897149562835693,2230609,0.0,0.0
2021-09-10 00:00:00+03:00,2.405611038208008,2.41090989112854,2.3446760177612305,2.3446760177612305,1716853,0.0,0.0
2021-09-13 00:00:00+03:00,2.347325086593628,2.384416103363037,2.326129913330078,2.35262393951416,1834531,0.0,0.0
2021-09-14 00:00:00+03:00,2.3579230308532715,2.392364025115967,2.3075850009918213,2.3817670345306396,2293738,0.0,0.0
2021-09-15 00:00:00+03:00,2.3817670345306396,2.3817670345306396,2.3102340698242188,2.3314290046691895,2243212,0.0,0.0
2021-09-16 00:00:00+03:00,2.3446760177612305,2.416208028793335,2.315532922744751,2.3685200214385986,6791706,0.0,0.0
2021-09-17 00:00:00+03:00,2.371169090270996,2.392364025115967,2.3420259952545166,2.3446760177612305,1386867,0.0,0.0
2021-09-20 00:00:00+03:00,2.3314290046691895,2.336728096008301,2.2387020587921143,2.24399995803833,4178278,0.0,0.0
2021-09-21 00:00:00+03:00,2.257246971130371,2.270493984222412,2.2069098949432373,2.2175068855285645,1997771,0.0,0.0
2021-09-22 00:00:00+03:00,2.2254550457000732,2.2519490718841553,2.1910130977630615,2.2042601108551025,1724897,0.0,0.0
2021-09-23 00:00:00+03:00,2.2042601108551025,2.2996370792388916,2.2042601108551025,2.257246971130371,3322525,0.0,0.0
2021-09-24 00:00:00+03:00,2.2678449153900146,2.35262393951416,2.246649980545044,2.3420259952545166,6129544,0.0,0.0
2021-09-27 00:00:00+03:00,2.3950140476226807,2.4241559505462646,2.347325086593628,2.3579230308532715,5571959,0.0,0.0
2021-09-28 00:00:00+03:00,2.3579230308532715,2.4082601070404053,2.334078073501587,2.379117012023926,1915936,0.0,0.0
2021-09-29 00:00:00+03:00,2.384416103363037,2.4374029636383057,2.384416103363037,2.405611038208008,3737880,0.0,0.0
2021-09-30 00:00:00+03:00,2.405611038208008,2.461246967315674,2.3685200214385986,2.3950140476226807,3766045,0.0,0.0
2021-10-01 00:00:00+03:00,2.3950140476226807,2.4029619693756104,2.3314290046691895,2.339376926422119,2773527,0.0,0.0
2021-10-04 00:00:00+03:00,2.3420259952545166,2.416208028793335,2.3420259952545166,2.3579230308532715,2976290,0.0,0.0
2021-10-05 00:00:00+03:00,2.3579230308532715,2.5831170082092285,2.35262393951416,2.4506499767303467,10107313,0.0,0.0
2021-10-06 00:00:00+03:00,2.4374029636383057,2.538079023361206,2.3632209300994873,2.3764679431915283,9980248,0.0,0.0
2021-10-07 00:00:00+03:00,2.4029619693756104,2.4718449115753174,2.4029619693756104,2.4082601070404053,3605904,0.0,0.0
2021-10-08 00:00:00+03:00,2.4082601070404053,2.466546058654785,2.384416103363037,2.397663116455078,6759113,0.0,0.0
2021-10-11 00:00:00+03:00,2.4003119468688965,2.4585978984832764,2.4003119468688965,2.418858051300049,3349585,0.0,0.0
2021-10-12 00:00:00+03:00,2.41090989112854,2.4241559505462646,2.392364025115967,2.41090989112854,3149732,0.0,0.0
2021-10-13 00:00:00+03:00,2.41090989112854,2.434753894805908,2.392364025115967,2.4082601070404053,3975345,0.0,0.0
2021-10-14 00:00:00+03:00,2.4003119468688965,2.4824419021606445,2.397663116455078,2.4374029636383057,8328339,0.0,0.0
2021-10-15 00:00:00+03:00,2.4374029636383057,2.453299045562744,2.347325086593628,2.37381911277771,6524414,0.0,0.0
2021-10-18 00:00:00+03:00,2.3764679431915283,2.384416103363037,2.2810909748077393,2.2996370792388916,6607876,0.0,0.0
2021-10-19 00:00:00+03:00,2.304935932159424,2.336728096008301,2.2810909748077393,2.2863900661468506,3086143,0.0,0.0
2021-10-20 00:00:00+03:00,2.2863900661468506,2.3075850009918213,2.2863900661468506,2.2863900661468506,1870219,0.0,0.0
2021-10-21 00:00:00+03:00,2.304935932159424,2.304935932159424,2.233402967453003,2.289038896560669,3492944,0.0,0.0
2021-10-22 00:00:00+03:00,2.30228590965271,2.3102340698242188,2.259896993637085,2.2810909748077393,3097131,0.0,0.0
2021-10-25 00:00:00+03:00,2.2519490718841553,2.2943379878997803,2.2387020587921143,2.259896993637085,3511976,0.0,0.0
2021-10-26 00:00:00+03:00,2.265194892883301,2.291688919067383,2.2625460624694824,2.265194892883301,3409226,0.0,0.0
2021-10-27 00:00:00+03:00,2.257246971130371,2.2943379878997803,2.2387020587921143,2.2678449153900146,3701913,0.0,0.0
2021-10-28 00:00:00+03:00,2.265194892883301,2.2731430530548096,2.2492990493774414,2.257246971130371,933141,0.0,0.0
2021-11-01 00:00:00+03:00,2.259896993637085,2.328779935836792,2.257246971130371,2.3208320140838623,5507686,0.0,0.0
2021-11-02 00:00:00+03:00,2.347325086593628,2.365870952606201,2.296988010406494,2.3075850009918213,6154947,0.0,0.0
2021-11-03 00:00:00+03:00,2.3128840923309326,2.384416103363037,2.2519490718841553,2.3817670345306396,12803569,0.0,0.0
2021-11-04 00:00:00+03:00,2.4029619693756104,2.4321041107177734,2.3685200214385986,2.384416103363037,7507640,0.0,0.0
2021-11-05 00:00:00+03:00,2.405611038208008,2.405611038208008,2.35262393951416,2.397663116455078,3770209,0.0,0.0
2021-11-08 00:00:00+03:00,2.3870649337768555,2.434753894805908,2.379117012023926,2.4241559505462646,4439829,0.0,0.0
2021-11-09 00:00:00+03:00,2.4241559505462646,2.4453508853912354,2.405611038208008,2.416208028793335,4121974,0.0,0.0
2021-11-10 00:00:00+03:00,2.429455041885376,2.4321041107177734,2.3128840923309326,2.384416103363037,4230329,0.0,0.0
2021-11-11 00:00:00+03:00,2.379117012023926,2.418858051300049,2.35262393951416,2.3632209300994873,2964166,0.0,0.0
2021-11-12 00:00:00+03:00,2.371169090270996,2.416208028793335,2.371169090270996,2.3897149562835693,2277564,0.0,0.0
2021-11-15 00:00:00+03:00,2.4029619693756104,2.4506499767303467,2.3950140476226807,2.3950140476226807,6824201,0.0,0.0
2021-11-16 00:00:00+03:00,2.4003119468688965,2.4585978984832764,2.3817670345306396,2.41090989112854,7414632,0.0,0.0
2021-11-17 00:00:00+03:00,2.421506881713867,2.4506499767303467,2.4003119468688965,2.405611038208008,4148124,0.0,0.0
2021-11-18 00:00:00+03:00,2.41090989112854,2.448000907897949,2.3870649337768555,2.434753894805908,5007304,0.0,0.0
2021-11-19 00:00:00+03:00,2.434753894805908,2.5195329189300537,2.4268059730529785,2.511584997177124,9255694,0.0,0.0
2021-11-22 00:00:00+03:00,2.5274810791015625,2.5963640213012695,2.5274810791015625,2.569870948791504,5981164,0.0,0.0
2021-11-23 00:00:00+03:00,2.543376922607422,2.5857670307159424,2.453299045562744,2.5831170082092285,9050538,0.0,0.0
2021-11-24 00:00:00+03:00,2.5910658836364746,2.734131097793579,2.5910658836364746,2.7023379802703857,10739793,0.0,0.0
2021-11-25 00:00:00+03:00,2.7129359245300293,2.7606239318847656,2.6440529823303223,2.6678969860076904,7065750,0.0,0.0
2021-11-26 00:00:00+03:00,2.662597894668579,2.7500269412994385,2.604311943054199,2.7473769187927246,9120566,0.0,0.0
2021-11-29 00:00:00+03:00,2.7553250789642334,2.924884080886841,2.7553250789642334,2.834805965423584,9850764,0.0,0.0
2021-11-30 00:00:00+03:00,2.8612990379333496,2.9460790157318115,2.845402956008911,2.9328320026397705,10126156,0.0,0.0
2021-12-01 00:00:00+03:00,2.954026937484741,3.007014036178589,2.866597890853882,2.9195849895477295,9770227,0.0,0.0
2021-12-02 00:00:00+03:00,2.9010400772094727,3.0467538833618164,2.9010400772094727,3.0361568927764893,7620309,0.0,0.0
2021-12-03 00:00:00+03:00,3.0652999877929688,3.168623924255371,3.0652999877929688,3.168623924255371,6434698,0.0,0.0
2021-12-06 00:00:00+03:00,3.1924679279327393,3.3143389225006104,3.0335071086883545,3.062649965286255,9334302,0.0,0.0
2021-12-07 00:00:00+03:00,3.0652999877929688,3.322287082672119,3.0652999877929688,3.303740978240967,10501278,0.0,0.0
2021-12-08 00:00:00+03:00,3.309040069580078,3.3885200023651123,3.2428059577941895,3.3381829261779785,8122156,0.0,0.0
2021-12-09 00:00:00+03:00,3.3567280769348145,3.385870933532715,3.2666499614715576,3.295793056488037,7310248,0.0,0.0
2021-12-10 00:00:00+03:00,3.295793056488037,3.449455976486206,3.2745978832244873,3.3832221031188965,11389227,0.0,0.0
2021-12-13 00:00:00+03:00,3.412364959716797,3.449455976486206,3.3752739429473877,3.4017670154571533,8027340,0.0,0.0
2021-12-14 00:00:00+03:00,3.4971439838409424,3.5713260173797607,3.454754114151001,3.486546039581299,11524384,0.0,0.0
2021-12-15 00:00:00+03:00,3.5103909969329834,3.5315849781036377,3.399117946624756,3.460052967071533,7690247,0.0,0.0
2021-12-16 00:00:00+03:00,3.468000888824463,3.7488319873809814,3.468000888824463,3.6693520545959473,11690229,0.0,0.0
2021-12-17 00:00:00+03:00,3.709091901779175,3.8442089557647705,3.309040069580078,3.4971439838409424,11781330,0.0,0.0
2021-12-20 00:00:00+03:00,3.3143389225006104,3.6243131160736084,3.3116888999938965,3.460052967071533,9665930,0.0,0.0
2021-12-21 00:00:00+03:00,3.5342350006103516,3.7302870750427246,3.1156370639801025,3.1235849857330322,8838980,0.0,0.0
2021-12-22 00:00:00+03:00,3.1394810676574707,3.1394810676574707,2.848052978515625,2.9328320026397705,8145558,0.0,0.0
2021-12-23 00:00:00+03:00,2.935481071472168,3.0467538833618164,2.7553250789642334,2.8877930641174316,9468048,0.0,0.0
2021-12-24 00:00:00+03:00,2.924884080886841,3.0917930603027344,2.9063379764556885,3.086493968963623,6307516,0.0,0.0
2021-12-27 00:00:00+03:00,3.0917930603027344,3.1500790119171143,2.980520009994507,3.02026104927063,6601909,0.0,0.0
2021-12-28 00:00:00+03:00,3.030858039855957,3.112987995147705,2.898390054702759,2.948728084564209,5795217,0.0,0.0
2021-12-29 00:00:00+03:00,2.954026937484741,3.168623924255371,2.938131093978882,3.067949056625366,12153727,0.0,0.0
2021-12-30 00:00:00+03:00,3.0785460472106934,3.2189619541168213,3.0785460472106934,3.195117950439453,11438650,0.0,0.0
2021-12-31 00:00:00+03:00,3.216312885284424,3.240156888961792,3.1156370639801025,3.1394810676574707,9684799,0.0,0.0
2022-01-03 00:00:00+03:00,3.1659750938415527,3.3116888999938965,3.1368319988250732,3.28519606590271,10206383,0.0,0.0
2022-01-04 00:00:00+03:00,3.309040069580078,3.3938190937042236,3.213663101196289,3.277247905731201,9001394,0.0,0.0
2022-01-05 00:00:00+03:00,3.290493965148926,3.3461310863494873,3.2666499614715576,3.3461310863494873,6324611,0.0,0.0
2022-01-06 00:00:00+03:00,3.3143389225006104,3.340831995010376,3.271949052810669,3.271949052810669,4835322,0.0,0.0
2022-01-07 00:00:00+03:00,3.2931439876556396,3.3699750900268555,3.2878448963165283,3.3620269298553467,8186376,0.0,0.0
2022-01-10 00:00:00+03:00,3.377923011779785,3.5766239166259766,3.377923011779785,3.573975086212158,15077155,0.0,0.0
2022-01-11 00:00:00+03:00,3.560728073120117,3.664052963256836,3.481247901916504,3.6163649559020996,13519208,0.0,0.0
2022-01-12 00:00:00+03:00,3.6216630935668945,3.653455972671509,3.49979305267334,3.515688896179199,9690268,0.0,0.0
2022-01-13 00:00:00+03:00,3.5474820137023926,3.6561050415039062,3.523637056350708,3.573975086212158,13112981,0.0,0.0
2022-01-14 00:00:00+03:00,3.568675994873047,3.619014024734497,3.468000888824463,3.505091905593872,7335265,0.0,0.0
2022-01-17 00:00:00+03:00,3.5580790042877197,3.595170021057129,3.446805953979492,3.446805953979492,6994344,0.0,0.0
2022-01-18 00:00:00+03:00,3.473299980163574,3.5077409744262695,3.3010919094085693,3.3010919094085693,6807166,0.0,0.0
2022-01-19 00:00:00+03:00,3.290493965148926,3.468000888824463,3.28519606590271,3.4388580322265625,9300814,0.0,0.0
2022-01-20 00:00:00+03:00,3.4441568851470947,3.515688896179199,3.396467924118042,3.4971439838409424,9133566,0.0,0.0
2022-01-21 00:00:00+03:00,3.5315849781036377,3.5315849781036377,3.3567280769348145,3.396467924118042,8247032,0.0,0.0
2022-01-24 00:00:00+03:00,3.396467924118042,3.494494915008545,3.1792221069335938,3.2057149410247803,10944631,0.0,0.0
2022-01-25 00:00:00+03:00,3.26400089263916,3.494494915008545,3.112987995147705,3.4441568851470947,7800281,0.0,0.0
2022-01-26 00:00:00+03:00,3.4441568851470947,3.526287078857422,3.3328840732574463,3.44150710105896,8413680,0.0,0.0
2022-01-27 00:00:00+03:00,3.3116888999938965,3.446805953979492,3.2984418869018555,3.3938190937042236,4721554,0.0,0.0
2022-01-28 00:00:00+03:00,3.4150140285491943,3.436208963394165,3.327584981918335,3.367326021194458,4916459,0.0,0.0
2022-01-31 00:00:00+03:00,3.3805720806121826,3.4838969707489014,3.3805720806121826,3.4282610416412354,5908951,0.0,0.0
2022-02-01 00:00:00+03:00,3.4838969707489014,3.55013108253479,3.454754114151001,3.486546039581299,8602998,0.0,0.0
2022-02-02 00:00:00+03:00,3.523637056350708,3.5395328998565674,3.391170024871826,3.430910110473633,6109011,0.0,0.0
2022-02-03 00:00:00+03:00,3.430910110473633,3.5448319911956787,3.396467924118042,3.5209879875183105,10564905,0.0,0.0
2022-02-04 00:00:00+03:00,3.5209879875183105,3.5342350006103516,3.404417037963867,3.436208963394165,6024481,0.0,0.0
2022-02-07 00:00:00+03:00,3.473299980163574,3.5289359092712402,3.4521050453186035,3.491844892501831,7051419,0.0,0.0
2022-02-08 00:00:00+03:00,3.4971439838409424,3.6349101066589355,3.4521050453186035,3.632261037826538,13318321,0.0,0.0
2022-02-09 00:00:00+03:00,3.6402089595794678,3.735585927963257,3.5766239166259766,3.5845720767974854,12743513,0.0,0.0
2022-02-10 00:00:00+03:00,3.5925209522247314,3.6561050415039062,3.5421829223632812,3.595170021057129,7996238,0.0,0.0
2022-02-11 00:00:00+03:00,3.5898709297180176,3.5898709297180176,3.446805953979492,3.5580790042877197,7143407,0.0,0.0
2022-02-14 00:00:00+03:00,3.49979305267334,3.505091905593872,3.396467924118042,3.4441568851470947,4635424,0.0,0.0
2022-02-15 00:00:00+03:00,3.4441568851470947,3.5342350006103516,3.436208963394165,3.473299980163574,3707861,0.0,0.0
2022-02-16 00:00:00+03:00,3.4706499576568604,3.478598117828369,3.422961950302124,3.44150710105896,4332338,0.0,0.0
2022-02-17 00:00:00+03:00,3.449455976486206,3.5845720767974854,3.417663097381592,3.55013108253479,10585966,0.0,0.0
2022-02-18 00:00:00+03:00,3.55013108253479,3.5898709297180176,3.515688896179199,3.5766239166259766,5356910,0.0,0.0
2022-02-21 00:00:00+03:00,3.581923007965088,3.5978190898895264,3.473299980163574,3.4971439838409424,4300319,0.0,0.0
2022-02-22 00:00:00+03:00,3.430910110473633,3.481247901916504,3.3381829261779785,3.460052967071533,3392146,0.0,0.0
2022-02-23 00:00:00+03:00,3.460052967071533,3.581923007965088,3.433558940887451,3.4388580322265625,5064993,0.0,0.0
2022-02-24 00:00:00+03:00,3.1845200061798096,3.3116888999938965,3.0970919132232666,3.2295589447021484,4307514,0.0,0.0
2022-02-25 00:00:00+03:00,3.3143389225006104,3.367326021194458,3.168623924255371,3.3063910007476807,8336005,0.0,0.0
2022-02-28 00:00:00+03:00,3.258702039718628,3.2878448963165283,3.1527280807495117,3.1792221069335938,3897881,0.0,0.0
2022-03-01 00:00:00+03:00,3.208364963531494,3.240156888961792,3.0838449001312256,3.1739230155944824,4989605,0.0,0.0
2022-03-02 00:00:00+03:00,3.17657208442688,3.2984418869018555,3.1421310901641846,3.290493965148926,10169898,0.0,0.0
2022-03-03 00:00:00+03:00,3.309040069580078,3.3355329036712646,3.2295589447021484,3.2560529708862305,3805636,0.0,0.0
2022-03-04 00:00:00+03:00,3.2560529708862305,3.26400089263916,3.1421310901641846,3.1633260250091553,4255573,0.0,0.0
2022-03-07 00:00:00+03:00,3.1633260250091553,3.1871700286865234,3.0388059616088867,3.1606760025024414,4867383,0.0,0.0
2022-03-08 00:00:00+03:00,3.171273946762085,3.2322089672088623,3.1606760025024414,3.1739230155944824,4221277,0.0,0.0
2022-03-09 00:00:00+03:00,3.1871700286865234,3.2666499614715576,3.1792221069335938,3.1792221069335938,3348962,0.0,0.0
2022-03-10 00:00:00+03:00,3.213663101196289,3.2242610454559326,3.1474289894104004,3.158026933670044,3648760,0.0,0.0
2022-03-11 00:00:00+03:00,3.1977670192718506,3.2322089672088623,3.1500790119171143,3.2189619541168213,3302294,0.0,0.0
2022-03-14 00:00:00+03:00,3.1394810676574707,3.1845200061798096,3.099740982055664,3.1500790119171143,4588952,0.0,0.0
2022-03-15 00:00:00+03:00,3.1527280807495117,3.1659750938415527,3.089143991470337,3.089143991470337,3190259,0.0,0.0
2022-03-16 00:00:00+03:00,3.15537691116333,3.15537691116333,3.044105052947998,3.099740982055664,4454349,0.0,0.0
2022-03-17 00:00:00+03:00,3.0970919132232666,3.1739230155944824,3.089143991470337,3.1500790119171143,7530057,0.0,0.0
2022-03-18 00:00:00+03:00,3.1500790119171143,3.1527280807495117,3.1103389263153076,3.1156370639801025,2635572,0.0,0.0
2022-03-21 00:00:00+03:00,3.1527280807495117,3.1659750938415527,3.1288840770721436,3.1474289894104004,3635432,0.0,0.0
2022-03-22 00:00:00+03:00,3.1633260250091553,3.2878448963165283,3.1500790119171143,3.245455026626587,8073706,0.0,0.0
2022-03-23 00:00:00+03:00,3.261352062225342,3.377923011779785,3.261352062225342,3.3116888999938965,7952428,0.0,0.0
2022-03-24 00:00:00+03:00,3.3514299392700195,3.6428580284118652,3.3514299392700195,3.515688896179199,30108621,0.0,0.0
2022-03-25 00:00:00+03:00,3.523637056350708,3.563378095626831,3.44150710105896,3.486546039581299,6061350,0.0,0.0
2022-03-28 00:00:00+03:00,3.5077409744262695,3.7435340881347656,3.505091905593872,3.6720008850097656,13534404,0.0,0.0
2022-03-29 00:00:00+03:00,3.687896966934204,3.7302870750427246,3.6137149333953857,3.6931960582733154,9836153,0.0,0.0
2022-03-30 00:00:00+03:00,3.682598114013672,3.687896966934204,3.3249359130859375,3.3249359130859375,36501332,0.0,0.0
2022-03-31 00:00:00+03:00,3.3143389225006104,3.322287082672119,3.2189619541168213,3.22691011428833,14004874,0.0,0.0
2022-04-01 00:00:00+03:00,3.2507541179656982,3.354079008102417,3.2348580360412598,3.271949052810669,10422553,0.0,0.0
2022-04-04 00:00:00+03:00,3.277247905731201,3.3196370601654053,3.22691011428833,3.271949052810669,8633274,0.0,0.0
2022-04-05 00:00:00+03:00,3.2692999839782715,3.277247905731201,3.1871700286865234,3.195117950439453,7694312,0.0,0.0
2022-04-06 00:00:00+03:00,3.2057149410247803,3.245455026626587,3.17657208442688,3.181870937347412,8403217,0.0,0.0
2022-04-07 00:00:00+03:00,3.195117950439453,3.200416088104248,3.1659750938415527,3.171273946762085,6394477,0.0,0.0
2022-04-08 00:00:00+03:00,3.1924679279327393,3.195117950439453,3.134182929992676,3.1421310901641846,9774473,0.0,0.0
2022-04-11 00:00:00+03:00,3.1633260250091553,3.330235004425049,3.1368319988250732,3.295793056488037,19343686,0.0,0.0
2022-04-12 00:00:00+03:00,3.3116888999938965,3.399117946624756,3.26400089263916,3.26400089263916,12356328,0.0,0.0
2022-04-13 00:00:00+03:00,3.271949052810669,3.3143389225006104,3.1633260250091553,3.181870937347412,10373265,0.0,0.0
2022-04-14 00:00:00+03:00,3.2110140323638916,3.240156888961792,3.1845200061798096,3.1845200061798096,4382555,0.0,0.0
2022-04-15 00:00:00+03:00,3.200416088104248,3.245455026626587,3.1845200061798096,3.22691011428833,6724022,0.0,0.0
2022-04-18 00:00:00+03:00,3.2534029483795166,3.295793056488037,3.216312885284424,3.2189619541168213,8770198,0.0,0.0
2022-04-19 00:00:00+03:00,3.2428059577941895,3.245455026626587,3.1871700286865234,3.203066110610962,4245476,0.0,0.0
2022-04-20 00:00:00+03:00,3.213663101196289,3.2375071048736572,3.1792221069335938,3.1977670192718506,4726680,0.0,0.0
2022-04-21 00:00:00+03:00,3.200416088104248,3.433558940887451,3.200416088104248,3.3620269298553467,27768305,0.0,0.0
2022-04-22 00:00:00+03:00,3.3620269298553467,3.5342350006103516,3.2745978832244873,3.3461310863494873,24802444,0.0,0.0
2022-04-25 00:00:00+03:00,3.3381829261779785,3.3434810638427734,3.26400089263916,3.2666499614715576,7301706,0.0,0.0
2022-04-26 00:00:00+03:00,3.2798969745635986,3.340831995010376,3.1235849857330322,3.1527280807495117,6983293,0.0,0.0
2022-04-27 00:00:00+03:00,3.1527280807495117,3.1792221069335938,3.0600008964538574,3.1633260250091553,9269282,0.0,0.0
2022-04-28 00:00:00+03:00,3.1659750938415527,3.2534029483795166,3.1633260250091553,3.1924679279327393,6512891,0.0,0.0
2022-04-29 00:00:00+03:00,3.208364963531494,3.303740978240967,3.1977670192718506,3.282546043395996,6909305,0.0,0.0
2022-05-05 00:00:00+03:00,3.316987991333008,3.364675998687744,3.28519606590271,3.290493965148926,6251446,0.0,0.0
2022-05-06 00:00:00+03:00,3.277247905731201,3.2798969745635986,3.2189619541168213,3.258702039718628,5125147,0.0,0.0
2022-05-09 00:00:00+03:00,3.26400089263916,3.2878448963165283,3.1792221069335938,3.2110140323638916,3826785,0.0,0.0
2022-05-10 00:00:00+03:00,3.2295589447021484,3.258702039718628,3.2242610454559326,3.248105049133301,803804,0.0,0.0
2022-05-11 00:00:00+03:00,3.2534029483795166,3.3514299392700195,3.2322089672088623,3.258702039718628,15721664,0.0,0.0
2022-05-12 00:00:00+03:00,3.2295589447021484,3.258702039718628,3.1209359169006348,3.1845200061798096,7381684,0.0,0.0
2022-05-13 00:00:00+03:00,3.208364963531494,3.396467924118042,3.171273946762085,3.3434810638427734,14058121,0.0,0.0
2022-05-16 00:00:00+03:00,3.3805720806121826,3.6428580284118652,3.3461310863494873,3.55013108253479,21446974,0.0,0.0
2022-05-17 00:00:00+03:00,3.55013108253479,3.677299976348877,3.391170024871826,3.5527799129486084,23207280,0.0,0.0
2022-05-18 00:00:00+03:00,3.563378095626831,3.6031179428100586,3.486546039581299,3.491844892501831,9206482,0.0,0.0
2022-05-20 00:00:00+03:00,3.491844892501831,3.523637056350708,3.3381829261779785,3.422961950302124,8718747,0.0,0.0
2022-05-23 00:00:00+03:00,3.44150710105896,3.468000888824463,3.3328840732574463,3.3328840732574463,5397614,0.0,0.0
2022-05-24 00:00:00+03:00,3.3514299392700195,3.3699750900268555,3.245455026626587,3.245455026626587,3745935,0.0,0.0
2022-05-25 00:00:00+03:00,3.2534029483795166,3.364675998687744,3.2534029483795166,3.2798969745635986,6746340,0.0,0.0
2022-05-26 00:00:00+03:00,3.282546043395996,3.3355329036712646,3.2692999839782715,3.322287082672119,5519142,0.0,0.0
2022-05-27 00:00:00+03:00,3.3355329036712646,3.5103909969329834,3.3249359130859375,3.473299980163574,11617626,0.0,0.0
2022-05-30 00:00:00+03:00,3.4971439838409424,3.5474820137023926,3.4203128814697266,3.513040065765381,13253423,0.0,0.0
2022-05-31 00:00:00+03:00,3.515688896179199,3.5554299354553223,3.4256110191345215,3.5103909969329834,9168869,0.0,0.0
2022-06-01 00:00:00+03:00,3.536884069442749,3.677299976348877,3.536884069442749,3.573975086212158,9313670,0.0,0.0
2022-06-02 00:00:00+03:00,3.5925209522247314,3.60841703414917,3.491844892501831,3.513040065765381,6013871,0.0,0.0
2022-06-03 00:00:00+03:00,3.5315849781036377,3.645508050918579,3.4971439838409424,3.5766239166259766,7941897,0.0,0.0
2022-06-06 00:00:00+03:00,3.619014024734497,3.8574559688568115,3.619014024734497,3.770026922225952,12508101,0.0,0.0
2022-06-07 00:00:00+03:00,3.770026922225952,4.024364948272705,3.7620790004730225,3.8680529594421387,18465611,0.0,0.0
2022-06-08 00:00:00+03:00,3.883949041366577,3.9342870712280273,3.690546989440918,3.780625104904175,11629557,0.0,0.0
2022-06-09 00:00:00+03:00,3.7514820098876953,3.7991700172424316,3.6931960582733154,3.756779909133911,6573966,0.0,0.0
2022-06-10 00:00:00+03:00,3.7514820098876953,3.828313112258911,3.6428580284118652,3.682598114013672,5081820,0.0,0.0
2022-06-13 00:00:00+03:00,3.677299976348877,3.770026922225952,3.60841703414917,3.650805950164795,8315003,0.0,0.0
2022-06-14 00:00:00+03:00,3.682598114013672,3.828313112258911,3.682598114013672,3.746182918548584,8449647,0.0,0.0
2022-06-15 00:00:00+03:00,3.7620790004730225,3.7726759910583496,3.6693520545959473,3.677299976348877,4877638,0.0,0.0
2022-06-16 00:00:00+03:00,3.701143980026245,3.7382349967956543,3.6031179428100586,3.605767011642456,5873689,0.0,0.0
2022-06-17 00:00:00+03:00,3.6163649559020996,3.6693520545959473,3.5845720767974854,3.6163649559020996,4762459,0.0,0.0
2022-06-20 00:00:00+03:00,3.629611015319824,3.690546989440918,3.587222099304199,3.595170021057129,5285866,0.0,0.0
2022-06-21 00:00:00+03:00,3.629611015319824,3.6561050415039062,3.6031179428100586,3.60841703414917,3398208,0.0,0.0
2022-06-22 00:00:00+03:00,3.6031179428100586,3.6031179428100586,3.5474820137023926,3.5527799129486084,3454033,0.0,0.0
2022-06-23 00:00:00+03:00,3.5554299354553223,3.573975086212158,3.486546039581299,3.4891960620880127,4797237,0.0,0.0
2022-06-24 00:00:00+03:00,3.5077409744262695,3.6031179428100586,3.5077409744262695,3.5978190898895264,5774212,0.0,0.0
2022-06-27 00:00:00+03:00,3.560728073120117,3.560728073120117,3.560728073120117,3.560728073120117,25745,0.0,0.0
2022-06-28 00:00:00+03:00,3.674649953842163,3.690546989440918,3.5103909969329834,3.5289359092712402,4088320,0.0,0.0
2022-06-29 00:00:00+03:00,3.55013108253479,3.5554299354553223,3.399117946624756,3.399117946624756,3894635,0.0,0.0
2022-06-30 00:00:00+03:00,3.4017670154571533,3.4574038982391357,3.3434810638427734,3.3752739429473877,3364619,0.0,0.0
2022-07-01 00:00:00+03:00,3.3593780994415283,3.481247901916504,3.3593780994415283,3.4441568851470947,2391596,0.0,0.0
2022-07-04 00:00:00+03:00,3.4706499576568604,3.5395328998565674,3.412364959716797,3.430910110473633,3038720,0.0,0.0
2022-07-05 00:00:00+03:00,3.449455976486206,3.4653520584106445,3.309040069580078,3.3143389225006104,4287867,0.0,0.0
2022-07-06 00:00:00+03:00,3.3567280769348145,3.3567280769348145,3.271949052810669,3.3381829261779785,4097704,0.0,0.0
2022-07-07 00:00:00+03:00,3.3434810638427734,3.3805720806121826,3.330235004425049,3.364675998687744,2983103,0.0,0.0
2022-07-08 00:00:00+03:00,3.3699750900268555,3.4441568851470947,3.3620269298553467,3.4441568851470947,1163201,0.0,0.0
2022-07-13 00:00:00+03:00,3.4706499576568604,3.481247901916504,3.372623920440674,3.391170024871826,2855219,0.0,0.0
2022-07-14 00:00:00+03:00,3.4017670154571533,3.4070661067962646,3.3355329036712646,3.3381829261779785,2703000,0.0,0.0
2022-07-18 00:00:00+03:00,3.377923011779785,3.391170024871826,3.3249359130859375,3.3381829261779785,3995973,0.0,0.0
2022-07-19 00:00:00+03:00,3.3487799167633057,3.4441568851470947,3.340831995010376,3.44150710105896,5795953,0.0,0.0
2022-07-20 00:00:00+03:00,3.478598117828369,3.6004691123962402,3.478598117828369,3.5527799129486084,6726603,0.0,0.0
2022-07-21 00:00:00+03:00,3.5527799129486084,3.5713260173797607,3.4971439838409424,3.5077409744262695,2581839,0.0,0.0
2022-07-22 00:00:00+03:00,3.55013108253479,3.6004691123962402,3.4971439838409424,3.526287078857422,3915335,0.0,0.0
2022-07-25 00:00:00+03:00,3.5342350006103516,3.5898709297180176,3.5103909969329834,3.5554299354553223,3505389,0.0,0.0
2022-07-26 00:00:00+03:00,3.573975086212158,3.687896966934204,3.563378095626831,3.653455972671509,8653580,0.0,0.0
2022-07-27 00:00:00+03:00,3.653455972671509,3.677299976348877,3.5766239166259766,3.5792739391326904,4426799,0.0,0.0
2022-07-28 00:00:00+03:00,3.605767011642456,3.6163649559020996,3.494494915008545,3.4971439838409424,4624406,0.0,0.0
2022-07-29 00:00:00+03:00,3.515688896179199,3.5448319911956787,3.486546039581299,3.4971439838409424,4115138,0.0,0.0
2022-08-01 00:00:00+03:00,3.505091905593872,3.5766239166259766,3.505091905593872,3.573975086212158,4611943,0.0,0.0
2022-08-02 00:00:00+03:00,3.573975086212158,3.6269619464874268,3.4971439838409424,3.5024430751800537,4885093,0.0,0.0
2022-08-03 00:00:00+03:00,3.505091905593872,3.5289359092712402,3.468000888824463,3.523637056350708,4669847,0.0,0.0
2022-08-04 00:00:00+03:00,3.526287078857422,3.6137149333953857,3.5209879875183105,3.5395328998565674,5296835,0.0,0.0
2022-08-05 00:00:00+03:00,3.55013108253479,3.587222099304199,3.523637056350708,3.5448319911956787,5747141,0.0,0.0
2022-08-08 00:00:00+03:00,3.5527799129486084,3.6110661029815674,3.5395328998565674,3.5527799129486084,7236566,0.0,0.0
2022-08-09 00:00:00+03:00,3.5580790042877197,3.5713260173797607,3.478598117828369,3.481247901916504,5244222,0.0,0.0
2022-08-10 00:00:00+03:00,3.4838969707489014,3.5103909969329834,3.44150710105896,3.449455976486206,4716817,0.0,0.0
2022-08-11 00:00:00+03:00,3.4706499576568604,3.5209879875183105,3.4441568851470947,3.5103909969329834,7330676,0.0,0.0
2022-08-12 00:00:00+03:00,3.526287078857422,3.526287078857422,3.4574038982391357,3.4706499576568604,3273328,0.0,0.0
2022-08-15 00:00:00+03:00,3.404417037963867,3.4150140285491943,3.3063910007476807,3.316987991333008,11829980,0.0,0.0
2022-08-16 00:00:00+03:00,3.3249359130859375,3.354079008102417,3.2348580360412598,3.3249359130859375,5986951,0.0,0.0
2022-08-17 00:00:00+03:00,3.3434810638427734,3.3514299392700195,3.28519606590271,3.28519606590271,5147138,0.0,0.0
2022-08-18 00:00:00+03:00,3.282546043395996,3.282546043395996,3.2189619541168213,3.248105049133301,7539723,0.0,0.0
2022-08-19 00:00:00+03:00,3.248105049133301,3.3620269298553467,3.2428059577941895,3.322287082672119,7813843,0.0,0.0
2022-08-22 00:00:00+03:00,3.396467924118042,3.433558940887451,3.3381829261779785,3.412364959716797,9206904,0.0,0.0
2022-08-23 00:00:00+03:00,3.4282610416412354,3.5395328998565674,3.4256110191345215,3.515688896179199,15553083,0.0,0.0
2022-08-24 00:00:00+03:00,3.573975086212158,3.6561050415039062,3.5474820137023926,3.629611015319824,32628498,0.0,0.0
2022-08-25 00:00:00+03:00,3.6561050415039062,3.9342870712280273,3.653455972671509,3.7620790004730225,24054744,0.0,0.0
2022-08-26 00:00:00+03:00,3.801819086074829,3.8256630897521973,3.6349101066589355,3.709091901779175,14195838,0.0,0.0
2022-08-29 00:00:00+03:00,3.6984949111938477,3.783273935317993,3.6720008850097656,3.6852478981018066,8000836,0.0,0.0
2022-08-31 00:00:00+03:00,3.7249879837036133,3.8627541065216064,3.690546989440918,3.780625104904175,16053568,0.0,0.0
2022-09-01 00:00:00+03:00,3.809767007827759,4.156832218170166,3.796520948410034,4.156832218170166,38206602,0.0,0.0
2022-09-02 00:00:00+03:00,4.265456199645996,4.3184428215026855,4.164781093597412,4.220417022705078,17352784,0.0,0.0
2022-09-05 00:00:00+03:00,4.2363128662109375,4.344935894012451,4.064105033874512,4.170079231262207,13567986,0.0,0.0
2022-09-06 00:00:00+03:00,4.201870918273926,4.2257161140441895,4.101195812225342,4.10914421081543,13096263,0.0,0.0
2022-09-07 00:00:00+03:00,4.185975074768066,4.297247886657715,4.090599060058594,4.17537784576416,15268474,0.0,0.0
2022-09-08 00:00:00+03:00,4.238962173461914,4.2495598793029785,4.122391223907471,4.127689838409424,8132574,0.0,0.0
2022-09-09 00:00:00+03:00,4.151534080505371,4.246910095214844,4.143586158752441,4.231013774871826,12512234,0.0,0.0
2022-09-12 00:00:00+03:00,4.276052951812744,4.5038981437683105,4.188624858856201,4.4641571044921875,29013338,0.0,0.0
2022-09-13 00:00:00+03:00,4.517144203186035,4.538339138031006,4.1674299240112305,4.201870918273926,17981949,0.0,0.0
2022-09-14 00:00:00+03:00,4.005818843841553,4.265456199645996,4.005818843841553,4.265456199645996,12802154,0.0,0.0
2022-09-15 00:00:00+03:00,4.3184428215026855,4.371429920196533,4.185975074768066,4.185975074768066,11175080,0.0,0.0
2022-09-16 00:00:00+03:00,4.2230658531188965,4.276052951812744,4.162130832672119,4.233664035797119,10618302,0.0,0.0
2022-09-19 00:00:00+03:00,4.238962173461914,4.278703212738037,4.072052955627441,4.072052955627441,7194805,0.0,0.0
2022-09-20 00:00:00+03:00,4.178027153015137,4.178027153015137,3.8892478942871094,3.960779905319214,8310345,0.0,0.0
2022-09-21 00:00:00+03:00,3.955482006072998,4.122391223907471,3.87335205078125,4.056157112121582,8971103,0.0,0.0
2022-09-22 00:00:00+03:00,4.056157112121582,4.106494903564453,4.013766765594482,4.069404125213623,4684145,0.0,0.0
2022-09-23 00:00:00+03:00,4.080000877380371,4.241611957550049,4.064105033874512,4.2363128662109375,11575967,0.0,0.0
2022-09-26 00:00:00+03:00,4.127689838409424,4.244260787963867,4.037611961364746,4.2257161140441895,15023403,0.0,0.0
2022-09-27 00:00:00+03:00,4.2495598793029785,4.3184428215026855,4.135638236999512,4.135638236999512,13577238,0.0,0.0
2022-09-28 00:00:00+03:00,4.1541829109191895,4.228364944458008,4.080000877380371,4.117092132568359,7536583,0.0,0.0
2022-09-29 00:00:00+03:00,4.172729015350342,4.233664035797119,4.045559883117676,4.143586158752441,7815889,0.0,0.0
2022-09-30 00:00:00+03:00,4.159482002258301,4.389975070953369,4.1541829109191895,4.3502349853515625,13728878,0.0,0.0
2022-10-03 00:00:00+03:00,4.3634819984436035,4.424417018890381,4.342287063598633,4.3820271492004395,10888538,0.0,0.0
2022-10-04 00:00:00+03:00,4.3952741622924805,4.5038981437683105,4.344935894012451,4.501247882843018,14697417,0.0,0.0
2022-10-05 00:00:00+03:00,4.517144203186035,4.681404113769531,4.514494895935059,4.601923942565918,11229237,0.0,0.0
2022-10-06 00:00:00+03:00,4.617819786071777,4.856260776519775,4.617819786071777,4.787377834320068,11649898,0.0,0.0
2022-10-07 00:00:00+03:00,4.78472900390625,4.962234973907471,4.702599048614502,4.962234973907471,13796888,0.0,0.0
2022-10-10 00:00:00+03:00,4.959586143493652,5.081456184387207,4.880105018615723,4.946339130401611,11780715,0.0,0.0
2022-10-11 00:00:00+03:00,4.988729000091553,5.015222072601318,4.811222076416016,4.858911037445068,6879758,0.0,0.0
2022-10-12 00:00:00+03:00,4.858911037445068,4.874806880950928,4.633716106414795,4.6602091789245605,8026669,0.0,0.0
2022-10-13 00:00:00+03:00,4.665507793426514,4.856260776519775,4.623117923736572,4.782079219818115,11031494,0.0,0.0
2022-10-14 00:00:00+03:00,4.795326232910156,4.988729000091553,4.744988918304443,4.946339130401611,15527775,0.0,0.0
2022-10-17 00:00:00+03:00,4.948988914489746,5.031118869781494,4.893352031707764,4.948988914489746,11997768,0.0,0.0
2022-10-18 00:00:00+03:00,5.007274150848389,5.052312850952148,4.914546966552734,4.962234973907471,11584120,0.0,0.0
2022-10-19 00:00:00+03:00,5.007274150848389,5.0788068771362305,4.962234973907471,4.967534065246582,8782971,0.0,0.0
2022-10-20 00:00:00+03:00,4.980781078338623,5.282806873321533,4.975481986999512,5.113247871398926,19059824,0.0,0.0
2022-10-21 00:00:00+03:00,5.118546962738037,5.195377826690674,5.073507785797119,5.166234970092773,4998030,0.0,0.0
2022-10-24 00:00:00+03:00,5.1794819831848145,5.383481979370117,5.08675479888916,5.235118865966797,15695099,0.0,0.0
2022-10-25 00:00:00+03:00,5.256312847137451,5.277507781982422,5.031118869781494,5.097352027893066,15604835,0.0,0.0
2022-10-26 00:00:00+03:00,5.139741897583008,5.145040988922119,5.0655598640441895,5.110599040985107,5747485,0.0,0.0
2022-10-27 00:00:00+03:00,5.113247871398926,5.12914514541626,5.060260772705078,5.113247871398926,4245615,0.0,0.0
2022-10-28 00:00:00+03:00,5.110599040985107,5.113247871398926,5.044364929199219,5.076158046722412,1246965,0.0,0.0
2022-10-31 00:00:00+03:00,5.08675479888916,5.190080165863037,5.047015190124512,5.107950210571289,8817209,0.0,0.0
2022-11-01 00:00:00+03:00,5.113247871398926,5.2934041023254395,5.094703197479248,5.280158042907715,12381828,0.0,0.0
2022-11-02 00:00:00+03:00,5.298703193664551,5.722599029541016,5.2881059646606445,5.61662483215332,16628010,0.0,0.0
2022-11-03 00:00:00+03:00,5.447066783905029,6.178287982940674,5.346391201019287,6.178287982940674,23343472,0.0,0.0
2022-11-04 00:00:00+03:00,6.363741874694824,6.739950180053711,6.257768154144287,6.575691223144531,31026559,0.0,0.0
2022-11-07 00:00:00+03:00,6.623379230499268,7.232729911804199,6.517405033111572,6.893612861633301,25123454,0.0,0.0
2022-11-08 00:00:00+03:00,6.930704116821289,7.582444190979004,6.8883137702941895,7.232729911804199,21062106,0.0,0.0
2022-11-09 00:00:00+03:00,7.391691207885742,7.603639125823975,7.206235885620117,7.2698211669921875,12822181,0.0,0.0
2022-11-10 00:00:00+03:00,7.206235885620117,7.492365837097168,7.1532487869262695,7.2009382247924805,10375058,0.0,0.0
2022-11-11 00:00:00+03:00,7.381093978881836,7.418185234069824,7.126756191253662,7.13735294342041,9945610,0.0,0.0
2022-11-14 00:00:00+03:00,7.222132205963135,7.8473801612854,7.222132205963135,7.789093971252441,14988722,0.0,0.0
2022-11-15 00:00:00+03:00,7.868574142456055,8.181198120117188,7.386392116546631,7.428781986236572,24434912,0.0,0.0
2022-11-16 00:00:00+03:00,7.434081077575684,7.471171855926514,6.808834075927734,7.0737690925598145,13322375,0.0,0.0
2022-11-17 00:00:00+03:00,7.0737690925598145,7.0737690925598145,6.3690409660339355,6.580988883972168,7612009,0.0,0.0
2022-11-18 00:00:00+03:00,6.57039213180542,7.227430820465088,6.52800178527832,7.227430820465088,10921988,0.0,0.0
2022-11-21 00:00:00+03:00,7.381093978881836,7.762599945068359,7.0154829025268555,7.513560771942139,11612595,0.0,0.0
2022-11-22 00:00:00+03:00,7.550652027130127,7.9268598556518555,7.296313762664795,7.815587043762207,10559647,0.0,0.0
2022-11-23 00:00:00+03:00,7.8473801612854,8.324262619018555,7.704315185546875,8.12821102142334,10405167,0.0,0.0
2022-11-24 00:00:00+03:00,8.149406433105469,8.901822090148926,8.149406433105469,8.73226261138916,9993621,0.0,0.0
2022-11-25 00:00:00+03:00,8.764055252075195,9.601249694824219,8.764055252075195,9.558860778808594,10436594,0.0,0.0
2022-11-28 00:00:00+03:00,9.590653419494629,9.802600860595703,9.11376953125,9.537666320800781,11666132,0.0,0.0
2022-11-29 00:00:00+03:00,9.5694580078125,10.025147438049316,9.1720552444458,9.972160339355469,7231312,0.0,0.0
2022-11-30 00:00:00+03:00,10.597407341003418,10.957718849182129,10.200003623962402,10.936524391174316,17175484,0.0,0.0
2022-12-01 00:00:00+03:00,11.042497634887695,11.3922119140625,10.470237731933594,10.528524398803711,16451318,0.0,0.0
2022-12-02 00:00:00+03:00,10.46493911743164,10.735173225402832,10.056939125061035,10.56031608581543,5942219,0.0,0.0
2022-12-05 00:00:00+03:00,10.570913314819336,10.703380584716797,10.141717910766602,10.4225492477417,4678959,0.0,0.0
2022-12-06 00:00:00+03:00,10.4225492477417,10.597407341003418,9.924470901489258,10.570913314819336,3539760,0.0,0.0
2022-12-07 00:00:00+03:00,10.565613746643066,10.84644603729248,10.25299072265625,10.486133575439453,5963402,0.0,0.0
2022-12-08 00:00:00+03:00,10.54442024230957,10.809354782104492,10.358964920043945,10.46493911743164,2431749,0.0,0.0
2022-12-09 00:00:00+03:00,10.676886558532715,11.222654342651367,10.40665340423584,11.047796249389648,4197913,0.0,0.0
2022-12-12 00:00:00+03:00,11.08488655090332,11.233250617980957,10.79875659942627,10.86764144897461,4225758,0.0,0.0
2022-12-13 00:00:00+03:00,11.15377140045166,11.15377140045166,10.623900413513184,10.968316078186035,3296636,0.0,0.0
2022-12-14 00:00:00+03:00,10.9948091506958,11.100783348083496,10.703380584716797,10.745770454406738,10475890,0.0,0.0
2022-12-15 00:00:00+03:00,10.745770454406738,10.9948091506958,10.650394439697266,10.84644603729248,3285762,0.0,0.0
2022-12-16 00:00:00+03:00,10.851743698120117,10.872939109802246,10.70867919921875,10.825250625610352,519025,0.0,0.0
2022-12-19 00:00:00+03:00,10.835847854614258,10.957718849182129,10.56031608581543,10.78286075592041,2223030,0.0,0.0
2022-12-20 00:00:00+03:00,10.78816032409668,10.825250625610352,10.639796257019043,10.819952011108398,2436558,0.0,0.0
2022-12-21 00:00:00+03:00,10.819952011108398,10.86764144897461,10.660990715026855,10.660990715026855,1417856,0.0,0.0
2022-12-22 00:00:00+03:00,10.666290283203125,11.180264472961426,10.660990715026855,11.095484733581543,4069742,0.0,0.0
2022-12-23 00:00:00+03:00,11.005407333374023,11.079588890075684,10.54442024230957,10.941822052001953,3158255,0.0,0.0
2022-12-26 00:00:00+03:00,10.894133567810059,11.927380561828613,10.761666297912598,11.911484718322754,6036714,0.0,0.0
2022-12-27 00:00:00+03:00,11.911759376525879,13.101889610290527,11.483729362487793,13.007932662963867,3959863,0.0,0.0
2022-12-28 00:00:00+03:00,12.433746337890625,12.726058959960938,11.817801475524902,12.214510917663574,2403432,0.0,0.0
2022-12-29 00:00:00+03:00,11.932638168334961,12.64254093170166,11.744722366333008,12.26671028137207,2145883,0.0,0.0
2022-12-30 00:00:00+03:00,12.245830535888672,13.049692153930664,11.890878677368164,12.997492790222168,3415994,0.0,0.0
2023-01-02 00:00:00+03:00,12.997492790222168,13.279365539550781,12.381546974182129,13.028812408447266,8065353,0.0,0.0
2023-01-03 00:00:00+03:00,12.997492790222168,12.997492790222168,12.31890869140625,12.465065002441406,5161736,0.0,0.0
2023-01-04 00:00:00+03:00,12.475504875183105,12.60078239440918,11.849120140075684,11.849120140075684,3897388,0.0,0.0
2023-01-05 00:00:00+03:00,11.796920776367188,11.796920776367188,10.73206615447998,10.74250602722168,6485764,0.0,0.0
2023-01-06 00:00:00+03:00,10.17875862121582,10.96174144744873,9.604573249816895,10.826024055480957,13480496,0.0,0.0
2023-01-09 00:00:00+03:00,10.752945899963379,10.826024055480957,9.912546157836914,9.959525108337402,5586694,0.0,0.0
2023-01-10 00:00:00+03:00,9.975184440612793,10.001283645629883,8.967747688293457,9.213082313537598,5993191,0.0,0.0
2023-01-11 00:00:00+03:00,9.20786190032959,9.348798751831055,8.513619422912598,8.837250709533691,4957904,0.0,0.0
2023-01-12 00:00:00+03:00,8.972968101501465,9.656771659851074,8.116908073425293,9.656771659851074,8027639,0.0,0.0
2023-01-13 00:00:00+03:00,9.656771659851074,9.990843772888184,9.1922025680542,9.301819801330566,3636467,0.0,0.0
2023-01-16 00:00:00+03:00,9.343579292297363,10.230957984924316,9.343579292297363,10.06914234161377,4906558,0.0,0.0
2023-01-17 00:00:00+03:00,10.06914234161377,10.267497062683105,9.829028129577637,10.074361801147461,4221888,0.0,0.0
2023-01-18 00:00:00+03:00,10.533711433410645,10.533711433410645,9.688091278076172,9.865567207336426,6743034,0.0,0.0
2023-01-19 00:00:00+03:00,9.865567207336426,9.865567207336426,9.531495094299316,9.860346794128418,4916897,0.0,0.0
2023-01-20 00:00:00+03:00,9.876007080078125,9.902106285095215,9.547154426574707,9.73507022857666,3224710,0.0,0.0
2023-01-23 00:00:00+03:00,9.73507022857666,9.755949020385742,9.275720596313477,9.291379928588867,2987639,0.0,0.0
2023-01-24 00:00:00+03:00,9.291379928588867,9.369677543640137,8.957307815551758,9.155664443969727,2230200,0.0,0.0
2023-01-25 00:00:00+03:00,9.16610336303711,9.1922025680542,8.351801872253418,8.87378978729248,2489886,0.0,0.0
2023-01-26 00:00:00+03:00,8.87378978729248,9.729849815368652,8.46664047241211,9.291379928588867,6504954,0.0,0.0
2023-01-27 00:00:00+03:00,9.260061264038086,9.260061264038086,8.8215913772583,9.009507179260254,3052077,0.0,0.0
2023-01-30 00:00:00+03:00,9.009507179260254,9.494956016540527,8.957307815551758,9.322699546813965,4605104,0.0,0.0
2023-01-31 00:00:00+03:00,9.20786190032959,9.301819801330566,8.654555320739746,8.675435066223145,2999220,0.0,0.0
2023-02-01 00:00:00+03:00,8.670214653015137,8.753732681274414,7.923772811889648,7.923772811889648,3539474,0.0,0.0
2023-02-02 00:00:00+03:00,7.9342122077941895,8.090808868408203,7.328707218170166,7.767176151275635,3841550,0.0,0.0
2023-02-03 00:00:00+03:00,7.767176151275635,8.482298851013184,7.60536003112793,8.283944129943848,2378490,0.0,0.0
2023-02-06 00:00:00+03:00,8.090808868408203,8.22652530670166,7.725417137145996,8.033390045166016,807321,0.0,0.0
2023-02-07 00:00:00+03:00,7.97075080871582,7.975971221923828,7.234748840332031,7.234748840332031,2009635,0.0,0.0
2023-02-08 00:00:00+03:00,6.681441783905029,6.681441783905029,6.681441783905029,6.681441783905029,1,0.0,0.0
2023-02-15 00:00:00+03:00,7.151230812072754,7.955091953277588,7.104251861572266,7.955091953277588,2624667,0.0,0.0
2023-02-16 00:00:00+03:00,8.143007278442383,8.440540313720703,7.234748840332031,7.60536003112793,5384839,0.0,0.0
2023-02-17 00:00:00+03:00,7.60014009475708,8.247405052185059,7.2817277908325195,8.247405052185059,4171106,0.0,0.0
2023-02-20 00:00:00+03:00,8.247405052185059,8.915549278259277,8.247405052185059,8.826810836791992,4330209,0.0,0.0
2023-02-21 00:00:00+03:00,8.899889945983887,9.708970069885254,8.87378978729248,9.656771659851074,4594140,0.0,0.0
2023-02-22 00:00:00+03:00,9.630672454833984,9.630672454833984,9.150444030761719,9.395777702331543,3262383,0.0,0.0
2023-02-23 00:00:00+03:00,9.48973560333252,9.876007080078125,9.385337829589844,9.46363639831543,2954881,0.0,0.0
2023-02-24 00:00:00+03:00,9.291379928588867,9.77160930633545,8.826810836791992,9.77160930633545,7178422,0.0,0.0
2023-02-27 00:00:00+03:00,9.76116943359375,9.829028129577637,9.395777702331543,9.609792709350586,3493116,0.0,0.0
2023-02-28 00:00:00+03:00,9.615013122558594,9.651552200317383,9.43753719329834,9.599352836608887,3081268,0.0,0.0
2023-03-01 00:00:00+03:00,9.547154426574707,9.77160930633545,9.48973560333252,9.604573249816895,4515880,0.0,0.0
2023-03-02 00:00:00+03:00,9.635891914367676,9.661992073059082,9.296600341796875,9.521055221557617,4464180,0.0,0.0
2023-03-03 00:00:00+03:00,9.51583480834961,10.152660369873047,9.046046257019043,10.116121292114258,7894027,0.0,0.0
2023-03-06 00:00:00+03:00,10.251837730407715,10.460633277893066,10.173540115356445,10.17875862121582,8378055,0.0,0.0
2023-03-07 00:00:00+03:00,10.189199447631836,10.439752578735352,9.980403900146484,10.241397857666016,5572991,0.0,0.0
2023-03-08 00:00:00+03:00,10.277936935424805,10.298816680908203,10.001283645629883,10.022163391113281,3483660,0.0,0.0
2023-03-09 00:00:00+03:00,10.048261642456055,10.183979034423828,9.891666412353516,9.943864822387695,4215689,0.0,0.0
2023-03-10 00:00:00+03:00,9.865567207336426,10.10046100616455,9.83946704864502,9.985624313354492,3578490,0.0,0.0
2023-03-13 00:00:00+03:00,9.990843772888184,10.356234550476074,9.651552200317383,10.277936935424805,5425388,0.0,0.0
2023-03-14 00:00:00+03:00,10.272717475891113,10.288376808166504,9.860346794128418,9.891666412353516,3231258,0.0,0.0
2023-03-15 00:00:00+03:00,9.891666412353516,10.011722564697266,9.380118370056152,9.604573249816895,3886903,0.0,0.0
2023-03-16 00:00:00+03:00,9.620232582092285,9.698531150817871,9.354019165039062,9.500175476074219,3187897,0.0,0.0
2023-03-17 00:00:00+03:00,9.5419340133667,9.656771659851074,9.343579292297363,9.604573249816895,10724875,0.0,0.0
2023-03-20 00:00:00+03:00,9.43753719329834,9.552373886108398,9.061705589294434,9.061705589294434,4574613,0.0,0.0
2023-03-21 00:00:00+03:00,8.87378978729248,8.946867942810059,8.456199645996094,8.607576370239258,4168002,0.0,0.0
2023-03-22 00:00:00+03:00,8.654555320739746,8.732853889465332,8.4718599319458,8.61279582977295,3345435,0.0,0.0
2023-03-23 00:00:00+03:00,8.607576370239258,9.134783744812012,8.487519264221191,8.618016242980957,1921175,0.0,0.0
2023-03-24 00:00:00+03:00,8.618016242980957,8.779831886291504,8.50839900970459,8.52405834197998,2718259,0.0,0.0
2023-03-27 00:00:00+03:00,8.560598373413086,8.623235702514648,8.273504257202148,8.351801872253418,1685457,0.0,0.0
2023-03-28 00:00:00+03:00,8.357022285461426,8.404001235961914,7.9603118896484375,8.231744766235352,3083036,0.0,0.0
2023-03-29 00:00:00+03:00,8.231744766235352,8.283944129943848,7.824594974517822,8.216086387634277,2720782,0.0,0.0
2023-03-30 00:00:00+03:00,8.221305847167969,8.61279582977295,8.17432689666748,8.346583366394043,2749183,0.0,0.0
2023-03-31 00:00:00+03:00,8.383122444152832,8.461420059204102,7.986411094665527,8.163887023925781,2925934,0.0,0.0
2023-04-03 00:00:00+03:00,8.163887023925781,8.377902030944824,7.913332939147949,8.116908073425293,4147046,0.0,0.0
2023-04-04 00:00:00+03:00,8.143007278442383,8.398780822753906,8.096029281616211,8.195205688476562,4025788,0.0,0.0
2023-04-05 00:00:00+03:00,8.247405052185059,8.61279582977295,8.195205688476562,8.23696517944336,6871324,0.0,0.0
2023-04-06 00:00:00+03:00,8.299604415893555,8.555377960205078,8.23696517944336,8.393562316894531,3457016,0.0,0.0
2023-04-07 00:00:00+03:00,8.544938087463379,8.701534271240234,8.424880981445312,8.607576370239258,6826164,0.0,0.0
2023-04-10 00:00:00+03:00,8.717193603515625,9.46363639831543,8.61279582977295,9.46363639831543,12453885,0.0,0.0
2023-04-11 00:00:00+03:00,9.474076271057129,9.808148384094238,9.275720596313477,9.474076271057129,11746278,0.0,0.0
2023-04-12 00:00:00+03:00,9.474076271057129,9.73507022857666,9.364459037780762,9.395777702331543,5592239,0.0,0.0
2023-04-13 00:00:00+03:00,9.395777702331543,9.578474044799805,9.213082313537598,9.333139419555664,3450500,0.0,0.0
2023-04-14 00:00:00+03:00,9.333139419555664,9.458415985107422,9.119124412536621,9.1817626953125,3419147,0.0,0.0
2023-04-17 00:00:00+03:00,9.239182472229004,9.244400978088379,8.87378978729248,8.972968101501465,3449012,0.0,0.0
2023-04-18 00:00:00+03:00,9.066926002502441,9.072145462036133,8.738073348999023,8.785052299499512,1893182,0.0,0.0
2023-04-19 00:00:00+03:00,8.87378978729248,8.931208610534668,8.50839900970459,8.680654525756836,2227746,0.0,0.0
2023-04-20 00:00:00+03:00,8.591917037963867,8.800711631774902,8.52405834197998,8.691094398498535,593033,0.0,0.0
2023-04-24 00:00:00+03:00,8.769392967224121,9.557594299316406,8.732853889465332,9.557594299316406,6772106,0.0,0.0
2023-04-25 00:00:00+03:00,9.244400978088379,9.322699546813965,8.61279582977295,8.628456115722656,15569558,0.0,0.0
2023-04-26 00:00:00+03:00,8.691094398498535,8.764172554016113,8.57625675201416,8.638895988464355,6206587,0.0,0.0
2023-04-27 00:00:00+03:00,8.664995193481445,8.675435066223145,8.367462158203125,8.461420059204102,3177036,0.0,0.0
2023-04-28 00:00:00+03:00,8.461420059204102,8.513619422912598,8.038610458374023,8.383122444152832,2653608,0.0,0.0
2023-05-02 00:00:00+03:00,8.372681617736816,8.424880981445312,7.547941207885742,7.568820953369141,15865012,0.0,0.0
2023-05-03 00:00:00+03:00,7.568820953369141,7.610579967498779,6.817159175872803,7.219089031219482,5426354,0.0,0.0
2023-05-04 00:00:00+03:00,7.213869094848633,7.542722225189209,7.156451225280762,7.2556281089782715,2190524,0.0,0.0
2023-05-05 00:00:00+03:00,7.099031925201416,7.4070048332214355,6.99985408782959,7.4070048332214355,4059277,0.0,0.0
2023-05-08 00:00:00+03:00,7.5061821937561035,7.568820953369141,7.2921671867370605,7.401784896850586,2842097,0.0,0.0
2023-05-09 00:00:00+03:00,7.396564960479736,7.433104038238525,7.099031925201416,7.2556281089782715,1563326,0.0,0.0
2023-05-10 00:00:00+03:00,7.27650785446167,7.27650785446167,6.921555995941162,6.931995868682861,1344351,0.0,0.0
2023-05-11 00:00:00+03:00,6.931995868682861,7.443543910980225,6.895456790924072,7.3809051513671875,2572917,0.0,0.0
2023-05-12 00:00:00+03:00,7.4070048332214355,7.433104038238525,6.99985408782959,7.151230812072754,1568052,0.0,0.0
2023-05-15 00:00:00+03:00,6.660562038421631,7.360025882720947,6.660562038421631,7.1668901443481445,1663786,0.0,0.0
2023-05-16 00:00:00+03:00,7.192989826202393,7.307826995849609,7.125131130218506,7.260848045349121,1272495,0.0,0.0
2023-05-17 00:00:00+03:00,7.239968776702881,7.4957427978515625,7.224308967590332,7.339146137237549,3014935,0.0,0.0
2023-05-18 00:00:00+03:00,7.360025882720947,7.443543910980225,7.088592052459717,7.125131130218506,2317211,0.0,0.0
2023-05-22 00:00:00+03:00,7.1303510665893555,7.307826995849609,6.989415168762207,7.224308967590332,1199846,0.0,0.0
2023-05-23 00:00:00+03:00,7.20343017578125,7.5061821937561035,7.104251861572266,7.453983783721924,2928856,0.0,0.0
2023-05-24 00:00:00+03:00,7.453983783721924,7.490522861480713,7.239968776702881,7.333927154541016,1869061,0.0,0.0
2023-05-25 00:00:00+03:00,7.333927154541016,7.333927154541016,7.192989826202393,7.192989826202393,731258,0.0,0.0
2023-05-26 00:00:00+03:00,7.2556281089782715,7.370466232299805,6.895456790924072,7.333927154541016,2342903,0.0,0.0
2023-05-29 00:00:00+03:00,7.333927154541016,8.064708709716797,7.333927154541016,7.438323974609375,3604487,0.0,0.0
2023-05-30 00:00:00+03:00,7.521842002868652,7.7201972007751465,7.448763847351074,7.647119045257568,6520337,0.0,0.0
2023-05-31 00:00:00+03:00,7.683658123016357,7.683658123016357,7.360025882720947,7.396564960479736,3547848,0.0,0.0
2023-06-01 00:00:00+03:00,7.417445182800293,7.636679172515869,7.401784896850586,7.542722225189209,2719818,0.0,0.0
2023-06-02 00:00:00+03:00,7.647119045257568,7.8350348472595215,7.5844807624816895,7.730637073516846,4845556,0.0,0.0
2023-06-05 00:00:00+03:00,7.949872016906738,8.028169631958008,7.777616024017334,7.996850967407227,3784480,0.0,0.0
2023-06-06 00:00:00+03:00,8.007290840148926,8.644116401672363,7.829814910888672,8.503178596496582,11537067,0.0,0.0
2023-06-07 00:00:00+03:00,8.50839900970459,8.732853889465332,8.315262794494629,8.560598373413086,7205805,0.0,0.0
2023-06-08 00:00:00+03:00,8.513619422912598,8.691094398498535,8.299604415893555,8.336142539978027,3680374,0.0,0.0
2023-06-09 00:00:00+03:00,8.362241744995117,8.743292808532715,8.362241744995117,8.743292808532715,6677046,0.0,0.0
2023-06-12 00:00:00+03:00,8.84769058227539,9.019947052001953,8.560598373413086,8.61279582977295,7555800,0.0,0.0
2023-06-13 00:00:00+03:00,8.644116401672363,8.790271759033203,8.090808868408203,8.090808868408203,6080151,0.0,0.0
2023-06-14 00:00:00+03:00,8.148226737976074,8.315262794494629,8.038610458374023,8.184765815734863,4686710,0.0,0.0
2023-06-15 00:00:00+03:00,8.26828384399414,8.273504257202148,8.038610458374023,8.080368995666504,5517365,0.0,0.0
2023-06-16 00:00:00+03:00,8.132568359375,8.61279582977295,8.064708709716797,8.61279582977295,10068379,0.0,0.0
2023-06-19 00:00:00+03:00,8.623235702514648,8.868570327758789,8.320483207702637,8.346583366394043,6473411,0.0,0.0
2023-06-20 00:00:00+03:00,8.357022285461426,8.717193603515625,8.038610458374023,8.189986228942871,4632028,0.0,0.0
2023-06-21 00:00:00+03:00,8.195205688476562,8.294384002685547,8.007290840148926,8.007290840148926,2884843,0.0,0.0
2023-06-22 00:00:00+03:00,8.064708709716797,8.21086597442627,7.918552875518799,8.101247787475586,3693464,0.0,0.0
2023-06-23 00:00:00+03:00,8.247405052185059,8.743292808532715,8.153447151184082,8.696313858032227,9187322,0.0,0.0
2023-06-26 00:00:00+03:00,8.795492172241211,9.359238624572754,8.748513221740723,9.056486129760742,9061895,0.0,0.0
2023-06-27 00:00:00+03:00,9.186983108520508,9.395777702331543,9.098244667053223,9.134783744812012,2094210,0.0,0.0
2023-07-03 00:00:00+03:00,9.421876907348633,9.656771659851074,9.265280723571777,9.568034172058105,5411980,0.0,0.0
2023-07-04 00:00:00+03:00,9.578474044799805,10.173540115356445,9.369677543640137,10.142219543457031,7563055,0.0,0.0
2023-07-05 00:00:00+03:00,10.17875862121582,11.149656295776367,9.917765617370605,11.149656295776367,12568773,0.0,0.0
2023-07-06 00:00:00+03:00,11.149656295776367,11.692523956298828,10.857342720031738,11.400211334228516,11085999,0.0,0.0
2023-07-07 00:00:00+03:00,11.400211334228516,11.441969871520996,10.836463928222656,11.045259475708008,7812381,0.0,0.0
2023-07-10 00:00:00+03:00,11.06613826751709,11.34801197052002,10.826024055480957,11.212294578552246,9445253,0.0,0.0
2023-07-11 00:00:00+03:00,11.285372734069824,11.327132225036621,10.74250602722168,10.888663291931152,5443126,0.0,0.0
2023-07-12 00:00:00+03:00,10.888663291931152,11.034818649291992,10.648548126220703,10.73206615447998,5535981,0.0,0.0
2023-07-13 00:00:00+03:00,10.773824691772461,11.34801197052002,10.773824691772461,10.96174144744873,8478297,0.0,0.0
2023-07-14 00:00:00+03:00,10.96174144744873,11.06613826751709,10.6798677444458,10.773824691772461,6640683,0.0,0.0
2023-07-17 00:00:00+03:00,10.78426456451416,11.222735404968262,10.78426456451416,10.899102210998535,11755834,0.0,0.0
2023-07-18 00:00:00+03:00,11.01393985748291,11.588126182556152,10.96174144744873,11.201854705810547,22408984,0.0,0.0
2023-07-19 00:00:00+03:00,11.327132225036621,12.256270408630371,11.076578140258789,11.421090126037598,29151116,0.0,0.0
2023-07-20 00:00:00+03:00,11.588126182556152,11.796920776367188,11.170536041259766,11.744722366333008,13006550,0.0,0.0
2023-07-21 00:00:00+03:00,11.796920776367188,11.95351791381836,11.285372734069824,11.33757209777832,9458163,0.0,0.0
2023-07-24 00:00:00+03:00,11.389771461486816,11.56724739074707,10.857342720031738,11.358451843261719,11837821,0.0,0.0
2023-07-25 00:00:00+03:00,11.358451843261719,12.057914733886719,11.034818649291992,11.786480903625488,14531260,0.0,0.0
2023-07-26 00:00:00+03:00,11.869998931884766,12.005716323852539,11.546366691589355,11.776041984558105,8995748,0.0,0.0
2023-07-27 00:00:00+03:00,11.807360649108887,12.005716323852539,11.556806564331055,11.849120140075684,11357867,0.0,0.0
2023-07-28 00:00:00+03:00,11.995277404785156,12.287590026855469,11.619444847106934,12.245830535888672,15316834,0.0,0.0
2023-07-31 00:00:00+03:00,12.423306465148926,12.611222267150879,11.922198295593262,12.110114097595215,10644764,0.0,0.0
2023-08-01 00:00:00+03:00,12.172752380371094,12.26671028137207,11.807360649108887,11.922198295593262,7115472,0.0,0.0
2023-08-02 00:00:00+03:00,11.922198295593262,12.830456733703613,11.869998931884766,12.423306465148926,12122810,0.0,0.0
2023-08-03 00:00:00+03:00,12.444186210632324,12.579902648925781,12.298028945922852,12.475504875183105,7169090,0.0,0.0
2023-08-04 00:00:00+03:00,12.506823539733887,12.903534889221191,12.298028945922852,12.767818450927734,9735821,0.0,0.0
2023-08-07 00:00:00+03:00,12.767818450927734,12.945294380187988,12.454626083374023,12.757378578186035,7204474,0.0,0.0
2023-08-08 00:00:00+03:00,12.767818450927734,13.185407638549805,12.475504875183105,12.955734252929688,6639244,0.0,0.0
2023-08-09 00:00:00+03:00,12.955734252929688,13.2584867477417,12.632102012634277,12.88265609741211,5587834,0.0,0.0
2023-08-10 00:00:00+03:00,12.997492790222168,13.049692153930664,12.423306465148926,12.485944747924805,8354551,0.0,0.0
2023-08-11 00:00:00+03:00,12.371108055114746,12.861776351928711,12.162313461303711,12.861776351928711,7984420,0.0,0.0
2023-08-14 00:00:00+03:00,12.861776351928711,13.937070846557617,12.757378578186035,13.696955680847168,16127206,0.0,0.0
2023-08-15 00:00:00+03:00,13.832673072814941,14.198064804077148,13.58211898803711,13.780473709106445,5384621,0.0,0.0
2023-08-16 00:00:00+03:00,13.832673072814941,15.033245086669922,13.80135440826416,14.44861888885498,10663203,0.0,0.0
2023-08-17 00:00:00+03:00,14.250263214111328,14.54257583618164,13.540360450744629,14.093667030334473,5759800,0.0,0.0
2023-08-18 00:00:00+03:00,14.093667030334473,14.490378379821777,13.780473709106445,13.884872436523438,7545902,0.0,0.0
2023-08-21 00:00:00+03:00,13.84311294555664,13.884872436523438,13.154088973999023,13.47772216796875,9956960,0.0,0.0
2023-08-22 00:00:00+03:00,13.47772216796875,14.051907539367676,12.809576988220215,13.01837158203125,14196273,0.0,0.0
2023-08-23 00:00:00+03:00,13.143649101257324,13.832673072814941,12.788698196411133,12.851335525512695,12424329,0.0,0.0
2023-08-24 00:00:00+03:00,12.851335525512695,13.112330436706543,12.005716323852539,12.26671028137207,8989618,0.0,0.0
2023-08-25 00:00:00+03:00,12.287590026855469,12.485944747924805,12.057914733886719,12.26671028137207,7609447,0.0,0.0
2023-08-28 00:00:00+03:00,12.360668182373047,12.997492790222168,12.350228309631348,12.621662139892578,14222431,0.0,0.0
2023-08-29 00:00:00+03:00,12.559022903442383,13.770034790039062,12.559022903442383,13.394204139709473,27564383,0.0,0.0
2023-08-31 00:00:00+03:00,13.342004776000977,14.54257583618164,13.185407638549805,14.4068603515625,9372456,0.0,0.0
2023-09-01 00:00:00+03:00,14.4068603515625,14.730491638183594,14.051907539367676,14.292021751403809,9212951,0.0,0.0
2023-09-04 00:00:00+03:00,14.093667030334473,14.51125717163086,13.634318351745605,13.822233200073242,6048926,0.0,0.0
2023-09-05 00:00:00+03:00,13.822233200073242,13.90575122833252,13.46728229522705,13.770034790039062,3892072,0.0,0.0
2023-09-06 00:00:00+03:00,13.80135440826416,13.874431610107422,13.352444648742676,13.780473709106445,5120013,0.0,0.0
2023-09-07 00:00:00+03:00,13.780473709106445,14.51125717163086,13.780473709106445,14.385979652404785,6211412,0.0,0.0
2023-09-08 00:00:00+03:00,14.459057807922363,15.450835227966309,14.459057807922363,15.054123878479004,10243182,0.0,0.0
2023-09-11 00:00:00+03:00,15.137641906738281,15.450835227966309,14.699172973632812,14.74093246459961,6093695,0.0,0.0
2023-09-12 00:00:00+03:00,14.667854309082031,14.720051765441895,14.093667030334473,14.229384422302246,6321702,0.0,0.0
2023-09-13 00:00:00+03:00,14.250263214111328,14.479937553405762,13.978830337524414,14.031028747558594,5254129,0.0,0.0
2023-09-14 00:00:00+03:00,14.031028747558594,14.636533737182617,13.394204139709473,14.459057807922363,4561440,0.0,0.0
2023-09-15 00:00:00+03:00,14.459057807922363,14.928847312927246,14.041467666625977,14.333781242370605,7386526,0.0,0.0
2023-09-18 00:00:00+03:00,14.354660987854004,14.427739143371582,13.665637016296387,13.707395553588867,5165240,0.0,0.0
2023-09-19 00:00:00+03:00,13.655197143554688,13.790913581848145,12.997492790222168,13.57167911529541,2446249,0.0,0.0
2023-09-20 00:00:00+03:00,13.58211898803711,13.665637016296387,13.185407638549805,13.227167129516602,3146428,0.0,0.0
2023-09-21 00:00:00+03:00,13.248046875,13.916191101074219,12.830456733703613,13.895312309265137,4043631,0.0,0.0
2023-09-22 00:00:00+03:00,13.895312309265137,15.137641906738281,13.62387752532959,14.949727058410645,6798991,0.0,0.0
2023-09-25 00:00:00+03:00,14.949727058410645,15.649189949035645,14.876648902893066,15.576111793518066,6648875,0.0,0.0
2023-09-26 00:00:00+03:00,15.649189949035645,15.71182918548584,14.876648902893066,15.283799171447754,5744566,0.0,0.0
2023-09-27 00:00:00+03:00,15.48215389251709,15.617871284484863,15.294239044189453,15.398635864257812,5453810,0.0,0.0
2023-09-28 00:00:00+03:00,15.461275100708008,15.76402759552002,15.085444450378418,15.555233001708984,7292240,0.0,0.0
2023-09-29 00:00:00+03:00,15.607431411743164,15.931063652038574,15.450835227966309,15.847545623779297,5411983,0.0,0.0
2023-10-02 00:00:00+03:00,16.098100662231445,16.901960372924805,15.878865242004395,16.891521453857422,5835442,0.0,0.0
2023-10-03 00:00:00+03:00,17.027238845825195,17.027238845825195,16.327774047851562,16.640966415405273,4525882,0.0,0.0
2023-10-04 00:00:00+03:00,16.59920883178711,16.693166732788086,16.181617736816406,16.442611694335938,3176151,0.0,0.0
2023-10-05 00:00:00+03:00,16.45305061340332,16.547008514404297,15.137641906738281,16.359094619750977,3735289,0.0,0.0
2023-10-06 00:00:00+03:00,16.045900344848633,16.557449340820312,15.931063652038574,16.359094619750977,1820401,0.0,0.0
2023-10-09 00:00:00+03:00,16.171178817749023,16.494810104370117,15.690949440002441,16.359094619750977,4811768,0.0,0.0
2023-10-10 00:00:00+03:00,16.36953353881836,16.693166732788086,16.31733512878418,16.661846160888672,5436101,0.0,0.0
2023-10-11 00:00:00+03:00,16.808002471923828,17.61186408996582,16.693166732788086,17.22559356689453,5707891,0.0,0.0
2023-10-12 00:00:00+03:00,17.22559356689453,17.486587524414062,16.098100662231445,16.59920883178711,5521099,0.0,0.0
2023-10-13 00:00:00+03:00,16.557449340820312,16.557449340820312,15.8162260055542,15.972823143005371,2895430,0.0,0.0
2023-10-16 00:00:00+03:00,16.65140724182129,16.83932113647461,15.043684959411621,16.484371185302734,9292554,0.0,0.0
2023-10-17 00:00:00+03:00,16.9854793548584,17.674503326416016,16.808002471923828,17.32999038696289,7310030,0.0,0.0
2023-10-18 00:00:00+03:00,16.964599609375,17.99813461303711,16.808002471923828,17.6640625,6843764,0.0,0.0
2023-10-19 00:00:00+03:00,17.6849422454834,18.008575439453125,17.35087013244629,17.361309051513672,6181988,0.0,0.0
2023-10-20 00:00:00+03:00,17.22559356689453,17.27779197692871,16.36953353881836,16.52613067626953,3386712,0.0,0.0
2023-10-23 00:00:00+03:00,16.52613067626953,16.776683807373047,16.06678009033203,16.588768005371094,3291315,0.0,0.0
2023-10-24 00:00:00+03:00,16.71404457092285,17.309110641479492,16.567888259887695,17.131635665893555,6351737,0.0,0.0
2023-10-25 00:00:00+03:00,17.204713821411133,17.256912231445312,15.71182918548584,15.889305114746094,4508704,0.0,0.0
2023-10-26 00:00:00+03:00,15.8162260055542,16.36953353881836,15.179401397705078,15.889305114746094,3698236,0.0,0.0
2023-10-27 00:00:00+03:00,15.962383270263672,16.06678009033203,15.503033638000488,15.878865242004395,1842242,0.0,0.0
2023-10-30 00:00:00+03:00,15.889305114746094,16.160737991333008,15.596991539001465,16.01458168029785,1891295,0.0,0.0
2023-10-31 00:00:00+03:00,16.01458168029785,16.108539581298828,15.461275100708008,15.659629821777344,1984269,0.0,0.0
2023-11-01 00:00:00+03:00,15.847545623779297,15.847545623779297,14.459057807922363,15.033245086669922,4566571,0.0,0.0
2023-11-02 00:00:00+03:00,15.075003623962402,15.189841270446777,14.615654945373535,14.981045722961426,3587657,0.0,0.0
2023-11-03 00:00:00+03:00,15.012365341186523,15.242039680480957,14.302461624145508,14.751372337341309,1550663,0.0,0.0
2023-11-06 00:00:00+03:00,14.354660987854004,14.761811256408691,14.104106903076172,14.469497680664062,5916327,0.0,0.0
2023-11-07 00:00:00+03:00,14.469497680664062,14.521697044372559,13.749155044555664,13.780473709106445,3367504,0.0,0.0
2023-11-08 00:00:00+03:00,13.780473709106445,13.926630973815918,13.561240196228027,13.832673072814941,2439643,0.0,0.0
2023-11-09 00:00:00+03:00,13.81179428100586,13.989270210266113,13.57167911529541,13.749155044555664,1487226,0.0,0.0
2023-11-10 00:00:00+03:00,13.749155044555664,13.989270210266113,13.717836380004883,13.780473709106445,3688397,0.0,0.0
2023-11-13 00:00:00+03:00,13.728276252746582,13.968390464782715,13.394204139709473,13.394204139709473,1875385,0.0,0.0
2023-11-14 00:00:00+03:00,13.394204139709473,13.456842422485352,13.060131072998047,13.310686111450195,1160602,0.0,0.0
2023-11-15 00:00:00+03:00,13.46728229522705,13.46728229522705,12.945294380187988,13.174968719482422,1531250,0.0,0.0
2023-11-16 00:00:00+03:00,13.174968719482422,13.707395553588867,13.174968719482422,13.676076889038086,3143813,0.0,0.0
2023-11-17 00:00:00+03:00,13.51948070526123,13.937070846557617,13.488161087036133,13.780473709106445,3399325,0.0,0.0
2023-11-20 00:00:00+03:00,13.780473709106445,14.365100860595703,13.780473709106445,14.208503723144531,3356435,0.0,0.0
2023-11-21 00:00:00+03:00,14.239824295043945,14.459057807922363,13.989270210266113,14.198064804077148,4425069,0.0,0.0
2023-11-22 00:00:00+03:00,14.271142959594727,14.271142959594727,13.937070846557617,14.145866394042969,2964918,0.0,0.0
2023-11-23 00:00:00+03:00,14.208503723144531,14.344221115112305,13.968390464782715,14.093667030334473,2603513,0.0,0.0
2023-11-24 00:00:00+03:00,14.093667030334473,14.302461624145508,13.832673072814941,14.250263214111328,5639240,0.0,0.0
2023-11-27 00:00:00+03:00,14.4068603515625,14.803569793701172,14.302461624145508,14.730491638183594,6149139,0.0,0.0
2023-11-28 00:00:00+03:00,14.730491638183594,14.730491638183594,14.093667030334473,14.145866394042969,3603512,0.0,0.0
2023-11-29 00:00:00+03:00,14.198064804077148,14.250263214111328,13.717836380004883,13.9579496383667,2733918,0.0,0.0
2023-11-30 00:00:00+03:00,13.9579496383667,13.968390464782715,13.644758224487305,13.696955680847168,1286626,0.0,0.0
2023-12-01 00:00:00+03:00,14.07278823852539,14.18762493133545,13.80135440826416,14.18762493133545,3426454,0.0,0.0
2023-12-04 00:00:00+03:00,14.239824295043945,14.250263214111328,13.561240196228027,13.738715171813965,2514068,0.0,0.0
2023-12-05 00:00:00+03:00,13.738715171813965,13.884872436523438,13.62387752532959,13.84311294555664,1834098,0.0,0.0
2023-12-06 00:00:00+03:00,13.895312309265137,13.895312309265137,12.92441463470459,12.955734252929688,2886671,0.0,0.0
2023-12-07 00:00:00+03:00,13.01837158203125,13.174968719482422,12.5381441116333,13.174968719482422,1639318,0.0,0.0
2023-12-08 00:00:00+03:00,13.248046875,13.383764266967773,13.007932662963867,13.122770309448242,1231906,0.0,0.0
2023-12-11 00:00:00+03:00,13.112330436706543,13.122770309448242,12.162313461303711,12.475504875183105,2501716,0.0,0.0
2023-12-12 00:00:00+03:00,12.475504875183105,13.20628833770752,12.120553970336914,12.496384620666504,2434220,0.0,0.0
2023-12-13 00:00:00+03:00,12.496384620666504,12.559022903442383,11.765602111816406,11.849120140075684,1247630,0.0,0.0
2023-12-14 00:00:00+03:00,11.932638168334961,12.089234352111816,11.640324592590332,12.005716323852539,2304949,0.0,0.0
2023-12-15 00:00:00+03:00,12.005716323852539,12.475504875183105,11.828240394592285,12.433746337890625,2903991,0.0,0.0
2023-12-18 00:00:00+03:00,12.360668182373047,12.934853553771973,12.214510917663574,12.475504875183105,2848191,0.0,0.0
2023-12-19 00:00:00+03:00,12.475504875183105,12.475504875183105,11.859560012817383,11.922198295593262,1848608,0.0,0.0
2023-12-20 00:00:00+03:00,11.94307804107666,12.016156196594238,11.410650253295898,11.849120140075684,1615457,0.0,0.0
2023-12-21 00:00:00+03:00,11.849120140075684,12.527704238891602,11.483729362487793,12.256270408630371,3174488,0.0,0.0
2023-12-22 00:00:00+03:00,11.94307804107666,12.527704238891602,11.650765419006348,12.475504875183105,3315198,0.0,0.0
2023-12-25 00:00:00+03:00,12.454626083374023,12.454626083374023,11.577686309814453,12.057914733886719,1252473,0.0,0.0
2023-12-26 00:00:00+03:00,12.068354606628418,12.193632125854492,11.682084083557129,11.869998931884766,975871,0.0,0.0
2023-12-27 00:00:00+03:00,12.0,12.0,11.1899995803833,11.510000228881836,1573443,0.0,0.0
2023-12-28 00:00:00+03:00,11.5,12.300000190734863,11.449999809265137,11.5600004196167,2068016,0.0,0.0
2023-12-29 00:00:00+03:00,11.600000381469727,12.710000038146973,11.359999656677246,11.609999656677246,5316269,0.0,0.0
2024-01-02 00:00:00+03:00,11.619999885559082,12.489999771118164,11.619999885559082,12.399999618530273,3218053,0.0,0.0
2024-01-03 00:00:00+03:00,12.520000457763672,12.90999984741211,12.100000381469727,12.199999809265137,3529258,0.0,0.0
2024-01-04 00:00:00+03:00,12.199999809265137,12.289999961853027,11.529999732971191,11.9399995803833,4391224,0.0,0.0
2024-01-05 00:00:00+03:00,11.970000267028809,12.149999618530273,11.920000076293945,12.100000381469727,1742999,0.0,0.0
2024-01-08 00:00:00+03:00,12.15999984741211,12.319999694824219,11.979999542236328,12.0600004196167,2224890,0.0,0.0
2024-01-09 00:00:00+03:00,12.079999923706055,12.470000267028809,11.890000343322754,12.3100004196167,5137029,0.0,0.0
2024-01-10 00:00:00+03:00,12.25,12.670000076293945,12.170000076293945,12.510000228881836,4499052,0.0,0.0
2024-01-11 00:00:00+03:00,12.600000381469727,13.5,12.4399995803833,13.279999732971191,7627003,0.0,0.0
2024-01-12 00:00:00+03:00,13.199999809265137,13.609999656677246,12.9399995803833,13.1899995803833,4974691,0.0,0.0
2024-01-15 00:00:00+03:00,13.170000076293945,13.170000076293945,12.5600004196167,12.729999542236328,6685974,0.0,0.0
2024-01-16 00:00:00+03:00,12.5,12.5,12.1899995803833,12.220000267028809,5447084,0.0,0.0
2024-01-17 00:00:00+03:00,12.229999542236328,12.770000457763672,12.1899995803833,12.329999923706055,5168090,0.0,0.0
2024-01-18 00:00:00+03:00,12.5,12.800000190734863,12.399999618530273,12.600000381469727,7492843,0.0,0.0
2024-01-19 00:00:00+03:00,12.619999885559082,12.770000457763672,12.369999885559082,12.390000343322754,5275028,0.0,0.0
2024-01-22 00:00:00+03:00,12.399999618530273,12.5600004196167,12.369999885559082,12.5,4152908,0.0,0.0
2024-01-23 00:00:00+03:00,12.529999732971191,12.770000457763672,12.020000457763672,12.300000190734863,6557796,0.0,0.0
2024-01-24 00:00:00+03:00,12.319999694824219,12.520000457763672,12.130000114440918,12.25,5125457,0.0,0.0
2024-01-25 00:00:00+03:00,12.3100004196167,12.699999809265137,12.210000038146973,12.609999656677246,7030330,0.0,0.0
2024-01-26 00:00:00+03:00,12.65999984741211,12.850000381469727,12.569999694824219,12.770000457763672,6665477,0.0,0.0
2024-01-29 00:00:00+03:00,13.140000343322754,13.149999618530273,12.630000114440918,12.760000228881836,7722201,0.0,0.0
2024-01-30 00:00:00+03:00,12.819999694824219,13.4399995803833,12.739999771118164,13.359999656677246,11322105,0.0,0.0
2024-01-31 00:00:00+03:00,13.449999809265137,13.850000381469727,13.100000381469727,13.760000228881836,7933131,0.0,0.0
2024-02-01 00:00:00+03:00,13.989999771118164,14.399999618530273,13.84000015258789,14.25,9004437,0.0,0.0
2024-02-02 00:00:00+03:00,14.300000190734863,14.369999885559082,13.75,13.949999809265137,7500025,0.0,0.0
2024-02-05 00:00:00+03:00,14.100000381469727,14.210000038146973,13.880000114440918,14.0600004196167,6448024,0.0,0.0
2024-02-06 00:00:00+03:00,14.09000015258789,15.279999732971191,14.0600004196167,15.15999984741211,14234048,0.0,0.0
2024-02-07 00:00:00+03:00,16.18000030517578,16.190000534057617,15.380000114440918,15.510000228881836,20882542,0.0,0.0
2024-02-08 00:00:00+03:00,15.529999732971191,15.829999923706055,15.079999923706055,15.5,11145325,0.0,0.0
2024-02-09 00:00:00+03:00,15.5600004196167,16.0,15.170000076293945,15.920000076293945,11169293,0.0,0.0
2024-02-12 00:00:00+03:00,15.9399995803833,16.40999984741211,15.619999885559082,16.059999465942383,10603665,0.0,0.0
2024-02-13 00:00:00+03:00,16.350000381469727,16.360000610351562,15.489999771118164,15.489999771118164,6782688,0.0,0.0
2024-02-14 00:00:00+03:00,15.399999618530273,16.100000381469727,15.079999923706055,15.75,5967054,0.0,0.0
2024-02-15 00:00:00+03:00,15.800000190734863,16.200000762939453,15.649999618530273,16.0,9197084,0.0,0.0
2024-02-16 00:00:00+03:00,16.079999923706055,16.899999618530273,15.5,16.25,11836871,0.0,0.0
2024-02-19 00:00:00+03:00,16.25,16.700000762939453,16.059999465942383,16.260000228881836,11439719,0.0,0.0
2024-02-20 00:00:00+03:00,16.3799991607666,16.68000030517578,16.139999389648438,16.479999542236328,6353325,0.0,0.0
2024-02-21 00:00:00+03:00,16.5,16.850000381469727,16.1200008392334,16.530000686645508,8936284,0.0,0.0
2024-02-22 00:00:00+03:00,16.579999923706055,17.469999313354492,16.579999923706055,17.299999237060547,10486708,0.0,0.0
2024-02-23 00:00:00+03:00,17.389999389648438,17.469999313354492,16.829999923706055,17.280000686645508,7682623,0.0,0.0
2024-02-26 00:00:00+03:00,17.280000686645508,18.0,16.959999084472656,17.600000381469727,11946918,0.0,0.0
2024-02-27 00:00:00+03:00,17.549999237060547,18.170000076293945,17.09000015258789,17.40999984741211,9263550,0.0,0.0
2024-02-28 00:00:00+03:00,17.600000381469727,18.43000030517578,17.299999237060547,17.510000228881836,10296991,0.0,0.0
2024-02-29 00:00:00+03:00,17.610000610351562,17.75,16.84000015258789,17.399999618530273,9379742,0.0,0.0
2024-03-01 00:00:00+03:00,17.479999542236328,17.989999771118164,17.170000076293945,17.309999465942383,4536755,0.0,0.0
2024-03-04 00:00:00+03:00,17.420000076293945,17.5,16.6200008392334,16.649999618530273,3749112,0.0,0.0
2024-03-05 00:00:00+03:00,16.649999618530273,16.889999389648438,15.859999656677246,15.989999771118164,4169338,0.0,0.0
2024-03-06 00:00:00+03:00,15.979999542236328,15.979999542236328,15.279999732971191,15.300000190734863,5456463,0.0,0.0
2024-03-07 00:00:00+03:00,15.4399995803833,16.059999465942383,15.40999984741211,16.010000228881836,3587308,0.0,0.0
2024-03-08 00:00:00+03:00,16.09000015258789,16.719999313354492,15.710000038146973,16.6299991607666,5466530,0.0,0.0
2024-03-11 00:00:00+03:00,16.799999237060547,16.989999771118164,15.739999771118164,15.739999771118164,3303381,0.0,0.0
2024-03-12 00:00:00+03:00,15.800000190734863,15.930000305175781,15.300000190734863,15.420000076293945,2259815,0.0,0.0
2024-03-13 00:00:00+03:00,15.420000076293945,15.850000381469727,15.229999542236328,15.449999809265137,2201863,0.0,0.0
2024-03-14 00:00:00+03:00,15.470000267028809,15.90999984741211,15.180000305175781,15.670000076293945,1890001,0.0,0.0
2024-03-15 00:00:00+03:00,15.800000190734863,15.819999694824219,15.399999618530273,15.600000381469727,1966817,0.0,0.0
2024-03-18 00:00:00+03:00,15.6899995803833,15.699999809265137,14.850000381469727,15.210000038146973,2634129,0.0,0.0
2024-03-19 00:00:00+03:00,15.210000038146973,15.579999923706055,15.079999923706055,15.4399995803833,2960224,0.0,0.0
2024-03-20 00:00:00+03:00,15.430000305175781,15.550000190734863,15.199999809265137,15.369999885559082,3257425,0.0,0.0
2024-03-21 00:00:00+03:00,15.369999885559082,15.800000190734863,15.369999885559082,15.670000076293945,2321693,0.0,0.0
2024-03-22 00:00:00+03:00,15.670000076293945,16.299999237060547,15.40999984741211,15.5600004196167,2447714,0.0,0.0
2024-03-25 00:00:00+03:00,15.539999961853027,15.539999961853027,14.350000381469727,14.40999984741211,3738532,0.0,0.0
2024-03-26 00:00:00+03:00,14.399999618530273,14.630000114440918,14.0,14.010000228881836,1772694,0.0,0.0
2024-03-27 00:00:00+03:00,14.010000228881836,14.449999809265137,13.9399995803833,14.220000267028809,1087733,0.0,0.0
2024-03-28 00:00:00+03:00,14.279999732971191,14.399999618530273,13.90999984741211,13.989999771118164,1861384,0.0,0.0
2024-03-29 00:00:00+03:00,13.989999771118164,14.270000457763672,13.970000267028809,14.25,1661247,0.0,0.0
2024-04-01 00:00:00+03:00,14.279999732971191,14.489999771118164,13.649999618530273,13.770000457763672,2151377,0.0,0.0
2024-04-02 00:00:00+03:00,13.850000381469727,13.989999771118164,13.699999809265137,13.970000267028809,2293981,0.0,0.0
2024-04-03 00:00:00+03:00,14.029999732971191,14.029999732971191,13.609999656677246,13.720000267028809,1191648,0.0,0.0
2024-04-04 00:00:00+03:00,13.720000267028809,13.850000381469727,13.09000015258789,13.470000267028809,2282803,0.0,0.0
2024-04-05 00:00:00+03:00,13.479999542236328,13.819999694824219,13.329999923706055,13.8100004196167,3545672,0.0,0.0
2024-04-08 00:00:00+03:00,13.869999885559082,14.399999618530273,13.859999656677246,14.380000114440918,3048146,0.0,0.0
2024-04-15 00:00:00+03:00,14.069999694824219,14.800000190734863,13.380000114440918,14.710000038146973,3284946,0.0,0.0
2024-04-16 00:00:00+03:00,14.859999656677246,15.119999885559082,14.300000190734863,14.420000076293945,2724378,0.0,0.0
2024-04-17 00:00:00+03:00,14.420000076293945,14.869999885559082,13.800000190734863,14.0,2663298,0.0,0.0
2024-04-18 00:00:00+03:00,14.010000228881836,14.510000228881836,13.960000038146973,14.430000305175781,2605125,0.0,0.0
2024-04-19 00:00:00+03:00,14.359999656677246,15.699999809265137,14.1899995803833,15.489999771118164,5257177,0.0,0.0
2024-04-22 00:00:00+03:00,15.5,15.720000267028809,14.9399995803833,15.199999809265137,4399959,0.0,0.0
2024-04-24 00:00:00+03:00,15.210000038146973,15.630000114440918,15.170000076293945,15.489999771118164,3233795,0.0,0.0
2024-04-25 00:00:00+03:00,15.550000190734863,15.819999694824219,15.109999656677246,15.479999542236328,3112932,0.0,0.0
2024-04-26 00:00:00+03:00,15.390000343322754,15.779999732971191,15.149999618530273,15.489999771118164,9338982,0.0,0.0
2024-04-29 00:00:00+03:00,15.520000457763672,15.760000228881836,15.109999656677246,15.670000076293945,6440733,0.0,0.0
2024-04-30 00:00:00+03:00,15.699999809265137,15.819999694824219,14.970000267028809,15.039999961853027,3899856,0.0,0.0
2024-05-02 00:00:00+03:00,15.039999961853027,15.65999984741211,15.0,15.600000381469727,4868053,0.0,0.0
2024-05-03 00:00:00+03:00,15.600000381469727,16.200000762939453,15.449999809265137,16.15999984741211,6366820,0.0,0.0
2024-05-06 00:00:00+03:00,16.010000228881836,16.18000030517578,15.6899995803833,16.020000457763672,4430607,0.0,0.0
2024-05-07 00:00:00+03:00,16.5,16.950000762939453,15.869999885559082,15.90999984741211,12953655,0.0,0.0
2024-05-08 00:00:00+03:00,16.100000381469727,16.229999542236328,15.720000267028809,15.75,4650944,0.0,0.0
2024-05-09 00:00:00+03:00,15.979999542236328,15.979999542236328,15.319999694824219,15.460000038146973,2965395,0.0,0.0
2024-05-10 00:00:00+03:00,15.550000190734863,15.770000457763672,15.279999732971191,15.399999618530273,6489966,0.0,0.0
2024-05-13 00:00:00+03:00,15.4399995803833,15.4399995803833,14.710000038146973,14.739999771118164,2708031,0.0,0.0
2024-05-14 00:00:00+03:00,14.800000190734863,14.979999542236328,14.390000343322754,14.510000228881836,3291078,0.0,0.0
2024-05-15 00:00:00+03:00,14.529999732971191,15.079999923706055,14.449999809265137,14.670000076293945,3514280,0.0,0.0
2024-05-16 00:00:00+03:00,14.6899995803833,15.300000190734863,14.6899995803833,15.279999732971191,5200287,0.0,0.0
2024-05-17 00:00:00+03:00,15.279999732971191,15.600000381469727,15.119999885559082,15.399999618530273,2199911,0.0,0.0
2024-05-20 00:00:00+03:00,15.649999618530273,15.699999809265137,15.149999618530273,15.319999694824219,3191268,0.0,0.0
2024-05-21 00:00:00+03:00,15.390000343322754,15.59000015258789,15.0,15.119999885559082,5111277,0.0,0.0
2024-05-22 00:00:00+03:00,15.180000305175781,16.6299991607666,15.119999885559082,16.34000015258789,17151837,0.0,0.0
2024-05-23 00:00:00+03:00,16.34000015258789,16.899999618530273,16.110000610351562,16.459999084472656,4790086,0.0,0.0
2024-05-24 00:00:00+03:00,16.459999084472656,17.239999771118164,16.06999969482422,16.920000076293945,3723182,0.0,0.0
2024-05-27 00:00:00+03:00,16.989999771118164,17.200000762939453,15.550000190734863,15.989999771118164,5128768,0.0,0.0
2024-05-28 00:00:00+03:00,15.960000038146973,16.200000762939453,15.649999618530273,15.710000038146973,4134766,0.0,0.0
2024-05-29 00:00:00+03:00,15.710000038146973,15.84000015258789,15.119999885559082,15.15999984741211,2619617,0.0,0.0
2024-05-30 00:00:00+03:00,15.15999984741211,15.350000381469727,14.84000015258789,14.979999542236328,1977521,0.0,0.0
2024-05-31 00:00:00+03:00,14.930000305175781,15.289999961853027,14.670000076293945,14.979999542236328,2576186,0.0,0.0
2024-06-03 00:00:00+03:00,15.0,15.100000381469727,14.579999923706055,14.699999809265137,2108443,0.0,0.0
2024-06-04 00:00:00+03:00,14.770000457763672,15.149999618530273,14.710000038146973,15.0,1877077,0.0,0.0
2024-06-05 00:00:00+03:00,15.09000015258789,15.100000381469727,14.600000381469727,15.0,2166611,0.0,0.0
2024-06-06 00:00:00+03:00,15.0,15.510000228881836,14.899999618530273,14.949999809265137,2970058,0.0,0.0
2024-06-07 00:00:00+03:00,15.020000457763672,15.270000457763672,14.869999885559082,15.180000305175781,6926187,0.0,0.0
2024-06-10 00:00:00+03:00,15.119999885559082,15.920000076293945,15.0,15.649999618530273,6324015,0.0,0.0
2024-06-11 00:00:00+03:00,15.760000228881836,15.890000343322754,15.15999984741211,15.34000015258789,2456483,0.0,0.0
2024-06-12 00:00:00+03:00,15.300000190734863,16.329999923706055,14.90999984741211,16.170000076293945,9626802,0.0,0.0
2024-06-13 00:00:00+03:00,17.0,17.0,16.200000762939453,16.350000381469727,8674488,0.0,0.0
2024-06-14 00:00:00+03:00,16.479999542236328,16.549999237060547,15.720000267028809,15.989999771118164,4598385,0.0,0.0
2024-06-20 00:00:00+03:00,16.059999465942383,16.25,15.699999809265137,15.850000381469727,3117557,0.0,0.0
2024-06-21 00:00:00+03:00,15.880000114440918,16.049999237060547,15.4399995803833,15.760000228881836,2787718,0.0,0.0
2024-06-24 00:00:00+03:00,15.829999923706055,15.90999984741211,15.09000015258789,15.600000381469727,5178757,0.0,0.0
2024-06-25 00:00:00+03:00,15.579999923706055,15.699999809265137,15.170000076293945,15.4399995803833,2946031,0.0,0.0
2024-06-26 00:00:00+03:00,15.359999656677246,15.420000076293945,14.680000305175781,15.199999809265137,6195422,0.0,0.0
2024-06-27 00:00:00+03:00,15.050000190734863,15.550000190734863,14.989999771118164,15.420000076293945,7232319,0.0,0.0
2024-06-28 00:00:00+03:00,15.460000038146973,15.84000015258789,15.369999885559082,15.5,6282122,0.0,0.0
2024-07-01 00:00:00+03:00,15.520000457763672,15.630000114440918,14.75,15.25,4366032,0.0,0.0
2024-07-02 00:00:00+03:00,15.359999656677246,15.550000190734863,15.09000015258789,15.510000228881836,3511911,0.0,0.0
2024-07-03 00:00:00+03:00,15.5600004196167,15.979999542236328,15.229999542236328,15.569999694824219,9184820,0.0,0.0
2024-07-04 00:00:00+03:00,15.569999694824219,16.079999923706055,15.510000228881836,15.800000190734863,9741223,0.0,0.0
2024-07-05 00:00:00+03:00,15.859999656677246,16.280000686645508,15.649999618530273,16.239999771118164,6725983,0.0,0.0
2024-07-08 00:00:00+03:00,16.389999389648438,16.639999389648438,16.0,16.100000381469727,6629808,0.0,0.0
2024-07-09 00:00:00+03:00,16.110000610351562,16.309999465942383,15.779999732971191,15.899999618530273,4545704,0.0,0.0
2024-07-10 00:00:00+03:00,15.899999618530273,15.899999618530273,15.319999694824219,15.779999732971191,5023769,0.0,0.0
2024-07-11 00:00:00+03:00,15.779999732971191,16.0,15.670000076293945,15.699999809265137,4960842,0.0,0.0
2024-07-12 00:00:00+03:00,15.600000381469727,15.920000076293945,15.510000228881836,15.65999984741211,6311628,0.0,0.0
2024-07-16 00:00:00+03:00,15.739999771118164,15.880000114440918,15.399999618530273,15.470000267028809,3597826,0.0,0.0
2024-07-17 00:00:00+03:00,15.470000267028809,15.479999542236328,15.1899995803833,15.329999923706055,3876428,0.0,0.0
2024-07-18 00:00:00+03:00,15.270000457763672,15.369999885559082,15.130000114440918,15.199999809265137,4287285,0.0,0.0
2024-07-19 00:00:00+03:00,15.1899995803833,15.34000015258789,15.069999694824219,15.100000381469727,2716018,0.0,0.0
2024-07-22 00:00:00+03:00,15.170000076293945,15.510000228881836,15.0,15.1899995803833,7649962,0.0,0.0
2024-07-23 00:00:00+03:00,15.220000267028809,15.859999656677246,15.109999656677246,15.789999961853027,7916394,0.0,0.0
2024-07-24 00:00:00+03:00,15.829999923706055,16.690000534057617,15.600000381469727,16.450000762939453,10366916,0.0,0.0
2024-07-25 00:00:00+03:00,16.450000762939453,16.68000030517578,16.040000915527344,16.350000381469727,4816252,0.0,0.0
2024-07-26 00:00:00+03:00,16.350000381469727,17.479999542236328,16.290000915527344,17.479999542236328,11901944,0.0,0.0
2024-07-29 00:00:00+03:00,17.65999984741211,17.670000076293945,15.960000038146973,16.0,14927338,0.0,0.0
2024-07-30 00:00:00+03:00,16.049999237060547,16.299999237060547,15.5,15.779999732971191,9961980,0.0,0.0
2024-07-31 00:00:00+03:00,15.770000457763672,15.779999732971191,15.239999771118164,15.329999923706055,5084449,0.0,0.0
2024-08-01 00:00:00+03:00,15.550000190734863,15.930000305175781,15.420000076293945,15.710000038146973,4885528,0.0,0.0
2024-08-02 00:00:00+03:00,15.550000190734863,15.699999809265137,15.050000190734863,15.069999694824219,6264087,0.0,0.0
2024-08-05 00:00:00+03:00,13.800000190734863,14.569999694824219,13.619999885559082,13.819999694824219,5208967,0.0,0.0
2024-08-06 00:00:00+03:00,14.039999961853027,14.25,13.680000305175781,13.800000190734863,3251228,0.0,0.0
2024-08-07 00:00:00+03:00,13.869999885559082,14.140000343322754,13.600000381469727,13.880000114440918,5251386,0.0,0.0
2024-08-08 00:00:00+03:00,13.880000114440918,14.149999618530273,13.789999961853027,13.90999984741211,7344951,0.0,0.0
2024-08-09 00:00:00+03:00,14.020000457763672,14.09000015258789,13.579999923706055,13.619999885559082,3125533,0.0,0.0
2024-08-12 00:00:00+03:00,13.699999809265137,13.760000228881836,13.399999618530273,13.619999885559082,2221033,0.0,0.0
2024-08-13 00:00:00+03:00,13.75,13.800000190734863,13.300000190734863,13.600000381469727,4285440,0.0,0.0
2024-08-14 00:00:00+03:00,13.670000076293945,13.670000076293945,13.25,13.449999809265137,3405251,0.0,0.0
2024-08-15 00:00:00+03:00,13.34000015258789,13.800000190734863,13.25,13.770000457763672,4633987,0.0,0.0
2024-08-16 00:00:00+03:00,13.779999732971191,13.979999542236328,13.430000305175781,13.510000228881836,3536559,0.0,0.0
2024-08-19 00:00:00+03:00,13.5600004196167,13.630000114440918,13.34000015258789,13.479999542236328,2866361,0.0,0.0
2024-08-20 00:00:00+03:00,13.390000343322754,13.579999923706055,13.25,13.260000228881836,4346708,0.0,0.0
2024-08-21 00:00:00+03:00,13.220000267028809,13.380000114440918,13.149999618530273,13.229999542236328,4548102,0.0,0.0
2024-08-22 00:00:00+03:00,13.300000190734863,13.699999809265137,13.09000015258789,13.380000114440918,8188769,0.0,0.0
2024-08-23 00:00:00+03:00,13.380000114440918,13.489999771118164,12.770000457763672,12.989999771118164,3038842,0.0,0.0
2024-08-26 00:00:00+03:00,13.09000015258789,13.220000267028809,12.510000228881836,12.539999961853027,5612421,0.0,0.0
2024-08-27 00:00:00+03:00,12.460000038146973,12.789999961853027,12.380000114440918,12.550000190734863,1678297,0.0,0.0
2024-08-28 00:00:00+03:00,12.5,12.619999885559082,12.399999618530273,12.579999923706055,1861624,0.0,0.0
2024-08-29 00:00:00+03:00,12.5,13.119999885559082,12.460000038146973,13.09000015258789,4015260,0.0,0.0
2024-09-02 00:00:00+03:00,13.140000343322754,13.279999732971191,13.0,13.279999732971191,2097388,0.0,0.0
2024-09-03 00:00:00+03:00,13.300000190734863,13.359999656677246,12.739999771118164,12.75,8761216,0.0,0.0
2024-09-04 00:00:00+03:00,12.6899995803833,12.779999732971191,12.510000228881836,12.640000343322754,3665505,0.0,0.0
2024-09-05 00:00:00+03:00,12.640000343322754,12.800000190734863,12.619999885559082,12.649999618530273,1997464,0.0,0.0
2024-09-06 00:00:00+03:00,12.680000305175781,12.850000381469727,12.399999618530273,12.4399995803833,2766918,0.0,0.0
2024-09-09 00:00:00+03:00,12.359999656677246,12.430000305175781,12.199999809265137,12.199999809265137,1492063,0.0,0.0
2024-09-10 00:00:00+03:00,12.220000267028809,12.949999809265137,11.800000190734863,12.350000381469727,6009315,0.0,0.0
2024-09-11 00:00:00+03:00,12.34000015258789,12.34000015258789,11.979999542236328,12.0,2283226,0.0,0.0
2024-09-12 00:00:00+03:00,12.09000015258789,12.130000114440918,11.539999961853027,11.710000038146973,3704109,0.0,0.0
2024-09-13 00:00:00+03:00,11.979999542236328,12.0,11.720000267028809,12.0,3552079,0.0,0.0
2024-09-16 00:00:00+03:00,12.0,12.15999984741211,11.930000305175781,11.979999542236328,2343725,0.0,0.0
2024-09-17 00:00:00+03:00,12.050000190734863,12.100000381469727,11.859999656677246,11.899999618530273,2184199,0.0,0.0
2024-09-18 00:00:00+03:00,11.899999618530273,12.069999694824219,11.5,11.649999618530273,3910628,0.0,0.0
2024-09-19 00:00:00+03:00,11.649999618530273,11.899999618530273,11.600000381469727,11.649999618530273,3063439,0.0,0.0
2024-09-20 00:00:00+03:00,11.65999984741211,11.670000076293945,11.420000076293945,11.420000076293945,1952195,0.0,0.0
2024-09-23 00:00:00+03:00,11.449999809265137,11.609999656677246,11.3100004196167,11.449999809265137,4756108,0.0,0.0
2024-09-24 00:00:00+03:00,11.289999961853027,11.449999809265137,11.199999809265137,11.300000190734863,5793976,0.0,0.0
2024-09-25 00:00:00+03:00,11.0,11.15999984741211,10.819999694824219,10.880000114440918,6783462,0.0,0.0
2024-09-26 00:00:00+03:00,10.930000305175781,10.9399995803833,10.470000267028809,10.680000305175781,4690315,0.0,0.0
2024-09-27 00:00:00+03:00,10.65999984741211,10.65999984741211,10.430000305175781,10.5,2442006,0.0,0.0
2024-09-30 00:00:00+03:00,10.5,10.720000267028809,10.010000228881836,10.079999923706055,4194763,0.0,0.0
2024-10-01 00:00:00+03:00,10.100000381469727,10.25,9.859999656677246,10.0,12853017,0.0,0.0
2024-10-02 00:00:00+03:00,9.989999771118164,10.149999618530273,9.59000015258789,9.59000015258789,5006414,0.0,0.0
2024-10-03 00:00:00+03:00,9.699999809265137,9.949999809265137,9.5600004196167,9.59000015258789,4718229,0.0,0.0
2024-10-04 00:00:00+03:00,9.619999885559082,10.0,9.399999618530273,10.0,3424714,0.0,0.0
2024-10-07 00:00:00+03:00,10.0,10.09000015258789,9.760000228881836,9.8100004196167,2690574,0.0,0.0
2024-10-08 00:00:00+03:00,9.850000381469727,9.869999885559082,9.670000076293945,9.739999771118164,1361685,0.0,0.0
2024-10-09 00:00:00+03:00,9.760000228881836,9.789999961853027,9.399999618530273,9.739999771118164,2526028,0.0,0.0
2024-10-10 00:00:00+03:00,9.6899995803833,9.850000381469727,9.510000228881836,9.550000190734863,1967046,0.0,0.0
2024-10-11 00:00:00+03:00,9.569999694824219,9.609999656677246,9.25,9.5600004196167,1716558,0.0,0.0
2024-10-14 00:00:00+03:00,9.550000190734863,9.550000190734863,9.119999885559082,9.300000190734863,1406518,0.0,0.0
2024-10-15 00:00:00+03:00,9.300000190734863,9.5,9.270000457763672,9.40999984741211,2294675,0.0,0.0
2024-10-16 00:00:00+03:00,9.40999984741211,9.569999694824219,9.289999961853027,9.350000381469727,2148872,0.0,0.0
2024-10-17 00:00:00+03:00,9.34000015258789,9.619999885559082,9.300000190734863,9.59000015258789,2333031,0.0,0.0
2024-10-18 00:00:00+03:00,9.609999656677246,9.670000076293945,9.25,9.260000228881836,2860314,0.0,0.0
2024-10-21 00:00:00+03:00,9.260000228881836,9.34000015258789,9.09000015258789,9.279999732971191,2353342,0.0,0.0
2024-10-22 00:00:00+03:00,9.279999732971191,9.430000305175781,9.069999694824219,9.390000343322754,4952000,0.0,0.0
2024-10-23 00:00:00+03:00,9.390000343322754,9.420000076293945,9.069999694824219,9.100000381469727,3025185,0.0,0.0
2024-10-24 00:00:00+03:00,9.109999656677246,9.260000228881836,9.100000381469727,9.130000114440918,4427825,0.0,0.0
2024-10-25 00:00:00+03:00,9.170000076293945,9.380000114440918,9.140000343322754,9.329999923706055,5858436,0.0,0.0
2024-10-28 00:00:00+03:00,9.380000114440918,9.380000114440918,9.239999771118164,9.3100004196167,1674848,0.0,0.0
2024-10-30 00:00:00+03:00,9.329999923706055,9.510000228881836,9.3100004196167,9.3100004196167,4728720,0.0,0.0
2024-10-31 00:00:00+03:00,9.3100004196167,9.369999885559082,9.15999984741211,9.229999542236328,4329398,0.0,0.0
2024-11-01 00:00:00+03:00,9.270000457763672,9.319999694824219,8.930000305175781,9.039999961853027,4366788,0.0,0.0
2024-11-04 00:00:00+03:00,9.039999961853027,9.109999656677246,8.680000305175781,8.729999542236328,3871502,0.0,0.0
2024-11-05 00:00:00+03:00,8.770000457763672,8.859999656677246,8.640000343322754,8.8100004196167,3705745,0.0,0.0
2024-11-06 00:00:00+03:00,8.8100004196167,9.039999961853027,8.6899995803833,8.970000267028809,5509290,0.0,0.0
2024-11-07 00:00:00+03:00,8.640000343322754,8.829999923706055,8.300000190734863,8.8100004196167,12144835,0.0,0.0
2024-11-08 00:00:00+03:00,8.800000190734863,9.0,8.6899995803833,8.960000038146973,7546844,0.0,0.0
2024-11-11 00:00:00+03:00,8.979999542236328,9.029999732971191,8.760000228881836,8.979999542236328,8796952,0.0,0.0
2024-11-12 00:00:00+03:00,8.960000038146973,8.970000267028809,8.84000015258789,8.90999984741211,6372861,0.0,0.0
2024-11-13 00:00:00+03:00,8.90999984741211,8.90999984741211,8.779999732971191,8.800000190734863,2926570,0.0,0.0
2024-11-14 00:00:00+03:00,8.789999961853027,8.90999984741211,8.670000076293945,8.680000305175781,14892103,0.0,0.0
2024-11-15 00:00:00+03:00,9.140000343322754,9.539999961853027,8.859999656677246,9.399999618530273,30005151,0.0,0.0
2024-11-18 00:00:00+03:00,9.399999618530273,9.399999618530273,8.970000267028809,9.0,11501709,0.0,0.0
2024-11-19 00:00:00+03:00,9.010000228881836,9.039999961853027,8.649999618530273,8.850000381469727,8741658,0.0,0.0
2024-11-20 00:00:00+03:00,8.850000381469727,8.850000381469727,8.569999694824219,8.649999618530273,5148572,0.0,0.0
2024-11-21 00:00:00+03:00,8.649999618530273,8.90999984741211,8.569999694824219,8.869999885559082,4153739,0.0,0.0
2024-11-22 00:00:00+03:00,8.880000114440918,8.9399995803833,8.739999771118164,8.869999885559082,3607074,0.0,0.0
2024-11-25 00:00:00+03:00,8.90999984741211,9.220000267028809,8.899999618530273,9.130000114440918,8399008,0.0,0.0
2024-11-26 00:00:00+03:00,9.15999984741211,9.229999542236328,9.039999961853027,9.100000381469727,4711185,0.0,0.0
2024-11-27 00:00:00+03:00,9.210000038146973,9.210000038146973,8.949999809265137,8.970000267028809,5434800,0.0,0.0
2024-11-28 00:00:00+03:00,9.010000228881836,9.149999618530273,8.9399995803833,9.020000457763672,4313863,0.0,0.0
2024-11-29 00:00:00+03:00,9.0600004196167,9.180000305175781,8.899999618530273,9.180000305175781,5436582,0.0,0.0
2024-12-02 00:00:00+03:00,9.180000305175781,9.300000190734863,9.109999656677246,9.180000305175781,4802490,0.0,0.0
2024-12-03 00:00:00+03:00,9.199999809265137,9.289999961853027,9.130000114440918,9.220000267028809,6581099,0.0,0.0
2024-12-04 00:00:00+03:00,9.239999771118164,9.479999542236328,9.170000076293945,9.479999542236328,9410825,0.0,0.0
2024-12-05 00:00:00+03:00,9.5,9.6899995803833,9.399999618530273,9.59000015258789,8303435,0.0,0.0
2024-12-06 00:00:00+03:00,9.65999984741211,10.25,9.5600004196167,9.890000343322754,19322536,0.0,0.0
2024-12-09 00:00:00+03:00,10.0,10.260000228881836,9.680000305175781,10.149999618530273,14146430,0.0,0.0
2024-12-10 00:00:00+03:00,10.140000343322754,10.210000038146973,9.869999885559082,10.029999732971191,11445924,0.0,0.0
2024-12-11 00:00:00+03:00,10.0600004196167,10.149999618530273,9.739999771118164,9.789999961853027,7300550,0.0,0.0
2024-12-12 00:00:00+03:00,9.899999618530273,9.989999771118164,9.829999923706055,9.850000381469727,5956622,0.0,0.0
2024-12-13 00:00:00+03:00,9.880000114440918,9.989999771118164,9.789999961853027,9.850000381469727,6553561,0.0,0.0
2024-12-16 00:00:00+03:00,9.899999618530273,10.520000457763672,9.899999618530273,10.329999923706055,20078324,0.0,0.0
2024-12-17 00:00:00+03:00,10.329999923706055,10.520000457763672,10.210000038146973,10.390000343322754,8508769,0.0,0.0
2024-12-18 00:00:00+03:00,10.399999618530273,10.890000343322754,10.399999618530273,10.729999542236328,29000516,0.0,0.0
2024-12-19 00:00:00+03:00,10.609999656677246,10.819999694824219,10.449999809265137,10.65999984741211,8935534,0.0,0.0
2024-12-20 00:00:00+03:00,10.65999984741211,10.670000076293945,10.1899995803833,10.210000038146973,5264811,0.0,0.0
2024-12-23 00:00:00+03:00,10.210000038146973,10.600000381469727,10.079999923706055,10.350000381469727,8226518,0.0,0.0
2024-12-24 00:00:00+03:00,10.399999618530273,10.4399995803833,10.229999542236328,10.289999961853027,3221966,0.0,0.0
2024-12-25 00:00:00+03:00,10.359999656677246,10.5,10.300000190734863,10.369999885559082,2901836,0.0,0.0
2024-12-26 00:00:00+03:00,10.890000343322754,11.170000076293945,10.5,10.579999923706055,20099092,0.0,0.0
2024-12-27 00:00:00+03:00,10.640000343322754,10.640000343322754,10.350000381469727,10.470000267028809,6757592,0.0,0.0
2024-12-30 00:00:00+03:00,10.489999771118164,10.529999732971191,10.220000267028809,10.229999542236328,6059371,0.0,0.0
2024-12-31 00:00:00+03:00,10.260000228881836,10.430000305175781,10.149999618530273,10.199999809265137,4761890,0.0,0.0
2025-01-02 00:00:00+03:00,10.260000228881836,10.380000114440918,10.029999732971191,10.130000114440918,3979766,0.0,0.0
2025-01-03 00:00:00+03:00,10.130000114440918,10.239999771118164,9.979999542236328,10.0,5378383,0.0,0.0
2025-01-06 00:00:00+03:00,10.010000228881836,10.699999809265137,9.979999542236328,10.319999694824219,11965267,0.0,0.0
2025-01-07 00:00:00+03:00,10.350000381469727,10.699999809265137,10.34000015258789,10.489999771118164,11081148,0.0,0.0
2025-01-08 00:00:00+03:00,10.520000457763672,10.6899995803833,10.319999694824219,10.520000457763672,4874972,0.0,0.0
2025-01-09 00:00:00+03:00,10.600000381469727,10.970000267028809,10.600000381469727,10.829999923706055,9171598,0.0,0.0
2025-01-10 00:00:00+03:00,10.800000190734863,10.829999923706055,10.529999732971191,10.5600004196167,4953885,0.0,0.0
2025-01-13 00:00:00+03:00,10.569999694824219,10.609999656677246,10.229999542236328,10.229999542236328,3823534,0.0,0.0
2025-01-14 00:00:00+03:00,10.239999771118164,10.369999885559082,10.109999656677246,10.109999656677246,2804641,0.0,0.0
2025-01-15 00:00:00+03:00,10.170000076293945,10.270000457763672,9.970000267028809,10.079999923706055,3679388,0.0,0.0
2025-01-16 00:00:00+03:00,10.130000114440918,10.279999732971191,10.050000190734863,10.220000267028809,2870317,0.0,0.0
2025-01-17 00:00:00+03:00,10.239999771118164,10.4399995803833,10.1899995803833,10.350000381469727,2606315,0.0,0.0
2025-01-20 00:00:00+03:00,10.380000114440918,10.529999732971191,10.210000038146973,10.260000228881836,3673789,0.0,0.0
2025-01-21 00:00:00+03:00,10.260000228881836,10.260000228881836,10.100000381469727,10.119999885559082,3166064,0.0,0.0
2025-01-22 00:00:00+03:00,10.149999618530273,10.239999771118164,10.069999694824219,10.130000114440918,3335333,0.0,0.0
2025-01-23 00:00:00+03:00,10.15999984741211,10.319999694824219,10.100000381469727,10.210000038146973,3475401,0.0,0.0
2025-01-24 00:00:00+03:00,10.229999542236328,10.229999542236328,10.050000190734863,10.15999984741211,4284573,0.0,0.0
2025-01-27 00:00:00+03:00,10.170000076293945,10.170000076293945,9.819999694824219,9.90999984741211,4094599,0.0,0.0
2025-01-28 00:00:00+03:00,9.880000114440918,9.979999542236328,9.640000343322754,9.699999809265137,4185011,0.0,0.0
2025-01-29 00:00:00+03:00,9.729999542236328,9.729999542236328,9.3100004196167,9.3100004196167,3351855,0.0,0.0
2025-01-30 00:00:00+03:00,9.3100004196167,9.40999984741211,9.180000305175781,9.1899995803833,3362411,0.0,0.0
2025-01-31 00:00:00+03:00,9.199999809265137,9.289999961853027,9.100000381469727,9.239999771118164,1921725,0.0,0.0
2025-02-03 00:00:00+03:00,9.239999771118164,9.239999771118164,8.899999618530273,8.920000076293945,3056250,0.0,0.0
2025-02-04 00:00:00+03:00,8.970000267028809,9.050000190734863,8.890000343322754,8.90999984741211,2580165,0.0,0.0
2025-02-05 00:00:00+03:00,8.920000076293945,8.9399995803833,8.59000015258789,8.670000076293945,2426550,0.0,0.0
2025-02-06 00:00:00+03:00,8.699999809265137,8.869999885559082,8.600000381469727,8.84000015258789,4230677,0.0,0.0
2025-02-07 00:00:00+03:00,8.850000381469727,8.949999809265137,8.789999961853027,8.899999618530273,3131690,0.0,0.0
2025-02-10 00:00:00+03:00,8.960000038146973,9.010000228881836,8.800000190734863,8.880000114440918,2298465,0.0,0.0
2025-02-11 00:00:00+03:00,8.890000343322754,8.890000343322754,8.760000228881836,8.819999694824219,2465636,0.0,0.0
2025-02-12 00:00:00+03:00,8.84000015258789,8.859999656677246,8.579999923706055,8.579999923706055,2450488,0.0,0.0
2025-02-13 00:00:00+03:00,8.65999984741211,8.760000228881836,8.569999694824219,8.59000015258789,1592957,0.0,0.0
2025-02-14 00:00:00+03:00,8.609999656677246,8.710000038146973,8.550000190734863,8.6899995803833,2058897,0.0,0.0
2025-02-17 00:00:00+03:00,8.699999809265137,8.770000457763672,8.649999618530273,8.699999809265137,2473866,0.0,0.0
2025-02-18 00:00:00+03:00,8.710000038146973,8.729999542236328,8.609999656677246,8.6899995803833,1508022,0.0,0.0
2025-02-19 00:00:00+03:00,8.710000038146973,8.770000457763672,8.289999961853027,8.420000076293945,4191329,0.0,0.0
2025-02-20 00:00:00+03:00,8.449999809265137,8.5600004196167,8.420000076293945,8.539999961853027,2631115,0.0,0.0
2025-02-21 00:00:00+03:00,8.569999694824219,8.609999656677246,8.380000114440918,8.40999984741211,2344324,0.0,0.0
2025-02-24 00:00:00+03:00,8.5,8.550000190734863,8.369999885559082,8.369999885559082,2270497,0.0,0.0
2025-02-25 00:00:00+03:00,8.399999618530273,8.399999618530273,8.119999885559082,8.199999809265137,2216580,0.0,0.0
2025-02-26 00:00:00+03:00,8.199999809265137,8.239999771118164,8.039999961853027,8.229999542236328,1430238,0.0,0.0
2025-02-27 00:00:00+03:00,8.229999542236328,8.279999732971191,8.0600004196167,8.239999771118164,2387195,0.0,0.0
2025-02-28 00:00:00+03:00,8.239999771118164,8.260000228881836,8.109999656677246,8.170000076293945,2322616,0.0,0.0
2025-03-03 00:00:00+03:00,8.210000038146973,8.25,8.119999885559082,8.170000076293945,2127647,0.0,0.0
2025-03-04 00:00:00+03:00,7.849999904632568,7.929999828338623,7.550000190734863,7.75,11851339,0.0,0.0
2025-03-05 00:00:00+03:00,7.800000190734863,7.809999942779541,7.670000076293945,7.760000228881836,4591516,0.0,0.0
2025-03-06 00:00:00+03:00,7.760000228881836,8.0,7.75,8.0,5116294,0.0,0.0
2025-03-07 00:00:00+03:00,8.079999923706055,8.369999885559082,7.940000057220459,8.229999542236328,5466426,0.0,0.0
2025-03-10 00:00:00+03:00,8.229999542236328,8.699999809265137,8.170000076293945,8.489999771118164,7786528,0.0,0.0
2025-03-11 00:00:00+03:00,8.479999542236328,8.5600004196167,8.3100004196167,8.5600004196167,3494968,0.0,0.0
2025-03-12 00:00:00+03:00,8.5600004196167,8.670000076293945,8.460000038146973,8.619999885559082,4340237,0.0,0.0
2025-03-13 00:00:00+03:00,8.699999809265137,8.739999771118164,8.510000228881836,8.569999694824219,3627173,0.0,0.0
2025-03-14 00:00:00+03:00,8.609999656677246,9.260000228881836,8.529999732971191,9.050000190734863,9777280,0.0,0.0
2025-03-17 00:00:00+03:00,9.119999885559082,9.199999809265137,8.979999542236328,9.039999961853027,7128822,0.0,0.0
2025-03-18 00:00:00+03:00,9.09000015258789,9.1899995803833,8.800000190734863,9.069999694824219,5397588,0.0,0.0
2025-03-19 00:00:00+03:00,8.180000305175781,8.869999885559082,8.180000305175781,8.399999618530273,6552986,0.0,0.0
2025-03-20 00:00:00+03:00,8.350000381469727,8.65999984741211,8.300000190734863,8.529999732971191,6378105,0.0,0.0
2025-03-21 00:00:00+03:00,8.5,8.510000228881836,7.800000190734863,8.489999771118164,4910610,0.0,0.0
2025-03-24 00:00:00+03:00,8.380000114440918,8.800000190734863,8.020000457763672,8.789999961853027,5615989,0.0,0.0
2025-03-25 00:00:00+03:00,8.800000190734863,9.140000343322754,8.600000381469727,9.0,7334877,0.0,0.0
2025-03-26 00:00:00+03:00,9.0,9.0600004196167,8.699999809265137,8.829999923706055,3578841,0.0,0.0
2025-03-27 00:00:00+03:00,8.84000015258789,8.949999809265137,8.380000114440918,8.5,15169823,0.0,0.0
2025-03-28 00:00:00+03:00,8.489999771118164,8.600000381469727,8.319999694824219,8.600000381469727,4184635,0.0,0.0
2025-04-02 00:00:00+03:00,8.600000381469727,9.40999984741211,8.489999771118164,9.399999618530273,8696652,0.0,0.0
2025-04-03 00:00:00+03:00,9.5,9.8100004196167,9.0,9.069999694824219,12634410,0.0,0.0
2025-04-04 00:00:00+03:00,9.069999694824219,9.09000015258789,8.75,8.779999732971191,5254153,0.0,0.0
2025-04-07 00:00:00+03:00,8.5,8.699999809265137,8.079999923706055,8.619999885559082,4724731,0.0,0.0
2025-04-08 00:00:00+03:00,8.75,8.890000343322754,8.65999984741211,8.779999732971191,3837629,0.0,0.0
2025-04-09 00:00:00+03:00,8.770000457763672,8.970000267028809,8.649999618530273,8.710000038146973,4025703,0.0,0.0
2025-04-10 00:00:00+03:00,8.90999984741211,8.960000038146973,8.710000038146973,8.850000381469727,7554162,0.0,0.0
2025-04-11 00:00:00+03:00,8.819999694824219,8.819999694824219,8.609999656677246,8.680000305175781,2712582,0.0,0.0
2025-04-14 00:00:00+03:00,8.699999809265137,9.329999923706055,8.670000076293945,9.029999732971191,11159306,0.0,0.0
2025-04-15 00:00:00+03:00,9.050000190734863,9.199999809265137,8.90999984741211,8.949999809265137,6380883,0.0,0.0
2025-04-16 00:00:00+03:00,8.859999656677246,8.949999809265137,8.579999923706055,8.609999656677246,5720243,0.0,0.0
2025-04-17 00:00:00+03:00,8.609999656677246,8.770000457763672,8.529999732971191,8.680000305175781,3279593,0.0,0.0
2025-04-18 00:00:00+03:00,8.680000305175781,8.75,8.449999809265137,8.550000190734863,3885439,0.0,0.0
2025-04-21 00:00:00+03:00,8.550000190734863,8.640000343322754,8.420000076293945,8.529999732971191,2534165,0.0,0.0
2025-04-22 00:00:00+03:00,8.600000381469727,8.65999984741211,8.40999984741211,8.479999542236328,2327139,0.0,0.0
2025-04-24 00:00:00+03:00,8.4399995803833,8.619999885559082,8.270000457763672,8.619999885559082,3046724,0.0,0.0
2025-04-25 00:00:00+03:00,8.609999656677246,8.75,8.520000457763672,8.569999694824219,4403541,0.0,0.0
2025-04-28 00:00:00+03:00,8.550000190734863,8.5600004196167,8.300000190734863,8.380000114440918,3990010,0.0,0.0
2025-04-29 00:00:00+03:00,8.369999885559082,8.40999984741211,8.199999809265137,8.220000267028809,2960650,0.0,0.0
2025-04-30 00:00:00+03:00,8.220000267028809,8.3100004196167,8.079999923706055,8.130000114440918,2801627,0.0,0.0
2025-05-02 00:00:00+03:00,8.140000343322754,8.829999923706055,8.140000343322754,8.789999961853027,11935690,0.0,0.0
2025-05-05 00:00:00+03:00,8.84000015258789,8.949999809265137,8.5600004196167,8.699999809265137,10173258,0.0,0.0
2025-05-06 00:00:00+03:00,8.720000267028809,9.199999809265137,8.670000076293945,9.050000190734863,13687859,0.0,0.0
2025-05-07 00:00:00+03:00,8.800000190734863,8.949999809265137,8.609999656677246,8.8100004196167,9114502,0.0,0.0
2025-05-08 00:00:00+03:00,9.289999961853027,9.289999961853027,9.029999732971191,9.050000190734863,12224616,0.0,0.0
2025-05-09 00:00:00+03:00,9.600000381469727,9.640000343322754,9.25,9.25,15868171,0.0,0.0
2025-05-12 00:00:00+03:00,9.6899995803833,9.6899995803833,9.460000038146973,9.619999885559082,14666996,0.0,0.0
2025-05-13 00:00:00+03:00,9.65999984741211,9.770000457763672,9.399999618530273,9.449999809265137,11002730,0.0,0.0
2025-05-14 00:00:00+03:00,9.460000038146973,9.520000457763672,9.119999885559082,9.15999984741211,7094650,0.0,0.0
2025-05-15 00:00:00+03:00,9.15999984741211,9.25,8.9399995803833,9.0,5002484,0.0,0.0
2025-05-16 00:00:00+03:00,9.0,9.109999656677246,8.9399995803833,9.029999732971191,5392460,0.0,0.0
2025-05-20 00:00:00+03:00,9.029999732971191,9.050000190734863,8.819999694824219,8.819999694824219,4706168,0.0,0.0
2025-05-21 00:00:00+03:00,8.8100004196167,8.869999885559082,8.5600004196167,8.619999885559082,5048140,0.0,0.0
2025-05-22 00:00:00+03:00,8.630000114440918,8.720000267028809,8.520000457763672,8.630000114440918,4299988,0.0,0.0
2025-05-23 00:00:00+03:00,8.619999885559082,8.899999618530273,8.569999694824219,8.739999771118164,8749309,0.0,0.0
2025-05-26 00:00:00+03:00,8.800000190734863,8.829999923706055,8.529999732971191,8.529999732971191,3146391,0.0,0.0
2025-05-27 00:00:00+03:00,8.539999961853027,8.609999656677246,8.260000228881836,8.270000457763672,3367963,0.0,0.0
2025-05-28 00:00:00+03:00,8.25,8.319999694824219,8.149999618530273,8.180000305175781,2962363,0.0,0.0
2025-05-29 00:00:00+03:00,8.260000228881836,8.319999694824219,7.989999771118164,8.039999961853027,4461107,0.0,0.0
2025-05-30 00:00:00+03:00,8.020000457763672,8.15999984741211,7.860000133514404,7.949999809265137,3692447,0.0,0.0
2025-06-02 00:00:00+03:00,7.949999809265137,8.029999732971191,7.820000171661377,7.829999923706055,2597363,0.0,0.0
2025-06-03 00:00:00+03:00,7.849999904632568,8.119999885559082,7.849999904632568,8.0600004196167,4276804,0.0,0.0
2025-06-04 00:00:00+03:00,8.100000381469727,8.430000305175781,8.020000457763672,8.420000076293945,5870936,0.0,0.0
2025-06-05 00:00:00+03:00,8.390000343322754,8.619999885559082,8.3100004196167,8.600000381469727,3235165,0.0,0.0
2025-06-10 00:00:00+03:00,8.630000114440918,8.720000267028809,8.550000190734863,8.59000015258789,6480679,0.0,0.0
2025-06-11 00:00:00+03:00,8.59000015258789,8.680000305175781,8.430000305175781,8.609999656677246,7012772,0.0,0.0
2025-06-12 00:00:00+03:00,8.479999542236328,8.550000190734863,8.149999618530273,8.210000038146973,4218010,0.0,0.0
2025-06-13 00:00:00+03:00,7.699999809265137,8.0,7.699999809265137,7.989999771118164,4525642,0.0,0.0
2025-06-16 00:00:00+03:00,7.989999771118164,8.039999961853027,7.820000171661377,7.929999828338623,3845398,0.0,0.0
2025-06-17 00:00:00+03:00,7.980000019073486,8.020000457763672,7.860000133514404,7.880000114440918,3257950,0.0,0.0
2025-06-18 00:00:00+03:00,7.949999809265137,7.96999979019165,7.659999847412109,7.690000057220459,3032855,0.0,0.0
2025-06-19 00:00:00+03:00,7.769999980926514,7.789999961853027,7.519999980926514,7.610000133514404,2618051,0.0,0.0
2025-06-20 00:00:00+03:00,7.699999809265137,7.75,7.619999885559082,7.75,2310449,0.0,0.0
2025-06-23 00:00:00+03:00,7.690000057220459,7.739999771118164,7.510000228881836,7.639999866485596,2330554,0.0,0.0
2025-06-24 00:00:00+03:00,7.849999904632568,8.09000015258789,7.699999809265137,8.029999732971191,7765034,0.0,0.0
2025-06-25 00:00:00+03:00,8.170000076293945,8.270000457763672,8.039999961853027,8.0600004196167,7120652,0.0,0.0
2025-06-26 00:00:00+03:00,8.069999694824219,8.720000267028809,8.0,8.260000228881836,31035083,0.0,0.0
2025-06-27 00:00:00+03:00,8.289999961853027,8.600000381469727,8.09000015258789,8.359999656677246,9554310,0.0,0.0
2025-06-30 00:00:00+03:00,8.380000114440918,8.649999618530273,8.239999771118164,8.630000114440918,10214251,0.0,0.0
2025-07-01 00:00:00+03:00,8.640000343322754,9.050000190734863,8.550000190734863,8.84000015258789,11531350,0.0,0.0
2025-07-02 00:00:00+03:00,8.850000381469727,8.960000038146973,8.420000076293945,8.619999885559082,8183928,0.0,0.0
2025-07-03 00:00:00+03:00,8.6899995803833,8.949999809265137,8.649999618530273,8.84000015258789,8353629,0.0,0.0
2025-07-04 00:00:00+03:00,8.9399995803833,8.949999809265137,8.729999542236328,8.75,5398377,0.0,0.0
2025-07-07 00:00:00+03:00,8.680000305175781,8.710000038146973,8.390000343322754,8.390000343322754,6634779,0.0,0.0
2025-07-08 00:00:00+03:00,8.520000457763672,8.529999732971191,8.300000190734863,8.300000190734863,4192056,0.0,0.0
2025-07-09 00:00:00+03:00,8.300000190734863,8.430000305175781,8.270000457763672,8.329999923706055,4704291,0.0,0.0
2025-07-10 00:00:00+03:00,8.369999885559082,8.449999809265137,8.329999923706055,8.34000015258789,3293963,0.0,0.0
2025-07-11 00:00:00+03:00,8.390000343322754,8.430000305175781,8.239999771118164,8.350000381469727,4003177,0.0,0.0
2025-07-14 00:00:00+03:00,8.369999885559082,8.430000305175781,8.1899995803833,8.239999771118164,4442176,0.0,0.0
2025-07-16 00:00:00+03:00,8.25,8.34000015258789,7.96999979019165,8.010000228881836,9357636,0.0,0.0
2025-07-17 00:00:00+03:00,8.100000381469727,8.260000228881836,8.050000190734863,8.220000267028809,5909921,0.0,0.0
2025-07-18 00:00:00+03:00,8.270000457763672,8.529999732971191,8.130000114440918,8.489999771118164,12320576,0.0,0.0
2025-07-21 00:00:00+03:00,8.520000457763672,8.800000190734863,8.449999809265137,8.720000267028809,12532867,0.0,0.0
2025-07-22 00:00:00+03:00,8.729999542236328,8.800000190734863,8.539999961853027,8.680000305175781,10835647,0.0,0.0
2025-07-23 00:00:00+03:00,8.6899995803833,8.6899995803833,8.510000228881836,8.529999732971191,10582269,0.0,0.0
2025-07-24 00:00:00+03:00,8.529999732971191,8.680000305175781,8.470000267028809,8.600000381469727,10874171,0.0,0.0
2025-07-25 00:00:00+03:00,8.699999809265137,8.930000305175781,8.649999618530273,8.699999809265137,16430965,0.0,0.0
2025-07-28 00:00:00+03:00,8.899999618530273,8.989999771118164,8.6899995803833,8.729999542236328,9355126,0.0,0.0
2025-07-29 00:00:00+03:00,9.0,9.069999694824219,8.819999694824219,8.819999694824219,12046453,0.0,0.0
2025-07-30 00:00:00+03:00,8.829999923706055,8.90999984741211,8.65999984741211,8.760000228881836,8092008,0.0,0.0
2025-07-31 00:00:00+03:00,8.880000114440918,9.180000305175781,8.850000381469727,9.020000457763672,17104142,0.0,0.0
2025-08-01 00:00:00+03:00,9.029999732971191,9.199999809265137,8.920000076293945,9.15999984741211,11178834,0.0,0.0
2025-08-04 00:00:00+03:00,9.260000228881836,9.850000381469727,9.239999771118164,9.720000267028809,21864850,0.0,0.0
2025-08-05 00:00:00+03:00,9.680000305175781,9.779999732971191,9.420000076293945,9.539999961853027,16824870,0.0,0.0
2025-08-06 00:00:00+03:00,9.5600004196167,9.670000076293945,9.449999809265137,9.5,7944666,0.0,0.0
2025-08-07 00:00:00+03:00,9.770000457763672,9.949999809265137,9.430000305175781,9.470000267028809,12959670,0.0,0.0
2025-08-08 00:00:00+03:00,9.4399995803833,9.470000267028809,9.199999809265137,9.199999809265137,6261533,0.0,0.0
2025-08-11 00:00:00+03:00,8.869999885559082,9.09000015258789,8.729999542236328,8.920000076293945,14187880,0.0,0.0
2025-08-12 00:00:00+03:00,8.920000076293945,8.960000038146973,8.779999732971191,8.850000381469727,8055764,0.0,0.0
2025-08-13 00:00:00+03:00,8.850000381469727,9.130000114440918,8.720000267028809,9.0,10781800,0.0,0.0
2025-08-14 00:00:00+03:00,9.0,9.130000114440918,8.8100004196167,8.8100004196167,6235940,0.0,0.0
2025-08-15 00:00:00+03:00,8.8100004196167,9.039999961853027,8.789999961853027,8.9399995803833,7586060,0.0,0.0
2025-08-18 00:00:00+03:00,8.949999809265137,9.600000381469727,8.949999809265137,9.550000190734863,21635028,0.0,0.0
2025-08-19 00:00:00+03:00,9.600000381469727,9.899999618530273,9.399999618530273,9.399999618530273,21047270,0.0,0.0
2025-08-20 00:00:00+03:00,9.369999885559082,9.680000305175781,9.300000190734863,9.34000015258789,14493060,0.0,0.0
2025-08-21 00:00:00+03:00,9.399999618530273,9.619999885559082,9.270000457763672,9.510000228881836,17169532,0.0,0.0
2025-08-22 00:00:00+03:00,9.65999984741211,9.800000190734863,9.510000228881836,9.510000228881836,11340168,0.0,0.0
2025-08-25 00:00:00+03:00,9.600000381469727,9.75,9.550000190734863,9.710000038146973,10765999,0.0,0.0
2025-08-26 00:00:00+03:00,9.770000457763672,10.680000305175781,9.75,10.680000305175781,44007537,0.0,0.0
2025-08-27 00:00:00+03:00,10.899999618530273,10.949999809265137,10.199999809265137,10.4399995803833,21360976,0.0,0.0
2025-08-28 00:00:00+03:00,10.529999732971191,10.600000381469727,9.979999542236328,10.199999809265137,19679032,0.0,0.0
2025-08-29 00:00:00+03:00,10.510000228881836,10.600000381469727,10.199999809265137,10.260000228881836,13815967,0.0,0.0
2025-09-01 00:00:00+03:00,10.260000228881836,10.9399995803833,10.25,10.760000228881836,18531992,0.0,0.0
2025-09-02 00:00:00+03:00,10.760000228881836,10.859999656677246,9.75,10.050000190734863,18008403,0.0,0.0
2025-09-03 00:00:00+03:00,10.050000190734863,10.229999542236328,9.850000381469727,9.949999809265137,8942221,0.0,0.0
2025-09-04 00:00:00+03:00,9.970000267028809,10.140000343322754,9.609999656677246,9.84000015258789,31399645,0.0,0.0
2025-09-05 00:00:00+03:00,9.890000343322754,9.890000343322754,9.34000015258789,9.449999809265137,9477547,0.0,0.0
2025-09-08 00:00:00+03:00,9.199999809265137,9.449999809265137,9.130000114440918,9.329999923706055,10531985,0.0,0.0
2025-09-09 00:00:00+03:00,9.350000381469727,9.59000015258789,9.329999923706055,9.329999923706055,7185355,0.0,0.0
2025-09-10 00:00:00+03:00,9.34000015258789,9.479999542236328,8.930000305175781,9.039999961853027,17417568,0.0,0.0
2025-09-11 00:00:00+03:00,9.050000190734863,9.109999656677246,8.800000190734863,8.800000190734863,7702694,0.0,0.0
2025-09-12 00:00:00+03:00,8.8100004196167,9.649999618530273,8.739999771118164,9.300000190734863,24745520,0.0,0.0
2025-09-15 00:00:00+03:00,9.350000381469727,10.149999618530273,9.270000457763672,9.899999618530273,18425835,0.0,0.0
2025-09-16 00:00:00+03:00,9.90999984741211,10.039999961853027,9.8100004196167,9.989999771118164,15922241,0.0,0.0
2025-09-17 00:00:00+03:00,10.029999732971191,10.350000381469727,9.979999542236328,9.989999771118164,7980932,0.0,0.0
2025-09-18 00:00:00+03:00,10.020000457763672,10.420000076293945,10.020000457763672,10.34000015258789,10585794,0.0,0.0
2025-09-19 00:00:00+03:00,10.109999656677246,10.529999732971191,10.109999656677246,10.199999809265137,11109504,0.0,0.0
2025-09-22 00:00:00+03:00,10.260000228881836,10.449999809265137,10.0600004196167,10.09000015258789,11140619,0.0,0.0
2025-09-23 00:00:00+03:00,10.020000457763672,10.199999809265137,9.949999809265137,10.15999984741211,8791174,0.0,0.0
2025-09-24 00:00:00+03:00,10.220000267028809,10.270000457763672,9.930000305175781,9.970000267028809,11226225,0.0,0.0
2025-09-25 00:00:00+03:00,10.010000228881836,10.100000381469727,9.420000076293945,9.550000190734863,36097093,0.0,0.0
2025-09-26 00:00:00+03:00,9.529999732971191,9.539999961853027,9.149999618530273,9.25,18409948,0.0,0.0
2025-09-29 00:00:00+03:00,9.239999771118164,9.3100004196167,9.119999885559082,9.170000076293945,7741607,0.0,0.0
2025-09-30 00:00:00+03:00,9.229999542236328,9.229999542236328,9.020000457763672,9.109999656677246,6798283,0.0,0.0
2025-10-01 00:00:00+03:00,9.09000015258789,9.300000190734863,8.880000114440918,9.229999542236328,6767039,0.0,0.0
2025-10-02 00:00:00+03:00,9.260000228881836,9.34000015258789,9.079999923706055,9.079999923706055,8240419,0.0,0.0
2025-10-03 00:00:00+03:00,9.210000038146973,9.210000038146973,8.960000038146973,9.0,3593054,0.0,0.0
2025-10-06 00:00:00+03:00,9.039999961853027,9.25,9.020000457763672,9.109999656677246,7522461,0.0,0.0
2025-10-07 00:00:00+03:00,9.149999618530273,9.279999732971191,9.069999694824219,9.09000015258789,4592192,0.0,0.0
2025-10-08 00:00:00+03:00,9.100000381469727,9.430000305175781,9.039999961853027,9.350000381469727,9691976,0.0,0.0
2025-10-09 00:00:00+03:00,9.399999618530273,9.5,9.199999809265137,9.260000228881836,5164133,0.0,0.0
2025-10-10 00:00:00+03:00,9.319999694824219,9.430000305175781,9.210000038146973,9.329999923706055,6957115,0.0,0.0
2025-10-13 00:00:00+03:00,9.289999961853027,9.289999961853027,8.930000305175781,9.0,4403569,0.0,0.0
2025-10-14 00:00:00+03:00,9.050000190734863,9.0600004196167,8.65999984741211,8.699999809265137,8351528,0.0,0.0
2025-10-15 00:00:00+03:00,8.760000228881836,8.899999618530273,8.670000076293945,8.859999656677246,4306985,0.0,0.0
2025-10-16 00:00:00+03:00,8.760000228881836,9.170000076293945,8.760000228881836,8.890000343322754,12920361,0.0,0.0
2025-10-17 00:00:00+03:00,8.850000381469727,8.850000381469727,8.460000038146973,8.619999885559082,4875086,0.0,0.0
2025-10-20 00:00:00+03:00,8.710000038146973,9.09000015258789,8.420000076293945,9.0,9906527,0.0,0.0
2025-10-21 00:00:00+03:00,9.010000228881836,9.220000267028809,8.899999618530273,9.1899995803833,8007583,0.0,0.0
2025-10-22 00:00:00+03:00,9.350000381469727,9.699999809265137,9.199999809265137,9.630000114440918,15578109,0.0,0.0
2025-10-23 00:00:00+03:00,9.649999618530273,10.180000305175781,9.59000015258789,10.069999694824219,22823017,0.0,0.0
2025-10-24 00:00:00+03:00,10.09000015258789,10.329999923706055,10.0600004196167,10.09000015258789,19122166,0.0,0.0
2025-10-27 00:00:00+03:00,10.100000381469727,10.199999809265137,9.729999542236328,9.930000305175781,19026220,0.0,0.0
2025-10-28 00:00:00+03:00,9.949999809265137,10.229999542236328,9.8100004196167,10.010000228881836,4828635,0.0,0.0
2025-10-30 00:00:00+03:00,10.100000381469727,10.300000190734863,10.020000457763672,10.149999618530273,9952726,0.0,0.0
2025-10-31 00:00:00+03:00,10.149999618530273,10.619999885559082,9.949999809265137,10.5,14291802,0.0,0.0
2025-11-03 00:00:00+03:00,10.5,10.819999694824219,10.399999618530273,10.770000457763672,10734876,0.0,0.0
2025-11-04 00:00:00+03:00,10.3100004196167,10.399999618530273,9.970000267028809,10.010000228881836,24316596,0.0,0.0
2025-11-05 00:00:00+03:00,10.020000457763672,10.199999809265137,9.869999885559082,10.0,15472300,0.0,0.0
2025-11-06 00:00:00+03:00,10.020000457763672,10.989999771118164,9.90999984741211,10.850000381469727,35564312,0.0,0.0
2025-11-07 00:00:00+03:00,10.800000190734863,10.800000190734863,10.350000381469727,10.539999961853027,17160364,0.0,0.0
2025-11-10 00:00:00+03:00,10.640000343322754,11.09000015258789,10.369999885559082,10.850000381469727,28125728,0.0,0.0
2025-11-11 00:00:00+03:00,10.850000381469727,10.90999984741211,10.329999923706055,10.65999984741211,15016338,0.0,0.0
2025-11-12 00:00:00+03:00,10.800000190734863,11.050000190734863,10.399999618530273,10.529999732971191,13005866,0.0,0.0
2025-11-13 00:00:00+03:00,10.699999809265137,10.8100004196167,10.4399995803833,10.479999542236328,17642821,0.0,0.0
2025-11-14 00:00:00+03:00,10.5,10.529999732971191,9.770000457763672,9.960000038146973,17788466,0.0,0.0
2025-11-17 00:00:00+03:00,10.09000015258789,10.15999984741211,9.899999618530273,10.100000381469727,9150145,0.0,0.0
2025-11-18 00:00:00+03:00,9.960000038146973,10.069999694824219,9.600000381469727,9.65999984741211,6116548,0.0,0.0
2025-11-19 00:00:00+03:00,9.670000076293945,9.920000076293945,9.609999656677246,9.649999618530273,6211972,0.0,0.0
2025-11-20 00:00:00+03:00,9.680000305175781,9.899999618530273,9.579999923706055,9.75,7694105,0.0,0.0
2025-11-21 00:00:00+03:00,9.75,9.779999732971191,9.5600004196167,9.619999885559082,6008701,0.0,0.0
2025-11-24 00:00:00+03:00,9.619999885559082,9.829999923706055,9.529999732971191,9.680000305175781,8824258,0.0,0.0
2025-11-25 00:00:00+03:00,9.8100004196167,9.8100004196167,9.0600004196167,9.109999656677246,10576020,0.0,0.0
2025-11-26 00:00:00+03:00,9.069999694824219,9.350000381469727,8.90999984741211,8.90999984741211,8889579,0.0,0.0
2025-11-27 00:00:00+03:00,8.979999542236328,9.15999984741211,8.550000190734863,8.859999656677246,7750266,0.0,0.0
2025-11-28 00:00:00+03:00,8.869999885559082,8.949999809265137,8.75,8.760000228881836,4186738,0.0,0.0
2025-12-01 00:00:00+03:00,8.779999732971191,9.020000457763672,8.779999732971191,8.9399995803833,4459406,0.0,0.0
2025-12-02 00:00:00+03:00,9.0,9.199999809265137,8.850000381469727,9.09000015258789,7266377,0.0,0.0
2025-12-03 00:00:00+03:00,9.100000381469727,9.239999771118164,8.989999771118164,9.0,5008405,0.0,0.0
2025-12-04 00:00:00+03:00,8.989999771118164,9.149999618530273,8.949999809265137,9.069999694824219,5029338,0.0,0.0
2025-12-05 00:00:00+03:00,9.069999694824219,9.09000015258789,8.899999618530273,8.930000305175781,5162127,0.0,0.0
2025-12-08 00:00:00+03:00,8.979999542236328,9.260000228881836,8.979999542236328,9.210000038146973,4742498,0.0,0.0
2025-12-09 00:00:00+03:00,9.229999542236328,9.3100004196167,9.09000015258789,9.140000343322754,4730370,0.0,0.0
2025-12-10 00:00:00+03:00,9.149999618530273,9.220000267028809,8.920000076293945,8.9399995803833,4538641,0.0,0.0
2025-12-11 00:00:00+03:00,8.979999542236328,9.0600004196167,8.90999984741211,8.960000038146973,3135380,0.0,0.0
2025-12-12 00:00:00+03:00,9.039999961853027,9.050000190734863,8.75,8.800000190734863,4741812,0.0,0.0
2025-12-15 00:00:00+03:00,8.850000381469727,9.170000076293945,8.779999732971191,9.0,7514754,0.0,0.0
2025-12-16 00:00:00+03:00,9.100000381469727,9.149999618530273,8.829999923706055,8.920000076293945,5996821,0.0,0.0
2025-12-17 00:00:00+03:00,8.869999885559082,9.0600004196167,8.800000190734863,8.829999923706055,6991786,0.0,0.0
2025-12-18 00:00:00+03:00,8.829999923706055,9.029999732971191,8.789999961853027,9.010000228881836,6816156,0.0,0.0
2025-12-19 00:00:00+03:00,9.0,9.010000228881836,8.720000267028809,8.720000267028809,8301088,0.0,0.0
2025-12-22 00:00:00+03:00,8.800000190734863,8.8100004196167,8.460000038146973,8.640000343322754,5503847,0.0,0.0
2025-12-23 00:00:00+03:00,8.619999885559082,8.640000343322754,8.5,8.600000381469727,4854045,0.0,0.0
2025-12-24 00:00:00+03:00,8.600000381469727,8.609999656677246,8.470000267028809,8.529999732971191,3587224,0.0,0.0
2025-12-25 00:00:00+03:00,8.550000190734863,8.569999694824219,8.5,8.520000457763672,2046051,0.0,0.0
2025-12-26 00:00:00+03:00,8.550000190734863,8.600000381469727,8.4399995803833,8.4399995803833,2804033,0.0,0.0
2025-12-29 00:00:00+03:00,8.489999771118164,8.510000228881836,8.289999961853027,8.300000190734863,2612939,0.0,0.0
2025-12-30 00:00:00+03:00,8.449999809265137,8.529999732971191,8.34000015258789,8.399999618530273,3879029,0.0,0.0
2025-12-31 00:00:00+03:00,8.420000076293945,8.529999732971191,8.390000343322754,8.399999618530273,2844275,0.0,0.0
2026-01-02 00:00:00+03:00,8.449999809265137,8.619999885559082,8.449999809265137,8.579999923706055,3749740,0.0,0.0
2026-01-05 00:00:00+03:00,8.649999618530273,8.930000305175781,8.600000381469727,8.739999771118164,8202481,0.0,0.0
2026-01-06 00:00:00+03:00,8.75,8.760000228881836,8.579999923706055,8.649999618530273,6757495,0.0,0.0
2026-01-07 00:00:00+03:00,8.649999618530273,8.899999618530273,8.5600004196167,8.6899995803833,6703136,0.0,0.0
2026-01-08 00:00:00+03:00,8.710000038146973,8.829999923706055,8.600000381469727,8.729999542236328,3932017,0.0,0.0
2026-01-09 00:00:00+03:00,8.739999771118164,8.869999885559082,8.649999618530273,8.699999809265137,4179833,0.0,0.0
2026-01-12 00:00:00+03:00,8.729999542236328,9.119999885559082,8.6899995803833,9.0600004196167,11057587,0.0,0.0
2026-01-13 00:00:00+03:00,9.079999923706055,9.15999984741211,9.0,9.010000228881836,6165074,0.0,0.0
2026-01-14 00:00:00+03:00,9.010000228881836,9.149999618530273,8.899999618530273,8.930000305175781,7951870,0.0,0.0
2026-01-15 00:00:00+03:00,8.930000305175781,9.109999656677246,8.920000076293945,9.069999694824219,4435495,0.0,0.0
2026-01-16 00:00:00+03:00,9.09000015258789,9.109999656677246,8.970000267028809,8.970000267028809,6767476,0.0,0.0
2026-01-19 00:00:00+03:00,8.979999542236328,9.260000228881836,8.979999542236328,9.140000343322754,9160444,0.0,0.0
2026-01-20 00:00:00+03:00,9.130000114440918,9.140000343322754,9.010000228881836,9.0600004196167,7082201,0.0,0.0
2026-01-21 00:00:00+03:00,9.0600004196167,9.09000015258789,8.770000457763672,8.779999732971191,8451794,0.0,0.0
2026-01-22 00:00:00+03:00,8.789999961853027,9.260000228881836,8.789999961853027,9.1899995803833,10507580,0.0,0.0
2026-01-23 00:00:00+03:00,9.199999809265137,9.279999732971191,9.079999923706055,9.079999923706055,7370137,0.0,0.0
2026-01-26 00:00:00+03:00,9.079999923706055,9.239999771118164,9.029999732971191,9.180000305175781,7062151,0.0,0.0
2026-01-27 00:00:00+03:00,9.199999809265137,9.40999984741211,9.140000343322754,9.279999732971191,9490113,0.0,0.0
2026-01-28 00:00:00+03:00,9.279999732971191,9.59000015258789,9.229999542236328,9.489999771118164,17647385,0.0,0.0
2026-01-29 00:00:00+03:00,9.510000228881836,9.539999961853027,9.3100004196167,9.319999694824219,14153210,0.0,0.0
2026-01-30 00:00:00+03:00,9.319999694824219,9.319999694824219,9.130000114440918,9.1899995803833,9127470,0.0,0.0
2026-02-02 00:00:00+03:00,9.15999984741211,9.3100004196167,9.069999694824219,9.220000267028809,9702953,0.0,0.0
2026-02-03 00:00:00+03:00,9.229999542236328,9.479999542236328,9.199999809265137,9.319999694824219,10605451,0.0,0.0
2026-02-04 00:00:00+03:00,9.329999923706055,9.5600004196167,9.329999923706055,9.430000305175781,11033611,0.0,0.0
2026-02-05 00:00:00+03:00,9.430000305175781,9.449999809265137,9.069999694824219,9.079999923706055,7161597,0.0,0.0
2026-02-06 00:00:00+03:00,9.079999923706055,9.100000381469727,8.850000381469727,9.0,7817448,0.0,0.0
2026-02-09 00:00:00+03:00,9.0,9.1899995803833,9.0,9.180000305175781,9419769,0.0,0.0
2026-02-10 00:00:00+03:00,9.1899995803833,9.710000038146973,9.170000076293945,9.550000190734863,18509944,0.0,0.0
2026-02-11 00:00:00+03:00,9.550000190734863,9.979999542236328,9.479999542236328,9.930000305175781,17009968,0.0,0.0
2026-02-12 00:00:00+03:00,9.960000038146973,10.050000190734863,9.739999771118164,9.949999809265137,11002199,0.0,0.0
2026-02-13 00:00:00+03:00,9.949999809265137,10.0,9.789999961853027,9.8100004196167,12180610,0.0,0.0
2026-02-16 00:00:00+03:00,10.069999694824219,10.270000457763672,9.90999984741211,10.1899995803833,10134572,0.0,0.0
2026-02-17 00:00:00+03:00,10.199999809265137,10.680000305175781,10.0600004196167,10.5600004196167,11721906,0.0,0.0
2026-02-18 00:00:00+03:00,10.5600004196167,10.5600004196167,10.079999923706055,10.09000015258789,13828409,0.0,0.0
2026-02-19 00:00:00+03:00,10.09000015258789,10.149999618530273,9.359999656677246,9.359999656677246,8760890,0.0,0.0
2026-02-20 00:00:00+03:00,9.470000267028809,9.90999984741211,9.359999656677246,9.90999984741211,11640073,0.0,0.0
2026-02-23 00:00:00+03:00,9.989999771118164,10.319999694824219,9.880000114440918,9.970000267028809,11853517,0.0,0.0
2026-02-24 00:00:00+03:00,9.970000267028809,10.109999656677246,9.739999771118164,9.890000343322754,4400219,0.0,0.0
2026-02-25 00:00:00+03:00,9.880000114440918,9.970000267028809,9.479999542236328,9.5,6446403,0.0,0.0
2026-02-26 00:00:00+03:00,9.5,9.670000076293945,9.460000038146973,9.550000190734863,4296315,0.0,0.0
2026-02-27 00:00:00+03:00,9.609999656677246,9.779999732971191,9.260000228881836,9.489999771118164,5885500,0.0,0.0
2026-03-02 00:00:00+03:00,8.710000038146973,9.300000190734863,8.699999809265137,9.300000190734863,10915912,0.0,0.0
2026-03-03 00:00:00+03:00,9.300000190734863,9.5,9.069999694824219,9.25,4724431,0.0,0.0
2026-03-04 00:00:00+03:00,9.239999771118164,9.350000381469727,9.069999694824219,9.140000343322754,4224646,0.0,0.0
2026-03-05 00:00:00+03:00,9.270000457763672,9.319999694824219,9.09000015258789,9.149999618530273,5703686,0.0,0.0
2026-03-06 00:00:00+03:00,9.149999618530273,9.210000038146973,8.75,8.869999885559082,4721031,0.0,0.0
2026-03-09 00:00:00+03:00,8.710000038146973,8.75,8.399999618530273,8.5600004196167,5944902,0.0,0.0
2026-03-10 00:00:00+03:00,8.800000190734863,9.050000190734863,8.649999618530273,9.029999732971191,7724927,0.0,0.0
2026-03-11 00:00:00+03:00,9.039999961853027,9.100000381469727,8.880000114440918,9.069999694824219,5901205,0.0,0.0
2026-03-12 00:00:00+03:00,9.069999694824219,9.079999923706055,8.649999618530273,8.65999984741211,24531365,0.0,0.0
2026-03-13 00:00:00+03:00,8.65999984741211,9.029999732971191,8.529999732971191,9.029999732971191,21228442,0.0,0.0
2026-03-16 00:00:00+03:00,9.010000228881836,9.029999732971191,8.630000114440918,8.630000114440918,12418426,0.0,0.0
2026-03-17 00:00:00+03:00,8.6899995803833,9.0,8.6899995803833,8.84000015258789,13793557,0.0,0.0
2026-03-18 00:00:00+03:00,8.890000343322754,8.90999984741211,8.640000343322754,8.680000305175781,5487458,0.0,0.0
2026-03-19 00:00:00+03:00,8.609999656677246,8.640000343322754,8.520000457763672,8.529999732971191,3038077,0.0,0.0
2026-03-23 00:00:00+03:00,8.539999961853027,8.569999694824219,8.0600004196167,8.5,12470057,0.0,0.0
2026-03-24 00:00:00+03:00,8.5,8.529999732971191,8.34000015258789,8.34000015258789,4482142,0.0,0.0
2026-03-25 00:00:00+03:00,8.4399995803833,8.649999618530273,8.399999618530273,8.460000038146973,6319200,0.0,0.0
2026-03-26 00:00:00+03:00,8.479999542236328,8.59000015258789,8.420000076293945,8.470000267028809,5374434,0.0,0.0
2026-03-27 00:00:00+03:00,8.470000267028809,8.5600004196167,8.399999618530273,8.40999984741211,3370481,0.0,0.0
2026-03-30 00:00:00+03:00,8.40999984741211,8.4399995803833,8.25,8.420000076293945,7779691,0.0,0.0
2026-03-31 00:00:00+03:00,8.420000076293945,8.829999923706055,8.40999984741211,8.520000457763672,9776847,0.0,0.0
2026-04-01 00:00:00+03:00,8.59000015258789,8.729999542236328,8.550000190734863,8.630000114440918,8308569,0.0,0.0
2026-04-02 00:00:00+03:00,8.600000381469727,8.6899995803833,8.449999809265137,8.649999618530273,7369305,0.0,0.0
2026-04-03 00:00:00+03:00,8.600000381469727,8.930000305175781,8.550000190734863,8.800000190734863,8831425,0.0,0.0
2026-04-06 00:00:00+03:00,8.890000343322754,9.09000015258789,8.850000381469727,8.989999771118164,7493565,0.0,0.0
2026-04-07 00:00:00+03:00,9.0,9.039999961853027,8.550000190734863,8.600000381469727,6890218,0.0,0.0
2026-04-08 00:00:00+03:00,8.970000267028809,9.029999732971191,8.600000381469727,9.0,9618089,0.0,0.0
2026-04-09 00:00:00+03:00,9.0,9.399999618530273,8.850000381469727,9.220000267028809,9199211,0.0,0.0
2026-04-10 00:00:00+03:00,9.319999694824219,9.569999694824219,9.25,9.329999923706055,9758635,0.0,0.0
2026-04-13 00:00:00+03:00,9.3100004196167,9.329999923706055,9.010000228881836,9.279999732971191,8786238,0.0,0.0
2026-04-14 00:00:00+03:00,9.319999694824219,10.1899995803833,9.319999694824219,10.050000190734863,20088385,0.0,0.0
2026-04-15 00:00:00+03:00,10.0,10.09000015258789,9.800000190734863,9.960000038146973,8856200,0.0,0.0
2026-04-16 00:00:00+03:00,9.970000267028809,10.670000076293945,9.970000267028809,10.319999694824219,23980729,0.0,0.0
2026-04-17 00:00:00+03:00,10.319999694824219,10.319999694824219,9.84000015258789,10.029999732971191,15328213,0.0,0.0
2026-04-20 00:00:00+03:00,9.989999771118164,10.529999732971191,9.829999923706055,10.289999961853027,11649082,0.0,0.0
2026-04-21 00:00:00+03:00,10.289999961853027,10.760000228881836,10.279999732971191,10.729999542236328,15280140,0.0,0.0
2026-04-22 00:00:00+03:00,10.859999656677246,10.960000038146973,10.34000015258789,10.5600004196167,15424453,0.0,0.0
2026-04-24 00:00:00+03:00,10.5600004196167,11.609999656677246,10.399999618530273,11.609999656677246,32784251,0.0,0.0
2026-04-27 00:00:00+03:00,12.079999923706055,12.199999809265137,11.720000267028809,11.899999618530273,34995919,0.0,0.0
2026-04-28 00:00:00+03:00,11.899999618530273,12.739999771118164,11.800000190734863,12.279999732971191,32311764,0.0,0.0
2026-04-29 00:00:00+03:00,12.329999923706055,12.369999885559082,11.699999809265137,11.720000267028809,18124825,0.0,0.0
2026-04-30 00:00:00+03:00,11.729999542236328,12.100000381469727,11.460000038146973,11.800000190734863,25266003,0.0,0.0
2026-05-04 00:00:00+03:00,11.819999694824219,11.979999542236328,11.380000114440918,11.470000267028809,18844577,0.0,0.0
2026-05-05 00:00:00+03:00,11.520000457763672,12.319999694824219,11.079999923706055,12.100000381469727,32945916,0.0,0.0
2026-05-06 00:00:00+03:00,12.119999885559082,13.130000114440918,12.09000015258789,12.949999809265137,56861708,0.0,0.0
2026-05-07 00:00:00+03:00,13.050000190734863,13.680000305175781,12.4399995803833,12.760000228881836,57004375,0.0,0.0
2026-05-08 00:00:00+03:00,12.760000228881836,12.960000038146973,12.15999984741211,12.270000457763672,26368472,0.0,0.0
2026-05-11 00:00:00+03:00,12.300000190734863,12.960000038146973,12.300000190734863,12.729999542236328,23121671,0.0,0.0
2026-05-12 00:00:00+03:00,12.75,13.350000381469727,12.640000343322754,12.800000190734863,31987228,0.0,0.0
2026-05-13 00:00:00+03:00,12.850000381469727,13.329999923706055,12.699999809265137,12.699999809265137,30819775,0.0,0.0
2026-05-14 00:00:00+03:00,12.760000228881836,13.300000190734863,12.5600004196167,12.760000228881836,28519052,0.0,0.0
2026-05-15 00:00:00+03:00,12.760000228881836,12.770000457763672,12.140000343322754,12.25,18937586,0.0,0.0
2026-05-18 00:00:00+03:00,12.25,12.699999809265137,12.069999694824219,12.25,12973170,0.0,0.0
2026-05-20 00:00:00+03:00,12.260000228881836,12.75,12.069999694824219,12.260000228881836,19024201,0.0,0.0
2026-05-21 00:00:00+03:00,12.279999732971191,12.5600004196167,11.5,11.5,14906734,0.0,0.0
2026-05-22 00:00:00+03:00,11.489999771118164,12.649999618530273,11.4399995803833,12.649999618530273,40381077,0.0,0.0
2026-05-25 00:00:00+03:00,13.0,13.90999984741211,12.970000267028809,13.539999961853027,38335425,0.0,0.0
2026-05-26 00:00:00+03:00,13.600000381469727,13.600000381469727,13.229999542236328,13.260000228881836,11980290,0.0,0.0
2026-05-27 00:00:00+03:00,13.260000228881836,13.260000228881836,13.260000228881836,13.260000228881836,0,0.0,0.0
2026-05-28 00:00:00+03:00,13.260000228881836,13.260000228881836,13.260000228881836,13.260000228881836,0,0.0,0.0
2026-05-29 00:00:00+03:00,13.260000228881836,13.260000228881836,13.260000228881836,13.260000228881836,0,0.0,0.0
2026-06-01 00:00:00+03:00,13.369999885559082,13.5600004196167,12.920000076293945,12.979999542236328,25403617,0.0,0.0
2026-06-02 00:00:00+03:00,13.050000190734863,13.880000114440918,12.90999984741211,13.880000114440918,33039030,0.0,0.0
2026-06-03 00:00:00+03:00,13.979999542236328,14.0,12.890000343322754,12.949999809265137,29092083,0.0,0.0
2026-06-04 00:00:00+03:00,12.949999809265137,13.079999923706055,12.350000381469727,12.8100004196167,27696230,0.0,0.0
2026-06-05 00:00:00+03:00,12.960000038146973,12.970000267028809,11.899999618530273,11.899999618530273,17786389,0.0,0.0
2026-06-08 00:00:00+03:00,11.710000038146973,11.970000267028809,11.470000267028809,11.510000228881836,19339476,0.0,0.0
2026-06-09 00:00:00+03:00,11.710000038146973,11.710000038146973,10.729999542236328,10.869999885559082,28134765,0.0,0.0
2026-06-10 00:00:00+03:00,11.0,11.949999809265137,10.829999923706055,11.720000267028809,58292294,0.0,0.0
2026-06-11 00:00:00+03:00,11.819999694824219,12.390000343322754,11.229999542236328,11.380000114440918,43075288,0.0,0.0
2026-06-12 00:00:00+03:00,11.40999984741211,11.90999984741211,11.390000343322754,11.40999984741211,24924007,0.0,0.0
2026-06-15 00:00:00+03:00,11.510000228881836,11.770000457763672,11.15999984741211,11.199999809265137,25854653,0.0,0.0
2026-06-16 00:00:00+03:00,11.220000267028809,11.539999961853027,11.0600004196167,11.180000305175781,24738485,0.0,0.0
2026-06-17 00:00:00+03:00,11.119999885559082,11.1899995803833,10.069999694824219,10.569999694824219,34033560,0.0,0.0
2026-06-18 00:00:00+03:00,10.899999618530273,10.899999618530273,10.5,10.59000015258789,17101920,0.0,0.0
2026-06-19 00:00:00+03:00,10.489999771118164,10.630000114440918,10.229999542236328,10.279999732971191,15189629,0.0,0.0
2026-06-22 00:00:00+03:00,10.029999732971191,10.65999984741211,10.029999732971191,10.350000381469727,13108423,0.0,0.0
2026-06-23 00:00:00+03:00,10.380000114440918,10.510000228881836,10.229999542236328,10.359999656677246,12780088,0.0,0.0
2026-06-24 00:00:00+03:00,10.359999656677246,10.84000015258789,9.989999771118164,10.050000190734863,22452487,0.0,0.0
2026-06-25 00:00:00+03:00,10.119999885559082,10.65999984741211,10.109999656677246,10.359999656677246,21454324,0.0,0.0
2026-06-26 00:00:00+03:00,10.229999542236328,10.5,9.979999542236328,10.180000305175781,11817389,0.0,0.0
2026-06-29 00:00:00+03:00,10.229999542236328,10.960000038146973,10.199999809265137,10.859999656677246,30071969,0.0,0.0
2026-06-30 00:00:00+03:00,11.350000381469727,11.600000381469727,11.039999961853027,11.25,34141495,0.0,0.0
2026-07-01 00:00:00+03:00,11.170000076293945,11.680000305175781,10.960000038146973,11.359999656677246,25702106,0.0,0.0
2026-07-02 00:00:00+03:00,11.399999618530273,11.819999694824219,11.039999961853027,11.390000343322754,43016518,0.0,0.0
2026-07-03 00:00:00+03:00,11.479999542236328,11.619999885559082,11.25,11.579999923706055,19315173,0.0,0.0
2026-07-06 00:00:00+03:00,11.640000343322754,11.640000343322754,10.960000038146973,11.020000457763672,19608093,0.0,0.0
2026-07-07 00:00:00+03:00,11.09000015258789,11.09000015258789,10.569999694824219,10.630000114440918,16783031,0.0,0.0
2026-07-08 00:00:00+03:00,10.600000381469727,10.600000381469727,9.989999771118164,10.020000457763672,13897725,0.0,0.0
2026-07-09 00:00:00+03:00,10.020000457763672,10.149999618530273,9.949999809265137,10.029999732971191,13185673,0.0,0.0
2026-07-10 00:00:00+03:00,10.029999732971191,10.5,9.979999542236328,10.329999923706055,16834382,0.0,0.0
2026-07-13 00:00:00+03:00,10.25,10.779999732971191,10.140000343322754,10.699999809265137,12644468,0.0,0.0
2026-07-14 00:00:00+03:00,10.65999984741211,10.9399995803833,10.539999961853027,10.579999923706055,13108577,0.0,0.0
2026-07-16 00:00:00+03:00,10.470000267028809,10.630000114440918,10.289999961853027,10.300000190734863,19897888,0.0,0.0
2026-07-17 00:00:00+03:00,10.300000190734863,10.8100004196167,10.1899995803833,10.569999694824219,20098602,0.0,0.0
2026-07-20 00:00:00+03:00,10.470000267028809,10.670000076293945,10.25,10.260000228881836,15341863,0.0,0.0
2026-07-21 00:00:00+03:00,10.300000190734863,10.40999984741211,9.789999961853027,10.149999618530273,12412669,0.0,0.0
2026-07-22 00:00:00+03:00,10.149999618530273,10.25,10.050000190734863,10.050000190734863,11286843,0.0,0.0
2026-07-23 00:00:00+03:00,10.0600004196167,10.430000305175781,10.0600004196167,10.199999809265137,13674942,0.0,0.0
2026-07-24 00:00:00+03:00,10.199999809265137,10.239999771118164,9.9399995803833,10.0,14986215,0.0,0.0
2026-07-27 00:00:00+03:00,10.100000381469727,10.199999809265137,9.800000190734863,10.010000228881836,10787959,0.0,0.0
2026-07-28 00:00:00+03:00,10.020000457763672,10.039999961853027,9.789999961853027,9.90999984741211,18833828,0.0,0.0
2026-07-29 00:00:00+03:00,9.960000038146973,10.199999809265137,9.859999656677246,9.880000114440918,21971769,0.0,0.0
2026-07-30 00:00:00+03:00,10.09000015258789,10.09000015258789,8.899999618530273,8.899999618530273,39990333,0.0,0.0
2026-08-03 00:00:00+03:00,9.899999618530273,9.899999618530273,9.180000305175781,9.350000381469727,17488870,0.0,0.0
2026-08-04 00:00:00+03:00,9.350000381469727,9.4399995803833,9.109999656677246,9.109999656677246,8857475,0.0,0.0
2026-08-05 00:00:00+03:00,9.109999656677246,9.149999618530273,8.739999771118164,8.800000190734863,11862332,0.0,0.0
2026-08-06 00:00:00+03:00,8.829999923706055,9.09000015258789,8.819999694824219,8.859999656677246,9942362,0.0,0.0
2026-08-07 00:00:00+03:00,8.869999885559082,8.90999984741211,8.680000305175781,8.699999809265137,8386274,0.0,0.0
2026-08-10 00:00:00+03:00,8.699999809265137,8.829999923706055,8.65999984741211,8.729999542236328,6549618,0.0,0.0
2026-08-11 00:00:00+03:00,8.739999771118164,9.420000076293945,8.739999771118164,9.199999809265137,18759185,0.0,0.0
2026-08-12 00:00:00+03:00,9.170000076293945,9.739999771118164,9.109999656677246,9.600000381469727,14733803,0.0,0.0
