date,open,high,low,close,volume,dividends,stock_splits
2020-08-14 00:00:00+03:00,6.230000019073486,6.699999809265137,6.230000019073486,6.599999904632568,52758,0.0,0.0
2020-08-17 00:00:00+03:00,6.650000095367432,6.650000095367432,6.5,6.5,39297,0.0,0.0
2020-08-18 00:00:00+03:00,6.5,6.5,6.300000190734863,6.300000190734863,70421,0.0,0.0
2020-08-19 00:00:00+03:00,6.5,6.550000190734863,6.5,6.550000190734863,267856,0.0,0.0
2020-08-20 00:00:00+03:00,6.699999809265137,6.699999809265137,6.619999885559082,6.699999809265137,161944,0.0,0.0
2020-08-21 00:00:00+03:00,6.900000095367432,6.900000095367432,6.800000190734863,6.800000190734863,70798,0.0,0.0
2020-08-24 00:00:00+03:00,6.800000190734863,7.0,6.800000190734863,7.0,139135,0.0,0.0
2020-08-25 00:00:00+03:00,7.179999828338623,7.849999904632568,7.179999828338623,7.75,195752,0.0,0.0
2020-08-26 00:00:00+03:00,8.149999618530273,8.149999618530273,7.849999904632568,8.0,264161,0.0,0.0
2020-08-27 00:00:00+03:00,8.15999984741211,8.300000190734863,8.15999984741211,8.300000190734863,100252,0.0,0.0
2020-08-28 00:00:00+03:00,8.300000190734863,8.649999618530273,8.300000190734863,8.649999618530273,149404,0.0,0.0
2020-08-31 00:00:00+03:00,8.34000015258789,8.34000015258789,8.109999656677246,8.109999656677246,136142,0.0,0.0
2020-09-01 00:00:00+03:00,8.100000381469727,8.59000015258789,8.100000381469727,8.59000015258789,164123,0.0,0.0
2020-09-02 00:00:00+03:00,9.0,9.1899995803833,9.0,9.1899995803833,174226,0.0,0.0
2020-09-03 00:00:00+03:00,9.199999809265137,9.199999809265137,9.0,9.020000457763672,153416,0.0,0.0
2020-09-04 00:00:00+03:00,9.0,9.550000190734863,9.0,9.550000190734863,310960,0.0,0.0
2020-09-07 00:00:00+03:00,9.890000343322754,10.0,9.890000343322754,10.0,241523,0.0,0.0
2020-09-08 00:00:00+03:00,10.5,11.109999656677246,10.5,11.109999656677246,188299,0.0,0.0
2020-09-09 00:00:00+03:00,11.800000190734863,11.800000190734863,11.800000190734863,11.800000190734863,234849,0.0,0.0
2020-09-10 00:00:00+03:00,11.880000114440918,11.880000114440918,10.670000076293945,11.100000381469727,188978,0.0,0.0
2020-09-11 00:00:00+03:00,11.970000267028809,12.569999694824219,11.970000267028809,12.569999694824219,177550,0.0,0.0
2020-09-14 00:00:00+03:00,13.300000190734863,13.800000190734863,13.300000190734863,13.800000190734863,286481,0.0,0.0
2020-09-15 00:00:00+03:00,15.100000381469727,15.100000381469727,14.5,14.5,248915,0.0,0.0
2020-09-16 00:00:00+03:00,13.649999618530273,15.199999809265137,13.649999618530273,15.199999809265137,211690,0.0,0.0
2020-09-17 00:00:00+03:00,15.399999618530273,15.449999809265137,15.399999618530273,15.449999809265137,204085,0.0,0.0
2020-09-18 00:00:00+03:00,15.930000305175781,16.520000457763672,15.930000305175781,16.520000457763672,168634,0.0,0.0
2020-09-21 00:00:00+03:00,16.6200008392334,17.5,16.6200008392334,17.5,265974,0.0,0.0
2020-09-22 00:00:00+03:00,17.399999618530273,17.399999618530273,16.34000015258789,16.34000015258789,216867,0.0,0.0
2020-09-23 00:00:00+03:00,17.100000381469727,17.149999618530273,17.079999923706055,17.079999923706055,208930,0.0,0.0
2020-09-24 00:00:00+03:00,17.100000381469727,17.100000381469727,16.049999237060547,16.049999237060547,164928,0.0,0.0
2020-09-25 00:00:00+03:00,17.200000762939453,17.200000762939453,16.600000381469727,16.600000381469727,55740,0.0,0.0
2020-09-28 00:00:00+03:00,16.899999618530273,16.899999618530273,15.600000381469727,15.600000381469727,78577,0.0,0.0
2020-09-29 00:00:00+03:00,15.010000228881836,15.010000228881836,14.25,14.300000190734863,266988,0.0,0.0
2020-09-30 00:00:00+03:00,14.550000190734863,15.6899995803833,14.550000190734863,15.6899995803833,121204,0.0,0.0
2020-10-01 00:00:00+03:00,16.0,16.0,15.699999809265137,15.699999809265137,78380,0.0,0.0
2020-10-02 00:00:00+03:00,15.329999923706055,15.329999923706055,14.800000190734863,14.800000190734863,54313,0.0,0.0
2020-10-05 00:00:00+03:00,16.700000762939453,16.700000762939453,16.049999237060547,16.5,78511,0.0,0.0
2020-10-06 00:00:00+03:00,16.5,17.0,15.5,17.0,85698,0.0,0.0
2020-10-07 00:00:00+03:00,16.899999618530273,16.899999618530273,16.600000381469727,16.899999618530273,71590,0.0,0.0
2020-10-08 00:00:00+03:00,16.399999618530273,16.399999618530273,14.84000015258789,15.199999809265137,82228,0.0,0.0
2020-10-09 00:00:00+03:00,15.899999618530273,15.899999618530273,15.789999961853027,15.789999961853027,47350,0.0,0.0
2020-10-12 00:00:00+03:00,15.489999771118164,15.489999771118164,13.949999809265137,14.899999618530273,113911,0.0,0.0
2020-10-13 00:00:00+03:00,14.800000190734863,14.850000381469727,14.75,14.75,45773,0.0,0.0
2020-10-14 00:00:00+03:00,14.75,15.0,14.75,15.0,47706,0.0,0.0
2020-10-15 00:00:00+03:00,14.75,14.949999809265137,14.75,14.949999809265137,27134,0.0,0.0
2020-10-16 00:00:00+03:00,14.949999809265137,15.5,14.949999809265137,15.5,45255,0.0,0.0
2020-10-19 00:00:00+03:00,16.0,16.25,16.0,16.0,66188,0.0,0.0
2020-10-20 00:00:00+03:00,16.0,16.0,15.899999618530273,15.899999618530273,35012,0.0,0.0
2020-10-21 00:00:00+03:00,15.399999618530273,15.399999618530273,14.25,15.25,50106,0.0,0.0
2020-10-22 00:00:00+03:00,15.5,15.5,15.25,15.25,42086,0.0,0.0
2020-10-23 00:00:00+03:00,15.5,15.5,14.600000381469727,14.600000381469727,49108,0.0,0.0
2020-10-26 00:00:00+03:00,14.789999961853027,14.789999961853027,13.460000038146973,13.460000038146973,27184,0.0,0.0
2020-10-27 00:00:00+03:00,13.989999771118164,14.800000190734863,13.989999771118164,14.800000190734863,68820,0.0,0.0
2020-10-28 00:00:00+03:00,16.149999618530273,16.149999618530273,15.399999618530273,15.399999618530273,34645,0.0,0.0
2020-10-30 00:00:00+03:00,15.550000190734863,15.550000190734863,15.550000190734863,15.550000190734863,52951,0.0,0.0
2020-11-02 00:00:00+03:00,16.1200008392334,16.1200008392334,16.100000381469727,16.100000381469727,66216,0.0,0.0
2020-11-03 00:00:00+03:00,16.0,16.0,14.399999618530273,16.0,60528,0.0,0.0
2020-11-04 00:00:00+03:00,15.699999809265137,17.600000381469727,15.699999809265137,17.600000381469727,174688,0.0,0.0
2020-11-05 00:00:00+03:00,18.600000381469727,19.290000915527344,18.600000381469727,19.290000915527344,100166,0.0,0.0
2020-11-06 00:00:00+03:00,19.280000686645508,19.280000686645508,17.5,19.0,47516,0.0,0.0
2020-11-09 00:00:00+03:00,18.899999618530273,18.899999618530273,18.600000381469727,18.600000381469727,37616,0.0,0.0
2020-11-10 00:00:00+03:00,18.0,18.5,17.0,18.5,53673,0.0,0.0
2020-11-11 00:00:00+03:00,18.0,18.0,17.979999542236328,17.979999542236328,22075,0.0,0.0
2020-11-12 00:00:00+03:00,17.700000762939453,17.700000762939453,17.0,17.700000762939453,31505,0.0,0.0
2020-11-13 00:00:00+03:00,18.0,18.0,17.5,17.5,10413,0.0,0.0
2020-11-16 00:00:00+03:00,15.75,17.489999771118164,15.75,17.0,73132,0.0,0.0
2020-11-17 00:00:00+03:00,16.479999542236328,16.479999542236328,16.0,16.0,57522,0.0,0.0
2020-11-18 00:00:00+03:00,15.800000190734863,15.800000190734863,15.800000190734863,15.800000190734863,55949,0.0,0.0
2020-11-19 00:00:00+03:00,15.0,15.0,15.0,15.0,235189,0.0,0.0
2020-11-20 00:00:00+03:00,15.449999809265137,16.399999618530273,15.449999809265137,16.399999618530273,39863,0.0,0.0
2020-11-23 00:00:00+03:00,17.950000762939453,17.950000762939453,17.5,17.5,51684,0.0,0.0
2020-11-24 00:00:00+03:00,16.700000762939453,17.799999237060547,16.5,17.549999237060547,29589,0.0,0.0
2020-11-25 00:00:00+03:00,17.5,17.5,15.800000190734863,16.5,27659,0.0,0.0
2020-11-26 00:00:00+03:00,17.15999984741211,17.15999984741211,17.0,17.0,39064,0.0,0.0
2020-11-27 00:00:00+03:00,16.989999771118164,16.989999771118164,16.799999237060547,16.799999237060547,9060,0.0,0.0
2020-11-30 00:00:00+03:00,17.0,17.0,16.1299991607666,16.1299991607666,11749,0.0,0.0
2020-12-01 00:00:00+03:00,16.100000381469727,16.100000381469727,15.989999771118164,15.989999771118164,12098,0.0,0.0
2020-12-02 00:00:00+03:00,16.049999237060547,16.049999237060547,14.579999923706055,15.949999809265137,33881,0.0,0.0
2020-12-03 00:00:00+03:00,15.9399995803833,15.9399995803833,15.800000190734863,15.800000190734863,24194,0.0,0.0
2020-12-04 00:00:00+03:00,15.5,15.850000381469727,15.5,15.699999809265137,17218,0.0,0.0
2020-12-07 00:00:00+03:00,14.300000190734863,15.350000381469727,14.300000190734863,15.350000381469727,35434,0.0,0.0
2020-12-08 00:00:00+03:00,15.350000381469727,15.5,15.350000381469727,15.479999542236328,26317,0.0,0.0
2020-12-09 00:00:00+03:00,15.600000381469727,15.600000381469727,14.5,15.0,14419,0.0,0.0
2020-12-10 00:00:00+03:00,15.050000190734863,15.050000190734863,15.0,15.0,14329,0.0,0.0
2020-12-11 00:00:00+03:00,15.0,15.0,14.5,14.899999618530273,11441,0.0,0.0
2020-12-14 00:00:00+03:00,14.699999809265137,14.699999809265137,14.449999809265137,14.449999809265137,32115,0.0,0.0
2020-12-15 00:00:00+03:00,14.449999809265137,14.449999809265137,14.0,14.020000457763672,29878,0.0,0.0
2020-12-16 00:00:00+03:00,14.199999809265137,14.199999809265137,14.09000015258789,14.09000015258789,20625,0.0,0.0
2020-12-17 00:00:00+03:00,14.470000267028809,15.0,14.470000267028809,14.699999809265137,16954,0.0,0.0
2020-12-18 00:00:00+03:00,14.899999618530273,15.5,14.899999618530273,15.5,55478,0.0,0.0
2020-12-21 00:00:00+03:00,15.5,15.9399995803833,15.5,15.90999984741211,48938,0.0,0.0
2020-12-22 00:00:00+03:00,15.899999618530273,15.90999984741211,15.899999618530273,15.90999984741211,42668,0.0,0.0
2020-12-23 00:00:00+03:00,15.90999984741211,15.90999984741211,15.300000190734863,15.300000190734863,17113,0.0,0.0
2020-12-24 00:00:00+03:00,15.279999732971191,15.279999732971191,15.149999618530273,15.149999618530273,33770,0.0,0.0
2020-12-25 00:00:00+03:00,15.100000381469727,15.100000381469727,15.100000381469727,15.100000381469727,31973,0.0,0.0
2020-12-28 00:00:00+03:00,15.0,15.0,14.880000114440918,14.880000114440918,20336,0.0,0.0
2020-12-29 00:00:00+03:00,14.880000114440918,14.880000114440918,13.970000267028809,13.970000267028809,29262,0.0,0.0
2020-12-30 00:00:00+03:00,13.970000267028809,14.600000381469727,13.970000267028809,14.600000381469727,18283,0.0,0.0
2020-12-31 00:00:00+03:00,15.0,16.0,15.0,16.0,90646,0.0,0.0
2021-01-04 00:00:00+03:00,16.0,16.0,15.949999809265137,15.949999809265137,19101,0.0,0.0
2021-01-05 00:00:00+03:00,14.25,16.899999618530273,14.25,15.5,33243,0.0,0.0
2021-01-06 00:00:00+03:00,15.300000190734863,16.0,15.300000190734863,16.0,56975,0.0,0.0
2021-01-07 00:00:00+03:00,16.0,16.0,15.479999542236328,15.479999542236328,28694,0.0,0.0
2021-01-08 00:00:00+03:00,15.710000038146973,15.710000038146973,15.399999618530273,15.399999618530273,29308,0.0,0.0
2021-01-11 00:00:00+03:00,15.0,16.0,15.0,15.899999618530273,40079,0.0,0.0
2021-01-12 00:00:00+03:00,16.170000076293945,16.170000076293945,15.5,15.5,28672,0.0,0.0
2021-01-13 00:00:00+03:00,15.5,15.5,15.09000015258789,15.09000015258789,47047,0.0,0.0
2021-01-14 00:00:00+03:00,15.010000228881836,15.010000228881836,14.90999984741211,14.90999984741211,21608,0.0,0.0
2021-01-15 00:00:00+03:00,14.880000114440918,15.0,14.880000114440918,15.0,26972,0.0,0.0
2021-01-18 00:00:00+03:00,15.0,15.0,14.949999809265137,14.949999809265137,31147,0.0,0.0
2021-01-19 00:00:00+03:00,15.300000190734863,15.5,15.300000190734863,15.5,39125,0.0,0.0
2021-01-20 00:00:00+03:00,15.5,15.5,15.0,15.0,19563,0.0,0.0
2021-01-21 00:00:00+03:00,15.5,15.5,15.0,15.0,9146,0.0,0.0
2021-01-22 00:00:00+03:00,14.949999809265137,15.5,14.949999809265137,15.5,25061,0.0,0.0
2021-01-25 00:00:00+03:00,15.5,15.600000381469727,15.5,15.600000381469727,62909,0.0,0.0
2021-01-26 00:00:00+03:00,15.5,15.5,15.5,15.5,45471,0.0,0.0
2021-01-27 00:00:00+03:00,15.5,15.5,14.5,14.5,28963,0.0,0.0
2021-01-28 00:00:00+03:00,14.550000190734863,15.149999618530273,14.550000190734863,15.149999618530273,15553,0.0,0.0
2021-01-29 00:00:00+03:00,15.149999618530273,15.149999618530273,14.550000190734863,14.550000190734863,15740,0.0,0.0
2021-02-01 00:00:00+03:00,14.609999656677246,14.880000114440918,14.609999656677246,14.850000381469727,19528,0.0,0.0
2021-02-02 00:00:00+03:00,14.899999618530273,16.329999923706055,14.899999618530273,16.329999923706055,122451,0.0,0.0
2021-02-03 00:00:00+03:00,17.049999237060547,17.959999084472656,17.049999237060547,17.959999084472656,145083,0.0,0.0
2021-02-04 00:00:00+03:00,18.5,19.75,18.5,19.75,157638,0.0,0.0
2021-02-05 00:00:00+03:00,21.399999618530273,21.719999313354492,21.059999465942383,21.059999465942383,262752,0.0,0.0
2021-02-08 00:00:00+03:00,21.399999618530273,21.760000228881836,21.399999618530273,21.5,149997,0.0,0.0
2021-02-09 00:00:00+03:00,22.200000762939453,22.200000762939453,21.34000015258789,21.34000015258789,81850,0.0,0.0
2021-02-10 00:00:00+03:00,19.209999084472656,19.209999084472656,19.209999084472656,19.209999084472656,58474,0.0,0.0
2021-02-11 00:00:00+03:00,19.0,19.0,17.290000915527344,17.290000915527344,85359,0.0,0.0
2021-02-12 00:00:00+03:00,17.290000915527344,17.290000915527344,15.600000381469727,16.579999923706055,121233,0.0,0.0
2021-02-15 00:00:00+03:00,17.399999618530273,18.229999542236328,17.399999618530273,18.229999542236328,66468,0.0,0.0
2021-02-16 00:00:00+03:00,18.229999542236328,19.979999542236328,18.229999542236328,19.389999389648438,86210,0.0,0.0
2021-02-17 00:00:00+03:00,19.229999542236328,19.229999542236328,17.459999084472656,17.459999084472656,58739,0.0,0.0
2021-02-18 00:00:00+03:00,18.399999618530273,19.200000762939453,16.600000381469727,19.200000762939453,52584,0.0,0.0
2021-02-19 00:00:00+03:00,19.200000762939453,21.0,19.200000762939453,20.899999618530273,60507,0.0,0.0
2021-02-22 00:00:00+03:00,20.899999618530273,20.899999618530273,20.0,20.0,34396,0.0,0.0
2021-02-23 00:00:00+03:00,19.899999618530273,19.899999618530273,18.0,18.100000381469727,27186,0.0,0.0
2021-02-24 00:00:00+03:00,17.899999618530273,18.0,17.899999618530273,18.0,34052,0.0,0.0
2021-02-25 00:00:00+03:00,18.8799991607666,19.799999237060547,18.8799991607666,19.700000762939453,74131,0.0,0.0
2021-02-26 00:00:00+03:00,17.799999237060547,19.700000762939453,17.799999237060547,19.700000762939453,46838,0.0,0.0
2021-03-01 00:00:00+03:00,19.979999542236328,19.979999542236328,18.049999237060547,18.049999237060547,41438,0.0,0.0
2021-03-02 00:00:00+03:00,18.049999237060547,18.260000228881836,18.049999237060547,18.049999237060547,20730,0.0,0.0
2021-03-03 00:00:00+03:00,19.0,19.0,18.149999618530273,18.149999618530273,9692,0.0,0.0
2021-03-04 00:00:00+03:00,18.979999542236328,18.979999542236328,18.5,18.5,21086,0.0,0.0
2021-03-05 00:00:00+03:00,18.5,18.5,18.059999465942383,18.5,17153,0.0,0.0
2021-03-08 00:00:00+03:00,18.0,18.5,18.0,18.5,35545,0.0,0.0
2021-03-09 00:00:00+03:00,18.5,18.5,18.5,18.5,15622,0.0,0.0
2021-03-10 00:00:00+03:00,18.5,19.09000015258789,18.5,19.09000015258789,35948,0.0,0.0
2021-03-11 00:00:00+03:00,19.200000762939453,19.200000762939453,18.299999237060547,18.5,20162,0.0,0.0
2021-03-12 00:00:00+03:00,18.5,18.5,18.350000381469727,18.350000381469727,18631,0.0,0.0
2021-03-15 00:00:00+03:00,18.350000381469727,18.350000381469727,16.520000457763672,18.34000015258789,27471,0.0,0.0
2021-03-16 00:00:00+03:00,18.010000228881836,18.010000228881836,17.0,17.0,33028,0.0,0.0
2021-03-17 00:00:00+03:00,17.450000762939453,18.0,17.450000762939453,18.0,47067,0.0,0.0
2021-03-18 00:00:00+03:00,17.639999389648438,17.649999618530273,17.049999237060547,17.649999618530273,7976,0.0,0.0
2021-03-19 00:00:00+03:00,18.0,18.0,17.75,17.75,16980,0.0,0.0
2021-03-22 00:00:00+03:00,16.5,17.0,16.469999313354492,16.469999313354492,30918,0.0,0.0
2021-03-23 00:00:00+03:00,16.469999313354492,16.959999084472656,16.469999313354492,16.959999084472656,15874,0.0,0.0
2021-03-24 00:00:00+03:00,17.3799991607666,17.3799991607666,15.5,15.5,14447,0.0,0.0
2021-03-25 00:00:00+03:00,16.950000762939453,16.950000762939453,16.950000762939453,16.950000762939453,31025,0.0,0.0
2021-03-26 00:00:00+03:00,17.5,17.5,16.5,16.5,11172,0.0,0.0
2021-03-29 00:00:00+03:00,17.5,17.5,16.540000915527344,17.0,10611,0.0,0.0
2021-03-30 00:00:00+03:00,17.0,17.0,16.0,16.100000381469727,17026,0.0,0.0
2021-03-31 00:00:00+03:00,16.200000762939453,17.0,16.200000762939453,17.0,27421,0.0,0.0
2021-04-01 00:00:00+03:00,17.0,17.5,17.0,17.200000762939453,11028,0.0,0.0
2021-04-02 00:00:00+03:00,17.75,17.75,17.299999237060547,17.299999237060547,8030,0.0,0.0
2021-04-05 00:00:00+03:00,16.209999084472656,17.200000762939453,16.209999084472656,17.200000762939453,22477,0.0,0.0
2021-04-06 00:00:00+03:00,17.200000762939453,17.200000762939453,16.799999237060547,16.799999237060547,23139,0.0,0.0
2021-04-07 00:00:00+03:00,16.799999237060547,17.600000381469727,16.799999237060547,17.600000381469727,25455,0.0,0.0
2021-04-08 00:00:00+03:00,18.0,18.149999618530273,18.0,18.0,22110,0.0,0.0
2021-04-09 00:00:00+03:00,17.0,17.209999084472656,16.899999618530273,17.209999084472656,10142,0.0,0.0
2021-04-12 00:00:00+03:00,15.489999771118164,17.209999084472656,15.489999771118164,16.5,10873,0.0,0.0
2021-04-13 00:00:00+03:00,16.469999313354492,17.020000457763672,16.469999313354492,17.0,8257,0.0,0.0
2021-04-14 00:00:00+03:00,17.049999237060547,17.049999237060547,15.300000190734863,16.899999618530273,7269,0.0,0.0
2021-04-15 00:00:00+03:00,16.479999542236328,16.5,15.800000190734863,15.800000190734863,11318,0.0,0.0
2021-04-16 00:00:00+03:00,16.799999237060547,16.799999237060547,14.229999542236328,16.5,19098,0.0,0.0
2021-04-19 00:00:00+03:00,16.0,16.0,15.960000038146973,15.960000038146973,6499,0.0,0.0
2021-04-20 00:00:00+03:00,16.290000915527344,16.290000915527344,15.020000457763672,15.989999771118164,6916,0.0,0.0
2021-04-21 00:00:00+03:00,15.989999771118164,15.989999771118164,14.399999618530273,14.5,15525,0.0,0.0
2021-04-22 00:00:00+03:00,14.5,15.550000190734863,14.5,15.5,8377,0.0,0.0
2021-04-26 00:00:00+03:00,15.5,15.989999771118164,15.5,15.649999618530273,16999,0.0,0.0
2021-04-27 00:00:00+03:00,15.9399995803833,15.9399995803833,15.850000381469727,15.850000381469727,13999,0.0,0.0
2021-04-28 00:00:00+03:00,15.850000381469727,15.960000038146973,15.850000381469727,15.899999618530273,104076,0.0,0.0
2021-04-29 00:00:00+03:00,15.899999618530273,16.0,15.899999618530273,16.0,17062,0.0,0.0
2021-04-30 00:00:00+03:00,16.889999389648438,16.889999389648438,16.100000381469727,16.100000381469727,7469,0.0,0.0
2021-05-03 00:00:00+03:00,16.489999771118164,16.489999771118164,16.0,16.0,3018,0.0,0.0
2021-05-04 00:00:00+03:00,16.0,16.0,15.600000381469727,15.600000381469727,15616,0.0,0.0
2021-05-05 00:00:00+03:00,15.600000381469727,15.600000381469727,15.0,15.399999618530273,6910,0.0,0.0
2021-05-06 00:00:00+03:00,16.0,16.0,15.800000190734863,15.800000190734863,18698,0.0,0.0
2021-05-07 00:00:00+03:00,15.020000457763672,15.399999618530273,15.020000457763672,15.350000381469727,11612,0.0,0.0
2021-05-10 00:00:00+03:00,14.550000190734863,15.050000190734863,14.550000190734863,15.0,17692,0.0,0.0
2021-05-11 00:00:00+03:00,15.0,16.5,14.960000038146973,16.5,53432,0.0,0.0
2021-05-12 00:00:00+03:00,17.989999771118164,17.989999771118164,17.899999618530273,17.899999618530273,34610,0.0,0.0
2021-05-17 00:00:00+03:00,17.889999389648438,17.889999389648438,17.0,17.0,29244,0.0,0.0
2021-05-18 00:00:00+03:00,16.700000762939453,16.700000762939453,16.0,16.479999542236328,20332,0.0,0.0
2021-05-20 00:00:00+03:00,16.5,16.5,16.0,16.0,6841,0.0,0.0
2021-05-21 00:00:00+03:00,16.0,16.0,15.699999809265137,15.890000343322754,12074,0.0,0.0
2021-05-24 00:00:00+03:00,16.0,16.0,15.5,15.5,11026,0.0,0.0
2021-05-25 00:00:00+03:00,15.609999656677246,15.609999656677246,14.979999542236328,14.979999542236328,20834,0.0,0.0
2021-05-26 00:00:00+03:00,14.979999542236328,16.469999313354492,14.979999542236328,16.469999313354492,64927,0.0,0.0
2021-05-27 00:00:00+03:00,16.0,16.469999313354492,14.829999923706055,16.469999313354492,49738,0.0,0.0
2021-05-28 00:00:00+03:00,16.469999313354492,16.469999313354492,15.539999961853027,15.539999961853027,8732,0.0,0.0
2021-05-31 00:00:00+03:00,15.539999961853027,16.0,15.539999961853027,15.989999771118164,13121,0.0,0.0
2021-06-01 00:00:00+03:00,15.989999771118164,15.989999771118164,15.399999618530273,15.399999618530273,8715,0.0,0.0
2021-06-02 00:00:00+03:00,15.40999984741211,15.989999771118164,15.0,15.550000190734863,21272,0.0,0.0
2021-06-03 00:00:00+03:00,15.84000015258789,16.0,15.84000015258789,15.989999771118164,8878,0.0,0.0
2021-06-04 00:00:00+03:00,15.989999771118164,15.989999771118164,15.5,15.5,4830,0.0,0.0
2021-06-07 00:00:00+03:00,15.59000015258789,15.680000305175781,15.59000015258789,15.680000305175781,11305,0.0,0.0
2021-06-08 00:00:00+03:00,15.359999656677246,15.699999809265137,15.359999656677246,15.699999809265137,11870,0.0,0.0
2021-06-09 00:00:00+03:00,15.699999809265137,15.699999809265137,15.5,15.5,2233,0.0,0.0
2021-06-10 00:00:00+03:00,15.229999542236328,15.229999542236328,14.989999771118164,15.149999618530273,7311,0.0,0.0
2021-06-11 00:00:00+03:00,15.149999618530273,15.5,14.510000228881836,15.0,8125,0.0,0.0
2021-06-14 00:00:00+03:00,15.0,15.0,14.75,14.75,7278,0.0,0.0
2021-06-15 00:00:00+03:00,14.75,14.75,14.75,14.75,9409,0.0,0.0
2021-06-16 00:00:00+03:00,14.75,15.0,14.75,15.0,9287,0.0,0.0
2021-06-17 00:00:00+03:00,14.75,14.75,14.5,14.5,4734,0.0,0.0
2021-06-18 00:00:00+03:00,14.5,14.550000190734863,14.5,14.5,6142,0.0,0.0
2021-06-21 00:00:00+03:00,14.25,14.260000228881836,14.25,14.25,9144,0.0,0.0
2021-06-22 00:00:00+03:00,14.199999809265137,14.199999809265137,14.199999809265137,14.199999809265137,6858,0.0,0.0
2021-06-23 00:00:00+03:00,14.199999809265137,14.199999809265137,14.029999732971191,14.199999809265137,5681,0.0,0.0
2021-06-24 00:00:00+03:00,14.579999923706055,14.600000381469727,14.579999923706055,14.600000381469727,3356,0.0,0.0
2021-06-25 00:00:00+03:00,14.779999732971191,14.779999732971191,14.130000114440918,14.529999732971191,3805,0.0,0.0
2021-06-28 00:00:00+03:00,14.529999732971191,15.979999542236328,13.510000228881836,15.5,43076,0.0,0.0
2021-06-29 00:00:00+03:00,15.550000190734863,15.550000190734863,15.010000228881836,15.010000228881836,16265,0.0,0.0
2021-06-30 00:00:00+03:00,15.010000228881836,15.010000228881836,15.0,15.0,7527,0.0,0.0
2021-07-01 00:00:00+03:00,15.010000228881836,15.199999809265137,15.010000228881836,15.199999809265137,6575,0.0,0.0
2021-07-02 00:00:00+03:00,15.0,16.719999313354492,15.0,16.719999313354492,34731,0.0,0.0
2021-07-05 00:00:00+03:00,16.719999313354492,16.979999542236328,16.719999313354492,16.979999542236328,37519,0.0,0.0
2021-07-06 00:00:00+03:00,17.200000762939453,17.5,17.010000228881836,17.010000228881836,18368,0.0,0.0
2021-07-07 00:00:00+03:00,17.479999542236328,17.989999771118164,17.200000762939453,17.700000762939453,20349,0.0,0.0
2021-07-08 00:00:00+03:00,17.700000762939453,17.700000762939453,17.700000762939453,17.700000762939453,17332,0.0,0.0
2021-07-09 00:00:00+03:00,17.229999542236328,17.229999542236328,16.5,17.0,11702,0.0,0.0
2021-07-12 00:00:00+03:00,17.0,17.0,16.610000610351562,16.610000610351562,1766,0.0,0.0
2021-07-13 00:00:00+03:00,16.329999923706055,16.329999923706055,15.800000190734863,15.989999771118164,3608,0.0,0.0
2021-07-14 00:00:00+03:00,15.989999771118164,16.0,15.989999771118164,16.0,7622,0.0,0.0
2021-07-16 00:00:00+03:00,16.0,17.600000381469727,15.850000381469727,17.0,11574,0.0,0.0
2021-07-19 00:00:00+03:00,17.0,17.0,16.889999389648438,16.889999389648438,5505,0.0,0.0
2021-07-26 00:00:00+03:00,17.040000915527344,17.350000381469727,17.040000915527344,17.200000762939453,16791,0.0,0.0
2021-07-27 00:00:00+03:00,17.200000762939453,17.200000762939453,16.0,16.0,6708,0.0,0.0
2021-07-28 00:00:00+03:00,16.0,16.5,16.0,16.0,15106,0.0,0.0
2021-07-29 00:00:00+03:00,15.699999809265137,15.899999618530273,15.699999809265137,15.800000190734863,9331,0.0,0.0
2021-07-30 00:00:00+03:00,15.600000381469727,15.600000381469727,15.5600004196167,15.5600004196167,12910,0.0,0.0
2021-08-02 00:00:00+03:00,15.5,15.5,14.550000190734863,15.399999618530273,11844,0.0,0.0
2021-08-03 00:00:00+03:00,15.25,15.25,15.100000381469727,15.100000381469727,13962,0.0,0.0
2021-08-04 00:00:00+03:00,15.449999809265137,15.800000190734863,14.399999618530273,15.4399995803833,13484,0.0,0.0
2021-08-05 00:00:00+03:00,15.020000457763672,15.020000457763672,14.600000381469727,15.020000457763672,13981,0.0,0.0
2021-08-06 00:00:00+03:00,15.010000228881836,15.010000228881836,14.989999771118164,14.989999771118164,4304,0.0,0.0
2021-08-09 00:00:00+03:00,14.989999771118164,14.989999771118164,14.970000267028809,14.970000267028809,5846,0.0,0.0
2021-08-10 00:00:00+03:00,14.949999809265137,14.949999809265137,14.84000015258789,14.84000015258789,11160,0.0,0.0
2021-08-11 00:00:00+03:00,14.84000015258789,14.84000015258789,14.5,14.75,8684,0.0,0.0
2021-08-12 00:00:00+03:00,14.75,14.850000381469727,14.75,14.850000381469727,11526,0.0,0.0
2021-08-13 00:00:00+03:00,14.460000038146973,14.84000015258789,14.460000038146973,14.699999809265137,6891,0.0,0.0
2021-08-16 00:00:00+03:00,14.850000381469727,14.850000381469727,14.84000015258789,14.850000381469727,12485,0.0,0.0
2021-08-17 00:00:00+03:00,15.050000190734863,15.399999618530273,15.050000190734863,15.399999618530273,4127,0.0,0.0
2021-08-18 00:00:00+03:00,15.600000381469727,16.899999618530273,15.600000381469727,16.0,22415,0.0,0.0
2021-08-19 00:00:00+03:00,15.5,15.5,15.5,15.5,18745,0.0,0.0
2021-08-20 00:00:00+03:00,15.5,15.5,15.350000381469727,15.350000381469727,7332,0.0,0.0
2021-08-23 00:00:00+03:00,15.350000381469727,15.350000381469727,14.949999809265137,14.949999809265137,16065,0.0,0.0
2021-08-24 00:00:00+03:00,15.0,15.0,14.75,14.899999618530273,7323,0.0,0.0
2021-08-25 00:00:00+03:00,14.899999618530273,14.899999618530273,14.550000190734863,14.899999618530273,4962,0.0,0.0
2021-08-26 00:00:00+03:00,14.899999618530273,14.899999618530273,14.899999618530273,14.899999618530273,5148,0.0,0.0
2021-08-27 00:00:00+03:00,14.899999618530273,14.899999618530273,14.5,14.789999961853027,7203,0.0,0.0
2021-08-31 00:00:00+03:00,14.8100004196167,15.5,14.8100004196167,15.5,15364,0.0,0.0
2021-09-01 00:00:00+03:00,15.5,15.5,14.989999771118164,14.989999771118164,21989,0.0,0.0
2021-09-02 00:00:00+03:00,14.989999771118164,14.989999771118164,14.960000038146973,14.960000038146973,15260,0.0,0.0
2021-09-03 00:00:00+03:00,14.949999809265137,14.949999809265137,14.520000457763672,14.880000114440918,15183,0.0,0.0
2021-09-06 00:00:00+03:00,14.75,14.75,14.420000076293945,14.75,13907,0.0,0.0
2021-09-07 00:00:00+03:00,14.75,14.779999732971191,13.279999732971191,13.279999732971191,15894,0.0,0.0
2021-09-08 00:00:00+03:00,12.199999809265137,14.199999809265137,12.199999809265137,14.199999809265137,70853,0.0,0.0
2021-09-09 00:00:00+03:00,13.84000015258789,13.84000015258789,13.800000190734863,13.800000190734863,16067,0.0,0.0
2021-09-10 00:00:00+03:00,13.319999694824219,13.800000190734863,13.319999694824219,13.800000190734863,9170,0.0,0.0
2021-09-13 00:00:00+03:00,14.0,14.0,13.140000343322754,13.449999809265137,14150,0.0,0.0
2021-09-14 00:00:00+03:00,13.449999809265137,13.449999809265137,13.449999809265137,13.449999809265137,6853,0.0,0.0
2021-09-15 00:00:00+03:00,13.300000190734863,13.300000190734863,13.100000381469727,13.100000381469727,9014,0.0,0.0
2021-09-16 00:00:00+03:00,13.100000381469727,13.100000381469727,12.4399995803833,13.100000381469727,8886,0.0,0.0
2021-09-17 00:00:00+03:00,13.0,13.0,12.5,12.5,24003,0.0,0.0
2021-09-20 00:00:00+03:00,12.5,12.5,12.470000267028809,12.470000267028809,28754,0.0,0.0
2021-09-21 00:00:00+03:00,12.470000267028809,12.470000267028809,12.34000015258789,12.34000015258789,8942,0.0,0.0
2021-09-22 00:00:00+03:00,12.34000015258789,12.34000015258789,11.899999618530273,12.0,29862,0.0,0.0
2021-09-23 00:00:00+03:00,12.699999809265137,13.0,12.699999809265137,12.989999771118164,35816,0.0,0.0
2021-09-24 00:00:00+03:00,13.0,13.0,12.800000190734863,13.0,41859,0.0,0.0
2021-09-27 00:00:00+03:00,13.5,14.300000190734863,13.5,14.300000190734863,45621,0.0,0.0
2021-09-28 00:00:00+03:00,14.300000190734863,14.399999618530273,14.300000190734863,14.399999618530273,30222,0.0,0.0
2021-09-29 00:00:00+03:00,14.399999618530273,14.479999542236328,14.399999618530273,14.479999542236328,30241,0.0,0.0
2021-09-30 00:00:00+03:00,14.5,14.920000076293945,14.5,14.920000076293945,33825,0.0,0.0
2021-10-01 00:00:00+03:00,15.0,15.020000457763672,15.0,15.020000457763672,20670,0.0,0.0
2021-10-04 00:00:00+03:00,15.199999809265137,15.399999618530273,15.199999809265137,15.199999809265137,26907,0.0,0.0
2021-10-05 00:00:00+03:00,15.199999809265137,15.5,15.1899995803833,15.399999618530273,27919,0.0,0.0
2021-10-06 00:00:00+03:00,15.600000381469727,15.600000381469727,14.800000190734863,14.800000190734863,19576,0.0,0.0
2021-10-07 00:00:00+03:00,15.1899995803833,15.1899995803833,14.800000190734863,14.800000190734863,37374,0.0,0.0
2021-10-08 00:00:00+03:00,15.0,15.100000381469727,14.5,14.5,58122,0.0,0.0
2021-10-11 00:00:00+03:00,14.800000190734863,14.800000190734863,14.5,14.5,15318,0.0,0.0
2021-10-12 00:00:00+03:00,14.300000190734863,14.789999961853027,14.300000190734863,14.789999961853027,18286,0.0,0.0
2021-10-13 00:00:00+03:00,14.789999961853027,14.789999961853027,14.649999618530273,14.649999618530273,4235,0.0,0.0
2021-10-14 00:00:00+03:00,14.489999771118164,14.5,14.300000190734863,14.5,7881,0.0,0.0
2021-10-15 00:00:00+03:00,14.649999618530273,14.649999618530273,14.449999809265137,14.449999809265137,4504,0.0,0.0
2021-10-18 00:00:00+03:00,14.5,14.600000381469727,13.010000228881836,14.600000381469727,6603,0.0,0.0
2021-10-19 00:00:00+03:00,14.399999618530273,14.510000228881836,14.399999618530273,14.449999809265137,2489,0.0,0.0
2021-10-20 00:00:00+03:00,14.5,14.5,13.010000228881836,13.010000228881836,8449,0.0,0.0
2021-10-21 00:00:00+03:00,13.800000190734863,14.3100004196167,13.800000190734863,14.3100004196167,22393,0.0,0.0
2021-10-22 00:00:00+03:00,15.739999771118164,15.739999771118164,15.199999809265137,15.199999809265137,50444,0.0,0.0
2021-10-25 00:00:00+03:00,14.600000381469727,14.600000381469727,14.5,14.600000381469727,11548,0.0,0.0
2021-10-26 00:00:00+03:00,14.600000381469727,14.699999809265137,14.600000381469727,14.699999809265137,11113,0.0,0.0
2021-10-27 00:00:00+03:00,14.75,14.75,14.010000228881836,14.460000038146973,8254,0.0,0.0
2021-10-28 00:00:00+03:00,14.300000190734863,14.300000190734863,14.010000228881836,14.100000381469727,2324,0.0,0.0
2021-11-01 00:00:00+03:00,14.100000381469727,14.100000381469727,14.100000381469727,14.100000381469727,61448,0.0,0.0
2021-11-02 00:00:00+03:00,12.899999618530273,14.100000381469727,12.899999618530273,14.0,21490,0.0,0.0
2021-11-03 00:00:00+03:00,13.899999618530273,13.899999618530273,13.899999618530273,13.899999618530273,30581,0.0,0.0
2021-11-04 00:00:00+03:00,13.899999618530273,13.899999618530273,13.550000190734863,13.550000190734863,10536,0.0,0.0
2021-11-05 00:00:00+03:00,13.600000381469727,13.600000381469727,13.479999542236328,13.479999542236328,26008,0.0,0.0
2021-11-08 00:00:00+03:00,13.479999542236328,13.479999542236328,13.399999618530273,13.399999618530273,17013,0.0,0.0
2021-11-09 00:00:00+03:00,13.399999618530273,13.399999618530273,13.199999809265137,13.199999809265137,73290,0.0,0.0
2021-11-10 00:00:00+03:00,13.300000190734863,13.300000190734863,13.199999809265137,13.199999809265137,13815,0.0,0.0
2021-11-11 00:00:00+03:00,13.199999809265137,13.199999809265137,12.8100004196167,12.8100004196167,21108,0.0,0.0
2021-11-12 00:00:00+03:00,13.149999618530273,13.5,13.149999618530273,13.489999771118164,10083,0.0,0.0
2021-11-15 00:00:00+03:00,13.489999771118164,13.489999771118164,13.399999618530273,13.399999618530273,10837,0.0,0.0
2021-11-16 00:00:00+03:00,13.399999618530273,13.399999618530273,13.0,13.0,12684,0.0,0.0
2021-11-17 00:00:00+03:00,12.989999771118164,12.989999771118164,12.989999771118164,12.989999771118164,21118,0.0,0.0
2021-11-18 00:00:00+03:00,13.199999809265137,13.199999809265137,12.0,13.199999809265137,29970,0.0,0.0
2021-11-19 00:00:00+03:00,12.75,13.180000305175781,12.75,13.180000305175781,20217,0.0,0.0
2021-11-22 00:00:00+03:00,13.40999984741211,13.420000076293945,13.40999984741211,13.420000076293945,19869,0.0,0.0
2021-11-23 00:00:00+03:00,13.40999984741211,13.40999984741211,12.5,12.989999771118164,20853,0.0,0.0
2021-11-24 00:00:00+03:00,12.890000343322754,12.899999618530273,12.890000343322754,12.899999618530273,37135,0.0,0.0
2021-11-25 00:00:00+03:00,12.699999809265137,13.199999809265137,12.699999809265137,13.199999809265137,16015,0.0,0.0
2021-11-26 00:00:00+03:00,13.0,13.819999694824219,13.0,13.640000343322754,32447,0.0,0.0
2021-11-29 00:00:00+03:00,15.0,15.0,14.300000190734863,14.300000190734863,46063,0.0,0.0
2021-11-30 00:00:00+03:00,14.100000381469727,14.100000381469727,13.899999618530273,13.5600004196167,16218,0.0,0.0
2021-12-01 00:00:00+03:00,13.5,13.5,13.0,13.25,14412,0.0,0.0
2021-12-02 00:00:00+03:00,13.75,13.760000228881836,13.75,13.760000228881836,27592,0.0,0.0
2021-12-03 00:00:00+03:00,13.800000190734863,13.800000190734863,13.390000343322754,13.390000343322754,32813,0.0,0.0
2021-12-06 00:00:00+03:00,13.779999732971191,13.779999732971191,13.6899995803833,13.75,23584,0.0,0.0
2021-12-07 00:00:00+03:00,13.699999809265137,13.899999618530273,13.699999809265137,13.899999618530273,30363,0.0,0.0
2021-12-08 00:00:00+03:00,14.0,14.0,13.800000190734863,13.800000190734863,27346,0.0,0.0
2021-12-09 00:00:00+03:00,13.770000457763672,13.770000457763672,13.699999809265137,13.699999809265137,13302,0.0,0.0
2021-12-10 00:00:00+03:00,13.550000190734863,13.710000038146973,13.520000457763672,13.710000038146973,26892,0.0,0.0
2021-12-13 00:00:00+03:00,14.180000305175781,14.180000305175781,13.899999618530273,13.899999618530273,35953,0.0,0.0
2021-12-14 00:00:00+03:00,13.800000190734863,13.800000190734863,13.800000190734863,13.800000190734863,22559,0.0,0.0
2021-12-15 00:00:00+03:00,13.949999809265137,13.949999809265137,13.75,13.75,20736,0.0,0.0
2021-12-16 00:00:00+03:00,13.699999809265137,13.699999809265137,13.649999618530273,13.649999618530273,14498,0.0,0.0
2021-12-17 00:00:00+03:00,13.5,13.5,13.010000228881836,13.010000228881836,36876,0.0,0.0
2021-12-20 00:00:00+03:00,13.010000228881836,13.010000228881836,11.710000038146973,11.899999618530273,20606,0.0,0.0
2021-12-21 00:00:00+03:00,12.899999618530273,13.09000015258789,12.800000190734863,13.09000015258789,37556,0.0,0.0
2021-12-22 00:00:00+03:00,13.100000381469727,13.199999809265137,13.100000381469727,13.119999885559082,11183,0.0,0.0
2021-12-23 00:00:00+03:00,13.270000457763672,13.270000457763672,13.0,13.0,16943,0.0,0.0
2021-12-24 00:00:00+03:00,13.079999923706055,13.079999923706055,12.800000190734863,12.800000190734863,11050,0.0,0.0
2021-12-27 00:00:00+03:00,12.75,12.75,12.600000381469727,12.600000381469727,12667,0.0,0.0
2021-12-28 00:00:00+03:00,12.619999885559082,12.729999542236328,12.300000190734863,12.5,10641,0.0,0.0
2021-12-29 00:00:00+03:00,13.75,13.75,12.5,12.600000381469727,12148,0.0,0.0
2021-12-30 00:00:00+03:00,13.050000190734863,13.050000190734863,13.010000228881836,13.010000228881836,19783,0.0,0.0
2021-12-31 00:00:00+03:00,13.010000228881836,13.010000228881836,12.800000190734863,12.989999771118164,6337,0.0,0.0
2022-01-03 00:00:00+03:00,12.989999771118164,13.199999809265137,12.989999771118164,13.199999809265137,17470,0.0,0.0
2022-01-04 00:00:00+03:00,13.199999809265137,13.199999809265137,12.680000305175781,13.100000381469727,7710,0.0,0.0
2022-01-05 00:00:00+03:00,12.850000381469727,13.0,12.850000381469727,12.850000381469727,10959,0.0,0.0
2022-01-06 00:00:00+03:00,12.850000381469727,13.100000381469727,12.850000381469727,13.100000381469727,11438,0.0,0.0
2022-01-07 00:00:00+03:00,13.100000381469727,13.100000381469727,12.119999885559082,12.479999542236328,16371,0.0,0.0
2022-01-10 00:00:00+03:00,12.779999732971191,12.779999732971191,12.649999618530273,12.720000267028809,14898,0.0,0.0
2022-01-11 00:00:00+03:00,12.760000228881836,12.760000228881836,12.550000190734863,12.699999809265137,7658,0.0,0.0
2022-01-12 00:00:00+03:00,12.550000190734863,12.550000190734863,12.300000190734863,12.300000190734863,89130,0.0,0.0
2022-01-13 00:00:00+03:00,12.300000190734863,12.84000015258789,11.90999984741211,12.84000015258789,41377,0.0,0.0
2022-01-14 00:00:00+03:00,13.15999984741211,13.15999984741211,12.979999542236328,12.979999542236328,19898,0.0,0.0
2022-01-17 00:00:00+03:00,13.0,13.0,12.300000190734863,13.0,18961,0.0,0.0
2022-01-18 00:00:00+03:00,12.850000381469727,12.850000381469727,12.850000381469727,12.850000381469727,4097,0.0,0.0
2022-01-19 00:00:00+03:00,12.850000381469727,13.0,12.850000381469727,13.0,26124,0.0,0.0
2022-01-20 00:00:00+03:00,12.989999771118164,12.989999771118164,12.949999809265137,12.949999809265137,9652,0.0,0.0
2022-01-21 00:00:00+03:00,12.890000343322754,13.0,12.800000190734863,12.899999618530273,18208,0.0,0.0
2022-01-24 00:00:00+03:00,12.899999618530273,12.899999618530273,12.729999542236328,12.729999542236328,8566,0.0,0.0
2022-01-25 00:00:00+03:00,12.979999542236328,13.210000038146973,12.979999542236328,13.210000038146973,23308,0.0,0.0
2022-01-26 00:00:00+03:00,13.300000190734863,13.399999618530273,13.300000190734863,13.300000190734863,27123,0.0,0.0
2022-01-27 00:00:00+03:00,13.199999809265137,13.399999618530273,13.149999618530273,13.399999618530273,20086,0.0,0.0
2022-01-28 00:00:00+03:00,13.390000343322754,13.600000381469727,13.390000343322754,13.449999809265137,24696,0.0,0.0
2022-01-31 00:00:00+03:00,13.5,13.649999618530273,13.5,13.649999618530273,30838,0.0,0.0
2022-02-01 00:00:00+03:00,13.949999809265137,14.3100004196167,13.949999809265137,14.3100004196167,37096,0.0,0.0
2022-02-02 00:00:00+03:00,15.479999542236328,15.739999771118164,15.479999542236328,15.739999771118164,75917,0.0,0.0
2022-02-03 00:00:00+03:00,16.489999771118164,17.239999771118164,16.489999771118164,17.049999237060547,80183,0.0,0.0
2022-02-04 00:00:00+03:00,16.8799991607666,16.8799991607666,16.0,16.0,44219,0.0,0.0
2022-02-07 00:00:00+03:00,15.800000190734863,15.800000190734863,15.149999618530273,15.40999984741211,42641,0.0,0.0
2022-02-08 00:00:00+03:00,15.40999984741211,16.93000030517578,15.40999984741211,16.93000030517578,36966,0.0,0.0
2022-02-09 00:00:00+03:00,18.5,18.5,17.399999618530273,17.399999618530273,59928,0.0,0.0
2022-02-10 00:00:00+03:00,17.5,17.559999465942383,17.399999618530273,17.559999465942383,56693,0.0,0.0
2022-02-11 00:00:00+03:00,17.559999465942383,18.0,17.559999465942383,18.0,27124,0.0,0.0
2022-02-14 00:00:00+03:00,19.56999969482422,19.56999969482422,19.290000915527344,19.290000915527344,58463,0.0,0.0
2022-02-15 00:00:00+03:00,19.25,19.25,18.34000015258789,18.34000015258789,35228,0.0,0.0
2022-02-16 00:00:00+03:00,18.1299991607666,18.950000762939453,18.1299991607666,18.950000762939453,22218,0.0,0.0
2022-02-17 00:00:00+03:00,19.059999465942383,19.649999618530273,19.059999465942383,19.649999618530273,27701,0.0,0.0
2022-02-18 00:00:00+03:00,21.579999923706055,21.579999923706055,21.059999465942383,21.059999465942383,50258,0.0,0.0
2022-02-21 00:00:00+03:00,19.600000381469727,22.5,19.600000381469727,22.0,66361,0.0,0.0
2022-02-22 00:00:00+03:00,22.0,22.0,19.799999237060547,19.799999237060547,29900,0.0,0.0
2022-02-23 00:00:00+03:00,17.81999969482422,17.81999969482422,17.81999969482422,17.81999969482422,44442,0.0,0.0
2022-02-24 00:00:00+03:00,16.040000915527344,16.040000915527344,16.040000915527344,16.040000915527344,6122,0.0,0.0
2022-02-25 00:00:00+03:00,15.199999809265137,17.280000686645508,15.199999809265137,17.280000686645508,40487,0.0,0.0
2022-02-28 00:00:00+03:00,16.860000610351562,17.489999771118164,16.200000762939453,17.489999771118164,27628,0.0,0.0
2022-03-01 00:00:00+03:00,18.100000381469727,18.5,18.100000381469727,18.100000381469727,18933,0.0,0.0
2022-03-02 00:00:00+03:00,18.100000381469727,18.399999618530273,18.100000381469727,18.399999618530273,30486,0.0,0.0
2022-03-03 00:00:00+03:00,17.90999984741211,18.399999618530273,17.90999984741211,18.0,7334,0.0,0.0
2022-03-04 00:00:00+03:00,18.0,18.0,17.56999969482422,17.56999969482422,10299,0.0,0.0
2022-03-07 00:00:00+03:00,16.709999084472656,17.110000610351562,16.600000381469727,16.600000381469727,17842,0.0,0.0
2022-03-08 00:00:00+03:00,17.0,17.0,16.649999618530273,16.989999771118164,22274,0.0,0.0
2022-03-09 00:00:00+03:00,17.5,17.5,15.300000190734863,16.600000381469727,29872,0.0,0.0
2022-03-10 00:00:00+03:00,16.600000381469727,17.0,16.600000381469727,17.0,28004,0.0,0.0
2022-03-11 00:00:00+03:00,17.0,17.5,17.0,17.5,17024,0.0,0.0
2022-03-14 00:00:00+03:00,18.0,18.0,16.809999465942383,17.5,19317,0.0,0.0
2022-03-15 00:00:00+03:00,17.979999542236328,17.979999542236328,16.5,16.989999771118164,11213,0.0,0.0
2022-03-16 00:00:00+03:00,16.510000228881836,17.020000457763672,16.399999618530273,16.399999618530273,15739,0.0,0.0
2022-03-17 00:00:00+03:00,16.399999618530273,16.399999618530273,15.880000114440918,15.880000114440918,27463,0.0,0.0
2022-03-18 00:00:00+03:00,16.600000381469727,16.600000381469727,15.880000114440918,15.880000114440918,24286,0.0,0.0
2022-03-21 00:00:00+03:00,16.0,16.0,14.989999771118164,15.039999961853027,69816,0.0,0.0
2022-03-22 00:00:00+03:00,14.770000457763672,14.800000190734863,14.5,14.75,35710,0.0,0.0
2022-03-23 00:00:00+03:00,13.699999809265137,13.699999809265137,13.680000305175781,13.699999809265137,109645,0.0,0.0
2022-03-24 00:00:00+03:00,13.699999809265137,15.069999694824219,13.699999809265137,15.069999694824219,157423,0.0,0.0
2022-03-25 00:00:00+03:00,16.56999969482422,16.56999969482422,16.56999969482422,16.56999969482422,33549,0.0,0.0
2022-03-28 00:00:00+03:00,18.209999084472656,18.219999313354492,18.209999084472656,18.219999313354492,43357,0.0,0.0
2022-03-29 00:00:00+03:00,19.31999969482422,19.809999465942383,19.31999969482422,19.809999465942383,34219,0.0,0.0
2022-03-30 00:00:00+03:00,19.799999237060547,19.950000762939453,19.799999237060547,19.899999618530273,108406,0.0,0.0
2022-03-31 00:00:00+03:00,19.899999618530273,19.899999618530273,18.829999923706055,18.829999923706055,19884,0.0,0.0
2022-04-01 00:00:00+03:00,18.5,18.5,18.5,18.5,32823,0.0,0.0
2022-04-04 00:00:00+03:00,19.200000762939453,19.479999542236328,19.200000762939453,19.479999542236328,26534,0.0,0.0
2022-04-05 00:00:00+03:00,20.399999618530273,20.399999618530273,20.0,20.0,46287,0.0,0.0
2022-04-06 00:00:00+03:00,18.0,20.5,18.0,20.0,53276,0.0,0.0
2022-04-07 00:00:00+03:00,20.559999465942383,20.559999465942383,20.5,20.5,17851,0.0,0.0
2022-04-08 00:00:00+03:00,21.0,21.0,21.0,21.0,22378,0.0,0.0
2022-04-11 00:00:00+03:00,21.0,21.0,21.0,21.0,36009,0.0,0.0
2022-04-12 00:00:00+03:00,21.0,21.0,20.0,20.200000762939453,20014,0.0,0.0
2022-04-13 00:00:00+03:00,21.420000076293945,21.420000076293945,20.0,20.639999389648438,38443,0.0,0.0
2022-04-14 00:00:00+03:00,20.639999389648438,20.639999389648438,20.020000457763672,20.639999389648438,25234,0.0,0.0
2022-04-15 00:00:00+03:00,21.5,21.600000381469727,21.5,21.600000381469727,33228,0.0,0.0
2022-04-18 00:00:00+03:00,22.0,22.799999237060547,22.0,22.799999237060547,38587,0.0,0.0
2022-04-19 00:00:00+03:00,23.420000076293945,24.0,23.420000076293945,24.0,54325,0.0,0.0
2022-04-20 00:00:00+03:00,24.100000381469727,25.200000762939453,24.100000381469727,25.200000762939453,42445,0.0,0.0
2022-04-21 00:00:00+03:00,25.200000762939453,25.899999618530273,25.200000762939453,25.899999618530273,38809,0.0,0.0
2022-04-22 00:00:00+03:00,26.299999237060547,26.84000015258789,26.299999237060547,26.639999389648438,36033,0.0,0.0
2022-04-25 00:00:00+03:00,26.639999389648438,27.100000381469727,26.639999389648438,27.100000381469727,65929,0.0,0.0
2022-04-26 00:00:00+03:00,27.100000381469727,27.5,27.100000381469727,27.299999237060547,43021,0.0,0.0
2022-04-27 00:00:00+03:00,28.139999389648438,28.139999389648438,25.100000381469727,25.100000381469727,68368,0.0,0.0
2022-04-28 00:00:00+03:00,23.299999237060547,25.0,23.299999237060547,25.0,42176,0.0,0.0
2022-04-29 00:00:00+03:00,26.5,27.299999237060547,26.5,27.299999237060547,32617,0.0,0.0
2022-05-05 00:00:00+03:00,28.520000457763672,28.520000457763672,28.520000457763672,28.520000457763672,27155,0.0,0.0
2022-05-06 00:00:00+03:00,28.0,28.0,25.68000030517578,26.020000457763672,35131,0.0,0.0
2022-05-09 00:00:00+03:00,26.0,26.0,25.899999618530273,25.899999618530273,23362,0.0,0.0
2022-05-10 00:00:00+03:00,27.399999618530273,27.399999618530273,27.399999618530273,27.399999618530273,1518,0.0,0.0
2022-05-11 00:00:00+03:00,27.0,27.0,26.0,26.0,51282,0.0,0.0
2022-05-12 00:00:00+03:00,26.0,26.0,23.399999618530273,23.639999389648438,35348,0.0,0.0
2022-05-13 00:00:00+03:00,23.639999389648438,23.639999389648438,23.639999389648438,23.639999389648438,32540,0.0,0.0
2022-05-16 00:00:00+03:00,25.0,25.0,24.68000030517578,24.68000030517578,20629,0.0,0.0
2022-05-17 00:00:00+03:00,27.139999389648438,27.139999389648438,25.739999771118164,26.5,17601,0.0,0.0
2022-05-18 00:00:00+03:00,26.5,26.5,24.600000381469727,25.479999542236328,23982,0.0,0.0
2022-05-20 00:00:00+03:00,25.799999237060547,25.799999237060547,22.940000534057617,23.6200008392334,14183,0.0,0.0
2022-05-23 00:00:00+03:00,25.0,25.0,24.0,24.0,33242,0.0,0.0
2022-05-24 00:00:00+03:00,24.399999618530273,24.399999618530273,23.5,23.5,29601,0.0,0.0
2022-05-25 00:00:00+03:00,22.700000762939453,22.700000762939453,22.700000762939453,22.700000762939453,36002,0.0,0.0
2022-05-26 00:00:00+03:00,22.799999237060547,23.700000762939453,22.799999237060547,23.700000762939453,17156,0.0,0.0
2022-05-27 00:00:00+03:00,24.739999771118164,25.399999618530273,24.739999771118164,25.399999618530273,30016,0.0,0.0
2022-05-30 00:00:00+03:00,27.5,27.5,23.360000610351562,24.0,69096,0.0,0.0
2022-05-31 00:00:00+03:00,23.8799991607666,24.0,23.8799991607666,24.0,49872,0.0,0.0
2022-06-01 00:00:00+03:00,24.0,24.0,23.700000762939453,23.700000762939453,25794,0.0,0.0
2022-06-02 00:00:00+03:00,24.0,24.5,24.0,24.5,20786,0.0,0.0
2022-06-03 00:00:00+03:00,24.5,26.5,24.5,25.6200008392334,19539,0.0,0.0
2022-06-06 00:00:00+03:00,26.84000015258789,27.1200008392334,26.84000015258789,27.1200008392334,45588,0.0,0.0
2022-06-07 00:00:00+03:00,27.65999984741211,27.65999984741211,26.520000457763672,26.520000457763672,18842,0.0,0.0
2022-06-08 00:00:00+03:00,27.040000915527344,27.040000915527344,26.959999084472656,26.959999084472656,27459,0.0,0.0
2022-06-09 00:00:00+03:00,27.040000915527344,27.040000915527344,25.739999771118164,26.0,17800,0.0,0.0
2022-06-10 00:00:00+03:00,26.0,26.899999618530273,26.0,26.8799991607666,19822,0.0,0.0
2022-06-13 00:00:00+03:00,27.020000457763672,27.020000457763672,25.540000915527344,25.540000915527344,25295,0.0,0.0
2022-06-14 00:00:00+03:00,26.899999618530273,26.899999618530273,25.540000915527344,25.540000915527344,17078,0.0,0.0
2022-06-15 00:00:00+03:00,26.5,26.739999771118164,25.540000915527344,26.739999771118164,19666,0.0,0.0
2022-06-16 00:00:00+03:00,26.700000762939453,26.780000686645508,26.700000762939453,26.780000686645508,23208,0.0,0.0
2022-06-17 00:00:00+03:00,27.079999923706055,27.15999984741211,27.020000457763672,27.15999984741211,15636,0.0,0.0
2022-06-20 00:00:00+03:00,27.5,27.5,25.0,25.0,31735,0.0,0.0
2022-06-21 00:00:00+03:00,24.899999618530273,26.260000228881836,24.899999618530273,26.260000228881836,21502,0.0,0.0
2022-06-22 00:00:00+03:00,26.799999237060547,28.5,26.799999237060547,28.5,1143390,0.0,0.0
2022-06-23 00:00:00+03:00,28.5,28.559999465942383,27.65999984741211,27.65999984741211,32312,0.0,0.0
2022-06-24 00:00:00+03:00,26.5,27.5,26.5,26.700000762939453,39280,0.0,0.0
2022-06-27 00:00:00+03:00,25.5,27.799999237060547,25.5,27.799999237060547,3063337,0.0,0.0
2022-06-28 00:00:00+03:00,28.200000762939453,28.200000762939453,27.799999237060547,27.799999237060547,20056,0.0,0.0
2022-06-29 00:00:00+03:00,28.0,28.0,26.5,26.520000457763672,1191487,0.0,0.0
2022-06-30 00:00:00+03:00,27.979999542236328,28.0,25.0,27.940000534057617,1451263,0.0,0.0
2022-07-01 00:00:00+03:00,27.5,27.979999542236328,27.5,27.65999984741211,14145,0.0,0.0
2022-07-04 00:00:00+03:00,27.639999389648438,27.639999389648438,27.200000762939453,27.200000762939453,18776,0.0,0.0
2022-07-05 00:00:00+03:00,27.719999313354492,27.719999313354492,25.5,27.5,23248,0.0,0.0
2022-07-06 00:00:00+03:00,27.5,27.600000381469727,27.440000534057617,27.600000381469727,31133,0.0,0.0
2022-07-07 00:00:00+03:00,29.5,29.5,28.5,28.5,29655,0.0,0.0
2022-07-08 00:00:00+03:00,29.0,29.0,28.0,28.0,3867,0.0,0.0
2022-07-13 00:00:00+03:00,28.0,28.0,27.899999618530273,27.899999618530273,9077,0.0,0.0
2022-07-14 00:00:00+03:00,27.520000457763672,28.200000762939453,27.520000457763672,28.200000762939453,24398,0.0,0.0
2022-07-18 00:00:00+03:00,29.0,29.0,29.0,29.0,32707,0.0,0.0
2022-07-19 00:00:00+03:00,29.5,30.0,29.5,30.0,35938,0.0,0.0
2022-07-20 00:00:00+03:00,30.0,30.6200008392334,30.0,30.6200008392334,27972,0.0,0.0
2022-07-21 00:00:00+03:00,30.6200008392334,31.5,30.6200008392334,31.5,18431,0.0,0.0
2022-07-22 00:00:00+03:00,32.02000045776367,32.47999954223633,32.02000045776367,32.47999954223633,44774,0.0,0.0
2022-07-25 00:00:00+03:00,29.239999771118164,30.0,29.239999771118164,30.0,244021,0.0,0.0
2022-07-26 00:00:00+03:00,29.5,31.399999618530273,29.5,31.399999618530273,371528,0.0,0.0
2022-07-27 00:00:00+03:00,33.900001525878906,33.900001525878906,32.439998626708984,32.439998626708984,47361,0.0,0.0
2022-07-28 00:00:00+03:00,32.5,33.29999923706055,32.31999969482422,32.31999969482422,113742,0.0,0.0
2022-07-29 00:00:00+03:00,31.0,32.0,31.0,32.0,229283,0.0,0.0
2022-08-01 00:00:00+03:00,31.0,32.5,31.0,32.5,125375,0.0,0.0
2022-08-02 00:00:00+03:00,30.200000762939453,35.0,30.200000762939453,33.0,21423,0.0,0.0
2022-08-03 00:00:00+03:00,34.0,34.5,33.959999084472656,34.5,21691,0.0,0.0
2022-08-04 00:00:00+03:00,35.97999954223633,36.0,35.97999954223633,36.0,33158,0.0,0.0
2022-08-05 00:00:00+03:00,36.41999816894531,36.41999816894531,36.0,36.41999816894531,23340,0.0,0.0
2022-08-08 00:00:00+03:00,35.5,36.400001525878906,35.5,36.400001525878906,25777,0.0,0.0
2022-08-09 00:00:00+03:00,36.400001525878906,36.400001525878906,34.47999954223633,35.02000045776367,1061349,0.0,0.0
2022-08-10 00:00:00+03:00,36.400001525878906,36.400001525878906,35.02000045776367,35.220001220703125,23159,0.0,0.0
2022-08-11 00:00:00+03:00,35.20000076293945,35.20000076293945,34.0,34.0,24927,0.0,0.0
2022-08-12 00:00:00+03:00,33.97999954223633,34.97999954223633,33.099998474121094,34.97999954223633,1054867,0.0,0.0
2022-08-15 00:00:00+03:00,34.97999954223633,34.97999954223633,34.47999954223633,34.47999954223633,17253,0.0,0.0
2022-08-16 00:00:00+03:00,34.5,34.5,34.0,34.0,25524,0.0,0.0
2022-08-17 00:00:00+03:00,35.0,35.0,32.560001373291016,35.0,20706,0.0,0.0
2022-08-18 00:00:00+03:00,35.0,35.79999923706055,35.0,35.79999923706055,1290031,0.0,0.0
2022-08-19 00:00:00+03:00,36.0,36.0,33.97999954223633,34.97999954223633,176807,0.0,0.0
2022-08-22 00:00:00+03:00,34.97999954223633,35.0,34.97999954223633,34.97999954223633,26616,0.0,0.0
2022-08-23 00:00:00+03:00,34.97999954223633,35.0,34.97999954223633,35.0,897404,0.0,0.0
2022-08-24 00:00:00+03:00,35.0,35.0,33.20000076293945,34.099998474121094,10748,0.0,0.0
2022-08-25 00:00:00+03:00,34.099998474121094,35.18000030517578,34.099998474121094,35.15999984741211,26188,0.0,0.0
2022-08-26 00:00:00+03:00,35.15999984741211,35.15999984741211,33.29999923706055,33.29999923706055,856933,0.0,0.0
2022-08-29 00:00:00+03:00,36.439998626708984,36.439998626708984,36.0,36.0,54895,0.0,0.0
2022-08-31 00:00:00+03:00,35.900001525878906,39.400001525878906,35.900001525878906,39.380001068115234,50760,0.0,0.0
2022-09-01 00:00:00+03:00,39.380001068115234,39.380001068115234,39.380001068115234,39.380001068115234,0,0.0,0.0
2022-09-02 00:00:00+03:00,40.400001525878906,40.5,40.0,40.400001525878906,564292,0.0,0.0
2022-09-05 00:00:00+03:00,39.5,40.29999923706055,39.5,40.0,20864,0.0,0.0
2022-09-06 00:00:00+03:00,40.0,40.5,40.0,40.0,32281,0.0,0.0
2022-09-07 00:00:00+03:00,40.5,40.599998474121094,40.400001525878906,40.400001525878906,272352,0.0,0.0
2022-09-08 00:00:00+03:00,42.0,43.5,42.0,43.0,293124,0.0,0.0
2022-09-09 00:00:00+03:00,45.0,46.5,45.0,46.5,104794,0.0,0.0
2022-09-12 00:00:00+03:00,46.400001525878906,46.400001525878906,45.0,45.0,101228,0.0,0.0
2022-09-13 00:00:00+03:00,43.900001525878906,43.900001525878906,43.5,43.5,31703,0.0,0.0
2022-09-14 00:00:00+03:00,43.47999954223633,43.47999954223633,40.040000915527344,41.02000045776367,45696,0.0,0.0
2022-09-15 00:00:00+03:00,44.040000915527344,44.040000915527344,44.040000915527344,44.040000915527344,73778,0.0,0.0
2022-09-16 00:00:00+03:00,47.0,47.0,46.959999084472656,46.959999084472656,25339,0.0,0.0
2022-09-19 00:00:00+03:00,46.959999084472656,46.959999084472656,46.5,46.5,22355,0.0,0.0
2022-09-20 00:00:00+03:00,45.0,46.0,45.0,45.31999969482422,54463,0.0,0.0
2022-09-21 00:00:00+03:00,45.0,45.0,40.79999923706055,42.220001220703125,42666,0.0,0.0
2022-09-22 00:00:00+03:00,44.0,46.0,44.0,46.0,24847,0.0,0.0
2022-09-23 00:00:00+03:00,42.65999984741211,44.20000076293945,42.65999984741211,44.20000076293945,25559,0.0,0.0
2022-09-26 00:00:00+03:00,44.20000076293945,44.20000076293945,41.0,41.0,158062,0.0,0.0
2022-09-27 00:00:00+03:00,41.0,45.08000183105469,41.0,43.65999984741211,53451,0.0,0.0
2022-09-28 00:00:00+03:00,43.70000076293945,43.70000076293945,41.5,41.5,74891,0.0,0.0
2022-09-29 00:00:00+03:00,42.0,42.5,42.0,42.02000045776367,22420,0.0,0.0
2022-09-30 00:00:00+03:00,44.900001525878906,44.900001525878906,44.0,44.0,14828,0.0,0.0
2022-10-03 00:00:00+03:00,44.0,44.0,42.7400016784668,42.7400016784668,10905,0.0,0.0
2022-10-04 00:00:00+03:00,42.7400016784668,43.0,42.720001220703125,42.900001525878906,17239,0.0,0.0
2022-10-05 00:00:00+03:00,43.900001525878906,43.900001525878906,41.0,43.099998474121094,14718,0.0,0.0
2022-10-06 00:00:00+03:00,43.099998474121094,43.099998474121094,43.0,43.0,16237,0.0,0.0
2022-10-07 00:00:00+03:00,43.0,43.0,41.5,43.0,192951,0.0,0.0
2022-10-10 00:00:00+03:00,42.97999954223633,42.97999954223633,42.5,42.5,20411,0.0,0.0
2022-10-11 00:00:00+03:00,41.5,43.0,41.5,43.0,59219,0.0,0.0
2022-10-12 00:00:00+03:00,43.52000045776367,43.52000045776367,38.7599983215332,39.91999816894531,30978,0.0,0.0
2022-10-13 00:00:00+03:00,40.0,41.5,40.0,41.5,40482,0.0,0.0
2022-10-14 00:00:00+03:00,44.0,44.0,42.0,42.0,21078,0.0,0.0
2022-10-17 00:00:00+03:00,44.0,44.0,43.900001525878906,43.900001525878906,29113,0.0,0.0
2022-10-18 00:00:00+03:00,43.900001525878906,43.900001525878906,42.220001220703125,43.47999954223633,25122,0.0,0.0
2022-10-19 00:00:00+03:00,44.20000076293945,44.20000076293945,43.0,43.0,29534,0.0,0.0
2022-10-20 00:00:00+03:00,43.0,43.0,42.5,42.599998474121094,15071,0.0,0.0
2022-10-21 00:00:00+03:00,43.5,43.5,42.5,42.5,25211,0.0,0.0
2022-10-24 00:00:00+03:00,42.5,42.5,42.0,42.0,29815,0.0,0.0
2022-10-25 00:00:00+03:00,42.0,42.0,41.5,41.5,61753,0.0,0.0
2022-10-26 00:00:00+03:00,42.5,42.5,42.2599983215332,42.2599983215332,9869,0.0,0.0
2022-10-27 00:00:00+03:00,42.0,42.0,41.84000015258789,41.84000015258789,16905,0.0,0.0
2022-10-28 00:00:00+03:00,41.5,41.5,41.47999954223633,41.47999954223633,2948,0.0,0.0
2022-10-31 00:00:00+03:00,41.47999954223633,41.47999954223633,40.0,40.0,401073,0.0,0.0
2022-11-01 00:00:00+03:00,40.959999084472656,40.959999084472656,39.900001525878906,39.900001525878906,19721,0.0,0.0
2022-11-02 00:00:00+03:00,39.5,39.5,37.279998779296875,39.0,48212,0.0,0.0
2022-11-03 00:00:00+03:00,40.0,40.0,39.5,39.5,67270,0.0,0.0
2022-11-04 00:00:00+03:00,38.0,38.0,37.5,37.5,93930,0.0,0.0
2022-11-07 00:00:00+03:00,37.5,38.0,37.5,38.0,51231,0.0,0.0
2022-11-08 00:00:00+03:00,37.0,37.0,36.97999954223633,37.0,32214,0.0,0.0
2022-11-09 00:00:00+03:00,37.0,37.0,36.0,36.0,22996,0.0,0.0
2022-11-10 00:00:00+03:00,36.0,36.0,35.97999954223633,35.97999954223633,57514,0.0,0.0
2022-11-11 00:00:00+03:00,36.0,36.0,36.0,36.0,42440,0.0,0.0
2022-11-14 00:00:00+03:00,36.099998474121094,37.79999923706055,36.099998474121094,37.79999923706055,23996,0.0,0.0
2022-11-15 00:00:00+03:00,40.939998626708984,41.58000183105469,40.939998626708984,41.58000183105469,47601,0.0,0.0
2022-11-16 00:00:00+03:00,41.599998474121094,42.0,41.599998474121094,42.0,43605,0.0,0.0
2022-11-17 00:00:00+03:00,43.5,43.5,42.47999954223633,42.47999954223633,32886,0.0,0.0
2022-11-18 00:00:00+03:00,41.900001525878906,41.900001525878906,39.900001525878906,39.900001525878906,33563,0.0,0.0
2022-11-21 00:00:00+03:00,39.52000045776367,42.2599983215332,39.52000045776367,42.2599983215332,36452,0.0,0.0
2022-11-22 00:00:00+03:00,42.439998626708984,44.20000076293945,42.439998626708984,43.47999954223633,34693,0.0,0.0
2022-11-23 00:00:00+03:00,43.0,43.0,42.0,42.0,16304,0.0,0.0
2022-11-24 00:00:00+03:00,42.0,42.5,42.0,42.0,29070,0.0,0.0
2022-11-25 00:00:00+03:00,42.0,42.0,40.0,41.0,25089,0.0,0.0
2022-11-28 00:00:00+03:00,38.5,42.79999923706055,38.5,42.79999923706055,26644,0.0,0.0
2022-11-29 00:00:00+03:00,42.81999969482422,42.91999816894531,42.81999969482422,42.84000015258789,24088,0.0,0.0
2022-11-30 00:00:00+03:00,44.119998931884766,44.119998931884766,43.5,43.5,22928,0.0,0.0
2022-12-01 00:00:00+03:00,42.0,44.36000061035156,42.0,44.099998474121094,12191,0.0,0.0
2022-12-02 00:00:00+03:00,44.099998474121094,46.08000183105469,44.099998474121094,45.0,31343,0.0,0.0
2022-12-05 00:00:00+03:00,45.0,45.0,44.0,44.0,32319,0.0,0.0
2022-12-06 00:00:00+03:00,44.0,44.0,43.0,43.0,36827,0.0,0.0
2022-12-07 00:00:00+03:00,45.0,45.0,43.0,43.0,42143,0.0,0.0
2022-12-08 00:00:00+03:00,43.0,43.0,39.900001525878906,40.5,214163,0.0,0.0
2022-12-09 00:00:00+03:00,40.0,42.220001220703125,40.0,42.220001220703125,159624,0.0,0.0
2022-12-12 00:00:00+03:00,44.0,44.0,43.0,43.0,77415,0.0,0.0
2022-12-13 00:00:00+03:00,44.0,44.0,43.959999084472656,44.0,72248,0.0,0.0
2022-12-14 00:00:00+03:00,45.0,45.0,44.97999954223633,44.97999954223633,60834,0.0,0.0
2022-12-15 00:00:00+03:00,47.0,49.459999084472656,47.0,49.439998626708984,102927,0.0,0.0
2022-12-16 00:00:00+03:00,49.439998626708984,49.439998626708984,48.0,48.0,45705,0.0,0.0
2022-12-19 00:00:00+03:00,48.0,49.0,48.0,48.0,89040,0.0,0.0
2022-12-20 00:00:00+03:00,51.0,51.0,51.0,51.0,59206,0.0,0.0
2022-12-21 00:00:00+03:00,51.0,51.0,51.0,51.0,61122,0.0,0.0
2022-12-22 00:00:00+03:00,51.0,51.04999923706055,51.0,51.04999923706055,34427,0.0,0.0
2022-12-23 00:00:00+03:00,51.04999923706055,51.04999923706055,50.900001525878906,50.900001525878906,34359,0.0,0.0
2022-12-26 00:00:00+03:00,50.20000076293945,50.20000076293945,49.959999084472656,49.959999084472656,38205,0.0,0.0
2022-12-27 00:00:00+03:00,52.20000076293945,52.20000076293945,51.0,51.0,48011,0.0,0.0
2022-12-28 00:00:00+03:00,50.70000076293945,50.70000076293945,49.0,49.0,126316,0.0,0.0
2022-12-29 00:00:00+03:00,49.0,49.0,48.79999923706055,48.79999923706055,35041,0.0,0.0
2022-12-30 00:00:00+03:00,53.400001525878906,53.400001525878906,52.29999923706055,52.29999923706055,22720,0.0,0.0
2023-01-02 00:00:00+03:00,52.29999923706055,52.29999923706055,49.0,52.25,26054,0.0,0.0
2023-01-03 00:00:00+03:00,52.25,52.25,52.0,52.0,33989,0.0,0.0
2023-01-04 00:00:00+03:00,50.0,50.0,48.0,48.0,35155,0.0,0.0
2023-01-05 00:00:00+03:00,52.0,52.0,51.0,51.0,43725,0.0,0.0
2023-01-06 00:00:00+03:00,51.0,51.0,48.0,48.0,136481,0.0,0.0
2023-01-09 00:00:00+03:00,51.599998474121094,51.599998474121094,49.5,49.5,26863,0.0,0.0
2023-01-10 00:00:00+03:00,49.5,49.5,48.79999923706055,48.880001068115234,60713,0.0,0.0
2023-01-11 00:00:00+03:00,48.880001068115234,48.880001068115234,45.400001525878906,45.400001525878906,13982,0.0,0.0
2023-01-12 00:00:00+03:00,48.0,49.0,46.08000183105469,49.0,38818,0.0,0.0
2023-01-13 00:00:00+03:00,49.0,49.0,48.02000045776367,48.02000045776367,25046,0.0,0.0
2023-01-16 00:00:00+03:00,49.880001068115234,49.880001068115234,48.5,48.5,18458,0.0,0.0
2023-01-17 00:00:00+03:00,49.0,49.0,47.97999954223633,47.97999954223633,20733,0.0,0.0
2023-01-18 00:00:00+03:00,49.0,49.0,48.79999923706055,49.0,16350,0.0,0.0
2023-01-19 00:00:00+03:00,47.5,47.5,47.5,47.5,73048,0.0,0.0
2023-01-20 00:00:00+03:00,45.599998474121094,45.599998474121094,45.0,45.0,72528,0.0,0.0
2023-01-23 00:00:00+03:00,45.0,47.0,45.0,47.0,40777,0.0,0.0
2023-01-24 00:00:00+03:00,45.0,46.900001525878906,45.0,46.900001525878906,23931,0.0,0.0
2023-01-25 00:00:00+03:00,48.0,49.79999923706055,47.79999923706055,47.79999923706055,28644,0.0,0.0
2023-01-26 00:00:00+03:00,48.0,48.0,47.0,47.0,8226,0.0,0.0
2023-01-27 00:00:00+03:00,46.900001525878906,46.900001525878906,45.0,45.0,15624,0.0,0.0
2023-01-30 00:00:00+03:00,45.5,45.5,45.400001525878906,45.400001525878906,18824,0.0,0.0
2023-01-31 00:00:00+03:00,47.0,47.0,45.0,45.0,45138,0.0,0.0
2023-02-01 00:00:00+03:00,41.79999923706055,46.0,41.79999923706055,44.97999954223633,18691,0.0,0.0
2023-02-02 00:00:00+03:00,44.97999954223633,44.97999954223633,44.84000015258789,44.84000015258789,23469,0.0,0.0
2023-02-03 00:00:00+03:00,42.97999954223633,44.400001525878906,42.97999954223633,44.0,12413,0.0,0.0
2023-02-06 00:00:00+03:00,41.599998474121094,43.52000045776367,41.599998474121094,43.29999923706055,10111,0.0,0.0
2023-02-07 00:00:00+03:00,43.29999923706055,43.29999923706055,42.0,42.0,18267,0.0,0.0
2023-02-08 00:00:00+03:00,40.0,40.0,40.0,40.0,119,0.0,0.0
2023-02-15 00:00:00+03:00,37.79999923706055,44.86000061035156,37.79999923706055,44.86000061035156,24015,0.0,0.0
2023-02-16 00:00:00+03:00,46.0,46.0,40.900001525878906,41.599998474121094,111906,0.0,0.0
2023-02-17 00:00:00+03:00,41.0,44.0,41.0,44.0,43076,0.0,0.0
2023-02-20 00:00:00+03:00,44.0,44.0,41.880001068115234,41.880001068115234,20598,0.0,0.0
2023-02-21 00:00:00+03:00,41.880001068115234,41.880001068115234,37.70000076293945,41.0,23558,0.0,0.0
2023-02-22 00:00:00+03:00,40.20000076293945,40.20000076293945,40.0,40.18000030517578,26501,0.0,0.0
2023-02-23 00:00:00+03:00,39.900001525878906,39.900001525878906,38.0,39.900001525878906,43353,0.0,0.0
2023-02-24 00:00:00+03:00,40.0,40.0,39.439998626708984,39.439998626708984,14148,0.0,0.0
2023-02-27 00:00:00+03:00,37.7400016784668,40.0,37.7400016784668,39.0,21555,0.0,0.0
2023-02-28 00:00:00+03:00,39.0,40.0,39.0,39.900001525878906,28763,0.0,0.0
2023-03-01 00:00:00+03:00,39.900001525878906,39.900001525878906,38.7599983215332,38.7599983215332,33535,0.0,0.0
2023-03-02 00:00:00+03:00,37.97999954223633,37.97999954223633,37.5,37.900001525878906,21078,0.0,0.0
2023-03-03 00:00:00+03:00,37.400001525878906,38.5,37.29999923706055,38.5,27308,0.0,0.0
2023-03-06 00:00:00+03:00,40.0,40.0,38.0,38.0,26603,0.0,0.0
2023-03-07 00:00:00+03:00,37.400001525878906,37.400001525878906,37.0,37.0,45454,0.0,0.0
2023-03-08 00:00:00+03:00,36.0,36.20000076293945,36.0,36.060001373291016,64036,0.0,0.0
2023-03-09 00:00:00+03:00,35.5,36.0,35.0,36.0,52161,0.0,0.0
2023-03-10 00:00:00+03:00,35.20000076293945,36.0,35.20000076293945,36.0,133155,0.0,0.0
2023-03-13 00:00:00+03:00,36.0,36.0,33.099998474121094,35.0,27303,0.0,0.0
2023-03-14 00:00:00+03:00,34.5,35.5,34.5,35.5,37749,0.0,0.0
2023-03-15 00:00:00+03:00,35.400001525878906,37.0,35.400001525878906,37.0,38200,0.0,0.0
2023-03-16 00:00:00+03:00,38.02000045776367,40.5,38.02000045776367,40.5,36543,0.0,0.0
2023-03-17 00:00:00+03:00,40.31999969482422,40.31999969482422,40.0,40.31999969482422,93972,0.0,0.0
2023-03-20 00:00:00+03:00,41.5,42.0,41.5,42.0,26860,0.0,0.0
2023-03-21 00:00:00+03:00,42.68000030517578,43.0,42.68000030517578,43.0,21905,0.0,0.0
2023-03-22 00:00:00+03:00,43.5,44.0,43.459999084472656,44.0,34919,0.0,0.0
2023-03-23 00:00:00+03:00,44.02000045776367,48.0,44.02000045776367,47.599998474121094,53295,0.0,0.0
2023-03-24 00:00:00+03:00,47.599998474121094,47.599998474121094,44.0,44.0,25118,0.0,0.0
2023-03-27 00:00:00+03:00,42.0,42.0,41.939998626708984,41.97999954223633,16367,0.0,0.0
2023-03-28 00:00:00+03:00,41.47999954223633,42.0,41.47999954223633,42.0,15544,0.0,0.0
2023-03-29 00:00:00+03:00,42.0,42.0,41.900001525878906,42.0,20521,0.0,0.0
2023-03-30 00:00:00+03:00,42.400001525878906,44.939998626708984,42.400001525878906,43.91999816894531,22245,0.0,0.0
2023-03-31 00:00:00+03:00,41.0,41.5,40.099998474121094,40.099998474121094,29893,0.0,0.0
2023-04-03 00:00:00+03:00,39.5,39.880001068115234,38.5,39.0,27622,0.0,0.0
2023-04-04 00:00:00+03:00,39.880001068115234,39.880001068115234,38.79999923706055,38.79999923706055,73499,0.0,0.0
2023-04-05 00:00:00+03:00,37.0,40.02000045776367,37.0,40.0,77068,0.0,0.0
2023-04-06 00:00:00+03:00,40.0,40.0,39.02000045776367,39.02000045776367,162276,0.0,0.0
2023-04-07 00:00:00+03:00,39.0,39.0,39.0,39.0,14505,0.0,0.0
2023-04-10 00:00:00+03:00,39.0,39.0,38.5,38.5,31733,0.0,0.0
2023-04-11 00:00:00+03:00,38.5,38.5,38.439998626708984,38.439998626708984,34694,0.0,0.0
2023-04-12 00:00:00+03:00,42.0,42.0,40.0,40.0,71431,0.0,0.0
2023-04-13 00:00:00+03:00,42.0,42.0,41.81999969482422,41.81999969482422,52714,0.0,0.0
2023-04-14 00:00:00+03:00,41.5,41.5,39.91999816894531,39.91999816894531,45439,0.0,0.0
2023-04-17 00:00:00+03:00,40.0,40.0,39.0,40.0,28352,0.0,0.0
2023-04-18 00:00:00+03:00,39.97999954223633,39.97999954223633,39.900001525878906,39.900001525878906,18266,0.0,0.0
2023-04-19 00:00:00+03:00,39.939998626708984,40.0,39.939998626708984,40.0,18318,0.0,0.0
2023-04-20 00:00:00+03:00,39.97999954223633,39.97999954223633,39.97999954223633,39.97999954223633,4561,0.0,0.0
2023-04-24 00:00:00+03:00,40.02000045776367,40.02000045776367,39.0,39.0,13562,0.0,0.0
2023-04-25 00:00:00+03:00,39.0,39.0,38.0,38.0,30033,0.0,0.0
2023-04-26 00:00:00+03:00,39.5,41.0,39.5,39.900001525878906,37200,0.0,0.0
2023-04-27 00:00:00+03:00,39.5,39.5,38.52000045776367,38.52000045776367,33706,0.0,0.0
2023-04-28 00:00:00+03:00,38.52000045776367,38.599998474121094,38.0,38.0,38720,0.0,0.0
2023-05-02 00:00:00+03:00,38.5,38.5,38.0,38.0,29692,0.0,0.0
2023-05-03 00:00:00+03:00,37.20000076293945,37.20000076293945,34.900001525878906,35.79999923706055,38195,0.0,0.0
2023-05-04 00:00:00+03:00,32.900001525878906,36.0,32.900001525878906,36.0,45451,0.0,0.0
2023-05-05 00:00:00+03:00,35.20000076293945,35.2400016784668,35.0,35.0,15557,0.0,0.0
2023-05-08 00:00:00+03:00,34.959999084472656,34.959999084472656,33.5,34.47999954223633,10066,0.0,0.0
2023-05-09 00:00:00+03:00,33.900001525878906,35.0,33.900001525878906,35.0,26352,0.0,0.0
2023-05-10 00:00:00+03:00,35.0,35.5,35.0,35.2400016784668,16373,0.0,0.0
2023-05-11 00:00:00+03:00,35.040000915527344,36.0,35.040000915527344,36.0,17455,0.0,0.0
2023-05-12 00:00:00+03:00,33.400001525878906,34.560001373291016,33.400001525878906,34.560001373291016,17247,0.0,0.0
2023-05-15 00:00:00+03:00,34.560001373291016,35.5,34.560001373291016,34.70000076293945,9006,0.0,0.0
2023-05-16 00:00:00+03:00,34.70000076293945,34.70000076293945,34.5,34.5,13323,0.0,0.0
2023-05-17 00:00:00+03:00,35.5,35.5,34.70000076293945,34.70000076293945,12928,0.0,0.0
2023-05-18 00:00:00+03:00,34.70000076293945,34.70000076293945,34.0,34.0,22632,0.0,0.0
2023-05-22 00:00:00+03:00,34.0,34.0,33.400001525878906,34.0,18200,0.0,0.0
2023-05-23 00:00:00+03:00,35.0,35.0,33.02000045776367,33.099998474121094,46776,0.0,0.0
2023-05-24 00:00:00+03:00,33.97999954223633,34.0,33.5,33.5,108663,0.0,0.0
2023-05-25 00:00:00+03:00,34.459999084472656,34.459999084472656,33.97999954223633,34.0,10182,0.0,0.0
2023-05-26 00:00:00+03:00,34.900001525878906,34.900001525878906,34.5,34.5,12686,0.0,0.0
2023-05-29 00:00:00+03:00,35.79999923706055,35.79999923706055,33.400001525878906,35.400001525878906,17062,0.0,0.0
2023-05-30 00:00:00+03:00,35.400001525878906,35.400001525878906,35.279998779296875,35.400001525878906,15038,0.0,0.0
2023-05-31 00:00:00+03:00,36.5,36.5,35.5,35.5,18844,0.0,0.0
2023-06-01 00:00:00+03:00,36.5,36.5,36.279998779296875,36.5,18789,0.0,0.0
2023-06-02 00:00:00+03:00,36.47999954223633,36.47999954223633,36.0,36.0,17192,0.0,0.0
2023-06-05 00:00:00+03:00,36.0,36.20000076293945,35.599998474121094,35.599998474121094,23121,0.0,0.0
2023-06-06 00:00:00+03:00,35.540000915527344,35.540000915527344,35.52000045776367,35.52000045776367,30420,0.0,0.0
2023-06-07 00:00:00+03:00,35.099998474121094,35.099998474121094,35.040000915527344,35.099998474121094,50009,0.0,0.0
2023-06-08 00:00:00+03:00,35.099998474121094,35.459999084472656,35.099998474121094,35.459999084472656,27092,0.0,0.0
2023-06-09 00:00:00+03:00,35.5,36.5,35.5,36.5,19533,0.0,0.0
2023-06-12 00:00:00+03:00,37.459999084472656,39.900001525878906,37.459999084472656,39.900001525878906,38419,0.0,0.0
2023-06-13 00:00:00+03:00,40.0,40.0,38.70000076293945,38.70000076293945,19346,0.0,0.0
2023-06-14 00:00:00+03:00,38.70000076293945,38.70000076293945,38.70000076293945,38.70000076293945,11367,0.0,0.0
2023-06-15 00:00:00+03:00,39.5,39.5,38.5,38.5,21285,0.0,0.0
2023-06-16 00:00:00+03:00,37.5,37.599998474121094,37.5,37.599998474121094,18512,0.0,0.0
2023-06-19 00:00:00+03:00,37.599998474121094,37.599998474121094,36.70000076293945,36.70000076293945,5811,0.0,0.0
2023-06-20 00:00:00+03:00,36.5,36.5,35.0,35.0,20793,0.0,0.0
2023-06-21 00:00:00+03:00,35.0,35.0,34.959999084472656,34.959999084472656,15507,0.0,0.0
2023-06-22 00:00:00+03:00,34.79999923706055,34.79999923706055,33.02000045776367,34.79999923706055,26022,0.0,0.0
2023-06-23 00:00:00+03:00,34.79999923706055,35.20000076293945,34.79999923706055,35.20000076293945,24129,0.0,0.0
2023-06-26 00:00:00+03:00,35.5,36.0,35.5,36.0,16721,0.0,0.0
2023-06-27 00:00:00+03:00,36.0,36.29999923706055,36.0,36.29999923706055,11319,0.0,0.0
2023-07-03 00:00:00+03:00,36.099998474121094,37.0,35.599998474121094,37.0,48794,0.0,0.0
2023-07-04 00:00:00+03:00,37.099998474121094,38.5,37.099998474121094,38.5,30559,0.0,0.0
2023-07-05 00:00:00+03:00,38.5,40.0,38.5,40.0,69675,0.0,0.0
2023-07-06 00:00:00+03:00,40.0,40.0,39.0,39.0,49351,0.0,0.0
2023-07-07 00:00:00+03:00,39.0,39.0,38.0,38.0,16936,0.0,0.0
2023-07-10 00:00:00+03:00,37.5,37.5,37.0,37.0,53232,0.0,0.0
2023-07-11 00:00:00+03:00,36.900001525878906,36.900001525878906,36.400001525878906,36.400001525878906,38099,0.0,0.0
2023-07-12 00:00:00+03:00,36.400001525878906,36.5,36.400001525878906,36.5,32761,0.0,0.0
2023-07-13 00:00:00+03:00,36.5,36.5,36.2400016784668,36.2400016784668,25083,0.0,0.0
2023-07-14 00:00:00+03:00,36.0,36.0,36.0,36.0,34946,0.0,0.0
2023-07-17 00:00:00+03:00,36.0,36.060001373291016,36.0,36.060001373291016,40450,0.0,0.0
2023-07-18 00:00:00+03:00,38.619998931884766,38.619998931884766,37.0,37.0,25011,0.0,0.0
2023-07-19 00:00:00+03:00,37.0,38.0,37.0,38.0,35158,0.0,0.0
2023-07-20 00:00:00+03:00,38.0,38.0,37.86000061035156,37.86000061035156,43646,0.0,0.0
2023-07-21 00:00:00+03:00,37.86000061035156,37.86000061035156,37.20000076293945,37.20000076293945,16978,0.0,0.0
2023-07-24 00:00:00+03:00,37.20000076293945,37.20000076293945,37.0,37.20000076293945,39839,0.0,0.0
2023-07-25 00:00:00+03:00,37.0,37.0,34.5,36.939998626708984,19025,0.0,0.0
2023-07-26 00:00:00+03:00,36.47999954223633,36.5,36.47999954223633,36.5,24631,0.0,0.0
2023-07-27 00:00:00+03:00,38.5,38.5,38.400001525878906,38.400001525878906,22535,0.0,0.0
2023-07-28 00:00:00+03:00,38.400001525878906,38.400001525878906,37.29999923706055,37.29999923706055,36555,0.0,0.0
2023-07-31 00:00:00+03:00,37.18000030517578,37.18000030517578,36.0,36.0,44594,0.0,0.0
2023-08-01 00:00:00+03:00,35.5,36.5,35.5,36.5,22796,0.0,0.0
2023-08-02 00:00:00+03:00,38.0,38.0,37.0,37.0,22091,0.0,0.0
2023-08-03 00:00:00+03:00,36.880001068115234,36.880001068115234,35.91999816894531,35.91999816894531,32762,0.0,0.0
2023-08-04 00:00:00+03:00,35.560001373291016,35.7400016784668,35.560001373291016,35.7400016784668,33020,0.0,0.0
2023-08-07 00:00:00+03:00,35.02000045776367,35.5,35.02000045776367,35.2599983215332,52043,0.0,0.0
2023-08-08 00:00:00+03:00,35.13999938964844,35.13999938964844,35.0,35.0,52588,0.0,0.0
2023-08-09 00:00:00+03:00,35.0,35.0,34.5,34.5,33633,0.0,0.0
2023-08-10 00:00:00+03:00,34.5,34.5,34.099998474121094,34.5,41600,0.0,0.0
2023-08-11 00:00:00+03:00,33.97999954223633,34.20000076293945,33.97999954223633,34.20000076293945,42335,0.0,0.0
2023-08-14 00:00:00+03:00,34.13999938964844,34.20000076293945,34.13999938964844,34.13999938964844,47470,0.0,0.0
2023-08-15 00:00:00+03:00,34.13999938964844,35.68000030517578,34.13999938964844,35.400001525878906,33914,0.0,0.0
2023-08-16 00:00:00+03:00,35.400001525878906,35.400001525878906,34.0,34.0,27080,0.0,0.0
2023-08-17 00:00:00+03:00,34.08000183105469,34.400001525878906,34.08000183105469,34.400001525878906,40979,0.0,0.0
2023-08-18 00:00:00+03:00,36.040000915527344,36.040000915527344,36.0,36.0,55607,0.0,0.0
2023-08-21 00:00:00+03:00,36.0,36.13999938964844,35.900001525878906,35.900001525878906,64892,0.0,0.0
2023-08-22 00:00:00+03:00,39.459999084472656,39.47999954223633,39.459999084472656,39.47999954223633,109166,0.0,0.0
2023-08-23 00:00:00+03:00,40.5,43.41999816894531,40.5,43.41999816894531,122743,0.0,0.0
2023-08-24 00:00:00+03:00,47.0,47.7400016784668,47.0,47.7400016784668,202952,0.0,0.0
2023-08-25 00:00:00+03:00,47.779998779296875,47.779998779296875,45.0,45.040000915527344,124684,0.0,0.0
2023-08-28 00:00:00+03:00,49.540000915527344,49.540000915527344,49.540000915527344,49.540000915527344,103690,0.0,0.0
2023-08-29 00:00:00+03:00,49.13999938964844,49.13999938964844,48.91999816894531,48.91999816894531,172799,0.0,0.0
2023-08-31 00:00:00+03:00,48.91999816894531,48.91999816894531,48.81999969482422,48.900001525878906,75133,0.0,0.0
2023-09-01 00:00:00+03:00,48.900001525878906,49.0,48.900001525878906,49.0,47576,0.0,0.0
2023-09-04 00:00:00+03:00,48.15999984741211,49.0,48.15999984741211,49.0,62593,0.0,0.0
2023-09-05 00:00:00+03:00,50.0,52.0,50.0,52.0,52036,0.0,0.0
2023-09-06 00:00:00+03:00,52.0,52.0,49.0,49.0,191507,0.0,0.0
2023-09-07 00:00:00+03:00,53.70000076293945,53.70000076293945,50.0,50.0,77976,0.0,0.0
2023-09-08 00:00:00+03:00,47.08000183105469,50.0,47.08000183105469,49.040000915527344,69347,0.0,0.0
2023-09-11 00:00:00+03:00,49.040000915527344,49.70000076293945,49.040000915527344,49.70000076293945,79923,0.0,0.0
2023-09-12 00:00:00+03:00,49.5,49.5,49.5,49.5,31978,0.0,0.0
2023-09-13 00:00:00+03:00,47.0,48.0,46.900001525878906,46.900001525878906,165840,0.0,0.0
2023-09-14 00:00:00+03:00,46.900001525878906,46.900001525878906,46.880001068115234,46.880001068115234,26666,0.0,0.0
2023-09-15 00:00:00+03:00,42.20000076293945,48.0,42.20000076293945,48.0,65062,0.0,0.0
2023-09-18 00:00:00+03:00,47.779998779296875,47.779998779296875,45.70000076293945,45.70000076293945,23845,0.0,0.0
2023-09-19 00:00:00+03:00,46.0,47.0,46.0,47.0,26500,0.0,0.0
2023-09-20 00:00:00+03:00,46.86000061035156,50.0,46.86000061035156,50.0,94874,0.0,0.0
2023-09-21 00:00:00+03:00,55.0,55.0,54.70000076293945,54.70000076293945,387622,0.0,0.0
2023-09-22 00:00:00+03:00,54.5,57.0,52.5,57.0,468009,0.0,0.0
2023-09-25 00:00:00+03:00,53.900001525878906,60.0,53.5,60.0,540488,0.0,0.0
2023-09-26 00:00:00+03:00,65.0,66.0,65.0,66.0,140752,0.0,0.0
2023-09-27 00:00:00+03:00,67.0,72.5999984741211,67.0,72.5999984741211,148794,0.0,0.0
2023-09-28 00:00:00+03:00,75.0,79.8499984741211,75.0,79.80000305175781,143569,0.0,0.0
2023-09-29 00:00:00+03:00,81.0,81.0,77.94999694824219,77.94999694824219,173173,0.0,0.0
2023-10-02 00:00:00+03:00,77.80000305175781,77.80000305175781,71.30000305175781,71.30000305175781,64067,0.0,0.0
2023-10-03 00:00:00+03:00,71.30000305175781,72.5,71.30000305175781,72.5,109613,0.0,0.0
2023-10-04 00:00:00+03:00,72.55000305175781,79.75,72.55000305175781,79.75,128314,0.0,0.0
2023-10-05 00:00:00+03:00,82.0,82.5,79.94999694824219,79.94999694824219,105827,0.0,0.0
2023-10-06 00:00:00+03:00,80.0,80.0,77.0,77.0,49416,0.0,0.0
2023-10-09 00:00:00+03:00,77.0,77.0,69.55000305175781,69.55000305175781,72300,0.0,0.0
2023-10-10 00:00:00+03:00,74.0,74.0,65.30000305175781,67.1500015258789,109700,0.0,0.0
2023-10-11 00:00:00+03:00,70.0,70.0,65.8499984741211,65.8499984741211,89029,0.0,0.0
2023-10-12 00:00:00+03:00,65.5,65.5,65.0,65.0,60990,0.0,0.0
2023-10-13 00:00:00+03:00,64.0,64.0,64.0,64.0,32552,0.0,0.0
2023-10-16 00:00:00+03:00,69.0,69.0,64.0,64.0,61583,0.0,0.0
2023-10-17 00:00:00+03:00,65.0,65.0,64.1500015258789,64.1500015258789,43093,0.0,0.0
2023-10-18 00:00:00+03:00,64.1500015258789,64.1500015258789,60.0,60.0,38358,0.0,0.0
2023-10-19 00:00:00+03:00,59.95000076293945,59.95000076293945,58.04999923706055,59.5,62877,0.0,0.0
2023-10-20 00:00:00+03:00,56.599998474121094,57.0,56.599998474121094,57.0,105010,0.0,0.0
2023-10-23 00:00:00+03:00,59.0,59.0,58.54999923706055,58.75,61134,0.0,0.0
2023-10-24 00:00:00+03:00,56.5,60.0,56.5,60.0,77666,0.0,0.0
2023-10-25 00:00:00+03:00,61.04999923706055,61.04999923706055,56.0,56.0,92692,0.0,0.0
2023-10-26 00:00:00+03:00,51.5,57.650001525878906,51.5,57.650001525878906,54907,0.0,0.0
2023-10-27 00:00:00+03:00,57.650001525878906,60.400001525878906,57.650001525878906,60.400001525878906,44894,0.0,0.0
2023-10-30 00:00:00+03:00,65.0,65.0,64.0,64.0,37824,0.0,0.0
2023-10-31 00:00:00+03:00,65.0,65.0,64.9000015258789,64.9000015258789,22049,0.0,0.0
2023-11-01 00:00:00+03:00,64.0,64.0,58.45000076293945,59.95000076293945,35883,0.0,0.0
2023-11-02 00:00:00+03:00,60.900001525878906,61.5,60.900001525878906,61.5,44919,0.0,0.0
2023-11-03 00:00:00+03:00,61.79999923706055,61.79999923706055,57.95000076293945,58.099998474121094,34188,0.0,0.0
2023-11-06 00:00:00+03:00,60.0,60.849998474121094,60.0,60.849998474121094,41074,0.0,0.0
2023-11-07 00:00:00+03:00,57.5,60.0,57.5,60.0,42520,0.0,0.0
2023-11-08 00:00:00+03:00,57.95000076293945,60.0,57.95000076293945,60.0,50732,0.0,0.0
2023-11-09 00:00:00+03:00,56.900001525878906,59.95000076293945,56.900001525878906,59.95000076293945,42804,0.0,0.0
2023-11-10 00:00:00+03:00,62.849998474121094,62.849998474121094,60.0,60.0,35275,0.0,0.0
2023-11-13 00:00:00+03:00,54.400001525878906,60.0,54.400001525878906,59.400001525878906,69517,0.0,0.0
2023-11-14 00:00:00+03:00,58.70000076293945,58.70000076293945,54.0,57.70000076293945,73393,0.0,0.0
2023-11-15 00:00:00+03:00,56.79999923706055,60.0,56.79999923706055,59.900001525878906,112355,0.0,0.0
2023-11-16 00:00:00+03:00,61.5,61.5,60.150001525878906,60.150001525878906,34170,0.0,0.0
2023-11-17 00:00:00+03:00,60.0,60.0,60.0,60.0,20567,0.0,0.0
2023-11-20 00:00:00+03:00,56.849998474121094,59.849998474121094,56.849998474121094,59.849998474121094,47710,0.0,0.0
2023-11-21 00:00:00+03:00,60.0,60.0,59.900001525878906,59.900001525878906,125769,0.0,0.0
2023-11-22 00:00:00+03:00,59.900001525878906,59.900001525878906,59.150001525878906,59.150001525878906,23310,0.0,0.0
2023-11-23 00:00:00+03:00,56.0,58.45000076293945,56.0,58.45000076293945,42687,0.0,0.0
2023-11-24 00:00:00+03:00,58.0,58.0,57.95000076293945,57.95000076293945,43854,0.0,0.0
2023-11-27 00:00:00+03:00,56.75,56.75,56.0,56.0,72235,0.0,0.0
2023-11-28 00:00:00+03:00,55.75,55.75,55.0,55.0,42217,0.0,0.0
2023-11-29 00:00:00+03:00,54.95000076293945,54.95000076293945,52.0,52.0,94740,0.0,0.0
2023-11-30 00:00:00+03:00,54.5,54.5,54.5,54.5,37389,0.0,0.0
2023-12-01 00:00:00+03:00,50.70000076293945,54.29999923706055,50.70000076293945,54.0,51130,0.0,0.0
2023-12-04 00:00:00+03:00,53.5,53.5,52.5,52.5,85573,0.0,0.0
2023-12-05 00:00:00+03:00,51.04999923706055,53.0,51.04999923706055,51.5,44665,0.0,0.0
2023-12-06 00:00:00+03:00,51.54999923706055,51.54999923706055,48.5,48.5,63552,0.0,0.0
2023-12-07 00:00:00+03:00,50.0,50.0,49.5,50.0,45021,0.0,0.0
2023-12-08 00:00:00+03:00,49.79999923706055,49.79999923706055,48.0,48.599998474121094,47159,0.0,0.0
2023-12-11 00:00:00+03:00,50.0,50.0,49.79999923706055,49.79999923706055,35022,0.0,0.0
2023-12-12 00:00:00+03:00,49.0,49.79999923706055,49.0,49.79999923706055,46429,0.0,0.0
2023-12-13 00:00:00+03:00,49.79999923706055,49.79999923706055,48.58000183105469,48.58000183105469,40689,0.0,0.0
2023-12-14 00:00:00+03:00,48.58000183105469,48.58000183105469,47.63999938964844,47.63999938964844,28129,0.0,0.0
2023-12-15 00:00:00+03:00,47.0,47.0,45.0,46.5,64296,0.0,0.0
2023-12-18 00:00:00+03:00,45.0,45.0,43.29999923706055,43.29999923706055,66378,0.0,0.0
2023-12-19 00:00:00+03:00,43.29999923706055,43.29999923706055,41.599998474121094,41.599998474121094,57512,0.0,0.0
2023-12-20 00:00:00+03:00,43.97999954223633,43.97999954223633,42.7599983215332,42.7599983215332,33772,0.0,0.0
2023-12-21 00:00:00+03:00,42.70000076293945,42.70000076293945,41.540000915527344,41.540000915527344,40456,0.0,0.0
2023-12-22 00:00:00+03:00,41.79999923706055,41.79999923706055,40.560001373291016,40.560001373291016,49098,0.0,0.0
2023-12-25 00:00:00+03:00,44.599998474121094,44.599998474121094,41.79999923706055,41.79999923706055,26243,0.0,0.0
2023-12-26 00:00:00+03:00,41.79999923706055,42.0,41.79999923706055,42.0,33177,0.0,0.0
2023-12-27 00:00:00+03:00,44.0,44.0,41.29999923706055,42.52000045776367,30470,0.0,0.0
2023-12-28 00:00:00+03:00,42.52000045776367,43.619998931884766,42.5,43.58000183105469,16024,0.0,0.0
2023-12-29 00:00:00+03:00,44.79999923706055,47.900001525878906,44.79999923706055,46.5,31636,0.0,0.0
2024-01-02 00:00:00+03:00,47.900001525878906,48.279998779296875,47.900001525878906,48.060001373291016,27498,0.0,0.0
2024-01-03 00:00:00+03:00,49.02000045776367,49.2400016784668,47.779998779296875,47.779998779296875,15939,0.0,0.0
2024-01-04 00:00:00+03:00,47.779998779296875,47.779998779296875,47.720001220703125,47.720001220703125,29109,0.0,0.0
2024-01-05 00:00:00+03:00,45.779998779296875,46.5,45.779998779296875,46.5,40152,0.0,0.0
2024-01-08 00:00:00+03:00,48.400001525878906,49.79999923706055,48.400001525878906,48.47999954223633,38138,0.0,0.0
2024-01-09 00:00:00+03:00,49.79999923706055,49.79999923706055,48.47999954223633,48.47999954223633,25680,0.0,0.0
2024-01-10 00:00:00+03:00,48.0,48.0,46.0,46.5,22628,0.0,0.0
2024-01-11 00:00:00+03:00,46.18000030517578,46.18000030517578,44.0,45.31999969482422,28229,0.0,0.0
2024-01-12 00:00:00+03:00,44.0,44.08000183105469,43.29999923706055,44.08000183105469,48685,0.0,0.0
2024-01-15 00:00:00+03:00,44.0,45.0,44.0,44.79999923706055,61928,0.0,0.0
2024-01-16 00:00:00+03:00,44.959999084472656,44.959999084472656,43.5,43.5,23847,0.0,0.0
2024-01-17 00:00:00+03:00,43.900001525878906,43.900001525878906,43.0,43.0,30095,0.0,0.0
2024-01-18 00:00:00+03:00,42.0,42.459999084472656,42.0,42.0,36531,0.0,0.0
2024-01-19 00:00:00+03:00,42.20000076293945,42.900001525878906,42.20000076293945,42.900001525878906,19777,0.0,0.0
2024-01-22 00:00:00+03:00,43.20000076293945,43.29999923706055,41.779998779296875,41.779998779296875,41019,0.0,0.0
2024-01-23 00:00:00+03:00,42.29999923706055,42.29999923706055,40.70000076293945,40.70000076293945,44947,0.0,0.0
2024-01-24 00:00:00+03:00,40.599998474121094,41.5,40.599998474121094,41.5,37753,0.0,0.0
2024-01-25 00:00:00+03:00,41.70000076293945,41.70000076293945,40.720001220703125,41.0,18710,0.0,0.0
2024-01-26 00:00:00+03:00,41.0,41.0,40.5,40.5,66620,0.0,0.0
2024-01-29 00:00:00+03:00,41.02000045776367,41.099998474121094,41.02000045776367,41.099998474121094,67919,0.0,0.0
2024-01-30 00:00:00+03:00,40.599998474121094,40.7400016784668,40.58000183105469,40.7400016784668,53731,0.0,0.0
2024-01-31 00:00:00+03:00,41.0,41.119998931884766,41.0,41.119998931884766,39568,0.0,0.0
2024-02-01 00:00:00+03:00,41.560001373291016,41.599998474121094,41.560001373291016,41.599998474121094,41968,0.0,0.0
2024-02-02 00:00:00+03:00,40.0,40.70000076293945,40.0,40.70000076293945,63084,0.0,0.0
2024-02-05 00:00:00+03:00,41.5,44.7599983215332,41.5,44.7599983215332,76142,0.0,0.0
2024-02-06 00:00:00+03:00,49.20000076293945,49.220001220703125,49.20000076293945,49.220001220703125,72963,0.0,0.0
2024-02-07 00:00:00+03:00,50.95000076293945,53.95000076293945,50.95000076293945,53.95000076293945,111208,0.0,0.0
2024-02-08 00:00:00+03:00,53.95000076293945,53.95000076293945,50.0,50.0,83513,0.0,0.0
2024-02-09 00:00:00+03:00,50.0,50.0,48.08000183105469,48.08000183105469,40079,0.0,0.0
2024-02-12 00:00:00+03:00,48.08000183105469,48.560001373291016,48.08000183105469,48.47999954223633,40876,0.0,0.0
2024-02-13 00:00:00+03:00,48.47999954223633,48.47999954223633,46.5,47.34000015258789,40930,0.0,0.0
2024-02-14 00:00:00+03:00,48.0,52.04999923706055,48.0,52.04999923706055,138897,0.0,0.0
2024-02-15 00:00:00+03:00,53.54999923706055,57.25,53.54999923706055,57.25,125272,0.0,0.0
2024-02-16 00:00:00+03:00,61.04999923706055,61.04999923706055,51.54999923706055,51.54999923706055,147951,0.0,0.0
2024-02-19 00:00:00+03:00,51.0,51.0,49.7599983215332,49.7599983215332,87035,0.0,0.0
2024-02-20 00:00:00+03:00,49.7400016784668,49.7400016784668,49.52000045776367,49.7400016784668,85680,0.0,0.0
2024-02-21 00:00:00+03:00,52.0,52.0,49.47999954223633,49.47999954223633,49087,0.0,0.0
2024-02-22 00:00:00+03:00,50.04999923706055,50.04999923706055,49.52000045776367,50.0,45518,0.0,0.0
2024-02-23 00:00:00+03:00,51.0,51.0,48.5,49.0,56205,0.0,0.0
2024-02-26 00:00:00+03:00,48.5,48.5,47.70000076293945,47.70000076293945,44667,0.0,0.0
2024-02-27 00:00:00+03:00,48.0,48.0,45.97999954223633,45.97999954223633,47745,0.0,0.0
2024-02-28 00:00:00+03:00,43.65999984741211,45.040000915527344,43.65999984741211,45.0,71090,0.0,0.0
2024-02-29 00:00:00+03:00,44.5,46.5,44.5,46.5,35654,0.0,0.0
2024-03-01 00:00:00+03:00,46.599998474121094,46.599998474121094,45.86000061035156,45.86000061035156,43090,0.0,0.0
2024-03-04 00:00:00+03:00,45.84000015258789,45.84000015258789,45.400001525878906,45.400001525878906,53271,0.0,0.0
2024-03-05 00:00:00+03:00,45.0,45.0,44.47999954223633,44.47999954223633,58648,0.0,0.0
2024-03-06 00:00:00+03:00,42.70000076293945,44.02000045776367,42.70000076293945,44.02000045776367,106232,0.0,0.0
2024-03-07 00:00:00+03:00,44.0,46.86000061035156,44.0,46.400001525878906,35924,0.0,0.0
2024-03-08 00:00:00+03:00,46.18000030517578,46.18000030517578,45.0,45.02000045776367,54175,0.0,0.0
2024-03-11 00:00:00+03:00,45.15999984741211,45.15999984741211,44.0,44.0,29997,0.0,0.0
2024-03-12 00:00:00+03:00,44.0,44.0,43.68000030517578,43.68000030517578,24457,0.0,0.0
2024-03-13 00:00:00+03:00,43.79999923706055,43.79999923706055,43.0,43.119998931884766,48336,0.0,0.0
2024-03-14 00:00:00+03:00,43.0,43.0,42.68000030517578,42.68000030517578,51359,0.0,0.0
2024-03-15 00:00:00+03:00,42.68000030517578,42.720001220703125,42.68000030517578,42.720001220703125,44188,0.0,0.0
2024-03-18 00:00:00+03:00,44.31999969482422,45.040000915527344,44.31999969482422,44.959999084472656,52664,0.0,0.0
2024-03-19 00:00:00+03:00,44.880001068115234,44.880001068115234,43.599998474121094,43.599998474121094,36227,0.0,0.0
2024-03-20 00:00:00+03:00,43.29999923706055,44.0,43.29999923706055,43.97999954223633,47264,0.0,0.0
2024-03-21 00:00:00+03:00,48.36000061035156,48.36000061035156,48.36000061035156,48.36000061035156,117201,0.0,0.0
2024-03-22 00:00:00+03:00,46.959999084472656,46.959999084472656,45.0,45.0,69883,0.0,0.0
2024-03-25 00:00:00+03:00,44.97999954223633,44.97999954223633,44.7599983215332,44.7599983215332,28296,0.0,0.0
2024-03-26 00:00:00+03:00,44.5,44.5,43.47999954223633,43.47999954223633,16442,0.0,0.0
2024-03-27 00:00:00+03:00,43.540000915527344,43.540000915527344,43.0,43.0,27791,0.0,0.0
2024-03-28 00:00:00+03:00,43.939998626708984,43.939998626708984,42.86000061035156,42.86000061035156,19182,0.0,0.0
2024-03-29 00:00:00+03:00,42.13999938964844,42.7400016784668,42.13999938964844,42.52000045776367,60318,0.0,0.0
2024-04-01 00:00:00+03:00,42.52000045776367,42.599998474121094,42.459999084472656,42.599998474121094,468962,0.0,0.0
2024-04-02 00:00:00+03:00,43.400001525878906,43.400001525878906,41.939998626708984,41.939998626708984,26150,0.0,0.0
2024-04-03 00:00:00+03:00,41.400001525878906,41.400001525878906,40.0,40.0,57834,0.0,0.0
2024-04-04 00:00:00+03:00,40.70000076293945,40.70000076293945,40.15999984741211,40.15999984741211,29457,0.0,0.0
2024-04-05 00:00:00+03:00,40.15999984741211,41.5,40.15999984741211,41.41999816894531,23293,0.0,0.0
2024-04-08 00:00:00+03:00,41.70000076293945,42.119998931884766,41.70000076293945,42.119998931884766,48588,0.0,0.0
2024-04-15 00:00:00+03:00,41.31999969482422,47.060001373291016,41.31999969482422,47.0,79195,0.0,0.0
2024-04-16 00:00:00+03:00,46.70000076293945,46.70000076293945,45.099998474121094,45.099998474121094,72516,0.0,0.0
2024-04-17 00:00:00+03:00,44.5,44.5,43.52000045776367,43.52000045776367,21586,0.0,0.0
2024-04-18 00:00:00+03:00,43.47999954223633,44.599998474121094,43.47999954223633,44.0,36102,0.0,0.0
2024-04-19 00:00:00+03:00,44.0,44.0,44.0,44.0,59282,0.0,0.0
2024-04-22 00:00:00+03:00,43.5,43.5,43.29999923706055,43.29999923706055,47402,0.0,0.0
2024-04-24 00:00:00+03:00,43.5,44.0,43.5,44.0,52453,0.0,0.0
2024-04-25 00:00:00+03:00,45.0,45.0,44.70000076293945,44.70000076293945,60072,0.0,0.0
2024-04-26 00:00:00+03:00,48.0,48.0,47.29999923706055,47.29999923706055,49800,0.0,0.0
2024-04-29 00:00:00+03:00,47.29999923706055,47.29999923706055,45.060001373291016,46.959999084472656,49784,0.0,0.0
2024-04-30 00:00:00+03:00,46.97999954223633,46.97999954223633,46.959999084472656,46.959999084472656,22201,0.0,0.0
2024-05-02 00:00:00+03:00,46.0,46.5,46.0,46.5,188415,0.0,0.0
2024-05-03 00:00:00+03:00,45.20000076293945,46.2400016784668,45.20000076293945,46.0,99017,0.0,0.0
2024-05-06 00:00:00+03:00,47.0,47.0,47.0,47.0,134329,0.0,0.0
2024-05-07 00:00:00+03:00,47.0,47.0,46.70000076293945,46.7400016784668,86565,0.0,0.0
2024-05-08 00:00:00+03:00,46.7400016784668,46.79999923706055,46.7400016784668,46.79999923706055,31491,0.0,0.0
2024-05-09 00:00:00+03:00,46.7599983215332,46.7599983215332,46.29999923706055,46.29999923706055,25096,0.0,0.0
2024-05-10 00:00:00+03:00,46.0,46.0,44.5,44.5,27720,0.0,0.0
2024-05-13 00:00:00+03:00,44.459999084472656,44.459999084472656,43.0,43.0,22936,0.0,0.0
2024-05-14 00:00:00+03:00,43.900001525878906,43.900001525878906,43.5,43.540000915527344,23737,0.0,0.0
2024-05-15 00:00:00+03:00,43.70000076293945,43.70000076293945,43.31999969482422,43.31999969482422,36549,0.0,0.0
2024-05-16 00:00:00+03:00,44.02000045776367,44.2400016784668,44.02000045776367,44.2400016784668,35729,0.0,0.0
2024-05-17 00:00:00+03:00,44.79999923706055,45.5,44.79999923706055,45.5,29230,0.0,0.0
2024-05-20 00:00:00+03:00,45.5,45.5,45.0,45.0,22407,0.0,0.0
2024-05-21 00:00:00+03:00,49.47999954223633,49.5,49.47999954223633,49.5,113573,0.0,0.0
2024-05-22 00:00:00+03:00,54.0,54.0,51.0,51.0,214101,0.0,0.0
2024-05-23 00:00:00+03:00,50.0,50.0,48.81999969482422,48.81999969482422,57480,0.0,0.0
2024-05-24 00:00:00+03:00,48.0,48.0,46.040000915527344,46.040000915527344,54161,0.0,0.0
2024-05-27 00:00:00+03:00,46.81999969482422,46.81999969482422,46.5,46.5,229667,0.0,0.0
2024-05-28 00:00:00+03:00,47.0,47.0,47.0,47.0,45625,0.0,0.0
2024-05-29 00:00:00+03:00,46.0,46.0,45.0,45.0,60338,0.0,0.0
2024-05-30 00:00:00+03:00,45.5,45.5,44.70000076293945,44.70000076293945,110664,0.0,0.0
2024-05-31 00:00:00+03:00,44.70000076293945,46.41999816894531,44.70000076293945,46.41999816894531,23821,0.0,0.0
2024-06-03 00:00:00+03:00,50.0,50.0,49.5,49.5,51160,0.0,0.0
2024-06-04 00:00:00+03:00,49.2599983215332,49.2599983215332,47.0,47.0,36920,0.0,0.0
2024-06-05 00:00:00+03:00,47.0,47.0,43.29999923706055,46.70000076293945,41296,0.0,0.0
2024-06-06 00:00:00+03:00,45.900001525878906,45.900001525878906,45.20000076293945,45.20000076293945,43726,0.0,0.0
2024-06-07 00:00:00+03:00,47.0,47.0,44.880001068115234,44.880001068115234,31186,0.0,0.0
2024-06-10 00:00:00+03:00,44.880001068115234,44.880001068115234,44.0,44.0,24043,0.0,0.0
2024-06-11 00:00:00+03:00,44.459999084472656,44.459999084472656,41.900001525878906,41.900001525878906,40756,0.0,0.0
2024-06-12 00:00:00+03:00,43.0,43.0,39.220001220703125,39.220001220703125,98292,0.0,0.0
2024-06-13 00:00:00+03:00,43.0,43.0,40.900001525878906,41.900001525878906,40794,0.0,0.0
2024-06-14 00:00:00+03:00,43.900001525878906,46.08000183105469,43.900001525878906,46.08000183105469,61122,0.0,0.0
2024-06-20 00:00:00+03:00,50.0,50.0,47.599998474121094,47.599998474121094,97779,0.0,0.0
2024-06-21 00:00:00+03:00,48.5,48.5,47.959999084472656,47.959999084472656,39171,0.0,0.0
2024-06-24 00:00:00+03:00,48.5,48.5,45.599998474121094,45.599998474121094,32074,0.0,0.0
2024-06-25 00:00:00+03:00,45.599998474121094,45.599998474121094,45.0,45.0,81238,0.0,0.0
2024-06-26 00:00:00+03:00,44.97999954223633,44.97999954223633,44.0,44.0,25668,0.0,0.0
2024-06-27 00:00:00+03:00,44.0,44.0,42.0,43.2599983215332,59382,0.0,0.0
2024-06-28 00:00:00+03:00,42.599998474121094,43.08000183105469,42.560001373291016,43.08000183105469,34982,0.0,0.0
2024-07-01 00:00:00+03:00,43.5,47.099998474121094,43.5,47.099998474121094,69170,0.0,0.0
2024-07-02 00:00:00+03:00,47.099998474121094,48.84000015258789,47.099998474121094,47.380001068115234,75810,0.0,0.0
2024-07-03 00:00:00+03:00,47.380001068115234,47.380001068115234,47.380001068115234,47.380001068115234,57543,0.0,0.0
2024-07-04 00:00:00+03:00,47.380001068115234,52.099998474121094,45.08000183105469,52.099998474121094,109306,0.0,0.0
2024-07-05 00:00:00+03:00,54.45000076293945,55.70000076293945,54.45000076293945,54.5,242746,0.0,0.0
2024-07-08 00:00:00+03:00,54.0,54.0,52.0,52.0,182153,0.0,0.0
2024-07-09 00:00:00+03:00,52.0,52.0,51.5,51.5,188992,0.0,0.0
2024-07-10 00:00:00+03:00,53.099998474121094,53.099998474121094,51.849998474121094,51.849998474121094,88852,0.0,0.0
2024-07-11 00:00:00+03:00,52.0,53.5,52.0,53.0,41231,0.0,0.0
2024-07-12 00:00:00+03:00,53.0,53.95000076293945,53.0,53.5,45131,0.0,0.0
2024-07-16 00:00:00+03:00,53.5,53.5,53.400001525878906,53.400001525878906,44403,0.0,0.0
2024-07-17 00:00:00+03:00,53.0,53.0,51.0,51.150001525878906,53626,0.0,0.0
2024-07-18 00:00:00+03:00,51.20000076293945,51.20000076293945,51.099998474121094,51.099998474121094,33693,0.0,0.0
2024-07-19 00:00:00+03:00,51.0,51.099998474121094,49.939998626708984,49.939998626708984,28903,0.0,0.0
2024-07-22 00:00:00+03:00,49.79999923706055,49.79999923706055,49.0,49.0,54818,0.0,0.0
2024-07-23 00:00:00+03:00,48.0,48.70000076293945,48.0,48.70000076293945,33190,0.0,0.0
2024-07-24 00:00:00+03:00,47.79999923706055,47.79999923706055,47.779998779296875,47.779998779296875,42203,0.0,0.0
2024-07-25 00:00:00+03:00,47.58000183105469,49.099998474121094,47.58000183105469,49.099998474121094,47748,0.0,0.0
2024-07-26 00:00:00+03:00,49.0,49.0,48.97999954223633,48.97999954223633,64455,0.0,0.0
2024-07-29 00:00:00+03:00,48.97999954223633,48.97999954223633,48.0,48.0,33115,0.0,0.0
2024-07-30 00:00:00+03:00,47.52000045776367,50.099998474121094,47.52000045776367,50.099998474121094,35774,0.0,0.0
2024-07-31 00:00:00+03:00,49.70000076293945,49.70000076293945,47.79999923706055,48.0,25511,0.0,0.0
2024-08-01 00:00:00+03:00,47.97999954223633,48.599998474121094,47.779998779296875,48.599998474121094,91145,0.0,0.0
2024-08-02 00:00:00+03:00,48.279998779296875,48.279998779296875,46.400001525878906,46.959999084472656,30176,0.0,0.0
2024-08-05 00:00:00+03:00,44.0,44.0,43.20000076293945,43.97999954223633,46240,0.0,0.0
2024-08-06 00:00:00+03:00,44.0,46.0,44.0,45.0,30709,0.0,0.0
2024-08-07 00:00:00+03:00,46.0,46.0,43.65999984741211,43.65999984741211,20112,0.0,0.0
2024-08-08 00:00:00+03:00,43.65999984741211,44.5,41.220001220703125,42.439998626708984,59082,0.0,0.0
2024-08-09 00:00:00+03:00,44.41999816894531,46.68000030517578,44.41999816894531,46.68000030517578,115793,0.0,0.0
2024-08-12 00:00:00+03:00,45.0,45.0,44.0,44.97999954223633,94725,0.0,0.0
2024-08-13 00:00:00+03:00,43.36000061035156,44.02000045776367,43.36000061035156,44.0,42840,0.0,0.0
2024-08-14 00:00:00+03:00,44.0,44.0,43.880001068115234,43.880001068115234,30607,0.0,0.0
2024-08-15 00:00:00+03:00,43.119998931884766,43.119998931884766,43.0,43.0,64687,0.0,0.0
2024-08-16 00:00:00+03:00,44.5,44.5,43.5,43.5,26417,0.0,0.0
2024-08-19 00:00:00+03:00,43.5,45.0,43.5,45.0,92299,0.0,0.0
2024-08-20 00:00:00+03:00,44.29999923706055,44.29999923706055,43.41999816894531,43.41999816894531,34832,0.0,0.0
2024-08-21 00:00:00+03:00,43.41999816894531,43.41999816894531,43.41999816894531,43.41999816894531,28162,0.0,0.0
2024-08-22 00:00:00+03:00,43.400001525878906,43.400001525878906,42.65999984741211,42.65999984741211,23988,0.0,0.0
2024-08-23 00:00:00+03:00,42.65999984741211,43.0,42.65999984741211,43.0,13081,0.0,0.0
2024-08-26 00:00:00+03:00,42.97999954223633,42.97999954223633,41.2400016784668,41.2400016784668,17310,0.0,0.0
2024-08-27 00:00:00+03:00,41.0,41.0,40.79999923706055,40.79999923706055,42607,0.0,0.0
2024-08-28 00:00:00+03:00,40.79999923706055,42.5,40.0,42.5,48619,0.0,0.0
2024-08-29 00:00:00+03:00,42.5,44.0,42.5,43.0,25981,0.0,0.0
2024-09-02 00:00:00+03:00,43.5,43.599998474121094,43.5,43.599998474121094,41733,0.0,0.0
2024-09-03 00:00:00+03:00,43.5,43.5,43.439998626708984,43.5,36838,0.0,0.0
2024-09-04 00:00:00+03:00,44.0,45.060001373291016,44.0,45.060001373291016,44730,0.0,0.0
2024-09-05 00:00:00+03:00,45.0,45.0,43.79999923706055,43.79999923706055,28900,0.0,0.0
2024-09-06 00:00:00+03:00,44.459999084472656,44.459999084472656,44.099998474121094,44.099998474121094,6456,0.0,0.0
2024-09-09 00:00:00+03:00,44.099998474121094,44.099998474121094,41.619998931884766,41.619998931884766,67633,0.0,0.0
2024-09-10 00:00:00+03:00,41.5,42.0,41.5,42.0,43982,0.0,0.0
2024-09-11 00:00:00+03:00,40.31999969482422,43.060001373291016,40.31999969482422,43.060001373291016,38782,0.0,0.0
2024-09-12 00:00:00+03:00,44.0,44.0,43.2599983215332,43.2599983215332,12036,0.0,0.0
2024-09-13 00:00:00+03:00,43.099998474121094,43.099998474121094,42.959999084472656,42.959999084472656,23656,0.0,0.0
2024-09-16 00:00:00+03:00,44.0,44.0,43.0,43.0,14651,0.0,0.0
2024-09-17 00:00:00+03:00,44.0,44.0,41.619998931884766,44.0,27513,0.0,0.0
2024-09-18 00:00:00+03:00,44.0,44.0,42.099998474121094,43.34000015258789,31854,0.0,0.0
2024-09-19 00:00:00+03:00,45.0,45.0,44.0,45.0,46557,0.0,0.0
2024-09-20 00:00:00+03:00,43.58000183105469,44.0,43.58000183105469,43.619998931884766,11478,0.0,0.0
2024-09-23 00:00:00+03:00,44.29999923706055,44.29999923706055,43.02000045776367,43.02000045776367,27341,0.0,0.0
2024-09-24 00:00:00+03:00,44.959999084472656,44.959999084472656,43.68000030517578,43.70000076293945,28520,0.0,0.0
2024-09-25 00:00:00+03:00,43.70000076293945,43.70000076293945,42.13999938964844,43.47999954223633,25422,0.0,0.0
2024-09-26 00:00:00+03:00,43.400001525878906,43.400001525878906,42.099998474121094,42.099998474121094,20675,0.0,0.0
2024-09-27 00:00:00+03:00,46.29999923706055,46.29999923706055,45.0,45.0,51967,0.0,0.0
2024-09-30 00:00:00+03:00,44.0,44.0,42.720001220703125,44.0,71917,0.0,0.0
2024-10-01 00:00:00+03:00,42.63999938964844,48.0,39.599998474121094,47.0,137516,0.0,0.0
2024-10-02 00:00:00+03:00,44.0,44.0,43.79999923706055,43.79999923706055,87516,0.0,0.0
2024-10-03 00:00:00+03:00,43.79999923706055,43.79999923706055,42.5,42.5,59333,0.0,0.0
2024-10-04 00:00:00+03:00,42.5,42.560001373291016,42.0,42.560001373291016,25855,0.0,0.0
2024-10-07 00:00:00+03:00,42.79999923706055,42.79999923706055,42.560001373291016,42.560001373291016,30486,0.0,0.0
2024-10-08 00:00:00+03:00,42.5,42.5,42.040000915527344,42.20000076293945,34219,0.0,0.0
2024-10-09 00:00:00+03:00,42.70000076293945,42.70000076293945,42.060001373291016,42.060001373291016,23909,0.0,0.0
2024-10-10 00:00:00+03:00,42.0,42.2400016784668,42.0,42.2400016784668,38442,0.0,0.0
2024-10-11 00:00:00+03:00,43.0,43.0,42.220001220703125,42.220001220703125,30966,0.0,0.0
2024-10-14 00:00:00+03:00,43.099998474121094,43.099998474121094,40.34000015258789,41.47999954223633,25903,0.0,0.0
2024-10-15 00:00:00+03:00,41.29999923706055,41.29999923706055,41.0,41.060001373291016,45455,0.0,0.0
2024-10-16 00:00:00+03:00,40.599998474121094,41.5,40.599998474121094,41.47999954223633,24785,0.0,0.0
2024-10-17 00:00:00+03:00,41.47999954223633,41.5,40.619998931884766,41.5,22884,0.0,0.0
2024-10-18 00:00:00+03:00,41.47999954223633,45.20000076293945,41.47999954223633,42.060001373291016,80311,0.0,0.0
2024-10-21 00:00:00+03:00,41.79999923706055,42.0,41.619998931884766,41.619998931884766,39606,0.0,0.0
2024-10-22 00:00:00+03:00,41.5,41.97999954223633,41.5,41.97999954223633,24013,0.0,0.0
2024-10-23 00:00:00+03:00,41.97999954223633,42.060001373291016,41.97999954223633,42.060001373291016,211232,0.0,0.0
2024-10-24 00:00:00+03:00,42.0,42.959999084472656,42.0,42.959999084472656,63670,0.0,0.0
2024-10-25 00:00:00+03:00,42.400001525878906,42.400001525878906,42.400001525878906,42.400001525878906,47284,0.0,0.0
2024-10-28 00:00:00+03:00,42.5,42.5,42.400001525878906,42.400001525878906,19384,0.0,0.0
2024-10-30 00:00:00+03:00,42.5,42.5,42.400001525878906,42.5,32216,0.0,0.0
2024-10-31 00:00:00+03:00,42.0,42.0,42.0,42.0,18979,0.0,0.0
2024-11-01 00:00:00+03:00,43.18000030517578,43.18000030517578,42.5,43.18000030517578,68005,0.0,0.0
2024-11-04 00:00:00+03:00,44.0,44.0,42.0,42.18000030517578,31838,0.0,0.0
2024-11-05 00:00:00+03:00,42.20000076293945,42.29999923706055,41.400001525878906,42.29999923706055,29429,0.0,0.0
2024-11-06 00:00:00+03:00,41.5,42.2400016784668,41.5,41.939998626708984,29863,0.0,0.0
2024-11-07 00:00:00+03:00,42.0,42.0,40.0,40.29999923706055,47863,0.0,0.0
2024-11-08 00:00:00+03:00,40.5,41.7400016784668,40.5,41.099998474121094,62929,0.0,0.0
2024-11-11 00:00:00+03:00,40.880001068115234,41.79999923706055,40.880001068115234,41.400001525878906,48176,0.0,0.0
2024-11-12 00:00:00+03:00,41.400001525878906,41.79999923706055,41.400001525878906,41.599998474121094,20520,0.0,0.0
2024-11-13 00:00:00+03:00,41.560001373291016,41.560001373291016,41.0,41.0,29800,0.0,0.0
2024-11-14 00:00:00+03:00,43.400001525878906,43.400001525878906,41.959999084472656,42.02000045776367,61754,0.0,0.0
2024-11-15 00:00:00+03:00,43.099998474121094,43.099998474121094,42.47999954223633,43.0,58010,0.0,0.0
2024-11-18 00:00:00+03:00,44.79999923706055,45.0,44.79999923706055,45.0,106407,0.0,0.0
2024-11-19 00:00:00+03:00,45.29999923706055,45.29999923706055,42.400001525878906,42.400001525878906,30673,0.0,0.0
2024-11-20 00:00:00+03:00,42.599998474121094,42.97999954223633,42.0,42.900001525878906,50409,0.0,0.0
2024-11-21 00:00:00+03:00,42.91999816894531,45.0,42.91999816894531,45.0,75453,0.0,0.0
2024-11-22 00:00:00+03:00,46.099998474121094,49.459999084472656,46.099998474121094,49.459999084472656,160048,0.0,0.0
2024-11-25 00:00:00+03:00,52.0,54.400001525878906,52.0,54.400001525878906,270554,0.0,0.0
2024-11-26 00:00:00+03:00,55.0,57.5,55.0,57.5,188991,0.0,0.0
2024-11-27 00:00:00+03:00,58.5,59.0,58.5,58.75,203420,0.0,0.0
2024-11-28 00:00:00+03:00,59.0,59.0,55.0,55.0,108137,0.0,0.0
2024-11-29 00:00:00+03:00,56.0,56.0,56.0,56.0,114109,0.0,0.0
2024-12-02 00:00:00+03:00,60.0,60.0,58.900001525878906,58.900001525878906,66621,0.0,0.0
2024-12-03 00:00:00+03:00,64.75,64.75,58.0,58.0,1201741,0.0,0.0
2024-12-04 00:00:00+03:00,58.5,60.0,58.5,59.95000076293945,154614,0.0,0.0
2024-12-05 00:00:00+03:00,59.95000076293945,60.5,59.0,59.0,393736,0.0,0.0
2024-12-06 00:00:00+03:00,59.0,63.5,59.0,63.0,216800,0.0,0.0
2024-12-09 00:00:00+03:00,61.0,63.0,60.0,61.79999923706055,244398,0.0,0.0
2024-12-10 00:00:00+03:00,63.0,63.0,62.5,62.5,106182,0.0,0.0
2024-12-11 00:00:00+03:00,64.0,64.0,62.5,62.54999923706055,664473,0.0,0.0
2024-12-12 00:00:00+03:00,63.0,63.0,63.0,63.0,44248,0.0,0.0
2024-12-13 00:00:00+03:00,63.0,65.0,63.0,65.0,69218,0.0,0.0
2024-12-16 00:00:00+03:00,65.0,65.0,62.5,62.900001525878906,431854,0.0,0.0
2024-12-17 00:00:00+03:00,62.900001525878906,62.900001525878906,62.0,62.0,147472,0.0,0.0
2024-12-18 00:00:00+03:00,68.19999694824219,68.19999694824219,65.0,65.0,273716,0.0,0.0
2024-12-19 00:00:00+03:00,64.0,67.94999694824219,64.0,67.94999694824219,83107,0.0,0.0
2024-12-20 00:00:00+03:00,69.0,69.5,68.30000305175781,68.30000305175781,210479,0.0,0.0
2024-12-23 00:00:00+03:00,64.30000305175781,69.30000305175781,64.0,68.9000015258789,157921,0.0,0.0
2024-12-24 00:00:00+03:00,68.9000015258789,68.9000015258789,64.5,68.75,207313,0.0,0.0
2024-12-25 00:00:00+03:00,70.0,72.94999694824219,70.0,72.0,289692,0.0,0.0
2024-12-26 00:00:00+03:00,72.25,72.5,71.3499984741211,71.3499984741211,80026,0.0,0.0
2024-12-27 00:00:00+03:00,71.44999694824219,74.1500015258789,70.0,74.1500015258789,71889,0.0,0.0
2024-12-30 00:00:00+03:00,74.1500015258789,74.1500015258789,69.19999694824219,69.19999694824219,124632,0.0,0.0
2024-12-31 00:00:00+03:00,69.0,69.0,66.5,66.5,56093,0.0,0.0
2025-01-02 00:00:00+03:00,65.0,65.5,64.5,64.5,91323,0.0,0.0
2025-01-03 00:00:00+03:00,63.0,65.0,63.0,65.0,55427,0.0,0.0
2025-01-06 00:00:00+03:00,67.94999694824219,67.94999694824219,66.30000305175781,66.30000305175781,57570,0.0,0.0
2025-01-07 00:00:00+03:00,66.30000305175781,67.0,66.0,66.0,989524,0.0,0.0
2025-01-08 00:00:00+03:00,69.30000305175781,69.30000305175781,66.0,67.0,114091,0.0,0.0
2025-01-09 00:00:00+03:00,67.0,67.0,65.8499984741211,65.8499984741211,48191,0.0,0.0
2025-01-10 00:00:00+03:00,65.8499984741211,65.8499984741211,63.0,63.0,248843,0.0,0.0
2025-01-13 00:00:00+03:00,64.0,64.0,60.900001525878906,60.900001525878906,349569,0.0,0.0
2025-01-14 00:00:00+03:00,62.849998474121094,62.849998474121094,60.900001525878906,62.0,29377,0.0,0.0
2025-01-15 00:00:00+03:00,62.0,62.0,59.45000076293945,59.45000076293945,41783,0.0,0.0
2025-01-16 00:00:00+03:00,59.45000076293945,59.45000076293945,55.0,55.0,60252,0.0,0.0
2025-01-17 00:00:00+03:00,55.0,58.599998474121094,55.0,58.599998474121094,89601,0.0,0.0
2025-01-20 00:00:00+03:00,58.5,59.29999923706055,58.5,59.29999923706055,58001,0.0,0.0
2025-01-21 00:00:00+03:00,58.70000076293945,58.70000076293945,56.900001525878906,56.900001525878906,32212,0.0,0.0
2025-01-22 00:00:00+03:00,56.400001525878906,58.5,56.400001525878906,58.5,41399,0.0,0.0
2025-01-23 00:00:00+03:00,59.0,59.0,58.45000076293945,58.45000076293945,22848,0.0,0.0
2025-01-24 00:00:00+03:00,58.45000076293945,58.45000076293945,55.0,55.0,46999,0.0,0.0
2025-01-27 00:00:00+03:00,54.5,54.5,53.29999923706055,53.29999923706055,25554,0.0,0.0
2025-01-28 00:00:00+03:00,51.0,51.0,50.5,50.5,136171,0.0,0.0
2025-01-29 00:00:00+03:00,51.5,51.5,50.5,50.5,43963,0.0,0.0
2025-01-30 00:00:00+03:00,50.900001525878906,51.400001525878906,50.900001525878906,50.95000076293945,23871,0.0,0.0
2025-01-31 00:00:00+03:00,50.5,51.0,50.0,50.150001525878906,39821,0.0,0.0
2025-02-03 00:00:00+03:00,50.0,50.70000076293945,50.0,50.70000076293945,157671,0.0,0.0
2025-02-04 00:00:00+03:00,50.5,50.70000076293945,50.0,50.5,361296,0.0,0.0
2025-02-05 00:00:00+03:00,51.45000076293945,51.45000076293945,50.0,50.0,53888,0.0,0.0
2025-02-06 00:00:00+03:00,50.599998474121094,50.900001525878906,50.0,50.0,39982,0.0,0.0
2025-02-07 00:00:00+03:00,50.29999923706055,51.0,50.29999923706055,50.29999923706055,49778,0.0,0.0
2025-02-10 00:00:00+03:00,52.900001525878906,52.900001525878906,52.0,52.0,54264,0.0,0.0
2025-02-11 00:00:00+03:00,53.0,53.099998474121094,53.0,53.0,41496,0.0,0.0
2025-02-12 00:00:00+03:00,53.0,53.25,51.650001525878906,51.650001525878906,36149,0.0,0.0
2025-02-13 00:00:00+03:00,51.650001525878906,51.650001525878906,51.0,51.650001525878906,31102,0.0,0.0
2025-02-14 00:00:00+03:00,51.900001525878906,52.5,51.900001525878906,52.5,25730,0.0,0.0
2025-02-17 00:00:00+03:00,52.5,52.5,51.150001525878906,51.150001525878906,30651,0.0,0.0
2025-02-18 00:00:00+03:00,51.29999923706055,51.29999923706055,51.04999923706055,51.20000076293945,23881,0.0,0.0
2025-02-19 00:00:00+03:00,51.20000076293945,51.5,50.04999923706055,51.400001525878906,19568,0.0,0.0
2025-02-20 00:00:00+03:00,51.349998474121094,51.349998474121094,50.5,51.0,23222,0.0,0.0
2025-02-21 00:00:00+03:00,51.0,51.95000076293945,51.0,51.0,62343,0.0,0.0
2025-02-24 00:00:00+03:00,50.900001525878906,51.25,50.04999923706055,50.04999923706055,45843,0.0,0.0
2025-02-25 00:00:00+03:00,50.25,50.25,50.0,50.0,36383,0.0,0.0
2025-02-26 00:00:00+03:00,50.0,50.0,48.0,48.0,55406,0.0,0.0
2025-02-27 00:00:00+03:00,48.0,50.0,47.5,48.0,239762,0.0,0.0
2025-02-28 00:00:00+03:00,49.0,49.900001525878906,49.0,49.70000076293945,143815,0.0,0.0
2025-03-03 00:00:00+03:00,50.0,50.0,48.0,48.0,57897,0.0,0.0
2025-03-04 00:00:00+03:00,46.0,47.5,46.0,47.400001525878906,85604,0.0,0.0
2025-03-05 00:00:00+03:00,48.0,49.20000076293945,48.0,48.5,160478,0.0,0.0
2025-03-06 00:00:00+03:00,49.0,52.0,49.0,51.95000076293945,64977,0.0,0.0
2025-03-07 00:00:00+03:00,54.5,57.099998474121094,54.5,57.099998474121094,124776,0.0,0.0
2025-03-10 00:00:00+03:00,57.0,57.0,56.95000076293945,56.95000076293945,141545,0.0,0.0
2025-03-11 00:00:00+03:00,56.95000076293945,56.95000076293945,56.0,56.5,240328,0.0,0.0
2025-03-12 00:00:00+03:00,56.0,56.0,55.150001525878906,55.20000076293945,41516,0.0,0.0
2025-03-13 00:00:00+03:00,55.5,58.20000076293945,55.5,58.20000076293945,38124,0.0,0.0
2025-03-14 00:00:00+03:00,60.0,60.95000076293945,59.0,60.900001525878906,58971,0.0,0.0
2025-03-17 00:00:00+03:00,64.0,64.0,62.400001525878906,62.400001525878906,58262,0.0,0.0
2025-03-18 00:00:00+03:00,64.0,64.0,59.0,59.70000076293945,40100,0.0,0.0
2025-03-19 00:00:00+03:00,54.599998474121094,54.599998474121094,53.75,53.75,50246,0.0,0.0
2025-03-20 00:00:00+03:00,55.29999923706055,56.0,55.29999923706055,56.0,55598,0.0,0.0
2025-03-21 00:00:00+03:00,54.95000076293945,54.95000076293945,50.400001525878906,51.0,64525,0.0,0.0
2025-03-24 00:00:00+03:00,51.04999923706055,55.75,51.04999923706055,53.400001525878906,30907,0.0,0.0
2025-03-25 00:00:00+03:00,53.900001525878906,55.5,53.900001525878906,55.5,27059,0.0,0.0
2025-03-26 00:00:00+03:00,55.849998474121094,55.849998474121094,54.0,54.0,27288,0.0,0.0
2025-03-27 00:00:00+03:00,53.29999923706055,57.0,53.29999923706055,53.900001525878906,160591,0.0,0.0
2025-03-28 00:00:00+03:00,54.0,54.0,54.0,54.0,69918,0.0,0.0
2025-04-02 00:00:00+03:00,54.0,55.0,54.0,55.0,286508,0.0,0.0
2025-04-03 00:00:00+03:00,55.0,55.0,53.95000076293945,53.95000076293945,35775,0.0,0.0
2025-04-04 00:00:00+03:00,53.0,53.0,52.5,52.95000076293945,242354,0.0,0.0
2025-04-07 00:00:00+03:00,51.0,56.0,51.0,56.0,113368,0.0,0.0
2025-04-08 00:00:00+03:00,57.0,57.900001525878906,57.0,57.650001525878906,78565,0.0,0.0
2025-04-09 00:00:00+03:00,57.0,57.0,55.04999923706055,56.349998474121094,46613,0.0,0.0
2025-04-10 00:00:00+03:00,57.0,57.0,55.0,56.349998474121094,47472,0.0,0.0
2025-04-11 00:00:00+03:00,56.349998474121094,57.0,56.349998474121094,56.95000076293945,53796,0.0,0.0
2025-04-14 00:00:00+03:00,56.95000076293945,58.099998474121094,55.95000076293945,55.95000076293945,514902,0.0,0.0
2025-04-15 00:00:00+03:00,56.5,56.95000076293945,56.5,56.95000076293945,45160,0.0,0.0
2025-04-16 00:00:00+03:00,57.349998474121094,57.349998474121094,54.0,54.5,67977,0.0,0.0
2025-04-17 00:00:00+03:00,54.099998474121094,55.0,54.099998474121094,55.0,278546,0.0,0.0
2025-04-18 00:00:00+03:00,55.5,55.5,54.0,54.0,76262,0.0,0.0
2025-04-21 00:00:00+03:00,54.5,59.400001525878906,54.5,59.400001525878906,697008,0.0,0.0
2025-04-22 00:00:00+03:00,65.30000305175781,65.30000305175781,65.30000305175781,65.30000305175781,322178,0.0,0.0
2025-04-24 00:00:00+03:00,61.29999923706055,66.94999694824219,61.29999923706055,66.94999694824219,166230,0.0,0.0
2025-04-25 00:00:00+03:00,69.94999694824219,71.0,69.94999694824219,71.0,134857,0.0,0.0
2025-04-28 00:00:00+03:00,71.0,75.0,67.0,74.94999694824219,137045,0.0,0.0
2025-04-29 00:00:00+03:00,77.0,78.1500015258789,76.0,78.0,552731,0.0,0.0
2025-04-30 00:00:00+03:00,80.0,81.0,80.0,81.0,459365,0.0,0.0
2025-05-02 00:00:00+03:00,83.0,83.0,72.9000015258789,72.9000015258789,193954,0.0,0.0
2025-05-05 00:00:00+03:00,76.0,76.0,73.75,73.75,212820,0.0,0.0
2025-05-06 00:00:00+03:00,75.4000015258789,75.4000015258789,66.4000015258789,69.8499984741211,172996,0.0,0.0
2025-05-07 00:00:00+03:00,69.8499984741211,69.8499984741211,67.0,67.0,66255,0.0,0.0
2025-05-08 00:00:00+03:00,66.30000305175781,73.69999694824219,66.30000305175781,73.69999694824219,173749,0.0,0.0
2025-05-09 00:00:00+03:00,81.05000305175781,81.05000305175781,80.0999984741211,81.05000305175781,195741,0.0,0.0
2025-05-12 00:00:00+03:00,84.0,86.0,84.0,86.0,187788,0.0,0.0
2025-05-13 00:00:00+03:00,90.0,90.05000305175781,90.0,90.05000305175781,172304,0.0,0.0
2025-05-14 00:00:00+03:00,93.44999694824219,94.0,93.0,93.0,113465,0.0,0.0
2025-05-15 00:00:00+03:00,85.0,97.0,85.0,97.0,208926,0.0,0.0
2025-05-16 00:00:00+03:00,96.0,96.0,90.25,92.0999984741211,72971,0.0,0.0
2025-05-20 00:00:00+03:00,86.0,97.0,86.0,97.0,175075,0.0,0.0
2025-05-21 00:00:00+03:00,98.0,98.0,92.30000305175781,94.0,86005,0.0,0.0
2025-05-22 00:00:00+03:00,90.0,96.0,90.0,94.0,133921,0.0,0.0
2025-05-23 00:00:00+03:00,96.0,96.0,89.19999694824219,91.8499984741211,67882,0.0,0.0
2025-05-26 00:00:00+03:00,88.6500015258789,90.5,88.6500015258789,88.80000305175781,63980,0.0,0.0
2025-05-27 00:00:00+03:00,88.80000305175781,88.80000305175781,85.0,85.0,43920,0.0,0.0
2025-05-28 00:00:00+03:00,81.0999984741211,93.0,81.0999984741211,90.0,153448,0.0,0.0
2025-05-29 00:00:00+03:00,94.0,96.0,94.0,95.0,86330,0.0,0.0
2025-05-30 00:00:00+03:00,95.0,96.0,88.05000305175781,90.0,87188,0.0,0.0
2025-06-02 00:00:00+03:00,90.8499984741211,90.8499984741211,86.0,86.0,49891,0.0,0.0
2025-06-03 00:00:00+03:00,86.0,86.5,85.5999984741211,86.5,33145,0.0,0.0
2025-06-04 00:00:00+03:00,86.5,90.80000305175781,86.5,90.75,61971,0.0,0.0
2025-06-05 00:00:00+03:00,90.75,90.75,88.3499984741211,88.94999694824219,7866,0.0,0.0
2025-06-10 00:00:00+03:00,94.0,94.0,86.05000305175781,88.5999984741211,79637,0.0,0.0
2025-06-11 00:00:00+03:00,90.0,92.0,90.0,91.94999694824219,53997,0.0,0.0
2025-06-12 00:00:00+03:00,94.0,94.0,90.0,93.9000015258789,41458,0.0,0.0
2025-06-13 00:00:00+03:00,90.0,90.0,86.5,90.0,81441,0.0,0.0
2025-06-16 00:00:00+03:00,89.5,89.5,88.0,88.0,29714,0.0,0.0
2025-06-17 00:00:00+03:00,87.0,87.0,85.0,85.0,50391,0.0,0.0
2025-06-18 00:00:00+03:00,85.0,85.0,81.0,81.0,39066,0.0,0.0
2025-06-19 00:00:00+03:00,86.5,87.0,86.5,86.5,278350,0.0,0.0
2025-06-20 00:00:00+03:00,90.0,90.0,88.0,88.0,103456,0.0,0.0
2025-06-23 00:00:00+03:00,90.0,90.0,88.0,90.0,175288,0.0,0.0
2025-06-24 00:00:00+03:00,93.0,93.9000015258789,93.0,93.9000015258789,171568,0.0,0.0
2025-06-25 00:00:00+03:00,95.8499984741211,95.8499984741211,93.19999694824219,93.19999694824219,89127,0.0,0.0
2025-06-26 00:00:00+03:00,94.0,94.0,91.5999984741211,91.5999984741211,86205,0.0,0.0
2025-06-27 00:00:00+03:00,93.55000305175781,95.0,93.55000305175781,95.0,212582,0.0,0.0
2025-06-30 00:00:00+03:00,95.0,97.0999984741211,95.0,97.0999984741211,166610,0.0,0.0
2025-07-01 00:00:00+03:00,97.0,97.0,96.9000015258789,96.9000015258789,70253,0.0,0.0
2025-07-02 00:00:00+03:00,97.5,97.5,97.44999694824219,97.44999694824219,55878,0.0,0.0
2025-07-03 00:00:00+03:00,97.44999694824219,97.44999694824219,95.0,95.0999984741211,76688,0.0,0.0
2025-07-04 00:00:00+03:00,97.0,97.0,96.0999984741211,96.4000015258789,82304,0.0,0.0
2025-07-07 00:00:00+03:00,96.4000015258789,96.4000015258789,93.0,93.0,58470,0.0,0.0
2025-07-08 00:00:00+03:00,94.8499984741211,94.8499984741211,92.4000015258789,92.4000015258789,93046,0.0,0.0
2025-07-09 00:00:00+03:00,93.69999694824219,94.0,93.69999694824219,94.0,145890,0.0,0.0
2025-07-10 00:00:00+03:00,93.75,93.75,93.0,93.0,67617,0.0,0.0
2025-07-11 00:00:00+03:00,93.0,93.0,90.30000305175781,92.9000015258789,46886,0.0,0.0
2025-07-14 00:00:00+03:00,90.4000015258789,90.5,90.4000015258789,90.5,66569,0.0,0.0
2025-07-16 00:00:00+03:00,93.80000305175781,94.0,91.5,91.5,82829,0.0,0.0
2025-07-17 00:00:00+03:00,82.3499984741211,93.80000305175781,82.3499984741211,93.80000305175781,147564,0.0,0.0
2025-07-18 00:00:00+03:00,92.6500015258789,92.6500015258789,92.0,92.0,79208,0.0,0.0
2025-07-21 00:00:00+03:00,92.5,92.5,91.80000305175781,91.80000305175781,126609,0.0,0.0
2025-07-22 00:00:00+03:00,90.30000305175781,90.30000305175781,88.30000305175781,88.30000305175781,78936,0.0,0.0
2025-07-23 00:00:00+03:00,89.44999694824219,90.0,89.44999694824219,89.94999694824219,44415,0.0,0.0
2025-07-24 00:00:00+03:00,87.0,90.0,87.0,90.0,54003,0.0,0.0
2025-07-25 00:00:00+03:00,87.0,90.0,87.0,89.0,38416,0.0,0.0
2025-07-28 00:00:00+03:00,88.94999694824219,90.0,88.5999984741211,90.0,138350,0.0,0.0
2025-07-29 00:00:00+03:00,89.0,90.0999984741211,89.0,90.0999984741211,255221,0.0,0.0
2025-07-30 00:00:00+03:00,90.0,91.0,90.0,90.0,119205,0.0,0.0
2025-07-31 00:00:00+03:00,90.0,91.80000305175781,90.0,91.80000305175781,198612,0.0,0.0
2025-08-01 00:00:00+03:00,92.94999694824219,93.0,91.8499984741211,91.8499984741211,56218,0.0,0.0
2025-08-04 00:00:00+03:00,91.8499984741211,92.5,91.5,91.5,52329,0.0,0.0
2025-08-05 00:00:00+03:00,91.05000305175781,91.05000305175781,87.30000305175781,87.30000305175781,66986,0.0,0.0
2025-08-06 00:00:00+03:00,90.0,90.0,89.0,89.0,111734,0.0,0.0
2025-08-07 00:00:00+03:00,88.0,90.0,88.0,88.30000305175781,26087,0.0,0.0
2025-08-08 00:00:00+03:00,90.0,90.0,87.05000305175781,87.05000305175781,23639,0.0,0.0
2025-08-11 00:00:00+03:00,88.0,88.0,87.0,87.0,42651,0.0,0.0
2025-08-12 00:00:00+03:00,86.69999694824219,86.69999694824219,85.0,85.0999984741211,33748,0.0,0.0
2025-08-13 00:00:00+03:00,86.0,88.0,86.0,88.0,80424,0.0,0.0
2025-08-14 00:00:00+03:00,89.0,89.0,88.0,88.0,59265,0.0,0.0
2025-08-15 00:00:00+03:00,87.94999694824219,87.94999694824219,87.69999694824219,87.69999694824219,20845,0.0,0.0
2025-08-18 00:00:00+03:00,87.6500015258789,89.30000305175781,87.6500015258789,89.30000305175781,246438,0.0,0.0
2025-08-19 00:00:00+03:00,88.69999694824219,88.69999694824219,88.0,88.0,59165,0.0,0.0
2025-08-20 00:00:00+03:00,87.4000015258789,87.4000015258789,87.0,87.0,59325,0.0,0.0
2025-08-21 00:00:00+03:00,86.0,87.0,86.0,86.30000305175781,66733,0.0,0.0
2025-08-22 00:00:00+03:00,90.0,90.0,89.94999694824219,89.94999694824219,102140,0.0,0.0
2025-08-25 00:00:00+03:00,90.0,90.0,89.75,89.75,160505,0.0,0.0
2025-08-26 00:00:00+03:00,90.0,90.0,89.0,89.9000015258789,79673,0.0,0.0
2025-08-27 00:00:00+03:00,90.0,93.0,90.0,93.0,232020,0.0,0.0
2025-08-28 00:00:00+03:00,100.0,101.69999694824219,100.0,101.69999694824219,273183,0.0,0.0
2025-08-29 00:00:00+03:00,102.0,104.80000305175781,102.0,104.0,196718,0.0,0.0
2025-09-01 00:00:00+03:00,100.0,111.5,100.0,111.5,185288,0.0,0.0
2025-09-02 00:00:00+03:00,122.5999984741211,122.5999984741211,115.0,115.0,301385,0.0,0.0
2025-09-03 00:00:00+03:00,116.0,116.5,116.0,116.0,128650,0.0,0.0
2025-09-04 00:00:00+03:00,123.30000305175781,124.5,120.0,120.0,216496,0.0,0.0
2025-09-05 00:00:00+03:00,120.0,120.0,115.80000305175781,115.80000305175781,79705,0.0,0.0
2025-09-08 00:00:00+03:00,120.0,121.0,120.0,120.0,77875,0.0,0.0
2025-09-09 00:00:00+03:00,127.0,127.0,120.5,122.5,49489,0.0,0.0
2025-09-10 00:00:00+03:00,125.0,125.0,120.69999694824219,120.69999694824219,60509,0.0,0.0
2025-09-11 00:00:00+03:00,124.0,125.0,123.0,125.0,147785,0.0,0.0
2025-09-12 00:00:00+03:00,126.0,126.0,126.0,126.0,92285,0.0,0.0
2025-09-15 00:00:00+03:00,126.5,126.5,125.80000305175781,125.80000305175781,110697,0.0,0.0
2025-09-16 00:00:00+03:00,128.0,130.0,128.0,130.0,107862,0.0,0.0
2025-09-17 00:00:00+03:00,139.0,139.0,136.0,136.0,90135,0.0,0.0
2025-09-18 00:00:00+03:00,140.0,140.0,140.0,140.0,81375,0.0,0.0
2025-09-19 00:00:00+03:00,140.0,140.0,139.0,139.0,63103,0.0,0.0
2025-09-22 00:00:00+03:00,139.0,139.0,136.89999389648438,136.89999389648438,21689,0.0,0.0
2025-09-23 00:00:00+03:00,123.30000305175781,137.0,123.30000305175781,133.3000030517578,102009,0.0,0.0
2025-09-24 00:00:00+03:00,140.0,140.0,134.6999969482422,134.6999969482422,30320,0.0,0.0
2025-09-25 00:00:00+03:00,133.5,134.0,133.5,133.5,46278,0.0,0.0
2025-09-26 00:00:00+03:00,135.8000030517578,135.8000030517578,130.0,130.0,32294,0.0,0.0
2025-09-29 00:00:00+03:00,131.3000030517578,131.3000030517578,117.0,128.5,128917,0.0,0.0
2025-09-30 00:00:00+03:00,131.5,131.5,130.10000610351562,131.5,69115,0.0,0.0
2025-10-01 00:00:00+03:00,135.0,136.0,135.0,135.0,85727,0.0,0.0
2025-10-02 00:00:00+03:00,135.0,140.5,135.0,136.60000610351562,242263,0.0,0.0
2025-10-03 00:00:00+03:00,150.0,150.0,145.0,145.0,136090,0.0,0.0
2025-10-06 00:00:00+03:00,149.8000030517578,149.8000030517578,138.3000030517578,142.39999389648438,74634,0.0,0.0
2025-10-07 00:00:00+03:00,144.0,149.0,142.0,149.0,233817,0.0,0.0
2025-10-08 00:00:00+03:00,154.0,154.0,152.0,152.0,290048,0.0,0.0
2025-10-09 00:00:00+03:00,155.5,155.5,154.0,154.0,110679,0.0,0.0
2025-10-10 00:00:00+03:00,154.0,154.0,152.0,152.0,72623,0.0,0.0
2025-10-13 00:00:00+03:00,152.89999389648438,152.89999389648438,150.0,150.0,48777,0.0,0.0
2025-10-14 00:00:00+03:00,148.5,150.0,147.0,149.8000030517578,46302,0.0,0.0
2025-10-15 00:00:00+03:00,150.0,150.0,148.39999389648438,149.0,53090,0.0,0.0
2025-10-16 00:00:00+03:00,150.0,150.0,145.1999969482422,145.5,37051,0.0,0.0
2025-10-17 00:00:00+03:00,142.0,142.0,140.0,141.0,29402,0.0,0.0
2025-10-20 00:00:00+03:00,138.0,138.0,129.8000030517578,129.8000030517578,60944,0.0,0.0
2025-10-21 00:00:00+03:00,123.0,131.3000030517578,123.0,130.3000030517578,233675,0.0,0.0
2025-10-22 00:00:00+03:00,131.0,132.0,130.3000030517578,130.3000030517578,185264,0.0,0.0
2025-10-23 00:00:00+03:00,139.0,139.0,130.0,130.0,103818,0.0,0.0
2025-10-24 00:00:00+03:00,130.0,130.0,124.0,127.69999694824219,97364,0.0,0.0
2025-10-27 00:00:00+03:00,132.0,133.3000030517578,125.0,132.5,86828,0.0,0.0
2025-10-28 00:00:00+03:00,132.5,139.6999969482422,132.5,139.6999969482422,39814,0.0,0.0
2025-10-30 00:00:00+03:00,139.6999969482422,139.6999969482422,133.0,133.10000610351562,99513,0.0,0.0
2025-10-31 00:00:00+03:00,138.0,138.0,135.0,135.0,101249,0.0,0.0
2025-11-03 00:00:00+03:00,138.0,138.0,135.0,135.0,249923,0.0,0.0
2025-11-04 00:00:00+03:00,137.8000030517578,138.0,135.0,135.0,98903,0.0,0.0
2025-11-05 00:00:00+03:00,137.39999389648438,137.39999389648438,136.60000610351562,137.0,86542,0.0,0.0
2025-11-06 00:00:00+03:00,140.0,147.0,140.0,147.0,532086,0.0,0.0
2025-11-07 00:00:00+03:00,147.0,150.0,147.0,149.6999969482422,1024520,0.0,0.0
2025-11-10 00:00:00+03:00,147.0,155.0,147.0,155.0,364044,0.0,0.0
2025-11-11 00:00:00+03:00,170.0,170.0,163.0,163.10000610351562,104033,0.0,0.0
2025-11-12 00:00:00+03:00,169.89999389648438,169.89999389648438,169.0,169.0,161147,0.0,0.0
2025-11-13 00:00:00+03:00,170.0,170.0,163.0,163.0,79279,0.0,0.0
2025-11-14 00:00:00+03:00,165.0,165.0,164.89999389648438,165.0,46399,0.0,0.0
2025-11-17 00:00:00+03:00,165.0,166.0,165.0,166.0,109525,0.0,0.0
2025-11-18 00:00:00+03:00,166.0,166.0,162.89999389648438,162.89999389648438,46434,0.0,0.0
2025-11-19 00:00:00+03:00,162.0,162.10000610351562,162.0,162.0,103355,0.0,0.0
2025-11-20 00:00:00+03:00,175.0,175.0,166.10000610351562,170.0,127129,0.0,0.0
2025-11-21 00:00:00+03:00,174.89999389648438,174.89999389648438,174.6999969482422,174.6999969482422,105699,0.0,0.0
2025-11-24 00:00:00+03:00,172.8000030517578,172.8000030517578,167.6999969482422,167.6999969482422,49039,0.0,0.0
2025-11-25 00:00:00+03:00,169.60000610351562,169.60000610351562,162.0,162.0,45801,0.0,0.0
2025-11-26 00:00:00+03:00,155.0,155.0,154.60000610351562,154.60000610351562,118864,0.0,0.0
2025-11-27 00:00:00+03:00,150.0,150.0,145.0,145.0,48247,0.0,0.0
2025-11-28 00:00:00+03:00,145.5,151.0,145.0,151.0,63939,0.0,0.0
2025-12-01 00:00:00+03:00,151.0,151.0,135.89999389648438,136.5,65848,0.0,0.0
2025-12-02 00:00:00+03:00,137.5,150.10000610351562,137.5,150.0,107630,0.0,0.0
2025-12-03 00:00:00+03:00,151.0,157.0,141.10000610351562,152.3000030517578,63508,0.0,0.0
2025-12-04 00:00:00+03:00,155.0,155.0,154.0,154.0,61947,0.0,0.0
2025-12-05 00:00:00+03:00,153.89999389648438,153.89999389648438,150.0,150.0,37759,0.0,0.0
2025-12-08 00:00:00+03:00,155.0,155.0,148.60000610351562,148.60000610351562,24534,0.0,0.0
2025-12-09 00:00:00+03:00,147.89999389648438,149.0,146.0,149.0,31475,0.0,0.0
2025-12-10 00:00:00+03:00,151.60000610351562,151.60000610351562,149.89999389648438,149.89999389648438,21667,0.0,0.0
2025-12-11 00:00:00+03:00,148.10000610351562,148.10000610351562,145.10000610351562,145.10000610351562,16978,0.0,0.0
2025-12-12 00:00:00+03:00,144.0,144.0,140.10000610351562,142.0,30323,0.0,0.0
2025-12-15 00:00:00+03:00,140.0,140.5,138.8000030517578,138.8000030517578,53184,0.0,0.0
2025-12-16 00:00:00+03:00,142.0,146.0,142.0,144.8000030517578,53416,0.0,0.0
2025-12-17 00:00:00+03:00,145.0,148.5,145.0,148.5,56614,0.0,0.0
2025-12-18 00:00:00+03:00,158.0,158.0,155.8000030517578,157.1999969482422,46153,0.0,0.0
2025-12-19 00:00:00+03:00,160.60000610351562,160.60000610351562,159.8000030517578,159.8000030517578,68281,0.0,0.0
2025-12-22 00:00:00+03:00,165.0,165.0,164.0,164.0,37762,0.0,0.0
2025-12-23 00:00:00+03:00,163.0,163.0,156.0,156.0,51153,0.0,0.0
2025-12-24 00:00:00+03:00,160.0,160.0,154.0,154.0,125739,0.0,0.0
2025-12-25 00:00:00+03:00,156.3000030517578,156.3000030517578,150.0,150.0,88768,0.0,0.0
2025-12-26 00:00:00+03:00,155.0,155.0,145.0,145.5,77452,0.0,0.0
2025-12-29 00:00:00+03:00,142.0,142.0,141.0,141.0,48424,0.0,0.0
2025-12-30 00:00:00+03:00,138.10000610351562,140.0,138.10000610351562,138.1999969482422,34208,0.0,0.0
2025-12-31 00:00:00+03:00,142.5,142.5,139.3000030517578,139.3000030517578,38804,0.0,0.0
2026-01-02 00:00:00+03:00,139.3000030517578,140.0,138.5,138.5,20230,0.0,0.0
2026-01-05 00:00:00+03:00,139.60000610351562,140.0,139.60000610351562,140.0,222281,0.0,0.0
2026-01-06 00:00:00+03:00,150.0,150.0,147.89999389648438,147.89999389648438,201725,0.0,0.0
2026-01-07 00:00:00+03:00,148.0,148.0,133.1999969482422,133.1999969482422,76064,0.0,0.0
2026-01-08 00:00:00+03:00,133.1999969482422,140.0,133.0,140.0,111086,0.0,0.0
2026-01-09 00:00:00+03:00,140.0,145.0,140.0,144.0,54791,0.0,0.0
2026-01-12 00:00:00+03:00,145.0,145.0,138.0,143.0,86436,0.0,0.0
2026-01-13 00:00:00+03:00,145.0,145.0,138.0,138.0,54847,0.0,0.0
2026-01-14 00:00:00+03:00,139.89999389648438,139.89999389648438,138.0,138.0,32554,0.0,0.0
2026-01-15 00:00:00+03:00,139.89999389648438,139.89999389648438,127.0,128.39999389648438,86762,0.0,0.0
2026-01-16 00:00:00+03:00,131.8000030517578,131.8000030517578,131.0,131.0,28210,0.0,0.0
2026-01-19 00:00:00+03:00,131.0,131.0,129.8000030517578,129.8000030517578,41635,0.0,0.0
2026-01-20 00:00:00+03:00,129.8000030517578,130.0,129.0,129.5,69819,0.0,0.0
2026-01-21 00:00:00+03:00,133.0,133.0,129.89999389648438,129.89999389648438,52790,0.0,0.0
2026-01-22 00:00:00+03:00,129.8000030517578,129.8000030517578,128.0,129.60000610351562,35087,0.0,0.0
2026-01-23 00:00:00+03:00,131.0,131.0,129.6999969482422,129.6999969482422,18004,0.0,0.0
2026-01-26 00:00:00+03:00,129.5,129.5,129.1999969482422,129.1999969482422,81662,0.0,0.0
2026-01-27 00:00:00+03:00,130.0,130.0,128.6999969482422,128.6999969482422,56003,0.0,0.0
2026-01-28 00:00:00+03:00,128.5,128.5,126.5999984741211,126.5999984741211,82484,0.0,0.0
2026-01-29 00:00:00+03:00,123.30000305175781,123.30000305175781,122.0,122.0,147293,0.0,0.0
2026-01-30 00:00:00+03:00,119.0,120.0,119.0,120.0,87794,0.0,0.0
2026-02-02 00:00:00+03:00,125.0,125.0,125.0,125.0,64641,0.0,0.0
2026-02-03 00:00:00+03:00,129.89999389648438,129.89999389648438,128.0,128.0,35066,0.0,0.0
2026-02-04 00:00:00+03:00,125.69999694824219,125.69999694824219,120.0,123.5,38166,0.0,0.0
2026-02-05 00:00:00+03:00,125.0,125.0,118.0,118.0,54109,0.0,0.0
2026-02-06 00:00:00+03:00,119.9000015258789,119.9000015258789,119.30000305175781,119.30000305175781,37259,0.0,0.0
2026-02-09 00:00:00+03:00,119.9000015258789,119.9000015258789,118.9000015258789,118.9000015258789,78427,0.0,0.0
2026-02-10 00:00:00+03:00,118.69999694824219,118.69999694824219,116.0,117.0,45949,0.0,0.0
2026-02-11 00:00:00+03:00,117.0,117.0,117.0,117.0,26682,0.0,0.0
2026-02-12 00:00:00+03:00,117.0,117.0,116.9000015258789,116.9000015258789,44152,0.0,0.0
2026-02-13 00:00:00+03:00,117.0,117.0,113.0,113.0,53324,0.0,0.0
2026-02-16 00:00:00+03:00,114.0,114.0,109.0,114.0,50389,0.0,0.0
2026-02-17 00:00:00+03:00,114.0,114.0,110.0,110.0,78168,0.0,0.0
2026-02-18 00:00:00+03:00,110.0,110.0,108.80000305175781,108.80000305175781,46820,0.0,0.0
2026-02-19 00:00:00+03:00,108.80000305175781,108.80000305175781,103.0,103.0999984741211,44202,0.0,0.0
2026-02-20 00:00:00+03:00,113.0,113.0,105.0,105.0,48261,0.0,0.0
2026-02-23 00:00:00+03:00,105.0,109.9000015258789,105.0,109.9000015258789,31292,0.0,0.0
2026-02-24 00:00:00+03:00,109.30000305175781,110.0,109.0,109.0,23220,0.0,0.0
2026-02-25 00:00:00+03:00,109.0,109.0,107.5,107.5,19277,0.0,0.0
2026-02-26 00:00:00+03:00,107.5,107.5,107.0,107.0,20987,0.0,0.0
2026-02-27 00:00:00+03:00,108.69999694824219,108.69999694824219,104.9000015258789,104.9000015258789,31156,0.0,0.0
2026-03-02 00:00:00+03:00,95.19999694824219,97.0,95.19999694824219,97.0,48677,0.0,0.0
2026-03-03 00:00:00+03:00,97.0,100.0,97.0,100.0,32408,0.0,0.0
2026-03-04 00:00:00+03:00,110.0,110.0,110.0,110.0,8452,0.0,0.0
2026-03-05 00:00:00+03:00,121.0,121.0,117.69999694824219,121.0,481938,0.0,0.0
2026-03-06 00:00:00+03:00,128.89999389648438,133.10000610351562,123.0,133.10000610351562,683015,0.0,0.0
2026-03-09 00:00:00+03:00,130.0,130.0,119.80000305175781,123.0,469870,0.0,0.0
2026-03-10 00:00:00+03:00,125.0,125.19999694824219,118.80000305175781,122.0,216227,0.0,0.0
2026-03-11 00:00:00+03:00,121.0999984741211,131.0,121.0999984741211,130.39999389648438,214484,0.0,0.0
2026-03-12 00:00:00+03:00,130.1999969482422,137.89999389648438,125.5,135.1999969482422,293131,0.0,0.0
2026-03-13 00:00:00+03:00,135.0,135.0,129.5,130.0,144622,0.0,0.0
2026-03-16 00:00:00+03:00,129.60000610351562,130.0,125.0,125.0,294720,0.0,0.0
2026-03-17 00:00:00+03:00,126.30000305175781,128.89999389648438,125.9000015258789,127.19999694824219,131665,0.0,0.0
2026-03-18 00:00:00+03:00,127.19999694824219,130.1999969482422,124.30000305175781,127.5,134336,0.0,0.0
2026-03-19 00:00:00+03:00,126.0,130.0,124.30000305175781,128.39999389648438,63176,0.0,0.0
2026-03-23 00:00:00+03:00,125.0,126.69999694824219,123.9000015258789,126.5,173656,0.0,0.0
2026-03-24 00:00:00+03:00,126.5999984741211,137.39999389648438,125.0,136.0,262867,0.0,0.0
2026-03-25 00:00:00+03:00,135.0,138.0,132.0,134.5,119941,0.0,0.0
2026-03-26 00:00:00+03:00,135.0,137.5,130.89999389648438,132.6999969482422,165355,0.0,0.0
2026-03-27 00:00:00+03:00,132.6999969482422,132.6999969482422,128.1999969482422,130.39999389648438,127799,0.0,0.0
2026-03-30 00:00:00+03:00,130.39999389648438,137.5,128.39999389648438,135.0,279833,0.0,0.0
2026-03-31 00:00:00+03:00,130.5,139.5,129.6999969482422,130.0,173650,0.0,0.0
2026-04-01 00:00:00+03:00,130.10000610351562,132.0,126.5,129.0,203052,0.0,0.0
2026-04-02 00:00:00+03:00,133.0,133.0,128.60000610351562,129.5,155012,0.0,0.0
2026-04-03 00:00:00+03:00,130.89999389648438,132.89999389648438,126.80000305175781,128.5,114677,0.0,0.0
2026-04-06 00:00:00+03:00,129.1999969482422,129.39999389648438,125.0,126.30000305175781,108862,0.0,0.0
2026-04-07 00:00:00+03:00,126.5,126.5999984741211,120.5,123.0,139030,0.0,0.0
2026-04-08 00:00:00+03:00,123.0,125.30000305175781,120.30000305175781,124.0,150165,0.0,0.0
2026-04-09 00:00:00+03:00,124.0,124.0,121.19999694824219,121.5,71960,0.0,0.0
2026-04-10 00:00:00+03:00,121.5,132.6999969482422,120.4000015258789,131.0,224435,0.0,0.0
2026-04-13 00:00:00+03:00,127.5,129.89999389648438,127.0,128.10000610351562,93818,0.0,0.0
2026-04-14 00:00:00+03:00,128.10000610351562,134.0,126.30000305175781,128.8000030517578,77854,0.0,0.0
2026-04-15 00:00:00+03:00,128.8000030517578,129.1999969482422,124.5,126.80000305175781,87385,0.0,0.0
2026-04-16 00:00:00+03:00,130.0,130.0,123.5,125.0,107212,0.0,0.0
2026-04-17 00:00:00+03:00,125.0,125.0,122.19999694824219,124.5,118485,0.0,0.0
2026-04-20 00:00:00+03:00,124.5,126.0,123.0999984741211,123.0999984741211,42424,0.0,0.0
2026-04-21 00:00:00+03:00,123.0999984741211,124.4000015258789,118.5999984741211,120.19999694824219,117091,0.0,0.0
2026-04-22 00:00:00+03:00,120.19999694824219,122.30000305175781,117.4000015258789,119.5999984741211,94725,0.0,0.0
2026-04-24 00:00:00+03:00,120.0,126.0,120.0,126.0,244340,0.0,0.0
2026-04-27 00:00:00+03:00,130.0,130.0,126.0,126.0999984741211,208435,0.0,0.0
2026-04-28 00:00:00+03:00,126.19999694824219,129.0,124.69999694824219,126.0,126276,0.0,0.0
2026-04-29 00:00:00+03:00,128.8000030517578,128.8000030517578,125.19999694824219,125.69999694824219,91153,0.0,0.0
2026-04-30 00:00:00+03:00,127.5,127.5,123.19999694824219,123.9000015258789,84119,0.0,0.0
2026-05-04 00:00:00+03:00,125.0,129.60000610351562,120.30000305175781,129.0,349455,0.0,0.0
2026-05-05 00:00:00+03:00,128.5,132.8000030517578,126.5999984741211,132.8000030517578,202686,0.0,0.0
2026-05-06 00:00:00+03:00,132.8000030517578,144.3000030517578,131.0,142.0,316432,0.0,0.0
2026-05-07 00:00:00+03:00,146.0,155.3000030517578,146.0,150.0,304391,0.0,0.0
2026-05-08 00:00:00+03:00,150.0,152.8000030517578,146.10000610351562,152.6999969482422,157705,0.0,0.0
2026-05-11 00:00:00+03:00,152.5,156.60000610351562,150.0,155.0,180096,0.0,0.0
2026-05-12 00:00:00+03:00,156.8000030517578,164.60000610351562,156.3000030517578,156.8000030517578,972343,0.0,0.0
2026-05-13 00:00:00+03:00,159.6999969482422,160.0,156.89999389648438,157.6999969482422,165568,0.0,0.0
2026-05-14 00:00:00+03:00,157.60000610351562,159.0,152.5,153.8000030517578,111224,0.0,0.0
2026-05-15 00:00:00+03:00,157.0,159.10000610351562,154.10000610351562,158.10000610351562,136815,0.0,0.0
2026-05-18 00:00:00+03:00,158.3000030517578,159.0,152.5,153.0,99091,0.0,0.0
2026-05-20 00:00:00+03:00,152.89999389648438,155.8000030517578,142.5,149.8000030517578,136582,0.0,0.0
2026-05-21 00:00:00+03:00,149.10000610351562,164.6999969482422,142.60000610351562,145.1999969482422,311107,0.0,0.0
2026-05-22 00:00:00+03:00,145.1999969482422,158.0,143.8000030517578,158.0,95661,0.0,0.0
2026-05-25 00:00:00+03:00,160.0,165.0,159.0,160.1999969482422,139934,0.0,0.0
2026-05-26 00:00:00+03:00,165.0,169.8000030517578,160.0,161.5,30528,0.0,0.0
2026-05-27 00:00:00+03:00,161.5,161.5,161.5,161.5,0,0.0,0.0
2026-05-28 00:00:00+03:00,161.5,161.5,161.5,161.5,0,0.0,0.0
2026-05-29 00:00:00+03:00,161.5,161.5,161.5,161.5,0,0.0,0.0
2026-06-01 00:00:00+03:00,165.0,165.3000030517578,158.10000610351562,158.1999969482422,105112,0.0,0.0
2026-06-02 00:00:00+03:00,160.0,160.10000610351562,154.0,156.89999389648438,72031,0.0,0.0
2026-06-03 00:00:00+03:00,156.0,156.0,150.0,151.0,92865,0.0,0.0
2026-06-04 00:00:00+03:00,145.0,155.89999389648438,145.0,150.0,198974,0.0,0.0
2026-06-05 00:00:00+03:00,155.1999969482422,155.1999969482422,151.0,152.0,84890,0.0,0.0
2026-06-08 00:00:00+03:00,150.10000610351562,166.0,145.3000030517578,166.0,317072,0.0,0.0
2026-06-09 00:00:00+03:00,166.0,166.0,158.10000610351562,164.39999389648438,190763,0.0,0.0
2026-06-10 00:00:00+03:00,164.39999389648438,166.0,155.0,157.1999969482422,137718,0.0,0.0
2026-06-11 00:00:00+03:00,157.1999969482422,157.89999389648438,149.5,152.10000610351562,114962,0.0,0.0
2026-06-12 00:00:00+03:00,150.0,154.39999389648438,145.5,147.8000030517578,112074,0.0,0.0
2026-06-15 00:00:00+03:00,150.5,151.5,146.0,146.0,96023,0.0,0.0
2026-06-16 00:00:00+03:00,146.0,152.0,146.0,148.6999969482422,75111,0.0,0.0
2026-06-17 00:00:00+03:00,152.8000030517578,152.8000030517578,144.0,151.39999389648438,90118,0.0,0.0
2026-06-18 00:00:00+03:00,152.89999389648438,152.89999389648438,147.0,147.0,52866,0.0,0.0
2026-06-19 00:00:00+03:00,150.0,150.0,142.39999389648438,146.3000030517578,129063,0.0,0.0
2026-06-22 00:00:00+03:00,147.0,147.0,139.0,140.6999969482422,141970,0.0,0.0
2026-06-23 00:00:00+03:00,141.1999969482422,141.1999969482422,137.5,139.8000030517578,92797,0.0,0.0
2026-06-24 00:00:00+03:00,139.5,141.10000610351562,128.6999969482422,132.0,121454,0.0,0.0
2026-06-25 00:00:00+03:00,132.5,134.89999389648438,127.5,128.60000610351562,83473,0.0,0.0
2026-06-26 00:00:00+03:00,127.19999694824219,139.5,125.0999984741211,139.5,187516,0.0,0.0
2026-06-29 00:00:00+03:00,144.39999389648438,144.39999389648438,135.10000610351562,135.89999389648438,79208,0.0,0.0
2026-06-30 00:00:00+03:00,138.5,148.89999389648438,129.8000030517578,143.10000610351562,232947,0.0,0.0
2026-07-01 00:00:00+03:00,141.89999389648438,145.39999389648438,137.8000030517578,141.60000610351562,119242,0.0,0.0
2026-07-02 00:00:00+03:00,141.60000610351562,142.89999389648438,136.5,139.1999969482422,53350,0.0,0.0
2026-07-03 00:00:00+03:00,139.1999969482422,141.1999969482422,137.5,140.1999969482422,63281,0.0,0.0
2026-07-06 00:00:00+03:00,137.10000610351562,140.1999969482422,134.10000610351562,135.1999969482422,61378,0.0,0.0
2026-07-07 00:00:00+03:00,135.1999969482422,138.5,133.10000610351562,134.0,78784,0.0,0.0
2026-07-08 00:00:00+03:00,135.5,135.5,128.8000030517578,130.8000030517578,111308,0.0,0.0
2026-07-09 00:00:00+03:00,130.8000030517578,136.5,125.0,130.0,150824,0.0,0.0
2026-07-10 00:00:00+03:00,132.89999389648438,136.3000030517578,128.10000610351562,135.89999389648438,163743,0.0,0.0
2026-07-13 00:00:00+03:00,134.10000610351562,137.10000610351562,133.0,133.8000030517578,59641,0.0,0.0
2026-07-14 00:00:00+03:00,133.8000030517578,137.0,132.0,135.3000030517578,84240,0.0,0.0
2026-07-16 00:00:00+03:00,137.89999389648438,137.89999389648438,132.10000610351562,133.6999969482422,50132,0.0,0.0
2026-07-17 00:00:00+03:00,134.8000030517578,134.8000030517578,130.10000610351562,130.10000610351562,53382,0.0,0.0
2026-07-20 00:00:00+03:00,131.89999389648438,131.89999389648438,128.10000610351562,129.89999389648438,59623,0.0,0.0
2026-07-21 00:00:00+03:00,132.89999389648438,134.60000610351562,125.0,129.89999389648438,83715,0.0,0.0
2026-07-22 00:00:00+03:00,130.0,130.3000030517578,127.0999984741211,127.5999984741211,184640,0.0,0.0
2026-07-23 00:00:00+03:00,127.0,140.3000030517578,127.0,140.3000030517578,2452191,0.0,0.0
2026-07-24 00:00:00+03:00,145.0,154.3000030517578,145.0,154.3000030517578,861081,0.0,0.0
2026-07-27 00:00:00+03:00,154.3000030517578,169.3000030517578,151.0,158.60000610351562,520377,0.0,0.0
2026-07-28 00:00:00+03:00,156.60000610351562,161.6999969482422,150.0,161.0,295874,0.0,0.0
2026-07-29 00:00:00+03:00,160.0,165.8000030517578,160.0,162.0,315455,0.0,0.0
2026-07-30 00:00:00+03:00,162.0,164.39999389648438,155.0,162.0,316218,0.0,0.0
2026-08-03 00:00:00+03:00,164.89999389648438,167.0,162.1999969482422,164.5,87776,0.0,0.0
2026-08-04 00:00:00+03:00,164.60000610351562,167.5,162.89999389648438,165.0,209034,0.0,0.0
2026-08-05 00:00:00+03:00,165.0,166.0,159.0,162.0,407428,0.0,0.0
2026-08-06 00:00:00+03:00,163.3000030517578,163.3000030517578,153.0,159.5,128021,0.0,0.0
2026-08-07 00:00:00+03:00,159.5,164.39999389648438,156.10000610351562,161.60000610351562,50092,0.0,0.0
2026-08-10 00:00:00+03:00,161.60000610351562,162.0,154.1999969482422,157.1999969482422,80069,0.0,0.0
2026-08-11 00:00:00+03:00,157.1999969482422,160.0,153.6999969482422,156.39999389648438,103733,0.0,0.0
2026-08-12 00:00:00+03:00,156.0,161.3000030517578,155.0,156.60000610351562,169204,0.0,0.0
