date,open,high,low,close,volume,dividends,stock_splits
2020-08-14 00:00:00+03:00,8.720592595990858,8.720592595990858,8.29964748297088,8.461009979248047,82745,0.0,0.0
2020-08-17 00:00:00+03:00,8.397869791433173,8.397869791433173,8.033049202842234,8.075143814086914,69944,0.0,0.0
2020-08-18 00:00:00+03:00,7.7874980491142685,8.503105046309493,7.57702452127513,8.236506462097168,112316,0.0,0.0
2020-08-19 00:00:00+03:00,8.208443110434583,8.236505870782892,7.577023977306304,7.878702163696289,135094,0.0,0.0
2020-08-20 00:00:00+03:00,7.976921850283249,7.976921850283249,7.647181858562017,7.892733573913574,41073,0.0,0.0
2020-08-21 00:00:00+03:00,7.892733863664646,8.040064523602071,7.710324051422969,7.717339038848877,59460,0.0,0.0
2020-08-24 00:00:00+03:00,7.710323691297638,8.040064148075583,7.710323691297638,7.8646697998046875,40423,0.0,0.0
2020-08-25 00:00:00+03:00,7.899749897483764,7.9769222538842195,7.647182245479437,7.654198169708252,67454,0.0,0.0
2020-08-26 00:00:00+03:00,7.689276657149838,7.822575943732217,7.555977370567459,7.6752448081970215,46032,0.0,0.0
2020-08-27 00:00:00+03:00,7.67524474485288,8.054096701455185,7.527914078886379,7.9488606452941895,60533,0.0,0.0
2020-08-28 00:00:00+03:00,8.068128320803089,8.103207945970542,7.899750803527374,7.941845417022705,46141,0.0,0.0
2020-08-31 00:00:00+03:00,7.88571771593507,8.047080219559888,7.717338820025056,7.7243547439575195,41613,0.0,0.0
2020-09-01 00:00:00+03:00,7.927812740433565,8.720593452453613,7.71733922654723,8.720593452453613,295313,0.0,0.0
2020-09-02 00:00:00+03:00,8.713577637386928,9.590548515319824,8.545200135554762,9.590548515319824,460065,0.0,0.0
2020-09-03 00:00:00+03:00,9.471281496373035,9.56248664855957,9.120493674424468,9.56248664855957,182165,0.0,0.0
2020-09-04 00:00:00+03:00,9.716832150379258,10.530660629272461,9.232744617593353,10.530660629272461,270928,0.0,0.0
2020-09-07 00:00:00+03:00,10.530660491288298,10.537676415446397,9.478296221916377,10.474534034729004,717858,0.0,0.0
2020-09-08 00:00:00+03:00,9.422170639038086,10.41139345778124,9.422170639038086,9.422170639038086,1431852,0.0,0.0
2020-09-09 00:00:00+03:00,8.482056340709981,9.394105752054955,8.482056340709981,8.945096969604492,1523676,0.0,0.0
2020-09-10 00:00:00+03:00,8.482057269244434,8.769703595898592,8.159332259345447,8.446979522705078,663390,0.0,0.0
2020-09-11 00:00:00+03:00,8.439964304769305,9.281855583190918,8.243522163435932,9.281855583190918,932920,0.0,0.0
2020-09-14 00:00:00+03:00,9.822068876918983,10.207935333251953,9.562485306872816,10.207935333251953,1096967,0.0,0.0
2020-09-15 00:00:00+03:00,10.446469987791106,11.112967713409658,9.422169541245975,10.33421802520752,1260954,0.0,0.0
2020-09-16 00:00:00+03:00,9.730862154037553,10.67097530828386,9.730862154037553,9.9273042678833,1024175,0.0,0.0
2020-09-17 00:00:00+03:00,9.920290263072404,9.927305250656712,9.429186803251108,9.534421920776367,653892,0.0,0.0
2020-09-18 00:00:00+03:00,9.534420611470033,9.990445323924527,9.373059058490561,9.576516151428223,601120,0.0,0.0
2020-09-21 00:00:00+03:00,9.639659172020984,10.172857255274117,9.429187057875872,9.541438102722168,631310,0.0,0.0
2020-09-22 00:00:00+03:00,9.534422241537387,9.576517788692508,9.19065037012047,9.464264869689941,400923,0.0,0.0
2020-09-23 00:00:00+03:00,9.464264173951328,9.815052880812404,9.436201414616413,9.471280097961426,453555,0.0,0.0
2020-09-24 00:00:00+03:00,9.471280276781139,9.527406733216122,9.28886999589656,9.344996452331543,347611,0.0,0.0
2020-09-25 00:00:00+03:00,9.302903042091927,10.032542386172986,9.288871191999963,9.56248664855957,1055070,0.0,0.0
2020-09-28 00:00:00+03:00,9.864162828936752,10.306155711678846,9.576516518468816,9.9273042678833,1217630,0.0,0.0
2020-09-29 00:00:00+03:00,10.102700794604948,10.670977614776502,10.102700794604948,10.355268478393555,1159715,0.0,0.0
2020-09-30 00:00:00+03:00,10.41840998452583,10.685008583202272,10.144795460701605,10.278094291687012,796339,0.0,0.0
2020-10-01 00:00:00+03:00,10.38332999578015,10.502597898246494,9.709816253188546,9.82206916809082,297533,0.0,0.0
2020-10-02 00:00:00+03:00,9.864163258701254,10.032540748796436,9.380075750002135,9.808036804199219,143178,0.0,0.0
2020-10-05 00:00:00+03:00,10.130761508734366,10.628880850422497,9.96238308694089,10.481549263000488,558082,0.0,0.0
2020-10-06 00:00:00+03:00,10.6990385352386,11.512866973876953,10.6990385352386,11.512866973876953,620810,0.0,0.0
2020-10-07 00:00:00+03:00,12.663454055786133,12.663454055786133,12.663454055786133,12.663454055786133,246402,0.0,0.0
2020-10-08 00:00:00+03:00,13.926289558410645,13.926289558410645,11.407630947995447,13.926289558410645,1293538,0.0,0.0
2020-10-09 00:00:00+03:00,15.2242066238061,15.245253459098196,12.719578895129164,14.192889213562012,1036058,0.0,0.0
2020-10-12 00:00:00+03:00,14.36828262370547,14.36828262370547,12.986177444458008,12.986177444458008,666932,0.0,0.0
2020-10-13 00:00:00+03:00,11.688261985778809,12.579263764338886,11.688261985778809,11.688261985778809,654956,0.0,0.0
2020-10-14 00:00:00+03:00,11.688262192498087,12.789737036006944,10.734118015069793,11.982924461364746,544126,0.0,0.0
2020-10-15 00:00:00+03:00,11.435694391153039,11.912766005577295,11.400615706175433,11.611088752746582,231870,0.0,0.0
2020-10-16 00:00:00+03:00,11.576009070112823,12.046064719689609,11.42867748185775,11.793497085571289,217655,0.0,0.0
2020-10-19 00:00:00+03:00,11.800514988505753,11.91978290183676,11.218206334962511,11.505852699279785,292849,0.0,0.0
2020-10-20 00:00:00+03:00,11.505852000730455,11.57601030885231,10.958622068248797,11.091922760009766,270071,0.0,0.0
2020-10-21 00:00:00+03:00,11.063858890424614,11.926797917596852,10.874433615857253,11.533915519714355,404068,0.0,0.0
2020-10-22 00:00:00+03:00,11.646166812066134,11.646166812066134,11.155063375351801,11.253283500671387,191514,0.0,0.0
2020-10-23 00:00:00+03:00,11.225220754407829,11.358520499678812,10.874432986369182,11.148048400878906,185749,0.0,0.0
2020-10-26 00:00:00+03:00,11.014747955092592,12.102191839070938,10.278092783380352,11.049827575683594,429800,0.0,0.0
2020-10-27 00:00:00+03:00,10.62186584683603,11.232237210357324,10.17285699539374,10.769196510314941,191436,0.0,0.0
2020-10-28 00:00:00+03:00,10.769196371873841,11.056842707539353,10.50259780883789,10.50259780883789,54353,0.0,0.0
2020-10-30 00:00:00+03:00,10.172857288495324,10.488566397449532,9.80102172022914,10.067621231079102,146927,0.0,0.0
2020-11-02 00:00:00+03:00,9.850131462758624,10.832338333129883,9.850131462758624,10.832338333129883,228625,0.0,0.0
2020-11-03 00:00:00+03:00,10.909510852637414,11.112967948940893,10.06761971035917,10.523643493652344,197562,0.0,0.0
2020-11-04 00:00:00+03:00,10.87443368981088,11.04982805352879,10.52364496237506,10.537676811218262,127965,0.0,0.0
2020-11-05 00:00:00+03:00,10.523644211043075,10.874432913434456,10.383329479450893,10.621865272521973,118319,0.0,0.0
2020-11-06 00:00:00+03:00,10.5938043119587,10.713071292035648,10.17987409742275,10.355268478393555,118302,0.0,0.0
2020-11-09 00:00:00+03:00,10.579770751401464,11.049827354135937,10.376313639580388,10.860401153564453,175792,0.0,0.0
2020-11-10 00:00:00+03:00,10.825322507305396,10.867417114608694,10.397361446976422,10.677990913391113,107200,0.0,0.0
2020-11-11 00:00:00+03:00,10.65694416564772,11.04982651136982,10.348250091118585,10.523643493652344,152401,0.0,0.0
2020-11-12 00:00:00+03:00,10.523644383278409,10.867417167375448,10.17987253588685,10.390345573425293,97277,0.0,0.0
2020-11-13 00:00:00+03:00,10.186887660321817,10.558724145565503,10.186887660321817,10.551708221435547,91607,0.0,0.0
2020-11-16 00:00:00+03:00,10.55170813870843,10.55170813870843,10.299140492243168,10.313172340393066,122018,0.0,0.0
2020-11-17 00:00:00+03:00,10.32018788126598,10.607835163533395,9.850132183499671,9.934321403503418,160325,0.0,0.0
2020-11-18 00:00:00+03:00,9.96238423695734,10.383330340033309,9.646675128003132,10.067621231079102,139608,0.0,0.0
2020-11-19 00:00:00+03:00,10.109715323625,10.523644544294157,10.0535888671875,10.0535888671875,111764,0.0,0.0
2020-11-20 00:00:00+03:00,10.29212440370829,10.348250858705542,9.850131497809521,10.0465726852417,159233,0.0,0.0
2020-11-23 00:00:00+03:00,10.053588406531022,10.186887212315895,9.871179070701771,9.962383270263672,140585,0.0,0.0
2020-11-24 00:00:00+03:00,9.962383565955276,10.074635540313118,9.744894604563758,9.786989212036133,94435,0.0,0.0
2020-11-25 00:00:00+03:00,9.969399830929978,10.032541275945187,9.716832177458127,9.82206916809082,97190,0.0,0.0
2020-11-26 00:00:00+03:00,9.892226358723365,10.0535888671875,9.822068990705608,10.0535888671875,101124,0.0,0.0
2020-11-27 00:00:00+03:00,10.067620598841959,10.348251004367432,10.067620598841959,10.207935333251953,151435,0.0,0.0
2020-11-30 00:00:00+03:00,10.699039498370105,10.699039498370105,9.71683254446305,9.990447044372559,123138,0.0,0.0
2020-12-01 00:00:00+03:00,9.962382575203243,10.172855591633724,9.794004162058858,9.969398498535156,84114,0.0,0.0
2020-12-02 00:00:00+03:00,9.990446989067978,9.990446989067978,9.492327590337341,9.857148170471191,122844,0.0,0.0
2020-12-03 00:00:00+03:00,9.913273410843459,9.95536707923115,9.646673933018587,9.850131034851074,115390,0.0,0.0
2020-12-04 00:00:00+03:00,9.653690459843144,9.822068890736395,9.653690459843144,9.709815979003906,56778,0.0,0.0
2020-12-07 00:00:00+03:00,9.646674775136345,9.709816219935313,9.330965677730495,9.506359100341797,142634,0.0,0.0
2020-12-08 00:00:00+03:00,9.58353227286252,9.639658729414148,9.302901863515366,9.555469512939453,98666,0.0,0.0
2020-12-09 00:00:00+03:00,9.569500342586972,9.597563099522777,9.436200607907454,9.527405738830566,78976,0.0,0.0
2020-12-10 00:00:00+03:00,9.471280731340464,9.562485876160002,9.330965988577056,9.541438102722168,82975,0.0,0.0
2020-12-11 00:00:00+03:00,9.541436951933084,9.885209716311099,9.513374194106149,9.850131034851074,164124,0.0,0.0
2020-12-14 00:00:00+03:00,9.850131591597435,9.983430401338724,9.6466744782652,9.786989212036133,153753,0.0,0.0
2020-12-15 00:00:00+03:00,9.758927203531767,9.822069587951612,9.309918334845566,9.492327690124512,111616,0.0,0.0
2020-12-16 00:00:00+03:00,9.471280461119871,9.478296385398982,9.057350295707495,9.113476753234863,138790,0.0,0.0
2020-12-17 00:00:00+03:00,9.127508345883475,9.288869916251326,8.938083079186013,9.21169662475586,112856,0.0,0.0
2020-12-18 00:00:00+03:00,9.211697267194916,9.253791877919598,8.980177376561937,9.071382522583008,110586,0.0,0.0
2020-12-21 00:00:00+03:00,9.057349998526186,9.366044099739865,8.825830125145037,9.183634757995605,118781,0.0,0.0
2020-12-22 00:00:00+03:00,9.18363536532067,9.218713114473994,8.987193225782152,9.043318748474121,89387,0.0,0.0
2020-12-23 00:00:00+03:00,9.120494015787916,9.134525866405065,8.895989089441757,8.966146469116211,110040,0.0,0.0
2020-12-24 00:00:00+03:00,8.910019784789855,9.801021575927734,8.797766867818613,9.801021575927734,250600,0.0,0.0
2020-12-25 00:00:00+03:00,9.801021219336011,9.801021219336011,9.32394961803493,9.45023250579834,202762,0.0,0.0
2020-12-28 00:00:00+03:00,9.471280053859745,10.348250880223468,9.029287147041906,10.151809692382812,345100,0.0,0.0
2020-12-29 00:00:00+03:00,10.151809618665801,10.656944900907009,9.87819420576575,10.228981971740723,353323,0.0,0.0
2020-12-30 00:00:00+03:00,10.495582846871768,10.523645609578502,10.032542110329947,10.39736270904541,189005,0.0,0.0
2020-12-31 00:00:00+03:00,10.523644750530675,10.523644750530675,10.116731446029933,10.137778282165527,123614,0.0,0.0
2021-01-04 00:00:00+03:00,10.509613027872069,10.516628014905729,9.997461835383131,10.011493682861328,161739,0.0,0.0
2021-01-05 00:00:00+03:00,10.032541275945187,10.22196654769632,9.611596123530944,9.82206916809082,159577,0.0,0.0
2021-01-06 00:00:00+03:00,9.758926816204157,10.50259793035403,9.68876944670489,10.348251342773438,260229,0.0,0.0
2021-01-07 00:00:00+03:00,10.355267501598302,11.379569053649902,9.892226791663719,11.379569053649902,611710,0.0,0.0
2021-01-08 00:00:00+03:00,11.393600463269388,12.509106180045157,11.22522109307951,12.417901039123535,567114,0.0,0.0
2021-01-11 00:00:00+03:00,12.4108849124478,13.645659446716309,12.4108849124478,13.645659446716309,589772,0.0,0.0
2021-01-12 00:00:00+03:00,13.666707620669879,14.775199377152406,12.368792452820415,13.81403923034668,703609,0.0,0.0
2021-01-13 00:00:00+03:00,13.610580984181745,13.652675592549791,12.312664985656738,12.312664985656738,493553,0.0,0.0
2021-01-14 00:00:00+03:00,12.31266594175516,12.403870153046833,11.148049602078874,11.786483764648438,453504,0.0,0.0
2021-01-15 00:00:00+03:00,11.842607919830046,13.007225061563323,11.35150448641586,12.61434268951416,401270,0.0,0.0
2021-01-18 00:00:00+03:00,12.979161520461899,13.505344579704424,12.347743348099625,12.986177444458008,314403,0.0,0.0
2021-01-19 00:00:00+03:00,12.97916128500534,13.715816430534558,12.49507377852136,12.586278915405273,305922,0.0,0.0
2021-01-20 00:00:00+03:00,12.565232198546589,13.154555758483008,12.116223370483166,12.537168502807617,237409,0.0,0.0
2021-01-21 00:00:00+03:00,12.628374060480668,12.747641961220927,12.067113240914106,12.102191925048828,240704,0.0,0.0
2021-01-22 00:00:00+03:00,12.228475482312975,12.80376813762422,12.102191660168643,12.698531150817871,302262,0.0,0.0
2021-01-25 00:00:00+03:00,12.789736601398598,14.04555892944336,12.775704753027538,14.04555892944336,498489,0.0,0.0
2021-01-26 00:00:00+03:00,15.259285178732082,15.448710441589355,14.740118047625055,15.448710441589355,380086,0.0,0.0
2021-01-27 00:00:00+03:00,16.99217987060547,16.99217987060547,13.912259195317683,16.99217987060547,1103813,0.0,0.0
2021-01-28 00:00:00+03:00,16.13625643858771,17.89019625621471,15.539916001357259,15.932798385620117,785780,0.0,0.0
2021-01-29 00:00:00+03:00,15.988923900038928,16.13625643332405,15.013733863830566,15.013733863830566,314288,0.0,0.0
2021-02-01 00:00:00+03:00,15.462741985196645,16.515106201171875,14.698023151464445,16.515106201171875,381396,0.0,0.0
2021-02-02 00:00:00+03:00,17.04128922350671,18.15328598022461,17.04128922350671,18.15328598022461,472785,0.0,0.0
2021-02-03 00:00:00+03:00,18.153283640523348,18.92501829757947,17.251759093553748,17.265790939331055,457284,0.0,0.0
2021-02-04 00:00:00+03:00,17.265794934233305,17.53239444545513,16.402856826782227,16.402856826782227,336182,0.0,0.0
2021-02-05 00:00:00+03:00,16.4168861065855,17.314903798535077,15.708294621608498,16.620344161987305,242550,0.0,0.0
2021-02-08 00:00:00+03:00,16.69751926645877,17.539409656028514,15.967878056267802,16.143274307250977,226721,0.0,0.0
2021-02-09 00:00:00+03:00,15.60305855768758,15.60305855768758,15.59604263305664,15.59604263305664,92943,0.0,0.0
2021-02-10 00:00:00+03:00,15.462742255890936,16.837831497192383,15.462742255890936,16.837831497192383,100797,0.0,0.0
2021-02-11 00:00:00+03:00,16.837830519061402,17.539406010101118,16.837830519061402,17.020240783691406,94715,0.0,0.0
2021-02-12 00:00:00+03:00,16.837830120689976,16.837830120689976,16.276569366455078,16.276569366455078,46502,0.0,0.0
2021-02-15 00:00:00+03:00,16.24149195288976,16.311649322509766,15.35750609822004,16.311649322509766,107724,0.0,0.0
2021-02-16 00:00:00+03:00,17.364013891995377,17.364013891995377,16.480026245117188,16.480026245117188,118067,0.0,0.0
2021-02-17 00:00:00+03:00,16.550186698306593,16.550186698306593,16.487043380737305,16.487043380737305,68037,0.0,0.0
2021-02-18 00:00:00+03:00,16.837831497192383,17.188620199795412,16.837831497192383,16.837831497192383,76809,0.0,0.0
2021-02-19 00:00:00+03:00,17.188620309345627,17.188620309345627,17.181604385375977,17.181604385375977,66178,0.0,0.0
2021-02-22 00:00:00+03:00,17.18862050212437,17.18862050212437,16.662437438964844,16.662437438964844,54894,0.0,0.0
2021-02-23 00:00:00+03:00,16.943067186019,16.943067186019,14.999700432692835,16.6975154876709,61017,0.0,0.0
2021-02-24 00:00:00+03:00,16.69751962548387,18.363763438127815,15.25928775922164,16.522125244140625,413523,0.0,0.0
2021-02-25 00:00:00+03:00,16.844848142244672,17.35699937022452,15.574994895338481,16.122224807739258,151244,0.0,0.0
2021-02-26 00:00:00+03:00,14.99970142916301,16.57824776482268,14.733102879645411,16.07311248779297,113702,0.0,0.0
2021-03-01 00:00:00+03:00,16.501074646435054,16.508090570361688,15.778451342690134,16.339712142944336,140117,0.0,0.0
2021-03-02 00:00:00+03:00,16.34672716282707,16.75364136101309,15.89070337328151,15.97489070892334,70898,0.0,0.0
2021-03-03 00:00:00+03:00,16.129240213740726,17.511345393728686,15.3364585991596,16.816783905029297,251848,0.0,0.0
2021-03-04 00:00:00+03:00,15.960860211326743,16.816782247423255,15.960860211326743,16.43091583251953,146232,0.0,0.0
2021-03-05 00:00:00+03:00,16.374791065728072,16.374791065728072,16.066096046325868,16.34672737121582,63672,0.0,0.0
2021-03-08 00:00:00+03:00,16.416886583680384,16.543171349802428,15.792484297721852,15.897721290588379,105120,0.0,0.0
2021-03-09 00:00:00+03:00,16.136256335673078,16.192381854949534,15.427662990282121,15.589025497436523,62272,0.0,0.0
2021-03-10 00:00:00+03:00,15.610073814093296,16.83783247078403,15.610073814093296,16.024003982543945,141598,0.0,0.0
2021-03-11 00:00:00+03:00,16.31164929568341,17.188621098018775,16.066097565711715,16.388824462890625,127145,0.0,0.0
2021-03-12 00:00:00+03:00,17.960353384479237,18.012971878051758,17.188620474511513,18.012971878051758,336882,0.0,0.0
2021-03-15 00:00:00+03:00,19.801992416381836,19.801992416381836,19.065337211377493,19.801992416381836,219648,0.0,0.0
2021-03-16 00:00:00+03:00,21.39807564816643,21.766403198242188,19.81953034313518,21.766403198242188,615700,0.0,0.0
2021-03-17 00:00:00+03:00,21.748867016662068,23.941293716430664,20.87189708611904,23.941293716430664,910411,0.0,0.0
2021-03-18 00:00:00+03:00,24.55517199394768,26.32665252685547,24.50255350061623,26.32665252685547,710110,0.0,0.0
2021-03-19 00:00:00+03:00,27.67718935722444,28.922486936895172,25.046277579176575,28.67693519592285,711818,0.0,0.0
2021-03-22 00:00:00+03:00,25.818008422851562,28.34368299696435,25.818008422851562,25.818008422851562,296161,0.0,0.0
2021-03-23 00:00:00+03:00,23.327415337962076,28.063055778038503,23.23971721729873,25.940786361694336,496392,0.0,0.0
2021-03-24 00:00:00+03:00,26.30910970719822,27.694723677715082,24.5551700592041,24.5551700592041,353855,0.0,0.0
2021-03-25 00:00:00+03:00,24.55517418462272,25.95832726280275,23.520348719212034,24.379779815673828,274741,0.0,0.0
2021-03-26 00:00:00+03:00,24.397317840607986,24.976119425316543,23.29233504079461,23.344953536987305,182610,0.0,0.0
2021-03-29 00:00:00+03:00,24.011450728121556,25.67769432067871,23.397571411210446,25.67769432067871,218775,0.0,0.0
2021-03-30 00:00:00+03:00,27.34393656864198,28.238447189331055,26.71251840898552,28.238447189331055,381357,0.0,0.0
2021-03-31 00:00:00+03:00,29.483744885674838,30.518570245413937,26.83529449383965,27.642107009887695,425448,0.0,0.0
2021-04-01 00:00:00+03:00,26.449429705718853,30.132705688476562,26.449429705718853,30.132705688476562,216241,0.0,0.0
2021-04-02 00:00:00+03:00,30.167781543337075,30.167781543337075,27.642107009887695,27.642107009887695,91932,0.0,0.0
2021-04-05 00:00:00+03:00,26.88791349666389,26.88791349666389,24.88842010498047,24.88842010498047,133523,0.0,0.0
2021-04-06 00:00:00+03:00,25.432139703613146,27.32639593386279,25.432139703613146,27.01068687438965,69400,0.0,0.0
2021-04-07 00:00:00+03:00,26.88791341272551,26.88791341272551,25.379523468612405,25.60753631591797,71388,0.0,0.0
2021-04-08 00:00:00+03:00,25.081353383040426,26.65990070209125,25.081353383040426,25.519838333129883,56263,0.0,0.0
2021-04-09 00:00:00+03:00,25.607535210492102,25.607535210492102,25.16905028157904,25.589996337890625,59038,0.0,0.0
2021-04-12 00:00:00+03:00,25.95832290164588,25.95832290164588,24.5551700592041,24.5551700592041,57974,0.0,0.0
2021-04-13 00:00:00+03:00,23.853596676568838,23.853596676568838,22.450443600286356,23.116941452026367,93200,0.0,0.0
2021-04-14 00:00:00+03:00,24.713026415789773,25.37952423095703,24.713026415789773,25.37952423095703,65601,0.0,0.0
2021-04-15 00:00:00+03:00,25.37952347490133,25.958325029987964,25.37952347490133,25.818008422851562,48484,0.0,0.0
2021-04-16 00:00:00+03:00,24.90595864395013,26.975609374906096,23.239715109960844,23.292333602905273,615078,0.0,0.0
2021-04-19 00:00:00+03:00,23.292335427712008,23.502809415979034,20.97713279724121,20.97713279724121,386072,0.0,0.0
2021-04-20 00:00:00+03:00,20.696502368081457,20.801739357421635,18.889942169189453,18.889942169189453,833002,0.0,0.0
2021-04-21 00:00:00+03:00,17.662183305665472,19.994924673716664,17.006210327148438,17.006210327148438,580647,0.0,0.0
2021-04-22 00:00:00+03:00,16.557199019006063,18.11820732658896,15.308394621032708,16.75364112854004,1189602,0.0,0.0
2021-04-26 00:00:00+03:00,16.662438180118528,18.416379928588867,16.339713153183887,18.416379928588867,354303,0.0,0.0
2021-04-27 00:00:00+03:00,19.53890215039225,20.258018493652344,19.52136327570135,20.258018493652344,268321,0.0,0.0
2021-04-28 00:00:00+03:00,22.18735109599558,22.275049209594727,21.08236835320521,22.275049209594727,269488,0.0,0.0
2021-04-29 00:00:00+03:00,21.082368635159867,24.48501502263696,21.04729088797984,22.099655151367188,337038,0.0,0.0
2021-04-30 00:00:00+03:00,21.06482871113222,22.082113303199737,20.047542245653815,21.152524948120117,189884,0.0,0.0
2021-05-03 00:00:00+03:00,21.783944774820142,21.783944774820142,20.678962082426445,20.819276809692383,171603,0.0,0.0
2021-05-04 00:00:00+03:00,20.85435591737166,20.85435591737166,19.644138037161525,19.81953239440918,174907,0.0,0.0
2021-05-05 00:00:00+03:00,19.87214900623329,21.801485061645508,19.87214900623329,21.801485061645508,233553,0.0,0.0
2021-05-06 00:00:00+03:00,22.099656869056524,23.046784217697034,20.73158153424984,21.345460891723633,210282,0.0,0.0
2021-05-07 00:00:00+03:00,20.643885130436868,21.74886796555915,20.345714891424507,21.222684860229492,107556,0.0,0.0
2021-05-10 00:00:00+03:00,21.538395543458474,21.538395543458474,20.819279205014972,21.187606811523438,78097,0.0,0.0
2021-05-11 00:00:00+03:00,19.784453133754127,22.78369238844231,19.784453133754127,20.90697479248047,118879,0.0,0.0
2021-05-12 00:00:00+03:00,22.801230043183814,22.836309662760478,21.39807710810296,22.029497146606445,92526,0.0,0.0
2021-05-17 00:00:00+03:00,22.029499495832535,22.029499495832535,21.117449897098457,21.345460891723633,282884,0.0,0.0
2021-05-18 00:00:00+03:00,21.380539207024032,21.71378717780333,20.34571380010367,20.784198760986328,240069,0.0,0.0
2021-05-20 00:00:00+03:00,20.78419903820398,20.854356408071634,19.626597751860057,19.977386474609375,264675,0.0,0.0
2021-05-21 00:00:00+03:00,19.889692076252775,21.95934123633633,18.90748506014153,21.450698852539062,804790,0.0,0.0
2021-05-24 00:00:00+03:00,21.748864931297472,22.906466102792763,21.18760415462933,21.415616989135742,482770,0.0,0.0
2021-05-25 00:00:00+03:00,21.555933029791177,21.59101077667896,19.994924584599758,20.205398559570312,312754,0.0,0.0
2021-05-26 00:00:00+03:00,20.17031914851774,20.78419845953195,19.31088811309785,20.749120712280273,280865,0.0,0.0
2021-05-27 00:00:00+03:00,20.74912128997567,20.74912128997567,19.977386474609375,19.977386474609375,163928,0.0,0.0
2021-05-28 00:00:00+03:00,19.977387426209972,21.240225764214795,19.3108895706028,20.2930965423584,317055,0.0,0.0
2021-05-31 00:00:00+03:00,20.100163785266506,20.187861908964127,19.50382328840291,19.609060287475586,137076,0.0,0.0
2021-06-01 00:00:00+03:00,19.78445326976396,20.521108464631887,19.328429428212356,20.1878604888916,208082,0.0,0.0
2021-06-02 00:00:00+03:00,19.661676224176745,19.81953170220981,19.17057279039955,19.328428268432617,238008,0.0,0.0
2021-06-03 00:00:00+03:00,19.52136260521654,19.90722907562989,19.205653504568254,19.556440353393555,251675,0.0,0.0
2021-06-04 00:00:00+03:00,19.46874135889979,19.64413569523738,18.504073445748453,19.153032302856445,133210,0.0,0.0
2021-06-07 00:00:00+03:00,19.258269626854783,20.117700662633716,19.1530345116448,19.188112258911133,179435,0.0,0.0
2021-06-08 00:00:00+03:00,19.609057810970974,19.609057810970974,18.71454905205776,18.81978416442871,175000,0.0,0.0
2021-06-09 00:00:00+03:00,18.819783636438498,19.117953838848027,18.24098397769826,18.45145606994629,165093,0.0,0.0
2021-06-10 00:00:00+03:00,18.416380670198418,18.416380670198418,17.364016328102952,17.490299224853516,290861,0.0,0.0
2021-06-11 00:00:00+03:00,17.188621111364174,19.22319232222203,17.188621111364174,18.293603897094727,1146460,0.0,0.0
2021-06-14 00:00:00+03:00,18.311143715037975,19.293350686318345,18.030512348924532,18.18836784362793,325393,0.0,0.0
2021-06-15 00:00:00+03:00,18.18836506156108,18.18836506156108,17.448201047280357,17.784957885742188,287907,0.0,0.0
2021-06-16 00:00:00+03:00,17.749880931797883,17.749880931797883,17.385062256155916,17.556947708129883,121044,0.0,0.0
2021-06-17 00:00:00+03:00,17.890195555212838,18.416378603929793,17.20966592849086,18.065589904785156,242272,0.0,0.0
2021-06-18 00:00:00+03:00,18.25852323723269,18.398837968371065,17.532392911192304,17.556947708129883,146140,0.0,0.0
2021-06-21 00:00:00+03:00,17.767420544419238,17.767420544419238,16.662437775534237,16.907989501953125,179771,0.0,0.0
2021-06-22 00:00:00+03:00,16.929037252367856,17.53940766881575,16.536154865294005,17.406108856201172,177413,0.0,0.0
2021-06-23 00:00:00+03:00,17.458885383173556,17.87407060768788,17.114070249054514,17.240737915039062,149685,0.053571,0.0
2021-06-24 00:00:00+03:00,17.24777504670752,17.41666591214493,16.938147743862043,17.078887939453125,121637,0.0,0.0
2021-06-25 00:00:00+03:00,17.268886686148505,17.268886686148505,16.705924023180856,16.888887405395508,124938,0.0,0.0
2021-06-28 00:00:00+03:00,16.895923812203673,18.47222032218144,16.607404356972104,17.85647964477539,890881,0.0,0.0
2021-06-29 00:00:00+03:00,18.524998041388592,18.788886361669825,16.790367439150874,17.275922775268555,381435,0.0,0.0
2021-06-30 00:00:00+03:00,17.275923357838423,17.58555441027076,16.78333080785376,16.98740577697754,297379,0.0,0.0
2021-07-01 00:00:00+03:00,16.987405846460252,17.557405692111576,16.79036807402387,16.973331451416016,182644,0.0,0.0
2021-07-02 00:00:00+03:00,17.2266640617356,17.2266640617356,16.790367232683774,16.952219009399414,143133,0.0,0.0
2021-07-05 00:00:00+03:00,16.952220538257034,17.149258318590253,16.1851847685197,17.02259063720703,142696,0.0,0.0
2021-07-06 00:00:00+03:00,17.022590066985636,17.17036933683102,16.719998087909396,16.769256591796875,191195,0.0,0.0
2021-07-07 00:00:00+03:00,16.769256383595145,17.76851587680686,16.361108325151488,16.811479568481445,349512,0.0,0.0
2021-07-08 00:00:00+03:00,17.05777679520585,17.94444305730576,16.684814703348767,16.994443893432617,660217,0.0,0.0
2021-07-09 00:00:00+03:00,16.98036969073102,17.33925927001206,16.74814779552805,16.776294708251953,176444,0.0,0.0
2021-07-12 00:00:00+03:00,16.93111034554454,16.952220059269003,16.192221508809716,16.21333122253418,167560,0.0,0.0
2021-07-13 00:00:00+03:00,16.213331055164296,16.347035929193584,15.587035507488283,16.065553665161133,181549,0.0,0.0
2021-07-14 00:00:00+03:00,16.065553119043326,16.86073762228974,15.938887325943936,16.35407257080078,169904,0.0,0.0
2021-07-16 00:00:00+03:00,16.537034542560455,16.593332122540147,16.00925788389103,16.445554733276367,135878,0.0,0.0
2021-07-19 00:00:00+03:00,16.431478772735932,16.445553166389885,16.00221916174672,16.375181198120117,36878,0.0,0.0
2021-07-26 00:00:00+03:00,16.396295126899986,16.67074020501726,15.587036167300829,16.11481285095215,124157,0.0,0.0
2021-07-27 00:00:00+03:00,16.107775239428157,16.255552614652192,15.79110701940215,16.00925636291504,163814,0.0,0.0
2021-07-28 00:00:00+03:00,15.99518377927566,16.1781471593483,15.819257596828237,15.847406387329102,134836,0.0,0.0
2021-07-29 00:00:00+03:00,16.037404671479617,16.114811964265062,15.798145595679932,15.924813270568848,110255,0.0,0.0
2021-07-30 00:00:00+03:00,15.92481392798182,16.023330938072892,15.636294458167912,15.79814624786377,108360,0.0,0.0
2021-08-02 00:00:00+03:00,15.931849576308464,16.515921898684798,15.622219482950925,15.727774620056152,252845,0.0,0.0
2021-08-03 00:00:00+03:00,15.734811857117876,16.114811103299537,15.62925671974423,15.903700828552246,189117,0.0,0.0
2021-08-04 00:00:00+03:00,16.18518489027868,17.318147437988962,15.847406909504414,16.64259147644043,694722,0.0,0.0
2021-08-05 00:00:00+03:00,16.642591679458967,16.7692574842487,16.009258897327133,16.248517990112305,253654,0.0,0.0
2021-08-06 00:00:00+03:00,16.121849696175687,16.698888631111846,16.009258291532316,16.361108779907227,204442,0.0,0.0
2021-08-09 00:00:00+03:00,16.361106420105795,16.839626397642302,16.18518214083807,16.63555145263672,264493,0.0,0.0
2021-08-10 00:00:00+03:00,16.628516727488737,17.944442633346288,16.31888754472026,16.888887405395508,581436,0.0,0.0
2021-08-11 00:00:00+03:00,16.888885938089555,17.05777491021593,16.248516035065105,16.804441452026367,239484,0.0,0.0
2021-08-12 00:00:00+03:00,16.7903661371367,16.7903661371367,16.283699248540575,16.43147850036621,168025,0.0,0.0
2021-08-13 00:00:00+03:00,16.185184618592583,16.663702790293158,16.093702927077544,16.15703582763672,181053,0.0,0.0
2021-08-16 00:00:00+03:00,16.4033315888479,16.466664487390187,16.00925792347301,16.25555419921875,131882,0.0,0.0
2021-08-17 00:00:00+03:00,16.25555382523954,16.9592566487129,16.072590452245386,16.325923919677734,273977,0.0,0.0
2021-08-18 00:00:00+03:00,16.318886410742532,16.50888509837052,16.16407183011615,16.206295013427734,156920,0.0,0.0
2021-08-19 00:00:00+03:00,16.178147889774497,16.508886797634716,15.882591213445822,16.248517990112305,124583,0.0,0.0
2021-08-20 00:00:00+03:00,16.438516272393823,16.51592168073398,16.09370113788486,16.318885803222656,259747,0.0,0.0
2021-08-23 00:00:00+03:00,16.361109399016165,16.38222099284498,16.016294216178498,16.248517990112305,123029,0.0,0.0
2021-08-24 00:00:00+03:00,16.2485156892369,16.396293066929395,15.840367661800272,15.95999813079834,153566,0.0,0.0
2021-08-25 00:00:00+03:00,15.95296154725495,16.487775382108754,15.798145087571907,15.840368270874023,360626,0.0,0.0
2021-08-26 00:00:00+03:00,15.854442287855495,16.07962695616492,15.643330134553702,15.727774620056152,182117,0.0,0.0
2021-08-27 00:00:00+03:00,15.854443339494512,15.854443339494512,15.432219944430148,15.530738830566406,200830,0.0,0.0
2021-08-31 00:00:00+03:00,15.615183537903837,16.10777606667625,15.460368018354405,16.030366897583008,265423,0.0,0.0
2021-09-01 00:00:00+03:00,16.009259130946454,17.627777099609375,15.762962836624201,17.627777099609375,997959,0.0,0.0
2021-09-02 00:00:00+03:00,18.36666305501973,19.387034059894738,17.62777428982823,17.89166259765625,2142985,0.0,0.0
2021-09-03 00:00:00+03:00,17.645365619086725,18.0148099865343,16.811477548250625,17.01555061340332,817754,0.0,0.0
2021-09-06 00:00:00+03:00,17.156295686348408,17.374443183163564,16.60740552673625,16.994443893432617,389194,0.0,0.0
2021-09-07 00:00:00+03:00,16.99444385292888,17.149258447601827,16.607405487154963,16.64259147644043,227368,0.0,0.0
2021-09-08 00:00:00+03:00,16.642590738262612,16.832591313793596,16.185184172389015,16.241479873657227,239265,0.0,0.0
2021-09-09 00:00:00+03:00,16.21332936192069,16.684812151912894,16.009256292060048,16.38925552368164,172104,0.0,0.0
2021-09-10 00:00:00+03:00,16.396296394378282,16.76925851277132,16.20629767554033,16.417407989501953,211618,0.0,0.0
2021-09-13 00:00:00+03:00,16.332961492790755,16.86777535027994,16.185184103161607,16.25555419921875,278129,0.0,0.0
2021-09-14 00:00:00+03:00,16.29777557492544,16.417406054098294,16.114812196939415,16.241479873657227,145210,0.0,0.0
2021-09-15 00:00:00+03:00,16.248517519151758,16.332962012927833,16.079628531599614,16.15703582763672,96496,0.0,0.0
2021-09-16 00:00:00+03:00,16.22036690145116,16.262588204038458,15.847404858746705,15.95999813079834,87054,0.0,0.0
2021-09-17 00:00:00+03:00,15.50962761992946,16.171109129943805,15.50962761992946,16.002220153808594,160896,0.0,0.0
2021-09-20 00:00:00+03:00,16.037404080600155,16.037404080600155,15.361850062751213,15.488515853881836,196366,0.0,0.0
2021-09-21 00:00:00+03:00,15.57999760745943,15.66444209495245,15.35481293384184,15.474441528320312,131023,0.0,0.0
2021-09-22 00:00:00+03:00,15.548584739892409,15.718051716571049,15.181406604675743,15.45678997039795,204439,0.053571,0.0
2021-09-23 00:00:00+03:00,15.308506052964427,15.725111249402977,15.28026092979081,15.428544998168945,158256,0.0,0.0
2021-09-24 00:00:00+03:00,15.485033799152488,16.713669352056083,15.209650439709842,15.56270694732666,661228,0.0,0.0
2021-09-27 00:00:00+03:00,15.56270706086692,16.056985420927635,15.400301367861893,15.583889961242676,253153,0.0,0.0
2021-09-28 00:00:00+03:00,15.682745846686586,15.682745846686586,15.379117364221104,15.442667007446289,138059,0.0,0.0
2021-09-29 00:00:00+03:00,15.485033151295378,16.904319460616048,15.400300611194389,16.23351287841797,741056,0.0,0.0
2021-09-30 00:00:00+03:00,16.184084991049453,16.22645267806241,15.605074076623227,15.746295928955078,306317,0.0,0.0
2021-10-01 00:00:00+03:00,15.746294849745025,15.859272512419544,15.53446114300461,15.72511100769043,161184,0.0,0.0
2021-10-04 00:00:00+03:00,15.746293939274171,16.748974055043295,15.739232658997599,16.064044952392578,510132,0.0,0.0
2021-10-05 00:00:00+03:00,16.06404620467861,16.205268050174922,15.74629516678966,15.838088989257812,137261,0.0,0.0
2021-10-06 00:00:00+03:00,15.859272723463267,16.042862252668407,15.357934044060787,15.647439956665039,129998,0.0,0.0
2021-10-07 00:00:00+03:00,15.647440509444268,16.007558299797644,15.534461898513994,15.633317947387695,136844,0.0,0.0
2021-10-08 00:00:00+03:00,15.633317187070505,15.88045635447414,15.49915568234139,15.72511100769043,184214,0.0,0.0
2021-10-11 00:00:00+03:00,15.880455821202187,16.346489017620417,15.548583182246801,15.908700942993164,227760,0.0,0.0
2021-10-12 00:00:00+03:00,15.873395367446152,16.19114546205458,15.710989679734189,15.887517929077148,146456,0.0,0.0
2021-10-13 00:00:00+03:00,15.908702124737278,17.47627067565918,15.908702124737278,17.47627067565918,565919,0.0,0.0
2021-10-14 00:00:00+03:00,19.223896026611328,19.223896026611328,19.223896026611328,19.223896026611328,174605,0.0,0.0
2021-10-15 00:00:00+03:00,19.806439782729843,19.8417461894921,17.30680274963379,17.30680274963379,2352126,0.0,0.0
2021-10-18 00:00:00+03:00,16.58656825471928,17.158518819174347,16.12759630115893,16.311185836791992,1117236,0.0,0.0
2021-10-19 00:00:00+03:00,16.318245183233692,17.024358199538693,16.240574863225117,16.360612869262695,670843,0.0,0.0
2021-10-20 00:00:00+03:00,16.36767339350672,16.593628718647444,16.17702258623556,16.282939910888672,370624,0.0,0.0
2021-10-21 00:00:00+03:00,16.50889760168075,16.558324682344512,15.929883882349426,16.02873992919922,243149,0.0,0.0
2021-10-22 00:00:00+03:00,16.035800220008262,16.10641113896356,15.78866106090366,15.908700942993164,353298,0.0,0.0
2021-10-25 00:00:00+03:00,15.845150861768364,17.46920968770993,15.816907622927804,16.452407836914062,1751691,0.0,0.0
2021-10-26 00:00:00+03:00,16.452408808533505,16.76309765278407,16.297064386408223,16.572446823120117,495944,0.0,0.0
2021-10-27 00:00:00+03:00,16.59362784091726,17.617490858854325,16.290000329897406,16.741912841796875,899035,0.0,0.0
2021-10-28 00:00:00+03:00,16.741915414202115,16.77015865423897,16.395920168190823,16.57950782775879,162862,0.0,0.0
2021-11-01 00:00:00+03:00,16.57950652981248,18.235340118408203,16.57950652981248,18.235340118408203,1580258,0.0,0.0
2021-11-02 00:00:00+03:00,18.817881320803053,19.170937814462604,17.05966201874248,17.250314712524414,799377,0.0,0.0
2021-11-03 00:00:00+03:00,17.25031590887502,17.398599043128712,16.452408102446732,16.78428077697754,443394,0.0,0.0
2021-11-04 00:00:00+03:00,16.798403820727113,17.553942076054074,16.791342539320095,17.158519744873047,291253,0.0,0.0
2021-11-05 00:00:00+03:00,17.285620710536392,18.270645885582603,17.066724760675385,17.405658721923828,529844,0.0,0.0
2021-11-08 00:00:00+03:00,17.575123152148215,18.60604744893088,17.405656196116052,18.27064323425293,727140,0.0,0.0
2021-11-09 00:00:00+03:00,18.270644203949843,18.711965760951145,17.899935453644744,18.07646369934082,331203,0.0,0.0
2021-11-10 00:00:00+03:00,18.182380820571538,18.553089566731863,17.405656925297535,17.645736694335938,387133,0.0,0.0
2021-11-11 00:00:00+03:00,17.561001588650107,17.75871367708751,17.15851801660174,17.299741744995117,279874,0.0,0.0
2021-11-12 00:00:00+03:00,17.37035237011414,17.44802457092051,16.876074042974622,16.96786880493164,289623,0.0,0.0
2021-11-15 00:00:00+03:00,16.96786916533659,18.358909414344428,16.77015707607242,17.200885772705078,518999,0.0,0.0
2021-11-16 00:00:00+03:00,17.22206880956759,17.4974530884108,17.003174773885323,17.172639846801758,303206,0.0,0.0
2021-11-17 00:00:00+03:00,17.264437080455924,17.476271751621677,17.144399067581414,17.158519744873047,237868,0.0,0.0
2021-11-18 00:00:00+03:00,17.158518841908048,17.222070371226824,16.77015781257149,16.939624786376953,311617,0.0,0.0
2021-11-19 00:00:00+03:00,16.946686799322485,17.46921030537697,16.798403662219084,17.356231689453125,349059,0.0,0.0
2021-11-22 00:00:00+03:00,17.36329092364919,18.85318717140853,17.36329092364919,17.91758918762207,771159,0.0,0.0
2021-11-23 00:00:00+03:00,17.91758959038497,18.55308976620016,17.05966190185559,17.398597717285156,608221,0.0,0.0
2021-11-24 00:00:00+03:00,17.476270582421254,18.323603553828644,17.398598377662893,18.252992630004883,472572,0.0,0.0
2021-11-25 00:00:00+03:00,18.270644807749402,20.071231842041016,18.252992548253093,20.071231842041016,1300370,0.0,0.0
2021-11-26 00:00:00+03:00,20.77734365313616,20.77734365313616,18.07646489746214,18.288299560546875,974184,0.0,0.0
2021-11-29 00:00:00+03:00,18.34125832049864,19.85939794796384,18.270645508759582,19.471036911010742,720176,0.0,0.0
2021-11-30 00:00:00+03:00,19.206244467057715,20.706731756282185,18.817881564787967,20.053577423095703,647035,0.0,0.0
2021-12-01 00:00:00+03:00,20.053577364592485,20.706731695873486,19.629909945048354,19.788785934448242,456120,0.0,0.0
2021-12-02 00:00:00+03:00,19.788785061612458,20.565508944104312,19.682867740017624,19.85939598083496,471923,0.0,0.0
2021-12-03 00:00:00+03:00,19.877049369281696,19.965314437469363,19.382771021102005,19.806438446044922,354256,0.0,0.0
2021-12-06 00:00:00+03:00,20.088883714741147,21.04213399202177,19.700522700166328,20.565509796142578,793231,0.0,0.0
2021-12-07 00:00:00+03:00,20.86560633317366,22.313136877415282,20.653773560747275,21.518760681152344,894944,0.0,0.0
2021-12-08 00:00:00+03:00,21.536413197159717,21.818858782612526,20.388982366528033,20.88326072692871,606001,0.0,0.0
2021-12-09 00:00:00+03:00,21.00682988753947,21.35988450523431,20.58316246078339,20.724384307861328,387598,0.0,0.0
2021-12-10 00:00:00+03:00,20.74203651262433,20.865606099871975,20.12418857638611,20.459592819213867,352335,0.0,0.0
2021-12-13 00:00:00+03:00,20.512551856257275,21.87181734070806,20.30071719682363,21.659982681274414,638562,0.0,0.0
2021-12-14 00:00:00+03:00,21.69528870265155,22.030691060126497,20.93621891932459,21.11274528503418,314252,0.0,0.0
2021-12-15 00:00:00+03:00,21.218661891291607,21.253968294546215,20.159494305441978,20.283063888549805,359058,0.0,0.0
2021-12-16 00:00:00+03:00,20.30071688110525,20.900912559469884,20.212453698062106,20.724384307861328,349958,0.0,0.0
2021-12-17 00:00:00+03:00,20.777343588850545,21.25396969379417,18.65900827769139,18.676660537719727,559241,0.0,0.0
2021-12-20 00:00:00+03:00,17.652797971799615,19.04736992605014,16.840769472504295,17.670452117919922,506996,0.0,0.0
2021-12-21 00:00:00+03:00,18.623701442821133,18.64135370244257,17.299742375245565,17.86463165283203,244773,0.0,0.0
2021-12-22 00:00:00+03:00,18.18238138971561,18.18238138971561,17.476270278245646,17.631614685058594,254528,0.0,0.0
2021-12-23 00:00:00+03:00,17.741063045833986,18.182382759438678,17.47627159477565,17.670452117919922,248774,0.0,0.0
2021-12-24 00:00:00+03:00,17.86463141395864,18.500131607055664,17.561001993605093,18.500131607055664,289934,0.0,0.0
2021-12-27 00:00:00+03:00,18.50013022858669,18.888491219261777,17.776365021446836,18.535436630249023,247772,0.0,0.0
2021-12-28 00:00:00+03:00,18.641352338227165,18.641352338227165,17.794019426618302,18.16472816467285,183500,0.0,0.0
2021-12-29 00:00:00+03:00,18.094116806152975,18.252990898303125,17.758712592907813,18.00585174560547,192609,0.0,0.0
2021-12-30 00:00:00+03:00,18.00585360220788,18.182381855982804,17.65279709465803,17.74106216430664,157564,0.0,0.0
2021-12-31 00:00:00+03:00,17.917589788838892,18.076463891791263,17.55394042980962,17.82932472229004,139498,0.0,0.0
2022-01-03 00:00:00+03:00,18.35890945055175,18.35890945055175,17.79402019006862,18.217687606811523,190792,0.0,0.0
2022-01-04 00:00:00+03:00,18.53543873159268,19.2415498751914,18.288299548504778,18.941452026367188,433176,0.0,0.0
2022-01-05 00:00:00+03:00,18.888492428754446,19.188590262773136,18.500131413211317,18.747270584106445,253019,0.0,0.0
2022-01-06 00:00:00+03:00,18.64135370707768,18.800229700276947,18.005853505325174,18.517784118652344,145616,0.0,0.0
2022-01-07 00:00:00+03:00,18.252992280465104,18.67665970081682,18.023505368290788,18.358909606933594,236759,0.0,0.0
2022-01-10 00:00:00+03:00,18.32360402401909,19.27685623390634,18.288299503962424,18.676660537719727,440375,0.0,0.0
2022-01-11 00:00:00+03:00,19.01206134110563,19.01206134110563,18.094117497869927,18.18238067626953,274324,0.0,0.0
2022-01-12 00:00:00+03:00,18.288298432831333,18.676659443842638,18.12942244531459,18.341257095336914,243079,0.0,0.0
2022-01-13 00:00:00+03:00,18.288297299626546,18.46482553519946,17.86462991135598,18.00585174560547,255939,0.0,0.0
2022-01-14 00:00:00+03:00,18.005852778166833,18.288298348385,17.652796286774677,18.07646369934082,243297,0.0,0.0
2022-01-17 00:00:00+03:00,17.988201141357422,18.11177072906598,17.88228381317229,17.988201141357422,210028,0.0,0.0
2022-01-18 00:00:00+03:00,18.005852273115142,18.341256496186496,17.575123591961017,17.652795791625977,347373,0.0,0.0
2022-01-19 00:00:00+03:00,17.758713800364294,18.00585296986552,17.44096370893732,17.82932472229004,242970,0.0,0.0
2022-01-20 00:00:00+03:00,17.935242422916037,18.005853346318062,17.476270478041737,17.72340965270996,197327,0.0,0.0
2022-01-21 00:00:00+03:00,17.688103248247813,17.829325095051864,17.483331758934167,17.72340965270996,120646,0.0,0.0
2022-01-24 00:00:00+03:00,17.652796150167454,17.72340895631721,16.537140210312014,16.819583892822266,300734,0.0,0.0
2022-01-25 00:00:00+03:00,16.840767085112823,16.86195092614068,16.268816576015485,16.5936279296875,250810,0.0,0.0
2022-01-26 00:00:00+03:00,16.60069164206967,16.770158624075602,16.07110685192054,16.628936767578125,203716,0.0,0.0
2022-01-27 00:00:00+03:00,16.6148120740953,18.270643691470937,16.438283833350717,17.652795791625977,1084683,0.0,0.0
2022-01-28 00:00:00+03:00,18.005852500249595,19.0473678139153,17.741061078553592,18.447172164916992,822522,0.0,0.0
2022-01-31 00:00:00+03:00,18.711965215302246,19.24154805142541,17.952893592391742,18.429519653320312,438673,0.0,0.0
2022-02-01 00:00:00+03:00,18.6590071790384,19.877048874198646,18.129422439669703,19.382770538330078,1077106,0.0,0.0
2022-02-02 00:00:00+03:00,19.453382767744376,19.665215525889046,18.30595014260813,18.694311141967773,492769,0.0,0.0
2022-02-03 00:00:00+03:00,18.694312151183464,19.841744838264066,18.39421431346939,19.15328598022461,684171,0.0,0.0
2022-02-04 00:00:00+03:00,19.153286079307655,20.159495039684277,18.711966392923564,19.02971649169922,443937,0.0,0.0
2022-02-07 00:00:00+03:00,19.365117940843543,20.918563842773438,18.641352708680895,20.918563842773438,1423903,0.0,0.0
2022-02-08 00:00:00+03:00,21.342232644277665,22.895678647711016,21.253969459586287,22.57792854309082,1953019,0.0,0.0
2022-02-09 00:00:00+03:00,22.595579371214797,24.81983184814453,21.818857361474233,24.81983184814453,2305791,0.0,0.0
2022-02-10 00:00:00+03:00,24.819833226126654,26.47919654659314,23.478221893310547,23.478221893310547,1891380,0.0,0.0
2022-02-11 00:00:00+03:00,23.107512396070547,24.46677783113352,22.313136223101996,23.036901473999023,1261489,0.0,0.0
2022-02-14 00:00:00+03:00,22.91333269111643,22.91333269111643,21.218662959985913,22.0483455657959,852054,0.0,0.0
2022-02-15 00:00:00+03:00,21.889469549456766,22.48966523575648,21.201010678946997,21.395191192626953,600880,0.0,0.0
2022-02-16 00:00:00+03:00,21.518760758871267,21.71294127234401,20.724384559739295,20.742036819458008,679145,0.0,0.0
2022-02-17 00:00:00+03:00,20.7420365413862,22.807415008544922,20.689079762940004,22.807415008544922,1507522,0.0,0.0
2022-02-18 00:00:00+03:00,23.284040345622397,24.396166596421878,21.977731704711914,21.977731704711914,1489280,0.0,0.0
2022-02-21 00:00:00+03:00,22.065999176616803,22.71915168277635,21.21866425917059,21.748249053955078,481765,0.0,0.0
2022-02-22 00:00:00+03:00,20.636120984789876,21.607023533765375,20.600814580498835,21.23631477355957,428904,0.0,0.0
2022-02-23 00:00:00+03:00,21.271620828587825,22.36609483185047,21.077440321981012,21.34223175048828,690205,0.0,0.0
2022-02-24 00:00:00+03:00,19.612257029223468,20.441939581330153,19.223896026611328,19.223896026611328,429984,0.0,0.0
2022-02-25 00:00:00+03:00,19.0650215723583,20.44194122164549,19.04736931232915,19.982967376708984,656149,0.0,0.0
2022-02-28 00:00:00+03:00,19.27685497265155,19.824091967425964,18.729617977877133,18.853187561035156,445639,0.0,0.0
2022-03-01 00:00:00+03:00,19.241548030238484,19.523993591909417,18.35890871399032,18.817880630493164,393596,0.0,0.0
2022-03-02 00:00:00+03:00,18.853189513401503,20.6890811920166,18.358911129583777,20.6890811920166,1782317,0.0,0.0
2022-03-03 00:00:00+03:00,20.68907910513038,21.801205356541228,20.247757547932434,20.547855377197266,1096981,0.0,0.0
2022-03-04 00:00:00+03:00,20.406633221628912,20.47724414175078,19.700522134888065,19.87704849243164,401007,0.0,0.0
2022-03-07 00:00:00+03:00,19.718175840685056,19.753480360575953,19.065021481957977,19.453384399414062,277393,0.0,0.0
2022-03-08 00:00:00+03:00,19.400424958587475,21.39519058940313,19.312159891343704,20.441940307617188,1485531,0.0,0.0
2022-03-09 00:00:00+03:00,20.74203645644764,21.024482034615406,20.08888400306321,20.194801330566406,610926,0.0,0.0
2022-03-10 00:00:00+03:00,20.230104948502145,21.077439759749808,19.98296578568176,20.653772354125977,439574,0.0,0.0
2022-03-11 00:00:00+03:00,20.653774855247107,22.189568679543516,20.353676994692357,21.218664169311523,627970,0.0,0.0
2022-03-14 00:00:00+03:00,22.754455108860196,22.772107367383626,21.554065704345703,21.554065704345703,593336,0.0,0.0
2022-03-15 00:00:00+03:00,21.659982682526906,21.659982682526906,20.989176070152077,21.0068302154541,362437,0.0,0.0
2022-03-16 00:00:00+03:00,21.23631514767399,22.419054257709497,21.00683011506733,21.130399703979492,886975,0.0,0.0
2022-03-17 00:00:00+03:00,21.30692645232013,22.01303753099844,21.0597872919544,21.28927230834961,545308,0.0,0.0
2022-03-18 00:00:00+03:00,21.412843656249876,21.57171965196749,21.112745810242597,21.148052215576172,305116,0.0,0.0
2022-03-21 00:00:00+03:00,21.006829182889156,21.359883788741175,20.847953196114087,20.93621826171875,367752,0.0,0.0
2022-03-22 00:00:00+03:00,20.971524584391855,21.712942148772207,20.742037656696304,21.059789657592773,549844,0.0,0.0
2022-03-23 00:00:00+03:00,21.20100913058563,21.695287451317093,20.989174487116625,21.28927230834961,588565,0.0,0.0
2022-03-24 00:00:00+03:00,21.289273636463122,21.659982400138077,20.971523536959204,20.98917579650879,367925,0.0,0.0
2022-03-25 00:00:00+03:00,21.024482301253098,21.14805188973321,20.58316261175587,20.8656063079834,436926,0.0,0.0
2022-03-28 00:00:00+03:00,20.936218669093286,21.37753834913712,20.77734267922683,21.0950927734375,309542,0.0,0.0
2022-03-29 00:00:00+03:00,21.18335964778885,21.96008174755652,21.095094572937356,21.218664169311523,666850,0.0,0.0
2022-03-30 00:00:00+03:00,21.218662787758614,21.695288881460687,21.165704123400353,21.253969192504883,302926,0.0,0.0
2022-03-31 00:00:00+03:00,21.3069276164064,22.45435841763785,21.11274522077677,21.889469146728516,1258138,0.0,0.0
2022-04-01 00:00:00+03:00,21.889469720424202,22.595580856186594,21.483454544633265,22.18956756591797,825932,0.0,0.0
2022-04-04 00:00:00+03:00,22.366094129746802,23.178122534394664,22.11895496809214,22.595579147338867,828206,0.0,0.0
2022-04-05 00:00:00+03:00,22.807414555491317,22.807414555491317,21.960079719872166,21.995386123657227,458981,0.0,0.0
2022-04-06 00:00:00+03:00,21.977732887941773,22.542624058731697,21.35988493756746,21.536413192749023,605864,0.0,0.0
2022-04-07 00:00:00+03:00,21.712942326014552,23.69005584716797,20.65377463761413,23.69005584716797,2101862,0.0,0.0
2022-04-08 00:00:00+03:00,24.713916887853273,25.82604314780667,23.478221043460607,24.201984405517578,2969167,0.0,0.0
2022-04-11 00:00:00+03:00,24.237290955280898,26.60276533294497,23.7077062106959,25.77308464050293,2090160,0.0,0.0
2022-04-12 00:00:00+03:00,25.737778630310483,26.814600395113132,25.102278435506395,25.278806686401367,1342507,0.0,0.0
2022-04-13 00:00:00+03:00,25.773084837830197,25.826043501246392,24.00780422788687,24.48443031311035,840392,0.0,0.0
2022-04-14 00:00:00+03:00,24.537388578487754,25.172888758128654,23.778318814721004,23.937192916870117,642280,0.0,0.0
2022-04-15 00:00:00+03:00,23.954846377121882,24.555042068836944,23.513526681045157,24.149028778076172,526990,0.0,0.0
2022-04-18 00:00:00+03:00,24.325553989956845,24.925749653096776,23.901888459469838,24.201984405517578,510092,0.0,0.0
2022-04-19 00:00:00+03:00,24.325555355291726,24.62565320370546,23.65475061827553,23.90188980102539,398084,0.0,0.0
2022-04-20 00:00:00+03:00,23.937193345421782,24.34320850861378,23.372304077236315,24.0960693359375,429872,0.0,0.0
2022-04-21 00:00:00+03:00,24.254943794876763,24.484430711574223,23.901889175560225,23.99015235900879,259926,0.0,0.0
2022-04-22 00:00:00+03:00,24.096070522412468,24.096070522412468,22.842720452466992,23.001596450805664,328918,0.0,0.0
2022-04-25 00:00:00+03:00,23.28404109873882,23.28404109873882,22.313136658868956,22.807415008544922,234533,0.0,0.0
2022-04-26 00:00:00+03:00,22.75445753870177,23.672403362775814,21.889470381375393,22.36609649658203,426154,0.0,0.0
2022-04-27 00:00:00+03:00,22.436706214297644,22.56027580154045,21.801206018626722,22.154260635375977,230311,0.0,0.0
2022-04-28 00:00:00+03:00,22.419053070215444,23.07220549957076,22.224870681762695,22.224870681762695,384958,0.0,0.0
2022-04-29 00:00:00+03:00,22.08364964827371,23.301693257728544,22.08364964827371,22.930984497070312,317676,0.0,0.0
2022-05-05 00:00:00+03:00,23.284039807956727,24.254942308481034,23.019246502793585,23.760663986206055,421960,0.0,0.0
2022-05-06 00:00:00+03:00,23.707706042077223,23.795971108308063,22.595579783328628,23.548831939697266,273022,0.0,0.0
2022-05-09 00:00:00+03:00,23.972500470085972,24.55504201510722,23.231082929774033,24.537389755249023,745242,0.0,0.0
2022-05-10 00:00:00+03:00,24.20198518326296,24.819833125314208,24.20198518326296,24.25494384765625,113120,0.0,0.0
2022-05-11 00:00:00+03:00,23.97250056139288,24.007805081243742,22.666193730942407,23.107513427734375,408671,0.0,0.0
2022-05-12 00:00:00+03:00,23.08985804345721,23.08985804345721,21.71294036165782,22.242525100708008,336352,0.0,0.0
2022-05-13 00:00:00+03:00,22.59557933398418,22.73680306004065,22.136607409486658,22.348440170288086,225257,0.0,0.0
2022-05-16 00:00:00+03:00,22.401399612426758,23.301693119627714,22.171914584942876,22.401399612426758,291813,0.0,0.0
2022-05-17 00:00:00+03:00,22.701497591505824,22.754456255266426,21.889469146728516,21.889469146728516,176587,0.0,0.0
2022-05-18 00:00:00+03:00,22.154260734647096,22.295484467501872,21.73059330712731,22.030691146850586,176038,0.0,0.0
2022-05-20 00:00:00+03:00,22.330788918351022,23.142817366315498,21.2186626315801,22.807415008544922,397535,0.0,0.0
2022-05-23 00:00:00+03:00,23.036900982050035,23.036900982050035,22.136607502438693,22.224870681762695,286272,0.0,0.0
2022-05-24 00:00:00+03:00,22.595579516252787,23.107511991982932,22.136607588052936,22.48966407775879,296156,0.0,0.0
2022-05-25 00:00:00+03:00,22.419054740510152,22.94863762695425,22.08365048594138,22.20722007751465,251204,0.0,0.0
2022-05-26 00:00:00+03:00,22.20721869722911,22.41905334705807,22.10130137231463,22.242525100708008,186648,0.0,0.0
2022-05-27 00:00:00+03:00,22.50731723850063,22.50731723850063,21.67763652851933,22.030691146850586,224397,0.0,0.0
2022-05-30 00:00:00+03:00,22.38374792875757,22.38374792875757,21.871817311676278,22.0483455657959,226128,0.0,0.0
2022-05-31 00:00:00+03:00,22.242524410919486,22.666191811916356,21.889467929168404,22.065996170043945,233032,0.0,0.0
2022-06-01 00:00:00+03:00,22.2425257796337,22.560275878553856,21.942427940230697,22.41905403137207,261189,0.0,0.0
2022-06-02 00:00:00+03:00,22.41905369948386,22.560275544575024,22.101301719745383,22.136608123779297,199973,0.0,0.0
2022-06-03 00:00:00+03:00,22.38374719759983,23.407610283840558,22.083649363951306,22.260177612304688,663961,0.0,0.0
2022-06-06 00:00:00+03:00,22.260177748644477,23.054553928339,22.136608162592488,22.789762496948242,470428,0.0,0.0
2022-06-07 00:00:00+03:00,22.807413371264953,23.07220478657637,22.348439573501555,22.436704635620117,247259,0.0,0.0
2022-06-08 00:00:00+03:00,22.472011687159263,22.701498611929807,21.35988535476371,21.695289611816406,285513,0.0,0.0
2022-06-09 00:00:00+03:00,21.871817826086385,21.889470086256825,21.16570479300061,21.430498123168945,214205,0.0,0.0
2022-06-10 00:00:00+03:00,21.448148727416992,22.04834438209682,21.27162048277456,21.448148727416992,237888,0.0,0.0
2022-06-13 00:00:00+03:00,21.677638033285515,21.677638033285515,20.97152497656319,21.218664169311523,147546,0.0,0.0
2022-06-14 00:00:00+03:00,21.359883852090256,21.412842514505677,21.112744684499773,21.20100975036621,135942,0.0,0.0
2022-06-15 00:00:00+03:00,21.271621853617567,21.924776212334674,21.20101092831454,21.412843704223633,188759,0.0,0.0
2022-06-16 00:00:00+03:00,21.41284401602822,21.765900533206754,20.971524312316223,21.04213523864746,178816,0.0,0.0
2022-06-17 00:00:00+03:00,21.395191141499183,21.395191141499183,20.424286689897265,21.130399703979492,119358,0.0,0.0
2022-06-20 00:00:00+03:00,21.130399604176368,21.624677957490434,21.024482275459842,21.253969192504883,189078,0.0,0.0
2022-06-21 00:00:00+03:00,21.62467887224428,22.736805214245415,21.32458101853443,22.101303100585938,663798,0.0,0.0
2022-06-22 00:00:00+03:00,22.207218124934325,22.207218124934325,21.518759301776676,21.554065704345703,273896,0.0,0.0
2022-06-23 00:00:00+03:00,21.677636797801387,22.56027618287719,21.53641306319231,22.0483455657959,418773,0.0,0.0
2022-06-24 00:00:00+03:00,22.013038203642992,22.56027520196343,21.57171853029353,21.854162216186523,184144,0.0,0.0
2022-06-27 00:00:00+03:00,21.518760681152344,21.518760681152344,21.518760681152344,21.518760681152344,3024,0.0,0.0
2022-06-28 00:00:00+03:00,21.518760194225806,21.69528844334779,20.98917544685986,21.0950927734375,234878,0.0,0.0
2022-06-29 00:00:00+03:00,21.218661859453665,21.253968262655295,20.547855282800242,20.671424865722656,181977,0.0,0.0
2022-06-30 00:00:00+03:00,20.565510927256813,21.006830629095976,20.177148005799587,20.51255226135254,177875,0.0,0.0
2022-07-01 00:00:00+03:00,20.547856305985267,20.95387147817176,20.318371273075098,20.742036819458008,78674,0.0,0.0
2022-07-04 00:00:00+03:00,20.9538715294121,20.9538715294121,20.318371322761394,20.353675842285156,117826,0.0,0.0
2022-07-05 00:00:00+03:00,20.477246325602596,20.477246325602596,19.594606901664502,19.629911422729492,127551,0.0,0.0
2022-07-06 00:00:00+03:00,19.62990914767896,20.441939435375076,19.54164596972355,20.124187469482422,89611,0.0,0.0
2022-07-07 00:00:00+03:00,20.38898214691355,20.477245330810547,19.94766245638397,20.477245330810547,75418,0.0,0.0
2022-07-08 00:00:00+03:00,20.6008143730152,20.83030128479004,20.353675202033756,20.83030128479004,33110,0.0,0.0
2022-07-13 00:00:00+03:00,20.830300851846705,21.13039867973288,20.60081394484159,20.671424865722656,113290,0.0,0.0
2022-07-14 00:00:00+03:00,20.794995861272273,20.83030226687231,20.44194123288355,20.63612174987793,98058,0.0,0.0
2022-07-18 00:00:00+03:00,21.077441495869223,21.3422329391238,20.636121795270814,20.90091323852539,146255,0.0,0.0
2022-07-19 00:00:00+03:00,20.636119821995138,21.148050399474574,20.636119821995138,21.02448081970215,167451,0.0,0.0
2022-07-20 00:00:00+03:00,21.13039889010877,21.76589906988765,20.95387064338748,21.465801239013672,391549,0.0,0.0
2022-07-21 00:00:00+03:00,21.536413162212803,21.924776077270508,21.3422326474451,21.924776077270508,217064,0.0,0.0
2022-07-22 00:00:00+03:00,22.065999176616803,22.083651437452897,21.6070253106991,21.748249053955078,191808,0.0,0.0
2022-07-25 00:00:00+03:00,21.836508833138097,22.31313488545039,21.58936967794241,21.907119750976562,144359,0.0,0.0
2022-07-26 00:00:00+03:00,21.94242755749107,22.15426032456877,21.48345373387269,21.871816635131836,163884,0.0,0.0
2022-07-27 00:00:00+03:00,22.101302062488138,22.101302062488138,21.359884535978416,21.377538681030273,184368,0.0,0.0
2022-07-28 00:00:00+03:00,21.501108931400378,23.513526916503906,21.359885194244686,23.513526916503906,732300,0.0,0.0
2022-07-29 00:00:00+03:00,24.20198509463011,25.384724195530158,22.34844127526444,22.68384552001953,1656382,0.0,0.0
2022-08-01 00:00:00+03:00,22.59557989781427,24.696262841649652,22.154260220990686,24.078414916992188,1219764,0.0,0.0
2022-08-02 00:00:00+03:00,24.14902724656884,25.596555833320576,23.30169242794616,23.654748916625977,965157,0.0,0.0
2022-08-03 00:00:00+03:00,24.48443037425616,24.713917287792015,23.53118008695086,23.707706451416016,878612,0.0,0.0
2022-08-04 00:00:00+03:00,23.937192703821122,23.937192703821122,23.03690110492978,23.1428165435791,414845,0.0,0.0
2022-08-05 00:00:00+03:00,23.266386897662816,23.266386897662816,22.26017794125377,22.54262351989746,373858,0.0,0.0
2022-08-08 00:00:00+03:00,22.772109277074485,23.107513530280002,22.56027650046231,22.983943939208984,345853,0.0,0.0
2022-08-09 00:00:00+03:00,23.0549348839502,23.0549348839502,22.59348013323003,22.841955184936523,304390,0.125,0.0
2022-08-10 00:00:00+03:00,22.89520167699234,22.89520167699234,22.52248907391838,22.646726608276367,182593,0.0,0.0
2022-08-11 00:00:00+03:00,22.664476109069817,22.824208998039634,22.27401393396891,22.309511184692383,204377,0.0,0.0
2022-08-12 00:00:00+03:00,22.36275571912048,23.747116245814333,22.07878340547632,22.770963668823242,844230,0.0,0.0
2022-08-15 00:00:00+03:00,22.877454011395958,23.51638936108139,22.36275619613349,23.1436767578125,412134,0.0,0.0
2022-08-16 00:00:00+03:00,23.42764842648156,23.658375811345177,22.25626572080034,22.593481063842773,460255,0.0,0.0
2022-08-17 00:00:00+03:00,22.611230976429944,22.699971258864903,22.185273450170666,22.291763305664062,351691,0.0,0.0
2022-08-18 00:00:00+03:00,22.433747160550602,22.575732362154476,22.096529937098662,22.50473976135254,278440,0.0,0.0
2022-08-19 00:00:00+03:00,22.486992348564993,22.575732626678654,22.132027444681928,22.362754821777344,267727,0.0,0.0
2022-08-22 00:00:00+03:00,22.220767413755684,22.220767413755684,21.77706223792988,22.007789611816406,480701,0.0,0.0
2022-08-23 00:00:00+03:00,22.55798610707377,22.66447596284281,22.043288297047255,22.132028579711914,356826,0.0,0.0
2022-08-24 00:00:00+03:00,22.185273214326585,22.309510745843387,21.741568015440055,21.777063369750977,254175,0.0,0.0
2022-08-25 00:00:00+03:00,21.83030891418457,22.18527384161616,21.688323701497673,21.83030891418457,225892,0.0,0.0
2022-08-26 00:00:00+03:00,21.954545420747685,21.972293097573566,21.617330082484656,21.741567611694336,253285,0.0,0.0
2022-08-29 00:00:00+03:00,22.04328848511718,22.04328848511718,21.475343846646215,21.6528263092041,254993,0.0,0.0
2022-08-31 00:00:00+03:00,21.81255938889245,21.97229226570644,21.599579692188225,21.670574188232422,255782,0.0,0.0
2022-09-01 00:00:00+03:00,21.68832211307434,22.469242621373066,21.617329511930294,22.185272216796875,503955,0.0,0.0
2022-09-02 00:00:00+03:00,22.18527291831833,22.682223037754945,22.18527291831833,22.575733184814453,571320,0.0,0.0
2022-09-05 00:00:00+03:00,22.717719214236027,23.196921674106644,22.54023864719404,22.646726608276367,511249,0.0,0.0
2022-09-06 00:00:00+03:00,22.717717829946196,22.87745260540784,22.007789917894275,22.362754821777344,471021,0.0,0.0
2022-09-07 00:00:00+03:00,22.327257622889878,22.415999796915635,21.475342609956556,22.203020095825195,235110,0.0,0.0
2022-09-08 00:00:00+03:00,22.433748632827896,22.628978771774293,21.93679849888641,21.972293853759766,264664,0.0,0.0
2022-09-09 00:00:00+03:00,22.0255385795406,22.149776111885195,21.91905062018402,21.954545974731445,243210,0.0,0.0
2022-09-12 00:00:00+03:00,22.078783383228473,22.540238155470963,22.007790778817544,22.27401351928711,335171,0.0,0.0
2022-09-13 00:00:00+03:00,22.451494736189527,22.451494736189527,21.475342214181318,21.510839462280273,269978,0.0,0.0
2022-09-14 00:00:00+03:00,21.546336865272572,21.91904944227717,21.262364565582033,21.688322067260742,250524,0.0,0.0
2022-09-15 00:00:00+03:00,21.68832200799262,22.043286907707227,21.635077083464008,21.848054885864258,228555,0.0,0.0
2022-09-16 00:00:00+03:00,21.901300278971927,21.9722928812909,21.61732986969604,21.723817825317383,171880,0.0,0.0
2022-09-19 00:00:00+03:00,21.83030836481816,22.345006169641394,21.61733055114746,21.61733055114746,213964,0.0,0.0
2022-09-20 00:00:00+03:00,22.025538432784575,22.043288005654325,20.978393253469505,21.777063369750977,188641,0.0,0.0
2022-09-21 00:00:00+03:00,21.77706322226598,21.77706322226598,21.546337733664714,21.599580764770508,128335,0.0,0.0
2022-09-22 00:00:00+03:00,21.617330337520045,21.90130075294138,21.3511057034197,21.599580764770508,164304,0.0,0.0
2022-09-23 00:00:00+03:00,21.741567194974703,22.43374743077391,21.61732966814628,21.706069946289062,405820,0.0,0.0
2022-09-26 00:00:00+03:00,21.830308296931644,22.220768568637506,21.741568015440055,21.777063369750977,266834,0.0,0.0
2022-09-27 00:00:00+03:00,21.83030706504641,22.23851688658672,21.670574188232422,21.670574188232422,229667,0.0,0.0
2022-09-28 00:00:00+03:00,21.688323281781688,21.830308491720867,21.297863006591797,21.297863006591797,189784,0.0,0.0
2022-09-29 00:00:00+03:00,21.794812558483294,21.794812558483294,20.871904926951434,21.084882736206055,164105,0.0,0.0
2022-09-30 00:00:00+03:00,21.226867424286592,21.67057450023733,20.87190441752589,21.368854522705078,136724,0.0,0.0
2022-10-03 00:00:00+03:00,21.40435098488272,22.007790971222704,21.40435098488272,21.79481315612793,195734,0.0,0.0
2022-10-04 00:00:00+03:00,22.007789513728536,22.007789513728536,21.56408433988031,21.670574188232422,169839,0.0,0.0
2022-10-05 00:00:00+03:00,21.777062547946134,22.185272377117055,21.599580095946347,21.706069946289062,252176,0.0,0.0
2022-10-06 00:00:00+03:00,21.72381761564498,22.415999746931224,21.65282501401121,22.362754821777344,456800,0.0,0.0
2022-10-07 00:00:00+03:00,22.593480456558975,22.753215233105156,22.132027594949285,22.540237426757812,373332,0.0,0.0
2022-10-10 00:00:00+03:00,22.55798596283038,24.17307388357141,22.27401364783352,23.605131149291992,1141599,0.0,0.0
2022-10-11 00:00:00+03:00,23.693870172193215,24.812007904052734,23.03718719071558,24.812007904052734,1187368,0.0,0.0
2022-10-12 00:00:00+03:00,24.81200860691987,25.876901444230967,23.78261301899532,24.04883575439453,805540,0.0,0.0
2022-10-13 00:00:00+03:00,24.1730740310249,24.20856938579459,23.25016637129833,23.78261375427246,403863,0.0,0.0
2022-10-14 00:00:00+03:00,23.782612870074743,24.137575883146255,23.409900284563978,23.871353149414062,383387,0.0,0.0
2022-10-17 00:00:00+03:00,23.889101645161222,24.599031487072203,23.67612383001651,23.942346572875977,446824,0.0,0.0
2022-10-18 00:00:00+03:00,23.97784359790737,24.0488362022884,23.108180876739745,23.427648544311523,474224,0.0,0.0
2022-10-19 00:00:00+03:00,23.427647612101598,23.960093071629924,23.250165160354086,23.676122665405273,523468,0.0,0.0
2022-10-20 00:00:00+03:00,23.764863563686273,24.066583549960534,23.28566301674646,23.729368209838867,442957,0.0,0.0
2022-10-21 00:00:00+03:00,23.76486361391722,25.876901626586914,23.53413812627862,25.876901626586914,1003685,0.0,0.0
2022-10-24 00:00:00+03:00,26.409348723068952,27.98893934909834,26.409348723068952,27.829206466674805,977460,0.0,0.0
2022-10-25 00:00:00+03:00,28.077682288258895,28.237415175027923,25.947894667052683,26.40934944152832,560327,0.0,0.0
2022-10-26 00:00:00+03:00,26.444844009494975,27.68721929503213,26.107628673012425,26.83530616760254,336106,0.0,0.0
2022-10-27 00:00:00+03:00,26.853054326000475,29.515287399291992,26.640076514251433,29.515287399291992,1024058,0.0,0.0
2022-10-28 00:00:00+03:00,30.171970985804077,31.112628218945552,28.042185244621272,28.077682495117188,1081116,0.0,0.0
2022-10-31 00:00:00+03:00,28.92959445784551,28.92959445784551,27.04828386078841,27.154773712158203,694108,0.0,0.0
2022-11-01 00:00:00+03:00,27.279012245876707,27.456494706131508,26.107629524766466,26.746564865112305,614104,0.0,0.0
2022-11-02 00:00:00+03:00,26.835307147051836,28.23741536578195,26.373852369458906,27.580732345581055,579986,0.0,0.0
2022-11-03 00:00:00+03:00,27.651725199269237,27.651725199269237,26.85305506570974,26.941795349121094,318113,0.0,0.0
2022-11-04 00:00:00+03:00,27.066031523534463,29.621776580810547,26.79980879096104,29.621776580810547,1252210,0.0,0.0
2022-11-07 00:00:00+03:00,29.62177776689136,29.99449036570357,27.758214772830318,28.734365463256836,1071184,0.0,0.0
2022-11-08 00:00:00+03:00,28.894100207665577,31.20136840257569,28.07768240599409,29.391050338745117,1162756,0.0,0.0
2022-11-09 00:00:00+03:00,29.40879779186983,30.10097805549432,28.397149860088984,28.876352310180664,678176,0.0,0.0
2022-11-10 00:00:00+03:00,28.397149421729104,29.834754854097895,28.130926684994137,28.343904495239258,516866,0.0,0.0
2022-11-11 00:00:00+03:00,28.48588924550244,28.71661662468896,27.580731196825564,27.81145668029785,397964,0.0,0.0
2022-11-14 00:00:00+03:00,27.86470159313589,28.574631407010113,26.657823563549638,28.468141555786133,499962,0.0,0.0
2022-11-15 00:00:00+03:00,28.574632054697297,28.574632054697297,27.154774290479864,27.864702224731445,465934,0.0,0.0
2022-11-16 00:00:00+03:00,27.917946609824813,27.917946609824813,26.65782365051566,26.995038986206055,390728,0.0,0.0
2022-11-17 00:00:00+03:00,26.835305750824553,28.397148671855167,25.504188310871562,26.799808502197266,584054,0.0,0.0
2022-11-18 00:00:00+03:00,27.15477501686876,28.166422966345934,25.91239967690931,27.598480224609375,327098,0.0,0.0
2022-11-21 00:00:00+03:00,27.687219215056157,28.32615642842555,27.119276499838882,27.651723861694336,374362,0.0,0.0
2022-11-22 00:00:00+03:00,27.758213414191403,29.92349440022174,27.49198878827438,29.763761520385742,870990,0.0,0.0
2022-11-23 00:00:00+03:00,29.763762732679798,29.8347553372445,28.4503948089471,29.373302459716797,427428,0.0,0.0
2022-11-24 00:00:00+03:00,29.497538990790297,30.84640222318164,29.195819009841873,29.781509399414062,688559,0.0,0.0
2022-11-25 00:00:00+03:00,29.781509402419147,31.769309845843,29.373301466052737,31.591827392578125,879079,0.0,0.0
2022-11-28 00:00:00+03:00,31.769309130327606,33.72161228084259,31.769309130327606,32.51473617553711,890428,0.0,0.0
2022-11-29 00:00:00+03:00,32.58572975071259,33.419897146176716,31.48534150146822,32.763214111328125,465799,0.0,0.0
2022-11-30 00:00:00+03:00,32.72771516218389,32.745462840066985,31.698319513534518,32.28401184082031,423808,0.0,0.0
2022-12-01 00:00:00+03:00,32.40824873854582,34.16532189433616,32.035536136062156,33.881351470947266,715388,0.0,0.0
2022-12-02 00:00:00+03:00,33.98783483780337,35.265709224458405,33.242409692016416,34.30730438232422,575022,0.0,0.0
2022-12-05 00:00:00+03:00,34.43154504929751,34.94624286959111,33.36665026179341,33.916847229003906,367152,0.0,0.0
2022-12-06 00:00:00+03:00,32.976188361483715,33.52638530173756,31.946792771331282,32.62122344970703,344302,0.0,0.0
2022-12-07 00:00:00+03:00,32.42599705531381,33.561882562690485,30.95289429387213,32.28401184082031,321613,0.0,0.0
2022-12-08 00:00:00+03:00,32.301757512440275,32.656722422341495,30.331704726917046,31.946792602539062,306712,0.0,0.0
2022-12-09 00:00:00+03:00,32.62122260648298,33.89909701413306,31.94679194554055,33.86359786987305,365747,0.0,0.0
2022-12-12 00:00:00+03:00,33.89909871472854,35.1947170723625,33.50863843970774,34.999488830566406,452197,0.0,0.0
2022-12-13 00:00:00+03:00,34.78650833896904,34.78650833896904,33.50863768733343,33.6151237487793,474266,0.0,0.0
2022-12-14 00:00:00+03:00,33.73936318599388,33.757114655333616,32.053284495875545,32.12427520751953,274870,0.0,0.0
2022-12-15 00:00:00+03:00,32.195266457480315,33.41989402388625,30.881898614771625,32.993934631347656,354718,0.0,0.0
2022-12-16 00:00:00+03:00,33.11817293013659,33.934592590643646,32.51473676230823,33.22466278076172,116370,0.0,0.0
2022-12-19 00:00:00+03:00,32.74546235904994,33.366650032976935,32.21301686466355,32.40824890136719,289606,0.0,0.0
2022-12-20 00:00:00+03:00,32.443743862530745,33.68611919529411,32.14202576375762,33.36664962768555,285986,0.0,0.0
2022-12-21 00:00:00+03:00,33.490884487642155,34.48478467451744,33.01168586162299,33.792606353759766,364789,0.0,0.0
2022-12-22 00:00:00+03:00,33.54413379432001,35.17696939505637,33.029435986727655,34.999488830566406,479920,0.0,0.0
2022-12-23 00:00:00+03:00,35.15922094762048,36.099874364241785,33.544133059567244,34.768760681152344,872807,0.0,0.0
2022-12-26 00:00:00+03:00,34.87524944293786,36.34834828670586,34.21856266896917,35.496437072753906,569119,0.0,0.0
2022-12-27 00:00:00+03:00,35.56743034686347,35.99338977603041,33.93459471505709,34.39604949951172,497280,0.0,0.0
2022-12-28 00:00:00+03:00,33.757111523471906,34.12982409931015,31.432093895691892,32.19526672363281,546935,0.0,0.0
2022-12-29 00:00:00+03:00,32.355001180686024,33.06493101448526,31.911297878132924,32.496986389160156,255757,0.0,0.0
2022-12-30 00:00:00+03:00,32.603477478027344,33.06493226661444,32.19526951427729,32.603477478027344,245128,0.0,0.0
2023-01-02 00:00:00+03:00,32.603477428488404,33.72161525122294,32.603477428488404,32.763214111328125,275934,0.0,0.0
2023-01-03 00:00:00+03:00,32.72771312946464,32.976188187252646,31.769310147588453,31.946792602539062,247444,0.0,0.0
2023-01-04 00:00:00+03:00,31.929044925758273,32.42599504133428,31.236864678450875,31.946792602539062,238305,0.0,0.0
2023-01-05 00:00:00+03:00,31.94679217595168,32.053282026642925,30.083229267425928,30.100976943969727,194964,0.0,0.0
2023-01-06 00:00:00+03:00,29.51528807571348,31.840303964043443,28.042185349617814,31.556333541870117,358783,0.0,0.0
2023-01-09 00:00:00+03:00,31.09487856634214,31.66282130282458,29.763762955434647,29.88800048828125,169355,0.0,0.0
2023-01-10 00:00:00+03:00,29.92349456415061,29.92349456415061,28.574631333543202,29.28455924987793,127089,0.0,0.0
2023-01-11 00:00:00+03:00,29.284559420705346,29.284559420705346,26.995038986206055,26.995038986206055,184371,0.0,0.0
2023-01-12 00:00:00+03:00,27.083782062462102,29.0538330078125,25.734916883380482,29.0538330078125,309058,0.0,0.0
2023-01-13 00:00:00+03:00,29.05383202125324,29.4620418548584,27.97119151672271,29.4620418548584,172824,0.0,0.0
2023-01-16 00:00:00+03:00,29.4975399684423,30.526935577392578,28.681120277304387,30.526935577392578,177752,0.0,0.0
2023-01-17 00:00:00+03:00,30.029984381922713,30.91739475028924,29.72826440170668,30.59792709350586,179972,0.0,0.0
2023-01-18 00:00:00+03:00,30.597927244792643,30.97063982883511,30.06548177942582,30.775409698486328,204800,0.0,0.0
2023-01-19 00:00:00+03:00,30.775409232898582,31.041631961554426,30.2962068047467,30.899646759033203,137208,0.0,0.0
2023-01-20 00:00:00+03:00,30.899646961558595,31.094877090233425,30.526934380711864,30.917394638061523,150060,0.0,0.0
2023-01-23 00:00:00+03:00,30.668919909957186,32.30175734985566,30.33170457424831,30.615676879882812,287333,0.0,0.0
2023-01-24 00:00:00+03:00,30.455942080282195,30.651172210888404,29.24906404757369,29.4620418548584,184564,0.0,0.0
2023-01-25 00:00:00+03:00,29.462043216296316,29.71051828413427,28.485890622443115,29.249065399169922,143178,0.0,0.0
2023-01-26 00:00:00+03:00,29.231314061609076,29.74601373943161,28.752113528069764,29.426544189453125,96065,0.0,0.0
2023-01-27 00:00:00+03:00,28.91184736889373,29.391049814084546,28.059932332046564,28.521387100219727,113428,0.0,0.0
2023-01-30 00:00:00+03:00,28.62787757257149,28.716617855292228,28.20192004494045,28.57463264465332,67426,0.0,0.0
2023-01-31 00:00:00+03:00,28.539134181876943,31.43209457397461,27.3677515045771,31.43209457397461,881020,0.0,0.0
2023-02-01 00:00:00+03:00,32.7632118254033,33.757112042932945,28.290658950805664,28.290658950805664,1738517,0.0,0.0
2023-02-02 00:00:00+03:00,28.201918950039687,31.112627029418945,26.675571359929677,31.112627029418945,1588871,0.0,0.0
2023-02-03 00:00:00+03:00,31.46759038960764,32.01778733090363,29.639524692352204,30.15422248840332,1009747,0.0,0.0
2023-02-06 00:00:00+03:00,29.958992327752874,29.958992327752874,27.15477407169543,28.503639221191406,233937,0.0,0.0
2023-02-07 00:00:00+03:00,26.782061010897706,28.219666415242976,25.663923263549805,25.663923263549805,405062,0.0,0.0
2023-02-08 00:00:00+03:00,23.5518856048584,23.5518856048584,23.5518856048584,23.5518856048584,84,0.0,0.0
2023-02-15 00:00:00+03:00,24.918498886591333,27.900199640469175,24.847506282315333,26.888551712036133,475501,0.0,0.0
2023-02-16 00:00:00+03:00,26.906299030302502,27.95344419476395,25.53968620300293,25.53968620300293,694352,0.0,0.0
2023-02-17 00:00:00+03:00,25.34445666322614,25.397701590897984,24.350556401923154,25.09598159790039,255864,0.0,0.0
2023-02-20 00:00:00+03:00,25.521938549490756,25.85915388954166,24.86525365059467,24.88300132751465,585947,0.0,0.0
2023-02-21 00:00:00+03:00,24.723268478018653,26.62232678251215,24.528038344485942,26.533586502075195,507186,0.0,0.0
2023-02-22 00:00:00+03:00,26.267363818524768,26.95954407362779,26.07213178888034,26.373851776123047,225876,0.0,0.0
2023-02-23 00:00:00+03:00,26.391600629777038,27.208018392929915,26.19636860545172,26.64007568359375,295596,0.0,0.0
2023-02-24 00:00:00+03:00,26.64007714696565,28.965093037231885,26.231867295108636,27.758214950561523,656278,0.0,0.0
2023-02-27 00:00:00+03:00,27.846955071469882,28.343905203507404,26.4803422083667,27.083782196044922,267800,0.0,0.0
2023-02-28 00:00:00+03:00,27.08378230089641,28.716617913708355,26.675572449836267,28.414897918701172,468652,0.0,0.0
2023-03-01 00:00:00+03:00,28.450395153418494,28.78761050311233,27.633977347467983,27.91794776916504,336075,0.0,0.0
2023-03-02 00:00:00+03:00,28.29065898242192,28.29065898242192,26.941793858348767,26.977291107177734,221141,0.0,0.0
2023-03-03 00:00:00+03:00,26.959543899254633,27.775961679370315,25.646176001180343,26.85305404663086,193964,0.0,0.0
2023-03-06 00:00:00+03:00,26.8708018362107,28.14867438591348,26.764313878854498,27.687219619750977,351265,0.0,0.0
2023-03-07 00:00:00+03:00,27.687218923926864,29.83475412973416,27.651723570938273,29.10707664489746,602868,0.0,0.0
2023-03-08 00:00:00+03:00,29.28456033846569,29.834755394541627,28.823107460051776,29.21356773376465,376062,0.0,0.0
2023-03-09 00:00:00+03:00,29.018337211350307,30.11872730888163,28.698869546583147,29.675020217895508,350618,0.0,0.0
2023-03-10 00:00:00+03:00,29.675019354142854,30.66891956925085,28.85860159112046,29.10707664489746,365100,0.0,0.0
2023-03-13 00:00:00+03:00,29.12482628806903,29.692768998698227,27.740463916714006,28.290658950805664,259092,0.0,0.0
2023-03-14 00:00:00+03:00,31.04163389156756,31.04163389156756,28.57463278759019,28.75211524963379,516846,0.0,0.0
2023-03-15 00:00:00+03:00,28.752114580827374,28.752114580827374,27.279011886274404,27.70496940612793,222966,0.0,0.0
2023-03-16 00:00:00+03:00,28.184170367575692,28.184170367575692,27.474242421292757,27.74046516418457,141215,0.0,0.0
2023-03-17 00:00:00+03:00,28.042183543124448,28.503638293000403,27.367750990338646,27.438743591308594,134887,0.0,0.0
2023-03-20 00:00:00+03:00,27.84695343102644,27.84695343102644,26.089880395034307,26.125375747680664,194390,0.0,0.0
2023-03-21 00:00:00+03:00,26.196368502667735,27.33225581259752,25.894650420543446,26.302858352661133,239526,0.0,0.0
2023-03-22 00:00:00+03:00,26.977291107177734,27.29675876378154,26.373851147084867,26.977291107177734,132286,0.0,0.0
2023-03-23 00:00:00+03:00,26.977292414198022,27.86470282505979,26.782062275465577,27.420997619628906,115645,0.0,0.0
2023-03-24 00:00:00+03:00,27.704968480876882,28.39714871662956,27.154773448428802,27.2967586517334,80152,0.0,0.0
2023-03-27 00:00:00+03:00,27.332255971100754,28.184169088845685,26.4803409576416,26.4803409576416,215930,0.0,0.0
2023-03-28 00:00:00+03:00,26.799808756284577,29.124826431274414,26.409348496253546,29.124826431274414,957426,0.0,0.0
2023-03-29 00:00:00+03:00,29.7282652879115,30.50918772443915,26.53358672912954,27.04828453063965,1114372,0.0,0.0
2023-03-30 00:00:00+03:00,27.332256541975333,27.545234351931366,26.622326717360036,26.69331932067871,213060,0.0,0.0
2023-03-31 00:00:00+03:00,26.338357137259273,29.071582877918257,26.178622352953585,27.26126480102539,576898,0.0,0.0
2023-04-03 00:00:00+03:00,27.261263410666796,27.953443649260745,26.267363192026416,26.977291107177734,242482,0.0,0.0
2023-04-04 00:00:00+03:00,26.97729219587314,27.598479857592025,26.622327276115406,26.906299591064453,184892,0.0,0.0
2023-04-05 00:00:00+03:00,26.79980834790299,27.17252092562974,26.48034069495352,26.622325897216797,218680,0.0,0.0
2023-04-06 00:00:00+03:00,26.67557253121756,27.2435152723755,26.26736457462638,26.60457992553711,196103,0.0,0.0
2023-04-07 00:00:00+03:00,26.569082348580316,27.24351493783429,26.46259438922444,26.906299591064453,178116,0.0,0.0
2023-04-10 00:00:00+03:00,26.99503911814567,27.829206466674805,26.977291441368443,27.829206466674805,200034,0.0,0.0
2023-04-11 00:00:00+03:00,27.829207556163976,27.864702911108044,27.29676017057409,27.758214950561523,174095,0.0,0.0
2023-04-12 00:00:00+03:00,27.740465107300597,28.255164810407457,27.4387451146419,27.90019989013672,311262,0.0,0.0
2023-04-13 00:00:00+03:00,27.900200000102693,30.509188193375657,27.722717539267794,29.23131561279297,1155246,0.0,0.0
2023-04-14 00:00:00+03:00,28.9118468519339,31.05938208267035,28.45039398772604,29.95899200439453,1113943,0.0,0.0
2023-04-17 00:00:00+03:00,30.11872728047713,30.349452768543767,28.92959500758433,29.178070068359375,252218,0.0,0.0
2023-04-18 00:00:00+03:00,29.17807046230635,29.408797849202415,28.45039484286493,28.716617584228516,243308,0.0,0.0
2023-04-19 00:00:00+03:00,28.485890449391498,28.858603048884202,27.50973975718273,28.077682495117188,226200,0.0,0.0
2023-04-20 00:00:00+03:00,28.219667540072585,28.468142604942944,27.083782070869308,27.403249740600586,251333,0.0,0.0
2023-04-24 00:00:00+03:00,27.47424224286493,29.053832908336027,27.438744992709875,28.219667434692383,477383,0.0,0.0
2023-04-25 00:00:00+03:00,27.90019891429447,30.047732246677036,27.90019891429447,29.4620418548584,863886,0.0,0.0
2023-04-26 00:00:00+03:00,29.462042754404806,29.462042754404806,26.675572123662043,28.219667434692383,381522,0.0,0.0
2023-04-27 00:00:00+03:00,27.97119107857703,29.05383156614889,27.66947110119754,28.929594039916992,195470,0.0,0.0
2023-04-28 00:00:00+03:00,28.787609187041525,28.787609187041525,27.31450653076172,27.31450653076172,659257,0.0,0.0
2023-05-02 00:00:00+03:00,27.66947194386765,27.864702077361446,24.84750600310665,25.37995147705078,310634,0.0,0.0
2023-05-03 00:00:00+03:00,25.379951799789865,25.379951799789865,22.841956240668022,23.427648544311523,366556,0.0,0.0
2023-05-04 00:00:00+03:00,23.42764862203825,24.474793805489746,23.42764862203825,23.764863967895508,158681,0.0,0.0
2023-05-05 00:00:00+03:00,24.08433155662177,24.08433155662177,23.427648544311523,23.427648544311523,129371,0.0,0.0
2023-05-08 00:00:00+03:00,23.463143723254664,24.22631848000305,22.859705642669546,23.906850814819336,165928,0.0,0.0
2023-05-09 00:00:00+03:00,23.782613461930964,24.15532605671709,23.072683626692086,23.427648544311523,212245,0.0,0.0
2023-05-10 00:00:00+03:00,23.392151546810954,23.53413865282023,22.717718954338405,22.788713455200195,102760,0.0,0.0
2023-05-11 00:00:00+03:00,22.717718222098064,23.569633247837444,21.67057496028146,23.054935455322266,243406,0.0,0.0
2023-05-12 00:00:00+03:00,23.26791332975244,25.34445597390489,22.717718286393364,25.202468872070312,818160,0.0,0.0
2023-05-15 00:00:00+03:00,24.350554930096703,26.11969797074043,23.555435527399627,23.97287368774414,297094,0.0,2.8
2023-05-16 00:00:00+03:00,24.151775170453416,25.066163470744538,23.575313104772988,24.70836067199707,215768,0.0,0.0
2023-05-17 00:00:00+03:00,24.628849491418,25.82152868372116,24.46982559911091,25.00653076171875,223405,0.0,0.0
2023-05-18 00:00:00+03:00,25.04628726610573,25.781773229722667,23.793972713229014,24.11202049255371,174095,0.0,0.0
2023-05-22 00:00:00+03:00,24.112019588211968,24.549336216238643,23.0982409078514,23.336776733398438,134880,0.0,0.0
2023-05-23 00:00:00+03:00,23.813849235597022,23.813849235597022,22.641048525336885,23.118120193481445,203544,0.0,0.0
2023-05-24 00:00:00+03:00,23.11811970504223,23.65482484643679,22.621169587295956,22.740436553955078,154830,0.0,0.0
2023-05-25 00:00:00+03:00,22.91933868183421,24.25116513639377,22.740436337831547,22.800071716308594,247951,0.0,0.0
2023-05-26 00:00:00+03:00,22.97897416747475,23.515679306271448,22.859705305678677,23.277143478393555,158518,0.0,0.0
2023-05-29 00:00:00+03:00,23.700000762939453,24.0,23.280000686645508,23.899999618530273,230380,0.142857,0.0
2023-05-30 00:00:00+03:00,24.020000457763672,25.200000762939453,23.700000762939453,24.760000228881836,302357,0.0,0.0
2023-05-31 00:00:00+03:00,24.760000228881836,26.239999771118164,24.559999465942383,25.0,296253,0.0,0.0
2023-06-01 00:00:00+03:00,25.0,25.760000228881836,24.799999237060547,25.5,260623,0.0,0.0
2023-06-02 00:00:00+03:00,25.639999389648438,26.399999618530273,25.239999771118164,26.200000762939453,315492,0.0,0.0
2023-06-05 00:00:00+03:00,26.239999771118164,27.360000610351562,26.18000030517578,26.979999542236328,427366,0.0,0.0
2023-06-06 00:00:00+03:00,26.979999542236328,27.079999923706055,25.639999389648438,26.299999237060547,354388,0.0,0.0
2023-06-07 00:00:00+03:00,26.440000534057617,26.799999237060547,26.020000457763672,26.239999771118164,356552,0.0,0.0
2023-06-08 00:00:00+03:00,26.239999771118164,26.739999771118164,25.920000076293945,26.299999237060547,271813,0.0,0.0
2023-06-09 00:00:00+03:00,26.299999237060547,26.65999984741211,25.799999237060547,26.239999771118164,278811,0.0,0.0
2023-06-12 00:00:00+03:00,26.260000228881836,28.1200008392334,26.239999771118164,27.239999771118164,655336,0.0,0.0
2023-06-13 00:00:00+03:00,27.1200008392334,27.260000228881836,26.100000381469727,26.34000015258789,279493,0.0,0.0
2023-06-14 00:00:00+03:00,26.34000015258789,26.81999969482422,25.540000915527344,26.079999923706055,272985,0.0,0.0
2023-06-15 00:00:00+03:00,26.079999923706055,26.979999542236328,26.079999923706055,26.81999969482422,278208,0.0,0.0
2023-06-16 00:00:00+03:00,26.600000381469727,27.479999542236328,26.579999923706055,26.940000534057617,329042,0.0,0.0
2023-06-19 00:00:00+03:00,27.299999237060547,28.65999984741211,26.0,27.260000228881836,732944,0.0,0.0
2023-06-20 00:00:00+03:00,27.8799991607666,29.979999542236328,26.5,29.979999542236328,1258464,0.0,0.0
2023-06-21 00:00:00+03:00,30.8799991607666,32.959999084472656,27.899999618530273,28.399999618530273,2546961,0.0,0.0
2023-06-22 00:00:00+03:00,28.360000610351562,31.239999771118164,27.899999618530273,30.239999771118164,1764869,0.0,0.0
2023-06-23 00:00:00+03:00,30.540000915527344,32.70000076293945,30.459999084472656,32.68000030517578,873577,0.0,0.0
2023-06-26 00:00:00+03:00,34.68000030517578,35.939998626708984,34.220001220703125,35.939998626708984,915285,0.0,0.0
2023-06-27 00:00:00+03:00,37.47999954223633,39.52000045776367,37.060001373291016,39.52000045776367,998846,0.0,0.0
2023-07-03 00:00:00+03:00,42.91999816894531,43.459999084472656,42.0,43.459999084472656,467534,0.0,0.0
2023-07-04 00:00:00+03:00,46.70000076293945,47.79999923706055,40.36000061035156,47.79999923706055,2629903,0.0,0.0
2023-07-05 00:00:00+03:00,48.70000076293945,52.54999923706055,48.70000076293945,52.54999923706055,951190,0.0,0.0
2023-07-06 00:00:00+03:00,54.349998474121094,57.79999923706055,54.0,57.79999923706055,616004,0.0,0.0
2023-07-07 00:00:00+03:00,61.5,63.54999923706055,58.45000076293945,58.900001525878906,2359044,0.0,0.0
2023-07-10 00:00:00+03:00,58.849998474121094,63.0,55.900001525878906,59.04999923706055,547194,0.0,0.0
2023-07-11 00:00:00+03:00,58.400001525878906,58.70000076293945,53.150001525878906,53.900001525878906,533252,0.0,0.0
2023-07-12 00:00:00+03:00,52.0,59.25,49.900001525878906,59.25,641261,0.0,0.0
2023-07-13 00:00:00+03:00,60.400001525878906,65.1500015258789,59.400001525878906,64.9000015258789,667755,0.0,0.0
2023-07-14 00:00:00+03:00,64.9000015258789,69.94999694824219,59.0,65.05000305175781,460349,0.0,0.0
2023-07-17 00:00:00+03:00,64.94999694824219,64.94999694824219,58.54999923706055,58.54999923706055,642960,0.0,0.0
2023-07-18 00:00:00+03:00,53.0,60.79999923706055,52.70000076293945,55.150001525878906,673743,0.0,0.0
2023-07-19 00:00:00+03:00,52.099998474121094,57.20000076293945,50.79999923706055,57.20000076293945,439011,0.0,0.0
2023-07-20 00:00:00+03:00,56.0,57.25,53.29999923706055,55.04999923706055,308643,0.0,0.0
2023-07-21 00:00:00+03:00,54.0,56.900001525878906,52.5,53.45000076293945,261744,0.0,0.0
2023-07-24 00:00:00+03:00,52.54999923706055,56.099998474121094,52.5,54.599998474121094,387211,0.0,0.0
2023-07-25 00:00:00+03:00,56.0,58.70000076293945,56.0,57.20000076293945,374935,0.0,0.0
2023-07-26 00:00:00+03:00,56.45000076293945,57.0,53.650001525878906,54.25,266219,0.0,0.0
2023-07-27 00:00:00+03:00,54.29999923706055,55.5,52.400001525878906,52.45000076293945,258934,0.0,0.0
2023-07-28 00:00:00+03:00,52.900001525878906,55.70000076293945,51.54999923706055,55.0,283931,0.0,0.0
2023-07-31 00:00:00+03:00,56.0,56.400001525878906,52.75,53.20000076293945,312331,0.0,0.0
2023-08-01 00:00:00+03:00,53.5,54.20000076293945,51.900001525878906,52.400001525878906,208136,0.0,0.0
2023-08-02 00:00:00+03:00,52.400001525878906,54.400001525878906,52.29999923706055,52.75,160603,0.0,0.0
2023-08-03 00:00:00+03:00,52.75,54.95000076293945,52.0,53.70000076293945,311084,0.0,0.0
2023-08-04 00:00:00+03:00,53.70000076293945,59.04999923706055,52.75,59.04999923706055,422784,0.0,0.0
2023-08-07 00:00:00+03:00,62.45000076293945,64.94999694824219,59.349998474121094,64.94999694824219,491756,0.0,0.0
2023-08-08 00:00:00+03:00,66.75,71.4000015258789,66.4000015258789,71.4000015258789,498141,0.0,0.0
2023-08-09 00:00:00+03:00,71.4000015258789,75.0,65.0,68.94999694824219,619364,0.0,0.0
2023-08-10 00:00:00+03:00,66.5,68.0,62.099998474121094,62.099998474121094,357541,0.0,0.0
2023-08-11 00:00:00+03:00,59.70000076293945,65.0,58.0,62.54999923706055,284876,0.0,0.0
2023-08-14 00:00:00+03:00,62.150001525878906,64.1500015258789,59.75,60.5,277899,0.0,0.0
2023-08-15 00:00:00+03:00,60.0,60.70000076293945,58.5,58.70000076293945,216709,0.0,0.0
2023-08-16 00:00:00+03:00,58.79999923706055,64.55000305175781,58.75,64.55000305175781,375897,0.0,0.0
2023-08-17 00:00:00+03:00,65.9000015258789,71.0,64.5999984741211,66.19999694824219,422174,0.0,0.0
2023-08-18 00:00:00+03:00,59.599998474121094,66.0,59.599998474121094,61.400001525878906,372096,0.0,0.0
2023-08-21 00:00:00+03:00,64.0,64.0,60.25,61.599998474121094,214242,0.0,0.0
2023-08-22 00:00:00+03:00,61.45000076293945,61.45000076293945,58.400001525878906,60.79999923706055,215228,0.0,0.0
2023-08-23 00:00:00+03:00,61.0,61.0,57.95000076293945,58.400001525878906,210064,0.0,0.0
2023-08-24 00:00:00+03:00,58.400001525878906,64.19999694824219,55.5,59.0,485796,0.0,0.0
2023-08-25 00:00:00+03:00,55.5,58.849998474121094,54.75,57.04999923706055,270335,0.0,0.0
2023-08-28 00:00:00+03:00,51.349998474121094,59.0,51.349998474121094,57.849998474121094,330675,0.0,0.0
2023-08-29 00:00:00+03:00,56.79999923706055,57.54999923706055,55.29999923706055,55.79999923706055,225577,0.0,0.0
2023-08-31 00:00:00+03:00,55.79999923706055,57.099998474121094,54.900001525878906,56.70000076293945,149829,0.0,0.0
2023-09-01 00:00:00+03:00,57.0,58.0,56.150001525878906,57.599998474121094,130129,0.0,0.0
2023-09-04 00:00:00+03:00,58.79999923706055,63.29999923706055,57.349998474121094,62.0,367526,0.0,0.0
2023-09-05 00:00:00+03:00,61.75,64.5,58.70000076293945,61.70000076293945,268586,0.0,0.0
2023-09-06 00:00:00+03:00,62.349998474121094,64.0999984741211,59.849998474121094,61.5,200521,0.0,0.0
2023-09-07 00:00:00+03:00,61.0,63.0,60.75,61.79999923706055,186453,0.0,0.0
2023-09-08 00:00:00+03:00,62.04999923706055,63.099998474121094,61.0,61.650001525878906,148710,0.0,0.0
2023-09-11 00:00:00+03:00,61.75,63.650001525878906,57.79999923706055,57.79999923706055,522728,0.0,0.0
2023-09-12 00:00:00+03:00,57.79999923706055,63.54999923706055,56.0,62.25,847659,0.0,0.0
2023-09-13 00:00:00+03:00,60.5,62.0,57.5,57.849998474121094,797311,0.0,0.0
2023-09-14 00:00:00+03:00,58.20000076293945,58.75,55.29999923706055,56.79999923706055,269384,0.0,0.0
2023-09-15 00:00:00+03:00,57.29999923706055,58.400001525878906,54.5,56.45000076293945,243726,0.0,0.0
2023-09-18 00:00:00+03:00,56.400001525878906,56.400001525878906,52.20000076293945,52.20000076293945,283641,0.0,0.0
2023-09-19 00:00:00+03:00,52.20000076293945,54.400001525878906,52.20000076293945,53.45000076293945,227762,0.0,0.0
2023-09-20 00:00:00+03:00,53.5,55.400001525878906,52.45000076293945,53.650001525878906,225693,0.0,0.0
2023-09-21 00:00:00+03:00,53.70000076293945,59.0,52.79999923706055,56.099998474121094,666875,0.0,0.0
2023-09-22 00:00:00+03:00,56.0,56.099998474121094,53.70000076293945,53.900001525878906,385994,0.0,0.0
2023-09-25 00:00:00+03:00,53.95000076293945,54.70000076293945,52.54999923706055,53.400001525878906,514804,0.0,0.0
2023-09-26 00:00:00+03:00,53.849998474121094,54.29999923706055,52.29999923706055,53.0,369301,0.0,0.0
2023-09-27 00:00:00+03:00,53.54999923706055,53.70000076293945,52.400001525878906,52.70000076293945,221433,0.0,0.0
2023-09-28 00:00:00+03:00,52.95000076293945,57.25,52.349998474121094,54.20000076293945,811391,0.0,0.0
2023-09-29 00:00:00+03:00,54.20000076293945,55.79999923706055,52.599998474121094,54.79999923706055,421989,0.0,0.0
2023-10-02 00:00:00+03:00,54.79999923706055,56.20000076293945,53.0,55.099998474121094,218362,0.0,0.0
2023-10-03 00:00:00+03:00,55.0,55.099998474121094,52.95000076293945,53.79999923706055,170875,0.0,0.0
2023-10-04 00:00:00+03:00,53.79999923706055,53.79999923706055,52.70000076293945,52.75,119020,0.0,0.0
2023-10-05 00:00:00+03:00,52.75,53.0,50.79999923706055,52.29999923706055,155740,0.0,0.0
2023-10-06 00:00:00+03:00,52.29999923706055,53.29999923706055,49.79999923706055,52.5,90058,0.0,0.0
2023-10-09 00:00:00+03:00,51.04999923706055,53.900001525878906,50.099998474121094,52.5,144494,0.0,0.0
2023-10-10 00:00:00+03:00,52.5,55.150001525878906,52.5,54.29999923706055,160041,0.0,0.0
2023-10-11 00:00:00+03:00,54.29999923706055,55.099998474121094,53.0,53.54999923706055,129477,0.0,0.0
2023-10-12 00:00:00+03:00,53.5,55.0,50.849998474121094,52.45000076293945,141441,0.0,0.0
2023-10-13 00:00:00+03:00,52.599998474121094,52.599998474121094,50.25,51.150001525878906,78168,0.0,0.0
2023-10-16 00:00:00+03:00,51.150001525878906,52.25,49.97999954223633,50.75,70375,0.0,0.0
2023-10-17 00:00:00+03:00,51.0,52.75,50.0,51.79999923706055,65139,0.0,0.0
2023-10-18 00:00:00+03:00,50.54999923706055,54.5,48.63999938964844,52.45000076293945,102140,0.0,0.0
2023-10-19 00:00:00+03:00,53.54999923706055,53.54999923706055,51.0,53.099998474121094,97575,0.0,0.0
2023-10-20 00:00:00+03:00,53.0,53.0,50.400001525878906,50.900001525878906,81603,0.0,0.0
2023-10-23 00:00:00+03:00,52.0,53.0,50.0,52.0,62040,0.0,0.0
2023-10-24 00:00:00+03:00,52.5,56.900001525878906,50.0,55.45000076293945,250721,0.0,0.0
2023-10-25 00:00:00+03:00,55.95000076293945,56.20000076293945,51.0,51.099998474121094,143187,0.0,0.0
2023-10-26 00:00:00+03:00,51.099998474121094,54.95000076293945,50.099998474121094,54.75,165986,0.0,0.0
2023-10-27 00:00:00+03:00,54.5,54.5,52.0,52.95000076293945,117151,0.0,0.0
2023-10-30 00:00:00+03:00,51.25,55.45000076293945,51.25,53.400001525878906,130195,0.0,0.0
2023-10-31 00:00:00+03:00,52.400001525878906,58.70000076293945,51.70000076293945,57.900001525878906,381825,0.0,0.0
2023-11-01 00:00:00+03:00,59.0,60.95000076293945,53.95000076293945,56.54999923706055,269088,0.0,0.0
2023-11-02 00:00:00+03:00,56.400001525878906,61.45000076293945,54.95000076293945,59.650001525878906,280892,0.0,0.0
2023-11-03 00:00:00+03:00,59.54999923706055,65.5999984741211,57.849998474121094,65.5999984741211,324113,0.0,0.0
2023-11-06 00:00:00+03:00,71.4000015258789,72.1500015258789,67.9000015258789,72.1500015258789,348784,0.0,0.0
2023-11-07 00:00:00+03:00,72.8499984741211,75.44999694824219,66.5999984741211,69.6500015258789,266177,0.0,0.0
2023-11-08 00:00:00+03:00,63.0,68.94999694824219,62.79999923706055,68.19999694824219,222411,0.0,0.0
2023-11-09 00:00:00+03:00,66.9000015258789,75.0,63.599998474121094,75.0,455686,0.0,0.0
2023-11-10 00:00:00+03:00,73.0,79.94999694824219,70.1500015258789,72.6500015258789,347669,0.0,0.0
2023-11-13 00:00:00+03:00,72.5999984741211,75.30000305175781,68.0,68.05000305175781,225102,0.0,0.0
2023-11-14 00:00:00+03:00,68.0999984741211,69.9000015258789,65.1500015258789,69.0,157351,0.0,0.0
2023-11-15 00:00:00+03:00,69.0,71.4000015258789,66.0,67.0,131121,0.0,0.0
2023-11-16 00:00:00+03:00,66.55000305175781,68.9000015258789,64.05000305175781,64.05000305175781,126744,0.0,0.0
2023-11-17 00:00:00+03:00,64.5,65.4000015258789,62.54999923706055,64.3499984741211,137883,0.0,0.0
2023-11-20 00:00:00+03:00,65.0999984741211,66.1500015258789,63.54999923706055,63.900001525878906,125107,0.0,0.0
2023-11-21 00:00:00+03:00,63.900001525878906,63.900001525878906,62.0,62.95000076293945,138967,0.0,0.0
2023-11-22 00:00:00+03:00,63.099998474121094,68.75,62.95000076293945,66.9000015258789,168400,0.0,0.0
2023-11-23 00:00:00+03:00,66.9000015258789,73.19999694824219,65.19999694824219,70.69999694824219,292811,0.0,0.0
2023-11-24 00:00:00+03:00,70.4000015258789,76.19999694824219,67.5,72.5,206305,0.0,0.0
2023-11-27 00:00:00+03:00,73.5,73.94999694824219,69.0999984741211,70.9000015258789,173408,0.0,0.0
2023-11-28 00:00:00+03:00,71.44999694824219,72.0,68.55000305175781,69.1500015258789,138344,0.0,0.0
2023-11-29 00:00:00+03:00,69.1500015258789,70.80000305175781,66.30000305175781,66.75,107388,0.0,0.0
2023-11-30 00:00:00+03:00,66.75,68.55000305175781,63.849998474121094,66.5999984741211,107115,0.0,0.0
2023-12-01 00:00:00+03:00,66.80000305175781,70.94999694824219,65.30000305175781,70.55000305175781,182442,0.0,0.0
2023-12-04 00:00:00+03:00,70.55000305175781,77.5999984741211,68.80000305175781,77.5999984741211,361099,0.0,0.0
2023-12-05 00:00:00+03:00,77.44999694824219,85.0,75.0,81.5,321390,0.0,0.0
2023-12-06 00:00:00+03:00,81.4000015258789,84.0,73.3499984741211,78.30000305175781,241841,0.0,0.0
2023-12-07 00:00:00+03:00,77.94999694824219,77.94999694824219,70.5,74.0,202158,0.0,0.0
2023-12-08 00:00:00+03:00,70.1500015258789,73.9000015258789,70.1500015258789,73.9000015258789,53501,0.0,0.0
2023-12-11 00:00:00+03:00,74.94999694824219,74.94999694824219,70.44999694824219,70.44999694824219,35886,0.0,0.0
2023-12-12 00:00:00+03:00,70.5,70.5,67.5,67.5,32407,0.0,0.0
2023-12-13 00:00:00+03:00,66.0,66.0,61.25,61.25,62521,0.0,0.0
2023-12-14 00:00:00+03:00,60.79999923706055,60.79999923706055,60.29999923706055,60.29999923706055,36065,0.0,0.0
2023-12-15 00:00:00+03:00,66.30000305175781,66.30000305175781,66.30000305175781,66.30000305175781,29840,0.0,0.0
2023-12-18 00:00:00+03:00,71.0,71.0,66.8499984741211,67.9000015258789,54102,0.0,0.0
2023-12-19 00:00:00+03:00,68.4000015258789,68.4000015258789,68.30000305175781,68.30000305175781,46500,0.0,0.0
2023-12-20 00:00:00+03:00,70.0,70.0,65.0,65.0,38808,0.0,0.0
2023-12-21 00:00:00+03:00,65.0,66.1500015258789,65.0,66.1500015258789,22680,0.0,0.0
2023-12-22 00:00:00+03:00,66.25,66.25,63.79999923706055,63.79999923706055,21017,0.0,0.0
2023-12-25 00:00:00+03:00,61.900001525878906,61.900001525878906,57.45000076293945,57.45000076293945,37707,0.0,0.0
2023-12-26 00:00:00+03:00,57.45000076293945,57.45000076293945,55.0,57.150001525878906,32340,0.0,0.0
2023-12-27 00:00:00+03:00,59.0,59.0,57.95000076293945,58.0,36379,0.0,0.0
2023-12-28 00:00:00+03:00,58.150001525878906,62.0,58.150001525878906,62.0,29754,0.0,0.0
2023-12-29 00:00:00+03:00,63.0,63.599998474121094,63.0,63.599998474121094,16171,0.0,0.0
2024-01-02 00:00:00+03:00,66.0,66.0,65.69999694824219,65.69999694824219,33269,0.0,0.0
2024-01-03 00:00:00+03:00,65.4000015258789,65.4000015258789,62.29999923706055,62.29999923706055,33563,0.0,0.0
2024-01-04 00:00:00+03:00,61.349998474121094,64.5,61.349998474121094,64.5,31046,0.0,0.0
2024-01-05 00:00:00+03:00,65.44999694824219,67.5,65.44999694824219,67.5,34979,0.0,0.0
2024-01-08 00:00:00+03:00,68.80000305175781,74.25,67.5,74.0,452706,0.0,0.0
2024-01-09 00:00:00+03:00,72.94999694824219,75.5,68.3499984741211,69.69999694824219,262656,0.0,0.0
2024-01-10 00:00:00+03:00,69.69999694824219,70.19999694824219,66.25,67.8499984741211,284031,0.0,0.0
2024-01-11 00:00:00+03:00,68.0,68.55000305175781,65.0,65.05000305175781,202118,0.0,0.0
2024-01-12 00:00:00+03:00,63.900001525878906,70.05000305175781,63.5,67.30000305175781,272992,0.0,0.0
2024-01-15 00:00:00+03:00,67.5,70.94999694824219,67.30000305175781,68.0,173003,0.0,0.0
2024-01-16 00:00:00+03:00,68.05000305175781,68.75,64.75,65.1500015258789,214965,0.0,0.0
2024-01-17 00:00:00+03:00,65.3499984741211,65.6500015258789,62.099998474121094,64.05000305175781,187867,0.0,0.0
2024-01-18 00:00:00+03:00,64.0,65.55000305175781,63.54999923706055,64.30000305175781,169374,0.0,0.0
2024-01-19 00:00:00+03:00,64.30000305175781,66.5999984741211,64.0999984741211,65.0,126189,0.0,0.0
2024-01-22 00:00:00+03:00,65.5,65.5999984741211,63.75,64.1500015258789,151382,0.0,0.0
2024-01-23 00:00:00+03:00,63.599998474121094,66.30000305175781,63.599998474121094,63.900001525878906,183836,0.0,0.0
2024-01-24 00:00:00+03:00,63.95000076293945,64.9000015258789,63.04999923706055,63.349998474121094,156243,0.0,0.0
2024-01-25 00:00:00+03:00,63.400001525878906,65.75,63.0,63.75,261627,0.0,0.0
2024-01-26 00:00:00+03:00,64.0,68.94999694824219,63.75,67.0,466848,0.0,0.0
2024-01-29 00:00:00+03:00,67.25,72.69999694824219,67.0,67.9000015258789,513130,0.0,0.0
2024-01-30 00:00:00+03:00,68.0,72.0,66.6500015258789,69.9000015258789,471497,0.0,0.0
2024-01-31 00:00:00+03:00,69.94999694824219,74.8499984741211,69.9000015258789,71.94999694824219,634183,0.0,0.0
2024-02-01 00:00:00+03:00,73.0,73.69999694824219,70.3499984741211,70.4000015258789,303219,0.0,0.0
2024-02-02 00:00:00+03:00,70.44999694824219,73.9000015258789,69.4000015258789,69.6500015258789,348434,0.0,0.0
2024-02-05 00:00:00+03:00,69.94999694824219,73.9000015258789,69.5,73.5,391537,0.0,0.0
2024-02-06 00:00:00+03:00,73.8499984741211,80.8499984741211,72.19999694824219,80.8499984741211,554982,0.0,0.0
2024-02-07 00:00:00+03:00,83.4000015258789,88.0,80.9000015258789,80.9000015258789,965500,0.0,0.0
2024-02-08 00:00:00+03:00,80.0,87.0,77.0,85.25,724557,0.0,0.0
2024-02-09 00:00:00+03:00,85.44999694824219,86.8499984741211,82.0999984741211,82.80000305175781,349487,0.0,0.0
2024-02-12 00:00:00+03:00,84.0999984741211,85.75,81.25,81.25,276533,0.0,0.0
2024-02-13 00:00:00+03:00,82.4000015258789,88.44999694824219,78.3499984741211,84.0,787721,0.0,0.0
2024-02-14 00:00:00+03:00,82.44999694824219,86.69999694824219,81.55000305175781,85.5999984741211,345495,0.0,0.0
2024-02-15 00:00:00+03:00,85.5999984741211,92.5999984741211,85.44999694824219,89.80000305175781,441611,0.0,0.0
2024-02-16 00:00:00+03:00,89.80000305175781,98.75,89.80000305175781,98.75,625933,0.0,0.0
2024-02-19 00:00:00+03:00,101.0,108.5999984741211,101.0,108.5999984741211,305276,0.0,0.0
2024-02-20 00:00:00+03:00,113.19999694824219,115.5999984741211,103.0999984741211,106.5,1808611,0.0,0.0
2024-02-21 00:00:00+03:00,106.0,114.0,100.4000015258789,100.69999694824219,882104,0.0,0.0
2024-02-22 00:00:00+03:00,103.5,110.69999694824219,98.3499984741211,110.69999694824219,774943,0.0,0.0
2024-02-23 00:00:00+03:00,112.69999694824219,120.19999694824219,106.4000015258789,106.9000015258789,1170244,0.0,0.0
2024-02-26 00:00:00+03:00,106.9000015258789,113.0,105.0999984741211,107.0,612668,0.0,0.0
2024-02-27 00:00:00+03:00,109.0,110.4000015258789,101.5,103.19999694824219,523214,0.0,0.0
2024-02-28 00:00:00+03:00,102.5,107.4000015258789,99.30000305175781,102.69999694824219,511151,0.0,0.0
2024-02-29 00:00:00+03:00,101.5999984741211,112.0,99.80000305175781,111.0999984741211,727408,0.0,0.0
2024-03-01 00:00:00+03:00,108.30000305175781,116.0,106.0999984741211,106.69999694824219,586018,0.0,0.0
2024-03-04 00:00:00+03:00,107.5,117.30000305175781,105.9000015258789,117.30000305175781,545624,0.0,0.0
2024-03-05 00:00:00+03:00,119.9000015258789,127.80000305175781,118.19999694824219,122.0,730193,0.0,0.0
2024-03-06 00:00:00+03:00,122.0,123.9000015258789,109.80000305175781,111.5999984741211,554974,0.0,0.0
2024-03-07 00:00:00+03:00,113.19999694824219,120.0,111.69999694824219,116.19999694824219,449251,0.0,0.0
2024-03-08 00:00:00+03:00,116.19999694824219,117.4000015258789,108.30000305175781,108.69999694824219,338340,0.0,0.0
2024-03-11 00:00:00+03:00,111.5999984741211,114.5999984741211,108.69999694824219,109.19999694824219,331168,0.0,0.0
2024-03-12 00:00:00+03:00,109.30000305175781,113.9000015258789,106.0,107.4000015258789,322874,0.0,0.0
2024-03-13 00:00:00+03:00,107.30000305175781,116.80000305175781,103.5,112.4000015258789,413981,0.0,0.0
2024-03-14 00:00:00+03:00,112.4000015258789,113.0,104.4000015258789,104.5999984741211,366168,0.0,0.0
2024-03-15 00:00:00+03:00,105.30000305175781,107.5999984741211,102.19999694824219,102.5,194958,0.0,0.0
2024-03-18 00:00:00+03:00,103.0,105.80000305175781,99.9000015258789,100.30000305175781,222098,0.0,0.0
2024-03-19 00:00:00+03:00,100.30000305175781,104.5,98.4000015258789,102.9000015258789,266336,0.0,0.0
2024-03-20 00:00:00+03:00,103.5,106.4000015258789,102.4000015258789,103.9000015258789,230738,0.0,0.0
2024-03-21 00:00:00+03:00,104.0,112.19999694824219,102.30000305175781,104.0,412818,0.0,0.0
2024-03-22 00:00:00+03:00,104.0,106.19999694824219,100.19999694824219,102.0,239476,0.0,0.0
2024-03-25 00:00:00+03:00,101.9000015258789,110.0,101.9000015258789,107.0,346473,0.0,0.0
2024-03-26 00:00:00+03:00,107.0,107.9000015258789,99.8499984741211,100.5,223208,0.0,0.0
2024-03-27 00:00:00+03:00,101.0,103.9000015258789,97.05000305175781,97.1500015258789,181247,0.0,0.0
2024-03-28 00:00:00+03:00,97.1500015258789,101.0,97.1500015258789,98.3499984741211,154452,0.0,0.0
2024-03-29 00:00:00+03:00,98.3499984741211,100.80000305175781,97.69999694824219,98.0,97562,0.0,0.0
2024-04-01 00:00:00+03:00,98.19999694824219,102.5999984741211,96.44999694824219,98.80000305175781,128757,0.0,0.0
2024-04-02 00:00:00+03:00,99.05000305175781,104.5,97.9000015258789,99.4000015258789,185959,0.0,0.0
2024-04-03 00:00:00+03:00,99.4000015258789,104.5,97.19999694824219,99.0999984741211,240559,0.0,0.0
2024-04-04 00:00:00+03:00,98.5999984741211,101.4000015258789,95.19999694824219,95.19999694824219,128949,0.0,0.0
2024-04-05 00:00:00+03:00,94.1500015258789,103.5,94.1500015258789,100.4000015258789,136584,0.0,0.0
2024-04-08 00:00:00+03:00,100.0999984741211,110.4000015258789,98.5,110.4000015258789,251703,0.0,0.0
2024-04-15 00:00:00+03:00,106.0999984741211,122.0999984741211,105.19999694824219,122.0999984741211,346451,0.0,0.0
2024-04-16 00:00:00+03:00,123.4000015258789,128.89999389648438,117.5,120.0,855034,0.0,0.0
2024-04-17 00:00:00+03:00,121.19999694824219,129.6999969482422,115.30000305175781,116.9000015258789,755199,0.0,0.0
2024-04-18 00:00:00+03:00,116.9000015258789,124.4000015258789,114.5,117.80000305175781,477142,0.0,0.0
2024-04-19 00:00:00+03:00,118.30000305175781,121.80000305175781,114.19999694824219,116.4000015258789,247423,0.0,0.0
2024-04-22 00:00:00+03:00,116.5,121.0,115.5999984741211,116.30000305175781,291553,0.0,0.0
2024-04-24 00:00:00+03:00,116.5999984741211,121.5,115.19999694824219,115.19999694824219,351185,0.0,0.0
2024-04-25 00:00:00+03:00,115.19999694824219,118.5,114.19999694824219,116.19999694824219,214861,0.0,0.0
2024-04-26 00:00:00+03:00,126.9000015258789,127.80000305175781,118.5,127.80000305175781,1180645,0.0,0.0
2024-04-29 00:00:00+03:00,129.60000610351562,140.5,125.19999694824219,132.8000030517578,1304558,0.0,0.0
2024-04-30 00:00:00+03:00,132.8000030517578,143.89999389648438,128.5,140.39999389648438,977495,0.0,0.0
2024-05-02 00:00:00+03:00,140.89999389648438,149.89999389648438,129.60000610351562,132.0,977449,0.0,0.0
2024-05-03 00:00:00+03:00,132.1999969482422,137.1999969482422,129.89999389648438,131.89999389648438,427729,0.0,0.0
2024-05-06 00:00:00+03:00,130.6999969482422,145.0,130.0,145.0,679715,0.0,0.0
2024-05-07 00:00:00+03:00,147.89999389648438,150.6999969482422,135.39999389648438,135.39999389648438,637529,0.0,0.0
2024-05-08 00:00:00+03:00,135.0,148.89999389648438,135.0,148.89999389648438,639504,0.0,0.0
2024-05-09 00:00:00+03:00,151.89999389648438,155.60000610351562,146.10000610351562,151.39999389648438,724842,0.0,0.0
2024-05-10 00:00:00+03:00,148.0,151.39999389648438,142.0,145.0,359064,0.0,0.0
2024-05-13 00:00:00+03:00,143.0,149.8000030517578,136.0,138.5,297036,0.0,0.0
2024-05-14 00:00:00+03:00,141.89999389648438,142.5,136.5,139.6999969482422,233539,0.0,0.0
2024-05-15 00:00:00+03:00,139.6999969482422,140.6999969482422,134.3000030517578,135.39999389648438,182490,0.0,0.0
2024-05-16 00:00:00+03:00,135.39999389648438,143.10000610351562,133.6999969482422,138.60000610351562,243580,0.0,0.0
2024-05-17 00:00:00+03:00,138.60000610351562,143.0,134.6999969482422,135.89999389648438,282296,0.0,0.0
2024-05-20 00:00:00+03:00,136.0,139.39999389648438,129.3000030517578,137.5,313529,0.0,0.0
2024-05-21 00:00:00+03:00,135.10000610351562,139.0,130.39999389648438,131.10000610351562,300195,0.0,0.0
2024-05-22 00:00:00+03:00,130.8000030517578,140.5,130.60000610351562,132.89999389648438,376060,0.0,0.0
2024-05-23 00:00:00+03:00,132.89999389648438,134.1999969482422,129.39999389648438,130.0,192808,0.0,0.0
2024-05-24 00:00:00+03:00,130.0,132.8000030517578,128.39999389648438,130.0,167732,0.0,0.0
2024-05-27 00:00:00+03:00,129.6999969482422,131.0,123.9000015258789,125.80000305175781,264750,0.0,0.0
2024-05-28 00:00:00+03:00,125.80000305175781,128.39999389648438,124.4000015258789,124.4000015258789,178331,0.0,0.0
2024-05-29 00:00:00+03:00,125.69999694824219,125.9000015258789,122.19999694824219,122.19999694824219,153288,0.0,0.0
2024-05-30 00:00:00+03:00,122.19999694824219,127.69999694824219,119.5,125.0,259952,0.0,0.0
2024-05-31 00:00:00+03:00,124.69999694824219,126.9000015258789,123.0999984741211,123.9000015258789,120734,0.0,0.0
2024-06-03 00:00:00+03:00,124.0,125.30000305175781,120.0999984741211,124.4000015258789,139721,0.0,0.0
2024-06-04 00:00:00+03:00,124.69999694824219,131.8000030517578,124.0,129.3000030517578,252292,0.0,0.0
2024-06-05 00:00:00+03:00,128.8000030517578,133.1999969482422,120.4000015258789,121.9000015258789,232658,0.0,0.0
2024-06-06 00:00:00+03:00,121.9000015258789,126.4000015258789,120.80000305175781,123.0999984741211,153784,0.0,0.0
2024-06-07 00:00:00+03:00,123.0999984741211,126.0,120.30000305175781,123.30000305175781,124058,0.0,0.0
2024-06-10 00:00:00+03:00,122.0999984741211,129.0,121.5999984741211,124.30000305175781,203103,0.0,0.0
2024-06-11 00:00:00+03:00,123.4000015258789,124.80000305175781,115.0999984741211,116.69999694824219,244908,0.0,0.0
2024-06-12 00:00:00+03:00,117.0,119.0,113.30000305175781,115.0,119856,0.0,0.0
2024-06-13 00:00:00+03:00,114.80000305175781,119.5,114.80000305175781,117.5999984741211,79249,0.0,0.0
2024-06-14 00:00:00+03:00,117.69999694824219,122.0,116.30000305175781,119.69999694824219,84228,0.0,0.0
2024-06-20 00:00:00+03:00,120.0,123.80000305175781,120.0,121.80000305175781,90776,0.0,0.0
2024-06-21 00:00:00+03:00,121.9000015258789,127.9000015258789,120.19999694824219,122.69999694824219,119962,0.0,0.0
2024-06-24 00:00:00+03:00,123.0,124.69999694824219,115.0999984741211,115.0999984741211,137171,0.0,0.0
2024-06-25 00:00:00+03:00,115.4000015258789,119.5,111.69999694824219,112.30000305175781,167517,0.0,0.0
2024-06-26 00:00:00+03:00,111.5,113.69999694824219,108.69999694824219,109.5,100577,0.0,0.0
2024-06-27 00:00:00+03:00,109.5,112.0,109.0999984741211,110.5999984741211,74940,0.0,0.0
2024-06-28 00:00:00+03:00,110.5999984741211,114.4000015258789,110.0,110.0,109573,0.0,0.0
2024-07-01 00:00:00+03:00,110.69999694824219,111.5999984741211,103.5999984741211,103.5999984741211,161812,0.0,0.0
2024-07-02 00:00:00+03:00,103.5999984741211,109.30000305175781,103.19999694824219,108.5999984741211,118196,0.0,0.0
2024-07-03 00:00:00+03:00,108.5999984741211,110.30000305175781,106.19999694824219,108.4000015258789,68714,0.0,0.0
2024-07-04 00:00:00+03:00,108.0,110.69999694824219,106.5,107.4000015258789,71224,0.0,0.0
2024-07-05 00:00:00+03:00,107.80000305175781,112.69999694824219,107.80000305175781,108.0,159857,0.0,0.0
2024-07-08 00:00:00+03:00,107.5999984741211,111.19999694824219,107.5999984741211,108.0,79884,0.0,0.0
2024-07-09 00:00:00+03:00,107.80000305175781,111.5,107.80000305175781,110.9000015258789,86408,0.0,0.0
2024-07-10 00:00:00+03:00,110.0,111.4000015258789,108.0,108.0,63066,0.0,0.0
2024-07-11 00:00:00+03:00,108.0,111.9000015258789,108.0,111.30000305175781,87458,0.0,0.0
2024-07-12 00:00:00+03:00,111.30000305175781,111.69999694824219,106.9000015258789,110.5,100407,0.0,0.0
2024-07-16 00:00:00+03:00,113.19999694824219,115.0,110.0,110.5999984741211,141180,0.0,0.0
2024-07-17 00:00:00+03:00,112.0,112.4000015258789,108.9000015258789,111.30000305175781,78008,0.0,0.0
2024-07-18 00:00:00+03:00,112.0,117.9000015258789,110.5999984741211,115.19999694824219,182442,0.0,0.0
2024-07-19 00:00:00+03:00,115.69999694824219,117.0,110.9000015258789,111.5999984741211,146233,0.0,0.0
2024-07-22 00:00:00+03:00,115.0,115.0,109.80000305175781,110.80000305175781,168628,0.0,0.0
2024-07-23 00:00:00+03:00,110.69999694824219,114.0999984741211,108.5999984741211,110.5,142516,0.0,0.0
2024-07-24 00:00:00+03:00,110.5,111.0999984741211,108.5,109.0,175644,0.0,0.0
2024-07-25 00:00:00+03:00,109.0,109.80000305175781,106.19999694824219,107.0,107543,0.0,0.0
2024-07-26 00:00:00+03:00,107.0,109.0,105.80000305175781,106.80000305175781,105129,0.0,0.0
2024-07-29 00:00:00+03:00,107.19999694824219,107.5,104.5,105.0,99797,0.0,0.0
2024-07-30 00:00:00+03:00,103.19999694824219,107.9000015258789,103.19999694824219,104.80000305175781,102309,0.0,0.0
2024-07-31 00:00:00+03:00,104.0,105.30000305175781,99.25,102.4000015258789,169371,0.0,0.0
2024-08-01 00:00:00+03:00,103.0999984741211,106.4000015258789,103.0999984741211,105.80000305175781,67420,0.0,0.0
2024-08-02 00:00:00+03:00,107.19999694824219,108.9000015258789,103.5,104.5,95565,0.0,0.0
2024-08-05 00:00:00+03:00,99.8499984741211,104.5,95.25,95.6500015258789,123888,0.0,0.0
2024-08-06 00:00:00+03:00,97.55000305175781,101.69999694824219,97.5,98.94999694824219,122831,0.0,0.0
2024-08-07 00:00:00+03:00,100.0,101.80000305175781,97.5,99.80000305175781,73632,0.0,0.0
2024-08-08 00:00:00+03:00,99.80000305175781,101.30000305175781,98.0999984741211,99.0,54140,0.0,0.0
2024-08-09 00:00:00+03:00,99.19999694824219,100.9000015258789,96.25,96.25,83285,0.0,0.0
2024-08-12 00:00:00+03:00,97.0,103.0999984741211,96.69999694824219,96.75,237967,0.0,0.0
2024-08-13 00:00:00+03:00,96.75,99.94999694824219,95.0,99.94999694824219,161960,0.0,0.0
2024-08-14 00:00:00+03:00,99.94999694824219,101.0,97.0,97.6500015258789,118674,0.0,0.0
2024-08-15 00:00:00+03:00,98.4000015258789,101.0,95.30000305175781,98.55000305175781,149287,0.0,0.0
2024-08-16 00:00:00+03:00,99.0999984741211,104.0,98.0,98.30000305175781,222476,0.0,0.0
2024-08-19 00:00:00+03:00,103.19999694824219,103.19999694824219,98.0999984741211,99.05000305175781,143469,0.0,0.0
2024-08-20 00:00:00+03:00,99.05000305175781,108.9000015258789,96.69999694824219,97.8499984741211,289266,0.0,0.0
2024-08-21 00:00:00+03:00,97.8499984741211,99.5999984741211,95.80000305175781,96.5,87854,0.0,0.0
2024-08-22 00:00:00+03:00,96.94999694824219,97.0999984741211,92.05000305175781,92.30000305175781,153583,0.0,0.0
2024-08-23 00:00:00+03:00,92.30000305175781,92.44999694824219,89.1500015258789,89.8499984741211,121204,0.0,0.0
2024-08-26 00:00:00+03:00,90.05000305175781,92.0,87.25,88.0,85367,0.0,0.0
2024-08-27 00:00:00+03:00,88.0,89.5999984741211,87.30000305175781,88.44999694824219,54147,0.0,0.0
2024-08-28 00:00:00+03:00,88.44999694824219,93.4000015258789,88.44999694824219,91.0,128926,0.0,0.0
2024-08-29 00:00:00+03:00,90.44999694824219,92.5,88.5,92.5,53227,0.0,0.0
2024-09-02 00:00:00+03:00,92.5,94.75,89.19999694824219,93.55000305175781,51124,0.0,0.0
2024-09-03 00:00:00+03:00,93.55000305175781,97.69999694824219,89.0,93.30000305175781,82174,0.0,0.0
2024-09-04 00:00:00+03:00,90.55000305175781,94.4000015258789,90.05000305175781,90.9000015258789,45988,0.0,0.0
2024-09-05 00:00:00+03:00,90.5999984741211,93.44999694824219,90.5999984741211,93.44999694824219,58857,0.0,0.0
2024-09-06 00:00:00+03:00,93.80000305175781,94.0,91.0999984741211,91.55000305175781,59784,0.0,0.0
2024-09-09 00:00:00+03:00,92.4000015258789,93.9000015258789,90.80000305175781,91.4000015258789,73056,0.0,0.0
2024-09-10 00:00:00+03:00,91.0,92.30000305175781,89.05000305175781,89.9000015258789,89706,0.0,0.0
2024-09-11 00:00:00+03:00,89.69999694824219,94.5,87.0,87.94999694824219,302946,0.0,0.0
2024-09-12 00:00:00+03:00,87.94999694824219,89.19999694824219,84.5,85.6500015258789,137690,0.0,0.0
2024-09-13 00:00:00+03:00,86.80000305175781,89.55000305175781,85.94999694824219,89.0,72467,0.0,0.0
2024-09-16 00:00:00+03:00,89.94999694824219,92.75,89.4000015258789,90.0,66199,0.0,0.0
2024-09-17 00:00:00+03:00,90.05000305175781,90.94999694824219,88.0,89.0,67904,0.0,0.0
2024-09-18 00:00:00+03:00,89.0,89.25,87.3499984741211,87.94999694824219,74884,0.0,0.0
2024-09-19 00:00:00+03:00,88.0999984741211,91.5,88.0999984741211,90.55000305175781,72775,0.0,0.0
2024-09-20 00:00:00+03:00,89.5,91.4000015258789,88.3499984741211,88.69999694824219,50862,0.0,0.0
2024-09-23 00:00:00+03:00,88.0,89.0,84.19999694824219,85.0,134370,0.0,0.0
2024-09-24 00:00:00+03:00,85.0,85.0,81.5999984741211,82.5,141467,0.0,0.0
2024-09-25 00:00:00+03:00,82.4000015258789,83.6500015258789,81.5999984741211,81.9000015258789,94363,0.0,0.0
2024-09-26 00:00:00+03:00,82.4000015258789,83.80000305175781,81.9000015258789,82.4000015258789,69516,0.0,0.0
2024-09-27 00:00:00+03:00,82.4000015258789,83.69999694824219,81.75,83.0999984741211,75009,0.0,0.0
2024-09-30 00:00:00+03:00,82.19999694824219,85.94999694824219,82.19999694824219,83.8499984741211,99211,0.0,0.0
2024-10-01 00:00:00+03:00,83.1500015258789,83.80000305175781,77.0999984741211,78.69999694824219,113165,0.0,0.0
2024-10-02 00:00:00+03:00,76.30000305175781,79.0,75.19999694824219,75.19999694824219,84161,0.0,0.0
2024-10-03 00:00:00+03:00,74.05000305175781,78.0,74.05000305175781,74.0999984741211,56017,0.0,0.0
2024-10-04 00:00:00+03:00,75.0,79.94999694824219,74.8499984741211,78.9000015258789,112960,0.0,0.0
2024-10-07 00:00:00+03:00,78.9000015258789,81.75,76.44999694824219,77.25,96909,0.0,0.0
2024-10-08 00:00:00+03:00,76.0,79.0,75.80000305175781,76.9000015258789,46241,0.0,0.0
2024-10-09 00:00:00+03:00,76.0999984741211,77.80000305175781,74.94999694824219,77.0,47561,0.0,0.0
2024-10-10 00:00:00+03:00,76.5,79.44999694824219,76.19999694824219,76.5,55301,0.0,0.0
2024-10-11 00:00:00+03:00,76.5,76.9000015258789,73.4000015258789,73.94999694824219,52147,0.0,0.0
2024-10-14 00:00:00+03:00,73.94999694824219,73.94999694824219,70.30000305175781,70.9000015258789,73422,0.0,0.0
2024-10-15 00:00:00+03:00,70.9000015258789,76.0,70.9000015258789,75.1500015258789,79697,0.0,0.0
2024-10-16 00:00:00+03:00,75.44999694824219,77.0999984741211,73.94999694824219,74.69999694824219,48560,0.0,0.0
2024-10-17 00:00:00+03:00,74.69999694824219,79.0,74.5,76.6500015258789,191420,0.0,0.0
2024-10-18 00:00:00+03:00,78.0,81.4000015258789,77.3499984741211,78.0999984741211,269024,0.0,0.0
2024-10-21 00:00:00+03:00,78.0999984741211,80.4000015258789,75.0,76.0,107069,0.0,0.0
2024-10-22 00:00:00+03:00,76.0,76.8499984741211,74.80000305175781,76.5999984741211,77774,0.0,0.0
2024-10-23 00:00:00+03:00,76.6500015258789,77.55000305175781,74.05000305175781,74.5999984741211,58056,0.0,0.0
2024-10-24 00:00:00+03:00,76.0,77.94999694824219,74.80000305175781,76.44999694824219,75118,0.0,0.0
2024-10-25 00:00:00+03:00,76.44999694824219,81.6500015258789,76.19999694824219,80.25,378468,0.0,0.0
2024-10-28 00:00:00+03:00,80.0,81.8499984741211,79.0,81.3499984741211,65771,0.0,0.0
2024-10-30 00:00:00+03:00,83.94999694824219,84.94999694824219,80.55000305175781,81.30000305175781,205601,0.0,0.0
2024-10-31 00:00:00+03:00,81.5,81.5,78.05000305175781,79.69999694824219,89743,0.0,0.0
2024-11-01 00:00:00+03:00,79.69999694824219,80.25,78.0,79.05000305175781,77841,0.0,0.0
2024-11-04 00:00:00+03:00,78.55000305175781,78.9000015258789,76.30000305175781,77.0,70597,0.0,0.0
2024-11-05 00:00:00+03:00,77.0,82.94999694824219,75.0,82.94999694824219,472390,0.0,0.0
2024-11-06 00:00:00+03:00,83.0,84.8499984741211,80.5999984741211,82.5,362166,0.0,0.0
2024-11-07 00:00:00+03:00,83.5,85.0,79.94999694824219,81.9000015258789,180282,0.0,0.0
2024-11-08 00:00:00+03:00,81.9000015258789,87.44999694824219,80.5,87.25,262515,0.0,0.0
2024-11-11 00:00:00+03:00,87.44999694824219,92.4000015258789,86.55000305175781,92.0,449624,0.0,0.0
2024-11-12 00:00:00+03:00,92.05000305175781,94.69999694824219,88.4000015258789,88.4000015258789,393789,0.0,0.0
2024-11-13 00:00:00+03:00,88.4000015258789,88.75,82.5,83.94999694824219,301177,0.0,0.0
2024-11-14 00:00:00+03:00,84.75,85.9000015258789,82.6500015258789,84.5999984741211,99275,0.0,0.0
2024-11-15 00:00:00+03:00,85.94999694824219,93.05000305175781,85.94999694824219,90.19999694824219,703886,0.0,0.0
2024-11-18 00:00:00+03:00,90.1500015258789,91.0,87.19999694824219,89.0999984741211,208876,0.0,0.0
2024-11-19 00:00:00+03:00,89.0999984741211,90.30000305175781,87.0,87.94999694824219,149301,0.0,0.0
2024-11-20 00:00:00+03:00,88.75,91.69999694824219,86.5,87.69999694824219,202253,0.0,0.0
2024-11-21 00:00:00+03:00,90.4000015258789,90.4000015258789,87.0,88.6500015258789,124109,0.0,0.0
2024-11-22 00:00:00+03:00,90.9000015258789,93.6500015258789,88.25,91.55000305175781,196401,0.0,0.0
2024-11-25 00:00:00+03:00,91.6500015258789,94.0,91.0,92.25,163659,0.0,0.0
2024-11-26 00:00:00+03:00,94.4000015258789,96.6500015258789,92.25,93.0,155853,0.0,0.0
2024-11-27 00:00:00+03:00,93.05000305175781,94.5,91.0,91.44999694824219,98941,0.0,0.0
2024-11-28 00:00:00+03:00,91.0,91.8499984741211,89.5999984741211,90.75,107261,0.0,0.0
2024-11-29 00:00:00+03:00,90.6500015258789,98.9000015258789,90.0,95.5,313484,0.0,0.0
2024-12-02 00:00:00+03:00,95.55000305175781,100.0,93.30000305175781,98.19999694824219,245316,0.0,0.0
2024-12-03 00:00:00+03:00,98.19999694824219,100.4000015258789,95.1500015258789,95.30000305175781,217882,0.0,0.0
2024-12-04 00:00:00+03:00,95.30000305175781,97.0,94.5999984741211,94.9000015258789,112294,0.0,0.0
2024-12-05 00:00:00+03:00,95.05000305175781,96.44999694824219,94.0999984741211,95.0999984741211,114475,0.0,0.0
2024-12-06 00:00:00+03:00,95.19999694824219,99.69999694824219,94.5,98.25,237205,0.0,0.0
2024-12-09 00:00:00+03:00,98.3499984741211,102.5,97.5999984741211,100.5,262504,0.0,0.0
2024-12-10 00:00:00+03:00,100.5,102.5,97.0,98.55000305175781,148403,0.0,0.0
2024-12-11 00:00:00+03:00,98.3499984741211,101.0,96.9000015258789,98.44999694824219,130024,0.0,0.0
2024-12-12 00:00:00+03:00,98.44999694824219,100.0,96.69999694824219,97.5999984741211,67525,0.0,0.0
2024-12-13 00:00:00+03:00,97.8499984741211,99.9000015258789,93.0,99.5,93834,0.0,0.0
2024-12-16 00:00:00+03:00,100.0,102.9000015258789,99.80000305175781,99.80000305175781,224941,0.0,0.0
2024-12-17 00:00:00+03:00,100.9000015258789,101.80000305175781,98.80000305175781,99.0,183769,0.0,0.0
2024-12-18 00:00:00+03:00,99.0999984741211,106.69999694824219,95.1500015258789,95.8499984741211,214521,0.0,0.0
2024-12-19 00:00:00+03:00,95.5,95.8499984741211,91.5,92.4000015258789,160204,0.0,0.0
2024-12-20 00:00:00+03:00,92.4000015258789,92.8499984741211,90.0999984741211,91.8499984741211,109991,0.0,0.0
2024-12-23 00:00:00+03:00,92.0,92.44999694824219,90.25,90.75,106525,0.0,0.0
2024-12-24 00:00:00+03:00,90.75,92.3499984741211,90.25,91.80000305175781,72212,0.0,0.0
2024-12-25 00:00:00+03:00,92.5,95.55000305175781,92.0,94.0,117867,0.0,0.0
2024-12-26 00:00:00+03:00,95.94999694824219,99.80000305175781,94.8499984741211,97.19999694824219,259505,0.0,0.0
2024-12-27 00:00:00+03:00,96.5999984741211,96.69999694824219,92.5999984741211,94.75,123118,0.0,0.0
2024-12-30 00:00:00+03:00,94.6500015258789,97.75,93.0,95.0,115354,0.0,0.0
2024-12-31 00:00:00+03:00,96.0,96.9000015258789,93.3499984741211,95.0999984741211,87114,0.0,0.0
2025-01-02 00:00:00+03:00,96.80000305175781,98.19999694824219,95.1500015258789,97.94999694824219,151618,0.0,0.0
2025-01-03 00:00:00+03:00,98.80000305175781,99.75,96.19999694824219,97.6500015258789,90280,0.0,0.0
2025-01-06 00:00:00+03:00,98.3499984741211,101.69999694824219,97.94999694824219,98.5,107175,0.0,0.0
2025-01-07 00:00:00+03:00,99.0999984741211,100.30000305175781,97.5999984741211,99.8499984741211,125635,0.0,0.0
2025-01-08 00:00:00+03:00,99.8499984741211,100.19999694824219,95.19999694824219,95.80000305175781,143050,0.0,0.0
2025-01-09 00:00:00+03:00,95.75,96.69999694824219,94.9000015258789,95.5999984741211,104750,0.0,0.0
2025-01-10 00:00:00+03:00,95.5999984741211,96.0,93.69999694824219,93.94999694824219,92107,0.0,0.0
2025-01-13 00:00:00+03:00,93.9000015258789,93.9000015258789,90.69999694824219,91.1500015258789,94932,0.0,0.0
2025-01-14 00:00:00+03:00,91.5,92.0999984741211,89.1500015258789,90.55000305175781,94653,0.0,0.0
2025-01-15 00:00:00+03:00,90.0,90.94999694824219,85.75,89.0999984741211,96332,0.0,0.0
2025-01-16 00:00:00+03:00,89.44999694824219,91.3499984741211,88.44999694824219,89.80000305175781,165460,0.0,0.0
2025-01-17 00:00:00+03:00,89.4000015258789,94.0,88.5,92.69999694824219,206120,0.0,0.0
2025-01-20 00:00:00+03:00,92.69999694824219,95.94999694824219,92.0,93.5,165089,0.0,0.0
2025-01-21 00:00:00+03:00,93.4000015258789,93.9000015258789,90.0,91.0,161311,0.0,0.0
2025-01-22 00:00:00+03:00,91.0,93.3499984741211,89.0,92.19999694824219,196431,0.0,0.0
2025-01-23 00:00:00+03:00,90.1500015258789,95.3499984741211,90.1500015258789,93.05000305175781,129683,0.0,0.0
2025-01-24 00:00:00+03:00,94.30000305175781,95.25,92.44999694824219,94.5999984741211,172997,0.0,0.0
2025-01-27 00:00:00+03:00,94.5999984741211,94.5999984741211,91.8499984741211,94.1500015258789,159670,0.0,0.0
2025-01-28 00:00:00+03:00,96.75,99.5,89.0999984741211,89.5,725335,0.0,0.0
2025-01-29 00:00:00+03:00,90.3499984741211,90.75,85.8499984741211,87.05000305175781,173438,0.0,0.0
2025-01-30 00:00:00+03:00,87.1500015258789,88.0,85.94999694824219,86.0999984741211,95832,0.0,0.0
2025-01-31 00:00:00+03:00,86.0999984741211,86.94999694824219,84.19999694824219,84.6500015258789,91105,0.0,0.0
2025-02-03 00:00:00+03:00,84.0,85.5,82.4000015258789,85.4000015258789,173429,0.0,0.0
2025-02-04 00:00:00+03:00,83.69999694824219,86.80000305175781,83.69999694824219,84.5,128694,0.0,0.0
2025-02-05 00:00:00+03:00,84.69999694824219,86.05000305175781,81.69999694824219,82.05000305175781,288885,0.0,0.0
2025-02-06 00:00:00+03:00,81.25,84.44999694824219,81.25,82.44999694824219,276434,0.0,0.0
2025-02-07 00:00:00+03:00,82.0999984741211,90.6500015258789,82.0,90.6500015258789,707533,0.0,0.0
2025-02-10 00:00:00+03:00,93.19999694824219,99.5999984741211,87.25,90.0,1861369,0.0,0.0
2025-02-11 00:00:00+03:00,89.69999694824219,94.5999984741211,89.0,90.5,815324,0.0,0.0
2025-02-12 00:00:00+03:00,90.0,90.94999694824219,86.0999984741211,86.0999984741211,403256,0.0,0.0
2025-02-13 00:00:00+03:00,84.94999694824219,87.94999694824219,84.94999694824219,86.3499984741211,230658,0.0,0.0
2025-02-14 00:00:00+03:00,87.4000015258789,87.4000015258789,84.9000015258789,86.69999694824219,193134,0.0,0.0
2025-02-17 00:00:00+03:00,86.80000305175781,88.19999694824219,85.0,85.5999984741211,133162,0.0,0.0
2025-02-18 00:00:00+03:00,85.44999694824219,86.0999984741211,83.6500015258789,85.5,146771,0.0,0.0
2025-02-19 00:00:00+03:00,85.5,86.4000015258789,82.75,83.55000305175781,140733,0.0,0.0
2025-02-20 00:00:00+03:00,83.55000305175781,85.8499984741211,83.44999694824219,85.0,104709,0.0,0.0
2025-02-21 00:00:00+03:00,85.19999694824219,86.30000305175781,82.25,83.5999984741211,119488,0.0,0.0
2025-02-24 00:00:00+03:00,84.94999694824219,85.19999694824219,83.80000305175781,84.19999694824219,63305,0.0,0.0
2025-02-25 00:00:00+03:00,84.75,84.75,82.0,82.19999694824219,96881,0.0,0.0
2025-02-26 00:00:00+03:00,82.19999694824219,82.44999694824219,80.9000015258789,81.05000305175781,128732,0.0,0.0
2025-02-27 00:00:00+03:00,81.0999984741211,82.44999694824219,80.69999694824219,81.80000305175781,84458,0.0,0.0
2025-02-28 00:00:00+03:00,82.0,83.05000305175781,81.80000305175781,82.5,103471,0.0,0.0
2025-03-03 00:00:00+03:00,79.05000305175781,82.19999694824219,77.4000015258789,78.05000305175781,397123,0.0,0.0
2025-03-04 00:00:00+03:00,77.5,85.80000305175781,75.19999694824219,80.0,747512,0.0,0.0
2025-03-05 00:00:00+03:00,80.4000015258789,88.0,80.4000015258789,88.0,829105,0.0,0.0
2025-03-06 00:00:00+03:00,94.0,96.80000305175781,93.0,96.80000305175781,1325181,0.0,0.0
2025-03-07 00:00:00+03:00,100.19999694824219,105.5,88.1500015258789,89.75,2413982,0.0,0.0
2025-03-10 00:00:00+03:00,90.0,95.9000015258789,90.0,91.55000305175781,1033255,0.0,0.0
2025-03-11 00:00:00+03:00,90.44999694824219,94.44999694824219,88.19999694824219,90.5,782918,0.0,0.0
2025-03-12 00:00:00+03:00,91.9000015258789,99.5,91.69999694824219,94.4000015258789,1243324,0.0,0.0
2025-03-13 00:00:00+03:00,94.44999694824219,97.05000305175781,93.05000305175781,93.6500015258789,746055,0.0,0.0
2025-03-14 00:00:00+03:00,94.25,101.4000015258789,94.25,96.94999694824219,830791,0.0,0.0
2025-03-17 00:00:00+03:00,100.5,102.0,96.75,97.5999984741211,433090,0.0,0.0
2025-03-18 00:00:00+03:00,96.05000305175781,97.5999984741211,93.5999984741211,94.0,437934,0.0,0.0
2025-03-19 00:00:00+03:00,90.0,93.8499984741211,84.5999984741211,84.5999984741211,315360,0.0,0.0
2025-03-20 00:00:00+03:00,81.19999694824219,90.30000305175781,81.19999694824219,85.80000305175781,457817,0.0,0.0
2025-03-21 00:00:00+03:00,85.80000305175781,86.19999694824219,77.25,79.25,271996,0.0,0.0
2025-03-24 00:00:00+03:00,80.19999694824219,82.8499984741211,76.5,80.9000015258789,336549,0.0,0.0
2025-03-25 00:00:00+03:00,84.80000305175781,86.0,81.69999694824219,84.5999984741211,274732,0.0,0.0
2025-03-26 00:00:00+03:00,84.5999984741211,84.9000015258789,82.05000305175781,83.5999984741211,253011,0.0,0.0
2025-03-27 00:00:00+03:00,83.8499984741211,91.1500015258789,83.5999984741211,86.25,430258,0.0,0.0
2025-03-28 00:00:00+03:00,85.4000015258789,86.05000305175781,83.30000305175781,85.6500015258789,180223,0.0,0.0
2025-04-02 00:00:00+03:00,86.19999694824219,86.8499984741211,84.80000305175781,84.9000015258789,220732,0.0,0.0
2025-04-03 00:00:00+03:00,84.94999694824219,85.6500015258789,83.6500015258789,83.75,169898,0.0,0.0
2025-04-04 00:00:00+03:00,84.9000015258789,86.69999694824219,80.75,83.0,405512,0.0,0.0
2025-04-07 00:00:00+03:00,82.9000015258789,83.05000305175781,80.5,81.9000015258789,212186,0.0,0.0
2025-04-08 00:00:00+03:00,82.9000015258789,83.9000015258789,82.0999984741211,82.75,150284,0.0,0.0
2025-04-09 00:00:00+03:00,82.75,85.5,82.0,82.75,196665,0.0,0.0
2025-04-10 00:00:00+03:00,84.94999694824219,89.25,83.69999694824219,87.9000015258789,991129,0.0,0.0
2025-04-11 00:00:00+03:00,87.8499984741211,89.6500015258789,83.80000305175781,84.75,923595,0.0,0.0
2025-04-14 00:00:00+03:00,85.1500015258789,86.75,83.8499984741211,86.0,297297,0.0,0.0
2025-04-15 00:00:00+03:00,87.4000015258789,87.4000015258789,85.30000305175781,86.5,264391,0.0,0.0
2025-04-16 00:00:00+03:00,85.5,86.0999984741211,83.19999694824219,84.0999984741211,229458,0.0,0.0
2025-04-17 00:00:00+03:00,83.80000305175781,85.0999984741211,83.25,84.0,242307,0.0,0.0
2025-04-18 00:00:00+03:00,84.5,84.5,80.5,82.05000305175781,177954,0.0,0.0
2025-04-21 00:00:00+03:00,82.1500015258789,82.80000305175781,78.9000015258789,80.5,171458,0.0,0.0
2025-04-22 00:00:00+03:00,80.5,83.6500015258789,80.44999694824219,81.0,254603,0.0,0.0
2025-04-24 00:00:00+03:00,82.80000305175781,83.05000305175781,80.75,82.0999984741211,212438,0.0,0.0
2025-04-25 00:00:00+03:00,82.0999984741211,83.75,81.5,83.5999984741211,225685,0.0,0.0
2025-04-28 00:00:00+03:00,83.5999984741211,84.30000305175781,80.80000305175781,81.1500015258789,234692,0.0,0.0
2025-04-29 00:00:00+03:00,81.19999694824219,81.5999984741211,79.69999694824219,79.94999694824219,142852,0.0,0.0
2025-04-30 00:00:00+03:00,80.0,81.1500015258789,78.4000015258789,79.5,179327,0.0,0.0
2025-05-02 00:00:00+03:00,80.0,80.5,78.75,79.0,98337,0.0,0.0
2025-05-05 00:00:00+03:00,79.5999984741211,80.0,77.5,77.5,121273,0.0,0.0
2025-05-06 00:00:00+03:00,77.94999694824219,78.9000015258789,77.5,77.5999984741211,139015,0.0,0.0
2025-05-07 00:00:00+03:00,77.5999984741211,78.19999694824219,75.4000015258789,76.4000015258789,141973,0.0,0.0
2025-05-08 00:00:00+03:00,76.5,77.44999694824219,75.5999984741211,77.0,99685,0.0,0.0
2025-05-09 00:00:00+03:00,77.5,77.9000015258789,76.0999984741211,77.0,128303,0.0,0.0
2025-05-12 00:00:00+03:00,77.1500015258789,78.55000305175781,77.0999984741211,78.0999984741211,113932,0.0,0.0
2025-05-13 00:00:00+03:00,78.30000305175781,80.3499984741211,77.05000305175781,78.80000305175781,174600,0.0,0.0
2025-05-14 00:00:00+03:00,78.80000305175781,79.75,78.25,79.19999694824219,142890,0.0,0.0
2025-05-15 00:00:00+03:00,79.25,79.75,77.44999694824219,77.5,144001,0.0,0.0
2025-05-16 00:00:00+03:00,77.69999694824219,78.9000015258789,77.3499984741211,78.6500015258789,97887,0.0,0.0
2025-05-20 00:00:00+03:00,78.6500015258789,83.44999694824219,78.5,80.0,385535,0.0,0.0
2025-05-21 00:00:00+03:00,81.30000305175781,82.55000305175781,77.69999694824219,78.05000305175781,268570,0.0,0.0
2025-05-22 00:00:00+03:00,78.69999694824219,79.94999694824219,78.05000305175781,79.0,135346,0.0,0.0
2025-05-23 00:00:00+03:00,79.75,85.5,78.19999694824219,81.55000305175781,791189,0.0,0.0
2025-05-26 00:00:00+03:00,82.6500015258789,84.75,81.05000305175781,81.5999984741211,358593,0.0,0.0
2025-05-27 00:00:00+03:00,81.0999984741211,81.9000015258789,79.5,80.0,197008,0.0,0.0
2025-05-28 00:00:00+03:00,80.0,82.5,79.25,80.0999984741211,241439,0.0,0.0
2025-05-29 00:00:00+03:00,80.3499984741211,81.94999694824219,78.25,78.4000015258789,121907,0.0,0.0
2025-05-30 00:00:00+03:00,78.05000305175781,79.0,75.9000015258789,76.4000015258789,135285,0.0,0.0
2025-06-02 00:00:00+03:00,76.4000015258789,76.6500015258789,74.0999984741211,75.0,103791,0.0,0.0
2025-06-03 00:00:00+03:00,75.0999984741211,76.55000305175781,75.0999984741211,75.44999694824219,105603,0.0,0.0
2025-06-04 00:00:00+03:00,75.5,77.5,75.4000015258789,77.05000305175781,95983,0.0,0.0
2025-06-05 00:00:00+03:00,77.0999984741211,78.5,76.80000305175781,78.44999694824219,39961,0.0,0.0
2025-06-10 00:00:00+03:00,78.5,80.05000305175781,78.30000305175781,78.44999694824219,163252,0.0,0.0
2025-06-11 00:00:00+03:00,78.44999694824219,80.8499984741211,77.75,79.30000305175781,331025,0.0,0.0
2025-06-12 00:00:00+03:00,79.30000305175781,82.75,77.5,78.30000305175781,613482,0.0,0.0
2025-06-13 00:00:00+03:00,76.30000305175781,77.5,73.25,76.0,194119,0.0,0.0
2025-06-16 00:00:00+03:00,75.5,77.3499984741211,75.4000015258789,76.5,145705,0.0,0.0
2025-06-17 00:00:00+03:00,76.5,77.30000305175781,75.1500015258789,75.25,245834,0.0,0.0
2025-06-18 00:00:00+03:00,75.0,75.5,73.0,73.8499984741211,129899,0.0,0.0
2025-06-19 00:00:00+03:00,73.8499984741211,77.5999984741211,73.8499984741211,75.0,269121,0.0,0.0
2025-06-20 00:00:00+03:00,75.0,77.5,75.0,77.4000015258789,151369,0.0,0.0
2025-06-23 00:00:00+03:00,74.8499984741211,75.5999984741211,73.75,73.80000305175781,182814,0.0,0.0
2025-06-24 00:00:00+03:00,75.5999984741211,76.0,74.44999694824219,74.8499984741211,232094,0.0,0.0
2025-06-25 00:00:00+03:00,74.9000015258789,78.0999984741211,74.5999984741211,76.19999694824219,300382,0.0,0.0
2025-06-26 00:00:00+03:00,77.75,79.0999984741211,76.0,79.0,346887,0.0,0.0
2025-06-27 00:00:00+03:00,78.0,86.5999984741211,76.44999694824219,84.05000305175781,122350,0.0,0.0
2025-06-30 00:00:00+03:00,81.9000015258789,83.75,80.19999694824219,80.55000305175781,637751,0.0,0.0
2025-07-01 00:00:00+03:00,80.94999694824219,82.0999984741211,80.19999694824219,80.25,287183,0.0,0.0
2025-07-02 00:00:00+03:00,80.5,81.30000305175781,78.6500015258789,79.0,226019,0.0,0.0
2025-07-03 00:00:00+03:00,79.3499984741211,80.19999694824219,78.94999694824219,78.94999694824219,142146,0.0,0.0
2025-07-04 00:00:00+03:00,78.94999694824219,80.5,78.5,79.0,120811,0.0,0.0
2025-07-07 00:00:00+03:00,78.80000305175781,78.80000305175781,76.69999694824219,76.69999694824219,100300,0.0,0.0
2025-07-08 00:00:00+03:00,76.80000305175781,78.8499984741211,76.5,76.5,122557,0.0,0.0
2025-07-09 00:00:00+03:00,79.5,81.0,78.0,78.94999694824219,342763,0.0,0.0
2025-07-10 00:00:00+03:00,80.75,80.75,78.4000015258789,78.55000305175781,173231,0.0,0.0
2025-07-11 00:00:00+03:00,78.94999694824219,79.44999694824219,78.05000305175781,78.80000305175781,149190,0.0,0.0
2025-07-14 00:00:00+03:00,78.80000305175781,79.5,78.55000305175781,78.55000305175781,103585,0.0,0.0
2025-07-16 00:00:00+03:00,79.0999984741211,82.8499984741211,78.55000305175781,82.5,566735,0.0,0.0
2025-07-17 00:00:00+03:00,81.6500015258789,82.75,80.8499984741211,81.5,220414,0.0,0.0
2025-07-18 00:00:00+03:00,81.69999694824219,82.19999694824219,80.55000305175781,81.5999984741211,122368,0.0,0.0
2025-07-21 00:00:00+03:00,81.75,83.19999694824219,81.05000305175781,82.9000015258789,183378,0.0,0.0
2025-07-22 00:00:00+03:00,83.80000305175781,84.5,82.55000305175781,84.05000305175781,220717,0.0,0.0
2025-07-23 00:00:00+03:00,84.0999984741211,84.30000305175781,82.5,83.0,121277,0.0,0.0
2025-07-24 00:00:00+03:00,83.1500015258789,84.5,83.1500015258789,83.55000305175781,206960,0.0,0.0
2025-07-25 00:00:00+03:00,83.80000305175781,84.0,82.5,82.5,137299,0.0,0.0
2025-07-28 00:00:00+03:00,83.0,84.19999694824219,82.55000305175781,82.69999694824219,184684,0.0,0.0
2025-07-29 00:00:00+03:00,83.0,86.44999694824219,82.5,84.6500015258789,396822,0.0,0.0
2025-07-30 00:00:00+03:00,86.0,93.0999984741211,85.9000015258789,93.0999984741211,1207504,0.0,0.0
2025-07-31 00:00:00+03:00,95.9000015258789,95.9000015258789,89.0,90.0,988088,0.0,0.0
2025-08-01 00:00:00+03:00,90.0,91.5999984741211,88.05000305175781,88.25,385961,0.0,0.0
2025-08-04 00:00:00+03:00,88.0,91.80000305175781,88.0,89.1500015258789,394627,0.0,0.0
2025-08-05 00:00:00+03:00,90.05000305175781,93.1500015258789,89.0999984741211,90.5999984741211,455819,0.0,0.0
2025-08-06 00:00:00+03:00,90.0,91.9000015258789,89.19999694824219,90.4000015258789,372315,0.0,0.0
2025-08-07 00:00:00+03:00,90.3499984741211,91.8499984741211,89.5999984741211,90.4000015258789,305905,0.0,0.0
2025-08-08 00:00:00+03:00,91.0,94.5,90.3499984741211,91.80000305175781,422767,0.0,0.0
2025-08-11 00:00:00+03:00,91.8499984741211,95.5,91.69999694824219,93.6500015258789,500645,0.0,0.0
2025-08-12 00:00:00+03:00,93.75,97.55000305175781,91.80000305175781,93.19999694824219,625464,0.0,0.0
2025-08-13 00:00:00+03:00,95.0,101.30000305175781,94.19999694824219,99.0,1025949,0.0,0.0
2025-08-14 00:00:00+03:00,99.0,107.9000015258789,96.55000305175781,107.80000305175781,1097756,0.0,0.0
2025-08-15 00:00:00+03:00,106.0,112.69999694824219,103.69999694824219,106.0999984741211,867467,0.0,0.0
2025-08-18 00:00:00+03:00,105.9000015258789,112.9000015258789,103.5999984741211,108.0999984741211,989250,0.0,0.0
2025-08-19 00:00:00+03:00,108.0999984741211,116.9000015258789,108.0999984741211,110.5,1010410,0.0,0.0
2025-08-20 00:00:00+03:00,110.5,112.9000015258789,109.4000015258789,109.5,388136,0.0,0.0
2025-08-21 00:00:00+03:00,110.19999694824219,111.0999984741211,104.80000305175781,108.0999984741211,363042,0.0,0.0
2025-08-22 00:00:00+03:00,108.30000305175781,112.4000015258789,106.0999984741211,111.30000305175781,576055,0.0,0.0
2025-08-25 00:00:00+03:00,112.9000015258789,119.5,110.0,114.69999694824219,903187,0.0,0.0
2025-08-26 00:00:00+03:00,114.69999694824219,125.0,113.0,119.4000015258789,806196,0.0,0.0
2025-08-27 00:00:00+03:00,120.5999984741211,125.80000305175781,119.5,120.80000305175781,446787,0.0,0.0
2025-08-28 00:00:00+03:00,121.5,122.9000015258789,116.30000305175781,116.5999984741211,403365,0.0,0.0
2025-08-29 00:00:00+03:00,116.5999984741211,119.5,112.69999694824219,112.69999694824219,224920,0.0,0.0
2025-09-01 00:00:00+03:00,112.69999694824219,115.9000015258789,111.0999984741211,113.5999984741211,310064,0.0,0.0
2025-09-02 00:00:00+03:00,117.0,117.9000015258789,104.80000305175781,111.0,373750,0.0,0.0
2025-09-03 00:00:00+03:00,111.0,115.0999984741211,109.30000305175781,114.19999694824219,226996,0.0,0.0
2025-09-04 00:00:00+03:00,113.9000015258789,117.19999694824219,113.0999984741211,114.9000015258789,202547,0.0,0.0
2025-09-05 00:00:00+03:00,114.9000015258789,116.9000015258789,112.0999984741211,112.5999984741211,224184,0.0,0.0
2025-09-08 00:00:00+03:00,109.0,115.0,108.9000015258789,115.0,202246,0.0,0.0
2025-09-09 00:00:00+03:00,115.5,117.0,112.4000015258789,112.4000015258789,210939,0.0,0.0
2025-09-10 00:00:00+03:00,114.0,114.80000305175781,111.30000305175781,111.9000015258789,191731,0.0,0.0
2025-09-11 00:00:00+03:00,114.0,121.9000015258789,112.5999984741211,119.9000015258789,690195,0.0,0.0
2025-09-12 00:00:00+03:00,123.30000305175781,123.30000305175781,108.0,108.0,505382,0.0,0.0
2025-09-15 00:00:00+03:00,107.0,114.30000305175781,105.69999694824219,113.80000305175781,310146,0.0,0.0
2025-09-16 00:00:00+03:00,113.80000305175781,122.19999694824219,113.80000305175781,121.0,442420,0.0,0.0
2025-09-17 00:00:00+03:00,121.5999984741211,124.0,116.5,116.5,279830,0.0,0.0
2025-09-18 00:00:00+03:00,118.0999984741211,122.0999984741211,118.0999984741211,119.0,220038,0.0,0.0
2025-09-19 00:00:00+03:00,119.0999984741211,120.0,113.5,118.0,184304,0.0,0.0
2025-09-22 00:00:00+03:00,119.19999694824219,124.4000015258789,119.19999694824219,121.5999984741211,241088,0.0,0.0
2025-09-23 00:00:00+03:00,118.0999984741211,133.6999969482422,118.0999984741211,133.6999969482422,395628,0.0,0.0
2025-09-24 00:00:00+03:00,136.3000030517578,146.3000030517578,131.0,131.8000030517578,1521033,0.0,0.0
2025-09-25 00:00:00+03:00,134.0,140.1999969482422,123.19999694824219,130.0,782722,0.0,0.0
2025-09-26 00:00:00+03:00,138.3000030517578,138.3000030517578,123.5999984741211,123.9000015258789,315001,0.0,0.0
2025-09-29 00:00:00+03:00,123.9000015258789,124.30000305175781,116.0999984741211,117.0,341076,0.0,0.0
2025-09-30 00:00:00+03:00,118.0,124.0,112.19999694824219,119.0,389171,0.0,0.0
2025-10-01 00:00:00+03:00,121.0,123.0,113.5,114.0,287271,0.0,0.0
2025-10-02 00:00:00+03:00,113.0,115.5,111.30000305175781,111.80000305175781,184997,0.0,0.0
2025-10-03 00:00:00+03:00,113.30000305175781,116.80000305175781,111.4000015258789,113.0,182228,0.0,0.0
2025-10-06 00:00:00+03:00,116.0,118.69999694824219,112.0999984741211,114.4000015258789,243948,0.0,0.0
2025-10-07 00:00:00+03:00,115.0,115.0,109.80000305175781,110.80000305175781,206843,0.0,0.0
2025-10-08 00:00:00+03:00,108.5999984741211,115.5999984741211,108.5999984741211,111.19999694824219,291689,0.0,0.0
2025-10-09 00:00:00+03:00,112.4000015258789,114.0,107.5999984741211,107.9000015258789,186903,0.0,0.0
2025-10-10 00:00:00+03:00,107.5,109.19999694824219,102.4000015258789,104.5,228400,0.0,0.0
2025-10-13 00:00:00+03:00,101.80000305175781,105.5,100.0,100.30000305175781,158796,0.0,0.0
2025-10-14 00:00:00+03:00,101.0999984741211,101.80000305175781,97.75,97.94999694824219,141852,0.0,0.0
2025-10-15 00:00:00+03:00,98.94999694824219,104.0,98.30000305175781,102.0,170445,0.0,0.0
2025-10-16 00:00:00+03:00,102.0,112.19999694824219,102.0,112.19999694824219,142979,0.0,0.0
2025-10-17 00:00:00+03:00,117.80000305175781,123.4000015258789,115.0,123.4000015258789,1459185,0.0,0.0
2025-10-20 00:00:00+03:00,127.80000305175781,135.5,116.0999984741211,123.0999984741211,1505441,0.0,0.0
2025-10-21 00:00:00+03:00,122.80000305175781,129.6999969482422,113.5,115.0999984741211,768629,0.0,0.0
2025-10-22 00:00:00+03:00,115.0999984741211,120.5,111.0,114.0,478049,0.0,0.0
2025-10-23 00:00:00+03:00,114.19999694824219,116.4000015258789,110.0,110.0,331623,0.0,0.0
2025-10-24 00:00:00+03:00,110.5,117.0,110.5,116.9000015258789,483189,0.0,0.0
2025-10-27 00:00:00+03:00,113.80000305175781,121.5,113.80000305175781,116.19999694824219,249835,0.0,0.0
2025-10-28 00:00:00+03:00,116.19999694824219,126.9000015258789,115.30000305175781,125.19999694824219,217405,0.0,0.0
2025-10-30 00:00:00+03:00,125.0999984741211,129.6999969482422,121.5999984741211,126.4000015258789,438622,0.0,0.0
2025-10-31 00:00:00+03:00,125.5,135.0,121.5,127.0,491280,0.0,0.0
2025-11-03 00:00:00+03:00,131.89999389648438,131.89999389648438,125.4000015258789,126.0999984741211,225286,0.0,0.0
2025-11-04 00:00:00+03:00,126.0999984741211,128.60000610351562,125.0,125.69999694824219,150627,0.0,0.0
2025-11-05 00:00:00+03:00,125.69999694824219,129.10000610351562,125.30000305175781,127.9000015258789,160154,0.0,0.0
2025-11-06 00:00:00+03:00,128.8000030517578,129.10000610351562,125.0999984741211,126.69999694824219,113339,0.0,0.0
2025-11-07 00:00:00+03:00,127.5,128.0,121.69999694824219,122.0999984741211,113721,0.0,0.0
2025-11-10 00:00:00+03:00,122.0999984741211,123.69999694824219,119.0,119.0999984741211,90447,0.0,0.0
2025-11-11 00:00:00+03:00,120.0,125.0,114.80000305175781,115.69999694824219,198885,0.0,0.0
2025-11-12 00:00:00+03:00,115.0,117.0999984741211,109.30000305175781,112.0,122545,0.0,0.0
2025-11-13 00:00:00+03:00,112.0999984741211,118.5,106.5,106.5,151168,0.0,0.0
2025-11-14 00:00:00+03:00,106.4000015258789,117.0999984741211,106.30000305175781,117.0999984741211,212026,0.0,0.0
2025-11-17 00:00:00+03:00,122.0999984741211,126.5999984741211,111.4000015258789,111.4000015258789,1012121,0.0,0.0
2025-11-18 00:00:00+03:00,111.9000015258789,116.4000015258789,108.9000015258789,109.5,308988,0.0,0.0
2025-11-19 00:00:00+03:00,109.5,111.19999694824219,108.0,109.80000305175781,150273,0.0,0.0
2025-11-20 00:00:00+03:00,109.19999694824219,110.0999984741211,106.80000305175781,107.80000305175781,137991,0.0,0.0
2025-11-21 00:00:00+03:00,107.80000305175781,108.69999694824219,106.19999694824219,107.5,111242,0.0,0.0
2025-11-24 00:00:00+03:00,107.30000305175781,112.0,106.69999694824219,109.9000015258789,193288,0.0,0.0
2025-11-25 00:00:00+03:00,110.30000305175781,110.9000015258789,103.5999984741211,103.5999984741211,132609,0.0,0.0
2025-11-26 00:00:00+03:00,105.19999694824219,108.0999984741211,102.0999984741211,103.80000305175781,145340,0.0,0.0
2025-11-27 00:00:00+03:00,106.30000305175781,114.0999984741211,103.0999984741211,107.0,623737,0.0,0.0
2025-11-28 00:00:00+03:00,106.0999984741211,110.19999694824219,104.0,106.5999984741211,372066,0.0,0.0
2025-12-01 00:00:00+03:00,106.5999984741211,110.69999694824219,105.5,107.0999984741211,189593,0.0,0.0
2025-12-02 00:00:00+03:00,108.0999984741211,111.5,106.0,107.69999694824219,270958,0.0,0.0
2025-12-03 00:00:00+03:00,107.80000305175781,111.69999694824219,107.5999984741211,110.0,221247,0.0,0.0
2025-12-04 00:00:00+03:00,110.0,110.0,107.30000305175781,107.30000305175781,76387,0.0,0.0
2025-12-05 00:00:00+03:00,106.9000015258789,109.19999694824219,106.30000305175781,108.80000305175781,97851,0.0,0.0
2025-12-08 00:00:00+03:00,109.9000015258789,109.9000015258789,108.0,108.5,111589,0.0,0.0
2025-12-09 00:00:00+03:00,108.5,109.4000015258789,107.0,107.5,92362,0.0,0.0
2025-12-10 00:00:00+03:00,106.69999694824219,108.4000015258789,105.80000305175781,106.19999694824219,63527,0.0,0.0
2025-12-11 00:00:00+03:00,105.80000305175781,107.5,105.80000305175781,106.4000015258789,67514,0.0,0.0
2025-12-12 00:00:00+03:00,106.4000015258789,110.30000305175781,106.4000015258789,107.5999984741211,84822,0.0,0.0
2025-12-15 00:00:00+03:00,107.30000305175781,108.0,105.30000305175781,105.80000305175781,76888,0.0,0.0
2025-12-16 00:00:00+03:00,105.9000015258789,106.69999694824219,105.0,105.0,74495,0.0,0.0
2025-12-17 00:00:00+03:00,105.5999984741211,106.4000015258789,103.0,103.9000015258789,96988,0.0,0.0
2025-12-18 00:00:00+03:00,104.30000305175781,105.19999694824219,103.5,104.0999984741211,73108,0.0,0.0
2025-12-19 00:00:00+03:00,105.0999984741211,106.69999694824219,103.69999694824219,105.4000015258789,76789,0.0,0.0
2025-12-22 00:00:00+03:00,104.0999984741211,106.0999984741211,103.5,104.0,58919,0.0,0.0
2025-12-23 00:00:00+03:00,104.0,104.9000015258789,103.0,103.19999694824219,63586,0.0,0.0
2025-12-24 00:00:00+03:00,103.19999694824219,105.4000015258789,102.69999694824219,102.9000015258789,76569,0.0,0.0
2025-12-25 00:00:00+03:00,102.0999984741211,103.80000305175781,100.5,100.5,50557,0.0,0.0
2025-12-26 00:00:00+03:00,101.69999694824219,104.4000015258789,100.5999984741211,103.80000305175781,173193,0.0,0.0
2025-12-29 00:00:00+03:00,105.69999694824219,105.69999694824219,100.5999984741211,100.5999984741211,105565,0.0,0.0
2025-12-30 00:00:00+03:00,101.0,102.5999984741211,99.0,102.0,140845,0.0,0.0
2025-12-31 00:00:00+03:00,102.0,103.30000305175781,101.5999984741211,102.9000015258789,51909,0.0,0.0
2026-01-02 00:00:00+03:00,103.0,104.5,102.30000305175781,102.69999694824219,78396,0.0,0.0
2026-01-05 00:00:00+03:00,102.5,103.0,100.9000015258789,102.0999984741211,109721,0.0,0.0
2026-01-06 00:00:00+03:00,102.0999984741211,102.69999694824219,101.69999694824219,102.0999984741211,71274,0.0,0.0
2026-01-07 00:00:00+03:00,102.0999984741211,112.30000305175781,101.9000015258789,108.9000015258789,1494670,0.0,0.0
2026-01-08 00:00:00+03:00,110.5999984741211,117.0,106.0,106.30000305175781,906416,0.0,0.0
2026-01-09 00:00:00+03:00,105.30000305175781,116.9000015258789,105.30000305175781,116.9000015258789,1276551,0.0,0.0
2026-01-12 00:00:00+03:00,120.0,125.0,114.5,115.9000015258789,1240520,0.0,0.0
2026-01-13 00:00:00+03:00,115.69999694824219,120.9000015258789,111.4000015258789,112.0,486305,0.0,0.0
2026-01-14 00:00:00+03:00,112.0,113.69999694824219,109.9000015258789,111.30000305175781,328839,0.0,0.0
2026-01-15 00:00:00+03:00,110.80000305175781,122.4000015258789,110.30000305175781,117.30000305175781,923415,0.0,0.0
2026-01-16 00:00:00+03:00,117.30000305175781,119.69999694824219,115.0,115.0999984741211,330626,0.0,0.0
2026-01-19 00:00:00+03:00,115.0999984741211,117.19999694824219,114.0,114.80000305175781,219721,0.0,0.0
2026-01-20 00:00:00+03:00,114.5999984741211,118.5,113.19999694824219,114.9000015258789,298422,0.0,0.0
2026-01-21 00:00:00+03:00,116.0,116.0,111.19999694824219,111.19999694824219,172664,0.0,0.0
2026-01-22 00:00:00+03:00,111.5999984741211,114.0,111.4000015258789,112.80000305175781,145738,0.0,0.0
2026-01-23 00:00:00+03:00,112.80000305175781,115.0,111.4000015258789,114.30000305175781,250587,0.0,0.0
2026-01-26 00:00:00+03:00,116.0999984741211,116.0999984741211,112.5,113.5,117915,0.0,0.0
2026-01-27 00:00:00+03:00,114.0,115.0999984741211,112.5,113.5,147735,0.0,0.0
2026-01-28 00:00:00+03:00,113.80000305175781,114.80000305175781,111.5,112.30000305175781,209769,0.0,0.0
2026-01-29 00:00:00+03:00,112.30000305175781,115.19999694824219,112.19999694824219,112.4000015258789,243505,0.0,0.0
2026-01-30 00:00:00+03:00,112.80000305175781,113.69999694824219,110.0,110.0,125795,0.0,0.0
2026-02-02 00:00:00+03:00,109.5,111.5999984741211,107.5,109.19999694824219,167531,0.0,0.0
2026-02-03 00:00:00+03:00,109.19999694824219,110.5999984741211,107.80000305175781,108.5999984741211,147429,0.0,0.0
2026-02-04 00:00:00+03:00,108.80000305175781,112.9000015258789,108.69999694824219,109.19999694824219,278690,0.0,0.0
2026-02-05 00:00:00+03:00,111.0,113.80000305175781,108.19999694824219,109.5999984741211,369119,0.0,0.0
2026-02-06 00:00:00+03:00,110.0,110.30000305175781,107.19999694824219,107.5,145765,0.0,0.0
2026-02-09 00:00:00+03:00,108.9000015258789,110.9000015258789,108.4000015258789,109.9000015258789,103594,0.0,0.0
2026-02-10 00:00:00+03:00,110.80000305175781,112.0,109.69999694824219,110.0999984741211,121123,0.0,0.0
2026-02-11 00:00:00+03:00,110.0,111.4000015258789,109.0,111.4000015258789,102534,0.0,0.0
2026-02-12 00:00:00+03:00,113.5,113.5,109.69999694824219,110.30000305175781,185978,0.0,0.0
2026-02-13 00:00:00+03:00,110.30000305175781,111.4000015258789,109.80000305175781,110.5999984741211,129241,0.0,0.0
2026-02-16 00:00:00+03:00,110.5999984741211,113.80000305175781,110.5999984741211,113.5,207360,0.0,0.0
2026-02-17 00:00:00+03:00,113.5,115.5999984741211,111.9000015258789,114.69999694824219,182655,0.0,0.0
2026-02-18 00:00:00+03:00,116.0,116.0,111.0999984741211,111.69999694824219,238917,0.0,0.0
2026-02-19 00:00:00+03:00,112.69999694824219,112.69999694824219,104.5,104.69999694824219,157324,0.0,0.0
2026-02-20 00:00:00+03:00,105.69999694824219,108.0,104.9000015258789,108.0,94792,0.0,0.0
2026-02-23 00:00:00+03:00,107.0999984741211,109.69999694824219,102.9000015258789,103.9000015258789,228686,0.0,0.0
2026-02-24 00:00:00+03:00,104.0,105.0999984741211,101.80000305175781,102.5999984741211,160547,0.0,0.0
2026-02-25 00:00:00+03:00,102.9000015258789,102.9000015258789,100.4000015258789,101.4000015258789,94247,0.0,0.0
2026-02-26 00:00:00+03:00,104.80000305175781,106.80000305175781,100.30000305175781,100.30000305175781,328068,0.0,0.0
2026-02-27 00:00:00+03:00,100.30000305175781,101.9000015258789,98.9000015258789,99.9000015258789,124533,0.0,0.0
2026-03-02 00:00:00+03:00,89.94999694824219,96.1500015258789,89.94999694824219,94.4000015258789,131307,0.0,0.0
2026-03-03 00:00:00+03:00,97.69999694824219,98.0,94.4000015258789,94.75,183726,0.0,0.0
2026-03-04 00:00:00+03:00,95.0,98.1500015258789,94.44999694824219,96.0,87490,0.0,0.0
2026-03-05 00:00:00+03:00,95.75,98.30000305175781,95.75,97.0,98555,0.0,0.0
2026-03-06 00:00:00+03:00,96.44999694824219,97.4000015258789,94.75,95.4000015258789,74658,0.0,0.0
2026-03-09 00:00:00+03:00,94.9000015258789,94.9000015258789,91.25,93.8499984741211,102254,0.0,0.0
2026-03-10 00:00:00+03:00,95.0,98.75,95.0,97.44999694824219,101641,0.0,0.0
2026-03-11 00:00:00+03:00,97.5,99.05000305175781,96.75,97.25,102561,0.0,0.0
2026-03-12 00:00:00+03:00,95.1500015258789,99.0,95.1500015258789,97.19999694824219,83398,0.0,0.0
2026-03-13 00:00:00+03:00,97.0,97.8499984741211,92.3499984741211,97.0,75320,0.0,0.0
2026-03-16 00:00:00+03:00,96.5,101.5999984741211,93.0999984741211,96.0,130948,0.0,0.0
2026-03-17 00:00:00+03:00,96.94999694824219,99.69999694824219,96.0,99.0,87188,0.0,0.0
2026-03-18 00:00:00+03:00,99.69999694824219,101.9000015258789,96.5,96.5,90376,0.0,0.0
2026-03-19 00:00:00+03:00,97.9000015258789,97.9000015258789,96.1500015258789,96.1500015258789,15953,0.0,0.0
2026-03-23 00:00:00+03:00,96.1500015258789,99.3499984741211,93.3499984741211,98.9000015258789,175551,0.0,0.0
2026-03-24 00:00:00+03:00,98.5,99.1500015258789,95.9000015258789,96.5999984741211,77315,0.0,0.0
2026-03-25 00:00:00+03:00,96.80000305175781,98.05000305175781,94.94999694824219,95.05000305175781,98632,0.0,0.0
2026-03-26 00:00:00+03:00,95.0,96.75,93.80000305175781,93.8499984741211,87131,0.0,0.0
2026-03-27 00:00:00+03:00,93.8499984741211,94.80000305175781,92.9000015258789,93.30000305175781,46048,0.0,0.0
2026-03-30 00:00:00+03:00,93.55000305175781,94.25,91.5,92.3499984741211,130474,0.0,0.0
2026-03-31 00:00:00+03:00,93.55000305175781,94.0,91.0,93.55000305175781,97402,0.0,0.0
2026-04-01 00:00:00+03:00,94.0,96.5,94.0,95.8499984741211,102307,0.0,0.0
2026-04-02 00:00:00+03:00,94.6500015258789,96.5999984741211,92.55000305175781,94.75,98378,0.0,0.0
2026-04-03 00:00:00+03:00,95.19999694824219,95.5,93.8499984741211,95.0999984741211,110091,0.0,0.0
2026-04-06 00:00:00+03:00,95.0999984741211,100.4000015258789,95.0999984741211,99.0,202137,0.0,0.0
2026-04-07 00:00:00+03:00,99.0,99.0,94.30000305175781,94.69999694824219,152868,0.0,0.0
2026-04-08 00:00:00+03:00,98.30000305175781,99.0,96.0999984741211,98.4000015258789,116494,0.0,0.0
2026-04-09 00:00:00+03:00,98.0,98.44999694824219,96.25,96.30000305175781,122397,0.0,0.0
2026-04-10 00:00:00+03:00,96.4000015258789,99.19999694824219,96.4000015258789,99.0,102010,0.0,0.0
2026-04-13 00:00:00+03:00,96.25,100.0,96.25,98.80000305175781,111197,0.0,0.0
2026-04-14 00:00:00+03:00,99.19999694824219,108.0,99.19999694824219,105.0,581650,0.0,0.0
2026-04-15 00:00:00+03:00,107.5,107.5,103.0,103.9000015258789,283474,0.0,0.0
2026-04-16 00:00:00+03:00,104.19999694824219,104.80000305175781,102.5,103.0999984741211,179062,0.0,0.0
2026-04-17 00:00:00+03:00,104.0,108.0,103.0999984741211,108.0,220241,0.0,0.0
2026-04-20 00:00:00+03:00,106.9000015258789,108.5999984741211,105.80000305175781,107.0,128566,0.0,0.0
2026-04-21 00:00:00+03:00,107.0,110.0999984741211,106.0,106.0,176932,0.0,0.0
2026-04-22 00:00:00+03:00,106.19999694824219,107.4000015258789,104.69999694824219,105.30000305175781,97534,0.0,0.0
2026-04-24 00:00:00+03:00,104.0,106.5,104.0,105.0999984741211,99992,0.0,0.0
2026-04-27 00:00:00+03:00,107.5,107.9000015258789,105.0999984741211,107.4000015258789,99507,0.0,0.0
2026-04-28 00:00:00+03:00,107.5,107.5999984741211,103.9000015258789,104.0,83636,0.0,0.0
2026-04-29 00:00:00+03:00,104.30000305175781,106.9000015258789,103.0,104.0,79994,0.0,0.0
2026-04-30 00:00:00+03:00,104.0,106.0,103.19999694824219,104.0999984741211,82994,0.0,0.0
2026-05-04 00:00:00+03:00,105.69999694824219,109.80000305175781,104.5,109.0,350723,0.0,0.0
2026-05-05 00:00:00+03:00,110.19999694824219,110.5,106.4000015258789,106.69999694824219,165124,0.0,0.0
2026-05-06 00:00:00+03:00,108.5,113.80000305175781,103.0999984741211,108.0999984741211,327688,0.0,0.0
2026-05-07 00:00:00+03:00,108.0999984741211,111.0,108.0,110.9000015258789,152469,0.0,0.0
2026-05-08 00:00:00+03:00,110.4000015258789,112.9000015258789,110.0,112.0,201331,0.0,0.0
2026-05-11 00:00:00+03:00,110.0,114.80000305175781,110.0,113.0,180353,0.0,0.0
2026-05-12 00:00:00+03:00,114.0,115.5,112.5,114.5999984741211,192010,0.0,0.0
2026-05-13 00:00:00+03:00,114.5999984741211,115.19999694824219,109.0,109.19999694824219,181553,0.0,0.0
2026-05-14 00:00:00+03:00,110.30000305175781,111.9000015258789,109.69999694824219,110.5999984741211,88319,0.0,0.0
2026-05-15 00:00:00+03:00,110.4000015258789,113.19999694824219,108.0999984741211,108.69999694824219,151320,0.0,0.0
2026-05-18 00:00:00+03:00,112.5,112.80000305175781,104.5,104.5,236527,0.0,0.0
2026-05-20 00:00:00+03:00,104.5,106.4000015258789,101.9000015258789,103.9000015258789,119138,0.0,0.0
2026-05-21 00:00:00+03:00,102.9000015258789,103.0999984741211,94.94999694824219,94.94999694824219,102595,0.0,0.0
2026-05-22 00:00:00+03:00,90.0999984741211,98.75,90.0999984741211,98.0,121842,0.0,0.0
2026-05-25 00:00:00+03:00,99.5,101.5,98.19999694824219,100.5,79224,0.0,0.0
2026-05-26 00:00:00+03:00,103.0,103.0,100.0,101.5,44667,0.0,0.0
2026-05-27 00:00:00+03:00,101.5,101.5,101.5,101.5,0,0.0,0.0
2026-05-28 00:00:00+03:00,101.5,101.5,101.5,101.5,0,0.0,0.0
2026-05-29 00:00:00+03:00,101.5,101.5,101.5,101.5,0,0.0,0.0
2026-06-01 00:00:00+03:00,101.5,107.69999694824219,101.19999694824219,106.0,194481,0.0,0.0
2026-06-02 00:00:00+03:00,104.5999984741211,106.4000015258789,103.0,105.0999984741211,110977,0.0,0.0
2026-06-03 00:00:00+03:00,105.30000305175781,115.5999984741211,104.4000015258789,115.5999984741211,758612,0.0,0.0
2026-06-04 00:00:00+03:00,118.69999694824219,118.80000305175781,109.30000305175781,109.9000015258789,670311,0.0,0.0
2026-06-05 00:00:00+03:00,109.80000305175781,111.4000015258789,107.5999984741211,107.9000015258789,157072,0.0,0.0
2026-06-08 00:00:00+03:00,103.0,107.0,103.0,106.0,110282,0.0,0.0
2026-06-09 00:00:00+03:00,106.80000305175781,106.80000305175781,101.4000015258789,102.5,148339,0.0,0.0
2026-06-10 00:00:00+03:00,100.5,103.0,98.44999694824219,98.44999694824219,99455,0.0,0.0
2026-06-11 00:00:00+03:00,100.0,101.19999694824219,97.0,99.0,140827,0.0,0.0
2026-06-12 00:00:00+03:00,99.9000015258789,108.19999694824219,97.05000305175781,103.9000015258789,554744,0.0,0.0
2026-06-15 00:00:00+03:00,105.5999984741211,107.69999694824219,104.0999984741211,107.5,200637,0.0,0.0
2026-06-16 00:00:00+03:00,107.5,114.69999694824219,105.80000305175781,106.80000305175781,478112,0.0,0.0
2026-06-17 00:00:00+03:00,106.80000305175781,117.4000015258789,105.9000015258789,110.4000015258789,1727596,0.0,0.0
2026-06-18 00:00:00+03:00,109.0,115.0,109.0,113.0,420548,0.0,0.0
2026-06-19 00:00:00+03:00,112.69999694824219,113.9000015258789,108.0,110.30000305175781,224854,0.0,0.0
2026-06-22 00:00:00+03:00,112.4000015258789,117.0,110.5,114.5,332031,0.0,0.0
2026-06-23 00:00:00+03:00,114.9000015258789,116.0,111.69999694824219,112.19999694824219,153744,0.0,0.0
2026-06-24 00:00:00+03:00,112.0,112.69999694824219,107.19999694824219,107.19999694824219,164452,0.0,0.0
2026-06-25 00:00:00+03:00,107.30000305175781,109.5,104.4000015258789,105.30000305175781,96490,0.0,0.0
2026-06-26 00:00:00+03:00,105.5999984741211,106.19999694824219,104.0,104.69999694824219,71404,0.0,0.0
2026-06-29 00:00:00+03:00,104.19999694824219,106.30000305175781,104.19999694824219,104.5,91544,0.0,0.0
2026-06-30 00:00:00+03:00,104.5999984741211,107.4000015258789,102.69999694824219,103.5,120911,0.0,0.0
2026-07-01 00:00:00+03:00,103.5,106.0,103.5,104.80000305175781,77925,0.0,0.0
2026-07-02 00:00:00+03:00,104.80000305175781,107.5999984741211,104.80000305175781,105.30000305175781,111572,0.0,0.0
2026-07-03 00:00:00+03:00,104.0,107.9000015258789,104.0,107.9000015258789,74288,0.0,0.0
2026-07-06 00:00:00+03:00,109.4000015258789,109.4000015258789,103.9000015258789,104.5,86447,0.0,0.0
2026-07-07 00:00:00+03:00,103.4000015258789,105.5999984741211,103.4000015258789,104.80000305175781,75026,0.0,0.0
2026-07-08 00:00:00+03:00,104.19999694824219,104.80000305175781,100.5,101.19999694824219,110154,0.0,0.0
2026-07-09 00:00:00+03:00,101.19999694824219,102.0,99.9000015258789,100.0999984741211,64290,0.0,0.0
2026-07-10 00:00:00+03:00,99.69999694824219,108.5,99.0,102.19999694824219,196904,0.0,0.0
2026-07-13 00:00:00+03:00,102.0,102.0,98.5999984741211,98.5999984741211,72370,0.0,0.0
2026-07-14 00:00:00+03:00,99.0,99.25,98.0999984741211,98.5,60734,0.0,0.0
2026-07-16 00:00:00+03:00,99.3499984741211,100.80000305175781,99.0,99.9000015258789,74705,0.0,0.0
2026-07-17 00:00:00+03:00,99.19999694824219,100.30000305175781,98.0,98.80000305175781,60461,0.0,0.0
2026-07-20 00:00:00+03:00,98.0999984741211,99.75,98.0999984741211,99.5999984741211,41090,0.0,0.0
2026-07-21 00:00:00+03:00,99.69999694824219,99.80000305175781,94.9000015258789,97.94999694824219,52562,0.0,0.0
2026-07-22 00:00:00+03:00,97.94999694824219,99.25,96.0,96.69999694824219,95475,0.0,0.0
2026-07-23 00:00:00+03:00,96.69999694824219,97.6500015258789,96.0999984741211,96.69999694824219,48874,0.0,0.0
2026-07-24 00:00:00+03:00,96.69999694824219,97.3499984741211,95.0,96.0,79912,0.0,0.0
2026-07-27 00:00:00+03:00,96.3499984741211,97.44999694824219,92.55000305175781,94.0,94456,0.0,0.0
2026-07-28 00:00:00+03:00,94.0,94.94999694824219,91.0,94.0,50786,0.0,0.0
2026-07-29 00:00:00+03:00,93.80000305175781,93.80000305175781,90.5,91.1500015258789,54996,0.0,0.0
2026-07-30 00:00:00+03:00,91.1500015258789,93.4000015258789,90.0,90.4000015258789,55867,0.0,0.0
2026-08-03 00:00:00+03:00,90.9000015258789,92.19999694824219,89.9000015258789,89.94999694824219,58333,0.0,0.0
2026-08-04 00:00:00+03:00,90.9000015258789,91.6500015258789,90.25,90.8499984741211,48768,0.0,0.0
2026-08-05 00:00:00+03:00,91.3499984741211,92.0,89.69999694824219,90.4000015258789,62980,0.0,0.0
2026-08-06 00:00:00+03:00,89.80000305175781,90.5,87.69999694824219,87.69999694824219,126416,0.0,0.0
2026-08-07 00:00:00+03:00,88.4000015258789,90.19999694824219,88.1500015258789,89.0999984741211,102703,0.0,0.0
2026-08-10 00:00:00+03:00,91.05000305175781,91.5,88.0,88.19999694824219,113816,0.0,0.0
2026-08-11 00:00:00+03:00,87.5,88.44999694824219,86.05000305175781,88.44999694824219,86576,0.0,0.0
2026-08-12 00:00:00+03:00,87.3499984741211,90.55000305175781,87.3499984741211,87.80000305175781,231351,0.0,0.0
