date,open,high,low,close,volume,dividends,stock_splits
2021-11-02 00:00:00+03:00,0.924998667607269,0.9337449530334373,0.9217186487807074,0.9239049553871155,95241478,0.0,0.0
2021-11-03 00:00:00+03:00,0.924998667607269,0.9348386652535909,0.9107839975804223,0.9239049553871155,168977196,0.0,0.0
2021-11-04 00:00:00+03:00,0.927184982843514,0.9632669552724209,0.9260913294465444,0.9424923062324524,160623345,0.0,0.0
2021-11-05 00:00:00+03:00,0.9468660159082762,1.0365227118247167,0.9435859969215536,0.9665470123291016,527435657,0.0,0.0
2021-11-08 00:00:00+03:00,0.9731069540402105,1.0102815797382485,0.9698269940130122,0.9949743151664734,99248374,0.0,0.0
2021-11-09 00:00:00+03:00,0.9993479786437652,1.0113752830826566,0.9698269854910195,0.9763869643211365,96195688,0.0,0.0
2021-11-10 00:00:00+03:00,0.9927879575363474,1.0026279553622996,0.9567059847845953,0.9610796570777893,125848839,0.0,0.0
2021-11-11 00:00:00+03:00,0.9632669579726483,0.9774806280044607,0.9359323299752378,0.9381186366081238,69747581,0.0,0.0
2021-11-12 00:00:00+03:00,0.9413986230387851,0.9698269622901043,0.938118604285512,0.9479596018791199,59891418,0.0,0.0
2021-11-15 00:00:00+03:00,0.952332268868824,0.96217326641119,0.9403059649474299,0.9457722902297974,53205868,0.0,0.0
2021-11-16 00:00:00+03:00,0.9479596402070816,0.9512396590929725,0.9381186422155818,0.9403060078620911,68418094,0.0,0.0
2021-11-17 00:00:00+03:00,0.9403060078620911,0.9479596402070816,0.9370259889762002,0.9403060078620911,39962853,0.0,0.0
2021-11-18 00:00:00+03:00,0.9403059830594747,0.9457723084471337,0.9326522920830028,0.9370259642601013,63704301,0.0,0.0
2021-11-19 00:00:00+03:00,0.938118655813616,0.9709206689822806,0.9370260025583963,0.9501460194587708,71096279,0.0,0.0
2021-11-22 00:00:00+03:00,0.9556133588047132,0.9774806618939115,0.9534259930954422,0.9599860310554504,82416820,0.0,0.0
2021-11-23 00:00:00+03:00,0.958893250189395,0.9599859622151359,0.9239049323553288,0.9413986206054688,82881101,0.0,0.0
2021-11-24 00:00:00+03:00,0.9457723361902522,0.9665469854740567,0.9424923172946634,0.9567059874534607,57748453,0.0,0.0
2021-11-25 00:00:00+03:00,0.9621733003573958,1.0015352915812905,0.9621733003573958,0.999347984790802,113166212,0.0,0.0
2021-11-26 00:00:00+03:00,0.9982542775749168,1.0135616598499335,0.9654533240573243,0.9698269963264465,89014206,0.0,0.0
2021-11-29 00:00:00+03:00,0.9785742897180504,0.9938816721133071,0.9654533316409822,0.9884142875671387,63182099,0.0,0.0
2021-11-30 00:00:00+03:00,0.9829469753911192,1.0113753162549488,0.9785743031946162,0.9982542991638184,84352439,0.0,0.0
2021-12-01 00:00:00+03:00,1.0048152648849251,1.0244963195904473,1.0037216703085856,1.0201226472854614,96455042,0.0,0.0
2021-12-02 00:00:00+03:00,1.0244962366690855,1.0671372436901836,1.0168424872549373,1.0627635717391968,113013772,0.0,0.0
2021-12-03 00:00:00+03:00,1.0693246290822211,1.0966591982885303,1.0529236522249799,1.0747909545898438,129198768,0.0,0.0
2021-12-06 00:00:00+03:00,1.0824445874606827,1.1163393120939606,1.0704172828703047,1.1064993143081665,83627648,0.0,0.0
2021-12-07 00:00:00+03:00,1.1196202452624346,1.123992976328133,1.09665922999856,1.1075929403305054,82794084,0.0,0.0
2021-12-08 00:00:00+03:00,1.113059271618422,1.1163393494345546,1.0933783340547,1.0988456010818481,60130731,0.0,0.0
2021-12-09 00:00:00+03:00,1.103219186996395,1.1174328564184277,1.0933782483192676,1.099939227104187,79757720,0.0,0.0
2021-12-10 00:00:00+03:00,1.102125687416685,1.1043129943113388,1.064951001212921,1.0857245922088623,65044892,0.0,0.0
2021-12-13 00:00:00+03:00,1.0922856912680723,1.1130592823028564,1.0846319409568301,1.1130592823028564,82589437,0.0,0.0
2021-12-14 00:00:00+03:00,1.1207128667025774,1.125086538977922,1.0988455643264052,1.1064993143081665,73919339,0.0,0.0
2021-12-15 00:00:00+03:00,1.1152465433750862,1.1152465433750862,1.0671373249194063,1.0704172849655151,58313762,0.0,0.0
2021-12-16 00:00:00+03:00,1.0747909603367818,1.0988455696337192,1.0726045948554612,1.0977519750595093,63105825,0.0,0.0
2021-12-17 00:00:00+03:00,1.1075928522464258,1.1239928869398,1.0299625854961771,1.0408961772918701,146185823,0.0,0.0
2021-12-20 00:00:00+03:00,1.0135616329334751,1.0605772554106088,0.9720132771476455,0.9916943311691284,65995138,0.0,0.0
2021-12-21 00:00:00+03:00,1.0277762541634403,1.066044532715632,0.9763869590216927,1.0059078931808472,47079119,0.0,0.0
2021-12-22 00:00:00+03:00,0.9884142495145577,1.0277762397299153,0.9884142495145577,0.9960678815841675,30990320,0.0,0.0
2021-12-23 00:00:00+03:00,1.0080953395454153,1.0146552596492857,0.9632669635566748,0.9927879571914673,31259280,0.0,0.0
2021-12-24 00:00:00+03:00,0.9960678955723977,1.0113752775933098,0.9895079756112486,1.0059078931808472,51750175,0.0,0.0
2021-12-27 00:00:00+03:00,1.0124690693991465,1.0354299677353755,1.0113753570972261,1.0179353952407837,40646920,0.0,0.0
2021-12-28 00:00:00+03:00,1.0212153142395497,1.0234026210883258,0.9927879735429274,0.9982542991638184,22257183,0.0,0.0
2021-12-29 00:00:00+03:00,0.9960679097312368,1.0048152542486153,0.9862279708162781,0.9949743151664734,25483397,0.0,0.0
2021-12-30 00:00:00+03:00,0.9960678882064251,1.0048152325347752,0.9862279495041054,0.9873206615447998,22191046,0.0,0.0
2021-12-31 00:00:00+03:00,0.9916944560534241,1.0605773889693468,0.9862280711741715,1.0376163721084595,65648911,0.0,0.0
2022-01-03 00:00:00+03:00,1.0780709119817666,1.0868182565064624,1.0638572419628647,1.0791646242141724,43967780,0.0,0.0
2022-01-04 00:00:00+03:00,1.0835383170634507,1.0868182771557113,1.0551109764855355,1.066044569015503,31722586,0.0,0.0
2022-01-05 00:00:00+03:00,1.0660444705451166,1.0955655206493624,1.0572972443289335,1.0671372413635254,52279193,0.0,0.0
2022-01-06 00:00:00+03:00,1.063857219278903,1.0769782357861757,1.0507372617721558,1.0507372617721558,21907011,0.0,0.0
2022-01-07 00:00:00+03:00,1.056203524478389,1.067137233585448,1.0277761867335025,1.0441762208938599,34459559,0.0,0.0
2022-01-10 00:00:00+03:00,1.0463635566837117,1.0551109007466957,1.0376162126207278,1.0496435165405273,27389261,0.0,0.0
2022-01-11 00:00:00+03:00,1.060577230857727,1.068230862781434,1.0408961772918701,1.0408961772918701,29842541,0.0,0.0
2022-01-12 00:00:00+03:00,1.0419899637145276,1.0540172685469142,1.0266826987764543,1.0299626588821411,26734019,0.0,0.0
2022-01-13 00:00:00+03:00,1.0299627261693685,1.0365227644760382,1.0255890535202876,1.0277763605117798,18024200,0.0,0.0
2022-01-14 00:00:00+03:00,1.0299625308907956,1.0507371778682588,1.0266825711927028,1.047457218170166,20026830,0.0,0.0
2022-01-17 00:00:00+03:00,1.0529235916593986,1.0671372608955976,1.0485499196378951,1.054017186164856,26187840,0.0,0.0
2022-01-18 00:00:00+03:00,1.0551109299504249,1.0835382692745672,1.0234025716781616,1.0234025716781616,39646227,0.0,0.0
2022-01-19 00:00:00+03:00,1.026682623239963,1.0496435189577629,1.026682623239963,1.0452698469161987,28117852,0.0,0.0
2022-01-20 00:00:00+03:00,1.0452699071367384,1.051829944910138,1.0212152978558993,1.02449631690979,26040148,0.0,0.0
2022-01-21 00:00:00+03:00,1.0266826658725554,1.0310562204290081,1.016842550537398,1.0288689136505127,11946984,0.0,0.0
2022-01-24 00:00:00+03:00,1.0310562507427385,1.0791646462777775,1.0234026182939695,1.0343363285064697,52496072,0.0,0.0
2022-01-25 00:00:00+03:00,1.046363667975924,1.0496436281815993,1.0168426141240405,1.03105628490448,31150398,0.0,0.0
2022-01-26 00:00:00+03:00,1.034336331245491,1.0387100036088408,1.0266826987764543,1.0299626588821411,15473106,0.0,0.0
2022-01-27 00:00:00+03:00,1.0255888634065133,1.0518298354360591,1.0190288263158802,1.0387098789215088,30391366,0.0,0.0
2022-01-28 00:00:00+03:00,1.041989870262515,1.058390845987312,1.0365226037985702,1.0398035049438477,34680121,0.0,0.0
2022-01-31 00:00:00+03:00,1.0452699103908314,1.1086855701765899,1.041989950327285,1.0933783054351807,173529432,0.0,0.0
2022-02-01 00:00:00+03:00,1.093378248805199,1.0988455154060703,1.06057723786787,1.0638571977615356,57022453,0.0,0.0
2022-02-02 00:00:00+03:00,1.071510932917101,1.0726045274225584,1.050737226315531,1.054017186164856,28343362,0.0,0.0
2022-02-03 00:00:00+03:00,1.0769781718820632,1.0769781718820632,1.0441762208938599,1.0441762208938599,28469767,0.0,0.0
2022-02-04 00:00:00+03:00,1.049643577117609,1.0758845518204891,1.049643577117609,1.0704172849655151,29852923,0.0,0.0
2022-02-07 00:00:00+03:00,1.080258221989922,1.115246541192128,1.080258221989922,1.1064993143081665,62109447,0.0,0.0
2022-02-08 00:00:00+03:00,1.1097792683481535,1.1185266128515527,1.0791646215868014,1.083538293838501,41097858,0.0,0.0
2022-02-09 00:00:00+03:00,1.0879119608564993,1.107592897560831,1.0857245364075365,1.0922856330871582,38406168,0.0,0.0
2022-02-10 00:00:00+03:00,1.0933782582358627,1.1021256024725703,1.0791645886849164,1.0824445486068726,27415829,0.0,0.0
2022-02-11 00:00:00+03:00,1.0769782979742335,1.1064993513196208,1.0758845857019939,1.0988456010818481,45014459,0.0,0.0
2022-02-14 00:00:00+03:00,1.0879119599540552,1.0944718799609685,1.0496435634681647,1.0605772733688354,32406879,0.0,0.0
2022-02-15 00:00:00+03:00,1.0649509026618893,1.08244453186421,1.0605772306111851,1.0769782066345215,22237394,0.0,0.0
2022-02-16 00:00:00+03:00,1.0813519597437493,1.0966592247350428,1.0791646528875485,1.0846319198608398,26022905,0.0,0.0
2022-02-17 00:00:00+03:00,1.092285602533406,1.1360202056155566,1.0813518929295067,1.0868182182312012,75934509,0.0,0.0
2022-02-18 00:00:00+03:00,1.1207128188213298,1.1316465283756487,1.076978215937499,1.0955655574798584,54465220,0.0,0.0
2022-02-21 00:00:00+03:00,1.0999392250638227,1.1032191849499464,1.0649509074997405,1.0682308673858643,38524998,0.0,0.0
2022-02-22 00:00:00+03:00,1.0398035622600135,1.0463635999113763,1.0223089910780263,1.0332425832748413,26048074,0.0,0.0
2022-02-23 00:00:00+03:00,1.040896290607992,1.0485500410316386,1.0157490267402665,1.0223090648651123,22336120,0.0,0.0
2022-02-24 00:00:00+03:00,0.9348387014037308,0.9665470025096077,0.9206250309944153,0.9206250309944153,32064714,0.0,0.0
2022-02-25 00:00:00+03:00,0.9326522869385634,1.001535270013406,0.9206249826846974,0.9916943311691284,50001329,0.0,0.0
2022-02-28 00:00:00+03:00,0.9621732831001282,0.9971616014493224,0.9468659600098885,0.9621732831001282,26521843,0.0,0.0
2022-03-01 00:00:00+03:00,0.9676396250724792,0.9895079862910996,0.9523323017197166,0.9676396250724792,18743456,0.0,0.0
2022-03-02 00:00:00+03:00,0.97310694762996,0.97310694762996,0.949052338699264,0.9512396454811096,16795416,0.0,0.0
2022-03-03 00:00:00+03:00,0.9588933189513515,0.9720133360380021,0.9545197053667607,0.9599860310554504,22210573,0.0,0.0
2022-03-04 00:00:00+03:00,0.9556133068858967,0.9709206300168002,0.9457723091466956,0.9577996134757996,16796833,0.0,0.0
2022-03-07 00:00:00+03:00,0.944678636873138,0.9545196344155041,0.9370259462112358,0.9457722902297974,16262299,0.0,0.0
2022-03-08 00:00:00+03:00,0.9446786664693859,0.956705970934734,0.9392122821823983,0.9512396454811096,18272549,0.0,0.0
2022-03-09 00:00:00+03:00,0.9556133203668716,0.9796669880306055,0.9501459947308758,0.978574275970459,31103978,0.0,0.0
2022-03-10 00:00:00+03:00,0.9818543278672098,0.982946981130771,0.9610796781851045,0.9687333106994629,16857336,0.0,0.0
2022-03-11 00:00:00+03:00,0.9709205869186427,0.9774805653976885,0.9621732429462612,0.9742005467414856,13729287,0.0,0.0
2022-03-14 00:00:00+03:00,0.9752933157885719,0.990600639135418,0.973106950334463,0.978574275970459,19340958,0.0,0.0
2022-03-15 00:00:00+03:00,0.9785743124970581,0.9796670245979915,0.9621733351440612,0.964359700679779,15391054,0.0,0.0
2022-03-16 00:00:00+03:00,0.9654533044579325,0.9720132832281689,0.9556133068858967,0.9577996134757996,13505312,0.0,0.0
2022-03-17 00:00:00+03:00,0.962173285656133,0.9665469578364666,0.9556133068858967,0.9577996134757996,18493383,0.0,0.0
2022-03-18 00:00:00+03:00,0.9599860310554504,0.9643597034734072,0.9534259930954422,0.9599860310554504,11917112,0.0,0.0
2022-03-21 00:00:00+03:00,0.963266952623613,0.9829469480453131,0.9599859924417259,0.978574275970459,21370256,0.0,0.0
2022-03-22 00:00:00+03:00,0.9818542747297375,1.0343362813926333,0.9785742559487757,1.0234025716781616,49115522,0.0,0.0
2022-03-23 00:00:00+03:00,1.0266826581905386,1.0627636299275351,1.0168425429290084,1.0419899225234985,49395179,0.0,0.0
2022-03-24 00:00:00+03:00,1.0387099561222295,1.054017220360502,1.0146552298904339,1.019028902053833,25493364,0.0,0.0
2022-03-25 00:00:00+03:00,1.0201226446162481,1.0354299093100032,1.0102815877889575,1.02449631690979,16307798,0.0,0.0
2022-03-28 00:00:00+03:00,1.0266827432751993,1.0332426637708945,1.0102816477018721,1.013561725616455,21995174,0.0,0.0
2022-03-29 00:00:00+03:00,1.0168425224696385,1.021215253238306,1.0037216238290019,1.0091888904571533,21707519,0.0,0.0
2022-03-30 00:00:00+03:00,1.0135616430246661,1.026682659614222,1.0037216454162166,1.0059078931808472,31735920,0.0,0.0
2022-03-31 00:00:00+03:00,1.008095383644104,1.0168426109433686,1.0015353455865394,1.008095383644104,15736062,0.0,0.0
2022-04-01 00:00:00+03:00,1.0146553069247453,1.0146553069247453,0.9949743690288643,1.0037217140197754,18845351,0.0,0.0
2022-04-04 00:00:00+03:00,1.0059079619338342,1.0113753467199882,0.9927880034480716,1.0037217140197754,27046573,0.0,0.0
2022-04-05 00:00:00+03:00,1.0037216756293283,1.0266826905184852,1.0037216756293283,1.0113753080368042,30284208,0.0,0.0
2022-04-06 00:00:00+03:00,1.0124690590106864,1.0179353847962362,0.9982543292336215,1.0037217140197754,24882962,0.0,0.0
2022-04-07 00:00:00+03:00,1.007001618101757,1.0988455583858134,1.004815252642816,1.083538293838501,144597821,0.0,0.0
2022-04-08 00:00:00+03:00,1.0846319021546946,1.145861196453789,1.0671373305927914,1.0933783054351807,150226337,0.0,0.0
2022-04-11 00:00:00+03:00,1.1010319185479358,1.11743289524609,1.086818248632018,1.0922856330871582,53400937,0.0,0.0
2022-04-12 00:00:00+03:00,1.0944718914850777,1.0966591982885303,1.0747909545898438,1.0747909545898438,31581295,0.0,0.0
2022-04-13 00:00:00+03:00,1.080258176401556,1.0955655580523582,1.059483528137207,1.059483528137207,28414121,0.0,0.0
2022-04-14 00:00:00+03:00,1.0540172356951956,1.073698290049928,1.0540172356951956,1.0605772733688354,14428367,0.0,0.0
2022-04-15 00:00:00+03:00,1.064951001212921,1.0911919769450014,1.0605773287574751,1.0857245922088623,26580812,0.0,0.0
2022-04-18 00:00:00+03:00,1.0933782821746187,1.1021256266028434,1.0758845346519792,1.0966591835021973,57733810,0.0,0.0
2022-04-19 00:00:00+03:00,1.1043129066644697,1.1064992720517348,1.0780708740145668,1.0868182182312012,41362728,0.0,0.0
2022-04-20 00:00:00+03:00,1.0911919629990279,1.1196202452624346,1.0846319250666308,1.1075929403305054,117374703,0.0,0.0
2022-04-21 00:00:00+03:00,1.1108728742821878,1.115246546578657,1.0955656095781885,1.0977519750595093,32502896,0.0,0.0
2022-04-22 00:00:00+03:00,1.0977518859532123,1.0999391925908133,1.0671372413635254,1.0671372413635254,28732913,0.0,0.0
2022-04-25 00:00:00+03:00,1.067137258478613,1.0715109304902104,1.0387099200706005,1.0583908557891846,20633404,0.0,0.0
2022-04-26 00:00:00+03:00,1.063857298962039,1.0693246837497232,1.0201226919964497,1.03105628490448,22583765,0.0,0.0
2022-04-27 00:00:00+03:00,1.0310562204290081,1.037616258096871,1.0146552437589025,1.0288689136505127,17882304,0.0,0.0
2022-04-28 00:00:00+03:00,1.0332425730957924,1.072604563617085,1.0332425730957924,1.0507372617721558,28335075,0.0,0.0
2022-04-29 00:00:00+03:00,1.0529235940640642,1.05620355392088,1.038709924795404,1.0496435165405273,16936183,0.0,0.0
2022-05-05 00:00:00+03:00,1.0551108959472886,1.0726045249931908,1.0551108959472886,1.0583908557891846,17836407,0.0,0.0
2022-05-06 00:00:00+03:00,1.057297299358892,1.057297299358892,1.0113752712508635,1.0507372617721558,17068555,0.0,0.0
2022-05-09 00:00:00+03:00,1.0507372949416007,1.0977519777423386,1.047457334878054,1.0933783054351807,38138571,0.0,0.0
2022-05-10 00:00:00+03:00,1.0988456144439385,1.1152465920576977,1.092285694065368,1.1086856126785278,8742291,0.0,0.0
2022-05-11 00:00:00+03:00,1.0747909290347302,1.0747909290347302,1.0430836296430595,1.0507372617721558,27399824,0.0,0.0
2022-05-12 00:00:00+03:00,1.0507372971928004,1.0507372971928004,1.0004415952201988,1.0157489776611328,20021251,0.0,0.0
2022-05-13 00:00:00+03:00,1.0168426213723325,1.0321500045528913,1.0168426213723325,1.0223090648651123,10029024,0.0,0.0
2022-05-16 00:00:00+03:00,1.0234026461113923,1.0321499910526926,1.0070016685132872,1.0124690532684326,12973026,0.0,0.0
2022-05-17 00:00:00+03:00,1.0146552735886631,1.0223090237041488,0.9960679309274262,1.002627968788147,13333219,0.0,0.0
2022-05-18 00:00:00+03:00,1.004815275630947,1.0146552735886631,1.0004416032791865,1.002627968788147,13280507,0.0,0.0
2022-05-20 00:00:00+03:00,1.0037216454162166,1.0135616430246661,0.9971616077883417,1.0059078931808472,10952304,0.0,0.0
2022-05-23 00:00:00+03:00,1.0102815797382485,1.016842558793192,0.9916943551392751,0.9949743151664734,12126047,0.0,0.0
2022-05-24 00:00:00+03:00,0.999347973219698,1.0102815653773658,0.9982542610037539,1.0059078931808472,16641955,0.0,0.0
2022-05-25 00:00:00+03:00,1.019028840693453,1.0496434849932752,1.0124689211769813,1.0485498905181885,19926714,0.0,0.0
2022-05-26 00:00:00+03:00,1.0485499894921801,1.1458611979521054,1.0485499894921801,1.1207128763198853,80731320,0.0,0.0
2022-05-27 00:00:00+03:00,1.1261802888833428,1.139300247147677,1.0900982562385677,1.0988456010818481,37312762,0.0,0.0
2022-05-30 00:00:00+03:00,1.1152465053695264,1.1196201775043852,1.101031894431149,1.1097792387008667,16132482,0.0,0.0
2022-05-31 00:00:00+03:00,1.1130592301857127,1.1305539192210483,1.1032192324370649,1.1108728647232056,27554141,0.0,0.0
2022-06-01 00:00:00+03:00,1.118526515248976,1.1797558034288151,1.1108727659764583,1.1480474472045898,51026396,0.0,0.0
2022-06-02 00:00:00+03:00,1.151327668284042,1.2628525495529175,1.1502348973471026,1.2628525495529175,77136599,0.0,0.0
2022-06-03 00:00:00+03:00,1.2683199251319914,1.3776574987408798,1.2683199251319914,1.3492292165756226,108514737,0.0,0.0
2022-06-06 00:00:00+03:00,1.359070062637329,1.401712129957543,1.3229881504432242,1.359070062637329,56696132,0.0,0.0
2022-06-07 00:00:00+03:00,1.3612565049279535,1.3667238895089167,1.3339218176909968,1.3437628746032715,29394104,0.0,0.0
2022-06-08 00:00:00+03:00,1.349229161849872,1.4705941530932405,1.3382954519991548,1.3514164686203003,81775282,0.0,0.0
2022-06-09 00:00:00+03:00,1.392964852983291,1.4695014118138896,1.3536028613273798,1.4662214517593384,78825664,0.0,0.0
2022-06-10 00:00:00+03:00,1.4662214652834122,1.5143297429728328,1.364536466317801,1.371097445487976,88370348,0.0,0.0
2022-06-13 00:00:00+03:00,1.3568828001826425,1.4049921356772423,1.3372018634955367,1.3743774890899658,46917768,0.0,0.0
2022-06-14 00:00:00+03:00,1.383123785154418,1.4148321442084852,1.3251755105391314,1.3568828105926514,33772585,0.0,0.0
2022-06-15 00:00:00+03:00,1.363443727472292,1.420299346263394,1.3525090766530767,1.41811203956604,29094405,0.0,0.0
2022-06-16 00:00:00+03:00,1.4345130275025084,1.4498204091755909,1.3765638137163918,1.4323257207870483,32712924,0.0,0.0
2022-06-17 00:00:00+03:00,1.4345130554483283,1.4760614115131225,1.4334194609026554,1.442166805267334,22542979,0.0,0.0
2022-06-20 00:00:00+03:00,1.4465405089978758,1.4716877714274326,1.4104584775403628,1.4432604312896729,28605533,0.0,0.0
2022-06-21 00:00:00+03:00,1.4465405336006916,1.587586466120352,1.4454468213458382,1.5307308435440063,105810462,0.0,0.0
2022-06-22 00:00:00+03:00,1.5197970052939678,1.5602516473085721,1.4815287286043084,1.5121433734893799,51449050,0.0,0.0
2022-06-23 00:00:00+03:00,1.5099560594685861,1.5241697296201,1.458567822074466,1.4618477821350098,48745552,0.0,0.0
2022-06-24 00:00:00+03:00,1.4640341449448433,1.4957425042510402,1.456380512595129,1.4662214517593384,32684017,0.0,0.0
2022-06-27 00:00:00+03:00,1.4192057847976685,1.4192057847976685,1.4192057847976685,1.4192057847976685,282952,0.0,0.0
2022-06-28 00:00:00+03:00,1.476061410225832,1.4782477756481935,1.4028048134034057,1.4104584455490112,33063475,0.0,0.0
2022-06-29 00:00:00+03:00,1.4104584547474817,1.4323257567821897,1.348136508631829,1.3514164686203003,37298182,0.0,0.0
2022-06-30 00:00:00+03:00,1.351416466045912,1.3896847446173373,1.3306418172688217,1.355790138244629,21934509,0.0,0.0
2022-07-01 00:00:00+03:00,1.3557901521271576,1.3721901875396516,1.3448555008514975,1.3656301498413086,18057629,0.0,0.0
2022-07-04 00:00:00+03:00,1.3678165538155371,1.4049921805985697,1.352509171199118,1.3579765558242798,18407801,0.0,0.0
2022-07-05 00:00:00+03:00,1.375470099594925,1.3776574063073155,1.3120544429433652,1.3229881525039673,22272015,0.0,0.0
2022-07-06 00:00:00+03:00,1.3350155023500336,1.360162764567972,1.322988197854317,1.3339217901229858,14484510,0.0,0.0
2022-07-07 00:00:00+03:00,1.3437629313465198,1.4137385146006802,1.32845554820746,1.3962448835372925,19834344,0.0,0.0
2022-07-08 00:00:00+03:00,1.3940584190820808,1.4443530607811097,1.3776574424770478,1.4290457963943481,6454984,0.0,0.0
2022-07-13 00:00:00+03:00,1.421392122026447,1.4345130205878855,1.3973384552755441,1.4093647003173828,16217757,0.0,0.0
2022-07-14 00:00:00+03:00,1.4213921122571231,1.4487266800441678,1.410458402809027,1.4268593788146973,18909844,0.0,0.0
2022-07-18 00:00:00+03:00,1.4290457466036397,1.4454467226372312,1.4159257894438197,1.4224857091903687,12631404,0.0,0.0
2022-07-19 00:00:00+03:00,1.4213921476776068,1.4356067586813894,1.396244768287062,1.423579454421997,20876825,0.0,0.0
2022-07-20 00:00:00+03:00,1.4312330839899388,1.468407767573994,1.4235794518990936,1.4279531240463257,17826296,0.0,0.0
2022-07-21 00:00:00+03:00,1.4388866730846528,1.4388866730846528,1.4049920681237575,1.4082720279693604,13106265,0.0,0.0
2022-07-22 00:00:00+03:00,1.4224856971894297,1.423579409360367,1.4028047614486039,1.4082720279693604,8039104,0.0,0.0
2022-07-25 00:00:00+03:00,1.4115521923796057,1.4432604339511361,1.4049921546178306,1.4388867616653442,14548516,0.0,0.0
2022-07-26 00:00:00+03:00,1.446540468401949,1.4651276925601928,1.4170184755226236,1.423579454421997,17338110,0.0,0.0
2022-07-27 00:00:00+03:00,1.4246721934600282,1.4880887961938345,1.4159259076236412,1.454194188117981,31660332,0.0,0.0
2022-07-28 00:00:00+03:00,1.4552868026529426,1.4651277418326945,1.4235795022972242,1.430139422416687,13039027,0.0,0.0
2022-07-29 00:00:00+03:00,1.4345130131705213,1.4388866852239603,1.4115521173903807,1.4224857091903687,14084027,0.0,0.0
2022-08-01 00:00:00+03:00,1.4224857804802769,1.4301394127905631,1.412645782700586,1.4159258604049683,14728301,0.0,0.0
2022-08-02 00:00:00+03:00,1.4268593716373064,1.4279530838101073,1.4038983583450317,1.4038983583450317,13715565,0.0,0.0
2022-08-03 00:00:00+03:00,1.40499213765262,1.5285433773984207,1.40499213765262,1.511049747467041,54556552,0.0,0.0
2022-08-04 00:00:00+03:00,1.5187033531553684,1.5525980768677277,1.4705941361009827,1.501208782196045,50170984,0.0,0.0
2022-08-05 00:00:00+03:00,1.5165159601590852,1.5197969789235732,1.4826213560411903,1.4979286193847656,21592227,0.0,0.0
2022-08-08 00:00:00+03:00,1.4979287256258695,1.5416643888049897,1.4935550534079038,1.5197970867156982,25635115,0.0,0.0
2022-08-09 00:00:00+03:00,1.5318234550730656,1.5504107972295071,1.4935550585351207,1.511049747467041,24613199,0.0,0.0
2022-08-10 00:00:00+03:00,1.5143706526154268,1.516584128209899,1.4734111087516446,1.4933371543884277,15729056,0.018831,0.0
2022-08-11 00:00:00+03:00,1.5110497234804552,1.5110497234804552,1.4501641340181803,1.4922308921813965,9927653,0.0,0.0
2022-08-12 00:00:00+03:00,1.4966580376987395,1.501086180076548,1.4457370212614566,1.4590203762054443,19168413,0.0,0.0
2022-08-15 00:00:00+03:00,1.4667693518913951,1.5044070140096506,1.4379879746758122,1.4778392314910889,30476532,0.0,0.0
2022-08-16 00:00:00+03:00,1.477839199973632,1.4933371025619808,1.4047774719923092,1.4534859657287598,32022709,0.0,0.0
2022-08-17 00:00:00+03:00,1.4556995397413572,1.4656620855441067,1.429131758166046,1.4379879236221313,17672863,0.0,0.0
2022-08-18 00:00:00+03:00,1.4390943948455712,1.461234988582168,1.3992431369286051,1.4158474206924438,17423909,0.0,0.0
2022-08-19 00:00:00+03:00,1.416954532099924,1.4313452200601398,1.4136337232412612,1.428024411201477,11721294,0.0,0.0
2022-08-22 00:00:00+03:00,1.4313452379880887,1.4579131387760356,1.425810834462696,1.441308856010437,19330477,0.0,0.0
2022-08-23 00:00:00+03:00,1.4424150974460304,1.454592190794352,1.4224900060534413,1.4269170761108398,18474018,0.0,0.0
2022-08-24 00:00:00+03:00,1.4335599884122057,1.4335599884122057,1.409205680828978,1.4136338233947754,18067243,0.0,0.0
2022-08-25 00:00:00+03:00,1.419169235064036,1.4634485143346976,1.415847353931285,1.4556995630264282,26618592,0.0,0.0
2022-08-26 00:00:00+03:00,1.456806801614122,1.485588178748292,1.4490578501766072,1.4745184183120728,37051214,0.0,0.0
2022-08-29 00:00:00+03:00,1.5044070164408407,1.5818968885568936,1.4866955187963289,1.5719343423843384,55986462,0.0,0.0
2022-08-31 00:00:00+03:00,1.6372470047176213,1.7003461883290312,1.6051438653204555,1.6671357154846191,72213365,0.0,0.0
2022-09-01 00:00:00+03:00,1.6870617301793962,1.6992388239123055,1.6217490721854715,1.6438887119293213,47516181,0.0,0.0
2022-09-02 00:00:00+03:00,1.6538521711366718,1.6582803134166033,1.5896457759278635,1.6139999628067017,30196676,0.0,0.0
2022-09-05 00:00:00+03:00,1.6151072815076086,1.6372469205163545,1.5719342646910104,1.6029301881790161,26121839,0.0,0.0
2022-09-06 00:00:00+03:00,1.6051437854766846,1.6383542566691267,1.5630779828472994,1.6051437854766846,39742796,0.0,0.0
2022-09-07 00:00:00+03:00,1.620641766664783,1.621749100110915,1.565292606786003,1.573041558265686,21614128,0.0,0.0
2022-09-08 00:00:00+03:00,1.5863250251344585,1.592966643136765,1.558649909230533,1.567506194114685,15170292,0.0,0.0
2022-09-09 00:00:00+03:00,1.5730415566972045,1.6029302674043273,1.563078057467354,1.5719343423843384,14873076,0.0,0.0
2022-09-12 00:00:00+03:00,1.5863249729192173,1.6361397272043743,1.5863249729192173,1.618428111076355,34415630,0.0,0.0
2022-09-13 00:00:00+03:00,1.6217490759724502,1.6261772183694483,1.5542217509667122,1.5553290843963623,24354793,0.0,0.0
2022-09-14 00:00:00+03:00,1.5553290604528043,1.6272844076156616,1.5265476840334755,1.6272844076156616,27484764,0.0,0.0
2022-09-15 00:00:00+03:00,1.62949800491333,1.6671356660518006,1.600715675389716,1.62949800491333,33257659,0.0,0.0
2022-09-16 00:00:00+03:00,1.6383542922545489,1.6438886958246124,1.611786510384318,1.6317116022109985,20979324,0.0,0.0
2022-09-19 00:00:00+03:00,1.6416751027875631,1.7291275188863007,1.6328188180923462,1.6328188180923462,46564852,0.0,0.0
2022-09-20 00:00:00+03:00,1.63503343651923,1.7158441191207097,1.6018229631364203,1.6881691217422485,33273863,0.0,0.0
2022-09-21 00:00:00+03:00,1.682633632475482,1.7822631457240115,1.6660283959149587,1.7711933851242065,40938548,0.0,0.0
2022-09-22 00:00:00+03:00,1.7711932908411858,1.859752919643598,1.7479463182904105,1.790012001991272,45872208,0.0,0.0
2022-09-23 00:00:00+03:00,1.7889058147915788,1.7977611466377408,1.7346629163064178,1.7545890808105469,27198977,0.0,0.0
2022-09-26 00:00:00+03:00,1.7490536246552006,1.7767287409317891,1.7158441046105426,1.7700870037078857,16719042,0.0,0.0
2022-09-27 00:00:00+03:00,1.7767286594111176,1.7844776106031506,1.691489838902282,1.7092013359069824,20872185,0.0,0.0
2022-09-28 00:00:00+03:00,1.7092013315692474,1.7092013315692474,1.609571823202062,1.6162135601043701,23928951,0.0,0.0
2022-09-29 00:00:00+03:00,1.6294980228338645,1.6350333795130563,1.5486873430498853,1.5520081520080566,30231035,0.0,0.0
2022-09-30 00:00:00+03:00,1.5619706808368334,1.6372469561710432,1.5497946594324852,1.62949800491333,28601985,0.0,0.0
2022-10-03 00:00:00+03:00,1.6494240845321866,1.6859545321584102,1.607358399303131,1.656065821647644,33674518,0.0,0.0
2022-10-04 00:00:00+03:00,1.6627075662612263,1.6826336116225842,1.639460592761083,1.6616013050079346,26225900,0.0,0.0
2022-10-05 00:00:00+03:00,1.663814793107732,1.739091070935282,1.6627075787888048,1.6715638637542725,43667684,0.0,0.0
2022-10-06 00:00:00+03:00,1.6892753756329921,1.7103087547715963,1.6815264240537646,1.682633638381958,18955118,0.0,0.0
2022-10-07 00:00:00+03:00,1.6859545566388843,1.6981316506661492,1.6737773434794567,1.6748846769332886,20376208,0.0,0.0
2022-10-10 00:00:00+03:00,1.6759919622635169,1.7424119533829185,1.670456486474929,1.7291275262832642,29769806,0.0,0.0
2022-10-11 00:00:00+03:00,1.7302348079946497,1.8044038724473994,1.7158441191016365,1.782263159751892,37135468,0.0,0.0
2022-10-12 00:00:00+03:00,1.7811568185807587,1.7900120310722762,1.7213785648345947,1.7213785648345947,30373906,0.0,0.0
2022-10-13 00:00:00+03:00,1.723593103345885,1.8044037818908691,1.721378555658818,1.8044037818908691,33448394,0.0,0.0
2022-10-14 00:00:00+03:00,1.8276507566573361,1.9084614352890685,1.7789422633089136,1.8962842226028442,53459192,0.0,0.0
2022-10-17 00:00:00+03:00,1.9128885700195606,1.992592990121536,1.9128885700195606,1.946099042892456,37993741,0.0,0.0
2022-10-18 00:00:00+03:00,1.9604897550181601,2.103292407436724,1.9350293055242656,2.057905673980713,59225234,0.0,0.0
2022-10-19 00:00:00+03:00,2.072296383565016,2.262700080871582,2.0678682409965634,2.262700080871582,107667360,0.0,0.0
2022-10-20 00:00:00+03:00,2.322477509610621,2.3579014589256757,2.1962800922467953,2.2671282291412354,65729699,0.0,0.0
2022-10-21 00:00:00+03:00,2.3114073325009548,2.492954969406128,2.247202010082723,2.492954969406128,52903371,0.0,0.0
2022-10-24 00:00:00+03:00,2.5438768243096623,2.623580287358557,2.419893130090687,2.4973831176757812,60403148,0.0,0.0
2022-10-25 00:00:00+03:00,2.5018113035737355,2.5770863874224683,2.3911108428493137,2.530592679977417,33926550,0.0,0.0
2022-10-26 00:00:00+03:00,2.546090544572028,2.723209801856718,2.490741268090708,2.6811439990997314,38920434,0.0,0.0
2022-10-27 00:00:00+03:00,2.6833587916252037,2.838338536190719,2.634650415798621,2.778560161590576,24844866,0.0,0.0
2022-10-28 00:00:00+03:00,2.7829882430273587,2.8427654249949597,2.7010703492052133,2.7320661544799805,10273094,0.0,0.0
2022-10-31 00:00:00+03:00,2.732066071400794,2.7719183984698317,2.597012617613443,2.670074224472046,25646517,0.0,0.0
2022-11-01 00:00:00+03:00,2.6855721561151817,2.8339102765037754,2.6080824061697916,2.692214012145996,29317297,0.0,0.0
2022-11-02 00:00:00+03:00,2.7099263895032597,2.9180416942675214,2.6612180148559266,2.9091854095458984,26251403,0.0,0.0
2022-11-03 00:00:00+03:00,2.8671199497145556,3.119515496062647,2.8427655232294446,2.993317127227783,32477457,0.0,0.0
2022-11-04 00:00:00+03:00,3.0220994730937765,3.205860598222906,2.9955318091389143,3.1925771236419678,34290002,0.0,0.0
2022-11-07 00:00:00+03:00,3.192577022805911,3.3165607214223867,3.1150872707366943,3.1150872707366943,26911258,0.0,0.0
2022-11-08 00:00:00+03:00,3.1327987449506165,3.239071068517331,3.033169230857409,3.1903626918792725,22683954,0.0,0.0
2022-11-09 00:00:00+03:00,3.1770791260165585,3.2501407358168786,3.1040172779519173,3.1195154190063477,22024261,0.0,0.0
2022-11-10 00:00:00+03:00,3.048667259216687,3.1217288684050386,2.902543802575664,3.0995893478393555,28370680,0.0,0.0
2022-11-11 00:00:00+03:00,3.099589245526331,3.276708501641495,3.0442390163532385,3.201432228088379,38890562,0.0,0.0
2022-11-14 00:00:00+03:00,3.1660093768515556,3.3741244466138696,3.1593665675454106,3.3121325969696045,37519864,0.0,0.0
2022-11-15 00:00:00+03:00,3.320987989106554,3.3586266047864672,3.1549384824322795,3.1726510524749756,40005752,0.0,0.0
2022-11-16 00:00:00+03:00,3.2080749012749346,3.2922065089199495,3.095161202132533,3.097374677658081,30807566,0.0,0.0
2022-11-17 00:00:00+03:00,3.1106590521936526,3.1217288122774636,2.957893980393906,3.057523488998413,20856711,0.0,0.0
2022-11-18 00:00:00+03:00,3.0287411681962046,3.1350132479412425,3.024313025885977,3.0641651153564453,14869068,0.0,0.0
2022-11-21 00:00:00+03:00,3.077449552185099,3.274493903769393,3.070806743037603,3.252354383468628,22122825,0.0,0.0
2022-11-22 00:00:00+03:00,3.2612106221511925,3.575597047805786,3.2125020103258346,3.575597047805786,57648247,0.0,0.0
2022-11-23 00:00:00+03:00,3.6862972675597003,3.9320502281188965,3.675227507568639,3.9320502281188965,79828857,0.0,0.0
2022-11-24 00:00:00+03:00,4.00511216883126,4.04939120984784,3.739432919181082,3.8213508129119873,58120851,0.0,0.0
2022-11-25 00:00:00+03:00,3.8412761106463984,3.9497616663348696,3.6641566123762703,3.796996593475342,64928237,0.0,0.0
2022-11-28 00:00:00+03:00,3.8412761923804166,3.905482470528318,3.675227642059326,3.675227642059326,26919148,0.0,0.0
2022-11-29 00:00:00+03:00,3.7084370278533365,3.7903549196826036,3.5822396195067543,3.7549307346343994,24997468,0.0,0.0
2022-11-30 00:00:00+03:00,3.796996710088876,4.064889441225089,3.781498807123739,3.887769937515259,37327025,0.0,0.0
2022-12-01 00:00:00+03:00,3.9143385232056693,4.217655181884766,3.8789145772461096,4.217655181884766,37444592,0.0,0.0
2022-12-02 00:00:00+03:00,4.217655458605317,4.253079645153367,4.058247572196386,4.062675952911377,26888446,0.0,0.0
2022-12-05 00:00:00+03:00,4.075960193650541,4.091458335027791,3.89884092651606,3.9165523052215576,26638336,0.0,0.0
2022-12-06 00:00:00+03:00,3.9386918724140774,4.0095400046849035,3.788140276348478,3.9519762992858887,20611278,0.0,0.0
2022-12-07 00:00:00+03:00,3.9851858610006308,4.0826018950151255,3.7992103159132884,3.803638458251953,28344111,0.0,0.0
2022-12-08 00:00:00+03:00,3.8036384523140514,3.8501321598150673,3.626518953916224,3.7992103099823,20088065,0.0,0.0
2022-12-09 00:00:00+03:00,3.781498649607571,3.985185808298646,3.772642365047361,3.945333480834961,23909623,0.0,0.0
2022-12-12 00:00:00+03:00,3.9564044164679357,4.301786884934435,3.9564044164679357,4.290717124938965,28302937,0.0,0.0
2022-12-13 00:00:00+03:00,4.361565273724252,4.607318248762205,4.211013669804178,4.487762451171875,46710512,0.0,0.0
2022-12-14 00:00:00+03:00,4.45676676431239,4.647169511652178,4.202157497406006,4.202157497406006,42825670,0.0,0.0
2022-12-15 00:00:00+03:00,4.2198688743584105,4.4058446597780785,3.932050341039019,4.018396377563477,46699625,0.0,0.0
2022-12-16 00:00:00+03:00,4.040535827046449,4.042749302540632,3.852346807671078,3.9652597904205322,5090560,0.0,0.0
2022-12-19 00:00:00+03:00,3.9453337068753007,4.124667642018437,3.934263946201604,4.1224541664123535,26667702,0.0,0.0
2022-12-20 00:00:00+03:00,4.095885321971128,4.171161600864672,3.987400475762223,4.131309509277344,25603465,0.0,0.0
2022-12-21 00:00:00+03:00,4.135737347696945,4.224297338023512,4.053819690214925,4.080387115478516,22959359,0.0,0.0
2022-12-22 00:00:00+03:00,4.087029930803921,4.1689471118765935,4.047177839793197,4.084815502166748,24776156,0.0,0.0
2022-12-23 00:00:00+03:00,4.093671787129492,4.151235495008406,4.020609937962264,4.084815502166748,19269260,0.0,0.0
2022-12-26 00:00:00+03:00,4.09367188500946,4.195516067079896,4.018396558462521,4.1623053550720215,17603333,0.0,0.0
2022-12-27 00:00:00+03:00,4.16230510254924,4.250864613220783,3.7903549671173096,3.7903549671173096,36238783,0.0,0.0
2022-12-28 00:00:00+03:00,3.7903549865205908,3.8324207900445604,3.411762040011909,3.442758083343506,46707298,0.0,0.0
2022-12-29 00:00:00+03:00,3.4427582255702203,3.7527165273122827,3.4427582255702203,3.7416467666625977,18025283,0.0,0.0
2022-12-30 00:00:00+03:00,3.6752275541559265,3.7903549656368267,3.606592896962513,3.6088075637817383,12457767,0.0,0.0
2023-01-02 00:00:00+03:00,3.6088076882033397,3.7637871945577395,3.5202479362487793,3.5202479362487793,17981319,0.0,0.0
2023-01-03 00:00:00+03:00,3.520247901644905,3.55124394556969,3.3054900227808988,3.309918165206909,14247021,0.0,0.0
2023-01-04 00:00:00+03:00,3.30770446555696,3.48703744404527,3.163794720513871,3.3209879398345947,21883440,0.0,0.0
2023-01-05 00:00:00+03:00,3.3364858225429224,3.4648976639124145,3.163794701370504,3.305490016937256,12488876,0.0,0.0
2023-01-06 00:00:00+03:00,3.1903625469369574,3.3564118089699115,3.033169093056597,3.2612106800079346,15517964,0.0,0.0
2023-01-09 00:00:00+03:00,3.272280571799626,3.4316882223933325,3.14386872751519,3.177079200744629,17266224,0.0,0.0
2023-01-10 00:00:00+03:00,3.188148758981204,3.2966345507050927,3.0265274047851562,3.0265274047851562,7604244,0.0,0.0
2023-01-11 00:00:00+03:00,3.028741294300188,3.190362657876983,2.9401815418444905,2.9778192043304443,15719993,0.0,0.0
2023-01-12 00:00:00+03:00,3.0110295695049722,3.1106590789669872,2.9136135355501405,3.0774495601654053,10015365,0.0,0.0
2023-01-13 00:00:00+03:00,3.0818768124215836,3.2102886540305655,3.028741247683194,3.12615704536438,6215111,0.0,0.0
2023-01-16 00:00:00+03:00,3.148296754687173,3.309918113222285,3.068593289706971,3.270066738128662,6200424,0.0,0.0
2023-01-17 00:00:00+03:00,3.2700668206303143,3.475967701810258,3.2700668206303143,3.3342723846435547,8897295,0.0,0.0
2023-01-18 00:00:00+03:00,3.351983974696605,3.5977376595994346,3.351983974696605,3.4981071949005127,13929375,0.0,0.0
2023-01-19 00:00:00+03:00,3.4981071663066987,3.5910950591998043,3.4316881277933855,3.4759676456451416,6176356,0.0,0.0
2023-01-20 00:00:00+03:00,3.4826092431250695,3.5379594740398006,3.4493997240634604,3.4604694843292236,4752964,0.0,0.0
2023-01-23 00:00:00+03:00,3.489252138509435,3.7084372094134643,3.4759677110695004,3.5268895626068115,20348132,0.0,0.0
2023-01-24 00:00:00+03:00,3.5268893912435764,3.5423875317739943,3.3209878047264536,3.398477554321289,10310550,0.0,0.0
2023-01-25 00:00:00+03:00,3.420618268183914,3.442758026467216,3.112872506783504,3.221358299255371,13387619,0.0,0.0
2023-01-26 00:00:00+03:00,3.1815072854862505,3.2412844683633795,3.0774496312835677,3.132798671722412,11717105,0.0,0.0
2023-01-27 00:00:00+03:00,3.128370408806786,3.128370408806786,2.988888811791047,3.042025327682495,10388422,0.0,0.0
2023-01-30 00:00:00+03:00,3.0553088949476446,3.3453420961295808,3.0442391346002187,3.2966346740722656,21799122,0.0,0.0
2023-01-31 00:00:00+03:00,3.2656387154180657,3.2656387154180657,3.1660094401086942,3.177079200744629,16554758,0.0,0.0
2023-02-01 00:00:00+03:00,3.179292514262159,3.2634241203921754,3.0553088188171387,3.0553088188171387,9631303,0.0,0.0
2023-02-02 00:00:00+03:00,3.0663786534725306,3.137226787504192,2.9180417205263027,2.9291117191314697,13692292,0.0,0.0
2023-02-03 00:00:00+03:00,2.9401814664929997,3.1505112007983613,2.9401814664929997,3.1018028259277344,8990506,0.0,0.0
2023-02-06 00:00:00+03:00,3.088519305014692,3.088519305014692,2.966749084477318,3.066378593444824,3295989,0.0,0.0
2023-02-07 00:00:00+03:00,3.044239176171706,3.044239176171706,2.760848542121265,2.776346445083618,9827401,0.0,0.0
2023-02-08 00:00:00+03:00,2.5748729705810547,2.5748729705810547,2.5748729705810547,2.5748729705810547,415,0.0,0.0
2023-02-15 00:00:00+03:00,2.7896298094344534,3.0530953407287598,2.7896298094344534,3.0530953407287598,10274584,0.0,0.0
2023-02-16 00:00:00+03:00,3.1881489121306594,3.314346325809781,2.9888889350040833,3.1394405364990234,26200966,0.0,0.0
2023-02-17 00:00:00+03:00,3.066378547723483,3.343128503308488,3.028741125598272,3.2102885246276855,24404038,0.0,0.0
2023-02-20 00:00:00+03:00,3.208074897974495,3.3763381130914176,3.208074897974495,3.2767086029052734,13328173,0.0,0.0
2023-02-21 00:00:00+03:00,3.2744940488056105,3.4848240280009817,3.2169303404167016,3.3652682304382324,26279967,0.0,0.0
2023-02-22 00:00:00+03:00,3.332057657028969,3.47596763846812,3.236856288794916,3.287778377532959,16756814,0.0,0.0
2023-02-23 00:00:00+03:00,3.2877784111959847,3.5512439510371587,3.2877784111959847,3.4981071949005127,25286695,0.0,0.0
2023-02-24 00:00:00+03:00,3.5047499682108914,3.6862973729553365,3.3763381277356888,3.6530869007110596,23450967,0.0,0.0
2023-02-27 00:00:00+03:00,3.708437033929471,3.9719023258444257,3.664156564282351,3.9386918544769287,25067351,0.0,0.0
2023-02-28 00:00:00+03:00,3.938692081407337,4.075960210942049,3.763787242180735,3.929835796356201,25362355,0.0,0.0
2023-03-01 00:00:00+03:00,3.9276221730310388,4.109169814878558,3.9276221730310388,3.9984703063964844,20402596,0.0,0.0
2023-03-02 00:00:00+03:00,4.040535877635279,4.040535877635279,3.892197992813337,4.002898216247559,10424415,0.0,0.0
2023-03-03 00:00:00+03:00,4.002898219120972,4.0958851583674365,3.8412761453511686,4.005112171173096,17884696,0.0,0.0
2023-03-06 00:00:00+03:00,4.005112208873582,4.151235428332397,3.985185925423945,4.0338945388793945,18400028,0.0,0.0
2023-03-07 00:00:00+03:00,4.033894529689509,4.067103810708308,3.9719024422018276,4.027251720428467,12776577,0.0,0.0
2023-03-08 00:00:00+03:00,4.040535888907064,4.095885166853464,4.007325654999128,4.011753559112549,9680693,0.0,0.0
2023-03-09 00:00:00+03:00,4.038321702126635,4.2220835460659325,3.9741163738446126,4.204370975494385,17551180,0.0,0.0
2023-03-10 00:00:00+03:00,4.204370517140046,4.2552928415279325,4.166733334025495,4.217655181884766,14384728,0.0,0.0
2023-03-13 00:00:00+03:00,4.235366856955914,4.374848214276708,4.204370576192518,4.261934757232666,17150760,0.0,0.0
2023-03-14 00:00:00+03:00,4.2220834506225335,4.2220834506225335,4.016182089445026,4.129096031188965,18069744,0.0,0.0
2023-03-15 00:00:00+03:00,4.1290957033811075,4.372634708119657,3.9763294439374883,4.239794731140137,50732222,0.0,0.0
2023-03-16 00:00:00+03:00,4.206585547930851,4.425770609557429,4.184444598203797,4.312856674194336,27732834,0.0,0.0
2023-03-17 00:00:00+03:00,4.3150709584354106,4.3150709584354106,4.173374698570052,4.20658540725708,47530174,0.0,0.0
2023-03-20 00:00:00+03:00,4.151235566550042,4.2862890301407175,4.018396531634704,4.14016580581665,20296964,0.0,0.0
2023-03-21 00:00:00+03:00,4.140165661788705,4.188873083849857,3.994042204283647,4.029466152191162,8423445,0.0,0.0
2023-03-22 00:00:00+03:00,4.029465916350457,4.290717010565927,4.011753347772596,4.20658540725708,17923452,0.0,0.0
2023-03-23 00:00:00+03:00,4.195516036564861,4.315071358528754,4.093671855235163,4.1379523277282715,16551535,0.0,0.0
2023-03-24 00:00:00+03:00,4.104741618412479,4.204370894598982,4.007325817843995,4.14016580581665,9115078,0.0,0.0
2023-03-27 00:00:00+03:00,4.140165699664532,4.275219159792493,4.033894569762741,4.0582475662231445,15882092,0.0,0.0
2023-03-28 00:00:00+03:00,4.062675791045718,4.084815311095356,3.940906524658203,3.940906524658203,9482853,0.0,0.0
2023-03-29 00:00:00+03:00,3.951976443490144,3.98297248759813,3.863416691882693,3.8789148330688477,7903121,0.0,0.0
2023-03-30 00:00:00+03:00,3.8789148272447282,3.9320503922122287,3.827992737839187,3.8744866847991943,10382545,0.0,0.0
2023-03-31 00:00:00+03:00,3.8744865219073983,3.8899844241543944,3.7372184006247084,3.752716302871704,7262513,0.0,0.0
2023-04-03 00:00:00+03:00,3.7261484198388737,3.8080665502458317,3.5733833486503626,3.5866668224334717,8075882,0.0,0.0
2023-04-04 00:00:00+03:00,3.613235676100076,3.945333480834961,3.5999512492597616,3.945333480834961,35122167,0.0,0.0
2023-04-05 00:00:00+03:00,3.945333466205705,4.219868755981654,3.9032679016830456,3.9342637062072754,40619828,0.0,0.0
2023-04-06 00:00:00+03:00,3.963046085812541,4.0073256028997095,3.896626095388838,3.971902370452881,10276461,0.0,0.0
2023-04-07 00:00:00+03:00,3.9874003730802956,4.135737307056616,3.918765952375866,4.049391269683838,22199370,0.0,0.0
2023-04-10 00:00:00+03:00,4.062676009558289,4.140165763485719,4.051605772409426,4.1069560050964355,12625825,0.0,0.0
2023-04-11 00:00:00+03:00,4.120239801120062,4.191087700107361,4.0516058543015525,4.173375129699707,11747005,0.0,0.0
2023-04-12 00:00:00+03:00,4.1827239990234375,4.249186038970947,4.147276878356934,4.202661991119385,10813767,0.002702,0.0
2023-04-13 00:00:00+03:00,4.204877853393555,4.21373987197876,4.145061016082764,4.1716461181640625,10334861,0.0,0.0
2023-04-14 00:00:00+03:00,4.176076889038086,4.202661991119385,4.147276878356934,4.176076889038086,9092824,0.0,0.0
2023-04-17 00:00:00+03:00,4.173861980438232,4.3754658699035645,4.118475914001465,4.220386028289795,21114188,0.0,0.0
2023-04-18 00:00:00+03:00,4.198232173919678,4.258048057556152,4.162785053253174,4.246971130371094,13060125,0.0,0.0
2023-04-19 00:00:00+03:00,4.2646942138671875,4.346664905548096,4.198232173919678,4.333373069763184,11631081,0.0,0.0
2023-04-20 00:00:00+03:00,4.320079803466797,4.371035099029541,4.2314629554748535,4.371035099029541,6064693,0.0,0.0
2023-04-24 00:00:00+03:00,4.3732500076293945,4.541623115539551,4.3732500076293945,4.446359157562256,22215024,0.0,0.0
2023-04-25 00:00:00+03:00,4.450789928436279,4.6191630363464355,4.435282230377197,4.506175994873047,26733947,0.0,0.0
2023-04-26 00:00:00+03:00,4.521684169769287,4.601438999176025,4.326725959777832,4.353311061859131,18343804,0.0,0.0
2023-04-27 00:00:00+03:00,4.337802886962891,4.364388942718506,4.218170166015625,4.262478828430176,11795700,0.0,0.0
2023-04-28 00:00:00+03:00,4.2646942138671875,4.368819236755371,4.067521095275879,4.109614849090576,8983013,0.0,0.0
2023-05-02 00:00:00+03:00,4.109614849090576,4.116261005401611,3.699760913848877,3.699760913848877,18510318,0.0,0.0
2023-05-03 00:00:00+03:00,3.699760913848877,3.699760913848877,3.329785108566284,3.329785108566284,10177871,0.0,0.0
2023-05-04 00:00:00+03:00,3.1680591106414795,3.6022820472717285,3.1680591106414795,3.4095399379730225,21468919,0.0,0.0
2023-05-05 00:00:00+03:00,3.4095399379730225,3.4516329765319824,3.263322114944458,3.2655370235443115,6385526,0.0,0.0
2023-05-08 00:00:00+03:00,3.27661395072937,3.3740930557250977,3.1813509464263916,3.3408620357513428,6830469,0.0,0.0
2023-05-09 00:00:00+03:00,3.3452930450439453,3.411755084991455,3.254460096359253,3.327569007873535,6159862,0.0,0.0
2023-05-10 00:00:00+03:00,3.327569007873535,3.3519389629364014,3.221229076385498,3.256675958633423,4335807,0.0,0.0
2023-05-11 00:00:00+03:00,3.2522449493408203,3.4095399379730225,3.23452091217041,3.3098459243774414,10891937,0.0,0.0
2023-05-12 00:00:00+03:00,3.3231379985809326,3.36301589012146,3.1569809913635254,3.2012898921966553,9507751,0.0,0.0
2023-05-15 00:00:00+03:00,3.145904064178467,3.3740930557250977,3.110456943511963,3.1902129650115967,6729035,0.0,0.0
2023-05-16 00:00:00+03:00,3.1902129650115967,3.2810449600219727,3.1902129650115967,3.219012975692749,11442964,0.0,0.0
2023-05-17 00:00:00+03:00,3.212367057800293,3.413970947265625,3.212367057800293,3.3829550743103027,16309902,0.0,0.0
2023-05-18 00:00:00+03:00,3.3829550743103027,3.4339098930358887,3.2899069786071777,3.3231379985809326,13599145,0.0,0.0
2023-05-22 00:00:00+03:00,3.3408620357513428,3.3785240650177,3.2655370235443115,3.3231379985809326,4592787,0.0,0.0
2023-05-23 00:00:00+03:00,3.3452930450439453,3.491511106491089,3.296552896499634,3.334214925765991,19156352,0.0,0.0
2023-05-24 00:00:00+03:00,3.3231379985809326,3.3785240650177,3.3098459243774414,3.334214925765991,6384126,0.0,0.0
2023-05-25 00:00:00+03:00,3.3740930557250977,3.3851699829101562,3.278830051422119,3.3231379985809326,8789741,0.0,0.0
2023-05-26 00:00:00+03:00,3.334214925765991,3.3829550743103027,3.278830051422119,3.3231379985809326,7783568,0.0,0.0
2023-05-29 00:00:00+03:00,3.3785240650177,3.633297920227051,3.371877908706665,3.5446810722351074,12599717,0.0,0.0
2023-05-30 00:00:00+03:00,3.5779120922088623,3.808316946029663,3.5513269901275635,3.7950239181518555,8981072,0.0,0.0
2023-05-31 00:00:00+03:00,3.8038859367370605,4.005489826202393,3.7795159816741943,3.868133068084717,45008483,0.0,0.0
2023-06-01 00:00:00+03:00,3.8614869117736816,4.020998001098633,3.8304710388183594,3.9102261066436768,17332062,0.0,0.0
2023-06-02 00:00:00+03:00,3.9368109703063965,4.094107151031494,3.8459789752960205,3.9102261066436768,9595166,0.0,0.0
2023-06-05 00:00:00+03:00,3.932379961013794,4.076383113861084,3.8969340324401855,3.927949905395508,20691091,0.0,0.0
2023-06-06 00:00:00+03:00,3.941241979598999,3.967827081680298,3.8393330574035645,3.967827081680298,13275199,0.0,0.0
2023-06-07 00:00:00+03:00,3.967827081680298,4.253616809844971,3.9213030338287354,4.253616809844971,32995325,0.0,0.0
2023-06-08 00:00:00+03:00,4.286849021911621,4.497313976287842,4.167215824127197,4.497313976287842,28768734,0.0,0.0
2023-06-09 00:00:00+03:00,4.495099067687988,4.597008228302002,4.404265880584717,4.57706880569458,21703637,0.0,0.0
2023-06-12 00:00:00+03:00,4.557130813598633,4.681193828582764,4.353311061859131,4.393188953399658,37867201,0.0,0.0
2023-06-13 00:00:00+03:00,4.340019226074219,4.4685139656066895,4.273556232452393,4.4662981033325195,25804699,0.0,0.0
2023-06-14 00:00:00+03:00,4.441927909851074,4.459651947021484,4.364388942718506,4.3754658699035645,7014299,0.0,0.0
2023-06-15 00:00:00+03:00,4.3754658699035645,4.4729437828063965,4.320079803466797,4.4729437828063965,11831314,0.0,0.0
2023-06-16 00:00:00+03:00,4.475160121917725,4.495099067687988,4.3821120262146,4.4175591468811035,10012386,0.0,0.0
2023-06-19 00:00:00+03:00,4.4175591468811035,4.583715915679932,4.379897117614746,4.435282230377197,31876299,0.0,0.0
2023-06-20 00:00:00+03:00,4.430850982666016,4.430850982666016,4.291278839111328,4.337802886962891,21564413,0.0,0.0
2023-06-21 00:00:00+03:00,4.342234134674072,4.379897117614746,4.222600936889648,4.24475622177124,8439226,0.0,0.0
2023-06-22 00:00:00+03:00,4.24475622177124,4.29792594909668,4.21152400970459,4.258048057556152,15401959,0.0,0.0
2023-06-23 00:00:00+03:00,4.293495178222656,4.395404815673828,4.258048057556152,4.326725959777832,8637995,0.0,0.0
2023-06-26 00:00:00+03:00,4.328941822052002,4.48402214050293,4.320079803466797,4.475160121917725,16842901,0.0,0.0
2023-06-27 00:00:00+03:00,4.475160121917725,4.904952049255371,4.448575019836426,4.904952049255371,13101182,0.0,0.0
2023-07-03 00:00:00+03:00,4.904952049255371,5.142003059387207,4.789750099182129,4.951476097106934,32926048,0.0,0.0
2023-07-04 00:00:00+03:00,4.94926118850708,5.006862163543701,4.838490009307861,4.885014057159424,9592963,0.0,0.0
2023-07-05 00:00:00+03:00,4.8938751220703125,5.0954790115356445,4.876152038574219,5.071108818054199,33787588,0.0,0.0
2023-07-06 00:00:00+03:00,5.0954790115356445,5.117632865905762,4.9536919593811035,5.060031890869141,16809219,0.0,0.0
2023-07-07 00:00:00+03:00,4.984707832336426,5.206250190734863,4.984707832336426,5.0976948738098145,17187006,0.0,0.0
2023-07-10 00:00:00+03:00,5.0976948738098145,5.150865077972412,5.013507843017578,5.062248229980469,15686798,0.0,0.0
2023-07-11 00:00:00+03:00,5.071108818054199,5.122064113616943,4.951476097106934,5.013507843017578,19010213,0.0,0.0
2023-07-12 00:00:00+03:00,5.015724182128906,5.082187175750732,4.896090984344482,4.896090984344482,8430469,0.0,0.0
2023-07-13 00:00:00+03:00,4.896090984344482,4.984707832336426,4.765380859375,4.818551063537598,12002378,0.0,0.0
2023-07-14 00:00:00+03:00,4.818551063537598,4.929321765899658,4.732149124145508,4.829627990722656,8389330,0.0,0.0
2023-07-17 00:00:00+03:00,4.829627990722656,5.01793909072876,4.829627990722656,4.940399169921875,13830189,0.0,0.0
2023-07-18 00:00:00+03:00,4.944829940795898,5.0954790115356445,4.842920780181885,4.889443874359131,13403264,0.0,0.0
2023-07-19 00:00:00+03:00,4.873936176300049,5.11984920501709,4.873936176300049,5.0954790115356445,16917758,0.0,0.0
2023-07-20 00:00:00+03:00,5.0976948738098145,5.421146869659424,5.0976948738098145,5.339176177978516,23301280,0.0,0.0
2023-07-21 00:00:00+03:00,5.339176177978516,5.529703140258789,5.248342990875244,5.480963230133057,28418291,0.0,0.0
2023-07-24 00:00:00+03:00,5.48539400100708,5.965034008026123,5.48539400100708,5.649335861206055,42673419,0.0,0.0
2023-07-25 00:00:00+03:00,5.704720973968506,5.893032073974609,5.505332946777344,5.798876762390137,29897944,0.0,0.0
2023-07-26 00:00:00+03:00,5.8265700340271,6.0868821144104,5.643796920776367,5.859800815582275,17212771,0.0,0.0
2023-07-27 00:00:00+03:00,5.7656450271606445,6.03703498840332,5.760107040405273,6.020419120788574,15157627,0.0,0.0
2023-07-28 00:00:00+03:00,5.9428791999816895,6.236423015594482,5.937341213226318,6.136728763580322,18052447,0.0,0.0
2023-07-31 00:00:00+03:00,6.230885028839111,6.452426910400391,6.125651836395264,6.369349002838135,45212895,0.0,0.0
2023-08-01 00:00:00+03:00,6.369349002838135,6.529966831207275,6.020419120788574,6.230885028839111,27656162,0.0,0.0
2023-08-02 00:00:00+03:00,6.1034979820251465,6.851203918457031,6.070265769958496,6.169960975646973,29669699,0.0,0.0
2023-08-03 00:00:00+03:00,6.19211483001709,6.29180908203125,5.904109954833984,6.031497001647949,23804082,0.0,0.0
2023-08-04 00:00:00+03:00,5.981648921966553,6.203192234039307,5.760107040405273,5.843184947967529,22318381,0.0,0.0
2023-08-07 00:00:00+03:00,5.870878219604492,5.870878219604492,5.649335861206055,5.815493106842041,16288470,0.0,0.0
2023-08-08 00:00:00+03:00,5.815493106842041,5.948418140411377,5.7157979011535645,5.859800815582275,16075067,0.0,0.0
2023-08-09 00:00:00+03:00,5.859800815582275,6.03703498840332,5.660412788391113,5.926263809204102,56042912,0.0,0.0
2023-08-10 00:00:00+03:00,5.870878219604492,5.998264789581299,5.665950775146484,5.760107040405273,28461136,0.0,0.0
2023-08-11 00:00:00+03:00,5.760107040405273,6.025958061218262,5.682567119598389,5.9096479415893555,33234629,0.0,0.0
2023-08-14 00:00:00+03:00,5.931801795959473,6.147806167602539,5.859800815582275,6.136728763580322,40897680,0.0,0.0
2023-08-15 00:00:00+03:00,6.136728763580322,6.524428844451904,6.131190776824951,6.336118221282959,28992131,0.0,0.0
2023-08-16 00:00:00+03:00,6.336118221282959,6.86228084564209,6.313962936401367,6.829050064086914,44376713,0.0,0.0
2023-08-17 00:00:00+03:00,6.823511123657227,6.9232048988342285,6.502274990081787,6.690586090087891,25340779,0.0,0.0
2023-08-18 00:00:00+03:00,6.806896209716797,7.155825138092041,6.34165620803833,6.34165620803833,29821236,0.0,0.0
2023-08-21 00:00:00+03:00,6.325039863586426,6.524428844451904,6.175498962402344,6.175498962402344,24458042,0.0,0.0
2023-08-22 00:00:00+03:00,6.175498962402344,6.302886009216309,6.042573928833008,6.042573928833008,15315285,0.0,0.0
2023-08-23 00:00:00+03:00,6.075805187225342,6.325039863586426,5.9594950675964355,5.9594950675964355,17870478,0.0,0.0
2023-08-24 00:00:00+03:00,6.0038042068481445,6.0591888427734375,5.447731971740723,5.458808898925781,15062133,0.0,0.0
2023-08-25 00:00:00+03:00,5.458808898925781,5.649335861206055,5.372406959533691,5.599487781524658,8997899,0.0,0.0
2023-08-28 00:00:00+03:00,5.6161041259765625,5.848723888397217,5.494256019592285,5.560719013214111,21178835,0.0,0.0
2023-08-29 00:00:00+03:00,5.566256999969482,5.649335861206055,5.46988582611084,5.649335861206055,16072133,0.0,0.0
2023-08-31 00:00:00+03:00,5.649335861206055,5.8099541664123535,5.6161041259765625,5.749030113220215,15352081,0.0,0.0
2023-09-01 00:00:00+03:00,5.704720973968506,5.881955146789551,5.627181053161621,5.782260894775391,13169151,0.0,0.0
2023-09-04 00:00:00+03:00,5.787799835205078,6.203192234039307,5.787799835205078,5.992726802825928,21111380,0.0,0.0
2023-09-05 00:00:00+03:00,6.009342193603516,6.0868821144104,5.8099541664123535,5.898571014404297,14490044,0.0,0.0
2023-09-06 00:00:00+03:00,5.898571014404297,6.0038042068481445,5.721336841583252,5.760107040405273,8892132,0.0,0.0
2023-09-07 00:00:00+03:00,5.804415225982666,6.336118221282959,5.804415225982666,6.336118221282959,17876959,0.0,0.0
2023-09-08 00:00:00+03:00,6.424735069274902,6.94536018371582,6.358272075653076,6.6241230964660645,67520994,0.0,0.0
2023-09-11 00:00:00+03:00,6.635200023651123,7.0672078132629395,6.635200023651123,6.867819786071777,42265922,0.0,0.0
2023-09-12 00:00:00+03:00,6.878897190093994,6.96197509765625,6.685047149658203,6.96197509765625,18773916,0.0,0.0
2023-09-13 00:00:00+03:00,6.978590965270996,7.144748210906982,6.6739702224731445,6.9342827796936035,17347959,0.0,0.0
2023-09-14 00:00:00+03:00,6.9342827796936035,7.006284236907959,6.5908918380737305,6.901051044464111,15252155,0.0,0.0
2023-09-15 00:00:00+03:00,6.851203918457031,6.978590965270996,6.65735387802124,6.690586090087891,19287523,0.0,0.0
2023-09-18 00:00:00+03:00,6.690586090087891,6.901051044464111,6.596429824829102,6.801356792449951,18674738,0.0,0.0
2023-09-19 00:00:00+03:00,6.856742858886719,6.91212797164917,6.690586090087891,6.84566593170166,15355792,0.0,0.0
2023-09-20 00:00:00+03:00,6.873357772827148,7.255518913269043,6.734893798828125,6.995206832885742,52459511,0.0,0.0
2023-09-21 00:00:00+03:00,6.9232048988342285,7.111516952514648,6.729355812072754,7.089362144470215,22185684,0.0,0.0
2023-09-22 00:00:00+03:00,7.139208793640137,7.443830966949463,7.056130886077881,7.122593879699707,35932296,0.0,0.0
2023-09-25 00:00:00+03:00,7.144748210906982,7.477062225341797,7.144748210906982,7.388444900512695,36301615,0.0,0.0
2023-09-26 00:00:00+03:00,7.421676158905029,8.12507438659668,7.211211204528809,7.537985801696777,41684562,0.0,0.0
2023-09-27 00:00:00+03:00,7.56567907333374,7.6819891929626465,7.299828052520752,7.46598482131958,28878952,0.0,0.0
2023-09-28 00:00:00+03:00,7.46598482131958,7.947840213775635,7.421676158905029,7.482601165771484,28198343,0.0,0.0
2023-09-29 00:00:00+03:00,7.393982887268066,7.504755020141602,7.238903999328613,7.238903999328613,13522004,0.0,0.0
2023-10-02 00:00:00+03:00,7.249980926513672,7.8315300941467285,7.249980926513672,7.598909854888916,32052049,0.0,0.0
2023-10-03 00:00:00+03:00,7.665372848510742,8.197074890136719,7.349675178527832,7.349675178527832,31532519,0.0,0.0
2023-10-04 00:00:00+03:00,7.366291046142578,7.532447814941406,7.022900104522705,7.128131866455078,25988781,0.0,0.0
2023-10-05 00:00:00+03:00,7.15028715133667,7.189056873321533,6.889974117279053,6.978590965270996,28776399,0.0,0.0
2023-10-06 00:00:00+03:00,6.84566593170166,7.083824157714844,6.806896209716797,6.928743839263916,17512334,0.0,0.0
2023-10-09 00:00:00+03:00,6.779202938079834,7.033977031707764,6.668430805206299,6.768126010894775,12079410,0.0,0.0
2023-10-10 00:00:00+03:00,6.889974117279053,7.089362144470215,6.790279865264893,6.834588050842285,22450464,0.0,0.0
2023-10-11 00:00:00+03:00,6.84566593170166,6.9342827796936035,6.596429824829102,6.9342827796936035,16434022,0.0,0.0
2023-10-12 00:00:00+03:00,7.000744819641113,7.033977031707764,6.502274990081787,6.535505771636963,22063721,0.0,0.0
2023-10-13 00:00:00+03:00,6.529966831207275,6.712739944458008,6.219808101654053,6.219808101654053,14194823,0.0,0.0
2023-10-16 00:00:00+03:00,6.369349002838135,6.840126991271973,6.114574909210205,6.840126991271973,13386933,0.0,0.0
2023-10-17 00:00:00+03:00,6.867819786071777,7.072747230529785,6.574275970458984,6.91212797164917,15044511,0.0,0.0
2023-10-18 00:00:00+03:00,6.646276950836182,6.740433216094971,6.319501876831055,6.319501876831055,18596054,0.0,0.0
2023-10-19 00:00:00+03:00,6.4025797843933105,6.635200023651123,6.070265769958496,6.070265769958496,13587238,0.0,0.0
2023-10-20 00:00:00+03:00,5.937341213226318,5.9428791999816895,5.643796920776367,5.8099541664123535,9603652,0.0,0.0
2023-10-23 00:00:00+03:00,5.815493106842041,6.385964870452881,5.743491172790527,6.275193214416504,23887560,0.0,0.0
2023-10-24 00:00:00+03:00,6.275193214416504,6.563199043273926,6.092421054840088,6.408119201660156,31414555,0.0,0.0
2023-10-25 00:00:00+03:00,6.502274990081787,7.045053958892822,6.374887943267822,7.045053958892822,48757505,0.0,0.0
2023-10-26 00:00:00+03:00,7.045053958892822,7.421676158905029,6.607507228851318,6.823511123657227,95690349,0.0,0.0
2023-10-27 00:00:00+03:00,6.806896209716797,7.039515018463135,6.646276950836182,6.9232048988342285,41048269,0.0,0.0
2023-10-30 00:00:00+03:00,6.84566593170166,7.006284236907959,6.6739702224731445,6.906589984893799,35252174,0.0,0.0
2023-10-31 00:00:00+03:00,6.906589984893799,7.089362144470215,6.507812976837158,6.507812976837158,37299518,0.0,0.0
2023-11-01 00:00:00+03:00,6.507812976837158,6.5908918380737305,5.865340232849121,5.926263809204102,30122984,0.0,0.0
2023-11-02 00:00:00+03:00,5.970571994781494,6.518889904022217,5.693644046783447,6.518889904022217,58021385,0.0,0.0
2023-11-03 00:00:00+03:00,6.352733135223389,6.4967360496521,6.19211483001709,6.286271095275879,19242512,0.0,0.0
2023-11-06 00:00:00+03:00,6.29180908203125,6.563199043273926,6.269655227661133,6.308424949645996,17907753,0.0,0.0
2023-11-07 00:00:00+03:00,6.313962936401367,6.518889904022217,6.219808101654053,6.29180908203125,20079317,0.0,0.0
2023-11-08 00:00:00+03:00,6.347195148468018,6.430273056030273,6.203192234039307,6.247500896453857,18987139,0.0,0.0
2023-11-09 00:00:00+03:00,6.225346088409424,6.696124076843262,6.169960975646973,6.219808101654053,27865874,0.0,0.0
2023-11-10 00:00:00+03:00,6.269655227661133,6.491197109222412,6.114574909210205,6.114574909210205,23389308,0.0,0.0
2023-11-13 00:00:00+03:00,6.169960975646973,6.269655227661133,6.025958061218262,6.025958061218262,16268492,0.0,0.0
2023-11-14 00:00:00+03:00,6.025958061218262,6.474582195281982,6.0038042068481445,6.319501876831055,44691903,0.0,0.0
2023-11-15 00:00:00+03:00,6.313962936401367,6.502274990081787,6.147806167602539,6.175498962402344,40332271,0.0,0.0
2023-11-16 00:00:00+03:00,6.169960975646973,6.302886009216309,6.0868821144104,6.109035968780518,19544341,0.0,0.0
2023-11-17 00:00:00+03:00,6.1034979820251465,6.435811996459961,6.1034979820251465,6.369349002838135,28061764,0.0,0.0
2023-11-20 00:00:00+03:00,6.391502857208252,6.779202938079834,6.391502857208252,6.651815891265869,18005440,0.0,0.0
2023-11-21 00:00:00+03:00,6.651815891265869,7.089362144470215,6.635200023651123,6.734893798828125,29252822,0.0,0.0
2023-11-22 00:00:00+03:00,6.757049083709717,6.795817852020264,6.419196128845215,6.485659122467041,21592101,0.0,0.0
2023-11-23 00:00:00+03:00,6.757049083709717,7.133670806884766,6.701663017272949,6.701663017272949,136253213,0.0,0.0
2023-11-24 00:00:00+03:00,6.734893798828125,6.834588050842285,6.125651836395264,6.363810062408447,37811086,0.0,0.0
2023-11-27 00:00:00+03:00,6.269655227661133,6.313962936401367,5.976110935211182,6.03703498840332,26468635,0.0,0.0
2023-11-28 00:00:00+03:00,6.03703498840332,6.313962936401367,5.649335861206055,5.649335861206055,36982830,0.0,0.0
2023-11-29 00:00:00+03:00,7.159999847412109,7.484000205993652,6.380000114440918,6.380000114440918,21489732,0.0,3.6110438
2023-11-30 00:00:00+03:00,6.119999885559082,6.328000068664551,5.9079999923706055,6.119999885559082,27155230,0.0,0.0
2023-12-01 00:00:00+03:00,6.099999904632568,6.099999904632568,5.808000087738037,5.992000102996826,17712217,0.0,0.0
2023-12-04 00:00:00+03:00,5.992000102996826,6.076000213623047,5.76800012588501,5.800000190734863,13110160,0.0,0.0
2023-12-05 00:00:00+03:00,5.820000171661377,6.380000114440918,5.791999816894531,5.98799991607666,47404587,0.0,0.0
2023-12-06 00:00:00+03:00,5.992000102996826,6.283999919891357,5.855999946594238,6.079999923706055,32660867,0.0,0.0
2023-12-07 00:00:00+03:00,6.079999923706055,6.099999904632568,5.803999900817871,5.9720001220703125,9524022,0.0,0.0
2023-12-08 00:00:00+03:00,5.9720001220703125,6.01200008392334,5.783999919891357,5.783999919891357,10542592,0.0,0.0
2023-12-11 00:00:00+03:00,5.783999919891357,5.863999843597412,5.515999794006348,5.5879998207092285,8569547,0.0,0.0
2023-12-12 00:00:00+03:00,5.624000072479248,5.75600004196167,5.5320000648498535,5.539999961853027,9111177,0.0,0.0
2023-12-13 00:00:00+03:00,5.584000110626221,5.584000110626221,5.168000221252441,5.184000015258789,7810510,0.0,0.0
2023-12-14 00:00:00+03:00,5.159999847412109,5.271999835968018,5.1479997634887695,5.199999809265137,9514342,0.0,0.0
2023-12-15 00:00:00+03:00,5.211999893188477,5.315999984741211,5.179999828338623,5.26800012588501,7167490,0.0,0.0
2023-12-18 00:00:00+03:00,5.263999938964844,5.296000003814697,4.900000095367432,4.900000095367432,6466287,0.0,0.0
2023-12-19 00:00:00+03:00,4.940000057220459,5.0,4.739999771118164,4.739999771118164,5942020,0.0,0.0
2023-12-20 00:00:00+03:00,4.739999771118164,4.815999984741211,4.559999942779541,4.584000110626221,4516507,0.0,0.0
2023-12-21 00:00:00+03:00,4.5879998207092285,4.684000015258789,4.535999774932861,4.567999839782715,5404510,0.0,0.0
2023-12-22 00:00:00+03:00,4.599999904632568,4.679999828338623,4.435999870300293,4.447999954223633,3759602,0.0,0.0
2023-12-25 00:00:00+03:00,4.420000076293945,4.420000076293945,4.004000186920166,4.004000186920166,11320250,0.0,0.0
2023-12-26 00:00:00+03:00,3.6600000858306885,3.859999895095825,3.6040000915527344,3.7200000286102295,54126832,0.0,0.0
2023-12-27 00:00:00+03:00,3.7200000286102295,3.9000000953674316,3.563999891281128,3.563999891281128,31775620,0.0,0.0
2023-12-28 00:00:00+03:00,3.559999942779541,3.7239999771118164,3.559999942779541,3.635999917984009,28435290,0.0,0.0
2023-12-29 00:00:00+03:00,3.6640000343322754,3.859999895095825,3.6040000915527344,3.7920000553131104,23796605,0.0,0.0
2024-01-02 00:00:00+03:00,3.871999979019165,4.111999988555908,3.799999952316284,4.035999774932861,18846840,0.0,0.0
2024-01-03 00:00:00+03:00,4.079999923706055,4.079999923706055,3.7239999771118164,3.7279999256134033,21603662,0.0,0.0
2024-01-04 00:00:00+03:00,3.799999952316284,3.8399999141693115,3.696000099182129,3.7720000743865967,13931520,0.0,0.0
2024-01-05 00:00:00+03:00,3.7920000553131104,3.9200000762939453,3.7679998874664307,3.8919999599456787,13037410,0.0,0.0
2024-01-08 00:00:00+03:00,3.9679999351501465,4.079999923706055,3.927999973297119,4.01200008392334,16947747,0.0,0.0
2024-01-09 00:00:00+03:00,4.039999961853027,4.059999942779541,3.7880001068115234,3.8559999465942383,14453855,0.0,0.0
2024-01-10 00:00:00+03:00,3.8480000495910645,3.944000005722046,3.815999984741211,3.8959999084472656,7483965,0.0,0.0
2024-01-11 00:00:00+03:00,3.9839999675750732,3.98799991607666,3.859999895095825,3.8959999084472656,9627882,0.0,0.0
2024-01-12 00:00:00+03:00,3.875999927520752,3.9719998836517334,3.799999952316284,3.9000000953674316,10929417,0.0,0.0
2024-01-15 00:00:00+03:00,3.9040000438690186,4.26800012588501,3.884000062942505,4.119999885559082,20203962,0.0,0.0
2024-01-16 00:00:00+03:00,4.131999969482422,4.191999912261963,4.047999858856201,4.0879998207092285,9874370,0.0,0.0
2024-01-17 00:00:00+03:00,4.084000110626221,4.0960001945495605,4.01200008392334,4.079999923706055,7207075,0.0,0.0
2024-01-18 00:00:00+03:00,4.079999923706055,4.388000011444092,4.079999923706055,4.119999885559082,26851487,0.0,0.0
2024-01-19 00:00:00+03:00,4.144000053405762,4.260000228881836,4.107999801635742,4.23199987411499,12058267,0.0,0.0
2024-01-22 00:00:00+03:00,4.25600004196167,4.388000011444092,4.208000183105469,4.388000011444092,12137225,0.0,0.0
2024-01-23 00:00:00+03:00,4.447999954223633,4.823999881744385,4.360000133514404,4.823999881744385,39959372,0.0,0.0
2024-01-24 00:00:00+03:00,5.039999961853027,5.119999885559082,4.788000106811523,4.880000114440918,36253747,0.0,0.0
2024-01-25 00:00:00+03:00,4.820000171661377,5.019999980926514,4.751999855041504,4.915999889373779,21587165,0.0,0.0
2024-01-26 00:00:00+03:00,4.927999973297119,5.019999980926514,4.880000114440918,4.980000019073486,11198415,0.0,0.0
2024-01-29 00:00:00+03:00,5.019999980926514,5.056000232696533,4.923999786376953,4.980000019073486,11809280,0.0,0.0
2024-01-30 00:00:00+03:00,4.980000019073486,5.131999969482422,4.964000225067139,5.0320000648498535,12867860,0.0,0.0
2024-01-31 00:00:00+03:00,5.035999774932861,5.3520002365112305,5.0,5.340000152587891,15725055,0.0,0.0
2024-02-01 00:00:00+03:00,5.340000152587891,5.47599983215332,5.28000020980835,5.4120001792907715,14546252,0.0,0.0
2024-02-02 00:00:00+03:00,5.4120001792907715,5.576000213623047,5.303999900817871,5.47599983215332,12777287,0.0,0.0
2024-02-05 00:00:00+03:00,5.423999786376953,5.5920000076293945,5.375999927520752,5.52400016784668,8861695,0.0,0.0
2024-02-06 00:00:00+03:00,5.52400016784668,5.708000183105469,5.47599983215332,5.631999969482422,9872740,0.0,0.0
2024-02-07 00:00:00+03:00,5.639999866485596,5.883999824523926,5.627999782562256,5.716000080108643,24410502,0.0,0.0
2024-02-08 00:00:00+03:00,5.728000164031982,5.872000217437744,5.564000129699707,5.656000137329102,15992997,0.0,0.0
2024-02-09 00:00:00+03:00,5.671999931335449,5.679999828338623,5.5,5.676000118255615,9129732,0.0,0.0
2024-02-12 00:00:00+03:00,5.679999828338623,5.796000003814697,5.559999942779541,5.599999904632568,14059997,0.0,0.0
2024-02-13 00:00:00+03:00,5.599999904632568,5.599999904632568,5.199999809265137,5.199999809265137,29119160,0.0,0.0
2024-02-14 00:00:00+03:00,5.199999809265137,5.263999938964844,5.084000110626221,5.263999938964844,15373240,0.0,0.0
2024-02-15 00:00:00+03:00,5.28000020980835,5.388000011444092,5.276000022888184,5.343999862670898,17385620,0.0,0.0
2024-02-16 00:00:00+03:00,5.375999927520752,5.432000160217285,5.23199987411499,5.360000133514404,16575092,0.0,0.0
2024-02-19 00:00:00+03:00,5.400000095367432,5.443999767303467,5.136000156402588,5.144000053405762,13080895,0.0,0.0
2024-02-20 00:00:00+03:00,5.184000015258789,5.199999809265137,5.079999923706055,5.124000072479248,11548052,0.0,0.0
2024-02-21 00:00:00+03:00,5.139999866485596,5.203999996185303,4.955999851226807,5.168000221252441,66438032,0.0,0.0
2024-02-22 00:00:00+03:00,5.28000020980835,5.684000015258789,5.199999809265137,5.684000015258789,169644787,0.0,0.0
2024-02-23 00:00:00+03:00,5.440000057220459,5.920000076293945,5.427999973297119,5.579999923706055,216515042,0.0,0.0
2024-02-26 00:00:00+03:00,5.760000228881836,6.136000156402588,5.607999801635742,6.136000156402588,88380227,0.0,0.0
2024-02-27 00:00:00+03:00,6.320000171661377,6.676000118255615,6.156000137329102,6.400000095367432,158323902,0.0,0.0
2024-02-28 00:00:00+03:00,6.639999866485596,6.800000190734863,6.007999897003174,6.159999847412109,88305095,0.0,0.0
2024-02-29 00:00:00+03:00,6.340000152587891,6.484000205993652,5.880000114440918,6.28000020980835,82833120,0.0,0.0
2024-03-01 00:00:00+03:00,6.452000141143799,6.788000106811523,6.392000198364258,6.5,57852870,0.0,0.0
2024-03-04 00:00:00+03:00,6.579999923706055,6.5920000076293945,6.139999866485596,6.139999866485596,43861012,0.0,0.0
2024-03-05 00:00:00+03:00,6.21999979019165,6.400000095367432,6.119999885559082,6.26800012588501,64367837,0.0,0.0
2024-03-06 00:00:00+03:00,6.26800012588501,6.28000020980835,5.751999855041504,5.823999881744385,33077317,0.0,0.0
2024-03-07 00:00:00+03:00,5.760000228881836,5.960000038146973,5.679999828338623,5.783999919891357,30216780,0.0,0.0
2024-03-08 00:00:00+03:00,5.791999816894531,5.992000102996826,5.504000186920166,5.895999908447266,40339917,0.0,0.0
2024-03-11 00:00:00+03:00,5.940000057220459,6.035999774932861,5.711999893188477,5.711999893188477,18221792,0.0,0.0
2024-03-12 00:00:00+03:00,5.716000080108643,5.716000080108643,5.4720001220703125,5.547999858856201,13759477,0.0,0.0
2024-03-13 00:00:00+03:00,5.567999839782715,5.811999797821045,5.335999965667725,5.627999782562256,21459497,0.0,0.0
2024-03-14 00:00:00+03:00,5.739999771118164,6.188000202178955,5.564000129699707,6.188000202178955,37564865,0.0,0.0
2024-03-15 00:00:00+03:00,6.420000076293945,6.73199987411499,6.188000202178955,6.239999771118164,54519382,0.0,0.0
2024-03-18 00:00:00+03:00,6.239999771118164,6.315999984741211,5.9120001792907715,5.940000057220459,17360855,0.0,0.0
2024-03-19 00:00:00+03:00,5.915999889373779,6.0920000076293945,5.78000020980835,5.97599983215332,14194875,0.0,0.0
2024-03-20 00:00:00+03:00,5.980000019073486,6.308000087738037,5.880000114440918,6.076000213623047,22492207,0.0,0.0
2024-03-21 00:00:00+03:00,6.079999923706055,6.199999809265137,5.800000190734863,5.943999767303467,16416295,0.0,0.0
2024-03-22 00:00:00+03:00,5.943999767303467,6.0960001945495605,5.880000114440918,5.943999767303467,13063102,0.0,0.0
2024-03-25 00:00:00+03:00,6.007999897003174,6.535999774932861,5.872000217437744,6.131999969482422,80708650,0.0,0.0
2024-03-26 00:00:00+03:00,6.107999801635742,6.368000030517578,5.927999973297119,6.303999900817871,38976670,0.0,0.0
2024-03-27 00:00:00+03:00,6.311999797821045,6.771999835968018,6.116000175476074,6.211999893188477,61209535,0.0,0.0
2024-03-28 00:00:00+03:00,6.199999809265137,6.688000202178955,6.164000034332275,6.460000038146973,36269837,0.0,0.0
2024-03-29 00:00:00+03:00,6.0,6.239999771118164,5.835999965667725,6.0960001945495605,80014757,0.0,0.0
2024-04-01 00:00:00+03:00,6.0960001945495605,6.168000221252441,5.6479997634887695,5.831999778747559,28293445,0.0,0.0
2024-04-02 00:00:00+03:00,5.920000076293945,5.960000038146973,5.5279998779296875,5.676000118255615,16951630,0.0,0.0
2024-04-03 00:00:00+03:00,5.664000034332275,5.863999843597412,5.5279998779296875,5.639999866485596,13890372,0.0,0.0
2024-04-04 00:00:00+03:00,5.699999809265137,5.9079999923706055,5.556000232696533,5.5879998207092285,17009190,0.0,0.0
2024-04-05 00:00:00+03:00,5.676000118255615,5.803999900817871,5.5920000076293945,5.6519999504089355,16034792,0.0,0.0
2024-04-08 00:00:00+03:00,5.659999847412109,6.02400016784668,5.659999847412109,5.97599983215332,18486525,0.0,0.0
2024-04-09 00:00:00+03:00,5.97599983215332,5.97599983215332,5.97599983215332,5.97599983215332,0,0.0,0.0
2024-04-15 00:00:00+03:00,6.059999942779541,6.679999828338623,5.923999786376953,6.679999828338623,34098167,0.0,0.0
2024-04-16 00:00:00+03:00,6.815999984741211,7.3480000495910645,6.763999938964844,7.3480000495910645,80940242,0.0,0.0
2024-04-17 00:00:00+03:00,7.604000091552734,8.079999923706055,7.355999946594238,7.564000129699707,113324300,0.0,0.0
2024-04-18 00:00:00+03:00,7.584000110626221,7.823999881744385,6.9039998054504395,7.119999885559082,66645090,0.0,0.0
2024-04-19 00:00:00+03:00,7.0879998207092285,7.831999778747559,7.0,7.831999778747559,47164860,0.0,0.0
2024-04-22 00:00:00+03:00,8.015999794006348,8.607999801635742,8.0,8.607999801635742,28502085,0.0,0.0
2024-04-24 00:00:00+03:00,9.064000129699707,9.46399974822998,8.208000183105469,8.399999618530273,92631672,0.0,0.0
2024-04-25 00:00:00+03:00,8.720000267028809,9.239999771118164,8.631999969482422,9.239999771118164,20303077,0.0,0.0
2024-04-26 00:00:00+03:00,9.815999984741211,10.15999984741211,9.095999717712402,10.15999984741211,129839850,0.0,0.0
2024-04-29 00:00:00+03:00,10.15999984741211,10.904000282287598,9.552000045776367,9.86400032043457,103887517,0.0,0.0
2024-04-30 00:00:00+03:00,9.871999740600586,10.368000030517578,9.567999839782715,9.847999572753906,51188015,0.0,0.0
2024-05-02 00:00:00+03:00,9.800000190734863,9.991999626159668,9.255999565124512,9.37600040435791,43277922,0.0,0.0
2024-05-03 00:00:00+03:00,9.37600040435791,9.807999610900879,9.13599967956543,9.192000389099121,23839700,0.0,0.0
2024-05-06 00:00:00+03:00,9.13599967956543,10.104000091552734,8.984000205993652,10.104000091552734,34994467,0.0,0.0
2024-05-07 00:00:00+03:00,10.104000091552734,10.960000038146973,9.800000190734863,10.640000343322754,21221765,0.0,0.0
2024-05-08 00:00:00+03:00,10.399999618530273,10.607999801635742,9.680000305175781,10.168000221252441,15729867,0.0,0.0
2024-05-09 00:00:00+03:00,10.079999923706055,10.407999992370605,9.583999633789062,9.984000205993652,9788292,0.0,0.0
2024-05-10 00:00:00+03:00,9.97599983215332,10.0,9.407999992370605,9.687999725341797,8516740,0.0,0.0
2024-05-13 00:00:00+03:00,9.359999656677246,9.680000305175781,9.279999732971191,9.35200023651123,7864912,0.0,0.0
2024-05-14 00:00:00+03:00,9.35200023651123,9.616000175476074,8.960000038146973,9.479999542236328,11439525,0.0,0.0
2024-05-15 00:00:00+03:00,9.319999694824219,9.48799991607666,9.119999885559082,9.272000312805176,9400820,0.0,0.0
2024-05-16 00:00:00+03:00,9.272000312805176,10.119999885559082,9.192000389099121,10.119999885559082,13667765,0.0,0.0
2024-05-17 00:00:00+03:00,10.119999885559082,10.776000022888184,9.616000175476074,10.319999694824219,16771267,0.0,0.0
2024-05-20 00:00:00+03:00,10.272000312805176,10.640000343322754,9.984000205993652,10.255999565124512,13933115,0.0,0.0
2024-05-21 00:00:00+03:00,10.279999732971191,10.727999687194824,9.800000190734863,10.472000122070312,17583595,0.0,0.0
2024-05-22 00:00:00+03:00,10.472000122070312,10.576000213623047,10.0,10.432000160217285,15599400,0.0,0.0
2024-05-23 00:00:00+03:00,10.239999771118164,10.32800006866455,10.02400016784668,10.031999588012695,10331210,0.0,0.0
2024-05-24 00:00:00+03:00,10.031999588012695,10.119999885559082,9.53600025177002,9.920000076293945,10787352,0.0,0.0
2024-05-27 00:00:00+03:00,9.887999534606934,9.928000450134277,9.5600004196167,9.736000061035156,4480432,0.0,0.0
2024-05-28 00:00:00+03:00,9.680000305175781,9.991999626159668,9.51200008392334,9.64799976348877,5001850,0.0,0.0
2024-05-29 00:00:00+03:00,9.656000137329102,9.800000190734863,9.520000457763672,9.576000213623047,4182795,0.0,0.0
2024-05-30 00:00:00+03:00,9.576000213623047,9.711999893188477,9.32800006866455,9.5600004196167,3735460,0.0,0.0
2024-05-31 00:00:00+03:00,9.663999557495117,9.784000396728516,9.5600004196167,9.736000061035156,3806815,0.0,0.0
2024-06-03 00:00:00+03:00,9.736000061035156,10.704000473022461,9.656000137329102,10.704000473022461,19484145,0.0,0.0
2024-06-04 00:00:00+03:00,10.687999725341797,11.600000381469727,10.37600040435791,10.791999816894531,15540697,0.0,0.0
2024-06-05 00:00:00+03:00,10.800000190734863,10.960000038146973,10.152000427246094,10.744000434875488,6844052,0.0,0.0
2024-06-06 00:00:00+03:00,10.479999542236328,11.239999771118164,10.407999992370605,10.807999610900879,5496635,0.0,0.0
2024-06-07 00:00:00+03:00,10.807999610900879,11.456000328063965,10.479999542236328,10.503999710083008,21728880,0.0,0.0
2024-06-10 00:00:00+03:00,10.432000160217285,10.960000038146973,9.911999702453613,10.15999984741211,12143967,0.0,0.0
2024-06-11 00:00:00+03:00,10.15999984741211,10.288000106811523,9.95199966430664,9.968000411987305,8984167,0.0,0.0
2024-06-12 00:00:00+03:00,9.960000038146973,10.15999984741211,9.552000045776367,9.616000175476074,13959932,0.0,0.0
2024-06-13 00:00:00+03:00,9.64799976348877,9.887999534606934,9.496000289916992,9.687999725341797,19729657,0.0,0.0
2024-06-14 00:00:00+03:00,9.904000282287598,10.5600004196167,9.727999687194824,9.871999740600586,26878780,0.0,0.0
2024-06-20 00:00:00+03:00,9.960000038146973,10.855999946594238,9.960000038146973,10.855999946594238,9385845,0.0,0.0
2024-06-21 00:00:00+03:00,10.855999946594238,11.640000343322754,10.855999946594238,10.935999870300293,42265192,0.0,0.0
2024-06-24 00:00:00+03:00,10.887999534606934,11.960000038146973,10.784000396728516,11.751999855041504,48753885,0.0,0.0
2024-06-25 00:00:00+03:00,11.904000282287598,11.960000038146973,11.35200023651123,11.35200023651123,20563847,0.0,0.0
2024-06-26 00:00:00+03:00,11.359999656677246,11.51200008392334,10.887999534606934,10.95199966430664,10086067,0.0,0.0
2024-06-27 00:00:00+03:00,10.960000038146973,11.631999969482422,10.935999870300293,11.13599967956543,14048265,0.0,0.0
2024-06-28 00:00:00+03:00,11.232000350952148,11.720000267028809,10.960000038146973,10.960000038146973,24866092,0.0,0.0
2024-07-01 00:00:00+03:00,11.02400016784668,11.279999732971191,10.112000465393066,10.32800006866455,16956547,0.0,0.0
2024-07-02 00:00:00+03:00,10.399999618530273,10.576000213623047,10.119999885559082,10.479999542236328,13039272,0.0,0.0
2024-07-03 00:00:00+03:00,10.527999877929688,10.760000228881836,10.279999732971191,10.279999732971191,11237185,0.0,0.0
2024-07-04 00:00:00+03:00,10.32800006866455,10.423999786376953,9.880000114440918,9.968000411987305,17408195,0.0,0.0
2024-07-05 00:00:00+03:00,10.079999923706055,10.392000198364258,9.935999870300293,9.97599983215332,17446282,0.0,0.0
2024-07-08 00:00:00+03:00,10.039999961853027,10.479999542236328,10.02400016784668,10.208000183105469,21347457,0.0,0.0
2024-07-09 00:00:00+03:00,10.239999771118164,10.607999801635742,10.04800033569336,10.144000053405762,17798435,0.0,0.0
2024-07-10 00:00:00+03:00,10.152000427246094,10.272000312805176,9.807999610900879,9.807999610900879,13804105,0.0,0.0
2024-07-11 00:00:00+03:00,9.847999572753906,10.104000091552734,9.847999572753906,10.0,11909777,0.0,0.0
2024-07-12 00:00:00+03:00,10.0,10.039999961853027,9.503999710083008,9.503999710083008,15681832,0.0,0.0
2024-07-16 00:00:00+03:00,9.552000045776367,9.760000228881836,9.343999862670898,9.359999656677246,13356490,0.0,0.0
2024-07-17 00:00:00+03:00,9.503999710083008,9.616000175476074,9.319999694824219,9.407999992370605,12262500,0.0,0.0
2024-07-18 00:00:00+03:00,9.407999992370605,9.720000267028809,9.32800006866455,9.368000030517578,15005167,0.0,0.0
2024-07-19 00:00:00+03:00,9.37600040435791,9.423999786376953,8.911999702453613,9.392000198364258,17700400,0.0,0.0
2024-07-22 00:00:00+03:00,9.4399995803833,9.67199993133545,9.239999771118164,9.399999618530273,18745012,0.0,0.0
2024-07-23 00:00:00+03:00,9.416000366210938,10.104000091552734,9.392000198364258,9.5600004196167,37556365,0.0,0.0
2024-07-24 00:00:00+03:00,9.503999710083008,9.871999740600586,9.416000366210938,9.51200008392334,18460945,0.0,0.0
2024-07-25 00:00:00+03:00,9.567999839782715,9.751999855041504,8.847999572753906,9.119999885559082,25920055,0.0,0.0
2024-07-26 00:00:00+03:00,9.119999885559082,9.223999977111816,8.904000282287598,8.960000038146973,12632485,0.0,0.0
2024-07-29 00:00:00+03:00,8.960000038146973,9.232000350952148,8.416000366210938,8.416000366210938,22356720,0.0,0.0
2024-07-30 00:00:00+03:00,8.48799991607666,8.704000473022461,8.319999694824219,8.319999694824219,15633482,0.0,0.0
2024-07-31 00:00:00+03:00,8.303999900817871,8.656000137329102,7.920000076293945,8.399999618530273,26711112,0.0,0.0
2024-08-01 00:00:00+03:00,8.51200008392334,9.239999771118164,8.51200008392334,9.239999771118164,24216327,0.0,0.0
2024-08-02 00:00:00+03:00,9.496000289916992,9.824000358581543,8.567999839782715,8.84000015258789,75379652,0.0,0.0
2024-08-05 00:00:00+03:00,8.15999984741211,8.472000122070312,8.088000297546387,8.199999809265137,18071755,0.0,0.0
2024-08-06 00:00:00+03:00,8.399999618530273,8.720000267028809,8.239999771118164,8.399999618530273,31458887,0.0,0.0
2024-08-07 00:00:00+03:00,8.479999542236328,8.576000213623047,8.055999755859375,8.272000312805176,14132835,0.0,0.0
2024-08-08 00:00:00+03:00,8.279999732971191,8.616000175476074,8.279999732971191,8.343999862670898,15337607,0.0,0.0
2024-08-09 00:00:00+03:00,8.399999618530273,8.520000457763672,8.02400016784668,8.02400016784668,9357332,0.0,0.0
2024-08-12 00:00:00+03:00,8.215999603271484,8.248000144958496,7.955999851226807,8.008000373840332,11245030,0.0,0.0
2024-08-13 00:00:00+03:00,8.0,8.32800006866455,7.947999954223633,8.079999923706055,14811062,0.0,0.0
2024-08-14 00:00:00+03:00,8.199999809265137,8.383999824523926,8.088000297546387,8.255999565124512,11508235,0.0,0.0
2024-08-15 00:00:00+03:00,8.255999565124512,8.359999656677246,7.855999946594238,8.279999732971191,15256250,0.0,0.0
2024-08-16 00:00:00+03:00,8.359999656677246,8.472000122070312,7.980000019073486,8.015999794006348,9873035,0.0,0.0
2024-08-19 00:00:00+03:00,8.071999549865723,8.576000213623047,7.927999973297119,8.32800006866455,16198810,0.0,0.0
2024-08-20 00:00:00+03:00,8.336000442504883,8.496000289916992,8.192000389099121,8.416000366210938,11556712,0.0,0.0
2024-08-21 00:00:00+03:00,8.447999954223633,8.552000045776367,8.239999771118164,8.263999938964844,10256610,0.0,0.0
2024-08-22 00:00:00+03:00,8.368000030517578,8.416000366210938,8.223999977111816,8.263999938964844,6460145,0.0,0.0
2024-08-23 00:00:00+03:00,8.288000106811523,8.383999824523926,8.104000091552734,8.192000389099121,11247400,0.0,0.0
2024-08-26 00:00:00+03:00,8.359999656677246,8.727999687194824,8.104000091552734,8.248000144958496,27579727,0.0,0.0
2024-08-27 00:00:00+03:00,8.319999694824219,8.567999839782715,8.184000015258789,8.53600025177002,21633970,0.0,0.0
2024-08-28 00:00:00+03:00,8.640000343322754,9.279999732971191,8.472000122070312,8.984000205993652,35767517,0.0,0.0
2024-08-29 00:00:00+03:00,8.991999626159668,9.112000465393066,8.791999816894531,9.064000129699707,11509215,0.0,0.0
2024-09-02 00:00:00+03:00,9.104000091552734,9.208000183105469,9.015999794006348,9.04800033569336,9276225,0.0,0.0
2024-09-03 00:00:00+03:00,9.064000129699707,9.343999862670898,9.039999961853027,9.184000015258789,10451960,0.0,0.0
2024-09-04 00:00:00+03:00,9.15999984741211,9.255999565124512,8.968000411987305,9.079999923706055,7633710,0.0,0.0
2024-09-05 00:00:00+03:00,9.15999984741211,9.543999671936035,9.15999984741211,9.319999694824219,13379155,0.0,0.0
2024-09-06 00:00:00+03:00,9.319999694824219,9.496000289916992,9.104000091552734,9.112000465393066,5758442,0.0,0.0
2024-09-09 00:00:00+03:00,9.079999923706055,9.15999984741211,8.640000343322754,8.720000267028809,11561020,0.0,0.0
2024-09-10 00:00:00+03:00,8.935999870300293,8.935999870300293,8.37600040435791,8.4399995803833,11377767,0.0,0.0
2024-09-11 00:00:00+03:00,8.472000122070312,8.520000457763672,8.15999984741211,8.15999984741211,6285985,0.0,0.0
2024-09-12 00:00:00+03:00,8.279999732971191,8.527999877929688,8.0,8.079999923706055,10673057,0.0,0.0
2024-09-13 00:00:00+03:00,8.128000259399414,8.46399974822998,8.104000091552734,8.399999618530273,9145150,0.0,0.0
2024-09-16 00:00:00+03:00,8.399999618530273,9.0,8.399999618530273,8.720000267028809,10217367,0.0,0.0
2024-09-17 00:00:00+03:00,8.800000190734863,8.95199966430664,8.592000007629395,8.84000015258789,8561737,0.0,0.0
2024-09-18 00:00:00+03:00,8.831999778747559,8.944000244140625,8.520000457763672,8.600000381469727,7780332,0.0,0.0
2024-09-19 00:00:00+03:00,8.64799976348877,8.97599983215332,8.592000007629395,8.640000343322754,11974437,0.0,0.0
2024-09-20 00:00:00+03:00,8.640000343322754,8.727999687194824,8.567999839782715,8.640000343322754,5314357,0.0,0.0
2024-09-23 00:00:00+03:00,8.895999908447266,8.95199966430664,8.67199993133545,8.84000015258789,10533185,0.0,0.0
2024-09-24 00:00:00+03:00,8.855999946594238,8.991999626159668,8.680000305175781,8.680000305175781,8843920,0.0,0.0
2024-09-25 00:00:00+03:00,8.760000228881836,8.776000022888184,8.447999954223633,8.496000289916992,9001537,0.0,0.0
2024-09-26 00:00:00+03:00,8.496000289916992,8.751999855041504,8.472000122070312,8.527999877929688,9454535,0.0,0.0
2024-09-27 00:00:00+03:00,8.616000175476074,8.800000190734863,8.503999710083008,8.711999893188477,10851712,0.0,0.0
2024-09-30 00:00:00+03:00,8.807999610900879,8.935999870300293,8.62399959564209,8.815999984741211,12880607,0.0,0.0
2024-10-01 00:00:00+03:00,8.855999946594238,8.855999946594238,8.079999923706055,8.168000221252441,11648005,0.0,0.0
2024-10-02 00:00:00+03:00,8.255999565124512,8.35200023651123,7.576000213623047,7.960000038146973,13575167,0.0,0.0
2024-10-03 00:00:00+03:00,8.239999771118164,8.319999694824219,7.9039998054504395,8.272000312805176,9402017,0.0,0.0
2024-10-04 00:00:00+03:00,8.312000274658203,8.368000030517578,8.232000350952148,8.263999938964844,5762832,0.0,0.0
2024-10-07 00:00:00+03:00,8.279999732971191,8.720000267028809,8.215999603271484,8.399999618530273,120610347,0.0,0.0
2024-10-08 00:00:00+03:00,8.4399995803833,8.503999710083008,8.168000221252441,8.392000198364258,10844445,0.0,0.0
2024-10-09 00:00:00+03:00,8.399999618530273,9.055999755859375,8.32800006866455,8.928000450134277,14526950,0.0,0.0
2024-10-10 00:00:00+03:00,8.920000076293945,9.0,8.055999755859375,8.239999771118164,9522915,0.0,0.0
2024-10-11 00:00:00+03:00,8.288000106811523,8.503999710083008,7.415999889373779,8.064000129699707,78790862,0.0,0.0
2024-10-14 00:00:00+03:00,8.064000129699707,8.152000427246094,7.607999801635742,8.055999755859375,15966997,0.0,0.0
2024-10-15 00:00:00+03:00,8.079999923706055,8.208000183105469,7.872000217437744,8.039999961853027,13262230,0.0,0.0
2024-10-16 00:00:00+03:00,8.031999588012695,8.071999549865723,7.900000095367432,8.02400016784668,6783562,0.0,0.0
2024-10-17 00:00:00+03:00,8.02400016784668,8.272000312805176,7.964000225067139,8.079999923706055,7515437,0.0,0.0
2024-10-18 00:00:00+03:00,8.128000259399414,8.199999809265137,7.9079999923706055,8.039999961853027,5530437,0.0,0.0
2024-10-21 00:00:00+03:00,8.039999961853027,8.095999717712402,7.964000225067139,7.964000225067139,3727365,0.0,0.0
2024-10-22 00:00:00+03:00,7.984000205993652,8.192000389099121,7.984000205993652,8.079999923706055,7118672,0.0,0.0
2024-10-23 00:00:00+03:00,8.119999885559082,8.215999603271484,8.0,8.039999961853027,10170095,0.0,0.0
2024-10-24 00:00:00+03:00,8.192000389099121,8.199999809265137,7.995999813079834,8.128000259399414,5295212,0.0,0.0
2024-10-25 00:00:00+03:00,8.128000259399414,8.184000015258789,7.995999813079834,8.104000091552734,4604077,0.0,0.0
2024-10-28 00:00:00+03:00,8.119999885559082,8.13599967956543,8.015999794006348,8.02400016784668,2133090,0.0,0.0
2024-10-30 00:00:00+03:00,8.02400016784668,8.4399995803833,7.960000038146973,8.295999526977539,12717627,0.0,0.0
2024-10-31 00:00:00+03:00,8.303999900817871,8.399999618530273,8.15999984741211,8.168000221252441,4327902,0.0,0.0
2024-11-01 00:00:00+03:00,8.223999977111816,8.272000312805176,7.984000205993652,8.0,5374590,0.0,0.0
2024-11-04 00:00:00+03:00,8.0,8.055999755859375,7.800000190734863,7.843999862670898,4616697,0.0,0.0
2024-11-05 00:00:00+03:00,7.863999843597412,8.04800033569336,7.711999893188477,7.843999862670898,2732600,0.0,0.0
2024-11-06 00:00:00+03:00,7.9039998054504395,8.039999961853027,7.788000106811523,7.8480000495910645,5480727,0.0,0.0
2024-11-07 00:00:00+03:00,7.8520002365112305,7.952000141143799,7.723999977111816,7.883999824523926,4847372,0.0,0.0
2024-11-08 00:00:00+03:00,7.883999824523926,7.955999851226807,7.760000228881836,7.955999851226807,3332855,0.0,0.0
2024-11-11 00:00:00+03:00,7.955999851226807,8.272000312805176,7.955999851226807,8.064000129699707,7648685,0.0,0.0
2024-11-12 00:00:00+03:00,8.064000129699707,8.184000015258789,7.932000160217285,7.932000160217285,5043832,0.0,0.0
2024-11-13 00:00:00+03:00,7.920000076293945,8.104000091552734,7.74399995803833,7.748000144958496,4697140,0.0,0.0
2024-11-14 00:00:00+03:00,7.751999855041504,8.079999923706055,7.751999855041504,7.995999813079834,6658975,0.0,0.0
2024-11-15 00:00:00+03:00,8.015999794006348,8.112000465393066,7.940000057220459,7.955999851226807,3689095,0.0,0.0
2024-11-18 00:00:00+03:00,7.955999851226807,8.031999588012695,7.783999919891357,7.8520002365112305,5821485,0.0,0.0
2024-11-19 00:00:00+03:00,7.863999843597412,7.9079999923706055,7.584000110626221,7.656000137329102,6519625,0.0,0.0
2024-11-20 00:00:00+03:00,7.664000034332275,7.760000228881836,7.288000106811523,7.668000221252441,7083140,0.0,0.0
2024-11-21 00:00:00+03:00,7.6479997634887695,7.820000171661377,7.5,7.751999855041504,6302357,0.0,0.0
2024-11-22 00:00:00+03:00,7.791999816894531,7.791999816894531,7.556000232696533,7.671999931335449,4974972,0.0,0.0
2024-11-25 00:00:00+03:00,7.671999931335449,7.74399995803833,7.604000091552734,7.671999931335449,7471402,0.0,0.0
2024-11-26 00:00:00+03:00,7.684000015258789,7.771999835968018,7.539999961853027,7.619999885559082,7442807,0.0,0.0
2024-11-27 00:00:00+03:00,7.671999931335449,7.696000099182129,7.52400016784668,7.52400016784668,5694742,0.0,0.0
2024-11-28 00:00:00+03:00,7.5279998779296875,7.760000228881836,7.455999851226807,7.599999904632568,10678547,0.0,0.0
2024-11-29 00:00:00+03:00,7.599999904632568,7.664000034332275,7.504000186920166,7.619999885559082,7032415,0.0,0.0
2024-12-02 00:00:00+03:00,7.6519999504089355,7.656000137329102,7.519999980926514,7.599999904632568,5457442,0.0,0.0
2024-12-03 00:00:00+03:00,7.644000053405762,7.696000099182129,7.584000110626221,7.656000137329102,6468395,0.0,0.0
2024-12-04 00:00:00+03:00,7.659999847412109,7.688000202178955,7.576000213623047,7.636000156402588,5920647,0.0,0.0
2024-12-05 00:00:00+03:00,7.659999847412109,7.671999931335449,7.567999839782715,7.579999923706055,5391072,0.0,0.0
2024-12-06 00:00:00+03:00,7.5960001945495605,7.656000137329102,7.552000045776367,7.619999885559082,7280125,0.0,0.0
2024-12-09 00:00:00+03:00,7.736000061035156,7.895999908447266,7.708000183105469,7.739999771118164,19935942,0.0,0.0
2024-12-10 00:00:00+03:00,7.739999771118164,7.9120001792907715,7.636000156402588,7.644000053405762,10787050,0.0,0.0
2024-12-11 00:00:00+03:00,7.611999988555908,8.407999992370605,7.440000057220459,8.359999656677246,29392477,0.0,0.0
2024-12-12 00:00:00+03:00,8.407999992370605,8.727999687194824,8.175999641418457,8.263999938964844,27163055,0.0,0.0
2024-12-13 00:00:00+03:00,7.868000030517578,8.119999885559082,7.860000133514404,7.915999889373779,14889530,0.0,0.0
2024-12-16 00:00:00+03:00,7.935999870300293,8.312000274658203,7.935999870300293,8.039999961853027,10842805,0.0,0.0
2024-12-17 00:00:00+03:00,8.055999755859375,8.119999885559082,7.8480000495910645,8.079999923706055,6768422,0.0,0.0
2024-12-18 00:00:00+03:00,8.071999549865723,8.088000297546387,7.703999996185303,7.703999996185303,6353995,0.0,0.0
2024-12-19 00:00:00+03:00,7.679999828338623,7.73199987411499,7.5920000076293945,7.5920000076293945,4384897,0.0,0.0
2024-12-20 00:00:00+03:00,7.627999782562256,7.984000205993652,7.567999839782715,7.71999979019165,12757742,0.0,0.0
2024-12-23 00:00:00+03:00,7.739999771118164,8.04800033569336,7.73199987411499,7.739999771118164,10622610,0.0,0.0
2024-12-24 00:00:00+03:00,7.78000020980835,7.900000095367432,7.624000072479248,7.691999912261963,6293465,0.0,0.0
2024-12-25 00:00:00+03:00,7.696000099182129,7.74399995803833,7.400000095367432,7.639999866485596,10630547,0.0,0.0
2024-12-26 00:00:00+03:00,7.679999828338623,7.796000003814697,7.664000034332275,7.679999828338623,7807707,0.0,0.0
2024-12-27 00:00:00+03:00,7.711999893188477,7.78000020980835,7.584000110626221,7.584000110626221,6917857,0.0,0.0
2024-12-30 00:00:00+03:00,7.584000110626221,8.192000389099121,7.544000148773193,7.840000152587891,36962792,0.0,0.0
2024-12-31 00:00:00+03:00,7.823999881744385,8.031999588012695,7.611999988555908,7.699999809265137,16320252,0.0,0.0
2025-01-02 00:00:00+03:00,7.739999771118164,8.46399974822998,7.699999809265137,8.46399974822998,43774210,0.0,0.0
2025-01-03 00:00:00+03:00,8.503999710083008,8.847999572753906,8.295999526977539,8.4399995803833,30017567,0.0,0.0
2025-01-06 00:00:00+03:00,8.520000457763672,8.895999908447266,8.520000457763672,8.527999877929688,13098770,0.0,0.0
2025-01-07 00:00:00+03:00,8.53600025177002,9.37600040435791,8.503999710083008,9.37600040435791,25719650,0.0,0.0
2025-01-08 00:00:00+03:00,9.600000381469727,9.784000396728516,9.175999641418457,9.239999771118164,39230817,0.0,0.0
2025-01-09 00:00:00+03:00,9.312000274658203,9.680000305175781,9.272000312805176,9.35200023651123,19746632,0.0,0.0
2025-01-10 00:00:00+03:00,9.392000198364258,9.48799991607666,9.199999809265137,9.432000160217285,8961552,0.0,0.0
2025-01-13 00:00:00+03:00,9.447999954223633,9.520000457763672,9.199999809265137,9.208000183105469,9113247,0.0,0.0
2025-01-14 00:00:00+03:00,9.319999694824219,9.51200008392334,9.119999885559082,9.319999694824219,7994537,0.0,0.0
2025-01-15 00:00:00+03:00,9.392000198364258,9.407999992370605,9.0,9.055999755859375,7559142,0.0,0.0
2025-01-16 00:00:00+03:00,9.104000091552734,9.312000274658203,9.02400016784668,9.208000183105469,7861242,0.0,0.0
2025-01-17 00:00:00+03:00,9.215999603271484,9.432000160217285,9.055999755859375,9.239999771118164,8745972,0.0,0.0
2025-01-20 00:00:00+03:00,9.279999732971191,9.319999694824219,8.911999702453613,8.944000244140625,10012817,0.0,0.0
2025-01-21 00:00:00+03:00,8.944000244140625,9.119999885559082,8.824000358581543,8.911999702453613,6685352,0.0,0.0
2025-01-22 00:00:00+03:00,8.84000015258789,9.175999641418457,8.84000015258789,9.064000129699707,8031192,0.0,0.0
2025-01-23 00:00:00+03:00,9.184000015258789,9.62399959564209,9.175999641418457,9.399999618530273,18057937,0.0,0.0
2025-01-24 00:00:00+03:00,9.399999618530273,9.583999633789062,9.255999565124512,9.416000366210938,10762040,0.0,0.0
2025-01-27 00:00:00+03:00,9.359999656677246,9.711999893188477,9.359999656677246,9.46399974822998,11727272,0.0,0.0
2025-01-28 00:00:00+03:00,9.48799991607666,9.527999877929688,9.223999977111816,9.399999618530273,7947180,0.0,0.0
2025-01-29 00:00:00+03:00,9.399999618530273,9.784000396728516,9.255999565124512,9.295999526977539,9325967,0.0,0.0
2025-01-30 00:00:00+03:00,9.399999618530273,9.399999618530273,9.04800033569336,9.152000427246094,5221480,0.0,0.0
2025-01-31 00:00:00+03:00,9.152000427246094,9.279999732971191,9.02400016784668,9.199999809265137,4145255,0.0,0.0
2025-02-03 00:00:00+03:00,9.184000015258789,9.295999526977539,8.97599983215332,9.031999588012695,6405990,0.0,0.0
2025-02-04 00:00:00+03:00,9.055999755859375,9.263999938964844,9.04800033569336,9.128000259399414,7027022,0.0,0.0
2025-02-05 00:00:00+03:00,9.144000053405762,9.279999732971191,9.0,9.15999984741211,8597275,0.0,0.0
2025-02-06 00:00:00+03:00,9.168000221252441,9.4399995803833,9.119999885559082,9.359999656677246,7158100,0.0,0.0
2025-02-07 00:00:00+03:00,9.359999656677246,9.543999671936035,9.071999549865723,9.079999923706055,8372950,0.0,0.0
2025-02-10 00:00:00+03:00,9.119999885559082,9.239999771118164,9.02400016784668,9.192000389099121,5817550,0.0,0.0
2025-02-11 00:00:00+03:00,9.239999771118164,9.319999694824219,9.064000129699707,9.104000091552734,5968242,0.0,0.0
2025-02-12 00:00:00+03:00,9.15999984741211,9.32800006866455,9.119999885559082,9.215999603271484,7764822,0.0,0.0
2025-02-13 00:00:00+03:00,9.272000312805176,9.496000289916992,9.04800033569336,9.336000442504883,11767460,0.0,0.0
2025-02-14 00:00:00+03:00,9.279999732971191,10.199999809265137,9.232000350952148,9.984000205993652,29946190,0.0,0.0
2025-02-17 00:00:00+03:00,10.02400016784668,10.720000267028809,10.0,10.576000213623047,27318262,0.0,0.0
2025-02-18 00:00:00+03:00,10.640000343322754,10.791999816894531,10.479999542236328,10.576000213623047,11644317,0.0,0.0
2025-02-19 00:00:00+03:00,10.576000213623047,10.800000190734863,10.520000457763672,10.607999801635742,9367912,0.0,0.0
2025-02-20 00:00:00+03:00,10.640000343322754,10.968000411987305,10.399999618530273,10.86400032043457,10346330,0.0,0.0
2025-02-21 00:00:00+03:00,10.86400032043457,11.008000373840332,10.479999542236328,10.727999687194824,16734415,0.0,0.0
2025-02-24 00:00:00+03:00,10.791999816894531,11.295999526977539,10.600000381469727,10.911999702453613,31096042,0.0,0.0
2025-02-25 00:00:00+03:00,11.055999755859375,11.104000091552734,10.663999557495117,10.663999557495117,8428182,0.0,0.0
2025-02-26 00:00:00+03:00,10.736000061035156,11.071999549865723,10.319999694824219,10.416000366210938,17321532,0.0,0.0
2025-02-27 00:00:00+03:00,10.479999542236328,10.911999702453613,10.399999618530273,10.496000289916992,14753530,0.0,0.0
2025-02-28 00:00:00+03:00,10.552000045776367,10.711999893188477,10.031999588012695,10.383999824523926,14050992,0.0,0.0
2025-03-03 00:00:00+03:00,10.383999824523926,10.815999984741211,9.935999870300293,9.960000038146973,15602587,0.0,0.0
2025-03-04 00:00:00+03:00,9.97599983215332,10.13599967956543,9.800000190734863,9.960000038146973,9038155,0.0,0.0
2025-03-05 00:00:00+03:00,10.008000373840332,10.119999885559082,9.503999710083008,9.711999893188477,12300195,0.0,0.0
2025-03-06 00:00:00+03:00,9.744000434875488,10.055999755859375,9.67199993133545,9.928000450134277,7688787,0.0,0.0
2025-03-07 00:00:00+03:00,9.928000450134277,10.895999908447266,9.800000190734863,10.880000114440918,61637172,0.0,0.0
2025-03-10 00:00:00+03:00,10.880000114440918,11.255999565124512,10.800000190734863,11.02400016784668,14205792,0.0,0.0
2025-03-11 00:00:00+03:00,11.04800033569336,11.144000053405762,10.53600025177002,10.95199966430664,13589385,0.0,0.0
2025-03-12 00:00:00+03:00,10.800000190734863,11.503999710083008,10.592000007629395,11.008000373840332,83088612,0.0,0.0
2025-03-13 00:00:00+03:00,11.144000053405762,11.711999893188477,11.13599967956543,11.447999954223633,18725720,0.0,0.0
2025-03-14 00:00:00+03:00,11.567999839782715,11.680000305175781,11.208000183105469,11.359999656677246,11145852,0.0,0.0
2025-03-17 00:00:00+03:00,11.368000030517578,11.67199993133545,11.232000350952148,11.4399995803833,11736712,0.0,0.0
2025-03-18 00:00:00+03:00,11.392000198364258,11.871999740600586,11.279999732971191,11.800000190734863,53208617,0.0,0.0
2025-03-19 00:00:00+03:00,11.35200023651123,11.46399974822998,10.800000190734863,11.112000465393066,22196415,0.0,0.0
2025-03-20 00:00:00+03:00,10.84000015258789,11.51200008392334,10.807999610900879,11.079999923706055,14519325,0.0,0.0
2025-03-21 00:00:00+03:00,11.192000389099121,11.199999809265137,9.97599983215332,10.239999771118164,11840962,0.0,0.0
2025-03-24 00:00:00+03:00,10.0,10.800000190734863,9.984000205993652,10.312000274658203,11549055,0.0,0.0
2025-03-25 00:00:00+03:00,10.399999618530273,10.720000267028809,10.399999618530273,10.479999542236328,6798132,0.0,0.0
2025-03-26 00:00:00+03:00,10.543999671936035,10.767999649047852,10.319999694824219,10.399999618530273,9346245,0.0,0.0
2025-03-27 00:00:00+03:00,10.552000045776367,11.35200023651123,10.48799991607666,11.119999885559082,12540937,0.0,0.0
2025-03-28 00:00:00+03:00,11.232000350952148,11.4399995803833,10.84000015258789,11.199999809265137,11530307,0.0,0.0
2025-04-02 00:00:00+03:00,11.199999809265137,11.904000282287598,11.199999809265137,11.727999687194824,14291550,0.0,0.0
2025-04-03 00:00:00+03:00,11.736000061035156,12.04800033569336,11.720000267028809,11.736000061035156,7585022,0.0,0.0
2025-04-04 00:00:00+03:00,11.847999572753906,12.0,11.640000343322754,11.656000137329102,7102745,0.0,0.0
2025-04-07 00:00:00+03:00,11.583999633789062,11.807999610900879,11.343999862670898,11.767999649047852,8248237,0.0,0.0
2025-04-08 00:00:00+03:00,11.880000114440918,12.175999641418457,11.824000358581543,12.0,9964405,0.0,0.0
2025-04-09 00:00:00+03:00,11.97599983215332,12.119999885559082,11.392000198364258,11.4399995803833,10044980,0.0,0.0
2025-04-10 00:00:00+03:00,11.680000305175781,11.928000450134277,11.520000457763672,11.520000457763672,6722522,0.0,0.0
2025-04-11 00:00:00+03:00,11.631999969482422,12.064000129699707,11.416000366210938,11.887999534606934,10901117,0.0,0.0
2025-04-14 00:00:00+03:00,12.0,12.144000053405762,11.552000045776367,12.04800033569336,8891347,0.0,0.0
2025-04-15 00:00:00+03:00,12.15999984741211,12.15999984741211,11.680000305175781,11.680000305175781,8804915,0.0,0.0
2025-04-16 00:00:00+03:00,11.687999725341797,11.784000396728516,11.119999885559082,11.119999885559082,7279197,0.0,0.0
2025-04-17 00:00:00+03:00,11.223999977111816,11.399999618530273,11.13599967956543,11.263999938964844,6091950,0.0,0.0
2025-04-18 00:00:00+03:00,11.263999938964844,11.67199993133545,11.263999938964844,11.392000198364258,6287462,0.0,0.0
2025-04-21 00:00:00+03:00,11.4399995803833,11.600000381469727,11.208000183105469,11.272000312805176,5128442,0.0,0.0
2025-04-22 00:00:00+03:00,11.272000312805176,11.37600040435791,10.736000061035156,10.767999649047852,6635155,0.0,0.0
2025-04-24 00:00:00+03:00,10.760000228881836,10.944000244140625,10.5600004196167,10.800000190734863,6094300,0.0,0.0
2025-04-25 00:00:00+03:00,10.84000015258789,10.984000205993652,10.496000289916992,10.84000015258789,10712480,0.0,0.0
2025-04-28 00:00:00+03:00,10.86400032043457,10.968000411987305,10.600000381469727,10.760000228881836,6461357,0.0,0.0
2025-04-29 00:00:00+03:00,10.727999687194824,10.887999534606934,10.687999725341797,10.84000015258789,4297557,0.0,0.0
2025-04-30 00:00:00+03:00,10.855999946594238,10.968000411987305,10.343999862670898,10.640000343322754,4656772,0.0,0.0
2025-05-02 00:00:00+03:00,10.760000228881836,10.944000244140625,10.576000213623047,10.847999572753906,7053510,0.0,0.0
2025-05-05 00:00:00+03:00,10.920000076293945,11.079999923706055,10.760000228881836,10.855999946594238,7975112,0.0,0.0
2025-05-06 00:00:00+03:00,10.855999946594238,11.15999984741211,10.784000396728516,10.991999626159668,10602985,0.0,0.0
2025-05-07 00:00:00+03:00,10.991999626159668,11.119999885559082,10.95199966430664,11.02400016784668,4517347,0.0,0.0
2025-05-08 00:00:00+03:00,11.04800033569336,11.239999771118164,10.968000411987305,11.071999549865723,3625305,0.0,0.0
2025-05-09 00:00:00+03:00,11.055999755859375,11.272000312805176,10.97599983215332,11.239999771118164,6664757,0.0,0.0
2025-05-12 00:00:00+03:00,11.295999526977539,11.720000267028809,11.015999794006348,11.51200008392334,14024935,0.0,0.0
2025-05-13 00:00:00+03:00,11.51200008392334,11.904000282287598,11.336000442504883,11.62399959564209,9569502,0.0,0.0
2025-05-14 00:00:00+03:00,11.62399959564209,12.008000373840332,11.336000442504883,11.824000358581543,14038255,0.0,0.0
2025-05-15 00:00:00+03:00,11.944000244140625,12.392000198364258,11.776000022888184,12.199999809265137,9791372,0.0,0.0
2025-05-16 00:00:00+03:00,12.199999809265137,13.336000442504883,12.192000389099121,13.215999603271484,22529682,0.0,0.0
2025-05-20 00:00:00+03:00,13.208000183105469,13.904000282287598,12.696000099182129,13.46399974822998,18740402,0.0,0.0
2025-05-21 00:00:00+03:00,13.37600040435791,13.84000015258789,13.095999717712402,13.583999633789062,20544105,0.0,0.0
2025-05-22 00:00:00+03:00,13.600000381469727,13.880000114440918,13.319999694824219,13.51200008392334,12857985,0.0,0.0
2025-05-23 00:00:00+03:00,13.503999710083008,13.815999984741211,13.407999992370605,13.53600025177002,118298210,0.0,0.0
2025-05-26 00:00:00+03:00,13.520000457763672,13.663999557495117,13.119999885559082,13.527999877929688,57336550,0.0,0.0
2025-05-27 00:00:00+03:00,13.640000343322754,13.760000228881836,13.104000091552734,13.104000091552734,12560575,0.0,0.0
2025-05-28 00:00:00+03:00,13.095999717712402,13.319999694824219,12.815999984741211,13.0,7415162,0.0,0.0
2025-05-29 00:00:00+03:00,13.015999794006348,13.407999992370605,12.407999992370605,13.088000297546387,10589582,0.0,0.0
2025-05-30 00:00:00+03:00,13.088000297546387,13.711999893188477,12.880000114440918,13.576000213623047,19256832,0.0,0.0
2025-06-02 00:00:00+03:00,13.600000381469727,14.192000389099121,13.4399995803833,13.4399995803833,11491420,0.0,0.0
2025-06-03 00:00:00+03:00,13.472000122070312,14.144000053405762,13.472000122070312,13.935999870300293,61410442,0.0,0.0
2025-06-04 00:00:00+03:00,13.960000038146973,14.520000457763672,13.616000175476074,14.0,33097855,0.0,0.0
2025-06-05 00:00:00+03:00,14.031999588012695,14.343999862670898,13.944000244140625,14.008000373840332,14270960,0.0,0.0
2025-06-10 00:00:00+03:00,14.04800033569336,14.5600004196167,14.04800033569336,14.255999565124512,7542157,0.0,0.0
2025-06-11 00:00:00+03:00,14.295999526977539,14.343999862670898,14.04800033569336,14.263999938964844,54049350,0.0,0.0
2025-06-12 00:00:00+03:00,14.215999603271484,14.359999656677246,13.831999778747559,14.039999961853027,8321762,0.0,0.0
2025-06-13 00:00:00+03:00,13.0,14.039999961853027,12.800000190734863,13.0,11065125,0.0,0.0
2025-06-16 00:00:00+03:00,13.0,13.37600040435791,12.847999572753906,13.15999984741211,7820970,0.0,0.0
2025-06-17 00:00:00+03:00,13.32800006866455,13.960000038146973,12.95199966430664,13.847999572753906,28157292,0.0,0.0
2025-06-18 00:00:00+03:00,13.84000015258789,13.895999908447266,13.168000221252441,13.232000350952148,10220287,0.0,0.0
2025-06-19 00:00:00+03:00,13.399999618530273,13.520000457763672,13.095999717712402,13.199999809265137,79420357,0.0,0.0
2025-06-20 00:00:00+03:00,13.199999809265137,13.479999542236328,12.543999671936035,12.543999671936035,9381477,0.0,0.0
2025-06-23 00:00:00+03:00,12.359999656677246,13.008000373840332,11.935999870300293,12.680000305175781,9620987,0.0,0.0
2025-06-24 00:00:00+03:00,12.767999649047852,13.53600025177002,12.767999649047852,13.4399995803833,80011892,0.0,0.0
2025-06-25 00:00:00+03:00,13.4399995803833,13.751999855041504,13.199999809265137,13.51200008392334,27904552,0.0,0.0
2025-06-26 00:00:00+03:00,13.520000457763672,13.616000175476074,13.319999694824219,13.35200023651123,9763927,0.0,0.0
2025-06-27 00:00:00+03:00,13.35200023651123,13.920000076293945,12.760000228881836,13.496000289916992,13487085,0.0,0.0
2025-06-30 00:00:00+03:00,13.496000289916992,13.687999725341797,13.055999755859375,13.104000091552734,14407382,0.0,0.0
2025-07-01 00:00:00+03:00,13.175999641418457,13.319999694824219,12.86400032043457,13.119999885559082,9427492,0.0,0.0
2025-07-02 00:00:00+03:00,13.119999885559082,13.847999572753906,13.008000373840332,13.616000175476074,11546397,0.0,0.0
2025-07-03 00:00:00+03:00,13.680000305175781,13.751999855041504,13.192000389099121,13.192000389099121,8364730,0.0,0.0
2025-07-04 00:00:00+03:00,13.215999603271484,13.35200023651123,13.0,13.199999809265137,6062255,0.0,0.0
2025-07-07 00:00:00+03:00,13.279999732971191,13.423999786376953,12.880000114440918,13.104000091552734,5659452,0.0,0.0
2025-07-08 00:00:00+03:00,13.168000221252441,13.95199966430664,13.071999549865723,13.687999725341797,19180915,0.0,0.0
2025-07-09 00:00:00+03:00,13.680000305175781,13.824000358581543,13.336000442504883,13.520000457763672,11084987,0.0,0.0
2025-07-10 00:00:00+03:00,13.576000213623047,14.800000190734863,13.336000442504883,14.336000442504883,23871462,0.0,0.0
2025-07-11 00:00:00+03:00,14.368000030517578,15.232000350952148,14.199999809265137,15.152000427246094,18052790,0.0,0.0
2025-07-14 00:00:00+03:00,15.008000373840332,15.184000015258789,14.503999710083008,14.520000457763672,14268222,0.0,0.0
2025-07-16 00:00:00+03:00,14.520000457763672,14.895999908447266,14.248000144958496,14.35200023651123,13846705,0.0,0.0
2025-07-17 00:00:00+03:00,14.399999618530273,14.680000305175781,14.175999641418457,14.223999977111816,13530410,0.0,0.0
2025-07-18 00:00:00+03:00,14.223999977111816,15.288000106811523,14.168000221252441,15.119999885559082,15930362,0.0,0.0
2025-07-21 00:00:00+03:00,15.199999809265137,16.631999969482422,15.119999885559082,16.23200035095215,35252052,0.0,0.0
2025-07-22 00:00:00+03:00,16.040000915527344,16.784000396728516,16.031999588012695,16.152000427246094,12867880,0.0,0.0
2025-07-23 00:00:00+03:00,16.007999420166016,16.743999481201172,16.007999420166016,16.368000030517578,8813280,0.0,0.0
2025-07-24 00:00:00+03:00,16.239999771118164,16.75200080871582,16.239999771118164,16.520000457763672,5360122,0.0,0.0
2025-07-25 00:00:00+03:00,16.43199920654297,16.968000411987305,16.079999923706055,16.09600067138672,9342775,0.0,0.0
2025-07-28 00:00:00+03:00,16.09600067138672,16.591999053955078,16.007999420166016,16.399999618530273,7753327,0.0,0.0
2025-07-29 00:00:00+03:00,16.399999618530273,16.84000015258789,16.336000442504883,16.559999465942383,7714717,0.0,0.0
2025-07-30 00:00:00+03:00,16.559999465942383,16.68000030517578,16.06399917602539,16.68000030517578,6728412,0.0,0.0
2025-07-31 00:00:00+03:00,16.799999237060547,17.687999725341797,16.719999313354492,17.479999542236328,9455297,0.0,0.0
2025-08-01 00:00:00+03:00,17.360000610351562,17.416000366210938,16.576000213623047,16.639999389648438,13301647,0.0,0.0
2025-08-04 00:00:00+03:00,16.719999313354492,17.15999984741211,16.583999633789062,16.95199966430664,8478885,0.0,0.0
2025-08-05 00:00:00+03:00,16.959999084472656,17.263999938964844,16.84000015258789,17.15999984741211,5764815,0.0,0.0
2025-08-06 00:00:00+03:00,16.959999084472656,17.520000457763672,16.959999084472656,17.368000030517578,7974635,0.0,0.0
2025-08-07 00:00:00+03:00,17.392000198364258,17.959999084472656,17.29599952697754,17.799999237060547,7624555,0.0,0.0
2025-08-08 00:00:00+03:00,17.8799991607666,18.104000091552734,17.20800018310547,17.27199935913086,9068360,0.0,0.0
2025-08-11 00:00:00+03:00,17.351999282836914,17.535999298095703,17.08799934387207,17.360000610351562,7795240,0.0,0.0
2025-08-12 00:00:00+03:00,17.384000778198242,18.200000762939453,17.327999114990234,17.440000534057617,12245877,0.0,0.0
2025-08-13 00:00:00+03:00,17.559999465942383,17.663999557495117,17.23200035095215,17.288000106811523,7476715,0.0,0.0
2025-08-14 00:00:00+03:00,17.3439998626709,17.576000213623047,16.992000579833984,17.3439998626709,10830140,0.0,0.0
2025-08-15 00:00:00+03:00,17.3439998626709,19.07200050354004,17.3439998626709,19.02400016784668,34137832,0.0,0.0
2025-08-18 00:00:00+03:00,19.09600067138672,20.0,18.920000076293945,19.031999588012695,15541142,0.0,0.0
2025-08-19 00:00:00+03:00,19.079999923706055,20.579999923706055,19.031999588012695,20.360000610351562,8444697,0.0,0.0
2025-08-20 00:00:00+03:00,20.360000610351562,21.1200008392334,20.139999389648438,20.559999465942383,12135620,0.0,0.0
2025-08-21 00:00:00+03:00,20.600000381469727,20.719999313354492,18.624000549316406,18.983999252319336,31486057,0.0,0.0
2025-08-22 00:00:00+03:00,19.016000747680664,20.299999237060547,18.81599998474121,19.88800048828125,17444895,0.0,0.0
2025-08-25 00:00:00+03:00,19.8799991607666,20.1200008392334,19.280000686645508,19.280000686645508,15297777,0.0,0.0
2025-08-26 00:00:00+03:00,19.399999618530273,20.200000762939453,19.167999267578125,20.1200008392334,21071955,0.0,0.0
2025-08-27 00:00:00+03:00,20.299999237060547,20.459999084472656,19.600000381469727,19.600000381469727,6018745,0.0,0.0
2025-08-28 00:00:00+03:00,19.68000030517578,20.100000381469727,19.615999221801758,19.84000015258789,5463497,0.0,0.0
2025-08-29 00:00:00+03:00,19.8799991607666,20.459999084472656,19.86400032043457,20.34000015258789,8632555,0.0,0.0
2025-09-01 00:00:00+03:00,20.34000015258789,21.959999084472656,20.040000915527344,21.360000610351562,14172057,0.0,0.0
2025-09-02 00:00:00+03:00,21.399999618530273,21.8799991607666,20.719999313354492,21.139999389648438,11938475,0.0,0.0
2025-09-03 00:00:00+03:00,21.0,22.079999923706055,20.8799991607666,21.920000076293945,7058310,0.0,0.0
2025-09-04 00:00:00+03:00,22.079999923706055,22.399999618530273,21.719999313354492,22.200000762939453,8938257,0.0,0.0
2025-09-05 00:00:00+03:00,22.299999237060547,22.899999618530273,22.0,22.520000457763672,10124262,0.0,0.0
2025-09-08 00:00:00+03:00,22.5,22.65999984741211,21.84000015258789,21.979999542236328,8197620,0.0,0.0
2025-09-09 00:00:00+03:00,22.059999465942383,22.600000381469727,21.200000762939453,21.3799991607666,8009782,0.0,0.0
2025-09-10 00:00:00+03:00,21.399999618530273,21.920000076293945,21.31999969482422,21.6200008392334,5147337,0.0,0.0
2025-09-11 00:00:00+03:00,21.6200008392334,21.959999084472656,20.700000762939453,20.739999771118164,5566385,0.0,0.0
2025-09-12 00:00:00+03:00,20.760000228881836,20.8799991607666,20.200000762939453,20.780000686645508,5393752,0.0,0.0
2025-09-15 00:00:00+03:00,20.780000686645508,22.760000228881836,20.239999771118164,22.5,9560505,0.0,0.0
2025-09-16 00:00:00+03:00,22.559999465942383,23.399999618530273,22.239999771118164,23.200000762939453,6159777,0.0,0.0
2025-09-17 00:00:00+03:00,23.200000762939453,23.399999618530273,22.479999542236328,22.559999465942383,4889482,0.0,0.0
2025-09-18 00:00:00+03:00,22.65999984741211,23.100000381469727,22.3799991607666,22.639999389648438,4386100,0.0,0.0
2025-09-19 00:00:00+03:00,22.760000228881836,23.139999389648438,22.440000534057617,22.68000030517578,5089672,0.0,0.0
2025-09-22 00:00:00+03:00,22.700000762939453,23.639999389648438,22.6200008392334,23.420000076293945,8084100,0.0,0.0
2025-09-23 00:00:00+03:00,23.399999618530273,23.68000030517578,22.979999542236328,23.600000381469727,4034297,0.0,0.0
2025-09-24 00:00:00+03:00,23.579999923706055,23.579999923706055,22.719999313354492,23.200000762939453,10986712,0.0,0.0
2025-09-25 00:00:00+03:00,23.440000534057617,23.84000015258789,23.079999923706055,23.420000076293945,8885832,0.0,0.0
2025-09-26 00:00:00+03:00,23.559999465942383,23.899999618530273,22.780000686645508,23.399999618530273,9752480,0.0,0.0
2025-09-29 00:00:00+03:00,23.520000457763672,23.600000381469727,22.639999389648438,23.0,5219537,0.0,0.0
2025-09-30 00:00:00+03:00,23.440000534057617,24.219999313354492,22.399999618530273,22.520000457763672,7801313,0.0,2.5
2025-10-01 00:00:00+03:00,22.5,22.5,21.520000457763672,22.440000534057617,4697407,0.0,0.0
2025-10-02 00:00:00+03:00,22.440000534057617,22.600000381469727,21.459999084472656,21.799999237060547,5417462,0.0,0.0
2025-10-03 00:00:00+03:00,21.639999389648438,22.200000762939453,21.639999389648438,22.0,2465051,0.0,0.0
2025-10-06 00:00:00+03:00,22.100000381469727,22.31999969482422,21.15999984741211,21.5,5338023,0.0,0.0
2025-10-07 00:00:00+03:00,21.600000381469727,22.65999984741211,21.540000915527344,22.200000762939453,4309513,0.0,0.0
2025-10-08 00:00:00+03:00,22.31999969482422,22.799999237060547,21.739999771118164,21.940000534057617,3694994,0.0,0.0
2025-10-09 00:00:00+03:00,21.940000534057617,22.579999923706055,21.899999618530273,22.079999923706055,8112789,0.0,0.0
2025-10-10 00:00:00+03:00,22.0,22.459999084472656,21.440000534057617,22.0,5819462,0.0,0.0
2025-10-13 00:00:00+03:00,21.940000534057617,22.399999618530273,21.520000457763672,21.700000762939453,4838155,0.0,0.0
2025-10-14 00:00:00+03:00,21.739999771118164,21.979999542236328,21.200000762939453,21.31999969482422,5406620,0.0,0.0
2025-10-15 00:00:00+03:00,21.34000015258789,22.34000015258789,21.34000015258789,22.219999313354492,5559263,0.0,0.0
2025-10-16 00:00:00+03:00,22.31999969482422,24.440000534057617,22.299999237060547,24.3799991607666,15390265,0.0,0.0
2025-10-17 00:00:00+03:00,24.3799991607666,25.200000762939453,23.5,24.8799991607666,25062389,0.0,0.0
2025-10-20 00:00:00+03:00,25.0,26.200000762939453,24.8799991607666,25.34000015258789,7201741,0.0,0.0
2025-10-21 00:00:00+03:00,25.399999618530273,25.959999084472656,24.959999084472656,25.3799991607666,4392032,0.0,0.0
2025-10-22 00:00:00+03:00,25.479999542236328,25.600000381469727,24.799999237060547,25.020000457763672,3371027,0.0,0.0
2025-10-23 00:00:00+03:00,25.020000457763672,25.15999984741211,23.8799991607666,23.920000076293945,4884955,0.0,0.0
2025-10-24 00:00:00+03:00,23.920000076293945,24.200000762939453,23.059999465942383,23.3799991607666,5869790,0.0,0.0
2025-10-27 00:00:00+03:00,23.5,25.700000762939453,22.700000762939453,25.700000762939453,19727261,0.0,0.0
2025-10-28 00:00:00+03:00,26.5,28.260000228881836,26.420000076293945,28.260000228881836,14774416,0.0,0.0
2025-10-30 00:00:00+03:00,29.5,30.280000686645508,28.260000228881836,29.079999923706055,22274748,0.0,0.0
2025-10-31 00:00:00+03:00,29.079999923706055,29.700000762939453,28.700000762939453,29.579999923706055,9068633,0.0,0.0
2025-11-03 00:00:00+03:00,29.579999923706055,29.81999969482422,28.299999237060547,28.760000228881836,8287166,0.0,0.0
2025-11-04 00:00:00+03:00,28.760000228881836,28.899999618530273,27.739999771118164,28.5,7680402,0.0,0.0
2025-11-05 00:00:00+03:00,28.600000381469727,31.34000015258789,28.559999465942383,31.34000015258789,14773107,0.0,0.0
2025-11-06 00:00:00+03:00,31.34000015258789,32.599998474121094,29.959999084472656,31.81999969482422,20573598,0.0,0.0
2025-11-07 00:00:00+03:00,31.81999969482422,32.70000076293945,30.760000228881836,32.47999954223633,9569308,0.0,0.0
2025-11-10 00:00:00+03:00,32.20000076293945,33.70000076293945,30.780000686645508,32.560001373291016,17106085,0.0,0.0
2025-11-11 00:00:00+03:00,32.5,32.52000045776367,31.020000457763672,31.18000030517578,7152703,0.0,0.0
2025-11-12 00:00:00+03:00,31.34000015258789,31.65999984741211,30.520000457763672,31.200000762939453,6887776,0.0,0.0
2025-11-13 00:00:00+03:00,31.31999969482422,32.599998474121094,30.940000534057617,32.20000076293945,7686765,0.0,0.0
2025-11-14 00:00:00+03:00,32.220001220703125,32.79999923706055,31.399999618530273,32.220001220703125,3901297,0.0,0.0
2025-11-17 00:00:00+03:00,32.2400016784668,34.29999923706055,32.2400016784668,33.400001525878906,6084484,0.0,0.0
2025-11-18 00:00:00+03:00,33.41999816894531,33.5,32.18000030517578,32.400001525878906,4295001,0.0,0.0
2025-11-19 00:00:00+03:00,32.400001525878906,32.70000076293945,31.0,31.600000381469727,5442259,0.0,0.0
2025-11-20 00:00:00+03:00,31.700000762939453,32.0,31.239999771118164,31.700000762939453,3615780,0.0,0.0
2025-11-21 00:00:00+03:00,31.760000228881836,32.0,31.059999465942383,31.799999237060547,3029163,0.0,0.0
2025-11-24 00:00:00+03:00,31.84000015258789,33.79999923706055,31.719999313354492,33.41999816894531,8269643,0.0,0.0
2025-11-25 00:00:00+03:00,33.41999816894531,33.79999923706055,32.560001373291016,32.599998474121094,4007250,0.0,0.0
2025-11-26 00:00:00+03:00,32.70000076293945,33.959999084472656,32.0,32.959999084472656,11447138,0.0,0.0
2025-11-27 00:00:00+03:00,32.959999084472656,33.099998474121094,31.959999084472656,32.36000061035156,2980003,0.0,0.0
2025-11-28 00:00:00+03:00,32.400001525878906,32.400001525878906,31.100000381469727,31.479999542236328,3725808,0.0,0.0
2025-12-01 00:00:00+03:00,31.540000915527344,32.20000076293945,30.799999237060547,31.959999084472656,5041749,0.0,0.0
2025-12-02 00:00:00+03:00,31.959999084472656,32.220001220703125,30.979999542236328,31.020000457763672,7410874,0.0,0.0
2025-12-03 00:00:00+03:00,31.020000457763672,32.41999816894531,30.559999465942383,32.08000183105469,5508255,0.0,0.0
2025-12-04 00:00:00+03:00,31.899999618530273,33.18000030517578,31.799999237060547,32.5,3511010,0.0,0.0
2025-12-05 00:00:00+03:00,32.47999954223633,33.0,32.119998931884766,32.86000061035156,2931554,0.0,0.0
2025-12-08 00:00:00+03:00,32.86000061035156,35.099998474121094,32.02000045776367,34.58000183105469,9989827,0.0,0.0
2025-12-09 00:00:00+03:00,34.68000030517578,36.439998626708984,34.02000045776367,36.0,7752090,0.0,0.0
2025-12-10 00:00:00+03:00,35.959999084472656,36.900001525878906,35.060001373291016,35.86000061035156,13350184,0.0,0.0
2025-12-11 00:00:00+03:00,36.0,36.29999923706055,34.70000076293945,35.65999984741211,6081819,0.0,0.0
2025-12-12 00:00:00+03:00,35.599998474121094,36.0,34.599998474121094,34.86000061035156,3708617,0.0,0.0
2025-12-15 00:00:00+03:00,35.0,37.900001525878906,34.70000076293945,36.7400016784668,20283652,0.0,0.0
2025-12-16 00:00:00+03:00,36.900001525878906,38.400001525878906,35.97999954223633,37.900001525878906,10933009,0.0,0.0
2025-12-17 00:00:00+03:00,37.91999816894531,38.79999923706055,37.02000045776367,38.0,15303512,0.0,0.0
2025-12-18 00:00:00+03:00,38.0,39.0,37.65999984741211,38.599998474121094,8648299,0.0,0.0
2025-12-19 00:00:00+03:00,38.68000030517578,38.720001220703125,37.040000915527344,38.380001068115234,24520378,0.0,0.0
2025-12-22 00:00:00+03:00,38.060001373291016,38.599998474121094,36.279998779296875,36.279998779296875,11853366,0.0,0.0
2025-12-23 00:00:00+03:00,36.279998779296875,37.220001220703125,34.599998474121094,36.58000183105469,20674027,0.0,0.0
2025-12-24 00:00:00+03:00,36.0,37.29999923706055,35.36000061035156,36.97999954223633,23134359,0.0,0.0
2025-12-25 00:00:00+03:00,36.97999954223633,36.97999954223633,35.560001373291016,36.70000076293945,22979421,0.0,0.0
2025-12-26 00:00:00+03:00,36.5,39.58000183105469,36.02000045776367,39.08000183105469,19225582,0.0,0.0
2025-12-29 00:00:00+03:00,39.08000183105469,40.34000015258789,38.86000061035156,39.58000183105469,9159688,0.0,0.0
2025-12-30 00:00:00+03:00,39.5,40.779998779296875,38.439998626708984,39.70000076293945,10749029,0.0,0.0
2025-12-31 00:00:00+03:00,39.79999923706055,39.84000015258789,38.0,38.119998931884766,7849701,0.0,0.0
2026-01-02 00:00:00+03:00,38.20000076293945,39.91999816894531,37.599998474121094,38.70000076293945,11849571,0.0,0.0
2026-01-05 00:00:00+03:00,38.79999923706055,40.0,38.400001525878906,39.220001220703125,9008027,0.0,0.0
2026-01-06 00:00:00+03:00,39.220001220703125,40.20000076293945,38.7599983215332,39.58000183105469,9799880,0.0,0.0
2026-01-07 00:00:00+03:00,39.58000183105469,41.220001220703125,39.099998474121094,40.439998626708984,13833024,0.0,0.0
2026-01-08 00:00:00+03:00,40.439998626708984,41.400001525878906,39.5,40.599998474121094,14157367,0.0,0.0
2026-01-09 00:00:00+03:00,40.599998474121094,41.63999938964844,39.880001068115234,41.29999923706055,12675204,0.0,0.0
2026-01-12 00:00:00+03:00,41.5,42.63999938964844,40.29999923706055,41.939998626708984,28661184,0.0,0.0
2026-01-13 00:00:00+03:00,41.939998626708984,43.060001373291016,41.599998474121094,42.13999938964844,8758322,0.0,0.0
2026-01-14 00:00:00+03:00,42.29999923706055,42.5,41.099998474121094,41.900001525878906,5622656,0.0,0.0
2026-01-15 00:00:00+03:00,41.86000061035156,42.70000076293945,41.29999923706055,42.47999954223633,6516224,0.0,0.0
2026-01-16 00:00:00+03:00,42.5,43.58000183105469,42.040000915527344,43.400001525878906,7221381,0.0,0.0
2026-01-19 00:00:00+03:00,43.279998779296875,43.5,42.34000015258789,42.58000183105469,3166554,0.0,0.0
2026-01-20 00:00:00+03:00,42.560001373291016,44.13999938964844,41.79999923706055,43.599998474121094,6569422,0.0,0.0
2026-01-21 00:00:00+03:00,43.70000076293945,43.7400016784668,42.0,42.959999084472656,6545193,0.0,0.0
2026-01-22 00:00:00+03:00,42.900001525878906,44.040000915527344,42.779998779296875,43.439998626708984,4939164,0.0,0.0
2026-01-23 00:00:00+03:00,43.5,44.619998931884766,42.2599983215332,42.619998931884766,7304802,0.0,0.0
2026-01-26 00:00:00+03:00,42.619998931884766,43.20000076293945,41.18000030517578,42.7400016784668,7726826,0.0,0.0
2026-01-27 00:00:00+03:00,42.7599983215332,42.79999923706055,40.79999923706055,41.099998474121094,6246858,0.0,0.0
2026-01-28 00:00:00+03:00,41.08000183105469,41.08000183105469,39.65999984741211,40.0,5742517,0.0,0.0
2026-01-29 00:00:00+03:00,40.0,41.119998931884766,39.119998931884766,40.52000045776367,10047154,0.0,0.0
2026-01-30 00:00:00+03:00,40.52000045776367,41.5,40.20000076293945,41.29999923706055,4505015,0.0,0.0
2026-02-02 00:00:00+03:00,40.900001525878906,42.900001525878906,40.79999923706055,42.279998779296875,4984493,0.0,0.0
2026-02-03 00:00:00+03:00,42.2599983215332,42.599998474121094,41.540000915527344,41.91999816894531,3779090,0.0,0.0
2026-02-04 00:00:00+03:00,41.959999084472656,42.97999954223633,41.84000015258789,42.2400016784668,4200988,0.0,0.0
2026-02-05 00:00:00+03:00,42.2400016784668,43.0,41.13999938964844,41.400001525878906,5071014,0.0,0.0
2026-02-06 00:00:00+03:00,41.400001525878906,42.18000030517578,40.619998931884766,41.70000076293945,3754391,0.0,0.0
2026-02-09 00:00:00+03:00,41.70000076293945,44.959999084472656,41.2400016784668,44.220001220703125,19193197,0.0,0.0
2026-02-10 00:00:00+03:00,44.0,45.29999923706055,42.70000076293945,44.459999084472656,11948276,0.0,0.0
2026-02-11 00:00:00+03:00,44.459999084472656,46.220001220703125,44.2599983215332,45.47999954223633,6316237,0.0,0.0
2026-02-12 00:00:00+03:00,45.47999954223633,46.36000061035156,44.20000076293945,44.7599983215332,9997979,0.0,0.0
2026-02-13 00:00:00+03:00,44.900001525878906,45.900001525878906,44.41999816894531,45.459999084472656,4202746,0.0,0.0
2026-02-16 00:00:00+03:00,45.459999084472656,46.5,44.70000076293945,45.7599983215332,9322944,0.0,0.0
2026-02-17 00:00:00+03:00,45.79999923706055,46.91999816894531,45.0,46.47999954223633,11127199,0.0,0.0
2026-02-18 00:00:00+03:00,46.47999954223633,46.97999954223633,45.0,45.880001068115234,7459215,0.0,0.0
2026-02-19 00:00:00+03:00,45.779998779296875,46.13999938964844,44.7400016784668,44.939998626708984,4104852,0.0,0.0
2026-02-20 00:00:00+03:00,44.880001068115234,45.5,44.2599983215332,45.220001220703125,7059890,0.0,0.0
2026-02-23 00:00:00+03:00,45.2400016784668,47.08000183105469,45.13999938964844,46.79999923706055,9064434,0.0,0.0
2026-02-24 00:00:00+03:00,46.79999923706055,48.97999954223633,46.15999984741211,48.58000183105469,12506739,0.0,0.0
2026-02-25 00:00:00+03:00,48.599998474121094,49.70000076293945,48.02000045776367,49.5,5926134,0.0,0.0
2026-02-26 00:00:00+03:00,49.5,49.7599983215332,48.560001373291016,49.439998626708984,4146166,0.0,0.0
2026-02-27 00:00:00+03:00,49.459999084472656,50.75,48.900001525878906,49.7599983215332,7951896,0.0,0.0
2026-03-02 00:00:00+03:00,47.5,49.0,45.13999938964844,45.20000076293945,6512284,0.0,0.0
2026-03-03 00:00:00+03:00,44.599998474121094,46.540000915527344,44.220001220703125,44.900001525878906,5347729,0.0,0.0
2026-03-04 00:00:00+03:00,44.91999816894531,47.47999954223633,44.599998474121094,46.84000015258789,13403160,0.0,0.0
2026-03-05 00:00:00+03:00,46.84000015258789,47.65999984741211,46.31999969482422,47.099998474121094,6878558,0.0,0.0
2026-03-06 00:00:00+03:00,47.099998474121094,47.099998474121094,45.599998474121094,46.540000915527344,8067546,0.0,0.0
2026-03-09 00:00:00+03:00,45.900001525878906,46.2400016784668,43.65999984741211,46.099998474121094,10985512,0.0,0.0
2026-03-10 00:00:00+03:00,46.0,48.099998474121094,45.560001373291016,47.68000030517578,11386693,0.0,0.0
2026-03-11 00:00:00+03:00,47.599998474121094,48.459999084472656,46.7400016784668,48.099998474121094,9071984,0.0,0.0
2026-03-12 00:00:00+03:00,47.58000183105469,49.91999816894531,47.18000030517578,49.70000076293945,7311685,0.0,0.0
2026-03-13 00:00:00+03:00,49.70000076293945,49.779998779296875,48.20000076293945,48.79999923706055,10417283,0.0,0.0
2026-03-16 00:00:00+03:00,48.79999923706055,49.0,47.540000915527344,48.099998474121094,8466698,0.0,0.0
2026-03-17 00:00:00+03:00,47.91999816894531,48.939998626708984,47.63999938964844,48.400001525878906,3147772,0.0,0.0
2026-03-18 00:00:00+03:00,48.459999084472656,49.65999984741211,48.220001220703125,49.220001220703125,4423989,0.0,0.0
2026-03-19 00:00:00+03:00,49.220001220703125,49.58000183105469,48.52000045776367,49.58000183105469,1732302,0.0,0.0
2026-03-23 00:00:00+03:00,49.220001220703125,49.900001525878906,48.400001525878906,48.84000015258789,8218432,0.0,0.0
2026-03-24 00:00:00+03:00,48.599998474121094,51.45000076293945,48.5,50.95000076293945,7392245,0.0,0.0
2026-03-25 00:00:00+03:00,50.95000076293945,53.5,49.099998474121094,51.0,12614139,0.0,0.0
2026-03-26 00:00:00+03:00,51.0,52.75,50.099998474121094,51.95000076293945,12045355,0.0,0.0
2026-03-27 00:00:00+03:00,51.900001525878906,52.04999923706055,50.400001525878906,51.099998474121094,3439875,0.0,0.0
2026-03-30 00:00:00+03:00,51.099998474121094,51.95000076293945,50.349998474121094,51.20000076293945,6487366,0.0,0.0
2026-03-31 00:00:00+03:00,51.29999923706055,53.04999923706055,50.849998474121094,52.45000076293945,13642164,0.0,0.0
2026-04-01 00:00:00+03:00,52.5,53.54999923706055,52.099998474121094,52.95000076293945,5170367,0.0,0.0
2026-04-02 00:00:00+03:00,52.95000076293945,54.04999923706055,52.599998474121094,53.70000076293945,3181567,0.0,0.0
2026-04-03 00:00:00+03:00,53.70000076293945,55.29999923706055,53.0,54.599998474121094,5509318,0.0,0.0
2026-04-06 00:00:00+03:00,54.599998474121094,56.45000076293945,54.150001525878906,55.900001525878906,12593856,0.0,0.0
2026-04-07 00:00:00+03:00,55.900001525878906,57.900001525878906,55.54999923706055,57.20000076293945,9784920,0.0,0.0
2026-04-08 00:00:00+03:00,57.349998474121094,59.25,57.29999923706055,58.79999923706055,11363255,0.0,0.0
2026-04-09 00:00:00+03:00,58.79999923706055,62.25,58.400001525878906,61.20000076293945,13725358,0.0,0.0
2026-04-10 00:00:00+03:00,61.04999923706055,62.5,60.650001525878906,61.650001525878906,9490706,0.0,0.0
2026-04-13 00:00:00+03:00,61.099998474121094,62.95000076293945,61.099998474121094,62.0,7233528,0.0,0.0
2026-04-14 00:00:00+03:00,62.0,63.20000076293945,61.099998474121094,62.400001525878906,7324638,0.0,0.0
2026-04-15 00:00:00+03:00,62.400001525878906,63.29999923706055,61.20000076293945,62.29999923706055,12299065,0.0,0.0
2026-04-16 00:00:00+03:00,62.349998474121094,62.400001525878906,60.349998474121094,61.70000076293945,11053206,0.0,0.0
2026-04-17 00:00:00+03:00,61.79999923706055,62.45000076293945,61.0,62.150001525878906,6902470,0.0,0.0
2026-04-20 00:00:00+03:00,61.650001525878906,63.0,61.04999923706055,62.650001525878906,7590272,0.0,0.0
2026-04-21 00:00:00+03:00,62.599998474121094,63.599998474121094,60.150001525878906,60.150001525878906,17907917,0.0,0.0
2026-04-22 00:00:00+03:00,60.04999923706055,60.54999923706055,57.900001525878906,60.0,6420470,0.0,0.0
2026-04-24 00:00:00+03:00,60.29999923706055,64.8499984741211,59.95000076293945,63.900001525878906,16460894,0.0,0.0
2026-04-27 00:00:00+03:00,63.900001525878906,66.4000015258789,62.79999923706055,65.05000305175781,17275776,0.0,0.0
2026-04-28 00:00:00+03:00,65.0,66.3499984741211,62.70000076293945,63.150001525878906,10213694,0.0,0.0
2026-04-29 00:00:00+03:00,63.150001525878906,64.30000305175781,62.5,63.25,5080026,0.0,0.0
2026-04-30 00:00:00+03:00,62.5,64.0999984741211,62.5,64.05000305175781,4580555,0.0,0.0
2026-05-04 00:00:00+03:00,64.05000305175781,64.3499984741211,61.900001525878906,61.900001525878906,7030916,0.0,0.0
2026-05-05 00:00:00+03:00,61.54999923706055,61.900001525878906,59.20000076293945,59.20000076293945,6122249,0.0,0.0
2026-05-06 00:00:00+03:00,61.0,64.8499984741211,60.04999923706055,64.6500015258789,8874123,0.0,0.0
2026-05-07 00:00:00+03:00,64.8499984741211,65.75,62.04999923706055,62.04999923706055,7507832,0.0,0.0
2026-05-08 00:00:00+03:00,62.20000076293945,63.349998474121094,61.849998474121094,63.0,3575214,0.0,0.0
2026-05-11 00:00:00+03:00,63.0,64.5999984741211,63.0,64.19999694824219,3881549,0.0,0.0
2026-05-12 00:00:00+03:00,64.25,67.9000015258789,64.25,67.4000015258789,17461302,0.0,0.0
2026-05-13 00:00:00+03:00,67.5,68.30000305175781,66.0,68.25,9754301,0.0,0.0
2026-05-14 00:00:00+03:00,68.30000305175781,68.69999694824219,66.19999694824219,68.0999984741211,5637231,0.0,0.0
2026-05-15 00:00:00+03:00,67.94999694824219,67.94999694824219,64.75,65.94999694824219,7259949,0.0,0.0
2026-05-18 00:00:00+03:00,65.94999694824219,66.0,62.650001525878906,62.650001525878906,6690061,0.0,0.0
2026-05-20 00:00:00+03:00,62.650001525878906,63.400001525878906,61.349998474121094,63.400001525878906,4418040,0.0,0.0
2026-05-21 00:00:00+03:00,63.150001525878906,63.849998474121094,57.099998474121094,57.099998474121094,12507792,0.0,0.0
2026-05-22 00:00:00+03:00,55.0,57.849998474121094,53.349998474121094,57.650001525878906,7039520,0.0,0.0
2026-05-25 00:00:00+03:00,57.70000076293945,59.0,56.5,58.79999923706055,5196007,0.0,0.0
2026-05-26 00:00:00+03:00,58.79999923706055,61.099998474121094,58.349998474121094,61.099998474121094,4577209,0.0,0.0
2026-05-27 00:00:00+03:00,61.099998474121094,61.099998474121094,61.099998474121094,61.099998474121094,0,0.0,0.0
2026-05-28 00:00:00+03:00,61.099998474121094,61.099998474121094,61.099998474121094,61.099998474121094,0,0.0,0.0
2026-05-29 00:00:00+03:00,61.099998474121094,61.099998474121094,61.099998474121094,61.099998474121094,0,0.0,0.0
2026-06-01 00:00:00+03:00,61.099998474121094,64.80000305175781,60.150001525878906,64.80000305175781,5908222,0.0,0.0
2026-06-02 00:00:00+03:00,63.70000076293945,65.30000305175781,63.599998474121094,65.30000305175781,3450283,0.0,0.0
2026-06-03 00:00:00+03:00,63.70000076293945,63.95000076293945,61.400001525878906,62.70000076293945,5678552,0.0,0.0
2026-06-04 00:00:00+03:00,61.29999923706055,61.79999923706055,56.45000076293945,56.45000076293945,94920085,0.0,0.0
2026-06-05 00:00:00+03:00,50.849998474121094,50.849998474121094,50.849998474121094,50.849998474121094,26286147,0.0,0.0
2026-06-08 00:00:00+03:00,45.79999923706055,47.68000030517578,45.779998779296875,45.779998779296875,53272711,0.0,0.0
2026-06-09 00:00:00+03:00,43.20000076293945,43.380001068115234,41.220001220703125,41.220001220703125,39102750,0.0,0.0
2026-06-10 00:00:00+03:00,39.0,39.65999984741211,37.099998474121094,37.099998474121094,15710799,0.0,0.0
2026-06-11 00:00:00+03:00,33.439998626708984,37.0,33.400001525878906,33.400001525878906,8168929,0.0,0.0
2026-06-12 00:00:00+03:00,30.059999465942383,36.459999084472656,30.059999465942383,33.900001525878906,98388410,0.0,0.0
2026-06-15 00:00:00+03:00,32.0,36.060001373291016,31.0,34.7400016784668,60283068,0.0,0.0
2026-06-16 00:00:00+03:00,34.97999954223633,35.560001373291016,33.939998626708984,34.720001220703125,17743802,0.0,0.0
2026-06-17 00:00:00+03:00,34.720001220703125,34.720001220703125,33.29999923706055,34.13999938964844,21679249,0.0,0.0
2026-06-18 00:00:00+03:00,34.13999938964844,37.20000076293945,34.13999938964844,36.2400016784668,34694081,0.0,0.0
2026-06-19 00:00:00+03:00,36.099998474121094,38.380001068115234,35.0,38.18000030517578,25611690,0.0,0.0
2026-06-22 00:00:00+03:00,38.18000030517578,38.84000015258789,36.36000061035156,36.720001220703125,29964696,0.0,0.0
2026-06-23 00:00:00+03:00,36.599998474121094,36.84000015258789,34.900001525878906,35.18000030517578,17613292,0.0,0.0
2026-06-24 00:00:00+03:00,35.18000030517578,36.5,35.02000045776367,35.7400016784668,19069795,0.0,0.0
2026-06-25 00:00:00+03:00,35.79999923706055,36.15999984741211,34.65999984741211,36.0,15519493,0.0,0.0
2026-06-26 00:00:00+03:00,35.400001525878906,35.52000045776367,32.400001525878906,32.400001525878906,17965573,0.0,0.0
2026-06-29 00:00:00+03:00,32.0,32.5,30.579999923706055,30.68000030517578,23539989,0.0,0.0
2026-06-30 00:00:00+03:00,30.6200008392334,32.119998931884766,29.260000228881836,31.360000610351562,31588893,0.0,0.0
2026-07-01 00:00:00+03:00,31.5,31.81999969482422,30.040000915527344,31.299999237060547,16044569,0.0,0.0
2026-07-02 00:00:00+03:00,31.260000228881836,32.959999084472656,31.0,32.70000076293945,21374285,0.0,0.0
2026-07-03 00:00:00+03:00,32.5,34.220001220703125,31.5,32.959999084472656,19826352,0.0,0.0
2026-07-06 00:00:00+03:00,32.880001068115234,34.380001068115234,32.279998779296875,34.20000076293945,8765886,0.0,0.0
2026-07-07 00:00:00+03:00,34.15999984741211,34.880001068115234,33.31999969482422,34.380001068115234,5860292,0.0,0.0
2026-07-08 00:00:00+03:00,34.380001068115234,34.380001068115234,32.880001068115234,34.29999923706055,10961955,0.0,0.0
2026-07-09 00:00:00+03:00,34.2599983215332,35.040000915527344,33.65999984741211,33.86000061035156,13468311,0.0,0.0
2026-07-10 00:00:00+03:00,33.900001525878906,33.900001525878906,32.31999969482422,32.599998474121094,32173740,0.0,0.0
2026-07-13 00:00:00+03:00,32.47999954223633,34.34000015258789,32.02000045776367,34.29999923706055,10063122,0.0,0.0
2026-07-14 00:00:00+03:00,34.29999923706055,37.720001220703125,34.02000045776367,37.720001220703125,24153578,0.0,0.0
2026-07-16 00:00:00+03:00,37.900001525878906,40.099998474121094,37.20000076293945,38.2400016784668,29293572,0.0,0.0
2026-07-17 00:00:00+03:00,38.2400016784668,38.86000061035156,36.41999816894531,38.86000061035156,34090832,0.0,0.0
2026-07-20 00:00:00+03:00,38.86000061035156,39.15999984741211,37.720001220703125,38.79999923706055,7939795,0.0,0.0
2026-07-21 00:00:00+03:00,38.79999923706055,39.880001068115234,38.599998474121094,39.599998474121094,16305330,0.0,0.0
2026-07-22 00:00:00+03:00,39.5,41.18000030517578,39.29999923706055,40.97999954223633,15430754,0.0,0.0
2026-07-23 00:00:00+03:00,41.0,41.86000061035156,39.58000183105469,41.060001373291016,15018325,0.0,0.0
2026-07-24 00:00:00+03:00,41.119998931884766,41.540000915527344,40.08000183105469,40.5,15053764,0.0,0.0
2026-07-27 00:00:00+03:00,40.52000045776367,40.63999938964844,38.7599983215332,39.70000076293945,13902579,0.0,0.0
2026-07-28 00:00:00+03:00,39.70000076293945,40.040000915527344,38.31999969482422,38.91999816894531,12510160,0.0,0.0
2026-07-29 00:00:00+03:00,38.91999816894531,38.97999954223633,37.2400016784668,37.31999969482422,6640345,0.0,0.0
2026-07-30 00:00:00+03:00,37.29999923706055,38.63999938964844,36.959999084472656,38.220001220703125,9133190,0.0,0.0
2026-08-03 00:00:00+03:00,36.900001525878906,37.20000076293945,35.2599983215332,37.099998474121094,9940080,0.0,0.0
2026-08-04 00:00:00+03:00,37.08000183105469,37.08000183105469,35.380001068115234,35.900001525878906,11520918,0.0,0.0
2026-08-05 00:00:00+03:00,35.79999923706055,36.81999969482422,35.5,36.20000076293945,11368113,0.0,0.0
2026-08-06 00:00:00+03:00,36.20000076293945,37.79999923706055,36.02000045776367,37.41999816894531,12746550,0.0,0.0
2026-08-07 00:00:00+03:00,37.36000061035156,37.939998626708984,36.31999969482422,37.5,17658799,0.0,0.0
2026-08-10 00:00:00+03:00,37.5,37.7599983215332,33.7599983215332,34.119998931884766,17756350,0.0,0.0
2026-08-11 00:00:00+03:00,34.15999984741211,34.36000061035156,32.7599983215332,33.2400016784668,19264675,0.0,0.0
2026-08-12 00:00:00+03:00,33.20000076293945,33.20000076293945,31.899999618530273,32.040000915527344,16230736,0.0,0.0
