date,open,high,low,close,volume,dividends,stock_splits
2020-08-14 00:00:00+03:00,0.5090245430902539,0.518956720055848,0.4966093218832613,0.5015754103660583,37708715,0.0,0.0
2020-08-17 00:00:00+03:00,0.5015753862016742,0.516473650932312,0.4941262538363552,0.516473650932312,62958958,0.0,0.0
2020-08-18 00:00:00+03:00,0.5115075370383575,0.5462702122003877,0.5115075370383575,0.513990581035614,127531740,0.0,0.0
2020-08-19 00:00:00+03:00,0.51895672082901,0.5313720012549439,0.5115075880937164,0.51895672082901,78698206,0.0,0.0
2020-08-20 00:00:00+03:00,0.513990581035614,0.5288889042195919,0.5065414490438443,0.513990581035614,69284470,0.0,0.0
2020-08-21 00:00:00+03:00,0.5189566851030747,0.5264058173255564,0.501575376583951,0.5040584206581116,53000654,0.0,0.0
2020-08-24 00:00:00+03:00,0.5040584206581116,0.5139905969547537,0.4990923325097905,0.5040584206581116,22055363,0.0,0.0
2020-08-25 00:00:00+03:00,0.5065414668621963,0.5090245109467976,0.47674490824675997,0.4841940701007843,36056107,0.0,0.0
2020-08-26 00:00:00+03:00,0.47674492951477554,0.49412626848260216,0.46929579692865914,0.4891601800918579,44634658,0.0,0.0
2020-08-27 00:00:00+03:00,0.49412623663486244,0.5189566769881964,0.48916014856419565,0.5090245008468628,77738650,0.0,0.0
2020-08-28 00:00:00+03:00,0.5139906051519224,0.5164736492656827,0.4916432081280793,0.49909234046936035,49127594,0.0,0.0
2020-08-31 00:00:00+03:00,0.5040584452640907,0.5040584452640907,0.4817110475057415,0.4891601800918579,42455802,0.0,0.0
2020-09-01 00:00:00+03:00,0.4866771101951599,0.491643198323646,0.4717788162094815,0.4866771101951599,48405906,0.0,0.0
2020-09-02 00:00:00+03:00,0.4866771278181407,0.5065414810513897,0.4841940836639846,0.49412626028060913,75620726,0.0,0.0
2020-09-03 00:00:00+03:00,0.4966092963556,0.5189566933794432,0.4916432081280793,0.49909234046936035,137348976,0.0,0.0
2020-09-04 00:00:00+03:00,0.4990923661246598,0.5115075873316525,0.4941262776418628,0.5015754103660583,96537857,0.0,0.0
2020-09-07 00:00:00+03:00,0.5040584225371453,0.526405819287897,0.5040584225371453,0.5214397311210632,84916161,0.0,0.0
2020-09-08 00:00:00+03:00,0.52392276726403,0.5437871788307451,0.5189566791724612,0.5264058113098145,148142308,0.0,0.0
2020-09-09 00:00:00+03:00,0.5264058452235159,0.5338550370412231,0.5189567126062521,0.5239228010177612,85748681,0.0,0.0
2020-09-10 00:00:00+03:00,0.5264058535643036,0.5313720012549439,0.51895672082901,0.51895672082901,75529694,0.0,0.0
2020-09-11 00:00:00+03:00,0.5214397158597947,0.5338549951139546,0.5139905838275621,0.5313719511032104,109994761,0.0,0.0
2020-09-14 00:00:00+03:00,0.5437872162484609,0.5661346141982335,0.5388211278151781,0.5586854815483093,189322547,0.0,0.0
2020-09-15 00:00:00+03:00,0.558685445721889,0.5636515338367151,0.5313719610903458,0.5437871813774109,114000833,0.0,0.0
2020-09-16 00:00:00+03:00,0.5462702175446137,0.5562023936308075,0.5388210854799683,0.5487532615661621,73708270,0.0,0.0
2020-09-17 00:00:00+03:00,0.5413041720318196,0.5661346141982335,0.5363380835985367,0.5586854815483093,146559932,0.0,0.0
2020-09-18 00:00:00+03:00,0.5611685247837563,0.5636515689960562,0.5338550384484582,0.5413041710853577,75463386,0.0,0.0
2020-09-21 00:00:00+03:00,0.5413041782353354,0.5437872224804332,0.5139906323388143,0.51895672082901,69527378,0.0,0.0
2020-09-22 00:00:00+03:00,0.5139905910808924,0.5264058113098145,0.5065414589435391,0.5264058113098145,52768802,0.0,0.0
2020-09-23 00:00:00+03:00,0.5338550130007823,0.551236321658353,0.5264058215185253,0.5388211011886597,68567222,0.0,0.0
2020-09-24 00:00:00+03:00,0.5363380570947209,0.5413041452825983,0.528888924812905,0.5388211011886597,59199930,0.0,0.0
2020-09-25 00:00:00+03:00,0.541304161656396,0.5437872058254437,0.5264058374416667,0.5288889408111572,38390283,0.0,0.0
2020-09-28 00:00:00+03:00,0.523922783297631,0.5313719748633915,0.509024518566993,0.516473650932312,89357153,0.0,0.0
2020-09-29 00:00:00+03:00,0.5164736590653085,0.5239227915479302,0.5090245265826869,0.5115075707435608,58755602,0.0,0.0
2020-09-30 00:00:00+03:00,0.5164736351266768,0.5313719586018231,0.5139905910808924,0.5264058113098145,66311458,0.0,0.0
2020-10-01 00:00:00+03:00,0.5313720012549439,0.5313720012549439,0.5139906323388143,0.51895672082901,29363631,0.0,0.0
2020-10-02 00:00:00+03:00,0.5115075398168178,0.5338549951139546,0.5040584077845852,0.5313719511032104,57930470,0.0,0.0
2020-10-05 00:00:00+03:00,0.5363380915842716,0.5611685341203951,0.5338550473306592,0.5537194013595581,143072048,0.0,0.0
2020-10-06 00:00:00+03:00,0.5586854667301506,0.6083464089462525,0.5462702459762357,0.5859989523887634,349666535,0.0,0.0
2020-10-07 00:00:00+03:00,0.5810328817471494,0.6133125158888797,0.5711007048421383,0.5934481620788574,258451033,0.0,0.0
2020-10-08 00:00:00+03:00,0.5959311965131738,0.598414240698627,0.573583739643653,0.5810328722000122,125214904,0.0,0.0
2020-10-09 00:00:00+03:00,0.5810328463784188,0.5934481259543818,0.5661345819277916,0.5785498023033142,151098260,0.0,0.0
2020-10-12 00:00:00+03:00,0.581032840944172,0.6058633406634244,0.5785497968922907,0.6008972525596619,151993212,0.0,0.0
2020-10-13 00:00:00+03:00,0.6058633406634244,0.6108294287671868,0.5859989290479345,0.6008972525596619,144269312,0.0,0.0
2020-10-14 00:00:00+03:00,0.6033803406727324,0.6331768714711664,0.5984142522063267,0.6282107830047607,338395439,0.0,0.0
2020-10-15 00:00:00+03:00,0.628210782150596,0.6381429590699027,0.6008972956225023,0.6108294725418091,192479419,0.0,0.0
2020-10-16 00:00:00+03:00,0.6108294287671868,0.6157955168709494,0.5959311644558993,0.6008972525596619,70547206,0.0,0.0
2020-10-19 00:00:00+03:00,0.6033802909816605,0.6306937752975038,0.6008972469529474,0.6232446432113647,149689748,0.0,0.0
2020-10-20 00:00:00+03:00,0.6282107306422113,0.6878038464723251,0.6083463784323198,0.6803547143936157,417793581,0.0,0.0
2020-10-21 00:00:00+03:00,0.6778717268692618,0.6828378153356675,0.6232446945383551,0.6282107830047607,230532102,0.0,0.0
2020-10-22 00:00:00+03:00,0.6282107312687908,0.640625951412356,0.5984142029242344,0.6232446432113647,160258999,0.0,0.0
2020-10-23 00:00:00+03:00,0.6207615968650694,0.6381429050011683,0.5909650686317568,0.6058633327484131,107091113,0.0,0.0
2020-10-26 00:00:00+03:00,0.5934481131544735,0.5934481131544735,0.5487532615661621,0.5487532615661621,88177837,0.0,0.0
2020-10-27 00:00:00+03:00,0.5338550473306592,0.5661346226276199,0.5115075898477033,0.5537194013595581,142326336,0.0,0.0
2020-10-28 00:00:00+03:00,0.5537193837987014,0.5661346046730225,0.5413041629243804,0.5462702512741089,41907590,0.0,0.0
2020-10-30 00:00:00+03:00,0.5288889408111572,0.541304161656396,0.513990616596428,0.5288889408111572,77364550,0.0,0.0
2020-11-02 00:00:00+03:00,0.5288889581453203,0.5512363563991788,0.5214397661935894,0.5363380908966064,139703664,0.0,0.0
2020-11-03 00:00:00+03:00,0.5388211011886597,0.551236321658353,0.528888924812905,0.5388211011886597,112775981,0.0,0.0
2020-11-04 00:00:00+03:00,0.5413041470396209,0.5611684998556081,0.5413041470396209,0.5562024116516113,153277008,0.0,0.0
2020-11-05 00:00:00+03:00,0.5586854733764167,0.578549826818992,0.5487532966551291,0.5636515617370605,208378746,0.0,0.0
2020-11-06 00:00:00+03:00,0.5611684918403625,0.5735837121730263,0.5537193596407644,0.5611684918403625,71069326,0.0,0.0
2020-11-09 00:00:00+03:00,0.5686176512727468,0.6033803290695332,0.5661346070872937,0.5810328722000122,208319594,0.0,0.0
2020-11-10 00:00:00+03:00,0.5785498280145591,0.5909651081422677,0.5711006954581999,0.5810328722000122,83482289,0.0,0.0
2020-11-11 00:00:00+03:00,0.5835158824920654,0.6033802940223131,0.5785497944096134,0.5835158824920654,125960240,0.0,0.0
2020-11-12 00:00:00+03:00,0.5835159138970718,0.585998958071936,0.5313719862249237,0.5462702512741089,90121221,0.0,0.0
2020-11-13 00:00:00+03:00,0.5462702369092968,0.573583722114563,0.5338550163614484,0.573583722114563,57038214,0.0,0.0
2020-11-16 00:00:00+03:00,0.5760667743597222,0.578549818504359,0.5611685094919013,0.5686176419258118,53901142,0.0,0.0
2020-11-17 00:00:00+03:00,0.5686176574206558,0.5686176574206558,0.5413041710853577,0.5413041710853577,45605082,0.0,0.0
2020-11-18 00:00:00+03:00,0.5388210932625849,0.558685445721889,0.5363380492051719,0.5437871813774109,65416546,0.0,0.0
2020-11-19 00:00:00+03:00,0.546270225434824,0.546270225434824,0.5264058137750798,0.5437871813774109,49217026,0.0,0.0
2020-11-20 00:00:00+03:00,0.5437872171418884,0.5859989688941448,0.5388211287004464,0.576066792011261,98074269,0.0,0.0
2020-11-23 00:00:00+03:00,0.5785498280145591,0.6008972848840801,0.5636515629018405,0.5810328722000122,223538390,0.0,0.0
2020-11-24 00:00:00+03:00,0.5785498280145591,0.598414240698627,0.5636515629018405,0.5810328722000122,138064480,0.0,0.0
2020-11-25 00:00:00+03:00,0.5810328888489186,0.5909651250757721,0.5661346233093054,0.5711007118225098,122459028,0.0,0.0
2020-11-26 00:00:00+03:00,0.5711007118225098,0.5835159331055207,0.5661346233093054,0.5711007118225098,62328218,0.0,0.0
2020-11-27 00:00:00+03:00,0.5735837203656001,0.5760667644675985,0.5537193675496129,0.5562024116516113,62766354,0.0,0.0
2020-11-30 00:00:00+03:00,0.5487532775644143,0.5537193657522916,0.5313719689068437,0.5388211011886597,49719482,0.0,0.0
2020-12-01 00:00:00+03:00,0.5437871735230653,0.5537193496092591,0.5363380414584198,0.5487532615661621,57908798,0.0,0.0
2020-12-02 00:00:00+03:00,0.5512363314628601,0.5586854638771693,0.5437871990485509,0.5512363314628601,57067826,0.0,0.0
2020-12-03 00:00:00+03:00,0.551236340835451,0.5686176500977044,0.5487532966551291,0.5636515617370605,83079257,0.0,0.0
2020-12-04 00:00:00+03:00,0.5636515521533755,0.5661345962914786,0.5512363314628601,0.5512363314628601,49291806,0.0,0.0
2020-12-07 00:00:00+03:00,0.5512363055877106,0.5562023936308075,0.5462702175446137,0.5487532615661621,47148398,0.0,0.0
2020-12-08 00:00:00+03:00,0.5487532793456161,0.5636515439576065,0.5437871911416193,0.5562024116516113,70313694,0.0,0.0
2020-12-09 00:00:00+03:00,0.5586854898667828,0.5636515783740075,0.5487533128523334,0.5537194013595581,49000242,0.0,0.0
2020-12-10 00:00:00+03:00,0.5512363055877106,0.558685437652356,0.5413041295015167,0.5487532615661621,44498678,0.0,0.0
2020-12-11 00:00:00+03:00,0.5462702685987211,0.5586854898667828,0.5388211358378839,0.5537194013595581,42414234,0.0,0.0
2020-12-14 00:00:00+03:00,0.5586854399340458,0.5735837041241816,0.5537193518706672,0.5661345720291138,92100025,0.0,0.0
2020-12-15 00:00:00+03:00,0.573583722114563,0.5884819867719809,0.5636515456762844,0.573583722114563,149947692,0.0,0.0
2020-12-16 00:00:00+03:00,0.5735837121730263,0.5810328443726245,0.5537193596407644,0.5611684918403625,70926994,0.0,0.0
2020-12-17 00:00:00+03:00,0.561168534796101,0.5835159331055207,0.5562024462828965,0.5711007118225098,107530025,0.0,0.0
2020-12-18 00:00:00+03:00,0.5711006780049933,0.5884819867719809,0.5686176338954236,0.573583722114563,105358697,0.0,0.0
2020-12-21 00:00:00+03:00,0.5711006681064935,0.5711006681064935,0.5512363155742316,0.5611684918403625,59489518,0.0,0.0
2020-12-22 00:00:00+03:00,0.5636515359068953,0.5711006681064935,0.5562024037072971,0.5611684918403625,49633454,0.0,0.0
2020-12-23 00:00:00+03:00,0.5636515617370605,0.5711006942780263,0.5562024291960949,0.5636515617370605,66307838,0.0,0.0
2020-12-24 00:00:00+03:00,0.5636515359068953,0.5661345799734281,0.5562024037072971,0.5611684918403625,45574722,0.0,0.0
2020-12-25 00:00:00+03:00,0.5611685257649507,0.5686176584148749,0.556202437331668,0.5586854815483093,38281803,0.0,0.0
2020-12-28 00:00:00+03:00,0.5586854557536097,0.5611684998556081,0.5537193675496129,0.5562024116516113,39014851,0.0,0.0
2020-12-29 00:00:00+03:00,0.5562024116516113,0.5611684998556081,0.5487532793456161,0.5562024116516113,46250478,0.0,0.0
2020-12-30 00:00:00+03:00,0.5537194013595581,0.5586854898667828,0.5512363571059458,0.5537194013595581,24851707,0.0,0.0
2020-12-31 00:00:00+03:00,0.5562024197390663,0.5562024197390663,0.5437871990485509,0.5512363314628601,47462794,0.0,0.0
2021-01-04 00:00:00+03:00,0.5512363155742316,0.5661345799734281,0.5512363155742316,0.5611684918403625,56684458,0.0,0.0
2021-01-05 00:00:00+03:00,0.5611684998556081,0.5711006762636017,0.5487532793456161,0.5562024116516113,98079717,0.0,0.0
2021-01-06 00:00:00+03:00,0.556202437331668,0.5636515699815922,0.5512363488983851,0.5586854815483093,50389910,0.0,0.0
2021-01-07 00:00:00+03:00,0.5636515456762844,0.573583722114563,0.5562024133475754,0.573583722114563,110675853,0.0,0.0
2021-01-08 00:00:00+03:00,0.5785498080052687,0.630693793296814,0.5586854552086575,0.630693793296814,400885841,0.0,0.0
2021-01-11 00:00:00+03:00,0.645592094648299,0.6927699944265636,0.6381429619254854,0.6629734635353088,928439720,0.0,0.0
2021-01-12 00:00:00+03:00,0.6729056296058191,0.682837806408785,0.6257277305912875,0.633176863193512,341714819,0.0,0.0
2021-01-13 00:00:00+03:00,0.6331768621058945,0.6530412748781484,0.6083464201411314,0.6157955527305603,157802472,0.0,0.0
2021-01-14 00:00:00+03:00,0.6157955413986014,0.6182785855493844,0.5835159082379804,0.5859989523887634,185594515,0.0,0.0
2021-01-15 00:00:00+03:00,0.5835158985528416,0.5909650900819919,0.5636515456762844,0.573583722114563,130342000,0.0,0.0
2021-01-18 00:00:00+03:00,0.5760667932946438,0.6008972947576158,0.5711007048421383,0.5934481620788574,134720564,0.0,0.0
2021-01-19 00:00:00+03:00,0.5959311881923376,0.6008972764939036,0.5810328640871975,0.5859989523887634,75573746,0.0,0.0
2021-01-20 00:00:00+03:00,0.5859989605709184,0.5909651081422677,0.573583739643653,0.5810328722000122,76702826,0.0,0.0
2021-01-21 00:00:00+03:00,0.583515917915385,0.6157955516113524,0.5810328737234216,0.5984142422676086,197423215,0.0,0.0
2021-01-22 00:00:00+03:00,0.6058633666145983,0.6083464107728367,0.5909651016651678,0.6033803224563599,92910165,0.0,0.0
2021-01-25 00:00:00+03:00,0.6058633666145983,0.6108294549310751,0.5959311899816446,0.6033803224563599,83506541,0.0,0.0
2021-01-26 00:00:00+03:00,0.6008972782981215,0.6157955432475519,0.5859989541482485,0.6033803224563599,115491785,0.0,0.0
2021-01-27 00:00:00+03:00,0.6033803366482984,0.6058633808649397,0.5586854815483093,0.5586854815483093,138330732,0.0,0.0
2021-01-28 00:00:00+03:00,0.5562024133475754,0.5785498103337023,0.5338550163614484,0.573583722114563,84522913,0.0,0.0
2021-01-29 00:00:00+03:00,0.5586854399340458,0.5835158802509388,0.5586854399340458,0.5661345720291138,77569822,0.0,0.0
2021-02-01 00:00:00+03:00,0.5711006622859355,0.593448117857409,0.5661345742034835,0.5835158824920654,79819510,0.0,0.0
2021-02-02 00:00:00+03:00,0.5859989605709184,0.598414240698627,0.576066783829106,0.5810328722000122,78837614,0.0,0.0
2021-02-03 00:00:00+03:00,0.5810328565081424,0.600897268655735,0.5810328565081424,0.5909650921821594,95835321,0.0,0.0
2021-02-04 00:00:00+03:00,0.5909650921821594,0.598414224537341,0.5859989447449302,0.5909650921821594,57656094,0.0,0.0
2021-02-05 00:00:00+03:00,0.5959311741868737,0.62324465920357,0.5909650860020198,0.6133124828338623,217118410,0.0,0.0
2021-02-08 00:00:00+03:00,0.6232446945383551,0.6306938272379636,0.6083464291391381,0.6282107830047607,131679028,0.0,0.0
2021-02-09 00:00:00+03:00,0.6282107371303556,0.6306937811822368,0.6008972525596619,0.6008972525596619,62604586,0.0,0.0
2021-02-10 00:00:00+03:00,0.605863375944655,0.620761641123513,0.6008972875517024,0.6157955527305603,73495458,0.0,0.0
2021-02-11 00:00:00+03:00,0.6157955168709494,0.6207616049747119,0.6008972525596619,0.6008972525596619,52167450,0.0,0.0
2021-02-12 00:00:00+03:00,0.6008972875517024,0.6182785969270366,0.5909651107657972,0.6157955527305603,64315290,0.0,0.0
2021-02-15 00:00:00+03:00,0.6157955432475519,0.6232446757222673,0.6033803224563599,0.6033803224563599,64604762,0.0,0.0
2021-02-16 00:00:00+03:00,0.6058633832101213,0.6108294716626269,0.585998970199655,0.5934481620788574,61521734,0.0,0.0
2021-02-17 00:00:00+03:00,0.5959311804189472,0.600897268655735,0.5859989447449302,0.5909650921821594,48733858,0.0,0.0
2021-02-18 00:00:00+03:00,0.593448117857409,0.598414205939861,0.5785497944096134,0.5835158824920654,41190066,0.0,0.0
2021-02-19 00:00:00+03:00,0.5835158904535233,0.5884819786037323,0.5760667582282097,0.5785498023033142,58219162,0.0,0.0
2021-02-22 00:00:00+03:00,0.5835159331055207,0.5884820216187252,0.5711007118225098,0.5711007118225098,41399186,0.0,0.0
2021-02-23 00:00:00+03:00,0.5735837017816467,0.5785497898247436,0.5462702175446137,0.5487532615661621,68843206,0.0,0.0
2021-02-24 00:00:00+03:00,0.5413041271461873,0.5636515232428851,0.5313719511032104,0.5313719511032104,54918678,0.0,0.0
2021-02-25 00:00:00+03:00,0.5437872058254437,0.5487532941635392,0.5164736607654757,0.5288889408111572,39201751,0.0,0.0
2021-02-26 00:00:00+03:00,0.49412627837803136,0.5214397650741078,0.4916432341329335,0.51895672082901,34479039,0.0,0.0
2021-03-01 00:00:00+03:00,0.5288889170329328,0.546270225434824,0.5239227697176667,0.5437871813774109,28907743,0.0,0.0
2021-03-02 00:00:00+03:00,0.5512363055877106,0.5611684816739044,0.5437871735230653,0.5487532615661621,38784707,0.0,0.0
2021-03-03 00:00:00+03:00,0.5487532694922369,0.556202401664476,0.5413041373199979,0.5437871813774109,22498579,0.0,0.0
2021-03-04 00:00:00+03:00,0.5413041720318196,0.5711007026315164,0.5388211278151781,0.5586854815483093,79201290,0.0,0.0
2021-03-05 00:00:00+03:00,0.5537193931150265,0.5711007026315164,0.5537193931150265,0.5586854815483093,49355874,0.0,0.0
2021-03-08 00:00:00+03:00,0.5611685080152724,0.5661345962914786,0.548753287324757,0.5512363314628601,31809427,0.0,0.0
2021-03-09 00:00:00+03:00,0.5537193675496129,0.5611684998556081,0.5487532793456161,0.5562024116516113,25067563,0.0,0.0
2021-03-10 00:00:00+03:00,0.556202437331668,0.5686176584148749,0.5537193931150265,0.5586854815483093,56634722,0.0,0.0
2021-03-11 00:00:00+03:00,0.5611684816739044,0.5636515256954528,0.5462702175446137,0.5487532615661621,31937711,0.0,0.0
2021-03-12 00:00:00+03:00,0.5487532694922369,0.55123631354965,0.5388210932625849,0.5437871813774109,24241927,0.0,0.0
2021-03-15 00:00:00+03:00,0.543787189376537,0.5487532775644143,0.5363380570947209,0.5388211011886597,22682803,0.0,0.0
2021-03-16 00:00:00+03:00,0.5413041710853577,0.551236347934557,0.5338550384484582,0.5413041710853577,38887243,0.0,0.0
2021-03-17 00:00:00+03:00,0.54130415339334,0.5611685064424909,0.526405829406035,0.5338550209999084,89864273,0.0,0.0
2021-03-18 00:00:00+03:00,0.5338550291492528,0.5437872058254437,0.5288889408111572,0.5288889408111572,27141183,0.0,0.0
2021-03-19 00:00:00+03:00,0.5288889570098461,0.5338550455000417,0.5065414996035207,0.51895672082901,29793119,0.0,0.0
2021-03-22 00:00:00+03:00,0.48419409459366436,0.49412627143448723,0.46929579973220825,0.46929579973220825,15864579,0.0,0.0
2021-03-23 00:00:00+03:00,0.4519144731813085,0.4792279584612974,0.42460095830109895,0.46184664964675903,35671339,0.0,0.0
2021-03-24 00:00:00+03:00,0.4643297171448582,0.5015754103660583,0.4643297171448582,0.5015754103660583,34195455,0.0,0.0
2021-03-25 00:00:00+03:00,0.5015754010687186,0.5115075778502072,0.48667713589648576,0.4891601800918579,22578243,0.0,0.0
2021-03-26 00:00:00+03:00,0.4941262464391896,0.49909233460839225,0.47177882007755734,0.4841940701007843,20578563,0.0,0.0
2021-03-29 00:00:00+03:00,0.4891601811496192,0.5164736673577754,0.4891601811496192,0.5065414905548096,26691143,0.0,0.0
2021-03-30 00:00:00+03:00,0.5015754010687186,0.5040584452640907,0.4792279737101477,0.4891601800918579,23898059,0.0,0.0
2021-03-31 00:00:00+03:00,0.48916015425940296,0.49412624238788905,0.4841940661309168,0.4866771101951599,13922911,0.0,0.0
2021-04-01 00:00:00+03:00,0.48916017197229683,0.4990923485889214,0.48916017197229683,0.49412626028060913,31259695,0.0,0.0
2021-04-02 00:00:00+03:00,0.4966093126779743,0.4966093126779743,0.48667713589648576,0.4891601800918579,12736367,0.0,0.0
2021-04-05 00:00:00+03:00,0.489160164014319,0.5015753845831207,0.4866771199005587,0.49909234046936035,27046447,0.0,0.0
2021-04-06 00:00:00+03:00,0.4990923527102137,0.4990923527102137,0.48916017601157347,0.4916432201862335,18073611,0.0,0.0
2021-04-07 00:00:00+03:00,0.4916432201862335,0.49660930853555363,0.48419408766225336,0.4916432201862335,11633379,0.0,0.0
2021-04-08 00:00:00+03:00,0.49164322428723006,0.5040584452640907,0.4891601800918579,0.4891601800918579,20098939,0.0,0.0
2021-04-09 00:00:00+03:00,0.4866771388038701,0.4891601830140758,0.46184666710159106,0.46929579973220825,16899479,0.0,0.0
2021-04-12 00:00:00+03:00,0.4692957987025616,0.4717788429073195,0.4519144892692566,0.4519144892692566,11788007,0.0,0.0
2021-04-13 00:00:00+03:00,0.4543975237010782,0.45936361200378595,0.43205009673867206,0.43949922919273376,20455111,0.0,0.0
2021-04-14 00:00:00+03:00,0.4444653190573874,0.46184665777816747,0.44198227489730757,0.4568805694580078,15009071,0.0,0.0
2021-04-15 00:00:00+03:00,0.45936361772822576,0.4643297060928193,0.44943141139881715,0.4543975293636322,18338859,0.0,0.0
2021-04-16 00:00:00+03:00,0.45439753347401446,0.45439753347401446,0.44446532705476127,0.4519144892692566,16596395,0.0,0.0
2021-04-19 00:00:00+03:00,0.45191449106406845,0.45191449106406845,0.41218572442971346,0.4146687686443329,19836911,0.0,0.0
2021-04-20 00:00:00+03:00,0.41466874483895955,0.417151788911032,0.38735523044594256,0.3923213481903076,21271139,0.0,0.0
2021-04-21 00:00:00+03:00,0.3923213586231585,0.3972874468993646,0.35755871108949444,0.36749088764190674,21766411,0.0,0.0
2021-04-22 00:00:00+03:00,0.3699739451384605,0.3823891662772456,0.3525926059439393,0.37742307782173157,23160379,0.0,0.0
2021-04-26 00:00:00+03:00,0.3501095541472631,0.3873552463586364,0.3501095541472631,0.3823891580104828,6563375,0.0,0.0
2021-04-27 00:00:00+03:00,0.38238916211684865,0.3848722063175901,0.3749400295146242,0.3799061179161072,3665907,0.0,0.0
2021-04-28 00:00:00+03:00,0.3799061220494886,0.3799061220494886,0.37494003359397454,0.37742307782173157,2639695,0.0,0.0
2021-04-29 00:00:00+03:00,0.37742305035507484,0.39728743233173874,0.37742305035507484,0.3948043882846832,4125239,0.0,0.0
2021-04-30 00:00:00+03:00,0.38983830019057225,0.39728743233173874,0.3823891384491858,0.3948043882846832,2463563,0.0,0.0
2021-05-03 00:00:00+03:00,0.39480439801754175,0.40970266266715205,0.39232135390927336,0.40721961855888367,4236771,0.0,0.0
2021-05-04 00:00:00+03:00,0.4072196225974015,0.41218571086318845,0.39728744606582767,0.40473657846450806,4839171,0.0,0.0
2021-05-05 00:00:00+03:00,0.4022535424588182,0.4022535424588182,0.39232136572657283,0.39977049827575684,4555815,0.0,0.0
2021-05-06 00:00:00+03:00,0.39728745914199676,0.41715181285895236,0.39232137071275786,0.4146687686443329,7919751,0.0,0.0
2021-05-07 00:00:00+03:00,0.4121857203585201,0.4171518087387085,0.4047365877882374,0.4171518087387085,6054767,0.0,0.0
2021-05-10 00:00:00+03:00,0.41963486272135225,0.42956703901290894,0.41218570090246454,0.42956703901290894,5085203,0.0,0.0
2021-05-11 00:00:00+03:00,0.4196348705853148,0.4270840029435791,0.4171517968656726,0.4246009588241577,18105639,0.0,0.0
2021-05-12 00:00:00+03:00,0.42460094695721207,0.43205007910728455,0.42211790290718787,0.43205007910728455,4902607,0.0,0.0
2021-05-17 00:00:00+03:00,0.42956705115907656,0.43205009530217475,0.4221179187297821,0.4221179187297821,11242607,0.0,0.0
2021-05-18 00:00:00+03:00,0.42460096287288024,0.42708400701597843,0.41715180084336473,0.4221179187297821,13150971,0.0,0.0
2021-05-20 00:00:00+03:00,0.4221179187297821,0.43205009530217475,0.41466875670026654,0.4221179187297821,22787319,0.0,0.0
2021-05-21 00:00:00+03:00,0.4221179105283844,0.46432968974113464,0.4196348664335297,0.46432968974113464,58501234,0.0,0.0
2021-05-24 00:00:00+03:00,0.4767449123600249,0.48171103017229466,0.4419822652754605,0.444465309381485,39702995,0.0,0.0
2021-05-25 00:00:00+03:00,0.4469483495126064,0.4469483495126064,0.4047365704853757,0.4097026586532593,22128487,0.0,0.0
2021-05-26 00:00:00+03:00,0.40970265468772665,0.41715178686745147,0.39480439032827697,0.4121856987476349,19267163,0.0,0.0
2021-05-27 00:00:00+03:00,0.41218571086318845,0.41466875499608197,0.4022535343316146,0.40473657846450806,12744823,0.0,0.0
2021-05-28 00:00:00+03:00,0.4022535343316146,0.41466875499608197,0.3923213578000407,0.40473657846450806,12760971,0.0,0.0
2021-05-31 00:00:00+03:00,0.4072196145693175,0.41715179090508464,0.4022535264014339,0.4097026586532593,17649923,0.0,0.0
2021-06-01 00:00:00+03:00,0.40970265468772665,0.4196348605275798,0.40721961062781836,0.4121856987476349,13264271,0.0,0.0
2021-06-02 00:00:00+03:00,0.40721961855888367,0.41963486870044625,0.4047365744506153,0.40721961855888367,20675235,0.0,0.0
2021-06-03 00:00:00+03:00,0.4072196145693175,0.41466874682114285,0.4047365704853757,0.4097026586532593,8151575,0.0,0.0
2021-06-04 00:00:00+03:00,0.40721961062781836,0.4146687428075432,0.40721961062781836,0.4121856987476349,5028367,0.0,0.0
2021-06-07 00:00:00+03:00,0.41218572442971346,0.42211793088841315,0.409702680215094,0.4146687686443329,7898975,0.0,0.0
2021-06-08 00:00:00+03:00,0.4171517852069196,0.4394992112573571,0.41466874115689545,0.43205007910728455,33122759,0.0,0.0
2021-06-09 00:00:00+03:00,0.42956703901290894,0.43453312715868725,0.42460095086713057,0.42956703901290894,7480723,0.0,0.0
2021-06-10 00:00:00+03:00,0.4270840124007386,0.43701618909835815,0.4221179240519289,0.43701618909835815,17515747,0.0,0.0
2021-06-11 00:00:00+03:00,0.43701618504137985,0.43949922919273376,0.43205009673867206,0.43949922919273376,12337047,0.0,0.0
2021-06-14 00:00:00+03:00,0.44198226766010784,0.44446531177952925,0.42211791470473625,0.4246009588241577,18828731,0.0,0.0
2021-06-15 00:00:00+03:00,0.4221179228024616,0.4295670553036268,0.4171518048681301,0.4196348786354065,10513539,0.0,0.0
2021-06-16 00:00:00+03:00,0.41963487286208984,0.41963487286208984,0.4022535343316146,0.40473657846450806,10318303,0.0,0.0
2021-06-17 00:00:00+03:00,0.39728743233173874,0.40473656447290524,0.3948043882846832,0.3948043882846832,8468075,0.0,0.0
2021-06-18 00:00:00+03:00,0.3972874403881562,0.4022535285829723,0.38735523439830344,0.389838308095932,8870223,0.0,0.0
2021-06-21 00:00:00+03:00,0.3898383160005918,0.392321360148348,0.3799061098093461,0.3848721981048584,7477207,0.0,0.0
2021-06-22 00:00:00+03:00,0.3873552265432968,0.3997704763787942,0.38487218249624133,0.3948043882846832,16104687,0.0,0.0
2021-06-23 00:00:00+03:00,0.3948044139727656,0.40225354659861245,0.3948044139727656,0.3972874581813812,6603327,0.0,0.0
2021-06-24 00:00:00+03:00,0.3972874540926955,0.4097026750080022,0.3972874540926955,0.39977049827575684,10970791,0.0,0.0
2021-06-25 00:00:00+03:00,0.4022535343316146,0.4072196225974015,0.3898383136671472,0.40473657846450806,16520131,0.0,0.0
2021-06-28 00:00:00+03:00,0.4072196207736386,0.43701617983513513,0.387355238199234,0.387355238199234,56467622,0.0,0.0
2021-06-29 00:00:00+03:00,0.3898383119212278,0.3898383119212278,0.36997392934682316,0.387355238199234,15463739,0.0,0.0
2021-06-30 00:00:00+03:00,0.38735522821385454,0.38983830187183877,0.37245696386726934,0.37494000792503357,10580291,0.0,0.0
2021-07-01 00:00:00+03:00,0.37245697736607764,0.3848721981048584,0.36997393321832145,0.3848721981048584,9474923,0.0,0.0
2021-07-02 00:00:00+03:00,0.38735525473275967,0.38735525473275967,0.37494003359397454,0.37742307782173157,9270139,0.0,0.0
2021-07-05 00:00:00+03:00,0.3774230737153657,0.3873552505183316,0.3749400295146242,0.3799061179161072,9746263,0.0,0.0
2021-07-06 00:00:00+03:00,0.38238916211684865,0.3848722063175901,0.3774230737153657,0.3799061179161072,5230355,0.0,0.0
2021-07-07 00:00:00+03:00,0.3823891662772456,0.38735525473275967,0.37494003359397454,0.37742307782173157,16092791,0.0,0.0
2021-07-08 00:00:00+03:00,0.37742306419431904,0.3799061083324221,0.36500784350380366,0.36749088764190674,11484743,0.0,0.0
2021-07-09 00:00:00+03:00,0.36749090002407886,0.3699739442458452,0.3550756493150253,0.3600417673587799,16406851,0.0,0.0
2021-07-12 00:00:00+03:00,0.36252479346189315,0.36252479346189315,0.3501095433733422,0.3525925874710083,18585267,0.0,0.0
2021-07-13 00:00:00+03:00,0.3525925814333151,0.3525925814333151,0.3352112730472851,0.33769431710243225,15909447,0.0,0.0
2021-07-14 00:00:00+03:00,0.3376943386660991,0.34514347130720924,0.3376943386660991,0.34266042709350586,7863395,0.0,0.0
2021-07-16 00:00:00+03:00,0.34266042709350586,0.34762651552091256,0.3376943386660991,0.34266042709350586,7940891,0.0,0.0
2021-07-19 00:00:00+03:00,0.3401773828798025,0.34514347130720924,0.3376943386660991,0.34266042709350586,2654607,0.0,0.0
2021-07-26 00:00:00+03:00,0.34514344963164323,0.37494000792503357,0.342660405573879,0.37494000792503357,48260794,0.0,0.0
2021-07-27 00:00:00+03:00,0.3873552259837022,0.39977047580126385,0.3575586974620819,0.3575586974620819,65388730,0.0,0.0
2021-07-28 00:00:00+03:00,0.3575587231370136,0.3749400326893778,0.3550756493150253,0.3600417673587799,22926835,0.0,0.0
2021-07-29 00:00:00+03:00,0.3625248033819197,0.37742306837558814,0.3625248033819197,0.36500784754753113,31298399,0.0,0.0
2021-07-30 00:00:00+03:00,0.3625247993657006,0.3724569759181129,0.3600417552275975,0.36749088764190674,12079339,0.0,0.0
2021-08-02 00:00:00+03:00,0.36749090091070347,0.38735525473275967,0.3650078566829465,0.37742307782173157,42491674,0.0,0.0
2021-08-03 00:00:00+03:00,0.3799061179161072,0.3898383243192948,0.3749400295146242,0.3799061179161072,40237482,0.0,0.0
2021-08-04 00:00:00+03:00,0.3799060944021303,0.41218569661407173,0.37742305035507484,0.3948043882846832,75295106,0.0,0.0
2021-08-05 00:00:00+03:00,0.38983830019057225,0.4022535204258497,0.3873552265432968,0.3948043882846832,19692555,0.0,0.0
2021-08-06 00:00:00+03:00,0.39480440016477375,0.40225353253009266,0.38238914995568807,0.387355238199234,22821479,0.0,0.0
2021-08-09 00:00:00+03:00,0.38735522821385454,0.39232134592960294,0.37245696386726934,0.37494000792503357,22011319,0.0,0.0
2021-08-10 00:00:00+03:00,0.37494000792503357,0.37742305198279774,0.37245696386726934,0.37494000792503357,8176407,0.0,0.0
2021-08-11 00:00:00+03:00,0.3749400284206382,0.37742307261413477,0.360041763259659,0.3625248074531555,10666495,0.0,0.0
2021-08-12 00:00:00+03:00,0.36500785164665206,0.36997394003364514,0.360041763259659,0.3625248074531555,10225891,0.0,0.0
2021-08-13 00:00:00+03:00,0.3625247876362126,0.37742305198279774,0.3625247876362126,0.37494000792503357,18867871,0.0,0.0
2021-08-16 00:00:00+03:00,0.37494000792503357,0.37742305198279774,0.37245696386726934,0.37494000792503357,9059927,0.0,0.0
2021-08-17 00:00:00+03:00,0.3749400295146242,0.38238916211684865,0.3650078527116583,0.3799061179161072,22185451,0.0,0.0
2021-08-18 00:00:00+03:00,0.38238914230179766,0.417151788911032,0.3774230541576528,0.3923213481903076,130544020,0.0,0.0
2021-08-19 00:00:00+03:00,0.3898383160005918,0.3997704925916165,0.3799061098093461,0.3848721981048584,54598486,0.0,0.0
2021-08-20 00:00:00+03:00,0.3848722021845596,0.38983832013293457,0.379906113836406,0.3823891580104828,17479035,0.0,0.0
2021-08-23 00:00:00+03:00,0.38735523609251593,0.41218570677542044,0.38487219198424755,0.40721961855888367,59382174,0.0,0.0
2021-08-24 00:00:00+03:00,0.4047365704853757,0.43949921726078106,0.4022535264014339,0.4097026586532593,90967257,0.0,0.0
2021-08-25 00:00:00+03:00,0.40970266266715205,0.41218570677542044,0.39480439801754175,0.40721961855888367,38042771,0.0,0.0
2021-08-26 00:00:00+03:00,0.4072196308249409,0.41466876337412495,0.3972874540926955,0.39977049827575684,23853855,0.0,0.0
2021-08-27 00:00:00+03:00,0.3997704823174921,0.41218570273720107,0.3997704823174921,0.4097026586532593,35245111,0.0,0.0
2021-08-31 00:00:00+03:00,0.414668760701075,0.42460096696951666,0.40970267236696484,0.4196348786354065,49867386,0.0,0.0
2021-09-01 00:00:00+03:00,0.41963486458924676,0.42211790867318855,0.4047365704853757,0.4097026586532593,32647891,0.0,0.0
2021-09-02 00:00:00+03:00,0.41218570677542044,0.4146687508836888,0.40721961855888367,0.40721961855888367,14540975,0.0,0.0
2021-09-03 00:00:00+03:00,0.40970266266715205,0.4146687508836888,0.4022535303423469,0.40721961855888367,38245843,0.0,0.0
2021-09-06 00:00:00+03:00,0.40970267616842587,0.4246009709092127,0.4072196319783316,0.4171518087387085,32865315,0.0,0.0
2021-09-07 00:00:00+03:00,0.41466875915924534,0.4171518033170679,0.40225353837013245,0.40225353837013245,21810263,0.0,0.0
2021-09-08 00:00:00+03:00,0.4047365808871288,0.4047365808871288,0.3848721981048584,0.3848721981048584,26406895,0.0,0.0
2021-09-09 00:00:00+03:00,0.3848721863738701,0.3972874363344525,0.38238914230179766,0.3923213481903076,20779183,0.0,0.0
2021-09-10 00:00:00+03:00,0.39480440016477375,0.40225353253009266,0.387355238199234,0.387355238199234,17400207,0.0,0.0
2021-09-13 00:00:00+03:00,0.389838305981725,0.41715179090508464,0.38735523229756286,0.4097026586532593,67931762,0.0,0.0
2021-09-14 00:00:00+03:00,0.4097026750080022,0.41466876337412495,0.3972874540926955,0.39977049827575684,33414583,0.0,0.0
2021-09-15 00:00:00+03:00,0.3972874403881562,0.39977048448556424,0.38735523439830344,0.389838308095932,21150063,0.0,0.0
2021-09-16 00:00:00+03:00,0.39232136430701137,0.39480440848108816,0.3823891580104828,0.3823891580104828,12750775,0.0,0.0
2021-09-17 00:00:00+03:00,0.38487219407746104,0.39480440016477375,0.3799061058339151,0.387355238199234,22890735,0.0,0.0
2021-09-20 00:00:00+03:00,0.38487219660862826,0.38487219660862826,0.36500784350380366,0.36749088764190674,26032147,0.0,0.0
2021-09-21 00:00:00+03:00,0.36997394003364514,0.37742307261413477,0.360041763259659,0.3625248074531555,41147730,0.0,0.0
2021-09-22 00:00:00+03:00,0.3625248074531555,0.3674908958401486,0.35507564527244423,0.3625248074531555,10230395,0.0,0.0
2021-09-23 00:00:00+03:00,0.36500784350380366,0.3724569759181129,0.3625247993657006,0.36749088764190674,16532475,0.0,0.0
2021-09-24 00:00:00+03:00,0.36749090002407886,0.36749090002407886,0.35259260509325896,0.3600417673587799,10672575,0.0,0.0
2021-09-27 00:00:00+03:00,0.3625247855490186,0.36749087363595534,0.3550756238183937,0.3575586974620819,9122831,0.0,0.0
2021-09-28 00:00:00+03:00,0.35755870526656097,0.36004174936422706,0.3476264992756762,0.3525925874710083,19017351,0.0,0.0
2021-09-29 00:00:00+03:00,0.3550756315686744,0.36252479346189315,0.3501095433733422,0.3525925874710083,26197207,0.0,0.0
2021-09-30 00:00:00+03:00,0.35507563562874905,0.35507563562874905,0.3451434591245163,0.3501095473766327,12871427,0.0,0.0
2021-10-01 00:00:00+03:00,0.3476264992756762,0.3550756315686744,0.3451434551780101,0.3525925874710083,17274083,0.0,0.0
2021-10-04 00:00:00+03:00,0.36252481245518947,0.38735525473275967,0.36252481245518947,0.37742307782173157,80891221,0.0,0.0
2021-10-05 00:00:00+03:00,0.3799061179161072,0.3923213685200363,0.3749400295146242,0.3799061179161072,50604782,0.0,0.0
2021-10-06 00:00:00+03:00,0.3898383243192948,0.3898383243192948,0.3724569853138827,0.3799061179161072,43491050,0.0,0.0
2021-10-07 00:00:00+03:00,0.3823891662772456,0.38735525473275967,0.37494003359397454,0.37742307782173157,13790771,0.0,0.0
2021-10-08 00:00:00+03:00,0.37742305198279774,0.37990609604056197,0.37494000792503357,0.37494000792503357,7140923,0.0,0.0
2021-10-11 00:00:00+03:00,0.3774230559990315,0.37990610008321823,0.37245696783065796,0.37245696783065796,8520627,0.0,0.0
2021-10-12 00:00:00+03:00,0.37494002005621596,0.3799061083324221,0.36500784350380366,0.36749088764190674,16847015,0.0,0.0
2021-10-13 00:00:00+03:00,0.3699739237464712,0.382389144167405,0.3699739237464712,0.37245696783065796,22935007,0.0,0.0
2021-10-14 00:00:00+03:00,0.37245696783065796,0.37990610008321823,0.37245696783065796,0.37245696783065796,10654611,0.0,0.0
2021-10-15 00:00:00+03:00,0.3749400119148447,0.3774230559990315,0.36749087966228444,0.37245696783065796,22432351,0.0,0.0
2021-10-18 00:00:00+03:00,0.37245696386726934,0.37742305198279774,0.36997391980950517,0.37494000792503357,13359383,0.0,0.0
2021-10-19 00:00:00+03:00,0.37742307782173157,0.38487221050500264,0.37494003359397454,0.37742307782173157,23574547,0.0,0.0
2021-10-20 00:00:00+03:00,0.37742307782173157,0.3823891662772456,0.37494003359397454,0.37742307782173157,8330231,0.0,0.0
2021-10-21 00:00:00+03:00,0.3774230541576528,0.41466874483895955,0.3774230541576528,0.3923213481903076,96224961,0.0,0.0
2021-10-22 00:00:00+03:00,0.3923213442376277,0.3997704763787942,0.3923213442376277,0.3948043882846832,17860651,0.0,0.0
2021-10-25 00:00:00+03:00,0.39232136572657283,0.40473658664187956,0.3873552477602286,0.39977049827575684,24786771,0.0,0.0
2021-10-26 00:00:00+03:00,0.3997704763787942,0.40473656447290524,0.38983830019057225,0.3948043882846832,16355867,0.0,0.0
2021-10-27 00:00:00+03:00,0.3948044139727656,0.4072196350158437,0.39232136976415,0.3972874581813812,20064683,0.0,0.0
2021-10-28 00:00:00+03:00,0.39977049827575684,0.4072196308249409,0.3972874540926955,0.39977049827575684,11239515,0.0,0.0
2021-11-01 00:00:00+03:00,0.4022535264014339,0.41715179090508464,0.3997704823174921,0.4097026586532593,33288187,0.0,0.0
2021-11-02 00:00:00+03:00,0.41218571500142276,0.4171518033170679,0.3997704942123099,0.40225353837013245,14249839,0.0,0.0
2021-11-03 00:00:00+03:00,0.4022535424588182,0.4097026750080022,0.3823891593941059,0.39977049827575684,21204479,0.0,0.0
2021-11-04 00:00:00+03:00,0.4047365744506153,0.4171517949919572,0.4022535303423469,0.40721961855888367,37177991,0.0,0.0
2021-11-05 00:00:00+03:00,0.40970266266715205,0.4146687508836888,0.4047365744506153,0.40721961855888367,21378883,0.0,0.0
2021-11-08 00:00:00+03:00,0.41218572442971346,0.41715181285895236,0.4047365917858551,0.4146687686443329,27459327,0.0,0.0
2021-11-09 00:00:00+03:00,0.41715179090508464,0.41715179090508464,0.4072196145693175,0.4097026586532593,37568939,0.0,0.0
2021-11-10 00:00:00+03:00,0.4121857203585201,0.4246009709092127,0.4072196319783316,0.4171518087387085,53685514,0.0,0.0
2021-11-11 00:00:00+03:00,0.41466874682114285,0.41715179090508464,0.3997704823174921,0.4097026586532593,41233638,0.0,0.0
2021-11-12 00:00:00+03:00,0.41218572442971346,0.41715181285895236,0.409702680215094,0.4146687686443329,22040275,0.0,0.0
2021-11-15 00:00:00+03:00,0.41715180084336473,0.42708400701597843,0.41466875670026654,0.4221179187297821,23312067,0.0,0.0
2021-11-16 00:00:00+03:00,0.42211793088841315,0.4246009751030326,0.41218572442971346,0.4146687686443329,18290967,0.0,0.0
2021-11-17 00:00:00+03:00,0.4146687645486143,0.4221179267191185,0.4121857203585201,0.4171518087387085,9765215,0.0,0.0
2021-11-18 00:00:00+03:00,0.41963486458924676,0.41963486458924676,0.4072196145693175,0.4097026586532593,19584043,0.0,0.0
2021-11-19 00:00:00+03:00,0.4146687428075432,0.41715178686745147,0.40970265468772665,0.4121856987476349,8599003,0.0,0.0
2021-11-22 00:00:00+03:00,0.41715178904824285,0.42956703901290894,0.4146687449753537,0.42956703901290894,27691019,0.0,0.0
2021-11-23 00:00:00+03:00,0.42460094864739634,0.4320500808271212,0.40970265468772665,0.4121856987476349,28180895,0.0,0.0
2021-11-24 00:00:00+03:00,0.4146687645486143,0.42708401509930694,0.4146687645486143,0.4171518087387085,22695775,0.0,0.0
2021-11-25 00:00:00+03:00,0.4196348825290243,0.4221179267191185,0.4146687645486143,0.4171518087387085,7592087,0.0,0.0
2021-11-26 00:00:00+03:00,0.4171518075571863,0.4171518075571863,0.3972874540926955,0.39977049827575684,14668723,0.0,0.0
2021-11-29 00:00:00+03:00,0.4022535424588182,0.4072196308249409,0.3972874540926955,0.39977049827575684,24865991,0.0,0.0
2021-11-30 00:00:00+03:00,0.39977049827575684,0.4072196308249409,0.3972874540926955,0.39977049827575684,22677955,0.0,0.0
2021-12-01 00:00:00+03:00,0.4022535303423469,0.40970266266715205,0.4022535303423469,0.40721961855888367,19868479,0.0,0.0
2021-12-02 00:00:00+03:00,0.40721961062781836,0.4146687428075432,0.40473656656791007,0.4121856987476349,18393595,0.0,0.0
2021-12-03 00:00:00+03:00,0.4146687658220064,0.4419822815971405,0.4146687658220064,0.43453314900398254,43453954,0.0,0.0
2021-12-06 00:00:00+03:00,0.43949923864524554,0.45439753347401446,0.432050106030972,0.4519144892692566,32490587,0.0,0.0
2021-12-07 00:00:00+03:00,0.45191448113784816,0.46184665777816747,0.44198227489730757,0.4568805694580078,26671707,0.0,0.0
2021-12-08 00:00:00+03:00,0.45439751540580386,0.46184664772387757,0.43701617706341134,0.444465309381485,43998502,0.0,0.0
2021-12-09 00:00:00+03:00,0.4444653257948598,0.4519144879882394,0.43453314900398254,0.43453314900398254,18652367,0.0,0.0
2021-12-10 00:00:00+03:00,0.43701617706341134,0.4494313975935341,0.4320500888513622,0.444465309381485,29326667,0.0,0.0
2021-12-13 00:00:00+03:00,0.4469483494758606,0.4568805554110315,0.444465305392123,0.4469483494758606,23454623,0.0,0.0
2021-12-14 00:00:00+03:00,0.4494314099703825,0.4519144837450088,0.43453314492395323,0.43701618909835815,17647675,0.0,0.0
2021-12-15 00:00:00+03:00,0.4394992277314692,0.44198227187456735,0.4221179187297821,0.4221179187297821,23839831,0.0,0.0
2021-12-16 00:00:00+03:00,0.422117928015386,0.43949923739942115,0.4196348838176667,0.43453314900398254,19989719,0.0,0.0
2021-12-17 00:00:00+03:00,0.43949921515990414,0.44198225923197654,0.3923213481903076,0.3923213481903076,30292263,0.0,0.0
2021-12-20 00:00:00+03:00,0.37990609604056197,0.39232134592960294,0.3625247876362126,0.37494000792503357,20546039,0.0,0.0
2021-12-21 00:00:00+03:00,0.3898383144850554,0.39480440276126155,0.36500784350380366,0.36749088764190674,18024691,0.0,0.0
2021-12-22 00:00:00+03:00,0.3799061220494886,0.38487221050500264,0.37494003359397454,0.37742307782173157,44524702,0.0,0.0
2021-12-23 00:00:00+03:00,0.3774230600691743,0.3823891482911023,0.3650078395143544,0.36997392773628235,23088099,0.0,0.0
2021-12-24 00:00:00+03:00,0.3724569853138827,0.38238916211684865,0.3674908969123998,0.3799061179161072,20574903,0.0,0.0
2021-12-27 00:00:00+03:00,0.3799061021060793,0.39480439629074815,0.3799061021060793,0.389838308095932,20577995,0.0,0.0
2021-12-28 00:00:00+03:00,0.38983832856073874,0.39480441701625274,0.37494003359397454,0.37742307782173157,18050847,0.0,0.0
2021-12-29 00:00:00+03:00,0.37742307782173157,0.38487221050500264,0.37494003359397454,0.37742307782173157,9708911,0.0,0.0
2021-12-30 00:00:00+03:00,0.3799061058339151,0.3997704884083197,0.37742306171214207,0.387355238199234,35305379,0.0,0.0
2021-12-31 00:00:00+03:00,0.3873552422526146,0.3898383160005918,0.38238915395710227,0.3848721981048584,5198287,0.0,0.0
2022-01-03 00:00:00+03:00,0.38735523439830344,0.3923213521933401,0.3799061021060793,0.389838308095932,20024847,0.0,0.0
2022-01-04 00:00:00+03:00,0.3923213617388422,0.40225353837013245,0.3923213617388422,0.40225353837013245,29711987,0.0,0.0
2022-01-05 00:00:00+03:00,0.4022535303423469,0.4171517949919572,0.39728744212581013,0.40721961855888367,35724379,0.0,0.0
2022-01-06 00:00:00+03:00,0.4022535264014339,0.42211790867318855,0.39728743823355034,0.4097026586532593,27590915,0.0,0.0
2022-01-07 00:00:00+03:00,0.4121856987476349,0.41715178686745147,0.40721961062781836,0.4121856987476349,16296643,0.0,0.0
2022-01-10 00:00:00+03:00,0.42460096696951666,0.42708401113657174,0.4171518048681301,0.4196348786354065,13980115,0.0,0.0
2022-01-11 00:00:00+03:00,0.42211790867318855,0.42211790867318855,0.4047365704853757,0.4097026586532593,13918959,0.0,0.0
2022-01-12 00:00:00+03:00,0.4121857047421926,0.4270839989185333,0.40970266064617256,0.4270839989185333,25226519,0.0,0.0
2022-01-13 00:00:00+03:00,0.4295670470630006,0.4394992235406864,0.42211791470473625,0.4246009588241577,21175531,0.0,0.0
2022-01-14 00:00:00+03:00,0.42708401641082466,0.4370161932017019,0.42460097221310533,0.43453314900398254,10799415,0.0,0.0
2022-01-17 00:00:00+03:00,0.43701618504137985,0.4519144795497243,0.43701618504137985,0.43949922919273376,23555443,0.0,0.0
2022-01-18 00:00:00+03:00,0.4394992319718471,0.4419822761389022,0.4196348786354065,0.4196348786354065,11197599,0.0,0.0
2022-01-19 00:00:00+03:00,0.41715181001972573,0.43949923739942115,0.4146687658220064,0.43453314900398254,26645767,0.0,0.0
2022-01-20 00:00:00+03:00,0.43453313530184345,0.4370161794212649,0.4196348705853148,0.4246009588241577,15477407,0.0,0.0
2022-01-21 00:00:00+03:00,0.42211790679424144,0.43205008308579806,0.42211790679424144,0.42956703901290894,12295919,0.0,0.0
2022-01-24 00:00:00+03:00,0.434533143637737,0.4543975265743989,0.4196348786354065,0.4196348786354065,63666062,0.0,0.0
2022-01-25 00:00:00+03:00,0.4246009751030326,0.4295670635322715,0.40721963600047456,0.4146687686443329,25714091,0.0,0.0
2022-01-26 00:00:00+03:00,0.41715178686745147,0.4196348605275798,0.40970265468772665,0.4121856987476349,13977691,0.0,0.0
2022-01-27 00:00:00+03:00,0.40721963600047456,0.41715181285895236,0.40225354757123566,0.4146687686443329,16931563,0.0,0.0
2022-01-28 00:00:00+03:00,0.41715181285895236,0.42211793088841315,0.40721963600047456,0.4146687686443329,17784503,0.0,0.0
2022-01-31 00:00:00+03:00,0.41963488121125586,0.4543975293636322,0.41963488121125586,0.4543975293636322,27539419,0.0,0.0
2022-02-01 00:00:00+03:00,0.4717788256177759,0.49909234046936035,0.4692957815040155,0.49909234046936035,129237140,0.0,0.0
2022-02-02 00:00:00+03:00,0.5139906149044347,0.5437872040353638,0.4916432174565697,0.5115075707435608,154103736,0.0,0.0
2022-02-03 00:00:00+03:00,0.5115075513092674,0.5611684918403625,0.49660928691007095,0.5611684918403625,157128240,0.0,0.0
2022-02-04 00:00:00+03:00,0.5785498305829722,0.6157955527305603,0.5735837421900195,0.6157955527305603,134929944,0.0,0.0
2022-02-07 00:00:00+03:00,0.638142966674215,0.6753886897658913,0.5785498452477997,0.5884820222854614,334360671,0.0,0.0
2022-02-08 00:00:00+03:00,0.5810328804527028,0.6157955587432404,0.563651570907656,0.576066792011261,123912664,0.0,0.0
2022-02-09 00:00:00+03:00,0.5785498169819939,0.5959311851491574,0.5512363314628601,0.5512363314628601,80714189,0.0,0.0
2022-02-10 00:00:00+03:00,0.5512363031891641,0.573583699285862,0.5264058038812831,0.5313719511032104,110654473,0.0,0.0
2022-02-11 00:00:00+03:00,0.5264058103434279,0.5835158824920654,0.5239227663022019,0.5835158824920654,140157720,0.0,0.0
2022-02-14 00:00:00+03:00,0.588481988863324,0.6406259745500371,0.5636515476793852,0.5909650921821594,202930346,0.0,0.0
2022-02-15 00:00:00+03:00,0.5959311881923376,0.6157955413986014,0.5711006874840655,0.5859989523887634,91981229,0.0,0.0
2022-02-16 00:00:00+03:00,0.5859989345286277,0.6008972581796953,0.5760667582282097,0.5785498023033142,63828470,0.0,0.0
2022-02-17 00:00:00+03:00,0.581032888149294,0.5884820209101311,0.5437872243451086,0.5537194013595581,53409766,0.0,0.0
2022-02-18 00:00:00+03:00,0.5537194013595581,0.5686176668812323,0.5388211358378839,0.5537194013595581,37936795,0.0,0.0
2022-02-21 00:00:00+03:00,0.561168516323294,0.561168516323294,0.5388211187495163,0.5462702512741089,28862975,0.0,0.0
2022-02-22 00:00:00+03:00,0.5239228093192058,0.5338550455000417,0.5139906323388143,0.51895672082901,31643375,0.0,0.0
2022-02-23 00:00:00+03:00,0.5214397311210632,0.5437871870722555,0.5189566870376464,0.5214397311210632,35374883,0.0,0.0
2022-02-24 00:00:00+03:00,0.4767449323628254,0.48419409459366436,0.46929579973220825,0.46929579973220825,38729135,0.0,0.0
2022-02-25 00:00:00+03:00,0.466812752733287,0.49164322428723006,0.44943141376546036,0.4891601800918579,67398686,0.0,0.0
2022-02-28 00:00:00+03:00,0.46432968974113464,0.47922795431026277,0.46184664564628,0.46432968974113464,28666359,0.0,0.0
2022-03-01 00:00:00+03:00,0.46929577793084404,0.47426186612055343,0.45936360155142525,0.46432968974113464,29349003,0.0,0.0
2022-03-02 00:00:00+03:00,0.46681275449780374,0.46681275449780374,0.44943141546427695,0.4519144892692566,36864719,0.0,0.0
2022-03-03 00:00:00+03:00,0.4593636201471706,0.4966093126779743,0.44943141376546036,0.4891601800918579,129261336,0.0,0.0
2022-03-04 00:00:00+03:00,0.4941262562411275,0.5239227858474145,0.489160167973413,0.49660930037498474,79460818,0.0,0.0
2022-03-07 00:00:00+03:00,0.49909233874259507,0.5065414710581035,0.47674491219584914,0.4817110300064087,34597643,0.0,0.0
2022-03-08 00:00:00+03:00,0.47674492951477554,0.5115075778502072,0.46929579692865914,0.4891601800918579,73713030,0.0,0.0
2022-03-09 00:00:00+03:00,0.49164319259952904,0.5338550004006364,0.48667710452886226,0.5090245008468628,104505273,0.0,0.0
2022-03-10 00:00:00+03:00,0.5115075651781282,0.5214397417135572,0.49164321210727024,0.49660930037498474,51327806,0.0,0.0
2022-03-11 00:00:00+03:00,0.4990923485889214,0.5040584368972336,0.4866771278181407,0.49412626028060913,29889723,0.0,0.0
2022-03-14 00:00:00+03:00,0.49660930037498474,0.509024521044271,0.489160167973413,0.49660930037498474,42701818,0.0,0.0
2022-03-15 00:00:00+03:00,0.49660930577831747,0.5288889390701205,0.4866771291348219,0.5115075707435608,108054381,0.0,0.0
2022-03-16 00:00:00+03:00,0.5164736758144495,0.5288889562218866,0.5015754103660583,0.5015754103660583,52921986,0.0,0.0
2022-03-17 00:00:00+03:00,0.5040584546074569,0.513990631573051,0.4941262776418628,0.5015754103660583,68182538,0.0,0.0
2022-03-18 00:00:00+03:00,0.5040584206581116,0.5090245088064326,0.49660928843562996,0.5040584206581116,29951927,0.0,0.0
2022-03-21 00:00:00+03:00,0.5065414996035207,0.5239228093192058,0.5015754111133249,0.51895672082901,57379386,0.0,0.0
2022-03-22 00:00:00+03:00,0.5189567049345234,0.541304161656396,0.513990616596428,0.5288889408111572,102045957,0.0,0.0
2022-03-23 00:00:00+03:00,0.5313719748633915,0.5338550189851644,0.513990606810539,0.516473650932312,43269266,0.0,0.0
2022-03-24 00:00:00+03:00,0.5189566769881964,0.5214397210235298,0.5065414568115294,0.5090245008468628,34233111,0.0,0.0
2022-03-25 00:00:00+03:00,0.5090245008468628,0.516473632952863,0.5065414568115294,0.5090245008468628,27595047,0.0,0.0
2022-03-28 00:00:00+03:00,0.5090244930411009,0.5239227570246402,0.5040584050465878,0.513990581035614,72568690,0.0,0.0
2022-03-29 00:00:00+03:00,0.5164736765839122,0.5288889570098461,0.5139906323388143,0.51895672082901,46595570,0.0,0.0
2022-03-30 00:00:00+03:00,0.5214397311210632,0.5313719666551713,0.5189566870376464,0.5214397311210632,41840298,0.0,0.0
2022-03-31 00:00:00+03:00,0.5239227570246402,0.5264058010218967,0.5090244930411009,0.513990581035614,42058698,0.0,0.0
2022-04-01 00:00:00+03:00,0.5164736528814595,0.5437871975244839,0.5115075646191718,0.5338550209999084,104457829,0.0,0.0
2022-04-04 00:00:00+03:00,0.5413041793974639,0.5562024449000362,0.5338550466461778,0.5363380908966064,85904973,0.0,0.0
2022-04-05 00:00:00+03:00,0.5388211254527322,0.5413041696584868,0.513990624194743,0.5239228010177612,58539686,0.0,0.0
2022-04-06 00:00:00+03:00,0.5239227852748911,0.5388211092621962,0.5189566970126034,0.5338550209999084,59967026,0.0,0.0
2022-04-07 00:00:00+03:00,0.5338550384484582,0.551236347934557,0.5313719942361583,0.5413041710853577,83026513,0.0,0.0
2022-04-08 00:00:00+03:00,0.5413041470396209,0.5661345880596049,0.5413041470396209,0.5562024116516113,70744126,0.0,0.0
2022-04-11 00:00:00+03:00,0.5586854399340458,0.5760667481558709,0.5586854399340458,0.5661345720291138,56062238,0.0,0.0
2022-04-12 00:00:00+03:00,0.5661345720291138,0.5686176160608031,0.5462702197755994,0.5661345720291138,55750150,0.0,0.0
2022-04-13 00:00:00+03:00,0.5686176488478866,0.5711006930227508,0.5413041629243804,0.5462702512741089,55927050,0.0,0.0
2022-04-14 00:00:00+03:00,0.5512363498040512,0.5884820131148658,0.5512363498040512,0.576066792011261,128440968,0.0,0.0
2022-04-15 00:00:00+03:00,0.5760667481558709,0.5785497921875602,0.5636515279974245,0.5661345720291138,35302791,0.0,0.0
2022-04-18 00:00:00+03:00,0.5686176160608031,0.5785497921875602,0.5611684839657352,0.5661345720291138,39738147,0.0,0.0
2022-04-19 00:00:00+03:00,0.5711006860704486,0.5835159067936327,0.5611685094919013,0.5686176419258118,94353493,0.0,0.0
2022-04-20 00:00:00+03:00,0.5686176512727468,0.5859989605709184,0.5661346070872937,0.5810328722000122,59310526,0.0,0.0
2022-04-21 00:00:00+03:00,0.5810328804527028,0.6058633818603566,0.57358374779054,0.576066792011261,88439169,0.0,0.0
2022-04-22 00:00:00+03:00,0.5711006845676847,0.581032861120097,0.5437871990485509,0.5512363314628601,64861226,0.0,0.0
2022-04-25 00:00:00+03:00,0.5487532775644143,0.5487532775644143,0.5264058215185253,0.5388211011886597,51154586,0.0,0.0
2022-04-26 00:00:00+03:00,0.5437872040353638,0.5512363365179855,0.506541482421813,0.5115075707435608,48869982,0.0,0.0
2022-04-27 00:00:00+03:00,0.5164736590653085,0.5164736590653085,0.5015753941000652,0.5115075707435608,25757531,0.0,0.0
2022-04-28 00:00:00+03:00,0.5164736351266768,0.5338550026476074,0.5139905910808924,0.5264058113098145,38915107,0.0,0.0
2022-04-29 00:00:00+03:00,0.5288889408111572,0.531371984980205,0.5164736607654757,0.5288889408111572,35022695,0.0,0.0
2022-05-05 00:00:00+03:00,0.5363380651310523,0.54130415339334,0.5313719768687646,0.5338550209999084,41208178,0.0,0.0
2022-05-06 00:00:00+03:00,0.5288889225717545,0.5313719666551713,0.5164736429542296,0.5214397311210632,34681775,0.0,0.0
2022-05-09 00:00:00+03:00,0.5214397158597947,0.5437871711569315,0.5214397158597947,0.5313719511032104,57335954,0.0,0.0
2022-05-10 00:00:00+03:00,0.546270225434824,0.556202401664476,0.5413041373199979,0.5437871813774109,19090875,0.0,0.0
2022-05-11 00:00:00+03:00,0.5388211339902375,0.5413041782353354,0.5115075880937164,0.51895672082901,46567466,0.0,0.0
2022-05-12 00:00:00+03:00,0.5115075610381621,0.5139906051519224,0.4916432081280793,0.49909234046936035,53535694,0.0,0.0
2022-05-13 00:00:00+03:00,0.504058412776196,0.5115075448821962,0.5015753687408626,0.5090245008468628,45695450,0.0,0.0
2022-05-16 00:00:00+03:00,0.509024534755551,0.5214397557592584,0.5015754021533266,0.5065414905548096,61830026,0.0,0.0
2022-05-17 00:00:00+03:00,0.5090245088064326,0.5164736410289142,0.5040584206581116,0.5040584206581116,38010103,0.0,0.0
2022-05-18 00:00:00+03:00,0.5065414647322721,0.5115075528805931,0.4990923325097905,0.5040584206581116,24705051,0.0,0.0
2022-05-20 00:00:00+03:00,0.5040584368972336,0.5065414810513897,0.49412626028060913,0.49412626028060913,20893627,0.0,0.0
2022-05-23 00:00:00+03:00,0.49660929858425684,0.4990923427091605,0.4792279601097107,0.4792279601097107,27010911,0.0,0.0
2022-05-24 00:00:00+03:00,0.481711026016183,0.4916432023545883,0.4792279523313613,0.4841940701007843,39990599,0.0,0.0
2022-05-25 00:00:00+03:00,0.48667713589648576,0.49412626848260216,0.4817110475057415,0.4891601800918579,33818375,0.0,0.0
2022-05-26 00:00:00+03:00,0.4916432190749981,0.5288889408111572,0.48667713073690255,0.5288889408111572,96200257,0.0,0.0
2022-05-27 00:00:00+03:00,0.5288889408111572,0.5586854708397303,0.513990616596428,0.5288889408111572,207066930,0.0,0.0
2022-05-30 00:00:00+03:00,0.5338550473306592,0.5636515783740075,0.5288889588234346,0.5537194013595581,159192188,0.0,0.0
2022-05-31 00:00:00+03:00,0.5586854420798055,0.608346382104765,0.5562023980385795,0.5835158824920654,262967469,0.0,0.0
2022-06-01 00:00:00+03:00,0.58599892564931,0.6406259536743164,0.578549793536869,0.6406259536743164,386684930,0.0,0.0
2022-06-02 00:00:00+03:00,0.6530412803075548,0.7027021646499634,0.6207616462845454,0.7027021646499634,322846023,0.0,0.0
2022-06-03 00:00:00+03:00,0.7101512551307678,0.7523630635156162,0.675388638155373,0.7101512551307678,339064235,0.0,0.0
2022-06-06 00:00:00+03:00,0.7101512878483065,0.7275326563372252,0.6803547576394912,0.6902869343757629,143678064,0.0,0.0
2022-06-07 00:00:00+03:00,0.6902869435643613,0.7399478871072136,0.6778717224787592,0.7027021646499634,168904167,0.0,0.0
2022-06-08 00:00:00+03:00,0.7076682303418481,0.7101512744791709,0.6406259794336916,0.6431090235710144,143606112,0.0,0.0
2022-06-09 00:00:00+03:00,0.6356598714448123,0.6480750917463828,0.6033802986607288,0.6182785630226135,121763676,0.0,0.0
2022-06-10 00:00:00+03:00,0.6108294387414354,0.6381429237581316,0.5959311741868737,0.6133124828338623,112692501,0.0,0.0
2022-06-13 00:00:00+03:00,0.615795568339476,0.6232447011177223,0.5810328895072151,0.5884820222854614,74015798,0.0,0.0
2022-06-14 00:00:00+03:00,0.5909651165360308,0.5959312049774727,0.563651570907656,0.576066792011261,72488474,0.0,0.0
2022-06-15 00:00:00+03:00,0.5760667503683875,0.6008972499810871,0.5661345742034835,0.5835158824920654,85219613,0.0,0.0
2022-06-16 00:00:00+03:00,0.5884820216187252,0.5884820216187252,0.5636515790527031,0.5711007118225098,56731666,0.0,0.0
2022-06-17 00:00:00+03:00,0.573583722114563,0.5835158985528416,0.566134589785854,0.573583722114563,34704047,0.0,0.0
2022-06-20 00:00:00+03:00,0.5760667503683875,0.5884819705745175,0.5711006622859355,0.5835158824920654,78016846,0.0,0.0
2022-06-21 00:00:00+03:00,0.5835159006265362,0.5959311804189472,0.5810328565081424,0.5909650921821594,66734942,0.0,0.0
2022-06-22 00:00:00+03:00,0.5884820047563715,0.5959311965131738,0.5785498280145591,0.5810328722000122,52453270,0.0,0.0
2022-06-23 00:00:00+03:00,0.5810328709993139,0.5859989593599577,0.5611685175567387,0.5636515617370605,42932714,0.0,0.0
2022-06-24 00:00:00+03:00,0.5661345880596049,0.5711006762636017,0.5487532793456161,0.5562024116516113,39956159,0.0,0.0
2022-06-27 00:00:00+03:00,0.5388211011886597,0.5388211011886597,0.5388211011886597,0.5388211011886597,284183,0.0,0.0
2022-06-28 00:00:00+03:00,0.551236347934557,0.566134613208356,0.5338550384484582,0.5413041710853577,50616630,0.0,0.0
2022-06-29 00:00:00+03:00,0.5388210831354431,0.5537193471999083,0.5288889070924663,0.5313719511032104,36092519,0.0,0.0
2022-06-30 00:00:00+03:00,0.5313719689068437,0.5462702334704757,0.528888924812905,0.5388211011886597,45691998,0.0,0.0
2022-07-01 00:00:00+03:00,0.5388210932625849,0.5437871813774109,0.5288889170329328,0.5437871813774109,41294110,0.0,0.0
2022-07-04 00:00:00+03:00,0.5462702678983213,0.5537194006496076,0.5363380908966064,0.5363380908966064,32010623,0.0,0.0
2022-07-05 00:00:00+03:00,0.5388211254527322,0.5388211254527322,0.5214397568120067,0.5239228010177612,29416259,0.0,0.0
2022-07-06 00:00:00+03:00,0.5264058038812831,0.5363380391246989,0.5214397158597947,0.5313719511032104,27018375,0.0,0.0
2022-07-07 00:00:00+03:00,0.5313719783580355,0.5661345962914786,0.5288889342199324,0.5512363314628601,59882482,0.0,0.0
2022-07-08 00:00:00+03:00,0.5487532954489731,0.5537193837987014,0.5437872070992447,0.5462702512741089,22308551,0.0,0.0
2022-07-13 00:00:00+03:00,0.5462702595099573,0.551236347934557,0.536338082660758,0.5413041710853577,23833319,0.0,0.0
2022-07-14 00:00:00+03:00,0.5413041337912236,0.593448117857409,0.5363380457087715,0.5835158824920654,135664560,0.0,0.0
2022-07-18 00:00:00+03:00,0.5934481440415547,0.6157955413986014,0.5760667757856315,0.5859989523887634,102254993,0.0,0.0
2022-07-19 00:00:00+03:00,0.5835159163854653,0.5859989605709184,0.576066783829106,0.5810328722000122,51559742,0.0,0.0
2022-07-20 00:00:00+03:00,0.5835159163854653,0.5884820047563715,0.576066783829106,0.5810328722000122,48561958,0.0,0.0
2022-07-21 00:00:00+03:00,0.5835159337666306,0.5934481700047372,0.5760668009883843,0.5884820222854614,52276530,0.0,0.0
2022-07-22 00:00:00+03:00,0.5884820073688775,0.6157955527305603,0.5859989631724011,0.6157955527305603,120142916,0.0,0.0
2022-07-25 00:00:00+03:00,0.6182785791453673,0.6505581527712001,0.603380314394983,0.6083464026451111,166510651,0.0,0.0
2022-07-26 00:00:00+03:00,0.6083464355612298,0.6108294798206452,0.585998978026046,0.5884820222854614,74277410,0.0,0.0
2022-07-27 00:00:00+03:00,0.5909651096917184,0.6083464190354622,0.5884820062993118,0.5984142422676086,59150950,0.0,0.0
2022-07-28 00:00:00+03:00,0.6008972848840801,0.6058633732549863,0.5785498280145591,0.5810328722000122,73520846,0.0,0.0
2022-07-29 00:00:00+03:00,0.5859989265332914,0.5859989265332914,0.5760667503683875,0.5835158824920654,37306519,0.0,0.0
2022-08-01 00:00:00+03:00,0.5859989368310282,0.603380304625492,0.5835158927461678,0.5959311723709106,86917381,0.0,0.0
2022-08-02 00:00:00+03:00,0.5959311925129122,0.6455920758886192,0.5909651041753414,0.6381429433822632,235742726,0.0,0.0
2022-08-03 00:00:00+03:00,0.6431090504073612,0.6629734635353088,0.6232446964798579,0.6629734635353088,178847383,0.0,0.0
2022-08-04 00:00:00+03:00,0.6704225522087061,0.7275326251983643,0.6580073318197457,0.7275326251983643,198459175,0.0,0.0
2022-08-05 00:00:00+03:00,0.744913965323721,0.7995409965515137,0.7399478769575983,0.7995409965515137,333440123,0.0,0.0
2022-08-08 00:00:00+03:00,0.8194053395525319,0.8789984583854675,0.8094731629471165,0.8789984583854675,283692436,0.0,0.0
2022-08-09 00:00:00+03:00,0.8938967399851582,0.953489859930865,0.8119562222599777,0.8690662980079651,373040930,0.0,0.0
2022-08-10 00:00:00+03:00,0.8641001802548164,0.9112780776090627,0.8293375034673609,0.831820547580719,209010310,0.0,0.0
2022-08-11 00:00:00+03:00,0.8367866358074353,0.8715493125948909,0.8144392387872119,0.831820547580719,113990489,0.0,0.0
2022-08-12 00:00:00+03:00,0.8367866407716625,0.8467188764844594,0.7771935816975317,0.7920918464660645,95758265,0.0,0.0
2022-08-15 00:00:00+03:00,0.7846427455769914,0.7871257898047485,0.7523631114157061,0.7548461556434631,81450773,0.0,0.0
2022-08-16 00:00:00+03:00,0.7548461330808761,0.8094731636591557,0.747397000620262,0.7871257662773132,109076137,0.0,0.0
2022-08-17 00:00:00+03:00,0.7945749069851145,0.8194053487782192,0.772227450170877,0.782159686088562,47755558,0.0,0.0
2022-08-18 00:00:00+03:00,0.7846427286140227,0.7871257727880995,0.747397006802428,0.7647783160209656,47797138,0.0,0.0
2022-08-19 00:00:00+03:00,0.7672613398602267,0.8293375017673776,0.749880031102348,0.8144392371177673,110880577,0.0,0.0
2022-08-22 00:00:00+03:00,0.8119561849879383,0.8938966989517212,0.7945748764017748,0.8938966989517212,176720763,0.0,0.0
2022-08-23 00:00:00+03:00,0.8963797886904755,0.9783203660281516,0.8864476118496527,0.9385915994644165,190452695,0.0,0.0
2022-08-24 00:00:00+03:00,0.9410746416098811,0.9708712312674189,0.8715493446762175,0.9038289785385132,135368652,0.0,0.0
2022-08-25 00:00:00+03:00,0.9063120129272998,0.9311424547059479,0.878998467770344,0.891413688659668,85686149,0.0,0.0
2022-08-26 00:00:00+03:00,0.8963797757663602,0.916244188362042,0.8516849806270724,0.8740323781967163,104681297,0.0,0.0
2022-08-29 00:00:00+03:00,0.8690662769298445,0.8740323652048368,0.8268544673919678,0.8268544673919678,63810294,0.0,0.0
2022-08-31 00:00:00+03:00,0.8293374899507074,0.8839645187547095,0.8144392255133724,0.8591340780258179,62986362,0.0,0.0
2022-09-01 00:00:00+03:00,0.8591340920281001,0.8690662684815327,0.8293375034673609,0.831820547580719,66837214,0.0,0.0
2022-09-02 00:00:00+03:00,0.8367866358074353,0.8516849596880256,0.8243714152406446,0.831820547580719,57018254,0.0,0.0
2022-09-05 00:00:00+03:00,0.8343036097362602,0.8665832431084188,0.82933752140215,0.839269757270813,80471369,0.0,0.0
2022-09-06 00:00:00+03:00,0.8516849679673714,0.8516849679673714,0.814439246704487,0.8268544673919678,51093122,0.0,0.0
2022-09-07 00:00:00+03:00,0.826854462925492,0.9013459050488755,0.8144392423050754,0.8665832281112671,153149888,0.0,0.0
2022-09-08 00:00:00+03:00,0.8665832527124562,0.8938967388527678,0.8467188991558658,0.8516849875450134,74379490,0.0,0.0
2022-09-09 00:00:00+03:00,0.8516849617677369,0.8616171382454226,0.8442358294094725,0.8492019176483154,50865918,0.0,0.0
2022-09-12 00:00:00+03:00,0.8566510677337646,0.8715493327585918,0.8467188910505464,0.8566510677337646,56250442,0.0,0.0
2022-09-13 00:00:00+03:00,0.8566510357629935,0.8616171239192649,0.8020240068435669,0.8020240068435669,78332202,0.0,0.0
2022-09-14 00:00:00+03:00,0.8020240068435669,0.8119561831561098,0.7647782864710905,0.8020240068435669,58729786,0.0,0.0
2022-09-15 00:00:00+03:00,0.8069900890759119,0.8492018972947927,0.8045070450160036,0.8243713974952698,82260597,0.0,0.0
2022-09-16 00:00:00+03:00,0.8218883791169754,0.8392697472798906,0.8069901142919985,0.8268544673919678,37408471,0.0,0.0
2022-09-19 00:00:00+03:00,0.8343035982579509,0.8541680105215405,0.8094731569290161,0.8094731569290161,45638958,0.0,0.0
2022-09-20 00:00:00+03:00,0.8194053500160045,0.8243714383821272,0.7821596872700842,0.7995409965515137,35219831,0.0,0.0
2022-09-21 00:00:00+03:00,0.7995409627654312,0.8119561831561098,0.7871257423747525,0.8020240068435669,23677743,0.0,0.0
2022-09-22 00:00:00+03:00,0.8069900877978108,0.8814814686775208,0.8020239996858595,0.8814814686775208,113877193,0.0,0.0
2022-09-23 00:00:00+03:00,0.8839645331616816,0.888930621388398,0.8293375034673609,0.831820547580719,110564697,0.0,0.0
2022-09-26 00:00:00+03:00,0.8293375054925023,0.8765154029619513,0.8293375054925023,0.8492019176483154,126894076,0.0,0.0
2022-09-27 00:00:00+03:00,0.8516849713332787,0.8814815011009902,0.8442358388913508,0.8616171479225159,90235781,0.0,0.0
2022-09-28 00:00:00+03:00,0.8641002069589907,0.866583251149085,0.8218883965269459,0.834303617477417,62090562,0.0,0.0
2022-09-29 00:00:00+03:00,0.8417527797084764,0.844235823811433,0.7821596620370759,0.7970579266548157,68827750,0.0,0.0
2022-09-30 00:00:00+03:00,0.802023996804644,0.8069900848987549,0.7796766003811445,0.7896087765693665,36154615,0.0,0.0
2022-10-03 00:00:00+03:00,0.7920918494670215,0.8516849679673714,0.7920918494670215,0.8268544673919678,109761365,0.0,0.0
2022-10-04 00:00:00+03:00,0.8243714478841231,0.8268544920958049,0.8069901384023506,0.8119562268257141,51474606,0.0,0.0
2022-10-05 00:00:00+03:00,0.8144392371177673,0.8367866340921828,0.8094731489012306,0.8144392371177673,51697706,0.0,0.0
2022-10-06 00:00:00+03:00,0.8169223162155685,0.8392697733475873,0.8144392720009491,0.8293375372886658,53926514,0.0,0.0
2022-10-07 00:00:00+03:00,0.8318205320939103,0.8591340760327686,0.8268544439596525,0.8417527675628662,120463568,0.0,0.0
2022-10-10 00:00:00+03:00,0.846718859547718,0.8789984325671906,0.8442358154692969,0.8765153884887695,69735582,0.0,0.0
2022-10-11 00:00:00+03:00,0.8839645369798504,0.8889306252280171,0.8541680074908504,0.8665832281112671,65845906,0.0,0.0
2022-10-12 00:00:00+03:00,0.8665832183171668,0.883964526989307,0.8343035858684653,0.8541679978370667,64036250,0.0,0.0
2022-10-13 00:00:00+03:00,0.854167993611919,0.9063119785708501,0.846718861360706,0.8938966989517212,112276005,0.0,0.0
2022-10-14 00:00:00+03:00,0.8963797757663602,0.9063120116644225,0.8616171573246919,0.8740323781967163,65659698,0.0,0.0
2022-10-17 00:00:00+03:00,0.878998466545526,0.8814815107199309,0.8641002014990967,0.8740323781967163,87574921,0.0,0.0
2022-10-18 00:00:00+03:00,0.8765154235924791,0.916244189638759,0.8690662910588847,0.891413688659668,169869675,0.0,0.0
2022-10-19 00:00:00+03:00,0.8963797374612553,0.9236932814129588,0.8814814730514755,0.9162441492080688,94633929,0.0,0.0
2022-10-20 00:00:00+03:00,0.9236933088573592,0.9410746178518622,0.911278088147,0.9361085295677185,81031821,0.0,0.0
2022-10-21 00:00:00+03:00,0.9361085181727236,0.9361085181727236,0.8963797531827394,0.9063119888305664,115200505,0.0,0.0
2022-10-24 00:00:00+03:00,0.9087950610135591,0.9485237680302546,0.898862825058942,0.9435576796531677,149943700,0.0,0.0
2022-10-25 00:00:00+03:00,0.943557685814639,0.9460407300193968,0.896379786723796,0.9038289785385132,79839178,0.0,0.0
2022-10-26 00:00:00+03:00,0.9063120157063861,0.9311424575611735,0.9013459273354286,0.9261763691902161,55070414,0.0,0.0
2022-10-27 00:00:00+03:00,0.928659409329503,0.9957017204462102,0.9187272326308628,0.983286440372467,137063272,0.0,0.0
2022-10-28 00:00:00+03:00,0.983286396647292,0.9907355288400211,0.9510067646116921,0.9733542203903198,32874787,0.0,0.0
2022-10-31 00:00:00+03:00,0.9832864023570126,0.9857694464356741,0.9460406819766491,0.9510067701339722,45188950,0.0,0.0
2022-11-01 00:00:00+03:00,0.9534898552304821,0.9559728994159609,0.9212102808192586,0.9261763691902161,49622326,0.0,0.0
2022-11-02 00:00:00+03:00,0.9261763293473569,0.9584559023699567,0.9261763293473569,0.9510067701339722,36161843,0.0,0.0
2022-11-03 00:00:00+03:00,0.9559728923432431,0.9559728923432431,0.9311424506721625,0.948523759841919,34333315,0.0,0.0
2022-11-04 00:00:00+03:00,0.9534898510761035,0.9882525287217871,0.9510068069014435,0.983286440372467,61841266,0.0,0.0
2022-11-07 00:00:00+03:00,0.9882524847757781,0.9907355288400211,0.9659050881975906,0.9733542203903198,46762926,0.0,0.0
2022-11-08 00:00:00+03:00,0.9733542260423664,0.9758372701210279,0.936108505662003,0.9510067701339722,51956490,0.0,0.0
2022-11-09 00:00:00+03:00,0.9559728503227234,0.975837261986875,0.9410745859749396,0.9559728503227234,59229550,0.0,0.0
2022-11-10 00:00:00+03:00,0.9559728645256709,0.9559728645256709,0.9187272031028505,0.9286593794822693,53843466,0.0,0.0
2022-11-11 00:00:00+03:00,0.9311424316426059,0.9410746081080564,0.9137611228280675,0.9236932992935181,61199422,0.0,0.0
2022-11-14 00:00:00+03:00,0.9187272377677329,0.960938988972972,0.9162441935791895,0.9435576796531677,53612174,0.0,0.0
2022-11-15 00:00:00+03:00,0.943557652224419,0.9460406963407817,0.9187272110607928,0.9236932992935181,50350882,0.0,0.0
2022-11-16 00:00:00+03:00,0.9261763564616337,0.9286594006129875,0.8789984583854675,0.8789984583854675,58205526,0.0,0.0
2022-11-17 00:00:00+03:00,0.878998456953681,0.8914136776902274,0.8367866472489807,0.8616171479225159,38284155,0.0,0.0
2022-11-18 00:00:00+03:00,0.8591341143474255,0.891413688659668,0.8566510701695607,0.891413688659668,37522427,0.0,0.0
2022-11-21 00:00:00+03:00,0.8988628329006813,0.9385915994644165,0.8938967444802699,0.9385915994644165,70009390,0.0,0.0
2022-11-22 00:00:00+03:00,0.9410745960705134,0.9708711842861699,0.931142419732108,0.9683881402015686,65872146,0.0,0.0
2022-11-23 00:00:00+03:00,0.9758372902870178,0.983286422676941,0.9485237456568573,0.9758372902870178,66176762,0.0,0.0
2022-11-24 00:00:00+03:00,0.9857694884744718,1.072676153334699,0.9808034001053665,1.0354304313659668,217382638,0.0,0.0
2022-11-25 00:00:00+03:00,1.0329472702533535,1.0627439172036461,1.0180490059786471,1.052811622619629,62465682,0.0,0.0
2022-11-28 00:00:00+03:00,1.0627440120745362,1.0999896168857684,1.047845628068975,1.0503287315368652,56465674,0.0,0.0
2022-11-29 00:00:00+03:00,1.0503286899147284,1.0999895732956837,1.0056338948718688,1.0577778816223145,71322298,0.0,0.0
2022-11-30 00:00:00+03:00,1.0776422304175082,1.1322692019055496,1.0602608621072345,1.1148878335952759,58912754,0.0,0.0
2022-12-01 00:00:00+03:00,1.1198539973444273,1.201794510632872,1.117370894080714,1.179447054862976,71692930,0.0,0.0
2022-12-02 00:00:00+03:00,1.1844132180923386,1.2142097487409902,1.129786245236477,1.152133584022522,55428970,0.0,0.0
2022-12-05 00:00:00+03:00,1.1521335791683625,1.2415232891385892,1.1521335791683625,1.209243655204773,84419113,0.0,0.0
2022-12-06 00:00:00+03:00,1.2166928621656738,1.2191758472063658,1.1595827854190945,1.1645488739013672,42336010,0.0,0.0
2022-12-07 00:00:00+03:00,1.1670318403703657,1.1868963123842295,1.1099217645326143,1.1397184133529663,42077282,0.0,0.0
2022-12-08 00:00:00+03:00,1.1446845086801178,1.157099670562881,1.075159152213271,1.1173709630966187,34457407,0.0,0.0
2022-12-09 00:00:00+03:00,1.119854055383909,1.1968284845352173,1.1173709519915023,1.1968284845352173,35613991,0.0,0.0
2022-12-12 00:00:00+03:00,1.2067606701949571,1.2315911122975516,1.1744810362611409,1.209243655204773,61187022,0.0,0.0
2022-12-13 00:00:00+03:00,1.2042774954957047,1.2166927750125094,1.176963951599263,1.179447054862976,35315327,0.0,0.0
2022-12-14 00:00:00+03:00,1.184413198821968,1.211726744005952,1.127303123474121,1.127303123474121,51143946,0.0,0.0
2022-12-15 00:00:00+03:00,1.1397183718860662,1.2390401363372803,1.1397183718860662,1.2390401363372803,57467178,0.0,0.0
2022-12-16 00:00:00+03:00,1.281251975102097,1.2986333434840371,1.2415232684015314,1.2762858867645264,26418403,0.0,0.0
2022-12-19 00:00:00+03:00,1.2936672672647354,1.335879077729943,1.2291079998706798,1.323463797569275,59359762,0.0,0.0
2022-12-20 00:00:00+03:00,1.3532602656059318,1.4550652503967285,1.3532602656059318,1.4550652503967285,29029347,0.0,0.0
2022-12-21 00:00:00+03:00,1.5990819931030273,1.5990819931030273,1.5990819931030273,1.5990819931030273,7286603,0.0,0.0
2022-12-22 00:00:00+03:00,1.5990819906874707,1.6735733160667854,1.5096922818314074,1.564319372177124,167625467,0.0,0.0
2022-12-23 00:00:00+03:00,1.5668023756475407,1.6760564392275148,1.502243226223535,1.589149832725525,82162865,0.0,0.0
2022-12-26 00:00:00+03:00,1.58914974533781,1.6412937300517716,1.5494209217837702,1.5692853927612305,48361722,0.0,0.0
2022-12-27 00:00:00+03:00,1.5717683727928728,1.5767344609217255,1.4947939475952163,1.5345226526260376,33211759,0.0,0.0
2022-12-28 00:00:00+03:00,1.534522681386337,1.5370057846977425,1.447616078302156,1.4798957109451294,31814659,0.0,0.0
2022-12-29 00:00:00+03:00,1.4674804319386971,1.591632755951132,1.440167005904597,1.5717684030532837,36187115,0.0,0.0
2022-12-30 00:00:00+03:00,1.5717683936703273,1.6239123789163377,1.5345226730087655,1.559353232383728,29571855,0.0,0.0
2023-01-02 00:00:00+03:00,1.5618362798354029,1.6437767975321935,1.5370058378668128,1.611497163772583,44390750,0.0,0.0
2023-01-03 00:00:00+03:00,1.6164633216861313,1.6437767478251923,1.5370057913885127,1.549420952796936,30978571,0.0,0.0
2023-01-04 00:00:00+03:00,1.5568701229199662,1.5668022992702626,1.4252686086772177,1.4327178001403809,36059579,0.0,0.0
2023-01-05 00:00:00+03:00,1.4327177702939573,1.455065225817022,1.2961501707210414,1.3383619785308838,29714039,0.0,0.0
2023-01-06 00:00:00+03:00,1.2787690180693636,1.3309130059534209,1.1794471307473076,1.3135316371917725,56634534,0.0,0.0
2023-01-09 00:00:00+03:00,1.3160146414086984,1.400438138627504,1.2862179945776526,1.3383619785308838,55055738,0.0,0.0
2023-01-10 00:00:00+03:00,1.3383620474217877,1.3507773274405281,1.2166928242020276,1.241523265838623,36534363,0.0,0.0
2023-01-11 00:00:00+03:00,1.241523246231434,1.2539385260541018,1.1198540249331774,1.1248201131820679,29394655,0.0,0.0
2023-01-12 00:00:00+03:00,1.1422014236450195,1.171997954724246,1.03543046141068,1.1422014236450195,37519571,0.0,0.0
2023-01-13 00:00:00+03:00,1.1471674888116716,1.1943453879274182,1.1273031351631229,1.1744810342788696,19293727,0.0,0.0
2023-01-16 00:00:00+03:00,1.1918623133412845,1.219175738354715,1.1496505058103192,1.2117266654968262,23244603,0.0,0.0
2023-01-17 00:00:00+03:00,1.2266250033888193,1.303599431821608,1.211726738376107,1.2762858867645264,33134707,0.0,0.0
2023-01-18 00:00:00+03:00,1.298633351014789,1.308565527747527,1.2514554523338408,1.2539385557174683,22741943,0.0,0.0
2023-01-19 00:00:00+03:00,1.251455461182575,1.2812519915914728,1.2266250191751602,1.266353726387024,15831971,0.0,0.0
2023-01-20 00:00:00+03:00,1.2688367780927983,1.2837350426902565,1.2514554101953224,1.261387586593628,20202915,0.0,0.0
2023-01-23 00:00:00+03:00,1.2663537141405663,1.2911841559078547,1.206760653899074,1.2191758155822754,24292403,0.0,0.0
2023-01-24 00:00:00+03:00,1.2191757656846816,1.2191757656846816,1.1397183552813375,1.1570996046066284,21364775,0.0,0.0
2023-01-25 00:00:00+03:00,1.1670318236929946,1.1844131920564058,1.1173709403702274,1.1496505737304688,25449635,0.0,0.0
2023-01-26 00:00:00+03:00,1.149650582673202,1.1844132012695454,1.1372353025454935,1.1620657444000244,13982527,0.0,0.0
2023-01-27 00:00:00+03:00,1.162065688745249,1.17199786501138,1.0950234397484246,1.122336983680725,15260615,0.0,0.0
2023-01-30 00:00:00+03:00,1.2340741157531738,1.2340741157531738,1.2340741157531738,1.2340741157531738,6055739,0.0,0.0
2023-01-31 00:00:00+03:00,1.3532602489930317,1.3557433522407811,1.2291079282266661,1.3160146474838257,150336296,0.0,0.0
2023-02-01 00:00:00+03:00,1.3035994332935301,1.3035994332935301,1.184413194656372,1.184413194656372,54154250,0.0,0.0
2023-02-02 00:00:00+03:00,1.1844132161463803,1.1918624079967484,1.0677100787637908,1.1173709630966187,68833026,0.0,0.0
2023-02-03 00:00:00+03:00,1.1223370533738704,1.1918624099549453,1.0975066111666605,1.152133584022522,53123926,0.0,0.0
2023-02-06 00:00:00+03:00,1.1372352902226444,1.1397183935816342,1.082608318734603,1.1148878335952759,12623559,0.0,0.0
2023-02-07 00:00:00+03:00,1.1124047827147778,1.1148877675257383,1.00563383102417,1.00563383102417,15561043,0.0,0.0
2023-02-08 00:00:00+03:00,0.9063119888305664,0.9063119888305664,0.9063119888305664,0.9063119888305664,219,0.0,0.0
2023-02-15 00:00:00+03:00,0.9510068147219773,1.1049556732177734,0.9510068147219773,1.1049556732177734,28615575,0.0,0.0
2023-02-16 00:00:00+03:00,1.1173708707375765,1.1670317509655619,1.00563383102417,1.00563383102417,40138522,0.0,0.0
2023-02-17 00:00:00+03:00,1.0056338888407534,1.0105999771490657,0.983286432252906,0.9882525205612183,17771499,0.0,0.0
2023-02-20 00:00:00+03:00,0.9882525232348872,1.0354304214919334,0.9882525232348872,1.0230151414871216,18157899,0.0,0.0
2023-02-21 00:00:00+03:00,1.0304643296228506,1.0999895658879812,1.0130829613561254,1.0801252126693726,29145759,0.0,0.0
2023-02-22 00:00:00+03:00,1.0801252266879136,1.1024726835493301,1.027981239611866,1.0354304313659668,17636523,0.0,0.0
2023-02-23 00:00:00+03:00,1.0354303891923167,1.060260830026485,1.0304643010254828,1.0428794622421265,15866831,0.0,0.0
2023-02-24 00:00:00+03:00,1.0552947683262337,1.0552947683262337,1.0205321502865583,1.0453625917434692,22975459,0.0,0.0
2023-02-27 00:00:00+03:00,1.0503286800348515,1.0726761365465136,1.0329473118145716,1.0453625917434692,21968787,0.0,0.0
2023-02-28 00:00:00+03:00,1.0453625496827155,1.0652269020489908,1.0379133583449225,1.052811622619629,19293327,0.0,0.0
2023-03-01 00:00:00+03:00,1.0552947109737494,1.0726760782493978,1.0528116077625662,1.062743902206421,19456075,0.0,0.0
2023-03-02 00:00:00+03:00,1.070193045773997,1.104955664222096,1.057777884100119,1.0925405025482178,30639751,0.0,0.0
2023-03-03 00:00:00+03:00,1.0925404729348296,1.0925404729348296,1.0379133841676027,1.0552947521209717,21900911,0.0,0.0
2023-03-06 00:00:00+03:00,1.0528117177503837,1.0950235295433655,1.042879540669787,1.0850913524627686,33515863,0.0,0.0
2023-03-07 00:00:00+03:00,1.0925405025482178,1.1099217525718241,1.0776422374990327,1.0925405025482178,25837371,0.0,0.0
2023-03-08 00:00:00+03:00,1.0925404803638386,1.1719978923460852,1.0826083038660579,1.1248201131820679,56088738,0.0,0.0
2023-03-09 00:00:00+03:00,1.1372352976957731,1.1645488428197224,1.0900573991729106,1.0925405025482178,29280239,0.0,0.0
2023-03-10 00:00:00+03:00,1.090057389278677,1.1024726692407498,1.0776422277174886,1.0801252126693726,15221911,0.0,0.0
2023-03-13 00:00:00+03:00,1.0850912814117049,1.1024726493650738,1.0329472959524804,1.0552947521209717,22011711,0.0,0.0
2023-03-14 00:00:00+03:00,1.060260856617616,1.0801252097831446,1.0379134001059538,1.0453625917434692,18537091,0.0,0.0
2023-03-15 00:00:00+03:00,1.0453625616290716,1.0577778412003147,0.998184665019581,1.0081168413162231,20796399,0.0,0.0
2023-03-16 00:00:00+03:00,1.0155660429965887,1.0329472924908265,1.0056338665996294,1.0205321311950684,15064863,0.0,0.0
2023-03-17 00:00:00+03:00,1.0279811778350592,1.0379133539763927,1.010599928788165,1.0180490016937256,13299791,0.0,0.0
2023-03-20 00:00:00+03:00,1.0180490338488035,1.0205321371630052,0.9981846809387207,0.9981846809387207,18635839,0.0,0.0
2023-03-21 00:00:00+03:00,0.9957016960254018,1.0155660489354845,0.9932185927112,0.9981846809387207,15066755,0.0,0.0
2023-03-22 00:00:00+03:00,1.0056338564425031,1.0155660327391451,0.9932185768712599,1.0081168413162231,16739019,0.0,0.0
2023-03-23 00:00:00+03:00,1.0081168765218782,1.0279812298088693,1.0081168765218782,1.0230151414871216,12045675,0.0,0.0
2023-03-24 00:00:00+03:00,1.0254982090357874,1.0304642971841083,1.0081168413162231,1.0081168413162231,10755091,0.0,0.0
2023-03-27 00:00:00+03:00,1.0130829745045504,1.0602608732114929,1.008116886135445,1.0354304313659668,36889499,0.0,0.0
2023-03-28 00:00:00+03:00,1.0304643136180467,1.0304643136180467,0.9882525044836794,0.9981846809387207,12505139,0.0,0.0
2023-03-29 00:00:00+03:00,0.985769460369919,1.0478455632139276,0.9808033721423983,0.9981846809387207,27889683,0.0,0.0
2023-03-30 00:00:00+03:00,1.0006678104400635,1.0230151488482875,0.995701722082582,1.0006678104400635,14626335,0.0,0.0
2023-03-31 00:00:00+03:00,0.9981846809387207,1.0279812103038448,0.9882525044836794,0.9981846809387207,16769123,0.0,0.0
2023-04-03 00:00:00+03:00,0.9932185810475819,1.0056338606710291,0.9485237283243173,0.9683881402015686,16450123,0.0,0.0
2023-04-04 00:00:00+03:00,0.9683881499280639,0.9832864145853101,0.9659051058185228,0.980803370475769,10263727,0.0,0.0
2023-04-05 00:00:00+03:00,0.9808033785469666,0.995701702527255,0.9733542461570434,0.9758372902870178,9514659,0.0,0.0
2023-04-06 00:00:00+03:00,0.9783203085188059,0.985769440711535,0.9708711763260767,0.9733542203903198,6385599,0.0,0.0
2023-04-07 00:00:00+03:00,0.9733542732588639,1.0006678186495357,0.9708712290597523,0.9957017302513123,12998779,0.0,0.0
2023-04-10 00:00:00+03:00,0.998184665019581,1.0130829294645443,0.9957016801458609,1.0081168413162231,13508927,0.0,0.0
2023-04-11 00:00:00+03:00,1.008116892708136,1.020532172912287,1.0056339077078382,1.0130829811096191,15576739,0.0,0.0
2023-04-12 00:00:00+03:00,1.0155660590947653,1.0279812205873213,1.0081168674785244,1.010599970817566,17602183,0.0,0.0
2023-04-13 00:00:00+03:00,1.0106000126567567,1.0180490861805078,0.9981847322493196,1.0031508207321167,12176471,0.0,0.0
2023-04-14 00:00:00+03:00,0.998184665019581,1.0155660327391451,0.998184665019581,1.0081168413162231,8968183,0.0,0.0
2023-04-17 00:00:00+03:00,1.0105999589907027,1.0155660472097847,0.978320326366228,0.980803370475769,18574995,0.0,0.0
2023-04-18 00:00:00+03:00,0.980803352583049,0.9907355288400211,0.9708711763260767,0.9733542203903198,7756699,0.0,0.0
2023-04-19 00:00:00+03:00,0.975837282256687,0.9857694586948511,0.9659051058185228,0.980803370475769,8541003,0.0,0.0
2023-04-20 00:00:00+03:00,0.9808033606245753,0.9808033606245753,0.9683881402015686,0.9683881402015686,1593995,0.0,0.0
2023-04-24 00:00:00+03:00,0.9733542364334954,0.9808033687490038,0.9634220600128174,0.9634220600128174,7227067,0.0,0.0
2023-04-25 00:00:00+03:00,0.9659051184730227,0.9708712067571664,0.9336254854256466,0.9361085295677185,9593831,0.0,0.0
2023-04-26 00:00:00+03:00,0.9385915974051232,0.9410746416098811,0.9038289785385132,0.9038289785385132,8448231,0.0,0.0
2023-04-27 00:00:00+03:00,0.9112780586493975,0.9137611027110945,0.8914136469553814,0.8988627791404724,6627143,0.0,0.0
2023-04-28 00:00:00+03:00,0.9038289590994486,0.9112780915535102,0.8641001934773441,0.8789984583854675,6745595,0.0,0.0
2023-05-02 00:00:00+03:00,0.8765154008216072,0.8864475772750398,0.831820547580719,0.831820547580719,9683255,0.0,0.0
2023-05-03 00:00:00+03:00,0.8318205440962086,0.8392697356055197,0.7796766179341192,0.7970579266548157,14068967,0.0,0.0
2023-05-04 00:00:00+03:00,0.7995409897458837,0.8218883872032166,0.7846427247743285,0.8218883872032166,8476639,0.0,0.0
2023-05-05 00:00:00+03:00,0.8218883858450229,0.826854474160668,0.7970579442667972,0.8045070767402649,7639091,0.0,0.0
2023-05-08 00:00:00+03:00,0.8069900968868096,0.8293374936422857,0.7945748764671007,0.8194053173065186,8229719,0.0,0.0
2023-05-09 00:00:00+03:00,0.8268544658592705,0.8392697457241797,0.8020240245303357,0.8094731569290161,16174411,0.0,0.0
2023-05-10 00:00:00+03:00,0.8094731569290161,0.8169222893276965,0.7945748921316553,0.8094731569290161,6741359,0.0,0.0
2023-05-11 00:00:00+03:00,0.811956204398846,0.8616171464612513,0.8094731602557478,0.8442358374595642,17587455,0.0,0.0
2023-05-12 00:00:00+03:00,0.8442358438609919,0.8492019321848437,0.8169222988793648,0.8218883872032166,7951643,0.0,0.0
2023-05-15 00:00:00+03:00,0.7821596729170368,0.8566510562423637,0.7747104813041064,0.8268544673919678,18099135,0.0,0.0
2023-05-16 00:00:00+03:00,0.8218883980096847,0.8641002085178824,0.8194053538151109,0.8516849875450134,7934859,0.0,0.0
2023-05-17 00:00:00+03:00,0.8616171240182438,0.8889306088808744,0.8541679917829809,0.8765153884887695,8506983,0.0,0.0
2023-05-18 00:00:00+03:00,0.8765154379797243,0.8864476148542116,0.8392697747003967,0.8467189073562622,6798519,0.0,0.0
2023-05-22 00:00:00+03:00,0.8541680301986139,0.8591341185788023,0.8293375290972286,0.834303617477417,4865087,0.0,0.0
2023-05-23 00:00:00+03:00,0.8343036257179047,0.8417528175622069,0.8268544930740463,0.8293375372886658,3510695,0.0,0.0
2023-05-24 00:00:00+03:00,0.8268544673919678,0.846718879692379,0.8194053349794793,0.8268544673919678,5143995,0.0,0.0
2023-05-25 00:00:00+03:00,0.8293374955009503,0.8442358192384309,0.8293374955009503,0.8367866277694702,3840995,0.0,0.0
2023-05-26 00:00:00+03:00,0.8442358135884829,0.8665832102444854,0.8442358135884829,0.8591340780258179,4613759,0.0,0.0
2023-05-29 00:00:00+03:00,0.90382894471872,0.9137611211661057,0.8690662679524287,0.9063119888305664,9116071,0.0,0.0
2023-05-30 00:00:00+03:00,0.9137611244286378,0.9460406979978937,0.9112780803079258,0.9410746097564697,11491895,0.0,0.0
2023-05-31 00:00:00+03:00,0.9460406740908676,0.975837261986875,0.9311424097430838,0.9559728503227234,14013535,0.0,0.0
2023-06-01 00:00:00+03:00,0.9708711923283259,0.9758372805386648,0.9559728684968678,0.9634220600128174,7401759,0.0,0.0
2023-06-02 00:00:00+03:00,0.9659051137671201,0.983286422676941,0.9659051137671201,0.9758372902870178,7304059,0.0,0.0
2023-06-05 00:00:00+03:00,0.9808033545761163,0.9981846630611378,0.9708711782989612,0.9907355308532715,10032067,0.0,0.0
2023-06-06 00:00:00+03:00,0.9907355796145307,0.9932186238060281,0.9584559459246221,0.9609389901161194,13074915,0.0,0.0
2023-06-07 00:00:00+03:00,0.9634220857380438,0.97335426242393,0.9634220857380438,0.9659051299095154,12376803,0.0,0.0
2023-06-08 00:00:00+03:00,0.9559729017331248,0.9733542702740494,0.9534898575416274,0.9609389901161194,12518815,0.0,0.0
2023-06-09 00:00:00+03:00,0.9634220441333475,0.9758372644545629,0.9584558968044212,0.9733542203903198,8619607,0.0,0.0
2023-06-12 00:00:00+03:00,0.983286422676941,0.9882525109368899,0.9708712020270689,0.9758372902870178,16776359,0.0,0.0
2023-06-13 00:00:00+03:00,0.975837313304676,0.9783203574932196,0.9385915912760807,0.9435576796531677,10848739,0.0,0.0
2023-06-14 00:00:00+03:00,0.9435576868692634,0.9534898636993961,0.9187272447939316,0.9212102890014648,10619711,0.0,0.0
2023-06-15 00:00:00+03:00,0.9286593715238695,0.9410745918917472,0.9212102393031427,0.9336254596710205,7904355,0.0,0.0
2023-06-16 00:00:00+03:00,0.9361085215150458,0.9609389627221657,0.9336254773943338,0.9410746097564697,8644271,0.0,0.0
2023-06-19 00:00:00+03:00,0.9460406946201093,0.955972871067495,0.90382894471872,0.9063119888305664,8533575,0.0,0.0
2023-06-20 00:00:00+03:00,0.9063119867055832,0.918727207235706,0.883964530550921,0.88893061876297,5512979,0.0,0.0
2023-06-21 00:00:00+03:00,0.8889306526716582,0.9038289770765505,0.8814815200694338,0.8864476084709167,5671203,0.0,0.0
2023-06-22 00:00:00+03:00,0.8864476018861505,0.9187272354564515,0.8740323809746666,0.9087950587272644,6883163,0.0,0.0
2023-06-23 00:00:00+03:00,0.9187272285606696,0.9385915818699458,0.9162441843970099,0.9311424493789673,6252007,0.0,0.0
2023-06-26 00:00:00+03:00,0.9311424444879547,0.9932186074538183,0.9311424444879547,0.9708712100982666,17972403,0.0,0.0
2023-06-27 00:00:00+03:00,0.9708712100982666,0.9783203425501171,0.9634220776464161,0.9708712100982666,4118967,0.0,0.0
2023-07-03 00:00:00+03:00,0.9758373094522128,1.018049060490806,0.9758373094522128,1.0006678104400635,20963767,0.0,0.0
2023-07-04 00:00:00+03:00,1.0031507374817252,1.032947265905726,0.9857694292343915,1.0180490016937256,25575771,0.0,0.0
2023-07-05 00:00:00+03:00,1.0205321153300158,1.0354303796938482,1.0031507477051043,1.0304642915725708,20855207,0.0,0.0
2023-07-06 00:00:00+03:00,1.0279812235231893,1.060260856617616,1.0254982385779405,1.0453625917434692,35225963,0.0,0.0
2023-07-07 00:00:00+03:00,1.045362643001975,1.0652269971415362,1.045362643001975,1.0503287315368652,21368699,0.0,0.0
2023-07-10 00:00:00+03:00,1.062744004791498,1.085091343844912,1.0577779162906407,1.072676181793213,23370799,0.0,0.0
2023-07-11 00:00:00+03:00,1.0801252457411934,1.0850913341978998,1.0403965380875422,1.0602608919143677,21452671,0.0,0.0
2023-07-12 00:00:00+03:00,1.0602609013406246,1.0900574323457695,1.0552948128397672,1.072676181793213,43366210,0.0,0.0
2023-07-13 00:00:00+03:00,1.0701930269305189,1.0900573799796698,1.0577778654752414,1.067710041999817,28920155,0.0,0.0
2023-07-14 00:00:00+03:00,1.0701929750382146,1.0726760782493978,1.0552947109737494,1.062743902206421,13585911,0.0,0.0
2023-07-17 00:00:00+03:00,1.0701930143688088,1.1297861912176526,1.0528116464543789,1.1124048233032227,74607702,0.0,0.0
2023-07-18 00:00:00+03:00,1.1124048090316156,1.1198540004424824,1.0602608243581897,1.0652269124984741,29567351,0.0,0.0
2023-07-19 00:00:00+03:00,1.065226922707185,1.0850912754586943,1.035430393579921,1.0776422023773193,18362239,0.0,0.0
2023-07-20 00:00:00+03:00,1.0850912887900614,1.1372352746038523,1.080125200541171,1.1248201131820679,47221978,0.0,0.0
2023-07-21 00:00:00+03:00,1.124820085470973,1.1893792311160676,1.124820085470973,1.179447054862976,52930194,0.0,0.0
2023-07-24 00:00:00+03:00,1.1918624126102204,1.2365572086827705,1.17199794039931,1.1868963241577148,50557446,0.0,0.0
2023-07-25 00:00:00+03:00,1.1918623837552635,1.1918623837552635,1.1322692053670578,1.1496505737304688,28264551,0.0,0.0
2023-07-26 00:00:00+03:00,1.149650547539137,1.1570996206674047,1.1248201064434404,1.147167444229126,34038243,0.0,0.0
2023-07-27 00:00:00+03:00,1.1521335332420266,1.2440063429607238,1.1496505483311876,1.2390401363372803,57948386,0.0,0.0
2023-07-28 00:00:00+03:00,1.2464893278715627,1.2762858572069269,1.2117267103136378,1.2390401363372803,50906910,0.0,0.0
2023-07-31 00:00:00+03:00,1.246489307919272,1.2589045874773863,1.2092435876458099,1.2142096757888794,36936551,0.0,0.0
2023-08-01 00:00:00+03:00,1.2142097676625991,1.2166928711224596,1.1695149709931214,1.1769640445709229,24310523,0.0,0.0
2023-08-02 00:00:00+03:00,1.171997858095869,1.2489724013055075,1.171997858095869,1.2017945051193237,87526201,0.0,0.0
2023-08-03 00:00:00+03:00,1.2017945051193237,1.2291079304895776,1.1868962408080364,1.2017945051193237,34350023,0.0,0.0
2023-08-04 00:00:00+03:00,1.2092436036200491,1.2166927951334985,1.1893792507853607,1.204277515411377,17439803,0.0,0.0
2023-08-07 00:00:00+03:00,1.206760581963321,1.2564214625375816,1.206760581963321,1.2464892864227295,43265314,0.0,0.0
2023-08-08 00:00:00+03:00,1.2514553904071117,1.2862180072515093,1.2241418465432163,1.236557126045227,52127658,0.0,0.0
2023-08-09 00:00:00+03:00,1.2415233076957395,1.2638707651225474,1.2191758502689316,1.2340741157531738,30992019,0.0,0.0
2023-08-10 00:00:00+03:00,1.2340740677475435,1.2390401560491096,1.1719979047775269,1.1719979047775269,29069631,0.0,0.0
2023-08-11 00:00:00+03:00,1.1744810362611409,1.2191758320458106,1.1446845057380277,1.209243655204773,21972323,0.0,0.0
2023-08-14 00:00:00+03:00,1.2191758187519994,1.2613876290665786,1.2142097303856305,1.2539385557174683,36069999,0.0,0.0
2023-08-15 00:00:00+03:00,1.256421567625864,1.3060825707546966,1.2340741102978452,1.2911841869354248,42012250,0.0,0.0
2023-08-16 00:00:00+03:00,1.2911841354166744,1.3284298566769577,1.2514554292195101,1.2862180471420288,26787619,0.0,0.0
2023-08-17 00:00:00+03:00,1.2887011541984386,1.3358790521441484,1.2862180508535086,1.3209807872772217,32729459,0.0,0.0
2023-08-18 00:00:00+03:00,1.3234637050867812,1.3408450724169445,1.261387545423042,1.2688367366790771,31262439,0.0,0.0
2023-08-21 00:00:00+03:00,1.2738028487164264,1.3656755383335637,1.2638706724551616,1.3284298181533813,21015955,0.0,0.0
2023-08-22 00:00:00+03:00,1.335879026954051,1.4550652620429045,1.3209807623680545,1.4103703498840332,51595434,0.0,0.0
2023-08-23 00:00:00+03:00,1.4153364972430853,1.4476161310625346,1.383056981824523,1.392989158630371,29258547,0.0,0.0
2023-08-24 00:00:00+03:00,1.3929890807238465,1.5121753141291094,1.3656755368349018,1.3855398893356323,48689294,0.0,0.0
2023-08-25 00:00:00+03:00,1.3929891324843267,1.407887397413462,1.3333959543669007,1.3905060291290283,18358783,0.0,0.0
2023-08-28 00:00:00+03:00,1.3954721174387401,1.4376839272717326,1.3880230441746149,1.3905060291290283,19795739,0.0,0.0
2023-08-29 00:00:00+03:00,1.3979552584646484,1.4997601307575112,1.3855399781553728,1.4401670694351196,30744627,0.0,0.0
2023-08-31 00:00:00+03:00,1.442650000029743,1.584183692932129,1.442650000029743,1.584183692932129,19908899,0.0,0.0
2023-09-01 00:00:00+03:00,1.618946353335635,1.7008868709196605,1.5593532926930298,1.5767345428466797,53719898,0.0,0.0
2023-09-04 00:00:00+03:00,1.579217547948956,1.6263954438884098,1.5394887249257492,1.54445481300354,23565739,0.0,0.0
2023-09-05 00:00:00+03:00,1.5543871692840892,1.6984038476597505,1.5320397128461816,1.6537089347839355,69866578,0.0,0.0
2023-09-06 00:00:00+03:00,1.6512259304103913,1.7133020923175424,1.6114971062772148,1.6288784742355347,34192287,0.0,0.0
2023-09-07 00:00:00+03:00,1.6363276819797892,1.718268197565268,1.596598857452827,1.7108190059661865,42863698,0.0,0.0
2023-09-08 00:00:00+03:00,1.7133021487774163,1.7381325906783582,1.6537089698142686,1.668607234954834,24931515,0.0,0.0
2023-09-11 00:00:00+03:00,1.6686072132682717,1.685988581573472,1.5990819768492397,1.6090141534805298,16160747,0.0,0.0
2023-09-12 00:00:00+03:00,1.611497178418853,1.6263955621362995,1.5345227484161896,1.5668023824691772,18235763,0.0,0.0
2023-09-13 00:00:00+03:00,1.5668023140293104,1.5841836820064996,1.4525821665240841,1.4798957109451294,26611835,0.0,0.0
2023-09-14 00:00:00+03:00,1.4575482606887817,1.474929628736839,1.407887378267023,1.4575482606887817,16641507,0.0,0.0
2023-09-15 00:00:00+03:00,1.4600313709709818,1.472446532435169,1.4178195615108011,1.4352009296417236,15401167,0.0,0.0
2023-09-18 00:00:00+03:00,1.4376839633229361,1.4575483170598995,1.4054043292999268,1.4054043292999268,15736855,0.0,0.0
2023-09-19 00:00:00+03:00,1.4054042877537816,1.4327178325351153,1.3756077580291726,1.412853479385376,13850271,0.0,0.0
2023-09-20 00:00:00+03:00,1.420302546443285,1.4525821793717624,1.4128534732449494,1.4352009296417236,14029779,0.0,0.0
2023-09-21 00:00:00+03:00,1.437683949644696,1.4525822148056753,1.3905060507678184,1.450099229812622,13894711,0.0,0.0
2023-09-22 00:00:00+03:00,1.4525821471184959,1.4724464997408324,1.4302348096188078,1.4550652503967285,23239535,0.0,0.0
2023-09-25 00:00:00+03:00,1.4724464997408324,1.4923109707640503,1.4426499708073277,1.4550652503967285,27494483,0.0,0.0
2023-09-26 00:00:00+03:00,1.4575482513446323,1.469963531070921,1.4252686187769879,1.445133090019226,30975303,0.0,0.0
2023-09-27 00:00:00+03:00,1.4500991944392785,1.4774126207010205,1.4128534732449494,1.4352009296417236,42758774,0.0,0.0
2023-09-28 00:00:00+03:00,1.4352009615838268,1.4873448303353507,1.4078874163133057,1.4153364896774292,54803702,0.0,0.0
2023-09-29 00:00:00+03:00,1.4203025167430583,1.4227856200245015,1.3929890910524727,1.3979551792144775,38949531,0.0,0.0
2023-10-02 00:00:00+03:00,1.4054042787493506,1.4972770890795917,1.3905060139824994,1.4923110008239746,80101889,0.0,0.0
2023-10-03 00:00:00+03:00,1.5121753852111608,1.5767345338732335,1.472446559941307,1.564319372177124,123406336,0.0,0.0
2023-10-04 00:00:00+03:00,1.5543871321244194,1.6462598222158817,1.519624396629638,1.6040480136871338,171459791,0.0,0.0
2023-10-05 00:00:00+03:00,1.6189463385760712,1.755513945571649,1.551904086763906,1.7133021354675293,145243668,0.0,0.0
2023-10-06 00:00:00+03:00,1.6984038171479585,1.795242595971044,1.6760563611115227,1.7654460668563843,102981861,0.0,0.0
2023-10-09 00:00:00+03:00,1.725717287153308,1.8424205401083678,1.700886845588684,1.700886845588684,126831612,0.0,0.0
2023-10-10 00:00:00+03:00,1.73316643239945,1.849869563827676,1.715785064569339,1.8225561380386353,99734753,0.0,0.0
2023-10-11 00:00:00+03:00,1.7430986323825988,1.792759514854685,1.6412937641143799,1.6412937641143799,90330921,0.0,0.0
2023-10-12 00:00:00+03:00,1.5916328207219121,1.6338446315480717,1.4774126685102638,1.4972771406173706,94832549,0.0,0.0
2023-10-13 00:00:00+03:00,1.4972771016864728,1.5593532646048012,1.445133115363006,1.4476161003112793,33184807,0.0,0.0
2023-10-16 00:00:00+03:00,1.4649974324792845,1.4947939615301735,1.3929890947391956,1.4327178001403809,23373899,0.0,0.0
2023-10-17 00:00:00+03:00,1.420302555474967,1.462514365203572,1.4178195705266938,1.4476161003112793,20965003,0.0,0.0
2023-10-18 00:00:00+03:00,1.4252685781253085,1.4252685781253085,1.3681586245357484,1.3954720497131348,16774159,0.0,0.0
2023-10-19 00:00:00+03:00,1.3929891725928738,1.4078874379509771,1.330913007733666,1.3482942581176758,21210731,0.0,0.0
2023-10-20 00:00:00+03:00,1.3333959062840137,1.4128534347750108,1.2663536573200376,1.3284298181533813,34710555,0.0,0.0
2023-10-23 00:00:00+03:00,1.3408451530354482,1.3830569630889225,1.3309129763641467,1.3681586980819702,30945623,0.0,0.0
2023-10-24 00:00:00+03:00,1.373124808972176,1.4699635923084549,1.363192513736844,1.4625144004821777,19642875,0.0,0.0
2023-10-25 00:00:00+03:00,1.4674804432977144,1.4749296348925094,1.3433281183242798,1.3433281183242798,17370759,0.0,0.0
2023-10-26 00:00:00+03:00,1.380573885228837,1.3855399736562435,1.3110486472451426,1.3706417083740234,22680107,0.0,0.0
2023-10-27 00:00:00+03:00,1.3706416731019535,1.3731247764522005,1.323463775055221,1.355743408203125,10826315,0.0,0.0
2023-10-30 00:00:00+03:00,1.3433281444454455,1.3656756012634952,1.3358790711066861,1.3458112478256226,11296931,0.0,0.0
2023-10-31 00:00:00+03:00,1.3532602588065428,1.3607094502029315,1.291184097973199,1.3284298181533813,9995111,0.0,0.0
2023-11-01 00:00:00+03:00,1.3234637885751284,1.3259468919507418,1.253938551670357,1.3110486268997192,13060095,0.0,0.0
2023-11-02 00:00:00+03:00,1.3110485635273748,1.385539885181789,1.3060824754170803,1.350777268409729,11256139,0.0,0.0
2023-11-03 00:00:00+03:00,1.3557433511484729,1.390505967782801,1.3333958955402507,1.3731247186660767,13840211,0.0,0.0
2023-11-06 00:00:00+03:00,1.3756077641998932,1.4153364706775873,1.3731247792454795,1.3905060291290283,18795959,0.0,0.0
2023-11-07 00:00:00+03:00,1.3880230770703907,1.395472150511057,1.3681587233607637,1.3706417083740234,9756015,0.0,0.0
2023-11-08 00:00:00+03:00,1.3731247126044441,1.405404225850526,1.3731247126044441,1.3954720497131348,15318359,0.0,0.0
2023-11-09 00:00:00+03:00,1.3954721272902748,1.4203025690141278,1.37312478893925,1.4029213190078735,10749727,0.0,0.0
2023-11-10 00:00:00+03:00,1.4054043319295033,1.4724465851176378,1.3905060665989053,1.4401670694351196,25938731,0.0,0.0
2023-11-13 00:00:00+03:00,1.440167013924345,1.4649974551849267,1.4004381895065308,1.4004381895065308,13955659,0.0,0.0
2023-11-14 00:00:00+03:00,1.4203025087035577,1.4774125814437866,1.3805738036324005,1.4774125814437866,16046283,0.0,0.0
2023-11-15 00:00:00+03:00,1.4774125898346142,1.5643193102726702,1.462514325348317,1.5469379425048828,24152383,0.0,0.0
2023-11-16 00:00:00+03:00,1.5618362730898376,1.5841837299654935,1.504726197608295,1.507209300994873,11727507,0.0,0.0
2023-11-17 00:00:00+03:00,1.5146583350921143,1.579217600659095,1.492310997196599,1.549420952796936,17729335,0.0,0.0
2023-11-20 00:00:00+03:00,1.5494209726183612,1.5916327824289505,1.544454884311285,1.5742515325546265,13263967,0.0,0.0
2023-11-21 00:00:00+03:00,1.5742515096532206,1.626395495319398,1.5543871567138927,1.606531023979187,13481871,0.0,0.0
2023-11-22 00:00:00+03:00,1.6263955256089502,1.6263955256089502,1.5469379939709595,1.5519040822982788,9517075,0.0,0.0
2023-11-23 00:00:00+03:00,1.5543871534681077,1.6239123886105769,1.5543871534681077,1.5717684030532837,17648151,0.0,0.0
2023-11-24 00:00:00+03:00,1.5841836442348196,1.7257172143856245,1.5444548210057674,1.6710902452468872,21373063,0.0,0.0
2023-11-27 00:00:00+03:00,1.6884716288994701,1.7133020696536927,1.6462598204168513,1.6611580848693848,17855587,0.0,0.0
2023-11-28 00:00:00+03:00,1.6611580848693848,1.7157850545286746,1.6537088934426776,1.6611580848693848,20249647,0.0,0.0
2023-11-29 00:00:00+03:00,1.6686071489334025,1.6735732370575749,1.5916327238082886,1.5916327238082886,12535923,0.0,0.0
2023-11-30 00:00:00+03:00,1.596598874471495,1.609014154468675,1.5171414613723755,1.5171414613723755,33306571,0.0,0.0
2023-12-01 00:00:00+03:00,1.5270736344006908,1.5394887959676438,1.4823787212371826,1.4823787212371826,10646763,0.0,0.0
2023-12-04 00:00:00+03:00,1.487344771693747,1.5419718600810048,1.484861786803898,1.5245904922485352,11855675,0.0,0.0
2023-12-05 00:00:00+03:00,1.5245905766534684,1.5394888420200106,1.5047262228314122,1.5096923112869263,6459579,0.0,0.0
2023-12-06 00:00:00+03:00,1.507209275247522,1.5121753635349566,1.4029213028105063,1.412853479385376,14718355,0.0,0.0
2023-12-07 00:00:00+03:00,1.4128535143255327,1.4302348829618416,1.3880230722742968,1.4277517795562744,9287295,0.0,0.0
2023-12-08 00:00:00+03:00,1.4327178162246774,1.4451330960023678,1.4004381835233888,1.4227856397628784,6366371,0.0,0.0
2023-12-11 00:00:00+03:00,1.4227856529518825,1.427751741228817,1.3656755785666945,1.3780908584594727,7108119,0.0,0.0
2023-12-12 00:00:00+03:00,1.3532603211643819,1.3731247930031405,1.3383620560859772,1.3458112478256226,6554323,0.0,0.0
2023-12-13 00:00:00+03:00,1.3482941608984123,1.4128534245293445,1.3160146474838257,1.3160146474838257,19615479,0.0,0.0
2023-12-14 00:00:00+03:00,1.330913007733666,1.3880230841401728,1.2787690197798602,1.3482942581176758,10684099,0.0,0.0
2023-12-15 00:00:00+03:00,1.3482941651541418,1.4054042376229663,1.3309129159685518,1.350777268409729,15257559,0.0,0.0
2023-12-18 00:00:00+03:00,1.3557434185665431,1.3607095069041137,1.2762858867645264,1.2762858867645264,12231815,0.0,0.0
2023-12-19 00:00:00+03:00,1.291184142556105,1.291184142556105,1.253938539490761,1.2638707160949707,10200787,0.0,0.0
2023-12-20 00:00:00+03:00,1.2663536747927808,1.2911841157885446,1.2539385134953398,1.261387586593628,6382339,0.0,0.0
2023-12-21 00:00:00+03:00,1.2663537359677888,1.2812520012849524,1.2514554706506251,1.2787690162658691,7772531,0.0,0.0
2023-12-22 00:00:00+03:00,1.2812519893906469,1.2812519893906469,1.2216589286752153,1.2315911054611206,8249299,0.0,0.0
2023-12-25 00:00:00+03:00,1.2315910350453325,1.2340740198994016,1.1446844339370728,1.1446844339370728,7464819,0.0,0.0
2023-12-26 00:00:00+03:00,1.1546166458454463,1.184413175420596,1.142201365988692,1.1595827341079712,6429091,0.0,0.0
2023-12-27 00:00:00+03:00,1.1595826920608925,1.1844131324731524,1.147167412654323,1.1670317649841309,7219831,0.0,0.0
2023-12-28 00:00:00+03:00,1.169514936156827,1.1943453780113578,1.1546166710441081,1.1620657444000244,8123803,0.0,0.0
2023-12-29 00:00:00+03:00,1.1645487699269754,1.2166927535357115,1.1570995786682081,1.2117266654968262,12578507,0.0,0.0
2024-01-02 00:00:00+03:00,1.2315911236774932,1.26883684637598,1.2191758433110347,1.2564215660095215,8447591,0.0,0.0
2024-01-03 00:00:00+03:00,1.258904571116982,1.2663536440343397,1.2216588513275557,1.2241418361663818,11188203,0.0,0.0
2024-01-04 00:00:00+03:00,1.2241419093613952,1.2887011766433716,1.2067606592476987,1.2887011766433716,7217131,0.0,0.0
2024-01-05 00:00:00+03:00,1.2911841704938123,1.3160147309424868,1.2688368318512473,1.3011163473129272,16064307,0.0,0.0
2024-01-08 00:00:00+03:00,1.3110486007244142,1.3309129537291822,1.2911841293187627,1.3085654973983765,9692191,0.0,0.0
2024-01-09 00:00:00+03:00,1.3085654777327749,1.3160146691980554,1.276285845384695,1.2837350368499756,6998275,0.0,0.0
2024-01-10 00:00:00+03:00,1.2762859128458979,1.296150266602116,1.258904662509651,1.2787690162658691,7204615,0.0,0.0
2024-01-11 00:00:00+03:00,1.2812519428814773,1.3085654872516843,1.2812519428814773,1.2961502075195312,6772263,0.0,0.0
2024-01-12 00:00:00+03:00,1.2936672075190327,1.3160146634158034,1.2688367667453324,1.3060824871063232,9018887,0.0,0.0
2024-01-15 00:00:00+03:00,1.3060824712945869,1.3358789998623033,1.3060824712945869,1.3160146474838257,8075067,0.0,0.0
2024-01-16 00:00:00+03:00,1.3160146570272409,1.3383619944146459,1.3110485688966087,1.3284298181533813,6932047,0.0,0.0
2024-01-17 00:00:00+03:00,1.3259469106076862,1.3532603377184358,1.3184977187769171,1.3358790874481201,7256331,0.0,0.0
2024-01-18 00:00:00+03:00,1.3408451594661543,1.3731247930031405,1.3408451594661543,1.3458112478256226,7567619,0.0,0.0
2024-01-19 00:00:00+03:00,1.3482941608984123,1.3607094403354005,1.3110485593892063,1.3160146474838257,6709503,0.0,0.0
2024-01-22 00:00:00+03:00,1.316014660899888,1.3706416304975941,1.3085654694815783,1.3631924390792847,10142551,0.0,0.0
2024-01-23 00:00:00+03:00,1.3706416101973373,1.3805737863407261,1.3259468175520872,1.3383619785308838,8689711,0.0,0.0
2024-01-24 00:00:00+03:00,1.3383619777226958,1.4078873290853133,1.3135315373792178,1.3954720497131348,20303383,0.0,0.0
2024-01-25 00:00:00+03:00,1.4029212542468907,1.534522648508833,1.3756077104110445,1.4997600317001343,105765517,0.0,0.0
2024-01-26 00:00:00+03:00,1.5047261047881173,1.5047261047881173,1.4451330479969264,1.4525821208953857,28750963,0.0,0.0
2024-01-29 00:00:00+03:00,1.4600313606950666,1.4699635371568656,1.4153364482160875,1.4227856397628784,13660275,0.0,0.0
2024-01-30 00:00:00+03:00,1.4227856273772646,1.477412597441622,1.4128534510019268,1.4674804210662842,20221431,0.0,0.0
2024-01-31 00:00:00+03:00,1.4997600534865725,1.4997600534865725,1.4451330834222154,1.4674804210662842,20072663,0.0,0.0
2024-02-01 00:00:00+03:00,1.4674803850931835,1.472446473159116,1.4476160328294532,1.4525821208953857,14849527,0.0,0.0
2024-02-02 00:00:00+03:00,1.4550652345710875,1.4699634988758028,1.4426499551167182,1.464997410774231,12140691,0.0,0.0
2024-02-05 00:00:00+03:00,1.4674804231783067,1.5891497615526249,1.4649974382813398,1.559353232383728,47827382,0.0,0.0
2024-02-06 00:00:00+03:00,1.576734473469609,1.58418366492261,1.4774125917012573,1.4898278713226318,76058542,0.0,0.0
2024-02-07 00:00:00+03:00,1.4898279557100165,1.5022432360346218,1.4699636019113584,1.474929690361023,29333999,0.0,0.0
2024-02-08 00:00:00+03:00,1.4774125718277205,1.48982785128209,1.4625143075230052,1.464997410774231,24064279,0.0,0.0
2024-02-09 00:00:00+03:00,1.469963514863481,1.4823786760520008,1.4525821471184959,1.4550652503967285,23440639,0.0,0.0
2024-02-12 00:00:00+03:00,1.4625143328786152,1.4749296125482283,1.4525821565032777,1.4674804210662842,24591471,0.0,0.0
2024-02-13 00:00:00+03:00,1.4798957399683503,1.4823787249275686,1.4252686500549316,1.4252686500549316,27059395,0.0,0.0
2024-02-14 00:00:00+03:00,1.4277517728707099,1.4600314065866082,1.4153364927027838,1.450099229812622,21661295,0.0,0.0
2024-02-15 00:00:00+03:00,1.4575483166497358,1.5618362921403341,1.455065331633758,1.532039761543274,44950666,0.0,0.0
2024-02-16 00:00:00+03:00,1.58914974533781,1.6139801860585343,1.5444548336396253,1.5692853927612305,39208939,0.0,0.0
2024-02-19 00:00:00+03:00,1.571768429163314,1.5767345174702723,1.4823787212371826,1.4823787212371826,21644819,0.0,0.0
2024-02-20 00:00:00+03:00,1.4947939558482808,1.6114970867211005,1.4724464999446187,1.6040480136871338,34521511,0.0,0.0
2024-02-21 00:00:00+03:00,1.5891497389466425,1.6959206928167914,1.576734459435771,1.5916327238082886,73195426,0.0,0.0
2024-02-22 00:00:00+03:00,1.594115821635674,1.6388106146008392,1.5742514692067113,1.6139801740646362,57276838,0.0,0.0
2024-02-23 00:00:00+03:00,1.6189462731898658,1.7753782272338867,1.6139801850488278,1.7753782272338867,130659084,0.0,0.0
2024-02-26 00:00:00+03:00,1.7282003400358228,1.73813251637159,1.638810634613037,1.638810634613037,138569296,0.0,0.0
2024-02-27 00:00:00+03:00,1.6164633058245546,1.6313615704090028,1.559353232383728,1.559353232383728,58289490,0.0,0.0
2024-02-28 00:00:00+03:00,1.5618362489496813,1.6214294268967138,1.5394887924194336,1.5394887924194336,36121871,0.0,0.0
2024-02-29 00:00:00+03:00,1.5494209310993297,1.5891497548922304,1.52955657840332,1.5817005634307861,29758515,0.0,0.0
2024-03-01 00:00:00+03:00,1.5990819055151768,1.643776698362176,1.5717683617971265,1.579217553138733,43170178,0.0,0.0
2024-03-04 00:00:00+03:00,1.581700595596105,1.6537089347839355,1.5593532575590814,1.6537089347839355,52118206,0.0,0.0
2024-03-05 00:00:00+03:00,1.6710902736326296,1.6934377296785186,1.6139802002715993,1.616463303565979,53286222,0.0,0.0
2024-03-06 00:00:00+03:00,1.616463291122479,1.7430985981389562,1.489827865705121,1.5121753215789795,130179528,0.0,0.0
2024-03-07 00:00:00+03:00,1.519624406301048,1.631361568129611,1.5146583181131708,1.616463303565979,71803026,0.0,0.0
2024-03-08 00:00:00+03:00,1.62639550231008,1.62639550231008,1.5568701483227105,1.584183692932129,23750931,0.0,0.0
2024-03-11 00:00:00+03:00,1.6114971319048046,1.6189463235485153,1.5394887924194336,1.5394887924194336,28407875,0.0,0.0
2024-03-12 00:00:00+03:00,1.5593532950555267,1.5593532950555267,1.4699635855553024,1.4848618507385254,28673123,0.0,0.0
2024-03-13 00:00:00+03:00,1.492310948303007,1.5096921973855026,1.474929580819632,1.487344741821289,17588163,0.0,0.0
2024-03-14 00:00:00+03:00,1.489827845062148,1.5295565497088572,1.474929580819632,1.487344741821289,19028079,0.0,0.0
2024-03-15 00:00:00+03:00,1.4724464849668095,1.4898278525373958,1.40788733959198,1.40788733959198,26291403,0.0,0.0
2024-03-18 00:00:00+03:00,1.4203025998822858,1.4227857033090805,1.3482942581176758,1.3482942581176758,13858943,0.0,0.0
2024-03-19 00:00:00+03:00,1.3482942512502492,1.380573885228837,1.3482942512502492,1.3706417083740234,12540531,0.0,0.0
2024-03-20 00:00:00+03:00,1.3706416208509062,1.3929890765476705,1.3284298127129648,1.350777268409729,18491803,0.0,0.0
2024-03-21 00:00:00+03:00,1.3532602948500838,1.3681586780396737,1.3333959417984758,1.3433281183242798,12659655,0.0,0.0
2024-03-22 00:00:00+03:00,1.3433281047404773,1.3532602811658465,1.2762858546687925,1.2961502075195312,22003891,0.0,0.0
2024-03-25 00:00:00+03:00,1.3011162543771206,1.3284297978791852,1.2911840782674386,1.3035993576049805,17403571,0.0,0.0
2024-03-26 00:00:00+03:00,1.303599369192427,1.3309129129372765,1.2564214730516432,1.2589045763015747,13474539,0.0,0.0
2024-03-27 00:00:00+03:00,1.2613876379855409,1.3284298906060044,1.258904652985243,1.266353726387024,18346043,0.0,0.0
2024-03-28 00:00:00+03:00,1.266353744571453,1.303599467317855,1.2613876560986585,1.2911841869354248,27303347,0.0,0.0
2024-03-29 00:00:00+03:00,1.2911841293187627,1.3482942034079126,1.2638707031376482,1.3085654973983765,24321011,0.0,0.0
2024-04-01 00:00:00+03:00,1.3060825519997745,1.3085655370000726,1.25393856458376,1.266353726387024,9026775,0.0,0.0
2024-04-02 00:00:00+03:00,1.2663537340819886,1.2986333680882178,1.2440063953399658,1.2440063953399658,8197375,0.0,0.0
2024-04-03 00:00:00+03:00,1.2489723896518818,1.2613875505950076,1.211726670020747,1.2464892864227295,9536439,0.0,0.0
2024-04-04 00:00:00+03:00,1.2464892864227295,1.2688367418815862,1.2464892864227295,1.2464892864227295,13641075,0.0,0.0
2024-04-05 00:00:00+03:00,1.251455408004254,1.318497657775879,1.251455408004254,1.318497657775879,14081407,0.0,0.0
2024-04-08 00:00:00+03:00,1.3309129409858331,1.3532602787017822,1.3160146763749063,1.3532602787017822,12588331,0.0,0.0
2024-04-09 00:00:00+03:00,1.3532602787017822,1.3532602787017822,1.3532602787017822,1.3532602787017822,0,0.0,0.0
2024-04-15 00:00:00+03:00,1.3830569721360368,1.4029213256085806,1.3681587070316292,1.3805738687515259,19479603,0.0,0.0
2024-04-16 00:00:00+03:00,1.3805738171406152,1.410370346235527,1.3433280965715346,1.3756077289581299,24517991,0.0,0.0
2024-04-17 00:00:00+03:00,1.3929891070560336,1.4103703566222967,1.3706416508698294,1.388023018836975,15546323,0.0,0.0
2024-04-18 00:00:00+03:00,1.40292127316224,1.40292127316224,1.3756077289581299,1.3756077289581299,7924151,0.0,0.0
2024-04-19 00:00:00+03:00,1.3706416249600846,1.4128534332245768,1.3656755368349018,1.3855398893356323,13259215,0.0,0.0
2024-04-22 00:00:00+03:00,1.402921246169736,1.460031318369948,1.3954720548388913,1.4302347898483276,17345147,0.0,0.0
2024-04-24 00:00:00+03:00,1.450099179188535,1.571768399622742,1.4451330909749118,1.5370057821273804,54681714,0.0,0.0
2024-04-25 00:00:00+03:00,1.5370057719004253,1.62391237426101,1.5196244040679556,1.5245904922485352,37726207,0.0,0.0
2024-04-26 00:00:00+03:00,1.5270736082538865,1.539488769608265,1.4674804311898682,1.4798957109451294,18876923,0.0,0.0
2024-04-29 00:00:00+03:00,1.4923110302226057,1.4923110302226057,1.4302348666040459,1.4376839399337769,14689867,0.0,0.0
2024-04-30 00:00:00+03:00,1.4451330759539636,1.4451330759539636,1.3979551792144775,1.3979551792144775,7853667,0.0,0.0
2024-05-02 00:00:00+03:00,1.4029212609742785,1.4376838779496734,1.395472069564825,1.4203025102615356,9869131,0.0,0.0
2024-05-03 00:00:00+03:00,1.4252686122706582,1.4873447738169596,1.4252686122706582,1.4674804210662842,17902223,0.0,0.0
2024-05-06 00:00:00+03:00,1.467480470054473,1.4873448234682705,1.4352009549574951,1.4376839399337769,10481647,0.0,0.0
2024-05-07 00:00:00+03:00,1.4451330541091378,1.4500991421960745,1.4054042310127646,1.4302347898483276,8389879,0.0,0.0
2024-05-08 00:00:00+03:00,1.4302347837991287,1.4923109438237254,1.4302347837991287,1.4525821208953857,20374763,0.0,0.0
2024-05-09 00:00:00+03:00,1.4649974046579548,1.4997600212238253,1.4600313165771162,1.487344741821289,14649223,0.0,0.0
2024-05-10 00:00:00+03:00,1.4798956644584544,1.497277031889658,1.4451330479969264,1.4525821208953857,10079943,0.0,0.0
2024-05-13 00:00:00+03:00,1.4525822117007061,1.4674804768298395,1.4153364896774292,1.4153364896774292,10985291,0.0,0.0
2024-05-14 00:00:00+03:00,1.4203025102615356,1.4525821423677,1.4128534372529629,1.4203025102615356,10051799,0.0,0.0
2024-05-15 00:00:00+03:00,1.4252686376808876,1.4848618153962454,1.4252686376808876,1.469963550567627,13109251,0.0,0.0
2024-05-16 00:00:00+03:00,1.4823787212371826,1.5171414577867743,1.450099206442397,1.4823787212371826,19141971,0.0,0.0
2024-05-17 00:00:00+03:00,1.482378695855652,1.5146583284986253,1.4575482547460121,1.4798957109451294,18737099,0.0,0.0
2024-05-20 00:00:00+03:00,1.4774126076337242,1.4972770789223186,1.4525821665240841,1.4798957109451294,16590211,0.0,0.0
2024-05-21 00:00:00+03:00,1.4898278674858176,1.4997600437969858,1.4476160589629117,1.4550652503967285,15066899,0.0,0.0
2024-05-22 00:00:00+03:00,1.4550652640793524,1.5171414258083245,1.4550652640793524,1.502243161201477,17531967,0.0,0.0
2024-05-23 00:00:00+03:00,1.5121753069396027,1.5419718355490335,1.4625143075230052,1.464997410774231,17578639,0.0,0.0
2024-05-24 00:00:00+03:00,1.4674804401105432,1.4724465283626595,1.4004381895065308,1.4004381895065308,13733087,0.0,0.0
2024-05-27 00:00:00+03:00,1.4029213091037502,1.4327178389620208,1.3905060291290283,1.3905060291290283,16962019,0.0,0.0
2024-05-28 00:00:00+03:00,1.3954721012544142,1.4128534693372632,1.375607748245949,1.4004381895065308,8285319,0.0,0.0
2024-05-29 00:00:00+03:00,1.4078874047671763,1.4153364780702098,1.3582264030097833,1.3681586980819702,10745543,0.0,0.0
2024-05-30 00:00:00+03:00,1.3681586719013796,1.3756077450618704,1.3557433920993844,1.3656755685806274,12268143,0.0,0.0
2024-05-31 00:00:00+03:00,1.3681586456254116,1.3855398949333322,1.360709454207102,1.3631924390792847,13394083,0.0,0.0
2024-06-03 00:00:00+03:00,1.3532602986739164,1.4699635507832018,1.338362033843113,1.3780908584594727,94031105,0.0,0.0
2024-06-04 00:00:00+03:00,1.3706416407756445,1.425268610782983,1.3557433762281887,1.3756077289581299,33601743,0.0,0.0
2024-06-05 00:00:00+03:00,1.375607739088888,1.4078873717132088,1.3557433862126542,1.388023018836975,19804767,0.0,0.0
2024-06-06 00:00:00+03:00,1.3905060572789767,1.4525822216075104,1.3830569838640496,1.4277517795562744,18824175,0.0,0.0
2024-06-07 00:00:00+03:00,1.415336467798439,1.4302348510981522,1.3507773199035156,1.355743408203125,10216435,0.0,0.0
2024-06-10 00:00:00+03:00,1.3731248187820695,1.3731248187820695,1.3333959927595724,1.3482942581176758,12716943,0.0,0.0
2024-06-11 00:00:00+03:00,1.3557433725391435,1.3706416370460606,1.3333959165783273,1.3408451080322266,8806655,0.0,0.0
2024-06-12 00:00:00+03:00,1.3408451496317868,1.3706416795700547,1.311048619693519,1.3333959579467773,13670575,0.0,0.0
2024-06-13 00:00:00+03:00,1.350777306985367,1.4649974551849267,1.3408451304811344,1.4004381895065308,70988506,0.0,0.0
2024-06-14 00:00:00+03:00,1.4327178775693767,1.4476161428999748,1.4004382434859706,1.4401670694351196,21739535,0.0,0.0
2024-06-20 00:00:00+03:00,1.4476160646658254,1.4649974324792845,1.4277517119652325,1.4327178001403809,22464523,0.0,0.0
2024-06-21 00:00:00+03:00,1.4401670433109446,1.4476161166406756,1.4203025714962612,1.4376839399337769,40843462,0.0,0.0
2024-06-24 00:00:00+03:00,1.437683971333907,1.447616148257732,1.380573894821468,1.3830569982528687,38441463,0.0,0.0
2024-06-25 00:00:00+03:00,1.3880230310912818,1.392989119354184,1.3408451333932707,1.3433281183242798,15388351,0.0,0.0
2024-06-26 00:00:00+03:00,1.345811196201199,1.358226357423189,1.3259468435253094,1.3408451080322266,13326347,0.0,0.0
2024-06-27 00:00:00+03:00,1.3408451460319106,1.4029213091037502,1.3408451460319106,1.3905060291290283,43179498,0.0,0.0
2024-06-28 00:00:00+03:00,1.390506009783735,1.3929891131044871,1.3582263770192535,1.3656755685806274,10391395,0.0,0.0
2024-07-01 00:00:00+03:00,1.3656755685806274,1.3756077450618704,1.330912950896277,1.3656755685806274,15597815,0.0,0.0
2024-07-02 00:00:00+03:00,1.3731247930031405,1.4054043081392407,1.3408451594661543,1.3458112478256226,25826807,0.0,0.0
2024-07-03 00:00:00+03:00,1.365675584802344,1.37809086475181,1.3433281282536589,1.355743408203125,19363199,0.0,0.0
2024-07-04 00:00:00+03:00,1.3582263555175582,1.4078873555384872,1.3582263555175582,1.3979551792144775,26312551,0.0,0.0
2024-07-05 00:00:00+03:00,1.397955168849029,1.4054042418363628,1.375607713085267,1.3855398893356323,9366151,0.0,0.0
2024-07-08 00:00:00+03:00,1.3855399755629634,1.4153365061684084,1.3830569905462868,1.4054043292999268,25199343,0.0,0.0
2024-07-09 00:00:00+03:00,1.3954721338559337,1.420302575696613,1.3780908837679011,1.3805738687515259,9613879,0.0,0.0
2024-07-10 00:00:00+03:00,1.380573894821468,1.3905060717452933,1.3507773640499927,1.3830569982528687,12770119,0.0,0.0
2024-07-11 00:00:00+03:00,1.3830568948473132,1.4153364082358926,1.3706416154203278,1.3731247186660767,27764379,0.0,0.0
2024-07-12 00:00:00+03:00,1.375607713085267,1.390505977460815,1.3656755368349018,1.3855398893356323,12724459,0.0,0.0
2024-07-16 00:00:00+03:00,1.3855399188306903,1.4476160809173761,1.3830569339156817,1.4227856397628784,24608779,0.0,0.0
2024-07-17 00:00:00+03:00,1.4277516805657229,1.4774125612250486,1.4128534163679252,1.4525821208953857,16603251,0.0,0.0
2024-07-18 00:00:00+03:00,1.4699634988758028,1.4798956750789463,1.4476160432182898,1.464997410774231,13580919,0.0,0.0
2024-07-19 00:00:00+03:00,1.4600314087664872,1.554387206661119,1.4401670551888566,1.4848618507385254,32840427,0.0,0.0
2024-07-22 00:00:00+03:00,1.4898279100398841,1.5146583515270386,1.4476161003112793,1.4476161003112793,21422303,0.0,0.0
2024-07-23 00:00:00+03:00,1.4550653018589017,1.474929655183793,1.4426500218304021,1.4600313901901245,13254739,0.0,0.0
2024-07-24 00:00:00+03:00,1.4699635084433849,1.4972770523802459,1.4500991559078062,1.4774125814437866,15164231,0.0,0.0
2024-07-25 00:00:00+03:00,1.4774125937167142,1.4898278733550254,1.4277517119652325,1.4327178001403809,15724387,0.0,0.0
2024-07-26 00:00:00+03:00,1.4376839399337769,1.4500992200178433,1.4252686598497106,1.4376839399337769,8459567,0.0,0.0
2024-07-29 00:00:00+03:00,1.4376839633229361,1.4525822286256587,1.3929891674147685,1.4054043292999268,8258327,0.0,0.0
2024-07-30 00:00:00+03:00,1.4054042684032382,1.412853459932267,1.3830569306179168,1.388023018836975,9514219,0.0,0.0
2024-07-31 00:00:00+03:00,1.380573780997123,1.380573780997123,1.34084507657734,1.3607094287872314,10318639,0.0,0.0
2024-08-01 00:00:00+03:00,1.3681586847984626,1.4203025526160862,1.3681586847984626,1.412853479385376,18603615,0.0,0.0
2024-08-02 00:00:00+03:00,1.3979552558490094,1.4302348898720187,1.378090902112046,1.4054043292999268,11686039,0.0,0.0
2024-08-05 00:00:00+03:00,1.2787689998924345,1.3855399591654496,1.2787689998924345,1.2887011766433716,16016175,0.0,0.0
2024-08-06 00:00:00+03:00,1.3309129214191378,1.3532602588065428,1.3085654656308523,1.3284298181533813,15185307,0.0,0.0
2024-08-07 00:00:00+03:00,1.338362020797072,1.3532602854826505,1.3160146829691457,1.3309129476547241,7989011,0.0,0.0
2024-08-08 00:00:00+03:00,1.3333959765338277,1.3905060522453772,1.320980814753596,1.3582264184951782,17488499,0.0,0.0
2024-08-09 00:00:00+03:00,1.3656755168397043,1.385539869049596,1.3458111646298128,1.3607094287872314,13713839,0.0,0.0
2024-08-12 00:00:00+03:00,1.3631925314842417,1.3805739003712516,1.308565558183608,1.3259469270706177,17258059,0.0,0.0
2024-08-13 00:00:00+03:00,1.3284298696237327,1.3408451496317868,1.3135316046545988,1.3333959579467773,9334255,0.0,0.0
2024-08-14 00:00:00+03:00,1.338362046269822,1.363192487885045,1.3284298696237327,1.3333959579467773,8575111,0.0,0.0
2024-08-15 00:00:00+03:00,1.340845184639068,1.3507773615444705,1.318497727401469,1.3482942581176758,8665983,0.0,0.0
2024-08-16 00:00:00+03:00,1.3507772641461617,1.3607094403354005,1.3160146474838257,1.3160146474838257,9590419,0.0,0.0
2024-08-19 00:00:00+03:00,1.3259468175520872,1.3383619785308838,1.3160146414086984,1.3383619785308838,11751267,0.0,0.0
2024-08-20 00:00:00+03:00,1.3358790937200464,1.442650054456442,1.3259469168329812,1.4401670694351196,21129151,0.0,0.0
2024-08-21 00:00:00+03:00,1.4376839237164174,1.4476161003112793,1.3979552173369703,1.4476161003112793,30300359,0.0,0.0
2024-08-22 00:00:00+03:00,1.447616139784049,1.5767345574388643,1.4277517860526756,1.532039761543274,95695373,0.0,0.0
2024-08-23 00:00:00+03:00,1.5419718543134973,1.5543871339189497,1.3979551792144775,1.3979551792144775,66723506,0.0,0.0
2024-08-26 00:00:00+03:00,1.4128534495272107,1.4352009055488353,1.3756077289581299,1.3756077289581299,16868239,0.0,0.0
2024-08-27 00:00:00+03:00,1.3756077417114596,1.3979551979402687,1.3309129476547241,1.3309129476547241,14961475,0.0,0.0
2024-08-28 00:00:00+03:00,1.345811241371099,1.3880230514245733,1.3309129763641467,1.3681586980819702,57897446,0.0,0.0
2024-08-29 00:00:00+03:00,1.3681586400979333,1.390505977460815,1.3482941691963226,1.3855398893356323,16193923,0.0,0.0
2024-09-02 00:00:00+03:00,1.4004381994663468,1.4227856559602456,1.388023037948202,1.412853479385376,22291511,0.0,0.0
2024-09-03 00:00:00+03:00,1.4153364542628797,1.4252686307671125,1.390506013002298,1.4004381895065308,11955015,0.0,0.0
2024-09-04 00:00:00+03:00,1.3880230702274472,1.412853512242067,1.3706417016167698,1.392989158630371,8596267,0.0,0.0
2024-09-05 00:00:00+03:00,1.3880230065640473,1.4451330797786919,1.3880230065640473,1.4327178001403809,17804659,0.0,0.0
2024-09-06 00:00:00+03:00,1.4327178354189867,1.4674804535010029,1.425268643772398,1.4476161003112793,13404127,0.0,0.0
2024-09-09 00:00:00+03:00,1.457548300077084,1.4699635802184716,1.4128535046896835,1.4153364896774292,13235815,0.0,0.0
2024-09-10 00:00:00+03:00,1.4252685943370933,1.4252685943370933,1.375607713085267,1.3855398893356323,12986507,0.0,0.0
2024-09-11 00:00:00+03:00,1.385539938000782,1.388023041351029,1.335879055004687,1.355743408203125,16369599,0.0,0.0
2024-09-12 00:00:00+03:00,1.3681586580813416,1.3731247462717997,1.3011162899088347,1.318497657775879,10097635,0.0,0.0
2024-09-13 00:00:00+03:00,1.323463775055221,1.365675584802344,1.3135315984560019,1.355743408203125,9666007,0.0,0.0
2024-09-16 00:00:00+03:00,1.3706416407756445,1.3954720816880712,1.345811199863218,1.3756077289581299,10610479,0.0,0.0
2024-09-17 00:00:00+03:00,1.375607803807976,1.380573892260677,1.3358790961863671,1.3482942581176758,17042439,0.0,0.0
2024-09-18 00:00:00+03:00,1.348294213666145,1.3507773170110748,1.3160146989882462,1.3209807872772217,14426051,0.0,0.0
2024-09-19 00:00:00+03:00,1.330912935315762,1.3780908322498135,1.330912935315762,1.3756077289581299,19232939,0.0,0.0
2024-09-20 00:00:00+03:00,1.3656755785666945,1.3954721082283013,1.3582263869508509,1.3780908584594727,6732943,0.0,0.0
2024-09-23 00:00:00+03:00,1.3780908675551913,1.400438205748452,1.3731247792454795,1.3905060291290283,11719555,0.0,0.0
2024-09-24 00:00:00+03:00,1.3979551849797547,1.3979551849797547,1.3631924493014758,1.3756077289581299,12388403,0.0,0.0
2024-09-25 00:00:00+03:00,1.375607751233585,1.392989119354184,1.3408451333932707,1.3433281183242798,16178195,0.0,0.0
2024-09-26 00:00:00+03:00,1.3458111802994348,1.3557433565200234,1.3408450921891404,1.350777268409729,30513723,0.0,0.0
2024-09-27 00:00:00+03:00,1.3532603377184358,1.355743441128988,1.333395984037568,1.3358790874481201,23481095,0.0,0.0
2024-09-30 00:00:00+03:00,1.3408451433042965,1.3706416731019535,1.3408451433042965,1.355743408203125,16349847,0.0,0.0
2024-10-01 00:00:00+03:00,1.3557433578683324,1.358226342725509,1.2812519177389552,1.293667197227478,17379643,0.0,0.0
2024-10-02 00:00:00+03:00,1.293667219088562,1.2961502039876973,1.2365571455978641,1.261387586593628,16470967,0.0,0.0
2024-10-03 00:00:00+03:00,1.2613875611506267,1.281251913546561,1.246489296853676,1.2589045763015747,7271435,0.0,0.0
2024-10-04 00:00:00+03:00,1.2589046016944927,1.2663536747927808,1.216692792801253,1.261387586593628,7536199,0.0,0.0
2024-10-07 00:00:00+03:00,1.2613876057688012,1.30359941530373,1.253938532557275,1.2862180471420288,9936523,0.0,0.0
2024-10-08 00:00:00+03:00,1.281251913546561,1.2837350167964927,1.2539384882025912,1.2589045763015747,7431587,0.0,0.0
2024-10-09 00:00:00+03:00,1.2589046016944927,1.2663536747927808,1.2365571455978641,1.261387586593628,8312259,0.0,0.0
2024-10-10 00:00:00+03:00,1.2638706898936454,1.2887011308894094,1.261387586593628,1.261387586593628,6945147,0.0,0.0
2024-10-11 00:00:00+03:00,1.2613875771283516,1.273802856733512,1.2365571363189118,1.2489724159240723,6213523,0.0,0.0
2024-10-14 00:00:00+03:00,1.2489724641039073,1.2514554490801932,1.2166928306059894,1.2191758155822754,5025699,0.0,0.0
2024-10-15 00:00:00+03:00,1.219175834780782,1.251455468787011,1.2166928497653962,1.2440063953399658,10638219,0.0,0.0
2024-10-16 00:00:00+03:00,1.253938529547931,1.268836794336113,1.2390401463588654,1.2514554262161255,6157567,0.0,0.0
2024-10-17 00:00:00+03:00,1.2539384882025912,1.2663536492496104,1.2489724001036075,1.2589045763015747,7153163,0.0,0.0
2024-10-18 00:00:00+03:00,1.2638706958509665,1.2663536807618054,1.2365571514264413,1.2390401363372803,7227255,0.0,0.0
2024-10-21 00:00:00+03:00,1.2489724740368982,1.263870739215756,1.2266250170681678,1.2315911054611206,12249387,0.0,0.0
2024-10-22 00:00:00+03:00,1.239040095136151,1.2514553744801555,1.2266249341930253,1.2464892864227295,10614171,0.0,0.0
2024-10-23 00:00:00+03:00,1.246489307919272,1.2539384993343168,1.2142096757888794,1.2142096757888794,11143899,0.0,0.0
2024-10-24 00:00:00+03:00,1.2216588935403503,1.2291079667151008,1.206760628789966,1.2166928052902222,12268207,0.0,0.0
2024-10-25 00:00:00+03:00,1.2191757902148446,1.2216588935403503,1.2092436137145883,1.2166928052902222,8228607,0.0,0.0
2024-10-28 00:00:00+03:00,1.2166927735627142,1.2440063174266094,1.2166927735627142,1.236557126045227,5405855,0.0,0.0
2024-10-30 00:00:00+03:00,1.2415232496906707,1.2564215144788529,1.2415232496906707,1.2514554262161255,11339927,0.0,0.0
2024-10-31 00:00:00+03:00,1.2862180504662435,1.2862180504662435,1.22662499101648,1.2291079759597778,11670015,0.0,0.0
2024-11-01 00:00:00+03:00,1.2315910891839847,1.2564215308205802,1.2266250008566657,1.241523265838623,12089303,0.0,0.0
2024-11-04 00:00:00+03:00,1.2415232891385892,1.2440063925492924,1.2017945817744384,1.209243655204773,12327983,0.0,0.0
2024-11-05 00:00:00+03:00,1.2092435780745276,1.2216588575343736,1.1819301527042738,1.2017945051193237,13154327,0.0,0.0
2024-11-06 00:00:00+03:00,1.2142096757888794,1.229107940218088,1.194345323216601,1.2142096757888794,9721927,0.0,0.0
2024-11-07 00:00:00+03:00,1.2166928215456734,1.2241418948199463,1.1993114532375622,1.2067606449127197,5936507,0.0,0.0
2024-11-08 00:00:00+03:00,1.2117267767272553,1.2340741157531738,1.2017945997377604,1.2340741157531738,6540587,0.0,0.0
2024-11-11 00:00:00+03:00,1.236557177511304,1.2539385458573633,1.2340740741472018,1.241523265838623,7424767,0.0,0.0
2024-11-12 00:00:00+03:00,1.241523293772516,1.2936672815830328,1.231591116894407,1.2787690162658691,19644647,0.0,0.0
2024-11-13 00:00:00+03:00,1.2762858965042572,1.3060825451579543,1.2713198081287886,1.2887011766433716,16952363,0.0,0.0
2024-11-14 00:00:00+03:00,1.3011163568761825,1.3259469175073626,1.296150268430124,1.3135316371917725,11624683,0.0,0.0
2024-11-15 00:00:00+03:00,1.3135316389487681,1.3532603465703767,1.3060825654701604,1.3482942581176758,8189903,0.0,0.0
2024-11-18 00:00:00+03:00,1.3482942192960359,1.4029213091037502,1.3383620426766123,1.3905060291290283,13626931,0.0,0.0
2024-11-19 00:00:00+03:00,1.390505977460815,1.4103703299615453,1.3681586400979333,1.3855398893356323,11831871,0.0,0.0
2024-11-20 00:00:00+03:00,1.3880230145281602,1.3979551909354448,1.3433281022944976,1.3532602787017822,7659999,0.0,0.0
2024-11-21 00:00:00+03:00,1.3532603330060924,1.397955247033295,1.3433281562002446,1.392989158630371,8688371,0.0,0.0
2024-11-22 00:00:00+03:00,1.3855399668255417,1.4029213354362189,1.3731248050186753,1.392989158630371,6470015,0.0,0.0
2024-11-25 00:00:00+03:00,1.3929891674147685,1.4178196095859728,1.3929891674147685,1.4054043292999268,7355763,0.0,0.0
2024-11-26 00:00:00+03:00,1.3855399053231006,1.410370346235527,1.3756077289581299,1.3756077289581299,7667111,0.0,0.0
2024-11-27 00:00:00+03:00,1.3830569956874716,1.3954721576187803,1.3358790961863671,1.3482942581176758,9470403,0.0,0.0
2024-11-28 00:00:00+03:00,1.3532602375080829,1.3756076929446501,1.3458111646298128,1.3607094287872314,7045051,0.0,0.0
2024-11-29 00:00:00+03:00,1.3607094332322656,1.4004381377818305,1.3557433451635699,1.3954720497131348,9957991,0.0,0.0
2024-12-02 00:00:00+03:00,1.3780908163482986,1.40043815371118,1.3135315523200444,1.3855398893356323,11933347,0.0,0.0
2024-12-03 00:00:00+03:00,1.3855399188306903,1.4451330960023678,1.3582263743603011,1.4227856397628784,38623527,0.0,0.0
2024-12-04 00:00:00+03:00,1.4327177857253073,1.4401669771135215,1.3830569044734813,1.3855398893356323,17302323,0.0,0.0
2024-12-05 00:00:00+03:00,1.3830569044734813,1.397955168849029,1.375607713085267,1.3855398893356323,7683655,0.0,0.0
2024-12-06 00:00:00+03:00,1.3954721174387401,1.4153364706775873,1.3905060291290283,1.3905060291290283,7574659,0.0,0.0
2024-12-09 00:00:00+03:00,1.3979552207940384,1.4103703823678755,1.3880230441746149,1.3905060291290283,7222215,0.0,0.0
2024-12-10 00:00:00+03:00,1.390506036391956,1.392989139760224,1.3681586980819702,1.3681586980819702,11021671,0.0,0.0
2024-12-11 00:00:00+03:00,1.3780908122167876,1.383056900327082,1.350777268409729,1.350777268409729,4893127,0.0,0.0
2024-12-12 00:00:00+03:00,1.3557433862126542,1.4029212834941505,1.3557433862126542,1.388023018836975,11883271,0.0,0.0
2024-12-13 00:00:00+03:00,1.4004381895065308,1.4029212928330306,1.3731247633203325,1.4004381895065308,10315759,0.0,0.0
2024-12-16 00:00:00+03:00,1.4004381377818305,1.430234784594883,1.388022976810531,1.3954720497131348,12744515,0.0,0.0
2024-12-17 00:00:00+03:00,1.4078874422430905,1.417819619178772,1.392989176839568,1.417819619178772,11458927,0.0,0.0
2024-12-18 00:00:00+03:00,1.422785681442439,1.430234873207449,1.4054043129246736,1.4153364896774292,7941199,0.0,0.0
2024-12-19 00:00:00+03:00,1.4153364643286512,1.43768392082255,1.3979552145230716,1.412853479385376,10284811,0.0,0.0
2024-12-20 00:00:00+03:00,1.405404277758647,1.4203025425149962,1.3830569398245651,1.4004381895065308,4714899,0.0,0.0
2024-12-23 00:00:00+03:00,1.412853438932626,1.412853438932626,1.360709454207102,1.3631924390792847,6351427,0.0,0.0
2024-12-24 00:00:00+03:00,1.3656755168397043,1.3756076929446501,1.34829414945561,1.3607094287872314,3898951,0.0,0.0
2024-12-25 00:00:00+03:00,1.3681586305754583,1.390505967782801,1.3681586305754583,1.3731247186660767,3788131,0.0,0.0
2024-12-26 00:00:00+03:00,1.380573843397498,1.402921299844145,1.36070949028976,1.3780908584594727,9752115,0.0,0.0
2024-12-27 00:00:00+03:00,1.373124722851687,1.412853427697736,1.365675531492613,1.40788733959198,11566815,0.0,0.0
2024-12-30 00:00:00+03:00,1.412853521151732,1.4302348898720187,1.400438240865686,1.4054043292999268,7982635,0.0,0.0
2024-12-31 00:00:00+03:00,1.3929891070560336,1.4103703566222967,1.3706416508698294,1.388023018836975,6758995,0.0,0.0
2025-01-02 00:00:00+03:00,1.392989151184172,1.427751769818817,1.3880230628077943,1.4153364896774292,5940163,0.0,0.0
2025-01-03 00:00:00+03:00,1.4401670110416078,1.5146583346742462,1.430234834557256,1.4575482606887817,31782699,0.0,0.0
2025-01-06 00:00:00+03:00,1.4649974685527296,1.4823787183932955,1.440167027065575,1.4476161003112793,11232255,0.0,0.0
2025-01-07 00:00:00+03:00,1.4476161264186822,1.4774126567406407,1.4277517728707099,1.450099229812622,10425887,0.0,0.0
2025-01-08 00:00:00+03:00,1.4500992267129602,1.4500992267129602,1.4128535046896835,1.4153364896774292,8085911,0.0,0.0
2025-01-09 00:00:00+03:00,1.415336483142812,1.4451331316643938,1.415336483142812,1.4376839399337769,4004419,0.0,0.0
2025-01-10 00:00:00+03:00,1.437683862778293,1.4500991421960745,1.4153364071866381,1.4302347898483276,4079899,0.0,0.0
2025-01-13 00:00:00+03:00,1.4525822384536577,1.4600314303558632,1.4078874422430905,1.417819619178772,9787191,0.0,0.0
2025-01-14 00:00:00+03:00,1.4302348540076073,1.4327178389620208,1.3780908675551913,1.3905060291290283,6358639,0.0,0.0
2025-01-15 00:00:00+03:00,1.4029213091037502,1.4029213091037502,1.3681586909357677,1.3905060291290283,4800287,0.0,0.0
2025-01-16 00:00:00+03:00,1.3905059616444393,1.4153364019879173,1.380573785507048,1.3954720497131348,3826987,0.0,0.0
2025-01-17 00:00:00+03:00,1.3954720919651216,1.4004381801841799,1.3780908423988583,1.388023018836975,4206315,0.0,0.0
2025-01-20 00:00:00+03:00,1.3905060639972042,1.4352009783062596,1.3905060639972042,1.4054043292999268,7808107,0.0,0.0
2025-01-21 00:00:00+03:00,1.405404261688701,1.4252686144700297,1.3905059971027047,1.4103703498840332,9192263,0.0,0.0
2025-01-22 00:00:00+03:00,1.4103703760412165,1.4153364643286512,1.3979552145230716,1.412853479385376,6540091,0.0,0.0
2025-01-23 00:00:00+03:00,1.4203026042122482,1.4401670764845,1.4153365157444073,1.417819619178772,7244159,0.0,0.0
2025-01-24 00:00:00+03:00,1.4078873491136206,1.4302348049411007,1.4054042458435092,1.4203025102615356,6131003,0.0,0.0
2025-01-27 00:00:00+03:00,1.4078873613447254,1.4401669937313206,1.3731247440673282,1.3756077289581299,6807155,0.0,0.0
2025-01-28 00:00:00+03:00,1.3830568948473132,1.3855398796921827,1.3656755273297094,1.3731247186660767,5220539,0.0,0.0
2025-01-29 00:00:00+03:00,1.3780908904651452,1.3905060522453772,1.3582264184951782,1.3582264184951782,6044967,0.0,0.0
2025-01-30 00:00:00+03:00,1.365675574707781,1.3681586780396737,1.3408451333932707,1.3433281183242798,7365679,0.0,0.0
2025-01-31 00:00:00+03:00,1.3433280666025782,1.3681586253619296,1.3333958904591894,1.3383619785308838,4256287,0.0,0.0
2025-02-03 00:00:00+03:00,1.3333959223472531,1.3383620105377112,1.2961502017183766,1.318497657775879,5048735,0.0,0.0
2025-02-04 00:00:00+03:00,1.328429828409355,1.343328092916272,1.3209807553563373,1.3408451080322266,2673459,0.0,0.0
2025-02-05 00:00:00+03:00,1.340845146880584,1.350777323506294,1.278768983769454,1.298633337020874,6637479,0.0,0.0
2025-02-06 00:00:00+03:00,1.3085654456598215,1.3284297978791852,1.2911840782674386,1.3035993576049805,3958859,0.0,0.0
2025-02-07 00:00:00+03:00,1.3035994351737652,1.3234637885751284,1.2911841550974703,1.3110486268997192,3287363,0.0,0.0
2025-02-10 00:00:00+03:00,1.3060825023457832,1.3184976636770538,1.2911841193068465,1.2961502075195312,4234483,0.0,0.0
2025-02-11 00:00:00+03:00,1.3011163279493567,1.4203025664058606,1.291184151278055,1.3681586980819702,34673467,0.0,0.0
2025-02-12 00:00:00+03:00,1.3557433605845366,1.4078873450993943,1.3433280810711399,1.3855398893356323,17964083,0.0,0.0
2025-02-13 00:00:00+03:00,1.397955247033295,1.422785689047915,1.3805738784226176,1.392989158630371,15171571,0.0,0.0
2025-02-14 00:00:00+03:00,1.3905060328622332,1.3905060328622332,1.325946884662653,1.3333959579467773,12638967,0.0,0.0
2025-02-17 00:00:00+03:00,1.3333958966145538,1.340845087956923,1.3160146474838257,1.3160146474838257,5321431,0.0,0.0
2025-02-18 00:00:00+03:00,1.320980735578445,1.320980735578445,1.291184088609849,1.3160146474838257,8837927,0.0,0.0
2025-02-19 00:00:00+03:00,1.3160146691980554,1.3160146691980554,1.2738028604968559,1.2837350368499756,10152511,0.0,0.0
2025-02-20 00:00:00+03:00,1.283735062205148,1.2911841354166744,1.2688367973812114,1.2862180471420288,7391875,0.0,0.0
2025-02-21 00:00:00+03:00,1.2887012002416027,1.2887012002416027,1.2415233006103046,1.2564215660095215,7556515,0.0,0.0
2025-02-24 00:00:00+03:00,1.2489724740368982,1.278769004394614,1.2166928402822628,1.2315911054611206,13441967,0.0,0.0
2025-02-25 00:00:00+03:00,1.2340740446634098,1.2365571479681872,1.204277515411377,1.204277515411377,7313495,0.0,0.0
2025-02-26 00:00:00+03:00,1.2042775833159614,1.2142097602933428,1.191862421294679,1.1993114948272705,6311903,0.0,0.0
2025-02-27 00:00:00+03:00,1.1968284867104522,1.2340740904571534,1.1868963099245469,1.2315911054611206,7071863,0.0,0.0
2025-02-28 00:00:00+03:00,1.2340740904571534,1.251455459032931,1.229108002064201,1.2315911054611206,4075815,0.0,0.0
2025-03-03 00:00:00+03:00,1.2365571206557087,1.281251913546561,1.2365571206557087,1.2589045763015747,5703099,0.0,0.0
2025-03-04 00:00:00+03:00,1.261387609028842,1.276285873891283,1.2291079759597778,1.2291079759597778,3891355,0.0,0.0
2025-03-05 00:00:00+03:00,1.231591027484619,1.2440063068813874,1.2142096600093186,1.2241418361663818,5727531,0.0,0.0
2025-03-06 00:00:00+03:00,1.2216588461355993,1.258904565766734,1.216692758078173,1.2464892864227295,8999839,0.0,0.0
2025-03-07 00:00:00+03:00,1.246489354165942,1.2613876191478994,1.2266250008566657,1.241523265838623,14335975,0.0,0.0
2025-03-10 00:00:00+03:00,1.2415232723732779,1.2464893607267356,1.2166928306059894,1.2191758155822754,14972783,0.0,0.0
2025-03-11 00:00:00+03:00,1.221658871833248,1.2489724159240723,1.2142096803899753,1.2489724159240723,12037103,0.0,0.0
2025-03-12 00:00:00+03:00,1.2489724311832844,1.2589046076284058,1.2340740481147197,1.2390401363372803,6417743,0.0,0.0
2025-03-13 00:00:00+03:00,1.2390401055047606,1.2638706644005584,1.2390401055047606,1.2589045763015747,8479111,0.0,0.0
2025-03-14 00:00:00+03:00,1.2589046117559444,1.283735052950159,1.2489724352782587,1.2738028764724731,11011363,0.0,0.0
2025-03-17 00:00:00+03:00,1.2713197572081352,1.2911841099143746,1.2663536690315753,1.2837350368499756,7124739,0.0,0.0
2025-03-18 00:00:00+03:00,1.2787690065911748,1.2787690065911748,1.2638707413867258,1.266353726387024,4703807,0.0,0.0
2025-03-19 00:00:00+03:00,1.17199792877361,1.2291080046113616,1.1397184133529663,1.1397184133529663,9642103,0.0,0.0
2025-03-20 00:00:00+03:00,1.1297861592269776,1.1645487756706276,1.112404791804713,1.1322691440582275,7074219,0.0,0.0
2025-03-21 00:00:00+03:00,1.1322691851364264,1.1322691851364264,1.0205321404562007,1.032947301864624,14894539,0.0,0.0
2025-03-24 00:00:00+03:00,1.0329472651074896,1.0801251609428058,1.013082912840173,1.0751590728759766,15620575,0.0,0.0
2025-03-25 00:00:00+03:00,1.0801251790779482,1.1794470604830094,1.0801251790779482,1.1570996046066284,17732427,0.0,0.0
2025-03-26 00:00:00+03:00,1.1670318199800203,1.2415232631280575,1.1570996433470666,1.2067606449127197,51189238,0.0,0.0
2025-03-27 00:00:00+03:00,1.2017945797460676,1.241523287043165,1.1744810342788696,1.1744810342788696,11318135,0.0,0.0
2025-03-28 00:00:00+03:00,1.1769640288518155,1.1893793091835234,1.1422014096842765,1.1868963241577148,5427719,0.0,0.0
2025-04-02 00:00:00+03:00,1.1868963077673638,1.2117267496869975,1.1744810276071036,1.1968284845352173,5310871,0.0,0.0
2025-04-03 00:00:00+03:00,1.1968284933539195,1.2365572007180703,1.1968284933539195,1.209243655204773,6015115,0.0,0.0
2025-04-04 00:00:00+03:00,1.2092435622769442,1.221658841574597,1.167031754745979,1.2117266654968262,9245955,0.0,0.0
2025-04-07 00:00:00+03:00,1.1769639897407924,1.2464893441664011,1.1496505633600929,1.2291079759597778,7746063,0.0,0.0
2025-04-08 00:00:00+03:00,1.24648928131185,1.291184073645426,1.2415231932747859,1.2688367366790771,8990843,0.0,0.0
2025-04-09 00:00:00+03:00,1.244006387780794,1.2837350949926578,1.244006387780794,1.266353726387024,16012811,0.0,0.0
2025-04-10 00:00:00+03:00,1.2787689739305024,1.2911841354166744,1.2688367973812114,1.2862180471420288,8215023,0.0,0.0
2025-04-11 00:00:00+03:00,1.2887011504797936,1.2986333270290846,1.2713197823180922,1.2862180471420288,8968775,0.0,0.0
2025-04-14 00:00:00+03:00,1.30359941530373,1.3085655035783756,1.2762858705927378,1.2862180471420288,8996767,0.0,0.0
2025-04-15 00:00:00+03:00,1.2738028344366314,1.3011162596484753,1.2638706582867103,1.2812519073486328,5735175,0.0,0.0
2025-04-16 00:00:00+03:00,1.281251975102097,1.2887011668088957,1.2613876217518143,1.2762858867645264,11708523,0.0,0.0
2025-04-17 00:00:00+03:00,1.2911841869354248,1.3085655557906495,1.2713198330442472,1.2911841869354248,10889427,0.0,0.0
2025-04-18 00:00:00+03:00,1.2911840995174166,1.3060824823280122,1.244006321420427,1.2713197469711304,8990647,0.0,0.0
2025-04-21 00:00:00+03:00,1.2837350817724018,1.3756077754541498,1.2216589181926987,1.3110486268997192,34388531,0.0,0.0
2025-04-22 00:00:00+03:00,1.3110485488876813,1.3482941500985492,1.2862179902125976,1.3035993576049805,27231731,0.0,0.0
2025-04-24 00:00:00+03:00,1.3035994091471843,1.320980777226798,1.2887011443936083,1.3085654973983765,7787715,0.0,0.0
2025-04-25 00:00:00+03:00,1.3085655035783756,1.3284298566769577,1.283735062205148,1.2862180471420288,11783499,0.0,0.0
2025-04-28 00:00:00+03:00,1.301116295732216,1.3482941929531618,1.2961502075195312,1.2961502075195312,13196287,0.0,0.0
2025-04-29 00:00:00+03:00,1.30111632845238,1.3135316084967494,1.2738029017961836,1.2762858867645264,12841955,0.0,0.0
2025-04-30 00:00:00+03:00,1.2762858254475775,1.281251913546561,1.2340740174057772,1.2589045763015747,9079403,0.0,0.0
2025-05-02 00:00:00+03:00,1.2663536610465467,1.3780908219159036,1.248972411738626,1.3631924390792847,18248175,0.0,0.0
2025-05-05 00:00:00+03:00,1.363192495377855,1.3805738638044907,1.3110486268997192,1.3110486268997192,15663399,0.0,0.0
2025-05-06 00:00:00+03:00,1.3110485790183926,1.3631924455921614,1.3060824908494202,1.3408451080322266,12034919,0.0,0.0
2025-05-07 00:00:00+03:00,1.3458112544981229,1.3631925046419944,1.3160147241935833,1.323463797569275,10888539,0.0,0.0
2025-05-08 00:00:00+03:00,1.345811169838865,1.4103703147708928,1.3309129056237816,1.3383619785308838,22904091,0.0,0.0
2025-05-09 00:00:00+03:00,1.303599389556215,1.3110485810214956,1.2663536690315753,1.2837350368499756,17116663,0.0,0.0
2025-05-12 00:00:00+03:00,1.2986332695501395,1.3085654456598215,1.2936671814952985,1.3035993576049805,9265615,0.0,0.0
2025-05-13 00:00:00+03:00,1.3110485846906328,1.3607094665952135,1.3011162899088347,1.318497657775879,28512703,0.0,0.0
2025-05-14 00:00:00+03:00,1.3184976520714102,1.3557433725391435,1.3184976520714102,1.3408451080322266,20972851,0.0,0.0
2025-05-15 00:00:00+03:00,1.3433281444454455,1.3631924978833183,1.3383620560859772,1.3458112478256226,9178963,0.0,0.0
2025-05-16 00:00:00+03:00,1.350777268409729,1.3582263413747304,1.3358790040788462,1.350777268409729,8581767,0.0,0.0
2025-05-20 00:00:00+03:00,1.350777273941667,1.3631924350678073,1.3160146570272409,1.3284298181533813,10541511,0.0,0.0
2025-05-21 00:00:00+03:00,1.3284298696237327,1.3607095029239653,1.323463781300688,1.3333959579467773,7242675,0.0,0.0
2025-05-22 00:00:00+03:00,1.333395912756953,1.343328089066433,1.3011162805507022,1.3060824871063232,10238799,0.0,0.0
2025-05-23 00:00:00+03:00,1.311048590558468,1.3184976636770538,1.29366722261363,1.2961502075195312,8057679,0.0,0.0
2025-05-26 00:00:00+03:00,1.3011163219768591,1.303599425333729,1.283735072082309,1.298633337020874,7050327,0.0,0.0
2025-05-27 00:00:00+03:00,1.2986332748114346,1.3035993628863953,1.2688367463616708,1.2812519073486328,7440107,0.0,0.0
2025-05-28 00:00:00+03:00,1.2911841683944387,1.2911841683944387,1.258904652985243,1.266353726387024,5669543,0.0,0.0
2025-05-29 00:00:00+03:00,1.2738028926991802,1.2862180542540003,1.2589046277928657,1.2638707160949707,6251155,0.0,0.0
2025-05-30 00:00:00+03:00,1.2738028796400322,1.3532602916591048,1.253938526635264,1.3085654973983765,26292927,0.0,0.0
2025-06-02 00:00:00+03:00,1.2738028697628914,1.3309129434092066,1.2738028697628914,1.2961502075195312,7375903,0.0,0.0
2025-06-03 00:00:00+03:00,1.3160147337672523,1.350777352708771,1.2961502616854972,1.3358790874481201,9620631,0.0,0.0
2025-06-04 00:00:00+03:00,1.335879086642565,1.4649975038912326,1.335879086642565,1.4625144004821777,20894079,0.0,0.0
2025-06-05 00:00:00+03:00,1.4649974500860337,1.606531023979187,1.4500991853815377,1.606531023979187,27518487,0.0,0.0
2025-06-10 00:00:00+03:00,1.6561920161628956,1.765446075165042,1.5965988392522326,1.6859885454177856,135865788,0.0,0.0
2025-06-11 00:00:00+03:00,1.683505524706131,1.810140830546371,1.6412937166257577,1.6710902452468872,84175433,0.0,0.0
2025-06-12 00:00:00+03:00,1.6785395017518916,1.7033699432332454,1.6015649555583686,1.6313616037368774,35626007,0.0,0.0
2025-06-13 00:00:00+03:00,1.564319372177124,1.6288785208391967,1.48734482501717,1.564319372177124,52087042,0.0,0.0
2025-06-16 00:00:00+03:00,1.5643193906393689,1.6735733358184557,1.5370058451441535,1.589149832725525,30514391,0.0,0.0
2025-06-17 00:00:00+03:00,1.5767345307581675,1.7480647563934326,1.5767345307581675,1.7480647563934326,24923723,0.0,0.0
2025-06-18 00:00:00+03:00,1.8374544777213293,1.9218779802322388,1.7480647684265385,1.9218779802322388,133748644,0.0,0.0
2025-06-19 00:00:00+03:00,1.9789879721756505,2.0187167959609633,1.7306833267211914,1.7306833267211914,140166056,0.0,0.0
2025-06-20 00:00:00+03:00,1.6661241914958151,1.688471647622866,1.5668023089766672,1.5941158533096313,83456701,0.0,0.0
2025-06-23 00:00:00+03:00,1.529556615828409,1.6313616034877383,1.514658350941872,1.5394887924194336,33681975,0.0,0.0
2025-06-24 00:00:00+03:00,1.6139802061332844,1.6537089117805908,1.5345226764377897,1.5941158533096313,56243582,0.0,0.0
2025-06-25 00:00:00+03:00,1.6288784874014137,1.7108190028370194,1.6288784874014137,1.6760563850402832,41151290,0.0,0.0
2025-06-26 00:00:00+03:00,1.6859885381962616,1.7555138912274264,1.6065310087893423,1.616463303565979,28055887,0.0,0.0
2025-06-27 00:00:00+03:00,1.6114970696037485,1.7381324938448683,1.5742514680277766,1.6710902452468872,33098279,0.0,0.0
2025-06-30 00:00:00+03:00,1.6835055832462593,1.8374544382095337,1.6785394949700532,1.8374544382095337,62597590,0.0,0.0
2025-07-01 00:00:00+03:00,1.904496672463818,1.9740219077219714,1.8101408776411552,1.8473865985870361,71215050,0.0,0.0
2025-07-02 00:00:00+03:00,1.847386644344707,1.8697341011459332,1.7778612889636063,1.782827377319336,17330595,0.0,0.0
2025-07-03 00:00:00+03:00,1.8424204806615199,1.9591236114501953,1.8126239517453748,1.9591236114501953,36451799,0.0,0.0
2025-07-04 00:00:00+03:00,2.0559624206076896,2.1205216859663416,1.959123640970595,1.9963693618774414,83832513,0.0,0.0
2025-07-07 00:00:00+03:00,1.9442253040860582,2.1950130462646484,1.8647678953965074,2.1950130462646484,74162850,0.0,0.0
2025-07-08 00:00:00+03:00,2.2819195108160555,2.294334790031732,2.078309784165279,2.1478350162506104,95939049,0.0,0.0
2025-07-09 00:00:00+03:00,2.192529943042661,2.3390297179153374,2.1379028561677162,2.1950130462646484,88910081,0.0,0.0
2025-07-10 00:00:00+03:00,2.1801148720831227,2.2570894217087263,2.123004913330078,2.123004913330078,44707638,0.0,0.0
2025-07-11 00:00:00+03:00,2.0981742963267607,2.1403861068007024,1.9938863218384073,2.048513412475586,45159818,0.0,0.0
2025-07-14 00:00:00+03:00,2.085759035711093,2.1825979377297804,2.0534796385066394,2.0733439922332764,42026038,0.0,0.0
2025-07-16 00:00:00+03:00,2.058445567663987,2.093208304396225,1.9491915059359934,1.9889203310012817,38990919,0.0,0.0
2025-07-17 00:00:00+03:00,2.0162336316702603,2.0956910400350375,1.9914033099571455,2.01126766204834,34215863,0.0,0.0
2025-07-18 00:00:00+03:00,1.9765050970195888,2.2123944759368896,1.9765050970195888,2.2123944759368896,59485666,0.0,0.0
2025-07-21 00:00:00+03:00,2.274470613908492,2.3886907652830214,2.1950131996659583,2.209911346435547,77189034,0.0,0.0
2025-07-22 00:00:00+03:00,2.207428441834268,2.2645383981373257,2.160250425338745,2.160250425338745,47352910,0.0,0.0
2025-07-23 00:00:00+03:00,2.1602503398780084,2.2099112209599174,2.0832760334014893,2.0832760334014893,29055847,0.0,0.0
2025-07-24 00:00:00+03:00,2.088242016604091,2.1850809129409563,2.0783098403235223,2.1304538249969482,43593842,0.0,0.0
2025-07-25 00:00:00+03:00,2.135420090188793,2.244674032275778,2.1056233237269386,2.113072633743286,41534058,0.0,0.0
2025-07-28 00:00:00+03:00,2.127970664410985,2.1304537676146866,2.0236826978730558,2.0336148738861084,27172443,0.0,0.0
2025-07-29 00:00:00+03:00,2.028649091720581,2.098174330235839,2.028649091720581,2.028649091720581,30005243,0.0,0.0
2025-07-30 00:00:00+03:00,2.0410643444848575,2.046030314482194,1.9864372537035144,1.9914034605026245,18793183,0.0,0.0
2025-07-31 00:00:00+03:00,2.0013356255644608,2.1205217464229857,2.0013356255644608,2.0708608627319336,44910694,0.0,0.0
2025-08-01 00:00:00+03:00,2.0807930299235795,2.27695369720459,2.0385812197794078,2.27695369720459,71178034,0.0,0.0
2025-08-04 00:00:00+03:00,2.3464789143645293,2.3464789143645293,2.145352278825673,2.160250425338745,75235726,0.0,0.0
2025-08-05 00:00:00+03:00,2.1726657647279968,2.2024622953709105,2.140386130664396,2.142869234085083,30181715,0.0,0.0
2025-08-06 00:00:00+03:00,2.150318300666744,2.2794368365081104,2.1254879769446333,2.1652166843414307,60103098,0.0,0.0
2025-08-07 00:00:00+03:00,2.1776318608005276,2.2099112564204075,2.1329369487087497,2.1552844047546387,25913091,0.0,0.0
2025-08-08 00:00:00+03:00,2.1652165190753654,2.180114664811135,2.0733438310322616,2.0807929039001465,23763703,0.0,0.0
2025-08-11 00:00:00+03:00,2.110589543035441,2.132936999614688,2.068377733230591,2.068377733230591,17916579,0.0,0.0
2025-08-12 00:00:00+03:00,2.0807928873687653,2.2148773819342105,2.046030152925222,2.1478350162506104,53083718,0.0,0.0
2025-08-13 00:00:00+03:00,2.1428691235973796,2.1602503730424467,2.0360980500307915,2.0634117126464844,31656379,0.0,0.0
2025-08-14 00:00:00+03:00,2.0708609028767175,2.0832761832406006,2.028649091720581,2.028649091720581,20122043,0.0,0.0
2025-08-15 00:00:00+03:00,2.0857590790681697,2.217360721244988,2.078310005466279,2.1006574630737305,55668338,0.0,0.0
2025-08-18 00:00:00+03:00,2.100657360069703,2.1652166262585557,2.080793006904174,2.0907251834869385,26201127,0.0,0.0
2025-08-19 00:00:00+03:00,2.100657288115362,2.1155556708800747,2.0609285831451416,2.0609285831451416,16701355,0.0,0.0
2025-08-20 00:00:00+03:00,2.0658945977538354,2.155284422680877,2.058445524610504,2.0882420539855957,31412807,0.0,0.0
2025-08-21 00:00:00+03:00,2.115555673498063,2.1776318342912915,2.088242011195916,2.152801275253296,25460779,0.0,0.0
2025-08-22 00:00:00+03:00,2.1676994268486403,2.1850809129409563,2.1279707217263657,2.1304538249969482,19794827,0.0,0.0
2025-08-25 00:00:00+03:00,2.137902956725808,2.1552844432955176,2.1105895304045035,2.113072633743286,15231623,0.0,0.0
2025-08-26 00:00:00+03:00,2.115555690287018,2.1180385567691125,2.0758267481505857,2.085758924484253,15603887,0.0,0.0
2025-08-27 00:00:00+03:00,2.0882419806751256,2.2421908287760743,2.0857588774472657,2.172665596008301,70535166,0.0,0.0
2025-08-28 00:00:00+03:00,2.1701825689675402,2.2546061872645167,2.0857589506705634,2.0882420539855957,55608134,0.0,0.0
2025-08-29 00:00:00+03:00,2.1031404493733565,2.105623315901143,2.0435471534729004,2.0435471534729004,20060739,0.0,0.0
2025-09-01 00:00:00+03:00,2.04603020589033,2.1006572937723726,2.0311320598872578,2.038581132888794,22347867,0.0,0.0
2025-09-02 00:00:00+03:00,2.043547134797104,2.120521679697439,1.9491914587531547,2.018716812133789,39569299,0.0,0.0
2025-09-03 00:00:00+03:00,2.016233678676586,2.0534795173172387,1.9690557821596586,1.981471061706543,20733195,0.0,0.0
2025-09-04 00:00:00+03:00,1.9864372484611743,2.065894662623054,1.9864372484611743,2.048513412475586,21942071,0.0,0.0
2025-09-05 00:00:00+03:00,2.0534795875026037,2.055962454055433,1.974021937767838,1.9765050411224365,20856883,0.0,0.0
2025-09-08 00:00:00+03:00,1.9591237121508445,1.961606815555264,1.9144289164792758,1.934293270111084,14035183,0.0,0.0
2025-09-09 00:00:00+03:00,1.9342931563675623,1.9963693170171013,1.904496627671995,1.9119457006454468,19833343,0.0,0.0
2025-09-10 00:00:00+03:00,1.9293271465752513,1.949191499845383,1.9094627933051198,1.9193949699401855,10498039,0.0,0.0
2025-09-11 00:00:00+03:00,1.92436102337795,2.080792980146176,1.92436102337795,1.9963693618774414,32507983,0.0,0.0
2025-09-12 00:00:00+03:00,1.9884237740942685,2.0465268778293795,1.878673019746822,1.891584873199463,17215230,0.0,2.6
2025-09-15 00:00:00+03:00,1.9432322894745573,2.0788065140974568,1.904496729067508,2.052982807159424,38048259,0.0,0.0
2025-09-16 00:00:00+03:00,2.020703023998688,2.2531163692474365,2.0142473345435334,2.2531163692474365,68742953,0.0,0.0
2025-09-17 00:00:00+03:00,2.2789401010338053,2.414514317219031,2.1691893533776754,2.3564109802246094,100251743,0.0,0.0
2025-09-18 00:00:00+03:00,2.362866908231969,2.472617655965883,2.2466604709625244,2.2466604709625244,80514719,0.0,0.0
2025-09-19 00:00:00+03:00,2.22729276027266,2.3047636418947826,2.16273349491942,2.285396099090576,34071805,0.0,0.0
2025-09-22 00:00:00+03:00,2.3305872891021817,2.362866920962542,2.2853960412994367,2.2983076572418213,15769073,0.0,0.0
2025-09-23 00:00:00+03:00,2.246660671360153,2.278940305925877,2.195013256054995,2.2014691829681396,22166184,0.0,0.0
2025-09-24 00:00:00+03:00,2.207925070949652,2.220836924548271,2.149821729755866,2.156277656555176,18314938,0.0,0.0
2025-09-25 00:00:00+03:00,2.16273342863166,2.2079249129938097,2.1239978706069604,2.1369097232818604,10245184,0.0,0.0
2025-09-26 00:00:00+03:00,2.1369096938632586,2.182101177603262,2.0336148738861084,2.0336148738861084,34320183,0.0,0.0
2025-09-29 00:00:00+03:00,2.020703164192799,2.033615017602428,1.9884237674704979,2.001335620880127,15504962,0.0,0.0
2025-09-30 00:00:00+03:00,2.0013356095278043,2.0465268594033934,1.9432322695140567,1.949688196182251,13495430,0.0,0.0
2025-10-01 00:00:00+03:00,1.9625998806908664,2.0142474111102775,1.9174085135755359,1.9884237051010132,13537035,0.0,0.0
2025-10-02 00:00:00+03:00,1.9884236769749277,2.0207030722281547,1.9496881185089423,1.9948796033859253,9878532,0.0,0.0
2025-10-03 00:00:00+03:00,2.001335507052442,2.08526231263985,1.9690557569634215,2.0271589756011963,22430477,0.0,0.0
2025-10-06 00:00:00+03:00,2.0400709327351993,2.0529827860715875,1.9432322695140567,1.949688196182251,19371682,0.0,0.0
2025-10-07 00:00:00+03:00,1.95614400444956,2.007791536195999,1.9432322695140567,1.949688196182251,9510730,0.0,0.0
2025-10-08 00:00:00+03:00,1.956144037482559,2.059438747517097,1.936776375551804,1.9690558910369873,17213927,0.0,0.0
2025-10-09 00:00:00+03:00,1.9819677111223366,2.027159079398811,1.949688196182251,1.949688196182251,9837162,0.0,0.0
2025-10-10 00:00:00+03:00,1.9561439812404262,1.994879659190888,1.9561439812404262,1.9819676876068115,9778379,0.0,0.0
2025-10-13 00:00:00+03:00,1.9561439927497177,1.9625999193792987,1.898040771484375,1.898040771484375,11453972,0.0,0.0
2025-10-14 00:00:00+03:00,1.9109525768014577,1.923864429736686,1.8270255327224731,1.8270255327224731,13939807,0.0,0.0
2025-10-15 00:00:00+03:00,1.8399373920910365,1.8722170245419731,1.827025539110662,1.8528492450714111,13018738,0.0,0.0
2025-10-16 00:00:00+03:00,1.85284917572785,2.0336148738861084,1.85284917572785,2.0336148738861084,20809388,0.0,0.0
2025-10-17 00:00:00+03:00,2.0788064354262032,2.1175419943673273,1.8399373920910365,1.8528492450714111,76779462,0.0,0.0
2025-10-20 00:00:00+03:00,1.872217059135437,1.8980407655733378,1.8012019848320937,1.872217059135437,28261785,0.0,0.0
2025-10-21 00:00:00+03:00,1.8657611662941813,1.9238645068310647,1.8334815326625795,1.891584873199463,14475542,0.0,0.0
2025-10-22 00:00:00+03:00,1.9044966416161366,1.9690557875958816,1.8851288623019486,1.9109525680541992,20985050,0.0,0.0
2025-10-23 00:00:00+03:00,1.9174085010229824,1.962599867842462,1.891584795182776,1.9367762804031372,13987444,0.0,0.0
2025-10-24 00:00:00+03:00,1.9432322743022754,2.0013356144591925,1.9303204209340716,1.9755117893218994,16412736,0.0,0.0
2025-10-27 00:00:00+03:00,1.9690558865464154,2.0142474922847384,1.9432322978973389,1.9432322978973389,8406978,0.0,0.0
2025-10-28 00:00:00+03:00,1.9432322695140567,1.9755117844541425,1.9303204161776684,1.949688196182251,5052341,0.0,0.0
2025-10-30 00:00:00+03:00,1.9496881730497138,2.0013355857824844,1.9496881730497138,1.9819676876068115,9744519,0.0,0.0
2025-10-31 00:00:00+03:00,1.9884237113594088,2.117542005010356,1.962599886867984,2.014247417449951,21494214,0.0,0.0
2025-11-03 00:00:00+03:00,2.0271589619369803,2.117541930054542,2.0271589619369803,2.0852622985839844,11316919,0.0,0.0
2025-11-04 00:00:00+03:00,2.0981743528207217,2.1110862066498597,2.0207032298458922,2.0400710105895996,8058638,0.0,0.0
2025-11-05 00:00:00+03:00,2.059438790878954,2.220836963707574,2.02715915631323,2.2014691829681396,30614117,0.0,0.0
2025-11-06 00:00:00+03:00,2.233748806458386,2.395146741684976,2.1433658301225003,2.3112196922302246,70965370,0.0,0.0
2025-11-07 00:00:00+03:00,2.2983076982440562,2.37577881609102,2.266028302609585,2.343499183654785,24831919,0.0,0.0
2025-11-10 00:00:00+03:00,2.3112196204390583,2.3434992538420607,2.111086130142212,2.111086130142212,66429741,0.0,0.0
2025-11-11 00:00:00+03:00,2.0852624798617008,2.246660651245286,2.0207032113082666,2.0981743335723877,60174144,0.0,0.0
2025-11-12 00:00:00+03:00,2.1046301376755627,2.1691894024635894,1.9625998735427856,1.9625998735427856,21729939,0.0,0.0
2025-11-13 00:00:00+03:00,1.9690558284015773,2.00133557966172,1.943232240515053,1.9561439752578735,17864113,0.0,0.0
2025-11-14 00:00:00+03:00,1.9561439986781612,1.9690558519764545,1.8915848505875796,1.923864483833313,12658999,0.0,0.0
2025-11-17 00:00:00+03:00,1.9432321920979447,2.0271589986391523,1.9432321920979447,1.9948796033859253,12357602,0.0,0.0
2025-11-18 00:00:00+03:00,2.007791565522248,2.040070962532928,1.9367763711348478,1.9432322978973389,18121945,0.0,0.0
2025-11-19 00:00:00+03:00,1.9561439413824107,1.9755117207625654,1.923864427483034,1.9367762804031372,7420075,0.0,0.0
2025-11-20 00:00:00+03:00,1.9561439986781612,1.9690558519764545,1.9174085571841664,1.923864483833313,7389641,0.0,0.0
2025-11-21 00:00:00+03:00,1.930320359549654,2.0271590199299307,1.9174085065920488,1.9625998735427856,18961130,0.0,0.0
2025-11-24 00:00:00+03:00,1.9625998735427856,1.9948796243376807,1.9432322125072594,1.9625998735427856,9553644,0.0,0.0
2025-11-25 00:00:00+03:00,1.9690558167033754,1.9690558167033754,1.89804074323579,1.904496669769287,26522839,0.0,0.0
2025-11-26 00:00:00+03:00,1.910952554494341,2.0013355239858726,1.8593051433563232,1.8593051433563232,16888233,0.0,0.0
2025-11-27 00:00:00+03:00,1.8657611325259618,1.9174085454017635,1.8593052059164865,1.872217059135437,4636239,0.0,0.0
2025-11-28 00:00:00+03:00,1.8786729636352988,1.9174085228362814,1.833481477900819,1.904496669769287,8934429,0.0,0.0
2025-12-01 00:00:00+03:00,1.9109526588037515,1.9561440276154094,1.9044967320591024,1.9174085855484009,11718304,0.0,0.0
2025-12-02 00:00:00+03:00,1.923864517609866,1.9690558865464154,1.9109526640848844,1.9432322978973389,7003229,0.0,0.0
2025-12-03 00:00:00+03:00,1.9367763371316062,1.9690558519764545,1.9109526305350197,1.923864483833313,4834561,0.0,0.0
2025-12-04 00:00:00+03:00,1.923864456283657,2.065894603729248,1.917408529726959,2.065894603729248,24170790,0.0,0.0
2025-12-05 00:00:00+03:00,2.091718252298594,2.246660485388422,2.052982694026137,2.1885571479797363,56113890,0.0,0.0
2025-12-08 00:00:00+03:00,2.195013227594179,2.2595724958885435,2.1885573007647423,2.2079250812530518,16673911,0.0,0.0
2025-12-09 00:00:00+03:00,2.20792503035122,2.2595724437960247,2.0981742767810108,2.111086130142212,24075216,0.0,0.0
2025-12-10 00:00:00+03:00,2.1110859903020014,2.175645252831544,2.0658945065313215,2.1433656215667725,30572711,0.0,0.0
2025-12-11 00:00:00+03:00,2.1562775268591037,2.195013085325089,1.9884236769749277,1.9948796033859253,76262351,0.0,0.0
2025-12-12 00:00:00+03:00,2.014247455728835,2.059438705444336,1.9755117774560034,2.059438705444336,23214470,0.0,0.0
2025-12-15 00:00:00+03:00,2.0658945607723713,2.1433656778418637,2.0077914597720135,2.1304538249969482,25498496,0.0,0.0
2025-12-16 00:00:00+03:00,2.123998022558628,2.2014691441503427,2.1110861689600093,2.156277656555176,13111968,0.0,0.0
2025-12-17 00:00:00+03:00,2.1756453634580044,2.2789401887575718,2.0723505381584366,2.227292776107788,49553320,0.0,0.0
2025-12-18 00:00:00+03:00,2.2272928710225153,2.4209704399108887,2.2272928710225153,2.4209704399108887,59897100,0.0,0.0
2025-12-19 00:00:00+03:00,2.4726178444581692,2.5178093322642243,2.182101373935306,2.2079250812530518,200477365,0.0,0.0
2025-12-22 00:00:00+03:00,2.2272928404436754,2.3499552122282763,2.085262451554188,2.1046302318573,72547710,0.0,0.0
2025-12-23 00:00:00+03:00,2.1110861186069316,2.1756453850601756,2.059438705444336,2.059438705444336,35887826,0.0,0.0
2025-12-24 00:00:00+03:00,2.091718367566473,2.1756454151150795,2.033615026955899,2.052982807159424,32085934,0.0,0.0
2025-12-25 00:00:00+03:00,2.0788064680798723,2.0788064680798723,1.9625999078320224,1.9819676876068115,34953777,0.0,0.0
2025-12-26 00:00:00+03:00,1.9884237610909887,2.033615011077931,1.9561440092695936,1.9755117893218994,19643410,0.0,0.0
2025-12-29 00:00:00+03:00,1.9755117549734291,1.9884237265180165,1.9174085342276455,1.9561439752578735,19545641,0.0,0.0
2025-12-30 00:00:00+03:00,1.976504976980247,2.0063015058631537,1.867250919342041,1.867250919342041,24122355,0.0,1.5384615
2025-12-31 00:00:00+03:00,1.8771831616339338,2.046030282974243,1.8771831616339338,2.046030282974243,90567284,0.0,0.0
2026-01-02 00:00:00+03:00,2.1254879670506712,2.155284497459569,1.9963694318103404,2.0261659622192383,56838827,0.0,0.0
2026-01-05 00:00:00+03:00,2.026165907641655,2.055962437247942,1.986437201499939,1.986437201499939,21211075,0.0,0.0
2026-01-06 00:00:00+03:00,1.9963693997567653,2.1056233428352162,1.9665728698262788,2.046030282974243,51638461,0.0,0.0
2026-01-07 00:00:00+03:00,2.0460302115223725,2.065894564115657,1.996369330039162,2.0162336826324463,25725730,0.0,0.0
2026-01-08 00:00:00+03:00,2.0162338184298276,2.0261659953954214,1.9765051105674512,2.0063016414642334,18110601,0.0,0.0
2026-01-09 00:00:00+03:00,2.0162336826324463,2.0559623878190147,2.006301506335804,2.0162336826324463,17812340,0.0,0.0
2026-01-12 00:00:00+03:00,2.0360979721644035,2.105623204087587,2.0261657961753774,2.055962324142456,21068041,0.0,0.0
2026-01-13 00:00:00+03:00,2.065894531811452,2.085758884094119,2.036098003387451,2.036098003387451,15013811,0.0,0.0
2026-01-14 00:00:00+03:00,2.04603034932661,2.055962526292204,1.9963694644986392,2.0063016414642334,13201636,0.0,0.0
2026-01-15 00:00:00+03:00,2.0063014441973253,2.075826676120508,2.0063014441973253,2.055962324142456,15439060,0.0,0.0
2026-01-16 00:00:00+03:00,2.07582681290473,2.07582681290473,2.026165929687252,2.046030282974243,13465852,0.0,0.0
2026-01-19 00:00:00+03:00,2.055962324142456,2.105623204087587,2.055962324142456,2.055962324142456,16725253,0.0,0.0
2026-01-20 00:00:00+03:00,2.0559623556701183,2.085758884094119,2.0261658272461176,2.036098003387451,13004312,0.0,0.0
2026-01-21 00:00:00+03:00,2.046030282974243,2.046030282974243,2.006301576400261,2.046030282974243,12047710,0.0,0.0
2026-01-22 00:00:00+03:00,2.0658947063356488,2.1056234142572143,2.055962529355257,2.07582688331604,15479362,0.0,0.0
2026-01-23 00:00:00+03:00,2.085758956703432,2.115555722966474,2.055962427242156,2.065894603729248,15003344,0.0,0.0
2026-01-26 00:00:00+03:00,2.085758956703432,2.085758956703432,2.055962427242156,2.065894603729248,11550123,0.0,0.0
2026-01-27 00:00:00+03:00,2.07582678021634,2.095691133190524,2.055962427242156,2.065894603729248,15421596,0.0,0.0
2026-01-28 00:00:00+03:00,2.065894603729248,2.085758956703432,2.055962427242156,2.065894603729248,16106165,0.0,0.0
2026-01-29 00:00:00+03:00,2.07582678021634,2.1552844289148414,2.055962427242156,2.065894603729248,37179322,0.0,0.0
2026-01-30 00:00:00+03:00,2.0658946736019903,2.1155557945188557,2.026165966309917,2.095691204071045,23091043,0.0,0.0
2026-02-02 00:00:00+03:00,2.09569110081792,2.115555690287018,2.0658945718169184,2.085758924484253,17155015,0.0,0.0
2026-02-03 00:00:00+03:00,2.085758924484253,2.1354200429543524,2.0758267481505857,2.085758924484253,14655774,0.0,0.0
2026-02-04 00:00:00+03:00,2.095691237276823,2.135420182000167,2.0658947063356488,2.07582688331604,13783785,0.0,0.0
2026-02-05 00:00:00+03:00,2.0857589895482254,2.095691166191721,2.046030282974243,2.046030282974243,15415046,0.0,0.0
2026-02-06 00:00:00+03:00,2.0559624596177386,2.065894636261234,2.026165929687252,2.046030282974243,9101332,0.0,0.0
2026-02-09 00:00:00+03:00,2.055962404195328,2.1552844047546387,2.055962404195328,2.1552844047546387,21590290,0.0,0.0
2026-02-10 00:00:00+03:00,2.155284540588141,2.1950132485950005,2.125488009582996,2.145352363586426,13435836,0.0,0.0
2026-02-11 00:00:00+03:00,2.1453522605242092,2.16521661357336,2.1254879074750583,2.135420083999634,7495393,0.0,0.0
2026-02-12 00:00:00+03:00,2.1354200520031292,2.175148757506148,2.1354200520031292,2.1552844047546387,9252221,0.0,0.0
2026-02-13 00:00:00+03:00,2.1652166881272783,2.2347419261932373,2.145352334394147,2.2347419261932373,15233112,0.0,0.0
2026-02-16 00:00:00+03:00,2.2844027442817945,2.314199274017436,2.2446740379676053,2.274470567703247,14178663,0.0,0.0
2026-02-17 00:00:00+03:00,2.2446740379676053,2.3241314505959836,2.2446740379676053,2.274470567703247,12317480,0.0,0.0
2026-02-18 00:00:00+03:00,2.284402664035816,2.2943348402654684,2.1751487255096436,2.1751487255096436,11014259,0.0,0.0
2026-02-19 00:00:00+03:00,2.1950131348632094,2.204945311350301,2.065894603729248,2.065894603729248,15734691,0.0,0.0
2026-02-20 00:00:00+03:00,2.07582678021634,2.1056233096776156,2.0460302507550643,2.065894603729248,9659350,0.0,0.0
2026-02-23 00:00:00+03:00,2.0758267481505857,2.1552843956216874,2.0758267481505857,2.085758924484253,9971362,0.0,0.0
2026-02-24 00:00:00+03:00,2.095691133190524,2.1056233096776156,2.055962427242156,2.065894603729248,6919413,0.0,0.0
2026-02-25 00:00:00+03:00,2.065894597062731,2.0758267735177727,1.9963693618774414,1.9963693618774414,12548574,0.0,0.0
2026-02-26 00:00:00+03:00,1.9963694644986392,2.04603034932661,1.9963694644986392,2.0063016414642334,7258303,0.0,0.0
2026-02-27 00:00:00+03:00,2.0162337147875244,2.065894597062731,1.9765050089673588,1.9963693618774414,8883234,0.0,0.0
2026-03-02 00:00:00+03:00,1.8076579296679476,1.92684416809002,1.8076579296679476,1.897047519683838,8945080,0.0,0.0
2026-03-03 00:00:00+03:00,1.916911850628832,1.9367763221345407,1.8374544382095337,1.8374544382095337,9778219,0.0,0.0
2026-03-04 00:00:00+03:00,1.857318743047739,1.8871152719306457,1.8473865667534366,1.867250919342041,7865004,0.0,0.0
2026-03-05 00:00:00+03:00,1.8871153109399994,1.9467084883385695,1.8871153109399994,1.9169118404388428,6034967,0.0,0.0
2026-03-06 00:00:00+03:00,2.0360981176354156,2.0360981176354156,1.9268441739503732,1.966572880744934,17385175,0.0,0.0
2026-03-09 00:00:00+03:00,1.9268441580393139,2.00630157097231,1.887115333171931,1.9765050411224365,7981305,0.0,0.0
2026-03-10 00:00:00+03:00,2.0162336201863513,2.065894500131482,1.996369268208299,2.055962324142456,7016945,0.0,0.0
2026-03-11 00:00:00+03:00,2.085758956703432,2.095691133190524,2.0261658977808805,2.065894603729248,7479495,0.0,0.0
2026-03-12 00:00:00+03:00,2.0758267079527855,2.085758884094119,2.0261658272461176,2.036098003387451,6071319,0.0,0.0
2026-03-13 00:00:00+03:00,2.0261658589290885,2.0460302115223725,2.006301506335804,2.0162336826324463,5032372,0.0,0.0
2026-03-16 00:00:00+03:00,2.0261658272461176,2.0460301795287847,2.0063014749634505,2.036098003387451,5314628,0.0,0.0
2026-03-17 00:00:00+03:00,2.04603014815343,2.075826676120508,2.0360979721644035,2.055962324142456,5293485,0.0,0.0
2026-03-18 00:00:00+03:00,2.065894669431102,2.0857590230370335,2.0063016086133065,2.0261659622192383,5212060,0.0,0.0
2026-03-19 00:00:00+03:00,2.026165929687252,2.095691166191721,2.006301576400261,2.046030282974243,4998723,0.0,0.0
2026-03-23 00:00:00+03:00,1.9864372550073746,2.04603031582517,1.936776370992545,2.0261659622192383,12275949,0.0,0.0
2026-03-24 00:00:00+03:00,2.026165924205559,2.0360981008221835,1.966572864505812,1.9765050411224365,6263382,0.0,0.0
2026-03-25 00:00:00+03:00,1.97650502496451,2.006301554570797,1.97650502496451,1.986437201499939,7124034,0.0,0.0
2026-03-26 00:00:00+03:00,1.9864372341422145,2.006301587539495,1.9566407040462939,1.966572880744934,7068273,0.0,0.0
2026-03-27 00:00:00+03:00,1.9765050178374128,1.9765050178374128,1.9169118404388428,1.9169118404388428,9187332,0.0,0.0
2026-03-30 00:00:00+03:00,1.92684416809002,1.936776344758452,1.897047519683838,1.897047519683838,7264570,0.0,0.0
2026-03-31 00:00:00+03:00,1.9169118566449241,1.936776328212976,1.887115326894173,1.9069796800613403,7928773,0.0,0.0
2026-04-01 00:00:00+03:00,1.9367763346559383,1.9963693943556855,1.9367763346559383,1.9765050411224365,6803505,0.0,0.0
2026-04-02 00:00:00+03:00,1.9864372341422145,1.9864372341422145,1.9467085273476536,1.966572880744934,3973750,0.0,0.0
2026-04-03 00:00:00+03:00,1.9765050411224365,2.00630157097231,1.966572864505812,1.9765050411224365,5157320,0.0,0.0
2026-04-06 00:00:00+03:00,1.9864371854224,2.0162337147875244,1.9864371854224,1.9963693618774414,4706520,0.0,0.0
2026-04-07 00:00:00+03:00,1.9765050514321811,2.006301581437478,1.897047519683838,1.897047519683838,10055050,0.0,0.0
2026-04-08 00:00:00+03:00,1.966572848429081,2.026165907641655,1.956640671893652,1.986437201499939,8551772,0.0,0.0
2026-04-09 00:00:00+03:00,1.9963694108408547,2.006301587539495,1.9566407040462939,1.966572880744934,5605720,0.0,0.0
2026-04-10 00:00:00+03:00,1.9765050782044087,2.0261659622192383,1.9765050782044087,2.0261659622192383,7277289,0.0,0.0
2026-04-13 00:00:00+03:00,2.0261659578378515,2.0261659578378515,1.9566407203674316,1.9566407203674316,9371910,0.0,0.0
2026-04-14 00:00:00+03:00,1.9765051105674512,2.0360981723610156,1.9765051105674512,2.0063016414642334,8742053,0.0,0.0
2026-04-15 00:00:00+03:00,2.016233651104784,2.065894531811452,2.0063014749634505,2.036098003387451,8269823,0.0,0.0
2026-04-16 00:00:00+03:00,2.0559624206076896,2.065894597062731,1.9864371854224,1.9963693618774414,6934047,0.0,0.0
2026-04-17 00:00:00+03:00,2.006301513814914,2.085758924484253,1.9963693374812466,2.085758924484253,8497237,0.0,0.0
2026-04-20 00:00:00+03:00,2.075826726411363,2.185080901739296,2.0460301977224065,2.1751487255096436,22597290,0.0,0.0
2026-04-21 00:00:00+03:00,2.17514886119063,2.204945391738228,2.0758268558968616,2.1652166843414307,12263951,0.0,0.0
2026-04-22 00:00:00+03:00,2.16521661357336,2.185080966622511,2.115555730950483,2.135420083999634,7979642,0.0,0.0
2026-04-24 00:00:00+03:00,2.135420186584711,2.145352363586426,2.095691241776073,2.145352363586426,4548031,0.0,0.0
2026-04-27 00:00:00+03:00,2.185080901739296,2.264538311576512,2.1453521968206877,2.1751487255096436,25560696,0.0,0.0
2026-04-28 00:00:00+03:00,2.1751488945915707,2.204945425596715,2.145352363586426,2.145352363586426,8852537,0.0,0.0
2026-04-29 00:00:00+03:00,2.1552844370487847,2.185080966622511,2.135420083999634,2.135420083999634,7844006,0.0,0.0
2026-04-30 00:00:00+03:00,2.125487844361383,2.1950130779689476,2.125487844361383,2.1751487255096436,7740960,0.0,0.0
2026-05-04 00:00:00+03:00,2.23474195660186,2.23474195660186,2.145352363586426,2.145352363586426,18907499,0.0,0.0
2026-05-05 00:00:00+03:00,2.1552843419198733,2.35392786364375,2.1552843419198733,2.1950130462646484,59789779,0.0,0.0
2026-05-06 00:00:00+03:00,2.204945363341804,2.2744706003908175,2.1950131866205163,2.254606246948242,14438087,0.0,0.0
2026-05-07 00:00:00+03:00,2.284402649143742,2.3340635299682617,2.2546061206490298,2.3340635299682617,11925197,0.0,0.0
2026-05-08 00:00:00+03:00,2.343995716191738,2.4234533626536976,2.2943348351541126,2.4035890102386475,32921480,0.0,0.0
2026-05-11 00:00:00+03:00,2.3936568731172025,2.4731142840748648,2.3936568731172025,2.453249931335449,14094923,0.0,0.0
2026-05-12 00:00:00+03:00,2.450000047683716,2.4600000381469727,2.359999895095825,2.380000114440918,12430791,0.01675,0.0
2026-05-13 00:00:00+03:00,2.4100000858306885,2.4100000858306885,2.200000047683716,2.2200000286102295,12559951,0.0,0.0
2026-05-14 00:00:00+03:00,2.2200000286102295,2.3299999237060547,2.2200000286102295,2.319999933242798,8913304,0.0,0.0
2026-05-15 00:00:00+03:00,2.299999952316284,2.3499999046325684,2.25,2.259999990463257,6399016,0.0,0.0
2026-05-18 00:00:00+03:00,2.240000009536743,2.25,2.140000104904175,2.1500000953674316,11065401,0.0,0.0
2026-05-20 00:00:00+03:00,2.1500000953674316,2.25,2.0799999237060547,2.25,41564397,0.0,0.0
2026-05-21 00:00:00+03:00,2.319999933242798,2.319999933242798,2.069999933242798,2.069999933242798,32663708,0.0,0.0
2026-05-22 00:00:00+03:00,2.119999885559082,2.200000047683716,2.0899999141693115,2.200000047683716,44410282,0.0,0.0
2026-05-25 00:00:00+03:00,2.2100000381469727,2.240000009536743,2.1600000858306885,2.180000066757202,20999069,0.0,0.0
2026-05-26 00:00:00+03:00,2.1600000858306885,2.180000066757202,2.130000114440918,2.140000104904175,7755512,0.0,0.0
2026-05-27 00:00:00+03:00,2.140000104904175,2.140000104904175,2.140000104904175,2.140000104904175,0,0.0,0.0
2026-05-28 00:00:00+03:00,2.140000104904175,2.140000104904175,2.140000104904175,2.140000104904175,0,0.0,0.0
2026-05-29 00:00:00+03:00,2.140000104904175,2.140000104904175,2.140000104904175,2.140000104904175,0,0.0,0.0
2026-06-01 00:00:00+03:00,2.1600000858306885,2.200000047683716,2.0999999046325684,2.109999895095825,29613303,0.0,0.0
2026-06-02 00:00:00+03:00,2.119999885559082,2.200000047683716,2.109999895095825,2.180000066757202,29826410,0.0,0.0
2026-06-03 00:00:00+03:00,2.180000066757202,2.2300000190734863,2.109999895095825,2.119999885559082,50426663,0.0,0.0
2026-06-04 00:00:00+03:00,2.130000114440918,2.3299999237060547,2.0799999237060547,2.2799999713897705,123481264,0.0,0.0
2026-06-05 00:00:00+03:00,2.25,2.5,2.240000009536743,2.4800000190734863,103959846,0.0,0.0
2026-06-08 00:00:00+03:00,2.440000057220459,2.700000047683716,2.2799999713897705,2.2899999618530273,102448591,0.0,0.0
2026-06-09 00:00:00+03:00,2.2699999809265137,2.299999952316284,2.1700000762939453,2.190000057220459,43075098,0.0,0.0
2026-06-10 00:00:00+03:00,2.180000066757202,2.190000057220459,2.140000104904175,2.1500000953674316,16128084,0.0,0.0
2026-06-11 00:00:00+03:00,2.1500000953674316,2.2100000381469727,2.0799999237060547,2.109999895095825,20289903,0.0,0.0
2026-06-12 00:00:00+03:00,2.130000114440918,2.1600000858306885,2.0899999141693115,2.109999895095825,12989403,0.0,0.0
2026-06-15 00:00:00+03:00,2.130000114440918,2.190000057220459,2.130000114440918,2.140000104904175,15411968,0.0,0.0
2026-06-16 00:00:00+03:00,2.140000104904175,2.180000066757202,2.119999885559082,2.130000114440918,10218112,0.0,0.0
2026-06-17 00:00:00+03:00,2.1500000953674316,2.1500000953674316,2.0999999046325684,2.109999895095825,15652696,0.0,0.0
2026-06-18 00:00:00+03:00,2.119999885559082,2.2100000381469727,2.109999895095825,2.1600000858306885,16528535,0.0,0.0
2026-06-19 00:00:00+03:00,2.1600000858306885,2.1700000762939453,2.130000114440918,2.130000114440918,8398355,0.0,0.0
2026-06-22 00:00:00+03:00,2.1500000953674316,2.1700000762939453,2.119999885559082,2.140000104904175,12564915,0.0,0.0
2026-06-23 00:00:00+03:00,2.130000114440918,2.140000104904175,2.119999885559082,2.130000114440918,10086630,0.0,0.0
2026-06-24 00:00:00+03:00,2.140000104904175,2.190000057220459,2.109999895095825,2.130000114440918,27971645,0.0,0.0
2026-06-25 00:00:00+03:00,2.130000114440918,2.1700000762939453,2.119999885559082,2.1500000953674316,12197855,0.0,0.0
2026-06-26 00:00:00+03:00,2.1700000762939453,2.2200000286102295,2.119999885559082,2.1500000953674316,26296127,0.0,0.0
2026-06-29 00:00:00+03:00,2.140000104904175,2.1700000762939453,2.119999885559082,2.130000114440918,8574284,0.0,0.0
2026-06-30 00:00:00+03:00,2.130000114440918,2.1500000953674316,2.109999895095825,2.119999885559082,10451651,0.0,0.0
2026-07-01 00:00:00+03:00,2.130000114440918,2.1500000953674316,2.109999895095825,2.140000104904175,14575732,0.0,0.0
2026-07-02 00:00:00+03:00,2.140000104904175,2.1700000762939453,2.130000114440918,2.1600000858306885,11446816,0.0,0.0
2026-07-03 00:00:00+03:00,2.1500000953674316,2.25,2.140000104904175,2.2200000286102295,43346047,0.0,0.0
2026-07-06 00:00:00+03:00,2.240000009536743,2.2899999618530273,2.180000066757202,2.190000057220459,16267757,0.0,0.0
2026-07-07 00:00:00+03:00,2.190000057220459,2.190000057220459,2.140000104904175,2.1600000858306885,8625631,0.0,0.0
2026-07-08 00:00:00+03:00,2.140000104904175,2.140000104904175,2.059999942779541,2.059999942779541,12221970,0.0,0.0
2026-07-09 00:00:00+03:00,2.069999933242798,2.109999895095825,2.0299999713897705,2.059999942779541,11229711,0.0,0.0
2026-07-10 00:00:00+03:00,2.059999942779541,2.1700000762939453,2.059999942779541,2.119999885559082,20827724,0.0,0.0
2026-07-13 00:00:00+03:00,2.0999999046325684,2.140000104904175,2.0899999141693115,2.130000114440918,10532478,0.0,0.0
2026-07-14 00:00:00+03:00,2.119999885559082,2.1500000953674316,2.0999999046325684,2.109999895095825,8410264,0.0,0.0
2026-07-16 00:00:00+03:00,2.119999885559082,2.1700000762939453,2.109999895095825,2.1500000953674316,10999508,0.0,0.0
2026-07-17 00:00:00+03:00,2.1600000858306885,2.1600000858306885,2.0899999141693115,2.140000104904175,12447302,0.0,0.0
2026-07-20 00:00:00+03:00,2.140000104904175,2.180000066757202,2.130000114440918,2.180000066757202,10055189,0.0,0.0
2026-07-21 00:00:00+03:00,2.180000066757202,2.390000104904175,2.180000066757202,2.390000104904175,104851280,0.0,0.0
2026-07-22 00:00:00+03:00,2.4800000190734863,2.619999885559082,2.390000104904175,2.5,189530639,0.0,0.0
2026-07-23 00:00:00+03:00,2.5299999713897705,2.690000057220459,2.3499999046325684,2.369999885559082,112599966,0.0,0.0
2026-07-24 00:00:00+03:00,2.369999885559082,2.380000114440918,2.140000104904175,2.140000104904175,92103159,0.0,0.0
2026-07-27 00:00:00+03:00,2.1700000762939453,2.1700000762939453,2.049999952316284,2.0799999237060547,51350413,0.0,0.0
2026-07-28 00:00:00+03:00,2.0799999237060547,2.0799999237060547,1.9700000286102295,2.0,22911787,0.0,0.0
2026-07-29 00:00:00+03:00,2.0,2.0199999809265137,1.9700000286102295,1.9800000190734863,18334454,0.0,0.0
2026-07-30 00:00:00+03:00,1.9900000095367432,2.0799999237060547,1.9299999475479126,2.069999933242798,41635970,0.0,0.0
2026-08-03 00:00:00+03:00,2.0899999141693115,2.0999999046325684,2.0399999618530273,2.0799999237060547,13817642,0.0,0.0
2026-08-04 00:00:00+03:00,2.0799999237060547,2.259999990463257,2.069999933242798,2.259999990463257,47959338,0.0,0.0
2026-08-05 00:00:00+03:00,2.25,2.440000057220459,2.2300000190734863,2.3399999141693115,164964631,0.0,0.0
2026-08-06 00:00:00+03:00,2.359999895095825,2.4200000762939453,2.200000047683716,2.200000047683716,74203495,0.0,0.0
2026-08-07 00:00:00+03:00,2.200000047683716,2.25,2.0999999046325684,2.109999895095825,36818662,0.0,0.0
2026-08-10 00:00:00+03:00,2.119999885559082,2.119999885559082,2.0399999618530273,2.0399999618530273,26367783,0.0,0.0
2026-08-11 00:00:00+03:00,2.0399999618530273,2.0999999046325684,2.0199999809265137,2.049999952316284,22308949,0.0,0.0
2026-08-12 00:00:00+03:00,2.049999952316284,2.0799999237060547,2.0199999809265137,2.049999952316284,30930108,0.0,0.0
