date,open,high,low,close,volume,dividends,stock_splits
2020-08-14 00:00:00+03:00,2.1336701776712563,2.1664029705888477,2.073054966071857,2.0997252464294434,11660509,0.0,0.0
2020-08-17 00:00:00+03:00,2.1033624777003306,2.1142731389404052,2.012438951856078,2.026986837387085,9202606,0.0,0.0
2020-08-18 00:00:00+03:00,2.012438715314644,2.0585068454758786,1.994254416936259,2.024562120437622,8755880,0.0,0.0
2020-08-19 00:00:00+03:00,2.030624385454741,2.088814925224347,2.0269871605838645,2.0427467823028564,8728307,0.0,0.0
2020-08-20 00:00:00+03:00,2.0427463068378136,2.057294191302303,2.0185005071520963,2.0306239128112793,6433126,0.0,0.0
2020-08-21 00:00:00+03:00,2.0306240324838254,2.043959172515229,2.00152826184012,2.0088016986846924,6332326,0.0,0.0
2020-08-24 00:00:00+03:00,2.0063769851098194,2.1094239039701748,1.9833429203465591,2.064568519592285,21987770,0.0,0.0
2020-08-25 00:00:00+03:00,2.076691186550088,2.0876028594277654,2.0124389527560678,2.0221378803253174,14379519,0.0,0.0
2020-08-26 00:00:00+03:00,2.022137967487741,2.054869952633486,2.019713488399104,2.035473108291626,6540744,0.0,0.0
2020-08-27 00:00:00+03:00,2.0439592909182376,2.0560826979941877,2.0306241501143525,2.035473108291626,4025623,0.0,0.0
2020-08-28 00:00:00+03:00,2.039110358294578,2.1106362353469406,1.9978911783729068,2.0633561611175537,23256618,0.0,0.0
2020-08-31 00:00:00+03:00,2.071842514535969,2.1773139405154844,2.0633563311038903,2.1276087760925293,38728858,0.0,0.0
2020-09-01 00:00:00+03:00,2.1360947065899816,2.3203664432839513,2.1360947065899816,2.206409454345703,64434958,0.0,0.0
2020-09-02 00:00:00+03:00,2.22216900444859,2.2294424406541546,2.1118484440589764,2.117910146713257,12996417,0.0,0.0
2020-09-03 00:00:00+03:00,2.132458148984596,2.2585383339593714,2.104575124535114,2.1542794704437256,44635976,0.0,0.0
2020-09-04 00:00:00+03:00,2.155492615013813,2.194286509706215,2.1227596151284436,2.1276087760925293,17397429,0.0,0.0
2020-09-07 00:00:00+03:00,2.128821161065425,2.1858001638641227,2.128821161065425,2.151855230331421,10484845,0.0,0.0
2020-09-08 00:00:00+03:00,2.1615532333576,2.1615532333576,2.0985135419075642,2.115485906600952,8754620,0.0,0.0
2020-09-09 00:00:00+03:00,2.113061009181953,2.1470057318472846,2.1033620834350586,2.1033620834350586,8547735,0.0,0.0
2020-09-10 00:00:00+03:00,2.10457482851562,2.130033370514619,2.0997248598259066,2.1033620834350586,6907033,0.0,0.0
2020-09-11 00:00:00+03:00,2.115485906600952,2.148218092993576,2.1045752452455933,2.115485906600952,9904895,0.0,0.0
2020-09-14 00:00:00+03:00,2.1312457477135855,2.28884598940698,2.1239721082947884,2.260962963104248,46539528,0.0,0.0
2020-09-15 00:00:00+03:00,2.2646001817000707,2.4149271882449668,2.2367171554683414,2.3215789794921875,88720604,0.0,0.0
2020-09-16 00:00:00+03:00,2.322790924011021,2.340975831884417,2.230655460249884,2.248840570449829,20402060,0.0,0.0
2020-09-17 00:00:00+03:00,2.245203290029302,2.2464150236994,2.19428619669995,2.202772378921509,8786498,0.0,0.0
2020-09-18 00:00:00+03:00,2.2112584407341354,2.276723415968948,2.189436917206886,2.234292507171631,19040462,0.0,0.0
2020-09-21 00:00:00+03:00,2.2355042970794834,2.276723473310837,2.1700393201958605,2.1773135662078857,11921651,0.0,0.0
2020-09-22 00:00:00+03:00,2.183375184783947,2.2524765738565224,2.155492161041451,2.2161073684692383,15730610,0.0,0.0
2020-09-23 00:00:00+03:00,2.219744649329968,2.300969243828921,2.217320170459762,2.2718734741210938,22036560,0.0,0.0
2020-09-24 00:00:00+03:00,2.2779352607302163,2.487665538436717,2.256113938464678,2.4440228939056396,79911902,0.0,0.0
2020-09-25 00:00:00+03:00,2.451296206516823,2.4585696430257107,2.3652216438486793,2.3724958896636963,34226815,0.0,0.0
2020-09-28 00:00:00+03:00,2.4003791458225896,2.42220046725251,2.3191543491259368,2.3931055068969727,25937219,0.0,0.0
2020-09-29 00:00:00+03:00,2.4003790610147573,2.63071870803833,2.4003790610147573,2.63071870803833,68139148,0.0,0.0
2020-09-30 00:00:00+03:00,2.7349775677308497,2.8731811536184657,2.625868941170817,2.63071870803833,55742533,0.0,0.0
2020-10-01 00:00:00+03:00,2.6307189252049263,2.7640727552334257,2.5434318144247965,2.5919244289398193,23414223,0.0,0.0
2020-10-02 00:00:00+03:00,2.5967741005360536,2.6452659039583404,2.5701028094639753,2.601623058319092,10909409,0.0,0.0
2020-10-05 00:00:00+03:00,2.596773843223806,2.718005059542382,2.596773843223806,2.6840603351593018,15821155,0.0,0.0
2020-10-06 00:00:00+03:00,2.7155810605525854,2.8028673655792145,2.684060809253266,2.696183204650879,20052872,0.0,0.0
2020-10-07 00:00:00+03:00,2.7131553921673546,2.7374022046402864,2.6573893420919257,2.6719372272491455,14984494,0.0,0.0
2020-10-08 00:00:00+03:00,2.688909497423639,2.727703182066321,2.6040476799973584,2.613746404647827,11733918,0.0,0.0
2020-10-09 00:00:00+03:00,2.6113212609046768,2.751950145867957,2.6064723029643724,2.727703332901001,21570906,0.0,0.0
2020-10-12 00:00:00+03:00,2.734977718401696,2.831962135462377,2.734977718401696,2.800442695617676,22650257,0.0,0.0
2020-10-13 00:00:00+03:00,2.79074395242988,2.8101409989828467,2.730128131370221,2.751950263977051,9039842,0.0,0.0
2020-10-14 00:00:00+03:00,2.7651214558270714,3.023361698554159,2.6798534703317984,2.7724297046661377,30544892,0.015447,0.0
2020-10-15 00:00:00+03:00,2.796792389136211,2.872315224861358,2.731014087871415,2.7407584190368652,31434074,0.0,0.0
2020-10-16 00:00:00+03:00,2.7724295956863894,2.7894833954099996,2.7017791271209717,2.7017791271209717,9813874,0.0,0.0
2020-10-19 00:00:00+03:00,2.709087379540219,2.723704893139195,2.68228945167087,2.6944708824157715,9800014,0.0,0.0
2020-10-20 00:00:00+03:00,2.694470800519648,2.735886240729186,2.6847254529250226,2.699342966079712,10514028,0.0,0.0
2020-10-21 00:00:00+03:00,2.711524245699145,2.716396410988326,2.626256067471376,2.628692150115967,8048670,0.0,0.0
2020-10-22 00:00:00+03:00,2.6311288615865362,2.7066515016808497,2.6067659982515536,2.6408731937408447,10039820,0.0,0.0
2020-10-23 00:00:00+03:00,2.660363313489785,2.8528254342756347,2.64818208683066,2.777301788330078,64416030,0.0,0.0
2020-10-26 00:00:00+03:00,2.7797388188874046,2.7797388188874046,2.50931715965271,2.50931715965271,23567656,0.0,0.0
2020-10-27 00:00:00+03:00,2.4946995564644507,2.570222390170159,2.3753241842633033,2.497135639190674,14943264,0.0,0.0
2020-10-28 00:00:00+03:00,2.5239345372978366,2.5312427853466963,2.411867618560791,2.411867618560791,6326929,0.0,0.0
2020-10-30 00:00:00+03:00,2.3911594907392906,2.555604938497134,2.301019142044599,2.3582706451416016,37175838,0.0,0.0
2020-11-02 00:00:00+03:00,2.365579175208322,2.4289213956036537,2.3533985575870306,2.3607068061828613,10117947,0.0,0.0
2020-11-03 00:00:00+03:00,2.382633000345559,2.392378145921308,2.2900565569150606,2.3265998363494873,9970275,0.0,0.0
2020-11-04 00:00:00+03:00,2.3265996243925833,2.3996863798980437,2.3265996243925833,2.3704521656036377,16046100,0.0,0.0
2020-11-05 00:00:00+03:00,2.4045593346216814,2.467900741506535,2.382632759294559,2.426485300064087,12016123,0.0,0.0
2020-11-06 00:00:00+03:00,2.4362296391348948,2.5068811244537152,2.4301397369267224,2.4435389041900635,14512841,0.0,0.0
2020-11-09 00:00:00+03:00,2.460592560742644,2.4849544064139093,2.39115962339652,2.4191761016845703,13028330,0.0,0.0
2020-11-10 00:00:00+03:00,2.4179587318719604,2.4532834613063312,2.4179587318719604,2.425266981124878,5858244,0.0,0.0
2020-11-11 00:00:00+03:00,2.448411178157466,2.4581565265036995,2.391159670750458,2.3984687328338623,6958420,0.0,0.0
2020-11-12 00:00:00+03:00,2.3972502932088506,2.4118678069226243,2.30101922581235,2.3619253635406494,8253161,0.0,0.0
2020-11-13 00:00:00+03:00,2.378979157265532,2.427703055011219,2.354616496860454,2.399686574935913,9023098,0.0,0.0
2020-11-16 00:00:00+03:00,2.413086195717251,2.4484111260063712,2.4057771337895297,2.410649299621582,10476676,0.0,0.0
2020-11-17 00:00:00+03:00,2.43622973908638,2.631128776888813,2.43622973908638,2.6213834285736084,36640835,0.0,0.0
2020-11-18 00:00:00+03:00,2.6798532463134555,2.6920336600270294,2.4825181431648877,2.531242847442627,24934154,0.0,0.0
2020-11-19 00:00:00+03:00,2.509317048361711,2.538551260601864,2.417958356280917,2.470336675643921,18799704,0.0,0.0
2020-11-20 00:00:00+03:00,2.4703366877189974,2.509317060627325,2.4630284395655764,2.4800820350646973,8233470,0.0,0.0
2020-11-23 00:00:00+03:00,2.497135630563818,2.5214976775112548,2.4605923568477692,2.4800820350646973,8743854,0.0,0.0
2020-11-24 00:00:00+03:00,2.4849544435585016,2.5093173060684935,2.46059259752308,2.472774028778076,8556191,0.0,0.0
2020-11-25 00:00:00+03:00,2.4849543366532014,2.628692373149599,2.4776460880993545,2.5945851802825928,27420582,0.0,0.0
2020-11-26 00:00:00+03:00,2.5580420692987986,2.5897123681744256,2.536115289276149,2.555605173110962,11536105,0.0,0.0
2020-11-27 00:00:00+03:00,2.5775317689007413,2.7261411685893644,2.5507328226635755,2.6603636741638184,37200996,0.0,0.0
2020-11-30 00:00:00+03:00,2.73345030730992,2.9259122419632924,2.7261410420959353,2.8479533195495605,64937992,0.0,0.0
2020-12-01 00:00:00+03:00,2.852825635540917,2.8552617184086926,2.6944708975698006,2.7285780906677246,26227733,0.0,0.0
2020-12-02 00:00:00+03:00,2.7261412018506137,2.779739094978886,2.6822896738951703,2.6920340061187744,13991789,0.0,0.0
2020-12-03 00:00:00+03:00,2.69690704653881,2.7529400032946163,2.6627998526049184,2.721268892288208,14108108,0.0,0.0
2020-12-04 00:00:00+03:00,2.723704893139195,2.794355565100378,2.6895977002330937,2.6944708824157715,31545367,0.0,0.0
2020-12-07 00:00:00+03:00,2.6944708872636856,2.7017791358390584,2.599457556936657,2.6116387844085693,20646157,0.0,0.0
2020-12-08 00:00:00+03:00,2.6043298031012587,2.6311287483211716,2.550732725841082,2.553169012069702,9726108,0.0,0.0
2020-12-09 00:00:00+03:00,2.5726585223379534,2.6018935485634205,2.5336789617254274,2.5385513305664062,8382486,0.0,0.0
2020-12-10 00:00:00+03:00,2.5482964634662153,2.5897121066669606,2.5312428676565446,2.55804181098938,6843312,0.0,0.0
2020-12-11 00:00:00+03:00,2.562914211127987,2.6213834554907938,2.545860613757196,2.565350294113159,9965263,0.0,0.0
2020-12-14 00:00:00+03:00,2.5848399577283363,2.662799688990415,2.5702224445870407,2.592149019241333,11347812,0.0,0.0
2020-12-15 00:00:00+03:00,2.611638848079011,2.6433099589601468,2.577531654280028,2.579967737197876,6427904,0.0,0.0
2020-12-16 00:00:00+03:00,2.584839941142623,2.616511049999796,2.5239346193700385,2.55804181098938,5934922,0.0,0.0
2020-12-17 00:00:00+03:00,2.555604865015769,2.6092025473372433,2.5385512695399615,2.5702223777770996,7280882,0.0,0.0
2020-12-18 00:00:00+03:00,2.567786735323482,2.6286926762310383,2.5361154183612324,2.545860767364502,6918884,0.0,0.0
2020-12-21 00:00:00+03:00,2.6092025473372433,2.716396488915935,2.5677862950626227,2.5702223777770996,21124474,0.0,0.0
2020-12-22 00:00:00+03:00,2.5970210427874054,2.657926361620385,2.5750952825116475,2.628692150115967,11345782,0.0,0.0
2020-12-23 00:00:00+03:00,2.6408731981636158,2.687161825397919,2.62381960039041,2.6335649490356445,8881873,0.0,0.0
2020-12-24 00:00:00+03:00,2.648182317264725,2.7139606216759358,2.6213833723288427,2.6701080799102783,13971027,0.0,0.0
2020-12-25 00:00:00+03:00,2.7163966869147735,2.9088586199010997,2.7066513388720557,2.743194818496704,42228095,0.0,0.0
2020-12-28 00:00:00+03:00,2.8138460444012487,2.994126746093057,2.8016646137134305,2.96001935005188,37015916,0.0,0.0
2020-12-29 00:00:00+03:00,2.9965628006908234,3.047723589328003,2.8723152582697744,2.8844966888427734,19457347,0.0,0.0
2020-12-30 00:00:00+03:00,2.889369020617233,2.9575834093890467,2.8479533740571057,2.9307844638824463,16784677,0.0,0.0
2020-12-31 00:00:00+03:00,2.955045237602759,2.955045237602759,2.8466033935546875,2.8466033935546875,9810465,0.039553,0.0
2021-01-04 00:00:00+03:00,2.8638557451335345,2.9230056595898346,2.8613904798259364,2.8885014057159424,10434844,0.0,0.0
2021-01-05 00:00:00+03:00,2.876177788232313,2.900824268240133,2.7825236321411833,2.809633731842041,14612486,0.0,0.0
2021-01-06 00:00:00+03:00,2.8293511215098457,2.878642230571546,2.807169289502808,2.809633731842041,14936775,0.0,0.0
2021-01-07 00:00:00+03:00,2.817028054957761,2.8293512957204454,2.7751296533493193,2.8022403717041016,8455090,0.0,0.0
2021-01-08 00:00:00+03:00,2.8120991358527996,2.858925804890297,2.802240337700721,2.8219571113586426,11091794,0.0,0.0
2021-01-11 00:00:00+03:00,2.817028054957761,2.858925839581519,2.787452688450442,2.8022403717041016,16050909,0.0,0.0
2021-01-12 00:00:00+03:00,2.821957201670874,2.8441382128381756,2.8120992258495425,2.8244216442108154,9919399,0.0,0.0
2021-01-13 00:00:00+03:00,2.8613902669038715,2.9303987695165885,2.8268860155975135,2.910682201385498,19445419,0.0,0.0
2021-01-14 00:00:00+03:00,2.9205409600763708,3.043770280458667,2.893430036570683,3.036376953125,31380615,0.0,0.0
2021-01-15 00:00:00+03:00,3.038841413811743,3.1152434489443186,2.979690681556175,3.0068016052246094,26546891,0.0,0.0
2021-01-18 00:00:00+03:00,3.0289829195935676,3.3025527000427246,3.011730587849071,3.3025527000427246,56584227,0.0,0.0
2021-01-19 00:00:00+03:00,3.3271982889459775,3.408530037586988,3.206433401458119,3.2187564373016357,36478015,0.0,0.0
2021-01-20 00:00:00+03:00,3.231079467510286,3.5219015725033347,3.2212208749509155,3.430711030960083,49166502,0.0,0.0
2021-01-21 00:00:00+03:00,3.4381051818307884,3.593374312768442,3.3493801110532435,3.549011468887329,38528378,0.0,0.0
2021-01-22 00:00:00+03:00,3.534223812035009,3.598303426464753,3.4134587328831145,3.4504282474517822,21010220,0.0,0.0
2021-01-25 00:00:00+03:00,3.487397497387794,3.5416181139112703,3.420853228219349,3.4233176708221436,17377822,0.0,0.0
2021-01-26 00:00:00+03:00,3.4208531244680436,3.445498783717936,3.3641678613994137,3.3838844299316406,13782734,0.0,0.0
2021-01-27 00:00:00+03:00,3.383884398096596,3.502184836484828,3.1275667473118327,3.1472833156585693,38935561,0.0,0.0
2021-01-28 00:00:00+03:00,3.0462350933242455,3.2779070919517763,3.0117306349571162,3.2015042304992676,20290697,0.0,0.0
2021-01-29 00:00:00+03:00,3.1719287109300187,3.250796011180543,3.1423543731053916,3.152212142944336,22160292,0.0,0.0
2021-02-01 00:00:00+03:00,3.1867162848133264,3.245867015051553,3.16946415987847,3.206433057785034,21604457,0.0,0.0
2021-02-02 00:00:00+03:00,3.2286151654251953,3.263119418237133,3.176858786207288,3.1867165565490723,12000590,0.0,0.0
2021-02-03 00:00:00+03:00,3.2039684742554946,3.312411139106328,3.2039684742554946,3.2261505126953125,16433340,0.0,0.0
2021-02-04 00:00:00+03:00,3.238472950191431,3.3666321835293873,3.2261505323302906,3.3419857025146484,17742704,0.0,0.0
2021-02-05 00:00:00+03:00,3.3493801441837263,3.3789544825302418,3.28530052586862,3.292693853378296,19421423,0.0,0.0
2021-02-08 00:00:00+03:00,3.327198268062279,3.349380308293788,3.2286152159023565,3.2483317852020264,11296523,0.0,0.0
2021-02-09 00:00:00+03:00,3.253260690172159,3.32226919293077,3.1817875392688664,3.1916463375091553,9884189,0.0,0.0
2021-02-10 00:00:00+03:00,3.2015042175953408,3.221220992108068,3.1349601550302792,3.1645355224609375,7858312,0.0,0.0
2021-02-11 00:00:00+03:00,3.1793229334205733,3.2039683852932166,3.139889799101243,3.157141923904419,4606217,0.0,0.0
2021-02-12 00:00:00+03:00,3.243402899954075,3.3025528135146573,3.15960670919958,3.2483317852020264,10669827,0.0,0.0
2021-02-15 00:00:00+03:00,3.3050169018365367,3.571193129617302,3.292693661729862,3.4627506732940674,84239428,0.0,0.0
2021-02-16 00:00:00+03:00,3.4578219916472506,3.4800030024957214,3.2434027427373446,3.2655837535858154,23282140,0.0,0.0
2021-02-17 00:00:00+03:00,3.3419857197716056,3.354308960342608,3.1522121338708864,3.1669998168945312,18276615,0.0,0.0
2021-02-18 00:00:00+03:00,3.2162918719477713,3.29762361748565,3.1669999361159613,3.2088985443115234,15080478,0.0,0.0
2021-02-19 00:00:00+03:00,3.208898273652137,3.223685133338979,3.1620707843154783,3.169464111328125,8036448,0.0,0.0
2021-02-22 00:00:00+03:00,3.19657516799761,3.2162917358343637,3.1127789834605686,3.130031108856201,8307495,0.0,0.0
2021-02-23 00:00:00+03:00,3.147283179027696,3.17932298681565,3.031447188173039,3.0413057804107666,6836998,0.0,0.0
2021-02-24 00:00:00+03:00,3.0215895358889204,3.0856683356678114,2.8712492787789965,2.8885014057159424,7864143,0.0,0.0
2021-02-25 00:00:00+03:00,2.9698330857079305,2.9821555043881527,2.792381906852952,2.8293514251708984,6698307,0.0,0.0
2021-02-26 00:00:00+03:00,2.711050691072445,2.8589256635499365,2.711050691072445,2.809633731842041,4498536,0.0,0.0
2021-03-01 00:00:00+03:00,2.8466032855969092,2.9131465202621243,2.8392091358306595,2.9008243083953857,7800982,0.0,0.0
2021-03-02 00:00:00+03:00,2.9057533113183163,2.913146638739044,2.8194924775425974,2.8589258193969727,6506486,0.0,0.0
2021-03-03 00:00:00+03:00,2.8737134895686474,3.009266051465576,2.8687846046437544,2.9402575492858887,10439842,0.0,0.0
2021-03-04 00:00:00+03:00,2.927934433602188,2.9501164733263163,2.866320078826963,2.91561222076416,6465886,0.0,0.0
2021-03-05 00:00:00+03:00,2.883572174262112,3.031447364522456,2.883572174262112,2.994478464126587,8783075,0.0,0.0
2021-03-08 00:00:00+03:00,2.9895494685417683,2.994478353442069,2.9008243987974085,2.9032888412475586,5862955,0.0,0.0
2021-03-09 00:00:00+03:00,2.923005490568717,2.992013994326124,2.910682249666946,2.9205410480499268,7054159,0.0,0.0
2021-03-10 00:00:00+03:00,2.9427220023035243,2.9427220023035243,2.8835720924076957,2.898359775543213,4919614,0.0,0.0
2021-03-11 00:00:00+03:00,2.913146537708339,2.927934220344744,2.8663198700572288,2.871248960494995,3993171,0.0,0.0
2021-03-12 00:00:00+03:00,2.876177845271209,2.8909655279076136,2.863855427669122,2.871248960494995,2654302,0.0,0.0
2021-03-15 00:00:00+03:00,2.8958945104256872,2.9451864447748104,2.871249057405025,2.898359775543213,4459910,0.0,0.0
2021-03-16 00:00:00+03:00,2.9082176691303343,2.93532859216604,2.8811075687408447,2.8811075687408447,4745020,0.0,0.0
2021-03-17 00:00:00+03:00,2.888501027782737,2.979690535858768,2.8712489031030692,2.8761777877807617,9836666,0.0,0.0
2021-03-18 00:00:00+03:00,2.88110757030713,2.9230053534381666,2.8293511949171855,2.8416736125946045,4666781,0.0,0.0
2021-03-19 00:00:00+03:00,2.8342802391610813,2.861390341090341,2.752948493742342,2.797311544418335,4501826,0.0,0.0
2021-03-22 00:00:00+03:00,2.5286706650518456,2.748019626347873,2.518812894821167,2.518812894821167,3378543,0.0,0.0
2021-03-23 00:00:00+03:00,2.279747347167122,2.563174897699352,2.279747347167122,2.4645910263061523,5768483,0.0,0.0
2021-03-24 00:00:00+03:00,2.506489663156246,2.703656585559463,2.4917019794467508,2.674082040786743,6492108,0.0,0.0
2021-03-25 00:00:00+03:00,2.666687645347023,2.745554941779771,2.5828914642333984,2.5828914642333984,6345164,0.0,0.0
2021-03-26 00:00:00+03:00,2.6247898971149866,2.6445064644003757,2.4793785423851347,2.5631747245788574,4471929,0.0,0.0
2021-03-29 00:00:00+03:00,2.587821335549046,2.637112447758396,2.5508518188380522,2.5902857780456543,6314959,0.0,0.0
2021-03-30 00:00:00+03:00,2.5902856876040423,2.6839398464057735,2.563174764472327,2.5878212451934814,8841924,0.0,0.0
2021-03-31 00:00:00+03:00,2.59275008966082,2.6173957473521687,2.5631747245788574,2.5631747245788574,3345986,0.0,0.0
2021-04-01 00:00:00+03:00,2.587821306721315,2.669152227096186,2.5804269510060514,2.6617588996887207,4911781,0.0,0.0
2021-04-02 00:00:00+03:00,2.691334344246854,2.765271945015733,2.6666880660007313,2.7061212062835693,5559442,0.0,0.0
2021-04-05 00:00:00+03:00,2.715979648348443,2.8096338069429274,2.715979648348443,2.775129556655884,5433505,0.0,0.0
2021-04-06 00:00:00+03:00,2.7825237936639864,2.817028045031677,2.698727607727051,2.698727607727051,4237408,0.0,0.0
2021-04-07 00:00:00+03:00,2.711050906494527,2.711050906494527,2.6100023870485645,2.693798780441284,3144708,0.0,0.0
2021-04-08 00:00:00+03:00,2.6937985663900683,2.8342800061883118,2.6937985663900683,2.809633731842041,7677229,0.0,0.0
2021-04-09 00:00:00+03:00,2.8170280596418413,2.8318157429200896,2.661758927681949,2.735696315765381,8643194,0.0,0.0
2021-04-12 00:00:00+03:00,2.78498829764319,2.935328752814529,2.7677361715783904,2.8638556003570557,19627384,0.0,0.0
2021-04-13 00:00:00+03:00,2.866319909029931,2.888501124793802,2.6765465311799974,2.7184441089630127,7975835,0.0,0.0
2021-04-14 00:00:00+03:00,2.723373070245053,2.7504839942593184,2.6592942748996222,2.6839399337768555,4357619,0.0,0.0
2021-04-15 00:00:00+03:00,2.6937986436418724,2.7258384515862177,2.595214571737373,2.614931344985962,4367783,0.0,0.0
2021-04-16 00:00:00+03:00,2.614931426076207,2.646971235014122,2.5878213247571984,2.63218355178833,3221904,0.0,0.0
2021-04-19 00:00:00+03:00,2.6371123674638497,2.6469711654579133,2.4670561742823116,2.5064895153045654,4773657,0.0,0.0
2021-04-20 00:00:00+03:00,2.518812758481478,2.536064883759168,2.400512118300362,2.4399454593658447,2852003,0.0,0.0
2021-04-21 00:00:00+03:00,2.4337837705597054,2.439945390600624,2.2600304042983503,2.3401296138763428,2754703,0.0,0.0
2021-04-22 00:00:00+03:00,2.335199983869008,2.3623107016239344,2.2329197614020955,2.3586137294769287,3913476,0.0,0.0
2021-04-26 00:00:00+03:00,2.337665345902931,2.5015607493094727,2.337665345902931,2.4645910263061523,4661314,0.0,0.0
2021-04-27 00:00:00+03:00,2.6124666405655845,2.624789880657093,2.5064894493787646,2.5262060165405273,9287019,0.0,0.0
2021-04-28 00:00:00+03:00,2.533599403837849,2.5409937593916285,2.4424098929315914,2.45473313331604,5365290,0.0,0.0
2021-04-29 00:00:00+03:00,2.4522683546808004,2.518812615244687,2.4374808783298554,2.494166135787964,3196935,0.0,0.0
2021-04-30 00:00:00+03:00,2.4935357634296826,2.535157877186623,2.46452666656589,2.477139472961426,2105005,0.066429,0.0
2021-05-03 00:00:00+03:00,2.478400560781594,2.525068306191156,2.440562559427994,2.5023648738861084,4728500,0.0,0.0
2021-05-04 00:00:00+03:00,2.5023647226310293,2.5856089520701513,2.4973199367523193,2.4973199367523193,5113542,0.0,0.0
2021-05-05 00:00:00+03:00,2.4985814838490863,2.5149777749254456,2.470833266650264,2.487229347229004,3117359,0.0,0.0
2021-05-06 00:00:00+03:00,2.484707065247757,2.503626592134309,2.4632659872644767,2.473355770111084,2109128,0.0,0.0
2021-05-07 00:00:00+03:00,2.4784004409243763,2.4910134582616505,2.449391343039122,2.472094774246216,2777397,0.0,0.0
2021-05-10 00:00:00+03:00,2.472094802077144,2.501103900288984,2.449391370614454,2.478400468826294,3511046,0.0,0.0
2021-05-11 00:00:00+03:00,2.478400535454937,2.5111937502897836,2.4292110289491076,2.436779260635376,3914848,0.0,0.0
2021-05-12 00:00:00+03:00,2.4367793198970022,2.4468691029041865,2.409030890519412,2.4178597927093506,1075368,0.0,0.0
2021-05-17 00:00:00+03:00,2.4216437559772186,2.446868948646624,2.382544033747259,2.398940324783325,3721263,0.0,0.0
2021-05-18 00:00:00+03:00,2.3989403375554827,2.4456080809294884,2.3875888323957186,2.411553144454956,3392781,0.0,0.0
2021-05-20 00:00:00+03:00,2.4115530572099075,2.439301483982012,2.402724155848974,2.410292387008667,1915459,0.0,0.0
2021-05-21 00:00:00+03:00,2.417859572422189,2.4506527850668203,2.412814786627035,2.4393014907836914,2736202,0.0,0.0
2021-05-24 00:00:00+03:00,2.4544371645051752,2.4695717340151915,2.4102926528319526,2.416598320007324,4228966,0.0,0.0
2021-05-25 00:00:00+03:00,2.424166259385986,2.440562551169036,2.3081288101378945,2.316957712173462,4683805,0.0,0.0
2021-05-26 00:00:00+03:00,2.3257866781662586,2.345966875875617,2.276597380469186,2.320741891860962,4416139,0.0,0.0
2021-05-27 00:00:00+03:00,2.3245258153916017,2.3585796988653653,2.2892099987042664,2.303083896636963,2720018,0.0,0.0
2021-05-28 00:00:00+03:00,2.323264176297563,2.3245258990589317,2.251372080605006,2.289210081100464,2203390,0.0,0.0
2021-05-31 00:00:00+03:00,2.3018221167401696,2.3484900687499226,2.295516450283675,2.3283088207244873,2595488,0.0,0.0
2021-06-01 00:00:00+03:00,2.3283090433223044,2.3459668476666895,2.296777550561091,2.3005616664886475,2084166,0.0,0.0
2021-06-02 00:00:00+03:00,2.2879486839728767,2.3182195068878064,2.2778589008290484,2.3043456077575684,2299584,0.0,0.0
2021-06-03 00:00:00+03:00,2.3018222029839115,2.3409219253270845,2.295516536291159,2.3232641220092773,2675554,0.0,0.0
2021-06-04 00:00:00+03:00,2.323264192582438,2.3333548172797474,2.2879485848740506,2.2967774868011475,2091355,0.0,0.0
2021-06-07 00:00:00+03:00,2.2967774633668427,2.3169576600674304,2.2778587789259706,2.3056063652038574,1765204,0.0,0.0
2021-06-08 00:00:00+03:00,2.311913029055312,2.3434445227340306,2.301822403784264,2.333354949951172,2468123,0.0,0.0
2021-06-09 00:00:00+03:00,2.3333549532027678,2.3951572702925654,2.3333549532027678,2.3623640537261963,4355029,0.0,0.0
2021-06-10 00:00:00+03:00,2.3522731087537787,2.3711926339090175,2.3245257348450865,2.3371376991271973,2752603,0.0,0.0
2021-06-11 00:00:00+03:00,2.3396612149132574,2.4140757006239317,2.3396612149132574,2.3699309825897217,6779367,0.0,0.0
2021-06-14 00:00:00+03:00,2.3800216593093735,2.440562458983499,2.354795624453086,2.381282329559326,4646957,0.0,0.0
2021-06-15 00:00:00+03:00,2.3812823341638425,2.3913729586234895,2.332093039582312,2.3901114463806152,3728333,0.0,0.0
2021-06-16 00:00:00+03:00,2.3838058102965842,2.3989403789461234,2.3648862838745117,2.3648862838745117,1652875,0.0,0.0
2021-06-17 00:00:00+03:00,2.353535031258632,2.3611022104704085,2.3068681282323342,2.3182194232940674,2181396,0.0,0.0
2021-06-18 00:00:00+03:00,2.3220035461748907,2.3396613502106396,2.2866877276057647,2.2879486083984375,1591947,0.0,0.0
2021-06-21 00:00:00+03:00,2.2904709025362986,2.2980391339322073,2.2198396894443255,2.294255018234253,2295118,0.0,0.0
2021-06-22 00:00:00+03:00,2.308128873609548,2.3333549101123756,2.2929934622054864,2.320741891860962,1803473,0.0,0.0
2021-06-23 00:00:00+03:00,2.334615445613134,2.3711927754345075,2.3106511333147326,2.343444347381592,2901038,0.0,0.0
2021-06-24 00:00:00+03:00,2.3459668042871837,2.3838058578867454,2.3459668042871837,2.347228527069092,1638602,0.0,0.0
2021-06-25 00:00:00+03:00,2.3547957180013093,2.3699311290187413,2.342183752560237,2.3459668159484863,1337196,0.0,0.0
2021-06-28 00:00:00+03:00,2.356057488523184,2.3686705067079408,2.2374976435580693,2.2400200366973877,4437895,0.0,0.0
2021-06-29 00:00:00+03:00,2.2501104753696723,2.2538943805116842,2.168127758437954,2.205965757369995,2828735,0.0,0.0
2021-06-30 00:00:00+03:00,2.2097499360125,2.2236236237692535,2.175694999261056,2.195875406265259,3804787,0.0,0.0
2021-07-01 00:00:00+03:00,2.2072274272384766,2.2185787213975328,2.190830294851354,2.1946144104003906,1685362,0.0,0.0
2021-07-02 00:00:00+03:00,2.199659173293368,2.2274075995513343,2.1845237637424813,2.2034432888031006,3018295,0.0,0.0
2021-07-05 00:00:00+03:00,2.203443489054379,2.258939504623413,2.203443489054379,2.258939504623413,2073750,0.0,0.0
2021-07-06 00:00:00+03:00,2.2602009773254395,2.272813152967426,2.246326447432084,2.2602009773254395,1714132,0.0,0.0
2021-07-07 00:00:00+03:00,2.26776819011576,2.26776819011576,2.2463262723097626,2.250110387802124,1346765,0.0,0.0
2021-07-08 00:00:00+03:00,2.2374976674544094,2.295516709733397,2.2261463719621637,2.2311911582946777,3778761,0.0,0.0
2021-07-09 00:00:00+03:00,2.2337143329448623,2.241281512238655,2.1744344114349676,2.1820015907287598,2832081,0.0,0.0
2021-07-12 00:00:00+03:00,2.1794791522883843,2.189569776958329,2.1340729200058264,2.1403794288635254,2027473,0.0,0.0
2021-07-13 00:00:00+03:00,2.1479476793674483,2.1479476793674483,2.100019053618166,2.102541446685791,1481907,0.0,0.0
2021-07-14 00:00:00+03:00,2.1050637813946285,2.1302898163478075,2.1050637813946285,2.1214609146118164,1807113,0.0,0.0
2021-07-16 00:00:00+03:00,2.1176767756760886,2.146685873564019,2.1176767756760886,2.1302897930145264,1726466,0.0,0.0
2021-07-19 00:00:00+03:00,2.1315505504608154,2.137857059388044,2.122721648460323,2.1315505504608154,753361,0.0,0.0
2021-07-26 00:00:00+03:00,2.139118849903816,2.1756951293565345,2.1365964567506808,2.16434383392334,1640653,0.0,0.0
2021-07-27 00:00:00+03:00,2.1643435611988617,2.184523756369251,2.118938385187497,2.174434185028076,1503691,0.0,0.0
2021-07-28 00:00:00+03:00,2.1681278042073524,2.1946145092677263,2.1681278042073524,2.188308000564575,1230117,0.0,0.0
2021-07-29 00:00:00+03:00,2.203443387603603,2.2311909731153126,2.174434289867012,2.197136878967285,5604060,0.0,0.0
2021-07-30 00:00:00+03:00,2.197136895243564,2.2135331863266003,2.1895697163167793,2.2047042846679688,1199471,0.0,0.0
2021-08-02 00:00:00+03:00,2.207227686473511,2.238759179783991,2.205965963646294,2.2311911582946777,2032919,0.0,0.0
2021-08-03 00:00:00+03:00,2.231191134465691,2.253894567198253,2.224885467363846,2.2400200366973877,1971319,0.0,0.0
2021-08-04 00:00:00+03:00,2.229930115862851,2.263984210369444,2.229930115862851,2.2475879192352295,2334906,0.0,0.0
2021-08-05 00:00:00+03:00,2.2387590859780704,2.2866877115932374,2.2387590859780704,2.280381202697754,2224698,0.0,0.0
2021-08-06 00:00:00+03:00,2.2816420644327646,2.319480065001632,2.267768376471409,2.298039197921753,2673006,0.0,0.0
2021-08-09 00:00:00+03:00,2.299299827547623,2.3056063362789607,2.2765972381052912,2.285426139831543,1922165,0.0,0.0
2021-08-10 00:00:00+03:00,2.256416719423737,2.256416719423737,2.190830294851354,2.1946144104003906,4579246,0.0,0.0
2021-08-11 00:00:00+03:00,2.1946144913089833,2.2034433929235266,2.1038030822005487,2.107586145401001,4423622,0.0,0.0
2021-08-12 00:00:00+03:00,2.1088480312339106,2.1214610495125443,2.088667833481001,2.1050639152526855,3305064,0.0,0.0
2021-08-13 00:00:00+03:00,2.107586332434868,2.1239834668816355,2.0937126436631313,2.0962350368499756,2070320,0.0,0.0
2021-08-16 00:00:00+03:00,2.0962348048991353,2.135334526189258,2.0937124119913966,2.118938446044922,1638581,0.0,0.0
2021-08-17 00:00:00+03:00,2.1189386086502235,2.1302899038501697,2.1050638678608227,2.1227216720581055,1304226,0.0,0.0
2021-08-18 00:00:00+03:00,2.1315506141812284,2.149208418710075,2.1265058278838924,2.1353347301483154,2847194,0.0,0.0
2021-08-19 00:00:00+03:00,2.131550562441033,2.134072955528474,2.1075862493781297,2.123983383178711,1933953,0.0,0.0
2021-08-20 00:00:00+03:00,2.1239833991741754,2.2135333011469895,2.1239833991741754,2.15173077583313,8046752,0.0,0.0
2021-08-23 00:00:00+03:00,2.1693888789869846,2.175695177756563,2.1315506653742378,2.14668607711792,2493400,0.0,0.0
2021-08-24 00:00:00+03:00,2.150469949170913,2.188307947992699,2.146685833542312,2.1769566535949707,2678907,0.0,0.0
2021-08-25 00:00:00+03:00,2.171912021242072,2.184523986748595,2.1227216720581055,2.1227216720581055,2456384,0.0,0.0
2021-08-26 00:00:00+03:00,2.131550622144912,2.139118854107362,2.1050639152526855,2.1050639152526855,1419803,0.0,0.0
2021-08-27 00:00:00+03:00,2.112632174670637,2.1277675863040604,2.1038032722584887,2.125244140625,1599353,0.0,0.0
2021-08-31 00:00:00+03:00,2.134072844618063,2.1492082548442455,2.1239832727926675,2.137856960296631,1386490,0.0,0.0
2021-09-01 00:00:00+03:00,2.1416409957061044,2.1731724852107934,2.1416409957061044,2.165605306625366,1913177,0.0,0.0
2021-09-02 00:00:00+03:00,2.1693887475184197,2.200921081445955,2.1555148489666016,2.178217649459839,3744741,0.0,0.0
2021-09-03 00:00:00+03:00,2.179479139165339,2.226146251943195,2.164343728495619,2.200921058654785,3453289,0.0,0.0
2021-09-06 00:00:00+03:00,2.2173174935051474,2.2400200847340277,2.2059659873930695,2.2223622798919678,2309706,0.0,0.0
2021-09-07 00:00:00+03:00,2.22488543085803,2.2387591191407243,2.1744344114349676,2.1820015907287598,3007942,0.0,0.0
2021-09-08 00:00:00+03:00,2.188308180349567,2.1933531772289494,2.117676961052382,2.125244140625,1936242,0.0,0.0
2021-09-09 00:00:00+03:00,2.1265058278838924,2.149208418710075,2.11641520280105,2.1353347301483154,2111095,0.0,0.0
2021-09-10 00:00:00+03:00,2.1429019454492964,2.1630831959526526,2.1138928450219794,2.125244140625,1878079,0.0,0.0
2021-09-13 00:00:00+03:00,2.12902822103256,2.1416412392640707,2.11641520280105,2.1353347301483154,1214696,0.0,0.0
2021-09-14 00:00:00+03:00,2.1378571350155395,2.1681279579418242,2.1302899555280566,2.13407301902771,2849945,0.0,0.0
2021-09-15 00:00:00+03:00,2.135334741853045,2.155514939641176,2.127767562365562,2.13407301902771,2508023,0.0,0.0
2021-09-16 00:00:00+03:00,2.1353346783162666,2.1668661706414922,2.1227216603909183,2.123983383178711,2834811,0.0,0.0
2021-09-17 00:00:00+03:00,2.1290280760858606,2.136596307504781,2.0848835677691544,2.1000189781188965,3192210,0.0,0.0
2021-09-20 00:00:00+03:00,2.091190153814312,2.0937125468845625,2.036955019095441,2.0432615280151367,1830010,0.0,0.0
2021-09-21 00:00:00+03:00,2.0369550143071384,2.0533521479574293,2.012991543454392,2.0142524242401123,2235030,0.0,0.0
2021-09-22 00:00:00+03:00,2.030649183355979,2.034432456900406,1.986504677076034,2.0167746543884277,1511363,0.0,0.0
2021-09-23 00:00:00+03:00,2.03064940752015,2.03064940752015,1.9965946794207445,2.0092074871063232,1403458,0.0,0.0
2021-09-24 00:00:00+03:00,2.0029007886217896,2.0142522934156566,1.9701075759392426,1.9764140844345093,1447936,0.0,0.0
2021-09-27 00:00:00+03:00,1.9839814648055636,2.0167746773421924,1.9814590719162941,2.0079457759857178,2131409,0.0,0.0
2021-09-28 00:00:00+03:00,2.0243427095298556,2.025603590235253,1.9549721684835715,1.9612786769866943,2377466,0.0,0.0
2021-09-29 00:00:00+03:00,1.9726301494082812,1.9751525422705045,1.9524497435248347,1.9562338590621948,2433823,0.0,0.0
2021-09-30 00:00:00+03:00,1.9600181819950355,2.026865283625423,1.9587564591863917,1.9953337907791138,3155978,0.0,0.0
2021-10-01 00:00:00+03:00,1.9953336627942095,2.0092073503585923,1.9738917438397312,1.9877654314041138,1273517,0.0,0.0
2021-10-04 00:00:00+03:00,2.009207526764364,2.045784017231831,1.994072115143398,2.021820545196533,3633784,0.0,0.0
2021-10-05 00:00:00+03:00,2.023081232473327,2.028126018368228,1.9852430227877795,1.9902880191802979,1786827,0.0,0.0
2021-10-06 00:00:00+03:00,1.990288008058083,1.9965945166355101,1.94488261978392,1.9524497985839844,1589693,0.0,0.0
2021-10-07 00:00:00+03:00,1.9650628334863838,1.9852430296235608,1.9650628334863838,1.9738917350769043,917133,0.0,0.0
2021-10-08 00:00:00+03:00,1.980198213954619,2.040739011954014,1.9701075897936187,1.9991168975830078,2286256,0.0,0.0
2021-10-11 00:00:00+03:00,2.0192971473830807,2.049567968187002,2.010468245689279,2.0243427753448486,2172373,0.0,0.0
2021-10-12 00:00:00+03:00,2.0180363582268765,2.055874570202665,2.009207456132368,2.048307180404663,2292395,0.0,0.0
2021-10-13 00:00:00+03:00,2.0508295809052792,2.065964992048789,2.0079459510816062,2.018036365509033,1322678,0.0,0.0
2021-10-14 00:00:00+03:00,2.010468407612306,2.0432616240430344,2.010468407612306,2.021820545196533,1580215,0.0,0.0
2021-10-15 00:00:00+03:00,2.025603678510905,2.036954973315988,1.9814591695532984,2.0016393661499023,1343699,0.0,0.0
2021-10-18 00:00:00+03:00,1.9915496069720475,1.9978561158240244,1.9751526839569071,1.9928104877471924,956445,0.0,0.0
2021-10-19 00:00:00+03:00,1.9902880652293766,2.0432614758157364,1.9902880652293766,2.0319101810455322,1583260,0.0,0.0
2021-10-20 00:00:00+03:00,2.036954879760742,2.063441583918799,2.014252291193283,2.036954879760742,2075374,0.0,0.0
2021-10-21 00:00:00+03:00,2.036954979662409,2.044523000717163,2.0142523899815106,2.044523000717163,1288861,0.0,0.0
2021-10-22 00:00:00+03:00,2.0445230217757424,2.093712527918003,2.0420006287283416,2.081099510192871,2864127,0.0,0.0
2021-10-25 00:00:00+03:00,2.0785770766740876,2.1000189958916966,2.048307097708903,2.062180995941162,1658825,0.0,0.0
2021-10-26 00:00:00+03:00,2.0684873862413617,2.1075862686847042,2.060919364919197,2.0861454010009766,2007726,0.0,0.0
2021-10-27 00:00:00+03:00,2.1038031931553514,2.112632095235532,2.0810995503147804,2.093712568283081,1478134,0.0,0.0
2021-10-28 00:00:00+03:00,2.0520904376945373,2.0684873609471865,2.0256037316254494,2.026865243911743,2865849,0.0,0.0
2021-11-01 00:00:00+03:00,2.030649333770974,2.101280759548333,2.028126098733071,2.081099510192871,3386089,0.0,0.0
2021-11-02 00:00:00+03:00,2.0823613411431494,2.0937126366902374,2.0356942256238466,2.0382168292999268,1560153,0.0,0.0
2021-11-03 00:00:00+03:00,2.0407389422717936,2.053351958920347,1.9865046546638763,2.0256035327911377,1852711,0.0,0.0
2021-11-04 00:00:00+03:00,2.030649391923205,2.064703488268149,2.030649391923205,2.0558745861053467,1723841,0.0,0.0
2021-11-05 00:00:00+03:00,2.0546127770244658,2.086145320916191,2.04704559798332,2.074793815612793,1627493,0.0,0.0
2021-11-08 00:00:00+03:00,2.072270534281052,2.096234846107773,2.072270534281052,2.092451572418213,1505287,0.0,0.0
2021-11-09 00:00:00+03:00,2.093712539893527,2.111370343814458,2.058396932051663,2.0735323429107666,1421385,0.0,0.0
2021-11-10 00:00:00+03:00,2.072270683831382,2.087406095155704,2.0647035044133037,2.0773165225982666,1476244,0.0,0.0
2021-11-11 00:00:00+03:00,2.074793821950439,2.100019015150381,2.0407390954385978,2.044523000717163,2469026,0.0,0.0
2021-11-12 00:00:00+03:00,2.0495679679899603,2.087405967747173,2.0495679679899603,2.083622694015503,1341151,0.0,0.0
2021-11-15 00:00:00+03:00,2.1025413768316406,2.1403793765651695,2.0937124751442138,2.129028081893921,2483810,0.0,0.0
2021-11-16 00:00:00+03:00,2.1315506498462757,2.1656055891435253,2.112632174670637,2.125244140625,4550595,0.0,0.0
2021-11-17 00:00:00+03:00,2.1328121976137044,2.147947608004736,2.120199180206494,2.129028081893921,2317924,0.0,0.0
2021-11-18 00:00:00+03:00,2.1391187063173094,2.156776509692163,2.0937124751442138,2.129028081893921,3324167,0.0,0.0
2021-11-19 00:00:00+03:00,2.118938560186068,2.2034434633436617,2.118938560186068,2.1996593475341797,3868746,0.0,0.0
2021-11-22 00:00:00+03:00,2.21731748858921,2.3081289057915853,2.21731748858921,2.2955167293548584,8229067,0.0,0.0
2021-11-23 00:00:00+03:00,2.3106511340244467,2.333354776070391,2.231191018083919,2.2841644287109375,6905906,0.0,0.0
2021-11-24 00:00:00+03:00,2.2955164206117624,2.330832235965305,2.2904707929242063,2.308128595352173,3484579,0.0,0.0
2021-11-25 00:00:00+03:00,2.328308860462211,2.332092976092572,2.265245669394992,2.281641960144043,1741789,0.0,0.0
2021-11-26 00:00:00+03:00,2.277858820905831,2.3560574266204095,2.2463264867700494,2.258939504623413,6320552,0.0,0.0
2021-11-29 00:00:00+03:00,2.271552398148734,2.432995243838702,2.271552398148734,2.416598320007324,11823609,0.0,0.0
2021-11-30 00:00:00+03:00,2.459481903297107,2.580564350970328,2.421643901521265,2.522545099258423,13951427,0.0,0.0
2021-12-01 00:00:00+03:00,2.535158161743942,2.54777118005283,2.4670493363593917,2.4758782386779785,5708843,0.0,0.0
2021-12-02 00:00:00+03:00,2.4758780702047183,2.491013480647847,2.443084856325957,2.4493913650512695,4074609,0.0,0.0
2021-12-03 00:00:00+03:00,2.459481855488988,2.4922750703874494,2.430472756441002,2.4657883644104004,4152869,0.0,0.0
2021-12-06 00:00:00+03:00,2.468310617648186,2.477139519140367,2.4405624009612015,2.459481716156006,4315913,0.0,0.0
2021-12-07 00:00:00+03:00,2.4922749635402353,2.4922749635402353,2.4683106516615063,2.4884910583496094,3986395,0.0,0.0
2021-12-08 00:00:00+03:00,2.5061488732704094,2.525068188814195,2.4544369755739046,2.487229347229004,7895230,0.0,0.0
2021-12-09 00:00:00+03:00,2.5011039113767795,2.5906538099051426,2.5011039113767795,2.5301132202148438,11076709,0.0,0.0
2021-12-10 00:00:00+03:00,2.5502935149649675,2.7167811428867945,2.5212844155076706,2.6713757514953613,16209403,0.0,0.0
2021-12-13 00:00:00+03:00,2.671375558991729,2.812638193180514,2.6663307731422092,2.6991231441497803,9034634,0.0,0.0
2021-12-14 00:00:00+03:00,2.721826675703094,2.7722779040276557,2.661285243813145,2.706691265106201,5770751,0.0,0.0
2021-12-15 00:00:00+03:00,2.726871738968968,2.7319165251286828,2.651195526123047,2.651195526123047,5302661,0.0,0.0
2021-12-16 00:00:00+03:00,2.658762940534208,2.7344389435847924,2.65119555072678,2.7167811393737793,5853176,0.0,0.0
2021-12-17 00:00:00+03:00,2.7319163607007706,2.800025179710173,2.4468689095253415,2.459481716156006,10575047,0.0,0.0
2021-12-20 00:00:00+03:00,2.412814985810375,2.503626610557791,2.2576778111658458,2.3674087524414062,8070979,0.0,0.0
2021-12-21 00:00:00+03:00,2.4607427008425784,2.49732003106479,2.270290765106298,2.289210081100464,4845911,0.0,0.0
2021-12-22 00:00:00+03:00,2.2765973927518384,2.308128886062318,2.1441636473643735,2.2311911582946777,2759316,0.0,0.0
2021-12-23 00:00:00+03:00,2.257677607257976,2.2690297434434052,2.1454251250054983,2.223623514175415,1614445,0.0,0.0
2021-12-24 00:00:00+03:00,2.270290735433903,2.270290735433903,2.1567765249335213,2.255155324935913,2574908,0.0,0.0
2021-12-27 00:00:00+03:00,2.2589394417264117,2.29803916449028,2.2450655434692663,2.2690298557281494,3071859,0.0,0.0
2021-12-28 00:00:00+03:00,2.2765973157296724,2.2829038246760414,2.1933530816186315,2.228668689727783,2055697,0.0,0.0
2021-12-29 00:00:00+03:00,2.2185787056475537,2.240019781632033,2.190830279298365,2.232452392578125,1827014,0.0,0.0
2021-12-30 00:00:00+03:00,2.2576777967121506,2.2576777967121506,2.1946146015086394,2.2122724056243896,1455279,0.0,0.0
2021-12-31 00:00:00+03:00,2.2047042451583754,2.238758970441252,2.1883079543691704,2.205965757369995,1201354,0.0,0.0
2022-01-03 00:00:00+03:00,2.1971370108267405,2.2450656373486853,2.1971370108267405,2.2337143421173096,2182971,0.0,0.0
2022-01-04 00:00:00+03:00,2.2387590117678173,2.2929933024902063,2.236236618790863,2.2778587341308594,3253642,0.0,0.0
2022-01-05 00:00:00+03:00,2.275335555589933,2.3182193947259404,2.2665066537075926,2.298039197921753,2327955,0.0,0.0
2022-01-06 00:00:00+03:00,2.2854260228573575,2.311912726680453,2.267768220308627,2.2702906131744385,2366364,0.0,0.0
2022-01-07 00:00:00+03:00,2.2702907884649806,2.289210104653804,2.2488488687179635,2.280381202697754,2120832,0.0,0.0
2022-01-10 00:00:00+03:00,2.280381198254906,2.454437054473856,2.280381198254906,2.385066509246826,11242784,0.0,0.0
2022-01-11 00:00:00+03:00,2.3863281680234456,2.4481304799380057,2.3484901682271175,2.381282329559326,4224598,0.0,0.0
2022-01-12 00:00:00+03:00,2.3901113952738307,2.4153372191418816,2.366147925612146,2.392634630203247,3043866,0.0,0.0
2022-01-13 00:00:00+03:00,2.392634688512547,2.4115531622597643,2.369931046532535,2.3737151622772217,1586529,0.0,0.0
2022-01-14 00:00:00+03:00,2.3711928566553837,2.3863282677037634,2.3611022317937485,2.3686704635620117,1388016,0.0,0.0
2022-01-17 00:00:00+03:00,2.3686703083061613,2.459481716156006,2.3686703083061613,2.459481716156006,4549741,0.0,0.0
2022-01-18 00:00:00+03:00,2.467049374031414,2.51623951469431,2.3686705661890928,2.3913731575012207,4549181,0.0,0.0
2022-01-19 00:00:00+03:00,2.358579836046333,2.4329951684137336,2.358579836046333,2.427950382232666,3068268,0.0,0.0
2022-01-20 00:00:00+03:00,2.4191215394039904,2.4418241302628134,2.3648864029210563,2.4090309143066406,2376332,0.0,0.0
2022-01-21 00:00:00+03:00,2.398940273700841,2.410292410051296,2.37245335886721,2.401463508605957,1300033,0.0,0.0
2022-01-24 00:00:00+03:00,2.40146370283776,2.489752724432018,2.3535350761185465,2.3598415851593018,4619265,0.0,0.0
2022-01-25 00:00:00+03:00,2.385066641683798,2.405246839737705,2.2955167365414337,2.333354949951172,2695959,0.0,0.0
2022-01-26 00:00:00+03:00,2.3346153291714287,2.382543951377735,2.3194799193963815,2.3283088207244873,1922711,0.0,0.0
2022-01-27 00:00:00+03:00,2.3093904401155196,2.3573190642362354,2.296777422717837,2.3522732257843018,989618,0.0,0.0
2022-01-28 00:00:00+03:00,2.3358772439100837,2.3699311293377807,2.330832457732976,2.3396613597869873,1074878,0.0,0.0
2022-01-31 00:00:00+03:00,2.3472286420426265,2.390111641903553,2.3472286420426265,2.3623640537261963,1356978,0.0,0.0
2022-02-01 00:00:00+03:00,2.363624606030107,2.4405625414584353,2.340922015882733,2.406508445739746,3724161,0.0,0.0
2022-02-02 00:00:00+03:00,2.4128148324251364,2.427950242585952,2.377499226212596,2.4216437339782715,3540138,0.0,0.0
2022-02-03 00:00:00+03:00,2.426688560807782,2.459481774628094,2.352273231465078,2.381282329559326,2946867,0.0,0.0
2022-02-04 00:00:00+03:00,2.3648862258427297,2.3951570463799845,2.337137798268897,2.383805751800537,1872437,0.0,0.0
2022-02-07 00:00:00+03:00,2.383805930295523,2.412815030279168,2.352273384671412,2.4090309143066406,2117199,0.0,0.0
2022-02-08 00:00:00+03:00,2.395157110409023,2.421643815965159,2.3724534681551055,2.393895387649536,1409779,0.0,0.0
2022-02-09 00:00:00+03:00,2.393895358229869,2.4582202739321457,2.393895358229869,2.432995080947876,1884127,0.0,0.0
2022-02-10 00:00:00+03:00,2.4342560486481664,2.4481305788774743,2.393895443735064,2.4140758514404297,2500043,0.0,0.0
2022-02-11 00:00:00+03:00,2.3964177166176492,2.4216437512280593,2.3522732085375244,2.383805751800537,2232902,0.0,0.0
2022-02-14 00:00:00+03:00,2.3585799517657535,2.3711929703254024,2.2866878509521484,2.2866878509521484,2143155,0.0,0.0
2022-02-15 00:00:00+03:00,2.290470960998266,2.3144352735501497,2.2702907642409222,2.2753355503082275,3178679,0.0,0.0
2022-02-16 00:00:00+03:00,2.2904709847054403,2.291732707479387,2.2084882635690044,2.2665066719055176,2698591,0.0,0.0
2022-02-17 00:00:00+03:00,2.2677683496738776,2.279119644461591,2.237497528581235,2.2387590408325195,1584450,0.0,0.0
2022-02-18 00:00:00+03:00,2.2463264303592467,2.2576777251469595,2.2236236302861982,2.2387590408325195,943859,0.0,0.0
2022-02-21 00:00:00+03:00,2.255155468557243,2.2602010968723585,2.2135333501590617,2.2160565853118896,1413321,0.0,0.0
2022-02-22 00:00:00+03:00,2.183263388947211,2.192092291339056,2.1113704469758203,2.1845240592956543,1292480,0.0,0.0
2022-02-23 00:00:00+03:00,2.2147947751260477,2.2299301859909453,2.1870465569566737,2.2211012840270996,825041,0.0,0.0
2022-02-24 00:00:00+03:00,2.156776453609185,2.3333546932637512,1.9991168975830078,1.9991168975830078,17992422,0.0,0.0
2022-02-25 00:00:00+03:00,2.0810994245499743,2.1983985900878906,2.018036232998167,2.1983985900878906,5716760,0.0,0.0
2022-02-28 00:00:00+03:00,2.1870465205073653,2.2892100685231047,2.15047003247661,2.276597261428833,3510794,0.0,0.0
2022-03-01 00:00:00+03:00,2.2765972489884425,2.3585797579115355,2.2765972489884425,2.343444347381592,2260615,0.0,0.0
2022-03-02 00:00:00+03:00,2.409030859208454,2.4872294655913865,2.3611022329465428,2.443084955215454,6457073,0.0,0.0
2022-03-03 00:00:00+03:00,2.4935358046893454,2.5099327269217517,2.4405623958472633,2.4897525310516357,3608367,0.0,0.0
2022-03-04 00:00:00+03:00,2.5036264689452192,2.5856089764434316,2.4720947676763094,2.5477709770202637,5129110,0.0,0.0
2022-03-07 00:00:00+03:00,2.5654287857670695,2.800025224685669,2.5654287857670695,2.800025224685669,16546866,0.0,0.0
2022-03-08 00:00:00+03:00,2.817683149115434,2.9034497761748344,2.6789431099741807,2.696600914001465,16021236,0.0,0.0
2022-03-09 00:00:00+03:00,2.711736344283221,2.744529559494546,2.6486731489460915,2.6587629318237305,8451345,0.0,0.0
2022-03-10 00:00:00+03:00,2.6511955045053024,2.6663309153491754,2.5982220927958126,2.6007444858551025,3260537,0.0,0.0
2022-03-11 00:00:00+03:00,2.6007443423626406,2.7117361562740077,2.590653718194084,2.683988571166992,4145953,0.0,0.0
2022-03-14 00:00:00+03:00,2.6511956495564775,2.671375847623022,2.613357646620683,2.6360602378845215,2506658,0.0,0.0
2022-03-15 00:00:00+03:00,2.620924751203939,2.704168986773223,2.620924751203939,2.633537769317627,3766980,0.0,0.0
2022-03-16 00:00:00+03:00,2.6562403122827623,2.676420719907392,2.6007445070614716,2.651195526123047,3869621,0.0,0.0
2022-03-17 00:00:00+03:00,2.6612851925048333,2.802547618701542,2.6562401960682163,2.754619836807251,8892737,0.0,0.0
2022-03-18 00:00:00+03:00,2.744529589054041,2.7874123771072368,2.686511179282039,2.7672321796417236,4791108,0.0,0.0
2022-03-21 00:00:00+03:00,2.76723205732807,2.8504762891209965,2.76723205732807,2.782367467880249,3574179,0.0,0.0
2022-03-22 00:00:00+03:00,2.800025224685669,2.8252512593474233,2.7874122073547922,2.800025224685669,3085215,0.0,0.0
2022-03-23 00:00:00+03:00,2.8126382766993707,2.878224704642968,2.779845062727572,2.842909097671509,6137089,0.0,0.0
2022-03-24 00:00:00+03:00,2.842909062615413,2.8706564377576287,2.7722778495434537,2.800025224685669,2899407,0.0,0.0
2022-03-25 00:00:00+03:00,2.8126383792226006,2.8984050067778586,2.749574341979922,2.8656117916107178,5247018,0.0,0.0
2022-03-28 00:00:00+03:00,2.8731789958473857,3.011919026831612,2.8731789958473857,2.9816482067108154,5558784,0.0,0.0
2022-03-29 00:00:00+03:00,2.9942613195040684,2.9942613195040684,2.845431501552486,2.9009273052215576,4959990,0.0,0.0
2022-03-30 00:00:00+03:00,2.911017299567734,2.9488561444272685,2.868134299815431,2.8807473182678223,2684164,0.0,0.0
2022-03-31 00:00:00+03:00,2.8958824491665345,2.8984048421148367,2.8429090397879215,2.868134021759033,1566859,0.0,0.0
2022-04-01 00:00:00+03:00,2.86813400876223,2.8782246329978016,2.840385791978086,2.8555212020874023,1506190,0.0,0.0
2022-04-04 00:00:00+03:00,2.8630893230438232,2.890836909305772,2.855521301977999,2.8630893230438232,2607990,0.0,0.0
2022-04-05 00:00:00+03:00,2.863089486064239,2.921107896907231,2.8126384652250773,2.860567092895508,2789472,0.0,0.0
2022-04-06 00:00:00+03:00,2.8605669120964348,2.931198126309456,2.847953894561792,2.9009273052215576,4285421,0.0,0.0
2022-04-07 00:00:00+03:00,2.9135403100112427,2.931198113487256,2.883269489055761,2.8883144855499268,1846614,0.0,0.0
2022-04-08 00:00:00+03:00,2.8958825945636097,2.938765592311622,2.8832695767007337,2.903449773788452,3595676,0.0,0.0
2022-04-11 00:00:00+03:00,2.9084947170359507,2.9816483248188805,2.9084947170359507,2.951378345489502,5035303,0.0,0.0
2022-04-12 00:00:00+03:00,2.951378319717538,3.077505547962446,2.9286748881794464,3.064892530441284,6748693,0.0,0.0
2022-04-13 00:00:00+03:00,3.077505768223186,3.1582267706620755,2.9665139425622327,3.014441728591919,10072755,0.0,0.0
2022-04-14 00:00:00+03:00,3.029577006870415,3.1153436338995224,3.0068744166971086,3.105253219604492,4922358,0.0,0.0
2022-04-15 00:00:00+03:00,3.105253315122055,3.1355241379430208,3.057325529727426,3.0699377059936523,2447536,0.0,0.0
2022-04-18 00:00:00+03:00,3.092640814723239,3.1657946289643135,3.0775054048990635,3.148136615753174,3807139,0.0,0.0
2022-04-19 00:00:00+03:00,3.1481368231369484,3.1758844097333716,3.080028000685516,3.1733620166778564,3426535,0.0,0.0
2022-04-20 00:00:00+03:00,3.201110416392431,3.201110416392431,3.1254342049593875,3.153181791305542,2199435,0.0,0.0
2022-04-21 00:00:00+03:00,3.1531818197456047,3.185975034443563,3.1531818197456047,3.1733620166778564,2692683,0.0,0.0
2022-04-22 00:00:00+03:00,3.1657949089845188,3.2414709123110104,3.1128212856607123,3.160749912261963,4331838,0.0,0.0
2022-04-25 00:00:00+03:00,3.168317258782248,3.251561492796233,3.0421900269687243,3.193542242050171,3780042,0.0,0.0
2022-04-26 00:00:00+03:00,3.2439930775548307,3.2439930775548307,3.143091887205557,3.1683170795440674,3309446,0.0,0.0
2022-04-27 00:00:00+03:00,3.1657947908120927,3.1960654015103827,3.1128211694656795,3.1910197734832764,1983772,0.0,0.0
2022-04-28 00:00:00+03:00,3.216245772820552,3.3675979826357723,3.216245772820552,3.3196702003479004,5946675,0.0,0.0
2022-04-29 00:00:00+03:00,3.326290268512669,3.366014880889441,3.244192662602979,3.3130483627319336,2880101,0.178571,0.0
2022-05-05 00:00:00+03:00,3.3713111020886113,3.559342622756958,3.283917178422452,3.559342622756958,7390292,0.0,0.0
2022-05-06 00:00:00+03:00,3.757966180569884,3.8082845378852985,3.6414402841820284,3.787097930908203,14021322,0.0,0.0
2022-05-09 00:00:00+03:00,3.800339923138795,3.8797891486312324,3.641440367188473,3.6811649799346924,6077554,0.0,0.0
2022-05-10 00:00:00+03:00,3.702351520685501,3.7129450452177366,3.601715689546284,3.6467366218566895,856422,0.0,0.0
2022-05-11 00:00:00+03:00,3.5911219092175877,3.691758623353824,3.5328590718065422,3.596419334411621,5627279,0.0,0.0
2022-05-12 00:00:00+03:00,3.596419392833217,3.6705722971001,3.506376201663853,3.6070120334625244,4401341,0.0,0.0
2022-05-13 00:00:00+03:00,3.6096601157671513,3.6811648583345025,3.5090242861389815,3.5540454387664795,6373101,0.0,0.0
2022-05-16 00:00:00+03:00,3.5752319809147353,3.7420760192145326,3.535507367743182,3.5831775665283203,11468471,0.0,0.0
2022-05-17 00:00:00+03:00,3.601715810693343,3.6202540372621357,3.52756268342508,3.561990976333618,4026820,0.0,0.0
2022-05-18 00:00:00+03:00,3.5646391639204302,3.689110422682462,3.5381553531376646,3.559342622756958,6167840,0.0,0.0
2022-05-20 00:00:00+03:00,3.5593427503479886,3.7049997369990852,3.5116725522094288,3.5275626182556152,6487824,0.0,0.0
2022-05-23 00:00:00+03:00,3.530210923851865,3.5566936300515897,3.3924986416824603,3.3977949619293213,4208225,0.0,0.0
2022-05-24 00:00:00+03:00,3.4136850276353234,3.4242776681290454,3.371311150764178,3.3977949619293213,2091607,0.0,0.0
2022-05-25 00:00:00+03:00,3.4057393861527188,3.4163331314372116,3.3368836881893364,3.3819048404693604,3763767,0.0,0.0
2022-05-26 00:00:00+03:00,3.4030913723876783,3.4189814385149053,3.371311240133224,3.392498731613159,2276743,0.0,0.0
2022-05-27 00:00:00+03:00,3.4083877132420786,3.4851898841457762,3.397795072403951,3.429575204849243,3358922,0.0,0.0
2022-05-30 00:00:00+03:00,3.442815957468774,3.5169690831475062,3.4322233167796474,3.5090243816375732,2315327,0.0,0.0
2022-05-31 00:00:00+03:00,3.522266191605449,3.628198341434042,3.522266191605449,3.5540454387664795,3602158,0.0,0.0
2022-06-01 00:00:00+03:00,3.5725836941772613,3.6599785030389054,3.5328590824125374,3.614957571029663,5669216,0.0,0.0
2022-06-02 00:00:00+03:00,3.6149576082707453,3.6679232421854975,3.5778809352532353,3.5884737968444824,3982118,0.0,0.0
2022-06-03 00:00:00+03:00,3.583177606267084,3.6599786732459,3.554045633636617,3.6573305130004883,4926572,0.0,0.0
2022-06-06 00:00:00+03:00,3.6679232114137714,3.8268227637419856,3.6679232114137714,3.787097930908203,5388264,0.0,0.0
2022-06-07 00:00:00+03:00,3.816229198273771,3.9724805887965102,3.7606140793148515,3.9248101711273193,11159330,0.0,0.0
2022-06-08 00:00:00+03:00,3.92216227414583,3.9592387258592048,3.779152345560811,3.787097930908203,7530768,0.0,0.0
2022-06-09 00:00:00+03:00,3.805636267839595,3.8771412342191125,3.686461544866823,3.818878173828125,4782008,0.0,0.0
2022-06-10 00:00:00+03:00,3.816229350644238,3.8930310794191674,3.781801721032604,3.818878173828125,3555447,0.0,0.0
2022-06-13 00:00:00+03:00,3.8215265652676416,3.9009757914808407,3.7235377866484516,3.7950427532196045,3930199,0.0,0.0
2022-06-14 00:00:00+03:00,3.853305712660391,3.866547618336957,3.795042653642013,3.824174404144287,3002132,0.0,0.0
2022-06-15 00:00:00+03:00,3.795042593736063,3.832119045072843,3.7553177613057755,3.7712080478668213,2464826,0.0,0.0
2022-06-16 00:00:00+03:00,3.7765043956425304,3.8109324661371855,3.67586856527141,3.768559694290161,4232998,0.0,0.0
2022-06-17 00:00:00+03:00,3.7765044648595434,3.78180166916849,3.7076487645943903,3.726186990737915,1801793,0.0,0.0
2022-06-20 00:00:00+03:00,3.7261868843633033,3.7976909637485545,3.7208896802055804,3.7526698112487793,2193429,0.0,0.0
2022-06-21 00:00:00+03:00,3.7500214791948285,3.8241743826215777,3.7182413477361016,3.787097930908203,3754737,0.0,0.0
2022-06-22 00:00:00+03:00,3.8268227024290873,3.8268227024290873,3.7076486478233006,3.7341315746307373,2423659,0.0,0.0
2022-06-23 00:00:00+03:00,3.7473736189034055,3.7870980105868006,3.7182414259659917,3.763263463973999,2376276,0.0,0.0
2022-06-24 00:00:00+03:00,3.7765045493171807,3.903624195989545,3.7500216210834103,3.8903822898864746,4207147,0.0,0.0
2022-06-27 00:00:00+03:00,3.8135809898376465,3.8135809898376465,3.8135809898376465,3.8135809898376465,17206,0.0,0.0
2022-06-28 00:00:00+03:00,3.932755730856089,4.025446858542222,3.911569124244093,3.969832181930542,5993876,0.0,0.0
2022-06-29 00:00:00+03:00,3.9830732291920397,4.141973000806743,3.9248101711273193,3.9248101711273193,7080913,0.0,0.0
2022-06-30 00:00:00+03:00,3.9221623674223607,3.9512941184534887,3.771208175858475,3.781801700592041,3135811,0.0,0.0
2022-07-01 00:00:00+03:00,3.8374162772656386,3.8374162772656386,3.75796616983878,3.768559694290161,1767528,0.0,0.0
2022-07-04 00:00:00+03:00,3.80033988861566,3.914217626437538,3.74472521028308,3.765911817550659,3119207,0.0,0.0
2022-07-05 00:00:00+03:00,3.7765044381092303,3.800339868392867,3.5884737968444824,3.5884737968444824,2311260,0.0,0.0
2022-07-06 00:00:00+03:00,3.604363813237161,3.6997031021392273,3.569935521834806,3.67322039604187,1895488,0.0,0.0
2022-07-07 00:00:00+03:00,3.681164993404654,3.7579662799835205,3.665274927254933,3.7579662799835205,1143709,0.0,0.0
2022-07-08 00:00:00+03:00,3.75796626966166,3.7897464018738125,3.7129451155058932,3.7394280433654785,695800,0.0,0.0
2022-07-13 00:00:00+03:00,3.7818016106535555,3.8506573098533203,3.7659117659172763,3.787097930908203,1409037,0.0,0.0
2022-07-14 00:00:00+03:00,3.7870980444110365,3.916866071283284,3.7870980444110365,3.877141237258911,2602306,0.0,0.0
2022-07-18 00:00:00+03:00,3.903624116669765,3.980424960576091,3.866547664306914,3.956590414047241,2750797,0.0,0.0
2022-07-19 00:00:00+03:00,3.9565905921010662,4.0757646560668945,3.930107663213636,4.0757646560668945,3193260,0.0,0.0
2022-07-20 00:00:00+03:00,4.078413903474722,4.314113649088777,4.038688184358862,4.197587966918945,5936938,0.0,0.0
2022-07-21 00:00:00+03:00,4.194939503103541,4.226719635784719,4.118138215602155,4.163159370422363,2286179,0.0,0.0
2022-07-22 00:00:00+03:00,4.155214813986029,4.234664035049698,4.136676146753993,4.152566432952881,2107308,0.0,0.0
2022-07-25 00:00:00+03:00,4.173753220279837,4.232015837591776,4.110192956699494,4.213477611541748,2488549,0.0,0.0
2022-07-26 00:00:00+03:00,4.157862881419472,4.377673652110373,4.157862881419472,4.332651615142822,2997330,0.0,0.0
2022-07-27 00:00:00+03:00,4.351189978534307,4.55511091096927,4.3326517521298715,4.5180344581604,3902101,0.0,0.0
2022-07-28 00:00:00+03:00,4.541869778137267,4.597484455993702,4.435936742706315,4.528627872467041,3051755,0.0,0.0
2022-07-29 00:00:00+03:00,4.544517855961021,4.59748459628586,4.4836059719916,4.51538610458374,1723001,0.0,0.0
2022-08-01 00:00:00+03:00,4.51803417350924,4.5418696027954635,4.449178476613138,4.499495506286621,2071608,0.0,0.0
2022-08-02 00:00:00+03:00,4.499495573921692,4.544517610152941,4.446529278447926,4.457122802734375,2189327,0.0,0.0
2022-08-03 00:00:00+03:00,4.457122928630817,4.565704345703125,4.451826608324152,4.565704345703125,2081408,0.0,0.0
2022-08-04 00:00:00+03:00,4.565704456238628,4.645153682623792,4.53392432369838,4.555110931396484,2029636,0.0,0.0
2022-08-05 00:00:00+03:00,4.573649295578672,4.676933955968155,4.573649295578672,4.584242820739746,1948541,0.0,0.0
2022-08-08 00:00:00+03:00,4.64780182002886,4.674285630744984,4.435936638133797,4.457122802734375,3172043,0.0,0.0
2022-08-09 00:00:00+03:00,4.467717115903495,4.819943428039551,4.3988605286536755,4.819943428039551,4874807,0.0,0.0
2022-08-10 00:00:00+03:00,4.700768248281103,4.700768248281103,4.435936763431811,4.565704345703125,10467926,0.0,0.0
2022-08-11 00:00:00+03:00,4.600132465517717,4.600132465517717,4.473013263041985,4.486255168914795,3640217,0.0,0.0
2022-08-12 00:00:00+03:00,4.502143932375023,4.568352574860386,4.404156485134607,4.420046329498291,2488752,0.0,0.0
2022-08-15 00:00:00+03:00,4.430640361402054,4.547166035791959,4.430640361402054,4.531275749206543,4241538,0.0,0.0
2022-08-16 00:00:00+03:00,4.533924177364179,4.5577587235173675,4.316761786957246,4.451826572418213,3262126,0.0,0.0
2022-08-17 00:00:00+03:00,4.465067563388129,4.62661527501722,4.412102151181774,4.608077049255371,6170199,0.0,0.0
2022-08-18 00:00:00+03:00,4.6080773377817446,4.936469543815324,4.6080773377817446,4.859668254852295,9269379,0.0,0.0
2022-08-19 00:00:00+03:00,4.86761277042355,5.293992415313695,4.86761277042355,5.222487449645996,9963170,0.0,0.0
2022-08-22 00:00:00+03:00,5.230433089309219,5.423760054971198,5.140389896495874,5.373441696166992,4247327,0.0,0.0
2022-08-23 00:00:00+03:00,5.373441736183116,5.497913001535006,5.291344128340871,5.489968299865723,3369597,0.0,0.0
2022-08-24 00:00:00+03:00,5.495264692710483,5.587955819192606,5.309881997760082,5.5614728927612305,5762596,0.0,0.0
2022-08-25 00:00:00+03:00,5.6144387649170024,5.881919968136469,5.574714372006206,5.754800319671631,5186461,0.0,0.0
2022-08-26 00:00:00+03:00,5.8130632828658975,5.879271487234151,5.635626161451901,5.799821376800537,2449440,0.0,0.0
2022-08-29 00:00:00+03:00,5.799821376800537,5.913700001017905,5.693889222180937,5.799821376800537,2782591,0.0,0.0
2022-08-31 00:00:00+03:00,5.892512184781431,5.911050410265711,5.749503585027766,5.752151966094971,3515925,0.0,0.0
2022-09-01 00:00:00+03:00,5.762744566211594,5.810414541116603,5.54823100509752,5.638274192810059,4731398,0.0,0.0
2022-09-02 00:00:00+03:00,5.62768029622892,5.712427164878236,5.564121360203878,5.667405128479004,2632784,0.0,0.0
2022-09-05 00:00:00+03:00,5.670053610500359,5.979907130772642,5.670053610500359,5.892512321472168,5280954,0.0,0.0
2022-09-06 00:00:00+03:00,5.897809643486974,5.990500774909479,5.725668402577235,5.884567737579346,5478767,0.0,0.0
2022-09-07 00:00:00+03:00,5.850139814690921,6.067302215240478,5.77333852642188,5.9905009269714355,5071766,0.0,0.0
2022-09-08 00:00:00+03:00,6.056708536216995,6.226200953951028,5.993149155808094,6.1970696449279785,4265317,0.0,0.0
2022-09-09 00:00:00+03:00,6.194421671617992,6.369210408766027,6.157345219254933,6.353320121765137,4927531,0.0,0.0
2022-09-12 00:00:00+03:00,6.3586177137961855,6.427473413614769,6.170586188446693,6.4009904861450195,7112644,0.0,0.0
2022-09-13 00:00:00+03:00,6.422177105433149,6.43277063002998,6.252684689759411,6.279167175292969,4064529,0.0,0.0
2022-09-14 00:00:00+03:00,6.273870752077256,6.573130745250526,6.205014169285754,6.55988883972168,4498690,0.0,0.0
2022-09-15 00:00:00+03:00,6.562538334313841,6.733354501748314,6.46454999791806,6.469847202301025,4707605,0.0,0.0
2022-09-16 00:00:00+03:00,6.541350682398365,6.599614625348638,6.43541853096257,6.517516136169434,2116240,0.0,0.0
2022-09-19 00:00:00+03:00,6.509571694797287,6.604910761020603,6.456604957580566,6.456604957580566,2361562,0.0,0.0
2022-09-20 00:00:00+03:00,6.448659547635272,6.660525618286538,6.448659547635272,6.59961462020874,3747513,0.0,0.0
2022-09-21 00:00:00+03:00,6.612855529801175,6.766458980902375,6.528109986949502,6.567834377288818,3076801,0.0,0.0
2022-09-22 00:00:00+03:00,6.567834563340308,6.607559396791099,6.369210396086353,6.4751434326171875,2112698,0.0,0.0
2022-09-23 00:00:00+03:00,6.483088315230726,6.530758293497881,6.242090926631803,6.422177314758301,2923634,0.0,0.0
2022-09-26 00:00:00+03:00,6.408935014062617,6.408935014062617,6.191773069951406,6.218255996704102,2089962,0.0,0.0
2022-09-27 00:00:00+03:00,6.2156081460482815,6.2235524054064895,6.006390900191844,6.170586109161377,2529702,0.0,0.0
2022-09-28 00:00:00+03:00,6.157345119102886,6.212959796742877,6.014335632324219,6.014335632324219,1679741,0.0,0.0
2022-09-29 00:00:00+03:00,5.998445652133302,6.157345433774996,5.699185641635885,5.913700103759766,2154733,0.0,0.0
2022-09-30 00:00:00+03:00,5.9004579130388395,5.908402614446933,5.736261818780073,5.852787494659424,1252125,0.0,0.0
2022-10-03 00:00:00+03:00,5.866029517933506,6.014335770363532,5.7971729330944495,6.001093864440918,3110205,0.0,0.0
2022-10-04 00:00:00+03:00,6.011687489390975,6.234146650751213,5.918996356318454,6.186476230621338,3303776,0.0,0.0
2022-10-05 00:00:00+03:00,6.197069624134742,6.271222971006615,6.083192327619861,6.1599931716918945,2277338,0.0,0.0
2022-10-06 00:00:00+03:00,6.19706947652042,6.3798037951955875,6.175883311617314,6.3665618896484375,2500064,0.0,0.0
2022-10-07 00:00:00+03:00,6.374506722998481,6.541350758472196,6.316243663342968,6.435418605804443,1763937,0.0,0.0
2022-10-10 00:00:00+03:00,6.485735907916792,6.700250356670284,6.395694044623465,6.491033554077148,4566856,0.0,0.0
2022-10-11 00:00:00+03:00,6.5281103163572105,6.607559543031004,6.44071550403676,6.578427791595459,5390014,0.0,0.0
2022-10-12 00:00:00+03:00,6.554592642128975,6.573130868230034,6.308299382490753,6.355968475341797,3852688,0.0,0.0
2022-10-13 00:00:00+03:00,6.411583196119157,6.43806700784779,6.318892064999822,6.358617782592773,1446865,0.0,0.0
2022-10-14 00:00:00+03:00,6.395694006353242,6.435418396567259,6.361265494323236,6.377155780792236,1709638,0.0,0.0
2022-10-17 00:00:00+03:00,6.385100337060361,6.448659717948212,6.3427275637971885,6.387748718261719,2499189,0.0,0.0
2022-10-18 00:00:00+03:00,6.43012137974603,6.488385323176873,6.223552511479069,6.355968475341797,5089462,0.0,0.0
2022-10-19 00:00:00+03:00,6.3321341283817905,6.435418786761879,6.3321341283817905,6.382452487945557,3276315,0.0,0.0
2022-10-20 00:00:00+03:00,6.395694008364246,6.469846910631585,6.358617557230576,6.448659420013428,2670962,0.0,0.0
2022-10-21 00:00:00+03:00,6.448659690246285,6.4857361429336535,6.387748690821451,6.432770729064941,3466491,0.0,0.0
2022-10-24 00:00:00+03:00,6.446011708849838,6.528110199243318,6.371858803960472,6.430121421813965,3267460,0.0,0.0
2022-10-25 00:00:00+03:00,6.448659488214825,6.477791680391923,6.292408980776796,6.406286716461182,2788226,0.0,0.0
2022-10-26 00:00:00+03:00,6.414232523093337,6.544000107911278,6.371858865905245,6.469847202301025,3993878,0.0,0.0
2022-10-27 00:00:00+03:00,6.4777919843781655,6.879012459208776,6.461901696990421,6.575779438018799,8629243,0.0,0.0
2022-10-28 00:00:00+03:00,6.591668855723344,6.627422000025944,6.422176887780009,6.456604957580566,1076852,0.0,0.0
2022-10-31 00:00:00+03:00,6.536054520078951,6.8128046093952515,6.483088222087894,6.739975452423096,6412378,0.0,0.0
2022-11-01 00:00:00+03:00,6.573130633629627,6.573130633629627,6.162641292901724,6.220904350280762,13242621,0.0,0.0
2022-11-02 00:00:00+03:00,6.223552650676488,6.234146617520885,6.027577744633756,6.072598457336426,8310022,0.0,0.0
2022-11-03 00:00:00+03:00,6.072598429683445,6.178531467852264,6.056708584454668,6.117620468139648,4340042,0.0,0.0
2022-11-04 00:00:00+03:00,6.130861282348633,6.16264141371505,6.04346735754603,6.130861282348633,4127417,0.0,0.0
2022-11-07 00:00:00+03:00,6.13350993963496,6.223552691590801,6.104378630055731,6.146751403808594,2850862,0.0,0.0
2022-11-08 00:00:00+03:00,6.178531439963445,6.207662749087012,6.104378534573075,6.120268821716309,3003133,0.0,0.0
2022-11-09 00:00:00+03:00,6.120268759278466,6.170586233440655,6.030225567663467,6.1229166984558105,3321017,0.0,0.0
2022-11-10 00:00:00+03:00,6.067302102095822,6.157345294929473,6.032874030476453,6.11497163772583,2405627,0.0,0.0
2022-11-11 00:00:00+03:00,6.117620324354639,6.2579809888983675,6.109674738947726,6.242090702056885,4262699,0.0,0.0
2022-11-14 00:00:00+03:00,6.228849736838963,6.446011688475366,6.197069604853843,6.435418605804443,6282003,0.0,0.0
2022-11-15 00:00:00+03:00,6.456605386847808,6.55459284064527,6.250036512324579,6.422177314758301,4834746,0.0,0.0
2022-11-16 00:00:00+03:00,6.424825250048406,6.456605382868987,6.263277530670166,6.263277530670166,3778705,0.0,0.0
2022-11-17 00:00:00+03:00,6.284465010123572,6.369210557523897,6.038170417705303,6.186476230621338,3222268,0.0,0.0
2022-11-18 00:00:00+03:00,6.175883351353426,6.353320024979041,6.170586147114317,6.326837539672852,2870035,0.0,0.0
2022-11-21 00:00:00+03:00,6.326837438957061,6.612855524284022,6.316243472633657,6.6075592041015625,6019811,0.0,0.0
2022-11-22 00:00:00+03:00,6.620801377294741,7.216673443793065,6.55988905187822,7.011427879333496,7746298,0.0,0.0
2022-11-23 00:00:00+03:00,7.03791158538729,7.534471117683038,6.898874668832223,7.45502233505249,6639178,0.0,0.0
2022-11-24 00:00:00+03:00,7.521230291325336,7.8919948224577094,7.375571976120417,7.865511894226074,7401275,0.0,0.0
2022-11-25 00:00:00+03:00,7.9979270344643165,8.189931127813868,7.8125447778194665,8.130343437194824,4474834,0.0,0.0
2022-11-28 00:00:00+03:00,8.262759031998108,8.342209581545488,7.852269682508611,8.08399772644043,4508847,0.0,0.0
2022-11-29 00:00:00+03:00,8.083997442801076,8.322346431163368,7.964823832592234,8.18993091583252,3731567,0.0,0.0
2022-11-30 00:00:00+03:00,8.176689617258612,8.362071882856867,8.1369647829181,8.216414451599121,3641295,0.0,0.0
2022-12-01 00:00:00+03:00,8.256138178382637,8.739457130432129,8.216414229090262,8.739457130432129,4945255,0.0,0.0
2022-12-02 00:00:00+03:00,8.746077764636858,8.759319669900071,8.474624894547192,8.57393741607666,3877524,0.0,0.0
2022-12-05 00:00:00+03:00,8.600420487089021,9.13008521487405,8.534211843633187,8.991047859191895,5039496,0.0,0.0
2022-12-06 00:00:00+03:00,9.017530744744585,9.02415169745697,8.607041400272278,8.799044609069824,1788892,0.0,0.0
2022-12-07 00:00:00+03:00,8.832148945780228,9.666369583325922,8.620283751852458,9.269122123718262,7673162,0.0,0.0
2022-12-08 00:00:00+03:00,9.236017052021456,9.606782455052798,8.825527699922393,9.487607955932617,5353607,0.0,0.0
2022-12-09 00:00:00+03:00,9.639886648159836,9.732578222919445,9.163188636205907,9.653127670288086,5904458,0.0,0.0
2022-12-12 00:00:00+03:00,9.653127228074638,9.96430581937744,9.474365923767223,9.884855270385742,5033266,0.0,0.0
2022-12-13 00:00:00+03:00,9.917960544176042,10.023893141658933,9.706094465237888,9.73257827758789,4348610,0.0,0.0
2022-12-14 00:00:00+03:00,9.745819223165064,9.997410134677743,9.620023767408723,9.778923988342285,3966025,0.0,0.0
2022-12-15 00:00:00+03:00,9.752439982376572,9.891476457468166,9.474366148221035,9.712715148925781,3437441,0.0,0.0
2022-12-16 00:00:00+03:00,9.739197731018066,9.831889300438627,9.672989972273276,9.739197731018066,912576,0.0,0.0
2022-12-19 00:00:00+03:00,9.42139956480294,9.613402782328984,9.275742134398154,9.586920738220215,3534461,0.0,0.0
2022-12-20 00:00:00+03:00,9.600161940802675,10.229138345343149,9.527333224230759,10.037135124206543,6586566,0.0,0.0
2022-12-21 00:00:00+03:00,10.037134805686174,10.229138020729714,9.778923829309651,9.904718399047852,2936430,0.0,0.0
2022-12-22 00:00:00+03:00,9.93782241480339,10.388036612343406,9.699473409997841,10.288725852966309,5103819,0.0,0.0
2022-12-23 00:00:00+03:00,10.28872595236572,10.421141478110938,10.070238920530313,10.116583824157715,2144149,0.0,0.0
2022-12-26 00:00:00+03:00,10.129825017080329,10.38803598128077,10.063617258869408,10.374794960021973,2665194,0.0,0.0
2022-12-27 00:00:00+03:00,10.374795088165893,10.407898967680236,9.845130364019454,9.931200981140137,2370242,0.0,0.0
2022-12-28 00:00:00+03:00,9.871614948878058,9.884855971338677,9.38167501852532,9.480987548828125,3986682,0.0,0.0
2022-12-29 00:00:00+03:00,9.335329673129442,9.732578007637352,9.322087767321728,9.712715148925781,2094141,0.0,0.0
2022-12-30 00:00:00+03:00,9.712715244799883,10.076858818382966,9.672990410956968,9.937822341918945,1887333,0.0,0.0
2023-01-02 00:00:00+03:00,9.970925781590914,10.32844927035715,9.95768476021075,10.169549942016602,1941436,0.0,0.0
2023-01-03 00:00:00+03:00,10.129825069190245,10.527073388443922,9.964305672811475,10.487348556518555,2656276,0.0,0.0
2023-01-04 00:00:00+03:00,10.407899160822348,10.679352038644161,10.063617569923016,10.507211685180664,2395330,0.0,0.0
2023-01-05 00:00:00+03:00,10.507211936643907,10.507211936643907,9.845130782336145,9.858372688293457,2092748,0.0,0.0
2023-01-06 00:00:00+03:00,9.302226167184806,10.037135173633182,8.52097137251543,9.798786163330078,3601878,0.0,0.0
2023-01-09 00:00:00+03:00,9.831889362214236,9.984167738667436,9.275741710141132,9.308846473693848,2331021,0.0,0.0
2023-01-10 00:00:00+03:00,9.282363057136395,9.586920706951744,8.818906955380134,8.997668266296387,1784090,0.0,0.0
2023-01-11 00:00:00+03:00,9.110222713716281,9.110222713716281,8.176689555725707,8.183310508728027,2289700,0.0,0.0
2023-01-12 00:00:00+03:00,8.183310080013946,8.580557515645895,7.938340135595931,8.335588455200195,2109891,0.0,0.0
2023-01-13 00:00:00+03:00,8.362071235287171,8.580557365253938,8.262758715140604,8.428279876708984,1825271,0.0,0.0
2023-01-16 00:00:00+03:00,8.45476260540259,9.1367057448029,8.45476260540259,9.110222816467285,2107189,0.0,0.0
2023-01-17 00:00:00+03:00,9.116843631373934,9.288983988905105,8.9447023898704,9.123464584350586,1792077,0.0,0.0
2023-01-18 00:00:00+03:00,9.156567398242853,9.355192447682342,8.911598330810325,8.977806091308594,1949696,0.0,0.0
2023-01-19 00:00:00+03:00,8.977805879724306,9.196292014602827,8.805665529691256,9.037393569946289,1595097,0.0,0.0
2023-01-20 00:00:00+03:00,9.070497512817383,9.275741743754034,8.924839204574573,9.070497512817383,1870372,0.0,0.0
2023-01-23 00:00:00+03:00,9.077118855829644,9.196292474285944,8.752699229667327,8.805665969848633,2026773,0.0,0.0
2023-01-24 00:00:00+03:00,8.805665672645295,8.89173629104528,8.368692511821967,8.514349937438965,1511608,0.0,0.0
2023-01-25 00:00:00+03:00,8.540832824720962,8.600420515631736,7.9317193139176245,8.322346687316895,1835008,0.0,0.0
2023-01-26 00:00:00+03:00,8.302484235739174,8.434901529577074,8.136964828372735,8.328968048095703,697389,0.0,0.0
2023-01-27 00:00:00+03:00,8.31572633216337,8.328968238644583,7.79268251779666,8.077377319335938,1010541,0.0,0.0
2023-01-30 00:00:00+03:00,8.090618604772905,8.302483788374925,7.991306081731942,8.130343437194824,1025479,0.0,0.0
2023-01-31 00:00:00+03:00,8.130343828459537,8.130343828459537,7.752958344276162,7.865511894226074,1376312,0.0,0.0
2023-02-01 00:00:00+03:00,7.905236751158459,7.97806546698293,7.263018888919525,7.395434856414795,1084475,0.0,0.0
2023-02-02 00:00:00+03:00,7.415297411725808,7.547712931808148,6.7929415502301,7.143843650817871,1863498,0.0,0.0
2023-02-03 00:00:00+03:00,6.951841383474331,7.6139207575432115,6.951841383474331,7.6072998046875,968548,0.0,0.0
2023-02-06 00:00:00+03:00,7.547713212376219,7.9979274117475425,7.3358475767937765,7.905236721038818,483707,0.0,0.0
2023-02-07 00:00:00+03:00,7.905236275071175,7.905236275071175,7.117361028632532,7.157085418701172,1306053,0.0,0.0
2023-02-08 00:00:00+03:00,6.491033554077148,6.491033554077148,6.491033554077148,6.491033554077148,1225,0.0,0.0
2023-02-15 00:00:00+03:00,6.885633118553455,7.706612259825456,6.885633118553455,7.61392068862915,4137882,0.0,0.0
2023-02-16 00:00:00+03:00,7.693371560658388,7.94496158963672,6.852529525756836,6.852529525756836,5717915,0.0,0.0
2023-02-17 00:00:00+03:00,6.812804444745475,6.879012205137661,6.47514336399235,6.517516136169434,1707160,0.0,0.0
2023-02-20 00:00:00+03:00,6.517516379350284,6.9121159012516875,6.506923738393495,6.812804698944092,1879269,0.0,0.0
2023-02-21 00:00:00+03:00,6.759838136242116,7.11736119090027,6.673767517499018,6.991566181182861,1930810,0.0,0.0
2023-02-22 00:00:00+03:00,7.018048572593562,7.057773405022424,6.680387496948242,6.680387496948242,1361724,0.0,0.0
2023-02-23 00:00:00+03:00,6.706871497649887,7.269639678324551,6.647284247320605,7.176948547363281,2788695,0.0,0.0
2023-02-24 00:00:00+03:00,7.190189367196152,7.4815050997222174,6.9849451362505,7.1504645347595215,3709839,0.0,0.0
2023-02-27 00:00:00+03:00,7.150464603616455,7.6139206918493185,7.0908782383600375,7.143843650817871,4843895,0.0,0.0
2023-02-28 00:00:00+03:00,7.163706772016239,7.309364645025416,7.123981937739752,7.203431606292725,1912575,0.0,0.0
2023-03-01 00:00:00+03:00,7.223294159508766,7.428538391268157,7.17694837415356,7.42191743850708,2271143,0.0,0.0
2023-03-02 00:00:00+03:00,8.110481525741644,8.163447380065918,7.852269671014554,8.163447380065918,3079244,0.0,0.0
2023-03-03 00:00:00+03:00,8.421659449086174,8.752699140939521,7.911857563415793,8.150206565856934,8870330,0.0,0.0
2023-03-06 00:00:00+03:00,8.203173460122587,8.375313820259839,7.944961593958148,8.057515144348145,2825767,0.0,0.0
2023-03-07 00:00:00+03:00,8.110481649769879,8.448142291147,8.103860696885011,8.229655265808105,4832324,0.0,0.0
2023-03-08 00:00:00+03:00,8.170068325243758,8.938081167981773,8.123722539773913,8.673249244689941,6821843,0.0,0.0
2023-03-09 00:00:00+03:00,8.673249128587107,8.759319745597177,8.44814204100102,8.527591705322266,1758071,0.0,0.0
2023-03-10 00:00:00+03:00,8.401796887023867,8.474625604124835,8.328968169922899,8.39517593383789,1783306,0.0,0.0
2023-03-13 00:00:00+03:00,8.395176003165673,8.845391099833721,8.302484425741325,8.699732780456543,3415559,0.0,0.0
2023-03-14 00:00:00+03:00,8.699732143167655,8.838769499119158,8.348829602869573,8.401796340942383,2607948,0.0,0.0
2023-03-15 00:00:00+03:00,8.39517540066247,8.468004113138106,7.77944093702998,7.852269649505615,2563092,0.0,0.0
2023-03-16 00:00:00+03:00,7.8721327023904735,8.136964631749704,7.779441129327184,7.918478488922119,1904700,0.0,0.0
2023-03-17 00:00:00+03:00,7.92509944868096,8.103860758060097,7.812545016733245,7.878753662109375,1396892,0.0,0.0
2023-03-20 00:00:00+03:00,7.872132472703371,7.878753425439333,7.58081674012736,7.620541572570801,1392685,0.0,0.0
2023-03-21 00:00:00+03:00,7.812544822692871,8.381934385334935,7.5013679982348895,7.812544822692871,5107977,0.0,0.0
2023-03-22 00:00:00+03:00,7.865511872000149,8.050894137042492,7.7132334881469,7.984686374664307,1772365,0.0,0.0
2023-03-23 00:00:00+03:00,7.944961145208143,8.037651831132084,7.7926818849579,7.89861536026001,2106398,0.0,0.0
2023-03-24 00:00:00+03:00,7.92509939840084,8.070755942181629,7.693371350985449,7.759578227996826,1609566,0.0,0.0
2023-03-27 00:00:00+03:00,7.819166137364375,7.938340640830498,7.693371564793777,7.706612586975098,2244942,0.0,0.0
2023-03-28 00:00:00+03:00,7.7066124062916215,7.719854312134855,7.494747216633994,7.5609540939331055,1261421,0.0,0.0
2023-03-29 00:00:00+03:00,7.441780285690663,7.653645469895127,7.084257234862923,7.269639492034912,3932285,0.0,0.0
2023-03-30 00:00:00+03:00,7.302743315056821,7.560953840554217,7.282880456957605,7.4285383224487305,3301431,0.0,0.0
2023-03-31 00:00:00+03:00,7.501368234064388,7.7860621403633505,6.971703487420709,7.011427879333496,7361340,0.0,0.0
2023-04-03 00:00:00+03:00,7.199999809265137,7.199999809265137,6.971427917480469,7.071427822113037,2391613,0.552857,0.0
2023-04-04 00:00:00+03:00,7.07428503036499,7.742856979370117,7.07428503036499,7.392857074737549,10721158,0.0,0.0
2023-04-05 00:00:00+03:00,7.385714054107666,7.457141876220703,7.25,7.25,2394931,0.0,0.0
2023-04-06 00:00:00+03:00,7.257142066955566,7.485713958740234,7.142857074737549,7.164285182952881,2030798,0.0,0.0
2023-04-07 00:00:00+03:00,7.171428203582764,7.314284801483154,7.128571033477783,7.150000095367432,1054382,0.0,0.0
2023-04-10 00:00:00+03:00,7.214284896850586,7.3428568840026855,7.199999809265137,7.314284801483154,1408379,0.0,0.0
2023-04-11 00:00:00+03:00,7.357141971588135,7.414285182952881,7.271428108215332,7.414285182952881,1537109,0.0,0.0
2023-04-12 00:00:00+03:00,7.4285712242126465,7.5428571701049805,7.357141971588135,7.457141876220703,1873277,0.0,0.0
2023-04-13 00:00:00+03:00,7.464284896850586,7.5571417808532715,7.300000190734863,7.3714280128479,1101443,0.0,0.0
2023-04-14 00:00:00+03:00,7.3714280128479,7.421428203582764,7.314284801483154,7.321427822113037,1078616,0.0,0.0
2023-04-17 00:00:00+03:00,7.3714280128479,7.6785712242126465,7.214284896850586,7.492856979370117,3081960,0.0,0.0
2023-04-18 00:00:00+03:00,7.492856979370117,7.507142066955566,7.271428108215332,7.271428108215332,1311555,0.0,0.0
2023-04-19 00:00:00+03:00,7.3071417808532715,7.385714054107666,7.228570938110352,7.32857084274292,1179913,0.0,0.0
2023-04-20 00:00:00+03:00,7.32857084274292,7.32857084274292,7.214284896850586,7.242856979370117,398671,0.0,0.0
2023-04-24 00:00:00+03:00,7.314284801483154,7.457141876220703,7.2928571701049805,7.385714054107666,1059569,0.0,0.0
2023-04-25 00:00:00+03:00,7.385714054107666,7.57857084274292,7.235713958740234,7.242856979370117,2328641,0.0,0.0
2023-04-26 00:00:00+03:00,7.008571147918701,7.235713958740234,6.985713958740234,7.011427879333496,1446753,0.0,0.0
2023-04-27 00:00:00+03:00,7.028571128845215,7.142857074737549,6.885714054107666,7.0,991284,0.0,0.0
2023-04-28 00:00:00+03:00,7.014285087585449,7.285714149475098,6.897141933441162,7.03142786026001,1295336,0.0,0.0
2023-05-02 00:00:00+03:00,7.0428571701049805,7.117142200469971,6.545713901519775,6.571427822113037,1076817,0.0,0.0
2023-05-03 00:00:00+03:00,6.142857074737549,6.354284763336182,5.942856788635254,6.199999809265137,2537962,0.0,0.0
2023-05-04 00:00:00+03:00,6.199999809265137,6.465713977813721,6.174284934997559,6.257142066955566,914445,0.0,0.0
2023-05-05 00:00:00+03:00,6.414285182952881,6.414285182952881,6.097142219543457,6.265714168548584,711452,0.0,0.0
2023-05-08 00:00:00+03:00,6.268570899963379,6.3714280128479,6.214284896850586,6.300000190734863,1038751,0.0,0.0
2023-05-09 00:00:00+03:00,6.308570861816406,6.4285712242126465,6.148571014404297,6.148571014404297,1417465,0.0,0.0
2023-05-10 00:00:00+03:00,6.254284858703613,6.357141971588135,6.154284954071045,6.231428146362305,864983,0.0,0.0
2023-05-11 00:00:00+03:00,6.237142086029053,6.6114277839660645,6.2342848777771,6.528571128845215,1732633,0.0,0.0
2023-05-12 00:00:00+03:00,6.6085710525512695,6.6085710525512695,6.297142028808594,6.402856826782227,1110291,0.0,0.0
2023-05-15 00:00:00+03:00,6.142857074737549,6.534285068511963,5.814284801483154,5.865714073181152,896679,0.0,0.0
2023-05-16 00:00:00+03:00,6.242856979370117,6.451427936553955,6.20285701751709,6.351428031921387,1303477,0.0,0.0
2023-05-17 00:00:00+03:00,6.442856788635254,6.671428203582764,6.357141971588135,6.554285049438477,1783082,0.0,0.0
2023-05-18 00:00:00+03:00,6.577141761779785,6.597142219543457,6.314284801483154,6.391427993774414,672889,0.0,0.0
2023-05-22 00:00:00+03:00,6.391427993774414,6.53142786026001,6.07428503036499,6.32857084274292,906780,0.0,0.0
2023-05-23 00:00:00+03:00,6.32857084274292,6.408570766448975,6.24571418762207,6.2828569412231445,579264,0.0,0.0
2023-05-24 00:00:00+03:00,6.2828569412231445,6.382856845855713,6.142857074737549,6.237142086029053,920108,0.0,0.0
2023-05-25 00:00:00+03:00,6.27714204788208,6.308570861816406,6.005713939666748,6.071427822113037,874923,0.0,0.0
2023-05-26 00:00:00+03:00,6.128571033477783,6.265714168548584,6.005713939666748,6.242856979370117,1110200,0.0,0.0
2023-05-29 00:00:00+03:00,6.314284801483154,6.571427822113037,6.260000228881836,6.460000038146973,1935108,0.0,0.0
2023-05-30 00:00:00+03:00,6.4828572273254395,6.708570957183838,6.42285680770874,6.639999866485596,4116532,0.0,0.0
2023-05-31 00:00:00+03:00,6.6628570556640625,6.814284801483154,6.4971418380737305,6.537141799926758,3355464,0.0,0.0
2023-06-01 00:00:00+03:00,6.545713901519775,6.8428568840026855,6.539999961853027,6.788570880889893,2799545,0.0,0.0
2023-06-02 00:00:00+03:00,6.9885711669921875,6.9885711669921875,6.765714168548584,6.8428568840026855,3362863,0.0,0.0
2023-06-05 00:00:00+03:00,6.902856826782227,7.114284992218018,6.857141971588135,7.0485711097717285,4282397,0.0,0.0
2023-06-06 00:00:00+03:00,7.071427822113037,7.128571033477783,6.9285712242126465,7.068571090698242,2507260,0.0,0.0
2023-06-07 00:00:00+03:00,7.105713844299316,7.300000190734863,7.097142219543457,7.25,3235183,0.0,0.0
2023-06-08 00:00:00+03:00,7.25,7.471427917480469,7.1028571128845215,7.242856979370117,2583098,0.0,0.0
2023-06-09 00:00:00+03:00,7.271428108215332,7.664285182952881,7.171428203582764,7.607141971588135,4518542,0.0,0.0
2023-06-12 00:00:00+03:00,7.607141971588135,7.728570938110352,7.5,7.521428108215332,2480394,0.0,0.0
2023-06-13 00:00:00+03:00,7.5,7.5,7.142857074737549,7.228570938110352,1969758,0.0,0.0
2023-06-14 00:00:00+03:00,7.228570938110352,7.2928571701049805,7.034285068511963,7.105713844299316,1838781,0.0,0.0
2023-06-15 00:00:00+03:00,7.142857074737549,7.257142066955566,7.1114277839660645,7.221427917480469,1596721,0.0,0.0
2023-06-16 00:00:00+03:00,7.242856979370117,7.449999809265137,7.228570938110352,7.357141971588135,1340199,0.0,0.0
2023-06-19 00:00:00+03:00,7.400000095367432,7.5,7.094285011291504,7.122857093811035,1344231,0.0,0.0
2023-06-20 00:00:00+03:00,7.122857093811035,7.192856788635254,7.0,7.105713844299316,981554,0.0,0.0
2023-06-21 00:00:00+03:00,7.105713844299316,7.25,7.079999923706055,7.1085710525512695,758898,0.0,0.0
2023-06-22 00:00:00+03:00,7.1085710525512695,7.357141971588135,7.0,7.349999904632568,1293012,0.0,0.0
2023-06-23 00:00:00+03:00,7.4285712242126465,7.5428571701049805,7.349999904632568,7.471427917480469,2276827,0.0,0.0
2023-06-26 00:00:00+03:00,7.471427917480469,7.942856788635254,7.471427917480469,7.75,4170061,0.0,0.0
2023-06-27 00:00:00+03:00,7.75,7.849999904632568,7.6785712242126465,7.771428108215332,808325,0.0,0.0
2023-07-03 00:00:00+03:00,7.957141876220703,8.25,7.571427822113037,8.192856788635254,5976810,0.0,0.0
2023-07-04 00:00:00+03:00,8.192856788635254,8.485713958740234,8.15714168548584,8.435713768005371,4771683,0.0,0.0
2023-07-05 00:00:00+03:00,8.5,8.528571128845215,8.207141876220703,8.5,4088560,0.0,0.0
2023-07-06 00:00:00+03:00,8.535714149475098,9.050000190734863,8.121427536010742,8.692856788635254,15606612,0.0,0.0
2023-07-07 00:00:00+03:00,8.707141876220703,8.885713577270508,8.421427726745605,8.628570556640625,4170747,0.0,0.0
2023-07-10 00:00:00+03:00,8.678570747375488,9.021428108215332,8.678570747375488,9.0,8443617,0.0,0.0
2023-07-11 00:00:00+03:00,9.05714225769043,9.171427726745605,8.771428108215332,9.164284706115723,5445699,0.0,0.0
2023-07-12 00:00:00+03:00,9.271428108215332,9.271428108215332,8.914284706115723,8.978570938110352,3045686,0.0,0.0
2023-07-13 00:00:00+03:00,8.978570938110352,9.521428108215332,8.821428298950195,9.242856979370117,11788742,0.0,0.0
2023-07-14 00:00:00+03:00,9.25,9.428570747375488,9.01428508758545,9.15714168548584,5720869,0.0,0.0
2023-07-17 00:00:00+03:00,9.285714149475098,9.76428508758545,9.14285659790039,9.507142066955566,8503117,0.0,0.0
2023-07-18 00:00:00+03:00,9.535714149475098,9.728570938110352,8.90714168548584,8.90714168548584,5663448,0.0,0.0
2023-07-19 00:00:00+03:00,8.899999618530273,9.221427917480469,8.742856979370117,9.214284896850586,3521294,0.0,0.0
2023-07-20 00:00:00+03:00,9.285714149475098,10.0,9.199999809265137,10.0,10057922,0.0,0.0
2023-07-21 00:00:00+03:00,10.0,10.214284896850586,9.714284896850586,10.14285659790039,4631081,0.0,0.0
2023-07-24 00:00:00+03:00,10.385713577270508,10.600000381469727,9.964284896850586,10.064285278320312,6646878,0.0,0.0
2023-07-25 00:00:00+03:00,10.14285659790039,10.192856788635254,9.714284896850586,9.885713577270508,3579163,0.0,0.0
2023-07-26 00:00:00+03:00,9.885713577270508,10.021428108215332,9.757142066955566,9.942856788635254,2959432,0.0,0.0
2023-07-27 00:00:00+03:00,10.092857360839844,10.121427536010742,9.928570747375488,10.035714149475098,3082982,0.0,0.0
2023-07-28 00:00:00+03:00,10.128570556640625,10.192856788635254,9.971427917480469,10.171427726745605,5287751,0.0,0.0
2023-07-31 00:00:00+03:00,10.214284896850586,10.285714149475098,9.942856788635254,10.100000381469727,5003257,0.0,0.0
2023-08-01 00:00:00+03:00,10.100000381469727,11.107142448425293,9.778571128845215,11.107142448425293,14589015,0.0,0.0
2023-08-02 00:00:00+03:00,11.635713577270508,12.214284896850586,11.600000381469727,12.035714149475098,35634200,0.0,0.0
2023-08-03 00:00:00+03:00,12.035714149475098,12.51428508758545,11.442856788635254,11.507142066955566,13677356,0.0,0.0
2023-08-04 00:00:00+03:00,11.51428508758545,11.928570747375488,11.085714340209961,11.485713958740234,13987015,0.0,0.0
2023-08-07 00:00:00+03:00,11.54285717010498,12.021428108215332,11.54285717010498,11.814285278320312,10074015,0.0,0.0
2023-08-08 00:00:00+03:00,11.821428298950195,11.921427726745605,11.428570747375488,11.51428508758545,5608379,0.0,0.0
2023-08-09 00:00:00+03:00,11.571428298950195,11.992856979370117,11.257142066955566,11.771428108215332,8241807,0.0,0.0
2023-08-10 00:00:00+03:00,11.14285659790039,11.735713958740234,10.742856979370117,10.857142448425293,9803703,0.0,0.0
2023-08-11 00:00:00+03:00,10.857142448425293,11.371427536010742,10.399999618530273,11.235713958740234,6008240,0.0,0.0
2023-08-14 00:00:00+03:00,11.242856979370117,11.671427726745605,11.085714340209961,11.442856788635254,6870451,0.0,0.0
2023-08-15 00:00:00+03:00,11.442856788635254,11.64285659790039,10.885713577270508,11.228570938110352,3050271,0.0,0.0
2023-08-16 00:00:00+03:00,11.335714340209961,11.478570938110352,11.214284896850586,11.39285659790039,4450712,0.0,0.0
2023-08-17 00:00:00+03:00,11.39285659790039,11.75,11.01428508758545,11.199999809265137,11321310,0.0,0.0
2023-08-18 00:00:00+03:00,11.271428108215332,12.01428508758545,11.228570938110352,11.564285278320312,13992951,0.0,0.0
2023-08-21 00:00:00+03:00,11.571428298950195,12.164284706115723,11.571428298950195,11.914284706115723,11004049,0.0,0.0
2023-08-22 00:00:00+03:00,11.957141876220703,12.957141876220703,11.928570747375488,12.857142448425293,17861970,0.0,0.0
2023-08-23 00:00:00+03:00,13.028571128845215,14.05714225769043,13.028571128845215,13.371427536010742,14644224,0.0,0.0
2023-08-24 00:00:00+03:00,13.371427536010742,13.578571319580078,12.078571319580078,12.285714149475098,8639743,0.0,0.0
2023-08-25 00:00:00+03:00,12.285714149475098,12.421427726745605,11.79285717010498,12.085714340209961,5154121,0.0,0.0
2023-08-28 00:00:00+03:00,12.15714168548584,12.921427726745605,12.15714168548584,12.692856788635254,7724157,0.0,0.0
2023-08-29 00:00:00+03:00,12.885713577270508,12.928570747375488,12.26428508758545,12.421427726745605,4376470,0.0,0.0
2023-08-31 00:00:00+03:00,12.457141876220703,12.628570556640625,12.29285717010498,12.29285717010498,4820844,0.0,0.0
2023-09-01 00:00:00+03:00,12.300000190734863,12.428570747375488,12.214284896850586,12.357142448425293,3633777,0.0,0.0
2023-09-04 00:00:00+03:00,12.5,12.571428298950195,12.214284896850586,12.29285717010498,5282403,0.0,0.0
2023-09-05 00:00:00+03:00,12.300000190734863,12.350000381469727,12.035714149475098,12.071428298950195,4176739,0.0,0.0
2023-09-06 00:00:00+03:00,12.064285278320312,12.192856788635254,11.835714340209961,11.857142448425293,3081981,0.0,0.0
2023-09-07 00:00:00+03:00,11.857142448425293,12.478570938110352,11.857142448425293,12.414284706115723,4841445,0.0,0.0
2023-09-08 00:00:00+03:00,12.414284706115723,12.685713768005371,12.26428508758545,12.571428298950195,5252072,0.0,0.0
2023-09-11 00:00:00+03:00,12.742856979370117,12.75,11.949999809265137,12.085714340209961,4945752,0.0,0.0
2023-09-12 00:00:00+03:00,12.085714340209961,12.228570938110352,11.90714168548584,12.14285659790039,2162146,0.0,0.0
2023-09-13 00:00:00+03:00,12.149999618530273,12.314285278320312,11.671427726745605,11.671427726745605,4882010,0.0,0.0
2023-09-14 00:00:00+03:00,11.671427726745605,11.80714225769043,11.199999809265137,11.564285278320312,3153318,0.0,0.0
2023-09-15 00:00:00+03:00,11.850000381469727,12.285714149475098,11.714284896850586,11.842857360839844,4911746,0.0,0.0
2023-09-18 00:00:00+03:00,11.835714340209961,11.835714340209961,11.078571319580078,11.114285469055176,2665922,0.0,0.0
2023-09-19 00:00:00+03:00,11.121427536010742,11.207141876220703,10.928570747375488,11.171427726745605,2986389,0.0,0.0
2023-09-20 00:00:00+03:00,11.214284896850586,11.51428508758545,11.214284896850586,11.328571319580078,2787848,0.0,0.0
2023-09-21 00:00:00+03:00,11.357142448425293,11.671427726745605,11.100000381469727,11.600000381469727,1880683,0.0,0.0
2023-09-22 00:00:00+03:00,11.814285278320312,11.864285469055176,11.528571128845215,11.64285659790039,1882181,0.0,0.0
2023-09-25 00:00:00+03:00,11.685713768005371,12.571428298950195,11.678570747375488,12.492856979370117,7348635,0.0,0.0
2023-09-26 00:00:00+03:00,12.492856979370117,12.564285278320312,12.0,12.100000381469727,6170234,0.0,0.0
2023-09-27 00:00:00+03:00,12.149999618530273,12.178570747375488,11.778571128845215,11.842857360839844,2535939,0.0,0.0
2023-09-28 00:00:00+03:00,11.885713577270508,12.028571128845215,11.742856979370117,11.757142066955566,2571912,0.0,0.0
2023-09-29 00:00:00+03:00,11.90714168548584,12.478570938110352,11.80714225769043,12.350000381469727,5295353,0.0,0.0
2023-10-02 00:00:00+03:00,12.478570938110352,12.735713958740234,12.357142448425293,12.521428108215332,3470845,0.0,0.0
2023-10-03 00:00:00+03:00,12.757142066955566,13.0,12.364285469055176,12.76428508758545,5170515,0.0,0.0
2023-10-04 00:00:00+03:00,12.76428508758545,12.76428508758545,12.26428508758545,12.29285717010498,4364920,0.0,0.0
2023-10-05 00:00:00+03:00,12.29285717010498,12.600000381469727,12.035714149475098,12.550000190734863,5469835,0.0,0.0
2023-10-06 00:00:00+03:00,12.449999809265137,12.89285659790039,12.385713577270508,12.785714149475098,3667699,0.0,0.0
2023-10-09 00:00:00+03:00,12.635713577270508,13.399999618530273,12.128570556640625,12.128570556640625,7401086,0.0,0.0
2023-10-10 00:00:00+03:00,12.164284706115723,12.828571319580078,12.128570556640625,12.357142448425293,2598232,0.0,0.0
2023-10-11 00:00:00+03:00,12.364285469055176,12.39285659790039,11.857142448425293,11.857142448425293,2143589,0.0,0.0
2023-10-12 00:00:00+03:00,11.90714168548584,12.071428298950195,11.314285278320312,11.485713958740234,2575776,0.0,0.0
2023-10-13 00:00:00+03:00,11.428570747375488,11.75,11.29285717010498,11.51428508758545,1668422,0.0,0.0
2023-10-16 00:00:00+03:00,11.51428508758545,11.714284896850586,11.04285717010498,11.121427536010742,2055641,0.0,0.0
2023-10-17 00:00:00+03:00,11.207141876220703,11.471427917480469,10.942856788635254,11.471427917480469,1588727,0.0,0.0
2023-10-18 00:00:00+03:00,11.257142066955566,11.471427917480469,10.978570938110352,11.0,1617546,0.0,0.0
2023-10-19 00:00:00+03:00,10.928570747375488,11.457141876220703,10.928570747375488,11.185713768005371,1709442,0.0,0.0
2023-10-20 00:00:00+03:00,11.185713768005371,11.285714149475098,10.628570556640625,10.671427726745605,1656011,0.0,0.0
2023-10-23 00:00:00+03:00,10.800000190734863,11.028571128845215,10.54285717010498,11.021428108215332,1808996,0.0,0.0
2023-10-24 00:00:00+03:00,11.357142448425293,11.357142448425293,11.050000190734863,11.214284896850586,1252048,0.0,0.0
2023-10-25 00:00:00+03:00,11.357142448425293,11.357142448425293,10.414284706115723,10.435713768005371,1277248,0.0,0.0
2023-10-26 00:00:00+03:00,10.464284896850586,10.89285659790039,10.214284896850586,10.842857360839844,1366491,0.0,0.0
2023-10-27 00:00:00+03:00,10.957141876220703,11.921427726745605,10.55714225769043,10.871427536010742,1935514,0.0,0.0
2023-10-30 00:00:00+03:00,11.14285659790039,11.871427536010742,10.864285469055176,11.5,2318337,0.0,0.0
2023-10-31 00:00:00+03:00,11.0,11.14285659790039,10.449999809265137,10.592857360839844,4474967,0.0,0.0
2023-11-01 00:00:00+03:00,10.607142448425293,10.728570938110352,10.064285278320312,10.207141876220703,1633023,0.0,0.0
2023-11-02 00:00:00+03:00,10.314285278320312,10.478570938110352,10.135713577270508,10.171427726745605,2279060,0.0,0.0
2023-11-03 00:00:00+03:00,10.214284896850586,10.25,9.935713768005371,10.15714168548584,1486142,0.0,0.0
2023-11-06 00:00:00+03:00,10.228570938110352,10.364285469055176,10.228570938110352,10.328571319580078,1397648,0.0,0.0
2023-11-07 00:00:00+03:00,10.442856788635254,10.442856788635254,10.25,10.328571319580078,1185485,0.0,0.0
2023-11-08 00:00:00+03:00,10.357142448425293,10.464284896850586,10.321428298950195,10.342857360839844,1280489,0.0,0.0
2023-11-09 00:00:00+03:00,10.342857360839844,10.342857360839844,10.0,10.228570938110352,1486478,0.0,0.0
2023-11-10 00:00:00+03:00,10.314285278320312,10.871427536010742,9.800000190734863,10.371427536010742,4082631,0.0,0.0
2023-11-13 00:00:00+03:00,10.378570556640625,10.464284896850586,10.078571319580078,10.14285659790039,1679209,0.0,0.0
2023-11-14 00:00:00+03:00,10.214284896850586,10.364285469055176,9.857142448425293,10.30714225769043,1382493,0.0,0.0
2023-11-15 00:00:00+03:00,10.328571319580078,10.485713958740234,10.15714168548584,10.485713958740234,1819363,0.0,0.0
2023-11-16 00:00:00+03:00,10.471427917480469,10.635713577270508,10.342857360839844,10.578571319580078,1652511,0.0,0.0
2023-11-17 00:00:00+03:00,10.635713577270508,10.707141876220703,10.214284896850586,10.600000381469727,1356747,0.0,0.0
2023-11-20 00:00:00+03:00,10.692856788635254,10.914284706115723,10.649999618530273,10.878570556640625,2376647,0.0,0.0
2023-11-21 00:00:00+03:00,10.992856979370117,11.492856979370117,10.885713577270508,11.25,4475702,0.0,0.0
2023-11-22 00:00:00+03:00,11.25,11.285714149475098,10.935713768005371,11.221427917480469,1385132,0.0,0.0
2023-11-23 00:00:00+03:00,11.221427917480469,11.478570938110352,11.0,11.0,2825683,0.0,0.0
2023-11-24 00:00:00+03:00,10.985713958740234,11.278571128845215,10.835714340209961,11.078571319580078,2304274,0.0,0.0
2023-11-27 00:00:00+03:00,11.114285469055176,11.214284896850586,10.971427917480469,11.071428298950195,5168912,0.0,0.0
2023-11-28 00:00:00+03:00,10.864285469055176,11.14285659790039,10.864285469055176,11.01428508758545,1211294,0.0,0.0
2023-11-29 00:00:00+03:00,11.028571128845215,11.171427726745605,10.65714168548584,10.714284896850586,1265572,0.0,0.0
2023-11-30 00:00:00+03:00,10.721427917480469,10.857142448425293,10.457141876220703,10.464284896850586,1157625,0.0,0.0
2023-12-01 00:00:00+03:00,10.685713768005371,10.685713768005371,10.357142448425293,10.507142066955566,1678747,0.0,0.0
2023-12-04 00:00:00+03:00,10.521428108215332,10.664284706115723,10.357142448425293,10.399999618530273,1055586,0.0,0.0
2023-12-05 00:00:00+03:00,10.449999809265137,10.628570556640625,10.414284706115723,10.592857360839844,1052492,0.0,0.0
2023-12-06 00:00:00+03:00,10.685713768005371,10.75,10.321428298950195,10.442856788635254,1918896,0.0,0.0
2023-12-07 00:00:00+03:00,10.428570747375488,10.492856979370117,10.235713958740234,10.478570938110352,1155231,0.0,0.0
2023-12-08 00:00:00+03:00,10.464284896850586,10.678570747375488,10.378570556640625,10.442856788635254,3063998,0.0,0.0
2023-12-11 00:00:00+03:00,10.442856788635254,10.492856979370117,9.935713768005371,9.971427917480469,1421147,0.0,0.0
2023-12-12 00:00:00+03:00,9.899999618530273,9.985713958740234,9.778571128845215,9.814285278320312,1512686,0.0,0.0
2023-12-13 00:00:00+03:00,9.850000381469727,9.857142448425293,9.442856788635254,9.442856788635254,1277122,0.0,0.0
2023-12-14 00:00:00+03:00,9.5,9.707141876220703,9.428570747375488,9.55714225769043,1383788,0.0,0.0
2023-12-15 00:00:00+03:00,9.621427536010742,9.842857360839844,9.564285278320312,9.800000190734863,1867488,0.0,0.0
2023-12-18 00:00:00+03:00,10.050000190734863,10.457141876220703,9.550000190734863,9.564285278320312,3676295,0.0,0.0
2023-12-19 00:00:00+03:00,9.55714225769043,9.871427536010742,9.5,9.621427536010742,1294132,0.0,0.0
2023-12-20 00:00:00+03:00,9.635713577270508,9.857142448425293,9.51428508758545,9.550000190734863,924735,0.0,0.0
2023-12-21 00:00:00+03:00,9.55714225769043,9.757142066955566,9.492856979370117,9.678570747375488,759108,0.0,0.0
2023-12-22 00:00:00+03:00,9.857142448425293,10.257142066955566,9.314285278320312,9.314285278320312,3174276,0.0,0.0
2023-12-25 00:00:00+03:00,9.385713577270508,9.449999809265137,8.928570747375488,8.964284896850586,836381,0.0,0.0
2023-12-26 00:00:00+03:00,9.0,9.242856979370117,8.942856788635254,8.992856979370117,1423527,0.0,0.0
2023-12-27 00:00:00+03:00,9.035714149475098,9.15714168548584,8.857142448425293,8.978570938110352,1623951,0.0,0.0
2023-12-28 00:00:00+03:00,9.121427536010742,9.328571319580078,9.01428508758545,9.242856979370117,1062278,0.0,0.0
2023-12-29 00:00:00+03:00,9.335714340209961,9.614285469055176,9.242856979370117,9.492856979370117,866201,0.0,0.0
2024-01-02 00:00:00+03:00,9.54285717010498,10.107142448425293,9.54285717010498,9.935713768005371,2411339,0.0,0.0
2024-01-03 00:00:00+03:00,9.935713768005371,10.0,9.614285469055176,9.75,2571898,0.0,0.0
2024-01-04 00:00:00+03:00,9.742856979370117,9.90714168548584,9.578571319580078,9.864285469055176,1729714,0.0,0.0
2024-01-05 00:00:00+03:00,10.04285717010498,10.04285717010498,9.785714149475098,9.928570747375488,1256626,0.0,0.0
2024-01-08 00:00:00+03:00,10.064285278320312,10.135713577270508,9.90714168548584,10.05714225769043,2166073,0.0,0.0
2024-01-09 00:00:00+03:00,10.149999618530273,10.25,9.79285717010498,9.949999809265137,2166759,0.0,0.0
2024-01-10 00:00:00+03:00,9.949999809265137,10.092857360839844,9.821428298950195,10.050000190734863,1717422,0.0,0.0
2024-01-11 00:00:00+03:00,10.050000190734863,10.221427917480469,9.89285659790039,9.978570938110352,1760661,0.0,0.0
2024-01-12 00:00:00+03:00,9.971427917480469,10.15714168548584,9.757142066955566,10.14285659790039,1468047,0.0,0.0
2024-01-15 00:00:00+03:00,10.14285659790039,10.464284896850586,10.14285659790039,10.30714225769043,2335060,0.0,0.0
2024-01-16 00:00:00+03:00,10.314285278320312,10.39285659790039,10.199999809265137,10.30714225769043,1520624,0.0,0.0
2024-01-17 00:00:00+03:00,10.300000190734863,10.385713577270508,10.14285659790039,10.285714149475098,1237656,0.0,0.0
2024-01-18 00:00:00+03:00,10.300000190734863,10.571428298950195,10.235713958740234,10.25,2408777,0.0,0.0
2024-01-19 00:00:00+03:00,10.285714149475098,10.29285717010498,10.0,10.199999809265137,1326717,0.0,0.0
2024-01-22 00:00:00+03:00,10.199999809265137,10.321428298950195,10.199999809265137,10.300000190734863,2908143,0.0,0.0
2024-01-23 00:00:00+03:00,10.371427536010742,10.778571128845215,10.328571319580078,10.571428298950195,3572597,0.0,0.0
2024-01-24 00:00:00+03:00,10.64285659790039,11.242856979370117,10.492856979370117,11.121427536010742,3156489,0.0,0.0
2024-01-25 00:00:00+03:00,11.214284896850586,11.414284706115723,11.007142066955566,11.321428298950195,3184811,0.0,0.0
2024-01-26 00:00:00+03:00,11.421427726745605,11.607142448425293,11.350000381469727,11.471427917480469,3064103,0.0,0.0
2024-01-29 00:00:00+03:00,11.51428508758545,11.550000190734863,11.399999618530273,11.471427917480469,2826999,0.0,0.0
2024-01-30 00:00:00+03:00,11.485713958740234,11.664284706115723,11.414284706115723,11.528571128845215,2266145,0.0,0.0
2024-01-31 00:00:00+03:00,11.528571128845215,11.628570556640625,11.485713958740234,11.614285469055176,1631511,0.0,0.0
2024-02-01 00:00:00+03:00,11.571428298950195,11.785714149475098,11.457141876220703,11.592857360839844,2552249,0.0,0.0
2024-02-02 00:00:00+03:00,11.692856788635254,11.692856788635254,11.442856788635254,11.621427536010742,3307696,0.0,0.0
2024-02-05 00:00:00+03:00,11.621427536010742,12.0,11.528571128845215,12.0,4316564,0.0,0.0
2024-02-06 00:00:00+03:00,12.050000190734863,12.107142448425293,11.878570556640625,12.092857360839844,2906176,0.0,0.0
2024-02-07 00:00:00+03:00,12.14285659790039,12.207141876220703,12.01428508758545,12.149999618530273,2030476,0.0,0.0
2024-02-08 00:00:00+03:00,12.15714168548584,12.507142066955566,12.15714168548584,12.478570938110352,2553656,0.0,0.0
2024-02-09 00:00:00+03:00,12.550000190734863,12.578571319580078,12.29285717010498,12.471427917480469,2213603,0.0,0.0
2024-02-12 00:00:00+03:00,12.54285717010498,12.571428298950195,12.414284706115723,12.5,2605659,0.0,0.0
2024-02-13 00:00:00+03:00,12.492856979370117,12.585714340209961,12.399999618530273,12.478570938110352,2669870,0.0,0.0
2024-02-14 00:00:00+03:00,12.5,12.714284896850586,12.257142066955566,12.385713577270508,1793414,0.0,0.0
2024-02-15 00:00:00+03:00,12.371427536010742,12.64285659790039,12.357142448425293,12.535714149475098,4375091,0.0,0.0
2024-02-16 00:00:00+03:00,12.535714149475098,12.592857360839844,12.335714340209961,12.54285717010498,2922353,0.0,0.0
2024-02-19 00:00:00+03:00,12.55714225769043,12.685713768005371,12.285714149475098,12.335714340209961,3546410,0.0,0.0
2024-02-20 00:00:00+03:00,12.314285278320312,12.478570938110352,12.199999809265137,12.478570938110352,1858451,0.0,0.0
2024-02-21 00:00:00+03:00,12.485713958740234,12.857142448425293,12.357142448425293,12.564285278320312,7153104,0.0,0.0
2024-02-22 00:00:00+03:00,12.785714149475098,13.007142066955566,12.685713768005371,12.942856788635254,6029156,0.0,0.0
2024-02-23 00:00:00+03:00,12.942856788635254,12.957141876220703,12.728570938110352,12.857142448425293,2368814,0.0,0.0
2024-02-26 00:00:00+03:00,12.928570747375488,13.050000190734863,12.857142448425293,12.914284706115723,3478552,0.0,0.0
2024-02-27 00:00:00+03:00,12.921427726745605,12.978570938110352,12.685713768005371,12.75,2402463,0.0,0.0
2024-02-28 00:00:00+03:00,12.742856979370117,12.828571319580078,12.571428298950195,12.814285278320312,3547453,0.0,0.0
2024-02-29 00:00:00+03:00,12.871427536010742,13.0,12.592857360839844,12.828571319580078,2617503,0.0,0.0
2024-03-01 00:00:00+03:00,12.800000190734863,13.80714225769043,12.75,13.742856979370117,10431582,0.0,0.0
2024-03-04 00:00:00+03:00,13.742856979370117,14.25,13.578571319580078,14.050000190734863,8658587,0.0,0.0
2024-03-05 00:00:00+03:00,14.064285278320312,14.228570938110352,13.242856979370117,13.550000190734863,5086256,0.0,0.0
2024-03-06 00:00:00+03:00,13.571428298950195,13.628570556640625,12.76428508758545,12.899999618530273,3466995,0.0,0.0
2024-03-07 00:00:00+03:00,13.028571128845215,13.300000190734863,12.964284896850586,13.271428108215332,3551996,0.0,0.0
2024-03-08 00:00:00+03:00,13.278571128845215,13.5,13.14285659790039,13.342857360839844,2961714,0.0,0.0
2024-03-11 00:00:00+03:00,13.342857360839844,13.628570556640625,13.342857360839844,13.435713768005371,3528420,0.0,0.0
2024-03-12 00:00:00+03:00,13.435713768005371,13.435713768005371,12.828571319580078,12.957141876220703,3146514,0.0,0.0
2024-03-13 00:00:00+03:00,13.0,13.035714149475098,12.485713958740234,12.571428298950195,3385942,0.0,0.0
2024-03-14 00:00:00+03:00,12.571428298950195,12.692856788635254,12.40714168548584,12.464284896850586,1538894,0.0,0.0
2024-03-15 00:00:00+03:00,12.607142448425293,12.64285659790039,12.357142448425293,12.628570556640625,2403569,0.0,0.0
2024-03-18 00:00:00+03:00,12.628570556640625,12.671427726745605,11.857142448425293,11.928570747375488,2820391,0.0,0.0
2024-03-19 00:00:00+03:00,11.928570747375488,12.278571128845215,11.814285278320312,12.278571128845215,1777643,0.0,0.0
2024-03-20 00:00:00+03:00,12.278571128845215,12.385713577270508,12.135713577270508,12.378570556640625,1079421,0.0,0.0
2024-03-21 00:00:00+03:00,12.428570747375488,12.464284896850586,12.107142448425293,12.30714225769043,1334865,0.0,0.0
2024-03-22 00:00:00+03:00,12.300000190734863,12.300000190734863,11.842857360839844,11.985713958740234,1027642,0.0,0.0
2024-03-25 00:00:00+03:00,11.978570938110352,12.064285278320312,11.728570938110352,11.79285717010498,1777902,0.0,0.0
2024-03-26 00:00:00+03:00,11.79285717010498,11.857142448425293,11.335714340209961,11.428570747375488,1283359,0.0,0.0
2024-03-27 00:00:00+03:00,11.399999618530273,11.664284706115723,11.30714225769043,11.635713577270508,1063265,0.0,0.0
2024-03-28 00:00:00+03:00,11.635713577270508,11.978570938110352,11.5,11.914284706115723,872998,0.0,0.0
2024-03-29 00:00:00+03:00,11.90714168548584,12.135713577270508,11.721427917480469,12.135713577270508,872942,0.0,0.0
2024-04-01 00:00:00+03:00,12.135713577270508,12.214284896850586,11.857142448425293,12.14285659790039,1251957,0.0,0.0
2024-04-02 00:00:00+03:00,12.14285659790039,12.221427917480469,11.707141876220703,11.707141876220703,2684276,0.0,0.0
2024-04-03 00:00:00+03:00,11.707141876220703,11.76428508758545,11.385713577270508,11.464284896850586,1052765,0.0,0.0
2024-04-04 00:00:00+03:00,11.414284706115723,11.835714340209961,11.414284706115723,11.671427726745605,1431262,0.0,0.0
2024-04-05 00:00:00+03:00,11.628570556640625,12.835714340209961,11.507142066955566,12.178570747375488,4724594,0.0,0.0
2024-04-08 00:00:00+03:00,12.14285659790039,12.39285659790039,11.842857360839844,12.378570556640625,5928139,0.0,0.0
2024-04-09 00:00:00+03:00,12.378570556640625,12.378570556640625,12.378570556640625,12.378570556640625,0,0.0,0.0
2024-04-15 00:00:00+03:00,12.5,12.90714168548584,12.414284706115723,12.778571128845215,3364886,0.0,0.0
2024-04-16 00:00:00+03:00,12.778571128845215,12.778571128845215,12.257142066955566,12.40714168548584,1942262,0.0,0.0
2024-04-17 00:00:00+03:00,12.371427536010742,12.585714340209961,12.214284896850586,12.300000190734863,2046429,0.0,0.0
2024-04-18 00:00:00+03:00,12.399999618530273,12.40714168548584,12.257142066955566,12.40714168548584,1622810,0.0,0.0
2024-04-19 00:00:00+03:00,12.457141876220703,12.828571319580078,12.314285278320312,12.828571319580078,3223591,0.0,0.0
2024-04-22 00:00:00+03:00,12.828571319580078,13.035714149475098,12.814285278320312,12.964284896850586,2502717,0.0,0.0
2024-04-24 00:00:00+03:00,12.964284896850586,13.092857360839844,12.621427536010742,12.714284896850586,1464162,0.0,0.0
2024-04-25 00:00:00+03:00,12.714284896850586,12.957141876220703,12.564285278320312,12.564285278320312,3369478,0.0,0.0
2024-04-26 00:00:00+03:00,12.550000190734863,12.828571319580078,12.550000190734863,12.757142066955566,3191062,0.0,0.0
2024-04-29 00:00:00+03:00,12.857142448425293,13.485713958740234,12.800000190734863,13.428570747375488,4835131,0.0,0.0
2024-04-30 00:00:00+03:00,13.564285278320312,13.707141876220703,13.435713768005371,13.55714225769043,3520587,0.0,0.0
2024-05-02 00:00:00+03:00,13.585714340209961,13.828571319580078,13.357142448425293,13.471427917480469,2913680,0.0,0.0
2024-05-03 00:00:00+03:00,13.478570938110352,14.600000381469727,13.449999809265137,14.414284706115723,7896098,0.0,0.0
2024-05-06 00:00:00+03:00,14.628570556640625,15.0,14.149999618530273,14.242856979370117,6938967,0.0,0.0
2024-05-07 00:00:00+03:00,13.850000381469727,13.850000381469727,12.821428298950195,12.964284896850586,12891921,0.0,0.0
2024-05-08 00:00:00+03:00,13.028571128845215,13.171427726745605,12.864285469055176,12.978570938110352,4071151,0.0,0.0
2024-05-09 00:00:00+03:00,13.54285717010498,13.714284896850586,12.928570747375488,12.949999809265137,8871191,0.0,0.0
2024-05-10 00:00:00+03:00,12.949999809265137,12.985713958740234,12.614285469055176,12.699999809265137,4691120,0.0,0.0
2024-05-13 00:00:00+03:00,12.707141876220703,12.785714149475098,12.199999809265137,12.257142066955566,3348114,0.0,0.0
2024-05-14 00:00:00+03:00,12.357142448425293,12.414284706115723,12.14285659790039,12.321428298950195,2209606,0.0,0.0
2024-05-15 00:00:00+03:00,12.342857360839844,12.414284706115723,12.121427536010742,12.221427917480469,2116702,0.0,0.0
2024-05-16 00:00:00+03:00,12.26428508758545,12.30714225769043,12.171427726745605,12.235713958740234,2908017,0.0,0.0
2024-05-17 00:00:00+03:00,12.235713958740234,12.335714340209961,12.235713958740234,12.285714149475098,4032266,0.0,0.0
2024-05-20 00:00:00+03:00,12.300000190734863,12.628570556640625,12.214284896850586,12.571428298950195,5506627,0.0,0.0
2024-05-21 00:00:00+03:00,12.585714340209961,12.914284706115723,12.421427726745605,12.835714340209961,5805548,0.0,0.0
2024-05-22 00:00:00+03:00,12.828571319580078,12.928570747375488,12.600000381469727,12.757142066955566,3635429,0.0,0.0
2024-05-23 00:00:00+03:00,12.778571128845215,13.342857360839844,12.757142066955566,13.021428108215332,7511140,0.0,0.0
2024-05-24 00:00:00+03:00,12.728570938110352,12.857142448425293,12.449999809265137,12.449999809265137,5948145,0.0,0.0
2024-05-27 00:00:00+03:00,12.5,12.578571319580078,12.26428508758545,12.285714149475098,2560425,0.0,0.0
2024-05-28 00:00:00+03:00,12.26428508758545,12.26428508758545,12.028571128845215,12.071428298950195,2870959,0.0,0.0
2024-05-29 00:00:00+03:00,12.071428298950195,12.164284706115723,11.728570938110352,11.800000190734863,2955652,0.0,0.0
2024-05-30 00:00:00+03:00,11.821428298950195,12.14285659790039,11.728570938110352,11.914284706115723,1973559,0.0,0.0
2024-05-31 00:00:00+03:00,12.178570747375488,13.050000190734863,12.178570747375488,12.65714168548584,11287206,0.0,0.0
2024-06-03 00:00:00+03:00,12.735713958740234,13.135713577270508,12.235713958740234,12.357142448425293,5461239,0.0,0.0
2024-06-04 00:00:00+03:00,12.371427536010742,12.51428508758545,12.285714149475098,12.357142448425293,2358384,0.0,0.0
2024-06-05 00:00:00+03:00,12.39285659790039,12.714284896850586,12.064285278320312,12.114285469055176,3158505,0.0,0.0
2024-06-06 00:00:00+03:00,12.15714168548584,12.350000381469727,12.15714168548584,12.278571128845215,1775662,0.0,0.0
2024-06-07 00:00:00+03:00,12.285714149475098,12.357142448425293,12.114285469055176,12.114285469055176,1532909,0.0,0.0
2024-06-10 00:00:00+03:00,12.114285469055176,12.128570556640625,11.635713577270508,11.714284896850586,3073441,0.0,0.0
2024-06-11 00:00:00+03:00,11.714284896850586,11.964284896850586,11.592857360839844,11.707141876220703,2967797,0.0,0.0
2024-06-12 00:00:00+03:00,11.692856788635254,11.828571319580078,11.571428298950195,11.75,2504446,0.0,0.0
2024-06-13 00:00:00+03:00,11.75,11.985713958740234,11.75,11.935713768005371,1245727,0.0,0.0
2024-06-14 00:00:00+03:00,12.021428108215332,12.235713958740234,11.971427917480469,12.071428298950195,2125452,0.0,0.0
2024-06-20 00:00:00+03:00,12.107142448425293,12.464284896850586,12.100000381469727,12.385713577270508,1486499,0.0,0.0
2024-06-21 00:00:00+03:00,12.428570747375488,12.914284706115723,12.414284706115723,12.878570556640625,2345434,0.0,0.0
2024-06-24 00:00:00+03:00,12.878570556640625,12.899999618530273,12.449999809265137,12.535714149475098,1886283,0.0,0.0
2024-06-25 00:00:00+03:00,12.535714149475098,12.635713577270508,12.228570938110352,12.228570938110352,934220,0.0,0.0
2024-06-26 00:00:00+03:00,12.228570938110352,12.357142448425293,12.107142448425293,12.30714225769043,1626562,0.0,0.0
2024-06-27 00:00:00+03:00,12.30714225769043,12.457141876220703,12.114285469055176,12.40714168548584,1111404,0.0,0.0
2024-06-28 00:00:00+03:00,12.449999809265137,12.628570556640625,12.207141876220703,12.228570938110352,2898119,0.0,0.0
2024-07-01 00:00:00+03:00,12.357142448425293,13.185713768005371,12.357142448425293,12.850000381469727,7135170,0.0,0.0
2024-07-02 00:00:00+03:00,12.871427536010742,12.957141876220703,12.314285278320312,12.449999809265137,2203964,0.0,0.0
2024-07-03 00:00:00+03:00,12.492856979370117,12.578571319580078,12.214284896850586,12.342857360839844,1496677,0.0,0.0
2024-07-04 00:00:00+03:00,12.357142448425293,12.771428108215332,12.29285717010498,12.678570747375488,2147593,0.0,0.0
2024-07-05 00:00:00+03:00,12.678570747375488,12.735713958740234,12.507142066955566,12.592857360839844,1631532,0.0,0.0
2024-07-08 00:00:00+03:00,12.585714340209961,12.64285659790039,12.328571319580078,12.364285469055176,1983884,0.0,0.0
2024-07-09 00:00:00+03:00,12.378570556640625,12.528571128845215,12.314285278320312,12.442856788635254,2132956,0.0,0.0
2024-07-10 00:00:00+03:00,12.442856788635254,12.492856979370117,12.25,12.399999618530273,1549513,0.0,0.0
2024-07-11 00:00:00+03:00,12.421427726745605,12.80714225769043,12.414284706115723,12.771428108215332,1832145,0.0,0.0
2024-07-12 00:00:00+03:00,12.685713768005371,13.14285659790039,12.621427536010742,12.985713958740234,2610251,0.0,0.0
2024-07-16 00:00:00+03:00,12.985713958740234,13.357142448425293,12.871427536010742,13.192856788635254,2143715,0.0,0.0
2024-07-17 00:00:00+03:00,13.192856788635254,13.335714340209961,12.992856979370117,13.007142066955566,1472289,0.0,0.0
2024-07-18 00:00:00+03:00,12.985713958740234,13.314285278320312,12.985713958740234,13.100000381469727,1244012,0.0,0.0
2024-07-19 00:00:00+03:00,13.107142448425293,13.228570938110352,12.850000381469727,12.957141876220703,1167026,0.0,0.0
2024-07-22 00:00:00+03:00,13.007142066955566,13.278571128845215,13.007142066955566,13.071428298950195,1603063,0.0,0.0
2024-07-23 00:00:00+03:00,13.071428298950195,13.228570938110352,12.914284706115723,13.078571319580078,1150121,0.0,0.0
2024-07-24 00:00:00+03:00,13.078571319580078,13.257142066955566,12.89285659790039,12.89285659790039,1011598,0.0,0.0
2024-07-25 00:00:00+03:00,12.899999618530273,13.04285717010498,12.721427917480469,12.75,1040802,0.0,0.0
2024-07-26 00:00:00+03:00,12.778571128845215,13.442856788635254,12.778571128845215,12.871427536010742,3486819,0.0,0.0
2024-07-29 00:00:00+03:00,12.785714149475098,12.871427536010742,12.207141876220703,12.285714149475098,2515191,0.0,0.0
2024-07-30 00:00:00+03:00,12.442856788635254,12.442856788635254,12.171427726745605,12.214284896850586,1516298,0.0,0.0
2024-07-31 00:00:00+03:00,12.214284896850586,12.25,12.007142066955566,12.185713768005371,1398495,0.0,0.0
2024-08-01 00:00:00+03:00,12.300000190734863,12.428570747375488,12.185713768005371,12.314285278320312,1137493,0.0,0.0
2024-08-02 00:00:00+03:00,12.26428508758545,12.507142066955566,12.078571319580078,12.171427726745605,1987293,0.0,0.0
2024-08-05 00:00:00+03:00,11.90714168548584,11.90714168548584,11.14285659790039,11.300000190734863,2663892,0.0,0.0
2024-08-06 00:00:00+03:00,11.714284896850586,11.800000190734863,11.385713577270508,11.571428298950195,1430576,0.0,0.0
2024-08-07 00:00:00+03:00,11.585714340209961,11.814285278320312,11.492856979370117,11.64285659790039,1540336,0.0,0.0
2024-08-08 00:00:00+03:00,11.592857360839844,12.785714149475098,11.585714340209961,12.664284706115723,5764150,0.0,0.0
2024-08-09 00:00:00+03:00,12.300000190734863,12.428570747375488,11.79285717010498,11.79285717010498,3819963,0.0,0.0
2024-08-12 00:00:00+03:00,11.928570747375488,11.978570938110352,11.428570747375488,11.535714149475098,2631608,0.0,0.0
2024-08-13 00:00:00+03:00,11.521428108215332,11.635713577270508,11.428570747375488,11.585714340209961,1362585,0.0,0.0
2024-08-14 00:00:00+03:00,11.714284896850586,12.0,11.621427536010742,11.671427726745605,1865997,0.0,0.0
2024-08-15 00:00:00+03:00,11.785714149475098,11.89285659790039,11.621427536010742,11.735713958740234,2130555,0.0,0.0
2024-08-16 00:00:00+03:00,11.79285717010498,11.985713958740234,11.714284896850586,11.878570556640625,1671264,0.0,0.0
2024-08-19 00:00:00+03:00,11.878570556640625,11.978570938110352,11.79285717010498,11.957141876220703,2042572,0.0,0.0
2024-08-20 00:00:00+03:00,11.842857360839844,12.028571128845215,11.771428108215332,11.800000190734863,1370068,0.0,0.0
2024-08-21 00:00:00+03:00,11.771428108215332,11.864285469055176,11.678570747375488,11.771428108215332,1074248,0.0,0.0
2024-08-22 00:00:00+03:00,11.79285717010498,11.928570747375488,11.671427726745605,11.757142066955566,1123465,0.0,0.0
2024-08-23 00:00:00+03:00,11.728570938110352,11.800000190734863,11.457141876220703,11.492856979370117,1058127,0.0,0.0
2024-08-26 00:00:00+03:00,11.65714168548584,11.778571128845215,11.457141876220703,11.5,1680588,0.0,0.0
2024-08-27 00:00:00+03:00,11.5,11.79285717010498,11.428570747375488,11.76428508758545,1553797,0.0,0.0
2024-08-28 00:00:00+03:00,11.510000228881836,12.930000305175781,10.9399995803833,12.930000305175781,7592202,0.0,7.0
2024-08-29 00:00:00+03:00,13.199999809265137,13.4399995803833,12.34000015258789,12.34000015258789,5323789,0.0,0.0
2024-09-02 00:00:00+03:00,12.350000381469727,13.149999618530273,12.210000038146973,12.630000114440918,3117602,0.0,0.0
2024-09-03 00:00:00+03:00,12.630000114440918,12.720000267028809,12.199999809265137,12.5,1472958,0.0,0.0
2024-09-04 00:00:00+03:00,12.34000015258789,12.600000381469727,12.0600004196167,12.119999885559082,1344075,0.0,0.0
2024-09-05 00:00:00+03:00,12.199999809265137,12.350000381469727,12.170000076293945,12.199999809265137,1221602,0.0,0.0
2024-09-06 00:00:00+03:00,12.199999809265137,12.300000190734863,12.119999885559082,12.199999809265137,620876,0.0,0.0
2024-09-09 00:00:00+03:00,12.039999961853027,12.239999771118164,11.989999771118164,11.989999771118164,1065449,0.0,0.0
2024-09-10 00:00:00+03:00,12.0,12.15999984741211,11.760000228881836,11.800000190734863,1150341,0.0,0.0
2024-09-11 00:00:00+03:00,11.800000190734863,11.930000305175781,11.40999984741211,11.4399995803833,900543,0.0,0.0
2024-09-12 00:00:00+03:00,11.449999809265137,11.600000381469727,11.119999885559082,11.319999694824219,1173883,0.0,0.0
2024-09-13 00:00:00+03:00,11.390000343322754,11.65999984741211,11.270000457763672,11.640000343322754,858181,0.0,0.0
2024-09-16 00:00:00+03:00,11.600000381469727,11.649999618530273,11.25,11.319999694824219,1627225,0.0,0.0
2024-09-17 00:00:00+03:00,11.430000305175781,11.4399995803833,11.300000190734863,11.3100004196167,776741,0.0,0.0
2024-09-18 00:00:00+03:00,11.380000114440918,11.399999618530273,11.180000305175781,11.25,724269,0.0,0.0
2024-09-19 00:00:00+03:00,11.25,11.470000267028809,11.25,11.399999618530273,611447,0.0,0.0
2024-09-20 00:00:00+03:00,11.0,11.09000015258789,10.75,10.90999984741211,3211466,0.0,0.0
2024-09-23 00:00:00+03:00,11.010000228881836,11.010000228881836,10.699999809265137,10.729999542236328,1074602,0.0,0.0
2024-09-24 00:00:00+03:00,10.729999542236328,11.199999809265137,10.680000305175781,10.859999656677246,2173585,0.0,0.0
2024-09-25 00:00:00+03:00,10.880000114440918,10.949999809265137,10.550000190734863,10.579999923706055,1270530,0.0,0.0
2024-09-26 00:00:00+03:00,10.640000343322754,10.699999809265137,10.510000228881836,10.510000228881836,897964,0.0,0.0
2024-09-27 00:00:00+03:00,10.510000228881836,10.619999885559082,10.470000267028809,10.609999656677246,572950,0.0,0.0
2024-09-30 00:00:00+03:00,10.5,10.609999656677246,10.329999923706055,10.380000114440918,1205754,0.0,0.0
2024-10-01 00:00:00+03:00,10.380000114440918,10.380000114440918,9.720000267028809,9.9399995803833,1601562,0.0,0.0
2024-10-02 00:00:00+03:00,9.930000305175781,10.0,9.649999618530273,9.65999984741211,766072,0.0,0.0
2024-10-03 00:00:00+03:00,9.9399995803833,10.09000015258789,9.65999984741211,9.829999923706055,1154820,0.0,0.0
2024-10-04 00:00:00+03:00,9.880000114440918,9.979999542236328,9.770000457763672,9.9399995803833,689015,0.0,0.0
2024-10-07 00:00:00+03:00,9.949999809265137,10.069999694824219,9.880000114440918,9.90999984741211,659080,0.0,0.0
2024-10-08 00:00:00+03:00,9.90999984741211,9.949999809265137,9.789999961853027,9.800000190734863,381821,0.0,0.0
2024-10-09 00:00:00+03:00,9.800000190734863,9.949999809265137,9.770000457763672,9.920000076293945,423117,0.0,0.0
2024-10-10 00:00:00+03:00,9.989999771118164,10.149999618530273,9.90999984741211,9.949999809265137,711168,0.0,0.0
2024-10-11 00:00:00+03:00,9.949999809265137,9.979999542236328,9.720000267028809,9.739999771118164,654261,0.0,0.0
2024-10-14 00:00:00+03:00,9.739999771118164,9.819999694824219,9.420000076293945,9.420000076293945,627259,0.0,0.0
2024-10-15 00:00:00+03:00,9.420000076293945,9.630000114440918,9.300000190734863,9.529999732971191,454560,0.0,0.0
2024-10-16 00:00:00+03:00,9.539999961853027,9.680000305175781,9.430000305175781,9.600000381469727,708550,0.0,0.0
2024-10-17 00:00:00+03:00,9.600000381469727,10.229999542236328,9.539999961853027,9.8100004196167,3458236,0.0,0.0
2024-10-18 00:00:00+03:00,9.829999923706055,10.0,9.34000015258789,9.59000015258789,1614582,0.0,0.0
2024-10-21 00:00:00+03:00,9.600000381469727,9.75,9.479999542236328,9.5,709459,0.0,0.0
2024-10-22 00:00:00+03:00,9.5,9.600000381469727,9.4399995803833,9.550000190734863,643701,0.0,0.0
2024-10-23 00:00:00+03:00,9.600000381469727,9.649999618530273,9.34000015258789,9.34000015258789,411960,0.0,0.0
2024-10-24 00:00:00+03:00,9.369999885559082,9.5600004196167,9.369999885559082,9.510000228881836,882947,0.0,0.0
2024-10-25 00:00:00+03:00,9.520000457763672,9.670000076293945,9.460000038146973,9.529999732971191,1002521,0.0,0.0
2024-10-28 00:00:00+03:00,9.539999961853027,9.619999885559082,9.479999542236328,9.550000190734863,628289,0.0,0.0
2024-10-30 00:00:00+03:00,9.6899995803833,9.739999771118164,9.520000457763672,9.699999809265137,728183,0.0,0.0
2024-10-31 00:00:00+03:00,9.649999618530273,10.15999984741211,9.649999618530273,9.829999923706055,3430970,0.0,0.0
2024-11-01 00:00:00+03:00,9.829999923706055,10.130000114440918,9.649999618530273,9.869999885559082,2145102,0.0,0.0
2024-11-04 00:00:00+03:00,9.850000381469727,10.0,9.510000228881836,9.520000457763672,909970,0.0,0.0
2024-11-05 00:00:00+03:00,9.640000343322754,9.680000305175781,9.380000114440918,9.449999809265137,810905,0.0,0.0
2024-11-06 00:00:00+03:00,9.670000076293945,9.710000038146973,9.550000190734863,9.6899995803833,870252,0.0,0.0
2024-11-07 00:00:00+03:00,9.75,9.829999923706055,9.640000343322754,9.720000267028809,511471,0.0,0.0
2024-11-08 00:00:00+03:00,9.800000190734863,9.920000076293945,9.739999771118164,9.850000381469727,519994,0.0,0.0
2024-11-11 00:00:00+03:00,9.850000381469727,10.029999732971191,9.850000381469727,10.029999732971191,976667,0.0,0.0
2024-11-12 00:00:00+03:00,10.029999732971191,10.050000190734863,9.829999923706055,9.899999618530273,660301,0.0,0.0
2024-11-13 00:00:00+03:00,9.899999618530273,9.949999809265137,9.729999542236328,9.899999618530273,694852,0.0,0.0
2024-11-14 00:00:00+03:00,9.899999618530273,10.170000076293945,9.899999618530273,10.119999885559082,1105898,0.0,0.0
2024-11-15 00:00:00+03:00,10.130000114440918,10.449999809265137,10.0600004196167,10.300000190734863,1678797,0.0,0.0
2024-11-18 00:00:00+03:00,10.300000190734863,10.40999984741211,10.079999923706055,10.260000228881836,1036050,0.0,0.0
2024-11-19 00:00:00+03:00,10.260000228881836,10.319999694824219,9.800000190734863,9.90999984741211,870431,0.0,0.0
2024-11-20 00:00:00+03:00,10.140000343322754,10.180000305175781,9.65999984741211,9.6899995803833,1082698,0.0,0.0
2024-11-21 00:00:00+03:00,9.609999656677246,10.109999656677246,9.609999656677246,10.010000228881836,1058394,0.0,0.0
2024-11-22 00:00:00+03:00,10.010000228881836,10.15999984741211,9.930000305175781,10.09000015258789,819429,0.0,0.0
2024-11-25 00:00:00+03:00,10.149999618530273,10.270000457763672,10.039999961853027,10.119999885559082,1008764,0.0,0.0
2024-11-26 00:00:00+03:00,10.1899995803833,10.220000267028809,10.0,10.069999694824219,725624,0.0,0.0
2024-11-27 00:00:00+03:00,10.180000305175781,10.1899995803833,9.960000038146973,9.970000267028809,804096,0.0,0.0
2024-11-28 00:00:00+03:00,9.979999542236328,10.029999732971191,9.930000305175781,10.020000457763672,1007522,0.0,0.0
2024-11-29 00:00:00+03:00,10.020000457763672,10.119999885559082,9.970000267028809,10.039999961853027,935736,0.0,0.0
2024-12-02 00:00:00+03:00,10.039999961853027,10.1899995803833,9.970000267028809,10.029999732971191,1305554,0.0,0.0
2024-12-03 00:00:00+03:00,10.069999694824219,10.220000267028809,10.050000190734863,10.130000114440918,831992,0.0,0.0
2024-12-04 00:00:00+03:00,10.15999984741211,10.300000190734863,10.130000114440918,10.229999542236328,1396404,0.0,0.0
2024-12-05 00:00:00+03:00,10.300000190734863,10.350000381469727,10.130000114440918,10.1899995803833,2353647,0.0,0.0
2024-12-06 00:00:00+03:00,10.239999771118164,10.270000457763672,10.0600004196167,10.180000305175781,3800579,0.0,0.0
2024-12-09 00:00:00+03:00,10.239999771118164,10.520000457763672,10.210000038146973,10.34000015258789,2898603,0.0,0.0
2024-12-10 00:00:00+03:00,10.479999542236328,10.520000457763672,10.170000076293945,10.199999809265137,2098248,0.0,0.0
2024-12-11 00:00:00+03:00,10.270000457763672,10.279999732971191,10.100000381469727,10.109999656677246,1723858,0.0,0.0
2024-12-12 00:00:00+03:00,10.15999984741211,10.319999694824219,10.119999885559082,10.140000343322754,1415406,0.0,0.0
2024-12-13 00:00:00+03:00,10.15999984741211,10.199999809265137,9.850000381469727,10.100000381469727,1904483,0.0,0.0
2024-12-16 00:00:00+03:00,10.199999809265137,10.4399995803833,10.180000305175781,10.279999732971191,2889898,0.0,0.0
2024-12-17 00:00:00+03:00,10.319999694824219,10.369999885559082,9.989999771118164,10.34000015258789,1857760,0.0,0.0
2024-12-18 00:00:00+03:00,10.34000015258789,10.420000076293945,10.109999656677246,10.170000076293945,1794511,0.0,0.0
2024-12-19 00:00:00+03:00,10.130000114440918,10.140000343322754,9.970000267028809,10.050000190734863,1948954,0.0,0.0
2024-12-20 00:00:00+03:00,10.050000190734863,10.130000114440918,9.899999618530273,9.979999542236328,1510248,0.0,0.0
2024-12-23 00:00:00+03:00,10.029999732971191,10.079999923706055,9.819999694824219,9.819999694824219,1481466,0.0,0.0
2024-12-24 00:00:00+03:00,9.859999656677246,9.899999618530273,9.729999542236328,9.779999732971191,651950,0.0,0.0
2024-12-25 00:00:00+03:00,9.869999885559082,9.989999771118164,9.84000015258789,9.930000305175781,720423,0.0,0.0
2024-12-26 00:00:00+03:00,10.0,10.0,9.829999923706055,9.880000114440918,841337,0.0,0.0
2024-12-27 00:00:00+03:00,9.899999618530273,10.029999732971191,9.880000114440918,10.0,1158541,0.0,0.0
2024-12-30 00:00:00+03:00,10.020000457763672,10.0600004196167,9.9399995803833,9.949999809265137,814658,0.0,0.0
2024-12-31 00:00:00+03:00,9.949999809265137,10.069999694824219,9.789999961853027,9.920000076293945,1414060,0.0,0.0
2025-01-02 00:00:00+03:00,9.949999809265137,10.0600004196167,9.899999618530273,10.0,1222978,0.0,0.0
2025-01-03 00:00:00+03:00,10.020000457763672,10.289999961853027,10.0,10.180000305175781,1870864,0.0,0.0
2025-01-06 00:00:00+03:00,10.34000015258789,10.5,10.220000267028809,10.350000381469727,2194513,0.0,0.0
2025-01-07 00:00:00+03:00,10.359999656677246,10.399999618530273,10.239999771118164,10.329999923706055,1000453,0.0,0.0
2025-01-08 00:00:00+03:00,10.319999694824219,10.34000015258789,10.050000190734863,10.09000015258789,1175770,0.0,0.0
2025-01-09 00:00:00+03:00,10.09000015258789,10.25,10.0600004196167,10.220000267028809,907819,0.0,0.0
2025-01-10 00:00:00+03:00,10.220000267028809,10.25,9.989999771118164,10.050000190734863,975185,0.0,0.0
2025-01-13 00:00:00+03:00,10.039999961853027,10.039999961853027,9.779999732971191,9.779999732971191,1202930,0.0,0.0
2025-01-14 00:00:00+03:00,9.779999732971191,9.899999618530273,9.300000190734863,9.6899995803833,1024682,0.0,0.0
2025-01-15 00:00:00+03:00,9.6899995803833,9.84000015258789,9.59000015258789,9.800000190734863,794286,0.0,0.0
2025-01-16 00:00:00+03:00,9.850000381469727,9.960000038146973,9.779999732971191,9.90999984741211,713053,0.0,0.0
2025-01-17 00:00:00+03:00,9.90999984741211,10.039999961853027,9.880000114440918,10.039999961853027,730102,0.0,0.0
2025-01-20 00:00:00+03:00,10.039999961853027,10.319999694824219,9.960000038146973,10.039999961853027,1616305,0.0,0.0
2025-01-21 00:00:00+03:00,10.029999732971191,10.800000190734863,9.920000076293945,10.140000343322754,4941553,0.0,0.0
2025-01-22 00:00:00+03:00,10.140000343322754,10.210000038146973,9.979999542236328,10.119999885559082,2005654,0.0,0.0
2025-01-23 00:00:00+03:00,10.130000114440918,10.239999771118164,10.069999694824219,10.079999923706055,1310967,0.0,0.0
2025-01-24 00:00:00+03:00,10.140000343322754,10.220000267028809,10.010000228881836,10.069999694824219,971128,0.0,0.0
2025-01-27 00:00:00+03:00,10.069999694824219,10.119999885559082,9.880000114440918,9.9399995803833,1694979,0.0,0.0
2025-01-28 00:00:00+03:00,9.989999771118164,10.020000457763672,9.890000343322754,9.90999984741211,909008,0.0,0.0
2025-01-29 00:00:00+03:00,9.920000076293945,9.989999771118164,9.4399995803833,9.819999694824219,1074415,0.0,0.0
2025-01-30 00:00:00+03:00,9.819999694824219,9.949999809265137,9.819999694824219,9.84000015258789,970507,0.0,0.0
2025-01-31 00:00:00+03:00,9.84000015258789,9.890000343322754,9.670000076293945,9.720000267028809,811452,0.0,0.0
2025-02-03 00:00:00+03:00,9.720000267028809,9.930000305175781,9.5,9.550000190734863,2156292,0.0,0.0
2025-02-04 00:00:00+03:00,9.569999694824219,9.670000076293945,9.34000015258789,9.520000457763672,614839,0.0,0.0
2025-02-05 00:00:00+03:00,9.520000457763672,9.59000015258789,9.399999618530273,9.489999771118164,558282,0.0,0.0
2025-02-06 00:00:00+03:00,9.5,9.609999656677246,9.5,9.5600004196167,662203,0.0,0.0
2025-02-07 00:00:00+03:00,9.5600004196167,9.899999618530273,9.550000190734863,9.699999809265137,1293132,0.0,0.0
2025-02-10 00:00:00+03:00,9.739999771118164,9.84000015258789,9.619999885559082,9.680000305175781,461560,0.0,0.0
2025-02-11 00:00:00+03:00,9.670000076293945,9.800000190734863,9.619999885559082,9.6899995803833,565411,0.0,0.0
2025-02-12 00:00:00+03:00,9.6899995803833,9.729999542236328,9.489999771118164,9.529999732971191,729772,0.0,0.0
2025-02-13 00:00:00+03:00,9.539999961853027,9.720000267028809,9.489999771118164,9.5600004196167,1184755,0.0,0.0
2025-02-14 00:00:00+03:00,9.569999694824219,9.65999984741211,9.529999732971191,9.630000114440918,748682,0.0,0.0
2025-02-17 00:00:00+03:00,9.630000114440918,9.710000038146973,9.550000190734863,9.630000114440918,914260,0.0,0.0
2025-02-18 00:00:00+03:00,9.630000114440918,9.630000114440918,9.420000076293945,9.470000267028809,1051118,0.0,0.0
2025-02-19 00:00:00+03:00,9.470000267028809,9.5600004196167,9.260000228881836,9.279999732971191,988327,0.0,0.0
2025-02-20 00:00:00+03:00,9.279999732971191,9.600000381469727,9.270000457763672,9.430000305175781,569856,0.0,0.0
2025-02-21 00:00:00+03:00,9.430000305175781,9.569999694824219,9.199999809265137,9.279999732971191,740715,0.0,0.0
2025-02-24 00:00:00+03:00,9.380000114440918,9.550000190734863,9.34000015258789,9.420000076293945,962267,0.0,0.0
2025-02-25 00:00:00+03:00,9.4399995803833,9.489999771118164,9.149999618530273,9.1899995803833,1148605,0.0,0.0
2025-02-26 00:00:00+03:00,9.260000228881836,9.279999732971191,9.100000381469727,9.229999542236328,810811,0.0,0.0
2025-02-27 00:00:00+03:00,9.229999542236328,9.350000381469727,9.140000343322754,9.3100004196167,495084,0.0,0.0
2025-02-28 00:00:00+03:00,9.300000190734863,9.489999771118164,9.210000038146973,9.289999961853027,1288002,0.0,0.0
2025-03-03 00:00:00+03:00,9.640000343322754,9.640000343322754,9.300000190734863,9.380000114440918,933084,0.0,0.0
2025-03-04 00:00:00+03:00,9.1899995803833,9.479999542236328,8.449999809265137,8.5,4537766,0.0,0.0
2025-03-05 00:00:00+03:00,8.5,8.539999961853027,8.079999923706055,8.149999618530273,5746267,0.0,0.0
2025-03-06 00:00:00+03:00,8.15999984741211,8.319999694824219,8.09000015258789,8.279999732971191,4197117,0.0,0.0
2025-03-07 00:00:00+03:00,8.319999694824219,8.420000076293945,8.270000457763672,8.40999984741211,2940268,0.0,0.0
2025-03-10 00:00:00+03:00,8.5,8.579999923706055,8.4399995803833,8.5,1929531,0.0,0.0
2025-03-11 00:00:00+03:00,8.600000381469727,8.600000381469727,8.399999618530273,8.489999771118164,1475697,0.0,0.0
2025-03-12 00:00:00+03:00,8.510000228881836,8.649999618530273,8.460000038146973,8.579999923706055,2515082,0.0,0.0
2025-03-13 00:00:00+03:00,8.579999923706055,8.739999771118164,8.579999923706055,8.680000305175781,1932997,0.0,0.0
2025-03-14 00:00:00+03:00,8.680000305175781,8.84000015258789,8.619999885559082,8.779999732971191,1679238,0.0,0.0
2025-03-17 00:00:00+03:00,8.779999732971191,9.050000190734863,8.680000305175781,9.020000457763672,1902913,0.0,0.0
2025-03-18 00:00:00+03:00,9.020000457763672,9.020000457763672,8.84000015258789,8.930000305175781,1088957,0.0,0.0
2025-03-19 00:00:00+03:00,8.489999771118164,8.640000343322754,8.109999656677246,8.1899995803833,1939958,0.0,0.0
2025-03-20 00:00:00+03:00,8.199999809265137,8.5,8.15999984741211,8.25,1768550,0.0,0.0
2025-03-21 00:00:00+03:00,8.220000267028809,8.220000267028809,7.730000019073486,7.820000171661377,1667599,0.0,0.0
2025-03-24 00:00:00+03:00,7.820000171661377,8.100000381469727,7.650000095367432,7.940000057220459,1551148,0.0,0.0
2025-03-25 00:00:00+03:00,7.809999942779541,8.289999961853027,7.809999942779541,8.279999732971191,1345533,0.0,0.0
2025-03-26 00:00:00+03:00,8.279999732971191,8.359999656677246,8.1899995803833,8.329999923706055,678251,0.0,0.0
2025-03-27 00:00:00+03:00,8.329999923706055,8.479999542236328,8.319999694824219,8.329999923706055,842565,0.0,0.0
2025-03-28 00:00:00+03:00,8.329999923706055,8.369999885559082,8.149999618530273,8.350000381469727,733397,0.0,0.0
2025-04-02 00:00:00+03:00,8.350000381469727,8.470000267028809,8.319999694824219,8.329999923706055,699077,0.0,0.0
2025-04-03 00:00:00+03:00,8.369999885559082,8.489999771118164,8.300000190734863,8.380000114440918,1721432,0.0,0.0
2025-04-04 00:00:00+03:00,8.380000114440918,8.420000076293945,8.199999809265137,8.270000457763672,624509,0.0,0.0
2025-04-07 00:00:00+03:00,8.239999771118164,8.270000457763672,8.010000228881836,8.180000305175781,751466,0.0,0.0
2025-04-08 00:00:00+03:00,8.260000228881836,8.420000076293945,8.260000228881836,8.380000114440918,1362198,0.0,0.0
2025-04-09 00:00:00+03:00,8.319999694824219,8.399999618530273,8.050000190734863,8.260000228881836,864447,0.0,0.0
2025-04-10 00:00:00+03:00,8.630000114440918,8.630000114440918,8.369999885559082,8.399999618530273,866459,0.0,0.0
2025-04-11 00:00:00+03:00,8.399999618530273,8.40999984741211,8.279999732971191,8.329999923706055,908209,0.0,0.0
2025-04-14 00:00:00+03:00,8.350000381469727,8.75,8.350000381469727,8.569999694824219,1616137,0.0,0.0
2025-04-15 00:00:00+03:00,8.619999885559082,8.899999618530273,8.550000190734863,8.600000381469727,1818735,0.0,0.0
2025-04-16 00:00:00+03:00,8.699999809265137,8.699999809265137,8.1899995803833,8.380000114440918,3011944,0.0,0.0
2025-04-17 00:00:00+03:00,8.279999732971191,8.420000076293945,8.220000267028809,8.34000015258789,964016,0.0,0.0
2025-04-18 00:00:00+03:00,8.350000381469727,8.399999618530273,8.289999961853027,8.319999694824219,528466,0.0,0.0
2025-04-21 00:00:00+03:00,8.319999694824219,8.470000267028809,8.210000038146973,8.260000228881836,939422,0.0,0.0
2025-04-22 00:00:00+03:00,8.260000228881836,8.34000015258789,8.149999618530273,8.170000076293945,644930,0.0,0.0
2025-04-24 00:00:00+03:00,8.170000076293945,8.34000015258789,8.15999984741211,8.34000015258789,697602,0.0,0.0
2025-04-25 00:00:00+03:00,8.34000015258789,8.729999542236328,8.34000015258789,8.630000114440918,2006661,0.0,0.0
2025-04-28 00:00:00+03:00,8.630000114440918,8.680000305175781,8.390000343322754,8.390000343322754,1351895,0.0,0.0
2025-04-29 00:00:00+03:00,8.399999618530273,8.539999961853027,8.350000381469727,8.4399995803833,1154931,0.0,0.0
2025-04-30 00:00:00+03:00,8.619999885559082,8.920000076293945,8.470000267028809,8.539999961853027,3231943,0.0,0.0
2025-05-02 00:00:00+03:00,9.369999885559082,9.390000343322754,9.029999732971191,9.390000343322754,9244158,0.0,0.0
2025-05-05 00:00:00+03:00,9.579999923706055,10.09000015258789,9.25,9.270000457763672,10148554,0.0,0.0
2025-05-06 00:00:00+03:00,9.300000190734863,9.619999885559082,9.220000267028809,9.4399995803833,2874275,0.0,0.0
2025-05-07 00:00:00+03:00,9.4399995803833,9.5,9.020000457763672,9.109999656677246,2808049,0.0,0.0
2025-05-08 00:00:00+03:00,9.199999809265137,9.239999771118164,9.119999885559082,9.170000076293945,866551,0.0,0.0
2025-05-09 00:00:00+03:00,9.140000343322754,9.1899995803833,9.0,9.09000015258789,1415042,0.0,0.0
2025-05-12 00:00:00+03:00,9.180000305175781,9.649999618530273,9.180000305175781,9.59000015258789,3134489,0.0,0.0
2025-05-13 00:00:00+03:00,9.59000015258789,9.710000038146973,9.390000343322754,9.550000190734863,2264664,0.0,0.0
2025-05-14 00:00:00+03:00,9.5600004196167,9.680000305175781,9.350000381469727,9.399999618530273,2502096,0.0,0.0
2025-05-15 00:00:00+03:00,9.390000343322754,9.529999732971191,9.239999771118164,9.3100004196167,1158391,0.0,0.0
2025-05-16 00:00:00+03:00,9.319999694824219,9.399999618530273,9.229999542236328,9.34000015258789,1652927,0.0,0.0
2025-05-20 00:00:00+03:00,9.40999984741211,9.420000076293945,9.229999542236328,9.270000457763672,1164195,0.0,0.0
2025-05-21 00:00:00+03:00,9.25,9.300000190734863,9.0600004196167,9.180000305175781,1368130,0.0,0.0
2025-05-22 00:00:00+03:00,9.180000305175781,9.390000343322754,9.039999961853027,9.180000305175781,3015446,0.0,0.0
2025-05-23 00:00:00+03:00,9.229999542236328,9.3100004196167,9.09000015258789,9.109999656677246,1767382,0.0,0.0
2025-05-26 00:00:00+03:00,9.109999656677246,9.199999809265137,9.020000457763672,9.069999694824219,1204102,0.0,0.0
2025-05-27 00:00:00+03:00,9.09000015258789,9.180000305175781,8.859999656677246,8.890000343322754,1567251,0.0,0.0
2025-05-28 00:00:00+03:00,9.0,9.0,8.699999809265137,8.760000228881836,1248288,0.0,0.0
2025-05-29 00:00:00+03:00,9.010000228881836,9.069999694824219,8.710000038146973,8.899999618530273,2115653,0.0,0.0
2025-05-30 00:00:00+03:00,8.90999984741211,8.930000305175781,8.640000343322754,8.680000305175781,1273985,0.0,0.0
2025-06-02 00:00:00+03:00,8.680000305175781,8.6899995803833,8.4399995803833,8.449999809265137,955263,0.0,0.0
2025-06-03 00:00:00+03:00,8.5,8.699999809265137,8.5,8.670000076293945,556946,0.0,0.0
2025-06-04 00:00:00+03:00,8.739999771118164,8.789999961853027,8.579999923706055,8.729999542236328,996240,0.0,0.0
2025-06-05 00:00:00+03:00,8.729999542236328,8.819999694824219,8.6899995803833,8.789999961853027,323670,0.0,0.0
2025-06-10 00:00:00+03:00,8.880000114440918,9.0600004196167,8.84000015258789,8.989999771118164,976695,0.0,0.0
2025-06-11 00:00:00+03:00,9.010000228881836,9.109999656677246,8.899999618530273,9.0,781322,0.0,0.0
2025-06-12 00:00:00+03:00,8.920000076293945,8.9399995803833,8.770000457763672,8.819999694824219,796481,0.0,0.0
2025-06-13 00:00:00+03:00,8.600000381469727,8.680000305175781,8.359999656677246,8.680000305175781,1337182,0.0,0.0
2025-06-16 00:00:00+03:00,8.699999809265137,8.899999618530273,8.529999732971191,8.819999694824219,1076151,0.0,0.0
2025-06-17 00:00:00+03:00,8.8100004196167,8.869999885559082,8.729999542236328,8.789999961853027,714017,0.0,0.0
2025-06-18 00:00:00+03:00,8.789999961853027,8.789999961853027,8.449999809265137,8.470000267028809,723384,0.0,0.0
2025-06-19 00:00:00+03:00,8.680000305175781,8.680000305175781,8.350000381469727,8.489999771118164,860388,0.0,0.0
2025-06-20 00:00:00+03:00,8.649999618530273,8.90999984741211,8.529999732971191,8.710000038146973,1295588,0.0,0.0
2025-06-23 00:00:00+03:00,8.600000381469727,8.789999961853027,8.489999771118164,8.649999618530273,680814,0.0,0.0
2025-06-24 00:00:00+03:00,8.899999618530273,8.979999542236328,8.800000190734863,8.930000305175781,971176,0.0,0.0
2025-06-25 00:00:00+03:00,9.0,9.069999694824219,8.890000343322754,8.899999618530273,948127,0.0,0.0
2025-06-26 00:00:00+03:00,8.90999984741211,9.029999732971191,8.890000343322754,8.899999618530273,759152,0.0,0.0
2025-06-27 00:00:00+03:00,8.930000305175781,8.960000038146973,8.710000038146973,8.90999984741211,763367,0.0,0.0
2025-06-30 00:00:00+03:00,8.970000267028809,9.15999984741211,8.930000305175781,9.100000381469727,1383431,0.0,0.0
2025-07-01 00:00:00+03:00,9.180000305175781,9.270000457763672,9.09000015258789,9.260000228881836,972266,0.0,0.0
2025-07-02 00:00:00+03:00,9.25,9.350000381469727,9.180000305175781,9.229999542236328,1522674,0.0,0.0
2025-07-03 00:00:00+03:00,9.270000457763672,9.399999618530273,9.239999771118164,9.359999656677246,1918799,0.0,0.0
2025-07-04 00:00:00+03:00,9.359999656677246,9.40999984741211,9.220000267028809,9.350000381469727,1041909,0.0,0.0
2025-07-07 00:00:00+03:00,9.34000015258789,9.34000015258789,9.069999694824219,9.140000343322754,1549005,0.0,0.0
2025-07-08 00:00:00+03:00,9.279999732971191,9.3100004196167,9.050000190734863,9.119999885559082,630691,0.0,0.0
2025-07-09 00:00:00+03:00,9.210000038146973,9.300000190734863,9.119999885559082,9.260000228881836,1253828,0.0,0.0
2025-07-10 00:00:00+03:00,9.270000457763672,9.449999809265137,9.260000228881836,9.3100004196167,1486908,0.0,0.0
2025-07-11 00:00:00+03:00,9.350000381469727,9.430000305175781,9.210000038146973,9.369999885559082,2180209,0.0,0.0
2025-07-14 00:00:00+03:00,9.380000114440918,9.4399995803833,9.289999961853027,9.329999923706055,1416918,0.0,0.0
2025-07-16 00:00:00+03:00,9.289999961853027,9.5,9.130000114440918,9.229999542236328,1415190,0.0,0.0
2025-07-17 00:00:00+03:00,9.270000457763672,9.4399995803833,9.270000457763672,9.4399995803833,1150426,0.0,0.0
2025-07-18 00:00:00+03:00,9.4399995803833,9.649999618530273,9.369999885559082,9.59000015258789,1558336,0.0,0.0
2025-07-21 00:00:00+03:00,9.609999656677246,9.890000343322754,9.609999656677246,9.869999885559082,1892857,0.0,0.0
2025-07-22 00:00:00+03:00,9.979999542236328,10.100000381469727,9.850000381469727,10.0,2237384,0.0,0.0
2025-07-23 00:00:00+03:00,10.020000457763672,10.079999923706055,9.890000343322754,9.960000038146973,1386362,0.0,0.0
2025-07-24 00:00:00+03:00,9.960000038146973,10.210000038146973,9.960000038146973,10.119999885559082,1541521,0.0,0.0
2025-07-25 00:00:00+03:00,10.130000114440918,10.279999732971191,10.0600004196167,10.170000076293945,1390704,0.0,0.0
2025-07-28 00:00:00+03:00,10.15999984741211,10.34000015258789,10.069999694824219,10.25,2016594,0.0,0.0
2025-07-29 00:00:00+03:00,10.279999732971191,10.90999984741211,10.279999732971191,10.8100004196167,5140901,0.0,0.0
2025-07-30 00:00:00+03:00,10.829999923706055,11.890000343322754,10.8100004196167,11.579999923706055,10345600,0.0,0.0
2025-07-31 00:00:00+03:00,11.510000228881836,12.069999694824219,11.329999923706055,11.380000114440918,5858399,0.0,0.0
2025-08-01 00:00:00+03:00,11.329999923706055,11.600000381469727,11.149999618530273,11.380000114440918,4387105,0.0,0.0
2025-08-04 00:00:00+03:00,11.380000114440918,12.399999618530273,11.279999732971191,12.25,9965801,0.0,0.0
2025-08-05 00:00:00+03:00,12.40999984741211,12.850000381469727,12.260000228881836,12.5,11083409,0.0,0.0
2025-08-06 00:00:00+03:00,12.600000381469727,12.600000381469727,12.069999694824219,12.149999618530273,6535706,0.0,0.0
2025-08-07 00:00:00+03:00,12.149999618530273,13.359999656677246,12.140000343322754,12.6899995803833,19009665,0.0,0.0
2025-08-08 00:00:00+03:00,12.6899995803833,13.319999694824219,12.640000343322754,12.789999961853027,10029231,0.0,0.0
2025-08-11 00:00:00+03:00,12.420000076293945,13.279999732971191,12.140000343322754,13.029999732971191,13453396,0.0,0.0
2025-08-12 00:00:00+03:00,13.029999732971191,13.449999809265137,12.59000015258789,12.609999656677246,5807230,0.0,0.0
2025-08-13 00:00:00+03:00,12.65999984741211,12.6899995803833,12.109999656677246,12.319999694824219,4419786,0.0,0.0
2025-08-14 00:00:00+03:00,12.100000381469727,12.270000457763672,11.989999771118164,12.010000228881836,3139068,0.0,0.0
2025-08-15 00:00:00+03:00,12.010000228881836,12.619999885559082,12.010000228881836,12.130000114440918,2805238,0.0,0.0
2025-08-18 00:00:00+03:00,12.130000114440918,12.449999809265137,12.079999923706055,12.079999923706055,1747219,0.0,0.0
2025-08-19 00:00:00+03:00,12.100000381469727,12.140000343322754,11.729999542236328,11.75,2405522,0.0,0.0
2025-08-20 00:00:00+03:00,11.699999809265137,12.4399995803833,11.65999984741211,12.0,5213971,0.0,0.0
2025-08-21 00:00:00+03:00,12.050000190734863,12.479999542236328,12.029999732971191,12.109999656677246,2755002,0.0,0.0
2025-08-22 00:00:00+03:00,12.140000343322754,12.319999694824219,12.0,12.029999732971191,1511094,0.0,0.0
2025-08-25 00:00:00+03:00,12.199999809265137,13.229999542236328,12.09000015258789,13.0,12150599,0.0,0.0
2025-08-26 00:00:00+03:00,13.300000190734863,13.300000190734863,12.8100004196167,13.100000381469727,4802463,0.0,0.0
2025-08-27 00:00:00+03:00,13.100000381469727,13.109999656677246,12.609999656677246,12.890000343322754,2211634,0.0,0.0
2025-08-28 00:00:00+03:00,12.979999542236328,12.979999542236328,12.460000038146973,12.880000114440918,3267981,0.0,0.0
2025-08-29 00:00:00+03:00,12.960000038146973,13.050000190734863,12.699999809265137,13.0,2307584,0.0,0.0
2025-09-01 00:00:00+03:00,13.149999618530273,13.34000015258789,12.899999618530273,13.34000015258789,3569830,0.0,0.0
2025-09-02 00:00:00+03:00,13.329999923706055,13.449999809265137,12.529999732971191,13.0,9607784,0.0,0.0
2025-09-03 00:00:00+03:00,12.920000076293945,13.180000305175781,12.640000343322754,12.699999809265137,3338272,0.0,0.0
2025-09-04 00:00:00+03:00,12.819999694824219,12.84000015258789,12.5600004196167,12.720000267028809,1770881,0.0,0.0
2025-09-05 00:00:00+03:00,12.720000267028809,13.989999771118164,12.680000305175781,13.989999771118164,10716020,0.0,0.0
2025-09-08 00:00:00+03:00,14.039999961853027,15.029999732971191,13.579999923706055,15.0,28907406,0.0,0.0
2025-09-09 00:00:00+03:00,15.069999694824219,15.479999542236328,14.319999694824219,14.380000114440918,11989397,0.0,0.0
2025-09-10 00:00:00+03:00,14.5,14.819999694824219,13.8100004196167,14.0,4952258,0.0,0.0
2025-09-11 00:00:00+03:00,14.010000228881836,14.3100004196167,13.300000190734863,13.300000190734863,4284455,0.0,0.0
2025-09-12 00:00:00+03:00,13.350000381469727,13.539999961853027,13.0,13.130000114440918,2221305,0.0,0.0
2025-09-15 00:00:00+03:00,13.180000305175781,14.010000228881836,12.949999809265137,14.0,2921353,0.0,0.0
2025-09-16 00:00:00+03:00,14.989999771118164,14.989999771118164,14.100000381469727,14.329999923706055,3709798,0.0,0.0
2025-09-17 00:00:00+03:00,14.300000190734863,14.390000343322754,13.960000038146973,14.289999961853027,4741015,0.0,0.0
2025-09-18 00:00:00+03:00,14.279999732971191,14.489999771118164,14.0,14.079999923706055,3585904,0.0,0.0
2025-09-19 00:00:00+03:00,14.079999923706055,14.149999618530273,13.399999618530273,14.0,2011668,0.0,0.0
2025-09-22 00:00:00+03:00,14.039999961853027,14.300000190734863,13.880000114440918,13.90999984741211,2670843,0.0,0.0
2025-09-23 00:00:00+03:00,13.869999885559082,14.109999656677246,13.65999984741211,13.800000190734863,2120980,0.0,0.0
2025-09-24 00:00:00+03:00,13.800000190734863,14.479999542236328,13.609999656677246,14.039999961853027,4872663,0.0,0.0
2025-09-25 00:00:00+03:00,14.199999809265137,14.319999694824219,13.680000305175781,13.729999542236328,1793368,0.0,0.0
2025-09-26 00:00:00+03:00,13.680000305175781,13.800000190734863,13.289999961853027,13.479999542236328,1041167,0.0,0.0
2025-09-29 00:00:00+03:00,13.399999618530273,13.600000381469727,13.029999732971191,13.180000305175781,1265779,0.0,0.0
2025-09-30 00:00:00+03:00,13.199999809265137,13.270000457763672,12.8100004196167,12.899999618530273,1408375,0.0,0.0
2025-10-01 00:00:00+03:00,12.930000305175781,13.529999732971191,12.4399995803833,13.529999732971191,2449416,0.0,0.0
2025-10-02 00:00:00+03:00,13.539999961853027,13.899999618530273,13.229999542236328,13.880000114440918,1706594,0.0,0.0
2025-10-03 00:00:00+03:00,13.90999984741211,14.260000228881836,13.59000015258789,13.670000076293945,1682785,0.0,0.0
2025-10-06 00:00:00+03:00,13.670000076293945,14.130000114440918,13.670000076293945,13.989999771118164,1309808,0.0,0.0
2025-10-07 00:00:00+03:00,14.09000015258789,14.329999923706055,13.770000457763672,14.329999923706055,1592102,0.0,0.0
2025-10-08 00:00:00+03:00,14.300000190734863,14.350000381469727,13.59000015258789,14.100000381469727,5850560,0.0,0.0
2025-10-09 00:00:00+03:00,14.0,14.640000343322754,13.869999885559082,14.300000190734863,5581692,0.0,0.0
2025-10-10 00:00:00+03:00,14.420000076293945,14.420000076293945,14.15999984741211,14.229999542236328,2478892,0.0,0.0
2025-10-13 00:00:00+03:00,14.1899995803833,15.119999885559082,13.90999984741211,14.75,12976645,0.0,0.0
2025-10-14 00:00:00+03:00,15.0,15.520000457763672,14.609999656677246,14.970000267028809,10279680,0.0,0.0
2025-10-15 00:00:00+03:00,15.029999732971191,15.25,14.65999984741211,14.869999885559082,4373115,0.0,0.0
2025-10-16 00:00:00+03:00,14.869999885559082,15.0,14.149999618530273,14.829999923706055,3735732,0.0,0.0
2025-10-17 00:00:00+03:00,14.619999885559082,14.619999885559082,13.350000381469727,13.350000381469727,9722348,0.0,0.0
2025-10-20 00:00:00+03:00,12.800000190734863,13.180000305175781,12.59000015258789,12.880000114440918,5478635,0.0,0.0
2025-10-21 00:00:00+03:00,12.800000190734863,12.869999885559082,12.329999923706055,12.34000015258789,3017947,0.0,0.0
2025-10-22 00:00:00+03:00,12.300000190734863,12.829999923706055,12.300000190734863,12.399999618530273,2068671,0.0,0.0
2025-10-23 00:00:00+03:00,12.399999618530273,12.829999923706055,12.369999885559082,12.390000343322754,1813856,0.0,0.0
2025-10-24 00:00:00+03:00,12.609999656677246,12.800000190734863,12.449999809265137,12.520000457763672,1994041,0.0,0.0
2025-10-27 00:00:00+03:00,12.649999618530273,12.699999809265137,12.420000076293945,12.4399995803833,1134439,0.0,0.0
2025-10-28 00:00:00+03:00,12.579999923706055,12.670000076293945,12.489999771118164,12.539999961853027,1125518,0.0,0.0
2025-10-30 00:00:00+03:00,12.65999984741211,12.75,12.520000457763672,12.5600004196167,1690509,0.0,0.0
2025-10-31 00:00:00+03:00,12.5600004196167,12.739999771118164,12.239999771118164,12.640000343322754,3046207,0.0,0.0
2025-11-03 00:00:00+03:00,12.630000114440918,12.899999618530273,12.5600004196167,12.579999923706055,2842218,0.0,0.0
2025-11-04 00:00:00+03:00,12.819999694824219,12.819999694824219,12.199999809265137,12.3100004196167,2559506,0.0,0.0
2025-11-05 00:00:00+03:00,12.399999618530273,12.460000038146973,11.829999923706055,12.039999961853027,3223015,0.0,0.0
2025-11-06 00:00:00+03:00,12.0600004196167,12.329999923706055,12.0600004196167,12.140000343322754,1387476,0.0,0.0
2025-11-07 00:00:00+03:00,12.100000381469727,12.300000190734863,11.9399995803833,12.100000381469727,1371360,0.0,0.0
2025-11-10 00:00:00+03:00,12.199999809265137,12.239999771118164,11.739999771118164,11.800000190734863,1750800,0.0,0.0
2025-11-11 00:00:00+03:00,11.800000190734863,11.800000190734863,11.220000267028809,11.279999732971191,1394620,0.0,0.0
2025-11-12 00:00:00+03:00,11.40999984741211,11.649999618530273,11.270000457763672,11.529999732971191,1230926,0.0,0.0
2025-11-13 00:00:00+03:00,11.59000015258789,11.859999656677246,11.020000457763672,11.180000305175781,1987983,0.0,0.0
2025-11-14 00:00:00+03:00,11.210000038146973,11.369999885559082,11.039999961853027,11.100000381469727,1009817,0.0,0.0
2025-11-17 00:00:00+03:00,11.149999618530273,11.479999542236328,11.140000343322754,11.260000228881836,1401118,0.0,0.0
2025-11-18 00:00:00+03:00,11.260000228881836,11.619999885559082,10.989999771118164,11.09000015258789,1739638,0.0,0.0
2025-11-19 00:00:00+03:00,11.350000381469727,11.420000076293945,11.0,11.069999694824219,1663167,0.0,0.0
2025-11-20 00:00:00+03:00,11.09000015258789,11.3100004196167,11.0,11.180000305175781,1463832,0.0,0.0
2025-11-21 00:00:00+03:00,11.180000305175781,11.180000305175781,10.979999542236328,11.010000228881836,818354,0.0,0.0
2025-11-24 00:00:00+03:00,10.960000038146973,11.1899995803833,10.90999984741211,11.069999694824219,771887,0.0,0.0
2025-11-25 00:00:00+03:00,11.039999961853027,11.069999694824219,10.760000228881836,10.829999923706055,1738669,0.0,0.0
2025-11-26 00:00:00+03:00,10.880000114440918,11.449999809265137,10.710000038146973,10.75,3681787,0.0,0.0
2025-11-27 00:00:00+03:00,10.869999885559082,11.010000228881836,10.550000190734863,10.59000015258789,1707481,0.0,0.0
2025-11-28 00:00:00+03:00,10.579999923706055,11.640000343322754,10.529999732971191,10.779999732971191,1395983,0.0,0.0
2025-12-01 00:00:00+03:00,11.010000228881836,11.100000381469727,10.789999961853027,10.9399995803833,973731,0.0,0.0
2025-12-02 00:00:00+03:00,10.970000267028809,11.039999961853027,10.869999885559082,10.949999809265137,684121,0.0,0.0
2025-12-03 00:00:00+03:00,10.979999542236328,11.199999809265137,10.949999809265137,10.970000267028809,587661,0.0,0.0
2025-12-04 00:00:00+03:00,11.029999732971191,11.3100004196167,10.850000381469727,11.149999618530273,2130064,0.0,0.0
2025-12-05 00:00:00+03:00,11.380000114440918,11.399999618530273,10.970000267028809,11.0,2256876,0.0,0.0
2025-12-08 00:00:00+03:00,11.109999656677246,12.079999923706055,11.0,11.630000114440918,4655108,0.0,0.0
2025-12-09 00:00:00+03:00,12.020000457763672,12.3100004196167,11.420000076293945,11.619999885559082,5340800,0.0,0.0
2025-12-10 00:00:00+03:00,11.75,11.9399995803833,11.59000015258789,11.869999885559082,1372510,0.0,0.0
2025-12-11 00:00:00+03:00,11.869999885559082,12.0600004196167,11.279999732971191,11.760000228881836,1451975,0.0,0.0
2025-12-12 00:00:00+03:00,11.880000114440918,12.210000038146973,11.680000305175781,11.710000038146973,1447443,0.0,0.0
2025-12-15 00:00:00+03:00,11.800000190734863,11.949999809265137,11.640000343322754,11.6899995803833,816489,0.0,0.0
2025-12-16 00:00:00+03:00,11.75,11.899999618530273,11.470000267028809,11.569999694824219,914188,0.0,0.0
2025-12-17 00:00:00+03:00,11.569999694824219,12.4399995803833,11.510000228881836,11.720000267028809,5935142,0.0,0.0
2025-12-18 00:00:00+03:00,11.739999771118164,11.899999618530273,11.640000343322754,11.760000228881836,858663,0.0,0.0
2025-12-19 00:00:00+03:00,11.800000190734863,11.850000381469727,11.4399995803833,11.609999656677246,1217466,0.0,0.0
2025-12-22 00:00:00+03:00,11.630000114440918,11.6899995803833,11.449999809265137,11.600000381469727,818877,0.0,0.0
2025-12-23 00:00:00+03:00,11.630000114440918,11.630000114440918,11.449999809265137,11.520000457763672,581262,0.0,0.0
2025-12-24 00:00:00+03:00,11.550000190734863,11.619999885559082,11.369999885559082,11.399999618530273,981783,0.0,0.0
2025-12-25 00:00:00+03:00,11.510000228881836,11.510000228881836,11.229999542236328,11.279999732971191,500295,0.0,0.0
2025-12-26 00:00:00+03:00,11.34000015258789,11.34000015258789,11.010000228881836,11.050000190734863,1827123,0.0,0.0
2025-12-29 00:00:00+03:00,11.010000228881836,11.149999618530273,10.850000381469727,10.880000114440918,1130742,0.0,0.0
2025-12-30 00:00:00+03:00,10.760000228881836,11.119999885559082,10.680000305175781,11.079999923706055,749584,0.0,0.0
2025-12-31 00:00:00+03:00,11.149999618530273,11.229999542236328,11.0,11.0600004196167,712450,0.0,0.0
2026-01-02 00:00:00+03:00,11.199999809265137,11.229999542236328,11.100000381469727,11.229999542236328,532254,0.0,0.0
2026-01-05 00:00:00+03:00,11.229999542236328,11.229999542236328,10.979999542236328,11.020000457763672,921548,0.0,0.0
2026-01-06 00:00:00+03:00,11.149999618530273,11.180000305175781,10.970000267028809,11.109999656677246,1155376,0.0,0.0
2026-01-07 00:00:00+03:00,11.15999984741211,11.34000015258789,10.989999771118164,11.039999961853027,1508766,0.0,0.0
2026-01-08 00:00:00+03:00,11.300000190734863,11.300000190734863,10.970000267028809,11.09000015258789,1393471,0.0,0.0
2026-01-09 00:00:00+03:00,11.199999809265137,11.260000228881836,11.069999694824219,11.15999984741211,1154990,0.0,0.0
2026-01-12 00:00:00+03:00,11.25,11.479999542236328,11.15999984741211,11.199999809265137,819751,0.0,0.0
2026-01-13 00:00:00+03:00,11.220000267028809,11.300000190734863,11.029999732971191,11.180000305175781,1607900,0.0,0.0
2026-01-14 00:00:00+03:00,11.199999809265137,11.34000015258789,11.069999694824219,11.109999656677246,1305859,0.0,0.0
2026-01-15 00:00:00+03:00,11.109999656677246,11.350000381469727,11.109999656677246,11.220000267028809,1283123,0.0,0.0
2026-01-16 00:00:00+03:00,11.239999771118164,11.5,11.199999809265137,11.359999656677246,2112783,0.0,0.0
2026-01-19 00:00:00+03:00,11.380000114440918,11.619999885559082,11.359999656677246,11.399999618530273,2589131,0.0,0.0
2026-01-20 00:00:00+03:00,11.489999771118164,11.489999771118164,11.1899995803833,11.229999542236328,1404594,0.0,0.0
2026-01-21 00:00:00+03:00,11.289999961853027,11.289999961853027,11.050000190734863,11.109999656677246,774410,0.0,0.0
2026-01-22 00:00:00+03:00,11.130000114440918,11.390000343322754,11.130000114440918,11.390000343322754,1481994,0.0,0.0
2026-01-23 00:00:00+03:00,11.390000343322754,12.100000381469727,11.390000343322754,11.699999809265137,5007540,0.0,0.0
2026-01-26 00:00:00+03:00,11.699999809265137,12.0,11.699999809265137,11.84000015258789,2477130,0.0,0.0
2026-01-27 00:00:00+03:00,12.0,12.0,11.739999771118164,11.760000228881836,1476018,0.0,0.0
2026-01-28 00:00:00+03:00,11.760000228881836,11.899999618530273,11.180000305175781,11.619999885559082,2708999,0.0,0.0
2026-01-29 00:00:00+03:00,11.609999656677246,11.869999885559082,11.59000015258789,11.789999961853027,1972023,0.0,0.0
2026-01-30 00:00:00+03:00,12.149999618530273,12.960000038146973,12.149999618530273,12.960000038146973,17714268,0.0,0.0
2026-02-02 00:00:00+03:00,13.880000114440918,14.25,13.40999984741211,14.25,33994186,0.0,0.0
2026-02-03 00:00:00+03:00,14.800000190734863,14.960000038146973,13.329999923706055,13.550000190734863,22962703,0.0,0.0
2026-02-04 00:00:00+03:00,13.350000381469727,13.890000343322754,13.010000228881836,13.170000076293945,9317357,0.0,0.0
2026-02-05 00:00:00+03:00,13.0600004196167,13.289999961853027,12.600000381469727,12.640000343322754,5182979,0.0,0.0
2026-02-06 00:00:00+03:00,12.5600004196167,13.5,12.5,12.890000343322754,9852514,0.0,0.0
2026-02-09 00:00:00+03:00,12.850000381469727,13.109999656677246,12.779999732971191,12.859999656677246,5030130,0.0,0.0
2026-02-10 00:00:00+03:00,12.859999656677246,12.979999542236328,12.640000343322754,12.699999809265137,3200638,0.0,0.0
2026-02-11 00:00:00+03:00,12.609999656677246,12.800000190734863,12.199999809265137,12.529999732971191,3626749,0.0,0.0
2026-02-12 00:00:00+03:00,12.600000381469727,12.779999732971191,12.350000381469727,12.649999618530273,3054703,0.0,0.0
2026-02-13 00:00:00+03:00,12.609999656677246,12.760000228881836,12.550000190734863,12.59000015258789,2035801,0.0,0.0
2026-02-16 00:00:00+03:00,12.649999618530273,12.779999732971191,12.609999656677246,12.680000305175781,2767929,0.0,0.0
2026-02-17 00:00:00+03:00,12.649999618530273,12.75,12.510000228881836,12.600000381469727,2981085,0.0,0.0
2026-02-18 00:00:00+03:00,12.619999885559082,12.989999771118164,12.449999809265137,12.470000267028809,4111768,0.0,0.0
2026-02-19 00:00:00+03:00,12.369999885559082,12.470000267028809,11.890000343322754,11.890000343322754,2755597,0.0,0.0
2026-02-20 00:00:00+03:00,12.149999618530273,12.25,11.8100004196167,11.970000267028809,1621282,0.0,0.0
2026-02-23 00:00:00+03:00,11.869999885559082,12.15999984741211,11.869999885559082,11.899999618530273,1417210,0.0,0.0
2026-02-24 00:00:00+03:00,11.890000343322754,11.899999618530273,11.479999542236328,11.640000343322754,1377575,0.0,0.0
2026-02-25 00:00:00+03:00,11.539999961853027,11.899999618530273,11.100000381469727,11.4399995803833,2096238,0.0,0.0
2026-02-26 00:00:00+03:00,11.300000190734863,11.600000381469727,11.300000190734863,11.420000076293945,780485,0.0,0.0
2026-02-27 00:00:00+03:00,11.539999961853027,11.5600004196167,11.069999694824219,11.119999885559082,1891079,0.0,0.0
2026-03-02 00:00:00+03:00,10.010000228881836,10.84000015258789,10.010000228881836,10.680000305175781,1613608,0.0,0.0
2026-03-03 00:00:00+03:00,10.680000305175781,11.0600004196167,10.640000343322754,10.640000343322754,1409084,0.0,0.0
2026-03-04 00:00:00+03:00,10.729999542236328,10.920000076293945,10.670000076293945,10.6899995803833,982744,0.0,0.0
2026-03-05 00:00:00+03:00,10.720000267028809,10.880000114440918,10.699999809265137,10.699999809265137,1057933,0.0,0.0
2026-03-06 00:00:00+03:00,10.699999809265137,10.880000114440918,10.4399995803833,10.479999542236328,1073184,0.0,0.0
2026-03-09 00:00:00+03:00,10.479999542236328,11.350000381469727,10.300000190734863,10.829999923706055,6980898,0.0,0.0
2026-03-10 00:00:00+03:00,11.0,11.149999618530273,10.869999885559082,10.949999809265137,2740948,0.0,0.0
2026-03-11 00:00:00+03:00,10.970000267028809,11.0,10.84000015258789,10.949999809265137,1054054,0.0,0.0
2026-03-12 00:00:00+03:00,11.100000381469727,11.369999885559082,10.9399995803833,10.960000038146973,2224841,0.0,0.0
2026-03-13 00:00:00+03:00,11.020000457763672,11.0600004196167,10.739999771118164,10.850000381469727,1337775,0.0,0.0
2026-03-16 00:00:00+03:00,10.850000381469727,11.119999885559082,10.819999694824219,10.890000343322754,1209417,0.0,0.0
2026-03-17 00:00:00+03:00,10.9399995803833,11.0,10.899999618530273,10.9399995803833,776630,0.0,0.0
2026-03-18 00:00:00+03:00,10.960000038146973,11.010000228881836,10.869999885559082,10.880000114440918,951186,0.0,0.0
2026-03-19 00:00:00+03:00,10.9399995803833,10.9399995803833,10.859999656677246,10.880000114440918,288742,0.0,0.0
2026-03-23 00:00:00+03:00,10.859999656677246,11.390000343322754,10.800000190734863,11.020000457763672,3683539,0.0,0.0
2026-03-24 00:00:00+03:00,11.050000190734863,11.15999984741211,10.859999656677246,10.949999809265137,1921702,0.0,0.0
2026-03-25 00:00:00+03:00,10.949999809265137,11.140000343322754,10.949999809265137,11.020000457763672,1833787,0.0,0.0
2026-03-26 00:00:00+03:00,11.029999732971191,11.15999984741211,10.890000343322754,10.9399995803833,1660113,0.0,0.0
2026-03-27 00:00:00+03:00,10.920000076293945,10.979999542236328,10.630000114440918,10.760000228881836,1140260,0.0,0.0
2026-03-30 00:00:00+03:00,10.760000228881836,11.050000190734863,10.760000228881836,10.90999984741211,1515301,0.0,0.0
2026-03-31 00:00:00+03:00,11.100000381469727,11.15999984741211,10.90999984741211,11.119999885559082,1893808,0.0,0.0
2026-04-01 00:00:00+03:00,11.210000038146973,11.359999656677246,11.100000381469727,11.229999542236328,2807910,0.0,0.0
2026-04-02 00:00:00+03:00,11.199999809265137,11.25,11.130000114440918,11.180000305175781,1692922,0.0,0.0
2026-04-03 00:00:00+03:00,11.25,11.25,11.130000114440918,11.239999771118164,2249882,0.0,0.0
2026-04-06 00:00:00+03:00,11.3100004196167,12.0,11.289999961853027,11.899999618530273,4925010,0.0,0.0
2026-04-07 00:00:00+03:00,11.899999618530273,12.720000267028809,11.850000381469727,12.699999809265137,12994851,0.0,0.0
2026-04-08 00:00:00+03:00,12.739999771118164,13.300000190734863,12.600000381469727,13.220000267028809,9676587,0.0,0.0
2026-04-09 00:00:00+03:00,13.119999885559082,13.380000114440918,12.760000228881836,12.84000015258789,7174830,0.0,0.0
2026-04-10 00:00:00+03:00,12.859999656677246,12.970000267028809,12.75,12.800000190734863,1958456,0.0,0.0
2026-04-13 00:00:00+03:00,12.5600004196167,13.199999809265137,12.5600004196167,13.100000381469727,2445426,0.0,0.0
2026-04-14 00:00:00+03:00,13.100000381469727,13.489999771118164,12.8100004196167,13.359999656677246,4487964,0.0,0.0
2026-04-15 00:00:00+03:00,13.430000305175781,13.670000076293945,13.260000228881836,13.260000228881836,3381623,0.0,0.0
2026-04-16 00:00:00+03:00,13.239999771118164,13.539999961853027,12.800000190734863,12.899999618530273,2930065,0.0,0.0
2026-04-17 00:00:00+03:00,12.90999984741211,13.130000114440918,12.890000343322754,12.899999618530273,2160666,0.0,0.0
2026-04-20 00:00:00+03:00,12.880000114440918,13.020000457763672,12.729999542236328,12.789999961853027,1850973,0.0,0.0
2026-04-21 00:00:00+03:00,13.0,13.140000343322754,12.720000267028809,12.920000076293945,1845930,0.0,0.0
2026-04-22 00:00:00+03:00,12.920000076293945,13.380000114440918,12.739999771118164,12.75,2572774,0.0,0.0
2026-04-24 00:00:00+03:00,12.800000190734863,12.869999885559082,12.619999885559082,12.75,1440011,0.0,0.0
2026-04-27 00:00:00+03:00,12.970000267028809,13.5,12.850000381469727,13.109999656677246,5011763,0.0,0.0
2026-04-28 00:00:00+03:00,13.109999656677246,13.210000038146973,12.819999694824219,12.829999923706055,1088520,0.0,0.0
2026-04-29 00:00:00+03:00,12.850000381469727,13.050000190734863,12.710000038146973,12.760000228881836,1140877,0.0,0.0
2026-04-30 00:00:00+03:00,12.960000038146973,12.970000267028809,12.720000267028809,12.760000228881836,1532075,0.0,0.0
2026-05-04 00:00:00+03:00,12.970000267028809,13.079999923706055,12.670000076293945,12.6899995803833,5477304,0.0,0.0
2026-05-05 00:00:00+03:00,12.789999961853027,13.949999809265137,12.34000015258789,13.920000076293945,14704190,0.0,0.0
2026-05-06 00:00:00+03:00,13.920000076293945,14.550000190734863,13.710000038146973,14.460000038146973,13804515,0.0,0.0
2026-05-07 00:00:00+03:00,14.460000038146973,14.989999771118164,13.949999809265137,14.550000190734863,5602231,0.0,0.0
2026-05-08 00:00:00+03:00,14.600000381469727,16.0,14.579999923706055,15.829999923706055,15291751,0.0,0.0
2026-05-11 00:00:00+03:00,15.859999656677246,17.40999984741211,15.859999656677246,17.40999984741211,15854644,0.0,0.0
2026-05-12 00:00:00+03:00,17.899999618530273,18.979999542236328,17.020000457763672,17.889999389648438,20018062,0.0,0.0
2026-05-13 00:00:00+03:00,17.889999389648438,18.149999618530273,16.65999984741211,17.0,8134983,0.0,0.0
2026-05-14 00:00:00+03:00,17.049999237060547,17.989999771118164,16.690000534057617,17.100000381469727,5882607,0.0,0.0
2026-05-15 00:00:00+03:00,17.1200008392334,17.239999771118164,15.390000343322754,15.390000343322754,10293691,0.0,0.0
2026-05-18 00:00:00+03:00,15.390000343322754,16.899999618530273,15.15999984741211,15.210000038146973,14746467,0.0,0.0
2026-05-20 00:00:00+03:00,14.800000190734863,15.199999809265137,14.069999694824219,14.300000190734863,8527881,0.0,0.0
2026-05-21 00:00:00+03:00,14.350000381469727,14.489999771118164,13.300000190734863,13.319999694824219,3836300,0.0,0.0
2026-05-22 00:00:00+03:00,13.300000190734863,13.930000305175781,13.119999885559082,13.819999694824219,5152398,0.0,0.0
2026-05-25 00:00:00+03:00,13.819999694824219,14.180000305175781,13.8100004196167,14.0,1966738,0.0,0.0
2026-05-26 00:00:00+03:00,14.050000190734863,14.149999618530273,13.84000015258789,13.949999809265137,677833,0.0,0.0
2026-05-27 00:00:00+03:00,13.949999809265137,13.949999809265137,13.949999809265137,13.949999809265137,0,0.0,0.0
2026-05-28 00:00:00+03:00,13.949999809265137,13.949999809265137,13.949999809265137,13.949999809265137,0,0.0,0.0
2026-05-29 00:00:00+03:00,13.949999809265137,13.949999809265137,13.949999809265137,13.949999809265137,0,0.0,0.0
2026-06-01 00:00:00+03:00,13.949999809265137,14.600000381469727,13.789999961853027,13.84000015258789,3890392,0.0,0.0
2026-06-02 00:00:00+03:00,13.970000267028809,14.09000015258789,13.609999656677246,13.699999809265137,3073880,0.0,0.0
2026-06-03 00:00:00+03:00,13.75,13.869999885559082,13.229999542236328,13.229999542236328,3127006,0.0,0.0
2026-06-04 00:00:00+03:00,13.40999984741211,13.489999771118164,13.0,13.119999885559082,1921269,0.0,0.0
2026-06-05 00:00:00+03:00,13.199999809265137,13.640000343322754,12.619999885559082,12.720000267028809,4714938,0.0,0.0
2026-06-08 00:00:00+03:00,12.630000114440918,12.960000038146973,12.350000381469727,12.65999984741211,3895427,0.0,0.0
2026-06-09 00:00:00+03:00,12.65999984741211,12.770000457763672,12.260000228881836,12.260000228881836,2287712,0.0,0.0
2026-06-10 00:00:00+03:00,12.260000228881836,12.579999923706055,12.25,12.329999923706055,1964677,0.0,0.0
2026-06-11 00:00:00+03:00,12.34000015258789,12.4399995803833,11.869999885559082,12.029999732971191,2802474,0.0,0.0
2026-06-12 00:00:00+03:00,12.239999771118164,12.579999923706055,12.0600004196167,12.079999923706055,3908429,0.0,0.0
2026-06-15 00:00:00+03:00,12.270000457763672,12.579999923706055,12.270000457763672,12.430000305175781,2417749,0.0,0.0
2026-06-16 00:00:00+03:00,12.579999923706055,12.739999771118164,12.4399995803833,12.5,3056793,0.0,0.0
2026-06-17 00:00:00+03:00,12.550000190734863,12.640000343322754,12.100000381469727,12.15999984741211,1819746,0.0,0.0
2026-06-18 00:00:00+03:00,12.199999809265137,12.369999885559082,12.1899995803833,12.329999923706055,2115154,0.0,0.0
2026-06-19 00:00:00+03:00,12.210000038146973,12.300000190734863,12.119999885559082,12.1899995803833,1228304,0.0,0.0
2026-06-22 00:00:00+03:00,12.210000038146973,12.430000305175781,12.15999984741211,12.199999809265137,2500202,0.0,0.0
2026-06-23 00:00:00+03:00,12.25,12.399999618530273,12.15999984741211,12.220000267028809,1652500,0.0,0.0
2026-06-24 00:00:00+03:00,12.319999694824219,12.329999923706055,11.949999809265137,11.960000038146973,2035391,0.0,0.0
2026-06-25 00:00:00+03:00,12.010000228881836,12.140000343322754,11.899999618530273,12.0,1317781,0.0,0.0
2026-06-26 00:00:00+03:00,12.079999923706055,12.079999923706055,11.760000228881836,11.930000305175781,3118383,0.0,0.0
2026-06-29 00:00:00+03:00,11.960000038146973,12.0,11.819999694824219,11.890000343322754,2794137,0.0,0.0
2026-06-30 00:00:00+03:00,11.899999618530273,12.180000305175781,11.8100004196167,11.8100004196167,1348825,0.0,0.0
2026-07-01 00:00:00+03:00,11.8100004196167,11.890000343322754,11.760000228881836,11.800000190734863,960091,0.0,0.0
2026-07-02 00:00:00+03:00,11.8100004196167,11.930000305175781,11.729999542236328,11.760000228881836,1143824,0.0,0.0
2026-07-03 00:00:00+03:00,11.75,11.9399995803833,11.75,11.789999961853027,1479554,0.0,0.0
2026-07-06 00:00:00+03:00,11.800000190734863,11.90999984741211,11.670000076293945,11.680000305175781,1116695,0.0,0.0
2026-07-07 00:00:00+03:00,11.680000305175781,11.779999732971191,11.619999885559082,11.699999809265137,1055242,0.0,0.0
2026-07-08 00:00:00+03:00,11.600000381469727,11.720000267028809,11.260000228881836,11.359999656677246,1693960,0.0,0.0
2026-07-09 00:00:00+03:00,11.369999885559082,11.40999984741211,11.109999656677246,11.170000076293945,1329371,0.0,0.0
2026-07-10 00:00:00+03:00,11.199999809265137,11.40999984741211,11.039999961853027,11.260000228881836,2458724,0.0,0.0
2026-07-13 00:00:00+03:00,11.25,11.25,10.989999771118164,11.039999961853027,1730884,0.0,0.0
2026-07-14 00:00:00+03:00,11.050000190734863,11.510000228881836,10.970000267028809,11.260000228881836,2568128,0.0,0.0
2026-07-16 00:00:00+03:00,11.329999923706055,11.619999885559082,11.329999923706055,11.539999961853027,1461119,0.0,0.0
2026-07-17 00:00:00+03:00,11.600000381469727,11.739999771118164,11.380000114440918,11.579999923706055,1498092,0.0,0.0
2026-07-20 00:00:00+03:00,11.600000381469727,12.729999542236328,11.579999923706055,12.210000038146973,8114997,0.0,0.0
2026-07-21 00:00:00+03:00,12.350000381469727,12.350000381469727,11.65999984741211,11.699999809265137,3092773,0.0,0.0
2026-07-22 00:00:00+03:00,11.699999809265137,11.880000114440918,11.600000381469727,11.630000114440918,1659756,0.0,0.0
2026-07-23 00:00:00+03:00,11.779999732971191,11.779999732971191,11.619999885559082,11.65999984741211,1854136,0.0,0.0
2026-07-24 00:00:00+03:00,11.640000343322754,11.6899995803833,11.399999618530273,11.420000076293945,2079547,0.0,0.0
2026-07-27 00:00:00+03:00,11.479999542236328,11.550000190734863,11.199999809265137,11.199999809265137,901893,0.0,0.0
2026-07-28 00:00:00+03:00,11.210000038146973,11.260000228881836,11.029999732971191,11.050000190734863,980961,0.0,0.0
2026-07-29 00:00:00+03:00,11.050000190734863,11.079999923706055,10.729999542236328,10.729999542236328,1626909,0.0,0.0
2026-07-30 00:00:00+03:00,10.729999542236328,10.800000190734863,10.569999694824219,10.619999885559082,1608539,0.0,0.0
2026-08-03 00:00:00+03:00,10.680000305175781,10.8100004196167,10.399999618530273,10.449999809265137,1798851,0.0,0.0
2026-08-04 00:00:00+03:00,10.449999809265137,10.6899995803833,10.449999809265137,10.600000381469727,987114,0.0,0.0
2026-08-05 00:00:00+03:00,10.640000343322754,10.649999618530273,10.40999984741211,10.510000228881836,1473660,0.0,0.0
2026-08-06 00:00:00+03:00,10.5,10.5600004196167,10.420000076293945,10.420000076293945,1353535,0.0,0.0
2026-08-07 00:00:00+03:00,10.470000267028809,10.529999732971191,10.420000076293945,10.460000038146973,1251222,0.0,0.0
2026-08-10 00:00:00+03:00,10.399999618530273,10.449999809265137,10.239999771118164,10.279999732971191,2623884,0.0,0.0
2026-08-11 00:00:00+03:00,10.279999732971191,10.279999732971191,9.989999771118164,10.039999961853027,3106766,0.0,0.0
2026-08-12 00:00:00+03:00,10.09000015258789,10.220000267028809,10.010000228881836,10.210000038146973,1658092,0.0,0.0
