date,open,high,low,close,volume,dividends,stock_splits
2021-12-16 00:00:00+03:00,0.9401790798055554,1.0151620890223179,0.9344109374510117,1.0007421970367432,652042316,0.0,0.0
2021-12-17 00:00:00+03:00,1.003626821652874,1.0313127708677499,0.900956928730011,0.900956928730011,256207828,0.0,0.0
2021-12-20 00:00:00+03:00,0.8634653629814658,0.8824996191461495,0.8109760880470276,0.8109760880470276,111428945,0.0,0.0
2021-12-21 00:00:00+03:00,0.8357785356788485,0.8917282819747925,0.7573340058221201,0.8917282819747925,174859720,0.0,0.0
2021-12-22 00:00:00+03:00,0.880768914626883,0.9263362122539531,0.8605808779805664,0.8917282819747925,196653290,0.0,0.0
2021-12-23 00:00:00+03:00,0.8865369793308362,0.9073019328219802,0.8484685841170004,0.8605808019638062,68124712,0.0,0.0
2021-12-24 00:00:00+03:00,0.8594270077634542,0.9055712223052979,0.8588500891064762,0.9055712223052979,38511843,0.0,0.0
2021-12-27 00:00:00+03:00,0.9228747431562242,0.9442166168134736,0.9147999113472305,0.919991135597229,69268313,0.0,0.0
2021-12-28 00:00:00+03:00,0.9257592495055256,0.9280659383225822,0.8548126942750072,0.8865370154380798,26549897,0.0,0.0
2021-12-29 00:00:00+03:00,0.8853831936406545,0.8865370309640064,0.8450071215629578,0.8450071215629578,29208707,0.0,0.0
2021-12-30 00:00:00+03:00,0.847891718503816,0.8588500997796497,0.810399195797023,0.8178980946540833,30549801,0.0,0.0
2021-12-31 00:00:00+03:00,0.8173211387243672,0.8536598224460112,0.8046320020346491,0.8121299147605896,29376244,0.0,0.0
2022-01-03 00:00:00+03:00,0.8127068707215,0.8317410695248156,0.8127068707215,0.8213586211204529,21986424,0.0,0.0
2022-01-04 00:00:00+03:00,0.8248191053531396,0.8363553913102898,0.8161673547861117,0.8196278810501099,43968344,0.0,0.0
2022-01-05 00:00:00+03:00,0.8219355135586498,0.8761545586937565,0.81559045223025,0.8675028085708618,92420855,0.0,0.0
2022-01-06 00:00:00+03:00,0.8623115855942916,0.8796150278737495,0.8542357683181763,0.8542357683181763,50600763,0.0,0.0
2022-01-07 00:00:00+03:00,0.8548127133232217,0.8998030911320991,0.8519291057903359,0.8974964022636414,84457868,0.0,0.0
2022-01-10 00:00:00+03:00,0.896342636429257,0.9522914543499864,0.8871139672254544,0.9228747487068176,157378781,0.0,0.0
2022-01-11 00:00:00+03:00,0.9205680715200513,0.9396022708554301,0.9113394021987915,0.9113394021987915,49406191,0.0,0.0
2022-01-12 00:00:00+03:00,0.9171076160170902,0.944793566379764,0.913069185197463,0.9332572221755981,72424693,0.0,0.0
2022-01-13 00:00:00+03:00,0.933257085716743,1.0261214971542358,0.9263360920326954,1.0261214971542358,118155345,0.0,0.0
2022-01-14 00:00:00+03:00,1.045155860064494,1.054961448327621,0.9845926761627197,0.9845926761627197,140918552,0.0,0.0
2022-01-17 00:00:00+03:00,0.9845926593992752,1.0099710508732676,0.8865370683755073,0.8940349817276001,312006863,0.0,0.0
2022-01-18 00:00:00+03:00,0.8998031462720443,0.9073020455922843,0.8600039902272693,0.8651952147483826,54129122,0.0,0.0
2022-01-19 00:00:00+03:00,0.8651951592905187,0.9090317576345825,0.8634653890913648,0.881345808506012,47483733,0.0,0.0
2022-01-20 00:00:00+03:00,0.8940349514492222,0.9447935302939277,0.8894206458942192,0.9240285754203796,61176447,0.0,0.0
2022-01-21 00:00:00+03:00,0.9240284918892491,0.9632507234247673,0.9165305794688916,0.9534451365470886,78171707,0.0,0.0
2022-01-24 00:00:00+03:00,0.9545989535157343,0.9719024524465281,0.9096085805685377,0.9153767228126526,62538151,0.0,0.0
2022-01-25 00:00:00+03:00,0.9286428602402823,0.9603671815149325,0.8974963854208675,0.9528682827949524,85475102,0.0,0.0
2022-01-26 00:00:00+03:00,0.9545990167919421,0.9926674708018406,0.9511385487267918,0.9620969295501709,97395776,0.0,0.0
2022-01-27 00:00:00+03:00,0.9626738185603082,1.0001653527759253,0.9499846822065064,0.9920904636383057,108034541,0.0,0.0
2022-01-28 00:00:00+03:00,0.9949751287643511,1.0093950211891332,0.9799782597212664,0.9805552363395691,60114110,0.0,0.0
2022-01-31 00:00:00+03:00,0.989783846877222,0.9961279222489601,0.97536395445244,0.9805552363395691,50260678,0.0,0.0
2022-02-01 00:00:00+03:00,0.9834387872484566,1.0786098974516527,0.9799783190316013,1.003626823425293,82161170,0.0,0.0
2022-02-02 00:00:00+03:00,1.005356651358059,1.0613064575529778,1.005356651358059,1.0538076162338257,97455012,0.0,0.0
2022-02-03 00:00:00+03:00,1.0538076605027964,1.1057200237765819,1.0428492781094576,1.0751495361328125,155334630,0.0,0.0
2022-02-04 00:00:00+03:00,1.075726344122626,1.1045661321709772,1.0630372641701336,1.0872626304626465,100469542,0.0,0.0
2022-02-07 00:00:00+03:00,1.090146087897042,1.1068736543945044,1.057845835909243,1.080917477607727,82228688,0.0,0.0
2022-02-08 00:00:00+03:00,1.085531934137727,1.1103342771530151,1.0809176283495707,1.1103342771530151,107687963,0.0,0.0
2022-02-09 00:00:00+03:00,1.1161022864485357,1.118985893791489,1.076303193451678,1.078609824180603,103277353,0.0,0.0
2022-02-10 00:00:00+03:00,1.0797636912430375,1.1189859246838938,1.0688042666043112,1.101682424545288,107584536,0.0,0.0
2022-02-11 00:00:00+03:00,1.095914363861084,1.1189860083719396,1.0797637719976843,1.095914363861084,73383316,0.0,0.0
2022-02-14 00:00:00+03:00,1.0866857572771715,1.1016825118362257,1.0653438829386692,1.072265863418579,63526190,0.0,0.0
2022-02-15 00:00:00+03:00,1.0803406326955822,1.1074497222156692,1.0780340017304657,1.095914363861084,61624748,0.0,0.0
2022-02-16 00:00:00+03:00,1.1016825565576691,1.113217915431793,1.0774571895599365,1.0774571895599365,55059156,0.0,0.0
2022-02-17 00:00:00+03:00,1.0843780217645858,1.0884154665655357,1.0284292635169687,1.035927176475525,55619791,0.0,0.0
2022-02-18 00:00:00+03:00,1.0399643734143205,1.0705349695934452,1.02266099104384,1.044001817703247,61101997,0.0,0.0
2022-02-21 00:00:00+03:00,1.0699580368425825,1.0716887346735988,1.0215071957137278,1.02554452419281,48428762,0.0,0.0
2022-02-22 00:00:00+03:00,0.9978587561618452,1.016893072425035,0.9494079063717077,0.9788245558738708,63270186,0.0,0.0
2022-02-23 00:00:00+03:00,0.9805552312096919,0.9943981469437505,0.9644045829772949,0.9644045829772949,50412192,0.0,0.0
2022-02-24 00:00:00+03:00,0.8698094920656688,0.922874699585594,0.8680797219276428,0.8680797219276428,33995361,0.0,0.0
2022-02-25 00:00:00+03:00,0.8675028222404138,0.9078779080630663,0.836355361555164,0.8859601020812988,67762448,0.0,0.0
2022-02-28 00:00:00+03:00,0.868079808247291,0.8848063334208792,0.857120382517676,0.8651952147483826,36671696,0.0,0.0
2022-03-01 00:00:00+03:00,0.872117195368841,0.9240286287534794,0.8582742199172394,0.8651952147483826,80457846,0.0,0.0
2022-03-02 00:00:00+03:00,0.8686556119647753,0.8807688153047805,0.8600038623210401,0.8628884553909302,36263048,0.0,0.0
2022-03-03 00:00:00+03:00,0.8692326053063073,0.8755776668287811,0.8519291045312625,0.8646182417869568,52076251,0.0,0.0
2022-03-04 00:00:00+03:00,0.8600039902272693,0.8801920275995476,0.8594270715274877,0.8651952147483826,43784109,0.0,0.0
2022-03-07 00:00:00+03:00,0.8657721334481643,0.8761546404779977,0.8565435218055011,0.8651952147483826,40754786,0.0,0.0
2022-03-08 00:00:00+03:00,0.8634652774775011,0.8755775524753181,0.8536597490310669,0.8536597490310669,32985581,0.0,0.0
2022-03-09 00:00:00+03:00,0.8617346606379029,0.9078778882256738,0.8536598292101372,0.8680797219276428,80141982,0.0,0.0
2022-03-10 00:00:00+03:00,0.8709633208044142,0.8911513573152491,0.8594270348548889,0.8594270348548889,57702601,0.0,0.0
2022-03-11 00:00:00+03:00,0.865195128715571,0.878461184148248,0.8605808233530743,0.8680797219276428,29054258,0.0,0.0
2022-03-14 00:00:00+03:00,0.8824996146451486,0.8836524661407602,0.8669258846428142,0.8680797219276428,31952694,0.0,0.0
2022-03-15 00:00:00+03:00,0.8686557250967729,0.8750007869001328,0.86231164908271,0.8669259548187256,30072336,0.0,0.0
2022-03-16 00:00:00+03:00,0.8703864042194088,0.8928810702093831,0.8669258781799378,0.8721171021461487,58014298,0.0,0.0
2022-03-17 00:00:00+03:00,0.8761545609567736,0.9592133339295413,0.875577642309354,0.957482635974884,168972172,0.0,0.0
2022-03-18 00:00:00+03:00,0.9632507457219255,1.0030498967930377,0.9401791035232955,0.9644045829772949,102278166,0.0,0.0
2022-03-21 00:00:00+03:00,0.9672882003277817,0.9903598441480739,0.9586365078579829,0.9868993759155273,46507755,0.0,0.0
2022-03-22 00:00:00+03:00,0.9897839269291544,1.000742308456013,0.979401478290382,0.994975209236145,58393328,0.0,0.0
2022-03-23 00:00:00+03:00,0.9990125183950417,1.0232379994545133,0.9892070466157554,1.0105478763580322,79892033,0.0,0.0
2022-03-24 00:00:00+03:00,1.013432334443276,1.0440018889313294,1.0088180292445514,1.039387583732605,90173206,0.0,0.0
2022-03-25 00:00:00+03:00,1.0393876654406762,1.0543844194596468,1.0192005570070044,1.0266984701156616,62343475,0.0,0.0
2022-03-28 00:00:00+03:00,1.0301590723030543,1.0428491956512789,0.9799783389801405,0.994975209236145,106630332,0.0,0.0
2022-03-29 00:00:00+03:00,0.9943981635796341,1.0093950327951529,0.8957656621932983,0.8957656621932983,109037018,0.0,0.0
2022-03-30 00:00:00+03:00,0.8605808100289174,0.9073019413249482,0.8496214435463618,0.9032635688781738,113546973,0.0,0.0
2022-03-31 00:00:00+03:00,0.9049942977184744,0.9142229666035662,0.8680797381533115,0.8698095083236694,48298466,0.0,0.0
2022-04-01 00:00:00+03:00,0.8657721334481643,0.8773084198899543,0.864041435336426,0.8651952147483826,63805369,0.0,0.0
2022-04-04 00:00:00+03:00,0.8675027984814642,0.8715401851791896,0.8507752312869292,0.8519290685653687,71939807,0.0,0.0
2022-04-05 00:00:00+03:00,0.8513521678962028,0.8559665313181472,0.8294334342504505,0.8300102949142456,68514503,0.0,0.0
2022-04-06 00:00:00+03:00,0.8305872224951099,0.8323179784679082,0.8046320295890039,0.8057848811149597,67797446,0.0,0.0
2022-04-07 00:00:00+03:00,0.807515580806344,0.8582740973441269,0.8063617435715642,0.845583975315094,84531795,0.0,0.0
2022-04-08 00:00:00+03:00,0.8519290199807577,0.8536597757997135,0.8248190063799482,0.8305871486663818,32464533,0.0,0.0
2022-04-11 00:00:00+03:00,0.8352015833007224,0.8519290929871755,0.8184750014159069,0.8225123882293701,54825012,0.0,0.0
2022-04-12 00:00:00+03:00,0.8253959193917026,0.8571202378512798,0.8132837020837693,0.8513520956039429,61538188,0.0,0.0
2022-04-13 00:00:00+03:00,0.8536598092954183,0.8669258644186163,0.8398158497540705,0.8403927683830261,54461246,0.0,0.0
2022-04-14 00:00:00+03:00,0.8438542524930225,0.8905744572997785,0.8438542524930225,0.8703864216804504,105044316,0.0,0.0
2022-04-15 00:00:00+03:00,0.8726940688858803,0.8940349567635067,0.8657720886237996,0.8836525082588196,30594784,0.0,0.0
2022-04-18 00:00:00+03:00,0.8836524760066627,0.8934580054835486,0.8709632810871254,0.8738468885421753,46266155,0.0,0.0
2022-04-19 00:00:00+03:00,0.8767314287837009,0.8801918966908024,0.8582740922682746,0.8628884553909302,49137807,0.0,0.0
2022-04-20 00:00:00+03:00,0.8651951919682088,0.8882668364426152,0.850198437499508,0.8709633350372314,74448772,0.0,0.0
2022-04-21 00:00:00+03:00,0.8790381585897759,0.9049943382495651,0.8778853070209841,0.8917282819747925,90584199,0.0,0.0
2022-04-22 00:00:00+03:00,0.8923051717636168,0.9459472995942487,0.8923051717636168,0.9049943089485168,101396253,0.0,0.0
2022-04-25 00:00:00+03:00,0.9113393732112469,0.9286428739424545,0.8709633011028989,0.8882668018341064,110930819,0.0,0.0
2022-04-26 00:00:00+03:00,0.8969194573131106,0.8969194573131106,0.8265497677903494,0.846737802028656,70173030,0.0,0.0
2022-04-27 00:00:00+03:00,0.849044523581483,0.8698094772346683,0.828280555717498,0.8398158550262451,57537070,0.0,0.0
2022-04-28 00:00:00+03:00,0.8427003461337134,0.8663489059239174,0.8427003461337134,0.8513520956039429,36265999,0.0,0.0
2022-04-29 00:00:00+03:00,0.8640413248905316,0.9078778624534607,0.8519290490989173,0.9078778624534607,67509261,0.0,0.0
2022-05-05 00:00:00+03:00,0.9142229353607293,0.9228746852969567,0.8998030428664832,0.9032635688781738,36074157,0.0,0.0
2022-05-06 00:00:00+03:00,0.899226206124898,0.9217219177597599,0.864618275426667,0.8940349817276001,62423862,0.0,0.0
2022-05-09 00:00:00+03:00,0.8969195447236852,0.8992261756126069,0.8796150580732922,0.8842294216156006,35059249,0.0,0.0
2022-05-10 00:00:00+03:00,0.8986492156982422,0.9021107275380339,0.8882667677324941,0.8986492156982422,12335393,0.0,0.0
2022-05-11 00:00:00+03:00,0.899803087234944,0.9101855935835693,0.8807688885110844,0.8848062753677368,50418518,0.0,0.0
2022-05-12 00:00:00+03:00,0.8767315217667812,0.8767315217667812,0.8576972646186699,0.8594270348548889,41088563,0.0,0.0
2022-05-13 00:00:00+03:00,0.8657720046840537,0.8796149780768244,0.8628884553909302,0.8628884553909302,35612193,0.0,0.0
2022-05-16 00:00:00+03:00,0.8675027884935589,0.8692325586020908,0.8248190439220335,0.8398158550262451,49070677,0.0,0.0
2022-05-17 00:00:00+03:00,0.8478917266796695,0.8519291135907754,0.8352016034997736,0.8369323015213013,31254427,0.0,0.0
2022-05-18 00:00:00+03:00,0.8403928629673143,0.8421236190489738,0.823666279977038,0.8265498876571655,29266813,0.0,0.0
2022-05-20 00:00:00+03:00,0.8259728935579915,0.8450070915985245,0.8103991635879508,0.8282805681228638,29660584,0.0,0.0
2022-05-23 00:00:00+03:00,0.8340487289578811,0.8432773398651143,0.8057848758179338,0.8063617944717407,41141221,0.0,0.0
2022-05-24 00:00:00+03:00,0.8103991694016708,0.824819062192722,0.8086693992548225,0.8109760880470276,42627487,0.0,0.0
2022-05-25 00:00:00+03:00,0.8138607091272572,0.8253960090863068,0.8086694269306024,0.8144376277923584,32724366,0.0,0.0
2022-05-26 00:00:00+03:00,0.8190518871622602,0.8398158550262451,0.8127068259807091,0.8398158550262451,26848675,0.0,0.0
2022-05-27 00:00:00+03:00,0.8444301866788855,0.8559665301246756,0.8271267442808342,0.8432773351669312,39152072,0.0,0.0
2022-05-30 00:00:00+03:00,0.8461609108957887,0.8796150009128587,0.8380860796563977,0.8403927683830261,47854043,0.0,0.0
2022-05-31 00:00:00+03:00,0.8450070404816867,0.8709632168698589,0.8294333694413419,0.8305871486663818,146136506,0.0,0.0
2022-06-01 00:00:00+03:00,0.8340487850369547,0.8640414245764696,0.7475284934043884,0.7475284934043884,320384081,0.0,0.0
2022-06-02 00:00:00+03:00,0.7117676602056919,0.7394536087994057,0.6731222867965698,0.6731222867965698,451231316,0.0,0.0
2022-06-03 00:00:00+03:00,0.6373605981599157,0.663316777374519,0.6062131367123089,0.6114044189453125,545896397,0.0,0.0
2022-06-06 00:00:00+03:00,0.608520793046981,0.6419748843859189,0.6056361997882242,0.6200560927391052,144981267,0.0,0.0
2022-06-07 00:00:00+03:00,0.6240945597897125,0.643128759290624,0.5883327917529197,0.602752685546875,215836339,0.0,0.0
2022-06-08 00:00:00+03:00,0.6056362055621813,0.6165956304838731,0.5756436258478113,0.5762195587158203,117980909,0.0,0.0
2022-06-09 00:00:00+03:00,0.5767964854134765,0.6056362140046049,0.5485336175000385,0.5952537655830383,139372425,0.0,0.0
2022-06-10 00:00:00+03:00,0.5935239816486435,0.5998690430432575,0.5652611143889047,0.5767964720726013,225837557,0.0,0.0
2022-06-13 00:00:00+03:00,0.5767964780669891,0.5866020076983718,0.5623765849612852,0.5658380389213562,105814250,0.0,0.0
2022-06-14 00:00:00+03:00,0.5669908689323042,0.5687216248404637,0.5566084210369604,0.5583391189575195,47339607,0.0,0.0
2022-06-15 00:00:00+03:00,0.557762206818837,0.5612227328862615,0.5531479014534663,0.5543017387390137,40048069,0.0,0.0
2022-06-16 00:00:00+03:00,0.5617997144243276,0.5617997144243276,0.5358444612918466,0.5375742316246033,50255686,0.0,0.0
2022-06-17 00:00:00+03:00,0.5416116274465204,0.553147912988937,0.532959877190526,0.5462269186973572,60704194,0.0,0.0
2022-06-20 00:00:00+03:00,0.5491105042796494,0.5635303387440826,0.5479566670160629,0.5554555654525757,54044704,0.0,0.0
2022-06-21 00:00:00+03:00,0.5566083668239645,0.5617995902660174,0.5543016782936268,0.5577621459960938,32077272,0.0,0.0
2022-06-22 00:00:00+03:00,0.5623765594680962,0.5623765594680962,0.553724809557196,0.5554555654525757,31730053,0.0,0.0
2022-06-23 00:00:00+03:00,0.5548786800025258,0.5554555986688188,0.546226929574251,0.5485336184501648,31171105,0.0,0.0
2022-06-24 00:00:00+03:00,0.5491104874029764,0.550264266643502,0.5381510633017367,0.5439192056655884,28190595,0.0,0.0
2022-06-27 00:00:00+03:00,0.526615775651641,0.526615775651641,0.526615775651641,0.5393049120903015,469351,0.0,0.0
2022-06-28 00:00:00+03:00,0.5421885916600758,0.5439192897823144,0.5289225348277693,0.5312301516532898,29436729,0.0,0.0
2022-06-29 00:00:00+03:00,0.5416116379752786,0.5646842095086352,0.539304949100456,0.5450730919837952,114222706,0.0,0.0
2022-06-30 00:00:00+03:00,0.5473798107820153,0.5525710352831211,0.5248850844866223,0.5352675914764404,43023721,0.0,0.0
2022-07-01 00:00:00+03:00,0.5381510959613258,0.5439192386752376,0.53065318308942,0.5369972586631775,36694027,0.0,0.0
2022-07-04 00:00:00+03:00,0.53642134987253,0.5398818761330203,0.5271917528376432,0.5277686715126038,34381678,0.0,0.0
2022-07-05 00:00:00+03:00,0.5306531696420257,0.5306531696420257,0.5110420531901916,0.511618971824646,33818968,0.0,0.0
2022-07-06 00:00:00+03:00,0.5133487355217805,0.5271917092328329,0.5133487355217805,0.5156563520431519,27246781,0.0,0.0
2022-07-07 00:00:00+03:00,0.5352675187629307,0.566990852355957,0.5352675187629307,0.566990852355957,204300902,0.0,0.0
2022-07-08 00:00:00+03:00,0.5727590402903,0.6160187201391093,0.5704523514194102,0.5917932391166687,176587434,0.0,0.0
2022-07-13 00:00:00+03:00,0.5941008823268819,0.6131350801456368,0.5785271525382996,0.5785271525382996,137876259,0.0,0.0
2022-07-14 00:00:00+03:00,0.5842952243879018,0.6102504711007808,0.5704522521782535,0.5796809196472168,166900663,0.0,0.0
2022-07-18 00:00:00+03:00,0.5848722824779111,0.6050593921365394,0.5848722824779111,0.5941009521484375,104498136,0.0,0.0
2022-07-19 00:00:00+03:00,0.623155716011302,0.6468753152999505,0.5994371604996059,0.6145312190055847,182822407,0.0,3.7383176
2022-07-20 00:00:00+03:00,0.6166871368697059,0.6188439859542423,0.5929685235023499,0.5929685235023499,79783754,0.0,0.0
2022-07-21 00:00:00+03:00,0.5951243821086595,0.6015939428915779,0.5800312530779379,0.5821871161460876,73397057,0.0,0.0
2022-07-22 00:00:00+03:00,0.582187134132135,0.5908126162372801,0.5757185009510075,0.5778744220733643,51623760,0.0,0.0
2022-07-25 00:00:00+03:00,0.5800312125463831,0.5800312125463831,0.5692498683929443,0.5692498683929443,48707279,0.0,0.0
2022-07-26 00:00:00+03:00,0.5692499072899682,0.5757184822736392,0.5606244254646494,0.5627812743186951,85500697,0.0,0.0
2022-07-27 00:00:00+03:00,0.5800313017259365,0.6188439726829529,0.5757185314510826,0.6188439726829529,234352122,0.0,0.0
2022-07-28 00:00:00+03:00,0.6382497614826883,0.6792182922363281,0.6253125535128519,0.6792182922363281,386395155,0.0,0.0
2022-07-29 00:00:00+03:00,0.6943123891595511,0.705093733784284,0.6490310896612754,0.6641252040863037,306930177,0.0,0.0
2022-08-01 00:00:00+03:00,0.6684369283729895,0.6943123873555185,0.6641252023607066,0.6727496981620789,133427362,0.0,0.0
2022-08-02 00:00:00+03:00,0.6770623887718106,0.7395936635871807,0.6662810445125421,0.7331250309944153,356171278,0.0,0.0
2022-08-03 00:00:00+03:00,0.735280948912195,0.7611564090196176,0.7158751076704655,0.7309682369232178,199329226,0.0,0.0
2022-08-04 00:00:00+03:00,0.7374378055867294,0.7827191074139341,0.7266564604074852,0.7633122801780701,281633450,0.0,0.0
2022-08-05 00:00:00+03:00,0.7654691155464831,0.7978122227103122,0.7589995547145573,0.7784063816070557,155961246,0.0,0.0
2022-08-08 00:00:00+03:00,0.7827190963057387,0.8085935705298739,0.7784063843324356,0.7891877293586731,151848247,0.0,0.0
2022-08-09 00:00:00+03:00,0.7978122177747989,0.8517189423837628,0.7654691108110543,0.7762495279312134,177870689,0.0,0.0
2022-08-10 00:00:00+03:00,0.7762495464675422,0.7784063953794259,0.758999568143562,0.7633122801780701,72788168,0.0,0.0
2022-08-11 00:00:00+03:00,0.7633122748837656,0.7740936199882308,0.7374378004718892,0.7417495846748352,94606616,0.0,0.0
2022-08-12 00:00:00+03:00,0.7288122063665555,0.7848748443603976,0.7288122063665555,0.7439063191413879,117758445,0.0,0.0
2022-08-15 00:00:00+03:00,0.7482182229643177,0.7697809133228062,0.7395937266969573,0.7633122801780701,56193508,0.0,0.0
2022-08-16 00:00:00+03:00,0.7633122619506747,0.7827190887231165,0.7374377879771995,0.7762495279312134,82900791,0.0,0.0
2022-08-17 00:00:00+03:00,0.778406350780051,0.8344689365867486,0.7697808692176347,0.8258435130119324,195789820,0.0,0.0
2022-08-18 00:00:00+03:00,0.8193749600110959,0.8819062426674683,0.8129063266072073,0.8430935144424438,324666280,0.0,0.0
2022-08-19 00:00:00+03:00,0.8474061941331106,0.8926874929383085,0.8452503311543653,0.8625002503395081,252129557,0.0,0.0
2022-08-22 00:00:00+03:00,0.8754375637131683,0.9379687851283358,0.8711247937426746,0.9164060950279236,253829532,0.0,0.0
2022-08-23 00:00:00+03:00,0.9271874337066404,0.9379687786827587,0.85171894667545,0.8754375576972961,316250784,0.0,0.0
2022-08-24 00:00:00+03:00,0.8840619642785821,0.8926874452992435,0.8430933794063935,0.8474061489105225,151893867,0.0,0.0
2022-08-25 00:00:00+03:00,0.851718962576641,0.8948434154845893,0.849562113665126,0.871124804019928,163243507,0.0,0.0
2022-08-26 00:00:00+03:00,0.8754375576972961,0.9142502256485151,0.8538748677450594,0.8754375576972961,252342792,0.0,0.0
2022-08-29 00:00:00+03:00,0.87543758090355,0.9207188830779576,0.8603434655864571,0.9120934009552002,191825094,0.0,0.0
2022-08-31 00:00:00+03:00,0.9142502893763014,0.9703129392343478,0.89700031017491,0.9056248068809509,226258872,0.0,0.0
2022-09-01 00:00:00+03:00,0.9013129596027875,0.9056247437544036,0.8732816946152893,0.8754375576972961,104133762,0.0,0.0
2022-09-02 00:00:00+03:00,0.8819062113761902,0.9077816138877359,0.8775934413343195,0.8819062113761902,120676392,0.0,0.0
2022-09-05 00:00:00+03:00,0.8754375921810768,0.8991561461496022,0.8668121099472046,0.8668121099472046,143605380,0.0,0.0
2022-09-06 00:00:00+03:00,0.8732817028787472,0.8754375659811541,0.8366248976626688,0.8387807607650757,99482845,0.0,0.0
2022-09-07 00:00:00+03:00,0.8452503796383992,0.8689689328970805,0.8085935744223208,0.8387807607650757,126816953,0.0,0.0
2022-09-08 00:00:00+03:00,0.843093462846274,0.8948433967244444,0.8323121178949009,0.8840620517730713,166676744,0.0,0.0
2022-09-09 00:00:00+03:00,0.8948434049275114,0.9164060950279236,0.8775934268099899,0.9164060950279236,175722177,0.0,0.0
2022-09-12 00:00:00+03:00,0.9164060693843582,0.9918745548223402,0.9013129405752532,0.9854059219360352,297535405,0.0,0.0
2022-09-13 00:00:00+03:00,1.00265599139096,1.013437278515665,0.9293433665156932,0.9379687905311584,181288212,0.0,0.0
2022-09-14 00:00:00+03:00,0.9271874158861184,0.97678142786026,0.905624726348316,0.97678142786026,129374398,0.0,0.0
2022-09-15 00:00:00+03:00,0.9832500607587968,0.9918745566979049,0.9465932565941277,0.97678142786026,97467952,0.0,0.0
2022-09-16 00:00:00+03:00,0.9724687768466646,1.004812813177447,0.957374719262818,0.9961873888969421,111150364,0.0,0.0
2022-09-19 00:00:00+03:00,0.9961873265558705,1.0242186489922096,0.9681560041195313,0.97678142786026,89018906,0.0,0.0
2022-09-20 00:00:00+03:00,0.9789373714076895,0.9897187750508442,0.9616874503092361,0.9638442993164062,142564421,0.0,0.0
2022-09-21 00:00:00+03:00,0.9638443099685979,0.9724688067122923,0.9271875023841858,0.9271875023841858,83560692,0.0,0.0
2022-09-22 00:00:00+03:00,0.9293432881356782,0.9552186881857181,0.9228746555766617,0.9315001368522644,92376263,0.0,0.0
2022-09-23 00:00:00+03:00,0.9358129064233532,0.9724687251438456,0.9185629285935394,0.9401246905326843,97030401,0.0,0.0
2022-09-26 00:00:00+03:00,0.9401246799054829,1.002655957558456,0.9315001839826831,0.9854059219360352,146898794,0.0,0.0
2022-09-27 00:00:00+03:00,0.9854059600288616,1.056562664156957,0.9681560397148132,0.9681560397148132,85262430,0.0,0.0
2022-09-28 00:00:00+03:00,0.9703128757075173,1.0242186730147356,0.9638442426572621,1.0026559829711914,138796742,0.0,0.0
2022-09-29 00:00:00+03:00,1.0134372844992492,1.0414686079939448,0.9573746954974618,0.9789373278617859,135713251,0.0,0.0
2022-09-30 00:00:00+03:00,0.9918745862604542,1.037155829726225,0.9832500900642953,1.034999966621399,120943376,0.0,0.0
2022-10-03 00:00:00+03:00,1.0371559355294353,1.0781254569649708,1.0350000722046835,1.0608755350112915,85577678,0.0,0.0
2022-10-04 00:00:00+03:00,1.0694998257229706,1.1147810650708128,1.0479371375034345,1.0996880531311035,123776225,0.0,0.0
2022-10-05 00:00:00+03:00,1.1039997570585929,1.2096564053509866,1.097531124683785,1.1686878204345703,270179302,0.0,0.0
2022-10-06 00:00:00+03:00,1.1686878204345703,1.2139691748597714,1.1600623973921937,1.1686878204345703,111119851,0.0,0.0
2022-10-07 00:00:00+03:00,1.1686880817725118,1.2096566758501819,1.160062656801348,1.1859381198883057,133268756,0.0,0.0
2022-10-10 00:00:00+03:00,1.1924066285591581,1.3045318065559786,1.172999801330368,1.2721878290176392,239182190,0.0,0.0
2022-10-11 00:00:00+03:00,1.2765005369998048,1.3843131814819796,1.2743437459851783,1.3605945110321045,132832798,0.0,0.0
2022-10-12 00:00:00+03:00,1.3605943675904333,1.42096885298135,1.3411875415876127,1.3713747262954712,98000244,0.0,0.0
2022-10-13 00:00:00+03:00,1.3756875776195294,1.3929376138580034,1.323937700854521,1.3584376573562622,73744791,0.0,0.0
2022-10-14 00:00:00+03:00,1.3800002507975466,1.4834999970656466,1.3110003426353478,1.4619373083114624,230078117,0.0,0.0
2022-10-17 00:00:00+03:00,1.466250136057788,1.569749886423178,1.4339060436584927,1.5287814140319824,144899526,0.0,0.0
2022-10-18 00:00:00+03:00,1.5330941161636205,1.5568127855404355,1.4748756062296948,1.4770314693450928,100741980,0.0,0.0
2022-10-19 00:00:00+03:00,1.4942815429403977,1.5201570038808818,1.4317502614361832,1.4403756856918335,96020331,0.0,0.0
2022-10-20 00:00:00+03:00,1.4533128909839734,1.5719068157073242,1.4511570279056007,1.5460313558578491,120833725,0.0,0.0
2022-10-21 00:00:00+03:00,1.5374068791756403,1.5848441017382113,1.509375555893927,1.513688325881958,87982383,0.0,0.0
2022-10-24 00:00:00+03:00,1.5223128591345507,1.5546568372163476,1.496437398328612,1.5158442258834839,98775458,0.0,0.0
2022-10-25 00:00:00+03:00,1.520157053085796,1.543875607847852,1.4942815913077672,1.5244687795639038,77269290,0.0,0.0
2022-10-26 00:00:00+03:00,1.5330941037265338,1.6085626493019896,1.4921256303787231,1.4921256303787231,144062440,0.0,0.0
2022-10-27 00:00:00+03:00,1.502906939536488,1.5568127957929667,1.401563048362732,1.401563048362732,121626359,0.0,0.0
2022-10-28 00:00:00+03:00,1.3886248988083776,1.4878129300367415,1.358437711115825,1.4360630512237549,136940630,0.0,0.0
2022-10-31 00:00:00+03:00,1.4446874801750507,1.470562940258853,1.3735317045726787,1.395094394683838,126211592,0.0,0.0
2022-11-01 00:00:00+03:00,1.4015630845368132,1.4382189053720085,1.3821562567373087,1.3929376602172852,106675158,0.0,0.0
2022-11-02 00:00:00+03:00,1.4058759278354298,1.4252817128677728,1.336875081143546,1.3476563692092896,156232183,0.0,0.0
2022-11-03 00:00:00+03:00,1.3670629802372594,1.4468441744835339,1.343343384834869,1.4123443365097046,229552011,0.0,0.0
2022-11-04 00:00:00+03:00,1.418812870979309,1.4985941822020372,1.4058757215147566,1.418812870979309,226564550,0.0,0.0
2022-11-07 00:00:00+03:00,1.427437327402978,1.4533127853720897,1.3929374899454698,1.4058756828308105,166041984,0.0,0.0
2022-11-08 00:00:00+03:00,1.4145003241696834,1.4964373885937123,1.3950944245427255,1.4727188348770142,292743632,0.0,0.0
2022-11-09 00:00:00+03:00,1.4770314030632454,1.619343876838684,1.453312850726008,1.619343876838684,264665199,0.0,0.0
2022-11-10 00:00:00+03:00,1.7034379440109022,1.7551879375344885,1.660312562823886,1.6991252899169922,288621745,0.0,0.0
2022-11-11 00:00:00+03:00,1.727156449594218,1.8522188833998108,1.709906414733889,1.8198758363723755,662987378,0.0,0.0
2022-11-14 00:00:00+03:00,1.8306563732252852,1.8975003083126933,1.7896877828875262,1.8392817974090576,180121178,0.0,0.0
2022-11-15 00:00:00+03:00,1.85006308821998,1.8586875840776425,1.7357819365132687,1.7745945453643799,153258930,0.0,0.0
2022-11-16 00:00:00+03:00,1.7875317495042828,1.8414376011700229,1.7206878207826197,1.7832189798355103,167161539,0.0,0.0
2022-11-17 00:00:00+03:00,1.7918446586146939,1.8241877082302893,1.7034379184461181,1.7789064645767212,107146115,0.0,0.0
2022-11-18 00:00:00+03:00,1.7853750319013362,1.8867189185963635,1.7508750766664862,1.8349690437316895,157076181,0.0,0.0
2022-11-21 00:00:00+03:00,1.8500630934574982,1.964344129512537,1.8198759081802014,1.9578757286071777,188847686,0.0,0.0
2022-11-22 00:00:00+03:00,1.9643442095014911,1.990219669779817,1.8802503552994108,1.886718988418579,161504893,0.0,0.0
2022-11-23 00:00:00+03:00,1.8759376056667385,1.9535629435678563,1.8586876852112115,1.8931876420974731,131789479,0.0,0.0
2022-11-24 00:00:00+03:00,1.9125943534152887,2.0096254690218105,1.895344318031249,1.972969651222229,187731772,0.0,0.0
2022-11-25 00:00:00+03:00,1.9880629941909465,2.026875488744539,1.9470942885983344,1.9557198286056519,110607299,0.0,0.0
2022-11-28 00:00:00+03:00,1.9729698018924933,1.99453168091176,1.9298444202010254,1.942781686782837,112731717,0.0,0.0
2022-11-29 00:00:00+03:00,1.9276885986328125,1.9276885986328125,1.9276885986328125,1.9276885986328125,96208999,0.0,0.0
2022-11-30 00:00:00+03:00,1.9233757246856513,1.953562911017024,1.8996571714359132,1.9125944375991821,82416596,0.0,0.0
2022-12-01 00:00:00+03:00,1.9233756056930331,2.054906789719671,1.9190629519550073,1.9988441467285156,216325595,0.0,0.0
2022-12-02 00:00:00+03:00,2.013938572125983,2.0570627954259257,1.9686572098593376,1.9837502241134644,117958934,0.0,0.0
2022-12-05 00:00:00+03:00,1.9988441743354777,2.0074697138810578,1.927688402030454,1.9406256675720215,107605174,0.0,0.0
2022-12-06 00:00:00+03:00,1.9427815818008718,1.9514071215739062,1.899657130241394,1.899657130241394,80663865,0.0,0.0
2022-12-07 00:00:00+03:00,1.9125944006576099,1.9751256789910165,1.8716258120558664,1.9104385375976562,143174492,0.0,0.0
2022-12-08 00:00:00+03:00,1.942781686782837,1.942781686782837,1.942781686782837,1.942781686782837,83227612,0.0,0.0
2022-12-09 00:00:00+03:00,1.949250085999372,2.0786252877361657,1.9363128209711233,2.0398125648498535,132356210,0.0,0.0
2022-12-12 00:00:00+03:00,2.1454694271087646,2.1454694271087646,2.1454694271087646,2.1454694271087646,133635435,0.0,0.0
2022-12-13 00:00:00+03:00,2.1648753677419634,2.1907508286452813,2.087251072585779,2.1584067344665527,100708289,0.0,0.0
2022-12-14 00:00:00+03:00,2.17134488019529,2.220937966146634,1.975125732078058,1.9945316314697266,125337211,0.0,0.0
2022-12-15 00:00:00+03:00,2.076469366109486,2.1023438968795034,1.9729696193766344,2.020406723022461,118636985,0.0,0.0
2022-12-16 00:00:00+03:00,2.082937866903013,2.1195936817897594,2.0419693985439586,2.1001880168914795,53836083,0.0,0.0
2022-12-19 00:00:00+03:00,2.1756566713996044,2.195063499172445,2.0700009354096607,2.1045010089874268,151125393,0.0,0.0
2022-12-20 00:00:00+03:00,2.1131253400154177,2.1239068592032195,2.0613755787867065,2.0700008869171143,93051616,0.0,0.0
2022-12-21 00:00:00+03:00,2.078625402020363,2.126063434767798,1.9643441337673828,1.9902195930480957,209293224,0.0,0.0
2022-12-22 00:00:00+03:00,2.0053129156362894,2.136844108598197,1.992375649394541,2.102344036102295,184288653,0.0,0.0
2022-12-23 00:00:00+03:00,2.106656746174586,2.115282286416448,2.0441256965410313,2.0505943298339844,80916840,0.0,0.0
2022-12-26 00:00:00+03:00,2.087250924498762,2.087250924498762,2.009625475097882,2.0117814540863037,103719108,0.0,0.0
2022-12-27 00:00:00+03:00,2.011781450072943,2.011781450072943,1.9125943553824987,1.9147502183914185,96554512,0.0,0.0
2022-12-28 00:00:00+03:00,1.9276885048965124,1.9492502673574448,1.811250441379385,1.847907304763794,76931274,0.0,0.0
2022-12-29 00:00:00+03:00,1.7983131951603721,1.9600314499091727,1.7551878169364774,1.9406256675720215,83913979,0.0,0.0
2022-12-30 00:00:00+03:00,1.942781728711702,1.9621885568049318,1.9039690003269392,1.9276885986328125,30779621,0.0,0.0
2023-01-02 00:00:00+03:00,1.9276884180541853,1.9837500185088521,1.9061257287630002,1.9363129138946533,77011040,0.0,0.0
2023-01-03 00:00:00+03:00,1.940625696032803,1.9514070987344945,1.8543758661216951,1.8824071884155273,52046683,0.0,0.0
2023-01-04 00:00:00+03:00,1.8824072618970369,1.9018130452763116,1.6969692853279579,1.7789064645767212,107978287,0.0,0.0
2023-01-05 00:00:00+03:00,1.7832190758121205,1.800469111638867,1.6387507361112406,1.7551878690719604,74784463,0.0,0.0
2023-01-06 00:00:00+03:00,1.6883437934643397,1.8392816914879873,1.6495321122898623,1.8134063482284546,59690795,0.0,0.0
2023-01-09 00:00:00+03:00,1.8220318454004494,1.925531598960035,1.7681250617296946,1.886718988418579,79762129,0.0,0.0
2023-01-10 00:00:00+03:00,1.8845629783537998,1.8845629783537998,1.746563279043281,1.7832189798355103,37252188,0.0,0.0
2023-01-11 00:00:00+03:00,1.7896876546887994,1.8155631135601489,1.7012819630903602,1.7099064588546753,34335608,0.0,0.0
2023-01-12 00:00:00+03:00,1.725000593978134,1.8220318295496318,1.6538438906582136,1.794000506401062,61943301,0.0,0.0
2023-01-13 00:00:00+03:00,1.7702819891360666,1.8198760033764905,1.72500062897548,1.7573447227478027,37420340,0.0,0.0
2023-01-16 00:00:00+03:00,1.7681251480032163,1.8112505306539883,1.74656350045474,1.8090946674346924,59928588,0.0,0.0
2023-01-17 00:00:00+03:00,1.8069377882463573,1.8953444124535028,1.7789064648539283,1.886718988418579,96302137,0.0,0.0
2023-01-18 00:00:00+03:00,1.875937563662083,1.9212189227757546,1.8457503775036526,1.8694690465927124,74315871,0.0,0.0
2023-01-19 00:00:00+03:00,1.8694690672247263,1.8694690672247263,1.824187707611316,1.847907304763794,41443689,0.0,0.0
2023-01-20 00:00:00+03:00,1.8479072581650575,1.8565317541765745,1.806937741786055,1.8414376974105835,50150317,0.0,0.0
2023-01-23 00:00:00+03:00,1.8500631571325563,1.8500631571325563,1.7595005544068865,1.8047819137573242,40254326,0.0,0.0
2023-01-24 00:00:00+03:00,1.8047819205295326,1.8047819205295326,1.7163751805726435,1.768125057220459,29453504,0.0,0.0
2023-01-25 00:00:00+03:00,1.8004691742008596,1.8780945120813195,1.7810632746377737,1.854375958442688,90272594,0.0,0.0
2023-01-26 00:00:00+03:00,1.832813166063932,1.8500630855560303,1.781063175637235,1.8500630855560303,37663078,0.0,0.0
2023-01-27 00:00:00+03:00,1.8392817330064666,1.8392817330064666,1.7702819371837846,1.7983132600784302,38553842,0.0,0.0
2023-01-30 00:00:00+03:00,1.8026259669331814,1.8759376070341753,1.7551879318070527,1.7573447227478027,358880361,0.0,0.0
2023-01-31 00:00:00+03:00,1.7724377532610154,1.7853750189265616,1.6128753599811125,1.619343876838684,152991557,0.0,0.0
2023-02-01 00:00:00+03:00,1.6387505187258264,1.6560005522643018,1.4834998689539833,1.4878126382827759,67282989,0.0,0.0
2023-02-02 00:00:00+03:00,1.4942814777912288,1.5309382245584378,1.3584376332805324,1.4382188320159912,130958774,0.0,0.0
2023-02-03 00:00:00+03:00,1.4640942190893615,1.5417185071161803,1.4209688414620265,1.5309381484985352,93730060,0.0,0.0
2023-02-06 00:00:00+03:00,1.5072187927294551,1.518000080034346,1.3907816552730081,1.4835001230239868,14150052,0.0,0.0
2023-02-07 00:00:00+03:00,1.4791873094319143,1.4791873094319143,1.3368748426437378,1.3368748426437378,34943297,0.0,0.0
2023-02-08 00:00:00+03:00,1.3368748426437378,1.3368748426437378,1.3368748426437378,1.3368748426437378,0,0.0,0.0
2023-02-15 00:00:00+03:00,1.4015630028727608,1.4705629141522976,1.358437623416037,1.4640942811965942,65418021,0.0,0.0
2023-02-16 00:00:00+03:00,1.4878127089937652,1.541718442996831,1.3304061889648438,1.3304061889648438,88343102,0.0,0.0
2023-02-17 00:00:00+03:00,1.326093539450394,1.341187596321106,1.2398437077782831,1.341187596321106,103165544,0.0,0.0
2023-02-20 00:00:00+03:00,1.3562818092133577,1.4554687938343633,1.3368749818455328,1.4231257438659668,76480282,0.0,0.0
2023-02-21 00:00:00+03:00,1.427437494366207,1.5136883738256504,1.4188129978938322,1.4791874885559082,87049249,0.0,0.0
2023-02-22 00:00:00+03:00,1.4770313772845878,1.4770313772845878,1.4123443542346326,1.418812870979309,56688716,0.0,0.0
2023-02-23 00:00:00+03:00,1.4231256810338462,1.47487555608527,1.414500257286999,1.4209688901901245,67924030,0.0,0.0
2023-02-24 00:00:00+03:00,1.4231257041061767,1.4985942489515311,1.4188129341752311,1.4490001201629639,81998563,0.0,0.0
2023-02-27 00:00:00+03:00,1.4446874605389899,1.4554687474604284,1.4058757786184846,1.427437424659729,94182492,0.0,0.0
2023-02-28 00:00:00+03:00,1.4339060043123968,1.4597814630821402,1.4188128758399114,1.4295942783355713,74695034,0.0,0.0
2023-03-01 00:00:00+03:00,1.433906035351825,1.4446874380808672,1.4015629869167208,1.4101874828338623,91160195,0.0,0.0
2023-03-02 00:00:00+03:00,1.4080316865495792,1.4554687938343633,1.4015630533608583,1.4231257438659668,164831145,0.0,0.0
2023-03-03 00:00:00+03:00,1.420968947859691,1.4360630051222516,1.3778444948049229,1.401563048362732,122181029,0.0,0.0
2023-03-06 00:00:00+03:00,1.4123443942448983,1.459781499435297,1.4058757613417725,1.4209688901901245,126073091,0.0,0.0
2023-03-07 00:00:00+03:00,1.4295942944604718,1.4403755811025378,1.4145002380161371,1.4252815246582031,98416652,0.0,0.0
2023-03-08 00:00:00+03:00,1.4274374746124472,1.5093755828133495,1.4209689573786692,1.4727188348770142,172566591,0.0,0.0
2023-03-09 00:00:00+03:00,1.4705628517706637,1.5632811959298476,1.4684068728272937,1.5309381484985352,152346077,0.0,0.0
2023-03-10 00:00:00+03:00,1.5330939292907715,1.5675938816177986,1.5072185881261255,1.5330939292907715,85455253,0.0,0.0
2023-03-13 00:00:00+03:00,1.5330940406994849,1.55249993911342,1.4770313966405524,1.5007500648498535,121068350,0.0,0.0
2023-03-14 00:00:00+03:00,1.5093754908811974,1.5266255263134627,1.4252815246582031,1.4252815246582031,72364410,0.0,0.0
2023-03-15 00:00:00+03:00,1.4252816696975317,1.4339061664029045,1.2959064487776772,1.3239377737045288,89484851,0.0,0.0
2023-03-16 00:00:00+03:00,1.3368748604870266,1.3800002375824185,1.323937595284001,1.3433433771133423,49623110,0.0,0.0
2023-03-17 00:00:00+03:00,1.3562817317634024,1.3950943405058027,1.33903169631958,1.33903169631958,61134108,0.0,0.0
2023-03-20 00:00:00+03:00,1.3390316231873982,1.3670629437495587,1.272187696002616,1.2872817516326904,46750201,0.0,0.0
2023-03-21 00:00:00+03:00,1.3088435844083013,1.3260935038900705,1.2484690981725115,1.252781867980957,55006830,0.0,0.0
2023-03-22 00:00:00+03:00,1.2592504535927966,1.3088435353365109,1.244156397692758,1.2463122606277466,56488683,0.0,0.0
2023-03-23 00:00:00+03:00,1.248469134967576,1.3110004138637237,1.2441564810072285,1.254937767982483,54143882,0.0,0.0
2023-03-24 00:00:00+03:00,1.265719063536573,1.3002190165647765,1.254937661500917,1.2872817516326904,67013167,0.0,0.0
2023-03-27 00:00:00+03:00,1.2959063177720216,1.354124824972418,1.2959063177720216,1.33903169631958,79055089,0.0,0.0
2023-03-28 00:00:00+03:00,1.3368749262296373,1.3756875355737572,1.3174690274707876,1.3455003499984741,88948819,0.0,0.0
2023-03-29 00:00:00+03:00,1.3519690986313802,1.3562818688725244,1.3002192190188218,1.3239377737045288,60150013,0.0,0.0
2023-03-30 00:00:00+03:00,1.3304063036936549,1.3627502803705986,1.3066877508528683,1.319624900817871,70732158,0.0,0.0
2023-03-31 00:00:00+03:00,1.323937716355897,1.347656270014194,1.3088436590293875,1.3153132200241089,49726017,0.0,0.0
2023-04-03 00:00:00+03:00,1.3131563131085089,1.3325631404893477,1.2700319758462437,1.3153132200241089,81097274,0.0,0.0
2023-04-04 00:00:00+03:00,1.3217818902006355,1.3843131725685731,1.3066878324517943,1.3174691200256348,129733298,0.0,0.0
2023-04-05 00:00:00+03:00,1.3260935337879745,1.3455003604999154,1.3153131746890254,1.319624900817871,62859832,0.0,0.0
2023-04-06 00:00:00+03:00,1.323937716355897,1.336874982742014,1.3066877958906582,1.3153132200241089,45714066,0.0,0.0
2023-04-07 00:00:00+03:00,1.3196249463015675,1.423125744820286,1.3088436590293875,1.3153132200241089,135943843,0.0,0.0
2023-04-10 00:00:00+03:00,1.3260936165987363,1.3347190409735263,1.3153132568265844,1.3174691200256348,82446578,0.0,0.0
2023-04-11 00:00:00+03:00,1.321781873703003,1.3411876576077344,1.3174691035818316,1.321781873703003,94159612,0.0,0.0
2023-04-12 00:00:00+03:00,1.3260934821210175,1.3584375735129817,1.3239376191405907,1.332563042640686,114019822,0.0,0.0
2023-04-13 00:00:00+03:00,1.3390317262546716,1.3455003592186148,1.2980631376070115,1.3088436126708984,120763574,0.0,0.0
2023-04-14 00:00:00+03:00,1.311000404783345,1.3433434536586577,1.2851249451013007,1.319624900817871,105293197,0.0,0.0
2023-04-17 00:00:00+03:00,1.3196249421451545,1.3325631362921833,1.3045318126678467,1.3045318126678467,45286206,0.0,0.0
2023-04-18 00:00:00+03:00,1.3088435333875732,1.3153130937612523,1.2851248660309305,1.2937504053115845,30556925,0.0,0.0
2023-04-19 00:00:00+03:00,1.2937505613306366,1.304531848868035,1.270032007088866,1.2959064245224,28899714,0.0,0.0
2023-04-20 00:00:00+03:00,1.2937505996452414,1.2937505996452414,1.2592506408691406,1.2592506408691406,19247440,0.0,0.0
2023-04-24 00:00:00+03:00,1.26571930469687,1.272187938395396,1.2290624380111694,1.2290624380111694,47065724,0.0,0.0
2023-04-25 00:00:00+03:00,1.2376878072971058,1.239843670305576,1.1729997396469116,1.1729997396469116,43109449,0.0,0.0
2023-04-26 00:00:00+03:00,1.1773124512080229,1.1794693580990885,1.123406711311536,1.153593897819519,60767158,0.0,0.0
2023-04-27 00:00:00+03:00,1.1492811278142465,1.175156588093816,1.1363439775504947,1.153593897819519,48234355,0.0,0.0
2023-04-28 00:00:00+03:00,1.1622193808077756,1.1729998566777087,1.1126253646240742,1.1341880559921265,47394643,0.0,0.0
2023-05-02 00:00:00+03:00,1.119093951774491,1.119093951774491,1.0220628304217618,1.0889067649841309,107989720,0.0,0.0
2023-05-03 00:00:00+03:00,1.082437090729106,1.1643751899881485,1.0091254584602238,1.0996880531311035,102779256,0.0,0.0
2023-05-04 00:00:00+03:00,1.0932184870643913,1.1643753073749572,1.0781253576278687,1.0781253576278687,69348082,0.0,0.0
2023-05-05 00:00:00+03:00,1.075968602269999,1.1018440635478788,1.0457814145973534,1.0587186813354492,46314671,0.0,0.0
2023-05-08 00:00:00+03:00,1.0630312519181155,1.0673440217505552,1.0306872757904466,1.032844066619873,48343393,0.0,0.0
2023-05-09 00:00:00+03:00,1.0328441184474784,1.0436255216811747,0.981094241142273,0.981094241142273,53397629,0.0,0.0
2023-05-10 00:00:00+03:00,0.9832500948125177,0.9832500948125177,0.9465932893782828,0.9487501382827759,54800859,0.0,0.0
2023-05-11 00:00:00+03:00,0.9487500835267261,0.9918745338053959,0.9207188197249511,0.9595314860343933,85461908,0.0,0.0
2023-05-12 00:00:00+03:00,0.9595315365761146,0.9703128816640711,0.9379687884125983,0.9465932846069336,38346210,0.0,0.0
2023-05-15 00:00:00+03:00,1.039312720298767,1.039312720298767,0.9875628445537347,1.039312720298767,28144329,0.0,0.0
2023-05-16 00:00:00+03:00,1.0953752696008752,1.1428123712539673,1.0694998121162416,1.1428123712539673,106261149,0.0,0.0
2023-05-17 00:00:00+03:00,1.1967191806867676,1.2570935487747192,1.1880937573554733,1.2570935487747192,57642420,0.0,0.0
2023-05-18 00:00:00+03:00,1.2614064437448511,1.3282504948418108,1.1449684940760885,1.160062551498413,172620832,0.0,0.0
2023-05-22 00:00:00+03:00,1.164375338763338,1.274343729019165,1.164375338763338,1.274343729019165,105079028,0.0,0.0
2023-05-23 00:00:00+03:00,1.3131562929216143,1.3692189394850274,1.218281035970053,1.239843726158142,190999184,0.0,0.0
2023-05-24 00:00:00+03:00,1.2484691697863093,1.362750327815349,1.2441565157056858,1.354124903678894,227705081,0.0,0.0
2023-05-25 00:00:00+03:00,1.3519689992429265,1.3821561851827155,1.3131562734549451,1.341187596321106,132178663,0.0,0.0
2023-05-26 00:00:00+03:00,1.3368749721616657,1.3972502731882157,1.332563129943124,1.380000352859497,147147881,0.0,0.0
2023-05-29 00:00:00+03:00,1.449000055622462,1.4899686427243397,1.403718814756935,1.418812870979309,150005901,0.0,0.0
2023-05-30 00:00:00+03:00,1.436062914300618,1.442531547057172,1.3756875008951792,1.3821561336517334,129303155,0.0,0.0
2023-05-31 00:00:00+03:00,1.3864689718805898,1.4619374015439124,1.3584376486753003,1.433906078338623,163462612,0.0,0.0
2023-06-01 00:00:00+03:00,1.4360629852151852,1.455468768467929,1.4166561581855897,1.433906078338623,104356485,0.0,0.0
2023-06-02 00:00:00+03:00,1.4554688056843017,1.4684069999687441,1.3950944315305278,1.3972502946853638,120622177,0.0,0.0
2023-06-05 00:00:00+03:00,1.4058758635312025,1.449000201995171,1.3907816898088707,1.4360630512237549,125012998,0.0,0.0
2023-06-06 00:00:00+03:00,1.449000027149198,1.5740625767799383,1.4274373386306611,1.4662500619888306,225624310,0.0,0.0
2023-06-07 00:00:00+03:00,1.4813442273354778,1.522312816658494,1.4597815372241925,1.4921256303787231,209842317,0.0,0.0
2023-06-08 00:00:00+03:00,1.5050627827757939,1.5460313721595427,1.4964373587928765,1.541718602180481,185263414,0.0,0.0
2023-06-09 00:00:00+03:00,1.5524998342746539,1.694812297821045,1.5460312019068292,1.694812297821045,265008290,0.0,0.0
2023-06-12 00:00:00+03:00,1.7379378287694314,1.7918446109992996,1.7185320459058344,1.7444064617156982,253807207,0.0,0.0
2023-06-13 00:00:00+03:00,1.7465633685490078,1.7659691514126048,1.7163751390725248,1.7444064617156982,190661557,0.0,0.0
2023-06-14 00:00:00+03:00,1.7250004871737652,1.7357818895366692,1.5719067307592192,1.6818751096725464,229705379,0.0,0.0
2023-06-15 00:00:00+03:00,1.638750564122269,1.701281835953185,1.5675938693700158,1.61287522315979,129147149,0.0,0.0
2023-06-16 00:00:00+03:00,1.617187889268129,1.6279692910846641,1.5330939292907715,1.5330939292907715,94484750,0.0,0.0
2023-06-19 00:00:00+03:00,1.5309381275444411,1.6171879538170122,1.4209688220130927,1.4662500619888306,141197882,0.0,0.0
2023-06-20 00:00:00+03:00,1.4533129042756003,1.4619374004448102,1.3260935544967651,1.3260935544967651,159590979,0.0,0.0
2023-06-21 00:00:00+03:00,1.326093554368818,1.3735317045634614,1.2894377350189299,1.2980631589889526,78565710,0.0,0.0
2023-06-22 00:00:00+03:00,1.308843587998839,1.3713747492483956,1.2872818264510841,1.3498131036758423,76013467,0.0,0.0
2023-06-23 00:00:00+03:00,1.3519690091540923,1.4080316552974044,1.3498131460646596,1.373531699180603,66366685,0.0,0.0
2023-06-26 00:00:00+03:00,1.3864689960444707,1.4295943770546877,1.3821562259930336,1.4231257438659668,43728860,0.0,0.0
2023-06-27 00:00:00+03:00,1.4317501184505903,1.4317501184505903,1.3972501645015631,1.4123443365097046,17094597,0.0,0.0
2023-07-03 00:00:00+03:00,1.4339060836329371,1.4619374069417248,1.4295943574175964,1.455468773841858,88848895,0.0,0.0
2023-07-04 00:00:00+03:00,1.4705628885110604,1.4791873843760075,1.440375587318524,1.446844220161438,91467385,0.0,0.0
2023-07-05 00:00:00+03:00,1.4554687474604284,1.4684069412272975,1.4209689076523149,1.427437424659729,65478565,0.0,0.0
2023-07-06 00:00:00+03:00,1.4295941595733423,1.5697497129440308,1.4015628401438625,1.5697497129440308,335273705,0.0,0.0
2023-07-07 00:00:00+03:00,1.5869999352915143,1.7142192831438305,1.5546567704256962,1.5826880931854248,294842347,0.0,0.0
2023-07-10 00:00:00+03:00,1.6064068787971764,1.6150313754627772,1.5503442292020078,1.5611255168914795,140485906,0.0,0.0
2023-07-11 00:00:00+03:00,1.582687905154873,1.6042507083548825,1.5352498772850804,1.5697497129440308,134904003,0.0,0.0
2023-07-12 00:00:00+03:00,1.5783754707737583,1.7250006044985298,1.5180000541408565,1.5632812976837158,284925209,0.0,0.0
2023-07-13 00:00:00+03:00,1.5740627240428497,1.671093961640136,1.558969594506603,1.6495321989059448,281563552,0.0,0.0
2023-07-14 00:00:00+03:00,1.6603124339207365,1.7314691333920451,1.6344380190438195,1.7250005006790161,196815303,0.0,0.0
2023-07-17 00:00:00+03:00,1.7357819657129527,1.7638132883561262,1.709906506126258,1.7444064617156982,172802845,0.0,0.0
2023-07-18 00:00:00+03:00,1.7595005373545207,1.9169070720672607,1.6473752455781654,1.9169070720672607,236347876,0.0,0.0
2023-07-19 00:00:00+03:00,1.953562910039818,2.0268754766308072,1.789687740723159,1.8047819137573242,383870819,0.0,0.0
2023-07-20 00:00:00+03:00,1.8026259457620408,1.8285004782346825,1.75950056522224,1.7789064645767212,141876926,0.0,0.0
2023-07-21 00:00:00+03:00,1.7832190872171756,1.84143771205749,1.7444064773649584,1.7983132600784302,159828457,0.0,0.0
2023-07-24 00:00:00+03:00,1.7983132457745379,1.975125677816151,1.7724377861615266,1.8414376974105835,391120978,0.0,0.0
2023-07-25 00:00:00+03:00,1.839281699454043,1.839281699454043,1.7487192153930664,1.7487192153930664,110300763,0.0,0.0
2023-07-26 00:00:00+03:00,1.74656339037911,1.8004691295059092,1.7336250805480309,1.761656403541565,139140519,0.0,0.0
2023-07-27 00:00:00+03:00,1.7702819641059202,1.8220318407537357,1.7573446979005773,1.768125057220459,185192356,0.0,0.0
2023-07-28 00:00:00+03:00,1.7789064068483502,1.8004690964185068,1.7659691410318645,1.7702819108963013,139980104,0.0,0.0
2023-07-31 00:00:00+03:00,1.7767504841077946,1.7918445402625656,1.7573445860350816,1.7896876335144043,156343640,0.0,0.0
2023-08-01 00:00:00+03:00,1.7896877479655022,1.875937581062317,1.7745946186471118,1.875937581062317,250703132,0.0,0.0
2023-08-02 00:00:00+03:00,1.8716257582649918,1.9406256675720215,1.863000334694612,1.9406256675720215,227875057,0.0,0.0
2023-08-03 00:00:00+03:00,1.949250168148168,2.048438190382149,1.8716257628809183,1.9514070749282837,279535137,0.0,0.0
2023-08-04 00:00:00+03:00,1.9449382973520735,1.9557196997625106,1.7896876335144043,1.7896876335144043,259318932,0.0,0.0
2023-08-07 00:00:00+03:00,1.7896876496960137,1.8069376849533227,1.7400936388653505,1.7465633153915405,130436002,0.0,0.0
2023-08-08 00:00:00+03:00,1.75734460016271,1.76596909589432,1.6883437633514404,1.6883437633514404,93866644,0.0,0.0
2023-08-09 00:00:00+03:00,1.6991252054012664,1.765969137003047,1.6624693870544434,1.6624693870544434,148388909,0.0,0.0
2023-08-10 00:00:00+03:00,1.6883438836973055,1.709906574253325,1.580531358718872,1.580531358718872,96215320,0.0,0.0
2023-08-11 00:00:00+03:00,1.584844056838527,1.656000758480512,1.5675940211519626,1.6150312423706055,95339689,0.0,0.0
2023-08-14 00:00:00+03:00,1.615031330252196,1.7508751802161002,1.6107194879533429,1.6452194452285767,182339669,0.0,0.0
2023-08-15 00:00:00+03:00,1.653843777643647,1.6624693169893174,1.6020939048503546,1.6215007305145264,64764008,0.0,0.0
2023-08-16 00:00:00+03:00,1.6279693305901743,1.686187834840467,1.6128752749005877,1.6581565141677856,100374353,0.0,0.0
2023-08-17 00:00:00+03:00,1.6646253573477476,1.7530319841666695,1.6430626664374655,1.727156639099121,171577153,0.0,0.0
2023-08-18 00:00:00+03:00,1.7271566562131637,1.7573447717123165,1.6818752947909124,1.6840322017669678,125909812,0.0,0.0
2023-08-21 00:00:00+03:00,1.6840320022560582,1.7336249682260234,1.6646251766304396,1.6969691514968872,104530828,0.0,0.0
2023-08-22 00:00:00+03:00,1.7120634332326141,1.787531862276202,1.6969692603280362,1.7508751153945923,227379429,0.0,0.0
2023-08-23 00:00:00+03:00,1.7702819297724695,1.9147502697925163,1.7702819297724695,1.873781681060791,340563600,0.0,0.0
2023-08-24 00:00:00+03:00,1.886718868688702,1.9427815119158633,1.7810631427446462,1.8004690408706665,261187506,0.0,0.0
2023-08-25 00:00:00+03:00,1.8328132809751525,1.8435945683150654,1.6883438914500717,1.720687985420227,151147095,0.0,0.0
2023-08-28 00:00:00+03:00,1.722843828024441,1.7767506120066934,1.675406605000393,1.714219331741333,186807350,0.0,0.0
2023-08-29 00:00:00+03:00,1.7250004871737652,1.737937752498536,1.6818751096725464,1.6818751096725464,83068935,0.0,0.0
2023-08-31 00:00:00+03:00,1.7034377360160735,1.7724376416389556,1.7034377360160735,1.7379376888275146,138592856,0.0,0.0
2023-09-01 00:00:00+03:00,1.7508750637516597,1.8069377080482654,1.7293133022370362,1.7638132572174072,258409395,0.0,0.0
2023-09-04 00:00:00+03:00,1.794946240621052,1.8514534221599976,1.7882976137710416,1.798269510269165,114732966,0.0,1.5415523999999998
2023-09-05 00:00:00+03:00,1.7982695462797817,1.8182134556506186,1.7750023671942827,1.7816500663757324,75674465,0.0,0.0
2023-09-06 00:00:00+03:00,1.8049180408309837,1.831509531456965,1.7151707451852622,1.7218183279037476,167983980,0.0,0.0
2023-09-07 00:00:00+03:00,1.7284660747982286,1.8913410759718428,1.7085221663345678,1.7484098672866821,180099630,0.0,0.0
2023-09-08 00:00:00+03:00,1.7484098561304717,1.784974287285778,1.7251426782517747,1.735114574432373,103900563,0.0,0.0
2023-09-11 00:00:00+03:00,1.7450864716695633,1.7617059496171705,1.7085220429221226,1.718493938446045,127335479,0.0,0.0
2023-09-12 00:00:00+03:00,1.7218183178280566,1.7284660164828451,1.6786063049934752,1.6852549314498901,60349857,0.0,0.0
2023-09-13 00:00:00+03:00,1.6852549344204062,1.7218183208630211,1.6387187242507935,1.6387187242507935,78892774,0.0,0.0
2023-09-14 00:00:00+03:00,1.6486906367072391,1.6553392632420376,1.5456480590375103,1.5556199550628662,151280232,0.0,0.0
2023-09-15 00:00:00+03:00,1.5622675995869284,1.7085220695505978,1.5456480054050945,1.695226788520813,167990659,0.0,0.0
2023-09-18 00:00:00+03:00,1.6786061731030884,1.8614251781832407,1.6786061731030884,1.7849740982055664,394199809,0.0,0.0
2023-09-19 00:00:00+03:00,1.7816498832382501,1.92790435310586,1.7484097670948093,1.8614252805709839,321190309,0.0,0.0
2023-09-20 00:00:00+03:00,1.9844127128959845,2.034272307817455,1.8880166764897144,2.0110039710998535,373642808,0.0,0.0
2023-09-21 00:00:00+03:00,2.09410380126984,2.1107235125522488,1.8946654102775933,1.9744408130645752,280399003,0.0,0.0
2023-09-22 00:00:00+03:00,1.9744408130645752,2.0010323047263463,1.9412006946485056,1.9744408130645752,136968795,0.0,0.0
2023-09-25 00:00:00+03:00,1.9877358046693654,2.1206951069193134,1.981088338250221,2.0907793045043945,181603912,0.0,0.0
2023-09-26 00:00:00+03:00,2.100751423453817,2.1273429141438442,1.9744407409117475,2.0243003368377686,232531109,0.0,0.0
2023-09-27 00:00:00+03:00,2.0375953714427673,2.160582892582373,2.0076798013688006,2.1073989868164062,276767130,0.0,0.0
2023-09-28 00:00:00+03:00,2.10739904192029,2.1871744387544054,2.037595424721439,2.0442440509796143,227987154,0.0,0.0
2023-09-29 00:00:00+03:00,2.0575395642450407,2.2470059394836426,2.0475675520954666,2.2470059394836426,380724708,0.0,0.0
2023-10-02 00:00:00+03:00,2.2270619678209784,2.366668966922364,2.1971461657313673,2.3500492572784424,405888660,0.0,0.0
2023-10-03 00:00:00+03:00,2.3400775703647434,2.4896563547739303,2.180526774214783,2.1938230991363525,546562974,0.0,0.0
2023-10-04 00:00:00+03:00,2.1605831748132025,2.2237388682035424,2.094103863797725,2.150611162185669,339697906,0.0,0.0
2023-10-05 00:00:00+03:00,2.12734276177176,2.1339913878068835,2.004356401294323,2.0941035747528076,191484176,0.0,0.0
2023-10-06 00:00:00+03:00,2.0575395722182805,2.0774833646443005,1.9777641705637872,1.9977079629898071,172433308,0.0,0.0
2023-10-09 00:00:00+03:00,1.9412007401083051,2.040919937939692,1.8448058557319178,1.9478484392166138,136233131,0.0,0.0
2023-10-10 00:00:00+03:00,1.9810883641877395,2.0774832391136964,1.974440665731163,2.0442440509796143,92123339,0.0,0.0
2023-10-11 00:00:00+03:00,2.0442442522734705,2.0974272368653355,1.9977080389910815,2.0010323524475098,85944554,0.0,0.0
2023-10-12 00:00:00+03:00,2.0076799626981043,2.0375955351759694,1.8880167449849947,1.9611444473266602,69256169,0.0,0.0
2023-10-13 00:00:00+03:00,1.9511726671946172,1.9511726671946172,1.861425369882978,1.9079606533050537,42088760,0.0,0.0
2023-10-16 00:00:00+03:00,1.911284947483114,1.9345530528620707,1.794946160216405,1.8348338603973389,46341092,0.0,0.0
2023-10-17 00:00:00+03:00,1.834833876851525,1.9445249663513626,1.7949461763128916,1.931228756904602,93062219,0.0,0.0
2023-10-18 00:00:00+03:00,1.8614253161292562,1.9578200775239083,1.8315095125642078,1.8514533042907715,95240292,0.0,0.0
2023-10-19 00:00:00+03:00,1.8514532614028214,1.8813690642748857,1.801593667266181,1.8547775745391846,42074217,0.0,0.0
2023-10-20 00:00:00+03:00,1.8082413810993512,1.8979887962341309,1.7650304100969125,1.8979887962341309,94390367,0.0,0.0
2023-10-23 00:00:00+03:00,1.8647496095112293,2.004356622695923,1.8647496095112293,2.004356622695923,85597069,0.0,0.0
2023-10-24 00:00:00+03:00,2.004356747412253,2.070835828781128,1.9711166268517355,2.070835828781128,98560068,0.0,0.0
2023-10-25 00:00:00+03:00,2.070835683599047,2.077483382514489,1.8846935033798218,1.8846935033798218,68347971,0.0,0.0
2023-10-26 00:00:00+03:00,1.8614254522285123,2.024300459088704,1.794946257587836,2.0010323524475098,81755737,0.0,0.0
2023-10-27 00:00:00+03:00,1.9943844308404932,2.0907793045043945,1.947848222749738,2.0907793045043945,77926847,0.0,0.0
2023-10-30 00:00:00+03:00,2.060863976339562,2.1871746672689696,2.0110041451523175,2.150611162185669,80923397,0.0,0.0
2023-10-31 00:00:00+03:00,2.157258743677365,2.2071183401947843,2.0608638639376244,2.127342939376831,77779347,0.0,0.0
2023-11-01 00:00:00+03:00,2.094103899060845,2.2004707984767475,2.0276238910746227,2.1339917182922363,98681892,0.0,0.0
2023-11-02 00:00:00+03:00,2.1273428682985034,2.1838510895180776,2.110723389932002,2.1772024631500244,56013124,0.0,0.0
2023-11-03 00:00:00+03:00,2.1772027749451386,2.2569781845222128,2.1406394997919183,2.233711004257202,99216047,0.0,0.0
2023-11-06 00:00:00+03:00,2.2337108180530874,2.316809606561324,2.223738805705815,2.2902181148529053,111329125,0.0,0.0
2023-11-07 00:00:00+03:00,2.2935425046883684,2.3367534771983194,2.2436829051908322,2.300189971923828,92962016,0.0,0.0
2023-11-08 00:00:00+03:00,2.313486190360197,2.3533737753205246,2.270274292060887,2.3367533683776855,116451456,0.0,0.0
2023-11-09 00:00:00+03:00,2.296865233910208,2.376640624751805,2.2902177679033713,2.3267810344696045,178448823,0.0,0.0
2023-11-10 00:00:00+03:00,2.3267815073200895,2.393261747707801,2.313486340654179,2.343402147293091,219629593,0.0,0.0
2023-11-13 00:00:00+03:00,2.3434018110317076,2.369993300299987,2.2270619869232178,2.2270619869232178,104355983,0.0,0.0
2023-11-14 00:00:00+03:00,2.2569780266969786,2.2603023401246154,2.18052693612605,2.197146415710449,87256016,0.0,0.0
2023-11-15 00:00:00+03:00,2.2071180853276955,2.230386188152793,2.143963098526001,2.143963098526001,52682796,0.0,0.0
2023-11-16 00:00:00+03:00,2.150610796546908,2.1871742954138202,2.13731470465394,2.143963098526001,40751565,0.0,0.0
2023-11-17 00:00:00+03:00,2.1472868012680366,2.163907440481181,2.09077950412854,2.1240196228027344,36106140,0.0,0.0
2023-11-20 00:00:00+03:00,2.127343008404023,2.160583127078217,2.1240196228027344,2.1240196228027344,33626448,0.0,0.0
2023-11-21 00:00:00+03:00,2.1373149819644994,2.147286762240055,2.0309480886230293,2.080807685852051,47905108,0.0,0.0
2023-11-22 00:00:00+03:00,2.090779277208734,2.157258579540209,2.074159799551456,2.1073989868164062,55840895,0.0,0.0
2023-11-23 00:00:00+03:00,2.114047683883034,2.1306671620983355,2.0874550342559814,2.0874550342559814,34438131,0.0,0.0
2023-11-24 00:00:00+03:00,2.094103779470149,2.1273429697385295,2.027623775280486,2.080807685852051,54715219,0.0,0.0
2023-11-27 00:00:00+03:00,2.0808078417542397,2.104075949341645,2.0542163483769493,2.070835828781128,34865141,0.0,0.0
2023-11-28 00:00:00+03:00,2.0841318739295933,2.0874550273203276,2.0110039433013815,2.0276236534118652,68866233,0.0,0.0
2023-11-29 00:00:00+03:00,2.0475676717225446,2.0542162987451342,1.9943846862529147,2.0143284797668457,39988368,0.0,0.0
2023-11-30 00:00:00+03:00,2.0043566314814356,2.143963413327637,1.9977080046827613,2.064188241958618,103902222,0.0,0.0
2023-12-01 00:00:00+03:00,2.0675114311129748,2.0974272368653355,2.0010323524475098,2.0010323524475098,48329363,0.0,0.0
2023-12-04 00:00:00+03:00,2.0010321701430294,2.0808075675645616,1.9810883787752465,2.057539463043213,68580870,0.0,0.0
2023-12-05 00:00:00+03:00,2.0575391821732754,2.1173705481091813,2.047567171875439,2.060863494873047,69981850,0.0,0.0
2023-12-06 00:00:00+03:00,2.0608639148041874,2.1107235125522488,1.971116499687426,1.9744408130645752,110283711,0.0,0.0
2023-12-07 00:00:00+03:00,1.9910602229313012,2.0043565481743393,1.917932521648271,1.9777641296386719,47265306,0.0,0.0
2023-12-08 00:00:00+03:00,1.9810883517682703,2.011003922436923,1.9378762245178223,1.9378762245178223,37383256,0.0,0.0
2023-12-11 00:00:00+03:00,1.9445247868543867,1.951172485050904,1.8281850814819336,1.8281850814819336,26724707,0.0,0.0
2023-12-12 00:00:00+03:00,1.8414815256618742,1.8680730177064497,1.794946240621052,1.798269510269165,23485471,0.0,0.0
2023-12-13 00:00:00+03:00,1.7982694497652947,1.8148899725542207,1.6786063478883206,1.681930661201477,45563595,0.0,0.0
2023-12-14 00:00:00+03:00,1.6952268444747611,1.7550584524760569,1.6619868431875442,1.7284660339355469,34596247,0.0,0.0
2023-12-15 00:00:00+03:00,1.7317902312221163,1.751734139214283,1.711846439205154,1.7284660339355469,27816128,0.0,0.0
2023-12-18 00:00:00+03:00,1.7251426340970883,1.7317902167883907,1.6387187242507935,1.6387187242507935,30341586,0.0,0.0
2023-12-19 00:00:00+03:00,1.6420428281463815,1.6619867348383535,1.6121271420712187,1.615451455116272,22028059,0.0,0.0
2023-12-20 00:00:00+03:00,1.6287468277197443,1.7284661419625,1.6254235580271108,1.6619869470596313,35520157,0.0,0.0
2023-12-21 00:00:00+03:00,1.645367351290535,1.6719588436913435,1.6187749310880322,1.6619869470596313,24013246,0.0,0.0
2023-12-22 00:00:00+03:00,1.6619867781659474,1.7085220591011925,1.5822113812687275,1.6353952884674072,37082153,0.0,0.0
2023-12-25 00:00:00+03:00,1.6353953510128807,1.6353953510128807,1.499111728573115,1.5024360418319702,25159392,0.0,0.0
2023-12-26 00:00:00+03:00,1.5356762435650948,1.5356762435650948,1.4592241088921474,1.4891399145126343,26600999,0.0,0.0
2023-12-27 00:00:00+03:00,1.4993435804521666,1.5227711212950175,1.442449208411263,1.4826101064682007,17982409,0.010417,0.0
2023-12-28 00:00:00+03:00,1.5897058882908632,1.5897058882908632,1.5127309478528237,1.5395046472549438,35575869,0.0,0.0
2023-12-29 00:00:00+03:00,1.549544808459222,1.6700278520584106,1.5361584263875516,1.6700278520584106,24737370,0.0,0.0
2024-01-02 00:00:00+03:00,1.670027968186739,1.8072454293481812,1.653294493161577,1.6901084184646606,68450129,0.0,0.0
2024-01-03 00:00:00+03:00,1.6767221050102576,1.6834152379380727,1.6164805223333123,1.633213996887207,28143517,0.0,0.0
2024-01-04 00:00:00+03:00,1.643254280090332,1.6599877552383813,1.6097865124050232,1.643254280090332,16508016,0.0,0.0
2024-01-05 00:00:00+03:00,1.6532944993359993,1.6633348412823432,1.6399071821243958,1.6499475240707397,15750467,0.0,0.0
2024-01-08 00:00:00+03:00,1.6566415360074565,1.6901083682944442,1.6466013111665359,1.6532944440841675,24445708,0.0,0.0
2024-01-09 00:00:00+03:00,1.6599877048044422,1.663334796749977,1.5997461218187696,1.6064403057098389,21794179,0.0,0.0
2024-01-10 00:00:00+03:00,1.6097864552464327,1.6499474714411018,1.6097864552464327,1.633213996887207,34047341,0.0,0.0
2024-01-11 00:00:00+03:00,1.636561198225996,1.6767222171055836,1.6332141060738485,1.6599878072738647,55392727,0.0,0.0
2024-01-12 00:00:00+03:00,1.6566416345526065,1.8005512989598207,1.623173866115729,1.780470848083496,110100901,0.0,0.0
2024-01-15 00:00:00+03:00,1.7938581703158416,1.8775271829313223,1.760390285021913,1.8474065065383911,91721087,0.0,0.0
2024-01-16 00:00:00+03:00,1.844059275345021,1.9411146640777588,1.8206316172821047,1.9411146640777588,78789191,0.0,0.0
2024-01-17 00:00:00+03:00,1.9076479432715192,2.0381712223714663,1.8741801753233207,2.021436929702759,164295622,0.0,0.0
2024-01-18 00:00:00+03:00,1.9913160377430663,2.068291911861808,1.894260531431875,1.9076478481292725,137408446,0.0,0.0
2024-01-19 00:00:00+03:00,1.8842203563342181,1.8976076733846836,1.8239787724608052,1.8708330392837524,62016185,0.0,0.0
2024-01-22 00:00:00+03:00,1.8708330907357027,1.9779296449967618,1.8407122979706094,1.974582552909851,93697373,0.0,0.0
2024-01-23 00:00:00+03:00,1.9611952302619753,2.011396470567694,1.9377686231279911,1.9411146640777588,66816305,0.0,0.0
2024-01-24 00:00:00+03:00,1.9411146720226582,1.9545019886633193,1.894260523403867,1.9143409729003906,55116267,0.0,0.0
2024-01-25 00:00:00+03:00,1.9210342833144918,1.9578491425090288,1.9076479004092926,1.9243813753128052,67050589,0.0,0.0
2024-01-26 00:00:00+03:00,1.931074502186679,2.0281308282356214,1.921034277152912,1.984622836112976,121439543,0.0,0.0
2024-01-29 00:00:00+03:00,1.9879698054219166,2.0549044013100235,1.9511548318474463,2.0247836112976074,99400619,0.0,0.0
2024-01-30 00:00:00+03:00,2.024783856763268,2.0984128786792717,2.011396655715002,2.0381712913513184,113527147,0.0,0.0
2024-01-31 00:00:00+03:00,2.0381713490443065,2.044864599448224,1.991316260818975,2.0147438049316406,59639542,0.0,0.0
2024-02-01 00:00:00+03:00,2.0247836043356444,2.0615976436245105,2.011396404956346,2.0515573024749756,79581823,0.0,0.0
2024-02-02 00:00:00+03:00,2.051557257498687,2.051557257498687,1.9980100959336937,2.0080502033233643,72061148,0.0,0.0
2024-02-05 00:00:00+03:00,2.0080502033233643,2.0281306516424555,2.004703111627224,2.0080502033233643,39300201,0.0,0.0
2024-02-06 00:00:00+03:00,2.0147436243062367,2.0448644161224365,1.9946631742753598,2.0448644161224365,74423966,0.0,0.0
2024-02-07 00:00:00+03:00,2.044864408202243,2.0615977661868405,2.024783724709373,2.0314769744873047,81046045,0.0,0.0
2024-02-08 00:00:00+03:00,2.048211551233356,2.1017587184906006,2.034824117184664,2.1017587184906006,109374348,0.0,0.0
2024-02-09 00:00:00+03:00,2.0783322395347494,2.108452796936035,2.041517264825263,2.108452796936035,77002733,0.0,0.0
2024-02-12 00:00:00+03:00,2.105105697283507,2.17873471227172,2.0749851399933723,2.1352264881134033,163495260,0.0,0.0
2024-02-13 00:00:00+03:00,2.1519604020194385,2.175387946779551,2.0582518577575684,2.0582518577575684,70279136,0.0,0.0
2024-02-14 00:00:00+03:00,2.068291986788863,2.2624027729034424,2.044864444451954,2.2624027729034424,182024132,0.0,0.0
2024-02-15 00:00:00+03:00,2.238976152357603,2.476595163345337,2.222241860009717,2.476595163345337,251241942,0.0,0.0
2024-02-16 00:00:00+03:00,2.4263939772763106,2.576997707560114,2.3962731845115948,2.5602643489837646,251151143,0.0,0.0
2024-02-19 00:00:00+03:00,2.5100630456043374,2.533489653635784,2.423046827316284,2.423046827316284,171873098,0.0,0.0
2024-02-20 00:00:00+03:00,2.4297410669133224,2.647279632521847,2.3661523893611363,2.546877145767212,296670894,0.0,0.0
2024-02-21 00:00:00+03:00,2.47659514912305,2.6774003505706787,2.4732480571329223,2.6774003505706787,282664489,0.0,0.0
2024-02-22 00:00:00+03:00,2.627198813043843,2.7443348858654693,2.5970782554004197,2.7276015281677246,264466091,0.0,0.0
2024-02-23 00:00:00+03:00,2.677400440133386,2.8447375297546387,2.6472796472316715,2.8447375297546387,327354735,0.0,0.0
2024-02-26 00:00:00+03:00,2.777802914811629,2.831351250326432,2.5602643489837646,2.5602643489837646,448501871,0.0,0.0
2024-02-27 00:00:00+03:00,2.5100630518964326,2.5100630518964326,2.3059109904621296,2.3828859329223633,699598382,0.0,0.0
2024-02-28 00:00:00+03:00,2.3761928070166225,2.469902280283162,2.322644469852947,2.429741144180298,226215626,0.0,0.0
2024-02-29 00:00:00+03:00,2.4297410186604362,2.4364342685353932,2.3427248001098633,2.3427248001098633,137823403,0.0,0.0
2024-03-01 00:00:00+03:00,2.349418870903989,2.3962730190089947,2.3226442379162675,2.376192569732666,145561442,0.0,0.0
2024-03-04 00:00:00+03:00,2.3828860017101294,2.4130067947004417,2.33603185001814,2.399620294570923,193129435,0.0,0.0
2024-03-05 00:00:00+03:00,2.382885999245894,2.3962731999809055,2.3628055484530446,2.38623309135437,120195357,0.0,0.0
2024-03-06 00:00:00+03:00,2.3962731925478935,2.4130067847201393,2.346071948951601,2.3728456497192383,93153758,0.0,0.0
2024-03-07 00:00:00+03:00,2.376192569732666,2.3862329111407106,2.3628053700086857,2.376192569732666,91174250,0.0,0.0
2024-03-08 00:00:00+03:00,2.3761926777540148,2.53683674634702,2.3561122275648323,2.516756296157837,250833204,0.0,0.0
2024-03-11 00:00:00+03:00,2.513409270397691,2.5669576060597996,2.4565147767986173,2.5201034545898438,91999148,0.0,0.0
2024-03-12 00:00:00+03:00,2.5134090791270656,2.5769975185394287,2.483288288571685,2.5769975185394287,113926811,0.0,0.0
2024-03-13 00:00:00+03:00,2.570304758496094,2.643932612446029,2.4966757368472425,2.5100631713867188,163437072,0.0,0.0
2024-03-14 00:00:00+03:00,2.520103447140332,2.5903851412170664,2.506716012954712,2.506716012954712,61739992,0.0,0.0
2024-03-15 00:00:00+03:00,2.516756296157837,2.5669575384006795,2.5100630463012146,2.516756296157837,63214886,0.0,0.0
2024-03-18 00:00:00+03:00,2.526796405610591,2.573650555866496,2.416353812750895,2.476595163345337,101749800,0.0,0.0
2024-03-19 00:00:00+03:00,2.476595229678346,2.5100631146512042,2.476595229678346,2.4799423217773438,36671425,0.0,0.0
2024-03-20 00:00:00+03:00,2.4866355113403453,2.5100630536055575,2.436434268951416,2.436434268951416,56804062,0.0,0.0
2024-03-21 00:00:00+03:00,2.426393936011605,2.4330871859124046,2.315951108932495,2.315951108932495,55258391,0.0,0.0
2024-03-22 00:00:00+03:00,2.3259913369920997,2.3360316784313104,2.212201423453738,2.215548515319824,46555962,0.0,0.0
2024-03-25 00:00:00+03:00,2.228935940936877,2.302563787845145,2.1452668184649863,2.2423222064971924,52798959,0.0,0.0
2024-03-26 00:00:00+03:00,2.2423222263792386,2.322644257708782,2.108452796936035,2.108452796936035,54855604,0.0,0.0
2024-03-27 00:00:00+03:00,2.1117990011867724,2.1921210342859103,2.09171855129693,2.1519601345062256,108483737,0.0,0.0
2024-03-28 00:00:00+03:00,2.158654143851194,2.18542784422927,2.1184932429744174,2.1419198513031006,29464047,0.0,0.0
2024-03-29 00:00:00+03:00,2.14191979279142,2.188774876487024,2.108452843387886,2.1519601345062256,40502255,0.0,0.0
2024-04-01 00:00:00+03:00,2.1419198086781526,2.1419198086781526,1.9645423832323763,2.0047032833099365,40010299,0.0,0.0
2024-04-02 00:00:00+03:00,2.0113967126501002,2.0314771644812257,1.981275918133517,2.0147438049316406,31084726,0.0,0.0
2024-04-03 00:00:00+03:00,2.0147438049316406,2.018090897213181,1.9946633531005153,2.0147438049316406,22883159,0.0,0.0
2024-04-04 00:00:00+03:00,2.0147438709723935,2.0448646664762986,2.001356435566572,2.0180909633636475,29608093,0.0,0.0
2024-04-05 00:00:00+03:00,2.021436812118058,2.2188956156284463,2.021436812118058,2.0950655937194824,73276432,0.0,0.0
2024-04-08 00:00:00+03:00,2.105105689707599,2.1620001792907715,2.1017585978477773,2.1620001792907715,30043851,0.0,0.0
2024-04-09 00:00:00+03:00,2.1620001792907715,2.1620001792907715,2.1620001792907715,2.1620001792907715,0,0.0,0.0
2024-04-15 00:00:00+03:00,2.17538760983847,2.4130066099123866,2.1553071605626157,2.2824833393096924,158722263,0.0,0.0
2024-04-16 00:00:00+03:00,2.255709762864592,2.2925235715580063,2.1988152702660897,2.2222418785095215,57657320,0.0,0.0
2024-04-17 00:00:00+03:00,2.235628906159683,2.265749696149396,2.2021612579312215,2.225588798522949,36200966,0.0,0.0
2024-04-18 00:00:00+03:00,2.235628906159683,2.2690967879279,2.225588798522949,2.225588798522949,33003856,0.0,0.0
2024-04-19 00:00:00+03:00,2.2423224518270795,2.309258224207479,2.1753878471456125,2.2557098865509033,51268801,0.0,0.0
2024-04-22 00:00:00+03:00,2.2657501099469797,2.3126042655284618,2.2624030175571908,2.2757904529571533,132140833,0.0,0.0
2024-04-24 00:00:00+03:00,2.2791371808802507,2.295870538295107,2.2188955995322983,2.2423222064971924,39490336,0.0,0.0
2024-04-25 00:00:00+03:00,2.2523626333145996,2.4665550344696974,2.041517324140969,2.0448644161224365,269177905,0.0,0.0
2024-04-26 00:00:00+03:00,2.044864286634714,2.0615976436245105,2.0180905884953826,2.0515573024749756,47456717,0.0,0.0
2024-04-29 00:00:00+03:00,2.041517496109009,2.054904697463706,2.0214370443866474,2.041517496109009,29725392,0.0,0.0
2024-04-30 00:00:00+03:00,2.041517146428911,2.1419196213831277,2.0247835562963745,2.0749850273132324,204496880,0.0,0.0
2024-05-02 00:00:00+03:00,2.081678456579834,2.118493436468614,2.081678456579834,2.0850255489349365,28558670,0.0,0.0
2024-05-03 00:00:00+03:00,2.0783321254231195,2.091718390367149,2.0482113361358643,2.0482113361358643,30381663,0.0,0.0
2024-05-06 00:00:00+03:00,2.058251672954587,2.071638172930448,2.0113965876413102,2.021436929702759,29553464,0.0,0.0
2024-05-07 00:00:00+03:00,2.028130880310018,2.034824130297949,1.977929637082329,2.021436929702759,37985852,0.0,0.0
2024-05-08 00:00:00+03:00,2.034824075137992,2.061597774983262,1.9980102670432165,2.0047032833099365,42464735,0.0,0.0
2024-05-09 00:00:00+03:00,2.018090544252785,2.031476809179596,1.9980100959336937,2.0080502033233643,22166870,0.0,0.0
2024-05-10 00:00:00+03:00,2.02143704860052,2.041517500364741,1.9879700960730649,2.001356363296509,48395255,0.0,0.0
2024-05-13 00:00:00+03:00,2.011396539411983,2.0247837396861743,1.9444618225097656,1.9444618225097656,32703596,0.0,0.0
2024-05-14 00:00:00+03:00,1.9511549027061241,1.967889428059971,1.9143409787236108,1.947808861732483,39187907,0.0,0.0
2024-05-15 00:00:00+03:00,1.947808906230801,1.9846228310543403,1.9377686812226258,1.9511549472808838,56991791,0.0,0.0
2024-05-16 00:00:00+03:00,1.9611953027789844,1.9745825030899744,1.944461827854732,1.957849144935608,30891166,0.0,0.0
2024-05-17 00:00:00+03:00,1.9712354140984998,1.974582506106074,1.9377686977386475,1.9377686977386475,21688647,0.0,0.0
2024-05-20 00:00:00+03:00,1.947808861732483,1.967889428059971,1.910994003590912,1.947808861732483,34263950,0.0,0.0
2024-05-21 00:00:00+03:00,1.9578490888532192,1.9678894304139143,1.8976076233384596,1.9076478481292725,49059432,0.0,0.0
2024-05-22 00:00:00+03:00,1.9210342225261348,1.937768631059195,1.9043007481521288,1.9143409729003906,22464789,0.0,0.0
2024-05-23 00:00:00+03:00,1.924381314418534,1.937768631059195,1.8909134315114677,1.9143409729003906,27274480,0.0,0.0
2024-05-24 00:00:00+03:00,1.9243814334595821,2.02478380392291,1.9043008659510055,1.987969994544983,107621573,0.0,0.0
2024-05-27 00:00:00+03:00,2.108452727957663,2.108452727957663,1.994663051065263,2.0113964080810547,69174838,0.0,0.0
2024-05-28 00:00:00+03:00,2.0147438049316406,2.024783914077308,1.9980104453820557,2.0147438049316406,29507241,0.0,0.0
2024-05-29 00:00:00+03:00,2.0180908400885955,2.0448645415657754,1.9812758620510251,2.0381712913513184,49576002,0.0,0.0
2024-05-30 00:00:00+03:00,2.031476809179596,2.038170992571876,2.004703111627224,2.0080502033233643,126942067,0.0,0.0
2024-05-31 00:00:00+03:00,2.034824256762766,2.034824256762766,2.008050554527723,2.0147438049316406,36178020,0.0,0.0
2024-06-03 00:00:00+03:00,2.0214369377912806,2.0214369377912806,1.974582552909851,1.974582552909851,33691304,0.0,0.0
2024-06-04 00:00:00+03:00,1.9846227715550102,1.9846227715550102,1.9411146640777588,1.9411146640777588,22415141,0.0,0.0
2024-06-05 00:00:00+03:00,1.9444617662755632,1.9444617662755632,1.88422030094298,1.8942605257034302,33000157,0.0,0.0
2024-06-06 00:00:00+03:00,1.8976076117796363,1.9176880612389469,1.880873203277588,1.880873203277588,19252135,0.0,0.0
2024-06-07 00:00:00+03:00,1.8808732554537726,1.9511549472808838,1.830672013643012,1.9511549472808838,26410184,0.0,0.0
2024-06-10 00:00:00+03:00,1.9511549675526156,1.9511549675526156,1.8775271171405725,1.897607684135437,20117739,0.0,0.0
2024-06-11 00:00:00+03:00,1.854099622334397,2.0013562610847737,1.854099622334397,1.987969994544983,50566813,0.0,0.0
2024-06-12 00:00:00+03:00,1.9913161450261871,1.9913161450261871,1.9444618769146462,1.974582552909851,41725052,0.0,0.0
2024-06-13 00:00:00+03:00,1.9712352306825724,2.0214367017899253,1.9712352306825724,2.0080502033233643,112903879,0.0,0.0
2024-06-14 00:00:00+03:00,2.0113967126501002,2.0549047085938916,2.0013563699646424,2.0147438049316406,175740759,0.0,0.0
2024-06-20 00:00:00+03:00,2.0180909633636475,2.0749854619802037,2.01139677858114,2.0180909633636475,72038164,0.0,0.0
2024-06-21 00:00:00+03:00,2.0180907170819964,2.0314769831552066,1.9913160830776466,2.0047032833099365,39570722,0.0,0.0
2024-06-24 00:00:00+03:00,1.9913160928342748,1.9913160928342748,1.900953716907371,1.9043008089065552,33522675,0.0,0.0
2024-06-25 00:00:00+03:00,1.8942605198934397,1.9310744436957459,1.880873203277588,1.880873203277588,35221316,0.0,0.0
2024-06-26 00:00:00+03:00,1.8842204110812855,1.9310745624957206,1.8139386001101885,1.900953769683838,43567441,0.0,0.0
2024-06-27 00:00:00+03:00,1.9009536609245563,1.921034227240238,1.8741800785064697,1.8741800785064697,102441082,0.0,0.0
2024-06-28 00:00:00+03:00,1.8875674059052483,1.9176880803950953,1.77377749054653,1.8072453737258911,147331664,0.0,0.0
2024-07-01 00:00:00+03:00,1.8172857151495687,1.820631756354931,1.6733751160679626,1.7202292680740356,42735648,0.0,0.0
2024-07-02 00:00:00+03:00,1.7302694922438524,1.790511078582891,1.69010847360779,1.7403098344802856,75307804,0.0,0.0
2024-07-03 00:00:00+03:00,1.740309773360193,1.773777540716278,1.73361652349068,1.750349998474121,41123510,0.0,0.0
2024-07-04 00:00:00+03:00,1.7536970408866321,1.8072453737258911,1.7269233415465337,1.8072453737258911,69064128,0.0,0.0
2024-07-05 00:00:00+03:00,1.8072454182012612,1.8474064352792816,1.7838177592753066,1.810591459274292,103839217,0.0,0.0
2024-07-08 00:00:00+03:00,1.8172857085892176,1.8373661594649506,1.8005512989067676,1.8340191841125488,45708142,0.0,0.0
2024-07-09 00:00:00+03:00,1.8407123605546032,1.8909136056900024,1.8273259768399308,1.8909136056900024,98113060,0.0,0.0
2024-07-10 00:00:00+03:00,1.890913620759833,1.890913620759833,1.8674870111853585,1.8775272369384766,35964394,0.0,0.0
2024-07-11 00:00:00+03:00,1.8775271084414966,1.9243813753128052,1.8708330412147556,1.9243813753128052,66940520,0.0,0.0
2024-07-12 00:00:00+03:00,1.9176880569437746,1.9478088478351585,1.9009536484792073,1.9411146640777588,113364931,0.0,0.0
2024-07-16 00:00:00+03:00,1.9411147222727085,1.9946631728324002,1.9310744972645333,1.9511549472808838,44153077,0.0,0.0
2024-07-17 00:00:00+03:00,1.9511549585124024,1.9645423923465712,1.9243813753128052,1.9243813753128052,36079559,0.0,0.0
2024-07-18 00:00:00+03:00,1.9277284144807805,1.9444617721558217,1.904300756222688,1.9076478481292725,42847845,0.0,0.0
2024-07-19 00:00:00+03:00,1.900301487041628,1.9296875636198252,1.8709152936935425,1.8709152936935425,25647516,0.0,2.9268292000000002
2024-07-22 00:00:00+03:00,1.8807105361869603,2.0570271015167236,1.8611198196803067,2.0570271015167236,153891757,0.0,0.0
2024-07-23 00:00:00+03:00,2.057027305972021,2.096208976419497,2.0080505098374086,2.017845869064331,123606013,0.0,0.0
2024-07-24 00:00:00+03:00,2.008050303538341,2.0374363782001006,1.9590735124354082,1.988459587097168,82378966,0.0,0.0
2024-07-25 00:00:00+03:00,1.9884597913835635,2.096208976419497,1.978664432156641,2.017845869064331,85509452,0.0,0.0
2024-07-26 00:00:00+03:00,2.0570270755550277,2.213753039169984,2.0374363592956284,2.0864133834838867,320980454,0.0,0.0
2024-07-29 00:00:00+03:00,2.0668226307401367,2.1353903777251944,2.037436553549304,2.047231912612915,93866743,0.0,0.0
2024-07-30 00:00:00+03:00,2.0570272524798554,2.076617970424252,1.9394829448134772,1.9590736627578735,81134818,0.0,0.0
2024-07-31 00:00:00+03:00,1.9688689526929464,1.9688689526929464,1.910096800920565,1.9492782354354858,51812534,0.0,0.0
2024-08-01 00:00:00+03:00,1.9688689205154266,2.0178457128586427,1.9590735620467834,1.9786642789840698,47863248,0.0,0.0
2024-08-02 00:00:00+03:00,1.9590736790418948,1.9786643971491311,1.9003015247201855,1.9100968837738037,34885515,0.0,0.0
2024-08-05 00:00:00+03:00,1.7925524153257655,1.8317338505995895,1.7337801456451416,1.7337801456451416,40181922,0.0,0.0
2024-08-06 00:00:00+03:00,1.7631661328220583,1.7925523245593356,1.704393982887268,1.704393982887268,76128178,0.0,0.0
2024-08-07 00:00:00+03:00,1.7239846995321981,1.7631661328220583,1.694598624564803,1.704393982887268,66811845,0.0,0.0
2024-08-08 00:00:00+03:00,1.7043940514929057,1.7533708450766554,1.6945986927761558,1.7141894102096558,36599271,0.0,0.0
2024-08-09 00:00:00+03:00,1.7239847689264056,1.7435754863599056,1.7043940514929057,1.7141894102096558,45268996,0.0,0.0
2024-08-12 00:00:00+03:00,1.7239847628065201,1.733780121488498,1.6456217765808105,1.6456217765808105,71824547,0.0,0.0
2024-08-13 00:00:00+03:00,1.6456218258501363,1.6554173015952733,1.5574635950729092,1.5672589540481567,59862533,0.0,0.0
2024-08-14 00:00:00+03:00,1.567258936341837,1.6260310895293353,1.547668218612671,1.547668218612671,51239154,0.0,0.0
2024-08-15 00:00:00+03:00,1.557463526725769,1.5770542438165522,1.5378728096349856,1.557463526725769,67743268,0.0,0.0
2024-08-16 00:00:00+03:00,1.577054203173077,1.577054203173077,1.5182819366455078,1.5182819366455078,35891558,0.0,0.0
2024-08-19 00:00:00+03:00,1.547668236097662,1.5868496719986516,1.5280774013772773,1.5672589540481567,96818034,0.0,0.0
2024-08-20 00:00:00+03:00,1.5868495834330159,1.5868495834330159,1.5378727912902832,1.5378727912902832,48865251,0.0,0.0
2024-08-21 00:00:00+03:00,1.547668236097662,1.6456218258501363,1.5378728771224144,1.5672589540481567,114027568,0.0,0.0
2024-08-22 00:00:00+03:00,1.5770543130234043,1.616235748924394,1.5672589540481567,1.5672589540481567,79507302,0.0,0.0
2024-08-23 00:00:00+03:00,1.5770542438165522,1.6260310365435104,1.5476681681803774,1.557463526725769,68688821,0.0,0.0
2024-08-26 00:00:00+03:00,1.577054255633831,1.6064403314902032,1.5084866285324097,1.5084866285324097,78542306,0.0,0.0
2024-08-27 00:00:00+03:00,1.5182820052324515,1.5574635569441142,1.5084866464970077,1.5280773639678955,46264625,0.0,0.0
2024-08-28 00:00:00+03:00,1.537872859748088,1.6064403718001692,1.5280773841136164,1.547668218612671,134970970,0.0,0.0
2024-08-29 00:00:00+03:00,1.5574635081473762,1.5574635081473762,1.518281957663307,1.5378727912902832,48610247,0.0,0.0
2024-09-02 00:00:00+03:00,1.547668218612671,1.5770542952064202,1.537872859748088,1.547668218612671,50527320,0.0,0.0
2024-09-03 00:00:00+03:00,1.557463577477254,1.5770542952064202,1.537872859748088,1.547668218612671,67317311,0.0,0.0
2024-09-04 00:00:00+03:00,1.5378728275239197,1.655417248205811,1.5280773520947,1.5770542621612549,187338475,0.0,0.0
2024-09-05 00:00:00+03:00,1.577054181197131,1.694598595844429,1.5672588230406794,1.616235613822937,172837678,0.0,0.0
2024-09-06 00:00:00+03:00,1.6260309719793884,1.714189312157332,1.616235613822937,1.616235613822937,103551086,0.0,0.0
2024-09-09 00:00:00+03:00,1.6260310554579236,1.6260310554579236,1.567258903501921,1.5770542621612549,43379360,0.0,0.0
2024-09-10 00:00:00+03:00,1.5868495834330159,1.5966449418615623,1.5280773160918535,1.5378727912902832,58530844,0.0,0.0
2024-09-11 00:00:00+03:00,1.5378728211586676,1.5476681797774585,1.4693051940572466,1.5084866285324097,114070516,0.0,0.0
2024-09-12 00:00:00+03:00,1.5280773972659907,1.5770543087803455,1.4791006025215254,1.4986913204193115,134134228,0.0,0.0
2024-09-13 00:00:00+03:00,1.5084866285324097,1.5280773457699912,1.498691269913619,1.5084866285324097,74717203,0.0,0.0
2024-09-16 00:00:00+03:00,1.5182819871512006,1.56725889701504,1.498691269913619,1.5084866285324097,132226778,0.0,0.0
2024-09-17 00:00:00+03:00,1.5182819366455078,1.5378727700012853,1.5084865783525598,1.5182819366455078,48623930,0.0,0.0
2024-09-18 00:00:00+03:00,1.5182820901562295,1.5182820901562295,1.4888960123062134,1.4888960123062134,55439639,0.0,0.0
2024-09-19 00:00:00+03:00,1.5084866663844503,1.567258936341837,1.4986913075198673,1.547668218612671,81353271,0.0,0.0
2024-09-20 00:00:00+03:00,1.557463577477254,1.567258936341837,1.5182820252490334,1.547668218612671,96601449,0.0,0.0
2024-09-23 00:00:00+03:00,1.5574635383962492,1.56725889701504,1.5084866285324097,1.5084866285324097,92599219,0.0,0.0
2024-09-24 00:00:00+03:00,1.5182820203148235,1.528077379147573,1.4791005849838257,1.4791005849838257,102863014,0.0,0.0
2024-09-25 00:00:00+03:00,1.4888958355117776,1.4986911936319962,1.4301236867904663,1.4301236867904663,184806899,0.0,0.0
2024-09-26 00:00:00+03:00,1.439919044910685,1.4497144030309035,1.4301236867904663,1.4301236867904663,49171880,0.0,0.0
2024-09-27 00:00:00+03:00,1.4399191667259532,1.4986913204193115,1.4203284488281671,1.4986913204193115,72502165,0.0,0.0
2024-09-30 00:00:00+03:00,1.4888958040793292,1.5084865199061819,1.4595097303390503,1.4595097303390503,55123675,0.0,0.0
2024-10-01 00:00:00+03:00,1.45950982414059,1.45950982414059,1.3517607633980764,1.3713514804840088,90959012,0.0,0.0
2024-10-02 00:00:00+03:00,1.3713515475174995,1.381146906539276,1.3027840343650643,1.3125793933868408,79204968,0.0,0.0
2024-10-03 00:00:00+03:00,1.3223747524086173,1.3615561884957232,1.3027840343650643,1.3125793933868408,60711215,0.0,0.0
2024-10-04 00:00:00+03:00,1.322374701499939,1.34196541878929,1.2733977915066754,1.322374701499939,66112804,0.0,0.0
2024-10-07 00:00:00+03:00,1.33217007248913,1.351760789960018,1.2733978033065796,1.2733978033065796,73634584,0.0,0.0
2024-10-08 00:00:00+03:00,1.283193213449211,1.283193213449211,1.2538071360656164,1.2636024951934814,49909221,0.0,0.0
2024-10-09 00:00:00+03:00,1.2636024264661894,1.273397785061285,1.2244209920858067,1.2538070678710938,50046147,0.0,0.0
2024-10-10 00:00:00+03:00,1.2636024077864836,1.2831931246870671,1.224420973985316,1.234216332435608,45406274,0.0,0.0
2024-10-11 00:00:00+03:00,1.2440115796906874,1.2538069372654272,1.1754440766675087,1.1852394342422485,103412441,0.0,0.0
2024-10-14 00:00:00+03:00,1.1950348712711727,1.1950348712711727,1.1362626051452738,1.1460579633712769,56351601,0.0,0.0
2024-10-15 00:00:00+03:00,1.1460578871734162,1.214625506966468,1.1460578871734162,1.1852394342422485,76203025,0.0,0.0
2024-10-16 00:00:00+03:00,1.1950349477635427,1.2244210243225098,1.1852395889105538,1.2244210243225098,41258756,0.0,0.0
2024-10-17 00:00:00+03:00,1.2342163506809025,1.2636024264661894,1.214625633490711,1.2538070678710938,68713179,0.0,0.0
2024-10-18 00:00:00+03:00,1.263602388504207,1.263602388504207,1.214625597000122,1.214625597000122,44049188,0.0,0.0
2024-10-21 00:00:00+03:00,1.2146255778575188,1.2440116522968427,1.1950348615646362,1.1950348615646362,49629190,0.0,0.0
2024-10-22 00:00:00+03:00,1.195034880398488,1.224420955300939,1.185239522097671,1.214625597000122,34547425,0.0,0.0
2024-10-23 00:00:00+03:00,1.214625681259758,1.2244210402400875,1.1656488863581105,1.17544424533844,38086121,0.0,0.0
2024-10-24 00:00:00+03:00,1.1852395714693302,1.2244210063047176,1.1754442127604836,1.204830288887024,51184034,0.0,0.0
2024-10-25 00:00:00+03:00,1.2048303066165318,1.2342163831754989,1.2048303066165318,1.2244210243225098,20002684,0.0,0.0
2024-10-28 00:00:00+03:00,1.234216332435608,1.2440116908858998,1.224420973985316,1.234216332435608,27887705,0.0,0.0
2024-10-30 00:00:00+03:00,1.2440117597579956,1.2733978367357695,1.2342164007654042,1.2440117597579956,50356270,0.0,0.0
2024-10-31 00:00:00+03:00,1.2440117597579956,1.2636024777431782,1.2342164007654042,1.2440117597579956,39695298,0.0,0.0
2024-11-01 00:00:00+03:00,1.2538071187505868,1.2636024777431782,1.224421041772813,1.2440117597579956,40782230,0.0,0.0
2024-11-04 00:00:00+03:00,1.2440117420284877,1.263602459734466,1.2048303066165318,1.2244210243225098,33958486,0.0,0.0
2024-11-05 00:00:00+03:00,1.224421041772813,1.2440117597579956,1.1950349647950391,1.2440117597579956,26508255,0.0,0.0
2024-11-06 00:00:00+03:00,1.2538070678710938,1.273397785061285,1.2440117092759981,1.2538070678710938,39748287,0.0,0.0
2024-11-07 00:00:00+03:00,1.2538070858356918,1.2733978033065796,1.2440117271002478,1.2733978033065796,34342660,0.0,0.0
2024-11-08 00:00:00+03:00,1.2733977530706637,1.3027839448875884,1.2636023947216495,1.2831931114196777,56254780,0.0,0.0
2024-11-11 00:00:00+03:00,1.2929885765205564,1.3419653678861572,1.2831931014775548,1.332170009613037,57507722,0.0,0.0
2024-11-12 00:00:00+03:00,1.3615561723709106,1.3909422490882228,1.3223747367478276,1.3615561723709106,101439965,0.0,0.0
2024-11-13 00:00:00+03:00,1.351760745048523,1.37135146186852,1.322374669818527,1.351760745048523,52402434,0.0,0.0
2024-11-14 00:00:00+03:00,1.3517607812307413,1.400737574591683,1.3517607812307413,1.3909422159194946,72202909,0.0,0.0
2024-11-15 00:00:00+03:00,1.3909421081751887,1.4986911619927556,1.3811467502617625,1.4595097303390503,116056060,0.0,0.0
2024-11-18 00:00:00+03:00,1.4693052261510764,1.4986913026493247,1.4301237908200783,1.4791005849838257,81817600,0.0,0.0
2024-11-19 00:00:00+03:00,1.4791005849838257,1.5378728547502105,1.4595098673183269,1.4791005849838257,102268167,0.0,0.0
2024-11-20 00:00:00+03:00,1.498691265658741,1.5182819828407033,1.4301237555218729,1.439919114112854,57140039,0.0,0.0
2024-11-21 00:00:00+03:00,1.4497145256748463,1.5084866793682046,1.4399191667259532,1.4986913204193115,67271808,0.0,0.0
2024-11-22 00:00:00+03:00,1.5084866285324097,1.5378728211586676,1.4791005526760372,1.5084866285324097,67495890,0.0,0.0
2024-11-25 00:00:00+03:00,1.5182820052324515,1.5574635569441142,1.5084866464970077,1.5280773639678955,84957843,0.0,0.0
2024-11-26 00:00:00+03:00,1.5280774013772773,1.5770543130234043,1.5280774013772773,1.5672589540481567,82920841,0.0,0.0
2024-11-27 00:00:00+03:00,1.577054203173077,1.5966449197589727,1.5182819366455078,1.5182819366455078,74892760,0.0,0.0
2024-11-28 00:00:00+03:00,1.5182819871512006,1.5280773457699912,1.4791005526760372,1.5084866285324097,62561132,0.0,0.0
2024-11-29 00:00:00+03:00,1.5084866043240193,1.6260310226330261,1.4986912458624255,1.6064403057098389,99343220,0.0,0.0
2024-12-02 00:00:00+03:00,1.5966450485668218,1.62603112581636,1.5770543304004632,1.5868496894836426,66083922,0.0,0.0
2024-12-03 00:00:00+03:00,1.5966449654259847,1.6456217582915516,1.5966449654259847,1.6260310411453247,115705277,0.0,0.0
2024-12-04 00:00:00+03:00,1.6358264848995394,1.6358264848995394,1.5868496894836426,1.5868496894836426,69790304,0.0,0.0
2024-12-05 00:00:00+03:00,1.6064403057098389,1.6260310226330261,1.5868495887866516,1.6064403057098389,42053787,0.0,0.0
2024-12-06 00:00:00+03:00,1.6260310171472019,1.6358263755757483,1.5084865992347605,1.5378727912902832,148706156,0.0,0.0
2024-12-09 00:00:00+03:00,1.547668236097662,1.5868496719986516,1.5378728771224144,1.5672589540481567,81956574,0.0,0.0
2024-12-10 00:00:00+03:00,1.577054274415002,1.577054274415002,1.5280773639678955,1.5280773639678955,49403075,0.0,0.0
2024-12-11 00:00:00+03:00,1.5280772949384558,1.557463486587181,1.5084865783525598,1.5182819366455078,50685335,0.0,0.0
2024-12-12 00:00:00+03:00,1.5280772949384558,1.5476681282942333,1.5084865783525598,1.5182819366455078,35276222,0.0,0.0
2024-12-13 00:00:00+03:00,1.5280773841136164,1.557463577477254,1.5084866663844503,1.547668218612671,70093594,0.0,0.0
2024-12-16 00:00:00+03:00,1.557463526725769,1.5868496023619438,1.5476681681803774,1.557463526725769,56632691,0.0,0.0
2024-12-17 00:00:00+03:00,1.5672588665759228,1.5770542250044692,1.5280773160918535,1.5378727912902832,77976075,0.0,0.0
2024-12-18 00:00:00+03:00,1.537872859748088,1.5966450129355862,1.5280773841136164,1.547668218612671,74588579,0.0,0.0
2024-12-19 00:00:00+03:00,1.537872859748088,1.567258936341837,1.5182820252490334,1.547668218612671,56404828,0.0,0.0
2024-12-20 00:00:00+03:00,1.557463526725769,1.5672588852711606,1.5280773343197094,1.557463526725769,69346952,0.0,0.0
2024-12-23 00:00:00+03:00,1.5672588852711606,1.606440319452727,1.5378728096349856,1.557463526725769,103861677,0.0,0.0
2024-12-24 00:00:00+03:00,1.557463577477254,1.567258936341837,1.5182820252490334,1.547668218612671,75377799,0.0,0.0
2024-12-25 00:00:00+03:00,1.5672588852711606,1.5868496023619438,1.557463526725769,1.557463526725769,55386150,0.0,0.0
2024-12-26 00:00:00+03:00,1.5672588665759228,1.5868495834330159,1.518281957663307,1.5378727912902832,87119915,0.0,0.0
2024-12-27 00:00:00+03:00,1.5486266801344843,1.5883351384760114,1.5287725101338148,1.5684809684753418,63356602,0.020833,0.0
2024-12-30 00:00:00+03:00,1.5784080342796614,1.5982622040388719,1.5486266613006592,1.5486266613006592,56893268,0.0,0.0
2024-12-31 00:00:00+03:00,1.5585538645204509,1.5784080342796614,1.5287724915414487,1.5486266613006592,44872982,0.0,0.0
2025-01-02 00:00:00+03:00,1.5585539350688187,1.647897703029436,1.5585539350688187,1.628043532371521,135640934,0.0,0.0
2025-01-03 00:00:00+03:00,1.6379707345030246,1.707460455101182,1.6181165624293226,1.697533369064331,127241585,0.0,0.0
2025-01-06 00:00:00+03:00,1.7173874723954765,1.7471687293139635,1.6776791298374942,1.6876062154769897,123515919,0.0,0.0
2025-01-07 00:00:00+03:00,1.6876062330122803,1.6876062330122803,1.6379706859588623,1.6379706859588623,94881859,0.0,0.0
2025-01-08 00:00:00+03:00,1.6379707049383823,1.6478977907960537,1.5784081897923528,1.5883352756500244,109351847,0.0,0.0
2025-01-09 00:00:00+03:00,1.5883351739618854,1.6181164296282493,1.578408088739764,1.608189344406128,76774886,0.0,0.0
2025-01-10 00:00:00+03:00,1.608189308476681,1.6181163934770157,1.558553883475007,1.5684809684753418,97647899,0.0,0.0
2025-01-13 00:00:00+03:00,1.5684811223956352,1.5784082083701483,1.5287726601573841,1.538699746131897,55536954,0.0,0.0
2025-01-14 00:00:00+03:00,1.5486266613006592,1.5784080342796614,1.5386995764210538,1.5486266613006592,73797958,0.0,0.0
2025-01-15 00:00:00+03:00,1.5585540364211223,1.5684811223956352,1.5287726601573841,1.538699746131897,48506172,0.0,0.0
2025-01-16 00:00:00+03:00,1.5585539511992847,1.5883352074943822,1.5386996619956932,1.578408122062683,50169287,0.0,0.0
2025-01-17 00:00:00+03:00,1.5883351384760114,1.5982622234763462,1.558553883475007,1.5684809684753418,51054471,0.0,0.0
2025-01-20 00:00:00+03:00,1.5784080212238005,1.6081892756162797,1.5684809364263075,1.5982621908187866,67959936,0.0,0.0
2025-01-21 00:00:00+03:00,1.5883352074943822,1.6081893783577808,1.578408122062683,1.578408122062683,57461167,0.0,0.0
2025-01-22 00:00:00+03:00,1.5883351384760114,1.5982622234763462,1.558553883475007,1.5684809684753418,52870141,0.0,0.0
2025-01-23 00:00:00+03:00,1.5684809684753418,1.5982622234763462,1.558553883475007,1.5684809684753418,55098262,0.0,0.0
2025-01-24 00:00:00+03:00,1.5684810194200594,1.5982622753883677,1.55855393409729,1.55855393409729,57145292,0.0,0.0
2025-01-27 00:00:00+03:00,1.5486268321064098,1.5684811223956352,1.5287726601573841,1.538699746131897,72470306,0.0,0.0
2025-01-28 00:00:00+03:00,1.5486266942292721,1.558553897660147,1.5188454389572144,1.5188454389572144,47674671,0.0,0.0
2025-01-29 00:00:00+03:00,1.528772610495898,1.528772610495898,1.4791371822357178,1.4791371822357178,53925267,0.0,0.0
2025-01-30 00:00:00+03:00,1.489064199034405,1.498991284227419,1.4592829434553622,1.4692100286483765,35422829,0.0,0.0
2025-01-31 00:00:00+03:00,1.4791372008103698,1.4791372008103698,1.4195745678099847,1.4295017719268799,56034296,0.0,0.0
2025-02-03 00:00:00+03:00,1.4096474304758833,1.4096474304758833,1.3699390888214111,1.3699390888214111,135383654,0.0,0.0
2025-02-04 00:00:00+03:00,1.3798660728929755,1.3997202422620538,1.3699389882084363,1.3897931575775146,47632473,0.0,0.0
2025-02-05 00:00:00+03:00,1.3897933118017796,1.3997203975879196,1.3401578828710792,1.3600120544433594,48743259,0.0,0.0
2025-02-06 00:00:00+03:00,1.3699390417619335,1.489064180973414,1.3699390417619335,1.4493558406829834,166814002,0.0,0.0
2025-02-07 00:00:00+03:00,1.4394288577035779,1.4592830292569738,1.4195745678099847,1.4295017719268799,65249541,0.0,0.0
2025-02-10 00:00:00+03:00,1.4394287701978903,1.4493558553711015,1.399720311164856,1.399720311164856,50255918,0.0,0.0
2025-02-11 00:00:00+03:00,1.399720379097197,1.4394288400573938,1.399720379097197,1.4096474647521973,74817305,0.0,0.0
2025-02-12 00:00:00+03:00,1.4096475001209805,1.4195745860250564,1.3798662424087524,1.3798662424087524,40864495,0.0,0.0
2025-02-13 00:00:00+03:00,1.3897932259916448,1.4195744815112783,1.3897932259916448,1.399720311164856,31288128,0.0,0.0
2025-02-14 00:00:00+03:00,1.4096474820332867,1.4394288577035779,1.3997203962565887,1.4295017719268799,47644073,0.0,0.0
2025-02-17 00:00:00+03:00,1.439428773069334,1.5089183694204331,1.4295016878763198,1.4692100286483765,65306638,0.0,0.0
2025-02-18 00:00:00+03:00,1.4692101636131838,1.5089185080329344,1.4592830775082462,1.489064335823059,73861014,0.0,0.0
2025-02-19 00:00:00+03:00,1.4989911946961985,1.5089182792962912,1.4295016024955494,1.439428687095642,85536920,0.0,0.0
2025-02-20 00:00:00+03:00,1.4493558406829834,1.459282925755591,1.4195744671249717,1.4493558406829834,38761450,0.0,0.0
2025-02-21 00:00:00+03:00,1.4592829586561227,1.4692100439525433,1.3997203285374078,1.419574499130249,53284086,0.0,0.0
2025-02-24 00:00:00+03:00,1.4295017719268799,1.4493559434802759,1.4195745678099847,1.4295017719268799,37330504,0.0,0.0
2025-02-25 00:00:00+03:00,1.439428876173407,1.439428876173407,1.3798662424087524,1.3798662424087524,41300160,0.0,0.0
2025-02-26 00:00:00+03:00,1.3798662424087524,1.3997204142169044,1.3699391565046763,1.3798662424087524,35279203,0.0,0.0
2025-02-27 00:00:00+03:00,1.3798662077871964,1.4195745504071975,1.3798662077871964,1.4096474647521973,32245738,0.0,0.0
2025-02-28 00:00:00+03:00,1.4096473963380671,1.4096473963380671,1.3798661408184338,1.399720311164856,29514618,0.0,0.0
2025-03-03 00:00:00+03:00,1.4096474138338284,1.449355873359702,1.4096474138338284,1.419574499130249,69508195,0.0,0.0
2025-03-04 00:00:00+03:00,1.4195744815112783,1.4295016850246793,1.399720311164856,1.399720311164856,28975062,0.0,0.0
2025-03-05 00:00:00+03:00,1.4096474138338284,1.419574499130249,1.3997203285374078,1.419574499130249,35906160,0.0,0.0
2025-03-06 00:00:00+03:00,1.4195744671249717,1.4493558406829834,1.4195744671249717,1.4493558406829834,63422685,0.0,0.0
2025-03-07 00:00:00+03:00,1.4493559087316308,1.4692100798090184,1.4295017376542432,1.4592829942703247,41432847,0.0,0.0
2025-03-10 00:00:00+03:00,1.469209982263817,1.5982622040388719,1.4592828973842118,1.5486266613006592,280157483,0.0,0.0
2025-03-11 00:00:00+03:00,1.56848105295232,1.6677519083023071,1.5585539674173214,1.6677519083023071,253809831,0.0,0.0
2025-03-12 00:00:00+03:00,1.6379705300087586,1.6379705300087586,1.5982621908187866,1.5982621908187866,153725554,0.0,0.0
2025-03-13 00:00:00+03:00,1.5982622168544616,1.7570956945419312,1.5982622168544616,1.7570956945419312,518996823,0.0,0.0
2025-03-14 00:00:00+03:00,1.7968040887875965,1.8861479744660432,1.7670228330081779,1.8166583776474,422951608,0.0,0.0
2025-03-17 00:00:00+03:00,1.8265854982050898,1.9357835565133488,1.7868770380583272,1.9258564710617065,341048535,0.0,0.0
2025-03-18 00:00:00+03:00,1.9258564016993696,1.965564742075789,1.886147942982761,1.9159291982650757,274770018,0.0,0.0
2025-03-19 00:00:00+03:00,1.8464396122928712,1.8464396122928712,1.7273144721984863,1.7273144721984863,169681092,0.0,0.0
2025-03-20 00:00:00+03:00,1.6975331430432676,1.7868769054790932,1.6181163469823494,1.6478976011276245,322415435,0.0,0.0
2025-03-21 00:00:00+03:00,1.6478977188598547,1.6776790934730117,1.48906423373052,1.5089184045791626,203610563,0.0,0.0
2025-03-24 00:00:00+03:00,1.5386997663477473,1.5585540568978236,1.3897933564334815,1.489064335823059,292639419,0.0,0.0
2025-03-25 00:00:00+03:00,1.5089183891432512,1.5883351900655982,1.4890642184977123,1.55855393409729,173515359,0.0,0.0
2025-03-26 00:00:00+03:00,1.5386996780800246,1.568481053026626,1.5089184214736178,1.5287725925445557,137495111,0.0,0.0
2025-03-27 00:00:00+03:00,1.528772576563994,1.677679094719868,1.528772576563994,1.578408122062683,308418585,0.0,0.0
2025-03-28 00:00:00+03:00,1.5883351739618854,1.6280435148503705,1.5684810035176426,1.608189344406128,133590279,0.0,0.0
2025-04-02 00:00:00+03:00,1.618116400502009,1.7372415393633918,1.608189315458576,1.7074602842330933,150098901,0.0,0.0
2025-04-03 00:00:00+03:00,1.7273144919689531,1.8365125481670124,1.7173874067091468,1.8166583776474,160603561,0.0,0.0
2025-04-04 00:00:00+03:00,1.8464395775149647,1.866293747433375,1.7570956945419312,1.7570956945419312,113459716,0.0,0.0
2025-04-07 00:00:00+03:00,1.7074603360607359,1.7968041041635407,1.628043534962495,1.7670228481292725,149800664,0.0,0.0
2025-04-08 00:00:00+03:00,1.7968040733927833,1.886147958305742,1.767022817868527,1.8662937879562378,149618315,0.0,0.0
2025-04-09 00:00:00+03:00,1.8662937925827434,2.0251272741127115,1.7968040778470253,2.0052731037139893,336388707,0.0,0.0
2025-04-10 00:00:00+03:00,2.0449814569631335,2.0449814569631335,1.8067312923875938,1.8166583776474,313051732,0.0,0.0
2025-04-11 00:00:00+03:00,1.826585450012574,1.9556376758192118,1.8166583648228471,1.9357835054397583,194377461,0.0,0.0
2025-04-14 00:00:00+03:00,1.9655648472253051,1.9953461041007927,1.8861480438838096,1.8960751295089722,125141553,0.0,0.0
2025-04-15 00:00:00+03:00,1.9159292138299981,1.9258564173449402,1.8662937879562378,1.8662937879562378,79087332,0.0,0.0
2025-04-16 00:00:00+03:00,1.87622083239258,1.886147917351785,1.7372415246235209,1.7570956945419312,135402599,0.0,0.0
2025-04-17 00:00:00+03:00,1.7570958464130735,1.8265855654739047,1.7471687605958401,1.7968041896820068,92399274,0.0,0.0
2025-04-18 00:00:00+03:00,1.8067313428869463,1.816658428424221,1.717387454711278,1.7372416257858276,62931022,0.0,0.0
2025-04-21 00:00:00+03:00,1.7372416436744678,1.7471687293139635,1.6876062154769897,1.6876062154769897,71627875,0.0,0.0
2025-04-22 00:00:00+03:00,1.7074603019061203,1.8067312717081394,1.6975332167599375,1.7273144721984863,123714390,0.0,0.0
2025-04-24 00:00:00+03:00,1.7471685964135888,1.8265853938288197,1.7471685964135888,1.8067312240600586,104617858,0.0,0.0
2025-04-25 00:00:00+03:00,1.826585478538001,1.836512563882757,1.7570957627845163,1.7670228481292725,94871439,0.0,0.0
2025-04-28 00:00:00+03:00,1.7769500180475402,1.8762209945600714,1.7570958464130735,1.7968041896820068,132388406,0.0,0.0
2025-04-29 00:00:00+03:00,1.7968041896820068,1.836512651291138,1.7968041896820068,1.7968041896820068,79266528,0.0,0.0
2025-04-30 00:00:00+03:00,1.8067312240600586,1.8464395635975808,1.7670227661823499,1.8067312240600586,124820559,0.0,0.0
2025-05-02 00:00:00+03:00,1.8166583089444392,1.8563666484819614,1.8067312240600586,1.8067312240600586,83359416,0.0,0.0
2025-05-05 00:00:00+03:00,1.8166584796566714,1.836512651291138,1.7868771038647735,1.7968041896820068,72146976,0.0,0.0
2025-05-06 00:00:00+03:00,1.8067312240600586,1.8563666484819614,1.7968040208354916,1.8067312240600586,75175333,0.0,0.0
2025-05-07 00:00:00+03:00,1.8067313251173882,1.8067313251173882,1.6876061815015144,1.7173874378204346,117597893,0.0,0.0
2025-05-08 00:00:00+03:00,1.7372416257858276,1.7570957968603775,1.717387454711278,1.7372416257858276,27632368,0.0,0.0
2025-05-09 00:00:00+03:00,1.7372416086997147,1.7471686941393547,1.7173874378204346,1.7173874378204346,32643678,0.0,0.0
2025-05-12 00:00:00+03:00,1.7372415393633918,1.7570957094502577,1.7074602842330933,1.7074602842330933,63178925,0.0,0.0
2025-05-13 00:00:00+03:00,1.7273145402485528,1.7570957968603775,1.717387454711278,1.7372416257858276,84136501,0.0,0.0
2025-05-14 00:00:00+03:00,1.7471687605958401,1.8563668229256047,1.7372416747786068,1.7968041896820068,165199085,0.0,0.0
2025-05-15 00:00:00+03:00,1.806731325316325,1.8464396670792576,1.7670228652131994,1.7868770360946655,87722286,0.0,0.0
2025-05-16 00:00:00+03:00,1.786876935951111,1.866293733366342,1.786876935951111,1.8067312240600586,169492675,0.0,0.0
2025-05-20 00:00:00+03:00,1.8166582951332577,1.9854188552249081,1.8166582951332577,1.8563666343688965,474312165,0.0,0.0
2025-05-21 00:00:00+03:00,1.866293856006856,1.955637744177558,1.84643968493341,1.876220941543579,190730627,0.0,0.0
2025-05-22 00:00:00+03:00,1.8960750434804938,1.9159292138299981,1.8166583620824774,1.8662937879562378,121199804,0.0,0.0
2025-05-23 00:00:00+03:00,1.8762208906541638,1.9457106058666251,1.8762208906541638,1.8861479759216309,146576474,0.0,0.0
2025-05-26 00:00:00+03:00,1.9060021630915462,1.9159292484456538,1.836512565612793,1.836512565612793,98236896,0.0,0.0
2025-05-27 00:00:00+03:00,1.8464396334268185,1.8960750597258496,1.7968040887875965,1.8166583776474,100004395,0.0,0.0
2025-05-28 00:00:00+03:00,1.8166584991808263,1.826585585104749,1.7372416934492463,1.747168779373169,77634333,0.0,0.0
2025-05-29 00:00:00+03:00,1.7570957795789948,1.7769499504582749,1.7074603523807945,1.7173874378204346,68804289,0.0,0.0
2025-05-30 00:00:00+03:00,1.7273146271748843,1.7372417132117353,1.68760628302748,1.697533369064331,61165895,0.0,0.0
2025-06-02 00:00:00+03:00,1.697533369064331,1.8265856058835948,1.697533369064331,1.697533369064331,169564919,0.0,0.0
2025-06-03 00:00:00+03:00,1.7074602870871411,1.7868769675673504,1.7074602870871411,1.7769498825073242,66647515,0.0,0.0
2025-06-04 00:00:00+03:00,1.7769498510667305,1.8265853938288197,1.7670227661823499,1.8067312240600586,62724507,0.0,0.0
2025-06-05 00:00:00+03:00,1.806731325316325,1.806731325316325,1.7769499506539326,1.7868770360946655,20066619,0.0,0.0
2025-06-10 00:00:00+03:00,1.7968041392663034,1.9655648301044872,1.7968041392663034,1.9457106590270996,224685607,0.0,0.0
2025-06-11 00:00:00+03:00,1.9655647960040747,2.0052731374699535,1.9357835399046657,1.9754918813705444,173692727,0.0,0.0
2025-06-12 00:00:00+03:00,1.9655648297142814,1.9655648297142814,1.856366770470133,1.876220941543579,184989940,0.0,0.0
2025-06-13 00:00:00+03:00,1.717387341760447,1.8067312240600586,1.7074602568760666,1.8067312240600586,227225248,0.0,0.0
2025-06-16 00:00:00+03:00,1.8067312937818933,1.9357835205991578,1.7670228343718337,1.8861479759216309,154144861,0.0,0.0
2025-06-17 00:00:00+03:00,1.906002264853652,1.9754919843826773,1.8662939213171796,1.955637812614441,168630408,0.0,0.0
2025-06-18 00:00:00+03:00,1.9556376911340922,1.9754918616690267,1.8861479759216309,1.8861479759216309,168535448,0.0,0.0
2025-06-19 00:00:00+03:00,1.9060021315303879,2.054908527716479,1.9060021315303879,1.9357835054397583,373027916,0.0,0.0
2025-06-20 00:00:00+03:00,1.9854189667370141,2.0350543935693626,1.925856454538196,1.9754918813705444,186139226,0.0,0.0
2025-06-23 00:00:00+03:00,1.9655648301044872,2.02512734333665,1.9357835734884057,1.9457106590270996,178312106,0.0,0.0
2025-06-24 00:00:00+03:00,2.00527302741011,2.134325366771535,1.9953459425884905,2.114471197128296,313119703,0.0,0.0
2025-06-25 00:00:00+03:00,2.0946168392803037,2.193887926474296,2.035054328972134,2.104543924331665,409956328,0.0,0.0
2025-06-26 00:00:00+03:00,2.1343255199257705,2.1442526054597346,2.0747627700415974,2.0846898555755615,274346747,0.0,0.0
2025-06-27 00:00:00+03:00,2.094616870508239,2.1045439557076002,2.0052731037139893,2.0052731037139893,213745551,0.0,0.0
2025-06-30 00:00:00+03:00,2.025127342371777,2.10454402664349,2.025127342371777,2.0846898555755615,208744782,0.0,0.0
2025-07-01 00:00:00+03:00,2.104543911426271,2.183960828030543,2.0846897414452967,2.154179573059082,243307986,0.0,0.0
2025-07-02 00:00:00+03:00,2.1641067438437402,2.233596341532006,2.1243984023075884,2.1839609146118164,234226487,0.0,0.0
2025-07-03 00:00:00+03:00,2.2038152531581052,2.4023572126344073,2.2038152531581052,2.243523597717285,499550867,0.0,0.0
2025-07-04 00:00:00+03:00,2.2633776326929436,2.273304718230529,2.183960948392261,2.2236692905426025,138063127,0.0,0.0
2025-07-07 00:00:00+03:00,2.183960931696193,2.3030859572365228,2.174033846234499,2.2733047008514404,179094559,0.0,0.0
2025-07-08 00:00:00+03:00,2.313012878811937,2.3229399635702572,2.1541795226788136,2.164106607437134,195754005,0.0,0.0
2025-07-09 00:00:00+03:00,2.19388816701831,2.27330485613667,2.1641069085989253,2.243523597717285,174424832,0.0,0.0
2025-07-10 00:00:00+03:00,2.283231735229492,2.3229400761878582,2.2733046499899006,2.283231735229492,106222681,0.0,0.0
2025-07-11 00:00:00+03:00,2.3030857666150113,2.313012851255062,2.213742004854557,2.2633774280548096,173951695,0.0,0.0
2025-07-14 00:00:00+03:00,2.2633774154400346,2.382502667137071,2.2633774154400346,2.3130128383636475,165133777,0.0,0.0
2025-07-16 00:00:00+03:00,2.3130130426982167,2.3427942990832995,2.2137421880812753,2.2733047008514404,202144785,0.0,0.0
2025-07-17 00:00:00+03:00,2.293158840593626,2.3725757598876953,2.293158840593626,2.3725757598876953,111761216,0.0,0.0
2025-07-18 00:00:00+03:00,2.402357116015173,2.501627973420596,2.3825029445340884,2.4917008876800537,151181010,0.0,0.0
2025-07-21 00:00:00+03:00,2.5115548040568516,2.7299509048461914,2.5016277193246257,2.7299509048461914,236162085,0.0,0.0
2025-07-22 00:00:00+03:00,2.729950969973618,2.7696593098498288,2.6505342902211964,2.6703884601593018,241821215,0.0,0.0
2025-07-23 00:00:00+03:00,2.6803155896369764,2.6902426747708756,2.521481990814209,2.521481990814209,179452362,0.0,0.0
2025-07-24 00:00:00+03:00,2.521482075959592,2.6306802528002664,2.5115549904904753,2.5512633323669434,141482812,0.0,0.0
2025-07-25 00:00:00+03:00,2.5611904352784443,2.6406073562526173,2.45199249437449,2.5016279220581055,294365541,0.0,0.0
2025-07-28 00:00:00+03:00,2.5115548413438615,2.749805115134761,2.5115548413438615,2.5810444355010986,71320238,0.0,0.0
2025-07-29 00:00:00+03:00,2.590971726332348,2.6207532200188135,2.5115550409828176,2.5413362979888916,344572493,0.0,0.0
2025-07-30 00:00:00+03:00,2.5611903831087326,2.6108260464616917,2.4619195297635814,2.5115549564361572,896640805,0.0,0.0
2025-07-31 00:00:00+03:00,2.5413363949500813,2.7398783525793937,2.501628050760299,2.660461664199829,472059469,0.0,0.0
2025-08-01 00:00:00+03:00,2.6803156311368315,2.7696593987252522,2.6703885458492294,2.700169801712036,290139365,0.0,0.0
2025-08-04 00:00:00+03:00,2.7200240068155863,2.8292219463653847,2.7200240068155863,2.7398781776428223,281065519,0.0,0.0
2025-08-05 00:00:00+03:00,2.7597322816368677,2.8490760481957675,2.7597322816368677,2.799440622329712,323946761,0.0,0.0
2025-08-06 00:00:00+03:00,2.8093676497260396,2.819294734695092,2.6703884601593018,2.6703884601593018,239289310,0.0,0.0
2025-08-07 00:00:00+03:00,2.6902427673339844,2.7398781947112854,2.6306802544812227,2.6902427673339844,275253315,0.0,0.0
2025-08-08 00:00:00+03:00,2.6902428515282986,2.769659537817419,2.6902428515282986,2.7200241088867188,189535135,0.0,0.0
2025-08-11 00:00:00+03:00,2.739878277852989,2.9483473158440416,2.739878277852989,2.8590035438537598,378411908,0.0,0.0
2025-08-12 00:00:00+03:00,2.878857374191284,2.928492797191748,2.819294629910362,2.878857374191284,233732484,0.0,0.0
2025-08-13 00:00:00+03:00,2.8987118004856285,3.017836826252244,2.8987118004856285,2.9682013988494873,251014205,0.0,0.0
2025-08-14 00:00:00+03:00,2.9781285017728125,2.9880555873115062,2.8987118174632616,2.9185659885406494,148157949,0.0,0.0
2025-08-15 00:00:00+03:00,2.9384200216563974,2.978128361946828,2.859003341075536,2.898711681365967,139553060,0.0,0.0
2025-08-18 00:00:00+03:00,2.9086389727372497,2.9384202300673437,2.720024106299593,2.8590035438537598,599024052,0.0,0.0
2025-08-19 00:00:00+03:00,2.86893056084718,2.9880555873115062,2.8590034753084863,2.9185659885406494,262144160,0.0,0.0
2025-08-20 00:00:00+03:00,2.9284931442906457,2.9582744016207396,2.8490762213966674,2.8590035438537598,190085086,0.0,0.0
2025-08-21 00:00:00+03:00,2.9086388174815463,2.9682013289624396,2.868930476494284,2.888784646987915,222234809,0.0,0.0
2025-08-22 00:00:00+03:00,2.90863863925244,2.9284928085294917,2.829221725463867,2.829221725463867,173204997,0.0,0.0
2025-08-25 00:00:00+03:00,2.859003360772589,2.997982552746591,2.859003360772589,2.988055467605591,389452215,0.0,0.0
2025-08-26 00:00:00+03:00,2.997982744727532,2.997982744727532,2.8490762213966674,2.8590035438537598,290521799,0.0,0.0
2025-08-27 00:00:00+03:00,2.8788577154071557,2.9284931442906457,2.8192949640665734,2.8590035438537598,272103133,0.0,0.0
2025-08-28 00:00:00+03:00,2.878857374191284,2.918565712591655,2.84907588371064,2.878857374191284,132383543,0.0,0.0
2025-08-29 00:00:00+03:00,2.8887844699753886,2.8987115546139144,2.8093675561868157,2.829221725463867,127602522,0.0,0.0
2025-09-01 00:00:00+03:00,2.8490761378319234,3.1071808338165283,2.8391490523463916,3.1071808338165283,711423953,0.0,0.0
2025-09-02 00:00:00+03:00,3.1270351999005848,3.14688937211046,2.8887848967016794,2.978128671646118,437248486,0.0,0.0
2025-09-03 00:00:00+03:00,2.997982621877785,3.156816224476748,2.95827428039814,3.067472219467163,397682296,0.0,0.0
2025-09-04 00:00:00+03:00,3.0674721321742866,3.3652851581573486,3.0575450470868764,3.3652851581573486,410373069,0.0,0.0
2025-09-05 00:00:00+03:00,3.4447020921055134,3.623389873496109,3.43477500628828,3.5936083793640137,457444227,0.0,0.0
2025-09-08 00:00:00+03:00,3.5241185563818775,3.613462559782565,3.2660141047317213,3.4049935340881348,365370064,0.0,0.0
2025-09-09 00:00:00+03:00,3.424847752015703,3.5042644346473626,3.176670382111382,3.256087064743042,267980414,0.0,0.0
2025-09-10 00:00:00+03:00,3.2759414098767645,3.3057226674497793,3.1568163795847055,3.176670551300049,180832381,0.0,0.0
2025-09-11 00:00:00+03:00,3.196524637723688,3.2362329800948504,2.997982689187483,3.0079097747802734,200775830,0.0,0.0
2025-09-12 00:00:00+03:00,2.9979825320920437,2.9979825320920437,2.8887845962933594,2.898711681365967,156456385,0.0,0.0
2025-09-15 00:00:00+03:00,2.9086389494733345,3.1865975856781006,2.8987118637760356,3.1865975856781006,265942070,0.0,0.0
2025-09-16 00:00:00+03:00,3.2560869710908835,3.464555993683351,3.2461598860474505,3.4149205684661865,284524000,0.0,0.0
2025-09-17 00:00:00+03:00,3.4248476686818097,3.504264349381091,3.34543075130215,3.3652851581573486,208245684,0.0,0.0
2025-09-18 00:00:00+03:00,3.3950664792513683,3.4447019056508714,3.285868304492079,3.30572247505188,141769611,0.0,0.0
2025-09-19 00:00:00+03:00,3.3255765811273297,3.395066413419579,3.2660140706028686,3.3652851581573486,138849024,0.0,0.0
2025-09-22 00:00:00+03:00,3.414920588783361,3.5241185249107994,3.3255765861805338,3.5042643547058105,254618931,0.0,0.0
2025-09-23 00:00:00+03:00,3.5141917705708745,3.5141917705708745,3.365285480018109,3.395066738128662,178472769,0.0,0.0
2025-09-24 00:00:00+03:00,3.4049937668775434,3.732587837262359,3.36528542339822,3.543972969055176,339764455,0.0,0.0
2025-09-25 00:00:00+03:00,3.6134626857738925,3.633316856848442,3.4546290804971056,3.4744832515716553,215153547,0.0,0.0
2025-09-26 00:00:00+03:00,3.474483094118861,3.494337264293681,3.33550366621474,3.3652851581573486,137436419,0.0,0.0
2025-09-29 00:00:00+03:00,3.3454308161714827,3.42484773509107,3.2957953897719796,3.30572247505188,91292441,0.0,0.0
2025-09-30 00:00:00+03:00,3.335503905400891,3.3553583136798317,3.1965247042110674,3.2263059616088867,97949274,0.0,0.0
2025-10-01 00:00:00+03:00,3.226305774034377,3.2759412001449837,3.097253429466419,3.216378688812256,190429567,0.0,0.0
2025-10-02 00:00:00+03:00,3.2163787741573793,3.2362329451284433,3.087326426165077,3.1071808338165283,124432455,0.0,0.0
2025-10-03 00:00:00+03:00,3.1270348519503486,3.256086956954701,3.1270348519503486,3.1369619369506836,182511511,0.0,0.0
2025-10-06 00:00:00+03:00,3.1865972834124365,3.3851392152060544,3.166743113901112,3.246159791946411,278562494,0.0,0.0
2025-10-07 00:00:00+03:00,3.256087219006706,3.2858684764045254,3.166743446813248,3.2263059616088867,125106641,0.0,0.0
2025-10-08 00:00:00+03:00,3.236233014164596,3.345430956834886,3.1766704999808018,3.1865975856781006,253951135,0.0,0.0
2025-10-09 00:00:00+03:00,3.2163785652132377,3.236232734894524,3.127034801647449,3.1468889713287354,212966390,0.0,0.0
2025-10-10 00:00:00+03:00,3.1667433478899274,3.444701978267045,3.146889176911589,3.3851394653320312,493898297,0.0,0.0
2025-10-13 00:00:00+03:00,3.365285233686488,3.722660541534424,3.345430826385685,3.722660541534424,421718692,0.0,0.0
2025-10-14 00:00:00+03:00,3.7524418140584466,3.990692099237414,3.6531709605173703,3.673025131225586,11912244,0.0,0.0
2025-10-15 00:00:00+03:00,3.7226604730181903,3.76236881352819,3.3057224243024317,3.3156495094299316,298229392,0.0,0.0
2025-10-16 00:00:00+03:00,3.2957955815921074,3.4347750202799054,3.176670551300049,3.176670551300049,387812275,0.0,0.0
2025-10-17 00:00:00+03:00,3.1568162953525247,3.2362329800948504,2.9781285180019013,3.0079097747802734,411066041,0.0,0.0
2025-10-20 00:00:00+03:00,3.0476178123928603,3.0773990661931387,2.878857374191284,2.878857374191284,491220867,0.0,0.0
2025-10-21 00:00:00+03:00,2.8887845815432835,3.077399196959767,2.8887845815432835,2.9483470916748047,462893408,0.0,0.0
2025-10-22 00:00:00+03:00,2.968201446984983,3.2362329959869385,2.9185660187772857,3.2362329959869385,615250275,0.0,0.0
2025-10-23 00:00:00+03:00,3.266014218014349,3.3454309022981006,3.0376910140181734,3.0575451850891113,441690843,0.0,0.0
2025-10-24 00:00:00+03:00,3.047617898203292,3.1568160685593227,3.007909558684871,3.0972533226013184,257700997,0.0,0.0
2025-10-27 00:00:00+03:00,3.117107844345055,3.216378696813211,2.888784646987915,2.888784646987915,389193214,0.0,0.0
2025-10-28 00:00:00+03:00,2.9185658869107245,2.9880554832618236,2.9086388017177107,2.938420057296753,98053724,0.0,0.0
2025-10-30 00:00:00+03:00,2.968201267719392,3.1369619501135912,2.968201267719392,3.0873262882232666,279137742,0.0,0.0
2025-10-31 00:00:00+03:00,3.097253492552896,3.097253492552896,2.988055552885361,3.017836809158325,203554544,0.0,0.0
2025-11-03 00:00:00+03:00,3.017836809158325,3.087326407128575,2.9682013820367183,3.017836809158325,207544584,0.0,0.0
2025-11-04 00:00:00+03:00,3.017836707733057,3.0873263033678584,2.9384200270075693,3.0376908779144287,227939053,0.0,0.0
2025-11-05 00:00:00+03:00,3.037690980006968,3.057545150855611,2.988055552885361,3.017836809158325,177337036,0.0,0.0
2025-11-06 00:00:00+03:00,3.027763964035688,3.037691049687724,2.9284931075153273,2.9582743644714355,275150741,0.0,0.0
2025-11-07 00:00:00+03:00,2.9582741620919983,3.057545011821109,2.9384199921461764,2.9979825019836426,286218880,0.0,0.0
2025-11-10 00:00:00+03:00,3.057545340070925,3.2064518673311686,2.9682015657230187,3.027764081954956,413382538,0.0,0.0
2025-11-11 00:00:00+03:00,2.9880556398690246,2.9880556398690246,2.799440774635868,2.9086389541625977,224704877,0.0,0.0
2025-11-12 00:00:00+03:00,2.928492797191748,2.958274050992026,2.8590032049910987,2.878857374191284,138265600,0.0,0.0
2025-11-13 00:00:00+03:00,2.888784625568992,2.888784625568992,2.7498051964636563,2.799440622329712,148692882,0.0,0.0
2025-11-14 00:00:00+03:00,2.779586554318547,2.938420159618037,2.739878212163772,2.9185659885406494,201996325,0.0,0.0
2025-11-17 00:00:00+03:00,2.938420177423749,2.9979826910168383,2.8590034926329633,2.8689305782318115,213434497,0.0,0.0
2025-11-18 00:00:00+03:00,2.8689303139962505,2.8788573986807897,2.76965923047049,2.7795863151550293,131584368,0.0,0.0
2025-11-19 00:00:00+03:00,2.7994406381677455,2.868930471453747,2.749805212020874,2.749805212020874,180940743,0.0,0.0
2025-11-20 00:00:00+03:00,2.779586623603559,2.799440795175839,2.6803157657421584,2.7200241088867188,157169178,0.0,0.0
2025-11-21 00:00:00+03:00,2.7498052801867456,2.759732365662206,2.640607339956683,2.6902427673339844,136518349,0.0,0.0
2025-11-24 00:00:00+03:00,2.6803157657421584,2.8292220525342593,2.640607422597598,2.7200241088867188,221379968,0.0,0.0
2025-11-25 00:00:00+03:00,2.7200239000916127,2.739878070139842,2.6108259648263488,2.620753049850464,184400936,0.0,0.0
2025-11-26 00:00:00+03:00,2.6207531673311495,2.6505344237385002,2.5512633323669434,2.5512633323669434,148739588,0.0,0.0
2025-11-27 00:00:00+03:00,2.5810446406636567,2.6008988120010392,2.521482126651509,2.5413362979888916,165724871,0.0,0.0
2025-11-28 00:00:00+03:00,2.5413360959826776,2.6505342663387084,2.501627756464256,2.5810444355010986,179900862,0.0,0.0
2025-12-01 00:00:00+03:00,2.5810445718675985,2.6306802355684407,2.5611904010594158,2.6008987426757812,124181499,0.0,0.0
2025-12-02 00:00:00+03:00,2.600898761374455,2.7001698528094447,2.600898761374455,2.6902427673339844,178167619,0.0,0.0
2025-12-03 00:00:00+03:00,2.7001698702629104,2.7200240413421652,2.6406073570251465,2.6406073570251465,111833594,0.0,0.0
2025-12-04 00:00:00+03:00,2.660461544175272,2.700169886573645,2.581044622698136,2.5909717082977295,128205216,0.0,0.0
2025-12-05 00:00:00+03:00,2.6008987597125284,2.6306802528002664,2.521482075959592,2.5512633323669434,149865755,0.0,0.0
2025-12-08 00:00:00+03:00,2.571117672717713,2.640607512260648,2.571117672717713,2.610826253890991,103815431,0.0,0.0
2025-12-09 00:00:00+03:00,2.6207531859458917,2.7001698702629104,2.6008987781862487,2.6406073570251465,170196414,0.0,0.0
2025-12-10 00:00:00+03:00,2.650534406376623,2.6902427479929885,2.5909716572716897,2.6008987426757812,130217926,0.0,0.0
2025-12-11 00:00:00+03:00,2.610826116177306,2.6505344585756787,2.581044622698136,2.5909717082977295,109726052,0.0,0.0
2025-12-12 00:00:00+03:00,2.6008987078293546,2.630680200323006,2.5413361962028156,2.561190366744995,131604223,0.0,0.0
2025-12-15 00:00:00+03:00,2.5711173737884,2.8093676497260396,2.5711173737884,2.6703884601593018,477222869,0.0,0.0
2025-12-16 00:00:00+03:00,2.670388629774865,2.7200240577728314,2.571117537098543,2.5909717082977295,318428883,0.0,0.0
2025-12-17 00:00:00+03:00,2.590971520380704,2.6703884360979186,2.5711173506214933,2.5810444355010986,130551942,0.0,0.0
2025-12-18 00:00:00+03:00,2.600898656346822,2.640607233325567,2.5611903160484553,2.571117401123047,198404913,0.0,0.0
2025-12-19 00:00:00+03:00,2.5810445887742945,2.5909716742434115,2.5413362468978264,2.5512633323669434,85819560,0.0,0.0
2025-12-22 00:00:00+03:00,2.5611904352784443,2.571117520815167,2.4817737509846594,2.5016279220581055,128806409,0.0,0.0
2025-12-23 00:00:00+03:00,2.5016278877293106,2.5115549731298086,2.4519924607268213,2.4619195461273193,111140051,0.0,0.0
2025-12-24 00:00:00+03:00,2.471846648614007,2.6108260818620326,2.4619195631448902,2.5512633323669434,210091016,0.0,0.0
2025-12-25 00:00:00+03:00,2.5611904178360603,2.6108260818620326,2.531409161428709,2.5512633323669434,86904520,0.0,0.0
2025-12-26 00:00:00+03:00,2.5611904352784443,2.6008987774253365,2.471846665447936,2.5016279220581055,232665963,0.0,0.0
2025-12-29 00:00:00+03:00,2.5228386859177845,2.552753740959056,2.463008575835242,2.472980260848999,98305322,0.011271,0.0
2025-12-30 00:00:00+03:00,2.4829518795013428,2.4929235642485885,2.4231217710178687,2.4829518795013428,99745655,0.0,0.0
2025-12-31 00:00:00+03:00,2.4929235642485885,2.552753672732062,2.4630085100068513,2.4829518795013428,266800548,0.0,0.0
2026-01-02 00:00:00+03:00,2.4929235642485885,2.532810303237571,2.472980194754097,2.4829518795013428,133522934,0.0,0.0
2026-01-05 00:00:00+03:00,2.4929235642485885,2.502895248995834,2.4430651405123602,2.4829518795013428,153174918,0.0,0.0
2026-01-06 00:00:00+03:00,2.4929236040639395,2.52283865878346,2.4729802342509255,2.512866973876953,128449736,0.0,0.0
2026-01-07 00:00:00+03:00,2.5128668926303326,2.5726970001349323,2.4530367851257324,2.4530367851257324,253889905,0.0,0.0
2026-01-08 00:00:00+03:00,2.4530368513265977,2.4729802210330156,2.413150111913762,2.4430651664733887,136088848,0.0,0.0
2026-01-09 00:00:00+03:00,2.4530369508118084,2.652470893707937,2.4530369508118084,2.6424992084503174,370920351,0.0,0.0
2026-01-12 00:00:00+03:00,2.702329237808117,2.851904512123274,2.6823858678994292,2.7621593475341797,319007932,0.0,0.0
2026-01-13 00:00:00+03:00,2.7721310878599645,2.7920744581670074,2.67241423632475,2.6823859214782715,195860597,0.0,0.0
2026-01-14 00:00:00+03:00,2.682385909153793,2.7222726495846157,2.612583875656128,2.612583875656128,164685291,0.0,0.0
2026-01-15 00:00:00+03:00,2.6026121382219047,2.7322442797594997,2.5926404533146834,2.6923575401306152,188631212,0.0,0.0
2026-01-16 00:00:00+03:00,2.702329198728157,2.88181976305435,2.662442459487607,2.7322442531585693,487535719,0.0,0.0
2026-01-19 00:00:00+03:00,2.752187531401684,2.821989322755112,2.752187531401684,2.782102584838867,189148209,0.0,0.0
2026-01-20 00:00:00+03:00,2.7920742693179283,2.8319610072341725,2.7621592158807453,2.782102584838867,203246957,0.0,0.0
2026-01-21 00:00:00+03:00,2.7920743006388813,2.971564861019183,2.78210261604796,2.921706438064575,357096632,0.0,0.0
2026-01-22 00:00:00+03:00,2.9316782014729563,3.10119684407609,2.77213100598511,2.802046060562134,794152262,0.0,0.0
2026-01-23 00:00:00+03:00,2.821989482663305,2.921706570848102,2.7721310574427696,2.9017632007598877,254262130,0.0,0.0
2026-01-26 00:00:00+03:00,2.9615933384205784,3.0413668195113757,2.8618762493133545,2.8618762493133545,292425802,0.0,0.0
2026-01-27 00:00:00+03:00,2.8718480247035885,2.911734763200519,2.7920743099660124,2.8120176792144775,223677282,0.0,0.0
2026-01-28 00:00:00+03:00,2.8120176216358357,2.831960990475942,2.7123007774353027,2.7123007774353027,254443311,0.0,0.0
2026-01-29 00:00:00+03:00,2.7222725026717853,2.7821026100891686,2.7123008181022215,2.742215871810913,202264372,0.0,0.0
2026-01-30 00:00:00+03:00,2.752187689663646,2.7721310597685926,2.712300949453752,2.7222726345062256,119719213,0.0,0.0
2026-02-02 00:00:00+03:00,2.6923575139180196,2.752187622778844,2.632527405057195,2.7322442531585693,228626128,0.0,0.0
2026-02-03 00:00:00+03:00,2.7322442531585693,2.7621593075889814,2.6923575139180196,2.7322442531585693,143811997,0.0,0.0
2026-02-04 00:00:00+03:00,2.742215855991623,2.762159225015702,2.6724140644073486,2.6724140644073486,149586453,0.0,0.0
2026-02-05 00:00:00+03:00,2.6724142525110843,2.722272678580675,2.5627254774142556,2.572697162628174,450842833,0.0,0.0
2026-02-06 00:00:00+03:00,2.572697015752462,2.582668700397095,2.502895223240031,2.522838592529297,127108969,0.0,0.0
2026-02-09 00:00:00+03:00,2.5427820682525635,2.5726971234386258,2.522838698128522,2.5427820682525635,125064069,0.0,0.0
2026-02-10 00:00:00+03:00,2.5527536210120365,2.602612043738109,2.542781936466822,2.562725305557251,163972414,0.0,0.0
2026-02-11 00:00:00+03:00,2.5427818955664616,2.572696948720925,2.5228385267968196,2.5328102111816406,228631944,0.0,0.0
2026-02-12 00:00:00+03:00,2.5427820542794684,2.6823858821243345,2.5427820542794684,2.652470827102661,266177641,0.0,0.0
2026-02-13 00:00:00+03:00,2.652470893707937,2.6624425789655572,2.6125839149337278,2.6424992084503174,118862002,0.0,0.0
2026-02-16 00:00:00+03:00,2.672414104794744,2.7222725281084355,2.6624424201320056,2.702329158782959,301499275,0.0,0.0
2026-02-17 00:00:00+03:00,2.702329319996037,2.702329319996037,2.6424992084503174,2.6424992084503174,150796175,0.0,0.0
2026-02-18 00:00:00+03:00,2.6424990878721006,2.6524707726747088,2.542782002102299,2.5527536869049072,182043382,0.0,0.0
2026-02-19 00:00:00+03:00,2.562725425972813,2.57269711098657,2.463008575835242,2.472980260848999,106860406,0.0,0.0
2026-02-20 00:00:00+03:00,2.4929235642485885,2.542781987984817,2.472980194754097,2.4829518795013428,125614233,0.0,0.0
2026-02-23 00:00:00+03:00,2.5128670288172343,2.5527537693153293,2.433093547821045,2.433093547821045,163095746,0.0,0.0
2026-02-24 00:00:00+03:00,2.433093357425402,2.4430650417696165,2.343347960583764,2.3533196449279785,153505404,0.0,0.0
2026-02-25 00:00:00+03:00,2.3632914487010592,2.373263371292912,2.2635746002197266,2.2635746002197266,137788963,0.0,0.0
2026-02-26 00:00:00+03:00,2.2635746395314,2.333376434680586,2.2536029545100877,2.293489694595337,148478002,0.0,0.0
2026-02-27 00:00:00+03:00,2.2934896138660092,2.3533197218879023,2.213716136503485,2.233659505844116,143722754,0.0,0.0
2026-03-02 00:00:00+03:00,2.044197269895392,2.1538860395776562,2.044197269895392,2.1239709854125977,168889555,0.0,0.0
2026-03-03 00:00:00+03:00,2.1239710511155496,2.193772846326602,2.1040274433115247,2.113999128341675,165337742,0.0,0.0
2026-03-04 00:00:00+03:00,2.1339426446329877,2.203744436850637,2.1040273530817095,2.1638576984405518,133809265,0.0,0.0
2026-03-05 00:00:00+03:00,2.1838011741638184,2.22368791451944,2.1638578039860077,2.1838011741638184,71004356,0.0,0.0
2026-03-06 00:00:00+03:00,2.1838012301909577,2.1838012301909577,2.0840841389998572,2.104027509689331,107843219,0.0,0.0
2026-03-09 00:00:00+03:00,2.0840839269026348,2.0940556112325535,2.0142821365932053,2.064140558242798,153262736,0.0,0.0
2026-03-10 00:00:00+03:00,2.1040274825280925,2.1439144611358643,2.084084112096071,2.1439144611358643,100429918,0.0,0.0
2026-03-11 00:00:00+03:00,2.1439144611358643,2.153886146351875,2.0940557973120817,2.1439144611358643,102980813,0.0,0.0
2026-03-12 00:00:00+03:00,2.1339426040649414,2.263574501433307,2.1139989974953295,2.1339426040649414,296114437,0.0,0.0
2026-03-13 00:00:00+03:00,2.1339427361457,2.1339427361457,2.0741123882210735,2.113999128341675,103710549,0.0,0.0
2026-03-16 00:00:00+03:00,2.1239709196519905,2.1738293417167465,2.104027313082378,2.1339426040649414,99315620,0.0,0.0
2026-03-17 00:00:00+03:00,2.143914304542485,2.2236877804438464,2.143914304542485,2.203744411468506,102754780,0.0,0.0
2026-03-18 00:00:00+03:00,2.203744369992889,2.223687738592885,2.1738293170928955,2.1738293170928955,73793928,0.0,0.0
2026-03-19 00:00:00+03:00,2.163857673517825,2.203744411468506,2.133942620054815,2.203744411468506,114507938,0.0,0.0
2026-03-23 00:00:00+03:00,2.1937728980092857,2.2336596390695713,2.0940558076148412,2.2137162685394287,123912144,0.0,0.0
2026-03-24 00:00:00+03:00,2.19377286708875,2.433093547821045,2.19377286708875,2.433093547821045,196521139,0.0,0.0
2026-03-25 00:00:00+03:00,2.5128668744710088,2.6724140644073486,2.4031783448385773,2.6724140644073486,498966533,0.0,0.0
2026-03-26 00:00:00+03:00,2.7023292983072547,2.931678295135498,2.5826688384324754,2.931678295135498,482872815,0.0,0.0
2026-03-27 00:00:00+03:00,2.9117349297386554,3.0014800964897694,2.6424991917415857,2.752187728881836,638624380,0.0,0.0
2026-03-30 00:00:00+03:00,2.722272666718621,2.742216037059556,2.5028953552246094,2.5028953552246094,279918241,0.0,0.0
2026-03-31 00:00:00+03:00,2.5028952080462323,2.5427819463826324,2.4231217313734326,2.4530367851257324,231595286,0.0,0.0
2026-04-01 00:00:00+03:00,2.4929236585681873,2.502895343692711,2.4231218626965214,2.433093547821045,151115862,0.0,0.0
2026-04-02 00:00:00+03:00,2.4031785200320734,2.4530369462269856,2.383235149554108,2.393206834793091,215329197,0.0,0.0
2026-04-03 00:00:00+03:00,2.393206702720418,2.4729801802298597,2.393206702720418,2.4131500720977783,196347006,0.0,0.0
2026-04-06 00:00:00+03:00,2.433093559031337,2.652470870525349,2.4131501886904023,2.5028953552246094,485637267,0.0,0.0
2026-04-07 00:00:00+03:00,2.5328102718706766,2.5427819564944305,2.333376341651881,2.3433480262756348,243223102,0.0,0.0
2026-04-08 00:00:00+03:00,2.4231217567864585,2.4630084955411795,2.403178387409098,2.4131500720977783,136363939,0.0,0.0
2026-04-09 00:00:00+03:00,2.4131501384081244,2.443065193296193,2.3932067684827447,2.4031784534454346,104659038,0.0,0.0
2026-04-10 00:00:00+03:00,2.4231218357802136,2.552753740959056,2.4131501507664566,2.472980260848999,244219142,0.0,0.0
2026-04-13 00:00:00+03:00,2.4630085632215724,2.4630085632215724,2.4031784534454346,2.4031784534454346,88848116,0.0,0.0
2026-04-14 00:00:00+03:00,2.4231217567864585,2.48295186491854,2.383235018031738,2.4131500720977783,217386905,0.0,0.0
2026-04-15 00:00:00+03:00,2.4330935192,2.652470827102661,2.4231218341927754,2.652470827102661,287206834,0.0,0.0
2026-04-16 00:00:00+03:00,2.6923574489630937,2.911734747237212,2.602612050093305,2.742215871810913,699680362,0.0,0.0
2026-04-17 00:00:00+03:00,2.7621593585911657,3.0114517211914062,2.7422159886026445,3.0114517211914062,435310035,0.0,0.0
2026-04-20 00:00:00+03:00,2.941649774247556,2.9915081966428616,2.782102584838867,2.782102584838867,281248645,0.0,0.0
2026-04-21 00:00:00+03:00,2.7821026253417793,3.0513383479397764,2.732244202220616,2.8120176792144775,295161947,0.0,0.0
2026-04-22 00:00:00+03:00,2.8319611677074126,3.0214234212891737,2.702329262134019,2.9017632007598877,332112513,0.0,0.0
2026-04-24 00:00:00+03:00,2.9117349089625906,3.1809706450385864,2.85190456047836,3.0413668155670166,681175187,0.0,0.0
2026-04-27 00:00:00+03:00,3.081253372427661,3.1510554018753276,2.971564842607162,3.1410837173461914,224423067,0.0,0.0
2026-04-28 00:00:00+03:00,3.1510554567988636,3.350489150857759,3.0313950026198095,3.240800619125366,435879967,0.0,0.0
2026-04-29 00:00:00+03:00,3.2408007854347636,3.2607441558640944,2.991508417324397,3.0014801025390625,346193095,0.0,0.0
2026-04-30 00:00:00+03:00,2.971564876184516,3.0214232993935752,2.891791399050021,2.9915082454681396,158454297,0.0,0.0
2026-05-04 00:00:00+03:00,2.991508230201026,3.0214232839737907,2.9117347534736537,2.921706438064575,142655695,0.0,0.0
2026-05-05 00:00:00+03:00,2.9217064529754566,3.041366668677199,2.891791399050021,2.9915082454681396,142575423,0.0,0.0
2026-05-06 00:00:00+03:00,3.0413668155670166,3.061310185813851,2.9915083899499297,3.0413668155670166,169823092,0.0,0.0
2026-05-07 00:00:00+03:00,3.061310106902275,3.340517520904541,2.991508312837638,3.340517520904541,416501982,0.0,0.0
2026-05-08 00:00:00+03:00,3.3405176319588317,3.370432925296205,3.1809706687927246,3.1809706687927246,385668864,0.0,0.0
2026-05-11 00:00:00+03:00,3.1709988428678537,3.4900929927825928,3.1211404190911316,3.4900929927825928,328636275,0.0,0.0
2026-05-12 00:00:00+03:00,3.4601779130371297,3.559894759856297,3.3504891437923296,3.529979705810547,542507602,0.0,0.0
2026-05-13 00:00:00+03:00,3.5399514165593144,3.5399514165593144,3.4103195147398373,3.4900929927825928,205937077,0.0,0.0
2026-05-14 00:00:00+03:00,3.500064771236037,3.549923196347488,3.4202912910577146,3.440234661102295,230001740,0.0,0.0
2026-05-15 00:00:00+03:00,3.4601780047602824,3.4601780047602824,3.2507723831453452,3.300630807876587,173863652,0.0,0.0
2026-05-18 00:00:00+03:00,3.2707156582958112,3.3205740815828158,3.1709988117218018,3.1709988117218018,155112676,0.0,0.0
2026-05-20 00:00:00+03:00,3.1610272594922684,3.290659165469271,3.14108388934196,3.1510555744171143,137726359,0.0,0.0
2026-05-21 00:00:00+03:00,3.1510554768343133,3.1709988463670093,2.841932773590088,2.841932773590088,230513512,0.0,0.0
2026-05-22 00:00:00+03:00,2.8319611535509903,3.121140493871997,2.792074413573948,3.0114517211914062,296345401,0.0,0.0
2026-05-25 00:00:00+03:00,3.0114516823414585,3.2208573022631692,2.9815366277446027,3.161027193069458,158107271,0.0,0.0
2026-05-26 00:00:00+03:00,3.1610272594922684,3.290659165469271,3.1510555744171143,3.1510555744171143,69802059,0.0,0.0
2026-05-27 00:00:00+03:00,3.1510555744171143,3.1510555744171143,3.1510555744171143,3.1510555744171143,0,0.0,0.0
2026-05-28 00:00:00+03:00,3.1510555744171143,3.1510555744171143,3.1510555744171143,3.1510555744171143,0,0.0,0.0
2026-05-29 00:00:00+03:00,3.1510555744171143,3.1510555744171143,3.1510555744171143,3.1510555744171143,0,0.0,0.0
2026-06-01 00:00:00+03:00,3.1709988222096164,3.250772299732668,3.0513383681813226,3.061310052871704,120531118,0.0,0.0
2026-06-02 00:00:00+03:00,3.0912251612664075,3.1809705628006952,3.021423367207077,3.161027193069458,161704658,0.0,0.0
2026-06-03 00:00:00+03:00,3.180970506899998,3.1909421915903793,3.041366683490941,3.061310052871704,147951697,0.0,0.0
2026-06-04 00:00:00+03:00,3.071281754867579,3.350489165515203,3.051338385374443,3.3106024265289307,434192504,0.0,0.0
2026-06-05 00:00:00+03:00,3.3106025595185207,3.4402347041750514,3.250772448635688,3.290659189224243,516312107,0.0,0.0
2026-06-08 00:00:00+03:00,3.29065917421248,3.4801214288875295,3.180970638094345,3.400347948074341,571343822,0.0,0.0
2026-06-09 00:00:00+03:00,3.410319608013468,3.69949871157134,3.2408007247924844,3.260744094848633,460707886,0.0,0.0
2026-06-10 00:00:00+03:00,3.3704328679011715,3.3704328679011715,3.170998929595966,3.260744094848633,201463954,0.0,0.0
2026-06-11 00:00:00+03:00,3.3604608355607035,3.3604608355607035,3.2208572497194767,3.240800619125366,328370486,0.0,0.0
2026-06-12 00:00:00+03:00,3.270715673234201,3.3305457814518693,3.2308289344224215,3.240800619125366,258858041,0.0,0.0
2026-06-15 00:00:00+03:00,3.2806874379840902,3.3106024928228353,3.2507723831453452,3.300630807876587,201784373,0.0,0.0
2026-06-16 00:00:00+03:00,3.320574140643313,3.629696846008301,3.260744031634755,3.629696846008301,849474179,0.0,0.0
2026-06-17 00:00:00+03:00,3.6895268918627777,3.958762615536467,3.5200080148298194,3.8191587924957275,395867629,0.0,0.0
2026-06-18 00:00:00+03:00,3.7992154231675817,3.8989325075520282,3.649640153206485,3.8191587924957275,990894171,0.0,0.0
2026-06-19 00:00:00+03:00,3.8091871752244373,3.988677740097046,3.6795552722980176,3.988677740097046,823424627,0.0,0.0
2026-06-22 00:00:00+03:00,3.9787061605074716,4.257913581171047,3.8889609945689485,4.0086212158203125,442946613,0.0,0.0
2026-06-23 00:00:00+03:00,3.988677724202474,4.07842312515301,3.7393853664398193,3.7393853664398193,755186247,0.0,0.0
2026-06-24 00:00:00+03:00,3.699498523873119,3.7593286310060154,3.430262804031372,3.430262804031372,879933290,0.0,0.0
2026-06-25 00:00:00+03:00,3.4801213605960832,3.719442036083116,3.470149675690112,3.5898098945617676,784551370,0.0,0.0
2026-06-26 00:00:00+03:00,3.5899999141693115,3.680000066757202,3.5,3.569999933242798,767100023,0.01019,0.0
2026-06-29 00:00:00+03:00,3.5999999046325684,3.5999999046325684,3.440000057220459,3.4700000286102295,244727368,0.0,0.0
2026-06-30 00:00:00+03:00,3.509999990463257,3.5299999713897705,3.440000057220459,3.4800000190734863,274109435,0.0,0.0
2026-07-01 00:00:00+03:00,3.4700000286102295,3.5299999713897705,3.4700000286102295,3.5,184581011,0.0,0.0
2026-07-02 00:00:00+03:00,3.5299999713897705,3.549999952316284,3.380000114440918,3.4000000953674316,366591871,0.0,0.0
2026-07-03 00:00:00+03:00,3.390000104904175,3.440000057220459,3.359999895095825,3.4000000953674316,267231006,0.0,0.0
2026-07-06 00:00:00+03:00,3.4200000762939453,3.549999952316284,3.390000104904175,3.549999952316284,222885861,0.0,0.0
2026-07-07 00:00:00+03:00,3.5199999809265137,3.740000009536743,3.5,3.5,380610255,0.0,0.0
2026-07-08 00:00:00+03:00,3.490000009536743,3.6500000953674316,3.25,3.25,395417947,0.0,0.0
2026-07-09 00:00:00+03:00,3.259999990463257,3.2799999713897705,3.1500000953674316,3.1700000762939453,136875125,0.0,0.0
2026-07-10 00:00:00+03:00,3.1700000762939453,3.2300000190734863,3.1600000858306885,3.1700000762939453,72813942,0.0,0.0
2026-07-13 00:00:00+03:00,3.140000104904175,3.1700000762939453,3.059999942779541,3.0999999046325684,121723149,0.0,0.0
2026-07-14 00:00:00+03:00,3.1500000953674316,3.1700000762939453,3.0899999141693115,3.0999999046325684,127151296,0.0,0.0
2026-07-16 00:00:00+03:00,3.119999885559082,3.299999952316284,3.0999999046325684,3.259999990463257,306207932,0.0,0.0
2026-07-17 00:00:00+03:00,3.359999895095825,3.4000000953674316,3.240000009536743,3.2899999618530273,225202974,0.0,0.0
2026-07-20 00:00:00+03:00,3.3499999046325684,3.430000066757202,3.2799999713897705,3.309999942779541,278000566,0.0,0.0
2026-07-21 00:00:00+03:00,3.3299999237060547,3.369999885559082,3.1600000858306885,3.2799999713897705,342501616,0.0,0.0
2026-07-22 00:00:00+03:00,3.2799999713897705,3.5999999046325684,3.2799999713897705,3.5999999046325684,338628219,0.0,0.0
2026-07-23 00:00:00+03:00,3.609999895095825,3.9600000381469727,3.609999895095825,3.9600000381469727,532717709,0.0,0.0
2026-07-24 00:00:00+03:00,3.990000009536743,4.25,3.7100000381469727,3.740000009536743,789936034,0.0,0.0
2026-07-27 00:00:00+03:00,3.75,3.8299999237060547,3.700000047683716,3.799999952316284,298192972,0.0,0.0
2026-07-28 00:00:00+03:00,3.7899999618530273,3.9700000286102295,3.680000066757202,3.740000009536743,337404781,0.0,0.0
2026-07-29 00:00:00+03:00,3.740000009536743,3.740000009536743,3.5199999809265137,3.5199999809265137,282917924,0.0,0.0
2026-07-30 00:00:00+03:00,3.490000009536743,3.7100000381469727,3.4200000762939453,3.5399999618530273,321509055,0.0,0.0
2026-08-03 00:00:00+03:00,3.490000009536743,3.640000104904175,3.4000000953674316,3.609999895095825,176154128,0.0,0.0
2026-08-04 00:00:00+03:00,3.5999999046325684,3.859999895095825,3.569999933242798,3.7899999618530273,240773799,0.0,0.0
2026-08-05 00:00:00+03:00,3.7799999713897705,3.9000000953674316,3.6700000762939453,3.6700000762939453,183128966,0.0,0.0
2026-08-06 00:00:00+03:00,3.6700000762939453,3.7899999618530273,3.6500000953674316,3.700000047683716,305711316,0.0,0.0
2026-08-07 00:00:00+03:00,3.690000057220459,4.050000190734863,3.690000057220459,3.700000047683716,547331038,0.0,0.0
2026-08-10 00:00:00+03:00,3.700000047683716,3.7200000286102295,3.5199999809265137,3.5199999809265137,213961665,0.0,0.0
2026-08-11 00:00:00+03:00,3.5199999809265137,3.549999952316284,3.4100000858306885,3.4100000858306885,89035478,0.0,0.0
2026-08-12 00:00:00+03:00,3.4100000858306885,3.5199999809265137,3.4100000858306885,3.440000057220459,94424987,0.0,0.0
