date,open,high,low,close,volume,dividends,stock_splits
2020-08-14 00:00:00+03:00,2.079119920730591,2.18900990486145,2.0747249126434326,2.18900990486145,2425882,0.0,0.0
2020-08-17 00:00:00+03:00,2.3824169635772705,2.3912079334259033,2.215384006500244,2.2857139110565186,7422806,0.0,0.0
2020-08-18 00:00:00+03:00,2.2901089191436768,2.3032960891723633,2.1318678855895996,2.1450541019439697,3424446,0.0,0.0
2020-08-19 00:00:00+03:00,2.1450541019439697,2.1802189350128174,2.0659339427948,2.079119920730591,2135289,0.0,0.0
2020-08-20 00:00:00+03:00,2.079119920730591,2.2769229412078857,2.013185977935791,2.1626369953155518,6343368,0.0,0.0
2020-08-21 00:00:00+03:00,2.200000047683716,2.3499999046325684,2.200000047683716,2.259999990463257,4752781,0.0,2.275
2020-08-24 00:00:00+03:00,2.3299999237060547,2.450000047683716,2.299999952316284,2.3399999141693115,4950556,0.0,0.0
2020-08-25 00:00:00+03:00,2.299999952316284,2.3499999046325684,2.190000057220459,2.190000057220459,3519377,0.0,0.0
2020-08-26 00:00:00+03:00,2.2100000381469727,2.4000000953674316,2.200000047683716,2.4000000953674316,3914339,0.0,0.0
2020-08-27 00:00:00+03:00,2.640000104904175,2.640000104904175,2.640000104904175,2.640000104904175,762422,0.0,0.0
2020-08-28 00:00:00+03:00,2.7799999713897705,2.9000000953674316,2.6500000953674316,2.9000000953674316,16236568,0.0,0.0
2020-08-31 00:00:00+03:00,3.0999999046325684,3.190000057220459,3.0999999046325684,3.190000057220459,11651830,0.0,0.0
2020-09-01 00:00:00+03:00,3.1500000953674316,3.3399999141693115,2.880000114440918,2.880000114440918,20404930,0.0,0.0
2020-09-02 00:00:00+03:00,2.8299999237060547,2.9100000858306885,2.619999885559082,2.740000009536743,2444845,0.0,0.0
2020-09-03 00:00:00+03:00,2.700000047683716,2.700000047683716,2.5899999141693115,2.619999885559082,1865561,0.0,0.0
2020-09-04 00:00:00+03:00,2.569999933242798,2.869999885559082,2.4600000381469727,2.869999885559082,2748962,0.0,0.0
2020-09-07 00:00:00+03:00,2.8499999046325684,2.9700000286102295,2.7100000381469727,2.7899999618530273,2147981,0.0,0.0
2020-09-08 00:00:00+03:00,2.7799999713897705,2.819999933242798,2.6500000953674316,2.7100000381469727,1371401,0.0,0.0
2020-09-09 00:00:00+03:00,2.700000047683716,2.7899999618530273,2.6500000953674316,2.7100000381469727,1204623,0.0,0.0
2020-09-10 00:00:00+03:00,2.7200000286102295,2.7699999809265137,2.680000066757202,2.7200000286102295,910682,0.0,0.0
2020-09-11 00:00:00+03:00,2.759999990463257,2.759999990463257,2.680000066757202,2.740000009536743,671135,0.0,0.0
2020-09-14 00:00:00+03:00,2.8399999141693115,2.950000047683716,2.75,2.9100000858306885,1660796,0.0,0.0
2020-09-15 00:00:00+03:00,2.9800000190734863,2.9800000190734863,2.8399999141693115,2.9000000953674316,1149748,0.0,0.0
2020-09-16 00:00:00+03:00,2.880000114440918,2.9000000953674316,2.7699999809265137,2.8499999046325684,781396,0.0,0.0
2020-09-17 00:00:00+03:00,2.8399999141693115,3.1600000858306885,2.7799999713897705,3.1600000858306885,10116180,0.0,0.0
2020-09-18 00:00:00+03:00,3.130000114440918,3.390000104904175,3.0299999713897705,3.109999895095825,10264622,0.0,0.0
2020-09-21 00:00:00+03:00,3.109999895095825,3.2300000190734863,2.950000047683716,3.009999990463257,4930422,0.0,0.0
2020-09-22 00:00:00+03:00,3.069999933242798,3.069999933242798,2.9000000953674316,2.9600000381469727,2570794,0.0,0.0
2020-09-23 00:00:00+03:00,2.9600000381469727,3.0,2.9000000953674316,2.9100000858306885,2969512,0.0,0.0
2020-09-24 00:00:00+03:00,2.9000000953674316,2.9700000286102295,2.8299999237060547,2.930000066757202,2608432,0.0,0.0
2020-09-25 00:00:00+03:00,2.930000066757202,2.940000057220459,2.8499999046325684,2.880000114440918,2059955,0.0,0.0
2020-09-28 00:00:00+03:00,2.9100000858306885,3.130000114440918,2.9100000858306885,3.0,5410307,0.0,0.0
2020-09-29 00:00:00+03:00,3.069999933242798,3.069999933242798,2.859999895095825,2.940000057220459,2156373,0.0,0.0
2020-09-30 00:00:00+03:00,2.940000057220459,3.009999990463257,2.9000000953674316,2.9000000953674316,2752348,0.0,0.0
2020-10-01 00:00:00+03:00,2.890000104904175,2.9200000762939453,2.819999933242798,2.880000114440918,689840,0.0,0.0
2020-10-02 00:00:00+03:00,2.8499999046325684,2.8499999046325684,2.75,2.8399999141693115,750146,0.0,0.0
2020-10-05 00:00:00+03:00,2.890000104904175,2.890000104904175,2.7799999713897705,2.809999942779541,671551,0.0,0.0
2020-10-06 00:00:00+03:00,2.819999933242798,2.990000009536743,2.7699999809265137,2.9100000858306885,1479019,0.0,0.0
2020-10-07 00:00:00+03:00,2.880000114440918,2.9600000381469727,2.8399999141693115,2.890000104904175,1281906,0.0,0.0
2020-10-08 00:00:00+03:00,2.9000000953674316,2.9600000381469727,2.9000000953674316,2.9200000762939453,1138233,0.0,0.0
2020-10-09 00:00:00+03:00,2.950000047683716,2.9600000381469727,2.890000104904175,2.9200000762939453,765167,0.0,0.0
2020-10-12 00:00:00+03:00,2.950000047683716,3.0199999809265137,2.880000114440918,3.0,2105132,0.0,0.0
2020-10-13 00:00:00+03:00,2.9800000190734863,2.9800000190734863,2.880000114440918,2.9200000762939453,1255528,0.0,0.0
2020-10-14 00:00:00+03:00,2.940000057220459,2.940000057220459,2.9000000953674316,2.930000066757202,935024,0.0,0.0
2020-10-15 00:00:00+03:00,2.9200000762939453,2.9800000190734863,2.9100000858306885,2.9600000381469727,1281441,0.0,0.0
2020-10-16 00:00:00+03:00,2.990000009536743,3.25,2.9600000381469727,3.25,4493039,0.0,0.0
2020-10-19 00:00:00+03:00,3.3499999046325684,3.549999952316284,3.200000047683716,3.4700000286102295,4190800,0.0,0.0
2020-10-20 00:00:00+03:00,3.4700000286102295,3.6700000762939453,3.299999952316284,3.5999999046325684,2320468,0.0,0.0
2020-10-21 00:00:00+03:00,3.640000104904175,3.640000104904175,3.450000047683716,3.490000009536743,1000430,0.0,0.0
2020-10-22 00:00:00+03:00,3.4700000286102295,3.6500000953674316,3.299999952316284,3.640000104904175,1460634,0.0,0.0
2020-10-23 00:00:00+03:00,3.799999952316284,4.039999961853027,3.75,4.039999961853027,4572280,0.0,0.0
2020-10-26 00:00:00+03:00,4.03000020980835,4.039999961853027,3.640000104904175,3.640000104904175,3047958,0.0,0.0
2020-10-27 00:00:00+03:00,3.2799999713897705,3.7899999618530273,3.2799999713897705,3.7899999618530273,1732262,0.0,0.0
2020-10-28 00:00:00+03:00,3.799999952316284,3.990000009536743,3.609999895095825,3.7100000381469727,467257,0.0,0.0
2020-10-30 00:00:00+03:00,3.4000000953674316,3.8499999046325684,3.4000000953674316,3.559999942779541,708080,0.0,0.0
2020-11-02 00:00:00+03:00,3.6500000953674316,3.8499999046325684,3.5,3.7200000286102295,884954,0.0,0.0
2020-11-03 00:00:00+03:00,3.5899999141693115,3.7799999713897705,3.559999942779541,3.619999885559082,677059,0.0,0.0
2020-11-04 00:00:00+03:00,3.5,3.740000009536743,3.5,3.630000114440918,486586,0.0,0.0
2020-11-05 00:00:00+03:00,3.6500000953674316,3.8299999237060547,3.559999942779541,3.7300000190734863,811742,0.0,0.0
2020-11-06 00:00:00+03:00,3.740000009536743,3.8399999141693115,3.6500000953674316,3.7799999713897705,814054,0.0,0.0
2020-11-09 00:00:00+03:00,3.7799999713897705,4.159999847412109,3.700000047683716,4.119999885559082,2213734,0.0,0.0
2020-11-10 00:00:00+03:00,4.079999923706055,4.139999866485596,3.799999952316284,3.9200000762939453,1419149,0.0,0.0
2020-11-11 00:00:00+03:00,3.9200000762939453,3.990000009536743,3.7899999618530273,3.8499999046325684,843258,0.0,0.0
2020-11-12 00:00:00+03:00,3.8399999141693115,3.950000047683716,3.559999942779541,3.700000047683716,1198947,0.0,0.0
2020-11-13 00:00:00+03:00,3.680000066757202,3.7799999713897705,3.5,3.6700000762939453,469545,0.0,0.0
2020-11-16 00:00:00+03:00,3.7100000381469727,3.7899999618530273,3.6700000762939453,3.7200000286102295,435465,0.0,0.0
2020-11-17 00:00:00+03:00,3.7200000286102295,3.7200000286102295,3.569999933242798,3.5999999046325684,506340,0.0,0.0
2020-11-18 00:00:00+03:00,3.490000009536743,3.740000009536743,3.4800000190734863,3.609999895095825,683061,0.0,0.0
2020-11-19 00:00:00+03:00,3.609999895095825,3.740000009536743,3.609999895095825,3.700000047683716,578120,0.0,0.0
2020-11-20 00:00:00+03:00,3.700000047683716,3.8399999141693115,3.700000047683716,3.819999933242798,549916,0.0,0.0
2020-11-23 00:00:00+03:00,3.819999933242798,3.9000000953674316,3.7200000286102295,3.799999952316284,613326,0.0,0.0
2020-11-24 00:00:00+03:00,3.7899999618530273,3.809999942779541,3.6500000953674316,3.690000057220459,381618,0.0,0.0
2020-11-25 00:00:00+03:00,3.8299999237060547,3.8299999237060547,3.640000104904175,3.6700000762939453,336709,0.0,0.0
2020-11-26 00:00:00+03:00,3.700000047683716,3.7300000190734863,3.6500000953674316,3.6700000762939453,333867,0.0,0.0
2020-11-27 00:00:00+03:00,3.6700000762939453,3.799999952316284,3.6500000953674316,3.75,622622,0.0,0.0
2020-11-30 00:00:00+03:00,3.75,3.819999933242798,3.640000104904175,3.690000057220459,412778,0.0,0.0
2020-12-01 00:00:00+03:00,3.700000047683716,3.7899999618530273,3.640000104904175,3.759999990463257,545174,0.0,0.0
2020-12-02 00:00:00+03:00,3.7799999713897705,4.099999904632568,3.680000066757202,3.990000009536743,1353089,0.0,0.0
2020-12-03 00:00:00+03:00,3.990000009536743,4.329999923706055,3.9000000953674316,4.260000228881836,1196639,0.0,0.0
2020-12-04 00:00:00+03:00,4.340000152587891,4.5,4.230000019073486,4.409999847412109,883818,0.0,0.0
2020-12-07 00:00:00+03:00,4.400000095367432,4.53000020980835,4.199999809265137,4.46999979019165,735823,0.0,0.0
2020-12-08 00:00:00+03:00,4.460000038146973,4.53000020980835,4.289999961853027,4.429999828338623,404446,0.0,0.0
2020-12-09 00:00:00+03:00,4.349999904632568,4.480000019073486,4.110000133514404,4.110000133514404,475859,0.0,0.0
2020-12-10 00:00:00+03:00,4.150000095367432,4.230000019073486,4.099999904632568,4.150000095367432,322265,0.0,0.0
2020-12-11 00:00:00+03:00,4.150000095367432,4.239999771118164,4.050000190734863,4.139999866485596,261137,0.0,0.0
2020-12-14 00:00:00+03:00,4.239999771118164,4.360000133514404,3.869999885559082,4.010000228881836,784028,0.0,0.0
2020-12-15 00:00:00+03:00,4.010000228881836,4.110000133514404,3.9000000953674316,4.010000228881836,452477,0.0,0.0
2020-12-16 00:00:00+03:00,4.079999923706055,4.130000114440918,3.930000066757202,4.010000228881836,379601,0.0,0.0
2020-12-17 00:00:00+03:00,4.0,4.059999942779541,3.9700000286102295,4.010000228881836,150212,0.0,0.0
2020-12-18 00:00:00+03:00,4.0,4.019999980926514,3.9000000953674316,4.0,233855,0.0,0.0
2020-12-21 00:00:00+03:00,3.8499999046325684,4.059999942779541,3.8499999046325684,4.010000228881836,435508,0.0,0.0
2020-12-22 00:00:00+03:00,4.0,4.079999923706055,3.9700000286102295,4.010000228881836,242366,0.0,0.0
2020-12-23 00:00:00+03:00,3.9800000190734863,4.369999885559082,3.9700000286102295,4.369999885559082,1066312,0.0,0.0
2020-12-24 00:00:00+03:00,4.369999885559082,4.650000095367432,4.210000038146973,4.349999904632568,1179407,0.0,0.0
2020-12-25 00:00:00+03:00,4.329999923706055,4.349999904632568,4.099999904632568,4.170000076293945,805041,0.0,0.0
2020-12-28 00:00:00+03:00,4.230000019073486,4.230000019073486,4.079999923706055,4.170000076293945,601243,0.0,0.0
2020-12-29 00:00:00+03:00,4.130000114440918,4.170000076293945,4.050000190734863,4.110000133514404,365310,0.0,0.0
2020-12-30 00:00:00+03:00,4.130000114440918,4.239999771118164,4.079999923706055,4.199999809265137,428194,0.0,0.0
2020-12-31 00:00:00+03:00,4.199999809265137,4.300000190734863,4.079999923706055,4.239999771118164,627330,0.0,0.0
2021-01-04 00:00:00+03:00,4.25,4.28000020980835,4.150000095367432,4.199999809265137,503390,0.0,0.0
2021-01-05 00:00:00+03:00,4.170000076293945,4.199999809265137,4.0,4.090000152587891,438902,0.0,0.0
2021-01-06 00:00:00+03:00,4.090000152587891,4.179999828338623,4.050000190734863,4.119999885559082,339627,0.0,0.0
2021-01-07 00:00:00+03:00,4.110000133514404,4.150000095367432,4.059999942779541,4.079999923706055,273662,0.0,0.0
2021-01-08 00:00:00+03:00,4.079999923706055,4.210000038146973,4.079999923706055,4.150000095367432,340448,0.0,0.0
2021-01-11 00:00:00+03:00,4.179999828338623,4.179999828338623,4.079999923706055,4.090000152587891,452539,0.0,0.0
2021-01-12 00:00:00+03:00,4.090000152587891,4.130000114440918,4.070000171661377,4.079999923706055,335238,0.0,0.0
2021-01-13 00:00:00+03:00,4.110000133514404,4.21999979019165,4.090000152587891,4.150000095367432,470276,0.0,0.0
2021-01-14 00:00:00+03:00,4.159999847412109,4.409999847412109,4.150000095367432,4.28000020980835,915964,0.0,0.0
2021-01-15 00:00:00+03:00,4.289999961853027,4.380000114440918,4.150000095367432,4.150000095367432,686056,0.0,0.0
2021-01-18 00:00:00+03:00,4.190000057220459,4.21999979019165,4.099999904632568,4.159999847412109,479518,0.0,0.0
2021-01-19 00:00:00+03:00,4.159999847412109,4.179999828338623,4.079999923706055,4.090000152587891,455193,0.0,0.0
2021-01-20 00:00:00+03:00,4.090000152587891,4.150000095367432,4.050000190734863,4.070000171661377,424330,0.0,0.0
2021-01-21 00:00:00+03:00,4.070000171661377,4.119999885559082,4.039999961853027,4.050000190734863,414999,0.0,0.0
2021-01-22 00:00:00+03:00,4.050000190734863,4.179999828338623,3.9100000858306885,4.150000095367432,494653,0.0,0.0
2021-01-25 00:00:00+03:00,4.190000057220459,4.559999942779541,4.170000076293945,4.559999942779541,1895141,0.0,0.0
2021-01-26 00:00:00+03:00,4.570000171661377,4.650000095367432,4.300000190734863,4.340000152587891,1041596,0.0,0.0
2021-01-27 00:00:00+03:00,4.340000152587891,4.369999885559082,3.990000009536743,4.03000020980835,967568,0.0,0.0
2021-01-28 00:00:00+03:00,4.0,4.139999866485596,3.799999952316284,4.130000114440918,504455,0.0,0.0
2021-01-29 00:00:00+03:00,4.139999866485596,4.150000095367432,4.03000020980835,4.090000152587891,312716,0.0,0.0
2021-02-01 00:00:00+03:00,4.019999980926514,4.21999979019165,4.019999980926514,4.070000171661377,309495,0.0,0.0
2021-02-02 00:00:00+03:00,4.139999866485596,4.179999828338623,4.079999923706055,4.110000133514404,390926,0.0,0.0
2021-02-03 00:00:00+03:00,4.139999866485596,4.159999847412109,4.099999904632568,4.130000114440918,343408,0.0,0.0
2021-02-04 00:00:00+03:00,4.139999866485596,4.239999771118164,4.099999904632568,4.170000076293945,416400,0.0,0.0
2021-02-05 00:00:00+03:00,4.230000019073486,4.239999771118164,4.150000095367432,4.170000076293945,285714,0.0,0.0
2021-02-08 00:00:00+03:00,4.179999828338623,4.300000190734863,4.179999828338623,4.300000190734863,527497,0.0,0.0
2021-02-09 00:00:00+03:00,4.730000019073486,4.730000019073486,4.5,4.730000019073486,3070876,0.0,0.0
2021-02-10 00:00:00+03:00,4.730000019073486,4.900000095367432,4.5,4.570000171661377,1213869,0.0,0.0
2021-02-11 00:00:00+03:00,4.559999942779541,4.559999942779541,4.139999866485596,4.380000114440918,1080240,0.0,0.0
2021-02-12 00:00:00+03:00,4.369999885559082,4.380000114440918,4.170000076293945,4.349999904632568,478278,0.0,0.0
2021-02-15 00:00:00+03:00,4.349999904632568,4.420000076293945,4.260000228881836,4.349999904632568,574800,0.0,0.0
2021-02-16 00:00:00+03:00,4.349999904632568,4.5,4.21999979019165,4.260000228881836,621258,0.0,0.0
2021-02-17 00:00:00+03:00,4.309999942779541,4.670000076293945,4.300000190734863,4.550000190734863,912650,0.0,0.0
2021-02-18 00:00:00+03:00,4.539999961853027,4.550000190734863,4.28000020980835,4.369999885559082,892141,0.0,0.0
2021-02-19 00:00:00+03:00,4.349999904632568,4.5,4.239999771118164,4.380000114440918,433739,0.0,0.0
2021-02-22 00:00:00+03:00,4.380000114440918,4.420000076293945,4.179999828338623,4.230000019073486,581550,0.0,0.0
2021-02-23 00:00:00+03:00,4.300000190734863,4.360000133514404,4.150000095367432,4.25,558429,0.0,0.0
2021-02-24 00:00:00+03:00,4.159999847412109,4.329999923706055,4.03000020980835,4.159999847412109,668228,0.0,0.0
2021-02-25 00:00:00+03:00,4.260000228881836,4.260000228881836,4.010000228881836,4.03000020980835,443225,0.0,0.0
2021-02-26 00:00:00+03:00,3.950000047683716,4.110000133514404,3.880000114440918,4.050000190734863,331688,0.0,0.0
2021-03-01 00:00:00+03:00,4.199999809265137,4.230000019073486,4.099999904632568,4.21999979019165,484278,0.0,0.0
2021-03-02 00:00:00+03:00,4.269999980926514,4.269999980926514,4.059999942779541,4.170000076293945,349079,0.0,0.0
2021-03-03 00:00:00+03:00,4.190000057220459,4.230000019073486,4.110000133514404,4.150000095367432,306898,0.0,0.0
2021-03-04 00:00:00+03:00,4.150000095367432,4.210000038146973,4.119999885559082,4.130000114440918,323618,0.0,0.0
2021-03-05 00:00:00+03:00,4.099999904632568,4.170000076293945,4.0,4.090000152587891,555742,0.0,0.0
2021-03-08 00:00:00+03:00,4.090000152587891,4.190000057220459,4.010000228881836,4.050000190734863,365721,0.0,0.0
2021-03-09 00:00:00+03:00,4.050000190734863,4.130000114440918,3.869999885559082,4.010000228881836,421340,0.0,0.0
2021-03-10 00:00:00+03:00,3.759999990463257,4.079999923706055,3.759999990463257,3.990000009536743,405797,0.0,0.0
2021-03-11 00:00:00+03:00,4.0,4.050000190734863,3.9700000286102295,4.03000020980835,270844,0.0,0.0
2021-03-12 00:00:00+03:00,4.199999809265137,4.400000095367432,4.119999885559082,4.28000020980835,1200371,0.0,0.0
2021-03-15 00:00:00+03:00,4.480000019073486,4.699999809265137,4.21999979019165,4.699999809265137,1722139,0.0,0.0
2021-03-16 00:00:00+03:00,4.71999979019165,5.170000076293945,4.679999828338623,5.170000076293945,2172032,0.0,0.0
2021-03-17 00:00:00+03:00,5.539999961853027,5.679999828338623,5.269999980926514,5.679999828338623,3426866,0.0,0.0
2021-03-18 00:00:00+03:00,5.940000057220459,6.239999771118164,5.710000038146973,6.239999771118164,3395790,0.0,0.0
2021-03-19 00:00:00+03:00,6.300000190734863,6.550000190734863,5.619999885559082,5.800000190734863,2589349,0.0,0.0
2021-03-22 00:00:00+03:00,5.25,5.449999809265137,5.21999979019165,5.21999979019165,539701,0.0,0.0
2021-03-23 00:00:00+03:00,4.699999809265137,5.739999771118164,4.699999809265137,5.230000019073486,1586734,0.0,0.0
2021-03-24 00:00:00+03:00,5.25,5.730000019073486,5.239999771118164,5.590000152587891,925834,0.0,0.0
2021-03-25 00:00:00+03:00,5.690000057220459,5.889999866485596,5.25,5.25,1065825,0.0,0.0
2021-03-26 00:00:00+03:00,5.489999771118164,5.489999771118164,4.96999979019165,5.340000152587891,762566,0.0,0.0
2021-03-29 00:00:00+03:00,5.340000152587891,5.340000152587891,5.090000152587891,5.090000152587891,593406,0.0,0.0
2021-03-30 00:00:00+03:00,5.099999904632568,5.25,4.849999904632568,5.170000076293945,593913,0.0,0.0
2021-03-31 00:00:00+03:00,5.179999828338623,5.679999828338623,4.949999809265137,5.599999904632568,971304,0.0,0.0
2021-04-01 00:00:00+03:00,5.659999847412109,6.090000152587891,5.380000114440918,5.670000076293945,3153195,0.0,0.0
2021-04-02 00:00:00+03:00,5.670000076293945,6.119999885559082,5.389999866485596,5.800000190734863,5817491,0.0,0.0
2021-04-05 00:00:00+03:00,5.829999923706055,6.0,5.579999923706055,5.659999847412109,1772111,0.0,0.0
2021-04-06 00:00:00+03:00,5.699999809265137,5.710000038146973,5.269999980926514,5.420000076293945,1770105,0.0,0.0
2021-04-07 00:00:00+03:00,5.320000171661377,5.429999828338623,5.190000057220459,5.369999885559082,1290637,0.0,0.0
2021-04-08 00:00:00+03:00,5.380000114440918,5.599999904632568,5.28000020980835,5.309999942779541,1891969,0.0,0.0
2021-04-09 00:00:00+03:00,5.349999904632568,5.349999904632568,4.860000133514404,5.119999885559082,1399683,0.0,0.0
2021-04-12 00:00:00+03:00,5.119999885559082,5.119999885559082,4.639999866485596,4.670000076293945,1092553,0.0,0.0
2021-04-13 00:00:00+03:00,4.610000133514404,4.849999904632568,4.380000114440918,4.420000076293945,1246868,0.0,0.0
2021-04-14 00:00:00+03:00,4.550000190734863,4.860000133514404,4.489999771118164,4.860000133514404,2004945,0.0,0.0
2021-04-15 00:00:00+03:00,4.869999885559082,4.880000114440918,4.53000020980835,4.599999904632568,1148299,0.0,0.0
2021-04-16 00:00:00+03:00,4.710000038146973,4.849999904632568,4.639999866485596,4.75,1083091,0.0,0.0
2021-04-19 00:00:00+03:00,4.690000057220459,4.710000038146973,4.400000095367432,4.400000095367432,664876,0.0,0.0
2021-04-20 00:00:00+03:00,4.099999904632568,4.400000095367432,4.050000190734863,4.25,365003,0.0,0.0
2021-04-21 00:00:00+03:00,4.099999904632568,4.190000057220459,3.9000000953674316,4.019999980926514,390801,0.0,0.0
2021-04-22 00:00:00+03:00,4.019999980926514,4.400000095367432,3.9200000762939453,4.400000095367432,369525,0.0,0.0
2021-04-26 00:00:00+03:00,4.369999885559082,4.840000152587891,4.21999979019165,4.840000152587891,713505,0.0,0.0
2021-04-27 00:00:00+03:00,4.889999866485596,5.320000171661377,4.849999904632568,5.320000171661377,788739,0.0,0.0
2021-04-28 00:00:00+03:00,5.320000171661377,5.579999923706055,5.059999942779541,5.090000152587891,505299,0.0,0.0
2021-04-29 00:00:00+03:00,5.090000152587891,5.21999979019165,4.860000133514404,5.110000133514404,607672,0.0,0.0
2021-04-30 00:00:00+03:00,5.0,5.059999942779541,4.710000038146973,4.889999866485596,542762,0.0,0.0
2021-05-03 00:00:00+03:00,4.800000190734863,5.349999904632568,4.78000020980835,5.190000057220459,575467,0.0,0.0
2021-05-04 00:00:00+03:00,5.179999828338623,5.269999980926514,4.880000114440918,5.010000228881836,805793,0.0,0.0
2021-05-05 00:00:00+03:00,4.980000019073486,5.329999923706055,4.75,5.210000038146973,2929175,0.0,0.0
2021-05-06 00:00:00+03:00,5.210000038146973,5.550000190734863,5.139999866485596,5.480000019073486,3309482,0.0,0.0
2021-05-07 00:00:00+03:00,5.539999961853027,5.539999961853027,5.130000114440918,5.25,1872756,0.0,0.0
2021-05-10 00:00:00+03:00,5.25,5.389999866485596,5.119999885559082,5.150000095367432,914989,0.0,0.0
2021-05-11 00:00:00+03:00,5.099999904632568,5.179999828338623,4.940000057220459,4.989999771118164,877336,0.0,0.0
2021-05-12 00:00:00+03:00,5.0,5.210000038146973,4.960000038146973,5.139999866485596,545946,0.0,0.0
2021-05-17 00:00:00+03:00,5.159999847412109,5.239999771118164,5.059999942779541,5.079999923706055,659316,0.0,0.0
2021-05-18 00:00:00+03:00,5.090000152587891,5.150000095367432,4.860000133514404,4.909999847412109,949055,0.0,0.0
2021-05-20 00:00:00+03:00,4.900000095367432,4.989999771118164,4.75,4.889999866485596,811267,0.0,0.0
2021-05-21 00:00:00+03:00,4.889999866485596,4.929999828338623,4.800000190734863,4.840000152587891,554440,0.0,0.0
2021-05-24 00:00:00+03:00,4.840000152587891,5.159999847412109,4.840000152587891,4.909999847412109,1246691,0.0,0.0
2021-05-25 00:00:00+03:00,4.900000095367432,4.96999979019165,4.679999828338623,4.75,996833,0.0,0.0
2021-05-26 00:00:00+03:00,4.75,4.829999923706055,4.579999923706055,4.730000019073486,993226,0.0,0.0
2021-05-27 00:00:00+03:00,4.730000019073486,5.019999980926514,4.670000076293945,4.739999771118164,2391569,0.0,0.0
2021-05-28 00:00:00+03:00,4.739999771118164,4.840000152587891,4.639999866485596,4.690000057220459,646403,0.0,0.0
2021-05-31 00:00:00+03:00,4.659999847412109,4.769999980926514,4.659999847412109,4.730000019073486,733735,0.0,0.0
2021-06-01 00:00:00+03:00,4.690000057220459,4.739999771118164,4.559999942779541,4.599999904632568,620104,0.0,0.0
2021-06-02 00:00:00+03:00,4.579999923706055,4.659999847412109,4.429999828338623,4.489999771118164,552435,0.0,0.0
2021-06-03 00:00:00+03:00,4.539999961853027,4.650000095367432,4.480000019073486,4.53000020980835,333378,0.0,0.0
2021-06-04 00:00:00+03:00,4.5,4.559999942779541,4.429999828338623,4.46999979019165,266303,0.0,0.0
2021-06-07 00:00:00+03:00,4.46999979019165,4.559999942779541,4.400000095367432,4.420000076293945,371240,0.0,0.0
2021-06-08 00:00:00+03:00,4.420000076293945,4.440000057220459,4.21999979019165,4.309999942779541,917160,0.0,0.0
2021-06-09 00:00:00+03:00,4.320000171661377,4.389999866485596,4.25,4.300000190734863,414308,0.0,0.0
2021-06-10 00:00:00+03:00,4.289999961853027,4.320000171661377,4.150000095367432,4.179999828338623,645739,0.0,0.0
2021-06-11 00:00:00+03:00,4.179999828338623,4.230000019073486,4.110000133514404,4.179999828338623,695929,0.0,0.0
2021-06-14 00:00:00+03:00,4.190000057220459,4.590000152587891,4.190000057220459,4.550000190734863,3240201,0.0,0.0
2021-06-15 00:00:00+03:00,4.559999942779541,4.690000057220459,4.269999980926514,4.340000152587891,1558289,0.0,0.0
2021-06-16 00:00:00+03:00,4.340000152587891,4.349999904632568,4.230000019073486,4.28000020980835,510248,0.0,0.0
2021-06-17 00:00:00+03:00,4.239999771118164,4.480000019073486,4.210000038146973,4.300000190734863,1416561,0.0,0.0
2021-06-18 00:00:00+03:00,4.309999942779541,4.389999866485596,4.25,4.269999980926514,510465,0.0,0.0
2021-06-21 00:00:00+03:00,4.380000114440918,4.599999904632568,4.369999885559082,4.429999828338623,1658588,0.0,0.0
2021-06-22 00:00:00+03:00,4.480000019073486,4.53000020980835,4.260000228881836,4.300000190734863,1327847,0.0,0.0
2021-06-23 00:00:00+03:00,4.309999942779541,4.329999923706055,4.199999809265137,4.210000038146973,988319,0.0,0.0
2021-06-24 00:00:00+03:00,4.190000057220459,4.320000171661377,4.150000095367432,4.21999979019165,821474,0.0,0.0
2021-06-25 00:00:00+03:00,4.21999979019165,4.239999771118164,4.130000114440918,4.159999847412109,560381,0.0,0.0
2021-06-28 00:00:00+03:00,4.159999847412109,4.449999809265137,4.139999866485596,4.199999809265137,1062156,0.0,0.0
2021-06-29 00:00:00+03:00,4.199999809265137,4.25,4.079999923706055,4.110000133514404,826259,0.0,0.0
2021-06-30 00:00:00+03:00,4.119999885559082,4.21999979019165,4.090000152587891,4.119999885559082,724872,0.0,0.0
2021-07-01 00:00:00+03:00,4.190000057220459,4.190000057220459,4.079999923706055,4.130000114440918,421390,0.0,0.0
2021-07-02 00:00:00+03:00,4.159999847412109,4.159999847412109,4.059999942779541,4.099999904632568,288457,0.0,0.0
2021-07-05 00:00:00+03:00,4.099999904632568,4.230000019073486,4.079999923706055,4.159999847412109,544470,0.0,0.0
2021-07-06 00:00:00+03:00,4.150000095367432,4.190000057220459,4.079999923706055,4.099999904632568,851351,0.0,0.0
2021-07-07 00:00:00+03:00,4.099999904632568,4.110000133514404,4.070000171661377,4.099999904632568,468451,0.0,0.0
2021-07-08 00:00:00+03:00,4.079999923706055,4.099999904632568,4.0,4.0,574285,0.0,0.0
2021-07-09 00:00:00+03:00,4.03000020980835,4.150000095367432,4.019999980926514,4.050000190734863,696921,0.0,0.0
2021-07-12 00:00:00+03:00,4.059999942779541,4.110000133514404,3.9700000286102295,4.010000228881836,645498,0.0,0.0
2021-07-13 00:00:00+03:00,4.019999980926514,4.03000020980835,3.819999933242798,3.8499999046325684,700519,0.0,0.0
2021-07-14 00:00:00+03:00,3.9000000953674316,4.050000190734863,3.819999933242798,3.9200000762939453,669795,0.0,0.0
2021-07-16 00:00:00+03:00,3.9200000762939453,3.990000009536743,3.880000114440918,3.9000000953674316,208092,0.0,0.0
2021-07-19 00:00:00+03:00,3.9100000858306885,3.9600000381469727,3.880000114440918,3.9100000858306885,83386,0.0,0.0
2021-07-26 00:00:00+03:00,3.9100000858306885,3.9600000381469727,3.7799999713897705,3.809999942779541,975665,0.0,0.0
2021-07-27 00:00:00+03:00,3.7899999618530273,3.809999942779541,3.700000047683716,3.7300000190734863,836021,0.0,0.0
2021-07-28 00:00:00+03:00,3.7300000190734863,3.9600000381469727,3.7300000190734863,3.7699999809265137,1395610,0.0,0.0
2021-07-29 00:00:00+03:00,3.7799999713897705,4.0,3.75,3.9800000190734863,870196,0.0,0.0
2021-07-30 00:00:00+03:00,4.0,4.349999904632568,3.930000066757202,3.930000066757202,5638975,0.0,0.0
2021-08-02 00:00:00+03:00,3.9800000190734863,3.9800000190734863,3.799999952316284,3.8499999046325684,1917191,0.0,0.0
2021-08-03 00:00:00+03:00,3.8499999046325684,4.090000152587891,3.8399999141693115,4.010000228881836,2696602,0.0,0.0
2021-08-04 00:00:00+03:00,4.019999980926514,4.190000057220459,3.9600000381469727,3.990000009536743,2547066,0.0,0.0
2021-08-05 00:00:00+03:00,3.950000047683716,4.079999923706055,3.930000066757202,3.9800000190734863,967177,0.0,0.0
2021-08-06 00:00:00+03:00,3.990000009536743,4.170000076293945,3.9600000381469727,4.050000190734863,1678677,0.0,0.0
2021-08-09 00:00:00+03:00,4.050000190734863,4.119999885559082,4.0,4.039999961853027,1255320,0.0,0.0
2021-08-10 00:00:00+03:00,4.039999961853027,4.050000190734863,3.9800000190734863,4.010000228881836,935304,0.0,0.0
2021-08-11 00:00:00+03:00,4.019999980926514,4.03000020980835,3.700000047683716,3.819999933242798,2324027,0.0,0.0
2021-08-12 00:00:00+03:00,3.8499999046325684,4.0,3.759999990463257,3.809999942779541,1641001,0.0,0.0
2021-08-13 00:00:00+03:00,3.809999942779541,3.880000114440918,3.7899999618530273,3.799999952316284,732735,0.0,0.0
2021-08-16 00:00:00+03:00,3.8299999237060547,3.859999895095825,3.7899999618530273,3.799999952316284,564936,0.0,0.0
2021-08-17 00:00:00+03:00,3.809999942779541,3.880000114440918,3.7200000286102295,3.8499999046325684,525215,0.0,0.0
2021-08-18 00:00:00+03:00,3.8499999046325684,3.859999895095825,3.759999990463257,3.7899999618530273,752871,0.0,0.0
2021-08-19 00:00:00+03:00,3.7899999618530273,3.809999942779541,3.7200000286102295,3.740000009536743,541843,0.0,0.0
2021-08-20 00:00:00+03:00,3.740000009536743,3.809999942779541,3.559999942779541,3.630000114440918,1633265,0.0,0.0
2021-08-23 00:00:00+03:00,3.6500000953674316,3.7899999618530273,3.569999933242798,3.6700000762939453,2472720,0.0,0.0
2021-08-24 00:00:00+03:00,3.6700000762939453,3.740000009536743,3.6600000858306885,3.6700000762939453,2563727,0.0,0.0
2021-08-25 00:00:00+03:00,3.6500000953674316,3.7699999809265137,3.619999885559082,3.6500000953674316,3097516,0.0,0.0
2021-08-26 00:00:00+03:00,3.6700000762939453,3.680000066757202,3.5199999809265137,3.5399999618530273,1615021,0.0,0.0
2021-08-27 00:00:00+03:00,3.5399999618530273,3.559999942779541,3.390000104904175,3.5,974104,0.0,0.0
2021-08-31 00:00:00+03:00,3.5799999237060547,3.8499999046325684,3.509999990463257,3.8499999046325684,4332949,0.0,0.0
2021-09-01 00:00:00+03:00,3.8499999046325684,4.130000114440918,3.819999933242798,3.950000047683716,6646827,0.0,0.0
2021-09-02 00:00:00+03:00,3.9800000190734863,4.070000171661377,3.9000000953674316,3.9700000286102295,1940435,0.0,0.0
2021-09-03 00:00:00+03:00,4.0,4.130000114440918,3.9100000858306885,4.090000152587891,1599419,0.0,0.0
2021-09-06 00:00:00+03:00,4.139999866485596,4.449999809265137,4.119999885559082,4.199999809265137,4409230,0.0,0.0
2021-09-07 00:00:00+03:00,4.210000038146973,4.559999942779541,4.070000171661377,4.400000095367432,4519150,0.0,0.0
2021-09-08 00:00:00+03:00,4.420000076293945,4.559999942779541,4.269999980926514,4.309999942779541,6633884,0.0,0.0
2021-09-09 00:00:00+03:00,4.309999942779541,4.46999979019165,4.260000228881836,4.349999904632568,1532281,0.0,0.0
2021-09-10 00:00:00+03:00,4.389999866485596,4.449999809265137,4.320000171661377,4.380000114440918,4790265,0.0,0.0
2021-09-13 00:00:00+03:00,4.360000133514404,4.519999980926514,4.050000190734863,4.139999866485596,3606410,0.0,0.0
2021-09-14 00:00:00+03:00,4.170000076293945,4.320000171661377,4.139999866485596,4.139999866485596,1755731,0.0,0.0
2021-09-15 00:00:00+03:00,4.150000095367432,4.159999847412109,3.950000047683716,4.0,1398540,0.0,0.0
2021-09-16 00:00:00+03:00,4.010000228881836,4.159999847412109,3.9700000286102295,4.010000228881836,1405376,0.0,0.0
2021-09-17 00:00:00+03:00,4.019999980926514,4.039999961853027,3.9000000953674316,3.9100000858306885,540404,0.0,0.0
2021-09-20 00:00:00+03:00,3.869999885559082,4.090000152587891,3.7200000286102295,3.940000057220459,1427243,0.0,0.0
2021-09-21 00:00:00+03:00,4.0,4.010000228881836,3.799999952316284,3.869999885559082,645897,0.0,0.0
2021-09-22 00:00:00+03:00,3.9000000953674316,3.9800000190734863,3.869999885559082,3.9200000762939453,340187,0.0,0.0
2021-09-23 00:00:00+03:00,3.9200000762939453,3.9700000286102295,3.869999885559082,3.9100000858306885,297437,0.0,0.0
2021-09-24 00:00:00+03:00,3.9000000953674316,3.9200000762939453,3.8299999237060547,3.9200000762939453,283156,0.0,0.0
2021-09-27 00:00:00+03:00,3.930000066757202,3.9600000381469727,3.8499999046325684,3.880000114440918,784857,0.0,0.0
2021-09-28 00:00:00+03:00,3.880000114440918,3.9100000858306885,3.7300000190734863,3.809999942779541,647302,0.0,0.0
2021-09-29 00:00:00+03:00,3.819999933242798,3.8499999046325684,3.740000009536743,3.819999933242798,406878,0.0,0.0
2021-09-30 00:00:00+03:00,3.799999952316284,3.819999933242798,3.75,3.799999952316284,263683,0.0,0.0
2021-10-01 00:00:00+03:00,3.7799999713897705,3.9000000953674316,3.759999990463257,3.809999942779541,146411,0.0,0.0
2021-10-04 00:00:00+03:00,3.809999942779541,3.809999942779541,3.700000047683716,3.7200000286102295,222874,0.0,0.0
2021-10-05 00:00:00+03:00,3.7200000286102295,3.740000009536743,3.680000066757202,3.700000047683716,116046,0.0,0.0
2021-10-06 00:00:00+03:00,3.690000057220459,3.75,3.609999895095825,3.680000066757202,170296,0.0,0.0
2021-10-07 00:00:00+03:00,3.819999933242798,3.8299999237060547,3.5899999141693115,3.7699999809265137,318801,0.0,0.0
2021-10-08 00:00:00+03:00,3.740000009536743,3.7799999713897705,3.680000066757202,3.75,190504,0.0,0.0
2021-10-11 00:00:00+03:00,3.740000009536743,4.0,3.7300000190734863,3.950000047683716,653505,0.0,0.0
2021-10-12 00:00:00+03:00,3.940000057220459,4.159999847412109,3.799999952316284,4.059999942779541,614702,0.0,0.0
2021-10-13 00:00:00+03:00,4.050000190734863,4.199999809265137,3.9700000286102295,3.9800000190734863,566042,0.0,0.0
2021-10-14 00:00:00+03:00,3.950000047683716,4.0,3.7699999809265137,3.809999942779541,374490,0.0,0.0
2021-10-15 00:00:00+03:00,3.7799999713897705,3.9000000953674316,3.7300000190734863,3.799999952316284,111090,0.0,0.0
2021-10-18 00:00:00+03:00,3.799999952316284,3.799999952316284,3.700000047683716,3.759999990463257,278198,0.0,0.0
2021-10-19 00:00:00+03:00,3.759999990463257,3.890000104904175,3.7200000286102295,3.890000104904175,243684,0.0,0.0
2021-10-20 00:00:00+03:00,3.859999895095825,3.9600000381469727,3.819999933242798,3.9000000953674316,342578,0.0,0.0
2021-10-21 00:00:00+03:00,4.150000095367432,4.28000020980835,3.990000009536743,4.150000095367432,1059507,0.0,0.0
2021-10-22 00:00:00+03:00,4.150000095367432,4.150000095367432,3.930000066757202,4.070000171661377,517983,0.0,0.0
2021-10-25 00:00:00+03:00,3.990000009536743,4.070000171661377,3.950000047683716,3.9700000286102295,288725,0.0,0.0
2021-10-26 00:00:00+03:00,3.950000047683716,4.039999961853027,3.880000114440918,3.9100000858306885,279902,0.0,0.0
2021-10-27 00:00:00+03:00,3.940000057220459,3.990000009536743,3.859999895095825,3.940000057220459,307074,0.0,0.0
2021-10-28 00:00:00+03:00,3.940000057220459,3.9600000381469727,3.819999933242798,3.869999885559082,97170,0.0,0.0
2021-11-01 00:00:00+03:00,3.869999885559082,4.099999904632568,3.859999895095825,4.0,499331,0.0,0.0
2021-11-02 00:00:00+03:00,4.0,4.050000190734863,3.8499999046325684,3.950000047683716,301886,0.0,0.0
2021-11-03 00:00:00+03:00,3.950000047683716,3.950000047683716,3.7699999809265137,3.8399999141693115,269732,0.0,0.0
2021-11-04 00:00:00+03:00,3.8399999141693115,3.880000114440918,3.7799999713897705,3.8499999046325684,286268,0.0,0.0
2021-11-05 00:00:00+03:00,3.8399999141693115,3.9600000381469727,3.7899999618530273,3.880000114440918,196712,0.0,0.0
2021-11-08 00:00:00+03:00,3.880000114440918,3.9100000858306885,3.75,3.8299999237060547,304116,0.0,0.0
2021-11-09 00:00:00+03:00,3.7899999618530273,3.869999885559082,3.690000057220459,3.7899999618530273,355644,0.0,0.0
2021-11-10 00:00:00+03:00,3.700000047683716,3.75,3.559999942779541,3.680000066757202,209825,0.0,0.0
2021-11-11 00:00:00+03:00,3.6600000858306885,3.6700000762939453,3.5899999141693115,3.640000104904175,285656,0.0,0.0
2021-11-12 00:00:00+03:00,3.619999885559082,3.7699999809265137,3.5999999046325684,3.7100000381469727,204591,0.0,0.0
2021-11-15 00:00:00+03:00,3.7300000190734863,3.7300000190734863,3.609999895095825,3.6500000953674316,325355,0.0,0.0
2021-11-16 00:00:00+03:00,3.640000104904175,3.6700000762939453,3.549999952316284,3.5799999237060547,364449,0.0,0.0
2021-11-17 00:00:00+03:00,3.569999933242798,3.7200000286102295,3.5,3.7200000286102295,427143,0.0,0.0
2021-11-18 00:00:00+03:00,4.090000152587891,4.090000152587891,3.809999942779541,3.9200000762939453,1355249,0.0,0.0
2021-11-19 00:00:00+03:00,3.809999942779541,3.880000114440918,3.7300000190734863,3.7799999713897705,501278,0.0,0.0
2021-11-22 00:00:00+03:00,3.7699999809265137,3.7799999713897705,3.6500000953674316,3.690000057220459,477612,0.0,0.0
2021-11-23 00:00:00+03:00,3.740000009536743,3.759999990463257,3.559999942779541,3.5899999141693115,591089,0.0,0.0
2021-11-24 00:00:00+03:00,3.5799999237060547,3.690000057220459,3.559999942779541,3.5899999141693115,370135,0.0,0.0
2021-11-25 00:00:00+03:00,3.5899999141693115,3.680000066757202,3.559999942779541,3.619999885559082,299396,0.0,0.0
2021-11-26 00:00:00+03:00,3.609999895095825,3.609999895095825,3.4800000190734863,3.569999933242798,485925,0.0,0.0
2021-11-29 00:00:00+03:00,3.5399999618530273,3.569999933242798,3.5,3.5399999618530273,354366,0.0,0.0
2021-11-30 00:00:00+03:00,3.5199999809265137,3.5399999618530273,3.4800000190734863,3.490000009536743,408167,0.0,0.0
2021-12-01 00:00:00+03:00,3.4800000190734863,3.6500000953674316,3.4800000190734863,3.609999895095825,419280,0.0,0.0
2021-12-02 00:00:00+03:00,3.5999999046325684,3.6500000953674316,3.559999942779541,3.609999895095825,286353,0.0,0.0
2021-12-03 00:00:00+03:00,3.609999895095825,3.7300000190734863,3.5999999046325684,3.6700000762939453,385709,0.0,0.0
2021-12-06 00:00:00+03:00,3.6700000762939453,3.7100000381469727,3.609999895095825,3.630000114440918,331139,0.0,0.0
2021-12-07 00:00:00+03:00,3.619999885559082,3.690000057220459,3.609999895095825,3.6500000953674316,234663,0.0,0.0
2021-12-08 00:00:00+03:00,3.6500000953674316,3.680000066757202,3.619999885559082,3.640000104904175,395767,0.0,0.0
2021-12-09 00:00:00+03:00,3.6500000953674316,3.6600000858306885,3.569999933242798,3.5999999046325684,423096,0.0,0.0
2021-12-10 00:00:00+03:00,3.5899999141693115,3.7100000381469727,3.549999952316284,3.700000047683716,478831,0.0,0.0
2021-12-13 00:00:00+03:00,3.740000009536743,3.7899999618530273,3.640000104904175,3.6700000762939453,600124,0.0,0.0
2021-12-14 00:00:00+03:00,3.640000104904175,3.7699999809265137,3.609999895095825,3.6700000762939453,415671,0.0,0.0
2021-12-15 00:00:00+03:00,3.690000057220459,3.740000009536743,3.549999952316284,3.559999942779541,329576,0.0,0.0
2021-12-16 00:00:00+03:00,3.559999942779541,3.609999895095825,3.390000104904175,3.609999895095825,443477,0.0,0.0
2021-12-17 00:00:00+03:00,3.700000047683716,3.7100000381469727,3.25,3.380000114440918,666243,0.0,0.0
2021-12-20 00:00:00+03:00,3.5,3.549999952316284,3.1700000762939453,3.259999990463257,554177,0.0,0.0
2021-12-21 00:00:00+03:00,3.4000000953674316,3.4800000190734863,3.240000009536743,3.380000114440918,149284,0.0,0.0
2021-12-22 00:00:00+03:00,3.380000114440918,3.430000066757202,3.259999990463257,3.369999885559082,161912,0.0,0.0
2021-12-23 00:00:00+03:00,3.3499999046325684,3.4000000953674316,3.309999942779541,3.359999895095825,114385,0.0,0.0
2021-12-24 00:00:00+03:00,3.3399999141693115,3.4000000953674316,3.3299999237060547,3.359999895095825,95839,0.0,0.0
2021-12-27 00:00:00+03:00,3.3499999046325684,3.4100000858306885,3.2799999713897705,3.3399999141693115,166038,0.0,0.0
2021-12-28 00:00:00+03:00,3.3399999141693115,3.3399999141693115,3.2300000190734863,3.25,210427,0.0,0.0
2021-12-29 00:00:00+03:00,3.240000009536743,3.2699999809265137,3.1500000953674316,3.200000047683716,163462,0.0,0.0
2021-12-30 00:00:00+03:00,3.240000009536743,3.240000009536743,3.0899999141693115,3.130000114440918,212737,0.0,0.0
2021-12-31 00:00:00+03:00,3.1500000953674316,3.1600000858306885,3.0,3.0999999046325684,308536,0.0,0.0
2022-01-03 00:00:00+03:00,3.0999999046325684,3.259999990463257,3.0999999046325684,3.240000009536743,239790,0.0,0.0
2022-01-04 00:00:00+03:00,3.25,3.25,3.119999885559082,3.1700000762939453,174564,0.0,0.0
2022-01-05 00:00:00+03:00,3.140000104904175,3.180000066757202,3.0999999046325684,3.119999885559082,316320,0.0,0.0
2022-01-06 00:00:00+03:00,3.119999885559082,3.2100000381469727,3.0999999046325684,3.130000114440918,276413,0.0,0.0
2022-01-07 00:00:00+03:00,3.140000104904175,3.1600000858306885,3.049999952316284,3.0999999046325684,299202,0.0,0.0
2022-01-10 00:00:00+03:00,3.0999999046325684,3.119999885559082,3.0299999713897705,3.0999999046325684,233064,0.0,0.0
2022-01-11 00:00:00+03:00,3.119999885559082,3.119999885559082,3.0,3.0799999237060547,290576,0.0,0.0
2022-01-12 00:00:00+03:00,3.0799999237060547,3.0899999141693115,3.0,3.049999952316284,449220,0.0,0.0
2022-01-13 00:00:00+03:00,3.049999952316284,3.3499999046325684,3.0299999713897705,3.3499999046325684,1146831,0.0,0.0
2022-01-14 00:00:00+03:00,3.2699999809265137,3.299999952316284,3.1500000953674316,3.200000047683716,638415,0.0,0.0
2022-01-17 00:00:00+03:00,3.200000047683716,3.2799999713897705,3.109999895095825,3.1500000953674316,458064,0.0,0.0
2022-01-18 00:00:00+03:00,3.1600000858306885,3.190000057220459,3.130000114440918,3.140000104904175,281495,0.0,0.0
2022-01-19 00:00:00+03:00,3.0799999237060547,3.190000057220459,3.0299999713897705,3.140000104904175,268018,0.0,0.0
2022-01-20 00:00:00+03:00,3.1500000953674316,3.1700000762939453,3.0999999046325684,3.119999885559082,151018,0.0,0.0
2022-01-21 00:00:00+03:00,3.1500000953674316,3.2100000381469727,3.0999999046325684,3.1600000858306885,224449,0.0,0.0
2022-01-24 00:00:00+03:00,3.200000047683716,3.200000047683716,3.0399999618530273,3.0899999141693115,256047,0.0,0.0
2022-01-25 00:00:00+03:00,3.0799999237060547,3.180000066757202,3.0799999237060547,3.140000104904175,294123,0.0,0.0
2022-01-26 00:00:00+03:00,3.140000104904175,3.1500000953674316,3.0899999141693115,3.0999999046325684,303888,0.0,0.0
2022-01-27 00:00:00+03:00,3.0799999237060547,3.140000104904175,3.059999942779541,3.109999895095825,193039,0.0,0.0
2022-01-28 00:00:00+03:00,3.0999999046325684,3.1700000762939453,3.0899999141693115,3.109999895095825,219699,0.0,0.0
2022-01-31 00:00:00+03:00,3.109999895095825,3.1600000858306885,3.0799999237060547,3.0799999237060547,226840,0.0,0.0
2022-02-01 00:00:00+03:00,3.0999999046325684,3.130000114440918,3.0899999141693115,3.0999999046325684,216104,0.0,0.0
2022-02-02 00:00:00+03:00,3.140000104904175,3.1500000953674316,3.049999952316284,3.0999999046325684,363057,0.0,0.0
2022-02-03 00:00:00+03:00,3.069999933242798,3.0999999046325684,3.049999952316284,3.0999999046325684,161216,0.0,0.0
2022-02-04 00:00:00+03:00,3.0899999141693115,3.0899999141693115,2.940000057220459,3.069999933242798,322899,0.0,0.0
2022-02-07 00:00:00+03:00,3.0199999809265137,3.0899999141693115,3.009999990463257,3.049999952316284,233616,0.0,0.0
2022-02-08 00:00:00+03:00,3.200000047683716,3.3499999046325684,3.200000047683716,3.3499999046325684,1140852,0.0,0.0
2022-02-09 00:00:00+03:00,3.549999952316284,3.6700000762939453,3.25,3.5899999141693115,1975955,0.0,0.0
2022-02-10 00:00:00+03:00,3.509999990463257,3.5899999141693115,3.299999952316284,3.4000000953674316,1013070,0.0,0.0
2022-02-11 00:00:00+03:00,3.3299999237060547,3.3499999046325684,3.25,3.25,571966,0.0,0.0
2022-02-14 00:00:00+03:00,3.2200000286102295,3.2200000286102295,3.0999999046325684,3.1500000953674316,625987,0.0,0.0
2022-02-15 00:00:00+03:00,3.1600000858306885,3.4600000381469727,3.1500000953674316,3.4100000858306885,963887,0.0,0.0
2022-02-16 00:00:00+03:00,3.4100000858306885,3.619999885559082,3.3299999237060547,3.4700000286102295,665155,0.0,0.0
2022-02-17 00:00:00+03:00,3.4800000190734863,3.5799999237060547,3.319999933242798,3.369999885559082,478087,0.0,0.0
2022-02-18 00:00:00+03:00,3.390000104904175,3.5199999809265137,3.359999895095825,3.4100000858306885,486584,0.0,0.0
2022-02-21 00:00:00+03:00,3.4200000762939453,3.549999952316284,3.309999942779541,3.4100000858306885,405535,0.0,0.0
2022-02-22 00:00:00+03:00,3.309999942779541,3.3299999237060547,3.1500000953674316,3.2699999809265137,385250,0.0,0.0
2022-02-23 00:00:00+03:00,3.2699999809265137,3.3299999237060547,3.200000047683716,3.200000047683716,348259,0.0,0.0
2022-02-24 00:00:00+03:00,2.9200000762939453,3.0799999237060547,2.880000114440918,2.880000114440918,376476,0.0,0.0
2022-02-25 00:00:00+03:00,2.759999990463257,3.119999885559082,2.759999990463257,3.0799999237060547,336556,0.0,0.0
2022-02-28 00:00:00+03:00,2.9700000286102295,3.059999942779541,2.940000057220459,2.950000047683716,414631,0.0,0.0
2022-03-01 00:00:00+03:00,2.9800000190734863,3.0899999141693115,2.8499999046325684,2.990000009536743,499585,0.0,0.0
2022-03-02 00:00:00+03:00,2.9100000858306885,2.9700000286102295,2.8499999046325684,2.930000066757202,326786,0.0,0.0
2022-03-03 00:00:00+03:00,2.930000066757202,3.0299999713897705,2.9100000858306885,2.990000009536743,429852,0.0,0.0
2022-03-04 00:00:00+03:00,2.9600000381469727,3.0199999809265137,2.9000000953674316,2.9600000381469727,200913,0.0,0.0
2022-03-07 00:00:00+03:00,2.9200000762939453,2.9800000190734863,2.859999895095825,2.9100000858306885,296130,0.0,0.0
2022-03-08 00:00:00+03:00,2.9000000953674316,2.9600000381469727,2.8499999046325684,2.950000047683716,268419,0.0,0.0
2022-03-09 00:00:00+03:00,2.9200000762939453,2.990000009536743,2.9200000762939453,2.950000047683716,148141,0.0,0.0
2022-03-10 00:00:00+03:00,2.9700000286102295,2.9700000286102295,2.9000000953674316,2.940000057220459,131762,0.0,0.0
2022-03-11 00:00:00+03:00,2.930000066757202,3.009999990463257,2.9100000858306885,3.009999990463257,230288,0.0,0.0
2022-03-14 00:00:00+03:00,2.9000000953674316,3.0999999046325684,2.9000000953674316,3.0799999237060547,237775,0.0,0.0
2022-03-15 00:00:00+03:00,3.049999952316284,3.0799999237060547,3.0,3.049999952316284,169160,0.0,0.0
2022-03-16 00:00:00+03:00,3.0199999809265137,3.059999942779541,2.990000009536743,3.0199999809265137,207507,0.0,0.0
2022-03-17 00:00:00+03:00,3.0199999809265137,3.0299999713897705,2.9600000381469727,2.9800000190734863,312007,0.0,0.0
2022-03-18 00:00:00+03:00,2.9600000381469727,3.0299999713897705,2.9100000858306885,3.0199999809265137,199387,0.0,0.0
2022-03-21 00:00:00+03:00,3.0199999809265137,3.319999933242798,3.009999990463257,3.2200000286102295,859051,0.0,0.0
2022-03-22 00:00:00+03:00,3.190000057220459,3.299999952316284,3.0999999046325684,3.180000066757202,459565,0.0,0.0
2022-03-23 00:00:00+03:00,3.1700000762939453,3.1700000762939453,3.069999933242798,3.140000104904175,485746,0.0,0.0
2022-03-24 00:00:00+03:00,3.109999895095825,3.140000104904175,3.049999952316284,3.0799999237060547,285715,0.0,0.0
2022-03-25 00:00:00+03:00,3.0799999237060547,3.1500000953674316,3.049999952316284,3.109999895095825,284518,0.0,0.0
2022-03-28 00:00:00+03:00,3.109999895095825,3.1600000858306885,3.0999999046325684,3.0999999046325684,226172,0.0,0.0
2022-03-29 00:00:00+03:00,3.109999895095825,3.1700000762939453,3.0899999141693115,3.1500000953674316,249275,0.0,0.0
2022-03-30 00:00:00+03:00,3.190000057220459,3.200000047683716,3.0899999141693115,3.0999999046325684,269144,0.0,0.0
2022-03-31 00:00:00+03:00,3.0999999046325684,3.130000114440918,3.069999933242798,3.0899999141693115,218594,0.0,0.0
2022-04-01 00:00:00+03:00,3.049999952316284,3.200000047683716,3.049999952316284,3.0999999046325684,304796,0.0,0.0
2022-04-04 00:00:00+03:00,3.0999999046325684,3.140000104904175,3.069999933242798,3.0999999046325684,226367,0.0,0.0
2022-04-05 00:00:00+03:00,3.0999999046325684,3.119999885559082,3.069999933242798,3.0999999046325684,261953,0.0,0.0
2022-04-06 00:00:00+03:00,3.059999942779541,3.0999999046325684,3.049999952316284,3.069999933242798,161058,0.0,0.0
2022-04-07 00:00:00+03:00,3.059999942779541,3.109999895095825,3.049999952316284,3.0799999237060547,157894,0.0,0.0
2022-04-08 00:00:00+03:00,3.0799999237060547,3.119999885559082,3.069999933242798,3.0999999046325684,207432,0.0,0.0
2022-04-11 00:00:00+03:00,3.0999999046325684,3.299999952316284,3.049999952316284,3.200000047683716,816430,0.0,0.0
2022-04-12 00:00:00+03:00,3.200000047683716,3.2100000381469727,3.0999999046325684,3.1700000762939453,309474,0.0,0.0
2022-04-13 00:00:00+03:00,3.1600000858306885,3.4000000953674316,3.1600000858306885,3.3499999046325684,1111683,0.0,0.0
2022-04-14 00:00:00+03:00,3.359999895095825,3.5,3.359999895095825,3.430000066757202,675404,0.0,0.0
2022-04-15 00:00:00+03:00,3.430000066757202,3.4800000190734863,3.309999942779541,3.4200000762939453,486535,0.0,0.0
2022-04-18 00:00:00+03:00,3.4100000858306885,3.4700000286102295,3.240000009536743,3.2699999809265137,543527,0.0,0.0
2022-04-19 00:00:00+03:00,3.309999942779541,3.3299999237060547,3.1700000762939453,3.200000047683716,517032,0.0,0.0
2022-04-20 00:00:00+03:00,3.190000057220459,3.359999895095825,3.1700000762939453,3.2699999809265137,390317,0.0,0.0
2022-04-21 00:00:00+03:00,3.2699999809265137,3.380000114440918,3.259999990463257,3.309999942779541,413910,0.0,0.0
2022-04-22 00:00:00+03:00,3.309999942779541,3.309999942779541,3.2100000381469727,3.2300000190734863,246405,0.0,0.0
2022-04-25 00:00:00+03:00,3.2300000190734863,3.25,3.1500000953674316,3.200000047683716,165749,0.0,0.0
2022-04-26 00:00:00+03:00,3.190000057220459,3.299999952316284,3.0999999046325684,3.1700000762939453,350692,0.0,0.0
2022-04-27 00:00:00+03:00,3.1600000858306885,3.1600000858306885,3.0799999237060547,3.1600000858306885,276145,0.0,0.0
2022-04-28 00:00:00+03:00,3.140000104904175,3.25,3.130000114440918,3.180000066757202,136054,0.0,0.0
2022-04-29 00:00:00+03:00,3.119999885559082,3.190000057220459,3.0799999237060547,3.180000066757202,348860,0.0,0.0
2022-05-05 00:00:00+03:00,3.1600000858306885,3.2200000286102295,3.1500000953674316,3.180000066757202,381648,0.0,0.0
2022-05-06 00:00:00+03:00,3.1700000762939453,3.180000066757202,3.109999895095825,3.140000104904175,267714,0.0,0.0
2022-05-09 00:00:00+03:00,3.140000104904175,3.1700000762939453,3.109999895095825,3.130000114440918,252755,0.0,0.0
2022-05-10 00:00:00+03:00,3.130000114440918,3.1500000953674316,3.119999885559082,3.1500000953674316,50581,0.0,0.0
2022-05-11 00:00:00+03:00,3.200000047683716,3.2699999809265137,3.119999885559082,3.190000057220459,468285,0.0,0.0
2022-05-12 00:00:00+03:00,3.200000047683716,3.2100000381469727,3.069999933242798,3.119999885559082,280146,0.0,0.0
2022-05-13 00:00:00+03:00,3.119999885559082,3.190000057220459,3.0899999141693115,3.119999885559082,328765,0.0,0.0
2022-05-16 00:00:00+03:00,3.130000114440918,3.1700000762939453,3.109999895095825,3.109999895095825,204805,0.0,0.0
2022-05-17 00:00:00+03:00,3.109999895095825,3.140000104904175,3.0799999237060547,3.0899999141693115,218863,0.0,0.0
2022-05-18 00:00:00+03:00,3.0999999046325684,3.119999885559082,3.069999933242798,3.0899999141693115,168747,0.0,0.0
2022-05-20 00:00:00+03:00,3.0899999141693115,3.119999885559082,3.0299999713897705,3.0899999141693115,108182,0.0,0.0
2022-05-23 00:00:00+03:00,3.0899999141693115,3.0999999046325684,3.059999942779541,3.069999933242798,133700,0.0,0.0
2022-05-24 00:00:00+03:00,3.119999885559082,3.130000114440918,3.059999942779541,3.0799999237060547,190862,0.0,0.0
2022-05-25 00:00:00+03:00,3.0999999046325684,3.140000104904175,3.069999933242798,3.0999999046325684,289003,0.0,0.0
2022-05-26 00:00:00+03:00,3.0999999046325684,3.109999895095825,3.0799999237060547,3.0899999141693115,99436,0.0,0.0
2022-05-27 00:00:00+03:00,3.0899999141693115,3.119999885559082,3.069999933242798,3.0999999046325684,160965,0.0,0.0
2022-05-30 00:00:00+03:00,3.0999999046325684,3.140000104904175,3.059999942779541,3.0999999046325684,428581,0.0,0.0
2022-05-31 00:00:00+03:00,3.0799999237060547,3.130000114440918,3.059999942779541,3.0899999141693115,286812,0.0,0.0
2022-06-01 00:00:00+03:00,3.0799999237060547,3.109999895095825,3.069999933242798,3.0899999141693115,191201,0.0,0.0
2022-06-02 00:00:00+03:00,3.0899999141693115,3.0999999046325684,3.0299999713897705,3.069999933242798,241436,0.0,0.0
2022-06-03 00:00:00+03:00,3.0299999713897705,3.0999999046325684,3.0299999713897705,3.0799999237060547,244251,0.0,0.0
2022-06-06 00:00:00+03:00,3.049999952316284,3.0999999046325684,3.009999990463257,3.059999942779541,277300,0.0,0.0
2022-06-07 00:00:00+03:00,3.069999933242798,3.109999895095825,3.009999990463257,3.049999952316284,369235,0.0,0.0
2022-06-08 00:00:00+03:00,3.049999952316284,3.069999933242798,2.930000066757202,2.9600000381469727,311108,0.0,0.0
2022-06-09 00:00:00+03:00,2.890000104904175,3.0,2.859999895095825,2.9000000953674316,386272,0.0,0.0
2022-06-10 00:00:00+03:00,2.9000000953674316,2.940000057220459,2.859999895095825,2.9000000953674316,171846,0.0,0.0
2022-06-13 00:00:00+03:00,2.9000000953674316,2.9200000762939453,2.799999952316284,2.8399999141693115,342470,0.0,0.0
2022-06-14 00:00:00+03:00,2.8399999141693115,2.859999895095825,2.7899999618530273,2.8399999141693115,172482,0.0,0.0
2022-06-15 00:00:00+03:00,2.8299999237060547,3.119999885559082,2.819999933242798,3.0999999046325684,1006168,0.0,0.0
2022-06-16 00:00:00+03:00,3.069999933242798,3.069999933242798,2.950000047683716,2.9600000381469727,629214,0.0,0.0
2022-06-17 00:00:00+03:00,2.9600000381469727,3.0,2.880000114440918,2.990000009536743,166979,0.0,0.0
2022-06-20 00:00:00+03:00,2.9000000953674316,3.049999952316284,2.890000104904175,2.990000009536743,215519,0.0,0.0
2022-06-21 00:00:00+03:00,2.990000009536743,3.009999990463257,2.859999895095825,2.9600000381469727,202367,0.0,0.0
2022-06-22 00:00:00+03:00,2.950000047683716,2.9600000381469727,2.890000104904175,2.940000057220459,155647,0.0,0.0
2022-06-23 00:00:00+03:00,2.940000057220459,2.9700000286102295,2.9100000858306885,2.9200000762939453,100321,0.0,0.0
2022-06-24 00:00:00+03:00,2.930000066757202,3.0,2.930000066757202,2.940000057220459,217304,0.0,0.0
2022-06-27 00:00:00+03:00,2.9000000953674316,2.940000057220459,2.880000114440918,2.890000104904175,232137,0.0,0.0
2022-06-28 00:00:00+03:00,2.9000000953674316,2.930000066757202,2.880000114440918,2.9000000953674316,252996,0.0,0.0
2022-06-29 00:00:00+03:00,2.890000104904175,2.9200000762939453,2.8499999046325684,2.869999885559082,137739,0.0,0.0
2022-06-30 00:00:00+03:00,2.869999885559082,2.9100000858306885,2.7899999618530273,2.8299999237060547,193469,0.0,0.0
2022-07-01 00:00:00+03:00,2.819999933242798,2.9000000953674316,2.799999952316284,2.869999885559082,109331,0.0,0.0
2022-07-04 00:00:00+03:00,2.9000000953674316,2.9000000953674316,2.809999942779541,2.819999933242798,91298,0.0,0.0
2022-07-05 00:00:00+03:00,2.819999933242798,2.8399999141693115,2.759999990463257,2.759999990463257,107417,0.0,0.0
2022-07-06 00:00:00+03:00,2.7799999713897705,2.809999942779541,2.759999990463257,2.809999942779541,78728,0.0,0.0
2022-07-07 00:00:00+03:00,2.799999952316284,2.8299999237060547,2.7799999713897705,2.809999942779541,92667,0.0,0.0
2022-07-08 00:00:00+03:00,2.819999933242798,2.940000057220459,2.809999942779541,2.930000066757202,82750,0.0,0.0
2022-07-13 00:00:00+03:00,2.9200000762939453,2.9200000762939453,2.8499999046325684,2.9100000858306885,124589,0.0,0.0
2022-07-14 00:00:00+03:00,2.9000000953674316,2.940000057220459,2.8399999141693115,2.8499999046325684,141495,0.0,0.0
2022-07-18 00:00:00+03:00,2.869999885559082,2.950000047683716,2.8499999046325684,2.9100000858306885,156551,0.0,0.0
2022-07-19 00:00:00+03:00,2.9200000762939453,2.9200000762939453,2.819999933242798,2.9000000953674316,278602,0.0,0.0
2022-07-20 00:00:00+03:00,2.9000000953674316,2.9000000953674316,2.859999895095825,2.890000104904175,164176,0.0,0.0
2022-07-21 00:00:00+03:00,2.890000104904175,2.9200000762939453,2.8499999046325684,2.869999885559082,328805,0.0,0.0
2022-07-22 00:00:00+03:00,2.890000104904175,2.930000066757202,2.869999885559082,2.9000000953674316,248432,0.0,0.0
2022-07-25 00:00:00+03:00,2.890000104904175,2.940000057220459,2.8399999141693115,2.9000000953674316,236514,0.0,0.0
2022-07-26 00:00:00+03:00,2.890000104904175,2.9200000762939453,2.859999895095825,2.880000114440918,367745,0.0,0.0
2022-07-27 00:00:00+03:00,2.859999895095825,3.1500000953674316,2.8499999046325684,3.140000104904175,1597984,0.0,0.0
2022-07-28 00:00:00+03:00,3.1500000953674316,3.4000000953674316,3.130000114440918,3.2799999713897705,1730658,0.0,0.0
2022-07-29 00:00:00+03:00,3.3499999046325684,3.4000000953674316,3.190000057220459,3.3499999046325684,956230,0.0,0.0
2022-08-01 00:00:00+03:00,3.390000104904175,3.5199999809265137,3.380000114440918,3.440000057220459,814842,0.0,0.0
2022-08-02 00:00:00+03:00,3.5399999618530273,3.549999952316284,3.2799999713897705,3.390000104904175,593596,0.0,0.0
2022-08-03 00:00:00+03:00,3.390000104904175,3.5,3.319999933242798,3.490000009536743,431720,0.0,0.0
2022-08-04 00:00:00+03:00,3.4700000286102295,3.640000104904175,3.430000066757202,3.4800000190734863,482395,0.0,0.0
2022-08-05 00:00:00+03:00,3.4800000190734863,3.4800000190734863,3.4000000953674316,3.4200000762939453,272773,0.0,0.0
2022-08-08 00:00:00+03:00,3.4200000762939453,3.450000047683716,3.2699999809265137,3.359999895095825,308244,0.0,0.0
2022-08-09 00:00:00+03:00,3.2899999618530273,3.299999952316284,3.1500000953674316,3.2200000286102295,590128,0.0,0.0
2022-08-10 00:00:00+03:00,3.2200000286102295,3.2200000286102295,3.059999942779541,3.190000057220459,594563,0.0,0.0
2022-08-11 00:00:00+03:00,3.1700000762939453,3.180000066757202,3.0899999141693115,3.140000104904175,292895,0.0,0.0
2022-08-12 00:00:00+03:00,3.140000104904175,3.1500000953674316,3.069999933242798,3.109999895095825,271537,0.0,0.0
2022-08-15 00:00:00+03:00,3.0899999141693115,3.1500000953674316,3.009999990463257,3.0999999046325684,430618,0.0,0.0
2022-08-16 00:00:00+03:00,3.0899999141693115,3.3399999141693115,3.059999942779541,3.3399999141693115,947139,0.0,0.0
2022-08-17 00:00:00+03:00,3.3499999046325684,3.4600000381469727,3.190000057220459,3.450000047683716,1027930,0.0,0.0
2022-08-18 00:00:00+03:00,3.369999885559082,3.5299999713897705,3.369999885559082,3.5,994097,0.0,0.0
2022-08-19 00:00:00+03:00,3.509999990463257,3.7899999618530273,3.4700000286102295,3.680000066757202,1595793,0.0,0.0
2022-08-22 00:00:00+03:00,3.7300000190734863,4.039999961853027,3.7300000190734863,4.0,1451946,0.0,0.0
2022-08-23 00:00:00+03:00,4.0,4.25,3.799999952316284,4.099999904632568,989207,0.0,0.0
2022-08-24 00:00:00+03:00,4.099999904632568,4.110000133514404,3.880000114440918,3.880000114440918,1027993,0.0,0.0
2022-08-25 00:00:00+03:00,3.880000114440918,4.25,3.8499999046325684,4.190000057220459,1414885,0.0,0.0
2022-08-26 00:00:00+03:00,4.150000095367432,4.489999771118164,4.03000020980835,4.329999923706055,868664,0.0,0.0
2022-08-29 00:00:00+03:00,4.340000152587891,4.460000038146973,4.130000114440918,4.349999904632568,735684,0.0,0.0
2022-08-31 00:00:00+03:00,4.349999904632568,4.440000057220459,4.260000228881836,4.360000133514404,548984,0.0,0.0
2022-09-01 00:00:00+03:00,4.329999923706055,4.429999828338623,4.21999979019165,4.369999885559082,719910,0.0,0.0
2022-09-02 00:00:00+03:00,4.440000057220459,4.440000057220459,4.309999942779541,4.389999866485596,513752,0.0,0.0
2022-09-05 00:00:00+03:00,4.460000038146973,4.460000038146973,4.260000228881836,4.309999942779541,519649,0.0,0.0
2022-09-06 00:00:00+03:00,4.360000133514404,4.360000133514404,4.099999904632568,4.239999771118164,767669,0.0,0.0
2022-09-07 00:00:00+03:00,4.199999809265137,4.320000171661377,4.099999904632568,4.260000228881836,643842,0.0,0.0
2022-09-08 00:00:00+03:00,4.239999771118164,4.400000095367432,4.239999771118164,4.389999866485596,815450,0.0,0.0
2022-09-09 00:00:00+03:00,4.400000095367432,4.5,4.360000133514404,4.449999809265137,422466,0.0,0.0
2022-09-12 00:00:00+03:00,4.449999809265137,4.480000019073486,4.349999904632568,4.480000019073486,502068,0.0,0.0
2022-09-13 00:00:00+03:00,4.449999809265137,4.460000038146973,4.289999961853027,4.400000095367432,783540,0.0,0.0
2022-09-14 00:00:00+03:00,4.389999866485596,4.420000076293945,4.300000190734863,4.400000095367432,326218,0.0,0.0
2022-09-15 00:00:00+03:00,4.449999809265137,4.46999979019165,4.369999885559082,4.429999828338623,384018,0.0,0.0
2022-09-16 00:00:00+03:00,4.429999828338623,4.650000095367432,4.369999885559082,4.579999923706055,528548,0.0,0.0
2022-09-19 00:00:00+03:00,4.550000190734863,4.849999904632568,4.369999885559082,4.400000095367432,634830,0.0,0.0
2022-09-20 00:00:00+03:00,4.409999847412109,4.449999809265137,4.349999904632568,4.400000095367432,568577,0.0,0.0
2022-09-21 00:00:00+03:00,4.389999866485596,4.449999809265137,4.300000190734863,4.449999809265137,355264,0.0,0.0
2022-09-22 00:00:00+03:00,4.440000057220459,4.5,4.369999885559082,4.5,312826,0.0,0.0
2022-09-23 00:00:00+03:00,4.480000019073486,4.650000095367432,4.400000095367432,4.610000133514404,385806,0.0,0.0
2022-09-26 00:00:00+03:00,4.610000133514404,4.789999961853027,4.590000152587891,4.789999961853027,343577,0.0,0.0
2022-09-27 00:00:00+03:00,4.909999847412109,4.949999809265137,4.650000095367432,4.71999979019165,267397,0.0,0.0
2022-09-28 00:00:00+03:00,4.699999809265137,4.96999979019165,4.599999904632568,4.920000076293945,568673,0.0,0.0
2022-09-29 00:00:00+03:00,4.900000095367432,5.110000133514404,4.800000190734863,4.909999847412109,494403,0.0,0.0
2022-09-30 00:00:00+03:00,4.75,5.050000190734863,4.75,5.050000190734863,272313,0.0,0.0
2022-10-03 00:00:00+03:00,5.050000190734863,5.25,4.820000171661377,5.099999904632568,413785,0.0,0.0
2022-10-04 00:00:00+03:00,5.090000152587891,5.090000152587891,4.980000019073486,5.0,319072,0.0,0.0
2022-10-05 00:00:00+03:00,5.059999942779541,5.059999942779541,4.909999847412109,4.980000019073486,468527,0.0,0.0
2022-10-06 00:00:00+03:00,5.0,5.150000095367432,4.800000190734863,5.070000171661377,530932,0.0,0.0
2022-10-07 00:00:00+03:00,5.070000171661377,5.170000076293945,4.980000019073486,5.139999866485596,425409,0.0,0.0
2022-10-10 00:00:00+03:00,5.130000114440918,5.599999904632568,5.090000152587891,5.46999979019165,933228,0.0,0.0
2022-10-11 00:00:00+03:00,5.46999979019165,5.989999771118164,5.46999979019165,5.909999847412109,707207,0.0,0.0
2022-10-12 00:00:00+03:00,5.949999809265137,5.960000038146973,5.699999809265137,5.880000114440918,437881,0.0,0.0
2022-10-13 00:00:00+03:00,5.460000038146973,6.099999904632568,5.440000057220459,6.070000171661377,728355,0.0,0.0
2022-10-14 00:00:00+03:00,6.0,6.269999980926514,5.909999847412109,6.159999847412109,610351,0.0,0.0
2022-10-17 00:00:00+03:00,6.159999847412109,6.21999979019165,5.900000095367432,6.21999979019165,419318,0.0,0.0
2022-10-18 00:00:00+03:00,6.21999979019165,6.25,5.989999771118164,6.230000019073486,328735,0.0,0.0
2022-10-19 00:00:00+03:00,6.210000038146973,6.21999979019165,6.0,6.079999923706055,456718,0.0,0.0
2022-10-20 00:00:00+03:00,6.050000190734863,6.519999980926514,6.0,6.519999980926514,926641,0.0,0.0
2022-10-21 00:00:00+03:00,6.5,6.900000095367432,6.460000038146973,6.630000114440918,511093,0.0,0.0
2022-10-24 00:00:00+03:00,7.289999961853027,7.289999961853027,6.75,7.0,1228132,0.0,0.0
2022-10-25 00:00:00+03:00,7.46999979019165,7.699999809265137,7.099999904632568,7.699999809265137,1377435,0.0,0.0
2022-10-26 00:00:00+03:00,8.0,8.109999656677246,7.599999904632568,7.78000020980835,2123249,0.0,0.0
2022-10-27 00:00:00+03:00,7.78000020980835,8.0,7.599999904632568,8.0,1117823,0.0,0.0
2022-10-28 00:00:00+03:00,7.889999866485596,8.779999732971191,7.880000114440918,8.630000114440918,549863,0.0,0.0
2022-10-31 00:00:00+03:00,8.600000381469727,8.899999618530273,8.380000114440918,8.850000381469727,1267959,0.0,0.0
2022-11-01 00:00:00+03:00,8.850000381469727,8.930000305175781,8.699999809265137,8.869999885559082,733419,0.0,0.0
2022-11-02 00:00:00+03:00,8.989999771118164,9.479999542236328,8.869999885559082,9.470000267028809,931847,0.0,0.0
2022-11-03 00:00:00+03:00,9.5,9.5,9.010000228881836,9.5,682872,0.0,0.0
2022-11-04 00:00:00+03:00,9.449999809265137,9.449999809265137,8.6899995803833,9.300000190734863,632557,0.0,0.0
2022-11-07 00:00:00+03:00,8.369999885559082,8.979999542236328,8.369999885559082,8.800000190734863,1004177,0.0,0.0
2022-11-08 00:00:00+03:00,8.600000381469727,8.800000190734863,7.929999828338623,8.09000015258789,873916,0.0,0.0
2022-11-09 00:00:00+03:00,8.09000015258789,8.09000015258789,7.289999961853027,7.880000114440918,1172957,0.0,0.0
2022-11-10 00:00:00+03:00,7.349999904632568,7.78000020980835,7.199999809265137,7.369999885559082,542584,0.0,0.0
2022-11-11 00:00:00+03:00,7.349999904632568,7.599999904632568,7.25,7.510000228881836,374445,0.0,0.0
2022-11-14 00:00:00+03:00,7.550000190734863,7.849999904632568,7.389999866485596,7.550000190734863,443962,0.0,0.0
2022-11-15 00:00:00+03:00,7.550000190734863,7.550000190734863,7.039999961853027,7.099999904632568,493911,0.0,0.0
2022-11-16 00:00:00+03:00,7.079999923706055,7.21999979019165,6.659999847412109,6.71999979019165,685122,0.0,0.0
2022-11-17 00:00:00+03:00,6.71999979019165,7.039999961853027,6.420000076293945,6.849999904632568,479210,0.0,0.0
2022-11-18 00:00:00+03:00,6.809999942779541,6.989999771118164,6.679999828338623,6.980000019073486,348073,0.0,0.0
2022-11-21 00:00:00+03:00,6.980000019073486,7.420000076293945,6.980000019073486,7.420000076293945,330242,0.0,0.0
2022-11-22 00:00:00+03:00,7.5,7.53000020980835,7.150000095367432,7.400000095367432,403869,0.0,0.0
2022-11-23 00:00:00+03:00,7.400000095367432,7.639999866485596,7.090000152587891,7.5,383298,0.0,0.0
2022-11-24 00:00:00+03:00,7.5,7.619999885559082,7.380000114440918,7.550000190734863,417144,0.0,0.0
2022-11-25 00:00:00+03:00,7.519999980926514,7.71999979019165,7.369999885559082,7.679999828338623,410965,0.0,0.0
2022-11-28 00:00:00+03:00,7.78000020980835,7.880000114440918,7.590000152587891,7.880000114440918,439611,0.0,0.0
2022-11-29 00:00:00+03:00,7.949999809265137,7.949999809265137,7.659999847412109,7.75,290352,0.0,0.0
2022-11-30 00:00:00+03:00,7.769999980926514,8.0,7.699999809265137,8.0,596423,0.0,0.0
2022-12-01 00:00:00+03:00,8.050000190734863,8.069999694824219,7.789999961853027,7.96999979019165,486026,0.0,0.0
2022-12-02 00:00:00+03:00,7.96999979019165,8.300000190734863,7.78000020980835,8.300000190734863,478407,0.0,0.0
2022-12-05 00:00:00+03:00,8.3100004196167,8.600000381469727,8.130000114440918,8.399999618530273,386609,0.0,0.0
2022-12-06 00:00:00+03:00,8.5,8.510000228881836,8.140000343322754,8.489999771118164,269703,0.0,0.0
2022-12-07 00:00:00+03:00,8.489999771118164,8.489999771118164,8.09000015258789,8.289999961853027,324180,0.0,0.0
2022-12-08 00:00:00+03:00,7.900000095367432,8.4399995803833,7.900000095367432,8.050000190734863,199669,0.0,0.0
2022-12-09 00:00:00+03:00,8.199999809265137,8.350000381469727,7.900000095367432,8.300000190734863,313092,0.0,0.0
2022-12-12 00:00:00+03:00,8.609999656677246,8.619999885559082,8.300000190734863,8.539999961853027,327031,0.0,0.0
2022-12-13 00:00:00+03:00,8.710000038146973,9.390000343322754,8.680000305175781,9.390000343322754,539132,0.0,0.0
2022-12-14 00:00:00+03:00,9.449999809265137,10.319999694824219,9.149999618530273,10.199999809265137,753145,0.0,0.0
2022-12-15 00:00:00+03:00,10.199999809265137,11.220000267028809,10.0,11.220000267028809,515863,0.0,0.0
2022-12-16 00:00:00+03:00,11.25,12.300000190734863,11.220000267028809,12.300000190734863,535752,0.0,0.0
2022-12-19 00:00:00+03:00,11.899999618530273,11.979999542236328,10.789999961853027,11.979999542236328,722500,0.0,0.0
2022-12-20 00:00:00+03:00,11.819999694824219,11.819999694824219,11.100000381469727,11.75,376031,0.0,0.0
2022-12-21 00:00:00+03:00,11.600000381469727,11.600000381469727,11.199999809265137,11.300000190734863,241733,0.0,0.0
2022-12-22 00:00:00+03:00,11.260000228881836,12.329999923706055,11.199999809265137,11.869999885559082,465190,0.0,0.0
2022-12-23 00:00:00+03:00,11.869999885559082,12.449999809265137,11.300000190734863,12.3100004196167,305069,0.0,0.0
2022-12-26 00:00:00+03:00,12.4399995803833,12.4399995803833,11.819999694824219,11.829999923706055,313099,0.0,0.0
2022-12-27 00:00:00+03:00,11.829999923706055,12.0,10.789999961853027,11.130000114440918,290127,0.0,0.0
2022-12-28 00:00:00+03:00,11.130000114440918,11.199999809265137,10.25,10.619999885559082,268147,0.0,0.0
2022-12-29 00:00:00+03:00,10.609999656677246,11.0,10.329999923706055,10.890000343322754,221861,0.0,0.0
2022-12-30 00:00:00+03:00,10.899999618530273,11.880000114440918,10.899999618530273,11.600000381469727,311872,0.0,0.0
2023-01-02 00:00:00+03:00,11.800000190734863,11.800000190734863,10.989999771118164,11.020000457763672,393430,0.0,0.0
2023-01-03 00:00:00+03:00,9.920000076293945,10.600000381469727,9.920000076293945,10.600000381469727,213135,0.0,0.0
2023-01-04 00:00:00+03:00,10.399999618530273,10.399999618530273,9.75,10.039999961853027,108515,0.0,0.0
2023-01-05 00:00:00+03:00,9.25,10.039999961853027,9.25,9.699999809265137,131772,0.0,0.0
2023-01-06 00:00:00+03:00,9.649999618530273,10.199999809265137,9.649999618530273,10.180000305175781,135921,0.0,0.0
2023-01-09 00:00:00+03:00,10.399999618530273,10.399999618530273,10.130000114440918,10.130000114440918,142333,0.0,0.0
2023-01-10 00:00:00+03:00,10.119999885559082,10.149999618530273,10.100000381469727,10.100000381469727,150495,0.0,0.0
2023-01-11 00:00:00+03:00,10.0,10.0,9.75,9.75,192134,0.0,0.0
2023-01-12 00:00:00+03:00,10.0,10.199999809265137,10.0,10.050000190734863,205647,0.0,0.0
2023-01-13 00:00:00+03:00,10.880000114440918,10.880000114440918,10.779999732971191,10.779999732971191,56561,0.0,0.0
2023-01-16 00:00:00+03:00,10.6899995803833,10.6899995803833,10.0,10.600000381469727,117598,0.0,0.0
2023-01-17 00:00:00+03:00,10.5,11.0,10.5,10.949999809265137,143929,0.0,0.0
2023-01-18 00:00:00+03:00,10.800000190734863,11.0,10.800000190734863,11.0,191227,0.0,0.0
2023-01-19 00:00:00+03:00,10.850000381469727,10.850000381469727,10.800000190734863,10.8100004196167,107125,0.0,0.0
2023-01-20 00:00:00+03:00,10.8100004196167,10.989999771118164,10.8100004196167,10.899999618530273,117817,0.0,0.0
2023-01-23 00:00:00+03:00,10.9399995803833,11.0,10.9399995803833,10.989999771118164,151831,0.0,0.0
2023-01-24 00:00:00+03:00,11.100000381469727,11.100000381469727,10.899999618530273,10.899999618530273,67220,0.0,0.0
2023-01-25 00:00:00+03:00,10.800000190734863,10.800000190734863,10.300000190734863,10.300000190734863,72385,0.0,0.0
2023-01-26 00:00:00+03:00,10.300000190734863,10.350000381469727,10.300000190734863,10.300000190734863,64402,0.0,0.0
2023-01-27 00:00:00+03:00,10.300000190734863,10.300000190734863,10.010000228881836,10.010000228881836,45401,0.0,0.0
2023-01-30 00:00:00+03:00,10.25,10.800000190734863,10.25,10.670000076293945,95406,0.0,0.0
2023-01-31 00:00:00+03:00,11.5,11.5,11.199999809265137,11.199999809265137,96269,0.0,0.0
2023-02-01 00:00:00+03:00,11.279999732971191,11.279999732971191,10.970000267028809,10.970000267028809,69862,0.0,0.0
2023-02-02 00:00:00+03:00,11.0,11.0,9.880000114440918,9.880000114440918,89082,0.0,0.0
2023-02-03 00:00:00+03:00,9.699999809265137,10.859999656677246,9.34000015258789,10.859999656677246,199154,0.0,0.0
2023-02-06 00:00:00+03:00,10.859999656677246,10.859999656677246,10.050000190734863,10.069999694824219,150482,0.0,0.0
2023-02-07 00:00:00+03:00,10.069999694824219,10.25,9.069999694824219,9.069999694824219,109231,0.0,0.0
2023-02-08 00:00:00+03:00,8.170000076293945,8.170000076293945,8.170000076293945,8.170000076293945,1223,0.0,0.0
2023-02-15 00:00:00+03:00,9.0,9.970000267028809,8.569999694824219,9.970000267028809,196469,0.0,0.0
2023-02-16 00:00:00+03:00,9.989999771118164,10.600000381469727,9.279999732971191,9.300000190734863,188392,0.0,0.0
2023-02-17 00:00:00+03:00,9.300000190734863,10.050000190734863,9.079999923706055,9.960000038146973,139836,0.0,0.0
2023-02-20 00:00:00+03:00,9.890000343322754,10.319999694824219,9.510000228881836,9.65999984741211,156512,0.0,0.0
2023-02-21 00:00:00+03:00,9.65999984741211,9.979999542236328,9.210000038146973,9.210000038146973,113585,0.0,0.0
2023-02-22 00:00:00+03:00,9.300000190734863,9.449999809265137,8.9399995803833,9.050000190734863,109199,0.0,0.0
2023-02-23 00:00:00+03:00,9.0,9.850000381469727,8.649999618530273,9.5,139936,0.0,0.0
2023-02-24 00:00:00+03:00,9.5,9.979999542236328,9.430000305175781,9.6899995803833,154613,0.0,0.0
2023-02-27 00:00:00+03:00,10.0,10.5,9.699999809265137,10.5,171317,0.0,0.0
2023-02-28 00:00:00+03:00,9.739999771118164,11.399999618530273,9.739999771118164,10.899999618530273,292939,0.0,0.0
2023-03-01 00:00:00+03:00,10.699999809265137,10.899999618530273,9.9399995803833,10.40999984741211,367306,0.0,0.0
2023-03-02 00:00:00+03:00,10.300000190734863,10.40999984741211,9.800000190734863,9.800000190734863,307719,0.0,0.0
2023-03-03 00:00:00+03:00,9.779999732971191,10.09000015258789,9.40999984741211,9.720000267028809,151264,0.0,0.0
2023-03-06 00:00:00+03:00,9.720000267028809,9.989999771118164,9.239999771118164,9.949999809265137,231474,0.0,0.0
2023-03-07 00:00:00+03:00,9.65999984741211,10.390000343322754,9.65999984741211,10.0,198945,0.0,0.0
2023-03-08 00:00:00+03:00,10.0,10.199999809265137,9.789999961853027,10.199999809265137,277725,0.0,0.0
2023-03-09 00:00:00+03:00,10.119999885559082,10.199999809265137,9.930000305175781,10.029999732971191,140538,0.0,0.0
2023-03-10 00:00:00+03:00,9.960000038146973,10.119999885559082,9.8100004196167,9.819999694824219,205190,0.0,0.0
2023-03-13 00:00:00+03:00,9.819999694824219,9.989999771118164,9.600000381469727,9.789999961853027,74958,0.0,0.0
2023-03-14 00:00:00+03:00,9.649999618530273,10.09000015258789,9.59000015258789,9.84000015258789,221865,0.0,0.0
2023-03-15 00:00:00+03:00,9.84000015258789,9.899999618530273,9.399999618530273,9.520000457763672,127209,0.0,0.0
2023-03-16 00:00:00+03:00,9.550000190734863,9.789999961853027,9.449999809265137,9.5600004196167,74509,0.0,0.0
2023-03-17 00:00:00+03:00,9.5600004196167,9.609999656677246,9.420000076293945,9.489999771118164,59331,0.0,0.0
2023-03-20 00:00:00+03:00,9.329999923706055,9.899999618530273,9.329999923706055,9.40999984741211,72144,0.0,0.0
2023-03-21 00:00:00+03:00,9.59000015258789,9.600000381469727,9.0,9.0600004196167,76494,0.0,0.0
2023-03-22 00:00:00+03:00,9.069999694824219,9.1899995803833,8.619999885559082,8.979999542236328,114173,0.0,0.0
2023-03-23 00:00:00+03:00,8.979999542236328,9.869999885559082,8.850000381469727,9.869999885559082,226734,0.0,0.0
2023-03-24 00:00:00+03:00,10.850000381469727,10.850000381469727,10.5,10.850000381469727,316879,0.0,0.0
2023-03-27 00:00:00+03:00,11.930000305175781,11.930000305175781,11.930000305175781,11.930000305175781,144692,0.0,0.0
2023-03-28 00:00:00+03:00,13.119999885559082,13.119999885559082,12.640000343322754,13.119999885559082,1509669,0.0,0.0
2023-03-29 00:00:00+03:00,13.130000114440918,14.279999732971191,11.8100004196167,13.170000076293945,1129377,0.0,0.0
2023-03-30 00:00:00+03:00,13.09000015258789,13.15999984741211,12.0,12.779999732971191,495540,0.0,0.0
2023-03-31 00:00:00+03:00,11.850000381469727,12.5,11.510000228881836,12.0,486651,0.0,0.0
2023-04-03 00:00:00+03:00,11.300000190734863,13.199999809265137,11.300000190734863,12.640000343322754,802092,0.0,0.0
2023-04-04 00:00:00+03:00,12.600000381469727,12.989999771118164,11.5,12.170000076293945,434040,0.0,0.0
2023-04-05 00:00:00+03:00,12.149999618530273,12.899999618530273,11.850000381469727,12.100000381469727,305579,0.0,0.0
2023-04-06 00:00:00+03:00,12.0,12.3100004196167,11.600000381469727,11.670000076293945,172080,0.0,0.0
2023-04-07 00:00:00+03:00,11.670000076293945,12.319999694824219,11.100000381469727,11.979999542236328,348858,0.0,0.0
2023-04-10 00:00:00+03:00,11.979999542236328,12.289999961853027,11.569999694824219,11.739999771118164,339940,0.0,0.0
2023-04-11 00:00:00+03:00,11.739999771118164,11.899999618530273,11.15999984741211,11.399999618530273,286398,0.0,0.0
2023-04-12 00:00:00+03:00,11.390000343322754,11.399999618530273,11.0,11.260000228881836,262771,0.0,0.0
2023-04-13 00:00:00+03:00,11.029999732971191,11.760000228881836,10.779999732971191,11.289999961853027,274802,0.0,0.0
2023-04-14 00:00:00+03:00,11.239999771118164,11.699999809265137,11.050000190734863,11.550000190734863,170874,0.0,0.0
2023-04-17 00:00:00+03:00,11.550000190734863,12.600000381469727,11.479999542236328,11.949999809265137,452819,0.0,0.0
2023-04-18 00:00:00+03:00,11.949999809265137,12.420000076293945,11.5,11.649999618530273,237524,0.0,0.0
2023-04-19 00:00:00+03:00,11.600000381469727,11.850000381469727,11.180000305175781,11.5,242144,0.0,0.0
2023-04-20 00:00:00+03:00,11.5,11.640000343322754,11.300000190734863,11.470000267028809,54970,0.0,0.0
2023-04-24 00:00:00+03:00,11.449999809265137,11.449999809265137,11.0,11.029999732971191,246098,0.0,0.0
2023-04-25 00:00:00+03:00,11.020000457763672,11.289999961853027,10.720000267028809,11.220000267028809,342135,0.0,0.0
2023-04-26 00:00:00+03:00,11.170000076293945,12.319999694824219,11.100000381469727,11.920000076293945,534576,0.0,0.0
2023-04-27 00:00:00+03:00,11.510000228881836,13.109999656677246,11.510000228881836,13.109999656677246,557181,0.0,0.0
2023-04-28 00:00:00+03:00,13.100000381469727,14.420000076293945,12.6899995803833,14.420000076293945,770182,0.0,0.0
2023-05-02 00:00:00+03:00,14.420000076293945,15.859999656677246,13.8100004196167,15.859999656677246,798398,0.0,0.0
2023-05-03 00:00:00+03:00,16.5,17.18000030517578,14.279999732971191,16.079999923706055,1141497,0.0,0.0
2023-05-04 00:00:00+03:00,15.0,16.200000762939453,14.489999771118164,14.979999542236328,521003,0.0,0.0
2023-05-05 00:00:00+03:00,14.510000228881836,14.979999542236328,13.800000190734863,13.949999809265137,321605,0.0,0.0
2023-05-08 00:00:00+03:00,13.40999984741211,13.949999809265137,12.75,12.75,461510,0.0,0.0
2023-05-09 00:00:00+03:00,12.75,14.020000457763672,12.149999618530273,14.020000457763672,528035,0.0,0.0
2023-05-10 00:00:00+03:00,14.0,15.420000076293945,13.420000076293945,15.420000076293945,629043,0.0,0.0
2023-05-11 00:00:00+03:00,16.5,16.959999084472656,15.460000038146973,16.280000686645508,1045811,0.0,0.0
2023-05-12 00:00:00+03:00,15.869999885559082,16.299999237060547,14.65999984741211,14.899999618530273,802409,0.0,0.0
2023-05-15 00:00:00+03:00,14.5,14.5,13.649999618530273,14.479999542236328,402157,0.0,0.0
2023-05-16 00:00:00+03:00,14.470000267028809,15.90999984741211,14.109999656677246,15.550000190734863,600677,0.0,0.0
2023-05-17 00:00:00+03:00,15.550000190734863,15.800000190734863,14.779999732971191,15.069999694824219,448295,0.0,0.0
2023-05-18 00:00:00+03:00,15.050000190734863,15.25,14.760000228881836,14.800000190734863,353758,0.0,0.0
2023-05-22 00:00:00+03:00,14.800000190734863,15.199999809265137,14.670000076293945,14.789999961853027,240090,0.0,0.0
2023-05-23 00:00:00+03:00,14.670000076293945,14.970000267028809,14.0,14.3100004196167,254782,0.0,0.0
2023-05-24 00:00:00+03:00,14.649999618530273,15.0,14.050000190734863,14.5,319463,0.0,0.0
2023-05-25 00:00:00+03:00,14.5,14.989999771118164,14.0,14.399999618530273,268838,0.0,0.0
2023-05-26 00:00:00+03:00,14.399999618530273,14.729999542236328,13.90999984741211,14.109999656677246,422047,0.0,0.0
2023-05-29 00:00:00+03:00,14.109999656677246,15.520000457763672,14.100000381469727,14.899999618530273,673620,0.0,0.0
2023-05-30 00:00:00+03:00,14.90999984741211,15.329999923706055,14.829999923706055,15.0,414644,0.0,0.0
2023-05-31 00:00:00+03:00,15.020000457763672,15.020000457763672,14.529999732971191,14.649999618530273,290883,0.0,0.0
2023-06-01 00:00:00+03:00,14.789999961853027,14.84000015258789,14.229999542236328,14.380000114440918,239759,0.0,0.0
2023-06-02 00:00:00+03:00,14.289999961853027,14.670000076293945,14.199999809265137,14.539999961853027,231677,0.0,0.0
2023-06-05 00:00:00+03:00,13.5,14.5,13.5,14.1899995803833,427063,0.0,0.0
2023-06-06 00:00:00+03:00,14.199999809265137,15.600000381469727,14.020000457763672,15.600000381469727,638591,0.0,0.0
2023-06-07 00:00:00+03:00,15.600000381469727,16.56999969482422,15.279999732971191,15.279999732971191,643356,0.0,0.0
2023-06-08 00:00:00+03:00,15.279999732971191,15.819999694824219,14.520000457763672,15.0,386568,0.0,0.0
2023-06-09 00:00:00+03:00,14.899999618530273,16.0,14.800000190734863,15.0,303376,0.0,0.0
2023-06-12 00:00:00+03:00,15.050000190734863,15.420000076293945,14.800000190734863,14.949999809265137,354768,0.0,0.0
2023-06-13 00:00:00+03:00,15.0,16.399999618530273,14.609999656677246,16.09000015258789,483594,0.0,0.0
2023-06-14 00:00:00+03:00,16.100000381469727,17.06999969482422,15.600000381469727,16.219999313354492,556721,0.0,0.0
2023-06-15 00:00:00+03:00,16.219999313354492,16.8700008392334,15.529999732971191,16.440000534057617,405707,0.0,0.0
2023-06-16 00:00:00+03:00,16.600000381469727,16.889999389648438,15.880000114440918,16.0,310907,0.0,0.0
2023-06-19 00:00:00+03:00,16.0,16.0,15.199999809265137,15.300000190734863,247149,0.0,0.0
2023-06-20 00:00:00+03:00,15.300000190734863,15.75,14.4399995803833,14.710000038146973,351685,0.0,0.0
2023-06-21 00:00:00+03:00,14.710000038146973,15.399999618530273,14.25,14.300000190734863,428709,0.0,0.0
2023-06-22 00:00:00+03:00,14.199999809265137,14.489999771118164,13.619999885559082,13.960000038146973,300946,0.0,0.0
2023-06-23 00:00:00+03:00,13.960000038146973,14.640000343322754,13.920000076293945,14.359999656677246,206326,0.0,0.0
2023-06-26 00:00:00+03:00,14.380000114440918,14.539999961853027,13.970000267028809,14.279999732971191,394530,0.0,0.0
2023-06-27 00:00:00+03:00,14.5,14.529999732971191,14.199999809265137,14.350000381469727,88803,0.0,0.0
2023-07-03 00:00:00+03:00,14.359999656677246,15.1899995803833,14.350000381469727,14.949999809265137,621718,0.0,0.0
2023-07-04 00:00:00+03:00,14.949999809265137,15.449999809265137,14.75,14.949999809265137,772618,0.0,0.0
2023-07-05 00:00:00+03:00,15.0,15.100000381469727,14.5,14.800000190734863,559184,0.0,0.0
2023-07-06 00:00:00+03:00,14.800000190734863,15.149999618530273,14.579999923706055,14.59000015258789,1137055,0.0,0.0
2023-07-07 00:00:00+03:00,14.59000015258789,14.90999984741211,14.359999656677246,14.829999923706055,925928,0.0,0.0
2023-07-10 00:00:00+03:00,14.84000015258789,15.479999542236328,14.819999694824219,14.9399995803833,1470846,0.0,0.0
2023-07-11 00:00:00+03:00,14.960000038146973,15.199999809265137,14.5,14.75,833874,0.0,0.0
2023-07-12 00:00:00+03:00,14.260000228881836,15.050000190734863,14.260000228881836,14.949999809265137,994627,0.0,0.0
2023-07-13 00:00:00+03:00,15.989999771118164,16.440000534057617,15.710000038146973,16.440000534057617,1359961,0.0,0.0
2023-07-14 00:00:00+03:00,17.299999237060547,17.65999984741211,15.569999694824219,15.720000267028809,2889842,0.0,0.0
2023-07-17 00:00:00+03:00,15.75,15.989999771118164,15.239999771118164,15.6899995803833,1663201,0.0,0.0
2023-07-18 00:00:00+03:00,15.5600004196167,16.06999969482422,15.319999694824219,15.600000381469727,1418984,0.0,0.0
2023-07-19 00:00:00+03:00,15.600000381469727,16.149999618530273,14.989999771118164,15.399999618530273,2596432,0.0,0.0
2023-07-20 00:00:00+03:00,15.260000228881836,15.520000457763672,14.850000381469727,14.920000076293945,1921532,0.0,0.0
2023-07-21 00:00:00+03:00,14.949999809265137,14.989999771118164,14.5,14.600000381469727,986384,0.0,0.0
2023-07-24 00:00:00+03:00,14.640000343322754,14.960000038146973,14.279999732971191,14.380000114440918,1083800,0.0,0.0
2023-07-25 00:00:00+03:00,14.789999961853027,14.789999961853027,14.199999809265137,14.25,613147,0.0,0.0
2023-07-26 00:00:00+03:00,14.289999961853027,14.5600004196167,14.029999732971191,14.140000343322754,517740,0.0,0.0
2023-07-27 00:00:00+03:00,14.199999809265137,14.779999732971191,14.100000381469727,14.449999809265137,1137688,0.0,0.0
2023-07-28 00:00:00+03:00,14.479999542236328,14.770000457763672,14.350000381469727,14.40999984741211,829291,0.0,0.0
2023-07-31 00:00:00+03:00,14.40999984741211,14.550000190734863,13.869999885559082,14.0,886881,0.0,0.0
2023-08-01 00:00:00+03:00,14.020000457763672,14.25,13.4399995803833,13.65999984741211,1041465,0.0,0.0
2023-08-02 00:00:00+03:00,13.890000343322754,15.020000457763672,13.670000076293945,15.020000457763672,1941675,0.0,0.0
2023-08-03 00:00:00+03:00,15.119999885559082,15.34000015258789,14.0,14.0,2463996,0.0,0.0
2023-08-04 00:00:00+03:00,14.100000381469727,14.6899995803833,13.880000114440918,14.4399995803833,1173222,0.0,0.0
2023-08-07 00:00:00+03:00,15.300000190734863,15.800000190734863,13.970000267028809,14.199999809265137,3105439,0.0,0.0
2023-08-08 00:00:00+03:00,14.140000343322754,14.1899995803833,13.4399995803833,13.510000228881836,1167845,0.0,0.0
2023-08-09 00:00:00+03:00,13.619999885559082,13.880000114440918,13.520000457763672,13.529999732971191,841625,0.0,0.0
2023-08-10 00:00:00+03:00,13.529999732971191,13.649999618530273,13.050000190734863,13.050000190734863,1106548,0.0,0.0
2023-08-11 00:00:00+03:00,13.050000190734863,14.0,12.399999618530273,13.300000190734863,2240041,0.0,0.0
2023-08-14 00:00:00+03:00,13.319999694824219,13.649999618530273,12.699999809265137,12.979999542236328,2468568,0.0,0.0
2023-08-15 00:00:00+03:00,12.989999771118164,13.0600004196167,12.550000190734863,12.59000015258789,1218032,0.0,0.0
2023-08-16 00:00:00+03:00,12.550000190734863,12.920000076293945,12.079999923706055,12.649999618530273,1714923,0.0,0.0
2023-08-17 00:00:00+03:00,12.649999618530273,13.90999984741211,12.5600004196167,13.539999961853027,3360898,0.0,0.0
2023-08-18 00:00:00+03:00,13.600000381469727,13.739999771118164,12.720000267028809,12.850000381469727,1996480,0.0,0.0
2023-08-21 00:00:00+03:00,12.869999885559082,13.319999694824219,12.850000381469727,13.199999809265137,1214253,0.0,0.0
2023-08-22 00:00:00+03:00,13.199999809265137,13.199999809265137,12.869999885559082,12.970000267028809,1255566,0.0,0.0
2023-08-23 00:00:00+03:00,12.979999542236328,14.260000228881836,12.680000305175781,13.350000381469727,3347439,0.0,0.0
2023-08-24 00:00:00+03:00,13.470000267028809,13.710000038146973,12.800000190734863,12.899999618530273,1550068,0.0,0.0
2023-08-25 00:00:00+03:00,12.899999618530273,14.1899995803833,12.800000190734863,14.1899995803833,2207263,0.0,0.0
2023-08-28 00:00:00+03:00,15.09000015258789,15.600000381469727,14.5,15.600000381469727,1150367,0.0,0.0
2023-08-29 00:00:00+03:00,17.0,17.15999984741211,16.5,17.15999984741211,1661401,0.0,0.0
2023-08-31 00:00:00+03:00,17.3799991607666,18.8700008392334,16.700000762939453,18.8700008392334,1851430,0.0,0.0
2023-09-01 00:00:00+03:00,19.860000610351562,20.739999771118164,19.209999084472656,20.68000030517578,2176020,0.0,0.0
2023-09-04 00:00:00+03:00,20.68000030517578,21.760000228881836,19.06999969482422,20.0,1594760,0.0,0.0
2023-09-05 00:00:00+03:00,19.5,19.700000762939453,18.549999237060547,18.549999237060547,980793,0.0,0.0
2023-09-06 00:00:00+03:00,18.549999237060547,20.399999618530273,17.68000030517578,20.399999618530273,1050160,0.0,0.0
2023-09-07 00:00:00+03:00,21.0,22.440000534057617,20.600000381469727,22.440000534057617,1319996,0.0,0.0
2023-09-08 00:00:00+03:00,22.920000076293945,24.68000030517578,20.959999084472656,22.799999237060547,2256558,0.0,0.0
2023-09-11 00:00:00+03:00,20.81999969482422,20.81999969482422,20.520000457763672,20.520000457763672,687348,0.0,0.0
2023-09-12 00:00:00+03:00,18.469999313354492,18.469999313354492,18.469999313354492,18.469999313354492,525936,0.0,0.0
2023-09-13 00:00:00+03:00,17.6200008392334,18.899999618530273,17.6200008392334,18.899999618530273,413655,0.0,0.0
2023-09-14 00:00:00+03:00,20.760000228881836,20.760000228881836,20.0,20.0,618532,0.0,0.0
2023-09-15 00:00:00+03:00,20.0,20.0,19.399999618530273,19.399999618530273,314765,0.0,0.0
2023-09-18 00:00:00+03:00,19.200000762939453,19.200000762939453,17.65999984741211,17.65999984741211,347205,0.0,0.0
2023-09-19 00:00:00+03:00,17.65999984741211,17.65999984741211,17.0,17.200000762939453,342672,0.0,0.0
2023-09-20 00:00:00+03:00,17.799999237060547,17.920000076293945,17.799999237060547,17.799999237060547,398733,0.0,0.0
2023-09-21 00:00:00+03:00,17.799999237060547,17.799999237060547,16.309999465942383,17.0,328240,0.0,0.0
2023-09-22 00:00:00+03:00,17.0,17.010000228881836,17.0,17.010000228881836,370129,0.0,0.0
2023-09-25 00:00:00+03:00,17.010000228881836,17.010000228881836,16.989999771118164,16.989999771118164,388229,0.0,0.0
2023-09-26 00:00:00+03:00,16.979999542236328,16.979999542236328,16.5,16.5,229280,0.0,0.0
2023-09-27 00:00:00+03:00,16.0,16.0,15.970000267028809,15.970000267028809,373899,0.0,0.0
2023-09-28 00:00:00+03:00,15.84000015258789,17.110000610351562,15.84000015258789,17.110000610351562,235166,0.0,0.0
2023-09-29 00:00:00+03:00,18.799999237060547,18.81999969482422,18.799999237060547,18.81999969482422,364159,0.0,0.0
2023-10-02 00:00:00+03:00,19.600000381469727,20.0,19.600000381469727,20.0,493708,0.0,0.0
2023-10-03 00:00:00+03:00,21.959999084472656,21.979999542236328,21.940000534057617,21.979999542236328,453699,0.0,0.0
2023-10-04 00:00:00+03:00,22.959999084472656,22.959999084472656,22.959999084472656,22.959999084472656,396308,0.0,0.0
2023-10-05 00:00:00+03:00,23.0,23.0,20.68000030517578,20.68000030517578,211744,0.0,0.0
2023-10-06 00:00:00+03:00,18.6200008392334,20.200000762939453,18.6200008392334,20.200000762939453,515582,0.0,0.0
2023-10-09 00:00:00+03:00,19.579999923706055,19.579999923706055,19.0,19.0,203124,0.0,0.0
2023-10-10 00:00:00+03:00,19.0,20.540000915527344,19.0,20.540000915527344,226244,0.0,0.0
2023-10-11 00:00:00+03:00,20.540000915527344,20.540000915527344,18.6200008392334,19.06999969482422,621227,0.0,0.0
2023-10-12 00:00:00+03:00,19.06999969482422,20.5,18.780000686645508,19.450000762939453,672447,0.0,0.0
2023-10-13 00:00:00+03:00,19.049999237060547,19.399999618530273,18.0,18.969999313354492,416607,0.0,0.0
2023-10-16 00:00:00+03:00,18.959999084472656,19.079999923706055,18.0,18.149999618530273,307891,0.0,0.0
2023-10-17 00:00:00+03:00,18.149999618530273,18.489999771118164,17.270000457763672,17.899999618530273,258395,0.0,0.0
2023-10-18 00:00:00+03:00,16.110000610351562,17.5,16.110000610351562,16.899999618530273,422900,0.0,0.0
2023-10-19 00:00:00+03:00,16.899999618530273,17.200000762939453,16.239999771118164,16.5,257658,0.0,0.0
2023-10-20 00:00:00+03:00,16.5,16.959999084472656,15.6899995803833,16.059999465942383,276408,0.0,0.0
2023-10-23 00:00:00+03:00,16.260000228881836,17.25,16.059999465942383,16.979999542236328,352602,0.0,0.0
2023-10-24 00:00:00+03:00,16.979999542236328,18.5,16.889999389648438,18.25,346656,0.0,0.0
2023-10-25 00:00:00+03:00,18.25,18.25,16.600000381469727,16.600000381469727,459244,0.0,0.0
2023-10-26 00:00:00+03:00,16.600000381469727,17.399999618530273,15.90999984741211,16.799999237060547,659565,0.0,0.0
2023-10-27 00:00:00+03:00,16.799999237060547,17.290000915527344,16.649999618530273,16.969999313354492,246018,0.0,0.0
2023-10-30 00:00:00+03:00,16.969999313354492,17.5,16.18000030517578,17.0,273953,0.0,0.0
2023-10-31 00:00:00+03:00,17.0,17.09000015258789,15.920000076293945,16.190000534057617,637069,0.0,0.0
2023-11-01 00:00:00+03:00,16.190000534057617,16.190000534057617,15.399999618530273,15.550000190734863,407340,0.0,0.0
2023-11-02 00:00:00+03:00,15.600000381469727,16.459999084472656,15.489999771118164,15.739999771118164,405399,0.0,0.0
2023-11-03 00:00:00+03:00,15.770000457763672,15.989999771118164,15.489999771118164,15.899999618530273,271434,0.0,0.0
2023-11-06 00:00:00+03:00,16.09000015258789,16.200000762939453,15.600000381469727,15.829999923706055,605167,0.0,0.0
2023-11-07 00:00:00+03:00,15.829999923706055,15.920000076293945,15.479999542236328,15.699999809265137,342496,0.0,0.0
2023-11-08 00:00:00+03:00,15.789999961853027,17.270000457763672,15.520000457763672,17.270000457763672,588355,0.0,0.0
2023-11-09 00:00:00+03:00,17.270000457763672,18.489999771118164,16.5,18.0,649453,0.0,0.0
2023-11-10 00:00:00+03:00,19.0,19.0,17.59000015258789,17.709999084472656,394095,0.0,0.0
2023-11-13 00:00:00+03:00,17.709999084472656,17.709999084472656,16.729999542236328,16.729999542236328,333819,0.0,0.0
2023-11-14 00:00:00+03:00,17.049999237060547,17.149999618530273,16.200000762939453,16.450000762939453,284143,0.0,0.0
2023-11-15 00:00:00+03:00,15.0,16.600000381469727,15.0,16.31999969482422,230812,0.0,0.0
2023-11-16 00:00:00+03:00,16.31999969482422,17.5,16.010000228881836,16.8799991607666,308081,0.0,0.0
2023-11-17 00:00:00+03:00,16.510000228881836,17.049999237060547,16.299999237060547,16.600000381469727,244909,0.0,0.0
2023-11-20 00:00:00+03:00,16.600000381469727,17.049999237060547,16.579999923706055,16.59000015258789,289336,0.0,0.0
2023-11-21 00:00:00+03:00,16.65999984741211,17.149999618530273,16.200000762939453,16.959999084472656,338432,0.0,0.0
2023-11-22 00:00:00+03:00,16.899999618530273,17.0,16.5,16.65999984741211,344495,0.0,0.0
2023-11-23 00:00:00+03:00,16.68000030517578,16.889999389648438,16.350000381469727,16.520000457763672,300929,0.0,0.0
2023-11-24 00:00:00+03:00,16.520000457763672,16.940000534057617,16.200000762939453,16.6299991607666,262139,0.0,0.0
2023-11-27 00:00:00+03:00,16.6299991607666,17.5,16.350000381469727,17.040000915527344,400027,0.0,0.0
2023-11-28 00:00:00+03:00,17.040000915527344,17.200000762939453,16.649999618530273,16.780000686645508,172296,0.0,0.0
2023-11-29 00:00:00+03:00,16.780000686645508,16.780000686645508,16.0,16.079999923706055,232414,0.0,0.0
2023-11-30 00:00:00+03:00,16.100000381469727,16.700000762939453,15.75,16.5,379727,0.0,0.0
2023-12-01 00:00:00+03:00,16.90999984741211,16.90999984741211,16.100000381469727,16.1200008392334,246766,0.0,0.0
2023-12-04 00:00:00+03:00,16.1299991607666,16.600000381469727,15.90999984741211,16.0,439355,0.0,0.0
2023-12-05 00:00:00+03:00,16.0,16.239999771118164,15.699999809265137,16.0,323814,0.0,0.0
2023-12-06 00:00:00+03:00,16.0,16.0,15.199999809265137,15.399999618530273,323253,0.0,0.0
2023-12-07 00:00:00+03:00,15.399999618530273,16.290000915527344,14.640000343322754,15.039999961853027,218008,0.0,0.0
2023-12-08 00:00:00+03:00,15.050000190734863,16.0,15.050000190734863,15.800000190734863,336325,0.0,0.0
2023-12-11 00:00:00+03:00,15.789999961853027,16.309999465942383,15.0,15.0,264041,0.0,0.0
2023-12-12 00:00:00+03:00,15.0,15.449999809265137,14.539999961853027,14.779999732971191,230277,0.0,0.0
2023-12-13 00:00:00+03:00,14.779999732971191,15.149999618530273,14.0600004196167,14.800000190734863,205139,0.0,0.0
2023-12-14 00:00:00+03:00,14.800000190734863,15.770000457763672,14.5,15.09000015258789,187999,0.0,0.0
2023-12-15 00:00:00+03:00,14.979999542236328,15.289999961853027,14.770000457763672,15.1899995803833,234434,0.0,0.0
2023-12-18 00:00:00+03:00,15.1899995803833,15.1899995803833,14.100000381469727,14.279999732971191,189605,0.0,0.0
2023-12-19 00:00:00+03:00,14.430000305175781,14.430000305175781,14.0,14.0,180241,0.0,0.0
2023-12-20 00:00:00+03:00,14.0,14.140000343322754,13.460000038146973,13.850000381469727,155066,0.0,0.0
2023-12-21 00:00:00+03:00,13.84000015258789,13.989999771118164,13.15999984741211,13.789999961853027,173987,0.0,0.0
2023-12-22 00:00:00+03:00,13.720000267028809,13.770000457763672,13.25,13.279999732971191,172530,0.0,0.0
2023-12-25 00:00:00+03:00,13.279999732971191,13.279999732971191,11.960000038146973,11.979999542236328,261708,0.0,0.0
2023-12-26 00:00:00+03:00,11.979999542236328,12.479999542236328,11.149999618530273,12.199999809265137,244927,0.0,0.0
2023-12-27 00:00:00+03:00,12.1899995803833,13.420000076293945,11.65999984741211,13.420000076293945,228612,0.0,0.0
2023-12-28 00:00:00+03:00,14.0,14.760000228881836,13.5,14.760000228881836,296940,0.0,0.0
2023-12-29 00:00:00+03:00,16.0,16.229999542236328,14.699999809265137,15.899999618530273,525894,0.0,0.0
2024-01-02 00:00:00+03:00,16.0,17.239999771118164,16.0,16.420000076293945,459532,0.0,0.0
2024-01-03 00:00:00+03:00,16.440000534057617,16.6200008392334,15.15999984741211,15.699999809265137,287615,0.0,0.0
2024-01-04 00:00:00+03:00,15.079999923706055,16.239999771118164,15.079999923706055,15.6899995803833,196983,0.0,0.0
2024-01-05 00:00:00+03:00,15.6899995803833,15.989999771118164,15.300000190734863,15.779999732971191,182185,0.0,0.0
2024-01-08 00:00:00+03:00,15.779999732971191,16.1299991607666,15.449999809265137,15.699999809265137,220480,0.0,0.0
2024-01-09 00:00:00+03:00,15.699999809265137,15.960000038146973,15.25,15.920000076293945,183986,0.0,0.0
2024-01-10 00:00:00+03:00,16.0,16.049999237060547,15.449999809265137,15.699999809265137,175326,0.0,0.0
2024-01-11 00:00:00+03:00,15.6899995803833,15.699999809265137,15.210000038146973,15.399999618530273,222868,0.0,0.0
2024-01-12 00:00:00+03:00,15.369999885559082,15.489999771118164,14.970000267028809,15.390000343322754,172947,0.0,0.0
2024-01-15 00:00:00+03:00,15.390000343322754,16.0,15.029999732971191,15.569999694824219,189161,0.0,0.0
2024-01-16 00:00:00+03:00,15.569999694824219,17.1200008392334,15.369999885559082,17.1200008392334,578378,0.0,0.0
2024-01-17 00:00:00+03:00,17.200000762939453,18.829999923706055,17.1299991607666,18.829999923706055,574828,0.0,0.0
2024-01-18 00:00:00+03:00,20.700000762939453,20.700000762939453,20.700000762939453,20.700000762939453,327854,0.0,0.0
2024-01-19 00:00:00+03:00,22.760000228881836,22.760000228881836,21.719999313354492,22.760000228881836,2086671,0.0,0.0
2024-01-22 00:00:00+03:00,22.760000228881836,24.360000610351562,21.639999389648438,23.200000762939453,1162177,0.0,0.0
2024-01-23 00:00:00+03:00,22.0,23.15999984741211,20.940000534057617,21.0,928640,0.0,0.0
2024-01-24 00:00:00+03:00,20.739999771118164,23.100000381469727,20.059999465942383,23.100000381469727,793982,0.0,0.0
2024-01-25 00:00:00+03:00,25.399999618530273,25.399999618530273,24.219999313354492,25.399999618530273,767887,0.0,0.0
2024-01-26 00:00:00+03:00,25.479999542236328,27.700000762939453,24.239999771118164,27.200000762939453,1513442,0.0,0.0
2024-01-29 00:00:00+03:00,27.139999389648438,28.5,26.0,26.360000610351562,1394083,0.0,0.0
2024-01-30 00:00:00+03:00,26.360000610351562,28.020000457763672,25.200000762939453,27.0,1023695,0.0,0.0
2024-01-31 00:00:00+03:00,27.0,27.979999542236328,26.0,26.139999389648438,648145,0.0,0.0
2024-02-01 00:00:00+03:00,26.139999389648438,28.700000762939453,25.200000762939453,26.68000030517578,929894,0.0,0.0
2024-02-02 00:00:00+03:00,26.68000030517578,29.34000015258789,26.68000030517578,28.700000762939453,1117578,0.0,0.0
2024-02-05 00:00:00+03:00,25.84000015258789,30.0,25.84000015258789,28.600000381469727,923641,0.0,0.0
2024-02-06 00:00:00+03:00,29.68000030517578,29.68000030517578,26.8799991607666,26.8799991607666,729577,0.0,0.0
2024-02-07 00:00:00+03:00,26.8799991607666,28.020000457763672,25.920000076293945,27.0,804758,0.0,0.0
2024-02-08 00:00:00+03:00,26.0,27.5,24.979999542236328,26.440000534057617,724283,0.0,0.0
2024-02-09 00:00:00+03:00,26.260000228881836,26.3799991607666,25.0,25.299999237060547,622560,0.0,0.0
2024-02-12 00:00:00+03:00,25.299999237060547,25.479999542236328,23.31999969482422,23.700000762939453,924253,0.0,0.0
2024-02-13 00:00:00+03:00,23.700000762939453,26.059999465942383,23.700000762939453,26.059999465942383,1188763,0.0,0.0
2024-02-14 00:00:00+03:00,26.600000381469727,27.579999923706055,25.299999237060547,26.260000228881836,908538,0.0,0.0
2024-02-15 00:00:00+03:00,26.040000915527344,27.100000381469727,25.31999969482422,25.600000381469727,511897,0.0,0.0
2024-02-16 00:00:00+03:00,25.100000381469727,26.299999237060547,24.440000534057617,25.280000686645508,500318,0.0,0.0
2024-02-19 00:00:00+03:00,26.0,26.0,24.81999969482422,24.8799991607666,413218,0.0,0.0
2024-02-20 00:00:00+03:00,24.8799991607666,25.15999984741211,24.399999618530273,24.700000762939453,254375,0.0,0.0
2024-02-21 00:00:00+03:00,24.700000762939453,25.68000030517578,24.360000610351562,24.600000381469727,441877,0.0,0.0
2024-02-22 00:00:00+03:00,24.600000381469727,25.0,23.700000762939453,24.540000915527344,359651,0.0,0.0
2024-02-23 00:00:00+03:00,24.579999923706055,24.799999237060547,23.780000686645508,24.219999313354492,315436,0.0,0.0
2024-02-26 00:00:00+03:00,24.219999313354492,25.920000076293945,23.5,25.5,702997,0.0,0.0
2024-02-27 00:00:00+03:00,25.200000762939453,25.979999542236328,24.420000076293945,24.600000381469727,412679,0.0,0.0
2024-02-28 00:00:00+03:00,24.600000381469727,24.600000381469727,23.5,23.68000030517578,329650,0.0,0.0
2024-02-29 00:00:00+03:00,23.68000030517578,24.280000686645508,23.0,23.520000457763672,273733,0.0,0.0
2024-03-01 00:00:00+03:00,23.540000915527344,24.0,22.780000686645508,23.100000381469727,545604,0.0,0.0
2024-03-04 00:00:00+03:00,22.6200008392334,24.0,21.799999237060547,22.059999465942383,464869,0.0,0.0
2024-03-05 00:00:00+03:00,22.059999465942383,24.260000228881836,20.0,24.260000228881836,849525,0.0,0.0
2024-03-06 00:00:00+03:00,24.100000381469727,26.65999984741211,23.18000030517578,26.0,1167888,0.0,0.0
2024-03-07 00:00:00+03:00,25.979999542236328,26.0,24.6200008392334,25.579999923706055,551336,0.0,0.0
2024-03-08 00:00:00+03:00,25.600000381469727,25.8799991607666,24.100000381469727,24.979999542236328,438769,0.0,0.0
2024-03-11 00:00:00+03:00,24.719999313354492,27.459999084472656,24.15999984741211,27.459999084472656,1056607,0.0,0.0
2024-03-12 00:00:00+03:00,28.299999237060547,29.0,26.0,26.0,921797,0.0,0.0
2024-03-13 00:00:00+03:00,25.15999984741211,26.0,24.079999923706055,24.299999237060547,487995,0.0,0.0
2024-03-14 00:00:00+03:00,24.299999237060547,25.5,23.31999969482422,23.799999237060547,332490,0.0,0.0
2024-03-15 00:00:00+03:00,23.81999969482422,24.5,23.420000076293945,23.940000534057617,264778,0.0,0.0
2024-03-18 00:00:00+03:00,24.600000381469727,26.100000381469727,24.100000381469727,24.700000762939453,575099,0.0,0.0
2024-03-19 00:00:00+03:00,24.399999618530273,26.5,23.299999237060547,25.440000534057617,515540,0.0,0.0
2024-03-20 00:00:00+03:00,25.260000228881836,25.780000686645508,24.440000534057617,24.899999618530273,414681,0.0,0.0
2024-03-21 00:00:00+03:00,25.0,25.5,24.239999771118164,25.200000762939453,494450,0.0,0.0
2024-03-22 00:00:00+03:00,25.18000030517578,27.719999313354492,24.31999969482422,27.399999618530273,1351946,0.0,0.0
2024-03-25 00:00:00+03:00,27.399999618530273,28.739999771118164,26.260000228881836,28.600000381469727,682680,0.0,0.0
2024-03-26 00:00:00+03:00,28.579999923706055,30.299999237060547,27.440000534057617,27.799999237060547,676789,0.0,0.0
2024-03-27 00:00:00+03:00,27.0,28.219999313354492,25.799999237060547,26.34000015258789,437216,0.0,0.0
2024-03-28 00:00:00+03:00,26.34000015258789,27.260000228881836,24.979999542236328,25.399999618530273,442554,0.0,0.0
2024-03-29 00:00:00+03:00,25.3799991607666,26.31999969482422,24.65999984741211,26.100000381469727,306909,0.0,0.0
2024-04-01 00:00:00+03:00,26.799999237060547,28.600000381469727,25.899999618530273,26.579999923706055,1073946,0.0,0.0
2024-04-02 00:00:00+03:00,26.579999923706055,27.579999923706055,25.31999969482422,25.420000076293945,804712,0.0,0.0
2024-04-03 00:00:00+03:00,25.420000076293945,25.459999084472656,24.0,24.0,714174,0.0,0.0
2024-04-04 00:00:00+03:00,23.8799991607666,24.399999618530273,23.579999923706055,23.600000381469727,499478,0.0,0.0
2024-04-05 00:00:00+03:00,24.0,25.139999389648438,23.6200008392334,25.0,651534,0.0,0.0
2024-04-08 00:00:00+03:00,25.5,26.65999984741211,25.079999923706055,26.420000076293945,456860,0.0,0.0
2024-04-15 00:00:00+03:00,26.700000762939453,29.5,25.920000076293945,28.559999465942383,1327401,0.0,0.0
2024-04-16 00:00:00+03:00,28.719999313354492,30.079999923706055,27.040000915527344,27.579999923706055,1890075,0.0,0.0
2024-04-17 00:00:00+03:00,27.600000381469727,29.420000076293945,26.799999237060547,27.479999542236328,1307415,0.0,0.0
2024-04-18 00:00:00+03:00,27.459999084472656,27.780000686645508,26.68000030517578,26.959999084472656,619382,0.0,0.0
2024-04-19 00:00:00+03:00,26.799999237060547,27.219999313354492,26.200000762939453,26.68000030517578,549364,0.0,0.0
2024-04-22 00:00:00+03:00,26.700000762939453,28.979999542236328,26.700000762939453,28.65999984741211,960638,0.0,0.0
2024-04-24 00:00:00+03:00,28.65999984741211,31.520000457763672,28.420000076293945,31.520000457763672,1153311,0.0,0.0
2024-04-25 00:00:00+03:00,33.20000076293945,34.65999984741211,31.520000457763672,31.520000457763672,2920177,0.0,0.0
2024-04-26 00:00:00+03:00,31.520000457763672,34.65999984741211,31.299999237060547,34.65999984741211,4387251,0.0,0.0
2024-04-29 00:00:00+03:00,35.060001373291016,36.20000076293945,31.280000686645508,32.439998626708984,3345580,0.0,0.0
2024-04-30 00:00:00+03:00,32.29999923706055,34.5,30.65999984741211,31.0,2544406,0.0,0.0
2024-05-02 00:00:00+03:00,30.979999542236328,32.0,29.520000457763672,29.559999465942383,1712138,0.0,0.0
2024-05-03 00:00:00+03:00,29.559999465942383,31.399999618530273,29.100000381469727,30.100000381469727,1807170,0.0,0.0
2024-05-06 00:00:00+03:00,29.799999237060547,29.81999969482422,28.399999618530273,29.219999313354492,1172355,0.0,0.0
2024-05-07 00:00:00+03:00,29.219999313354492,29.420000076293945,28.059999465942383,28.6200008392334,789232,0.0,0.0
2024-05-08 00:00:00+03:00,28.6200008392334,30.799999237060547,28.020000457763672,29.18000030517578,1348518,0.0,0.0
2024-05-09 00:00:00+03:00,29.399999618530273,30.959999084472656,29.399999618530273,29.5,1116956,0.0,0.0
2024-05-10 00:00:00+03:00,29.540000915527344,31.479999542236328,28.739999771118164,28.979999542236328,986736,0.0,0.0
2024-05-13 00:00:00+03:00,30.399999618530273,30.399999618530273,27.799999237060547,27.959999084472656,687723,0.0,0.0
2024-05-14 00:00:00+03:00,27.959999084472656,30.0,27.0,28.780000686645508,941225,0.0,0.0
2024-05-15 00:00:00+03:00,28.739999771118164,29.200000762939453,28.079999923706055,28.200000762939453,465952,0.0,0.0
2024-05-16 00:00:00+03:00,28.280000686645508,29.0,27.81999969482422,28.520000457763672,569840,0.0,0.0
2024-05-17 00:00:00+03:00,28.0,28.68000030517578,27.200000762939453,27.68000030517578,889868,0.0,0.0
2024-05-20 00:00:00+03:00,27.700000762939453,28.200000762939453,26.940000534057617,27.899999618530273,864674,0.0,0.0
2024-05-21 00:00:00+03:00,28.0,29.600000381469727,27.739999771118164,28.079999923706055,1124504,0.0,0.0
2024-05-22 00:00:00+03:00,28.059999465942383,29.459999084472656,27.81999969482422,28.68000030517578,662885,0.0,0.0
2024-05-23 00:00:00+03:00,28.68000030517578,28.68000030517578,27.600000381469727,28.18000030517578,548324,0.0,0.0
2024-05-24 00:00:00+03:00,28.139999389648438,28.139999389648438,27.100000381469727,27.700000762939453,360876,0.0,0.0
2024-05-27 00:00:00+03:00,27.700000762939453,27.700000762939453,26.31999969482422,26.479999542236328,501933,0.0,0.0
2024-05-28 00:00:00+03:00,26.459999084472656,27.1200008392334,26.0,26.399999618530273,361534,0.0,0.0
2024-05-29 00:00:00+03:00,26.399999618530273,26.5,25.440000534057617,25.719999313354492,557337,0.0,0.0
2024-05-30 00:00:00+03:00,25.739999771118164,26.8799991607666,25.1200008392334,26.8799991607666,440713,0.0,0.0
2024-05-31 00:00:00+03:00,26.8799991607666,27.399999618530273,26.34000015258789,26.440000534057617,419262,0.0,0.0
2024-06-03 00:00:00+03:00,26.700000762939453,26.700000762939453,25.0,25.239999771118164,457498,0.0,0.0
2024-06-04 00:00:00+03:00,25.239999771118164,27.760000228881836,25.100000381469727,27.299999237060547,1553715,0.0,0.0
2024-06-05 00:00:00+03:00,27.200000762939453,27.200000762939453,25.0,25.15999984741211,1132993,0.0,0.0
2024-06-06 00:00:00+03:00,25.15999984741211,27.239999771118164,25.15999984741211,25.860000610351562,732242,0.0,0.0
2024-06-07 00:00:00+03:00,25.860000610351562,26.459999084472656,24.600000381469727,24.6200008392334,367470,0.0,0.0
2024-06-10 00:00:00+03:00,24.6200008392334,24.940000534057617,23.5,24.1200008392334,474646,0.0,0.0
2024-06-11 00:00:00+03:00,24.299999237060547,24.420000076293945,23.079999923706055,23.299999237060547,556479,0.0,0.0
2024-06-12 00:00:00+03:00,23.280000686645508,23.979999542236328,22.860000610351562,23.0,510361,0.0,0.0
2024-06-13 00:00:00+03:00,22.34000015258789,24.200000762939453,22.34000015258789,24.1200008392334,401321,0.0,0.0
2024-06-14 00:00:00+03:00,24.139999389648438,24.5,23.280000686645508,24.0,373673,0.0,0.0
2024-06-20 00:00:00+03:00,24.479999542236328,24.540000915527344,23.959999084472656,24.299999237060547,238220,0.0,0.0
2024-06-21 00:00:00+03:00,24.280000686645508,24.760000228881836,23.860000610351562,24.239999771118164,338156,0.0,0.0
2024-06-24 00:00:00+03:00,24.239999771118164,24.299999237060547,22.399999618530273,22.739999771118164,537629,0.0,0.0
2024-06-25 00:00:00+03:00,22.739999771118164,23.15999984741211,22.0,22.0,399375,0.0,0.0
2024-06-26 00:00:00+03:00,22.34000015258789,23.5,20.700000762939453,20.719999313354492,1282591,0.0,0.0
2024-06-27 00:00:00+03:00,21.0,22.1200008392334,21.0,21.719999313354492,799149,0.0,0.0
2024-06-28 00:00:00+03:00,21.739999771118164,22.139999389648438,20.81999969482422,20.979999542236328,557869,0.0,0.0
2024-07-01 00:00:00+03:00,18.889999389648438,21.639999389648438,18.889999389648438,19.3799991607666,266650,0.0,0.0
2024-07-02 00:00:00+03:00,19.5,20.899999618530273,19.280000686645508,20.479999542236328,261774,0.0,0.0
2024-07-03 00:00:00+03:00,20.479999542236328,22.520000457763672,20.479999542236328,22.520000457763672,372408,0.0,0.0
2024-07-04 00:00:00+03:00,23.479999542236328,24.760000228881836,23.0,24.760000228881836,316474,0.0,0.0
2024-07-05 00:00:00+03:00,26.979999542236328,27.219999313354492,25.81999969482422,27.219999313354492,903517,0.0,0.0
2024-07-08 00:00:00+03:00,27.299999237060547,28.100000381469727,25.18000030517578,25.760000228881836,670934,0.0,0.0
2024-07-09 00:00:00+03:00,25.760000228881836,28.31999969482422,24.8799991607666,28.31999969482422,662690,0.0,0.0
2024-07-10 00:00:00+03:00,28.31999969482422,30.0,27.0,29.0,649261,0.0,0.0
2024-07-11 00:00:00+03:00,28.81999969482422,29.18000030517578,27.079999923706055,27.739999771118164,472589,0.0,0.0
2024-07-12 00:00:00+03:00,27.739999771118164,27.979999542236328,26.0,26.3799991607666,345388,0.0,0.0
2024-07-16 00:00:00+03:00,26.3799991607666,27.18000030517578,24.799999237060547,25.280000686645508,448967,0.0,0.0
2024-07-17 00:00:00+03:00,22.760000228881836,24.899999618530273,22.760000228881836,22.81999969482422,1109445,0.0,0.0
2024-07-18 00:00:00+03:00,21.979999542236328,25.100000381469727,21.899999618530273,25.100000381469727,747715,0.0,0.0
2024-07-19 00:00:00+03:00,27.600000381469727,27.600000381469727,25.100000381469727,26.200000762939453,773714,0.0,0.0
2024-07-22 00:00:00+03:00,27.700000762939453,27.700000762939453,25.020000457763672,25.219999313354492,478873,0.0,0.0
2024-07-23 00:00:00+03:00,25.219999313354492,26.979999542236328,23.959999084472656,25.65999984741211,606228,0.0,0.0
2024-07-24 00:00:00+03:00,25.200000762939453,25.600000381469727,24.5,24.799999237060547,434552,0.0,0.0
2024-07-25 00:00:00+03:00,24.200000762939453,24.68000030517578,23.440000534057617,24.040000915527344,399860,0.0,0.0
2024-07-26 00:00:00+03:00,24.0,24.84000015258789,23.6200008392334,24.34000015258789,289147,0.0,0.0
2024-07-29 00:00:00+03:00,24.0,24.0,23.0,23.0,396454,0.0,0.0
2024-07-30 00:00:00+03:00,23.0,23.700000762939453,22.700000762939453,23.3799991607666,319980,0.0,0.0
2024-07-31 00:00:00+03:00,22.979999542236328,23.200000762939453,22.18000030517578,22.219999313354492,240979,0.0,0.0
2024-08-01 00:00:00+03:00,22.780000686645508,24.440000534057617,22.559999465942383,24.440000534057617,327423,0.0,0.0
2024-08-02 00:00:00+03:00,25.68000030517578,25.68000030517578,23.579999923706055,24.0,469738,0.0,0.0
2024-08-05 00:00:00+03:00,21.6200008392334,23.8799991607666,21.6200008392334,22.100000381469727,321657,0.0,0.0
2024-08-06 00:00:00+03:00,22.280000686645508,24.200000762939453,22.100000381469727,22.479999542236328,324864,0.0,0.0
2024-08-07 00:00:00+03:00,22.84000015258789,23.079999923706055,22.100000381469727,22.15999984741211,259873,0.0,0.0
2024-08-08 00:00:00+03:00,22.18000030517578,22.479999542236328,21.3799991607666,22.280000686645508,577434,0.0,0.0
2024-08-09 00:00:00+03:00,21.780000686645508,22.65999984741211,21.5,21.860000610351562,267749,0.0,0.0
2024-08-12 00:00:00+03:00,21.860000610351562,22.3799991607666,21.200000762939453,21.299999237060547,287214,0.0,0.0
2024-08-13 00:00:00+03:00,21.299999237060547,23.3799991607666,20.979999542236328,23.059999465942383,547269,0.0,0.0
2024-08-14 00:00:00+03:00,22.239999771118164,23.0,22.0,22.200000762939453,310224,0.0,0.0
2024-08-15 00:00:00+03:00,22.18000030517578,22.5,21.5,21.899999618530273,274335,0.0,0.0
2024-08-16 00:00:00+03:00,21.899999618530273,22.040000915527344,21.440000534057617,21.600000381469727,239322,0.0,0.0
2024-08-19 00:00:00+03:00,21.600000381469727,22.100000381469727,21.079999923706055,21.600000381469727,275627,0.0,0.0
2024-08-20 00:00:00+03:00,21.600000381469727,21.719999313354492,21.0,21.18000030517578,242287,0.0,0.0
2024-08-21 00:00:00+03:00,21.18000030517578,21.420000076293945,20.739999771118164,20.959999084472656,195584,0.0,0.0
2024-08-22 00:00:00+03:00,20.959999084472656,21.420000076293945,20.0,21.0,303810,0.0,0.0
2024-08-23 00:00:00+03:00,20.8799991607666,21.200000762939453,20.219999313354492,20.219999313354492,205912,0.0,0.0
2024-08-26 00:00:00+03:00,20.020000457763672,20.799999237060547,19.81999969482422,19.899999618530273,221085,0.0,0.0
2024-08-27 00:00:00+03:00,19.360000610351562,20.3799991607666,19.360000610351562,19.799999237060547,199507,0.0,0.0
2024-08-28 00:00:00+03:00,19.969999313354492,20.799999237060547,19.649999618530273,19.90999984741211,173646,0.0,0.0
2024-08-29 00:00:00+03:00,19.90999984741211,20.040000915527344,19.719999313354492,20.0,148436,0.0,0.0
2024-09-02 00:00:00+03:00,20.020000457763672,20.479999542236328,19.799999237060547,20.280000686645508,193417,0.0,0.0
2024-09-03 00:00:00+03:00,20.280000686645508,20.479999542236328,19.270000457763672,19.8700008392334,219492,0.0,0.0
2024-09-04 00:00:00+03:00,19.850000381469727,20.1200008392334,19.579999923706055,19.719999313354492,165761,0.0,0.0
2024-09-05 00:00:00+03:00,19.75,21.68000030517578,19.579999923706055,21.68000030517578,520450,0.0,0.0
2024-09-06 00:00:00+03:00,21.700000762939453,23.0,21.34000015258789,22.260000228881836,514322,0.0,0.0
2024-09-09 00:00:00+03:00,20.719999313354492,22.18000030517578,20.459999084472656,20.6200008392334,342092,0.0,0.0
2024-09-10 00:00:00+03:00,20.479999542236328,20.8799991607666,19.969999313354492,20.440000534057617,273551,0.0,0.0
2024-09-11 00:00:00+03:00,20.299999237060547,21.059999465942383,19.959999084472656,20.0,382933,0.0,0.0
2024-09-12 00:00:00+03:00,20.040000915527344,20.5,19.200000762939453,20.059999465942383,299024,0.0,0.0
2024-09-13 00:00:00+03:00,20.100000381469727,20.600000381469727,19.520000457763672,20.059999465942383,179143,0.0,0.0
2024-09-16 00:00:00+03:00,20.219999313354492,22.059999465942383,20.059999465942383,22.059999465942383,658564,0.0,0.0
2024-09-17 00:00:00+03:00,21.540000915527344,23.399999618530273,20.559999465942383,22.8799991607666,652850,0.0,0.0
2024-09-18 00:00:00+03:00,22.479999542236328,25.15999984741211,22.020000457763672,25.15999984741211,753760,0.0,0.0
2024-09-19 00:00:00+03:00,25.15999984741211,27.5,23.959999084472656,24.0,635523,0.0,0.0
2024-09-20 00:00:00+03:00,24.0,26.399999618530273,22.799999237060547,26.399999618530273,829407,0.0,0.0
2024-09-23 00:00:00+03:00,26.299999237060547,29.040000915527344,25.079999923706055,29.040000915527344,863010,0.0,0.0
2024-09-24 00:00:00+03:00,29.100000381469727,31.139999389648438,27.799999237060547,29.600000381469727,1208067,0.0,0.0
2024-09-25 00:00:00+03:00,28.5,30.440000534057617,28.31999969482422,29.5,735024,0.0,0.0
2024-09-26 00:00:00+03:00,29.459999084472656,29.739999771118164,28.0,29.1200008392334,461189,0.0,0.0
2024-09-27 00:00:00+03:00,29.020000457763672,32.02000045776367,28.0,29.739999771118164,1317140,0.0,0.0
2024-09-30 00:00:00+03:00,28.959999084472656,29.639999389648438,28.0,28.559999465942383,629277,0.0,0.0
2024-10-01 00:00:00+03:00,28.5,31.0,27.979999542236328,30.979999542236328,2382100,0.0,0.0
2024-10-02 00:00:00+03:00,28.559999465942383,30.5,28.559999465942383,29.579999923706055,442326,0.0,0.0
2024-10-03 00:00:00+03:00,29.5,30.0,28.059999465942383,28.639999389648438,301809,0.0,0.0
2024-10-04 00:00:00+03:00,28.1200008392334,29.860000610351562,27.0,29.799999237060547,767788,0.0,0.0
2024-10-07 00:00:00+03:00,29.780000686645508,30.81999969482422,28.8799991607666,30.459999084472656,609442,0.0,0.0
2024-10-08 00:00:00+03:00,30.18000030517578,31.700000762939453,29.5,31.040000915527344,218603,0.0,0.0
2024-10-09 00:00:00+03:00,31.040000915527344,32.7599983215332,30.65999984741211,32.7400016784668,1415683,0.0,0.0
2024-10-10 00:00:00+03:00,32.97999954223633,33.459999084472656,32.7400016784668,33.459999084472656,291924,0.0,0.0
2024-10-11 00:00:00+03:00,33.459999084472656,33.70000076293945,32.0,32.47999954223633,901318,0.0,0.0
2024-10-14 00:00:00+03:00,32.5,32.900001525878906,30.040000915527344,31.440000534057617,416893,0.0,0.0
2024-10-15 00:00:00+03:00,31.3799991607666,33.0,30.559999465942383,32.959999084472656,975214,0.0,0.0
2024-10-16 00:00:00+03:00,32.959999084472656,34.880001068115234,32.2400016784668,32.97999954223633,216423,0.0,0.0
2024-10-17 00:00:00+03:00,32.97999954223633,33.2400016784668,31.100000381469727,31.100000381469727,269285,0.0,0.0
2024-10-18 00:00:00+03:00,31.100000381469727,32.97999954223633,30.959999084472656,31.899999618530273,479024,0.0,0.0
2024-10-21 00:00:00+03:00,31.860000610351562,33.400001525878906,31.100000381469727,31.940000534057617,150404,0.0,0.0
2024-10-22 00:00:00+03:00,31.940000534057617,31.979999542236328,30.399999618530273,31.5,138455,0.0,0.0
2024-10-23 00:00:00+03:00,31.34000015258789,31.979999542236328,30.6200008392334,30.6200008392334,141651,0.0,0.0
2024-10-24 00:00:00+03:00,30.6200008392334,31.100000381469727,30.0,30.299999237060547,216657,0.0,0.0
2024-10-25 00:00:00+03:00,30.299999237060547,30.299999237060547,28.559999465942383,28.559999465942383,260244,0.0,0.0
2024-10-28 00:00:00+03:00,28.559999465942383,29.0,27.600000381469727,28.520000457763672,51696,0.0,0.0
2024-10-30 00:00:00+03:00,28.219999313354492,28.479999542236328,26.5,27.799999237060547,217346,0.0,0.0
2024-10-31 00:00:00+03:00,27.100000381469727,28.360000610351562,26.559999465942383,27.399999618530273,148697,0.0,0.0
2024-11-01 00:00:00+03:00,26.600000381469727,27.5,26.5,26.979999542236328,192350,0.0,0.0
2024-11-04 00:00:00+03:00,26.959999084472656,26.959999084472656,25.399999618530273,25.399999618530273,182782,0.0,0.0
2024-11-05 00:00:00+03:00,26.0,27.940000534057617,25.65999984741211,27.1200008392334,580981,0.0,0.0
2024-11-06 00:00:00+03:00,25.5,28.200000762939453,25.0,27.139999389648438,530412,0.0,0.0
2024-11-07 00:00:00+03:00,26.5,27.5,26.0,26.15999984741211,289255,0.0,0.0
2024-11-08 00:00:00+03:00,26.0,27.3799991607666,25.760000228881836,27.0,237654,0.0,0.0
2024-11-11 00:00:00+03:00,26.979999542236328,27.780000686645508,26.18000030517578,27.360000610351562,186161,0.0,0.0
2024-11-12 00:00:00+03:00,27.0,29.059999465942383,26.65999984741211,27.860000610351562,169235,0.0,0.0
2024-11-13 00:00:00+03:00,27.479999542236328,28.0,26.5,26.65999984741211,248089,0.0,0.0
2024-11-14 00:00:00+03:00,26.479999542236328,27.3799991607666,26.059999465942383,27.15999984741211,148059,0.0,0.0
2024-11-15 00:00:00+03:00,27.0,27.899999618530273,26.540000915527344,27.239999771118164,131649,0.0,0.0
2024-11-18 00:00:00+03:00,27.239999771118164,29.940000534057617,26.5,29.34000015258789,385639,0.0,0.0
2024-11-19 00:00:00+03:00,28.739999771118164,31.799999237060547,28.700000762939453,30.600000381469727,669179,0.0,0.0
2024-11-20 00:00:00+03:00,30.5,32.099998474121094,29.0,30.5,353103,0.0,0.0
2024-11-21 00:00:00+03:00,29.0,30.0,29.0,29.860000610351562,224454,0.0,0.0
2024-11-22 00:00:00+03:00,29.579999923706055,30.139999389648438,28.520000457763672,28.899999618530273,186215,0.0,0.0
2024-11-25 00:00:00+03:00,28.8799991607666,29.440000534057617,28.059999465942383,28.100000381469727,235280,0.0,0.0
2024-11-26 00:00:00+03:00,28.200000762939453,30.579999923706055,28.0,30.579999923706055,318315,0.0,0.0
2024-11-27 00:00:00+03:00,30.040000915527344,32.720001220703125,29.600000381469727,32.599998474121094,1116384,0.0,0.0
2024-11-28 00:00:00+03:00,32.400001525878906,33.13999938964844,31.1200008392334,31.81999969482422,411314,0.0,0.0
2024-11-29 00:00:00+03:00,31.68000030517578,34.599998474121094,30.139999389648438,34.599998474121094,677401,0.0,0.0
2024-12-02 00:00:00+03:00,34.400001525878906,35.79999923706055,33.5,34.86000061035156,686457,0.0,0.0
2024-12-03 00:00:00+03:00,34.15999984741211,35.08000183105469,33.5,33.540000915527344,312841,0.0,0.0
2024-12-04 00:00:00+03:00,33.540000915527344,34.900001525878906,32.15999984741211,34.5,491948,0.0,0.0
2024-12-05 00:00:00+03:00,33.959999084472656,35.900001525878906,33.2599983215332,35.880001068115234,506640,0.0,0.0
2024-12-06 00:00:00+03:00,35.880001068115234,36.70000076293945,35.02000045776367,36.18000030517578,339660,0.0,0.0
2024-12-09 00:00:00+03:00,36.18000030517578,36.599998474121094,34.560001373291016,36.13999938964844,437543,0.0,0.0
2024-12-10 00:00:00+03:00,35.97999954223633,36.31999969482422,34.79999923706055,36.31999969482422,318680,0.0,0.0
2024-12-11 00:00:00+03:00,36.2400016784668,36.2400016784668,35.0,36.0,230852,0.0,0.0
2024-12-12 00:00:00+03:00,35.939998626708984,36.20000076293945,34.779998779296875,35.58000183105469,215137,0.0,0.0
2024-12-13 00:00:00+03:00,35.5,36.20000076293945,34.720001220703125,35.02000045776367,396088,0.0,0.0
2024-12-16 00:00:00+03:00,35.02000045776367,37.97999954223633,34.97999954223633,36.79999923706055,527595,0.0,0.0
2024-12-17 00:00:00+03:00,36.880001068115234,37.439998626708984,35.08000183105469,35.86000061035156,236901,0.0,0.0
2024-12-18 00:00:00+03:00,35.86000061035156,36.0,34.040000915527344,34.040000915527344,264629,0.0,0.0
2024-12-19 00:00:00+03:00,34.0,34.040000915527344,30.920000076293945,32.099998474121094,276987,0.0,0.0
2024-12-20 00:00:00+03:00,32.099998474121094,33.380001068115234,30.639999389648438,31.979999542236328,169299,0.0,0.0
2024-12-23 00:00:00+03:00,31.600000381469727,33.5,30.579999923706055,31.34000015258789,184277,0.0,0.0
2024-12-24 00:00:00+03:00,31.34000015258789,31.940000534057617,30.6200008392334,30.6200008392334,154618,0.0,0.0
2024-12-25 00:00:00+03:00,30.739999771118164,31.299999237060547,30.219999313354492,30.31999969482422,134043,0.0,0.0
2024-12-26 00:00:00+03:00,30.079999923706055,31.940000534057617,30.079999923706055,30.739999771118164,150268,0.0,0.0
2024-12-27 00:00:00+03:00,30.739999771118164,31.959999084472656,30.399999618530273,30.780000686645508,227500,0.0,0.0
2024-12-30 00:00:00+03:00,30.899999618530273,30.899999618530273,29.399999618530273,29.700000762939453,241486,0.0,0.0
2024-12-31 00:00:00+03:00,29.700000762939453,32.41999816894531,29.65999984741211,32.0,205175,0.0,0.0
2025-01-02 00:00:00+03:00,32.0,32.0,30.899999618530273,31.34000015258789,126065,0.0,0.0
2025-01-03 00:00:00+03:00,31.079999923706055,31.8799991607666,30.15999984741211,30.899999618530273,144094,0.0,0.0
2025-01-06 00:00:00+03:00,31.0,31.68000030517578,30.780000686645508,30.799999237060547,237262,0.0,0.0
2025-01-07 00:00:00+03:00,31.0,32.0,30.899999618530273,31.6200008392334,251920,0.0,0.0
2025-01-08 00:00:00+03:00,31.6200008392334,31.8799991607666,31.020000457763672,31.34000015258789,162335,0.0,0.0
2025-01-09 00:00:00+03:00,31.34000015258789,31.719999313354492,30.959999084472656,30.979999542236328,109572,0.0,0.0
2025-01-10 00:00:00+03:00,31.0,31.479999542236328,30.479999542236328,30.6200008392334,94236,0.0,0.0
2025-01-13 00:00:00+03:00,30.6200008392334,31.079999923706055,29.700000762939453,30.399999618530273,136203,0.0,0.0
2025-01-14 00:00:00+03:00,30.420000076293945,30.8799991607666,29.0,30.040000915527344,105316,0.0,0.0
2025-01-15 00:00:00+03:00,30.040000915527344,30.31999969482422,28.559999465942383,28.8799991607666,122097,0.0,0.0
2025-01-16 00:00:00+03:00,28.8799991607666,31.0,28.479999542236328,30.399999618530273,213092,0.0,0.0
2025-01-17 00:00:00+03:00,30.399999618530273,31.5,29.600000381469727,30.979999542236328,125725,0.0,0.0
2025-01-20 00:00:00+03:00,30.780000686645508,31.719999313354492,29.600000381469727,30.020000457763672,195519,0.0,0.0
2025-01-21 00:00:00+03:00,30.020000457763672,30.3799991607666,29.020000457763672,29.440000534057617,89703,0.0,0.0
2025-01-22 00:00:00+03:00,29.440000534057617,30.780000686645508,29.239999771118164,30.6200008392334,204807,0.0,0.0
2025-01-23 00:00:00+03:00,30.6200008392334,32.0,29.719999313354492,32.0,228277,0.0,0.0
2025-01-24 00:00:00+03:00,31.979999542236328,31.979999542236328,31.219999313354492,31.299999237060547,91077,0.0,0.0
2025-01-27 00:00:00+03:00,31.15999984741211,31.15999984741211,30.0,30.15999984741211,80499,0.0,0.0
2025-01-28 00:00:00+03:00,30.15999984741211,30.600000381469727,30.15999984741211,30.280000686645508,69500,0.0,0.0
2025-01-29 00:00:00+03:00,30.299999237060547,31.979999542236328,30.0,30.520000457763672,177251,0.0,0.0
2025-01-30 00:00:00+03:00,30.479999542236328,30.479999542236328,30.0,30.0,85634,0.0,0.0
2025-01-31 00:00:00+03:00,30.0,30.719999313354492,29.299999237060547,29.719999313354492,110741,0.0,0.0
2025-02-03 00:00:00+03:00,29.68000030517578,29.979999542236328,28.6200008392334,29.040000915527344,84426,0.0,0.0
2025-02-04 00:00:00+03:00,29.040000915527344,30.8799991607666,28.600000381469727,30.459999084472656,144576,0.0,0.0
2025-02-05 00:00:00+03:00,29.979999542236328,30.299999237060547,28.899999618530273,28.899999618530273,94132,0.0,0.0
2025-02-06 00:00:00+03:00,29.100000381469727,29.899999618530273,28.219999313354492,29.18000030517578,117698,0.0,0.0
2025-02-07 00:00:00+03:00,29.079999923706055,30.0,28.579999923706055,30.0,348680,0.0,0.0
2025-02-10 00:00:00+03:00,29.520000457763672,31.31999969482422,29.520000457763672,30.84000015258789,789445,0.0,0.0
2025-02-11 00:00:00+03:00,31.0,31.899999618530273,30.399999618530273,31.799999237060547,934384,0.0,0.0
2025-02-12 00:00:00+03:00,31.020000457763672,32.97999954223633,31.020000457763672,32.040000915527344,681092,0.0,0.0
2025-02-13 00:00:00+03:00,31.959999084472656,33.0,31.399999618530273,32.900001525878906,445062,0.0,0.0
2025-02-14 00:00:00+03:00,32.5,33.47999954223633,31.959999084472656,32.36000061035156,404068,0.0,0.0
2025-02-17 00:00:00+03:00,32.29999923706055,32.34000015258789,30.719999313354492,31.559999465942383,402494,0.0,0.0
2025-02-18 00:00:00+03:00,30.81999969482422,32.900001525878906,29.600000381469727,31.059999465942383,582376,0.0,0.0
2025-02-19 00:00:00+03:00,30.760000228881836,31.700000762939453,30.200000762939453,31.700000762939453,393630,0.0,0.0
2025-02-20 00:00:00+03:00,31.5,31.899999618530273,30.399999618530273,31.299999237060547,631752,0.0,0.0
2025-02-21 00:00:00+03:00,30.860000610351562,31.600000381469727,30.65999984741211,31.200000762939453,499618,0.0,0.0
2025-02-24 00:00:00+03:00,31.0,31.3799991607666,30.0,30.540000915527344,335137,0.0,0.0
2025-02-25 00:00:00+03:00,30.299999237060547,30.520000457763672,29.059999465942383,29.299999237060547,171089,0.0,0.0
2025-02-26 00:00:00+03:00,29.65999984741211,30.0,28.540000915527344,30.0,226083,0.0,0.0
2025-02-27 00:00:00+03:00,29.899999618530273,29.899999618530273,29.0,29.5,131586,0.0,0.0
2025-02-28 00:00:00+03:00,29.479999542236328,30.5,28.979999542236328,30.5,313427,0.0,0.0
2025-03-03 00:00:00+03:00,30.0,30.0,29.34000015258789,29.84000015258789,1139912,0.0,0.0
2025-03-04 00:00:00+03:00,29.780000686645508,29.920000076293945,28.600000381469727,29.920000076293945,248855,0.0,0.0
2025-03-05 00:00:00+03:00,29.5,30.5,29.1200008392334,29.979999542236328,931927,0.0,0.0
2025-03-06 00:00:00+03:00,29.8799991607666,30.18000030517578,29.299999237060547,29.760000228881836,592291,0.0,0.0
2025-03-07 00:00:00+03:00,29.299999237060547,29.760000228881836,29.219999313354492,29.399999618530273,246003,0.0,0.0
2025-03-10 00:00:00+03:00,29.3799991607666,29.639999389648438,28.700000762939453,29.31999969482422,282661,0.0,0.0
2025-03-11 00:00:00+03:00,29.5,29.5,28.5,28.860000610351562,303426,0.0,0.0
2025-03-12 00:00:00+03:00,29.200000762939453,29.31999969482422,27.760000228881836,27.920000076293945,357717,0.0,0.0
2025-03-13 00:00:00+03:00,28.0,28.780000686645508,28.0,28.399999618530273,440572,0.0,0.0
2025-03-14 00:00:00+03:00,28.399999618530273,28.719999313354492,27.860000610351562,28.459999084472656,449075,0.0,0.0
2025-03-17 00:00:00+03:00,29.5,29.520000457763672,28.040000915527344,28.600000381469727,478691,0.0,0.0
2025-03-18 00:00:00+03:00,28.559999465942383,28.799999237060547,27.899999618530273,28.399999618530273,445080,0.0,0.0
2025-03-19 00:00:00+03:00,27.399999618530273,27.959999084472656,25.559999465942383,25.559999465942383,546710,0.0,0.0
2025-03-20 00:00:00+03:00,24.6200008392334,25.540000915527344,24.020000457763672,24.139999389648438,802971,0.0,0.0
2025-03-21 00:00:00+03:00,24.139999389648438,24.139999389648438,21.739999771118164,21.739999771118164,626849,0.0,0.0
2025-03-24 00:00:00+03:00,21.0,23.5,21.0,23.0,576651,0.0,0.0
2025-03-25 00:00:00+03:00,23.299999237060547,24.700000762939453,22.299999237060547,23.780000686645508,449954,0.0,0.0
2025-03-26 00:00:00+03:00,23.5,23.979999542236328,22.520000457763672,23.399999618530273,436077,0.0,0.0
2025-03-27 00:00:00+03:00,23.600000381469727,23.719999313354492,22.81999969482422,22.81999969482422,262040,0.0,0.0
2025-03-28 00:00:00+03:00,22.81999969482422,23.440000534057617,22.479999542236328,23.15999984741211,225070,0.0,0.0
2025-04-02 00:00:00+03:00,23.200000762939453,24.3799991607666,22.360000610351562,23.020000457763672,399086,0.0,0.0
2025-04-03 00:00:00+03:00,23.0,23.5,22.65999984741211,23.100000381469727,290418,0.0,0.0
2025-04-04 00:00:00+03:00,22.979999542236328,23.459999084472656,22.719999313354492,22.81999969482422,146383,0.0,0.0
2025-04-07 00:00:00+03:00,22.81999969482422,23.739999771118164,21.700000762939453,23.200000762939453,208868,0.0,0.0
2025-04-08 00:00:00+03:00,23.200000762939453,24.520000457763672,23.059999465942383,24.1200008392334,255849,0.0,0.0
2025-04-09 00:00:00+03:00,24.0,25.0,24.0,24.200000762939453,240460,0.0,0.0
2025-04-10 00:00:00+03:00,24.200000762939453,25.0,23.860000610351562,24.31999969482422,166254,0.0,0.0
2025-04-11 00:00:00+03:00,24.280000686645508,24.280000686645508,23.34000015258789,23.34000015258789,149396,0.0,0.0
2025-04-14 00:00:00+03:00,23.34000015258789,23.65999984741211,22.8799991607666,22.8799991607666,222177,0.0,0.0
2025-04-15 00:00:00+03:00,23.1200008392334,23.239999771118164,22.0,22.280000686645508,253444,0.0,0.0
2025-04-16 00:00:00+03:00,22.299999237060547,24.5,22.0,24.5,511134,0.0,0.0
2025-04-17 00:00:00+03:00,24.959999084472656,26.940000534057617,24.8799991607666,26.940000534057617,306305,0.0,0.0
2025-04-18 00:00:00+03:00,28.559999465942383,28.559999465942383,24.520000457763672,26.5,710684,0.0,0.0
2025-04-21 00:00:00+03:00,25.579999923706055,26.399999618530273,24.65999984741211,24.719999313354492,390589,0.0,0.0
2025-04-22 00:00:00+03:00,24.280000686645508,24.5,23.399999618530273,24.0,313987,0.0,0.0
2025-04-24 00:00:00+03:00,23.959999084472656,24.979999542236328,23.260000228881836,24.040000915527344,178696,0.0,0.0
2025-04-25 00:00:00+03:00,24.0,24.0,23.600000381469727,23.940000534057617,164499,0.0,0.0
2025-04-28 00:00:00+03:00,23.940000534057617,24.31999969482422,22.899999618530273,22.899999618530273,186756,0.0,0.0
2025-04-29 00:00:00+03:00,22.920000076293945,25.18000030517578,22.920000076293945,25.18000030517578,436983,0.0,0.0
2025-04-30 00:00:00+03:00,26.399999618530273,26.399999618530273,23.600000381469727,23.860000610351562,534769,0.0,0.0
2025-05-02 00:00:00+03:00,23.860000610351562,25.079999923706055,23.84000015258789,24.639999389648438,254507,0.0,0.0
2025-05-05 00:00:00+03:00,24.639999389648438,25.239999771118164,23.479999542236328,24.299999237060547,229769,0.0,0.0
2025-05-06 00:00:00+03:00,24.239999771118164,24.719999313354492,24.0,24.440000534057617,186047,0.0,0.0
2025-05-07 00:00:00+03:00,24.440000534057617,24.440000534057617,23.700000762939453,23.739999771118164,290349,0.0,0.0
2025-05-08 00:00:00+03:00,23.5,24.100000381469727,23.440000534057617,23.899999618530273,134904,0.0,0.0
2025-05-09 00:00:00+03:00,23.520000457763672,24.559999465942383,23.020000457763672,24.559999465942383,235285,0.0,0.0
2025-05-12 00:00:00+03:00,25.31999969482422,25.31999969482422,24.100000381469727,24.200000762939453,279154,0.0,0.0
2025-05-13 00:00:00+03:00,24.200000762939453,24.5,23.719999313354492,24.399999618530273,233384,0.0,0.0
2025-05-14 00:00:00+03:00,24.31999969482422,26.84000015258789,24.020000457763672,26.84000015258789,1274579,0.0,0.0
2025-05-15 00:00:00+03:00,26.260000228881836,27.200000762939453,25.600000381469727,25.760000228881836,648059,0.0,0.0
2025-05-16 00:00:00+03:00,25.760000228881836,26.200000762939453,24.81999969482422,25.479999542236328,309410,0.0,0.0
2025-05-20 00:00:00+03:00,25.040000915527344,27.600000381469727,24.899999618530273,27.239999771118164,611925,0.0,0.0
2025-05-21 00:00:00+03:00,27.020000457763672,27.3799991607666,25.84000015258789,26.020000457763672,465361,0.0,0.0
2025-05-22 00:00:00+03:00,25.799999237060547,26.600000381469727,25.399999618530273,25.81999969482422,279617,0.0,0.0
2025-05-23 00:00:00+03:00,24.8799991607666,25.420000076293945,24.420000076293945,24.65999984741211,332641,0.0,0.0
2025-05-26 00:00:00+03:00,24.65999984741211,24.940000534057617,23.780000686645508,23.899999618530273,306362,0.0,0.0
2025-05-27 00:00:00+03:00,23.959999084472656,24.739999771118164,23.579999923706055,24.280000686645508,272771,0.0,0.0
2025-05-28 00:00:00+03:00,24.280000686645508,24.6200008392334,23.600000381469727,23.84000015258789,196480,0.0,0.0
2025-05-29 00:00:00+03:00,23.84000015258789,24.0,23.5,23.68000030517578,133132,0.0,0.0
2025-05-30 00:00:00+03:00,23.399999618530273,23.899999618530273,23.0,23.15999984741211,165073,0.0,0.0
2025-06-02 00:00:00+03:00,23.15999984741211,23.479999542236328,22.31999969482422,22.8799991607666,157209,0.0,0.0
2025-06-03 00:00:00+03:00,22.860000610351562,23.5,22.84000015258789,23.100000381469727,140691,0.0,0.0
2025-06-04 00:00:00+03:00,23.459999084472656,24.200000762939453,22.65999984741211,23.84000015258789,158408,0.0,0.0
2025-06-05 00:00:00+03:00,24.200000762939453,24.420000076293945,23.059999465942383,24.0,65128,0.0,0.0
2025-06-10 00:00:00+03:00,24.020000457763672,24.31999969482422,23.399999618530273,24.040000915527344,259073,0.0,0.0
2025-06-11 00:00:00+03:00,24.040000915527344,24.18000030517578,23.540000915527344,23.65999984741211,164793,0.0,0.0
2025-06-12 00:00:00+03:00,23.639999389648438,25.0,23.200000762939453,23.959999084472656,345397,0.0,0.0
2025-06-13 00:00:00+03:00,22.399999618530273,23.479999542236328,21.579999923706055,22.639999389648438,338009,0.0,0.0
2025-06-16 00:00:00+03:00,22.479999542236328,23.5,22.0,22.719999313354492,254734,0.0,0.0
2025-06-17 00:00:00+03:00,22.719999313354492,23.31999969482422,22.0,22.420000076293945,264057,0.0,0.0
2025-06-18 00:00:00+03:00,22.360000610351562,22.360000610351562,21.68000030517578,21.760000228881836,295478,0.0,0.0
2025-06-19 00:00:00+03:00,21.6200008392334,22.479999542236328,21.6200008392334,22.0,174409,0.0,0.0
2025-06-20 00:00:00+03:00,22.0,22.219999313354492,21.6200008392334,21.719999313354492,115256,0.0,0.0
2025-06-23 00:00:00+03:00,21.1200008392334,21.6200008392334,20.780000686645508,20.780000686645508,303262,0.0,0.0
2025-06-24 00:00:00+03:00,21.139999389648438,22.0,21.0,21.440000534057617,210128,0.0,0.0
2025-06-25 00:00:00+03:00,21.65999984741211,21.959999084472656,21.100000381469727,21.200000762939453,244262,0.0,0.0
2025-06-26 00:00:00+03:00,21.420000076293945,23.31999969482422,21.200000762939453,23.31999969482422,630418,0.0,0.0
2025-06-27 00:00:00+03:00,23.239999771118164,24.040000915527344,22.100000381469727,22.559999465942383,365412,0.0,0.0
2025-06-30 00:00:00+03:00,22.1200008392334,22.899999618530273,21.639999389648438,22.399999618530273,389731,0.0,0.0
2025-07-01 00:00:00+03:00,22.3799991607666,22.68000030517578,22.15999984741211,22.559999465942383,263666,0.0,0.0
2025-07-02 00:00:00+03:00,22.559999465942383,22.579999923706055,22.0,22.34000015258789,303975,0.0,0.0
2025-07-03 00:00:00+03:00,22.31999969482422,22.479999542236328,22.0,22.18000030517578,245161,0.0,0.0
2025-07-04 00:00:00+03:00,22.18000030517578,22.479999542236328,21.940000534057617,22.200000762939453,169074,0.0,0.0
2025-07-07 00:00:00+03:00,22.100000381469727,22.200000762939453,21.799999237060547,21.959999084472656,221697,0.0,0.0
2025-07-08 00:00:00+03:00,21.600000381469727,22.3799991607666,21.299999237060547,22.059999465942383,318743,0.0,0.0
2025-07-09 00:00:00+03:00,22.020000457763672,22.5,21.5,21.860000610351562,278246,0.0,0.0
2025-07-10 00:00:00+03:00,21.700000762939453,22.399999618530273,21.700000762939453,22.0,285107,0.0,0.0
2025-07-11 00:00:00+03:00,22.100000381469727,22.440000534057617,21.940000534057617,22.100000381469727,226749,0.0,0.0
2025-07-14 00:00:00+03:00,22.100000381469727,24.0,22.0,23.31999969482422,641005,0.0,0.0
2025-07-16 00:00:00+03:00,22.700000762939453,23.559999465942383,22.399999618530273,22.5,476725,0.0,0.0
2025-07-17 00:00:00+03:00,22.5,22.920000076293945,22.0,22.540000915527344,225822,0.0,0.0
2025-07-18 00:00:00+03:00,22.6200008392334,22.799999237060547,22.299999237060547,22.540000915527344,297871,0.0,0.0
2025-07-21 00:00:00+03:00,22.780000686645508,24.0,22.540000915527344,23.600000381469727,769738,0.0,0.0
2025-07-22 00:00:00+03:00,23.34000015258789,25.079999923706055,23.31999969482422,24.5,488297,0.0,0.0
2025-07-23 00:00:00+03:00,25.0,25.0,23.780000686645508,23.799999237060547,445789,0.0,0.0
2025-07-24 00:00:00+03:00,23.780000686645508,24.0,23.040000915527344,23.6200008392334,498231,0.0,0.0
2025-07-25 00:00:00+03:00,23.600000381469727,23.600000381469727,23.0,23.139999389648438,386611,0.0,0.0
2025-07-28 00:00:00+03:00,23.139999389648438,23.959999084472656,23.020000457763672,23.799999237060547,358608,0.0,0.0
2025-07-29 00:00:00+03:00,23.799999237060547,23.799999237060547,23.18000030517578,23.420000076293945,241256,0.0,0.0
2025-07-30 00:00:00+03:00,23.420000076293945,23.68000030517578,23.059999465942383,23.059999465942383,383351,0.0,0.0
2025-07-31 00:00:00+03:00,23.059999465942383,23.600000381469727,23.059999465942383,23.239999771118164,335155,0.0,0.0
2025-08-01 00:00:00+03:00,23.239999771118164,23.959999084472656,23.219999313354492,23.68000030517578,388974,0.0,0.0
2025-08-04 00:00:00+03:00,23.68000030517578,24.5,23.299999237060547,24.139999389648438,407074,0.0,0.0
2025-08-05 00:00:00+03:00,24.1200008392334,24.200000762939453,23.600000381469727,23.899999618530273,561380,0.0,0.0
2025-08-06 00:00:00+03:00,23.899999618530273,26.280000686645508,23.540000915527344,26.280000686645508,1336185,0.0,0.0
2025-08-07 00:00:00+03:00,25.979999542236328,26.18000030517578,25.0,25.100000381469727,895515,0.0,0.0
2025-08-08 00:00:00+03:00,25.020000457763672,25.100000381469727,24.200000762939453,24.399999618530273,558451,0.0,0.0
2025-08-11 00:00:00+03:00,24.399999618530273,24.940000534057617,24.200000762939453,24.639999389648438,409846,0.0,0.0
2025-08-12 00:00:00+03:00,24.920000076293945,26.979999542236328,24.799999237060547,25.799999237060547,870729,0.0,0.0
2025-08-13 00:00:00+03:00,25.799999237060547,25.84000015258789,24.799999237060547,25.0,599534,0.0,0.0
2025-08-14 00:00:00+03:00,25.079999923706055,25.079999923706055,24.299999237060547,24.5,367486,0.0,0.0
2025-08-15 00:00:00+03:00,24.540000915527344,25.399999618530273,23.860000610351562,25.040000915527344,637164,0.0,0.0
2025-08-18 00:00:00+03:00,25.0,25.299999237060547,24.420000076293945,24.8799991607666,542234,0.0,0.0
2025-08-19 00:00:00+03:00,24.899999618530273,24.899999618530273,24.3799991607666,24.540000915527344,337446,0.0,0.0
2025-08-20 00:00:00+03:00,24.540000915527344,24.84000015258789,24.3799991607666,24.579999923706055,315353,0.0,0.0
2025-08-21 00:00:00+03:00,24.760000228881836,25.899999618530273,24.65999984741211,25.139999389648438,441561,0.0,0.0
2025-08-22 00:00:00+03:00,24.920000076293945,26.139999389648438,24.719999313354492,25.760000228881836,366758,0.0,0.0
2025-08-25 00:00:00+03:00,25.760000228881836,26.959999084472656,25.280000686645508,26.399999618530273,605985,0.0,0.0
2025-08-26 00:00:00+03:00,26.34000015258789,26.34000015258789,25.360000610351562,25.559999465942383,395303,0.0,0.0
2025-08-27 00:00:00+03:00,25.559999465942383,27.600000381469727,25.559999465942383,26.3799991607666,913597,0.0,0.0
2025-08-28 00:00:00+03:00,26.100000381469727,27.0,25.739999771118164,26.15999984741211,511984,0.0,0.0
2025-08-29 00:00:00+03:00,26.0,28.200000762939453,25.579999923706055,27.360000610351562,815963,0.0,0.0
2025-09-01 00:00:00+03:00,27.360000610351562,29.200000762939453,27.360000610351562,27.700000762939453,882606,0.0,0.0
2025-09-02 00:00:00+03:00,28.299999237060547,28.34000015258789,25.200000762939453,27.040000915527344,804585,0.0,0.0
2025-09-03 00:00:00+03:00,26.799999237060547,26.860000610351562,25.899999618530273,26.5,343894,0.0,0.0
2025-09-04 00:00:00+03:00,26.31999969482422,27.479999542236328,26.299999237060547,26.899999618530273,295978,0.0,0.0
2025-09-05 00:00:00+03:00,26.899999618530273,26.899999618530273,26.0,26.299999237060547,345091,0.0,0.0
2025-09-08 00:00:00+03:00,26.18000030517578,26.18000030517578,25.559999465942383,25.700000762939453,350486,0.0,0.0
2025-09-09 00:00:00+03:00,25.68000030517578,26.68000030517578,25.399999618530273,26.540000915527344,269018,0.0,0.0
2025-09-10 00:00:00+03:00,26.260000228881836,26.600000381469727,26.0,26.360000610351562,302615,0.0,0.0
2025-09-11 00:00:00+03:00,26.360000610351562,27.399999618530273,25.799999237060547,26.1200008392334,382453,0.0,0.0
2025-09-12 00:00:00+03:00,26.100000381469727,26.280000686645508,24.799999237060547,25.979999542236328,309053,0.0,0.0
2025-09-15 00:00:00+03:00,25.700000762939453,27.100000381469727,25.260000228881836,26.540000915527344,572267,0.0,0.0
2025-09-16 00:00:00+03:00,26.559999465942383,26.959999084472656,26.299999237060547,26.799999237060547,350222,0.0,0.0
2025-09-17 00:00:00+03:00,26.979999542236328,28.0,26.360000610351562,27.540000915527344,573693,0.0,0.0
2025-09-18 00:00:00+03:00,27.31999969482422,30.280000686645508,26.979999542236328,29.700000762939453,1324814,0.0,0.0
2025-09-19 00:00:00+03:00,29.219999313354492,30.459999084472656,28.5,29.079999923706055,561495,0.0,0.0
2025-09-22 00:00:00+03:00,29.100000381469727,29.600000381469727,27.65999984741211,28.600000381469727,599475,0.0,0.0
2025-09-23 00:00:00+03:00,28.299999237060547,28.579999923706055,27.700000762939453,27.719999313354492,385698,0.0,0.0
2025-09-24 00:00:00+03:00,27.760000228881836,28.219999313354492,27.18000030517578,27.579999923706055,321118,0.0,0.0
2025-09-25 00:00:00+03:00,27.559999465942383,27.799999237060547,26.84000015258789,26.920000076293945,462245,0.0,0.0
2025-09-26 00:00:00+03:00,27.18000030517578,29.5,26.940000534057617,29.3799991607666,1115144,0.0,0.0
2025-09-29 00:00:00+03:00,29.3799991607666,31.899999618530273,29.31999969482422,30.799999237060547,1099405,0.0,0.0
2025-09-30 00:00:00+03:00,30.059999465942383,30.600000381469727,28.5,28.739999771118164,734090,0.0,0.0
2025-10-01 00:00:00+03:00,28.979999542236328,29.6200008392334,27.579999923706055,28.3799991607666,547392,0.0,0.0
2025-10-02 00:00:00+03:00,28.360000610351562,29.020000457763672,27.600000381469727,28.3799991607666,431166,0.0,0.0
2025-10-03 00:00:00+03:00,28.360000610351562,28.360000610351562,27.0,27.959999084472656,447581,0.0,0.0
2025-10-06 00:00:00+03:00,27.860000610351562,27.860000610351562,25.65999984741211,26.700000762939453,478226,0.0,0.0
2025-10-07 00:00:00+03:00,26.68000030517578,27.260000228881836,25.799999237060547,26.780000686645508,624080,0.0,0.0
2025-10-08 00:00:00+03:00,26.6200008392334,26.780000686645508,25.8799991607666,26.139999389648438,415938,0.0,0.0
2025-10-09 00:00:00+03:00,26.139999389648438,28.0,25.860000610351562,27.1200008392334,503071,0.0,0.0
2025-10-10 00:00:00+03:00,27.31999969482422,29.0,27.139999389648438,28.0,543077,0.0,0.0
2025-10-13 00:00:00+03:00,27.219999313354492,28.3799991607666,26.940000534057617,28.299999237060547,443185,0.0,0.0
2025-10-14 00:00:00+03:00,27.899999618530273,29.399999618530273,27.540000915527344,28.440000534057617,410029,0.0,0.0
2025-10-15 00:00:00+03:00,28.5,29.399999618530273,28.059999465942383,29.219999313354492,469645,0.0,0.0
2025-10-16 00:00:00+03:00,29.18000030517578,32.040000915527344,28.559999465942383,31.5,1061883,0.0,0.0
2025-10-17 00:00:00+03:00,31.420000076293945,34.0,30.079999923706055,32.060001373291016,933721,0.0,0.0
2025-10-20 00:00:00+03:00,31.5,33.459999084472656,30.700000762939453,31.940000534057617,704582,0.0,0.0
2025-10-21 00:00:00+03:00,31.5,31.5,29.0,29.600000381469727,875164,0.0,0.0
2025-10-22 00:00:00+03:00,29.579999923706055,31.0,28.399999618530273,30.0,628716,0.0,0.0
2025-10-23 00:00:00+03:00,30.0,30.479999542236328,28.520000457763672,28.799999237060547,373975,0.0,0.0
2025-10-24 00:00:00+03:00,28.799999237060547,29.899999618530273,28.5,29.1200008392334,376980,0.0,0.0
2025-10-27 00:00:00+03:00,29.31999969482422,31.899999618530273,29.1200008392334,31.68000030517578,845892,0.0,0.0
2025-10-28 00:00:00+03:00,31.68000030517578,34.52000045776367,31.68000030517578,34.279998779296875,428548,0.0,0.0
2025-10-30 00:00:00+03:00,34.0,37.0,32.70000076293945,34.91999816894531,894390,0.0,0.0
2025-10-31 00:00:00+03:00,34.81999969482422,35.060001373291016,33.52000045776367,33.70000076293945,473492,0.0,0.0
2025-11-03 00:00:00+03:00,33.70000076293945,34.459999084472656,32.400001525878906,33.099998474121094,564758,0.0,0.0
2025-11-04 00:00:00+03:00,32.099998474121094,33.08000183105469,31.5,31.940000534057617,450403,0.0,0.0
2025-11-05 00:00:00+03:00,31.940000534057617,35.119998931884766,30.639999389648438,35.099998474121094,1117998,0.0,0.0
2025-11-06 00:00:00+03:00,34.779998779296875,36.779998779296875,33.5,34.060001373291016,625237,0.0,0.0
2025-11-07 00:00:00+03:00,34.7599983215332,34.86000061035156,33.0,33.0,426848,0.0,0.0
2025-11-10 00:00:00+03:00,32.81999969482422,36.29999923706055,32.119998931884766,36.29999923706055,761107,0.0,0.0
2025-11-11 00:00:00+03:00,36.29999923706055,39.900001525878906,34.52000045776367,39.70000076293945,1143548,0.0,0.0
2025-11-12 00:00:00+03:00,39.70000076293945,43.65999984741211,37.720001220703125,38.68000030517578,1411959,0.0,0.0
2025-11-13 00:00:00+03:00,38.68000030517578,41.459999084472656,36.939998626708984,38.52000045776367,900894,0.0,0.0
2025-11-14 00:00:00+03:00,34.68000030517578,39.02000045776367,34.68000030517578,36.279998779296875,1075276,0.0,0.0
2025-11-17 00:00:00+03:00,35.68000030517578,35.68000030517578,33.939998626708984,34.880001068115234,726738,0.0,0.0
2025-11-18 00:00:00+03:00,34.58000183105469,34.58000183105469,33.220001220703125,33.5,624860,0.0,0.0
2025-11-19 00:00:00+03:00,33.29999923706055,34.380001068115234,30.15999984741211,31.0,1030959,0.0,0.0
2025-11-20 00:00:00+03:00,31.0,32.47999954223633,29.520000457763672,31.299999237060547,941751,0.0,0.0
2025-11-21 00:00:00+03:00,30.979999542236328,31.600000381469727,30.020000457763672,30.200000762939453,366476,0.0,0.0
2025-11-24 00:00:00+03:00,29.920000076293945,31.860000610351562,29.920000076293945,31.100000381469727,566536,0.0,0.0
2025-11-25 00:00:00+03:00,31.079999923706055,31.079999923706055,28.5,29.639999389648438,682617,0.0,0.0
2025-11-26 00:00:00+03:00,29.639999389648438,29.639999389648438,28.5,28.719999313354492,435464,0.0,0.0
2025-11-27 00:00:00+03:00,28.799999237060547,29.760000228881836,28.479999542236328,29.559999465942383,260940,0.0,0.0
2025-11-28 00:00:00+03:00,29.559999465942383,29.860000610351562,29.040000915527344,29.200000762939453,186270,0.0,0.0
2025-12-01 00:00:00+03:00,29.079999923706055,29.6200008392334,28.260000228881836,28.780000686645508,256052,0.0,0.0
2025-12-02 00:00:00+03:00,29.1200008392334,29.1200008392334,28.0,28.559999465942383,347923,0.0,0.0
2025-12-03 00:00:00+03:00,28.5,28.5,27.6200008392334,27.700000762939453,295030,0.0,0.0
2025-12-04 00:00:00+03:00,27.68000030517578,28.719999313354492,27.479999542236328,28.31999969482422,276973,0.0,0.0
2025-12-05 00:00:00+03:00,28.31999969482422,28.899999618530273,27.600000381469727,27.600000381469727,297678,0.0,0.0
2025-12-08 00:00:00+03:00,27.600000381469727,28.3799991607666,27.0,27.200000762939453,519846,0.0,0.0
2025-12-09 00:00:00+03:00,27.200000762939453,28.079999923706055,26.920000076293945,26.959999084472656,332812,0.0,0.0
2025-12-10 00:00:00+03:00,27.0,28.3799991607666,26.940000534057617,27.68000030517578,499248,0.0,0.0
2025-12-11 00:00:00+03:00,27.399999618530273,28.139999389648438,26.84000015258789,27.760000228881836,373316,0.0,0.0
2025-12-12 00:00:00+03:00,27.200000762939453,30.520000457763672,27.200000762939453,30.520000457763672,1181940,0.0,0.0
2025-12-15 00:00:00+03:00,30.5,32.97999954223633,29.5,32.7400016784668,850150,0.0,0.0
2025-12-16 00:00:00+03:00,32.5,35.0,31.239999771118164,33.65999984741211,808048,0.0,0.0
2025-12-17 00:00:00+03:00,33.58000183105469,34.52000045776367,30.979999542236328,31.020000457763672,591153,0.0,0.0
2025-12-18 00:00:00+03:00,31.020000457763672,32.68000030517578,31.020000457763672,32.5,386732,0.0,0.0
2025-12-19 00:00:00+03:00,31.299999237060547,32.599998474121094,31.200000762939453,31.559999465942383,212985,0.0,0.0
2025-12-22 00:00:00+03:00,31.559999465942383,32.20000076293945,30.299999237060547,30.920000076293945,328072,0.0,0.0
2025-12-23 00:00:00+03:00,30.84000015258789,31.459999084472656,29.600000381469727,30.979999542236328,397129,0.0,0.0
2025-12-24 00:00:00+03:00,30.8799991607666,33.119998931884766,30.600000381469727,31.600000381469727,410353,0.0,0.0
2025-12-25 00:00:00+03:00,31.600000381469727,32.0,30.760000228881836,31.059999465942383,304809,0.0,0.0
2025-12-26 00:00:00+03:00,31.059999465942383,31.899999618530273,30.059999465942383,30.360000610351562,323027,0.0,0.0
2025-12-29 00:00:00+03:00,30.360000610351562,30.399999618530273,29.0,29.600000381469727,433112,0.0,0.0
2025-12-30 00:00:00+03:00,28.0,29.579999923706055,27.639999389648438,28.600000381469727,677879,0.0,0.0
2025-12-31 00:00:00+03:00,28.600000381469727,28.780000686645508,27.81999969482422,28.18000030517578,167752,0.0,0.0
2026-01-02 00:00:00+03:00,28.0,28.399999618530273,27.860000610351562,28.399999618530273,289461,0.0,0.0
2026-01-05 00:00:00+03:00,28.299999237060547,30.440000534057617,28.079999923706055,29.639999389648438,544487,0.0,0.0
2026-01-06 00:00:00+03:00,29.5,30.860000610351562,28.139999389648438,29.0,374244,0.0,0.0
2026-01-07 00:00:00+03:00,29.0,29.260000228881836,28.260000228881836,28.579999923706055,267102,0.0,0.0
2026-01-08 00:00:00+03:00,28.579999923706055,29.68000030517578,28.1200008392334,28.940000534057617,313442,0.0,0.0
2026-01-09 00:00:00+03:00,28.520000457763672,28.899999618530273,28.360000610351562,28.700000762939453,204539,0.0,0.0
2026-01-12 00:00:00+03:00,28.780000686645508,29.360000610351562,28.540000915527344,29.1200008392334,275442,0.0,0.0
2026-01-13 00:00:00+03:00,28.81999969482422,31.559999465942383,28.81999969482422,31.200000762939453,646563,0.0,0.0
2026-01-14 00:00:00+03:00,31.200000762939453,33.86000061035156,31.200000762939453,32.63999938964844,843305,0.0,0.0
2026-01-15 00:00:00+03:00,32.63999938964844,33.36000061035156,30.65999984741211,32.0,536690,0.0,0.0
2026-01-16 00:00:00+03:00,32.0,32.220001220703125,30.639999389648438,31.15999984741211,269404,0.0,0.0
2026-01-19 00:00:00+03:00,31.15999984741211,31.479999542236328,30.0,30.31999969482422,319526,0.0,0.0
2026-01-20 00:00:00+03:00,30.31999969482422,30.799999237060547,29.860000610351562,30.0,212180,0.0,0.0
2026-01-21 00:00:00+03:00,30.0,30.0,29.3799991607666,29.65999984741211,465766,0.0,0.0
2026-01-22 00:00:00+03:00,29.700000762939453,30.899999618530273,29.3799991607666,30.420000076293945,248788,0.0,0.0
2026-01-23 00:00:00+03:00,30.399999618530273,30.799999237060547,29.739999771118164,29.959999084472656,197972,0.0,0.0
2026-01-26 00:00:00+03:00,29.940000534057617,30.860000610351562,29.5,30.219999313354492,294141,0.0,0.0
2026-01-27 00:00:00+03:00,30.100000381469727,30.200000762939453,29.200000762939453,29.600000381469727,351177,0.0,0.0
2026-01-28 00:00:00+03:00,29.600000381469727,29.8799991607666,29.100000381469727,29.799999237060547,431809,0.0,0.0
2026-01-29 00:00:00+03:00,29.780000686645508,30.040000915527344,29.260000228881836,29.799999237060547,450597,0.0,0.0
2026-01-30 00:00:00+03:00,29.780000686645508,29.899999618530273,29.100000381469727,29.799999237060547,453799,0.0,0.0
2026-02-02 00:00:00+03:00,29.68000030517578,29.8799991607666,29.31999969482422,29.860000610351562,387958,0.0,0.0
2026-02-03 00:00:00+03:00,29.84000015258789,30.5,29.399999618530273,30.0,295601,0.0,0.0
2026-02-04 00:00:00+03:00,30.0,30.700000762939453,29.979999542236328,29.979999542236328,345836,0.0,0.0
2026-02-05 00:00:00+03:00,29.979999542236328,30.799999237060547,29.760000228881836,29.959999084472656,311108,0.0,0.0
2026-02-06 00:00:00+03:00,29.739999771118164,30.15999984741211,29.139999389648438,30.040000915527344,434628,0.0,0.0
2026-02-09 00:00:00+03:00,29.979999542236328,30.260000228881836,29.559999465942383,30.200000762939453,551882,0.0,0.0
2026-02-10 00:00:00+03:00,30.18000030517578,32.2599983215332,29.700000762939453,31.200000762939453,955756,0.0,0.0
2026-02-11 00:00:00+03:00,31.81999969482422,32.0,30.799999237060547,31.68000030517578,592983,0.0,0.0
2026-02-12 00:00:00+03:00,31.459999084472656,31.920000076293945,31.139999389648438,31.780000686645508,466428,0.0,0.0
2026-02-13 00:00:00+03:00,31.739999771118164,31.920000076293945,30.959999084472656,31.899999618530273,695252,0.0,0.0
2026-02-16 00:00:00+03:00,31.959999084472656,32.599998474121094,31.920000076293945,32.380001068115234,380673,0.0,0.0
2026-02-17 00:00:00+03:00,32.36000061035156,33.880001068115234,32.220001220703125,33.619998931884766,852168,0.0,0.0
2026-02-18 00:00:00+03:00,33.5,34.060001373291016,32.5,33.119998931884766,741671,0.0,0.0
2026-02-19 00:00:00+03:00,32.720001220703125,33.70000076293945,32.52000045776367,33.36000061035156,576945,0.0,0.0
2026-02-20 00:00:00+03:00,36.099998474121094,36.099998474121094,32.52000045776367,35.41999816894531,567249,0.0,0.0
2026-02-23 00:00:00+03:00,35.380001068115234,36.5,34.560001373291016,35.7599983215332,658971,0.0,0.0
2026-02-24 00:00:00+03:00,35.7400016784668,36.0,34.70000076293945,35.81999969482422,335620,0.0,0.0
2026-02-25 00:00:00+03:00,35.779998779296875,35.779998779296875,34.0,35.58000183105469,425008,0.0,0.0
2026-02-26 00:00:00+03:00,35.439998626708984,35.439998626708984,34.400001525878906,35.02000045776367,252542,0.0,0.0
2026-02-27 00:00:00+03:00,35.02000045776367,35.81999969482422,34.5,34.68000030517578,319873,0.0,0.0
2026-03-02 00:00:00+03:00,31.600000381469727,32.599998474121094,31.219999313354492,32.08000183105469,558879,0.0,0.0
2026-03-03 00:00:00+03:00,31.979999542236328,31.979999542236328,30.399999618530273,31.579999923706055,270985,0.0,0.0
2026-03-04 00:00:00+03:00,31.440000534057617,32.97999954223633,30.860000610351562,32.900001525878906,174445,0.0,0.0
2026-03-05 00:00:00+03:00,32.880001068115234,34.380001068115234,32.63999938964844,34.0,338395,0.0,0.0
2026-03-06 00:00:00+03:00,33.91999816894531,33.939998626708984,32.900001525878906,33.5,140059,0.0,0.0
2026-03-09 00:00:00+03:00,33.380001068115234,33.380001068115234,31.559999465942383,32.02000045776367,207113,0.0,0.0
2026-03-10 00:00:00+03:00,32.29999923706055,34.20000076293945,31.860000610351562,33.47999954223633,254817,0.0,0.0
2026-03-11 00:00:00+03:00,33.380001068115234,33.380001068115234,32.400001525878906,32.900001525878906,118029,0.0,0.0
2026-03-12 00:00:00+03:00,32.86000061035156,32.86000061035156,32.119998931884766,32.7599983215332,301011,0.0,0.0
2026-03-13 00:00:00+03:00,32.68000030517578,34.2400016784668,31.700000762939453,34.220001220703125,405757,0.0,0.0
2026-03-16 00:00:00+03:00,34.060001373291016,34.5,32.959999084472656,33.97999954223633,324040,0.0,0.0
2026-03-17 00:00:00+03:00,33.880001068115234,34.119998931884766,33.279998779296875,33.70000076293945,271156,0.0,0.0
2026-03-18 00:00:00+03:00,33.70000076293945,34.099998474121094,32.900001525878906,33.20000076293945,414285,0.0,0.0
2026-03-19 00:00:00+03:00,33.20000076293945,33.959999084472656,32.779998779296875,33.380001068115234,156972,0.0,0.0
2026-03-23 00:00:00+03:00,33.13999938964844,33.18000030517578,31.860000610351562,32.5,357657,0.0,0.0
2026-03-24 00:00:00+03:00,32.47999954223633,32.47999954223633,31.540000915527344,31.979999542236328,186852,0.0,0.0
2026-03-25 00:00:00+03:00,31.979999542236328,32.439998626708984,31.440000534057617,32.08000183105469,497764,0.0,0.0
2026-03-26 00:00:00+03:00,31.959999084472656,35.279998779296875,31.020000457763672,34.0,508456,0.0,0.0
2026-03-27 00:00:00+03:00,33.84000015258789,37.400001525878906,32.86000061035156,37.400001525878906,2121413,0.0,0.0
2026-03-30 00:00:00+03:00,38.97999954223633,40.97999954223633,37.68000030517578,40.459999084472656,1672247,0.0,0.0
2026-03-31 00:00:00+03:00,40.459999084472656,44.5,38.599998474121094,44.47999954223633,2686787,0.0,0.0
2026-04-01 00:00:00+03:00,44.0,44.0,40.040000915527344,40.040000915527344,702558,0.0,0.0
2026-04-02 00:00:00+03:00,36.040000915527344,43.0,36.040000915527344,43.0,3803565,0.0,0.0
2026-04-03 00:00:00+03:00,38.70000076293945,39.70000076293945,38.70000076293945,38.70000076293945,1308578,0.0,0.0
2026-04-06 00:00:00+03:00,35.040000915527344,37.5,34.84000015258789,34.84000015258789,2222966,0.0,0.0
2026-04-07 00:00:00+03:00,33.79999923706055,34.779998779296875,31.399999618530273,31.399999618530273,2012013,0.0,0.0
2026-04-08 00:00:00+03:00,31.81999969482422,33.08000183105469,31.600000381469727,32.0,1125671,0.0,0.0
2026-04-09 00:00:00+03:00,31.760000228881836,33.29999923706055,30.18000030517578,32.439998626708984,1272026,0.0,0.0
2026-04-10 00:00:00+03:00,31.399999618530273,32.2400016784668,31.079999923706055,31.360000610351562,829816,0.0,0.0
2026-04-13 00:00:00+03:00,30.979999542236328,32.5,30.020000457763672,31.520000457763672,860925,0.0,0.0
2026-04-14 00:00:00+03:00,31.5,31.860000610351562,30.600000381469727,31.31999969482422,1036018,0.0,0.0
2026-04-15 00:00:00+03:00,31.299999237060547,31.579999923706055,30.520000457763672,31.15999984741211,639823,0.0,0.0
2026-04-16 00:00:00+03:00,30.979999542236328,31.260000228881836,30.579999923706055,30.65999984741211,481876,0.0,0.0
2026-04-17 00:00:00+03:00,30.65999984741211,31.5,30.420000076293945,30.420000076293945,991666,0.0,0.0
2026-04-20 00:00:00+03:00,30.420000076293945,30.459999084472656,29.18000030517578,29.81999969482422,584716,0.0,0.0
2026-04-21 00:00:00+03:00,29.780000686645508,30.420000076293945,29.5,30.079999923706055,478934,0.0,0.0
2026-04-22 00:00:00+03:00,30.3799991607666,30.399999618530273,29.600000381469727,29.639999389648438,467687,0.0,0.0
2026-04-24 00:00:00+03:00,29.639999389648438,29.979999542236328,29.239999771118164,29.700000762939453,267493,0.0,0.0
2026-04-27 00:00:00+03:00,29.68000030517578,29.700000762939453,29.280000686645508,29.440000534057617,347344,0.0,0.0
2026-04-28 00:00:00+03:00,29.440000534057617,29.520000457763672,29.0,29.360000610351562,406785,0.0,0.0
2026-04-29 00:00:00+03:00,29.34000015258789,29.979999542236328,29.18000030517578,29.360000610351562,418942,0.0,0.0
2026-04-30 00:00:00+03:00,29.360000610351562,29.739999771118164,29.020000457763672,29.700000762939453,409717,0.0,0.0
2026-05-04 00:00:00+03:00,29.700000762939453,29.940000534057617,28.559999465942383,28.81999969482422,606267,0.0,0.0
2026-05-05 00:00:00+03:00,28.81999969482422,29.799999237060547,28.440000534057617,28.920000076293945,477434,0.0,0.0
2026-05-06 00:00:00+03:00,28.799999237060547,29.139999389648438,28.600000381469727,29.100000381469727,389551,0.0,0.0
2026-05-07 00:00:00+03:00,29.079999923706055,30.059999465942383,28.739999771118164,29.440000534057617,644232,0.0,0.0
2026-05-08 00:00:00+03:00,29.18000030517578,30.0,28.920000076293945,29.579999923706055,534276,0.0,0.0
2026-05-11 00:00:00+03:00,29.559999465942383,31.399999618530273,29.139999389648438,30.540000915527344,1245596,0.0,0.0
2026-05-12 00:00:00+03:00,30.579999923706055,31.100000381469727,29.440000534057617,30.0,632609,0.0,0.0
2026-05-13 00:00:00+03:00,29.739999771118164,30.0,28.920000076293945,28.979999542236328,464699,0.0,0.0
2026-05-14 00:00:00+03:00,29.0,29.360000610351562,28.739999771118164,28.760000228881836,437720,0.0,0.0
2026-05-15 00:00:00+03:00,28.760000228881836,29.6200008392334,28.6200008392334,28.719999313354492,384150,0.0,0.0
2026-05-18 00:00:00+03:00,28.700000762939453,28.700000762939453,27.6200008392334,27.780000686645508,412565,0.0,0.0
2026-05-20 00:00:00+03:00,27.639999389648438,27.780000686645508,27.239999771118164,27.399999618530273,185876,0.0,0.0
2026-05-21 00:00:00+03:00,27.399999618530273,27.399999618530273,26.5,26.5,262457,0.0,0.0
2026-05-22 00:00:00+03:00,25.520000457763672,26.979999542236328,25.520000457763672,26.920000076293945,308838,0.0,0.0
2026-05-25 00:00:00+03:00,26.8799991607666,27.219999313354492,26.520000457763672,26.739999771118164,337947,0.0,0.0
2026-05-26 00:00:00+03:00,27.479999542236328,27.6200008392334,27.0,27.299999237060547,122218,0.0,0.0
2026-05-27 00:00:00+03:00,27.299999237060547,27.299999237060547,27.299999237060547,27.299999237060547,0,0.0,0.0
2026-05-28 00:00:00+03:00,27.299999237060547,27.299999237060547,27.299999237060547,27.299999237060547,0,0.0,0.0
2026-05-29 00:00:00+03:00,27.299999237060547,27.299999237060547,27.299999237060547,27.299999237060547,0,0.0,0.0
2026-06-01 00:00:00+03:00,27.0,27.899999618530273,26.760000228881836,27.079999923706055,383113,0.0,0.0
2026-06-02 00:00:00+03:00,27.100000381469727,27.8799991607666,27.100000381469727,27.5,343806,0.0,0.0
2026-06-03 00:00:00+03:00,27.520000457763672,27.8799991607666,27.0,27.15999984741211,367300,0.0,0.0
2026-06-04 00:00:00+03:00,27.15999984741211,27.6200008392334,26.760000228881836,27.0,336423,0.0,0.0
2026-06-05 00:00:00+03:00,27.0,27.200000762939453,26.700000762939453,26.799999237060547,292447,0.0,0.0
2026-06-08 00:00:00+03:00,26.6200008392334,27.0,26.399999618530273,27.0,192704,0.0,0.0
2026-06-09 00:00:00+03:00,26.979999542236328,29.600000381469727,26.6200008392334,29.1200008392334,998221,0.0,0.0
2026-06-10 00:00:00+03:00,29.059999465942383,29.059999465942383,26.979999542236328,27.299999237060547,590504,0.0,0.0
2026-06-11 00:00:00+03:00,27.0,27.219999313354492,26.440000534057617,26.559999465942383,538583,0.0,0.0
2026-06-12 00:00:00+03:00,26.700000762939453,27.5,26.31999969482422,26.799999237060547,311733,0.0,0.0
2026-06-15 00:00:00+03:00,26.940000534057617,27.3799991607666,26.799999237060547,27.0,362805,0.0,0.0
2026-06-16 00:00:00+03:00,26.799999237060547,27.3799991607666,26.799999237060547,27.0,284937,0.0,0.0
2026-06-17 00:00:00+03:00,27.1200008392334,27.18000030517578,26.34000015258789,26.700000762939453,282584,0.0,0.0
2026-06-18 00:00:00+03:00,26.5,26.799999237060547,26.440000534057617,26.5,377547,0.0,0.0
2026-06-19 00:00:00+03:00,26.5,26.739999771118164,26.360000610351562,26.459999084472656,216780,0.0,0.0
2026-06-22 00:00:00+03:00,26.65999984741211,26.899999618530273,26.299999237060547,26.5,277184,0.0,0.0
2026-06-23 00:00:00+03:00,26.479999542236328,26.600000381469727,26.040000915527344,26.420000076293945,197041,0.0,0.0
2026-06-24 00:00:00+03:00,26.420000076293945,26.479999542236328,25.780000686645508,25.920000076293945,209380,0.0,0.0
2026-06-25 00:00:00+03:00,25.920000076293945,26.3799991607666,25.600000381469727,25.700000762939453,190095,0.0,0.0
2026-06-26 00:00:00+03:00,25.68000030517578,25.68000030517578,25.0,25.1200008392334,285508,0.0,0.0
2026-06-29 00:00:00+03:00,25.1200008392334,26.040000915527344,24.520000457763672,24.940000534057617,301527,0.0,0.0
2026-06-30 00:00:00+03:00,24.760000228881836,24.959999084472656,24.520000457763672,24.65999984741211,160513,0.0,0.0
2026-07-01 00:00:00+03:00,24.6200008392334,24.8799991607666,24.18000030517578,24.440000534057617,92561,0.0,0.0
2026-07-02 00:00:00+03:00,24.440000534057617,26.0,24.399999618530273,25.420000076293945,254412,0.0,0.0
2026-07-03 00:00:00+03:00,25.3799991607666,26.31999969482422,25.0,25.260000228881836,281563,0.0,0.0
2026-07-06 00:00:00+03:00,25.5,25.600000381469727,24.780000686645508,24.8799991607666,182376,0.0,0.0
2026-07-07 00:00:00+03:00,24.979999542236328,25.420000076293945,24.5,25.040000915527344,127809,0.0,0.0
2026-07-08 00:00:00+03:00,24.979999542236328,25.040000915527344,24.31999969482422,24.579999923706055,150150,0.0,0.0
2026-07-09 00:00:00+03:00,24.68000030517578,24.68000030517578,23.799999237060547,24.059999465942383,145780,0.0,0.0
2026-07-10 00:00:00+03:00,24.18000030517578,24.479999542236328,23.0,23.739999771118164,182446,0.0,0.0
2026-07-13 00:00:00+03:00,23.68000030517578,23.780000686645508,22.799999237060547,23.059999465942383,300062,0.0,0.0
2026-07-14 00:00:00+03:00,22.920000076293945,23.5,22.799999237060547,23.459999084472656,201353,0.0,0.0
2026-07-16 00:00:00+03:00,23.459999084472656,24.520000457763672,22.520000457763672,24.100000381469727,231935,0.0,0.0
2026-07-17 00:00:00+03:00,23.540000915527344,24.100000381469727,23.540000915527344,23.899999618530273,95105,0.0,0.0
2026-07-20 00:00:00+03:00,23.799999237060547,24.360000610351562,23.540000915527344,23.899999618530273,114339,0.0,0.0
2026-07-21 00:00:00+03:00,23.899999618530273,24.5,23.700000762939453,24.5,158122,0.0,0.0
2026-07-22 00:00:00+03:00,24.5,25.1200008392334,24.280000686645508,24.920000076293945,192014,0.0,0.0
2026-07-23 00:00:00+03:00,24.920000076293945,25.200000762939453,24.020000457763672,24.260000228881836,141720,0.0,0.0
2026-07-24 00:00:00+03:00,24.239999771118164,24.239999771118164,23.540000915527344,23.760000228881836,153622,0.0,0.0
2026-07-27 00:00:00+03:00,23.760000228881836,23.979999542236328,23.100000381469727,23.100000381469727,201069,0.0,0.0
2026-07-28 00:00:00+03:00,23.260000228881836,23.34000015258789,22.799999237060547,22.860000610351562,64577,0.0,0.0
2026-07-29 00:00:00+03:00,22.860000610351562,22.959999084472656,22.299999237060547,22.3799991607666,163808,0.0,0.0
2026-07-30 00:00:00+03:00,22.3799991607666,22.3799991607666,21.31999969482422,21.5,270736,0.0,0.0
2026-08-03 00:00:00+03:00,21.200000762939453,21.5,20.8799991607666,21.079999923706055,162698,0.0,0.0
2026-08-04 00:00:00+03:00,21.079999923706055,21.799999237060547,20.920000076293945,21.459999084472656,125999,0.0,0.0
2026-08-05 00:00:00+03:00,21.399999618530273,21.399999618530273,20.760000228881836,20.81999969482422,233244,0.0,0.0
2026-08-06 00:00:00+03:00,20.979999542236328,20.979999542236328,20.200000762939453,20.200000762939453,185594,0.0,0.0
2026-08-07 00:00:00+03:00,20.399999618530273,20.579999923706055,19.639999389648438,20.0,224657,0.0,0.0
2026-08-10 00:00:00+03:00,19.59000015258789,20.360000610351562,19.59000015258789,20.15999984741211,258659,0.0,0.0
2026-08-11 00:00:00+03:00,20.200000762939453,20.399999618530273,19.690000534057617,20.399999618530273,162796,0.0,0.0
2026-08-12 00:00:00+03:00,20.399999618530273,21.5,20.020000457763672,21.299999237060547,246399,0.0,0.0
