date,open,high,low,close,volume,dividends,stock_splits
2021-11-11 00:00:00+03:00,0.14721792257422614,0.14721792257422614,0.1353543571712441,0.13912928104400635,1244488360,0.0,0.0
2021-11-12 00:00:00+03:00,0.1391292918929216,0.13966851476806766,0.1272652835149468,0.12834371626377106,338578216,0.0,0.0
2021-11-15 00:00:00+03:00,0.12780451461952747,0.12780451461952747,0.12187272457280592,0.12295115739107132,126531098,0.0,0.0
2021-11-16 00:00:00+03:00,0.12133349828041945,0.13481513532706083,0.11917620388672916,0.12726527452468872,352265902,0.0,0.0
2021-11-17 00:00:00+03:00,0.1272652938221761,0.1305010213791479,0.12510844115131164,0.1256476640701294,103481472,0.0,0.0
2021-11-18 00:00:00+03:00,0.12564765278733117,0.12618686265626058,0.11971586317480368,0.12187271565198898,84369032,0.0,0.0
2021-11-19 00:00:00+03:00,0.12295115195698447,0.12402957172611821,0.12133350930181581,0.12241192907094955,39328412,0.0,0.0
2021-11-22 00:00:00+03:00,0.12295116088630494,0.12510844263115867,0.12241193796110898,0.12349037081003189,63054322,0.0,0.0
2021-11-23 00:00:00+03:00,0.12295114234612652,0.12456921392325934,0.11755856286766758,0.11863699555397034,72754388,0.0,0.0
2021-11-24 00:00:00+03:00,0.11917620620251412,0.1229511431777867,0.11863699635644898,0.12025506794452667,63951700,0.0,0.0
2021-11-25 00:00:00+03:00,0.12025506214089662,0.12510841857407165,0.11971585232085427,0.12133349478244781,80331732,0.0,0.0
2021-11-26 00:00:00+03:00,0.12025507339268665,0.12241192587613066,0.11917621160179623,0.12079429626464844,35852746,0.0,0.0
2021-11-29 00:00:00+03:00,0.12133350578305957,0.12349035826024489,0.12025507304373309,0.12187271565198898,36315188,0.0,0.0
2021-11-30 00:00:00+03:00,0.12187272457280592,0.12510843907459823,0.12133351466440752,0.12295115739107132,91988654,0.0,0.0
2021-12-01 00:00:00+03:00,0.12349037081003189,0.12564766555635462,0.12295116088630494,0.12349037081003189,54580180,0.0,0.0
2021-12-02 00:00:00+03:00,0.12402958270842117,0.1272652973537133,0.12402958270842117,0.12618687748908997,75643618,0.0,0.0
2021-12-03 00:00:00+03:00,0.12726529115779656,0.13427594304084778,0.12618687134567616,0.13427594304084778,76062722,0.0,0.0
2021-12-06 00:00:00+03:00,0.13535436725381647,0.13643278699741246,0.13157943009839165,0.1337362825870514,68786986,0.0,0.0
2021-12-07 00:00:00+03:00,0.1337362825870514,0.13589357712561445,0.1326578628434554,0.1337362825870514,55656054,0.0,0.0
2021-12-08 00:00:00+03:00,0.13427594492661318,0.13481515484024603,0.13050102047977688,0.13104023039340973,45547222,0.0,0.0
2021-12-09 00:00:00+03:00,0.13157942306173934,0.13427592732789576,0.13050100337581547,0.13265785574913025,40002164,0.0,0.0
2021-12-10 00:00:00+03:00,0.13265787127273573,0.13589358576049695,0.13157943845914677,0.13427594304084778,65753820,0.0,0.0
2021-12-13 00:00:00+03:00,0.13481514699504593,0.1369720125270019,0.13427593711279093,0.13535436987876892,76935292,0.0,0.0
2021-12-14 00:00:00+03:00,0.1358935887094688,0.1358935887094688,0.13265787415149063,0.13319708406925201,46291208,0.0,0.0
2021-12-15 00:00:00+03:00,0.13373628138040852,0.13481514316417376,0.1315794289112091,0.1315794289112091,40024200,0.0,0.0
2021-12-16 00:00:00+03:00,0.13211865020619587,0.13589357428113752,0.1310402174837055,0.13481514155864716,75755802,0.0,0.0
2021-12-17 00:00:00+03:00,0.1353543684752775,0.1358935783519414,0.12510843171150907,0.1299617886543274,123316824,0.0,0.0
2021-12-20 00:00:00+03:00,0.1294225666576048,0.13211864179138028,0.1261868526492616,0.12888291478157043,109985418,0.0,0.0
2021-12-21 00:00:00+03:00,0.13157941253496533,0.13319705493590162,0.12780448888489102,0.12942256033420563,87261732,0.0,0.0
2021-12-22 00:00:00+03:00,0.1294225764420097,0.1326578616465426,0.12888292452517738,0.1315794289112091,87495126,0.0,0.0
2021-12-23 00:00:00+03:00,0.1331970572579199,0.14128612750037436,0.13265784744869644,0.1402077078819275,294518424,0.0,0.0
2021-12-24 00:00:00+03:00,0.1402077092976316,0.15422856863736606,0.13912927666682934,0.14236456155776978,239680716,0.0,0.0
2021-12-27 00:00:00+03:00,0.1423645673948678,0.14506107163008994,0.13966850520952026,0.14128613471984863,81850486,0.0,0.0
2021-12-28 00:00:00+03:00,0.14236457162967325,0.14236457162967325,0.1385896346071419,0.1396685093641281,51417308,0.0,0.0
2021-12-29 00:00:00+03:00,0.1396685016929718,0.1461394876241684,0.1391292788683052,0.1461394876241684,77237374,0.0,0.0
2021-12-30 00:00:00+03:00,0.14721792809630643,0.1547677891264897,0.14128613867158318,0.14506107568740845,203753444,0.0,0.0
2021-12-31 00:00:00+03:00,0.1456002791694037,0.1461394889976715,0.14182535532019475,0.14290377497673035,39576602,0.0,0.0
2022-01-03 00:00:00+03:00,0.14290377497673035,0.1450610693411359,0.14128613249046024,0.14290377497673035,38150558,0.0,0.0
2022-01-04 00:00:00+03:00,0.14290378319887506,0.14937522461456643,0.14236457333958316,0.14883600175380707,88482660,0.0,0.0
2022-01-05 00:00:00+03:00,0.14883599179149845,0.15153206691043158,0.14398263532990183,0.1461394876241684,115734900,0.0,0.0
2022-01-06 00:00:00+03:00,0.14506108159861583,0.14613950134627657,0.14344299692575194,0.1439826488494873,59645696,0.0,0.0
2022-01-07 00:00:00+03:00,0.14452187716960907,0.145061087063754,0.14290379243578427,0.14452187716960907,40542784,0.0,0.0
2022-01-10 00:00:00+03:00,0.14506107568740845,0.14667871824444875,0.14344299108048117,0.14506107568740845,67396818,0.0,0.0
2022-01-11 00:00:00+03:00,0.14560030152971518,0.1504536587822723,0.14452188170756314,0.14721794426441193,112703054,0.0,0.0
2022-01-12 00:00:00+03:00,0.14829636826602174,0.15099285971092563,0.14721793550655593,0.14937523007392883,79041904,0.0,0.0
2022-01-13 00:00:00+03:00,0.149914455841028,0.15314974146083662,0.14883602296726872,0.1515320986509323,93682272,0.0,0.0
2022-01-14 00:00:00+03:00,0.15207130072553263,0.1601603724538515,0.15099286790752448,0.1558462381362915,104740418,0.0,0.0
2022-01-17 00:00:00+03:00,0.15530699491500854,0.158542708992852,0.1520712808371651,0.15530699491500854,60314672,0.0,0.0
2022-01-18 00:00:00+03:00,0.15476778735093727,0.16069957670760887,0.15261049291690157,0.15368935465812683,68516184,0.0,0.0
2022-01-19 00:00:00+03:00,0.153149724715735,0.15800308166327778,0.153149724715735,0.15476779639720917,105695188,0.0,0.0
2022-01-20 00:00:00+03:00,0.1558462284314877,0.1558462284314877,0.1509928585049481,0.15314972400665283,67198414,0.0,0.0
2022-01-21 00:00:00+03:00,0.1526105036416336,0.15908194534864056,0.15153208387450412,0.1585427224636078,81429004,0.0,0.0
2022-01-24 00:00:00+03:00,0.158542728928868,0.16609216166242002,0.15584623735117029,0.16123880445957184,77706402,0.0,0.0
2022-01-25 00:00:00+03:00,0.1628564405365298,0.16555294500573456,0.1585427224636078,0.1585427224636078,65898976,0.0,0.0
2022-01-26 00:00:00+03:00,0.15854270163008158,0.16016034406967528,0.1542285680770874,0.1542285680770874,43410552,0.0,0.0
2022-01-27 00:00:00+03:00,0.1531497258533144,0.15746385995424547,0.15207129308945844,0.15692465007305145,42609840,0.0,0.0
2022-01-28 00:00:00+03:00,0.15854273484317724,0.16177802040012415,0.15476781031208378,0.1601603776216507,40316560,0.0,0.0
2022-01-31 00:00:00+03:00,0.16231722677349678,0.16393531156650612,0.1585427313734862,0.15962116420269012,39795548,0.0,0.0
2022-02-01 00:00:00+03:00,0.1585427181799757,0.16123879352789078,0.15638543665409088,0.15638543665409088,42303468,0.0,0.0
2022-02-02 00:00:00+03:00,0.15638544019185746,0.16069958729425646,0.15584623031066344,0.15692465007305145,64652488,0.0,0.0
2022-02-03 00:00:00+03:00,0.15692463014209931,0.15800306276898388,0.15261048358763882,0.1542285680770874,35977144,0.0,0.0
2022-02-04 00:00:00+03:00,0.1547677778897965,0.15530698770250564,0.15099284114804515,0.1542285680770874,47023772,0.0,0.0
2022-02-07 00:00:00+03:00,0.15530700811083833,0.1585427224636078,0.15422858834370884,0.1585427224636078,34812694,0.0,0.0
2022-02-08 00:00:00+03:00,0.15908193487588734,0.1633960817132435,0.158003073129869,0.16285642981529236,41337908,0.0,0.0
2022-02-09 00:00:00+03:00,0.1633960827472247,0.1639352925987041,0.15854271302962172,0.15908193588256836,40231932,0.0,0.0
2022-02-10 00:00:00+03:00,0.15908194822332683,0.16069959090472066,0.15746386349201202,0.15746386349201202,30996766,0.0,0.0
2022-02-11 00:00:00+03:00,0.15692464652308682,0.15746385639208277,0.15368936130617578,0.15638543665409088,38313738,0.0,0.0
2022-02-14 00:00:00+03:00,0.15476780169841375,0.15476780169841375,0.15099286437594703,0.1520712971687317,37331262,0.0,0.0
2022-02-15 00:00:00+03:00,0.153689362929783,0.15530700555532762,0.15207129125580046,0.15314972400665283,33321696,0.0,0.0
2022-02-16 00:00:00+03:00,0.15368935465812683,0.15692463973509105,0.15314971576404035,0.15368935465812683,40500062,0.0,0.0
2022-02-17 00:00:00+03:00,0.15422858432039996,0.15476779418989853,0.1477571427822113,0.1477571427822113,31886234,0.0,0.0
2022-02-18 00:00:00+03:00,0.14829635291990154,0.14937521461616504,0.1450610679777684,0.1461394876241684,20557462,0.0,0.0
2022-02-21 00:00:00+03:00,0.14721793409540507,0.14883600576680117,0.14290378705192158,0.1439826488494873,31606654,0.0,0.0
2022-02-22 00:00:00+03:00,0.1402077150462964,0.14560028146686607,0.13858963048462647,0.14128613471984863,46717246,0.0,0.0
2022-02-23 00:00:00+03:00,0.1418253689637968,0.14721793581804085,0.14074693620204926,0.14074693620204926,36047202,0.0,0.0
2022-02-24 00:00:00+03:00,0.1272652858906331,0.13535437025248814,0.12672607600688934,0.12672607600688934,40085658,0.0,0.0
2022-02-25 00:00:00+03:00,0.12780451586020627,0.132657873135777,0.12510844028910456,0.13104023039340973,42230272,0.0,0.0
2022-02-28 00:00:00+03:00,0.127804497361743,0.13157942126219566,0.12672606468910128,0.12726527452468872,23234382,0.0,0.0
2022-03-01 00:00:00+03:00,0.1288829261374493,0.13050101080985668,0.12780450639009283,0.12834371626377106,19524490,0.0,0.0
2022-03-02 00:00:00+03:00,0.12888292854333247,0.12942258047698937,0.12672607600688934,0.12672607600688934,10835522,0.0,0.0
2022-03-03 00:00:00+03:00,0.1278044977349853,0.1391292824708831,0.1278044977349853,0.1358935683965683,71340154,0.0,0.0
2022-03-04 00:00:00+03:00,0.13481512873544227,0.14074691769115094,0.13373626706714334,0.1402077078819275,28675058,0.0,0.0
2022-03-07 00:00:00+03:00,0.13912930131914628,0.1412861539614571,0.13481515398458976,0.13643279671669006,35217018,0.0,0.0
2022-03-08 00:00:00+03:00,0.13427592016065398,0.13805041486285055,0.13373626829661733,0.13697199523448944,16932052,0.0,0.0
2022-03-09 00:00:00+03:00,0.13805042563511533,0.14020772011149663,0.13643278306488044,0.13858963549137115,30058152,0.0,0.0
2022-03-10 00:00:00+03:00,0.13966849948296364,0.14236456155776978,0.13858962480230488,0.14236456155776978,24534152,0.0,0.0
2022-03-11 00:00:00+03:00,0.14344299305816696,0.1526104967717853,0.14290378319887506,0.14883600175380707,91753238,0.0,0.0
2022-03-14 00:00:00+03:00,0.1499144284846974,0.15584621775422566,0.14883599580773013,0.15530699491500854,35194002,0.0,0.0
2022-03-15 00:00:00+03:00,0.15746386349201202,0.15908194822332683,0.15422859113069262,0.15746386349201202,39833116,0.0,0.0
2022-03-16 00:00:00+03:00,0.15800309241114954,0.16339610165263854,0.1574638694958132,0.15962116420269012,41451400,0.0,0.0
2022-03-17 00:00:00+03:00,0.160160368707855,0.16069959160498148,0.15153208727307352,0.1520712971687317,71191606,0.0,0.0
2022-03-18 00:00:00+03:00,0.1520712737749297,0.1547677778897965,0.15099284114804515,0.1542285680770874,14288510,0.0,0.0
2022-03-21 00:00:00+03:00,0.15422857523950817,0.15584621775422566,0.15314971351413237,0.15530699491500854,24005786,0.0,0.0
2022-03-22 00:00:00+03:00,0.15530701159407193,0.15530701159407193,0.15099286437594703,0.1520712971687317,18797660,0.0,0.0
2022-03-23 00:00:00+03:00,0.1520712897910366,0.15261049966053516,0.1477571427822113,0.1477571427822113,24469472,0.0,0.0
2022-03-24 00:00:00+03:00,0.14829635291990154,0.14991442443936503,0.1456002778009684,0.1461394876241684,19403836,0.0,0.0
2022-03-25 00:00:00+03:00,0.14613950017224794,0.14829636565317755,0.1456002903027494,0.1477571427822113,14077138,0.0,0.0
2022-03-28 00:00:00+03:00,0.14775713009523497,0.14937521461616504,0.1456002778009684,0.1461394876241684,16841276,0.0,0.0
2022-03-29 00:00:00+03:00,0.14667872974765717,0.14883601137415864,0.1434430023299292,0.14452187716960907,25239210,0.0,0.0
2022-03-30 00:00:00+03:00,0.14506108329601372,0.14506108329601372,0.14020772632190945,0.14074693620204926,28778502,0.0,0.0
2022-03-31 00:00:00+03:00,0.14020773519684987,0.14398265964815368,0.1396685252825789,0.1418253779411316,20702918,0.0,0.0
2022-04-01 00:00:00+03:00,0.14236458785540257,0.14344300768394452,0.1396685252825789,0.1418253779411316,22940468,0.0,0.0
2022-04-04 00:00:00+03:00,0.1418253736035131,0.1456002979393638,0.1418253736035131,0.1434430032968521,18725182,0.0,0.0
2022-04-05 00:00:00+03:00,0.14398263159780988,0.14452185440849957,0.13912927526201435,0.1402077078819275,23356732,0.0,0.0
2022-04-06 00:00:00+03:00,0.1402077137087374,0.1423645660367328,0.13912928104400635,0.13912928104400635,25555864,0.0,0.0
2022-04-07 00:00:00+03:00,0.1402077078819275,0.1434429797387344,0.13912927526201435,0.1402077078819275,29422570,0.0,0.0
2022-04-08 00:00:00+03:00,0.1412861497518811,0.14667872974765717,0.14074693985773618,0.14452187716960907,58138178,0.0,0.0
2022-04-11 00:00:00+03:00,0.1461395182351183,0.155846246192987,0.14506109836282832,0.1515320986509323,71209672,0.0,0.0
2022-04-12 00:00:00+03:00,0.1515320747140929,0.15207128456506136,0.14667871800255614,0.15045364201068878,29306240,0.0,0.0
2022-04-13 00:00:00+03:00,0.1509928570505718,0.1520712897910366,0.14721793291271276,0.1477571427822113,21722706,0.0,0.0
2022-04-14 00:00:00+03:00,0.14829637110233307,0.14937523293087446,0.14667872843292937,0.14829637110233307,12076832,0.0,0.0
2022-04-15 00:00:00+03:00,0.1482963717677755,0.15207129606128328,0.14721793898284444,0.1499144434928894,22074428,0.0,0.0
2022-04-18 00:00:00+03:00,0.15045364433315023,0.15045364433315023,0.14829636284608952,0.14883600175380707,15326558,0.0,0.0
2022-04-19 00:00:00+03:00,0.14937522744207613,0.14991443731157467,0.1466787230432142,0.1477571427822113,17728130,0.0,0.0
2022-04-20 00:00:00+03:00,0.14937522461456643,0.15153207705320149,0.14667872026674636,0.14883600175380707,26420568,0.0,0.0
2022-04-21 00:00:00+03:00,0.149914455841028,0.15314974146083662,0.14829638398263692,0.1515320986509323,53849704,0.0,0.0
2022-04-22 00:00:00+03:00,0.15099285037841945,0.15908193416912675,0.1504536405327478,0.15368935465812683,133476510,0.0,0.0
2022-04-25 00:00:00+03:00,0.15368936545867606,0.1617780077679323,0.14829636952173464,0.1585427224636078,131406712,0.0,0.0
2022-04-26 00:00:00+03:00,0.17150507740542287,0.1720883868200669,0.1580877794539685,0.16158805787563324,73745714,0.027467,0.0
2022-04-27 00:00:00+03:00,0.16158806134787843,0.16333794743603253,0.1540042230558615,0.16100475192070007,31713426,0.0,0.0
2022-04-28 00:00:00+03:00,0.1615880711375181,0.1662549265781099,0.15925439728915178,0.1639212667942047,40740704,0.0,0.0
2022-04-29 00:00:00+03:00,0.1645045429468155,0.16683821652216452,0.16217134756309026,0.1645045429468155,31550196,0.0,0.0
2022-05-05 00:00:00+03:00,0.16567117061052358,0.16683823962337815,0.16275466542868927,0.16333796083927155,36098460,0.0,0.0
2022-05-06 00:00:00+03:00,0.1627546485760013,0.16333794392618534,0.1592543842187966,0.16158805787563324,28534204,0.0,0.0
2022-05-09 00:00:00+03:00,0.16158805636512702,0.16217135170985847,0.15983767807483673,0.15983767807483673,22906602,0.0,0.0
2022-05-10 00:00:00+03:00,0.16100474403808815,0.16158805343670832,0.15750447977703788,0.15808777511119843,28201728,0.0,0.0
2022-05-11 00:00:00+03:00,0.15808779110362461,0.15925439595442106,0.15108774006501455,0.15400423109531403,24096124,0.0,0.0
2022-05-12 00:00:00+03:00,0.15342092662201348,0.1592543865290381,0.15108773112297058,0.15108773112297058,39651724,0.0,0.0
2022-05-13 00:00:00+03:00,0.15167102845299332,0.15458751934858964,0.15167102845299332,0.1528376191854477,20926814,0.0,0.0
2022-05-16 00:00:00+03:00,0.1522543218402619,0.15458751733930484,0.15108773112297058,0.15108773112297058,16420400,0.0,0.0
2022-05-17 00:00:00+03:00,0.15225432474311928,0.15400422491687987,0.14758745546440824,0.1487540602684021,26053084,0.0,0.0
2022-05-18 00:00:00+03:00,0.14875405310636128,0.149920643789727,0.14642085767517007,0.14758744835853577,27031112,0.0,0.0
2022-05-20 00:00:00+03:00,0.1481707513637438,0.14875404668022846,0.1452542466524021,0.14642085134983063,17786354,0.0,0.0
2022-05-23 00:00:00+03:00,0.14758744035536428,0.14933734034998145,0.1435038809289287,0.14467047154903412,26569940,0.0,0.0
2022-05-24 00:00:00+03:00,0.14525424505069442,0.14817074972987604,0.1440871762389814,0.14467047154903412,18351552,0.0,0.0
2022-05-25 00:00:00+03:00,0.14583755252291,0.14992064816270795,0.14525425716421322,0.1470041573047638,32730680,0.0,0.0
2022-05-26 00:00:00+03:00,0.1475874616360137,0.1505044308629419,0.14700416624185556,0.14992065727710724,16627152,0.0,0.0
2022-05-27 00:00:00+03:00,0.14992065281414943,0.16042099630207146,0.14992065281414943,0.154587522149086,64794674,0.0,0.0
2022-05-30 00:00:00+03:00,0.1563379019498825,0.15925439292469742,0.1545875235475426,0.1563379019498825,44922196,0.0,0.0
2022-05-31 00:00:00+03:00,0.15692119751425215,0.1575044928970006,0.14992065434455393,0.15225432813167572,38989146,0.0,0.0
2022-06-01 00:00:00+03:00,0.15283762787669736,0.15283762787669736,0.15050443221464896,0.15167103707790375,19485414,0.0,0.0
2022-06-02 00:00:00+03:00,0.15167103571571922,0.15283762650403548,0.148754066488791,0.14992065727710724,29467332,0.0,0.0
2022-06-03 00:00:00+03:00,0.1505044289533295,0.1505044289533295,0.14700416437665478,0.14817076921463013,24004654,0.0,0.0
2022-06-06 00:00:00+03:00,0.14817077800746092,0.15867110823339176,0.1470041731002563,0.15692120790481567,86760482,0.0,0.0
2022-06-07 00:00:00+03:00,0.15633790545455717,0.15867110109960522,0.15342093622268502,0.15575459599494934,57240232,0.0,0.0
2022-06-08 00:00:00+03:00,0.1563378956713495,0.16100475079662255,0.15108773112297058,0.15108773112297058,77313574,0.0,0.0
2022-06-09 00:00:00+03:00,0.1505044308629419,0.15283762650403548,0.1475874616360137,0.14992065727710724,18917100,0.0,0.0
2022-06-10 00:00:00+03:00,0.1493373562322051,0.1516710299766718,0.14817076548803124,0.15050442516803741,29129840,0.0,0.0
2022-06-13 00:00:00+03:00,0.14992065160429202,0.15458752090156702,0.1493373562322051,0.15050442516803741,22088846,0.0,0.0
2022-06-14 00:00:00+03:00,0.1510877340035859,0.1516710293733526,0.14817076489863543,0.1487540602684021,15030200,0.0,0.0
2022-06-15 00:00:00+03:00,0.1487540559692652,0.15108772963700354,0.14758745119898733,0.14933735132217407,23253588,0.0,0.0
2022-06-16 00:00:00+03:00,0.14992064816270795,0.15108773113620919,0.14583755252291,0.1470041573047638,22487522,0.0,0.0
2022-06-17 00:00:00+03:00,0.14700416437665478,0.1499206553749018,0.14700416437665478,0.14817076921463013,16646932,0.0,0.0
2022-06-20 00:00:00+03:00,0.1487540602684021,0.1510877340035859,0.14758745546440824,0.1487540602684021,23717380,0.0,0.0
2022-06-21 00:00:00+03:00,0.14875406086011816,0.15108773460458488,0.14817076548803124,0.15050442516803741,24626158,0.0,0.0
2022-06-22 00:00:00+03:00,0.1505044216998647,0.15575458624824362,0.14817076207363455,0.15108773112297058,45677266,0.0,0.0
2022-06-23 00:00:00+03:00,0.15108774318081594,0.15983769464383568,0.15050443371115793,0.15750449895858765,85770928,0.0,0.0
2022-06-24 00:00:00+03:00,0.15750450016535306,0.15867110504914603,0.15225433515774908,0.15342094004154205,53174182,0.0,0.0
2022-06-27 00:00:00+03:00,0.14992065862357132,0.15400423273995215,0.1493373632241745,0.15167103707790375,27835012,0.0,0.0
2022-06-28 00:00:00+03:00,0.1516710293733526,0.15517081565641325,0.14817076489863543,0.1487540602684021,41066606,0.0,0.0
2022-06-29 00:00:00+03:00,0.14875405744531436,0.14992064816270795,0.1470041573047638,0.1470041573047638,19843876,0.0,0.0
2022-06-30 00:00:00+03:00,0.1458375646494852,0.1493373652215991,0.1440872002362024,0.14525426924228668,18133060,0.0,0.0
2022-07-01 00:00:00+03:00,0.14525424934144993,0.14583754466873297,0.14350388516797913,0.14408718049526215,16181376,0.0,0.0
2022-07-04 00:00:00+03:00,0.145254255133989,0.14700415525008115,0.1411706954240799,0.1411706954240799,26401776,0.0,0.0
2022-07-05 00:00:00+03:00,0.1417539951911333,0.1423372905598506,0.13650383055210114,0.13650383055210114,25133636,0.0,0.0
2022-07-06 00:00:00+03:00,0.13708713483342422,0.14058739952941085,0.13650383942678448,0.13942033052444458,11378488,0.0,0.0
2022-07-07 00:00:00+03:00,0.1405873888101352,0.1435038937498838,0.13942031989415365,0.1429205983877182,12967674,0.0,0.0
2022-07-08 00:00:00+03:00,0.14350388516797913,0.1446704758225452,0.14292058984069608,0.14408718049526215,7573726,0.0,0.0
2022-07-13 00:00:00+03:00,0.14408719262642328,0.14525426157087032,0.14117070167999998,0.14233729243278503,13297930,0.0,0.0
2022-07-14 00:00:00+03:00,0.142920606231833,0.14408719702019188,0.14117070598483364,0.14175400137901306,16647038,0.0,0.0
2022-07-18 00:00:00+03:00,0.14292059753777864,0.1470041573047638,0.14175399275592485,0.1470041573047638,21593550,0.0,0.0
2022-07-19 00:00:00+03:00,0.147004157291883,0.15108773112297058,0.14525425715148577,0.15108773112297058,32259758,0.0,0.0
2022-07-20 00:00:00+03:00,0.15108773460458488,0.1528376207208457,0.1493373562322051,0.15050442516803741,23352776,0.0,0.0
2022-07-21 00:00:00+03:00,0.15050442456935872,0.15400422491687987,0.14525425992088098,0.1487540602684021,119842542,0.0,0.0
2022-07-22 00:00:00+03:00,0.14875405744531436,0.14933735280401114,0.14642086194606702,0.1470041573047638,28185936,0.0,0.0
2022-07-25 00:00:00+03:00,0.14817076921463013,0.1499206553749018,0.14700416437665478,0.14817076921463013,27530622,0.0,0.0
2022-07-26 00:00:00+03:00,0.14875405744531436,0.14875405744531436,0.14583755252291,0.1470041573047638,13855920,0.0,0.0
2022-07-27 00:00:00+03:00,0.14758744835853577,0.149920643789727,0.1458375482690274,0.14758744835853577,20627246,0.0,0.0
2022-07-28 00:00:00+03:00,0.14817076208661759,0.14933735280401114,0.14642086194606702,0.1470041573047638,18229016,0.0,0.0
2022-07-29 00:00:00+03:00,0.14758744198279994,0.14875404668022846,0.14642085134983063,0.14642085134983063,16950262,0.0,0.0
2022-08-01 00:00:00+03:00,0.147004157291883,0.15108773112297058,0.14583755251013142,0.15108773112297058,50228970,0.0,0.0
2022-08-02 00:00:00+03:00,0.15108772963700354,0.15167102498991245,0.14758745119898733,0.14933735132217407,32094192,0.0,0.0
2022-08-03 00:00:00+03:00,0.1516710299766718,0.15225432534875877,0.14992065160429202,0.15050442516803741,23127804,0.0,0.0
2022-08-04 00:00:00+03:00,0.15108773112297058,0.1522543218402619,0.14992064814957157,0.15108773112297058,22395112,0.0,0.0
2022-08-05 00:00:00+03:00,0.15225433110987735,0.15225433110987735,0.148754066488791,0.14992065727710724,26231452,0.0,0.0
2022-08-08 00:00:00+03:00,0.14992064814957157,0.15400422198065916,0.14875405743228023,0.15108773112297058,59656600,0.0,0.0
2022-08-09 00:00:00+03:00,0.15225433247730055,0.15225433247730055,0.1493373632241745,0.15167103707790375,54435332,0.0,0.0
2022-08-10 00:00:00+03:00,0.1522543279547985,0.1563379019498825,0.15050442774412526,0.1563379019498825,89958172,0.0,0.0
2022-08-11 00:00:00+03:00,0.1569212130599652,0.17150510397076438,0.1551708344821871,0.16042101383209229,259694370,0.0,0.0
2022-08-12 00:00:00+03:00,0.15983767956898062,0.1627546485760013,0.15225431963156766,0.16158805787563324,154506092,0.0,0.0
2022-08-15 00:00:00+03:00,0.16217135800050053,0.1656711583335666,0.15867109354024028,0.16508784890174866,110550172,0.0,0.0
2022-08-16 00:00:00+03:00,0.16625490712788857,0.16625490712788857,0.15808777393383242,0.1645045429468155,94835404,0.0,0.0
2022-08-17 00:00:00+03:00,0.16450455495682131,0.17325498411953763,0.16450455495682131,0.16683822870254517,105214082,0.0,0.0
2022-08-18 00:00:00+03:00,0.16683823219669014,0.1680048229659247,0.15925439361994542,0.166254922747612,60707188,0.0,0.0
2022-08-19 00:00:00+03:00,0.16625491544559362,0.1796717494726181,0.160420991407852,0.1796717494726181,137574686,0.0,0.0
2022-08-22 00:00:00+03:00,0.18025505517781262,0.18608852948765403,0.17733856415096003,0.18433862924575806,87010460,0.0,0.0
2022-08-23 00:00:00+03:00,0.1849219110240032,0.20125569977266924,0.18258871556140235,0.19833920896053314,130152294,0.0,0.0
2022-08-24 00:00:00+03:00,0.20183901651508157,0.20475598562476763,0.18725559147716286,0.1954222470521927,186181318,0.0,0.0
2022-08-25 00:00:00+03:00,0.19833920885398795,0.2146729975938797,0.19542223985177887,0.2146729975938797,181639898,0.0,0.0
2022-08-26 00:00:00+03:00,0.21933987110900252,0.2292569048858671,0.20883954197121293,0.21408970654010773,462943816,0.0,0.0
2022-08-29 00:00:00+03:00,0.21350643302485273,0.22867315473079988,0.21000616824505114,0.21525633335113525,260620420,0.0,0.0
2022-08-31 00:00:00+03:00,0.2158395947986743,0.2205064637495881,0.20592256156805017,0.21992316842079163,227612302,0.0,0.0
2022-09-01 00:00:00+03:00,0.22050647158957135,0.22575663605594826,0.19833920896053314,0.19833920896053314,225958082,0.0,0.0
2022-09-02 00:00:00+03:00,0.1907553777659052,0.20183901651508157,0.18958878702447793,0.1954222470521927,129060158,0.0,0.0
2022-09-05 00:00:00+03:00,0.19717213872717473,0.20533927214171346,0.19192197429654892,0.2047559767961502,113478874,0.0,0.0
2022-09-06 00:00:00+03:00,0.2065058867787916,0.21175606588267612,0.1989225260221036,0.20767249166965485,71567918,0.0,0.0
2022-09-07 00:00:00+03:00,0.2088395576503275,0.21117275333365784,0.20242232368614468,0.21000616252422333,57713418,0.0,0.0
2022-09-08 00:00:00+03:00,0.210006155448949,0.21058945083401454,0.20417268121324167,0.208839550614357,50816804,0.0,0.0
2022-09-09 00:00:00+03:00,0.20883954053269818,0.21700620997888537,0.20533927613514893,0.216422900557518,62517970,0.0,0.0
2022-09-12 00:00:00+03:00,0.2193398748049584,0.23042351355489654,0.2193398748049584,0.2298402041196823,87177434,0.0,0.0
2022-09-13 00:00:00+03:00,0.2321733838221987,0.25259074568748474,0.2251733335303026,0.25259074568748474,291501300,0.0,0.0
2022-09-14 00:00:00+03:00,0.25434065694520275,0.27767500281333923,0.24209042775032474,0.27767500281333923,315758910,0.0,0.0
2022-09-15 00:00:00+03:00,0.28817532454274086,0.30509239435195923,0.28817532454274086,0.30509239435195923,188595178,0.0,0.0
2022-09-16 00:00:00+03:00,0.3050924101374663,0.33542680740356445,0.27534132230780217,0.33542680740356445,104948170,0.0,0.0
2022-09-19 00:00:00+03:00,0.3348435025107368,0.36751107896372837,0.31850971428424096,0.34709373116493225,85945426,0.0,0.0
2022-09-20 00:00:00+03:00,0.35001072958744756,0.38151171803474426,0.3494269419512519,0.38151171803474426,66832146,0.0,0.0
2022-09-21 00:00:00+03:00,0.39084495543625297,0.4194294512271881,0.3879284646440323,0.4194294512271881,77362380,0.0,0.0
2022-09-22 00:00:00+03:00,0.4258462571211805,0.46084749698638916,0.42467963820059396,0.46084749698638916,42883934,0.0,0.0
2022-09-23 00:00:00+03:00,0.5045987141896213,0.5045987141896213,0.41476261615753174,0.41476261615753174,44966674,0.0,0.0
2022-09-26 00:00:00+03:00,0.3733445405960083,0.3733445405960083,0.3733445405960083,0.3733445405960083,1594498,0.0,0.0
2022-09-27 00:00:00+03:00,0.3360100984573364,0.3360100984573364,0.3360100984573364,0.3360100984573364,1746226,0.0,0.0
2022-09-28 00:00:00+03:00,0.30275920033454895,0.30275920033454895,0.30275920033454895,0.30275920033454895,3658738,0.0,0.0
2022-09-29 00:00:00+03:00,0.2730081379413605,0.2730081379413605,0.2730081379413605,0.2730081379413605,9721486,0.0,0.0
2022-09-30 00:00:00+03:00,0.24617397634191227,0.2992589286588581,0.24617397634191227,0.2916750907897949,81893120,0.0,0.0
2022-10-03 00:00:00+03:00,0.262507826089859,0.27475805628855704,0.262507826089859,0.262507826089859,22949108,0.0,0.0
2022-10-04 00:00:00+03:00,0.239757265970213,0.27884161637571053,0.23625698722302782,0.262507826089859,79303596,0.0,0.0
2022-10-05 00:00:00+03:00,0.24617401142347223,0.257257650982077,0.2374235816470353,0.23975726962089539,55652810,0.0,0.0
2022-10-06 00:00:00+03:00,0.23975725235080128,0.250257581675278,0.22925690896186407,0.24209043383598328,44930594,0.0,0.0
2022-10-07 00:00:00+03:00,0.23450708310298132,0.24442365332979735,0.23042352308273523,0.23684029281139374,41149704,0.0,0.0
2022-10-10 00:00:00+03:00,0.23684027062935034,0.23859017071453653,0.23042350150167515,0.23159009218215942,34336620,0.0,0.0
2022-10-11 00:00:00+03:00,0.23159008697550612,0.23159008697550612,0.22225636316483047,0.22400672733783722,44720524,0.0,0.0
2022-10-12 00:00:00+03:00,0.22400672777494018,0.22400672777494018,0.2135063992250591,0.21583959460258484,49932500,0.0,0.0
2022-10-13 00:00:00+03:00,0.21292262570517,0.22633992315246593,0.2105894303276443,0.21583959460258484,49415790,0.0,0.0
2022-10-14 00:00:00+03:00,0.2170062176650884,0.22283967776134345,0.21408971264833165,0.21933987736701965,29608736,0.0,0.0
2022-10-17 00:00:00+03:00,0.2193398640263804,0.22984019282510776,0.21758949980847647,0.22750653326511383,52278154,0.0,0.0
2022-10-18 00:00:00+03:00,0.22692322097080989,0.22692322097080989,0.22167305663825815,0.22575663030147552,27897474,0.0,0.0
2022-10-19 00:00:00+03:00,0.2257566461599663,0.24792389571666718,0.2240067459685817,0.24792389571666718,83028374,0.0,0.0
2022-10-20 00:00:00+03:00,0.2479239023340273,0.2712582495854127,0.23917347288914428,0.26542431116104126,75649362,0.0,0.0
2022-10-21 00:00:00+03:00,0.26192452857251347,0.26250783806802064,0.2514241981724383,0.2566743493080139,50254406,0.0,0.0
2022-10-24 00:00:00+03:00,0.25550773772607915,0.25550773772607915,0.24092384823516755,0.2415071576833725,123416736,0.0,0.0
2022-10-25 00:00:00+03:00,0.24209045981979405,0.24384036018595961,0.23275673430057078,0.23450709879398346,79341450,0.0,0.0
2022-10-26 00:00:00+03:00,0.2350903811725943,0.24325703717878658,0.2345070857710853,0.23859019577503204,77378116,0.0,0.0
2022-10-27 00:00:00+03:00,0.23917348064032623,0.24150716860139346,0.23684029899987155,0.23800688982009888,64116976,0.0,0.0
2022-10-28 00:00:00+03:00,0.2385901834165525,0.24442364345008633,0.23742356454504043,0.24209043383598328,33356262,0.0,0.0
2022-10-31 00:00:00+03:00,0.24500740574720134,0.25142417528978744,0.2426737460437051,0.24384033679962158,108118676,0.0,0.0
2022-11-01 00:00:00+03:00,0.24500741257482092,0.2537573638730748,0.24442365305339245,0.2490905225276947,131409868,0.0,0.0
2022-11-02 00:00:00+03:00,0.24967378607355795,0.2520074738047834,0.24617398582864367,0.2473406046628952,112728294,0.0,0.0
2022-11-03 00:00:00+03:00,0.24792389583312033,0.2642577134494188,0.2455907143294591,0.26017412543296814,207873786,0.0,0.0
2022-11-04 00:00:00+03:00,0.260757895941487,0.2677579463133724,0.2514241578986068,0.25434064865112305,122291756,0.0,0.0
2022-11-07 00:00:00+03:00,0.2549239650403379,0.2619244937957291,0.2520074742078843,0.2613411843776703,112454614,0.0,0.0
2022-11-08 00:00:00+03:00,0.26309107729193226,0.2665913556381498,0.25434064865112305,0.25434064865112305,112371448,0.0,0.0
2022-11-09 00:00:00+03:00,0.25434064710930837,0.25434064710930837,0.24442362785339355,0.24442362785339355,75791688,0.0,0.0
2022-11-10 00:00:00+03:00,0.24150713711855706,0.24442362785339355,0.24034051832148706,0.24442362785339355,64182392,0.0,0.0
2022-11-11 00:00:00+03:00,0.244423648666554,0.24675730839319857,0.24034053878696257,0.2415071576833725,68668122,0.0,0.0
2022-11-14 00:00:00+03:00,0.24092382772002208,0.24675728738132235,0.23917344946170901,0.24442362785339355,94974712,0.0,0.0
2022-11-15 00:00:00+03:00,0.24500741925376512,0.2467573195485676,0.23625698952529642,0.23800688982009888,74979244,0.0,0.0
2022-11-16 00:00:00+03:00,0.23859020902467784,0.2409238689519917,0.23392332516837316,0.23450709879398346,68199248,0.0,0.0
2022-11-17 00:00:00+03:00,0.23509036372648112,0.23509036372648112,0.22750653955737396,0.22867313027381897,56919688,0.0,0.0
2022-11-18 00:00:00+03:00,0.22867313361105412,0.23917346285343513,0.227506542877584,0.23625697195529938,53329460,0.0,0.0
2022-11-21 00:00:00+03:00,0.2380068669335735,0.25959083437919617,0.23742355751508887,0.25959083437919617,136457796,0.0,0.0
2022-11-22 00:00:00+03:00,0.27125824967028567,0.2852583798338232,0.25375736264612175,0.2835084795951843,320177930,0.0,0.0
2022-11-23 00:00:00+03:00,0.28000818865181454,0.2829251577370449,0.26717467796255306,0.2730081379413605,169234216,0.0,0.0
2022-11-24 00:00:00+03:00,0.27417472867300713,0.28934192714613605,0.26367439944703897,0.2730081379413605,206105660,0.0,0.0
2022-11-25 00:00:00+03:00,0.27359141346956256,0.2794248733252759,0.27125823205550265,0.2759246230125427,105194342,0.0,0.0
2022-11-28 00:00:00+03:00,0.27825830822772296,0.2969253083488285,0.2770917174133259,0.29050853848457336,220853928,0.0,0.0
2022-11-29 00:00:00+03:00,0.2940087759299141,0.3074255951156317,0.2788415785124413,0.2980923354625702,151204690,0.0,0.0
2022-11-30 00:00:00+03:00,0.29867567297838454,0.3155927720290667,0.29342549417195257,0.30450913310050964,151049120,0.0,0.0
2022-12-01 00:00:00+03:00,0.3074256403375659,0.3173426609017948,0.2986756887870819,0.30042558908462524,165376636,0.0,0.0
2022-12-02 00:00:00+03:00,0.30159216145402773,0.30392582114704425,0.29342549174978005,0.29459208250045776,92452690,0.0,0.0
2022-12-05 00:00:00+03:00,0.29634196050087735,0.31909299597394875,0.2829251411671084,0.31617602705955505,168534524,0.0,0.0
2022-12-06 00:00:00+03:00,0.31325952763444204,0.32084288712038334,0.3050923805769717,0.309175968170166,75656108,0.0,0.0
2022-12-07 00:00:00+03:00,0.309175998749036,0.3150094588010996,0.2893419307796715,0.29284220933914185,98271504,0.0,0.0
2022-12-08 00:00:00+03:00,0.29225887588977895,0.29867564485225484,0.28292513804509745,0.2980923354625702,78416258,0.0,0.0
2022-12-09 00:00:00+03:00,0.29809235092768827,0.31909300900747256,0.29342548176322897,0.3185097277164459,131803764,0.0,0.0
2022-12-12 00:00:00+03:00,0.3231761261123634,0.3500107228755951,0.31850973503236557,0.3500107228755951,127279898,0.0,0.0
2022-12-13 00:00:00+03:00,0.35467713336094386,0.3634275629496659,0.33484354264306615,0.3575941026210785,136033238,0.0,0.0
2022-12-14 00:00:00+03:00,0.3581773497356711,0.3861780860306277,0.3575940684550632,0.37042757868766785,114081408,0.0,0.0
2022-12-15 00:00:00+03:00,0.3768448603740707,0.3943452412812898,0.37334458166438605,0.3920120596885681,79875632,0.0,0.0
2022-12-16 00:00:00+03:00,0.39259532820067994,0.4147625763017403,0.38851174045430137,0.4060121476650238,165353660,0.0,0.0
2022-12-19 00:00:00+03:00,0.40892913043918655,0.43576324846712583,0.40892913043918655,0.4345966577529907,84861786,0.0,0.0
2022-12-20 00:00:00+03:00,0.4392635047838742,0.4579304742306077,0.4287631762449176,0.456180602312088,102023512,0.0,0.0
2022-12-21 00:00:00+03:00,0.46026415912213875,0.5016816854476929,0.450347111905412,0.5016816854476929,239585498,0.0,0.0
2022-12-22 00:00:00+03:00,0.5255993351238927,0.5518501996994019,0.5139324154697378,0.5518501996994019,418590846,0.0,0.0
2022-12-23 00:00:00+03:00,0.5687673147568482,0.6066851019859314,0.5541834249397014,0.6066851019859314,309396616,0.0,0.0
2022-12-26 00:00:00+03:00,0.6008515829909694,0.6673538088798523,0.5763511241612066,0.6673538088798523,80638704,0.0,0.0
2022-12-27 00:00:00+03:00,0.6731872886857696,0.7338560819625854,0.6399363730544623,0.7338560819625854,112029086,0.0,0.0
2022-12-28 00:00:00+03:00,0.7338560789977279,0.802108203933655,0.728022590972769,0.7466896176338196,80695276,0.0,0.0
2022-12-29 00:00:00+03:00,0.7525230568249599,0.7822741723412365,0.672020673751831,0.672020673751831,82893194,0.0,0.0
2022-12-30 00:00:00+03:00,0.6154354703101907,0.6463531485377084,0.6049351692199707,0.6049351692199707,59120744,0.0,0.0
2023-01-02 00:00:00+03:00,0.5448500712676047,0.638185987371235,0.5448500712676047,0.5833511352539062,74445150,0.0,0.0
2023-01-03 00:00:00+03:00,0.5489332469740729,0.5716842557338175,0.5250160694122314,0.5250160694122314,49955856,0.0,0.0
2023-01-04 00:00:00+03:00,0.5133491526899853,0.5483499129142413,0.472514397978853,0.48418137431144714,55660632,0.0,0.0
2023-01-05 00:00:00+03:00,0.4841813857330219,0.4841813857330219,0.43576326966285706,0.43576326966285706,34182224,0.0,0.0
2023-01-06 00:00:00+03:00,0.41009574083781,0.43576326938364884,0.3925953603240706,0.417679101228714,48818602,0.0,0.0
2023-01-09 00:00:00+03:00,0.4112623160002451,0.4112623160002451,0.3791780471801758,0.3791780471801758,33379950,0.0,0.0
2023-01-10 00:00:00+03:00,0.3785947417670677,0.41709578037261963,0.35059400431779775,0.41709578037261963,41135962,0.0,0.0
2023-01-11 00:00:00+03:00,0.42234594076849175,0.4585137963294983,0.42001273126427385,0.4585137963294983,46857784,0.0,0.0
2023-01-12 00:00:00+03:00,0.45676389907995335,0.45676389907995335,0.41301268339157104,0.41301268339157104,16897638,0.0,0.0
2023-01-13 00:00:00+03:00,0.37392788352010575,0.4526803695458715,0.37392788352010575,0.44568029046058655,18860794,0.0,0.0
2023-01-16 00:00:00+03:00,0.40951240764569474,0.43167968440426335,0.40951240764569474,0.4310963749885559,11011978,0.0,0.0
2023-01-17 00:00:00+03:00,0.42176264127510005,0.42176264127510005,0.4100957214832306,0.4100957214832306,8614346,0.0,0.0
2023-01-18 00:00:00+03:00,0.4083458256860439,0.4083458256860439,0.40542885661125183,0.40542885661125183,8728872,0.0,0.0
2023-01-19 00:00:00+03:00,0.40134528121834484,0.40134528121834484,0.3931786119937897,0.3931786119937897,8218904,0.0,0.0
2023-01-20 00:00:00+03:00,0.3931786267889775,0.4217626452445984,0.3931786267889775,0.4217626452445984,10971616,0.0,0.0
2023-01-23 00:00:00+03:00,0.43051308813297906,0.43109636941222157,0.4258462190628052,0.4258462190628052,7046978,0.0,0.0
2023-01-24 00:00:00+03:00,0.39492850672953056,0.4042622447013855,0.39492850672953056,0.4042622447013855,6698028,0.0,0.0
2023-01-25 00:00:00+03:00,0.4054288881991567,0.4054288881991567,0.38909509778022766,0.38909509778022766,4954116,0.0,0.0
2023-01-26 00:00:00+03:00,0.39376195336519254,0.39376195336519254,0.3850115239620209,0.3850115239620209,4424804,0.0,0.0
2023-01-27 00:00:00+03:00,0.3733445607678221,0.3733445607678221,0.36459413170814514,0.36459413170814514,6555056,0.0,0.0
2023-01-30 00:00:00+03:00,0.3727613157315436,0.3885117970305016,0.3727613157315436,0.3879285156726837,4367098,0.0,0.0
2023-01-31 00:00:00+03:00,0.3879284907908121,0.3879284907908121,0.375094473361969,0.375094473361969,3561126,0.0,0.0
2023-02-01 00:00:00+03:00,0.37509444335778824,0.37509444335778824,0.35876065492630005,0.35876065492630005,2540538,0.0,0.0
2023-02-02 00:00:00+03:00,0.3651774356709602,0.3651774356709602,0.3593439757823944,0.3593439757823944,4883136,0.0,0.0
2023-02-03 00:00:00+03:00,0.3593439795583003,0.3791780471801758,0.3593439795583003,0.3791780471801758,4830414,0.0,0.0
2023-02-06 00:00:00+03:00,0.3791780549752409,0.3791780549752409,0.3610943371975819,0.3616776466369629,3026392,0.0,0.0
2023-02-07 00:00:00+03:00,0.3657612036612013,0.3657612036612013,0.32550978660583496,0.32550978660583496,4157400,0.0,0.0
2023-02-15 00:00:00+03:00,0.3185097398286239,0.3575940884409397,0.3167593614394958,0.3552608788013458,34834010,0.0,0.0
2023-02-16 00:00:00+03:00,0.3599272575673324,0.3820949846299806,0.32025960087776184,0.32025960087776184,34840184,0.0,0.0
2023-02-17 00:00:00+03:00,0.31442618510769965,0.31442618510769965,0.29342552400466737,0.29634201526641846,36159442,0.0,0.0
2023-02-20 00:00:00+03:00,0.2975090490964916,0.32550978660583496,0.29692528959892983,0.32550978660583496,67545592,0.0,0.0
2023-02-21 00:00:00+03:00,0.32959335098634707,0.34651044998574054,0.3155927710722629,0.3208429217338562,45148034,0.0,0.0
2023-02-22 00:00:00+03:00,0.31967635315594933,0.31967635315594933,0.30684233497930175,0.31384289264678955,25818428,0.0,0.0
2023-02-23 00:00:00+03:00,0.3115092028326614,0.3138428908150771,0.300425591362346,0.30392584204673767,44179174,0.0,0.0
2023-02-24 00:00:00+03:00,0.3021754916731564,0.3115092028326614,0.29634200306911984,0.30392584204673767,30531622,0.0,0.0
2023-02-27 00:00:00+03:00,0.3039258224553468,0.3342602200270415,0.2975090529139542,0.3290100693702698,59063612,0.0,0.0
2023-02-28 00:00:00+03:00,0.32084291982788166,0.3616776466369629,0.3161760505079368,0.3616776466369629,101461022,0.0,0.0
2023-03-01 00:00:00+03:00,0.3762615383113404,0.3978455066680908,0.3634275491482663,0.3978455066680908,108355304,0.0,0.0
2023-03-02 00:00:00+03:00,0.41009572697042646,0.4316796948348147,0.3704275915626193,0.3727612793445587,140808778,0.0,0.0
2023-03-03 00:00:00+03:00,0.37101135648482797,0.3960950950065896,0.35292719004783596,0.3698442876338959,86300410,0.0,0.0
2023-03-06 00:00:00+03:00,0.36984429475758673,0.3850114925823648,0.3675110852651101,0.3768448233604431,45036880,0.0,0.0
2023-03-07 00:00:00+03:00,0.37742815307003363,0.380927925303644,0.3645941359183899,0.36809441447257996,36102950,0.0,0.0
2023-03-08 00:00:00+03:00,0.36867770864421984,0.40484559535980225,0.35759409760769423,0.40484559535980225,104474910,0.0,0.0
2023-03-09 00:00:00+03:00,0.41476259398414006,0.4351799428791695,0.39492852638685616,0.39551183581352234,90649534,0.0,0.0
2023-03-10 00:00:00+03:00,0.39551182019907016,0.4130126775276918,0.3791780317404359,0.39959537982940674,55250638,0.0,0.0
2023-03-13 00:00:00+03:00,0.3995953927687483,0.4077625122938818,0.3838448850748133,0.38559478521347046,30054496,0.0,0.0
2023-03-14 00:00:00+03:00,0.38442820290956903,0.4194294694033933,0.3774281521390355,0.3925953507423401,70920452,0.0,0.0
2023-03-15 00:00:00+03:00,0.39084496530486773,0.41184562355722637,0.3838448865320174,0.38734516501426697,44607024,0.0,0.0
2023-03-16 00:00:00+03:00,0.38734515787902285,0.4042622560416841,0.38501149828924197,0.3966784179210663,37321126,0.0,0.0
2023-03-17 00:00:00+03:00,0.39784548104296114,0.40659543154413386,0.38967836175569254,0.3931786119937897,37899114,0.0,0.0
2023-03-20 00:00:00+03:00,0.39026165477290076,0.39259534252796924,0.3686776871570385,0.3692609965801239,30990302,0.0,0.0
2023-03-21 00:00:00+03:00,0.3733445597078348,0.3739278691361717,0.35117731059823554,0.35467711091041565,31329610,0.0,0.0
2023-03-22 00:00:00+03:00,0.35467712169329185,0.38967838883399963,0.3488436615566052,0.38967838883399963,61151978,0.0,0.0
2023-03-23 00:00:00+03:00,0.40192857481256156,0.41884612212712274,0.38384485879551494,0.3972621560096741,120519262,0.0,0.0
2023-03-24 00:00:00+03:00,0.3972622026952306,0.41359602061294565,0.3873451825449613,0.40134531259536743,59816200,0.0,0.0
2023-03-27 00:00:00+03:00,0.40134529254350526,0.4246796103188907,0.38792847261456526,0.4100957214832306,61900348,0.0,0.0
2023-03-28 00:00:00+03:00,0.41009572224842733,0.414179282014911,0.3692609965801239,0.3692609965801239,70583142,0.0,0.0
2023-03-29 00:00:00+03:00,0.3651774515651202,0.3680944207321857,0.3459271427977826,0.35701078176498413,39717972,0.0,0.0
2023-03-30 00:00:00+03:00,0.35701078908350536,0.37626154830821795,0.35292722906835405,0.3540938198566437,25551730,0.0,0.0
2023-03-31 00:00:00+03:00,0.356427451138184,0.36284422034598995,0.34826033176062127,0.3558441698551178,21721210,0.0,0.0
2023-04-03 00:00:00+03:00,0.36459412045302836,0.3675110894467574,0.3476770223486351,0.3558441698551178,21395502,0.0,0.0
2023-04-04 00:00:00+03:00,0.3575940858949664,0.36109433632771737,0.34826034727756133,0.3517606258392334,26254254,0.0,0.0
2023-04-05 00:00:00+03:00,0.3535104990005493,0.36751107772747815,0.3476770112618292,0.3535104990005493,40566876,0.0,0.0
2023-04-06 00:00:00+03:00,0.35351052321782367,0.35934398322724653,0.3459271349083656,0.3500107228755951,21661626,0.0,0.0
2023-04-07 00:00:00+03:00,0.3511773164012576,0.35234390714828806,0.3389266086601562,0.3517606258392334,23435844,0.0,0.0
2023-04-10 00:00:00+03:00,0.35234391960974815,0.35701078908350536,0.3500107380331689,0.3540938198566437,20695152,0.0,0.0
2023-04-11 00:00:00+03:00,0.35467711395559287,0.3610943334610957,0.34884365394617,0.3500107228755951,33003640,0.0,0.0
2023-04-12 00:00:00+03:00,0.3500107198704824,0.3593439801420006,0.3500107198704824,0.35467711091041565,31659846,0.0,0.0
2023-04-13 00:00:00+03:00,0.35526088120210725,0.38967838883399963,0.3535105309300721,0.38967838883399963,96152114,0.0,0.0
2023-04-14 00:00:00+03:00,0.4054288777448907,0.4054288777448907,0.3704276098522254,0.37217798829078674,104536958,0.0,0.0
2023-04-17 00:00:00+03:00,0.3721779715079004,0.3815117100344647,0.3645941331493114,0.36634451150894165,43936040,0.0,0.0
2023-04-18 00:00:00+03:00,0.3704276039624434,0.37626154232337167,0.35934399307325243,0.375094473361969,48521372,0.0,0.0
2023-04-19 00:00:00+03:00,0.3750944564869433,0.3803446350995977,0.3692609965801239,0.3692609965801239,32981038,0.0,0.0
2023-04-20 00:00:00+03:00,0.36751110079192184,0.36809441022191486,0.3587606717322449,0.36459413170814514,15489406,0.0,0.0
2023-04-24 00:00:00+03:00,0.36459414211847185,0.3680944207321857,0.35584419100060893,0.35701078176498413,24120880,0.0,0.0
2023-04-25 00:00:00+03:00,0.35701078176498413,0.3640108608007451,0.35409381259791867,0.35701078176498413,28216620,0.0,0.0
2023-04-26 00:00:00+03:00,0.3570107910191467,0.3675111208118814,0.3476770520210266,0.3476770520210266,30157966,0.0,0.0
2023-04-27 00:00:00+03:00,0.3482603614827951,0.3535105404436236,0.3470937706881804,0.3476770520210266,20738974,0.0,0.0
2023-04-28 00:00:00+03:00,0.3488436367087275,0.3517606056651304,0.3313432294162872,0.3360100984573364,29132992,0.0,0.0
2023-05-02 00:00:00+03:00,0.38133137352838836,0.38199218103318106,0.3502697878915031,0.3529130816459656,19385520,0.083532,0.0
2023-05-03 00:00:00+03:00,0.35687862389655145,0.359521917858411,0.3324258443448439,0.3370521664619446,31180382,0.0,0.0
2023-05-04 00:00:00+03:00,0.33705215153402096,0.3548961217731057,0.33705215153402096,0.3489481210708618,17309074,0.0,0.0
2023-05-05 00:00:00+03:00,0.34960896980927386,0.3707570738533569,0.3443218083607499,0.34696513414382935,29478966,0.0,0.0
2023-05-08 00:00:00+03:00,0.34696513414382935,0.348948130396592,0.333747485463702,0.34696513414382935,23578072,0.0,0.0
2023-05-09 00:00:00+03:00,0.34630427003476694,0.34960894487722327,0.3291211399568788,0.32978197932243347,31720884,0.0,0.0
2023-05-10 00:00:00+03:00,0.32978200979390315,0.33308668494170757,0.3079730658773028,0.3211907148361206,46071956,0.0,0.0
2023-05-11 00:00:00+03:00,0.3211907135396543,0.34035633154008055,0.3211907135396543,0.3304428160190582,41199102,0.0,0.0
2023-05-12 00:00:00+03:00,0.33176501666464586,0.33374747108196845,0.31854682680409946,0.32647785544395447,19605136,0.0,0.0
2023-05-15 00:00:00+03:00,0.32713864059395936,0.3357299344129947,0.30995551120593634,0.3172251582145691,18964304,0.0,0.0
2023-05-16 00:00:00+03:00,0.3172251601938511,0.3337474503459392,0.3172251601938511,0.33176499605178833,11714446,0.0,0.0
2023-05-17 00:00:00+03:00,0.33176502225931936,0.3469651250435238,0.33176502225931936,0.3416779637336731,16110402,0.0,0.0
2023-05-18 00:00:00+03:00,0.34167795104096454,0.3430001396648975,0.3139210403497766,0.32052984833717346,25666242,0.0,0.0
2023-05-22 00:00:00+03:00,0.32383398475499436,0.3291211459223006,0.32052985160262376,0.3277994990348816,12741458,0.0,0.0
2023-05-23 00:00:00+03:00,0.3304428173528701,0.33308668494170757,0.32052987540950517,0.3211907148361206,12999712,0.0,0.0
2023-05-24 00:00:00+03:00,0.3218514843154649,0.3489480964685274,0.31986899813782343,0.3311041593551636,55819412,0.0,0.0
2023-05-25 00:00:00+03:00,0.33176500730142605,0.33771297587080995,0.32581700686439663,0.32978197932243347,16424550,0.0,0.0
2023-05-26 00:00:00+03:00,0.3304428017186225,0.3423388031290222,0.3284603472678691,0.3416779637336731,18420762,0.0,0.0
2023-05-29 00:00:00+03:00,0.34366097988772126,0.3568785958952849,0.34366097988772126,0.3529130816459656,23751528,0.0,0.0
2023-05-30 00:00:00+03:00,0.3542347559539173,0.3740617214669023,0.346965108668752,0.3694353997707367,24889542,0.0,0.0
2023-05-31 00:00:00+03:00,0.3694353962896949,0.37670501163871606,0.35820023491074426,0.36216574907302856,25863950,0.0,0.0
2023-06-01 00:00:00+03:00,0.37009624520720635,0.39190569918079865,0.36216578961254453,0.3833138942718506,38203992,0.0,0.0
2023-06-02 00:00:00+03:00,0.3892618543688467,0.3925665294661127,0.37274010413256464,0.37802672386169434,30481488,0.0,0.0
2023-06-05 00:00:00+03:00,0.3892618420396324,0.39256651703222833,0.3767050330971774,0.38067054748535156,37157628,0.0,0.0
2023-06-06 00:00:00+03:00,0.3813313749176325,0.38265302179967875,0.36745291948706915,0.37604421377182007,24375128,0.0,0.0
2023-06-07 00:00:00+03:00,0.3767050449097918,0.3833138852198701,0.3667921031211542,0.37009623646736145,29031668,0.0,0.0
2023-06-08 00:00:00+03:00,0.3667920884194137,0.3905840273056012,0.3667920884194137,0.3819921910762787,57933528,0.0,0.0
2023-06-09 00:00:00+03:00,0.38133138418197626,0.3846360591511827,0.37472254412591166,0.3813313841819763,22228438,0.0,0.0
2023-06-12 00:00:00+03:00,0.38133138418197626,0.39454900055881204,0.37736586982186887,0.3813313841819763,39694374,0.0,0.0
2023-06-13 00:00:00+03:00,0.381331379889501,0.3819921874053168,0.35952189564704895,0.35952189564704895,44725904,0.0,0.0
2023-06-14 00:00:00+03:00,0.36150494538437883,0.36414827120928545,0.3522523011662836,0.3535739481449127,21760048,0.0,0.0
2023-06-15 00:00:00+03:00,0.3535739013309823,0.36216573685600995,0.3496089290524172,0.35753941535949707,19556930,0.0,0.0
2023-06-16 00:00:00+03:00,0.3582002487477709,0.3681137317938036,0.3562177624650306,0.35952189564704895,26365362,0.0,0.0
2023-06-19 00:00:00+03:00,0.3608440957810157,0.38199216582778234,0.35886106786030153,0.3648090362548828,54306272,0.0,0.0
2023-06-20 00:00:00+03:00,0.3621657638176647,0.3628265713348571,0.3476259270424126,0.35026979446411133,34356116,0.0,0.0
2023-06-21 00:00:00+03:00,0.350269778537291,0.35753942571937014,0.34366097071000223,0.3476259112358093,20178516,0.0,0.0
2023-06-22 00:00:00+03:00,0.348286789962291,0.3542347909748196,0.3403563343965771,0.3522523045539856,19029096,0.0,0.0
2023-06-23 00:00:00+03:00,0.35489608988457233,0.3588610621631374,0.3515914151916998,0.35753941535949707,27997992,0.0,0.0
2023-06-26 00:00:00+03:00,0.3582002440737038,0.37009621324724923,0.3562177578168325,0.3674529194831848,25708504,0.0,0.0
2023-06-27 00:00:00+03:00,0.3694354149223186,0.3734008974169585,0.36414825364515035,0.37274008989334106,10207658,0.0,0.0
2023-07-03 00:00:00+03:00,0.37802671714065406,0.40974965358386883,0.3773658777358941,0.3958706557750702,86606936,0.0,0.0
2023-07-04 00:00:00+03:00,0.3958706563766361,0.42164562393676236,0.3899226874453413,0.41041049361228943,61147770,0.0,0.0
2023-07-05 00:00:00+03:00,0.411071289049507,0.43552406719591735,0.4084279952395572,0.4216456115245819,76220906,0.0,0.0
2023-07-06 00:00:00+03:00,0.421645633082759,0.42693279459062194,0.4097496630944842,0.4156976640224457,44462790,0.0,0.0
2023-07-07 00:00:00+03:00,0.4163584625435843,0.4209847845309982,0.40842800726264444,0.41041049361228943,29143162,0.0,0.0
2023-07-10 00:00:00+03:00,0.4071058038819726,0.44081122550707896,0.4071058038819726,0.43816789984703064,68850912,0.0,0.0
2023-07-11 00:00:00+03:00,0.44279373028156316,0.45667272819050536,0.42494975965074694,0.4414720833301544,65911564,0.0,0.0
2023-07-12 00:00:00+03:00,0.4414720527784345,0.45270718238938307,0.43089773066363585,0.43354156613349915,44121040,0.0,0.0
2023-07-13 00:00:00+03:00,0.43354158390095104,0.44808087905908206,0.4289152620177506,0.4375065565109253,46427112,0.0,0.0
2023-07-14 00:00:00+03:00,0.4375065752536985,0.44411592547502543,0.4223064719211641,0.42428895831108093,39859546,0.0,0.0
2023-07-17 00:00:00+03:00,0.4262719542428941,0.4527072199746629,0.42296727913487014,0.43948960304260254,78180996,0.0,0.0
2023-07-18 00:00:00+03:00,0.4421328879336591,0.4474200493218142,0.4190017879009247,0.4190017879009247,43150520,0.0,0.0
2023-07-19 00:00:00+03:00,0.41635846769506596,0.42627195119831457,0.40974965927623813,0.42561060190200806,34811164,0.0,0.0
2023-07-20 00:00:00+03:00,0.42561057282526604,0.4368457025211895,0.42561057282526604,0.432219922542572,32914052,0.0,0.0
2023-07-21 00:00:00+03:00,0.43288073906702795,0.46129848963508713,0.42693277034450816,0.4546896815299988,84965174,0.0,0.0
2023-07-24 00:00:00+03:00,0.454689679935573,0.49500390955729306,0.4540288405553218,0.48575180768966675,85152780,0.0,0.0
2023-07-25 00:00:00+03:00,0.4883951013464456,0.5181350404498457,0.4725336177834604,0.5029343962669373,103771414,0.0,0.0
2023-07-26 00:00:00+03:00,0.5029344143321017,0.5445702923312272,0.4989694416445135,0.5135087370872498,74734436,0.0,0.0
2023-07-27 00:00:00+03:00,0.5254047064329145,0.5643972586584968,0.5135087367456985,0.5525013208389282,130690110,0.0,0.0
2023-07-28 00:00:00+03:00,0.5558053792048072,0.584884477701072,0.528048501162888,0.5399444699287415,125430954,0.0,0.0
2023-07-31 00:00:00+03:00,0.5399445271817636,0.5406053347363785,0.5135087514235008,0.5174742341041565,89010846,0.0,0.0
2023-08-01 00:00:00+03:00,0.5168133541887292,0.5201174871021261,0.4910383895939229,0.504256546497345,56153890,0.0,0.0
2023-08-02 00:00:00+03:00,0.5016127185387468,0.5399444938237458,0.4996302641297304,0.5333356857299805,88350308,0.0,0.0
2023-08-03 00:00:00+03:00,0.5346573872077515,0.5386223601658563,0.5121870932244034,0.5201175808906555,44572334,0.0,0.0
2023-08-04 00:00:00+03:00,0.5207783196076864,0.5353181240021364,0.5088823506739794,0.5221005082130432,41446910,0.0,0.0
2023-08-07 00:00:00+03:00,0.5240830126311733,0.5518404975140153,0.5161525576058186,0.5498574376106262,60625170,0.0,0.0
2023-08-08 00:00:00+03:00,0.5558054371411865,0.5670406314612794,0.5333357177216131,0.5491966605186462,56130834,0.0,0.0
2023-08-09 00:00:00+03:00,0.6040501594543456,0.6040501594543456,0.6040501594543456,0.6040501594543457,13743464,0.0,0.0
2023-08-10 00:00:00+03:00,0.6641913056373596,0.6641913056373596,0.6331292116738164,0.6641913056373596,97958910,0.0,0.0
2023-08-11 00:00:00+03:00,0.6767481962084569,0.6972354610696827,0.6179291856874929,0.6582434177398682,225794180,0.0,0.0
2023-08-14 00:00:00+03:00,0.6628691705188692,0.7018617858452366,0.6377555527463517,0.6423819065093994,102602020,0.0,0.0
2023-08-15 00:00:00+03:00,0.645025196181891,0.6542779036482739,0.5868675696242612,0.5881891846656799,134463234,0.0,0.0
2023-08-16 00:00:00+03:00,0.5881891702347553,0.6470082402229309,0.5782757192261778,0.6470082402229309,130008698,0.0,0.0
2023-08-17 00:00:00+03:00,0.6470082519832044,0.6899657756443521,0.6324684470906596,0.6602258682250977,117060024,0.0,0.0
2023-08-18 00:00:00+03:00,0.6589041447756048,0.6939312747751993,0.6357730789134923,0.6641913056373596,124234542,0.0,0.0
2023-08-21 00:00:00+03:00,0.648329874741193,0.6760873599416596,0.6476690672168115,0.6668346524238586,66507732,0.0,0.0
2023-08-22 00:00:00+03:00,0.6721217866832169,0.6807131127135632,0.6377555265324656,0.6496515274047852,74413446,0.0,0.0
2023-08-23 00:00:00+03:00,0.6496515516989219,0.6536170341869992,0.6199116440089169,0.6271812915802002,73136620,0.0,0.0
2023-08-24 00:00:00+03:00,0.6265204279150312,0.658904203440517,0.608676457590664,0.6410602331161499,135806074,0.0,0.0
2023-08-25 00:00:00+03:00,0.6489907646983626,0.679391480872203,0.6212332786981998,0.6298251152038574,56124798,0.0,0.0
2023-08-28 00:00:00+03:00,0.6298250860200326,0.6463473771046857,0.6053723399582694,0.6291642785072327,40659700,0.0,0.0
2023-08-29 00:00:00+03:00,0.6370947873838411,0.6873220262528779,0.6258596565392911,0.6701393723487854,115543090,0.0,0.0
2023-08-31 00:00:00+03:00,0.672121823191885,0.7216882518669758,0.6655130467665793,0.6952529549598694,77386730,0.0,0.0
2023-09-01 00:00:00+03:00,0.7137577273607691,0.7164010849456567,0.6833570118698582,0.6965746283531189,44305416,0.0,0.0
2023-09-04 00:00:00+03:00,0.6972354134262293,0.7111139007263823,0.6727826675682624,0.6793914437294006,45002158,0.0,0.0
2023-09-05 00:00:00+03:00,0.6793914437294006,0.7058272494621651,0.6655130201645397,0.6793914437294006,45673158,0.0,0.0
2023-09-06 00:00:00+03:00,0.6840178000768976,0.6873219650970269,0.6443643781295646,0.6628691554069519,41150368,0.0,0.0
2023-09-07 00:00:00+03:00,0.674104246271575,0.6826960818447033,0.656921148742915,0.6641913056373596,29732552,0.0,0.0
2023-09-08 00:00:00+03:00,0.6688171337295088,0.6708001936407563,0.6377555474041834,0.6437035799026489,44700874,0.0,0.0
2023-09-11 00:00:00+03:00,0.6437035381521452,0.6813738983167883,0.6437035381521452,0.6555994749069214,53339654,0.0,0.0
2023-09-12 00:00:00+03:00,0.6575819864612907,0.6998792753008706,0.6496515316126812,0.6807131171226501,82531574,0.0,0.0
2023-09-13 00:00:00+03:00,0.6774089988155314,0.7164011055959832,0.6641913819512718,0.7150794267654419,88125004,0.0,0.0
2023-09-14 00:00:00+03:00,0.7269753275019079,0.7507673298192945,0.6608866729536058,0.6767481565475464,53952414,0.0,0.0
2023-09-15 00:00:00+03:00,0.6807131620276058,0.6873220023079989,0.6549387359223096,0.6608867049217224,27742472,0.0,0.0
2023-09-18 00:00:00+03:00,0.6635300254496762,0.6641913428407247,0.6192507598073484,0.6225554347038269,25639796,0.0,0.0
2023-09-19 00:00:00+03:00,0.6232163354443189,0.6357731446158618,0.5921541745354465,0.6159461140632629,29599828,0.0,0.0
2023-09-20 00:00:00+03:00,0.6291642877654127,0.6549387129673403,0.6192507727510995,0.6271812915802002,28812618,0.0,0.0
2023-09-21 00:00:00+03:00,0.6344514606416168,0.6767481779451753,0.6285034917418518,0.6708002090454102,57572218,0.0,0.0
2023-09-22 00:00:00+03:00,0.6807131733138571,0.6879833311428396,0.6602259083226095,0.6741043329238892,31287930,0.0,0.0
2023-09-25 00:00:00+03:00,0.6760872927482772,0.6926090725981275,0.6615474891275358,0.6846785545349121,32471762,0.0,0.0
2023-09-26 00:00:00+03:00,0.6853395145426894,0.7454802031661529,0.662208382402441,0.7316017150878906,61217876,0.0,0.0
2023-09-27 00:00:00+03:00,0.7316016976322883,0.7428368277945302,0.695252949560675,0.6965746283531189,37054370,0.0,0.0
2023-09-28 00:00:00+03:00,0.7084705519872777,0.7514281393158532,0.6978962295634142,0.7401930093765259,40766138,0.0,0.0
2023-09-29 00:00:00+03:00,0.7395321082406583,0.7441584617501713,0.6998792611800274,0.7084705233573914,47345686,0.0,0.0
2023-10-02 00:00:00+03:00,0.708470516060484,0.7408537793230292,0.697235386690894,0.7263144850730896,43544530,0.0,0.0
2023-10-03 00:00:00+03:00,0.7091313933666563,0.7534111037432679,0.6919482316884623,0.7164010405540466,57364032,0.0,0.0
2023-10-04 00:00:00+03:00,0.7177232884684489,0.7368888741936085,0.7005401253700256,0.7005401253700256,55386588,0.0,0.0
2023-10-05 00:00:00+03:00,0.7064880543050761,0.7157401879310762,0.6655130176546874,0.6959137320518494,51688208,0.0,0.0
2023-10-06 00:00:00+03:00,0.6866611277836598,0.7045050984329103,0.6840178338781115,0.6932699680328369,37016508,0.0,0.0
2023-10-09 00:00:00+03:00,0.6688171011737724,0.6899657451192633,0.657581971713754,0.6595650315284729,28455686,0.0,0.0
2023-10-10 00:00:00+03:00,0.6641913375700358,0.7249928299770071,0.6641913375700358,0.7038442492485046,59680684,0.0,0.0
2023-10-11 00:00:00+03:00,0.7045050499327125,0.7289577954124458,0.6694779823234364,0.6893049478530884,39631944,0.0,0.0
2023-10-12 00:00:00+03:00,0.6959137648331336,0.7144186065744371,0.6674955353470134,0.7031834125518799,44477802,0.0,0.0
2023-10-13 00:00:00+03:00,0.7005400538199442,0.7058272147061492,0.6608866339822067,0.6721217632293701,35090460,0.0,0.0
2023-10-16 00:00:00+03:00,0.6807131597303382,0.7064880956310148,0.6555995412554797,0.6760873794555664,40836230,0.0,0.0
2023-10-17 00:00:00+03:00,0.6787306666374207,0.6899657969412883,0.6628691824869763,0.6787306666374207,32610044,0.0,0.0
2023-10-18 00:00:00+03:00,0.6661738084591408,0.686661071329572,0.6410601920828751,0.6443643569946289,39035348,0.0,0.0
2023-10-19 00:00:00+03:00,0.6509732456802398,0.6754259926728262,0.6456860842883599,0.6542779207229614,41571698,0.0,0.0
2023-10-20 00:00:00+03:00,0.6648521957572854,0.6648521957572854,0.6185899352464685,0.6278420686721802,33739028,0.0,0.0
2023-10-23 00:00:00+03:00,0.6265204454216056,0.6906266808509827,0.6265204454216056,0.6906266808509827,46749030,0.0,0.0
2023-10-24 00:00:00+03:00,0.7071489441296223,0.7269753367946113,0.6873219778469926,0.7064880728721619,55187624,0.0,0.0
2023-10-25 00:00:00+03:00,0.7064880657572593,0.7197057457145306,0.6370947360992432,0.6370947360992432,34863968,0.0,0.0
2023-10-26 00:00:00+03:00,0.642381909497276,0.6873219839633169,0.6278421043508241,0.6734434962272644,41476730,0.0,0.0
2023-10-27 00:00:00+03:00,0.723671228107609,0.7401930093765259,0.7210273606928256,0.7401930093765259,46257926,0.0,0.0
2023-10-30 00:00:00+03:00,0.79306409742917,0.814212679862976,0.7699329648545162,0.8142126798629761,32684634,0.0,0.0
2023-10-31 00:00:00+03:00,0.8849276341017009,0.8849276341017009,0.7494456502325344,0.7567152976989746,127046748,0.0,0.0
2023-11-01 00:00:00+03:00,0.7448193051956514,0.7633240827741337,0.682035324909413,0.7144185900688171,90024996,0.0,0.0
2023-11-02 00:00:00+03:00,0.7269753080885272,0.7857943773269652,0.6959137228614782,0.7857943773269653,86612762,0.0,0.0
2023-11-03 00:00:00+03:00,0.7930641141587226,0.8366830225305644,0.7732376563025577,0.7864552736282349,66052958,0.0,0.0
2023-11-06 00:00:00+03:00,0.8062816443154232,0.8128909940137435,0.7600199568093621,0.7613415718078613,45260226,0.0,0.0
2023-11-07 00:00:00+03:00,0.7567152713807552,0.7957078209087606,0.7428367844435558,0.7639849185943604,52047478,0.0,0.0
2023-11-08 00:00:00+03:00,0.7586977954239661,0.7633240854376695,0.7210273688796003,0.7223490476608276,64104462,0.0,0.0
2023-11-09 00:00:00+03:00,0.712436084003816,0.7190448601152816,0.6959137294457571,0.7051658630371094,44014488,0.0,0.0
2023-11-10 00:00:00+03:00,0.7045051038269692,0.745480206867952,0.7005401310706411,0.7150794267654419,62509362,0.0,0.0
2023-11-13 00:00:00+03:00,0.7216882147584507,0.7249928258747145,0.689304950624862,0.6972354054450989,33076846,0.0,0.0
2023-11-14 00:00:00+03:00,0.7038442477840094,0.7097922163910496,0.6721217910366564,0.6807131171226501,46755624,0.0,0.0
2023-11-15 00:00:00+03:00,0.6820353212735389,0.7382105249654749,0.6780698388177793,0.7078097462654114,53051734,0.0,0.0
2023-11-16 00:00:00+03:00,0.7071489588556908,0.7230098693650396,0.6992179299833637,0.7031834125518799,22924150,0.0,0.0
2023-11-17 00:00:00+03:00,0.7031834047271021,0.7203665674700463,0.6893049807152666,0.6965746283531189,28584888,0.0,0.0
2023-11-20 00:00:00+03:00,0.7091314593252835,0.7626633080666315,0.7064881016583237,0.7534111738204956,75318236,0.0,0.0
2023-11-21 00:00:00+03:00,0.7534111589196285,0.8274303346895429,0.7534111589196285,0.8201606869697571,164104502,0.0,0.0
2023-11-22 00:00:00+03:00,0.8115688014972241,0.8194997661559275,0.7765417339408235,0.7857943773269653,94019782,0.0,0.0
2023-11-23 00:00:00+03:00,0.7930641012679068,0.8095863935314597,0.774559322589207,0.7976903915405273,138820366,0.0,0.0
2023-11-24 00:00:00+03:00,0.8029774821927254,0.8578310058244372,0.7785247365457739,0.7831510901451111,141747934,0.0,0.0
2023-11-27 00:00:00+03:00,0.7831511646045367,0.801655943408344,0.7705937813510828,0.7798464894294739,50863468,0.0,0.0
2023-11-28 00:00:00+03:00,0.788437631268786,0.7890990123491103,0.7474631071090699,0.7474631071090698,45199178,0.0,0.0
2023-11-29 00:00:00+03:00,0.7534111721453423,0.7547328509758835,0.7091314577485828,0.7150794267654419,67514010,0.0,0.0
2023-11-30 00:00:00+03:00,0.7269753286324163,0.7434976835010634,0.690626645056676,0.6926091313362122,41893958,0.0,0.0
2023-12-01 00:00:00+03:00,0.6992179388856562,0.7434977167978333,0.6813739681883899,0.7316017150878906,62906868,0.0,0.0
2023-12-04 00:00:00+03:00,0.731601642976898,0.7355671252050405,0.7031833521947426,0.7183840274810791,26773286,0.0,0.0
2023-12-05 00:00:00+03:00,0.718384060551691,0.7586977801094763,0.7111139032399347,0.7256537079811096,49194458,0.0,0.0
2023-12-06 00:00:00+03:00,0.722349072368631,0.750106494723821,0.7071489691734314,0.7071489691734314,45899342,0.0,0.0
2023-12-07 00:00:00+03:00,0.708470532699556,0.7203665335657778,0.689304948272921,0.7137576937675476,26699984,0.0,0.0
2023-12-08 00:00:00+03:00,0.7150794061532129,0.7368888589491218,0.6959137570892499,0.6965746283531189,35145284,0.0,0.0
2023-12-11 00:00:00+03:00,0.7071489197638516,0.7071489197638516,0.6608866586297761,0.6727826595306396,36862938,0.0,0.0
2023-12-12 00:00:00+03:00,0.6747651248061716,0.7249928029942034,0.6694779638870006,0.7111138701438904,51012030,0.0,0.0
2023-12-13 00:00:00+03:00,0.6992178716339122,0.7091313860220397,0.6622083187103271,0.6622083187103271,31402320,0.0,0.0
2023-12-14 00:00:00+03:00,0.6741043061612786,0.6853395000899472,0.6602258821109861,0.6813739538192749,23355754,0.0,0.0
2023-12-15 00:00:00+03:00,0.6813739299865705,0.707809735719335,0.6721217963256778,0.6793914437294006,32351346,0.0,0.0
2023-12-18 00:00:00+03:00,0.6807131502806955,0.6860003116431845,0.6476690769195556,0.6476690769195557,26269942,0.0,0.0
2023-12-19 00:00:00+03:00,0.6470082796692664,0.6496515735836996,0.6212332799814168,0.6285035014152527,27390366,0.0,0.0
2023-12-20 00:00:00+03:00,0.5941372426253111,0.6080156670664317,0.565718948841095,0.565718948841095,88894030,0.0,0.0
2023-12-21 00:00:00+03:00,0.5663797350619546,0.5954588353001543,0.5525013111434537,0.5716668963432312,41876386,0.0,0.0
2023-12-22 00:00:00+03:00,0.5749715566635131,0.580258207927709,0.5465533284089843,0.5749715566635132,23658680,0.0,0.0
2023-12-25 00:00:00+03:00,0.5762932437245354,0.5762932437245354,0.5432486613542045,0.5498574376106262,15352120,0.0,0.0
2023-12-26 00:00:00+03:00,0.5498574041771069,0.5736493414241626,0.5425877571105957,0.5425877571105957,15954284,0.0,0.0
2023-12-27 00:00:00+03:00,0.5452316964735443,0.5643972828304683,0.5366398596999344,0.5544838309288025,17749852,0.0,0.0
2023-12-28 00:00:00+03:00,0.5558054045459044,0.6093373142344176,0.5525013032372378,0.5895108580589294,26938514,0.0,0.0
2023-12-29 00:00:00+03:00,0.5914933297648042,0.6113202953341295,0.5822411962285097,0.5928155183792114,18389502,0.0,0.0
2024-01-02 00:00:00+03:00,0.5941372299764807,0.6014068776844299,0.5650581292623266,0.6000851988792419,29877780,0.0,0.0
2024-01-03 00:00:00+03:00,0.606694036448948,0.606694036448948,0.5617534518241882,0.5617534518241882,21181442,0.0,0.0
2024-01-04 00:00:00+03:00,0.5617534191388031,0.5928155141348281,0.5531620931624135,0.5789365172386169,23999694,0.0,0.0
2024-01-05 00:00:00+03:00,0.5802582117227274,0.6119811150741009,0.5769540466940836,0.6060331463813782,31701298,0.0,0.0
2024-01-08 00:00:00+03:00,0.6060331791567037,0.6093373443640426,0.5848845332885043,0.5901716947555542,27384000,0.0,0.0
2024-01-09 00:00:00+03:00,0.5947979927633278,0.6172682516139871,0.5815803771470106,0.5967804789543152,40644970,0.0,0.0
2024-01-10 00:00:00+03:00,0.596780526157269,0.6185899792477363,0.5908325572315273,0.6080156564712524,30262770,0.0,0.0
2024-01-11 00:00:00+03:00,0.6047115376851432,0.6225554439500092,0.6033893490304542,0.6205724477767944,22844902,0.0,0.0
2024-01-12 00:00:00+03:00,0.6146245058310925,0.6423819282610407,0.5842237257411549,0.5901716947555542,72202618,0.0,0.0
2024-01-15 00:00:00+03:00,0.5947979789656516,0.5967804651106507,0.5743102067812395,0.5848844647407532,22162222,0.0,0.0
2024-01-16 00:00:00+03:00,0.5848844869835822,0.5908325192623756,0.5736493573916109,0.5776149034500122,21859894,0.0,0.0
2024-01-17 00:00:00+03:00,0.5782757255553487,0.5881891766724279,0.5710060781028181,0.581580400466919,26997814,0.0,0.0
2024-01-18 00:00:00+03:00,0.5835628788508262,0.6014068484263049,0.5835628788508262,0.5994243621826172,25064752,0.0,0.0
2024-01-19 00:00:00+03:00,0.5994243296963259,0.6113202662784073,0.5901716229821874,0.6093372702598572,22022864,0.0,0.0
2024-01-22 00:00:00+03:00,0.6093373035009825,0.6337900492013876,0.5974413025346514,0.6238771080970764,20083282,0.0,0.0
2024-01-23 00:00:00+03:00,0.6245379209291987,0.6384164082583484,0.612641983596653,0.6152852773666382,18027890,0.0,0.0
2024-01-24 00:00:00+03:00,0.6086764297476759,0.6364339139367712,0.6080156222473715,0.6331292390823364,16697678,0.0,0.0
2024-01-25 00:00:00+03:00,0.6357731514601623,0.6456860932255214,0.6271813149066383,0.6364339590072632,16124746,0.0,0.0
2024-01-26 00:00:00+03:00,0.6403994292189287,0.6562604034240392,0.6331292716359451,0.6476690769195557,17062130,0.0,0.0
2024-01-29 00:00:00+03:00,0.6529562379289152,0.6536170454628389,0.6232163297258537,0.6245379447937012,30993870,0.0,0.0
2024-01-30 00:00:00+03:00,0.6245379483962137,0.631146788597107,0.6119811392674575,0.6311467885971069,18463758,0.0,0.0
2024-01-31 00:00:00+03:00,0.633129239208898,0.6403993964195251,0.625198784380165,0.6403993964195251,19651596,0.0,0.0
2024-02-01 00:00:00+03:00,0.6423819317704712,0.6443644181586461,0.6185899918475992,0.6199116706848145,38430556,0.0,0.0
2024-02-02 00:00:00+03:00,0.6205724561882358,0.6516340428916689,0.6205724561882358,0.6503123641014099,55686408,0.0,0.0
2024-02-05 00:00:00+03:00,0.6569211813491747,0.6846786019790829,0.6443643728520267,0.6470082402229309,52336402,0.0,0.0
2024-02-06 00:00:00+03:00,0.6476690769195556,0.6503123707919745,0.6324684641016641,0.6476690769195557,39489782,0.0,0.0
2024-02-07 00:00:00+03:00,0.6456860595640289,0.6655130255611388,0.6417210870175375,0.6536170244216919,36815660,0.0,0.0
2024-02-08 00:00:00+03:00,0.667495534019395,0.6860003119885986,0.6608866938497215,0.6708002090454102,39980458,0.0,0.0
2024-02-09 00:00:00+03:00,0.7064880830022515,0.7064880830022515,0.6741043074223585,0.6800523400306702,37932260,0.0,0.0
2024-02-12 00:00:00+03:00,0.6774089259867376,0.6774089259867376,0.647669020364508,0.6555994749069214,73280660,0.0,0.0
2024-02-13 00:00:00+03:00,0.6555994700642312,0.674104246271575,0.6496515017307787,0.6641913056373596,70354312,0.0,0.0
2024-02-14 00:00:00+03:00,0.7302799820899963,0.7302799820899963,0.7302799820899963,0.7302799820899963,14638456,0.0,0.0
2024-02-15 00:00:00+03:00,0.8029775023460387,0.8029775023460387,0.8029775023460387,0.8029775023460388,14314066,0.0,0.0
2024-02-16 00:00:00+03:00,0.8029774916329425,0.878979660561884,0.771255098272057,0.8373437523841858,236498882,0.0,0.0
2024-02-19 00:00:00+03:00,0.8492397235503104,0.8624573391836261,0.8161950789817667,0.8294127583503723,86247180,0.0,0.0
2024-02-20 00:00:00+03:00,0.8386654164376892,0.8465958712344946,0.8049599637866094,0.833378255367279,53076238,0.0,0.0
2024-02-21 00:00:00+03:00,0.8327174744843747,0.8492397657214578,0.7996728282749156,0.8261086344718933,59134698,0.0,0.0
2024-02-22 00:00:00+03:00,0.8274303132449792,0.845274219519855,0.806281668287397,0.8261086344718933,44090604,0.0,0.0
2024-02-23 00:00:00+03:00,0.8347000272048721,0.8347000272048721,0.8042992460045231,0.8175168633460999,38818896,0.0,0.0
2024-02-26 00:00:00+03:00,0.818177682980705,0.8988062143325807,0.8161951965017195,0.8988062143325806,86562928,0.0,0.0
2024-02-27 00:00:00+03:00,0.9245805973294995,0.9701819906813749,0.9073974340443077,0.9338332414627075,141740330,0.0,0.0
2024-02-28 00:00:00+03:00,0.9146675562494698,0.9576250773879816,0.9014493671661652,0.9199547171592712,59869138,0.0,0.0
2024-02-29 00:00:00+03:00,0.9199546784966406,0.9615905191946424,0.9073972974187835,0.9477115869522095,57422990,0.0,0.0
2024-03-01 00:00:00+03:00,0.9477117172299511,1.0045482403538863,0.9206156124995315,0.991330623626709,59940524,0.0,0.0
2024-03-04 00:00:00+03:00,1.0223922225581161,1.0223922225581161,0.8955014944076538,0.8955014944076538,68599558,0.0,0.0
2024-03-05 00:00:00+03:00,0.8915365078617453,0.917971741207357,0.8512222766876222,0.8512222766876221,54759694,0.0,0.0
2024-03-06 00:00:00+03:00,0.8459351206281528,0.8723708640227879,0.8194998233805852,0.8267694711685181,45744746,0.0,0.0
2024-03-07 00:00:00+03:00,0.83271739600886,0.8584918186403148,0.8221430745265959,0.8479174971580505,36717052,0.0,0.0
2024-03-08 00:00:00+03:00,0.8485789289073924,0.8710486799323719,0.8228039929185118,0.8657615184783936,39965920,0.0,0.0
2024-03-11 00:00:00+03:00,0.8750141240080987,0.9523379031710657,0.8637789948677829,0.9252412915229797,102630334,0.0,0.0
2024-03-12 00:00:00+03:00,0.926563627235696,0.9457292776003046,0.8591527779522233,0.8855885863304138,50776704,0.0,0.0
2024-03-13 00:00:00+03:00,0.883605483835283,0.9159892599077865,0.8532047677408151,0.913345456123352,31220242,0.0,0.0
2024-03-14 00:00:00+03:00,0.9153284308616562,0.9179717247016274,0.8756750079385784,0.8789796829223633,22336444,0.0,0.0
2024-03-15 00:00:00+03:00,0.8710486358865474,0.8974844418196749,0.8512222435175721,0.8684053421020508,30032418,0.0,0.0
2024-03-18 00:00:00+03:00,0.8657615359770013,0.8657615359770013,0.8353608190830658,0.8439526557922363,17415552,0.0,0.0
2024-03-19 00:00:00+03:00,0.8584919703788038,0.8915365555794714,0.8518831298210283,0.8855885863304138,25329656,0.0,0.0
2024-03-20 00:00:00+03:00,0.8862493103310016,0.9146676024849194,0.8591526969345876,0.908058762550354,32878288,0.0,0.0
2024-03-21 00:00:00+03:00,0.9080587887211554,0.9688602835832534,0.8862493358732416,0.9179717302322388,67767344,0.0,0.0
2024-03-22 00:00:00+03:00,0.9179717469946946,0.9179717469946946,0.8267694711685181,0.8267694711685181,67109758,0.0,0.0
2024-03-25 00:00:00+03:00,0.8267694190580243,0.8624573580884574,0.7844727039337158,0.7844727039337158,57526080,0.0,0.0
2024-03-26 00:00:00+03:00,0.7851335947515548,0.8188390511217708,0.7805073044037364,0.7864552736282349,37017666,0.0,0.0
2024-03-27 00:00:00+03:00,0.7996728764014339,0.8016559364304002,0.776541807495071,0.7824897766113281,18970048,0.0,0.0
2024-03-28 00:00:00+03:00,0.7864552169197415,0.8148735095870079,0.7633240855250442,0.7772030830383301,30515588,0.0,0.0
2024-03-29 00:00:00+03:00,0.7811679977771074,0.7930639982223511,0.757376060621909,0.7930639982223511,30744758,0.0,0.0
2024-04-01 00:00:00+03:00,0.8062816956068097,0.8062816956068097,0.7501064898620277,0.7712551355361938,20163808,0.0,0.0
2024-04-02 00:00:00+03:00,0.7732376363924376,0.808925578291095,0.7699329612710936,0.7910816073417664,26247888,0.0,0.0
2024-04-03 00:00:00+03:00,0.7765417828730242,0.8194998177950413,0.7705937502100662,0.8049600124359131,29653496,0.0,0.0
2024-04-04 00:00:00+03:00,0.8128909647395017,0.834699905899828,0.7963686745886606,0.824786901473999,21542666,0.0,0.0
2024-04-05 00:00:00+03:00,0.8247868779706667,0.8525437867072738,0.8247868779706667,0.8479174971580505,20232904,0.0,0.0
2024-04-08 00:00:00+03:00,0.8485788973982619,0.8955014576960132,0.8485788973982619,0.8816229701042175,27363832,0.0,0.0
2024-04-09 00:00:00+03:00,0.8816228812575332,0.8842667484287426,0.8611356194303526,0.880962073802948,15345526,0.0,0.0
2024-04-15 00:00:00+03:00,0.8684053259536126,0.9688602393962228,0.8644398436006219,0.9681994318962097,80394486,0.0,0.0
2024-04-16 00:00:00+03:00,0.9549812683599337,0.9946346907927461,0.936476490855991,0.9781123995780945,50827370,0.0,0.0
2024-04-17 00:00:00+03:00,0.9860434446492706,1.0144611639550634,0.9708427682175816,1.003887414932251,48922920,0.0,0.0
2024-04-18 00:00:00+03:00,1.3731673096013195,1.39287837958831,1.2361321963898262,1.2389484643936157,76713896,0.555556,0.0
2024-04-19 00:00:00+03:00,1.2164220057516504,1.2793077085747602,1.1985887183709836,1.2624129056930542,38474766,0.0,0.0
2024-04-22 00:00:00+03:00,1.2624129082933129,1.3468867418410202,1.2624129082933129,1.337500810623169,48647130,0.0,0.0
2024-04-24 00:00:00+03:00,1.3647199915884751,1.4707818622862483,1.3468867046633228,1.4398078918457031,70804410,0.0,0.0
2024-04-25 00:00:00+03:00,1.4398079420746075,1.5148958449513399,1.3834925353921663,1.4407464265823364,69964954,0.0,0.0
2024-04-26 00:00:00+03:00,1.45013295138472,1.4914306108405222,1.3271762850228608,1.3337466716766357,49048250,0.0,0.0
2024-04-29 00:00:00+03:00,1.3337467369518616,1.3656591916679575,1.3065276097554495,1.351580023765564,32000520,0.0,0.0
2024-04-30 00:00:00+03:00,1.4454397544348603,1.4632730419838662,1.365659247976948,1.3731673955917358,66529744,0.0,0.0
2024-05-02 00:00:00+03:00,1.387246656914736,1.387246656914736,1.314975022089887,1.3468867540359497,31598176,0.0,0.0
2024-05-03 00:00:00+03:00,1.3337467342022051,1.3356237936539899,1.2577203501018555,1.2840009927749634,46593050,0.0,0.0
2024-05-06 00:00:00+03:00,1.2962023528934006,1.299018711416527,1.2511499398160366,1.270860195159912,175862344,0.0,0.0
2024-05-07 00:00:00+03:00,1.2727380289731671,1.3037111829424581,1.2473958720413203,1.2717987298965454,47323664,0.0,0.0
2024-05-08 00:00:00+03:00,1.2840009688385257,1.2952638684437066,1.2530269992328291,1.270860195159912,47332644,0.0,0.0
2024-05-09 00:00:00+03:00,1.2708602826094257,1.3262379293095232,1.2652292850063815,1.3018343448638916,38298634,0.0,0.0
2024-05-10 00:00:00+03:00,1.3018342858306173,1.3046498297631706,1.2680447715655618,1.2727380990982056,22205438,0.0,0.0
2024-05-13 00:00:00+03:00,1.2671061132229335,1.2783690123514964,1.2220537020520763,1.2361321449279785,24324146,0.0,0.0
2024-05-14 00:00:00+03:00,1.2361322740770626,1.248334473547077,1.216422017507981,1.2380093336105347,24814636,0.0,0.0
2024-05-15 00:00:00+03:00,1.2445796247229726,1.2614744276917005,1.208913140295337,1.217360496520996,38536686,0.0,0.0
2024-05-16 00:00:00+03:00,1.2182989832305446,1.230501182667572,1.1582288240035588,1.2248693704605103,31171062,0.0,0.0
2024-05-17 00:00:00+03:00,1.2276849007071569,1.2952639309106708,1.210790097897574,1.275553584098816,48334794,0.0,0.0
2024-05-20 00:00:00+03:00,1.2689831930792532,1.3234222595781775,1.2624128064117484,1.3149749040603638,27479616,0.0,0.0
2024-05-21 00:00:00+03:00,1.3140356616372537,1.345948206751609,1.2717987917096107,1.3365622758865356,38284662,0.0,0.0
2024-05-22 00:00:00+03:00,1.3365622858259143,1.3572118407801108,1.302772771529042,1.3065276145935059,30222970,0.0,0.0
2024-05-23 00:00:00+03:00,1.2952638989377387,1.3234223253398751,1.2943254144659504,1.304649829864502,16013258,0.0,0.0
2024-05-24 00:00:00+03:00,1.3027727704035186,1.3337467407384267,1.2746150681406352,1.304649829864502,18214778,0.0,0.0
2024-05-27 00:00:00+03:00,1.3046498309916472,1.3243608109558378,1.2793076726396413,1.3065276145935059,16565694,0.0,0.0
2024-05-28 00:00:00+03:00,1.306527597351469,1.329991881274555,1.2905712796275017,1.3140356540679932,25515804,0.0,0.0
2024-05-29 00:00:00+03:00,1.328114971878839,1.328114971878839,1.2717988413843306,1.2774306535720825,16937608,0.0,0.0
2024-05-30 00:00:00+03:00,1.277430585343473,1.2877550005259888,1.2201759734047042,1.2520884275436401,17487188,0.0,0.0
2024-05-31 00:00:00+03:00,1.2549039938034494,1.2671061927645815,1.2220537787655927,1.2314397096633911,18618374,0.0,0.0
2024-06-03 00:00:00+03:00,1.231439707151166,1.2408255475124104,1.211728636787638,1.223930835723877,13002786,0.0,0.0
2024-06-04 00:00:00+03:00,1.234255158402852,1.280246147214229,1.2201759905571743,1.2764921188354492,30814696,0.0,0.0
2024-06-05 00:00:00+03:00,1.2840009834407577,1.2840009834407577,1.2154833807500807,1.2276848554611206,17267694,0.0,0.0
2024-06-06 00:00:00+03:00,1.2276847829489308,1.2473958520093917,1.1910797273560199,1.194833755493164,20578738,0.0,0.0
2024-06-07 00:00:00+03:00,1.1967116115289937,1.2089130862592687,1.1704302448662605,1.1751235723495483,14786896,0.0,0.0
2024-06-10 00:00:00+03:00,1.1751235671768796,1.2107900498532955,1.148842924769074,1.16010582447052,13523726,0.0,0.0
2024-06-11 00:00:00+03:00,1.2201760307195788,1.2201760307195788,1.1075445851123902,1.1197459697723389,35049816,0.0,0.0
2024-06-12 00:00:00+03:00,1.1197460293557282,1.1760621624843302,1.1197460293557282,1.158228874206543,30278878,0.0,0.0
2024-06-13 00:00:00+03:00,1.1779390437359905,1.2220536943583387,1.1629220260272513,1.21548330783844,23056704,0.0,0.0
2024-06-14 00:00:00+03:00,1.2154834273900224,1.2915099043723455,1.2023427435751437,1.2492729425430298,31317272,0.0,0.0
2024-06-20 00:00:00+03:00,1.269921741704769,1.3177905144735764,1.2595973262972977,1.3065276145935059,32526030,0.0,0.0
2024-06-21 00:00:00+03:00,1.306527707979074,1.3375008658979237,1.2858780610315137,1.3196675777435303,17560718,0.0,0.0
2024-06-24 00:00:00+03:00,1.325299382106131,1.3271763510458914,1.253027026184714,1.2652292251586914,30355828,0.0,0.0
2024-06-25 00:00:00+03:00,1.262412799487655,1.3037111829424581,1.24176396982986,1.2717987298965454,19551874,0.0,0.0
2024-06-26 00:00:00+03:00,1.2764921633600053,1.2858780040322875,1.2398871041341355,1.256781816482544,17693982,0.0,0.0
2024-06-27 00:00:00+03:00,1.2511499558532415,1.2952638850463627,1.2455181439088447,1.289632797241211,19279544,0.0,0.0
2024-06-28 00:00:00+03:00,1.289632845206227,1.314035705053786,1.274615101877177,1.28306245803833,16979992,0.0,0.0
2024-07-01 00:00:00+03:00,1.2933868328467781,1.2962023767651174,1.216421964296588,1.223930835723877,18204252,0.0,0.0
2024-07-02 00:00:00+03:00,1.2239308859550164,1.235193786229861,1.2042198147825298,1.2248693704605103,10920188,0.0,0.0
2024-07-03 00:00:00+03:00,1.2455182602776933,1.2455182602776933,1.1995272673467785,1.2145450115203857,11154002,0.0,0.0
2024-07-04 00:00:00+03:00,1.21548336753979,1.2511499404467448,1.20609752734667,1.244579553604126,12336616,0.0,0.0
2024-07-05 00:00:00+03:00,1.2539655488638952,1.3309305105147078,1.2539655488638952,1.3243608474731445,28944038,0.0,0.0
2024-07-08 00:00:00+03:00,1.333746689570577,1.4116501305158016,1.333746689570577,1.410711646080017,28383660,0.0,0.0
2024-07-09 00:00:00+03:00,1.410711694996045,1.4116501794643712,1.3684747344292139,1.37786066532135,21334844,0.0,0.0
2024-07-10 00:00:00+03:00,1.361904382789904,1.3741065812492184,1.3356237411499023,1.3356237411499023,12009920,0.0,0.0
2024-07-11 00:00:00+03:00,1.3356237367097377,1.3684746744266338,1.3318696179662253,1.348764419555664,9361024,0.0,0.0
2024-07-12 00:00:00+03:00,1.3534570951654339,1.3825540986769065,1.3412557099342564,1.3609659671783447,11098070,0.0,0.0
2024-07-16 00:00:00+03:00,1.3619044246290342,1.406018353700163,1.3619044246290342,1.3947553634643555,11561606,0.0,0.0
2024-07-17 00:00:00+03:00,1.3947553735473421,1.4351152745563236,1.3797377212272133,1.424790859222412,22836788,0.0,0.0
2024-07-18 00:00:00+03:00,1.427606424114513,1.4782907412021506,1.4125886810563104,1.4623345136642456,34091610,0.0,0.0
2024-07-19 00:00:00+03:00,1.4613959249202833,1.4717203403087813,1.4116501832976966,1.4191590547561646,15827886,0.0,0.0
2024-07-22 00:00:00+03:00,1.4191590405688592,1.4379308116990386,1.351580012774893,1.3759835958480835,21891250,0.0,0.0
2024-07-23 00:00:00+03:00,1.375983662556039,1.4351153373718262,1.3515800782997578,1.4351153373718262,15036236,0.0,0.0
2024-07-24 00:00:00+03:00,1.4294835802799095,1.4426242647501202,1.4022643604182023,1.4172821044921875,13389602,0.0,0.0
2024-07-25 00:00:00+03:00,1.4135272439954683,1.415404212938862,1.3450096404775955,1.3928784132003784,13268846,0.0,0.0
2024-07-26 00:00:00+03:00,1.393816952391991,1.4200975962230808,1.3722289121384257,1.3750451803207397,9671532,0.0,0.0
2024-07-29 00:00:00+03:00,1.400387222802625,1.400387222802625,1.311220068289413,1.3619043827056885,17963480,0.0,0.0
2024-07-30 00:00:00+03:00,1.3619044852383282,1.394755425535626,1.3356238416213815,1.337500810623169,5889258,0.0,0.0
2024-07-31 00:00:00+03:00,1.3403170522743235,1.3440710804675369,1.2764920557367876,1.2924482822418213,13664020,0.0,0.0
2024-08-01 00:00:00+03:00,1.296202369508086,1.3065275994525618,1.2840009852968142,1.289632797241211,14796264,0.0,0.0
2024-08-02 00:00:00+03:00,1.28118543768835,1.304649812098704,1.2586588235977618,1.2802461385726929,15223824,0.0,0.0
2024-08-05 00:00:00+03:00,1.177000648927238,1.2211145821610023,1.1610444202334953,1.1657377481460571,23476238,0.0,0.0
2024-08-06 00:00:00+03:00,1.1845095256154992,1.2089132015424537,1.1563518209657657,1.1863865852355957,12136440,0.0,0.0
2024-08-07 00:00:00+03:00,1.1967116141126721,1.221114473108502,1.1666761285028964,1.1826324462890625,12218990,0.0,0.0
2024-08-08 00:00:00+03:00,1.1826324239267272,1.2464566076556733,1.1826324239267272,1.2295618057250977,12449874,0.0,0.0
2024-08-09 00:00:00+03:00,1.2333166011806391,1.2473958587131473,1.19577224632442,1.2361321449279785,12718822,0.0,0.0
2024-08-12 00:00:00+03:00,1.2427026083478727,1.2933868342873303,1.2370707058482664,1.2577203512191772,19057954,0.0,0.0
2024-08-13 00:00:00+03:00,1.2577203476282421,1.2783690877661362,1.2455181487132514,1.2764921188354492,12175764,0.0,0.0
2024-08-14 00:00:00+03:00,1.2774305415906042,1.3008956391650353,1.2595972557102322,1.2717987298965454,15245052,0.0,0.0
2024-08-15 00:00:00+03:00,1.2708602094060282,1.3168519221052852,1.2427025980078164,1.3140356540679932,14937270,0.0,0.0
2024-08-16 00:00:00+03:00,1.4210361130154041,1.4454396963119507,1.375045123971809,1.4454396963119507,79965584,0.0,0.0
2024-08-19 00:00:00+03:00,1.4548256856499457,1.4670278851166094,1.3985095548255664,1.4069569110870361,34829368,0.0,0.0
2024-08-20 00:00:00+03:00,1.4069568478919934,1.4069568478919934,1.3356237914209155,1.3365622758865356,27237728,0.0,0.0
2024-08-21 00:00:00+03:00,1.3600273205387805,1.3619043799128117,1.3177904522901018,1.3281148672103882,21194250,0.0,0.0
2024-08-22 00:00:00+03:00,1.329991934417348,1.3375008060905558,1.3177905497381646,1.3224830627441406,10062312,0.0,0.0
2024-08-23 00:00:00+03:00,1.390062139921609,1.390062139921609,1.3177905082702637,1.3177905082702637,16953052,0.0,0.0
2024-08-26 00:00:00+03:00,1.31779044374627,1.3844309842907419,1.2811853874788284,1.3055882453918457,26712272,0.0,0.0
2024-08-27 00:00:00+03:00,1.2952638274709765,1.3046497578798668,1.2717987298965454,1.2717987298965454,10447458,0.0,0.0
2024-08-28 00:00:00+03:00,1.2764921173360941,1.284939473205729,1.242702603340149,1.242702603340149,11145476,0.0,0.0
2024-08-29 00:00:00+03:00,1.2445795786311584,1.2727380954682028,1.2389484907821129,1.2633514404296875,8247330,0.0,0.0
2024-09-02 00:00:00+03:00,1.264290708137406,1.2746151239883257,1.2549040526601103,1.2605359554290771,9950738,0.0,0.0
2024-09-03 00:00:00+03:00,1.2549040493976218,1.2736766361641239,1.2445796335735435,1.2473959922790527,12240506,0.0,0.0
2024-09-04 00:00:00+03:00,1.2455181386196545,1.2502114660823973,1.230501120052172,1.2464566230773926,5363406,0.0,0.0
2024-09-05 00:00:00+03:00,1.2483344092240545,1.2605358839260814,1.2389484784184537,1.2539654970169067,7614872,0.0,0.0
2024-09-06 00:00:00+03:00,1.2539654989099738,1.2586588263894813,1.197650095026162,1.2014042139053345,20542318,0.0,0.0
2024-09-09 00:00:00+03:00,1.2032812254624128,1.2380093155539051,1.1892027813209547,1.2079745531082153,12366710,0.0,0.0
2024-09-10 00:00:00+03:00,1.210790099032601,1.22956187084969,1.1760620994033348,1.1816939115524292,9680834,0.0,0.0
2024-09-11 00:00:00+03:00,1.1732465154414677,1.203281186394591,1.168553187948047,1.1826324462890625,13695166,0.0,0.0
2024-09-12 00:00:00+03:00,1.1948338169918185,1.200465628885308,1.1704302341332138,1.1995271444320679,7852310,0.0,0.0
2024-09-13 00:00:00+03:00,1.2004656935522682,1.2248693682428604,1.1985887245446787,1.217360496520996,8781878,0.0,0.0
2024-09-16 00:00:00+03:00,1.2173603701656401,1.2361321401935503,1.2136063420226992,1.222992181777954,10498164,0.0,0.0
2024-09-17 00:00:00+03:00,1.2229923208465483,1.2436411525526438,1.214544964537115,1.2267464399337769,6325804,0.0,0.0
2024-09-18 00:00:00+03:00,1.2389484740922094,1.2389484740922094,1.2107900481518943,1.2126671075820923,5705156,0.0,0.0
2024-09-19 00:00:00+03:00,1.2295618234736092,1.2558432805929027,1.215483379852235,1.2539654970169067,9151222,0.0,0.0
2024-09-20 00:00:00+03:00,1.2549039102214603,1.257720268614619,1.220175913902196,1.222992181777954,9271770,0.0,0.0
2024-09-23 00:00:00+03:00,1.2220537610389557,1.2248693049221977,1.2042197503491,1.207036018371582,9339482,0.0,0.0
2024-09-24 00:00:00+03:00,1.2070359536227353,1.2164218838808971,1.194833755493164,1.194833755493164,14043614,0.0,0.0
2024-09-25 00:00:00+03:00,1.2004655560128341,1.2060974580818522,1.1638605007578993,1.1666760444641113,9736356,0.0,0.0
2024-09-26 00:00:00+03:00,1.166676119404064,1.1807553776352762,1.1544747352600098,1.1544747352600098,8866694,0.0,0.0
2024-09-27 00:00:00+03:00,1.1563516882231906,1.1694916471599595,1.148842907500284,1.163860559463501,5494180,0.0,0.0
2024-09-30 00:00:00+03:00,1.1638606903848276,1.1779392258662869,1.1507200058306473,1.1732466220855713,3495486,0.0,0.0
2024-10-01 00:00:00+03:00,1.177000520429562,1.2145448766958455,1.1385184943746887,1.143211007118225,11744064,0.0,0.0
2024-10-02 00:00:00+03:00,1.1432111257425872,1.1544748411195607,1.1019127368927002,1.1019127368927002,7695608,0.0,0.0
2024-10-03 00:00:00+03:00,1.112237811088562,1.152596895055276,1.0859563553480374,1.112237811088562,6547832,0.0,0.0
2024-10-04 00:00:00+03:00,1.116930415811203,1.1244392874056477,1.0887727130658367,1.1178689002990723,5472402,0.0,0.0
2024-10-07 00:00:00+03:00,1.122562292445204,1.1291326799294907,1.088772775656083,1.09628164768219,5874648,0.0,0.0
2024-10-08 00:00:00+03:00,1.0962815418345386,1.1037904131356526,1.0681231160499032,1.079386830329895,8548250,0.0,0.0
2024-10-09 00:00:00+03:00,1.0793868276730119,1.0934652711327366,1.0324565405620254,1.0718779563903809,11758440,0.0,0.0
2024-10-10 00:00:00+03:00,1.0756320374179844,1.0925268402264277,1.0718780089210111,1.0803253650665283,6869154,0.0,0.0
2024-10-11 00:00:00+03:00,1.086895805590582,1.121623806890151,1.0718780615519345,1.094403862953186,13510184,0.0,0.0
2024-10-14 00:00:00+03:00,1.0981585897959185,1.1112985487019835,1.0756319761276245,1.0756319761276245,7532808,0.0,0.0
2024-10-15 00:00:00+03:00,1.0756320333253133,1.1075445793135847,1.0681231617032578,1.0990971326828003,7485920,0.0,0.0
2024-10-16 00:00:00+03:00,1.1122379138384686,1.1253777830073017,1.0953431109895861,1.1216237545013428,8716666,0.0,0.0
2024-10-17 00:00:00+03:00,1.1216237480681421,1.1479043914291631,1.110360033301507,1.1328866481781006,8343446,0.0,0.0
2024-10-18 00:00:00+03:00,1.14227253963108,1.14227253963108,1.1075445413589478,1.1075445413589478,8825782,0.0,0.0
2024-10-21 00:00:00+03:00,1.1084830680225708,1.1150533646608969,1.0803253650665283,1.0803253650665283,7341570,0.0,0.0
2024-10-22 00:00:00+03:00,1.0803254160016016,1.1366408245688397,1.0803254160016016,1.122562289237976,14675808,0.0,0.0
2024-10-23 00:00:00+03:00,1.1225621886748411,1.1300710600068233,1.1000356651963,1.1206852197647095,8088284,0.0,0.0
2024-10-24 00:00:00+03:00,1.1169304324490337,1.1460274347723727,1.1169304324490337,1.1422725915908813,6615852,0.0,0.0
2024-10-25 00:00:00+03:00,1.1507199448112415,1.2107901036489628,1.126316360752015,1.1967116594314575,17426174,0.0,0.0
2024-10-28 00:00:00+03:00,1.2107901028207055,1.2380093213943677,1.1995272026265509,1.228623390197754,4607740,0.0,0.0
2024-10-30 00:00:00+03:00,1.2286233298633102,1.2464566163646131,1.2192374896450193,1.225807785987854,12139004,0.0,0.0
2024-10-31 00:00:00+03:00,1.2295618169345883,1.2417640157109655,1.209851561485941,1.2333166599273682,12149440,0.0,0.0
2024-11-01 00:00:00+03:00,1.2248692487228823,1.2455180782093325,1.2248692487228823,1.2436410188674927,8218224,0.0,0.0
2024-11-04 00:00:00+03:00,1.24364108780439,1.2661677020205713,1.2201759891239676,1.242702603340149,7193436,0.0,0.0
2024-11-05 00:00:00+03:00,1.248334413305106,1.2999572139394868,1.2408255419117098,1.2952638864517212,17763110,0.0,0.0
2024-11-06 00:00:00+03:00,1.2952638840972333,1.339377813258029,1.2811854404554253,1.315913438796997,17206242,0.0,0.0
2024-11-07 00:00:00+03:00,1.3187289833394022,1.3759835958480835,1.3187289833394022,1.3759835958480835,12991750,0.0,0.0
2024-11-08 00:00:00+03:00,1.4369923848847104,1.4454397410684836,1.2877550650045815,1.2962024211883545,71001746,0.0,0.0
2024-11-11 00:00:00+03:00,1.3018343261263399,1.3140357108451906,1.2708602643176896,1.3037112951278687,26987556,0.0,0.0
2024-11-12 00:00:00+03:00,1.3037113084405447,1.3271764082737774,1.281185507774353,1.281185507774353,11236602,0.0,0.0
2024-11-13 00:00:00+03:00,1.284000993915632,1.2896328058978324,1.2201759940409158,1.2577203512191772,28458088,0.0,0.0
2024-11-14 00:00:00+03:00,1.2539655467116306,1.3196675175416366,1.2530270622147648,1.3168519735336304,16664698,0.0,0.0
2024-11-15 00:00:00+03:00,1.3187290430746308,1.3590889457217292,1.2849395276470645,1.3525185585021973,18942308,0.0,0.0
2024-11-18 00:00:00+03:00,1.3525185650412237,1.3806762684068055,1.3393778810560382,1.3750451803207397,9681030,0.0,0.0
2024-11-19 00:00:00+03:00,1.3750451814405984,1.3891236258065094,1.3562725946973673,1.38067626953125,14693442,0.0,0.0
2024-11-20 00:00:00+03:00,1.3806762130447408,1.3928784120321043,1.3224830249732222,1.330930471420288,11612684,0.0,0.0
2024-11-21 00:00:00+03:00,1.33280826337885,1.3938169052457765,1.33280826337885,1.3872466087341309,12709680,0.0,0.0
2024-11-22 00:00:00+03:00,1.3881850379250416,1.4276063628378861,1.3759835634863324,1.4257293939590454,13523662,0.0,0.0
2024-11-25 00:00:00+03:00,1.4360537157170317,1.436992290672047,1.4032027776348668,1.4182205200195312,10275028,0.0,0.0
2024-11-26 00:00:00+03:00,1.415404219241669,1.436053774267964,1.388185091849428,1.413527250289917,9686934,0.0,0.0
2024-11-27 00:00:00+03:00,1.4219746566738267,1.4529486282416808,1.4135273004000042,1.4482553005218506,11358806,0.0,0.0
2024-11-28 00:00:00+03:00,1.4482552452905981,1.476413671739744,1.4003872871398926,1.4003872871398926,12515854,0.0,0.0
2024-11-29 00:00:00+03:00,1.4003872882835087,1.4388693155232075,1.371290286819839,1.4341768026351929,10999980,0.0,0.0
2024-12-02 00:00:00+03:00,1.4538871172941612,1.4538871172941612,1.4266679888519331,1.4294835329055786,8919438,0.0,0.0
2024-12-03 00:00:00+03:00,1.4341767222370077,1.453886976988985,1.40507972240448,1.40507972240448,14092170,0.0,0.0
2024-12-04 00:00:00+03:00,1.4032027751434164,1.4125886151943077,1.384431004524231,1.384431004524231,11240266,0.0,0.0
2024-12-05 00:00:00+03:00,1.3844310084894689,1.4266678772025732,1.3844310084894689,1.4238516092300415,11438282,0.0,0.0
2024-12-06 00:00:00+03:00,1.5017558335973127,1.5430542194955605,1.4735974070828193,1.5336675643920898,38268878,0.0,0.0
2024-12-09 00:00:00+03:00,1.5364839509931112,1.6003081378850312,1.507386948955424,1.5618261098861694,29710176,0.0,0.0
2024-12-10 00:00:00+03:00,1.5618261247225607,1.5824747751396862,1.5308521534053683,1.5402379035949707,18524254,0.0,0.0
2024-12-11 00:00:00+03:00,1.5355454438251799,1.541176350697843,1.472658927697859,1.4886151552200317,14470048,0.0,0.0
2024-12-12 00:00:00+03:00,1.482983181241445,1.5120801814482656,1.4567025395094044,1.4820446968078613,10954248,0.0,0.0
2024-12-13 00:00:00+03:00,1.4867381558116426,1.4970625717042019,1.4717204121615064,1.4914307594299316,4902420,0.0,0.0
2024-12-16 00:00:00+03:00,1.5111416951104426,1.538360821241767,1.4998779810561715,1.5289748907089233,6845274,0.0,0.0
2024-12-17 00:00:00+03:00,1.5308521457631856,1.5561941237356498,1.5073869557496349,1.5458697080612183,7643276,0.0,0.0
2024-12-18 00:00:00+03:00,1.5439926888114979,1.5599489161218492,1.516772747039795,1.516772747039795,8379132,0.0,0.0
2024-12-19 00:00:00+03:00,1.5111416998343772,1.515834212528454,1.4595189007075549,1.4895535707473755,11165498,0.0,0.0
2024-12-20 00:00:00+03:00,1.4970625151516206,1.4970625151516206,1.4689048126051107,1.4698433876037598,4651870,0.0,0.0
2024-12-23 00:00:00+03:00,1.4707819180131545,1.490492174635093,1.4379308868605214,1.4557641744613647,7839406,0.0,0.0
2024-12-24 00:00:00+03:00,1.4576411836765815,1.468904807762497,1.441685680304371,1.4548256397247314,3638458,0.0,0.0
2024-12-25 00:00:00+03:00,1.4726588524158506,1.4970624346909922,1.468904733657837,1.468904733657837,7193210,0.0,0.0
2024-12-26 00:00:00+03:00,1.474535881793097,1.4848610213037217,1.455764110506392,1.4717203378677368,3713378,0.0,0.0
2024-12-27 00:00:00+03:00,1.4745359269665237,1.5299134821931013,1.4745359269665237,1.5195890665054321,8056596,0.0,0.0
2024-12-30 00:00:00+03:00,1.5195891009277753,1.5552556764631533,1.50644850730896,1.50644850730896,6794476,0.0,0.0
2024-12-31 00:00:00+03:00,1.5073869339313695,1.5111417770385742,1.47829074684036,1.5111417770385742,4406026,0.0,0.0
2025-01-02 00:00:00+03:00,1.5111417447974538,1.5392993562870139,1.5111417447974538,1.5299134254455566,7488298,0.0,0.0
2025-01-03 00:00:00+03:00,1.5299134415597395,1.5890452047603252,1.523343145073667,1.5805977582931519,12487256,0.0,0.0
2025-01-06 00:00:00+03:00,1.581536236672913,1.7044929091053258,1.5683963678906476,1.6800892353057861,54537304,0.0,0.0
2025-01-07 00:00:00+03:00,1.6800893336639307,1.6829049682721635,1.6218962327886879,1.6453614234924316,14231680,0.0,0.0
2025-01-08 00:00:00+03:00,1.6416065208143655,1.6416065208143655,1.6003081342571335,1.6143873929977417,7481332,0.0,0.0
2025-01-09 00:00:00+03:00,1.6134488117790489,1.6744573603624027,1.6134488117790489,1.669764757156372,8631560,0.0,0.0
2025-01-10 00:00:00+03:00,1.6613175821649502,1.684781866711179,1.6294051269043255,1.6462998390197754,7980842,0.0,0.0
2025-01-13 00:00:00+03:00,1.6519309109531173,1.6519309109531173,1.5956155061721802,1.5956155061721802,8202076,0.0,0.0
2025-01-14 00:00:00+03:00,1.6003081406640998,1.6200192116007561,1.5927991785010704,1.6031244993209839,7596110,0.0,0.0
2025-01-15 00:00:00+03:00,1.6068783689694293,1.6068783689694293,1.5683963425400953,1.5777822732925415,8835054,0.0,0.0
2025-01-16 00:00:00+03:00,1.5834133419229004,1.6115716769444635,1.5749658957268737,1.6059398651123047,8182718,0.0,0.0
2025-01-17 00:00:00+03:00,1.6096940653711165,1.6237731430769078,1.5984311652761172,1.6143873929977417,3685014,0.0,0.0
2025-01-20 00:00:00+03:00,1.6190806494014227,1.6509923793016155,1.6021857568976752,1.6359753608703613,9143642,0.0,0.0
2025-01-21 00:00:00+03:00,1.6416065505391353,1.6585012630571827,1.626588807036091,1.6434835195541382,7672076,0.0,0.0
2025-01-22 00:00:00+03:00,1.6340975477473505,1.6744574495440188,1.6340975477473505,1.6725804805755615,5419034,0.0,0.0
2025-01-23 00:00:00+03:00,1.675395986206828,1.7279574551791534,1.6538086699794663,1.7148174047470093,10477276,0.0,0.0
2025-01-24 00:00:00+03:00,1.714817400428504,1.7317121130112136,1.6829049442852713,1.699799656867981,7273268,0.0,0.0
2025-01-27 00:00:00+03:00,1.6969840349721124,1.6969840349721124,1.6218960487584724,1.62565016746521,6671420,0.0,0.0
2025-01-28 00:00:00+03:00,1.6340975221501033,1.6885366817404128,1.6125102069332111,1.6800892353057861,8121720,0.0,0.0
2025-01-29 00:00:00+03:00,1.6800891983377206,1.7138788022979208,1.6566241905588373,1.6622560024261475,6403202,0.0,0.0
2025-01-30 00:00:00+03:00,1.6613176517914763,1.669764917685822,1.6406680956959654,1.6453614234924316,4344688,0.0,0.0
2025-01-31 00:00:00+03:00,1.645361370537823,1.66694868632374,1.5890452405240083,1.6031244993209839,7240780,0.0,0.0
2025-02-03 00:00:00+03:00,1.6087556319564253,1.6087556319564253,1.5392994498521047,1.5477468967437744,6398590,0.0,0.0
2025-02-04 00:00:00+03:00,1.5543171276459833,1.6228346412895507,1.5543171276459833,1.5899837017059326,8801618,0.0,0.0
2025-02-05 00:00:00+03:00,1.582474770500636,1.5899837326999433,1.5073869588557476,1.5252201557159424,8266132,0.0,0.0
2025-02-06 00:00:00+03:00,1.5280364778735624,1.5702733482851978,1.5073869228363037,1.5073869228363037,7640962,0.0,0.0
2025-02-07 00:00:00+03:00,1.5158342637110744,1.5458696589042744,1.4923698891003463,1.5186505317687988,9161262,0.0,0.0
2025-02-10 00:00:00+03:00,1.5299134580871823,1.5336675770551254,1.5017558459968625,1.5111417770385742,4837088,0.0,0.0
2025-02-11 00:00:00+03:00,1.5045713663950562,1.5186505342892973,1.4811062676061337,1.498000979423523,6387126,0.0,0.0
2025-02-12 00:00:00+03:00,1.4876765728635915,1.502694315832687,1.4604574455218713,1.4660885334014893,4829678,0.0,0.0
2025-02-13 00:00:00+03:00,1.475475247706957,1.5252201768420972,1.475475247706957,1.4970625638961792,9452230,0.0,0.0
2025-02-14 00:00:00+03:00,1.4923699026614006,1.5214661800301301,1.482044763082201,1.5017558336257935,7098018,0.0,0.0
2025-02-17 00:00:00+03:00,1.5486852276028542,1.5486852276028542,1.4754751146812575,1.4801676273345947,12138220,0.0,0.0
2025-02-18 00:00:00+03:00,1.4773521610228284,1.4829832489161057,1.4510715180914935,1.4754751920700073,8854890,0.0,0.0
2025-02-19 00:00:00+03:00,1.4698433764525272,1.4961240193197636,1.4200975441404189,1.4341768026351929,13990376,0.0,0.0
2025-02-20 00:00:00+03:00,1.409773146522652,1.5693348798637623,1.409773146522652,1.558071255683899,26908006,0.0,0.0
2025-02-21 00:00:00+03:00,1.5927990808629293,1.5927990808629293,1.4923698409392996,1.549623727798462,13395880,0.0,0.0
2025-02-24 00:00:00+03:00,1.550562292328882,1.5852911062218162,1.5299134612363907,1.5524401664733887,9252298,0.0,0.0
2025-02-25 00:00:00+03:00,1.5364839230218983,1.5458696729514774,1.4961240215984182,1.5017558336257935,7389252,0.0,0.0
2025-02-26 00:00:00+03:00,1.4576412435454746,1.5064485030800678,1.4576412435454746,1.4914307594299316,6833446,0.0,0.0
2025-02-27 00:00:00+03:00,1.508325407312678,1.5327290812902477,1.4904921203612054,1.5073869228363037,5489068,0.0,0.0
2025-02-28 00:00:00+03:00,1.499878041368141,1.5167727532135782,1.4942469535124963,1.505509853363037,4185432,0.0,0.0
2025-03-03 00:00:00+03:00,1.5008173228870199,1.5008173228870199,1.3938168790052272,1.3947553634643555,34017014,0.0,0.0
2025-03-04 00:00:00+03:00,1.394755483908084,1.394755483908084,1.3375008665994415,1.3609659671783447,13959164,0.0,0.0
2025-03-05 00:00:00+03:00,1.3712902795175141,1.3750451225680735,1.345009636790226,1.351580023765564,10594774,0.0,0.0
2025-03-06 00:00:00+03:00,1.3468867517808418,1.3797377828379846,1.342194148206923,1.3731673955917358,12140128,0.0,0.0
2025-03-07 00:00:00+03:00,1.3797376531101109,1.4182204927699782,1.3647199110139958,1.3975708484649658,14030200,0.0,0.0
2025-03-10 00:00:00+03:00,1.4163435586171649,1.4163435586171649,1.3778607155554419,1.3787992000579834,14215840,0.0,0.0
2025-03-11 00:00:00+03:00,1.3853695302586857,1.3853695302586857,1.354395560183392,1.3572118282318115,8796302,0.0,0.0
2025-03-12 00:00:00+03:00,1.359088940232374,1.3816147406553116,1.359088940232374,1.365659236907959,7860262,0.0,0.0
2025-03-13 00:00:00+03:00,1.3703517976044524,1.4219745986861947,1.3665977692035478,1.4191590547561646,17502414,0.0,0.0
2025-03-14 00:00:00+03:00,1.4219746653530807,1.4491937938763866,1.4088347054185077,1.444501280784607,15012604,0.0,0.0
2025-03-17 00:00:00+03:00,1.4445012082057658,1.4754751784063898,1.4388693057079789,1.4642114639282227,14993772,0.0,0.0
2025-03-18 00:00:00+03:00,1.4613959337994142,1.466088537217111,1.4369923503339903,1.4473167657852173,9478216,0.0,0.0
2025-03-19 00:00:00+03:00,1.3403171277324184,1.364719986934082,1.3027727704035186,1.304649829864502,25513384,0.0,0.0
2025-03-20 00:00:00+03:00,1.2971409424012172,1.3337467242894667,1.2755535368811541,1.3140356540679932,20759676,0.0,0.0
2025-03-21 00:00:00+03:00,1.314035644303288,1.314035644303288,1.1826324328908377,1.1995271444320679,17624966,0.0,0.0
2025-03-24 00:00:00+03:00,1.1882641854586895,1.2389484080693085,1.1694916007741767,1.222992181777954,13107348,0.0,0.0
2025-03-25 00:00:00+03:00,1.2380092650367636,1.276492106192009,1.2342551461777618,1.2671061754226685,21377784,0.0,0.0
2025-03-26 00:00:00+03:00,1.257720352580642,1.268983252417984,1.2408255502375969,1.2633514404296875,13699050,0.0,0.0
2025-03-27 00:00:00+03:00,1.266167682394038,1.2952638684437066,1.266167682394038,1.270860195159912,21461110,0.0,0.0
2025-03-28 00:00:00+03:00,1.2699217719550009,1.276492159111179,1.238948524994787,1.275553584098816,12360878,0.0,0.0
2025-04-02 00:00:00+03:00,1.2755535338201447,1.293386820421745,1.2717987813316491,1.2746150493621826,14860054,0.0,0.0
2025-04-03 00:00:00+03:00,1.2717987938359738,1.2877550211611264,1.2671061904652154,1.2840009927749634,27723930,0.0,0.0
2025-04-04 00:00:00+03:00,1.2821239901051213,1.2821239901051213,1.2642907025383943,1.2736766338348389,15031536,0.0,0.0
2025-04-07 00:00:00+03:00,1.2483344614823226,1.2699217773762417,1.2323782336169866,1.2624129056930542,11848988,0.0,0.0
2025-04-08 00:00:00+03:00,1.2680447521451554,1.3074660778108231,1.2680447521451554,1.3008956909179688,11959060,0.0,0.0
2025-04-09 00:00:00+03:00,1.328114974450277,1.4304220052467387,1.304649874773428,1.4200975894927979,62941466,0.0,0.0
2025-04-10 00:00:00+03:00,1.4360537549118713,1.4782907152491906,1.3806762017412662,1.3834924697875977,31499488,0.0,0.0
2025-04-11 00:00:00+03:00,1.3825540520805786,1.3834925365891195,1.34876453648965,1.3750451803207397,12831402,0.0,0.0
2025-04-14 00:00:00+03:00,1.3769222276368371,1.3966324840417264,1.3619044842504227,1.365659236907959,9795654,0.0,0.0
2025-04-15 00:00:00+03:00,1.3647200317705621,1.4538871026435598,1.3647200317705621,1.4125887155532837,34447210,0.0,0.0
2025-04-16 00:00:00+03:00,1.4473168150801217,1.4585804395308153,1.3703518526039338,1.3750451803207397,31302630,0.0,0.0
2025-04-17 00:00:00+03:00,1.3731673575135521,1.511141774644906,1.3637814264867076,1.50363290309906,58405936,0.0,0.0
2025-04-18 00:00:00+03:00,1.5148958459676163,1.56276462056038,1.4726589741165153,1.4764137268066406,46867452,0.0,0.0
2025-04-21 00:00:00+03:00,1.4773521523480448,1.528974953431183,1.459518956018003,1.479229211807251,23771770,0.0,0.0
2025-04-22 00:00:00+03:00,1.480167697522262,1.485799600043867,1.4351152833890273,1.4529485702514648,23092964,0.0,0.0
2025-04-24 00:00:00+03:00,1.4529485616068822,1.50175581851055,1.4482552341022965,1.4567025899887085,31410992,0.0,0.0
2025-04-25 00:00:00+03:00,1.4538870485744313,1.494246949661127,1.4538870485744313,1.4642114639282227,31400112,0.0,0.0
2025-04-28 00:00:00+03:00,1.4660885183100552,1.4895536169962906,1.4379308162666402,1.4491937160491943,33501008,0.0,0.0
2025-04-29 00:00:00+03:00,1.4491937873671115,1.4491937873671115,1.4107117586292388,1.4219746589660645,20441066,0.0,0.0
2025-04-30 00:00:00+03:00,1.4229131495564378,1.5599489964886444,1.4219746650417695,1.4782907962799072,81789572,0.0,0.0
2025-05-02 00:00:00+03:00,1.4820448562405355,1.5777824080971325,1.4811063717059934,1.5561941862106323,45810554,0.0,0.0
2025-05-05 00:00:00+03:00,1.5768438266401366,1.6322205659583924,1.558071240545966,1.569334864616394,71956320,0.0,0.0
2025-05-06 00:00:00+03:00,1.5721505267375973,1.626588782536623,1.560887445573482,1.5674571990966797,55178264,0.0,0.0
2025-05-07 00:00:00+03:00,1.5533786285596127,1.5655800129003474,1.502694311905179,1.5130187273025513,36347604,0.0,0.0
2025-05-08 00:00:00+03:00,1.5214662089120357,1.5956155356288282,1.5092647337719631,1.5674571990966797,49027460,0.0,0.0
2025-05-09 00:00:00+03:00,1.580597770691989,1.6172028292324436,1.5627645741794216,1.5899837017059326,44212408,0.0,0.0
2025-05-12 00:00:00+03:00,1.4313604831695557,1.4313604831695557,1.4313604831695557,1.4313604831695557,15212546,0.0,0.0
2025-05-13 00:00:00+03:00,1.3337467941781427,1.3637814665880128,1.314975022089887,1.3468867540359497,95091612,0.0,0.0
2025-05-14 00:00:00+03:00,1.3468866811009657,1.355334036919566,1.3299918789463592,1.334685206413269,35860770,0.0,0.0
2025-05-15 00:00:00+03:00,1.3346851662022028,1.3534569367084006,1.3290533544463954,1.3356237411499023,21343016,0.0,0.0
2025-05-16 00:00:00+03:00,1.340317165847657,1.3450096788574486,1.3149750067968782,1.3243608474731445,29734268,0.0,0.0
2025-05-20 00:00:00+03:00,1.3262379293095232,1.3271764138237954,1.295263957572468,1.3018343448638916,21556458,0.0,0.0
2025-05-21 00:00:00+03:00,1.3018342228444397,1.3440710910028764,1.2990186790481102,1.320605993270874,39680880,0.0,0.0
2025-05-22 00:00:00+03:00,1.3421941405379014,1.3891236156705253,1.3206061004242755,1.345009684562683,43778514,0.0,0.0
2025-05-23 00:00:00+03:00,1.3553340546476254,1.4022642523388005,1.3281149274012436,1.3590888977050781,52419858,0.0,0.0
2025-05-26 00:00:00+03:00,1.364720040378587,1.39287846788345,1.3515800805326827,1.3750451803207397,25158852,0.0,0.0
2025-05-27 00:00:00+03:00,1.3971396508941893,1.3971396508941893,1.3136149885046962,1.3288012742996216,19906864,0.0,4.044944
2025-05-28 00:00:00+03:00,1.3477841369368606,1.4123259423409813,1.3250047081533134,1.389546513557434,37687900,0.0,0.0
2025-05-29 00:00:00+03:00,1.3857499974308292,1.400936283892963,1.3591739056046874,1.3667670488357544,25119280,0.0,0.0
2025-05-30 00:00:00+03:00,1.3705635602356665,1.3781567936505326,1.3174115599534275,1.3288012742996216,25779840,0.0,0.0
2025-06-02 00:00:00+03:00,1.3363945066673242,1.3363945066673242,1.2452766952801244,1.2490732669830322,29600140,0.0,0.0
2025-06-03 00:00:00+03:00,1.2528698726751841,1.2870391094457458,1.2528698726751841,1.271852731704712,18789778,0.0,0.0
2025-06-04 00:00:00+03:00,1.275649236185161,1.3022253279412945,1.2604629497630315,1.287039041519165,10992968,0.0,0.0
2025-06-05 00:00:00+03:00,1.2908356131246974,1.2984287563357622,1.2680560929740963,1.287039041519165,5731974,0.0,0.0
2025-06-10 00:00:00+03:00,1.290835565629003,1.3515807090824312,1.290835565629003,1.3325978517532349,38615380,0.0,0.0
2025-06-11 00:00:00+03:00,1.3363944759114867,1.3819534258152957,1.3212081894493528,1.3667670488357544,41364040,0.0,0.0
2025-06-12 00:00:00+03:00,1.3629704830259568,1.4313088629140622,1.3439876248674296,1.3705636262893677,51117500,0.0,0.0
2025-06-13 00:00:00+03:00,1.3212081780993425,1.3933431286922011,1.283242462270157,1.3591738939285278,45668900,0.0,0.0
2025-06-16 00:00:00+03:00,1.3515807427931905,1.4237156929607107,1.2908355978246735,1.4123259782791138,34716280,0.0,0.0
2025-06-17 00:00:00+03:00,1.4426985507633723,1.4768677853255692,1.4123259782791138,1.4123259782791138,50894340,0.0,0.0
2025-06-18 00:00:00+03:00,1.412325966429243,1.4616813963020552,1.3553773029816698,1.4047328233718872,53127360,0.0,0.0
2025-06-19 00:00:00+03:00,1.4237157047783864,1.454088277514755,1.404732846818156,1.4199191331863403,32398060,0.0,0.0
2025-06-20 00:00:00+03:00,1.4389020029632407,1.44649514620969,1.4123260016006685,1.427512288093567,29009760,0.0,0.0
2025-06-23 00:00:00+03:00,1.4822438391974118,1.5765684656435694,1.4822438391974118,1.5136853456497192,18443238,0.290926,0.0
2025-06-24 00:00:00+03:00,1.513685395656935,1.5855518055828184,1.5091937517296448,1.5675852298736572,39871560,0.0,0.0
2025-06-25 00:00:00+03:00,1.5945350885004053,1.6708931421171593,1.5541102932799555,1.6169933080673218,74347600,0.0,0.0
2025-06-26 00:00:00+03:00,1.6125015677510999,1.6125015677510999,1.5630934876577283,1.594534993171692,47243560,0.0,0.0
2025-06-27 00:00:00+03:00,1.6125015677510999,1.6439431803542952,1.585551705881988,1.594534993171692,53151060,0.0,0.0
2025-06-30 00:00:00+03:00,1.6035183668136597,1.6169932984738642,1.5765685034932506,1.6035183668136597,39363420,0.0,0.0
2025-07-01 00:00:00+03:00,1.5945350460708834,1.6349599473048915,1.5945350460708834,1.612501621246338,54927260,0.0,0.0
2025-07-02 00:00:00+03:00,1.6125016011666014,1.6259765323803952,1.5810600950010825,1.5855517387390137,50771560,0.0,0.0
2025-07-03 00:00:00+03:00,1.5945350596346206,1.5990267034666918,1.5675851966421928,1.5765684843063354,25482820,0.0,0.0
2025-07-04 00:00:00+03:00,1.57656846445205,1.5855517520030629,1.5451269580235047,1.5496186017990112,22477720,0.0,0.0
2025-07-07 00:00:00+03:00,1.527160417695188,1.527160417695188,1.504702091217041,1.504702091217041,19613232,0.0,0.0
2025-07-08 00:00:00+03:00,1.5091937253585994,1.5361436955406669,1.491227149963379,1.491227149963379,42581680,0.0,0.0
2025-07-09 00:00:00+03:00,1.4912271159913175,1.5406353042918288,1.4867354722448378,1.5361436605453491,50498740,0.0,0.0
2025-07-10 00:00:00+03:00,1.5496186351104555,1.5630935667266392,1.540635347366333,1.540635347366333,38281580,0.0,0.0
2025-07-11 00:00:00+03:00,1.5451269149780273,1.576568420530648,1.5181770530757812,1.5451269149780273,31654060,0.0,0.0
2025-07-14 00:00:00+03:00,1.5541102475052853,1.6978429555892944,1.5496186037241986,1.6978429555892944,127096120,0.0,0.0
2025-07-16 00:00:00+03:00,1.7292845078059265,1.7472511904948251,1.5361437130203344,1.5541102886199951,135493060,0.0,0.0
2025-07-17 00:00:00+03:00,1.5630935382898146,1.661909808766669,1.5586018944994682,1.6484348773956299,83589880,0.0,0.0
2025-07-18 00:00:00+03:00,1.6619098283729454,1.7023346229629714,1.6259765705370193,1.675384759902954,80734660,0.0,0.0
2025-07-21 00:00:00+03:00,1.6933513640654407,1.7652177738698778,1.679876432306341,1.7158095836639404,98014880,0.0,0.0
2025-07-22 00:00:00+03:00,1.720301183081967,1.7742010158132944,1.6933513202609212,1.7472511529922485,112073720,0.0,0.0
2025-07-23 00:00:00+03:00,1.7562343764755244,1.8101342072388578,1.6708930402356315,1.6798763275146484,94385100,0.0,0.0
2025-07-24 00:00:00+03:00,1.6843680715675549,1.6933513593821095,1.6439432764020592,1.6529265642166138,62732260,0.0,0.0
2025-07-25 00:00:00+03:00,1.6619098615373065,1.684368081202154,1.634959997939489,1.6664015054702759,59525020,0.0,0.0
2025-07-28 00:00:00+03:00,1.661909833765786,1.774201037302809,1.6349599706183175,1.7382677793502808,138593260,0.0,0.0
2025-07-29 00:00:00+03:00,1.7831842547081027,1.8775087720050498,1.7562343926232606,1.8415756225585938,177508240,0.0,0.0
2025-07-30 00:00:00+03:00,1.8595422687131524,1.917933745895891,1.7742010354995728,1.7742010354995728,109706860,0.0,0.0
2025-07-31 00:00:00+03:00,1.7831842799114634,1.8370841119321952,1.74275948621284,1.7697093486785889,63891440,0.0,0.0
2025-08-01 00:00:00+03:00,1.7697093486785889,1.8056424986329207,1.760726061190006,1.7697093486785889,41557300,0.0,0.0
2025-08-04 00:00:00+03:00,1.774201033767929,1.8281008670447143,1.774201033767929,1.8101342916488647,46265020,0.0,0.0
2025-08-05 00:00:00+03:00,1.8146257501570155,1.9179336613174702,1.7876758882253923,1.8640339374542236,122215540,0.0,0.0
2025-08-06 00:00:00+03:00,1.868525574341949,1.873017325327615,1.8236091353776667,1.837084174156189,58948580,0.0,0.0
2025-08-07 00:00:00+03:00,1.8370840986912476,1.8460673861150827,1.8056424856185913,1.8056424856185913,44265320,0.0,0.0
2025-08-08 00:00:00+03:00,1.832592337543964,1.8685254870364392,1.778692613305251,1.7921675443649292,72332200,0.0,0.0
2025-08-11 00:00:00+03:00,1.7921676350375115,1.7966592789513203,1.7247928692411418,1.7517428398132324,67459060,0.0,0.0
2025-08-12 00:00:00+03:00,1.7517428162328414,1.8146258301796894,1.7427595285261488,1.7742010354995728,72297840,0.0,0.0
2025-08-13 00:00:00+03:00,1.783184315010998,1.7921676026764046,1.7247928380966187,1.7247928380966187,61633080,0.0,0.0
2025-08-14 00:00:00+03:00,1.7203011643729043,1.7427594902354335,1.6798763705809734,1.6843680143356323,50693020,0.0,0.0
2025-08-15 00:00:00+03:00,1.6888596778074654,1.7382677596855458,1.6753847463861709,1.7113178968429565,41672480,0.0,0.0
2025-08-18 00:00:00+03:00,1.5720768271015653,1.6619098100680731,1.5720768271015653,1.612501621246338,143275600,0.0,0.0
2025-08-19 00:00:00+03:00,1.6169932984738642,1.6394516249967759,1.59453507904019,1.6035183668136597,76620720,0.0,0.0
2025-08-20 00:00:00+03:00,1.6035183763271719,1.648434922550243,1.590043444587022,1.6169933080673218,68339000,0.0,0.0
2025-08-21 00:00:00+03:00,1.6214848756790161,1.6349599138743136,1.6080099445729517,1.6214848756790161,39777040,0.0,0.0
2025-08-22 00:00:00+03:00,1.6259765526279288,1.6349599473048915,1.5945350460708834,1.612501621246338,45766120,0.0,0.0
2025-08-25 00:00:00+03:00,1.6169932733894952,1.6798763939175163,1.6125016295724393,1.661909818649292,79687620,0.0,0.0
2025-08-26 00:00:00+03:00,1.6574181664704213,1.8011509820695437,1.630468303704049,1.796659231185913,122744100,0.0,0.0
2025-08-27 00:00:00+03:00,1.796659231185913,1.8730172827798697,1.7921675873915177,1.796659231185913,90191620,0.0,0.0
2025-08-28 00:00:00+03:00,1.7921676010462344,1.828100858764412,1.756234450417293,1.7607260942459106,67734160,0.0,0.0
2025-08-29 00:00:00+03:00,1.7652177562129665,1.935900330543518,1.760726112338195,1.935900330543518,107848820,0.0,0.0
2025-09-01 00:00:00+03:00,1.9942917962250726,2.043699985644955,1.9493753577426667,1.958358645439148,130320420,0.0,0.0
2025-09-02 00:00:00+03:00,1.9583586101687074,2.0886163865109513,1.8191175462917732,1.9808167219161987,161924340,0.0,0.0
2025-09-03 00:00:00+03:00,2.003275040839338,2.025733366686791,1.917933702468872,1.917933702468872,87934760,0.0,0.0
2025-09-04 00:00:00+03:00,1.931408812708189,2.0212416910850215,1.9134422370328226,1.9628502130508423,90459440,0.0,0.0
2025-09-05 00:00:00+03:00,1.9942918105885987,1.9987833473799523,1.9089504697681359,1.9224255084991455,67964300,0.0,0.0
2025-09-08 00:00:00+03:00,1.913442239607388,1.9942918302553216,1.8595422983302887,1.9493753910064697,69208060,0.0,0.0
2025-09-09 00:00:00+03:00,1.958358704086227,2.0661581596722773,1.958358704086227,2.025733470916748,90283340,0.0,0.0
2025-09-10 00:00:00+03:00,2.0167499300133187,2.0212416809989846,1.832592423170523,1.837084174156189,148010440,0.0,0.0
2025-09-11 00:00:00+03:00,1.850559008344176,1.8864921597017754,1.7113179397442404,1.7158095836639404,100013520,0.0,0.0
2025-09-12 00:00:00+03:00,1.7203011512756348,1.7652176955694932,1.6664014266300848,1.7203011512756348,59112900,0.0,0.0
2025-09-15 00:00:00+03:00,1.7247928005316189,1.8685255071369453,1.7068262255921072,1.8550506830215454,57356180,0.0,0.0
2025-09-16 00:00:00+03:00,1.8550507139128003,1.8730172891515005,1.8236091001558392,1.8595422506332397,46495200,0.0,0.0
2025-09-17 00:00:00+03:00,1.8415756225585938,1.8640339480518613,1.8281007986054052,1.8415756225585938,43865760,0.0,0.0
2025-09-18 00:00:00+03:00,1.8460674424405639,1.8685255545961392,1.8056425407106658,1.8101342916488647,50560140,0.0,0.0
2025-09-19 00:00:00+03:00,1.8101342257722333,1.837084087885215,1.7921675439410127,1.8281008005142212,51394700,0.0,0.0
2025-09-22 00:00:00+03:00,1.8415756890653108,1.8595422644373842,1.8236091136932373,1.8236091136932373,29579840,0.0,0.0
2025-09-23 00:00:00+03:00,1.7966591777545353,1.8281007904694868,1.769709315789633,1.778692603111267,35010100,0.0,0.0
2025-09-24 00:00:00+03:00,1.7921676127344548,1.7966592565923662,1.720301203918635,1.7382677793502808,40152060,0.0,0.0
2025-09-25 00:00:00+03:00,1.7427594871117476,1.7652177058447887,1.7068262300496473,1.7337760925292969,38106840,0.0,0.0
2025-09-26 00:00:00+03:00,1.7337760617706142,1.7607260308613821,1.6843679814344654,1.6933512687683105,22238800,0.0,0.0
2025-09-29 00:00:00+03:00,1.7068262723449006,1.7607261057290746,1.6753847653395204,1.7382677793502808,50616560,0.0,0.0
2025-09-30 00:00:00+03:00,1.7427595445513508,1.7517428323406476,1.6574182034637952,1.7023346424102783,47674520,0.0,0.0
2025-10-01 00:00:00+03:00,1.7068262958245406,1.73377615934274,1.6708931444669413,1.7158095836639404,36701900,0.0,0.0
2025-10-02 00:00:00+03:00,1.7158095075551723,1.7562344081285681,1.7068262201142472,1.7203011512756348,49106340,0.0,0.0
2025-10-03 00:00:00+03:00,1.7203011307698464,1.7337760617706142,1.688859625101388,1.6933512687683105,31980700,0.0,0.0
2025-10-06 00:00:00+03:00,1.6933512687683105,1.7427594561936917,1.67538469410062,1.6933512687683105,48469660,0.0,0.0
2025-10-07 00:00:00+03:00,1.7023346028797859,1.7068262466701323,1.634959946024591,1.6484348773956299,47591860,0.0,0.0
2025-10-08 00:00:00+03:00,1.6529265211859763,1.6933513152990933,1.6304683022342448,1.6484348773956299,31806580,0.0,0.0
2025-10-09 00:00:00+03:00,1.6574181418985552,1.6978429354488003,1.639451566987335,1.6708930730819702,36119820,0.0,0.0
2025-10-10 00:00:00+03:00,1.6753847366838608,1.733776105837988,1.670893092902774,1.6978429555892944,32306880,0.0,0.0
2025-10-13 00:00:00+03:00,1.6798764229370369,1.7607261201299442,1.67089313514774,1.7023346424102783,53191440,0.0,0.0
2025-10-14 00:00:00+03:00,1.706826256819853,1.7203011882710213,1.6394515995640115,1.661909818649292,33118100,0.0,0.0
2025-10-15 00:00:00+03:00,1.6664014722162817,1.693351335276299,1.652926540686273,1.675384759902954,34795920,0.0,0.0
2025-10-16 00:00:00+03:00,1.670893139845723,1.6933513593821095,1.6439432764020592,1.6529265642166138,26417140,0.0,0.0
2025-10-17 00:00:00+03:00,1.6484348773956299,1.688859671508747,1.567585182080161,1.6484348773956299,50088620,0.0,0.0
2025-10-20 00:00:00+03:00,1.6484349297383978,1.6708931494032455,1.621484959051342,1.6664015054702759,28105400,0.0,0.0
2025-10-21 00:00:00+03:00,1.6664014293541651,1.6888596479931903,1.65292649817075,1.6708930730819702,36414980,0.0,0.0
2025-10-22 00:00:00+03:00,1.6798764415296306,1.76521778356173,1.661909865752186,1.7292845249176025,66400700,0.0,0.0
2025-10-23 00:00:00+03:00,1.729284481929322,1.7921676026764046,1.7203011942639153,1.7247928380966187,54099720,0.0,0.0
2025-10-24 00:00:00+03:00,1.7337761615154064,1.8640340495284118,1.7337761615154064,1.814625859260559,86026060,0.0,0.0
2025-10-27 00:00:00+03:00,1.823609149786538,1.8325924376503742,1.7831843543992758,1.8011510372161865,39783440,0.0,0.0
2025-10-28 00:00:00+03:00,1.7921675774713164,1.8191175471777477,1.7786926461627182,1.783184289932251,15980882,0.0,0.0
2025-10-30 00:00:00+03:00,1.796659250635127,1.8730173030556756,1.796659250635127,1.8236091136932373,49604620,0.0,0.0
2025-10-31 00:00:00+03:00,1.8415756120886388,1.8685254740202621,1.8056424628464744,1.8640339374542236,50179280,0.0,0.0
2025-11-03 00:00:00+03:00,1.8685254740202621,1.9089503740069291,1.8550506501436825,1.8640339374542236,35457340,0.0,0.0
2025-11-04 00:00:00+03:00,1.8640340423394688,1.944883632683574,1.8460674667074455,1.8999671936035156,57201520,0.0,0.0
2025-11-05 00:00:00+03:00,1.8460674442423501,1.8460674442423501,1.7562344600861877,1.7742010354995728,80529440,0.0,0.0
2025-11-06 00:00:00+03:00,1.7876759030976446,1.7876759030976446,1.738267715389394,1.7427594661712646,36627960,0.0,0.0
2025-11-07 00:00:00+03:00,1.7517427777447514,1.7517427777447514,1.6708930830716555,1.6843680143356323,52681860,0.0,0.0
2025-11-10 00:00:00+03:00,1.6933512687683105,1.7427594561936917,1.6843679814344654,1.6933512687683105,42871880,0.0,0.0
2025-11-11 00:00:00+03:00,1.6978429829034491,1.7831843232062654,1.616993286453979,1.7742010354995728,139439080,0.0,0.0
2025-11-12 00:00:00+03:00,1.7697093527633874,1.7697093527633874,1.6843680143356323,1.6843680143356323,48444060,0.0,0.0
2025-11-13 00:00:00+03:00,1.6888596680271208,1.733776105837988,1.6798763804649475,1.6978429555892944,41087380,0.0,0.0
2025-11-14 00:00:00+03:00,1.72479286188352,1.7427595445513508,1.6753847790423884,1.7023346424102783,37593020,0.0,0.0
2025-11-17 00:00:00+03:00,1.6933513168255843,1.868525531896239,1.6933513168255843,1.796659231185913,73412340,0.0,0.0
2025-11-18 00:00:00+03:00,1.8011509688845442,1.9044586683101572,1.8011509688845442,1.8325923681259155,94570100,0.0,0.0
2025-11-19 00:00:00+03:00,1.8370841467648835,1.9269170233540214,1.8236091081872767,1.9089504480361938,73036820,0.0,0.0
2025-11-20 00:00:00+03:00,1.9224254924181141,1.9493753554762243,1.801151001567382,1.8236091136932373,62852980,0.0,0.0
2025-11-21 00:00:00+03:00,1.8236090604662616,1.8370840986912476,1.7966591981947562,1.8056424856185913,22817980,0.0,0.0
2025-11-24 00:00:00+03:00,1.8281008910754222,1.917933769235539,1.7966592766301432,1.8999671936035156,44624420,0.0,0.0
2025-11-25 00:00:00+03:00,1.9044586232624268,1.9808166724912581,1.8460673628331414,1.8640339374542236,61572640,0.0,0.0
2025-11-26 00:00:00+03:00,1.868525586364502,1.9314088154975788,1.8056425714099018,1.814625859260559,43995600,0.0,0.0
2025-11-27 00:00:00+03:00,1.8191175238435773,1.8505589227377668,1.7921675544828386,1.8056424856185913,26488640,0.0,0.0
2025-11-28 00:00:00+03:00,1.805642574058866,1.8325924376503742,1.7831843543992758,1.8011510372161865,22120500,0.0,0.0
2025-12-01 00:00:00+03:00,1.8011510204973225,1.8595422839810118,1.7966592695178598,1.8505589962005615,29412880,0.0,0.0
2025-12-02 00:00:00+03:00,1.850558998756236,1.8820006131204714,1.8191175985704762,1.837084174156189,23889080,0.0,0.0
2025-12-03 00:00:00+03:00,1.8370840883197561,1.846067375692875,1.778692613305251,1.7921675443649292,25595340,0.0,0.0
2025-12-04 00:00:00+03:00,1.7921675683244382,1.7966592120710465,1.7113178737962556,1.7337760925292969,40865340,0.0,0.0
2025-12-05 00:00:00+03:00,1.7337760716967558,1.7562343972491787,1.7247927843114799,1.7427594661712646,22864620,0.0,0.0
2025-12-08 00:00:00+03:00,1.7427595302974288,1.7607261057290746,1.7292844916344579,1.7382677793502808,21960500,0.0,0.0
2025-12-09 00:00:00+03:00,1.7427595638399245,1.7472512077842857,1.711317949140158,1.7292845249176025,15908416,0.0,0.0
2025-12-10 00:00:00+03:00,1.7337761158784477,1.7427595105818796,1.6978429654216618,1.7113178968429565,25344780,0.0,0.0
2025-12-11 00:00:00+03:00,1.71131790504188,1.7652177380745284,1.71131790504188,1.7607260942459106,28131320,0.0,0.0
2025-12-12 00:00:00+03:00,1.7786926811607204,1.7786926811607204,1.720301203918635,1.7382677793502808,28689260,0.0,0.0
2025-12-15 00:00:00+03:00,1.7427595205166682,1.7607260958474815,1.7203011942639153,1.7247928380966187,20140400,0.0,0.0
2025-12-16 00:00:00+03:00,1.7292844803563507,1.7607260942459106,1.7247928365277332,1.7607260942459106,22003640,0.0,0.0
2025-12-17 00:00:00+03:00,1.7607260518490306,1.7786926267308805,1.7203011512756348,1.7203011512756348,14944860,0.0,0.0
2025-12-18 00:00:00+03:00,1.7203011411036844,1.7382677158793,1.7068262100219727,1.7068262100219727,12752494,0.0,0.0
2025-12-19 00:00:00+03:00,1.7113179065985087,1.729284481929322,1.6978429751003987,1.7247928380966187,13847810,0.0,0.0
2025-12-22 00:00:00+03:00,1.724792852110192,1.7562344662838079,1.6843680572874193,1.6888597011566162,21006560,0.0,0.0
2025-12-23 00:00:00+03:00,1.6888596147936654,1.6978429020726824,1.6708930402356315,1.6798763275146484,22536000,0.0,0.0
2025-12-24 00:00:00+03:00,1.6843680113166062,1.7562344183515723,1.6843680113166062,1.7337760925292969,30443080,0.0,0.0
2025-12-25 00:00:00+03:00,1.7607260308613821,1.7607260308613821,1.6933512687683105,1.6933512687683105,21423140,0.0,0.0
2025-12-26 00:00:00+03:00,1.6933512584331738,1.7068261893516994,1.6664013965961229,1.6798763275146484,11436510,0.0,0.0
2025-12-29 00:00:00+03:00,1.670893052946054,1.6753846966197303,1.6035182907516778,1.608009934425354,25159620,0.0,0.0
2025-12-30 00:00:00+03:00,1.6125016641539385,1.6304683468967098,1.6035183763271719,1.6169933080673218,16054012,0.0,0.0
2025-12-31 00:00:00+03:00,1.6125016310365965,1.634959957231505,1.6035183433943274,1.6259765625,11121892,0.0,0.0
2026-01-02 00:00:00+03:00,1.6304683308570556,1.6978429888950102,1.6304683308570556,1.6888597011566162,20509680,0.0,0.0
2026-01-05 00:00:00+03:00,1.6798763705809734,1.6978429455996094,1.6708930830716555,1.6843680143356323,15537304,0.0,0.0
2026-01-06 00:00:00+03:00,1.6843680762260411,1.7203012275836402,1.679876432306341,1.7158095836639404,17144714,0.0,0.0
2026-01-07 00:00:00+03:00,1.7203011540878252,1.7203011540878252,1.6574181418985552,1.6708930730819702,21894900,0.0,0.0
2026-01-08 00:00:00+03:00,1.6664014491216874,1.7023345993703811,1.6484348739973407,1.6978429555892944,22193640,0.0,0.0
2026-01-09 00:00:00+03:00,1.6978430032893868,1.7203012228257732,1.6439432764020592,1.6529265642166138,20594700,0.0,0.0
2026-01-12 00:00:00+03:00,1.657418208123891,1.6798764276602776,1.594535086332771,1.6529265642166138,38707440,0.0,0.0
2026-01-13 00:00:00+03:00,1.6619097856263603,1.6708930730819702,1.63495992325953,1.6708930730819702,20725960,0.0,0.0
2026-01-14 00:00:00+03:00,1.6708930963473616,1.675384740137708,1.634959946024591,1.6484348773956299,22557660,0.0,0.0
2026-01-15 00:00:00+03:00,1.6484349063338435,1.8101342998034085,1.6484349063338435,1.6888597011566162,56492000,0.0,0.0
2026-01-16 00:00:00+03:00,1.6933513640654407,1.73377615934274,1.688859720145741,1.7158095836639404,25061800,0.0,0.0
2026-01-19 00:00:00+03:00,1.7247927819773052,1.8191175135735185,1.7247927819773052,1.7921675443649292,42061560,0.0,0.0
2026-01-20 00:00:00+03:00,1.8146257523978035,1.8370840777911208,1.769709315789633,1.778692603111267,15566382,0.0,0.0
2026-01-21 00:00:00+03:00,1.7607260710845873,1.8370841222558785,1.7607260710845873,1.783184289932251,26283880,0.0,0.0
2026-01-22 00:00:00+03:00,1.7742010122139362,1.828100844835916,1.7742010122139362,1.796659231185913,14155084,0.0,0.0
2026-01-23 00:00:00+03:00,1.8056424856185913,1.8146257730424264,1.7742009796351683,1.8056424856185913,20519000,0.0,0.0
2026-01-26 00:00:00+03:00,1.8056425087799146,1.8056425087799146,1.7742010023931856,1.783184289932251,17240824,0.0,0.0
2026-01-27 00:00:00+03:00,1.7831842467720842,1.8056424650761693,1.769709315789633,1.778692603111267,19337808,0.0,0.0
2026-01-28 00:00:00+03:00,1.7742010593822763,1.783184347209894,1.742759551985615,1.7517428398132324,22286200,0.0,0.0
2026-01-29 00:00:00+03:00,1.7517427435275368,1.7652176745283048,1.67538469410062,1.6933512687683105,84019600,0.0,0.0
2026-01-30 00:00:00+03:00,1.693351278463014,1.7517427535565406,1.675384703692462,1.7427594661712646,56419780,0.0,0.0
2026-02-02 00:00:00+03:00,1.8415756321267316,1.9134421455715005,1.7562344017479974,1.8909838199615479,90597120,0.0,0.0
2026-02-03 00:00:00+03:00,1.8909838942457724,1.9359003330516809,1.828100879917501,1.9224255084991455,54357680,0.0,0.0
2026-02-04 00:00:00+03:00,1.9314088030704197,1.9359003398776102,1.837084174156189,1.837084174156189,31968840,0.0,0.0
2026-02-05 00:00:00+03:00,1.8415756244814794,1.8415756244814794,1.7966591876265097,1.8281008005142212,29301760,0.0,0.0
2026-02-06 00:00:00+03:00,1.8191175131432271,1.8505589118524732,1.7831842565700187,1.8281008005142212,26640500,0.0,0.0
2026-02-09 00:00:00+03:00,1.8325923877751893,1.8640340015321504,1.8325923877751893,1.8595422506332397,17529432,0.0,0.0
2026-02-10 00:00:00+03:00,1.85954227000181,1.9403920735965452,1.8550507332345878,1.886492133140564,35463620,0.0,0.0
2026-02-11 00:00:00+03:00,1.8864920820764568,1.8864920820764568,1.837084108082034,1.8550506830215454,22083400,0.0,0.0
2026-02-12 00:00:00+03:00,1.868525557714728,1.8999671717991775,1.8281008700958337,1.886492133140564,44374940,0.0,0.0
2026-02-13 00:00:00+03:00,1.8954753546069665,1.9224254309822937,1.8685254924101053,1.9044586420059204,20874860,0.0,0.0
2026-02-16 00:00:00+03:00,1.9089504860247426,1.9718335008885255,1.8999671981870594,1.9628502130508423,33564680,0.0,0.0
2026-02-17 00:00:00+03:00,1.9493753226340171,1.989800009450889,1.9493753226340171,1.9808167219161987,25163580,0.0,0.0
2026-02-18 00:00:00+03:00,1.9942917648588225,2.0122583399692062,1.8954753875732422,1.8954753875732422,57304800,0.0,0.0
2026-02-19 00:00:00+03:00,1.899967145546242,1.904458682251402,1.76072608083075,1.796659231185913,34267900,0.0,0.0
2026-02-20 00:00:00+03:00,1.8056425055568248,1.8370841189766651,1.7876759305107643,1.8325923681259155,21599040,0.0,0.0
2026-02-23 00:00:00+03:00,1.8640340209475057,1.9089504595120956,1.841575694575974,1.886492133140564,24783140,0.0,0.0
2026-02-24 00:00:00+03:00,1.8999671543719872,1.8999671543719872,1.8325923900538514,1.8460674285888672,20510720,0.0,0.0
2026-02-25 00:00:00+03:00,1.846067375692875,1.8505589122902015,1.7876759006783698,1.7921675443649292,25444140,0.0,0.0
2026-02-26 00:00:00+03:00,1.7921676422631119,1.8101343250800226,1.7427595590120135,1.8011510372161865,9425558,0.0,0.0
2026-02-27 00:00:00+03:00,1.8011509285045844,1.8370840777911208,1.7562343848071817,1.778692603111267,26070360,0.0,0.0
2026-03-02 00:00:00+03:00,1.6214849319553464,1.7472511741553403,1.616993288097435,1.7382677793502808,26866280,0.0,0.0
2026-03-03 00:00:00+03:00,1.7382677362759051,1.7607260620981804,1.7068262300496473,1.7337760925292969,16810948,0.0,0.0
2026-03-04 00:00:00+03:00,1.7337761496728166,1.7652177640245925,1.6933513546209817,1.7023346424102783,20603640,0.0,0.0
2026-03-05 00:00:00+03:00,1.7068262201142472,1.7337760824370223,1.7023345763937847,1.7203011512756348,15000158,0.0,0.0
2026-03-06 00:00:00+03:00,1.720301208240995,1.738267783717783,1.6798764134182222,1.6888597011566162,12977320,0.0,0.0
2026-03-09 00:00:00+03:00,1.679876390193269,1.720301184457153,1.6484348835435814,1.7113178968429565,20039780,0.0,0.0
2026-03-10 00:00:00+03:00,1.7427595285261488,1.7742010354995728,1.7337761337302195,1.7742010354995728,24716500,0.0,0.0
2026-03-11 00:00:00+03:00,1.7742010158132944,1.7742010158132944,1.7337761144924901,1.7472511529922485,15614112,0.0,0.0
2026-03-12 00:00:00+03:00,1.7472511958994237,1.7652177715546589,1.7292845131549506,1.7517428398132324,20952420,0.0,0.0
2026-03-13 00:00:00+03:00,1.7517427411463649,1.7966591777545353,1.7203011284314134,1.778692603111267,28544860,0.0,0.0
2026-03-16 00:00:00+03:00,1.7786926752630536,1.890983878427749,1.7786926752630536,1.8236091136932373,33141420,0.0,0.0
2026-03-17 00:00:00+03:00,1.8415756426865213,1.8954753674453149,1.8101342436664587,1.868525505065918,30755700,0.0,0.0
2026-03-18 00:00:00+03:00,1.8730172346570089,1.9987832576688112,1.8685254838887833,1.9134421348571777,62485100,0.0,0.0
2026-03-19 00:00:00+03:00,1.9044586971175008,1.9538668863307629,1.8864921217996733,1.9089504480361938,9401574,0.0,0.0
2026-03-23 00:00:00+03:00,1.9044586910980115,1.9044586910980115,1.7742010204554715,1.8460674285888672,57159780,0.0,0.0
2026-03-24 00:00:00+03:00,1.8505589391049813,1.9763251783294753,1.8460674024425716,1.917933702468872,46493800,0.0,0.0
2026-03-25 00:00:00+03:00,1.9179336349170752,2.1065828800201416,1.9179336349170752,2.1065828800201416,71573820,0.0,0.0
2026-03-26 00:00:00+03:00,2.133532946028872,2.2682824809231406,2.016749987230041,2.1290411949157715,96070460,0.0,0.0
2026-03-27 00:00:00+03:00,2.129041145137221,2.1514994718206673,1.9628502130508423,1.9628502130508423,41173160,0.0,0.0
2026-03-30 00:00:00+03:00,1.9673419385590023,2.0975997176062973,1.9538668998878974,2.0212416648864746,42405620,0.0,0.0
2026-03-31 00:00:00+03:00,2.0257334274880674,2.0526832908068156,1.9718334866720966,1.9987833499908447,33999340,0.0,0.0
2026-04-01 00:00:00+03:00,2.021241720685288,2.115566351451547,2.021241720685288,2.1020913124084473,33993460,0.0,0.0
2026-04-02 00:00:00+03:00,2.0886163056463696,2.111074416524354,2.0302248318423803,2.1065828800201416,21914120,0.0,0.0
2026-04-03 00:00:00+03:00,2.1110744472121774,2.2188741092003093,2.0975996233252006,2.18294095993042,49310080,0.0,0.0
2026-04-06 00:00:00+03:00,2.2750000953674316,2.384999990463257,2.265000104904175,2.2850000858306885,43814440,0.247059,0.0
2026-04-07 00:00:00+03:00,2.299999952316284,2.319999933242798,2.1600000858306885,2.190000057220459,29781560,0.0,0.0
2026-04-08 00:00:00+03:00,2.2799999713897705,2.315000057220459,2.200000047683716,2.2249999046325684,19792056,0.0,0.0
2026-04-09 00:00:00+03:00,2.25,2.319999933242798,2.2049999237060547,2.2249999046325684,25606080,0.0,0.0
2026-04-10 00:00:00+03:00,2.2249999046325684,2.444999933242798,2.2049999237060547,2.4000000953674316,62438220,0.0,0.0
2026-04-13 00:00:00+03:00,2.2950000762939453,2.375,2.25,2.325000047683716,32336760,0.0,0.0
2026-04-14 00:00:00+03:00,2.325000047683716,2.434999942779541,2.319999933242798,2.430000066757202,41692400,0.0,0.0
2026-04-15 00:00:00+03:00,2.5,2.5,2.3949999809265137,2.4000000953674316,33531380,0.0,0.0
2026-04-16 00:00:00+03:00,2.4000000953674316,2.4049999713897705,2.2799999713897705,2.380000114440918,28428840,0.0,0.0
2026-04-17 00:00:00+03:00,2.4000000953674316,2.450000047683716,2.3550000190734863,2.369999885559082,42529740,0.0,0.0
2026-04-20 00:00:00+03:00,2.3499999046325684,2.4749999046325684,2.319999933242798,2.450000047683716,47784560,0.0,0.0
2026-04-21 00:00:00+03:00,2.5,2.5199999809265137,2.4200000762939453,2.484999895095825,46705180,0.0,0.0
2026-04-22 00:00:00+03:00,2.494999885559082,2.5850000381469727,2.450000047683716,2.5399999618530273,42915600,0.0,0.0
2026-04-24 00:00:00+03:00,2.2899999618530273,2.2899999618530273,2.2899999618530273,2.2899999618530273,20393140,0.0,0.0
2026-04-27 00:00:00+03:00,2.1500000953674316,2.3299999237060547,2.065000057220459,2.3299999237060547,176228100,0.0,0.0
2026-04-28 00:00:00+03:00,2.3499999046325684,2.3499999046325684,2.125,2.2249999046325684,57385620,0.0,0.0
2026-04-29 00:00:00+03:00,2.2249999046325684,2.259999990463257,2.075000047683716,2.075000047683716,71063660,0.0,0.0
2026-04-30 00:00:00+03:00,2.049999952316284,2.119999885559082,2.0250000953674316,2.055000066757202,37965360,0.0,0.0
2026-05-04 00:00:00+03:00,2.075000047683716,2.1050000190734863,2.059999942779541,2.0850000381469727,32285360,0.0,0.0
2026-05-05 00:00:00+03:00,2.0950000286102295,2.0999999046325684,2.0399999618530273,2.049999952316284,25827020,0.0,0.0
2026-05-06 00:00:00+03:00,2.055000066757202,2.0799999237060547,2.0350000858306885,2.0450000762939453,31825000,0.0,0.0
2026-05-07 00:00:00+03:00,2.055000066757202,2.0850000381469727,2.0399999618530273,2.065000057220459,36491960,0.0,0.0
2026-05-08 00:00:00+03:00,2.059999942779541,2.075000047683716,2.0299999713897705,2.049999952316284,26961260,0.0,0.0
2026-05-11 00:00:00+03:00,2.0450000762939453,2.134999990463257,2.0450000762939453,2.115000009536743,46250620,0.0,0.0
2026-05-12 00:00:00+03:00,2.119999885559082,2.125,2.0450000762939453,2.059999942779541,47762620,0.0,0.0
2026-05-13 00:00:00+03:00,2.069999933242798,2.0999999046325684,2.059999942779541,2.069999933242798,34268500,0.0,0.0
2026-05-14 00:00:00+03:00,2.075000047683716,2.115000009536743,2.059999942779541,2.065000057220459,25508880,0.0,0.0
2026-05-15 00:00:00+03:00,2.065000057220459,2.115000009536743,2.0450000762939453,2.059999942779541,41814580,0.0,0.0
2026-05-18 00:00:00+03:00,2.059999942779541,2.075000047683716,1.965000033378601,1.9800000190734863,40254880,0.0,0.0
2026-05-20 00:00:00+03:00,1.9800000190734863,2.0,1.899999976158142,1.9199999570846558,45741400,0.0,0.0
2026-05-21 00:00:00+03:00,1.9249999523162842,1.9299999475479126,1.8300000429153442,1.8300000429153442,30014760,0.0,0.0
2026-05-22 00:00:00+03:00,1.809999942779541,1.9249999523162842,1.7949999570846558,1.8899999856948853,42352020,0.0,0.0
2026-05-25 00:00:00+03:00,1.899999976158142,1.9450000524520874,1.8849999904632568,1.934999942779541,14292114,0.0,0.0
2026-05-26 00:00:00+03:00,1.9500000476837158,1.9550000429153442,1.9049999713897705,1.934999942779541,5171968,0.0,0.0
2026-06-01 00:00:00+03:00,1.940000057220459,1.965000033378601,1.9049999713897705,1.9049999713897705,22717660,0.0,0.0
2026-06-02 00:00:00+03:00,1.909999966621399,1.9500000476837158,1.909999966621399,1.934999942779541,14204424,0.0,0.0
2026-06-03 00:00:00+03:00,1.940000057220459,1.9600000381469727,1.9199999570846558,1.9249999523162842,20302420,0.0,0.0
2026-06-04 00:00:00+03:00,1.9249999523162842,1.9500000476837158,1.9199999570846558,1.934999942779541,12265704,0.0,0.0
2026-06-05 00:00:00+03:00,2.0,2.0999999046325684,1.9450000524520874,1.9500000476837158,93470920,0.0,0.0
2026-06-08 00:00:00+03:00,1.940000057220459,1.9450000524520874,1.8949999809265137,1.9249999523162842,31013536,0.0,0.0
2026-06-09 00:00:00+03:00,1.9249999523162842,1.940000057220459,1.8849999904632568,1.8899999856948853,26279060,0.0,0.0
2026-06-10 00:00:00+03:00,1.909999966621399,1.9700000286102295,1.875,1.909999966621399,46850700,0.0,0.0
2026-06-11 00:00:00+03:00,1.909999966621399,1.9199999570846558,1.840000033378601,1.8600000143051147,39833700,0.0,2.0
2026-06-12 00:00:00+03:00,1.8799999952316284,1.9199999570846558,1.850000023841858,1.8700000047683716,25034130,0.0,0.0
2026-06-15 00:00:00+03:00,1.8899999856948853,2.0,1.8899999856948853,1.9500000476837158,32463780,0.0,0.0
2026-06-16 00:00:00+03:00,1.9500000476837158,1.9800000190734863,1.9299999475479126,1.9500000476837158,22250770,0.0,0.0
2026-06-17 00:00:00+03:00,1.9500000476837158,1.9900000095367432,1.8899999856948853,1.8899999856948853,18527160,0.0,0.0
2026-06-18 00:00:00+03:00,1.899999976158142,1.9800000190734863,1.899999976158142,1.9600000381469727,34110610,0.0,0.0
2026-06-19 00:00:00+03:00,1.9500000476837158,1.9800000190734863,1.9199999570846558,1.9299999475479126,13445450,0.0,0.0
2026-06-22 00:00:00+03:00,1.940000057220459,1.9600000381469727,1.9299999475479126,1.9299999475479126,12806490,0.0,0.0
2026-06-23 00:00:00+03:00,1.9500000476837158,2.009999990463257,1.8899999856948853,1.9199999570846558,28048496,0.0,0.0
2026-06-24 00:00:00+03:00,1.9299999475479126,1.9500000476837158,1.9199999570846558,1.9199999570846558,14335541,0.0,0.0
2026-06-25 00:00:00+03:00,1.940000057220459,1.9700000286102295,1.8899999856948853,1.8899999856948853,24419875,0.0,0.0
2026-06-26 00:00:00+03:00,1.899999976158142,1.9199999570846558,1.8600000143051147,1.8700000047683716,13086581,0.0,0.0
2026-06-29 00:00:00+03:00,1.8600000143051147,1.8899999856948853,1.840000033378601,1.850000023841858,10236559,0.0,0.0
2026-06-30 00:00:00+03:00,1.850000023841858,1.8799999952316284,1.809999942779541,1.8300000429153442,22411732,0.0,0.0
2026-07-01 00:00:00+03:00,1.8300000429153442,1.840000033378601,1.7999999523162842,1.7999999523162842,16299577,0.0,0.0
2026-07-02 00:00:00+03:00,1.809999942779541,1.8300000429153442,1.7999999523162842,1.809999942779541,11706398,0.0,0.0
2026-07-03 00:00:00+03:00,1.809999942779541,1.8200000524520874,1.7899999618530273,1.7899999618530273,11282094,0.0,0.0
2026-07-06 00:00:00+03:00,1.7999999523162842,1.8200000524520874,1.7699999809265137,1.7899999618530273,9173600,0.0,0.0
2026-07-07 00:00:00+03:00,1.7999999523162842,1.7999999523162842,1.7599999904632568,1.7599999904632568,7487342,0.0,0.0
2026-07-08 00:00:00+03:00,1.7599999904632568,1.7599999904632568,1.7000000476837158,1.7200000286102295,18208597,0.0,0.0
2026-07-09 00:00:00+03:00,1.75,1.75,1.649999976158142,1.7300000190734863,26724166,0.0,0.0
2026-07-10 00:00:00+03:00,1.7300000190734863,1.7699999809265137,1.7100000381469727,1.7300000190734863,33692186,0.0,0.0
2026-07-13 00:00:00+03:00,1.7200000286102295,1.7300000190734863,1.6399999856948853,1.6699999570846558,35399553,0.0,0.0
2026-07-14 00:00:00+03:00,1.6699999570846558,1.7999999523162842,1.649999976158142,1.7599999904632568,76948448,0.0,0.0
2026-07-16 00:00:00+03:00,1.75,1.8300000429153442,1.7300000190734863,1.7899999618530273,47825750,0.0,0.0
2026-07-17 00:00:00+03:00,1.7899999618530273,1.8700000047683716,1.7799999713897705,1.7899999618530273,54954607,0.0,0.0
2026-07-20 00:00:00+03:00,1.8200000524520874,1.8799999952316284,1.7899999618530273,1.7999999523162842,69886933,0.0,0.0
2026-07-21 00:00:00+03:00,1.8200000524520874,1.8300000429153442,1.7400000095367432,1.7599999904632568,40775911,0.0,0.0
2026-07-22 00:00:00+03:00,1.7799999713897705,1.840000033378601,1.75,1.7999999523162842,50098964,0.0,0.0
2026-07-23 00:00:00+03:00,1.7899999618530273,1.8300000429153442,1.7799999713897705,1.7799999713897705,39862997,0.0,0.0
2026-07-24 00:00:00+03:00,1.7799999713897705,1.7999999523162842,1.7000000476837158,1.7100000381469727,32203295,0.0,0.0
2026-07-27 00:00:00+03:00,1.7400000095367432,1.7599999904632568,1.7000000476837158,1.7300000190734863,37433874,0.0,0.0
2026-07-28 00:00:00+03:00,1.75,1.75,1.6799999475479126,1.7100000381469727,33903818,0.0,0.0
2026-07-29 00:00:00+03:00,1.690000057220459,1.7400000095367432,1.659999966621399,1.7000000476837158,38873367,0.0,0.0
2026-07-30 00:00:00+03:00,1.7200000286102295,1.7300000190734863,1.6200000047683716,1.6299999952316284,31977072,0.0,0.0
2026-07-31 00:00:00+03:00,1.6799999475479126,1.7300000190734863,1.649999976158142,1.690000057220459,53682614,0.0,0.0
2026-08-03 00:00:00+03:00,1.7000000476837158,1.7599999904632568,1.690000057220459,1.690000057220459,54223698,0.0,0.0
2026-08-04 00:00:00+03:00,1.7000000476837158,1.7200000286102295,1.6799999475479126,1.7100000381469727,36722745,0.0,0.0
2026-08-05 00:00:00+03:00,1.7100000381469727,1.7200000286102295,1.6699999570846558,1.6799999475479126,27062731,0.0,0.0
2026-08-06 00:00:00+03:00,1.6799999475479126,1.7400000095367432,1.6799999475479126,1.690000057220459,56621158,0.0,0.0
2026-08-07 00:00:00+03:00,1.690000057220459,1.7200000286102295,1.659999966621399,1.6799999475479126,39641983,0.0,0.0
2026-08-10 00:00:00+03:00,1.6799999475479126,1.7000000476837158,1.649999976158142,1.649999976158142,27779332,0.0,0.0
2026-08-11 00:00:00+03:00,1.6699999570846558,1.6699999570846558,1.6100000143051147,1.6299999952316284,29633203,0.0,0.0
2026-08-12 00:00:00+03:00,1.6399999856948853,1.6699999570846558,1.6299999952316284,1.649999976158142,21330688,0.0,0.0
