date,open,high,low,close,volume,dividends,stock_splits
2020-08-14 00:00:00+03:00,2.2906760125358234,2.339883580424766,2.2448624082183057,2.309340476989746,1728977,0.0,0.0
2020-08-17 00:00:00+03:00,2.297463762664338,2.4603560371443214,2.239772218503514,2.4145421981811523,2533814,0.0,0.0
2020-08-18 00:00:00+03:00,2.3992714920725784,2.4535681338670514,2.3585479015120554,2.383999824523926,2016110,0.0,0.0
2020-08-19 00:00:00+03:00,2.397574220850454,2.42641987584408,2.3076439928098766,2.367032051086426,2639056,0.0,0.0
2020-08-20 00:00:00+03:00,2.3415801607908855,2.3924840113353465,2.2940700403940606,2.3364899158477783,3626876,0.0,0.0
2020-08-21 00:00:00+03:00,2.297463568919914,2.5451955731252744,2.2957661201978157,2.472233533859253,5343374,0.0,0.0
2020-08-24 00:00:00+03:00,2.468839999820506,2.6453071939592046,2.417935916187054,2.5808281898498535,13393260,0.0,0.0
2020-08-25 00:00:00+03:00,2.6045837768569124,2.6062800580821754,2.445084302715084,2.4858078956604004,9555277,0.0,0.0
2020-08-26 00:00:00+03:00,2.521440428699058,2.589312230574081,2.4162396962381374,2.53501558303833,12483914,0.0,0.0
2020-08-27 00:00:00+03:00,2.5282277881416375,2.5876156124105636,2.5197438132460768,2.5485894680023193,8432898,0.0,0.0
2020-08-28 00:00:00+03:00,2.65718412173085,2.663971581772598,2.490898122755812,2.506169557571411,16190853,0.0,0.0
2020-08-31 00:00:00+03:00,2.501079241660406,2.528227679941664,2.3907875727382417,2.4060580730438232,8136448,0.0,0.0
2020-09-01 00:00:00+03:00,2.40945212101277,2.6368234157562256,2.290676228360981,2.6368234157562256,20471909,0.0,0.0
2020-09-02 00:00:00+03:00,2.7454177073024137,2.8777678123794175,2.545195801369284,2.5553762912750244,28471322,0.0,2.0
2020-09-03 00:00:00+03:00,2.545195676624191,2.613067707672672,2.443387746810913,2.443387746810913,11383879,0.0,0.0
2020-09-04 00:00:00+03:00,2.439994294406852,2.490898381863992,2.3619419985909342,2.4026646614074707,8563298,0.0,0.0
2020-09-07 00:00:00+03:00,2.3789099499036763,2.507866333176734,2.3415803169042957,2.4026646614074707,18600179,0.0,0.0
2020-09-08 00:00:00+03:00,2.4060581227405455,2.4332074956581007,2.3585480044887066,2.365335464477539,8638846,0.0,0.0
2020-09-09 00:00:00+03:00,2.3585479589572573,2.361941688886158,2.300856418317009,2.328005790710449,7539224,0.0,0.0
2020-09-10 00:00:00+03:00,2.3483674488345114,2.4773238140511444,2.3178243467839033,2.338186025619507,20402768,0.0,0.0
2020-09-11 00:00:00+03:00,2.3653355629043626,2.372122322618944,2.331399662661378,2.3415801525115967,4586969,0.0,0.0
2020-09-14 00:00:00+03:00,2.341580118091847,2.375516017835995,2.314431678519201,2.372122287750244,6210128,0.0,0.0
2020-09-15 00:00:00+03:00,2.429814054867082,2.4739302148564484,2.351760590894238,2.392484188079834,15491681,0.0,0.0
2020-09-16 00:00:00+03:00,2.406058106434611,2.406058106434611,2.3551542585333327,2.375515937805176,7355265,0.0,0.0
2020-09-17 00:00:00+03:00,2.361941832768726,2.361941832768726,2.328005932525741,2.3415801525115967,4739746,0.0,0.0
2020-09-18 00:00:00+03:00,2.351760565233001,2.361941989835865,2.3246123569748547,2.3347926139831543,4733162,0.0,0.0
2020-09-21 00:00:00+03:00,2.3280057902445193,2.3517602651098883,2.2228041322906633,2.239772081375122,6069889,0.0,0.0
2020-09-22 00:00:00+03:00,2.2431659533037926,2.31443171760011,2.17529415266943,2.2533464431762695,6324796,0.0,0.0
2020-09-23 00:00:00+03:00,2.2567401763640533,2.3212182469423506,2.249952716068782,2.2635278701782227,6103946,0.0,0.0
2020-09-24 00:00:00+03:00,2.26013380711872,2.283888515994129,2.1549321469896965,2.266920566558838,4131794,0.0,0.0
2020-09-25 00:00:00+03:00,2.2906759759909106,2.2906759759909106,2.256740077120329,2.266920566558838,3446084,0.0,0.0
2020-09-28 00:00:00+03:00,2.2601340820606524,2.277102033560069,2.222804448650586,2.2363786697387695,3989506,0.0,0.0
2020-09-29 00:00:00+03:00,2.246559787083028,2.358547971432558,2.222804144492836,2.3076438903808594,15109278,0.0,0.0
2020-09-30 00:00:00+03:00,2.3415799890370956,2.392483835847784,2.3246120401001997,2.338186025619507,8648913,0.0,0.0
2020-10-01 00:00:00+03:00,2.3415801386915653,2.3483675989227795,2.266920644856066,2.2737081050872803,4788796,0.0,0.0
2020-10-02 00:00:00+03:00,2.27031439333486,2.2906760736365075,2.236378493017679,2.2533464431762695,3379967,0.0,0.0
2020-10-05 00:00:00+03:00,2.2635278701782227,2.29067607672702,2.2431659563302055,2.2635278701782227,4362867,0.0,0.0
2020-10-06 00:00:00+03:00,2.270314296557229,2.2940699395081894,2.253346347121938,2.266920566558838,8250570,0.0,0.0
2020-10-07 00:00:00+03:00,2.2669205036288234,2.361941671681538,2.2669205036288234,2.34836745262146,12760138,0.0,0.0
2020-10-08 00:00:00+03:00,2.39248385757683,2.5384081730556747,2.3755159084858275,2.4162395000457764,42939940,0.0,0.0
2020-10-09 00:00:00+03:00,2.4230262142198145,2.4366004344366834,2.355154412578766,2.3687283992767334,11327437,0.0,0.0
2020-10-12 00:00:00+03:00,2.3653356060452535,2.4230262171765196,2.3313997051833186,2.3789098262786865,13319541,0.0,0.0
2020-10-13 00:00:00+03:00,2.3856964111328125,2.4026643603192275,2.3585479726572096,2.3856964111328125,8930716,0.0,0.0
2020-10-14 00:00:00+03:00,2.4094521258171957,2.477324164690231,2.3687285288631115,2.470536470413208,15687127,0.0,0.0
2020-10-15 00:00:00+03:00,2.4773238491579113,2.613067676095619,2.443387717284321,2.4841113090515137,32092331,0.0,0.0
2020-10-16 00:00:00+03:00,2.4942918157617924,2.5146534950282047,2.439994004384693,2.463749647140503,7640566,0.0,0.0
2020-10-19 00:00:00+03:00,2.4807178950692856,2.5010795767868705,2.46714367410981,2.470536470413208,6512703,0.0,0.0
2020-10-20 00:00:00+03:00,2.4739300529540293,2.6028873627924445,2.426419932156624,2.5451958179473877,17259657,0.0,0.0
2020-10-21 00:00:00+03:00,2.5825255076877145,2.5825255076877145,2.4773238491579113,2.4841113090515137,7905228,0.0,0.0
2020-10-22 00:00:00+03:00,2.50786619620643,2.52822787678099,2.443387891332009,2.4671435356140137,5780031,0.0,0.0
2020-10-23 00:00:00+03:00,2.477323963471778,2.551983457038771,2.3755160301909415,2.4501755237579346,9132488,0.0,0.0
2020-10-26 00:00:00+03:00,2.4094518057385903,2.4094518057385903,2.2024422197591003,2.239772081375122,8296659,0.0,0.0
2020-10-27 00:00:00+03:00,2.239772081375122,2.294069892075602,2.137964153349488,2.239772081375122,5511121,0.0,0.0
2020-10-28 00:00:00+03:00,2.2465599065117012,2.2499527025633785,2.188868362499377,2.1956558227539062,1745183,0.0,0.0
2020-10-30 00:00:00+03:00,2.171900229763021,2.185474450033274,2.087060477378056,2.134570598602295,3114933,0.0,0.0
2020-11-02 00:00:00+03:00,2.168506525265834,2.2092301206350164,2.148145778416316,2.1820807456970215,3551458,0.0,0.0
2020-11-03 00:00:00+03:00,2.1888684070870754,2.229591768330413,2.1719002231429005,2.222804307937622,4168226,0.0,0.0
2020-11-04 00:00:00+03:00,2.2160165900569466,2.399271713669834,2.2092300638131666,2.33139967918396,6665274,0.0,0.0
2020-11-05 00:00:00+03:00,2.331399583044232,2.456961989321311,2.3110379034824526,2.3449738025665283,7671820,0.0,0.0
2020-11-06 00:00:00+03:00,2.358548281896406,2.3619420122899863,2.304250463750447,2.3246123790740967,3789339,0.0,0.0
2020-11-09 00:00:00+03:00,2.3483676294257037,2.3653355796674473,2.33139967918396,2.33139967918396,5147536,0.0,0.0
2020-11-10 00:00:00+03:00,2.307644194144027,2.358548281896406,2.307644194144027,2.3246123790740967,3849339,0.0,0.0
2020-11-11 00:00:00+03:00,2.4705364640594327,2.551983657758133,2.4026646588798655,2.4128458499908447,26464100,0.0,0.0
2020-11-12 00:00:00+03:00,2.4196326267538653,2.4298140514535205,2.300856733356867,2.3246123790740967,7002460,0.0,0.0
2020-11-13 00:00:00+03:00,2.324612241951635,2.3924840435926833,2.311038021734766,2.3687283992767334,5019993,0.0,0.0
2020-11-16 00:00:00+03:00,2.4264197857064542,2.4433877350068802,2.368728244343456,2.375515937805176,4605452,0.0,0.0
2020-11-17 00:00:00+03:00,2.3823033641037177,2.3856963934705577,2.31103783793705,2.317824363708496,3339122,0.0,0.0
2020-11-18 00:00:00+03:00,2.3144315684270915,2.4671433435305095,2.30425014513525,2.4060580730438232,14447350,0.0,0.0
2020-11-19 00:00:00+03:00,2.4026644557204553,2.406058185803822,2.344973846529948,2.382303476333618,7783931,0.0,0.0
2020-11-20 00:00:00+03:00,2.3755160794678223,2.3992717236466237,2.3619418593293218,2.3890902996063232,4330822,0.0,0.0
2020-11-23 00:00:00+03:00,2.5044723488435703,2.5418022150571957,2.3823036608343044,2.4230263233184814,17334080,0.0,0.0
2020-11-24 00:00:00+03:00,2.460356045580704,2.463749775728341,2.3890902811882064,2.409451961517334,6629024,0.0,0.0
2020-11-25 00:00:00+03:00,2.412845645970555,2.4196324055806073,2.3789097462502515,2.382303476333618,4885849,0.0,0.0
2020-11-26 00:00:00+03:00,2.382303505146505,2.436600384910342,2.361941824956721,2.4196324348449707,7982390,0.0,0.0
2020-11-27 00:00:00+03:00,2.412845550165069,2.433207462818982,2.382303381740852,2.3856964111328125,4904861,0.0,0.0
2020-11-30 00:00:00+03:00,2.375516066515556,2.375516066515556,2.311037995791713,2.321218252182007,4241489,0.0,0.0
2020-12-01 00:00:00+03:00,2.361941735887032,2.3687282618043475,2.321218143524269,2.355154275894165,5393351,0.0,0.0
2020-12-02 00:00:00+03:00,2.361941735887032,2.3856964447487394,2.344973786461528,2.355154275894165,5189599,0.0,0.0
2020-12-03 00:00:00+03:00,2.3551545548115014,2.4196326301531235,2.351760590894238,2.392484188079834,8387013,0.0,0.0
2020-12-04 00:00:00+03:00,2.3924838871056022,2.399271580567322,2.361941718476167,2.375515937805176,3023355,0.0,0.0
2020-12-07 00:00:00+03:00,2.3687284209654633,2.4026645556156176,2.33818625005868,2.358548164367676,4313000,0.0,0.0
2020-12-08 00:00:00+03:00,2.3619418411204993,2.4569620819141686,2.3551543808252253,2.409451961517334,27385351,0.0,0.0
2020-12-09 00:00:00+03:00,2.436600257408133,2.453568206585607,2.3755159205918868,2.3958775997161865,8850327,0.0,0.0
2020-12-10 00:00:00+03:00,2.4094519969430865,2.4162396908570574,2.3585481456501847,2.3789098262786865,5798024,0.0,0.0
2020-12-11 00:00:00+03:00,2.361941734483123,2.3924839033195435,2.3449737850677046,2.365335464477539,4402800,0.0,0.0
2020-12-14 00:00:00+03:00,2.375516017835995,2.389090237622318,2.35515433787817,2.372122287750244,5367941,0.0,0.0
2020-12-15 00:00:00+03:00,2.375515953904125,2.3924839033195435,2.3585480044887066,2.365335464477539,3934845,0.0,0.0
2020-12-16 00:00:00+03:00,2.3653353977714073,2.3721221570121798,2.328005769998908,2.338186025619507,5067898,0.0,0.0
2020-12-17 00:00:00+03:00,2.3755159553161023,2.3823034153089693,2.344973786461528,2.355154275894165,3156194,0.0,0.0
2020-12-18 00:00:00+03:00,2.351760244657695,2.355154208075284,2.3178243467839033,2.338186025619507,2766134,0.0,0.0
2020-12-21 00:00:00+03:00,2.324612175166538,2.328005905262431,2.2092300222840735,2.29407000541687,3536210,0.0,0.0
2020-12-22 00:00:00+03:00,2.3246120607815484,2.344973739798304,2.283888469229155,2.328005790710449,3195677,0.0,0.0
2020-12-23 00:00:00+03:00,2.331399565646702,2.389090173325127,2.321218142144566,2.365335464477539,5427933,0.0,0.0
2020-12-24 00:00:00+03:00,2.3721223010112036,2.3721223010112036,2.338186167558447,2.3517603874206543,4196430,0.0,0.0
2020-12-25 00:00:00+03:00,2.3449738025665283,2.372122241611122,2.3381861090081566,2.3449738025665283,3146329,0.0,0.0
2020-12-28 00:00:00+03:00,2.358548064484427,2.4671434572470603,2.3449738447181296,2.4603559970855713,15662419,0.0,0.0
2020-12-29 00:00:00+03:00,2.5180472381313166,2.626641927376335,2.4942918287704985,2.521440267562866,20113046,0.0,0.0
2020-12-30 00:00:00+03:00,2.5316217339342564,2.5519836490488985,2.439994283512931,2.490898370742798,7645620,0.0,0.0
2020-12-31 00:00:00+03:00,2.494291794772424,2.592705759749166,2.4366002539102847,2.5621635913848877,16583416,0.0,0.0
2021-01-04 00:00:00+03:00,2.596099888586854,2.630035789054872,2.5485895345240697,2.5655577182769775,9934023,0.0,0.0
2021-01-05 00:00:00+03:00,2.5214402617720664,2.613067701978918,2.4942918230420488,2.6096737384796143,7575982,0.0,0.0
2021-01-06 00:00:00+03:00,2.6809396080855143,2.7657795917721977,2.6334294881028915,2.7522053718566895,15253977,0.0,0.0
2021-01-07 00:00:00+03:00,2.742023919705223,2.9863631449290535,2.680939580437053,2.9388530254364014,23679896,0.0,0.0
2021-01-08 00:00:00+03:00,2.982969512204867,3.037267327154698,2.725056058787679,2.7691733837127686,19360509,0.0,0.0
2021-01-11 00:00:00+03:00,2.769173348706584,2.8777678096389536,2.6673654140004475,2.799715518951416,16959697,0.0,0.0
2021-01-12 00:00:00+03:00,2.815916380685865,2.864888792776626,2.6885878757310064,2.7228686809539795,9211772,0.0,1.4430850000000002
2021-01-13 00:00:00+03:00,2.7228687368157782,2.7375605775038614,2.644512875863029,2.6592044830322266,6761174,0.0,0.0
2021-01-14 00:00:00+03:00,2.6543072326880934,2.664101714843003,2.522081606837378,2.5269787311553955,7686212,0.0,0.0
2021-01-15 00:00:00+03:00,2.487801025809263,2.6053350557354173,2.4584175767074483,2.541670799255371,6237636,0.0,0.0
2021-01-18 00:00:00+03:00,2.541670789905534,2.566156880640857,2.46331492592227,2.5514652729034424,7008214,0.0,0.0
2021-01-19 00:00:00+03:00,2.5661566156896742,2.6738961510616392,2.5318760454958524,2.580848455429077,11150182,0.0,0.0
2021-01-20 00:00:00+03:00,2.58574583001842,2.59554031206884,2.5514650260825147,2.5612595081329346,4545276,0.0,0.0
2021-01-21 00:00:00+03:00,2.566156850595626,2.6445129471803717,2.5514652430302243,2.5857460498809814,10865856,0.0,0.0
2021-01-22 00:00:00+03:00,2.5808487031262564,2.5808487031262564,2.5563623790501318,2.571054220199585,4074834,0.0,0.0
2021-01-25 00:00:00+03:00,2.571054415958436,2.6396158016653657,2.571054415958436,2.6151297092437744,8500008,0.0,0.0
2021-01-26 00:00:00+03:00,2.732663190065068,2.732663190065068,2.6298210069104573,2.6934852600097656,10093844,0.0,0.0
2021-01-27 00:00:00+03:00,2.6934854230883434,2.7032799061951818,2.4975955274326846,2.5220818519592285,7360294,0.0,0.0
2021-01-28 00:00:00+03:00,2.497595511051651,2.5612597675879907,2.389856197583064,2.536773443222046,6252066,0.0,0.0
2021-01-29 00:00:00+03:00,2.4975955463131965,2.5318763542057234,2.463314971939569,2.502492904663086,3963114,0.0,0.0
2021-02-01 00:00:00+03:00,2.5073899940942495,2.5857460919539355,2.478006544966453,2.536773443222046,5973844,0.0,0.0
2021-02-02 00:00:00+03:00,2.5759515599704055,2.610232133208751,2.522081787500145,2.5906431674957275,7667080,0.0,0.0
2021-02-03 00:00:00+03:00,2.595540532764213,2.629821106096078,2.5514652430302243,2.5857460498809814,5173820,0.0,0.0
2021-02-04 00:00:00+03:00,2.595540546490237,2.600437671198304,2.5661568641662598,2.5661568641662598,4551580,0.0,0.0
2021-02-05 00:00:00+03:00,2.580848673383193,2.6200266046383707,2.5661568324030557,2.605334997177124,5533134,0.0,0.0
2021-02-08 00:00:00+03:00,2.664101868365106,2.668998992965326,2.595540489329807,2.6298210620880127,6621242,0.0,0.0
2021-02-09 00:00:00+03:00,2.634718375597097,2.7277660766147136,2.620026535007417,2.678793430328369,14629188,0.0,0.0
2021-02-10 00:00:00+03:00,2.7032797899523753,2.7081771480546535,2.6151294457813554,2.639615535736084,6475162,0.0,0.0
2021-02-11 00:00:00+03:00,2.6543076363738067,2.6543076363738067,2.615129701795714,2.6200268268585205,3197562,0.0,0.0
2021-02-12 00:00:00+03:00,2.6151297092437744,2.6396158016653657,2.571054415958436,2.6151297092437744,4602098,0.0,0.0
2021-02-15 00:00:00+03:00,2.64451316026103,2.64451316026103,2.61023235064811,2.6151297092437744,3310448,0.0,0.0
2021-02-16 00:00:00+03:00,2.6249239814139083,2.6249239814139083,2.5563623677123943,2.5857460498809814,5561296,0.0,0.0
2021-02-17 00:00:00+03:00,2.58574583001842,2.6102319183850335,2.5563621503482885,2.5612595081329346,3916242,0.0,0.0
2021-02-18 00:00:00+03:00,2.5661568641662598,2.600437671198304,2.5465678982962037,2.5661568641662598,4141408,0.0,0.0
2021-02-19 00:00:00+03:00,2.5710542087966877,2.5857460498809814,2.541670760146993,2.5857460498809814,3381750,0.0,0.0
2021-02-22 00:00:00+03:00,2.5955403224177727,2.6053348045072453,2.507389750093649,2.546567678451538,5803798,0.0,0.0
2021-02-23 00:00:00+03:00,2.55636245517475,2.5661569383930862,2.458417622991388,2.4926984310150146,4299534,0.0,0.0
2021-02-24 00:00:00+03:00,2.478006416229148,2.4878008987629046,2.4143421630002915,2.4192395210266113,3550174,0.0,0.0
2021-02-25 00:00:00+03:00,2.4486230239329707,2.4633148648248797,2.3212945145993897,2.3604726791381836,2730116,0.0,0.0
2021-02-26 00:00:00+03:00,2.2772194989936425,2.3212945554064057,2.1743773114990406,2.311500072479248,2372224,0.0,0.0
2021-03-01 00:00:00+03:00,2.424136814967761,2.4926984310150146,2.360472790808026,2.4926984310150146,3745160,0.0,0.0
2021-03-02 00:00:00+03:00,2.4926984748274177,2.4926984748274177,2.429034216029801,2.443725824356079,1890058,0.0,0.0
2021-03-03 00:00:00+03:00,2.4584174441714732,2.497595374195101,2.4094450316419387,2.4241366386413574,3971518,0.0,0.0
2021-03-04 00:00:00+03:00,2.4143421719040363,2.424136654473913,2.3898560822387864,2.40944504737854,1524102,0.0,0.0
2021-03-05 00:00:00+03:00,2.394753197932779,2.4192395210266113,2.3800615908915868,2.4192395210266113,1379662,0.0,0.0
2021-03-08 00:00:00+03:00,2.429034145684818,2.5710542674934187,2.42413678737195,2.5220818519592285,8991386,0.0,0.0
2021-03-09 00:00:00+03:00,2.522081863766317,2.566156921193977,2.482903931155554,2.507390022277832,4112776,0.0,0.0
2021-03-10 00:00:00+03:00,2.5220818830374956,2.531876366265026,2.478006591754159,2.4878010749816895,3270644,0.0,0.0
2021-03-11 00:00:00+03:00,2.482903979151991,2.5122874291780684,2.4437258122649856,2.4584176540374756,2117796,0.0,0.0
2021-03-12 00:00:00+03:00,2.4633147390781556,2.5514650793730644,2.443725541049299,2.4975953102111816,4998040,0.0,0.0
2021-03-15 00:00:00+03:00,2.5220818519592285,2.546567942966875,2.4975955274326846,2.5220818519592285,4840986,0.0,0.0
2021-03-16 00:00:00+03:00,2.526978901147878,2.6396155702659594,2.507389935520289,2.605334997177124,11407886,0.0,0.0
2021-03-17 00:00:00+03:00,2.644513007554153,2.688588064775476,2.51228736885239,2.5220818519592285,14098466,0.0,0.0
2021-03-18 00:00:00+03:00,2.5269789885832137,2.5465679548885953,2.4780065728197593,2.507390022277832,4576280,0.0,0.0
2021-03-19 00:00:00+03:00,2.502492926256553,2.5073900511297995,2.419239701741256,2.478006601333618,4457938,0.0,0.0
2021-03-22 00:00:00+03:00,2.3751641536376864,2.3751641536376864,2.2331440448760986,2.2331440448760986,2991476,0.0,0.0
2021-03-23 00:00:00+03:00,2.066637774112848,2.3849588208070904,2.042151683455687,2.3017055988311768,4271336,0.0,0.0
2021-03-24 00:00:00+03:00,2.3702671279201066,2.4143421829263274,2.331089197461739,2.3947532176971436,9991984,0.0,0.0
2021-03-25 00:00:00+03:00,2.3947532800880236,2.4241367286973308,2.3310892581939697,2.3310892581939697,5797404,0.0,0.0
2021-03-26 00:00:00+03:00,2.355575348608947,2.3751643143484853,2.291911093196002,2.3310892581939697,7838092,0.0,0.0
2021-03-29 00:00:00+03:00,2.3261918929685512,2.3947532728497034,2.306602927288222,2.335986375808716,8604274,0.0,0.0
2021-03-30 00:00:00+03:00,2.33598665847521,2.3457811425005577,2.2674252702977746,2.2919113636016846,5416598,0.0,0.0
2021-03-31 00:00:00+03:00,2.3115000407995354,2.3751642957129717,2.3066029161625194,2.3506782054901123,4809864,0.0,0.0
2021-04-01 00:00:00+03:00,2.3702671368313926,2.4192395500884696,2.355575296094826,2.3849587440490723,4579056,0.0,0.0
2021-04-02 00:00:00+03:00,2.399650591794371,2.4045477163749385,2.3751642683348715,2.380061626434326,2814228,0.0,0.0
2021-04-05 00:00:00+03:00,2.3800616355035995,2.3996506009382883,2.3653697946681387,2.370267152786255,3749256,0.0,0.0
2021-04-06 00:00:00+03:00,2.375164286511204,2.4339311830410617,2.340883713628231,2.3604726791381836,6727648,0.0,0.0
2021-04-07 00:00:00+03:00,2.3702671548753624,2.4682119821351343,2.3408837066974306,2.3653697967529297,9008710,0.0,0.0
2021-04-08 00:00:00+03:00,2.380061644648136,2.414342217531109,2.355575321001251,2.3604726791381836,6082002,0.0,0.0
2021-04-09 00:00:00+03:00,2.350678143290318,2.4290340035603677,2.331089178222806,2.4192395210266113,10740824,0.0,0.0
2021-04-12 00:00:00+03:00,2.4290340215493456,2.5073898823996843,2.3996505737304688,2.3996505737304688,7590520,0.0,0.0
2021-04-13 00:00:00+03:00,2.4290340605922265,2.4486230261196726,2.2919110683812134,2.3555753231048584,6122588,0.0,0.0
2021-04-14 00:00:00+03:00,2.370267055559727,2.4829037189483643,2.365369697642497,2.4829037189483643,7886144,0.0,0.0
2021-04-15 00:00:00+03:00,2.4926983389306097,2.6249239742529644,2.4437256911291594,2.5906431674957275,22728782,0.0,0.0
2021-04-16 00:00:00+03:00,2.6004374260844276,2.6641016759206457,2.5514650160253636,2.575951337814331,12989130,0.0,0.0
2021-04-19 00:00:00+03:00,2.615129428005748,2.7669440253611426,2.5808486220794773,2.6592044830322266,23353150,0.0,0.0
2021-04-20 00:00:00+03:00,2.6689990985617995,2.7375607138285636,2.4339312704787885,2.5220818519592285,12657650,0.0,0.0
2021-04-21 00:00:00+03:00,2.522081622106786,2.6004374798204513,2.3996504776697467,2.512287139892578,10490452,0.0,0.0
2021-04-22 00:00:00+03:00,2.4878010726463966,2.546567971956414,2.458417622991388,2.4926984310150146,7400246,0.0,0.0
2021-04-26 00:00:00+03:00,2.507390078428729,2.7228689461322935,2.507390078428729,2.69838285446167,14171278,0.0,0.0
2021-04-27 00:00:00+03:00,2.7424577092196487,2.840402769185389,2.63471840012811,2.6543073654174805,14201964,0.0,0.0
2021-04-28 00:00:00+03:00,2.654307545861313,2.806122153933965,2.6249240959297255,2.7130744457244873,14160832,0.0,0.0
2021-04-29 00:00:00+03:00,2.7767387040023777,2.82081399565921,2.6689991540676554,2.7130744457244873,12601580,0.0,0.0
2021-04-30 00:00:00+03:00,2.7130744457244873,2.7571497373813196,2.6836909957929,2.7130744457244873,11912296,0.0,0.0
2021-05-03 00:00:00+03:00,2.732663287347096,2.9138613370629103,2.7228688044845897,2.8501973152160645,23594170,0.0,0.0
2021-05-04 00:00:00+03:00,2.855094331614504,3.0020118024994598,2.7767384716859316,2.972628355026245,28696550,0.0,0.0
2021-05-05 00:00:00+03:00,2.9775255195520476,3.2664631072024153,2.889375175947019,2.9236557483673096,65594928,0.0,0.0
2021-05-06 00:00:00+03:00,2.8550945181779124,2.879580842765068,2.7473552037360034,2.766944169998169,24712148,0.0,0.0
2021-05-07 00:00:00+03:00,2.752252144067374,2.776738467013289,2.664101801796068,2.708177089691162,18203512,0.0,0.0
2021-05-10 00:00:00+03:00,2.7424576369887688,2.811019013695796,2.7277660301681315,2.732663154602051,11904842,0.0,0.0
2021-05-11 00:00:00+03:00,2.713074398268798,2.8061221048507337,2.683690948851171,2.7620468139648438,11013282,0.0,0.0
2021-05-12 00:00:00+03:00,2.7816357971380183,2.7816357971380183,2.7375607395033286,2.7473552227020264,3041698,0.0,0.0
2021-05-17 00:00:00+03:00,2.7522522709908364,2.859991816698744,2.732663305138288,2.830608367919922,12952528,0.0,0.0
2021-05-18 00:00:00+03:00,2.8404028909080603,2.850197373972479,2.7767386342298934,2.7865331172943115,6014638,0.0,0.0
2021-05-20 00:00:00+03:00,2.7865331481816704,2.7865331481816704,2.7375607323167435,2.7522523403167725,3986622,0.0,0.0
2021-05-21 00:00:00+03:00,2.7571496963500977,2.796327629009178,2.7473552131853274,2.7571496963500977,4667556,0.0,0.0
2021-05-24 00:00:00+03:00,2.7620466285480574,2.76694398654835,2.6983826091764263,2.703279733657837,3448464,0.0,0.0
2021-05-25 00:00:00+03:00,2.713074107491441,2.713074107491441,2.5416705541662385,2.546567678451538,8008986,0.0,0.0
2021-05-26 00:00:00+03:00,2.5612597077556036,2.605334997177124,2.4878009698927,2.605334997177124,4580348,0.0,0.0
2021-05-27 00:00:00+03:00,2.5955403397586365,2.620026428386473,2.502492642527559,2.5269787311553955,4338038,0.0,0.0
2021-05-28 00:00:00+03:00,2.502492640744923,2.5416705693366533,2.473109194301126,2.5318760871887207,3230400,0.0,0.0
2021-05-31 00:00:00+03:00,2.5465676517163844,2.6200263833756567,2.5318760454958524,2.580848455429077,5855492,0.0,0.0
2021-06-01 00:00:00+03:00,2.5710544284029,2.6053352381817465,2.5612599446830737,2.600437879562378,2787594,0.0,0.0
2021-06-02 00:00:00+03:00,2.5906433466007925,2.6787936984037053,2.5563625374735395,2.6494102478027344,4993056,0.0,0.0
2021-06-03 00:00:00+03:00,2.6641018868820443,2.698382693397408,2.5906431492170596,2.61023211479187,4961356,0.0,0.0
2021-06-04 00:00:00+03:00,2.6102323015398654,2.678793685956899,2.5955406930670972,2.664102077484131,5194856,0.0,0.0
2021-06-07 00:00:00+03:00,2.6689990115163025,2.6836908524568552,2.5906431492170596,2.61023211479187,5624488,0.0,0.0
2021-06-08 00:00:00+03:00,2.6102320966493555,2.6543073856457777,2.590643131210699,2.6298210620880127,3723204,0.0,0.0
2021-06-09 00:00:00+03:00,2.629821080366681,2.644512921307234,2.6004376320044646,2.61023211479187,2065990,0.0,0.0
2021-06-10 00:00:00+03:00,2.6102321403296145,2.6102321403296145,2.5710542087966877,2.5857460498809814,2402614,0.0,0.0
2021-06-11 00:00:00+03:00,2.5955405442757096,2.5955405442757096,2.566156861976803,2.571054220199585,1452048,0.0,0.0
2021-06-14 00:00:00+03:00,2.585745855761786,2.585745855761786,2.5171842472073847,2.5318760871887207,1916672,0.0,0.0
2021-06-15 00:00:00+03:00,2.5318760889922873,2.5710540176119254,2.522081606837378,2.5269787311553955,2545368,0.0,0.0
2021-06-16 00:00:00+03:00,2.5269789790416115,2.5367734621573192,2.4682120803473637,2.5171844959259033,2870558,0.0,0.0
2021-06-17 00:00:00+03:00,2.502492914233351,2.5073900390830692,2.458417622991388,2.4926984310150146,2214806,0.0,0.0
2021-06-18 00:00:00+03:00,2.4975953541064655,2.512287194506598,2.4339311015706926,2.448622941970825,2964938,0.0,0.0
2021-06-21 00:00:00+03:00,2.4437255947596905,2.4437255947596905,2.38495869993812,2.4339311122894287,1841836,0.0,0.0
2021-06-22 00:00:00+03:00,2.438828406526579,2.53677322866866,2.438828406526579,2.512287139892578,4392440,0.0,0.0
2021-06-23 00:00:00+03:00,2.5220819100657668,2.5269790349725625,2.463315010070801,2.463315010070801,1892406,0.0,0.0
2021-06-24 00:00:00+03:00,2.463315002793219,2.5024929360074495,2.4437258026672017,2.468212127685547,2860246,0.0,0.0
2021-06-25 00:00:00+03:00,2.473109508046444,2.482903991436931,2.443725824356079,2.443725824356079,1544334,0.0,0.0
2021-06-28 00:00:00+03:00,2.448622961665566,2.4633148021838682,2.4192395141478453,2.4241366386413574,1552678,0.0,0.0
2021-06-29 00:00:00+03:00,2.448622941970825,2.448622941970825,2.3751642070079244,2.448622941970825,1767676,0.0,0.0
2021-06-30 00:00:00+03:00,2.4535203266542,2.473109291721712,2.404547680466535,2.4192395210266113,1550948,0.0,0.0
2021-07-01 00:00:00+03:00,2.4241366386413574,2.4437256036531716,2.3898560666301245,2.4241366386413574,1504084,0.0,0.0
2021-07-02 00:00:00+03:00,2.43393113704379,2.453520335702428,2.3996505648086632,2.40944504737854,2554296,0.0,0.0
2021-07-05 00:00:00+03:00,2.424136814967761,2.517184522301405,2.409445206899707,2.4926984310150146,7472338,0.0,0.0
2021-07-06 00:00:00+03:00,2.502492943400778,2.5122874267332724,2.458417651645102,2.463315010070801,2296428,0.0,0.0
2021-07-07 00:00:00+03:00,2.473109483718872,2.4926984503071523,2.4437258003175497,2.473109483718872,2847682,0.0,0.0
2021-07-08 00:00:00+03:00,2.473109493403295,2.5269790349725625,2.458417651645102,2.463315010070801,4803088,0.0,0.0
2021-07-09 00:00:00+03:00,2.473109503165039,2.4780066280911646,2.4388286946065456,2.4535205364227295,1792706,0.0,0.0
2021-07-12 00:00:00+03:00,2.4535205486306184,2.4975956072606653,2.4290342233214446,2.438828706741333,2990474,0.0,0.0
2021-07-13 00:00:00+03:00,2.4584174878745055,2.4584174878745055,2.3751642683348715,2.380061626434326,2371934,0.0,0.0
2021-07-14 00:00:00+03:00,2.384958726189078,2.4192395319717597,2.3506781539252803,2.404547691345215,1499600,0.0,0.0
2021-07-16 00:00:00+03:00,2.4045476893341595,2.4290340125182937,2.370267117099033,2.40944504737854,1548328,0.0,0.0
2021-07-19 00:00:00+03:00,2.404547691345215,2.4192395319717597,2.3898560842375542,2.404547691345215,607228,0.0,0.0
2021-07-26 00:00:00+03:00,2.4094452278642007,2.5563624774175655,2.380061777953528,2.468212127685547,7241176,0.0,0.0
2021-07-27 00:00:00+03:00,2.4780066109891044,2.4878010942926623,2.4486231610784315,2.468212127685547,1786420,0.0,0.0
2021-07-28 00:00:00+03:00,2.473109483718872,2.512287416895433,2.4535205171305914,2.473109483718872,2893322,0.0,0.0
2021-07-29 00:00:00+03:00,2.482903931155554,2.5367734717359043,2.463314964850172,2.507390022277832,7494526,0.0,0.0
2021-07-30 00:00:00+03:00,2.5073897400961895,2.5759513479680005,2.492698133779996,2.5612595081329346,7472292,0.0,0.0
2021-08-02 00:00:00+03:00,2.571053980048989,2.654307193908833,2.541670534013551,2.575951337814331,8867714,0.0,0.0
2021-08-03 00:00:00+03:00,2.5857462582265187,2.6151297092437744,2.561259932286017,2.6151297092437744,4395052,0.0,0.0
2021-08-04 00:00:00+03:00,2.7326632265749633,2.7816356397983903,2.6543073654174805,2.6543073654174805,17388228,0.0,0.0
2021-08-05 00:00:00+03:00,2.6592045011074217,2.7032797899523753,2.6200265703647463,2.639615535736084,7557858,0.0,0.0
2021-08-06 00:00:00+03:00,2.6494101502409766,2.855094530392568,2.6151295758949775,2.7522523403167725,24838696,0.0,0.0
2021-08-09 00:00:00+03:00,2.762046513053357,2.9089639776544507,2.7228685847647642,2.840402603149414,16661308,0.0,0.0
2021-08-10 00:00:00+03:00,2.8501973957366236,2.8501973957366236,2.7375607228762697,2.7620468139648438,8962072,0.0,0.0
2021-08-11 00:00:00+03:00,2.7620468234897575,2.825711080873612,2.7326633739708015,2.7522523403167725,6910108,0.0,0.0
2021-08-12 00:00:00+03:00,2.7914302827037156,2.7963276410666666,2.7179717754106436,2.742457866668701,4465408,0.0,0.0
2021-08-13 00:00:00+03:00,2.7473552227020264,2.806122121894212,2.7326633811445302,2.7473552227020264,5062826,0.0,0.0
2021-08-16 00:00:00+03:00,2.7522521262558732,2.7914300559006873,2.7228686790222625,2.7277660369873047,4181742,0.0,0.0
2021-08-17 00:00:00+03:00,2.7326632081862803,2.742457690765056,2.673896312713623,2.673896312713623,3746980,0.0,0.0
2021-08-18 00:00:00+03:00,2.6787934283291612,2.7326631990926065,2.673896303815512,2.6836907863616943,4510644,0.0,0.0
2021-08-19 00:00:00+03:00,2.67879373635504,2.67879373635504,2.6004378669756916,2.6151297092437744,5543900,0.0,0.0
2021-08-20 00:00:00+03:00,2.6200265975792756,2.644512921307234,2.5906431492170596,2.61023211479187,2791654,0.0,0.0
2021-08-23 00:00:00+03:00,2.6396155702659594,2.6396155702659594,2.6004376390107815,2.605334997177124,2380032,0.0,0.0
2021-08-24 00:00:00+03:00,2.6151294985306763,2.629821106096078,2.5857460498809814,2.5857460498809814,2632474,0.0,0.0
2021-08-25 00:00:00+03:00,2.590643214425062,2.6151295387693554,2.536773440978954,2.541670799255371,2979934,0.0,0.0
2021-08-26 00:00:00+03:00,2.5416708015027933,2.5661568923498423,2.5220818354175956,2.536773443222046,1810708,0.0,0.0
2021-08-27 00:00:00+03:00,2.5416709577023346,2.6249241854402374,2.5073901481870484,2.6200268268585205,3036180,0.0,0.0
2021-08-31 00:00:00+03:00,2.6445129029264494,2.678793475684655,2.6298210620880127,2.6298210620880127,2980992,0.0,0.0
2021-09-01 00:00:00+03:00,2.6347184272186603,2.664101875454841,2.6249239444732666,2.6249239444732666,2164694,0.0,0.0
2021-09-02 00:00:00+03:00,2.624923955732423,2.644512921307234,2.6053349901576124,2.61023211479187,2900776,0.0,0.0
2021-09-03 00:00:00+03:00,2.620026616065263,2.6347184571094764,2.5759515599704055,2.5906431674957275,2756776,0.0,0.0
2021-09-06 00:00:00+03:00,2.600437620850338,2.6396155518319127,2.580848655359551,2.6249239444732666,2507180,0.0,0.0
2021-09-07 00:00:00+03:00,2.629821117759613,2.6347184759823947,2.571054220199585,2.571054220199585,3203948,0.0,0.0
2021-09-08 00:00:00+03:00,2.5710542795297715,2.5710542795297715,2.507390022277832,2.507390022277832,3102066,0.0,0.0
2021-09-09 00:00:00+03:00,2.5073899826534087,2.566156880640857,2.487801016657593,2.5514652729034424,3220892,0.0,0.0
2021-09-10 00:00:00+03:00,2.5612597843865808,2.5612597843865808,2.5171844936463605,2.5220818519592285,2017490,0.0,0.0
2021-09-13 00:00:00+03:00,2.526978729355317,2.580848497928383,2.5122871228928556,2.5318760871887207,5188590,0.0,0.0
2021-09-14 00:00:00+03:00,2.546567945273027,2.556362428388735,2.5024928880117905,2.5171844959259033,3952444,0.0,0.0
2021-09-15 00:00:00+03:00,2.5171845054305226,2.556362438041286,2.5024928974609355,2.507390022277832,4606972,0.0,0.0
2021-09-16 00:00:00+03:00,2.517184541783052,2.5318763834837132,2.468212125312351,2.473109483718872,4003750,0.0,0.0
2021-09-17 00:00:00+03:00,2.4829039865361935,2.4829039865361935,2.4339313361615167,2.4535205364227295,2464530,0.0,0.0
2021-09-20 00:00:00+03:00,2.4584174878745055,2.546567831994708,2.380061626434326,2.380061626434326,9235204,0.0,0.0
2021-09-21 00:00:00+03:00,2.3898561091143486,2.414342199054961,2.380061626434326,2.380061626434326,3248700,0.0,0.0
2021-09-22 00:00:00+03:00,2.3947533861494135,2.4731094860967766,2.3947533861494135,2.468212127685547,5155344,0.0,0.0
2021-09-23 00:00:00+03:00,2.473109264798086,2.5171843189607217,2.4339311015706926,2.448622941970825,6466590,0.0,0.0
2021-09-24 00:00:00+03:00,2.4486231610784315,2.4878010942926623,2.4094452278642007,2.468212127685547,3089102,0.0,0.0
2021-09-27 00:00:00+03:00,2.4780066280911646,2.492698469907348,2.443725819532671,2.4535205364227295,2532780,0.0,0.0
2021-09-28 00:00:00+03:00,2.453520319677961,2.4584174441714732,2.414342156135451,2.4241366386413574,2718534,0.0,0.0
2021-09-29 00:00:00+03:00,2.4290342233214446,2.468212157000999,2.4192397399015557,2.438828706741333,3051168,0.0,0.0
2021-09-30 00:00:00+03:00,2.4437258316918253,2.448623190161222,2.414342381432159,2.438828706741333,2054784,0.0,0.0
2021-10-01 00:00:00+03:00,2.424136833729269,2.4926984503071523,2.424136833729269,2.473109483718872,5353894,0.0,0.0
2021-10-04 00:00:00+03:00,2.482903969400334,2.5073900608997772,2.463315002793219,2.468212127685547,3423690,0.0,0.0
2021-10-05 00:00:00+03:00,2.473109503165039,2.4829039865361935,2.443725819532671,2.4535205364227295,2995314,0.0,0.0
2021-10-06 00:00:00+03:00,2.4388284860941236,2.44862296862788,2.4143421630002915,2.4192395210266113,3351920,0.0,0.0
2021-10-07 00:00:00+03:00,2.4487663956892014,2.4930212849301716,2.434014687785397,2.478269577026367,3047462,0.010024,0.0
2021-10-08 00:00:00+03:00,2.4831869305705387,2.497938404238073,2.4586008284973864,2.4635181427001953,2274102,0.0,0.0
2021-10-11 00:00:00+03:00,2.4684350761683698,2.5667790096928336,2.4684350761683698,2.522524356842041,16194226,0.0,0.0
2021-10-12 00:00:00+03:00,2.5077728936146304,2.5323589966234863,2.4782697106862766,2.4881041049957275,5140508,0.0,0.0
2021-10-13 00:00:00+03:00,2.4881039271907697,2.5618619964759803,2.483186847622656,2.5274415016174316,12559874,0.0,0.0
2021-10-14 00:00:00+03:00,2.522524602314035,2.5421933909329373,2.463518236457327,2.4881041049957275,21074898,0.0,0.0
2021-10-15 00:00:00+03:00,2.5028558540738866,2.512690248541997,2.4487665672640504,2.4733526706695557,3931160,0.0,0.0
2021-10-18 00:00:00+03:00,2.478269571900537,2.527441540694111,2.4586007843831075,2.5126900672912598,4292324,0.0,0.0
2021-10-19 00:00:00+03:00,2.527441436283048,2.5372758296354943,2.5028555701371484,2.522524356842041,2949980,0.0,0.0
2021-10-20 00:00:00+03:00,2.5225244306922012,2.527441510277162,2.488103935715718,2.493021249771118,1899918,0.0,0.0
2021-10-21 00:00:00+03:00,2.4930212797738305,2.5176071469353962,2.4733524922564007,2.5126900672912598,3990454,0.0,0.0
2021-10-22 00:00:00+03:00,2.51268999394722,2.5520275678338367,2.497938286504521,2.5421931743621826,4199278,0.0,0.0
2021-10-25 00:00:00+03:00,2.5323588848114014,2.5520276725618616,2.5126900970609416,2.5323588848114014,4215806,0.0,0.0
2021-10-26 00:00:00+03:00,2.5421931359390473,2.5766133953343857,2.5372758220423237,2.5569446086883545,4123464,0.0,0.0
2021-10-27 00:00:00+03:00,2.5667790327676405,2.581530740164141,2.5471102458859294,2.576613426208496,2694112,0.0,0.0
2021-10-28 00:00:00+03:00,2.5766133266465823,2.591365033473068,2.556944540524885,2.5864479541778564,1551000,0.0,0.0
2021-11-01 00:00:00+03:00,2.601199650970826,2.684792116435783,2.5962825712513586,2.6552889347076416,8144726,0.0,0.0
2021-11-02 00:00:00+03:00,2.709378038448619,2.842142464640357,2.674957544817268,2.6946263313293457,16204852,0.0,0.0
2021-11-03 00:00:00+03:00,2.6946265103451634,2.7093782184444573,2.5618620753333037,2.6552889347076416,7135608,0.0,0.0
2021-11-04 00:00:00+03:00,2.670040484251971,2.689709272629962,2.620868513306995,2.6257858276367188,4518572,0.0,0.0
2021-11-05 00:00:00+03:00,2.625785627883208,2.630702707368419,2.56186195328243,2.576613426208496,4516610,0.0,0.0
2021-11-08 00:00:00+03:00,2.5815307745542,2.6307027424135256,2.5766134605330486,2.596282482147217,5551926,0.0,0.0
2021-11-09 00:00:00+03:00,2.606117000054424,2.6749577583418063,2.576613583460811,2.6405372619628906,8685830,0.0,0.0
2021-11-10 00:00:00+03:00,2.6552890465840124,2.6602061265106527,2.5766136575236605,2.6110341548919678,5564492,0.0,0.0
2021-11-11 00:00:00+03:00,2.6061169059812963,2.679874741391542,2.601199591903045,2.6159512996673584,8209440,0.0,0.0
2021-11-12 00:00:00+03:00,2.6208684145595296,2.6454545163409042,2.586448153430138,2.6011996269226074,4545436,0.0,0.0
2021-11-15 00:00:00+03:00,2.6061169059812963,2.665123268097669,2.601199591903045,2.6159512996673584,6620500,0.0,0.0
2021-11-16 00:00:00+03:00,2.6208683488416606,2.6257856628628122,2.5815307745542,2.596282482147217,4561074,0.0,0.0
2021-11-17 00:00:00+03:00,2.596282616037552,2.6159514041956022,2.576613593409052,2.606117010116577,4458222,0.0,0.0
2021-11-18 00:00:00+03:00,2.615951469289064,2.630702943539442,2.566779263199923,2.6110341548919678,8640918,0.0,0.0
2021-11-19 00:00:00+03:00,2.6110339769003277,2.6552888655755598,2.6061168973088797,2.650371551513672,8449116,0.0,0.0
2021-11-22 00:00:00+03:00,2.7044607245853842,2.7290468249606965,2.670040230954034,2.6946263313293457,6390246,0.0,0.0
2021-11-23 00:00:00+03:00,2.684791972510903,2.743798332804005,2.6257856122178014,2.6798746585845947,12962376,0.0,0.0
2021-11-24 00:00:00+03:00,2.748715837994618,2.8224736762580815,2.7290470498616344,2.763467311859131,13543034,0.0,0.0
2021-11-25 00:00:00+03:00,2.763467252236089,2.7831360399447096,2.7093782032726046,2.7241296768188477,5210708,0.0,0.0
2021-11-26 00:00:00+03:00,2.7142954052381727,2.7142954052381727,2.6307029364756374,2.6454546451568604,7032370,0.0,0.0
2021-11-29 00:00:00+03:00,2.650371546817656,2.6897091213613002,2.635620073599009,2.6847920417785645,5051580,0.0,0.0
2021-11-30 00:00:00+03:00,2.6897090445143355,2.7683844258242503,2.665123178362214,2.74871563911438,9386188,0.0,0.0
2021-12-01 00:00:00+03:00,2.7536329468682728,2.792970523549606,2.7290470786776657,2.7831361293792725,7826246,0.0,0.0
2021-12-02 00:00:00+03:00,2.788053286612743,2.9454035844725075,2.7782188929965077,2.9109833240509033,17045076,0.0,0.0
2021-12-03 00:00:00+03:00,2.9503208213025345,3.2010982036590576,2.9454035073878893,3.2010982036590576,5597730,0.0,0.0
2021-12-06 00:00:00+03:00,3.201098460859664,3.5207163879382954,3.196181146549925,3.255187511444092,34462074,0.0,0.0
2021-12-07 00:00:00+03:00,3.2699391392476276,3.422372362032918,3.107671522555881,3.3191111087799072,17680236,0.0,0.0
2021-12-08 00:00:00+03:00,3.3240284137848275,3.3486142812478192,3.161760563070944,3.196181058883667,11943704,0.0,0.0
2021-12-09 00:00:00+03:00,3.274856234314852,3.333862832500597,3.2355186585046534,3.250270366668701,12894238,0.0,0.0
2021-12-10 00:00:00+03:00,3.250270241223909,3.265021714348174,3.1273402043263223,3.1715948581695557,7989564,0.0,0.0
2021-12-13 00:00:00+03:00,3.1715947891120515,3.2601045638122046,3.1715947891120515,3.2010982036590576,9393038,0.0,0.0
2021-12-14 00:00:00+03:00,3.2060153178451625,3.284690465568586,3.1863465309143066,3.1863465309143066,8762952,0.0,0.0
2021-12-15 00:00:00+03:00,3.201098223359855,3.206015302834329,3.0486647736537758,3.0634164810180664,10100140,0.0,0.0
2021-12-16 00:00:00+03:00,3.0732509602103906,3.156843423843384,3.063416566516535,3.156843423843384,7410074,0.0,0.0
2021-12-17 00:00:00+03:00,3.1863465945772815,3.2945249248583837,2.8421425819396973,2.8421425819396973,15005072,0.0,0.0
2021-12-20 00:00:00+03:00,2.7536330223083496,2.910983567814997,2.6159515001516844,2.7536330223083496,11512364,0.0,0.0
2021-12-21 00:00:00+03:00,2.945403723078165,2.945403723078165,2.606117010116577,2.606117010116577,5716908,0.0,0.0
2021-12-22 00:00:00+03:00,2.5421932092626496,2.6700403261493015,2.502855634835987,2.5274415016174316,7791924,0.0,0.0
2021-12-23 00:00:00+03:00,2.561862096321492,2.645454562471285,2.483186944401898,2.552027702331543,6115734,0.0,0.0
2021-12-24 00:00:00+03:00,2.5667791605892636,2.620868444442749,2.5471103727280777,2.620868444442749,4641638,0.0,0.0
2021-12-27 00:00:00+03:00,2.655288904784609,2.674957692381718,2.615951329590391,2.6356201171875,3927252,0.0,0.0
2021-12-28 00:00:00+03:00,2.6454544857177185,2.6552888794223386,2.552027628288605,2.581530809402466,3836382,0.0,0.0
2021-12-29 00:00:00+03:00,2.561862051648763,2.615951334885521,2.556944737504311,2.6011996269226074,3566194,0.0,0.0
2021-12-30 00:00:00+03:00,2.606117039258728,2.670040484251971,2.606117039258728,2.6257858276367188,4274364,0.0,0.0
2021-12-31 00:00:00+03:00,2.6356202890312077,2.7733018111878733,2.6061171057119226,2.7536330223083496,8178142,0.0,0.0
2022-01-03 00:00:00+03:00,2.797887605889056,2.8175563925989264,2.6946263584270196,2.74871563911438,5130902,0.0,0.0
2022-01-04 00:00:00+03:00,2.7585502611886654,2.8077222320403314,2.7290470786776657,2.7831361293792725,5438486,0.0,0.0
2022-01-05 00:00:00+03:00,2.817556626210665,2.822473706060605,2.748715867018332,2.7831361293792725,3639694,0.0,0.0
2022-01-06 00:00:00+03:00,2.7831360399447096,2.7831360399447096,2.6454545259843654,2.7241296768188477,3050216,0.0,0.0
2022-01-07 00:00:00+03:00,2.7290470498616344,2.778219020194093,2.719212655795143,2.763467311859131,3594366,0.0,0.0
2022-01-10 00:00:00+03:00,2.7634671119115666,2.827390785953862,2.7437983252016958,2.74871563911438,4638276,0.0,0.0
2022-01-11 00:00:00+03:00,2.753632718556631,2.7880532125341206,2.71429514513689,2.74871563911438,3951214,0.0,0.0
2022-01-12 00:00:00+03:00,2.758550149047749,3.0191617012023926,2.758550149047749,3.0191617012023926,14492326,0.0,0.0
2022-01-13 00:00:00+03:00,3.09291989538443,3.284690698813054,2.989658639429682,3.097837209701538,39659834,0.0,0.0
2022-01-14 00:00:00+03:00,3.0880025858166205,3.171594812754837,3.014244517840138,3.028995990753174,7797116,0.0,0.0
2022-01-17 00:00:00+03:00,2.9798241555171514,3.1125885899644845,2.9503209739144602,3.038830518722534,6960232,0.0,0.0
2022-01-18 00:00:00+03:00,3.088002629931839,3.225684139949119,2.9601552790167833,2.9798240661621094,15862466,0.0,0.0
2022-01-19 00:00:00+03:00,2.974906925435559,3.191263579585024,2.9503208247742667,3.166677713394165,20121428,0.0,0.0
2022-01-20 00:00:00+03:00,3.2256842297562636,3.4322067350024708,3.2060154420633338,3.422372341156006,28738084,0.0,0.0
2022-01-21 00:00:00+03:00,3.4420410060310083,3.4912129735087927,3.2060153276672074,3.3436970710754395,15416454,0.0,0.0
2022-01-24 00:00:00+03:00,3.338779983948982,3.353531692429854,3.05849939857603,3.097837209701538,9892844,0.0,0.0
2022-01-25 00:00:00+03:00,3.1371748594323843,3.1470092538252254,2.9847416291081124,3.068333864212036,7623274,0.0,0.0
2022-01-26 00:00:00+03:00,3.122422978237137,3.206015443196866,3.053582221287543,3.0732510089874268,7214606,0.0,0.0
2022-01-27 00:00:00+03:00,3.0486648339468125,3.1322572968999776,2.994575786305714,3.1027541160583496,6278298,0.0,0.0
2022-01-28 00:00:00+03:00,3.1322574615478516,3.171595038071145,3.0880028051943724,3.1322574615478516,6303792,0.0,0.0
2022-01-31 00:00:00+03:00,3.1519262898819425,3.1715950783936506,3.1125887128585257,3.1175060272216797,4079612,0.0,0.0
2022-02-01 00:00:00+03:00,3.1322574260284246,3.1666779223312074,3.0830854559319127,3.1470091342926025,5042568,0.0,0.0
2022-02-02 00:00:00+03:00,3.1666778983284907,3.1863466862180103,3.0880027467704116,3.0929198265075684,4304760,0.0,0.0
2022-02-03 00:00:00+03:00,3.092919752450636,3.225684184761204,3.0781682791219294,3.122422933578491,10389910,0.0,0.0
2022-02-04 00:00:00+03:00,3.1273404284419106,3.15192629690107,3.0683338283049277,3.083085536956787,4517014,0.0,0.0
2022-02-07 00:00:00+03:00,3.0830852525102914,3.181429186214594,3.0683335452194296,3.166677713394165,5277596,0.0,0.0
2022-02-08 00:00:00+03:00,3.1666777917837625,3.176512185397639,3.097837036486631,3.1027541160583496,3167804,0.0,0.0
2022-02-09 00:00:00+03:00,3.1125885398692064,3.156843428796209,3.1076714602497844,3.122422933578491,3824524,0.0,0.0
2022-02-10 00:00:00+03:00,3.127340421477534,3.181429472649505,3.1125887128585257,3.1175060272216797,5141144,0.0,0.0
2022-02-11 00:00:00+03:00,3.117505819124449,3.1519260794871182,3.092919717890738,3.137174606323242,2898700,0.0,0.0
2022-02-14 00:00:00+03:00,3.097836987453334,3.107671380911549,2.9749069519904308,2.9945757389068604,3514006,0.0,0.0
2022-02-15 00:00:00+03:00,3.0093271696418324,3.043747663497925,2.9798239896810808,3.043747663497925,1980838,0.0,0.0
2022-02-16 00:00:00+03:00,3.043747737101193,3.063416524217321,3.014244556427002,3.014244556427002,1900226,0.0,0.0
2022-02-17 00:00:00+03:00,3.024079090418343,3.1175059507937575,2.9503210180724424,2.9896585941314697,3512836,0.0,0.0
2022-02-18 00:00:00+03:00,2.9994928789137605,3.0339133739471436,2.9798240916005247,3.0339133739471436,1938668,0.0,0.0
2022-02-21 00:00:00+03:00,3.03391331273972,3.0437477061979346,2.9749069519904308,2.9945757389068604,2168496,0.0,0.0
2022-02-22 00:00:00+03:00,2.896231616391331,2.940486504899609,2.7536327917207,2.9109833240509033,3318790,0.0,0.0
2022-02-23 00:00:00+03:00,2.910983522600367,2.9896586768964455,2.901149128313357,2.9257349967956543,3401530,0.0,0.0
2022-02-24 00:00:00+03:00,2.7192125817104356,2.7683845507032085,2.6356201171875,2.6356201171875,4356132,0.0,0.0
2022-02-25 00:00:00+03:00,2.6602060510279366,2.7978878021240234,2.6061170010173744,2.7978878021240234,4307630,0.0,0.0
2022-02-28 00:00:00+03:00,2.7683845464933494,2.861811404672766,2.738881365142551,2.8273909091949463,3915348,0.0,0.0
2022-03-01 00:00:00+03:00,3.088002884584521,3.097837278968179,2.886397448013849,2.945403814315796,10650008,0.0,0.0
2022-03-02 00:00:00+03:00,2.9552381816018842,3.0044101491679647,2.876562799025719,2.8913145065307617,5593308,0.0,0.0
2022-03-03 00:00:00+03:00,2.9109831998733435,3.0830851980511036,2.9109831998733435,3.0584990978240967,7773522,0.0,0.0
2022-03-04 00:00:00+03:00,3.0781682675307103,3.0781682675307103,2.969989702665494,2.999492883682251,3380672,0.0,0.0
2022-03-07 00:00:00+03:00,2.974907130381027,2.9847415244289617,2.906066137575031,2.9552383422851562,3452008,0.0,0.0
2022-03-08 00:00:00+03:00,2.935569419932138,3.0044104150882003,2.935569419932138,2.945403814315796,3684040,0.0,0.0
2022-03-09 00:00:00+03:00,2.9699898813243846,3.004410378483043,2.935569384165726,2.960155487060547,3862684,0.0,0.0
2022-03-10 00:00:00+03:00,2.965072702625287,2.969989782358131,2.9159004984741657,2.9355692863464355,2726796,0.0,0.0
2022-03-11 00:00:00+03:00,2.9404865652730336,2.9699897467274923,2.9257348573105824,2.9503209590911865,2786832,0.0,0.0
2022-03-14 00:00:00+03:00,2.955238332315045,3.0289961701904975,2.9454037038298395,2.9896585941314697,3968830,0.0,0.0
2022-03-15 00:00:00+03:00,2.989658706277485,2.9945760207045424,2.9404867343591956,2.945403814315796,2994220,0.0,0.0
2022-03-16 00:00:00+03:00,2.9650727052256896,3.122423008341848,2.9650727052256896,3.0929198265075684,13905076,0.0,0.0
2022-03-17 00:00:00+03:00,3.1076714692074416,3.1666778316332334,3.063416580152877,3.0880026817321777,6030878,0.0,0.0
2022-03-18 00:00:00+03:00,3.0978370103990436,3.0978370103990436,3.0339133352119463,3.0486648082733154,4075106,0.0,0.0
2022-03-21 00:00:00+03:00,3.0486650329602463,3.1519262898819425,3.0437479530675464,3.1175060272216797,5192812,0.0,0.0
2022-03-22 00:00:00+03:00,3.1224228223177626,3.2109325970179157,3.0978369561558345,3.2010982036590576,5182456,0.0,0.0
2022-03-23 00:00:00+03:00,3.206015428056601,3.215849821860101,3.0978370962181065,3.142091751098633,4548080,0.0,0.0
2022-03-24 00:00:00+03:00,3.14700895304715,3.2404358080850213,3.122422852179655,3.220767021179199,6327164,0.0,0.0
2022-03-25 00:00:00+03:00,3.2256842102992493,3.235518604086394,3.1617605334475867,3.1765122413635254,3635160,0.0,0.0
2022-03-28 00:00:00+03:00,3.181429216946375,3.2256841047760183,3.181429216946375,3.1863465309143066,3018932,0.0,0.0
2022-03-29 00:00:00+03:00,3.1912636453155345,3.2404358476509194,3.1715948581695557,3.1715948581695557,3736408,0.0,0.0
2022-03-30 00:00:00+03:00,3.1715949515037303,3.289607912322944,3.1715949515037303,3.2306015491485596,7442046,0.0,0.0
2022-03-31 00:00:00+03:00,3.235518691651583,3.5502195358276367,3.235518691651583,3.5502195358276367,18770154,0.0,0.0
2022-04-01 00:00:00+03:00,3.6682322781198335,3.874754775277479,3.594474209924898,3.8304998874664307,35902864,0.0,0.0
2022-04-04 00:00:00+03:00,3.835417365486289,4.0616086592415055,3.7272387983144313,3.8600032329559326,23758872,0.0,0.0
2022-04-05 00:00:00+03:00,3.86983767752632,4.1599526525494355,3.7616593434079513,4.091111660003662,17870874,0.0,0.0
2022-04-06 00:00:00+03:00,4.091111477754767,4.17470394035762,3.948512653715936,3.9730987548828125,9359186,0.0,0.0
2022-04-07 00:00:00+03:00,3.9927674417073087,4.125532103308117,3.9140922951027686,3.982933282852173,8917844,0.0,0.0
2022-04-08 00:00:00+03:00,3.992767611457066,4.04685665981203,3.9534300364823864,3.9780161380767822,5307244,0.0,0.0
2022-04-11 00:00:00+03:00,3.978016068904363,4.120614892943194,3.958347281759037,3.9730987548828125,7383008,0.0,0.0
2022-04-12 00:00:00+03:00,3.973098970329821,4.100946328177583,3.9386787081942316,4.07636022567749,6526324,0.0,0.0
2022-04-13 00:00:00+03:00,4.0763604192717535,4.125532626607223,3.997685262687741,4.002602577209473,6307100,0.0,0.0
2022-04-14 00:00:00+03:00,4.051773925550162,4.0665258676952245,3.978016090588358,4.027187824249268,4641816,0.0,0.0
2022-04-15 00:00:00+03:00,4.041939957532572,4.307468832468819,3.992767752605492,4.268131256103516,15835074,0.0,0.0
2022-04-18 00:00:00+03:00,4.292716927095292,4.691010477446633,4.277965453064769,4.376309394836426,32366106,0.0,0.0
2022-04-19 00:00:00+03:00,4.38614374062282,4.504156463138199,4.179621241750468,4.233710289001465,14487232,0.0,0.0
2022-04-20 00:00:00+03:00,4.258296499627748,4.602500516955137,4.258296499627748,4.572997570037842,24161892,0.0,0.0
2022-04-21 00:00:00+03:00,4.572997673094554,4.602500620676725,4.317302959697621,4.405812740325928,13216948,0.0,0.0
2022-04-22 00:00:00+03:00,4.395978164245617,4.499239419896062,4.253379332056039,4.322220325469971,8597040,0.0,0.0
2022-04-25 00:00:00+03:00,4.32222053559417,4.341889324819931,4.155035592704735,4.302551746368408,6087988,0.0,0.0
2022-04-26 00:00:00+03:00,4.351723560683296,4.454984812023129,4.164869845452126,4.204207420349121,5707408,0.0,0.0
2022-04-27 00:00:00+03:00,4.204207074617645,4.2632134321107715,4.056690946414407,4.214041233062744,4507126,0.0,0.0
2022-04-28 00:00:00+03:00,4.263213704100747,4.312385906285925,4.204207342843056,4.233710289001465,3101524,0.0,0.0
2022-04-29 00:00:00+03:00,4.282882767388578,4.376309394836426,4.228793716649393,4.376309394836426,6211482,0.0,0.0
2022-05-05 00:00:00+03:00,4.400895299030707,4.5189080238342285,4.400895299030707,4.5189080238342285,9039118,0.0,0.0
2022-05-06 00:00:00+03:00,4.523825366587835,4.641838092138788,4.4943224196705405,4.572997570037842,11618414,0.0,0.0
2022-05-09 00:00:00+03:00,4.577914731237821,4.612334991138425,4.366474919983546,4.440232753753662,8961210,0.0,0.0
2022-05-10 00:00:00+03:00,4.454984664916992,4.523825184243139,4.445150037047047,4.454984664916992,885344,0.0,0.0
2022-05-11 00:00:00+03:00,4.504156628803656,4.548411518609862,4.400895375569473,4.489405155181885,7031104,0.0,0.0
2022-05-12 00:00:00+03:00,4.469736216694452,4.469736216694452,4.253379089144534,4.356640338897705,4892186,0.0,0.0
2022-05-13 00:00:00+03:00,4.405812892325021,4.484488047179607,4.341889211770442,4.346806526184082,6425334,0.0,0.0
2022-05-16 00:00:00+03:00,4.351723601219807,4.3861438623400835,4.174704043593499,4.189455986022949,4907290,0.0,0.0
2022-05-17 00:00:00+03:00,4.218958479420629,4.277964835972007,4.100945766317873,4.243544578552246,4064290,0.0,0.0
2022-05-18 00:00:00+03:00,4.273047880242976,4.282882508295648,4.164869785308838,4.164869785308838,2969620,0.0,0.0
2022-05-20 00:00:00+03:00,4.164869834116706,4.21404156813368,4.071442742284957,4.081277370452881,2691642,0.0,0.0
2022-05-23 00:00:00+03:00,4.110780428125641,4.179621420338168,3.9878503863509884,4.037022590637207,2484280,0.0,0.0
2022-05-24 00:00:00+03:00,4.091111568900452,4.150117931651029,4.007519104435246,4.066525936126709,2889040,0.0,0.0
2022-05-25 00:00:00+03:00,4.091111757867521,4.150118123343582,4.0714429693755,4.115697860717773,2092306,0.0,0.0
2022-05-26 00:00:00+03:00,4.125532449674007,4.150118083346406,4.091111718439024,4.130449295043945,2133632,0.0,0.0
2022-05-27 00:00:00+03:00,4.130449077505319,4.277965216474983,4.125532232394337,4.218958854675293,5506002,0.0,0.0
2022-05-30 00:00:00+03:00,4.233710349309601,4.336971600216708,4.218958876020266,4.273047924041748,4734572,0.0,0.0
2022-05-31 00:00:00+03:00,4.2976340134483575,4.2976340134483575,4.13044908683452,4.150117874145508,4381116,0.0,0.0
2022-06-01 00:00:00+03:00,4.1648699347780225,4.214041669983434,4.096028942761374,4.105863571166992,3735200,0.0,0.0
2022-06-02 00:00:00+03:00,4.120614721895326,4.194372553393371,4.1107800942604635,4.16978645324707,2982062,0.0,0.0
2022-06-03 00:00:00+03:00,4.1845386826966955,4.214041629750086,4.0812774301280506,4.120615005493164,3053694,0.0,0.0
2022-06-06 00:00:00+03:00,4.150118012080646,4.199290216462864,4.135366538342338,4.159952640533447,3026408,0.0,0.0
2022-06-07 00:00:00+03:00,4.164869932478792,4.4205641746521,4.159952618278698,4.4205641746521,9292368,0.0,0.0
2022-06-08 00:00:00+03:00,4.420564177092486,4.420564177092486,4.032105264947535,4.105863571166992,7126328,0.0,0.0
2022-06-09 00:00:00+03:00,4.159952601260576,4.277965327934703,4.081277450144491,4.174704074859619,5665688,0.0,0.0
2022-06-10 00:00:00+03:00,4.1796214084455565,4.204207510518709,4.096028942761374,4.105863571166992,2476960,0.0,0.0
2022-06-13 00:00:00+03:00,4.096029067521267,4.120615170343281,3.9829336510572717,3.992767810821533,3135908,0.0,0.0
2022-06-14 00:00:00+03:00,4.032105457194506,4.037022771631768,3.943596142028367,3.997685194015503,1992910,0.0,0.0
2022-06-15 00:00:00+03:00,4.027188091629563,4.105863714804173,4.012436617445972,4.046856880187988,3955050,0.0,0.0
2022-06-16 00:00:00+03:00,4.051774106284937,4.091111682544721,3.9534301656354773,3.9878504276275635,1972186,0.0,0.0
2022-06-17 00:00:00+03:00,3.9976850539271953,4.027188001635084,3.9780162658083036,4.022271156311035,1553706,0.0,0.0
2022-06-20 00:00:00+03:00,4.046856589442565,4.051773903464116,3.958347281759037,3.9730987548828125,2220098,0.0,0.0
2022-06-21 00:00:00+03:00,3.9878502497441883,4.04193976639433,3.982933404636712,4.027187824249268,1752374,0.0,0.0
2022-06-22 00:00:00+03:00,4.007519382590833,4.066526218377867,3.9878505936421274,4.0173540115356445,2396514,0.0,0.0
2022-06-23 00:00:00+03:00,4.0173540518337445,4.061608944647482,3.9927679481660094,4.002602577209473,2332956,0.0,0.0
2022-06-24 00:00:00+03:00,4.002602122960965,4.130449003430399,3.973098708119792,4.0566911697387695,4885606,0.0,0.0
2022-06-27 00:00:00+03:00,3.9681817651798212,4.056691549038109,3.9681817651798212,4.032105445861816,3247026,0.0,0.0
2022-06-28 00:00:00+03:00,4.041939673903734,4.086194561444494,3.9681813716888428,3.9681813716888428,2618534,0.0,0.0
2022-06-29 00:00:00+03:00,3.982933409712892,4.012436356158863,3.8354172706604004,3.8354172706604004,3444300,0.0,0.0
2022-06-30 00:00:00+03:00,3.835417275409157,3.879671929603346,3.697735529825,3.800996780395508,2991968,0.0,0.0
2022-07-01 00:00:00+03:00,3.800996960238973,3.8403345367041424,3.751824989657511,3.7616593837738037,2764790,0.0,0.0
2022-07-04 00:00:00+03:00,3.8354172055594864,3.9583472411931826,3.7813279242289384,3.796079397201538,3481008,0.0,0.0
2022-07-05 00:00:00+03:00,3.8249198183091067,3.9095860520935717,3.720332145690918,3.720332145690918,2499808,0.048954,0.0
2022-07-06 00:00:00+03:00,3.785076976267194,3.785076976267194,3.700410741685841,3.7502145767211914,1462884,0.0,0.0
2022-07-07 00:00:00+03:00,3.7601752962318042,3.770136015742417,3.7053912201822903,3.7502145767211914,1389470,0.0,0.0
2022-07-08 00:00:00+03:00,3.7551948849149905,3.8299004013221962,3.7551948849149905,3.80997896194458,681528,0.0,0.0
2022-07-13 00:00:00+03:00,3.819939492539368,3.859782369322305,3.7800966157564315,3.785076856613159,1398324,0.0,0.0
2022-07-14 00:00:00+03:00,3.7950377473297885,3.8199396651857325,3.7253127098083496,3.7253127098083496,1476578,0.0,0.0
2022-07-18 00:00:00+03:00,3.7601751451461847,3.854801857953718,3.7452339477394667,3.8249197006225586,2354480,0.0,0.0
2022-07-19 00:00:00+03:00,3.8199395796600584,3.904605813495906,3.7850769429387436,3.8597824573516846,2017774,0.0,0.0
2022-07-20 00:00:00+03:00,3.8896646162744526,3.9743308501245367,3.864762936454141,3.9295074939727783,2428672,0.0,0.0
2022-07-21 00:00:00+03:00,3.944448641587965,3.999232478983928,3.914566483694999,3.95440936088562,2102914,0.0,0.0
2022-07-22 00:00:00+03:00,3.9693503379821777,4.068957768864881,3.9494288993020934,3.9693503379821777,3895352,0.0,0.0
2022-07-25 00:00:00+03:00,3.989272082599657,4.024134482146896,3.9394682475625404,3.9593896865844727,2645954,0.0,0.0
2022-07-26 00:00:00+03:00,3.979311142877277,4.073938334865582,3.9643701822871247,4.044055938720703,3181568,0.0,0.0
2022-07-27 00:00:00+03:00,4.058996899310856,4.133702652190766,3.9892720999137614,4.044055938720703,3884510,0.0,0.0
2022-07-28 00:00:00+03:00,4.083898783351261,4.098839743818538,3.994252545583028,4.014173984527588,2386416,0.0,0.0
2022-07-29 00:00:00+03:00,4.034095541932121,4.058996985120616,3.999232666531977,4.049036502838135,1894926,0.0,0.0
2022-08-01 00:00:00+03:00,4.078918305492914,4.218368853090561,4.068957823501408,4.153624057769775,4010938,0.0,0.0
2022-08-02 00:00:00+03:00,4.15860469074662,4.173545651771246,4.039075577655859,4.07891845703125,2709018,0.0,0.0
2022-08-03 00:00:00+03:00,4.108800847189767,4.37276004135248,4.083898928880548,4.357819080352783,8661584,0.0,0.0
2022-08-04 00:00:00+03:00,4.35781871143119,4.576954529078758,4.293073919294182,4.447465419769287,9611906,0.0,0.0
2022-08-05 00:00:00+03:00,4.44746572552263,4.522171004297166,4.397661889696551,4.437504768371582,5774274,0.0,0.0
2022-08-08 00:00:00+03:00,4.452445372104898,4.522170641677424,4.437504412540979,4.472366809844971,4163298,0.0,0.0
2022-08-09 00:00:00+03:00,4.482328109200145,4.50723002702195,4.372759955762948,4.492289066314697,4249776,0.0,0.0
2022-08-10 00:00:00+03:00,4.581935390785876,4.671582106626738,4.482328192609689,4.497269153594971,8195144,0.0,0.0
2022-08-11 00:00:00+03:00,4.507230095629058,4.557033457066177,4.362799540021622,4.41260290145874,5216278,0.0,0.0
2022-08-12 00:00:00+03:00,4.41260271309106,4.422563669932016,4.308015041083849,4.317975997924805,3872820,0.0,0.0
2022-08-15 00:00:00+03:00,4.332917060993067,4.5022495315891495,4.312995621803208,4.407622814178467,7567602,0.0,0.0
2022-08-16 00:00:00+03:00,4.4225635682221345,4.447465484787266,4.233309667277511,4.367779731750488,4270328,0.0,0.0
2022-08-17 00:00:00+03:00,4.372759748771927,4.397661665414963,4.258211597164337,4.312995433807373,2677994,0.0,0.0
2022-08-18 00:00:00+03:00,4.317975847971603,4.527151184721854,4.268172015425525,4.392681121826172,12507736,0.0,0.0
2022-08-19 00:00:00+03:00,4.397661670345108,4.512210297045671,4.3926811920180056,4.4524455070495605,5873484,0.0,0.0
2022-08-22 00:00:00+03:00,4.492288980659579,4.492288980659579,4.397661789733904,4.487308502197266,3930394,0.0,0.0
2022-08-23 00:00:00+03:00,4.591895922137011,4.646679757310966,4.562013527973782,4.611817359924316,8891292,0.0,0.0
2022-08-24 00:00:00+03:00,4.606836908609833,4.606836908609833,4.48232780297173,4.502249240875244,5201812,0.0,0.0
2022-08-25 00:00:00+03:00,4.5122101830632175,4.596875937662437,4.5122101830632175,4.557033061981201,3595712,0.0,0.0
2022-08-26 00:00:00+03:00,4.571974511019818,4.5769545142722885,4.457425886851199,4.502249240875244,4382270,0.0,0.0
2022-08-29 00:00:00+03:00,4.482327873235442,4.586915542609518,4.477347394940355,4.562013626098633,3939450,0.0,0.0
2022-08-31 00:00:00+03:00,4.606836931011863,4.681542204772183,4.557033098528619,4.586915493011475,5778848,0.0,0.0
2022-09-01 00:00:00+03:00,4.586915470706318,4.586915470706318,4.492288759405759,4.502249240875244,4244700,0.0,0.0
2022-09-02 00:00:00+03:00,4.547072938510118,4.59189629592135,4.492289098876712,4.5221710205078125,4851300,0.0,0.0
2022-09-05 00:00:00+03:00,4.532131990381893,4.890717900746423,4.492289111452501,4.7462873458862305,26649754,0.0,0.0
2022-09-06 00:00:00+03:00,4.830953292802551,5.0700110270152345,4.676562264945939,4.840914249420166,22922414,0.0,0.0
2022-09-07 00:00:00+03:00,4.855855290465486,4.855855290465486,4.676562343035542,4.706444263458252,6219228,0.0,0.0
2022-09-08 00:00:00+03:00,4.761228800666635,4.870796480676454,4.6765625638634045,4.691503524780273,6634210,0.0,0.0
2022-09-09 00:00:00+03:00,4.7313461694276056,4.945501990137725,4.696483770694167,4.900678634643555,13153288,0.0,0.0
2022-09-12 00:00:00+03:00,4.9753841839887905,5.079971860902875,4.890717946726693,5.000286102294922,10020278,0.0,0.0
2022-09-13 00:00:00+03:00,5.050089527961511,5.065030487743551,4.716405084720485,4.726365566253662,8356306,0.0,0.0
2022-09-14 00:00:00+03:00,4.69150316844072,4.74130700100025,4.5122102261625985,4.726365566253662,5560718,0.0,0.0
2022-09-15 00:00:00+03:00,4.756248148330499,4.82597294670577,4.6715819146194715,4.68154239654541,3652342,0.0,0.0
2022-09-16 00:00:00+03:00,4.716405270697612,4.721385274178298,4.656640954248281,4.68154239654541,2668966,0.0,0.0
2022-09-19 00:00:00+03:00,4.711424548860843,4.806051259609407,4.611817359924316,4.611817359924316,3592948,0.0,0.0
2022-09-20 00:00:00+03:00,4.621777876179936,4.6865226682179335,4.492288767068486,4.641699314117432,3943640,0.0,0.0
2022-09-21 00:00:00+03:00,4.641699291544965,4.641699291544965,4.532131620903836,4.557033061981201,3247974,0.0,0.0
2022-09-22 00:00:00+03:00,4.542092306624685,4.606837101259759,4.482327990414901,4.59687614440918,5179588,0.0,0.0
2022-09-23 00:00:00+03:00,4.596876196814699,4.611817632260904,4.522170919441951,4.571974754333496,3049402,0.0,0.0
2022-09-26 00:00:00+03:00,4.487308535325035,4.547072852420299,4.487308535325035,4.517190456390381,3686396,0.0,0.0
2022-09-27 00:00:00+03:00,4.532131721587795,4.591896036437349,4.492288845021426,4.507229804992676,4162722,0.0,0.0
2022-09-28 00:00:00+03:00,4.482327867426385,4.502249305616364,4.3926811580892,4.422563552856445,2986070,0.0,0.0
2022-09-29 00:00:00+03:00,4.422563722259906,4.4723670821602655,4.248250775197225,4.43252420425415,2519564,0.0,0.0
2022-09-30 00:00:00+03:00,4.437504717655985,4.462406635284424,4.3877013573636825,4.462406635284424,1491606,0.0,0.0
2022-10-03 00:00:00+03:00,4.462406503161987,4.631738968064303,4.462406503161987,4.6217780113220215,4448040,0.0,0.0
2022-10-04 00:00:00+03:00,4.616798110742973,4.621778114260471,4.547072836887724,4.571974754333496,3548826,0.0,0.0
2022-10-05 00:00:00+03:00,4.591895986099922,4.596875989392711,4.502249277326041,4.532131671905518,2871058,0.0,0.0
2022-10-06 00:00:00+03:00,4.537111715118988,4.70146369934082,4.512210273542298,4.70146369934082,6359024,0.0,0.0
2022-10-07 00:00:00+03:00,4.726365921752411,4.850875037551776,4.71142496084657,4.830953598022461,5508528,0.0,0.0
2022-10-10 00:00:00+03:00,4.865816116333008,4.92059995227704,4.786129889099122,4.865816116333008,5994370,0.0,0.0
2022-10-11 00:00:00+03:00,4.900678926106176,4.90565940478275,4.781150287655925,4.806051731109619,3955018,0.0,0.0
2022-10-12 00:00:00+03:00,4.8060513054449885,4.820992740151372,4.746286991513098,4.781149864196777,2682138,0.0,0.0
2022-10-13 00:00:00+03:00,4.781150186229822,4.875776904254403,4.756248268339802,4.855855464935303,4110552,0.0,0.0
2022-10-14 00:00:00+03:00,4.890717911773662,5.139736143126123,4.8857379081196965,5.109854221343994,8380678,0.0,0.0
2022-10-17 00:00:00+03:00,5.134756169583635,5.343931048178939,5.114834729957197,5.279186725616455,5559474,0.0,0.0
2022-10-18 00:00:00+03:00,5.304087915015032,5.4236170220162885,5.194520239797011,5.403695583343506,6134660,0.0,0.0
2022-10-19 00:00:00+03:00,5.403695447965224,5.478400722375432,5.254284424180256,5.423616886138916,4537400,0.0,0.0
2022-10-20 00:00:00+03:00,5.378793630689631,5.433577467936337,5.289146919772693,5.373813152313232,3074356,0.0,0.0
2022-10-21 00:00:00+03:00,5.353891620848465,5.607890314061605,5.324009226073279,5.5630669593811035,5628288,0.0,0.0
2022-10-24 00:00:00+03:00,5.57800805553785,5.787183399179919,5.538165178174082,5.543145656585693,6546236,0.0,0.0
2022-10-25 00:00:00+03:00,5.5381654001656315,5.57800827912646,5.378793884322315,5.528204917907715,3722364,0.0,0.0
2022-10-26 00:00:00+03:00,5.55310615718926,5.6776152681124685,5.483381359049585,5.627811908721924,2595974,0.0,0.0
2022-10-27 00:00:00+03:00,5.627812027228525,5.75232114077356,5.573027713291381,5.662674427032471,4729072,0.0,0.0
2022-10-28 00:00:00+03:00,5.6327925724184995,5.727419290848096,5.413656264005886,5.722438812255859,2222348,0.0,0.0
2022-10-31 00:00:00+03:00,5.722438793656463,5.976437501460013,5.652713993450093,5.916673183441162,4802504,0.0,0.0
2022-11-01 00:00:00+03:00,5.3289899826049805,5.523224371373834,5.3289899826049805,5.3289899826049805,22306304,0.0,0.0
2022-11-02 00:00:00+03:00,5.328990055949743,5.328990055949743,5.099893264106896,5.109854221343994,11872810,0.0,0.0
2022-11-03 00:00:00+03:00,5.104873622237702,5.129775539778117,5.0301683445810275,5.074991226196289,7612334,0.0,0.0
2022-11-04 00:00:00+03:00,5.0949123812726755,5.259264837893466,5.06004998363788,5.169618129730225,13045640,0.0,0.0
2022-11-07 00:00:00+03:00,5.189539994846834,5.299108149958504,5.154677594342269,5.194520473480225,12139478,0.0,0.0
2022-11-08 00:00:00+03:00,5.214441934777236,5.214441934777236,4.980364662642934,5.000286102294922,8287314,0.0,0.0
2022-11-09 00:00:00+03:00,5.005266478678158,5.0202074393707194,4.885737843208517,4.91063928604126,5211306,0.0,0.0
2022-11-10 00:00:00+03:00,4.890717764237687,5.065030710911826,4.830953447511728,5.045109272003174,7484140,0.0,0.0
2022-11-11 00:00:00+03:00,5.065030604936908,5.074991086700549,4.945501973985872,4.955462455749512,5283854,0.0,0.0
2022-11-14 00:00:00+03:00,4.955462342253255,5.094912408502269,4.940521382467711,5.060050010681152,6784320,0.0,0.0
2022-11-15 00:00:00+03:00,5.060050025593336,5.094912423517194,4.940521397027639,5.005266189575195,6865950,0.0,0.0
2022-11-16 00:00:00+03:00,5.00526639328635,5.020207353724013,4.900678720293576,4.905659198760986,5562078,0.0,0.0
2022-11-17 00:00:00+03:00,4.915619508734147,4.9903252582376485,4.776169441277983,4.895698070526123,5308842,0.0,0.0
2022-11-18 00:00:00+03:00,4.920600275312374,5.089932747483595,4.9106393181425005,5.079971790313721,6512388,0.0,0.0
2022-11-21 00:00:00+03:00,5.104873371868233,5.214441518693526,5.074990977292407,5.19950008392334,7591410,0.0,0.0
2022-11-22 00:00:00+03:00,5.2244023916875815,5.3489115076475215,5.174599030282356,5.333970546722412,10481310,0.0,0.0
2022-11-23 00:00:00+03:00,5.333970461154982,5.3588723789404105,5.199500390092411,5.3289899826049805,7041400,0.0,0.0
2022-11-24 00:00:00+03:00,5.3389506404141684,5.558086459719561,5.30408776748308,5.478400707244873,12848206,0.0,0.0
2022-11-25 00:00:00+03:00,5.4784006797096785,5.647733140349578,5.473420201463905,5.587968826293945,9204206,0.0,0.0
2022-11-28 00:00:00+03:00,5.622831652329551,5.752321246794507,5.453499178793006,5.612871170043945,13887988,0.0,0.0
2022-11-29 00:00:00+03:00,5.627811940901866,5.637772422851103,5.378793717631559,5.518243789672852,6164834,0.0,0.0
2022-11-30 00:00:00+03:00,5.55310615718926,5.702517185290023,5.518243758119422,5.627811908721924,7892518,0.0,0.0
2022-12-01 00:00:00+03:00,5.652713611173834,5.817065593352181,5.652713611173834,5.78220272064209,8501462,0.0,0.0
2022-12-02 00:00:00+03:00,5.8021242651599785,5.911692413612035,5.6975365950385966,5.871849536895752,8709880,0.0,0.0
2022-12-05 00:00:00+03:00,5.896751394840961,6.225455361958017,5.881810434962336,6.090985298156738,12680302,0.0,0.0
2022-12-06 00:00:00+03:00,6.095965748029318,6.125848142611861,5.827026096644629,5.86686897277832,7796710,0.0,0.0
2022-12-07 00:00:00+03:00,5.896751483673707,5.966476280800707,5.672635182259886,5.76228141784668,7704774,0.0,0.0
2022-12-08 00:00:00+03:00,5.772242340336936,5.777222818663496,5.5780079602820845,5.7323994636535645,4697520,0.0,0.0
2022-12-09 00:00:00+03:00,5.717458349344285,5.8419674647042,5.707497867097074,5.80710506439209,4604616,0.0,0.0
2022-12-12 00:00:00+03:00,5.861889110410025,6.170671645351811,5.861889110410025,5.986398220062256,6973772,0.0,0.0
2022-12-13 00:00:00+03:00,5.9963585587677075,6.534237861633301,5.95651568262689,6.534237861633301,15285304,0.0,0.0
2022-12-14 00:00:00+03:00,6.574081209879289,6.63882600699878,6.026241386118688,6.031221389770508,12052026,0.0,0.0
2022-12-15 00:00:00+03:00,6.125848345693117,6.300160815815604,6.021260673633799,6.240396499633789,6102384,0.0,0.0
2022-12-16 00:00:00+03:00,6.364905437245407,6.4545521465613245,6.230435848236084,6.230435848236084,2429028,0.0,0.0
2022-12-19 00:00:00+03:00,6.255338055669615,6.379847168860005,6.255338055669615,6.275259494781494,6575606,0.0,0.0
2022-12-20 00:00:00+03:00,6.29020035263479,6.434630902578038,6.240396518186264,6.3250627517700195,6318146,0.0,0.0
2022-12-21 00:00:00+03:00,6.3300434129532235,6.713531239405558,6.2951810128115335,6.698590278625488,12404760,0.0,0.0
2022-12-22 00:00:00+03:00,6.698590057017685,6.813138685780852,6.574080946385518,6.713531017303467,7263562,0.0,0.0
2022-12-23 00:00:00+03:00,6.713530972393232,7.146823092463478,6.648786653266429,6.877883434295654,12573388,0.0,0.0
2022-12-26 00:00:00+03:00,6.8878437505723795,6.9027847103991595,6.648786493485705,6.673687934875488,5961342,0.0,0.0
2022-12-27 00:00:00+03:00,6.698589911147839,6.708550867764491,6.429650257037425,6.454552173614502,3637144,0.0,0.0
2022-12-28 00:00:00+03:00,6.449571631092925,6.668707924831973,6.225455334059686,6.534237861633301,6258514,0.0,0.0
2022-12-29 00:00:00+03:00,6.539218697601328,6.678668771722409,6.484434858652047,6.6388258934021,4145146,0.0,0.0
2022-12-30 00:00:00+03:00,6.643806216977885,6.713531014929927,6.55913998378078,6.574080944061279,3027118,0.0,0.0
2023-01-02 00:00:00+03:00,6.574080780131515,6.798197078608756,6.56412029851441,6.703570365905762,5806626,0.0,0.0
2023-01-03 00:00:00+03:00,6.7035704619190595,6.7483938172494105,6.434630804901516,6.514316558837891,3620084,0.0,0.0
2023-01-04 00:00:00+03:00,6.514316493716901,6.643806080051334,6.404748345667415,6.5940022468566895,5247600,0.0,0.0
2023-01-05 00:00:00+03:00,6.59898285619565,6.693609571186878,6.260317923662609,6.295180797576904,3765532,0.0,0.0
2023-01-06 00:00:00+03:00,6.02126090305803,6.4495720894963195,5.737380271636745,6.310122013092041,6727234,0.0,0.0
2023-01-09 00:00:00+03:00,6.335023531082511,6.444591203854915,6.046162439292441,6.175651550292969,2890334,0.0,0.0
2023-01-10 00:00:00+03:00,6.175651735211542,6.250357487027347,5.876830152842022,5.991378307342529,2726632,0.0,0.0
2023-01-11 00:00:00+03:00,5.991378447330082,6.066084200891375,5.5232243865305435,5.553106307983398,3080674,0.0,0.0
2023-01-12 00:00:00+03:00,5.578007883326785,5.86686897277832,5.333970148266791,5.86686897277832,4063962,0.0,0.0
2023-01-13 00:00:00+03:00,5.8768302368044445,6.016280310569214,5.737380163039675,5.996358871459961,3220634,0.0,0.0
2023-01-16 00:00:00+03:00,6.0063198938119085,6.195573329925537,5.901732218609861,6.195573329925537,2639118,0.0,0.0
2023-01-17 00:00:00+03:00,6.195573178790925,6.335023725634954,6.125848380333477,6.2702789306640625,2764850,0.0,0.0
2023-01-18 00:00:00+03:00,6.270278912087816,6.295180829305088,6.100946444967847,6.185612678527832,3182580,0.0,0.0
2023-01-19 00:00:00+03:00,6.165691120272307,6.250357352191685,6.011299616488569,6.150750160217285,2744116,0.0,0.0
2023-01-20 00:00:00+03:00,6.1507501240860725,6.170671562363928,6.051142457732239,6.120867729187012,1944616,0.0,0.0
2023-01-23 00:00:00+03:00,6.125848411556619,6.170671767916051,5.866869230353047,6.021260738372803,2485030,0.0,0.0
2023-01-24 00:00:00+03:00,6.021260894799809,6.021260894799809,5.787183624933086,5.80710506439209,1699272,0.0,0.0
2023-01-25 00:00:00+03:00,5.827026074866102,5.95153518105967,5.553105946247341,5.78220272064209,2773874,0.0,0.0
2023-01-26 00:00:00+03:00,5.7523212088447,5.802124569873326,5.642753054638393,5.722438812255859,1519314,0.0,0.0
2023-01-27 00:00:00+03:00,5.642752717975898,5.702517032623291,5.3987149810912385,5.702517032623291,2090580,0.0,0.0
2023-01-30 00:00:00+03:00,5.727418927747079,5.8768299512899125,5.543145506197919,5.6178507804870605,1696446,0.0,0.0
2023-01-31 00:00:00+03:00,5.61287092689,5.61287092689,5.333970310506487,5.403695583343506,1975644,0.0,0.0
2023-02-01 00:00:00+03:00,5.398715241295399,5.448518601753011,5.00028598281163,5.1048736572265625,1911930,0.0,0.0
2023-02-02 00:00:00+03:00,5.109853945870853,5.124794905956447,4.786129977585921,5.010246753692627,3670932,0.0,0.0
2023-02-03 00:00:00+03:00,5.010246824967753,5.219421694035444,4.910639156407964,5.209461212158203,2680752,0.0,0.0
2023-02-06 00:00:00+03:00,4.990325367903881,5.229382631653628,4.741307147348946,5.124794960021973,1184474,0.0,0.0
2023-02-07 00:00:00+03:00,5.13475587308986,5.13475587308986,4.7114247117665355,4.816012382507324,1680182,0.0,0.0
2023-02-08 00:00:00+03:00,4.507229804992676,4.507229804992676,4.507229804992676,4.507229804992676,6,0.0,0.0
2023-02-15 00:00:00+03:00,4.8458943790740365,5.294127464294434,4.8458943790740365,5.294127464294434,1515170,0.0,0.0
2023-02-16 00:00:00+03:00,5.528204914863784,5.777223145714142,5.204480929779569,5.667654991149902,8046494,0.0,0.0
2023-02-17 00:00:00+03:00,5.667654710165385,5.667654710165385,5.269225465564766,5.4285969734191895,3982806,0.0,0.0
2023-02-20 00:00:00+03:00,5.4285971905038215,5.971457004547119,5.378793829790002,5.971457004547119,6251988,0.0,0.0
2023-02-21 00:00:00+03:00,6.0710638664956615,6.564120292663574,6.026240986811807,6.564120292663574,7075942,0.0,0.0
2023-02-22 00:00:00+03:00,6.663727774700436,6.773295926965182,5.9116926193237305,5.9116926193237305,4140488,0.0,0.0
2023-02-23 00:00:00+03:00,5.797144162970933,5.802124166252159,5.528204512238313,5.587968826293945,4079856,0.0,0.0
2023-02-24 00:00:00+03:00,5.597929412151146,5.931613861404144,5.597929412151146,5.677615165710449,5221642,0.0,0.0
2023-02-27 00:00:00+03:00,5.677615354483345,5.802124467300652,5.573027680718225,5.6327924728393555,2738274,0.0,0.0
2023-02-28 00:00:00+03:00,5.632792590819518,5.782203149358067,5.627812112211012,5.667654991149902,3154346,0.0,0.0
2023-03-01 00:00:00+03:00,5.667654888365265,5.742360166279736,5.57800817489624,5.57800817489624,3662302,0.0,0.0
2023-03-02 00:00:00+03:00,5.587968976354537,5.627811853461575,5.463459866653903,5.51326322555542,2312682,0.0,0.0
2023-03-03 00:00:00+03:00,5.513263258561526,5.5481261324623175,5.249304077406022,5.403695583343506,2643894,0.0,0.0
2023-03-06 00:00:00+03:00,5.403695482065787,5.50330267356283,5.368832608818407,5.453498840332031,2300310,0.0,0.0
2023-03-07 00:00:00+03:00,5.453498855965355,5.528204606025709,5.393734540895806,5.398715019226074,2088892,0.0,0.0
2023-03-08 00:00:00+03:00,5.398715019226074,5.423616935912858,5.358872142513041,5.398715019226074,1269360,0.0,0.0
2023-03-09 00:00:00+03:00,5.39871525650726,5.612871084475681,5.39871525650726,5.607890605926514,4631124,0.0,0.0
2023-03-10 00:00:00+03:00,5.5730274701284825,5.592948908427891,5.438557880348614,5.453498840332031,3137276,0.0,0.0
2023-03-13 00:00:00+03:00,5.448518670275397,5.448518670275397,5.279186672632451,5.304088115692139,2367242,0.0,0.0
2023-03-14 00:00:00+03:00,5.314048724317708,5.358872078828329,5.065030510338301,5.144716262817383,2612892,0.0,0.0
2023-03-15 00:00:00+03:00,5.139735866042042,5.179578742913332,4.98036435855688,5.010246753692627,2082052,0.0,0.0
2023-03-16 00:00:00+03:00,5.010247040577553,5.10487375982402,4.97538416509552,5.055069923400879,1773172,0.0,0.0
2023-03-17 00:00:00+03:00,5.104873757937533,5.448518709243545,5.060050400166187,5.194520473480225,5398354,0.0,0.0
2023-03-20 00:00:00+03:00,5.204480784996045,5.478400926304167,5.124795029335043,5.324009418487549,4873112,0.0,0.0
2023-03-21 00:00:00+03:00,5.338950870897883,5.403695666319752,5.099893128189091,5.129775524139404,2154746,0.0,0.0
2023-03-22 00:00:00+03:00,5.1596575980110755,5.30408815362731,5.154677594342269,5.194520473480225,1203712,0.0,0.0
2023-03-23 00:00:00+03:00,5.179578674805497,5.6228312678758385,5.159657236631804,5.423616886138916,6754796,0.0,0.0
2023-03-24 00:00:00+03:00,5.428597230848899,5.443538666642208,5.274206194034682,5.304088115692139,1893452,0.0,0.0
2023-03-27 00:00:00+03:00,5.324009212347396,5.41365592147728,5.219421543350715,5.28416633605957,3310998,0.0,0.0
2023-03-28 00:00:00+03:00,5.269225541499688,5.279186498366417,5.010246837504101,5.0152268409729,1901860,0.0,0.0
2023-03-29 00:00:00+03:00,5.010246923018165,5.04012884419924,4.930560691617963,5.020207405090332,1577954,0.0,0.0
2023-03-30 00:00:00+03:00,5.055069923400879,5.184559518129379,4.95048224688395,5.055069923400879,1539324,0.0,0.0
2023-03-31 00:00:00+03:00,5.0799718260818345,5.0799718260818345,4.9554627103692175,4.970403671264648,1219248,0.0,0.0
2023-04-03 00:00:00+03:00,4.970403381630783,5.020207214999508,4.825972834818945,4.9255805015563965,1646032,0.0,0.0
2023-04-04 00:00:00+03:00,4.9255807344903335,5.413656234741211,4.920600255925019,5.413656234741211,3690696,0.0,0.0
2023-04-05 00:00:00+03:00,5.468439986777051,5.528204778677677,5.129775524139404,5.129775524139404,5699088,0.0,0.0
2023-04-06 00:00:00+03:00,5.124794853289707,5.214441562811103,5.030168140433996,5.0351481437683105,2103936,0.0,0.0
2023-04-07 00:00:00+03:00,5.040128793534868,5.109854067197437,5.035148315066563,5.045109272003174,1652118,0.0,0.0
2023-04-10 00:00:00+03:00,5.055069821804376,5.139736057043348,5.0401288611635495,5.1048736572265625,2196298,0.0,0.0
2023-04-11 00:00:00+03:00,5.109853793637811,5.209460982848534,5.070010917953521,5.084951877593994,2346370,0.0,0.0
2023-04-12 00:00:00+03:00,5.09491258108055,5.129775455047112,5.055069703659818,5.070011138916016,1965638,0.0,0.0
2023-04-13 00:00:00+03:00,5.074991362977219,5.119814720765128,5.04012896245977,5.055069923400879,1755504,0.0,0.0
2023-04-14 00:00:00+03:00,5.0550698368944165,5.3289899826049805,5.050089833308991,5.3289899826049805,10004484,0.0,0.0
2023-04-17 00:00:00+03:00,5.348911231865249,5.398715065667243,5.14969684658639,5.234363079071045,5198552,0.0,0.0
2023-04-18 00:00:00+03:00,5.2542847386699645,5.2542847386699645,5.00526650911181,5.219421863555908,2120964,0.0,0.0
2023-04-19 00:00:00+03:00,5.219421730597343,5.378793716430664,5.139735975162966,5.378793716430664,4124446,0.0,0.0
2023-04-20 00:00:00+03:00,5.358872484122206,5.358872484122206,5.279186725616455,5.279186725616455,885492,0.0,0.0
2023-04-24 00:00:00+03:00,5.304087870794277,5.30906834916209,5.060050130346123,5.094912528991699,4588146,0.0,0.0
2023-04-25 00:00:00+03:00,5.094912474100601,5.129775347335134,4.975383844348198,4.9803643226623535,3801830,0.0,0.0
2023-04-26 00:00:00+03:00,4.98036468507301,4.985345163749584,4.766208851626202,4.806051731109619,2178150,0.0,0.0
2023-04-27 00:00:00+03:00,4.771189043190542,4.970403428619655,4.7313461661047205,4.761228561401367,1828094,0.0,0.0
2023-04-28 00:00:00+03:00,4.756248114127662,4.801071469883472,4.557033252431238,4.651660442352295,1181624,0.0,0.0
2023-05-02 00:00:00+03:00,4.661621190017429,4.6815426298265574,4.308015277181951,4.387701511383057,1375670,0.0,0.0
2023-05-03 00:00:00+03:00,4.183505819612138,4.581935058376283,4.10382006685222,4.422563552856445,3492880,0.0,0.0
2023-05-04 00:00:00+03:00,4.382720640295685,4.557033104277862,4.37275968380065,4.392681121826172,2227700,0.0,0.0
2023-05-05 00:00:00+03:00,4.40762249843717,4.42256345801812,4.188486208082043,4.278132915496826,763162,0.0,0.0
2023-05-08 00:00:00+03:00,4.2781330710138965,4.377740263448682,4.183505881977432,4.3428778648376465,1249688,0.0,0.0
2023-05-09 00:00:00+03:00,4.347857950936922,4.367779864767374,4.208407878875732,4.208407878875732,894070,0.0,0.0
2023-05-10 00:00:00+03:00,4.208407825840521,4.208407825840521,4.088879194151539,4.093859672546387,785074,0.0,0.0
2023-05-11 00:00:00+03:00,4.093859627208077,4.278133051095622,4.058996753794799,4.258211612701416,2375906,0.0,0.0
2023-05-12 00:00:00+03:00,4.25821150442444,4.308014861661287,4.108800482784811,4.168564796447754,1162850,0.0,0.0
2023-05-15 00:00:00+03:00,4.158604379601364,4.278133008784451,4.058996713650908,4.088879108428955,952260,0.0,0.0
2023-05-16 00:00:00+03:00,4.098839512437652,4.233309573945976,4.098839512437652,4.223348617553711,1003688,0.0,0.0
2023-05-17 00:00:00+03:00,4.238290145583448,4.367779731750488,4.223348710665637,4.367779731750488,1038020,0.0,0.0
2023-05-18 00:00:00+03:00,4.332916726938429,4.367779599056292,4.158604266207272,4.193466663360596,1208416,0.0,0.0
2023-05-22 00:00:00+03:00,4.223348596340925,4.258211468574203,4.08887901047255,4.138682842254639,707458,0.0,0.0
2023-05-23 00:00:00+03:00,4.133702669395905,4.158604587126188,4.078918355396368,4.128722190856934,1107480,0.0,0.0
2023-05-24 00:00:00+03:00,4.1337024631137504,4.178525817798546,4.083898630138521,4.088879108428955,1048920,0.0,0.0
2023-05-25 00:00:00+03:00,4.103820154371521,4.138683028170895,4.078918237361843,4.093859672546387,679200,0.0,0.0
2023-05-26 00:00:00+03:00,4.098839810962086,4.213388442993164,4.088879328808927,4.213388442993164,995438,0.0,0.0
2023-05-29 00:00:00+03:00,4.288093453451046,4.427543994594245,4.233309617621999,4.392681121826172,2349042,0.0,0.0
2023-05-30 00:00:00+03:00,4.407622598667339,4.596876024235141,4.342877805724859,4.562013626098633,3119116,0.0,0.0
2023-05-31 00:00:00+03:00,4.562013591520445,4.611817424164723,4.462406401196438,4.532131671905518,1668250,0.0,0.0
2023-06-01 00:00:00+03:00,4.542092310420962,4.970403481098014,4.52715135009717,4.736326694488525,8371838,0.0,0.0
2023-06-02 00:00:00+03:00,4.825972931395846,4.855855327007996,4.67656237822879,4.736326694488525,4257322,0.0,0.0
2023-06-05 00:00:00+03:00,4.840914522619251,4.845894526244553,4.741307325644488,4.801071643829346,3126654,0.0,0.0
2023-06-06 00:00:00+03:00,4.825973119398986,4.975384153351142,4.7911107189638305,4.830953598022461,3782812,0.0,0.0
2023-06-07 00:00:00+03:00,4.830953581226987,4.9803646146596945,4.830953581226987,4.885737895965576,3981092,0.0,0.0
2023-06-08 00:00:00+03:00,4.811032209786194,4.920600365847885,4.751267890561068,4.806051731109619,1943216,0.0,0.0
2023-06-09 00:00:00+03:00,4.811031956674893,4.9753839446384776,4.811031956674893,4.93056058883667,3964132,0.0,0.0
2023-06-12 00:00:00+03:00,5.030168245195505,5.159657358911004,4.935541055404475,5.124794960021973,7400488,0.0,0.0
2023-06-13 00:00:00+03:00,5.159657142052268,5.174598576632065,4.900678450541499,4.945501804351807,6438730,0.0,0.0
2023-06-14 00:00:00+03:00,4.9554625920295,5.005266427111031,4.766208683670081,4.796091079711914,3028212,0.0,0.0
2023-06-15 00:00:00+03:00,4.830953292802551,4.865816165999652,4.776169456299326,4.840914249420166,1156336,0.0,0.0
2023-06-16 00:00:00+03:00,4.855855429128547,5.324009487157553,4.830953511422153,5.24432373046875,22253002,0.0,0.0
2023-06-19 00:00:00+03:00,5.209461152743884,5.239343547963922,4.930560538893573,4.955462455749512,9442794,0.0,0.0
2023-06-20 00:00:00+03:00,4.945502077459909,5.079971671352174,4.820992965539687,5.045109272003174,7912018,0.0,0.0
2023-06-21 00:00:00+03:00,5.055069856110964,5.299108081378371,4.960443138124108,4.99530553817749,9184220,0.0,0.0
2023-06-22 00:00:00+03:00,5.01522662955626,5.199500049141608,4.995305191627155,5.169618129730225,6617548,0.0,0.0
2023-06-23 00:00:00+03:00,5.169618468721558,5.343930943290407,5.149697029486131,5.3289899826049805,10035576,0.0,0.0
2023-06-26 00:00:00+03:00,5.328989677473037,5.42859686794678,5.264244884923966,5.3389506340026855,5557000,0.0,0.0
2023-06-27 00:00:00+03:00,5.338950957976889,5.348911440146403,5.254284722195417,5.274206161499023,1802828,0.0,0.0
2023-07-03 00:00:00+03:00,5.378793749633712,5.428597109605348,5.299107993707439,5.408675670623779,5198296,0.0,0.0
2023-07-04 00:00:00+03:00,5.408675392763119,5.423616827455135,5.294127243244943,5.309068202972412,3922212,0.0,0.0
2023-07-05 00:00:00+03:00,5.343930806977431,5.408675601582206,5.214441692732447,5.348911285400391,7291926,0.0,0.0
2023-07-06 00:00:00+03:00,5.35887226239652,5.597929528022674,5.35887226239652,5.573027610778809,11593036,0.0,0.0
2023-07-07 00:00:00+03:00,5.597929683657642,5.732399755534347,5.428597211649011,5.498322486877441,7878644,0.0,0.0
2023-07-10 00:00:00+03:00,5.498322172170227,5.767261825565772,5.498322172170227,5.702517032623291,9031620,0.0,0.0
2023-07-11 00:00:00+03:00,5.757301513404677,5.802124394486156,5.473420416767911,5.573027610778809,5549902,0.0,0.0
2023-07-12 00:00:00+03:00,5.582988757737709,5.642753076178953,5.503302999816051,5.528204917907715,3708574,0.0,0.0
2023-07-13 00:00:00+03:00,5.53816526432444,6.076044592067005,5.53816526432444,5.8270263671875,27453606,0.0,0.0
2023-07-14 00:00:00+03:00,5.85690856814967,6.340003566356605,5.697536586557224,6.066083908081055,33599992,0.0,0.0
2023-07-17 00:00:00+03:00,6.305141380753078,6.384827136755555,6.1457698687481255,6.245377063751221,10511826,0.0,0.0
2023-07-18 00:00:00+03:00,6.300160954374271,6.35992574683505,5.737380179210534,5.802124500274658,13201518,0.0,0.0
2023-07-19 00:00:00+03:00,5.797144377580444,5.851928215418393,5.662674309753796,5.767261981964111,6330890,0.0,0.0
2023-07-20 00:00:00+03:00,5.802124173457306,5.881810400594986,5.702516983240892,5.727418899536133,5073256,0.0,0.0
2023-07-21 00:00:00+03:00,5.737379905724351,5.772242303860859,5.652713674566073,5.702517032623291,3124232,0.0,0.0
2023-07-24 00:00:00+03:00,5.707497715664139,6.01129977809452,5.667654837803255,5.7423601150512695,13045378,0.0,0.0
2023-07-25 00:00:00+03:00,5.802124223702279,5.941574766177415,5.677615116112406,5.702517032623291,6213086,0.0,0.0
2023-07-26 00:00:00+03:00,5.702517422059096,5.90173229278639,5.702517422059096,5.836987495422363,4824726,0.0,0.0
2023-07-27 00:00:00+03:00,5.8768302368044445,6.086005584933885,5.866869279767531,5.996358871459961,6321314,0.0,0.0
2023-07-28 00:00:00+03:00,6.081024774907291,6.110907169424413,5.856908478404795,5.9216532707214355,4621932,0.0,0.0
2023-07-31 00:00:00+03:00,5.94655482296407,6.175651601987468,5.941574819588768,6.150750160217285,9186492,0.0,0.0
2023-08-01 00:00:00+03:00,6.120867948847148,6.120867948847148,5.936594519422806,5.9664764404296875,4895218,0.0,0.0
2023-08-02 00:00:00+03:00,5.966476611400442,6.245377240255872,5.916673249973655,5.976437568664551,9502600,0.0,0.0
2023-08-03 00:00:00+03:00,5.996358853916893,6.170671801836312,5.976437414865923,6.051142692565918,6848632,0.0,0.0
2023-08-04 00:00:00+03:00,6.0660841629631825,6.135808962560274,6.021260806099581,6.081025123596191,6433206,0.0,0.0
2023-08-07 00:00:00+03:00,6.1557303851456435,6.335023812117132,6.110907503367344,6.275259494781494,13279334,0.0,0.0
2023-08-08 00:00:00+03:00,6.2752593199634905,6.325062678873466,6.0860054161906385,6.125848293304443,4151666,0.0,0.0
2023-08-09 00:00:00+03:00,6.125848463960111,6.424670050638303,6.0212607898816,6.275259494781494,6013254,0.0,0.0
2023-08-10 00:00:00+03:00,5.8818104674082745,5.976437180447625,5.647733211517334,5.647733211517334,13226938,0.0,0.0
2023-08-11 00:00:00+03:00,5.642752970738917,5.642752970738917,5.319029466490107,5.57800817489624,6580584,0.0,0.0
2023-08-14 00:00:00+03:00,5.5780078978382335,5.722438442939744,5.478400707244873,5.478400707244873,8601482,0.0,0.0
2023-08-15 00:00:00+03:00,5.478400793013526,5.568047503433315,5.403695517640074,5.483381271362305,6481986,0.0,0.0
2023-08-16 00:00:00+03:00,5.493341688215374,5.592948879191737,5.433577373629555,5.5630669593811035,5369486,0.0,0.0
2023-08-17 00:00:00+03:00,5.563067296341614,5.926633684168055,5.50828345672744,5.861889362335205,17047092,0.0,0.0
2023-08-18 00:00:00+03:00,5.861889185857261,5.931613984182606,5.573027610778809,5.573027610778809,6640836,0.0,0.0
2023-08-21 00:00:00+03:00,5.51824354136731,5.712477917765391,5.403695391800308,5.642752647399902,9769940,0.0,0.0
2023-08-22 00:00:00+03:00,5.7274190515385754,5.841967204586357,5.647733297250629,5.652713775634766,14047852,0.0,0.0
2023-08-23 00:00:00+03:00,5.752321059827089,6.215494632720947,5.752321059827089,6.215494632720947,25341824,0.0,0.0
2023-08-24 00:00:00+03:00,6.230435909078972,6.723491865202315,6.100946322128027,6.484434604644775,38163486,0.0,0.0
2023-08-25 00:00:00+03:00,6.524277386678591,6.7782756035920455,6.469493075706149,6.673687934875488,15009006,0.0,0.0
2023-08-28 00:00:00+03:00,6.773295600292819,6.852981352655044,6.623884577131372,6.673687934875488,11899684,0.0,0.0
2023-08-29 00:00:00+03:00,6.72349214553833,6.843020780800847,6.623884949486233,6.72349214553833,13703886,0.0,0.0
2023-08-31 00:00:00+03:00,6.723491858762849,6.942627680730716,6.723491858762849,6.818118572235107,14743724,0.0,0.0
2023-09-01 00:00:00+03:00,6.823099369476884,7.4954487767644835,6.823099369476884,7.450625419616699,26047388,0.0,0.0
2023-09-04 00:00:00+03:00,7.45062528348426,7.709603989546303,7.281292815115254,7.470546722412109,19274352,0.0,0.0
2023-09-05 00:00:00+03:00,7.5502324255352935,7.764388248741484,7.341057080767518,7.355998516082764,11213446,0.0,0.0
2023-09-06 00:00:00+03:00,7.435684323029514,7.724545424965617,7.395841445173816,7.470546722412109,11130532,0.0,0.0
2023-09-07 00:00:00+03:00,7.51536989625371,7.8490543464161355,7.365958870440532,7.654819965362549,11655340,0.0,0.0
2023-09-08 00:00:00+03:00,7.968583016429807,8.098072604438286,7.15180308625851,7.211567401885986,15410610,0.0,0.0
2023-09-11 00:00:00+03:00,7.34105684672078,7.400821161182664,6.7185113107037955,6.758354187011719,10471258,0.0,0.0
2023-09-12 00:00:00+03:00,6.7583543279152964,7.002392544094916,6.673688095254633,6.877883434295654,5596418,0.0,0.0
2023-09-13 00:00:00+03:00,6.877883620800601,7.0621570513046334,6.823099307026041,6.97251033782959,5393252,0.0,0.0
2023-09-14 00:00:00+03:00,6.987451112187742,7.351017959951909,6.628865217773913,7.017333507537842,14252158,0.0,0.0
2023-09-15 00:00:00+03:00,7.022313895066467,7.1219210866704445,6.857961910178765,6.872902870178223,5105620,0.0,0.0
2023-09-18 00:00:00+03:00,6.872902783794803,6.8928242218652125,6.534237861633301,6.534237861633301,2877996,0.0,0.0
2023-09-19 00:00:00+03:00,6.529257588255216,6.768315327566032,6.42466991636259,6.574080944061279,3579840,0.0,0.0
2023-09-20 00:00:00+03:00,6.60396344328989,7.072117497468412,6.58404200428154,6.663727760314941,7056114,0.0,0.0
2023-09-21 00:00:00+03:00,6.663727727869287,6.892824512832132,6.598982932666248,6.773295879364014,4934158,0.0,0.0
2023-09-22 00:00:00+03:00,6.77827571119311,6.89282433825561,6.574080848782299,6.76333475112915,6249872,0.0,0.0
2023-09-25 00:00:00+03:00,6.763334718488002,7.301214027840174,6.763334718488002,7.206587314605713,9721220,0.0,0.0
2023-09-26 00:00:00+03:00,7.206587366709271,7.844073872223726,6.997412025452808,7.794270038604736,25793122,0.0,0.0
2023-09-27 00:00:00+03:00,7.819172086670352,8.3022675710116,7.1767050920163475,7.355998516082764,40257970,0.0,0.0
2023-09-28 00:00:00+03:00,7.360978584596957,7.395841459009339,6.997412204742432,6.997412204742432,10377712,0.0,0.0
2023-09-29 00:00:00+03:00,7.042235272752157,7.614976975767019,7.017333356324434,7.425723075866699,17716676,0.0,0.0
2023-10-02 00:00:00+03:00,7.400821229414039,7.983524369459843,7.395841226053049,7.485487461090088,20222018,0.0,0.0
2023-10-03 00:00:00+03:00,7.520350590454845,7.5850949110331065,7.336076685852014,7.360978603363037,5505118,0.0,0.0
2023-10-04 00:00:00+03:00,7.360978622147064,7.859015073780159,7.261371426813359,7.724545478820801,18402648,0.0,0.0
2023-10-05 00:00:00+03:00,7.719564916001417,8.043288416041456,7.590075325999575,7.859014987945557,25818960,0.0,0.0
2023-10-06 00:00:00+03:00,7.834113241211904,8.043288591164687,7.699643644793444,7.86897611618042,13912804,0.0,0.0
2023-10-09 00:00:00+03:00,7.4854876213647765,7.9636026266694575,7.4854876213647765,7.829133033752441,9154126,0.0,0.0
2023-10-10 00:00:00+03:00,7.814191524003712,7.933720630414454,7.495448506813892,7.629918098449707,11717260,0.0,0.0
2023-10-11 00:00:00+03:00,7.639879159320117,7.819172108932435,7.555212925484269,7.719564914703369,13951016,0.0,0.0
2023-10-12 00:00:00+03:00,7.769368956703571,7.8440742356284865,7.027294271217065,7.61995792388916,11428594,0.0,0.0
2023-10-13 00:00:00+03:00,7.55521271901812,7.56019319733461,7.146822996356996,7.540271759033203,6701404,0.0,0.0
2023-10-16 00:00:00+03:00,7.535291586684195,7.595055904015123,7.296233842395911,7.3908610343933105,9365494,0.0,0.0
2023-10-17 00:00:00+03:00,7.385000228881836,7.684999942779541,7.224999904632568,7.635000228881836,9362058,0.029139,0.0
2023-10-18 00:00:00+03:00,7.550000190734863,7.900000095367432,7.53000020980835,7.744999885559082,16433330,0.0,0.0
2023-10-19 00:00:00+03:00,7.840000152587891,7.925000190734863,7.599999904632568,7.789999961853027,14456238,0.0,0.0
2023-10-20 00:00:00+03:00,7.820000171661377,7.820000171661377,7.014999866485596,7.494999885559082,7644420,0.0,0.0
2023-10-23 00:00:00+03:00,7.525000095367432,7.650000095367432,7.210000038146973,7.525000095367432,8914032,0.0,0.0
2023-10-24 00:00:00+03:00,7.514999866485596,7.570000171661377,7.434999942779541,7.5,5911252,0.0,0.0
2023-10-25 00:00:00+03:00,7.5,7.5,7.03000020980835,7.070000171661377,7172652,0.0,0.0
2023-10-26 00:00:00+03:00,7.199999809265137,7.224999904632568,6.840000152587891,7.199999809265137,6832312,0.0,0.0
2023-10-27 00:00:00+03:00,7.199999809265137,7.239999771118164,6.989999771118164,7.199999809265137,5548706,0.0,0.0
2023-10-30 00:00:00+03:00,7.125,7.349999904632568,7.059999942779541,7.349999904632568,7881918,0.0,0.0
2023-10-31 00:00:00+03:00,7.340000152587891,7.400000095367432,7.0,7.0,4955008,0.0,0.0
2023-11-01 00:00:00+03:00,7.0,7.139999866485596,6.510000228881836,6.554999828338623,4746186,0.0,0.0
2023-11-02 00:00:00+03:00,6.505000114440918,6.744999885559082,6.494999885559082,6.505000114440918,4577944,0.0,0.0
2023-11-03 00:00:00+03:00,6.514999866485596,6.574999809265137,6.190000057220459,6.449999809265137,5819494,0.0,0.0
2023-11-06 00:00:00+03:00,6.525000095367432,7.09499979019165,6.349999904632568,6.994999885559082,6646664,0.0,0.0
2023-11-07 00:00:00+03:00,6.940000057220459,7.525000095367432,6.880000114440918,7.440000057220459,8561614,0.0,0.0
2023-11-08 00:00:00+03:00,7.425000190734863,7.465000152587891,6.710000038146973,6.849999904632568,15864594,0.0,0.0
2023-11-09 00:00:00+03:00,6.835000038146973,7.175000190734863,6.744999885559082,6.929999828338623,4367128,0.0,0.0
2023-11-10 00:00:00+03:00,6.929999828338623,7.070000171661377,6.800000190734863,6.829999923706055,3080078,0.0,0.0
2023-11-13 00:00:00+03:00,6.800000190734863,6.840000152587891,6.485000133514404,6.550000190734863,3743076,0.0,0.0
2023-11-14 00:00:00+03:00,6.550000190734863,6.590000152587891,6.199999809265137,6.409999847412109,6497542,0.0,0.0
2023-11-15 00:00:00+03:00,6.425000190734863,6.744999885559082,6.425000190734863,6.599999904632568,7446508,0.0,0.0
2023-11-16 00:00:00+03:00,6.585000038146973,6.599999904632568,6.474999904632568,6.539999961853027,3236410,0.0,0.0
2023-11-17 00:00:00+03:00,6.559999942779541,6.590000152587891,6.400000095367432,6.485000133514404,4448020,0.0,0.0
2023-11-20 00:00:00+03:00,6.510000228881836,6.690000057220459,6.5,6.675000190734863,5797506,0.0,0.0
2023-11-21 00:00:00+03:00,6.675000190734863,6.974999904632568,6.644999980926514,6.920000076293945,4825446,0.0,0.0
2023-11-22 00:00:00+03:00,6.909999847412109,6.909999847412109,6.789999961853027,6.889999866485596,2937330,0.0,0.0
2023-11-23 00:00:00+03:00,6.940000057220459,6.940000057220459,6.695000171661377,6.75,2902392,0.0,0.0
2023-11-24 00:00:00+03:00,6.764999866485596,6.864999771118164,6.599999904632568,6.84499979019165,3273074,0.0,0.0
2023-11-27 00:00:00+03:00,6.900000095367432,7.525000095367432,6.855000019073486,7.215000152587891,17143750,0.0,0.0
2023-11-28 00:00:00+03:00,7.375,7.670000076293945,7.284999847412109,7.599999904632568,8978620,0.0,0.0
2023-11-29 00:00:00+03:00,7.385000228881836,7.690000057220459,7.385000228881836,7.565000057220459,6039436,0.0,0.0
2023-11-30 00:00:00+03:00,7.565000057220459,7.949999809265137,7.465000152587891,7.885000228881836,13691818,0.0,0.0
2023-12-01 00:00:00+03:00,7.885000228881836,8.229999542236328,7.755000114440918,8.225000381469727,14637548,0.0,0.0
2023-12-04 00:00:00+03:00,8.329999923706055,8.970000267028809,8.265000343322754,8.579999923706055,14421570,0.0,0.0
2023-12-05 00:00:00+03:00,8.619999885559082,8.90999984741211,8.479999542236328,8.600000381469727,7082060,0.0,0.0
2023-12-06 00:00:00+03:00,8.649999618530273,9.109999656677246,8.5,8.8149995803833,22443402,0.0,0.0
2023-12-07 00:00:00+03:00,8.925000190734863,9.164999961853027,8.649999618530273,8.885000228881836,12309150,0.0,0.0
2023-12-08 00:00:00+03:00,8.885000228881836,8.904999732971191,8.520000457763672,8.649999618530273,4747032,0.0,0.0
2023-12-11 00:00:00+03:00,8.824999809265137,8.850000381469727,8.569999694824219,8.710000038146973,4912210,0.0,0.0
2023-12-12 00:00:00+03:00,8.710000038146973,8.819999694824219,8.5,8.739999771118164,6424546,0.0,0.0
2023-12-13 00:00:00+03:00,9.25,9.609999656677246,7.869999885559082,7.869999885559082,25976646,0.0,0.0
2023-12-14 00:00:00+03:00,7.889999866485596,8.420000076293945,7.889999866485596,8.399999618530273,11484736,0.0,0.0
2023-12-15 00:00:00+03:00,8.300000190734863,8.550000190734863,8.005000114440918,8.21500015258789,5746436,0.0,0.0
2023-12-18 00:00:00+03:00,8.21500015258789,8.354999542236328,7.804999828338623,7.934999942779541,5996994,0.0,0.0
2023-12-19 00:00:00+03:00,7.855000019073486,7.920000076293945,7.570000171661377,7.824999809265137,5800426,0.0,0.0
2023-12-20 00:00:00+03:00,8.270000457763672,8.324999809265137,7.045000076293945,7.045000076293945,10194478,0.0,0.0
2023-12-21 00:00:00+03:00,7.119999885559082,7.5,7.045000076293945,7.099999904632568,6331332,0.0,0.0
2023-12-22 00:00:00+03:00,7.175000190734863,7.25,6.945000171661377,7.099999904632568,5865816,0.0,0.0
2023-12-25 00:00:00+03:00,7.099999904632568,7.159999847412109,6.744999885559082,6.920000076293945,3589334,0.0,0.0
2023-12-26 00:00:00+03:00,6.925000190734863,7.144999980926514,6.690000057220459,6.804999828338623,11205058,0.0,0.0
2023-12-27 00:00:00+03:00,6.925000190734863,6.925000190734863,6.650000095367432,6.699999809265137,4245208,0.0,0.0
2023-12-28 00:00:00+03:00,6.75,6.789999961853027,6.659999847412109,6.730000019073486,3212234,0.0,0.0
2023-12-29 00:00:00+03:00,6.75,7.110000133514404,6.59499979019165,7.090000152587891,4983106,0.0,0.0
2024-01-02 00:00:00+03:00,7.09499979019165,7.175000190734863,7.03000020980835,7.150000095367432,4862154,0.0,0.0
2024-01-03 00:00:00+03:00,7.150000095367432,7.494999885559082,7.079999923706055,7.425000190734863,8419114,0.0,0.0
2024-01-04 00:00:00+03:00,7.429999828338623,7.5,7.284999847412109,7.335000038146973,2957236,0.0,0.0
2024-01-05 00:00:00+03:00,7.449999809265137,7.534999847412109,7.329999923706055,7.400000095367432,4227798,0.0,0.0
2024-01-08 00:00:00+03:00,7.400000095367432,7.46999979019165,7.34499979019165,7.355000019073486,4351934,0.0,0.0
2024-01-09 00:00:00+03:00,7.355000019073486,7.389999866485596,7.074999809265137,7.199999809265137,2734920,0.0,0.0
2024-01-10 00:00:00+03:00,7.195000171661377,7.380000114440918,7.050000190734863,7.324999809265137,5316382,0.0,0.0
2024-01-11 00:00:00+03:00,7.320000171661377,7.519999980926514,7.239999771118164,7.360000133514404,6129172,0.0,0.0
2024-01-12 00:00:00+03:00,7.324999809265137,7.514999866485596,7.244999885559082,7.300000190734863,6590304,0.0,0.0
2024-01-15 00:00:00+03:00,7.324999809265137,7.375,7.195000171661377,7.204999923706055,3214496,0.0,0.0
2024-01-16 00:00:00+03:00,7.204999923706055,7.235000133514404,7.034999847412109,7.039999961853027,2894608,0.0,0.0
2024-01-17 00:00:00+03:00,7.039999961853027,7.070000171661377,6.849999904632568,6.889999866485596,3876858,0.0,0.0
2024-01-18 00:00:00+03:00,6.90500020980835,7.199999809265137,6.90500020980835,7.059999942779541,5691214,0.0,0.0
2024-01-19 00:00:00+03:00,7.074999809265137,7.199999809265137,6.849999904632568,7.159999847412109,6742232,0.0,0.0
2024-01-22 00:00:00+03:00,7.224999904632568,7.630000114440918,7.164999961853027,7.449999809265137,10688808,0.0,0.0
2024-01-23 00:00:00+03:00,7.550000190734863,7.724999904632568,7.434999942779541,7.699999809265137,8906898,0.0,0.0
2024-01-24 00:00:00+03:00,7.724999904632568,7.730000019073486,7.445000171661377,7.650000095367432,6748642,0.0,0.0
2024-01-25 00:00:00+03:00,7.784999847412109,7.820000171661377,7.605000019073486,7.699999809265137,5000220,0.0,0.0
2024-01-26 00:00:00+03:00,7.690000057220459,7.849999904632568,7.639999866485596,7.755000114440918,7502760,0.0,0.0
2024-01-29 00:00:00+03:00,7.769999980926514,7.829999923706055,7.550000190734863,7.605000019073486,7504206,0.0,0.0
2024-01-30 00:00:00+03:00,7.610000133514404,7.994999885559082,7.565000057220459,7.699999809265137,9931464,0.0,0.0
2024-01-31 00:00:00+03:00,7.699999809265137,7.795000076293945,7.599999904632568,7.699999809265137,5634998,0.0,0.0
2024-02-01 00:00:00+03:00,7.695000171661377,7.849999904632568,7.670000076293945,7.755000114440918,5279552,0.0,0.0
2024-02-02 00:00:00+03:00,7.755000114440918,7.789999961853027,7.554999828338623,7.630000114440918,5360046,0.0,0.0
2024-02-05 00:00:00+03:00,7.625,7.784999847412109,7.550000190734863,7.735000133514404,6537996,0.0,0.0
2024-02-06 00:00:00+03:00,7.735000133514404,7.949999809265137,7.625,7.875,7923492,0.0,0.0
2024-02-07 00:00:00+03:00,7.900000095367432,8.204999923706055,7.744999885559082,7.769999980926514,7463694,0.0,0.0
2024-02-08 00:00:00+03:00,7.769999980926514,7.949999809265137,7.739999771118164,7.835000038146973,4850436,0.0,0.0
2024-02-09 00:00:00+03:00,7.849999904632568,8.079999923706055,7.775000095367432,7.829999923706055,7268418,0.0,0.0
2024-02-12 00:00:00+03:00,7.864999771118164,8.005000114440918,7.829999923706055,7.894999980926514,6331050,0.0,0.0
2024-02-13 00:00:00+03:00,7.894999980926514,7.929999828338623,7.539999961853027,7.539999961853027,5865094,0.0,0.0
2024-02-14 00:00:00+03:00,7.565000057220459,7.715000152587891,7.40500020980835,7.644999980926514,4099554,0.0,0.0
2024-02-15 00:00:00+03:00,7.695000171661377,7.989999771118164,7.695000171661377,7.96999979019165,6956180,0.0,0.0
2024-02-16 00:00:00+03:00,8.015000343322754,8.470000267028809,7.965000152587891,8.220000267028809,10852802,0.0,0.0
2024-02-19 00:00:00+03:00,8.399999618530273,8.420000076293945,7.784999847412109,7.840000152587891,7241492,0.0,0.0
2024-02-20 00:00:00+03:00,7.855000019073486,7.894999980926514,7.730000019073486,7.849999904632568,4829280,0.0,0.0
2024-02-21 00:00:00+03:00,7.925000190734863,7.945000171661377,7.639999866485596,7.684999942779541,3960390,0.0,0.0
2024-02-22 00:00:00+03:00,7.684999942779541,8.1850004196167,7.684999942779541,8.154999732971191,9382080,0.0,0.0
2024-02-23 00:00:00+03:00,8.194999694824219,8.210000038146973,7.815000057220459,7.84499979019165,5112392,0.0,0.0
2024-02-26 00:00:00+03:00,7.860000133514404,7.925000190734863,7.739999771118164,7.800000190734863,4616968,0.0,0.0
2024-02-27 00:00:00+03:00,7.800000190734863,8.324999809265137,7.690000057220459,8.100000381469727,12387492,0.0,0.0
2024-02-28 00:00:00+03:00,8.100000381469727,8.585000038146973,7.96999979019165,8.5,13903496,0.0,0.0
2024-02-29 00:00:00+03:00,8.600000381469727,8.725000381469727,8.170000076293945,8.180000305175781,7627528,0.0,0.0
2024-03-01 00:00:00+03:00,8.239999771118164,8.369999885559082,8.024999618530273,8.0649995803833,5320800,0.0,0.0
2024-03-04 00:00:00+03:00,8.100000381469727,8.319999694824219,7.894999980926514,7.960000038146973,5942498,0.0,0.0
2024-03-05 00:00:00+03:00,7.960000038146973,8.300000190734863,7.860000133514404,8.074999809265137,5171640,0.0,0.0
2024-03-06 00:00:00+03:00,8.079999923706055,8.600000381469727,7.994999885559082,8.074999809265137,6271282,0.0,0.0
2024-03-07 00:00:00+03:00,8.074999809265137,8.579999923706055,8.074999809265137,8.569999694824219,7629932,0.0,0.0
2024-03-08 00:00:00+03:00,8.569999694824219,8.614999771118164,8.225000381469727,8.364999771118164,5117594,0.0,0.0
2024-03-11 00:00:00+03:00,8.5,8.944999694824219,8.380000114440918,8.765000343322754,7116366,0.0,0.0
2024-03-12 00:00:00+03:00,8.824999809265137,9.329999923706055,8.539999961853027,8.744999885559082,7435838,0.0,0.0
2024-03-13 00:00:00+03:00,8.744999885559082,8.850000381469727,8.470000267028809,8.550000190734863,2593182,0.0,0.0
2024-03-14 00:00:00+03:00,8.550000190734863,8.574999809265137,8.199999809265137,8.34000015258789,2415944,0.0,0.0
2024-03-15 00:00:00+03:00,8.350000381469727,8.470000267028809,8.199999809265137,8.28499984741211,2289686,0.0,0.0
2024-03-18 00:00:00+03:00,8.324999809265137,8.345000267028809,7.804999828338623,7.860000133514404,2516374,0.0,0.0
2024-03-19 00:00:00+03:00,7.860000133514404,8.125,7.860000133514404,8.015000343322754,1526732,0.0,0.0
2024-03-20 00:00:00+03:00,8.015000343322754,8.8149995803833,8.0,8.8149995803833,7079956,0.0,0.0
2024-03-21 00:00:00+03:00,9.149999618530273,9.694999694824219,8.699999809265137,9.425000190734863,23691986,0.0,0.0
2024-03-22 00:00:00+03:00,9.425000190734863,10.359999656677246,9.229999542236328,10.359999656677246,14799558,0.0,0.0
2024-03-25 00:00:00+03:00,10.470000267028809,11.34000015258789,9.949999809265137,10.270000457763672,17752516,0.0,0.0
2024-03-26 00:00:00+03:00,10.199999809265137,10.5,9.914999961853027,10.5,6165988,0.0,0.0
2024-03-27 00:00:00+03:00,10.5,11.550000190734863,10.300000190734863,11.550000190734863,9810624,0.0,0.0
2024-03-28 00:00:00+03:00,11.899999618530273,12.119999885559082,10.800000190734863,10.800000190734863,10041040,0.0,0.0
2024-03-29 00:00:00+03:00,10.84000015258789,11.0600004196167,10.319999694824219,10.720000267028809,6780642,0.0,0.0
2024-04-01 00:00:00+03:00,10.6899995803833,10.829999923706055,10.15999984741211,10.619999885559082,2998822,0.0,0.0
2024-04-02 00:00:00+03:00,10.600000381469727,10.600000381469727,9.699999809265137,9.699999809265137,3594812,0.0,0.0
2024-04-03 00:00:00+03:00,9.699999809265137,10.0600004196167,9.300000190734863,9.555000305175781,2799048,0.0,0.0
2024-04-04 00:00:00+03:00,9.555000305175781,9.864999771118164,9.494999885559082,9.625,1422666,0.0,0.0
2024-04-05 00:00:00+03:00,9.6899995803833,10.319999694824219,9.654999732971191,10.199999809265137,2360780,0.0,0.0
2024-04-08 00:00:00+03:00,10.329999923706055,11.220000267028809,10.329999923706055,11.210000038146973,3327210,0.0,0.0
2024-04-09 00:00:00+03:00,11.210000038146973,11.210000038146973,11.210000038146973,11.210000038146973,0,0.0,0.0
2024-04-15 00:00:00+03:00,11.210000038146973,11.699999809265137,10.770000457763672,11.529999732971191,3501928,0.0,0.0
2024-04-16 00:00:00+03:00,11.5,11.5,10.729999542236328,10.949999809265137,3010374,0.0,0.0
2024-04-17 00:00:00+03:00,10.949999809265137,11.09000015258789,10.40999984741211,10.649999618530273,2599278,0.0,0.0
2024-04-18 00:00:00+03:00,10.699999809265137,10.75,10.479999542236328,10.539999961853027,1393454,0.0,0.0
2024-04-19 00:00:00+03:00,10.529999732971191,10.729999542236328,10.029999732971191,10.699999809265137,1368138,0.0,0.0
2024-04-22 00:00:00+03:00,10.75,11.279999732971191,10.75,11.149999618530273,2325872,0.0,0.0
2024-04-24 00:00:00+03:00,11.149999618530273,11.359999656677246,10.789999961853027,10.859999656677246,1836740,0.0,0.0
2024-04-25 00:00:00+03:00,10.859999656677246,11.75,10.789999961853027,11.609999656677246,5321040,0.0,0.0
2024-04-26 00:00:00+03:00,11.609999656677246,12.210000038146973,11.300000190734863,11.489999771118164,4697488,0.0,0.0
2024-04-29 00:00:00+03:00,11.489999771118164,11.789999961853027,10.920000076293945,11.0,2955636,0.0,0.0
2024-04-30 00:00:00+03:00,11.0,11.300000190734863,10.850000381469727,11.119999885559082,2026952,0.0,0.0
2024-05-02 00:00:00+03:00,11.119999885559082,12.229999542236328,11.119999885559082,12.229999542236328,8305204,0.0,0.0
2024-05-03 00:00:00+03:00,12.239999771118164,12.920000076293945,12.020000457763672,12.520000457763672,8725012,0.0,0.0
2024-05-06 00:00:00+03:00,12.539999961853027,12.75,12.15999984741211,12.279999732971191,3600620,0.0,0.0
2024-05-07 00:00:00+03:00,12.279999732971191,12.279999732971191,11.210000038146973,11.430000305175781,4513172,0.0,0.0
2024-05-08 00:00:00+03:00,11.479999542236328,11.789999961853027,11.34000015258789,11.449999809265137,2722424,0.0,0.0
2024-05-09 00:00:00+03:00,11.460000038146973,11.640000343322754,11.369999885559082,11.510000228881836,1690498,0.0,0.0
2024-05-10 00:00:00+03:00,11.510000228881836,11.600000381469727,11.199999809265137,11.449999809265137,1746218,0.0,0.0
2024-05-13 00:00:00+03:00,10.850000381469727,10.989999771118164,10.3100004196167,10.3100004196167,4057984,0.0,0.0
2024-05-14 00:00:00+03:00,10.3100004196167,11.34000015258789,10.210000038146973,11.170000076293945,4080514,0.0,0.0
2024-05-15 00:00:00+03:00,11.170000076293945,11.25,10.630000114440918,10.930000305175781,2031120,0.0,0.0
2024-05-16 00:00:00+03:00,10.930000305175781,11.029999732971191,10.520000457763672,10.869999885559082,1806076,0.0,0.0
2024-05-17 00:00:00+03:00,10.869999885559082,11.050000190734863,10.75,11.010000228881836,1786452,0.0,0.0
2024-05-20 00:00:00+03:00,11.010000228881836,11.079999923706055,10.770000457763672,10.850000381469727,1304778,0.0,0.0
2024-05-21 00:00:00+03:00,11.0,11.8100004196167,10.649999618530273,11.390000343322754,4178858,0.0,0.0
2024-05-22 00:00:00+03:00,11.390000343322754,12.140000343322754,11.300000190734863,11.699999809265137,3621632,0.0,0.0
2024-05-23 00:00:00+03:00,11.899999618530273,12.649999618530273,11.529999732971191,12.34000015258789,4964294,0.0,0.0
2024-05-24 00:00:00+03:00,12.34000015258789,12.5600004196167,12.130000114440918,12.199999809265137,2689728,0.0,0.0
2024-05-27 00:00:00+03:00,12.199999809265137,12.199999809265137,10.979999542236328,11.0,4025522,0.0,0.0
2024-05-28 00:00:00+03:00,11.050000190734863,11.609999656677246,11.050000190734863,11.149999618530273,2418910,0.0,0.0
2024-05-29 00:00:00+03:00,11.149999618530273,11.319999694824219,11.010000228881836,11.119999885559082,1477126,0.0,0.0
2024-05-30 00:00:00+03:00,11.149999618530273,11.220000267028809,10.979999542236328,11.149999618530273,730702,0.0,0.0
2024-05-31 00:00:00+03:00,11.149999618530273,11.270000457763672,10.859999656677246,10.949999809265137,1627268,0.0,0.0
2024-06-03 00:00:00+03:00,10.960000038146973,11.0,10.579999923706055,10.600000381469727,1907606,0.0,0.0
2024-06-04 00:00:00+03:00,10.600000381469727,11.25,10.600000381469727,10.979999542236328,2136534,0.0,0.0
2024-06-05 00:00:00+03:00,10.989999771118164,11.020000457763672,10.5,10.779999732971191,1541996,0.0,0.0
2024-06-06 00:00:00+03:00,10.789999961853027,11.65999984741211,10.529999732971191,11.289999961853027,3298994,0.0,0.0
2024-06-07 00:00:00+03:00,11.289999961853027,11.470000267028809,10.800000190734863,11.050000190734863,1817866,0.0,0.0
2024-06-10 00:00:00+03:00,10.90999984741211,10.979999542236328,10.289999961853027,10.289999961853027,1993858,0.0,0.0
2024-06-11 00:00:00+03:00,10.359999656677246,10.989999771118164,10.359999656677246,10.529999732971191,1593688,0.0,0.0
2024-06-12 00:00:00+03:00,10.5600004196167,10.760000228881836,10.319999694824219,10.529999732971191,1183726,0.0,0.0
2024-06-13 00:00:00+03:00,10.710000038146973,11.010000228881836,10.680000305175781,10.949999809265137,914810,0.0,0.0
2024-06-14 00:00:00+03:00,11.0,11.100000381469727,10.609999656677246,10.729999542236328,1402338,0.0,0.0
2024-06-20 00:00:00+03:00,10.739999771118164,11.800000190734863,10.739999771118164,11.229999542236328,5556122,0.0,0.0
2024-06-21 00:00:00+03:00,11.369999885559082,11.600000381469727,11.140000343322754,11.25,1834898,0.0,0.0
2024-06-24 00:00:00+03:00,11.100000381469727,11.100000381469727,10.319999694824219,10.59000015258789,3135206,0.0,0.0
2024-06-25 00:00:00+03:00,10.59000015258789,10.619999885559082,10.25,10.260000228881836,1669234,0.0,0.0
2024-06-26 00:00:00+03:00,10.329999923706055,10.579999923706055,10.0,10.25,2127330,0.0,0.0
2024-06-27 00:00:00+03:00,10.170000076293945,10.729999542236328,10.170000076293945,10.529999732971191,1724678,0.0,0.0
2024-06-28 00:00:00+03:00,10.529999732971191,10.779999732971191,10.40999984741211,10.5600004196167,1292258,0.0,0.0
2024-07-01 00:00:00+03:00,10.539999961853027,10.600000381469727,10.020000457763672,10.149999618530273,1849946,0.0,0.0
2024-07-02 00:00:00+03:00,10.0,10.319999694824219,9.984999656677246,10.229999542236328,994026,0.0,0.0
2024-07-03 00:00:00+03:00,10.229999542236328,10.390000343322754,10.079999923706055,10.220000267028809,903884,0.0,0.0
2024-07-04 00:00:00+03:00,10.220000267028809,10.390000343322754,10.1899995803833,10.380000114440918,914330,0.0,0.0
2024-07-05 00:00:00+03:00,10.380000114440918,10.380000114440918,10.199999809265137,10.199999809265137,876792,0.0,0.0
2024-07-08 00:00:00+03:00,10.199999809265137,10.710000038146973,10.109999656677246,10.170000076293945,928968,0.0,0.0
2024-07-09 00:00:00+03:00,10.229999542236328,10.390000343322754,10.0,10.239999771118164,1347382,0.0,0.0
2024-07-10 00:00:00+03:00,10.279999732971191,10.699999809265137,10.010000228881836,10.449999809265137,2942386,0.0,0.0
2024-07-11 00:00:00+03:00,10.399999618530273,10.539999961853027,10.109999656677246,10.5,1766598,0.0,0.0
2024-07-12 00:00:00+03:00,10.5,10.649999618530273,10.220000267028809,10.289999961853027,1302360,0.0,0.0
2024-07-16 00:00:00+03:00,10.289999961853027,10.539999961853027,10.289999961853027,10.350000381469727,1405892,0.0,0.0
2024-07-17 00:00:00+03:00,10.529999732971191,10.600000381469727,10.239999771118164,10.399999618530273,1702088,0.0,0.0
2024-07-18 00:00:00+03:00,10.430000305175781,10.75,10.430000305175781,10.680000305175781,1209558,0.0,0.0
2024-07-19 00:00:00+03:00,10.739999771118164,10.770000457763672,10.449999809265137,10.5600004196167,1026974,0.0,0.0
2024-07-22 00:00:00+03:00,10.569999694824219,11.479999542236328,10.25,10.350000381469727,4128204,0.0,0.0
2024-07-23 00:00:00+03:00,10.350000381469727,10.539999961853027,10.220000267028809,10.449999809265137,1607724,0.0,0.0
2024-07-24 00:00:00+03:00,10.420000076293945,10.550000190734863,10.25,10.270000457763672,1486270,0.0,0.0
2024-07-25 00:00:00+03:00,10.34000015258789,10.350000381469727,10.029999732971191,10.119999885559082,1762798,0.0,0.0
2024-07-26 00:00:00+03:00,10.449999809265137,10.59000015258789,9.850000381469727,9.970000267028809,1546518,0.0,2.0
2024-07-29 00:00:00+03:00,10.140000343322754,10.140000343322754,9.479999542236328,9.539999961853027,1435862,0.0,0.0
2024-07-30 00:00:00+03:00,9.609999656677246,9.6899995803833,9.25,9.300000190734863,1485570,0.0,0.0
2024-07-31 00:00:00+03:00,9.300000190734863,10.229999542236328,9.039999961853027,9.84000015258789,6437412,0.0,0.0
2024-08-01 00:00:00+03:00,9.859999656677246,10.029999732971191,9.649999618530273,9.710000038146973,1438381,0.0,0.0
2024-08-02 00:00:00+03:00,9.5,10.420000076293945,9.5,9.9399995803833,3925991,0.0,0.0
2024-08-05 00:00:00+03:00,9.680000305175781,9.680000305175781,9.079999923706055,9.300000190734863,1474258,0.0,0.0
2024-08-06 00:00:00+03:00,9.449999809265137,9.960000038146973,9.199999809265137,9.850000381469727,1528347,0.0,0.0
2024-08-07 00:00:00+03:00,9.899999618530273,10.1899995803833,9.40999984741211,9.84000015258789,1191351,0.0,0.0
2024-08-08 00:00:00+03:00,9.84000015258789,10.100000381469727,9.600000381469727,9.890000343322754,837995,0.0,0.0
2024-08-09 00:00:00+03:00,9.90999984741211,9.9399995803833,9.470000267028809,9.5,956634,0.0,0.0
2024-08-12 00:00:00+03:00,9.609999656677246,9.770000457763672,9.130000114440918,9.210000038146973,1067997,0.0,0.0
2024-08-13 00:00:00+03:00,9.229999542236328,9.229999542236328,8.819999694824219,9.149999618530273,767022,0.0,0.0
2024-08-14 00:00:00+03:00,9.149999618530273,9.920000076293945,9.119999885559082,9.229999542236328,2653201,0.0,0.0
2024-08-15 00:00:00+03:00,9.399999618530273,9.539999961853027,9.199999809265137,9.300000190734863,783680,0.0,0.0
2024-08-16 00:00:00+03:00,9.350000381469727,9.390000343322754,9.079999923706055,9.100000381469727,694670,0.0,0.0
2024-08-19 00:00:00+03:00,9.149999618530273,9.199999809265137,9.039999961853027,9.130000114440918,618644,0.0,0.0
2024-08-20 00:00:00+03:00,9.079999923706055,9.300000190734863,9.029999732971191,9.1899995803833,841592,0.0,0.0
2024-08-21 00:00:00+03:00,9.1899995803833,9.329999923706055,9.079999923706055,9.130000114440918,582943,0.0,0.0
2024-08-22 00:00:00+03:00,9.130000114440918,9.350000381469727,9.0,9.020000457763672,627568,0.0,0.0
2024-08-23 00:00:00+03:00,8.949999809265137,9.25,8.510000228881836,8.890000343322754,1129801,0.0,0.0
2024-08-26 00:00:00+03:00,8.90999984741211,9.039999961853027,8.399999618530273,8.449999809265137,1271058,0.0,0.0
2024-08-27 00:00:00+03:00,8.390000343322754,8.550000190734863,8.350000381469727,8.420000076293945,753259,0.0,0.0
2024-08-28 00:00:00+03:00,8.460000038146973,8.729999542236328,8.210000038146973,8.470000267028809,1831714,0.0,0.0
2024-08-29 00:00:00+03:00,9.039999961853027,9.0600004196167,8.539999961853027,8.680000305175781,1751687,0.0,0.0
2024-09-02 00:00:00+03:00,8.729999542236328,8.890000343322754,8.649999618530273,8.800000190734863,803915,0.0,0.0
2024-09-03 00:00:00+03:00,8.819999694824219,9.40999984741211,8.779999732971191,9.210000038146973,2350830,0.0,0.0
2024-09-04 00:00:00+03:00,9.140000343322754,9.720000267028809,9.109999656677246,9.180000305175781,2035222,0.0,0.0
2024-09-05 00:00:00+03:00,9.1899995803833,9.399999618530273,9.0600004196167,9.109999656677246,1229019,0.0,0.0
2024-09-06 00:00:00+03:00,9.140000343322754,9.260000228881836,8.989999771118164,9.0600004196167,695614,0.0,0.0
2024-09-09 00:00:00+03:00,8.9399995803833,9.029999732971191,8.720000267028809,8.760000228881836,1327184,0.0,0.0
2024-09-10 00:00:00+03:00,8.760000228881836,9.039999961853027,8.65999984741211,8.770000457763672,1417036,0.0,0.0
2024-09-11 00:00:00+03:00,8.789999961853027,8.819999694824219,8.359999656677246,8.359999656677246,1819215,0.0,0.0
2024-09-12 00:00:00+03:00,8.5,8.640000343322754,8.09000015258789,8.430000305175781,775167,0.0,0.0
2024-09-13 00:00:00+03:00,8.430000305175781,8.699999809265137,8.369999885559082,8.5600004196167,746043,0.0,0.0
2024-09-16 00:00:00+03:00,8.5600004196167,8.6899995803833,8.420000076293945,8.510000228881836,450102,0.0,0.0
2024-09-17 00:00:00+03:00,8.510000228881836,8.510000228881836,8.210000038146973,8.34000015258789,1233229,0.0,0.0
2024-09-18 00:00:00+03:00,8.399999618530273,8.5,8.0,8.170000076293945,2731441,0.0,0.0
2024-09-19 00:00:00+03:00,8.210000038146973,8.5,8.210000038146973,8.4399995803833,847796,0.0,0.0
2024-09-20 00:00:00+03:00,8.4399995803833,8.4399995803833,8.279999732971191,8.3100004196167,733743,0.0,0.0
2024-09-23 00:00:00+03:00,8.350000381469727,8.420000076293945,8.130000114440918,8.130000114440918,1207405,0.0,0.0
2024-09-24 00:00:00+03:00,8.180000305175781,8.569999694824219,8.079999923706055,8.15999984741211,3569483,0.0,0.0
2024-09-25 00:00:00+03:00,8.210000038146973,8.699999809265137,8.109999656677246,8.220000267028809,5909908,0.0,0.0
2024-09-26 00:00:00+03:00,8.210000038146973,8.739999771118164,8.170000076293945,8.40999984741211,4854083,0.0,0.0
2024-09-27 00:00:00+03:00,8.460000038146973,8.489999771118164,8.1899995803833,8.279999732971191,1881067,0.0,0.0
2024-09-30 00:00:00+03:00,8.279999732971191,8.479999542236328,8.210000038146973,8.380000114440918,2666533,0.0,0.0
2024-10-01 00:00:00+03:00,8.140000343322754,8.300000190734863,7.829999923706055,8.069999694824219,3904957,0.0,0.0
2024-10-02 00:00:00+03:00,8.010000228881836,8.010000228881836,7.329999923706055,7.46999979019165,3899633,0.0,0.0
2024-10-03 00:00:00+03:00,7.46999979019165,7.579999923706055,7.380000114440918,7.440000057220459,1409401,0.0,0.0
2024-10-04 00:00:00+03:00,7.480000019073486,7.5,7.25,7.5,1091773,0.0,0.0
2024-10-07 00:00:00+03:00,7.5,7.639999866485596,7.5,7.599999904632568,597827,0.0,0.0
2024-10-08 00:00:00+03:00,7.599999904632568,7.599999904632568,7.320000171661377,7.400000095367432,1687053,0.0,0.0
2024-10-09 00:00:00+03:00,7.400000095367432,7.429999828338623,7.179999828338623,7.409999847412109,1300320,0.0,0.0
2024-10-10 00:00:00+03:00,7.409999847412109,7.829999923706055,7.389999866485596,7.460000038146973,3023286,0.0,0.0
2024-10-11 00:00:00+03:00,7.570000171661377,7.909999847412109,7.360000133514404,7.809999942779541,4552968,0.0,0.0
2024-10-14 00:00:00+03:00,7.820000171661377,7.929999828338623,7.429999828338623,7.429999828338623,1224638,0.0,0.0
2024-10-15 00:00:00+03:00,7.480000019073486,7.699999809265137,7.440000057220459,7.639999866485596,1081279,0.0,0.0
2024-10-16 00:00:00+03:00,7.639999866485596,7.78000020980835,7.619999885559082,7.690000057220459,1007180,0.0,0.0
2024-10-17 00:00:00+03:00,7.630000114440918,7.840000152587891,7.599999904632568,7.769999980926514,2327772,0.0,0.0
2024-10-18 00:00:00+03:00,7.769999980926514,8.020000457763672,7.71999979019165,7.840000152587891,1466816,0.0,0.0
2024-10-21 00:00:00+03:00,7.829999923706055,7.840000152587891,7.440000057220459,7.5,1581557,0.0,0.0
2024-10-22 00:00:00+03:00,7.53000020980835,7.610000133514404,7.409999847412109,7.550000190734863,1316388,0.0,0.0
2024-10-23 00:00:00+03:00,7.619999885559082,7.699999809265137,7.239999771118164,7.25,1084462,0.0,0.0
2024-10-24 00:00:00+03:00,7.25,7.510000228881836,7.25,7.429999828338623,1837020,0.0,0.0
2024-10-25 00:00:00+03:00,7.5,7.550000190734863,7.349999904632568,7.480000019073486,894074,0.0,0.0
2024-10-28 00:00:00+03:00,7.46999979019165,7.559999942779541,7.150000095367432,7.539999961853027,380901,0.0,0.0
2024-10-30 00:00:00+03:00,7.550000190734863,7.679999828338623,7.429999828338623,7.550000190734863,1202135,0.0,0.0
2024-10-31 00:00:00+03:00,7.519999980926514,7.590000152587891,7.400000095367432,7.480000019073486,1009777,0.0,0.0
2024-11-01 00:00:00+03:00,7.519999980926514,7.550000190734863,7.360000133514404,7.460000038146973,807616,0.0,0.0
2024-11-04 00:00:00+03:00,7.429999828338623,7.429999828338623,7.03000020980835,7.03000020980835,849085,0.0,0.0
2024-11-05 00:00:00+03:00,7.059999942779541,7.190000057220459,6.920000076293945,7.139999866485596,979139,0.0,0.0
2024-11-06 00:00:00+03:00,7.199999809265137,7.28000020980835,7.130000114440918,7.25,690605,0.0,0.0
2024-11-07 00:00:00+03:00,7.25,7.28000020980835,7.130000114440918,7.190000057220459,553185,0.0,0.0
2024-11-08 00:00:00+03:00,7.190000057220459,7.699999809265137,7.179999828338623,7.610000133514404,2408648,0.0,0.0
2024-11-11 00:00:00+03:00,7.650000095367432,7.75,7.579999923706055,7.699999809265137,894503,0.0,0.0
2024-11-12 00:00:00+03:00,7.699999809265137,8.09000015258789,7.340000152587891,7.369999885559082,1640331,0.0,0.0
2024-11-13 00:00:00+03:00,7.369999885559082,7.409999847412109,7.239999771118164,7.239999771118164,664695,0.0,0.0
2024-11-14 00:00:00+03:00,7.239999771118164,7.389999866485596,7.159999847412109,7.25,775269,0.0,0.0
2024-11-15 00:00:00+03:00,7.329999923706055,7.53000020980835,7.309999942779541,7.329999923706055,962951,0.0,0.0
2024-11-18 00:00:00+03:00,7.329999923706055,7.429999828338623,7.28000020980835,7.289999961853027,846016,0.0,0.0
2024-11-19 00:00:00+03:00,7.300000190734863,7.389999866485596,6.940000057220459,7.039999961853027,651790,0.0,0.0
2024-11-20 00:00:00+03:00,7.070000171661377,7.289999961853027,6.75,6.960000038146973,987956,0.0,0.0
2024-11-21 00:00:00+03:00,7.0,7.269999980926514,6.949999809265137,7.21999979019165,3254053,0.0,0.0
2024-11-22 00:00:00+03:00,7.230000019073486,7.349999904632568,7.139999866485596,7.230000019073486,1435729,0.0,0.0
2024-11-25 00:00:00+03:00,7.239999771118164,7.420000076293945,7.239999771118164,7.329999923706055,1231688,0.0,0.0
2024-11-26 00:00:00+03:00,7.369999885559082,7.409999847412109,7.21999979019165,7.329999923706055,1598623,0.0,0.0
2024-11-27 00:00:00+03:00,7.369999885559082,7.389999866485596,7.179999828338623,7.179999828338623,1052013,0.0,0.0
2024-11-28 00:00:00+03:00,7.179999828338623,7.25,7.110000133514404,7.190000057220459,1262331,0.0,0.0
2024-11-29 00:00:00+03:00,7.449999809265137,7.449999809265137,7.150000095367432,7.199999809265137,1384878,0.0,0.0
2024-12-02 00:00:00+03:00,7.199999809265137,7.429999828338623,7.170000076293945,7.349999904632568,1119617,0.0,0.0
2024-12-03 00:00:00+03:00,7.349999904632568,7.559999942779541,7.349999904632568,7.420000076293945,1135559,0.0,0.0
2024-12-04 00:00:00+03:00,7.519999980926514,7.599999904632568,7.389999866485596,7.420000076293945,982411,0.0,0.0
2024-12-05 00:00:00+03:00,7.420000076293945,7.559999942779541,7.389999866485596,7.440000057220459,801350,0.0,0.0
2024-12-06 00:00:00+03:00,7.449999809265137,7.550000190734863,7.349999904632568,7.550000190734863,1093814,0.0,0.0
2024-12-09 00:00:00+03:00,7.650000095367432,8.229999542236328,7.650000095367432,7.800000190734863,3120582,0.0,0.0
2024-12-10 00:00:00+03:00,7.800000190734863,7.860000133514404,7.579999923706055,7.579999923706055,1216583,0.0,0.0
2024-12-11 00:00:00+03:00,7.579999923706055,7.679999828338623,7.349999904632568,7.449999809265137,595112,0.0,0.0
2024-12-12 00:00:00+03:00,7.449999809265137,7.840000152587891,7.449999809265137,7.659999847412109,2205685,0.0,0.0
2024-12-13 00:00:00+03:00,7.679999828338623,7.78000020980835,7.630000114440918,7.75,927421,0.0,0.0
2024-12-16 00:00:00+03:00,7.809999942779541,7.920000076293945,7.690000057220459,7.730000019073486,1466879,0.0,0.0
2024-12-17 00:00:00+03:00,7.730000019073486,7.840000152587891,7.53000020980835,7.599999904632568,783540,0.0,0.0
2024-12-18 00:00:00+03:00,7.599999904632568,7.639999866485596,7.300000190734863,7.389999866485596,821418,0.0,0.0
2024-12-19 00:00:00+03:00,7.389999866485596,7.389999866485596,7.059999942779541,7.239999771118164,926809,0.0,0.0
2024-12-20 00:00:00+03:00,7.25,7.46999979019165,7.079999923706055,7.309999942779541,1709186,0.0,0.0
2024-12-23 00:00:00+03:00,7.429999828338623,7.440000057220459,7.090000152587891,7.320000171661377,1537739,0.0,0.0
2024-12-24 00:00:00+03:00,7.320000171661377,7.5,7.210000038146973,7.409999847412109,2227562,0.0,0.0
2024-12-25 00:00:00+03:00,7.46999979019165,7.590000152587891,7.099999904632568,7.400000095367432,1092705,0.0,0.0
2024-12-26 00:00:00+03:00,7.449999809265137,7.690000057220459,7.119999885559082,7.639999866485596,1281292,0.0,0.0
2024-12-27 00:00:00+03:00,7.639999866485596,7.800000190734863,7.449999809265137,7.480000019073486,3747896,0.0,0.0
2024-12-30 00:00:00+03:00,7.519999980926514,7.789999961853027,7.449999809265137,7.659999847412109,3430549,0.0,0.0
2024-12-31 00:00:00+03:00,7.710000038146973,8.34000015258789,7.679999828338623,7.880000114440918,10494783,0.0,0.0
2025-01-02 00:00:00+03:00,7.909999847412109,7.929999828338623,7.53000020980835,7.639999866485596,4313820,0.0,0.0
2025-01-03 00:00:00+03:00,7.630000114440918,7.699999809265137,7.510000228881836,7.670000076293945,2296076,0.0,0.0
2025-01-06 00:00:00+03:00,7.760000228881836,7.909999847412109,7.650000095367432,7.730000019073486,2783833,0.0,0.0
2025-01-07 00:00:00+03:00,7.730000019073486,7.769999980926514,7.590000152587891,7.679999828338623,1776817,0.0,0.0
2025-01-08 00:00:00+03:00,7.71999979019165,7.929999828338623,7.579999923706055,7.699999809265137,3064035,0.0,0.0
2025-01-09 00:00:00+03:00,7.690000057220459,8.020000457763672,7.650000095367432,7.880000114440918,3167676,0.0,0.0
2025-01-10 00:00:00+03:00,7.869999885559082,7.940000057220459,7.789999961853027,7.860000133514404,1770040,0.0,0.0
2025-01-13 00:00:00+03:00,7.829999923706055,7.869999885559082,7.440000057220459,7.53000020980835,1630769,0.0,0.0
2025-01-14 00:00:00+03:00,7.53000020980835,7.590000152587891,7.380000114440918,7.429999828338623,961920,0.0,0.0
2025-01-15 00:00:00+03:00,7.519999980926514,7.519999980926514,7.260000228881836,7.360000133514404,1190305,0.0,0.0
2025-01-16 00:00:00+03:00,7.409999847412109,7.489999771118164,7.320000171661377,7.380000114440918,934881,0.0,0.0
2025-01-17 00:00:00+03:00,7.449999809265137,7.449999809265137,7.269999980926514,7.380000114440918,856864,0.0,0.0
2025-01-20 00:00:00+03:00,7.380000114440918,7.849999904632568,7.349999904632568,7.699999809265137,3676690,0.0,0.0
2025-01-21 00:00:00+03:00,7.699999809265137,7.889999866485596,7.5,7.71999979019165,2409897,0.0,0.0
2025-01-22 00:00:00+03:00,7.809999942779541,7.809999942779541,7.550000190734863,7.550000190734863,1183840,0.0,0.0
2025-01-23 00:00:00+03:00,7.559999942779541,7.71999979019165,7.550000190734863,7.659999847412109,1119124,0.0,0.0
2025-01-24 00:00:00+03:00,7.590000152587891,7.679999828338623,7.460000038146973,7.610000133514404,1546104,0.0,0.0
2025-01-27 00:00:00+03:00,7.610000133514404,7.619999885559082,7.380000114440918,7.46999979019165,1183161,0.0,0.0
2025-01-28 00:00:00+03:00,7.46999979019165,7.510000228881836,7.349999904632568,7.389999866485596,1497153,0.0,0.0
2025-01-29 00:00:00+03:00,7.389999866485596,7.440000057220459,7.150000095367432,7.239999771118164,2384564,0.0,0.0
2025-01-30 00:00:00+03:00,7.239999771118164,7.320000171661377,7.170000076293945,7.170000076293945,1066871,0.0,0.0
2025-01-31 00:00:00+03:00,7.199999809265137,7.25,7.099999904632568,7.150000095367432,807624,0.0,0.0
2025-02-03 00:00:00+03:00,7.150000095367432,7.150000095367432,6.949999809265137,7.03000020980835,942096,0.0,0.0
2025-02-04 00:00:00+03:00,7.039999961853027,7.199999809265137,7.019999980926514,7.03000020980835,1011548,0.0,0.0
2025-02-05 00:00:00+03:00,7.099999904632568,7.130000114440918,6.820000171661377,7.070000171661377,3714651,0.0,0.0
2025-02-06 00:00:00+03:00,7.070000171661377,7.28000020980835,7.059999942779541,7.28000020980835,1330241,0.0,0.0
2025-02-07 00:00:00+03:00,7.309999942779541,7.400000095367432,7.159999847412109,7.300000190734863,2011162,0.0,0.0
2025-02-10 00:00:00+03:00,7.329999923706055,7.380000114440918,7.210000038146973,7.239999771118164,1348935,0.0,0.0
2025-02-11 00:00:00+03:00,7.239999771118164,7.349999904632568,7.199999809265137,7.239999771118164,1416311,0.0,0.0
2025-02-12 00:00:00+03:00,7.230000019073486,7.420000076293945,7.130000114440918,7.230000019073486,2888137,0.0,0.0
2025-02-13 00:00:00+03:00,7.230000019073486,7.289999961853027,7.019999980926514,7.039999961853027,2711251,0.0,0.0
2025-02-14 00:00:00+03:00,7.03000020980835,7.139999866485596,6.980000019073486,7.039999961853027,1326378,0.0,0.0
2025-02-17 00:00:00+03:00,7.03000020980835,7.139999866485596,6.989999771118164,7.03000020980835,1752697,0.0,0.0
2025-02-18 00:00:00+03:00,7.0,7.099999904632568,6.949999809265137,7.019999980926514,1813376,0.0,0.0
2025-02-19 00:00:00+03:00,7.0,7.150000095367432,6.949999809265137,7.03000020980835,2434035,0.0,0.0
2025-02-20 00:00:00+03:00,6.980000019073486,7.059999942779541,6.900000095367432,7.0,1975700,0.0,0.0
2025-02-21 00:00:00+03:00,7.0,7.070000171661377,6.650000095367432,6.789999961853027,1492226,0.0,0.0
2025-02-24 00:00:00+03:00,6.809999942779541,7.059999942779541,6.789999961853027,6.929999828338623,1221936,0.0,0.0
2025-02-25 00:00:00+03:00,6.949999809265137,7.070000171661377,6.699999809265137,6.849999904632568,2381800,0.0,0.0
2025-02-26 00:00:00+03:00,6.960000038146973,6.960000038146973,6.630000114440918,6.829999923706055,2812441,0.0,0.0
2025-02-27 00:00:00+03:00,6.809999942779541,6.929999828338623,6.46999979019165,6.849999904632568,1185529,0.0,0.0
2025-02-28 00:00:00+03:00,6.849999904632568,6.929999828338623,6.800000190734863,6.829999923706055,737084,0.0,0.0
2025-03-03 00:00:00+03:00,6.909999847412109,6.949999809265137,6.599999904632568,6.840000152587891,1973536,0.0,0.0
2025-03-04 00:00:00+03:00,6.840000152587891,6.840000152587891,6.519999980926514,6.539999961853027,2120614,0.0,0.0
2025-03-05 00:00:00+03:00,6.559999942779541,6.78000020980835,6.559999942779541,6.769999980926514,1856593,0.0,0.0
2025-03-06 00:00:00+03:00,6.739999771118164,6.949999809265137,6.730000019073486,6.949999809265137,1451616,0.0,0.0
2025-03-07 00:00:00+03:00,6.949999809265137,7.019999980926514,6.78000020980835,6.920000076293945,2635909,0.0,0.0
2025-03-10 00:00:00+03:00,6.800000190734863,6.960000038146973,6.760000228881836,6.800000190734863,1532960,0.0,0.0
2025-03-11 00:00:00+03:00,6.800000190734863,6.829999923706055,6.559999942779541,6.730000019073486,1980935,0.0,0.0
2025-03-12 00:00:00+03:00,6.78000020980835,6.78000020980835,6.559999942779541,6.659999847412109,2290508,0.0,0.0
2025-03-13 00:00:00+03:00,6.670000076293945,6.909999847412109,6.670000076293945,6.760000228881836,2351324,0.0,0.0
2025-03-14 00:00:00+03:00,6.760000228881836,6.880000114440918,6.760000228881836,6.840000152587891,1424503,0.0,0.0
2025-03-17 00:00:00+03:00,6.860000133514404,7.079999923706055,6.710000038146973,7.070000171661377,3834188,0.0,0.0
2025-03-18 00:00:00+03:00,7.769999980926514,7.769999980926514,7.769999980926514,7.769999980926514,2329034,0.0,0.0
2025-03-19 00:00:00+03:00,8.4399995803833,8.539999961853027,8.0,8.539999961853027,36362150,0.0,0.0
2025-03-20 00:00:00+03:00,9.390000343322754,9.390000343322754,7.690000057220459,7.690000057220459,27327660,0.0,0.0
2025-03-21 00:00:00+03:00,6.929999828338623,6.929999828338623,6.929999828338623,6.929999828338623,1600756,0.0,0.0
2025-03-24 00:00:00+03:00,6.239999771118164,7.289999961853027,6.239999771118164,6.300000190734863,131121224,0.0,0.0
2025-03-25 00:00:00+03:00,6.289999961853027,6.46999979019165,6.119999885559082,6.190000057220459,45025999,0.0,0.0
2025-03-26 00:00:00+03:00,6.179999828338623,6.190000057220459,6.0,6.0,23433250,0.0,0.0
2025-03-27 00:00:00+03:00,6.0,6.550000190734863,5.980000019073486,6.119999885559082,50543036,0.0,0.0
2025-03-28 00:00:00+03:00,6.139999866485596,6.449999809265137,6.139999866485596,6.239999771118164,24479687,0.0,0.0
2025-04-02 00:00:00+03:00,6.239999771118164,6.400000095367432,6.119999885559082,6.21999979019165,15985803,0.0,0.0
2025-04-03 00:00:00+03:00,6.170000076293945,6.449999809265137,6.170000076293945,6.369999885559082,27013861,0.0,0.0
2025-04-04 00:00:00+03:00,6.5,6.829999923706055,6.329999923706055,6.409999847412109,33902160,0.0,0.0
2025-04-07 00:00:00+03:00,6.300000190734863,6.300000190734863,6.059999942779541,6.190000057220459,19381059,0.0,0.0
2025-04-08 00:00:00+03:00,6.300000190734863,6.309999942779541,6.130000114440918,6.159999847412109,16475492,0.0,0.0
2025-04-09 00:00:00+03:00,6.130000114440918,6.150000095367432,6.0,6.0,10837440,0.0,0.0
2025-04-10 00:00:00+03:00,6.110000133514404,6.159999847412109,6.010000228881836,6.019999980926514,13637368,0.0,0.0
2025-04-11 00:00:00+03:00,6.0,6.019999980926514,5.909999847412109,5.949999809265137,8249984,0.0,0.0
2025-04-14 00:00:00+03:00,6.079999923706055,6.099999904632568,5.960000038146973,5.980000019073486,7534934,0.0,0.0
2025-04-15 00:00:00+03:00,6.0,6.0,5.860000133514404,5.860000133514404,10007649,0.0,0.0
2025-04-16 00:00:00+03:00,5.860000133514404,5.860000133514404,5.610000133514404,5.630000114440918,11480978,0.0,0.0
2025-04-17 00:00:00+03:00,5.630000114440918,5.710000038146973,5.510000228881836,5.650000095367432,6966685,0.0,0.0
2025-04-18 00:00:00+03:00,5.679999828338623,5.679999828338623,5.53000020980835,5.550000190734863,3177814,0.0,0.0
2025-04-21 00:00:00+03:00,5.579999923706055,5.590000152587891,5.480000019073486,5.5,2962723,0.0,0.0
2025-04-22 00:00:00+03:00,5.539999961853027,5.539999961853027,5.349999904632568,5.420000076293945,4802367,0.0,0.0
2025-04-24 00:00:00+03:00,5.349999904632568,5.480000019073486,5.349999904632568,5.440000057220459,4480381,0.0,0.0
2025-04-25 00:00:00+03:00,5.429999828338623,5.650000095367432,5.420000076293945,5.429999828338623,6721521,0.0,0.0
2025-04-28 00:00:00+03:00,5.440000057220459,5.449999809265137,5.269999980926514,5.309999942779541,6541251,0.0,0.0
2025-04-29 00:00:00+03:00,5.300000190734863,5.349999904632568,5.139999866485596,5.150000095367432,6463577,0.0,0.0
2025-04-30 00:00:00+03:00,5.170000076293945,5.199999809265137,4.989999771118164,5.0,6537995,0.0,0.0
2025-05-02 00:00:00+03:00,5.03000020980835,5.110000133514404,5.010000228881836,5.079999923706055,3298973,0.0,0.0
2025-05-05 00:00:00+03:00,5.079999923706055,5.150000095367432,5.03000020980835,5.090000152587891,2824170,0.0,0.0
2025-05-06 00:00:00+03:00,5.099999904632568,5.349999904632568,5.070000171661377,5.269999980926514,7273351,0.0,0.0
2025-05-07 00:00:00+03:00,5.239999771118164,5.300000190734863,5.130000114440918,5.179999828338623,7171900,0.0,0.0
2025-05-08 00:00:00+03:00,5.210000038146973,5.25,5.139999866485596,5.179999828338623,1260146,0.0,0.0
2025-05-09 00:00:00+03:00,5.170000076293945,5.21999979019165,5.139999866485596,5.170000076293945,2496443,0.0,0.0
2025-05-12 00:00:00+03:00,4.800000190734863,5.03000020980835,4.800000190734863,4.960000038146973,18669083,0.0,0.0
2025-05-13 00:00:00+03:00,5.0,5.0,4.860000133514404,4.929999828338623,4399759,0.0,0.0
2025-05-14 00:00:00+03:00,4.949999809265137,4.989999771118164,4.909999847412109,4.929999828338623,4413025,0.0,0.0
2025-05-15 00:00:00+03:00,4.949999809265137,5.420000076293945,4.949999809265137,5.03000020980835,30886844,0.0,0.0
2025-05-16 00:00:00+03:00,5.050000190734863,5.099999904632568,4.96999979019165,5.0,5945746,0.0,0.0
2025-05-20 00:00:00+03:00,5.0,5.019999980926514,4.920000076293945,4.929999828338623,4156059,0.0,0.0
2025-05-21 00:00:00+03:00,4.940000057220459,4.949999809265137,4.860000133514404,4.860000133514404,3499846,0.0,0.0
2025-05-22 00:00:00+03:00,4.869999885559082,4.909999847412109,4.840000152587891,4.900000095367432,3214932,0.0,0.0
2025-05-23 00:00:00+03:00,4.900000095367432,5.0,4.860000133514404,4.869999885559082,5461805,0.0,0.0
2025-05-26 00:00:00+03:00,4.889999866485596,4.920000076293945,4.840000152587891,4.860000133514404,2691961,0.0,0.0
2025-05-27 00:00:00+03:00,4.860000133514404,4.949999809265137,4.840000152587891,4.840000152587891,3983393,0.0,0.0
2025-05-28 00:00:00+03:00,4.849999904632568,4.980000019073486,4.820000171661377,4.849999904632568,3673451,0.0,0.0
2025-05-29 00:00:00+03:00,4.860000133514404,4.920000076293945,4.789999961853027,4.800000190734863,3298548,0.0,0.0
2025-05-30 00:00:00+03:00,4.829999923706055,4.869999885559082,4.739999771118164,4.75,2654592,0.0,0.0
2025-06-02 00:00:00+03:00,4.75,4.789999961853027,4.53000020980835,4.599999904632568,3121446,0.0,0.0
2025-06-03 00:00:00+03:00,4.610000133514404,4.699999809265137,4.610000133514404,4.690000057220459,2439506,0.0,0.0
2025-06-04 00:00:00+03:00,4.699999809265137,4.78000020980835,4.670000076293945,4.760000228881836,2158486,0.0,0.0
2025-06-05 00:00:00+03:00,4.78000020980835,4.840000152587891,4.730000019073486,4.809999942779541,1332414,0.0,0.0
2025-06-10 00:00:00+03:00,4.820000171661377,4.849999904632568,4.800000190734863,4.840000152587891,4319328,0.0,0.0
2025-06-11 00:00:00+03:00,4.849999904632568,5.070000171661377,4.789999961853027,4.96999979019165,10385113,0.0,0.0
2025-06-12 00:00:00+03:00,4.96999979019165,4.96999979019165,4.730000019073486,4.880000114440918,2829437,0.0,0.0
2025-06-13 00:00:00+03:00,4.420000076293945,4.789999961853027,4.420000076293945,4.760000228881836,3573646,0.0,0.0
2025-06-16 00:00:00+03:00,4.739999771118164,4.860000133514404,4.679999828338623,4.78000020980835,3185925,0.0,0.0
2025-06-17 00:00:00+03:00,4.78000020980835,4.809999942779541,4.690000057220459,4.690000057220459,2640311,0.0,0.0
2025-06-18 00:00:00+03:00,4.690000057220459,4.699999809265137,4.590000152587891,4.590000152587891,2592105,0.0,0.0
2025-06-19 00:00:00+03:00,4.630000114440918,4.630000114440918,4.489999771118164,4.5,1915455,0.0,0.0
2025-06-20 00:00:00+03:00,4.480000019073486,4.920000076293945,4.480000019073486,4.659999847412109,10244975,0.0,0.0
2025-06-23 00:00:00+03:00,4.670000076293945,4.670000076293945,4.460000038146973,4.489999771118164,5502548,0.0,0.0
2025-06-24 00:00:00+03:00,4.769999980926514,4.769999980926514,4.579999923706055,4.659999847412109,5280732,0.0,0.0
2025-06-25 00:00:00+03:00,4.659999847412109,4.829999923706055,4.610000133514404,4.769999980926514,4334612,0.0,0.0
2025-06-26 00:00:00+03:00,4.800000190734863,5.159999847412109,4.769999980926514,4.980000019073486,30504351,0.0,0.0
2025-06-27 00:00:00+03:00,5.03000020980835,5.03000020980835,4.800000190734863,4.880000114440918,9156542,0.0,0.0
2025-06-30 00:00:00+03:00,4.909999847412109,4.940000057220459,4.809999942779541,4.860000133514404,6499703,0.0,0.0
2025-07-01 00:00:00+03:00,4.869999885559082,4.949999809265137,4.809999942779541,4.869999885559082,6230508,0.0,0.0
2025-07-02 00:00:00+03:00,4.900000095367432,5.03000020980835,4.809999942779541,4.829999923706055,12594405,0.0,0.0
2025-07-03 00:00:00+03:00,4.849999904632568,4.880000114440918,4.809999942779541,4.820000171661377,5545681,0.0,0.0
2025-07-04 00:00:00+03:00,4.809999942779541,4.829999923706055,4.570000171661377,4.800000190734863,4378294,0.0,0.0
2025-07-07 00:00:00+03:00,4.800000190734863,4.860000133514404,4.710000038146973,4.820000171661377,5781279,0.0,0.0
2025-07-08 00:00:00+03:00,4.829999923706055,4.960000038146973,4.789999961853027,4.860000133514404,10426733,0.0,0.0
2025-07-09 00:00:00+03:00,4.960000038146973,5.099999904632568,4.800000190734863,4.869999885559082,21103345,0.0,0.0
2025-07-10 00:00:00+03:00,4.880000114440918,5.010000228881836,4.869999885559082,4.929999828338623,7833825,0.0,0.0
2025-07-11 00:00:00+03:00,4.940000057220459,4.980000019073486,4.809999942779541,4.869999885559082,6886278,0.0,0.0
2025-07-14 00:00:00+03:00,4.869999885559082,4.949999809265137,4.860000133514404,4.909999847412109,5594507,0.0,0.0
2025-07-16 00:00:00+03:00,4.949999809265137,4.960000038146973,4.769999980926514,4.829999923706055,6384830,0.0,0.0
2025-07-17 00:00:00+03:00,4.860000133514404,4.949999809265137,4.840000152587891,4.940000057220459,5831121,0.0,0.0
2025-07-18 00:00:00+03:00,4.929999828338623,5.119999885559082,4.909999847412109,5.059999942779541,15292357,0.0,0.0
2025-07-21 00:00:00+03:00,5.110000133514404,5.179999828338623,5.059999942779541,5.099999904632568,7227468,0.0,0.0
2025-07-22 00:00:00+03:00,5.190000057220459,5.610000133514404,5.159999847412109,5.610000133514404,20222654,0.0,0.0
2025-07-23 00:00:00+03:00,5.860000133514404,6.159999847412109,5.659999847412109,5.860000133514404,48879395,0.0,0.0
2025-07-24 00:00:00+03:00,5.889999866485596,5.96999979019165,5.670000076293945,5.710000038146973,15142522,0.0,0.0
2025-07-25 00:00:00+03:00,5.769999980926514,5.849999904632568,5.449999809265137,5.46999979019165,14106592,0.0,0.0
2025-07-28 00:00:00+03:00,5.53000020980835,5.650000095367432,5.46999979019165,5.519999980926514,9787313,0.0,0.0
2025-07-29 00:00:00+03:00,5.570000171661377,6.070000171661377,5.449999809265137,6.070000171661377,25847427,0.0,0.0
2025-07-30 00:00:00+03:00,6.349999904632568,6.599999904632568,6.0,6.0,39167371,0.0,0.0
2025-07-31 00:00:00+03:00,6.03000020980835,6.599999904632568,5.900000095367432,6.599999904632568,19571304,0.0,0.0
2025-08-01 00:00:00+03:00,6.820000171661377,7.25,6.71999979019165,6.71999979019165,32457501,0.0,0.0
2025-08-04 00:00:00+03:00,6.71999979019165,7.21999979019165,6.510000228881836,6.809999942779541,20937843,0.0,0.0
2025-08-05 00:00:00+03:00,6.889999866485596,7.0,6.599999904632568,6.639999866485596,13875811,0.0,0.0
2025-08-06 00:00:00+03:00,6.730000019073486,6.739999771118164,6.360000133514404,6.389999866485596,13254452,0.0,0.0
2025-08-07 00:00:00+03:00,6.400000095367432,6.760000228881836,6.400000095367432,6.53000020980835,15028454,0.0,0.0
2025-08-08 00:00:00+03:00,6.550000190734863,6.610000133514404,6.239999771118164,6.239999771118164,9249114,0.0,0.0
2025-08-11 00:00:00+03:00,6.25,6.329999923706055,6.130000114440918,6.199999809265137,6875306,0.0,0.0
2025-08-12 00:00:00+03:00,6.210000038146973,6.429999828338623,6.079999923706055,6.099999904632568,10066098,0.0,0.0
2025-08-13 00:00:00+03:00,6.099999904632568,6.179999828338623,5.96999979019165,5.989999771118164,6162034,0.0,0.0
2025-08-14 00:00:00+03:00,5.949999809265137,6.010000228881836,5.880000114440918,5.900000095367432,4942070,0.0,0.0
2025-08-15 00:00:00+03:00,5.940000057220459,6.210000038146973,5.889999866485596,5.989999771118164,10960482,0.0,0.0
2025-08-18 00:00:00+03:00,6.239999771118164,6.309999942779541,6.079999923706055,6.159999847412109,10092683,0.0,0.0
2025-08-19 00:00:00+03:00,6.21999979019165,6.230000019073486,5.730000019073486,5.880000114440918,13722476,0.0,0.0
2025-08-20 00:00:00+03:00,5.920000076293945,5.980000019073486,5.860000133514404,5.889999866485596,7788041,0.0,0.0
2025-08-21 00:00:00+03:00,5.929999828338623,6.170000076293945,5.869999885559082,6.03000020980835,10972793,0.0,0.0
2025-08-22 00:00:00+03:00,6.059999942779541,6.170000076293945,5.920000076293945,6.090000152587891,16463139,0.0,0.0
2025-08-25 00:00:00+03:00,6.190000057220459,6.190000057220459,6.059999942779541,6.130000114440918,8922089,0.0,0.0
2025-08-26 00:00:00+03:00,6.150000095367432,6.190000057220459,5.989999771118164,6.039999961853027,9510987,0.0,0.0
2025-08-27 00:00:00+03:00,6.039999961853027,6.059999942779541,5.820000171661377,5.860000133514404,7605016,0.0,0.0
2025-08-28 00:00:00+03:00,5.900000095367432,6.03000020980835,5.880000114440918,5.940000057220459,5212390,0.0,0.0
2025-08-29 00:00:00+03:00,5.96999979019165,5.96999979019165,5.860000133514404,5.880000114440918,4565145,0.0,0.0
2025-09-01 00:00:00+03:00,5.929999828338623,5.960000038146973,5.860000133514404,5.880000114440918,4860891,0.0,0.0
2025-09-02 00:00:00+03:00,5.880000114440918,5.960000038146973,5.53000020980835,5.760000228881836,9048590,0.0,0.0
2025-09-03 00:00:00+03:00,5.739999771118164,5.949999809265137,5.730000019073486,5.769999980926514,6120017,0.0,0.0
2025-09-04 00:00:00+03:00,5.809999942779541,5.949999809265137,5.809999942779541,5.909999847412109,6119315,0.0,0.0
2025-09-05 00:00:00+03:00,5.989999771118164,6.150000095367432,5.829999923706055,5.829999923706055,12570818,0.0,0.0
2025-09-08 00:00:00+03:00,5.800000190734863,5.949999809265137,5.510000228881836,5.800000190734863,7283923,0.0,0.0
2025-09-09 00:00:00+03:00,5.800000190734863,5.840000152587891,5.659999847412109,5.699999809265137,6135300,0.0,0.0
2025-09-10 00:00:00+03:00,5.699999809265137,5.75,5.619999885559082,5.630000114440918,2998559,0.0,0.0
2025-09-11 00:00:00+03:00,5.690000057220459,6.03000020980835,5.630000114440918,5.710000038146973,12509871,0.0,0.0
2025-09-12 00:00:00+03:00,5.670000076293945,5.949999809265137,5.5,5.849999904632568,20505999,0.0,0.0
2025-09-15 00:00:00+03:00,5.96999979019165,6.119999885559082,5.800000190734863,6.050000190734863,18723041,0.0,0.0
2025-09-16 00:00:00+03:00,6.099999904632568,6.389999866485596,6.03000020980835,6.230000019073486,14468450,0.0,0.0
2025-09-17 00:00:00+03:00,6.28000020980835,6.289999961853027,6.059999942779541,6.059999942779541,9941029,0.0,0.0
2025-09-18 00:00:00+03:00,6.070000171661377,6.25,6.019999980926514,6.050000190734863,6471913,0.0,0.0
2025-09-19 00:00:00+03:00,6.03000020980835,6.099999904632568,5.909999847412109,6.039999961853027,6563406,0.0,0.0
2025-09-22 00:00:00+03:00,6.199999809265137,6.340000152587891,6.099999904632568,6.159999847412109,15300317,0.0,0.0
2025-09-23 00:00:00+03:00,6.150000095367432,6.199999809265137,6.059999942779541,6.070000171661377,8911947,0.0,0.0
2025-09-24 00:00:00+03:00,6.079999923706055,6.199999809265137,6.050000190734863,6.050000190734863,7958669,0.0,0.0
2025-09-25 00:00:00+03:00,6.079999923706055,6.150000095367432,5.929999828338623,6.0,5661167,0.0,0.0
2025-09-26 00:00:00+03:00,6.050000190734863,6.050000190734863,5.800000190734863,5.820000171661377,6893565,0.0,0.0
2025-09-29 00:00:00+03:00,5.75,5.880000114440918,5.730000019073486,5.860000133514404,10896851,0.0,0.0
2025-09-30 00:00:00+03:00,5.869999885559082,6.039999961853027,5.820000171661377,6.0,11627254,0.0,0.0
2025-10-01 00:00:00+03:00,6.010000228881836,6.03000020980835,5.849999904632568,5.920000076293945,9089396,0.0,0.0
2025-10-02 00:00:00+03:00,5.940000057220459,5.960000038146973,5.800000190734863,5.840000152587891,4476860,0.0,0.0
2025-10-03 00:00:00+03:00,5.900000095367432,5.900000095367432,5.800000190734863,5.800000190734863,4480537,0.0,0.0
2025-10-06 00:00:00+03:00,5.800000190734863,6.090000152587891,5.800000190734863,5.889999866485596,8941635,0.0,0.0
2025-10-07 00:00:00+03:00,5.889999866485596,5.940000057220459,5.800000190734863,5.889999866485596,4115410,0.0,0.0
2025-10-08 00:00:00+03:00,5.929999828338623,5.960000038146973,5.75,5.760000228881836,5106360,0.0,0.0
2025-10-09 00:00:00+03:00,5.800000190734863,6.239999771118164,5.760000228881836,6.150000095367432,17349379,0.0,0.0
2025-10-10 00:00:00+03:00,6.150000095367432,6.150000095367432,5.849999904632568,5.869999885559082,10364573,0.0,0.0
2025-10-13 00:00:00+03:00,5.789999961853027,6.230000019073486,5.78000020980835,5.909999847412109,15161549,0.0,0.0
2025-10-14 00:00:00+03:00,5.920000076293945,6.010000228881836,5.809999942779541,5.880000114440918,5936686,0.0,0.0
2025-10-15 00:00:00+03:00,5.900000095367432,6.119999885559082,5.869999885559082,6.099999904632568,9557403,0.0,0.0
2025-10-16 00:00:00+03:00,6.130000114440918,6.46999979019165,6.050000190734863,6.300000190734863,24028941,0.0,0.0
2025-10-17 00:00:00+03:00,6.099999904632568,6.150000095367432,5.679999828338623,5.880000114440918,26323752,0.0,0.0
2025-10-20 00:00:00+03:00,5.900000095367432,5.96999979019165,5.78000020980835,5.849999904632568,9344386,0.0,0.0
2025-10-21 00:00:00+03:00,5.869999885559082,5.880000114440918,5.800000190734863,5.849999904632568,6010543,0.0,0.0
2025-10-22 00:00:00+03:00,5.849999904632568,6.0,5.849999904632568,5.949999809265137,7984007,0.0,0.0
2025-10-23 00:00:00+03:00,5.96999979019165,6.130000114440918,5.820000171661377,5.860000133514404,8021018,0.0,0.0
2025-10-24 00:00:00+03:00,5.889999866485596,6.050000190734863,5.869999885559082,6.019999980926514,7558352,0.0,0.0
2025-10-27 00:00:00+03:00,6.010000228881836,6.150000095367432,5.989999771118164,6.050000190734863,7458975,0.0,0.0
2025-10-28 00:00:00+03:00,6.050000190734863,6.050000190734863,5.949999809265137,5.989999771118164,2628105,0.0,0.0
2025-10-30 00:00:00+03:00,6.010000228881836,6.139999866485596,6.0,6.039999961853027,5971771,0.0,0.0
2025-10-31 00:00:00+03:00,6.010000228881836,6.130000114440918,5.949999809265137,6.110000133514404,6098713,0.0,0.0
2025-11-03 00:00:00+03:00,6.139999866485596,6.329999923706055,6.130000114440918,6.300000190734863,8077959,0.0,0.0
2025-11-04 00:00:00+03:00,6.300000190734863,6.300000190734863,6.070000171661377,6.110000133514404,5066622,0.0,0.0
2025-11-05 00:00:00+03:00,6.150000095367432,6.199999809265137,6.050000190734863,6.150000095367432,5628592,0.0,0.0
2025-11-06 00:00:00+03:00,6.199999809265137,6.230000019073486,6.050000190734863,6.050000190734863,3994569,0.0,0.0
2025-11-07 00:00:00+03:00,6.059999942779541,6.139999866485596,5.920000076293945,5.960000038146973,3962546,0.0,0.0
2025-11-10 00:00:00+03:00,5.96999979019165,6.119999885559082,5.940000057220459,6.019999980926514,5694355,0.0,0.0
2025-11-11 00:00:00+03:00,6.0,6.010000228881836,5.699999809265137,5.860000133514404,6997795,0.0,0.0
2025-11-12 00:00:00+03:00,5.880000114440918,5.880000114440918,5.699999809265137,5.75,5081017,0.0,0.0
2025-11-13 00:00:00+03:00,5.800000190734863,5.96999979019165,5.739999771118164,5.840000152587891,8259864,0.0,0.0
2025-11-14 00:00:00+03:00,5.809999942779541,5.889999866485596,5.769999980926514,5.78000020980835,2606550,0.0,0.0
2025-11-17 00:00:00+03:00,5.809999942779541,6.070000171661377,5.800000190734863,6.010000228881836,6148204,0.0,0.0
2025-11-18 00:00:00+03:00,5.980000019073486,6.0,5.820000171661377,5.880000114440918,2758326,0.0,0.0
2025-11-19 00:00:00+03:00,5.849999904632568,5.960000038146973,5.840000152587891,5.860000133514404,4242062,0.0,0.0
2025-11-20 00:00:00+03:00,5.860000133514404,5.940000057220459,5.820000171661377,5.860000133514404,2859799,0.0,0.0
2025-11-21 00:00:00+03:00,5.900000095367432,5.980000019073486,5.840000152587891,5.869999885559082,3602229,0.0,0.0
2025-11-24 00:00:00+03:00,5.920000076293945,5.920000076293945,5.820000171661377,5.840000152587891,2802960,0.0,0.0
2025-11-25 00:00:00+03:00,5.840000152587891,5.989999771118164,5.800000190734863,5.940000057220459,6253478,0.0,0.0
2025-11-26 00:00:00+03:00,5.960000038146973,6.0,5.800000190734863,5.869999885559082,3978929,0.0,0.0
2025-11-27 00:00:00+03:00,5.849999904632568,5.909999847412109,5.829999923706055,5.840000152587891,2798867,0.0,0.0
2025-11-28 00:00:00+03:00,5.840000152587891,5.940000057220459,5.829999923706055,5.880000114440918,2444482,0.0,0.0
2025-12-01 00:00:00+03:00,3.450066089630127,3.566622018814087,3.432581901550293,3.473376989364624,13002493,0.0,0.0
2025-12-02 00:00:00+03:00,3.473376989364624,3.502516031265259,3.4442379474639893,3.473376989364624,7185753,0.0,0.0
2025-12-03 00:00:00+03:00,3.4792048931121826,3.5316550731658936,3.4442379474639893,3.450066089630127,9284368,0.0,0.0
2025-12-04 00:00:00+03:00,3.4617209434509277,3.6249001026153564,3.3976149559020996,3.5724499225616455,25413088,0.0,0.0
2025-12-05 00:00:00+03:00,3.5199999809265137,3.6132450103759766,3.3917880058288574,3.4384100437164307,23904581,0.0,0.0
2025-12-08 00:00:00+03:00,3.4675490856170654,3.4850330352783203,3.4267539978027344,3.4267539978027344,7081295,0.0,0.0
2025-12-09 00:00:00+03:00,3.432581901550293,3.5607941150665283,3.420927047729492,3.5199999809265137,23164539,0.0,0.0
2025-12-10 00:00:00+03:00,3.5999999046325684,3.6700000762939453,3.4000000953674316,3.4200000762939453,34478467,0.0,0.0
2025-12-11 00:00:00+03:00,3.4600000381469727,3.6600000858306885,3.430000066757202,3.5,34570019,0.0,0.0
2025-12-12 00:00:00+03:00,3.5199999809265137,3.609999895095825,3.4800000190734863,3.559999942779541,17664400,0.0,0.0
2025-12-15 00:00:00+03:00,3.559999942779541,3.5999999046325684,3.490000009536743,3.549999952316284,19095463,0.0,0.0
2025-12-16 00:00:00+03:00,3.549999952316284,3.6500000953674316,3.5399999618530273,3.5799999237060547,21547106,0.0,0.0
2025-12-17 00:00:00+03:00,3.5999999046325684,3.619999885559082,3.4800000190734863,3.5299999713897705,21872754,0.0,0.0
2025-12-18 00:00:00+03:00,3.5399999618530273,3.569999933242798,3.5,3.5299999713897705,14707548,0.0,0.0
2025-12-19 00:00:00+03:00,3.5299999713897705,3.549999952316284,3.440000057220459,3.5,12004221,0.0,0.0
2025-12-22 00:00:00+03:00,3.5,3.5399999618530273,3.2799999713897705,3.2799999713897705,12424747,0.0,0.0
2025-12-23 00:00:00+03:00,3.2899999618530273,3.3299999237060547,3.2100000381469727,3.2699999809265137,11393638,0.0,0.0
2025-12-24 00:00:00+03:00,3.2699999809265137,3.4200000762939453,3.2699999809265137,3.3299999237060547,15705328,0.0,0.0
2025-12-25 00:00:00+03:00,3.3399999141693115,3.4100000858306885,3.25,3.259999990463257,9807867,0.0,0.0
2025-12-26 00:00:00+03:00,3.259999990463257,3.2899999618530273,3.119999885559082,3.130000114440918,14590065,0.0,0.0
2025-12-29 00:00:00+03:00,3.130000114440918,3.180000066757202,3.049999952316284,3.059999942779541,15654343,0.0,0.0
2025-12-30 00:00:00+03:00,3.069999933242798,3.0899999141693115,3.0299999713897705,3.069999933242798,7358551,0.0,0.0
2025-12-31 00:00:00+03:00,3.0799999237060547,3.190000057220459,3.0799999237060547,3.1500000953674316,10445828,0.0,0.0
2026-01-02 00:00:00+03:00,3.2300000190734863,3.240000009536743,3.140000104904175,3.190000057220459,13241368,0.0,0.0
2026-01-05 00:00:00+03:00,3.1700000762939453,3.240000009536743,3.1500000953674316,3.200000047683716,9576770,0.0,0.0
2026-01-06 00:00:00+03:00,3.200000047683716,3.2100000381469727,3.1500000953674316,3.1700000762939453,9342693,0.0,0.0
2026-01-07 00:00:00+03:00,3.1700000762939453,3.190000057220459,3.109999895095825,3.109999895095825,6374787,0.0,0.0
2026-01-08 00:00:00+03:00,3.119999885559082,3.130000114440918,3.059999942779541,3.119999885559082,4509852,0.0,0.0
2026-01-09 00:00:00+03:00,3.119999885559082,3.1700000762939453,3.0999999046325684,3.119999885559082,5321527,0.0,0.0
2026-01-12 00:00:00+03:00,3.119999885559082,3.180000066757202,3.0999999046325684,3.140000104904175,9256390,0.0,0.0
2026-01-13 00:00:00+03:00,3.1500000953674316,3.190000057220459,3.119999885559082,3.1600000858306885,7951415,0.0,0.0
2026-01-14 00:00:00+03:00,3.1600000858306885,3.1700000762939453,3.119999885559082,3.140000104904175,6700586,0.0,0.0
2026-01-15 00:00:00+03:00,3.130000114440918,3.1700000762939453,3.0999999046325684,3.130000114440918,11551846,0.0,0.0
2026-01-16 00:00:00+03:00,3.140000104904175,3.1700000762939453,3.109999895095825,3.140000104904175,7723815,0.0,0.0
2026-01-19 00:00:00+03:00,3.140000104904175,3.180000066757202,3.130000114440918,3.1500000953674316,8605693,0.0,0.0
2026-01-20 00:00:00+03:00,3.1500000953674316,3.2100000381469727,3.0799999237060547,3.109999895095825,24271641,0.0,0.0
2026-01-21 00:00:00+03:00,3.119999885559082,3.119999885559082,3.069999933242798,3.0899999141693115,6484906,0.0,0.0
2026-01-22 00:00:00+03:00,3.0899999141693115,3.1600000858306885,3.0899999141693115,3.1500000953674316,7862492,0.0,0.0
2026-01-23 00:00:00+03:00,3.1500000953674316,3.190000057220459,3.130000114440918,3.1600000858306885,10432128,0.0,0.0
2026-01-26 00:00:00+03:00,3.1600000858306885,3.2200000286102295,3.140000104904175,3.180000066757202,10312151,0.0,0.0
2026-01-27 00:00:00+03:00,3.180000066757202,3.240000009536743,3.180000066757202,3.2200000286102295,10552442,0.0,0.0
2026-01-28 00:00:00+03:00,3.240000009536743,3.359999895095825,3.2200000286102295,3.259999990463257,20054470,0.0,0.0
2026-01-29 00:00:00+03:00,3.2699999809265137,3.509999990463257,3.2699999809265137,3.3399999141693115,49678158,0.0,0.0
2026-01-30 00:00:00+03:00,3.309999942779541,3.4200000762939453,3.259999990463257,3.4200000762939453,17914414,0.0,0.0
2026-02-02 00:00:00+03:00,3.369999885559082,3.619999885559082,3.259999990463257,3.5999999046325684,60554571,0.0,0.0
2026-02-03 00:00:00+03:00,3.609999895095825,3.759999990463257,3.5299999713897705,3.5999999046325684,64676560,0.0,0.0
2026-02-04 00:00:00+03:00,3.5999999046325684,3.5999999046325684,3.440000057220459,3.440000057220459,30701989,0.0,0.0
2026-02-05 00:00:00+03:00,3.440000057220459,3.4700000286102295,3.299999952316284,3.299999952316284,18987281,0.0,0.0
2026-02-06 00:00:00+03:00,3.299999952316284,3.319999933242798,3.2100000381469727,3.240000009536743,12172533,0.0,0.0
2026-02-09 00:00:00+03:00,3.240000009536743,3.2799999713897705,3.190000057220459,3.2200000286102295,14529500,0.0,0.0
2026-02-10 00:00:00+03:00,3.2300000190734863,3.309999942779541,3.2100000381469727,3.25,12767716,0.0,0.0
2026-02-11 00:00:00+03:00,3.240000009536743,3.299999952316284,3.2300000190734863,3.240000009536743,12601440,0.0,0.0
2026-02-12 00:00:00+03:00,3.2300000190734863,3.2899999618530273,3.2300000190734863,3.2699999809265137,10115078,0.0,0.0
2026-02-13 00:00:00+03:00,3.2699999809265137,3.319999933242798,3.25,3.299999952316284,12203310,0.0,0.0
2026-02-16 00:00:00+03:00,3.299999952316284,3.5299999713897705,3.299999952316284,3.4600000381469727,26019153,0.0,0.0
2026-02-17 00:00:00+03:00,3.4600000381469727,3.5899999141693115,3.4600000381469727,3.5299999713897705,29748073,0.0,0.0
2026-02-18 00:00:00+03:00,3.5299999713897705,3.569999933242798,3.380000114440918,3.380000114440918,17626930,0.0,0.0
2026-02-19 00:00:00+03:00,3.390000104904175,3.440000057220459,3.190000057220459,3.190000057220459,14675512,0.0,0.0
2026-02-20 00:00:00+03:00,3.190000057220459,3.240000009536743,3.180000066757202,3.2200000286102295,7840227,0.0,0.0
2026-02-23 00:00:00+03:00,3.4000000953674316,3.4000000953674316,3.2699999809265137,3.2699999809265137,12728760,0.0,0.0
2026-02-24 00:00:00+03:00,3.2799999713897705,3.309999942779541,3.2300000190734863,3.2799999713897705,7914635,0.0,0.0
2026-02-25 00:00:00+03:00,3.2799999713897705,3.2899999618530273,3.180000066757202,3.2300000190734863,6208073,0.0,0.0
2026-02-26 00:00:00+03:00,3.2200000286102295,3.380000114440918,3.2200000286102295,3.299999952316284,11043717,0.0,0.0
2026-02-27 00:00:00+03:00,3.3399999141693115,3.359999895095825,3.240000009536743,3.299999952316284,9447466,0.0,0.0
2026-03-02 00:00:00+03:00,3.0199999809265137,3.200000047683716,3.0199999809265137,3.0899999141693115,7122741,0.0,0.0
2026-03-03 00:00:00+03:00,3.0899999141693115,3.180000066757202,3.059999942779541,3.109999895095825,11315028,0.0,0.0
2026-03-04 00:00:00+03:00,3.130000114440918,3.2100000381469727,3.109999895095825,3.130000114440918,4671672,0.0,0.0
2026-03-05 00:00:00+03:00,3.1500000953674316,3.190000057220459,3.1500000953674316,3.1600000858306885,3641587,0.0,0.0
2026-03-06 00:00:00+03:00,3.180000066757202,3.2200000286102295,3.0999999046325684,3.1600000858306885,5277234,0.0,0.0
2026-03-09 00:00:00+03:00,3.130000114440918,3.180000066757202,3.0799999237060547,3.109999895095825,4873315,0.0,0.0
2026-03-10 00:00:00+03:00,3.1500000953674316,3.309999942779541,3.1500000953674316,3.259999990463257,6254535,0.0,0.0
2026-03-11 00:00:00+03:00,3.259999990463257,3.299999952316284,3.1600000858306885,3.190000057220459,4896856,0.0,0.0
2026-03-12 00:00:00+03:00,3.200000047683716,3.319999933242798,3.190000057220459,3.25,5945276,0.0,0.0
2026-03-13 00:00:00+03:00,3.25,3.25,3.140000104904175,3.200000047683716,6331182,0.0,0.0
2026-03-16 00:00:00+03:00,3.2200000286102295,3.299999952316284,3.180000066757202,3.190000057220459,7053048,0.0,0.0
2026-03-17 00:00:00+03:00,3.200000047683716,3.3399999141693115,3.190000057220459,3.299999952316284,6519652,0.0,0.0
2026-03-18 00:00:00+03:00,3.2899999618530273,3.4200000762939453,3.240000009536743,3.2899999618530273,14301817,0.0,0.0
2026-03-19 00:00:00+03:00,3.299999952316284,3.299999952316284,3.2300000190734863,3.240000009536743,2114724,0.0,0.0
2026-03-23 00:00:00+03:00,3.240000009536743,3.2699999809265137,3.119999885559082,3.2300000190734863,5625847,0.0,0.0
2026-03-24 00:00:00+03:00,3.2100000381469727,3.2899999618530273,3.200000047683716,3.2100000381469727,4245088,0.0,0.0
2026-03-25 00:00:00+03:00,3.240000009536743,3.2699999809265137,3.200000047683716,3.25,4581435,0.0,0.0
2026-03-26 00:00:00+03:00,3.2300000190734863,3.25,3.130000114440918,3.130000114440918,5632806,0.0,0.0
2026-03-27 00:00:00+03:00,3.1500000953674316,3.200000047683716,3.109999895095825,3.1600000858306885,5549422,0.0,0.0
2026-03-30 00:00:00+03:00,3.1600000858306885,3.1600000858306885,3.0999999046325684,3.119999885559082,3954848,0.0,0.0
2026-03-31 00:00:00+03:00,3.1500000953674316,3.180000066757202,3.109999895095825,3.1600000858306885,3663070,0.0,0.0
2026-04-01 00:00:00+03:00,3.200000047683716,3.240000009536743,3.180000066757202,3.200000047683716,4715838,0.0,0.0
2026-04-02 00:00:00+03:00,3.1600000858306885,3.2100000381469727,3.1500000953674316,3.190000057220459,3922740,0.0,0.0
2026-04-03 00:00:00+03:00,3.190000057220459,3.440000057220459,3.1500000953674316,3.240000009536743,7510323,0.0,0.0
2026-04-06 00:00:00+03:00,3.2899999618530273,3.309999942779541,3.25,3.25,11668193,0.0,0.0
2026-04-07 00:00:00+03:00,3.240000009536743,3.2899999618530273,3.119999885559082,3.119999885559082,7588842,0.0,0.0
2026-04-08 00:00:00+03:00,3.1700000762939453,3.240000009536743,3.1500000953674316,3.1600000858306885,13450854,0.0,0.0
2026-04-09 00:00:00+03:00,3.1600000858306885,3.240000009536743,3.130000114440918,3.1500000953674316,8441465,0.0,0.0
2026-04-10 00:00:00+03:00,3.1600000858306885,3.2300000190734863,3.1600000858306885,3.190000057220459,9669840,0.0,0.0
2026-04-13 00:00:00+03:00,3.180000066757202,3.180000066757202,3.0999999046325684,3.109999895095825,6907625,0.0,0.0
2026-04-14 00:00:00+03:00,3.130000114440918,3.180000066757202,3.130000114440918,3.1600000858306885,6652726,0.0,0.0
2026-04-15 00:00:00+03:00,3.1700000762939453,3.200000047683716,3.1600000858306885,3.180000066757202,7326346,0.0,0.0
2026-04-16 00:00:00+03:00,3.190000057220459,3.2200000286102295,3.109999895095825,3.130000114440918,7275843,0.0,0.0
2026-04-17 00:00:00+03:00,3.1500000953674316,3.25,3.140000104904175,3.2300000190734863,12922534,0.0,0.0
2026-04-20 00:00:00+03:00,3.2200000286102295,3.2799999713897705,3.190000057220459,3.240000009536743,13450362,0.0,0.0
2026-04-21 00:00:00+03:00,3.25,3.359999895095825,3.190000057220459,3.2200000286102295,10027754,0.0,0.0
2026-04-22 00:00:00+03:00,3.2200000286102295,3.309999942779541,3.200000047683716,3.240000009536743,8738124,0.0,0.0
2026-04-24 00:00:00+03:00,3.240000009536743,3.240000009536743,3.190000057220459,3.2100000381469727,6554144,0.0,0.0
2026-04-27 00:00:00+03:00,3.240000009536743,3.2799999713897705,3.2100000381469727,3.2799999713897705,8503087,0.0,0.0
2026-04-28 00:00:00+03:00,3.319999933242798,3.369999885559082,3.25,3.319999933242798,23568889,0.0,0.0
2026-04-29 00:00:00+03:00,3.4000000953674316,3.4200000762939453,3.25,3.25,16573189,0.0,0.0
2026-04-30 00:00:00+03:00,3.25,3.309999942779541,3.2300000190734863,3.259999990463257,9825435,0.0,0.0
2026-05-04 00:00:00+03:00,3.2699999809265137,3.2899999618530273,3.180000066757202,3.2100000381469727,9443026,0.0,0.0
2026-05-05 00:00:00+03:00,3.2200000286102295,3.309999942779541,3.2100000381469727,3.2300000190734863,13328989,0.0,0.0
2026-05-06 00:00:00+03:00,3.2699999809265137,3.3399999141693115,3.25,3.3399999141693115,14500208,0.0,0.0
2026-05-07 00:00:00+03:00,3.3499999046325684,3.430000066757202,3.319999933242798,3.390000104904175,16996537,0.0,0.0
2026-05-08 00:00:00+03:00,3.390000104904175,3.549999952316284,3.359999895095825,3.4800000190734863,18521846,0.0,0.0
2026-05-11 00:00:00+03:00,3.819999933242798,3.819999933242798,3.819999933242798,3.819999933242798,7350032,0.0,0.0
2026-05-12 00:00:00+03:00,3.9800000190734863,4.110000133514404,3.6700000762939453,3.7699999809265137,70901278,0.0,0.0
2026-05-13 00:00:00+03:00,3.8499999046325684,3.859999895095825,3.5999999046325684,3.619999885559082,21940209,0.0,0.0
2026-05-14 00:00:00+03:00,3.630000114440918,3.799999952316284,3.630000114440918,3.740000009536743,15456861,0.0,0.0
2026-05-15 00:00:00+03:00,3.75,3.7699999809265137,3.5399999618530273,3.5999999046325684,12881999,0.0,0.0
2026-05-18 00:00:00+03:00,3.619999885559082,3.740000009536743,3.5399999618530273,3.559999942779541,17454700,0.0,0.0
2026-05-20 00:00:00+03:00,3.549999952316284,3.5899999141693115,3.4000000953674316,3.4100000858306885,9621118,0.0,0.0
2026-05-21 00:00:00+03:00,3.4100000858306885,3.430000066757202,3.1600000858306885,3.1600000858306885,8272316,0.0,0.0
2026-05-22 00:00:00+03:00,3.1500000953674316,3.299999952316284,3.109999895095825,3.299999952316284,12204771,0.0,0.0
2026-05-25 00:00:00+03:00,3.299999952316284,3.4800000190734863,3.299999952316284,3.430000066757202,9055246,0.0,0.0
2026-05-26 00:00:00+03:00,3.4600000381469727,3.549999952316284,3.430000066757202,3.4700000286102295,3638928,0.0,0.0
2026-05-27 00:00:00+03:00,3.4700000286102295,3.4700000286102295,3.4700000286102295,3.4700000286102295,0,0.0,0.0
2026-05-28 00:00:00+03:00,3.4700000286102295,3.4700000286102295,3.4700000286102295,3.4700000286102295,0,0.0,0.0
2026-05-29 00:00:00+03:00,3.4700000286102295,3.4700000286102295,3.4700000286102295,3.4700000286102295,0,0.0,0.0
2026-06-01 00:00:00+03:00,3.4800000190734863,3.6500000953674316,3.4800000190734863,3.6500000953674316,11734498,0.0,0.0
2026-06-02 00:00:00+03:00,3.690000057220459,3.7100000381469727,3.5799999237060547,3.5899999141693115,10640227,0.0,0.0
2026-06-03 00:00:00+03:00,3.5899999141693115,3.6600000858306885,3.450000047683716,3.509999990463257,10855947,0.0,0.0
2026-06-04 00:00:00+03:00,3.509999990463257,3.7699999809265137,3.4000000953674316,3.4700000286102295,21420326,0.0,0.0
2026-06-05 00:00:00+03:00,3.5,3.509999990463257,3.390000104904175,3.4000000953674316,7992449,0.0,0.0
2026-06-08 00:00:00+03:00,3.4000000953674316,3.4100000858306885,3.319999933242798,3.390000104904175,6899424,0.0,0.0
2026-06-09 00:00:00+03:00,3.4100000858306885,3.6500000953674316,3.4000000953674316,3.4200000762939453,14683738,0.0,0.0
2026-06-10 00:00:00+03:00,3.430000066757202,3.440000057220459,3.2899999618530273,3.299999952316284,5434115,0.0,0.0
2026-06-11 00:00:00+03:00,3.319999933242798,3.3399999141693115,3.1700000762939453,3.200000047683716,10926170,0.0,0.0
2026-06-12 00:00:00+03:00,3.259999990463257,3.359999895095825,3.2100000381469727,3.240000009536743,11201356,0.0,0.0
2026-06-15 00:00:00+03:00,3.2799999713897705,3.4200000762939453,3.2799999713897705,3.2899999618530273,5000587,0.0,0.0
2026-06-16 00:00:00+03:00,3.2899999618530273,3.359999895095825,3.25,3.3499999046325684,9267463,0.0,0.0
2026-06-17 00:00:00+03:00,3.369999885559082,3.369999885559082,3.2699999809265137,3.2799999713897705,7194507,0.0,0.0
2026-06-18 00:00:00+03:00,3.2899999618530273,3.3499999046325684,3.2899999618530273,3.299999952316284,6061980,0.0,0.0
2026-06-19 00:00:00+03:00,3.2699999809265137,3.299999952316284,3.240000009536743,3.2699999809265137,5592886,0.0,0.0
2026-06-22 00:00:00+03:00,3.2799999713897705,3.319999933242798,3.25,3.2699999809265137,4433073,0.0,0.0
2026-06-23 00:00:00+03:00,3.2699999809265137,3.2699999809265137,3.2200000286102295,3.2300000190734863,5539572,0.0,0.0
2026-06-24 00:00:00+03:00,3.2300000190734863,3.240000009536743,3.1600000858306885,3.1700000762939453,5813358,0.0,0.0
2026-06-25 00:00:00+03:00,3.180000066757202,3.2100000381469727,3.109999895095825,3.119999885559082,5592133,0.0,0.0
2026-06-26 00:00:00+03:00,3.119999885559082,3.1500000953674316,3.109999895095825,3.119999885559082,3842500,0.0,0.0
2026-06-29 00:00:00+03:00,3.119999885559082,3.1700000762939453,3.119999885559082,3.130000114440918,3187075,0.0,0.0
2026-06-30 00:00:00+03:00,3.130000114440918,3.1600000858306885,3.069999933242798,3.069999933242798,6701208,0.0,0.0
2026-07-01 00:00:00+03:00,3.069999933242798,3.369999885559082,3.059999942779541,3.369999885559082,25821537,0.0,0.0
2026-07-02 00:00:00+03:00,3.4800000190734863,3.5199999809265137,3.2699999809265137,3.2699999809265137,30051513,0.0,0.0
2026-07-03 00:00:00+03:00,3.299999952316284,3.3399999141693115,3.25,3.299999952316284,7365265,0.0,0.0
2026-07-06 00:00:00+03:00,3.299999952316284,3.359999895095825,3.259999990463257,3.2699999809265137,5619463,0.0,0.0
2026-07-07 00:00:00+03:00,3.2699999809265137,3.2899999618530273,3.2200000286102295,3.240000009536743,4295628,0.0,0.0
2026-07-08 00:00:00+03:00,3.2200000286102295,3.25,3.0899999141693115,3.109999895095825,6528285,0.0,0.0
2026-07-09 00:00:00+03:00,3.1600000858306885,3.1600000858306885,3.069999933242798,3.0899999141693115,4823899,0.0,0.0
2026-07-10 00:00:00+03:00,3.0899999141693115,3.240000009536743,3.0899999141693115,3.240000009536743,4585571,0.0,0.0
2026-07-13 00:00:00+03:00,3.299999952316284,3.3299999237060547,3.1500000953674316,3.1700000762939453,12283483,0.0,0.0
2026-07-14 00:00:00+03:00,3.1600000858306885,3.299999952316284,3.1500000953674316,3.2799999713897705,10829480,0.0,0.0
2026-07-16 00:00:00+03:00,3.299999952316284,3.3399999141693115,3.200000047683716,3.259999990463257,9131968,0.0,0.0
2026-07-17 00:00:00+03:00,3.25,3.2799999713897705,3.1600000858306885,3.180000066757202,3827474,0.0,0.0
2026-07-20 00:00:00+03:00,3.1500000953674316,3.299999952316284,3.1500000953674316,3.190000057220459,5170034,0.0,0.0
2026-07-21 00:00:00+03:00,3.200000047683716,3.440000057220459,3.190000057220459,3.190000057220459,9768886,0.0,0.0
2026-07-22 00:00:00+03:00,3.200000047683716,3.240000009536743,3.1600000858306885,3.1700000762939453,4871338,0.0,0.0
2026-07-23 00:00:00+03:00,3.1700000762939453,3.259999990463257,3.1700000762939453,3.2100000381469727,7686000,0.0,0.0
2026-07-24 00:00:00+03:00,3.2300000190734863,3.25,3.130000114440918,3.1500000953674316,5622912,0.0,0.0
2026-07-27 00:00:00+03:00,3.180000066757202,3.200000047683716,3.049999952316284,3.059999942779541,7371057,0.0,0.0
2026-07-28 00:00:00+03:00,3.069999933242798,3.119999885559082,3.059999942779541,3.069999933242798,5201284,0.0,0.0
2026-07-29 00:00:00+03:00,3.069999933242798,3.0899999141693115,2.990000009536743,2.990000009536743,5265327,0.0,0.0
2026-07-30 00:00:00+03:00,2.990000009536743,3.0,2.880000114440918,2.9000000953674316,4545529,0.0,0.0
2026-08-03 00:00:00+03:00,2.890000104904175,2.930000066757202,2.759999990463257,2.7699999809265137,10297475,0.0,0.0
2026-08-04 00:00:00+03:00,2.759999990463257,2.819999933242798,2.759999990463257,2.819999933242798,4521387,0.0,0.0
2026-08-05 00:00:00+03:00,2.819999933242798,2.819999933242798,2.7699999809265137,2.7799999713897705,5681299,0.0,0.0
2026-08-06 00:00:00+03:00,2.7699999809265137,2.819999933242798,2.75,2.759999990463257,5135624,0.0,0.0
2026-08-07 00:00:00+03:00,2.75,2.799999952316284,2.75,2.7899999618530273,4242407,0.0,0.0
2026-08-10 00:00:00+03:00,2.7899999618530273,2.8299999237060547,2.7699999809265137,2.7799999713897705,5689065,0.0,0.0
2026-08-11 00:00:00+03:00,2.7799999713897705,2.809999942779541,2.740000009536743,2.7799999713897705,5877756,0.0,0.0
2026-08-12 00:00:00+03:00,2.799999952316284,2.8299999237060547,2.759999990463257,2.819999933242798,7029425,0.0,0.0
